:020000040000FA
:20000000D84B002059810000C57E00006981000069810000698100006981000069810000EE
:20002000000000000000000000000000698100006981000000000000698100006981000018
:20004000277600001F770000C97700001F770000C9770000494D0000714C0000154E0000A1
:200060006D4E000057430000A343000021440000B944000099670000FD6600009F5C000085
:20008000595300009F5C0000000000000000000000000000000000000000000000000000B9
:2000A000000000000000000000000000000000000000000000000000000000000000000040
:2000C000000000000000000000000000000000000000000000000000000000000000000020
:2000E000000000000000000000000000000000000000000000000000000000000000000000
:200100000000000000000000000000000000000000000000000000000000000000000000DF
:200120000000000000000000000000000000000000000000000000000000000000000000BF
:2001400000000000000000000000000000000000000000000000000000000000000000009F
:2001600000000000000000000000000000000000000000000000000000000000000000007F
:2001800000000000000000000000000000000000000000000000000000000000000000005F
:2001A00000000000000000000000000000000000000000000000000000000000000000003F
:2001C0000348044B834202D0034B03B118477047AC080020AC08002000000000064B07498D
:2001E000C91A891048BF0131491003D0044B0BB101481847704700BFAC080020AC0800204D
:200200000000000010B5064C237843B9FFF7D8FF044B13B10448AFF300800123237010BD5E
:20022000C808002000000000E486000008B5054B1BB105490548AFF30080BDE80840FFF7EB
:20024000CDBF00BF00000000CC080020E486000080B582B000AF0023FB710C490C4806F0B1
:200260006DFB0346FB7100220321094806F08AFB0346FB710749084806F0D6FE0346FB717B
:20028000FB7918460837BD4680BD00BF78830000E844002098840000D445002080B584B049
:2002A00000AF786039600023FB603A680021054807F056F8F860FB68DBB218461037BD465B
:2002C00080BD00BFD445002080B584B000AF786039600023FB733A687968054807F09CF874
:2002E0000346FB73FB7B18461037BD4680BD00BFD445002080B582B000AF0023FB71054802
:2003000006F0DCFF0346FB71FB7918460837BD4680BD00BFD445002080B582B000AF786020
:200320007B689B88B3F5804F65D0B3F5804F67DCB3F5005F5FD0B3F5005F61DCB3F5805F50
:2003400059D0B3F5805F5BDCB3F5006F29D0B3F5006F55DCB3F5806F27D0B3F5806F4FDC0E
:20036000B3F5007F47D0B3F5007F49DCB3F5807F41D0B3F5807F43DC202B0FDC022B3FDBF8
:20038000023B224A22FA03F303F00103002B14BF01230023DBB2002B2DD131E0802B2AD0FA
:2003A0002EE01B4B01221A702BE01A4B01221A707B68143314221946174800F051FA164B45
:2003C0001B6840F2FA7293420BD0134B1B6840F2FB72934205D0104B1B6840F2C17293420A
:2003E00002D10E4B00221A707B68143319460C4801F04EFB05E07B689A880A4B1A8000E055
:2004000000BF00BF0837BD4680BD00BF45400040F8080020F9080020E4080020683A00204C
:20042000C00B0020FA08002080B582B000AF0749074804F0DBFD78600021032000F00AF820
:200440007B68DBB218460837BD4680BD70850000F844002080B584B000AF03460A46FB71E1
:200460001346BB71FA79124913465B0013440B441B781BB21B0219B2FA790D4813465B000B
:200480001344034401331B781BB20B431BB29BB27B817B899BB2BA791946064804F0BAFDEA
:2004A000F860FB68DBB218461037BD4680BD00BF68830000F844002080B582B000AF0023D0
:2004C000FB71084B9B681B68064A126805494968104698470346FB71FB7918460837BD4610
:2004E00080BD00BFF483000090B587B000AF786039600023FB7572B600BF154B9B689B680D
:20050000134A10683A687968984738613B69002B02D0FB7D0133FB750D4B9B68DC680C4B58
:20052000186807F10F033A687968A04738613B69002B02D1FB7B002B02D0FB7D0133FB75FD
:2005400062B600BFFB7D18461C37BD4690BD00BFF483000090B589B000AFF860B9607A609D
:200560000023FB6100237B837B68DB097A6802F07F02002A01D0012200E0002213447B606D
:2005800000237B76FB68B3F5802F03D905237B767B7E3DE072B600BF0023FB6131E0FB68A8
:2005A0001D4A934224D81D4B9B685C681B4B18687B8BBA68134419468023FA68A04778614B
:2005C0007B69002B02D07B7E01337B767B7E002B08D1FB688033FB607B8B80337B830023D4
:2005E0007B760BE005237B7662B600BF7B7E0FE005237B7662B600BF7B7E09E0FB690133DD
:20060000FB61FA697B689A42C9D362B600BF7B7E18462437BD4690BD80FF0300F4830000EE
:2006200080B584B000AF786039600123FB730023BB603A687B68D31ADB0BBB60B9687868ED
:20064000FFF752FF0346002B02D10023FB7301E00223FB73FB7B18461037BD4680BDFFFFAE
:2006600080B487B000AFF860B9607A6000237B610023FB747B68DB097A6802F07F02002A3E
:2006800001D0012200E0002213447B60FB68B3F5802F03D20523FB74FB7C1DE000237B6199
:2006A00015E0FB680F4A93420AD9FA687B699B00B9680B4412681A60FB680433FB6003E0B4
:2006C0000523FB74FB7C07E07B6901337B617A697B689A42E5D3FB7C18461C37BD465DF857
:2006E000047B70477FFF030080B582B000AF0023BB7100F05DF80346BB710623FB71274820
:2007000001F07EF9264801F053FA012000F0C4F900F01EFB03461A46224B1A7000F002FB61
:20072000BB79002B24D101F06FFF0346FB7100F00FFB03461A461B4B1A701A4B1B78032B98
:2007400005D1194BDB7CAA2B01D10623FB71FB79052B02D102F054F81CE0FB79042B04D1A3
:2007600002F0A8F802F0B4F814E002F0B1F811E00E4B1B78DBB2012BFAD100F0D3FA0B4B46
:2007800000221A700423FF220B2140F2FC7001F0FFFEEDE70837BD4680BD00BFC00B0020B0
:2007A000DC3200207D0B0020543C0020800B002080B582B000AF0023FB71FFF735FE0346F1
:2007C000FB71FFF779FE0346FB71FFF741FD03461A46FB791344FB7100F04AF903461A469B
:2007E000FB791344FB7100F07DF803461A46FB791344FB71002000F0A3F903461A46FB79B4
:200800001344FB7113490020FFF75EFD11490120FFF75AFD10490220FFF756FD0F49032041
:20082000FFF752FD00F09BFD03461A46FB791344FB7100F057FA03461A46FB791344FB71EA
:2008400000F070FA02F0F4FDFB7918460837BD4680BD00BFFC0800201009002024090020A1
:2008600080B487B000AFF860B9607A6000237B610AE0BA687B691A44F9687B690B441278A8
:200880001A707B6901337B617A697B689A42F0D300BF00BF1C37BD465DF8047B704780B4E2
:2008A00087B000AFF860B9607A6000237B610EE0FA687B6913441A78B9687B690B441B7804
:2008C0009A4201D0012307E07B6901337B617A697B689A42ECD3002318461C37BD465DF8DF
:2008E000047B704780B582B000AF0023FB710549054803F01FF80346FB71FB7918460837B2
:20090000BD4680BD208400007445002080B584B000AF786039600023BB73114B00221A7038
:200920000A23FB7307233A6879680E4803F052F80346BB7307E04FF47A71012007F0F2F94D
:20094000FB7B013BFB73064B1B78DBB2002B02D1FB7B002BEFD1BB7B18461037BD4680BD8C
:200960007E0B00207445002080B584B000AF786039600023BB73114B00221A703223FB7350
:2009800007233A6879680E4803F010F80346BB7307E04FF47A71012007F0C4F9FB7B013B46
:2009A000FB73064B1B78DBB2002B02D1FB7B002BEFD1BB7B18461037BD4680BD7E0B002035
:2009C0007445002080B588B002AFF860B9607A600023BB753223FB75072300937B68BA68FB
:2009E000F9680D4803F00AF80346BB7507E04FF47A71012007F096F9FB7D013BFB75074BA1
:200A00001B78DBB2002B02D1FB7D002BEFD1BB7D18461837BD4680BD744500207E0B0020AE
:200A200080B582B000AF0023FB71054802F0FAFF0346FB71FB7918460837BD4680BD00BF14
:200A40007445002080B485B000AF78600023FB737B681B79012B02D1044B01221A7000BF0B
:200A60001437BD465DF8047B704700BF7E0B002080B582B000AF0023FB710549054804F001
:200A8000B3FD0346FB71FB7918460837BD4680BDC08300000045002080B584B000AF034697
:200AA000FB710023FB73FB79012B05D1074804F0CFFD0346FB7304E0044804F0B7FD0346DC
:200AC000FB73FB7B18461037BD4680BD0045002080B483B000AF78600D4B01221A700D4B9D
:200AE0001B78DBB20133DAB20A4B1A70094B1B78DBB2092B05D9074B00221A70064B01223F
:200B00001A7000BF0C37BD465DF8047B704700BF7F0B0020810B0020800B002080B582B094
:200B200000AF0023FB71054804F0A4FD0346FB71FB7918460837BD4680BD00BF004500206B
:200B400080B584B000AF0346FB710023FB73FB79002B02D0012B0ED014E00D490D4803F02A
:200B6000FDFD0346FB730C4B1B881A460B49002000F068F806E00649064803F0EFFD0346FB
:200B8000FB7300BFFB7B18461037BD4680BD00BF58840000A4450020480700203C39002025
:200BA00080B586B000AF0346B9607A60FB730023FB750023BB82FB7B002B02D0012B19D0F6
:200BC00034E000237B8210E07B8ABA681344012219461A4803F0B3FE0346FB7501210520EB
:200BE00007F0A0F87B8A01337B827B8A7A689A42EAD81BE07A68B968104803F0A0FE03467B
:200C0000FB7507E0BB8A0533BB824FF47A71052007F088F80A4B1B78DBB283F00103DBB280
:200C2000002B02D0BB8A182BECD900BF044B00221A70FB7D18461837BD4680BDA445002042
:200C4000820B002080B586B000AF0346B9607A60FB730023FB75FB7B002B02D0012B08D019
:200C60000FE07A68B9680B4803F052FE0346FB7507E07A68B968074803F04AFE0346FB7506
:200C800000BF054B00221A70FB7D18461837BD4680BD00BFA4450020830B002080B582B057
:200CA00000AF78607B681B79042B10D0042B10DC012B02D0022B06D00BE0084B01221A7020
:200CC00001F07AF806E0064B01221A7002E000BF00E000BF00BF0837BD4680BD830B0020A1
:200CE000820B002080B582B000AF0023FB710A4A136923F0020313610849094802F08AFC2C
:200D00000346002B02D0FB790133FB71FB7918460837BD4680BD00BF00B0014000840000F4
:200D20006445002080B582B000AF0023FB71074802F0BEFC0346002B02D0FB790133FB71F0
:200D4000FB7918460837BD4680BD00BF6445002080B582B000AF0423FB71204B93F81034D7
:200D6000C3F30003DBB2002B06D01C4B002283F810240123FB712BE0184BB3F8C030C3F3A5
:200D80004003DBB2002B12D0144B0022A3F8C0200023BB71BB1D1946114802F09DFCBB79DC
:200DA00019460F4802F0A4FC0323FB7110E00B4BB3F8C030C3F38003DBB2002B06D0074B5F
:200DC0000022A3F8C0200223FB7101E00423FB71FB7918460837BD4680BD00BF00E0014040
:200DE0006445002080B588B000AF786039600023FB770023BB6107F10C0300221A605A606C
:200E00001A819F233B7200237B720023BB720023FB7200210020FFF71DFB07F10C0107F18C
:200E2000080304221846FFF7CDFD0346FB7701210020FFF70FFB7B7B1A04BB7B1B021343A9
:200E4000FA7B13431A46424B1A60414B1B689BB244F21A0293421FD844F21102934269D38C
:200E6000A3F58043113B092B64D801A252F823F0270F0000190F00000B0F0000FD0E0000D8
:200E8000EF0E0000E10E0000D30E0000C30E0000B30E0000A30E000047F21802934210D03A
:200EA00048E07B680A221A703B684FF480621A6049E07B6809221A703B684FF400721A609C
:200EC00041E07B6808221A703B684FF480721A6039E07B6807221A703B6880221A6032E088
:200EE0007B6806221A703B6840221A602BE07B6805221A703B6820221A6024E07B680422D3
:200F00001A703B6810221A601DE07B6803221A703B6808221A6016E07B6802221A703B68F8
:200F200004221A600FE07B6801221A703B6802221A6008E07B6800221A703B6800221A609B
:200F40000123FB7700BFFB7F18462037BD4680BD840B002080B588B000AF78600023FB7795
:200F600007F1180300221A601A714B233B7600210020FFF76FFA07F1080107F118030D2235
:200F80001846FFF71FFD01210020FFF763FA07F108030533082219467868FFF761FCFB7FDB
:200FA00018462037BD4680BD80B584B000AF03463960FB710023FB7300210020FFF74AFACA
:200FC000FB79012B0AD10523FB7207F10C0107F10B0302221846FFF7F5FC1AE0FB79022BF2
:200FE0000AD13523FB7207F10C0107F10B0302221846FFF7E7FC0CE0FB79032B09D115234B
:20100000FB7207F10C0107F10B0302221846FFF7D9FC01210020FFF71DFA7A7B3B681A709A
:20102000FB7B18461037BD4680BD80B582B000AF0023FB7106233B7100210020FFF70AFAA0
:201040003B1D01211846FFF761FC0346FB7101210020FFF7FFF9FB7918460837BD4680BD2F
:2010600080B582B000AF0023FB710423BB7100210020FFF7EFF9BB1D01211846FFF746FCC9
:201080000346FB7101210020FFF7E4F9FB7918460837BD4680BD80B584B000AF034639603B
:2010A000FB711346BB710023FB7307F1080300221A601A710123BB73BB79002B09D03B6857
:2010C0001A0EBB7B591CB973D2B210333B4403F8082C3B681A0CBB7B591CB973D2B2103335
:2010E0003B4403F8082C3B681A0ABB7B591CB973D2B210333B4403F8082CBB7B5A1CBA7356
:201100003A68D2B210333B4403F8082C00210020FFF7A0F9FB79032B1DD0032B27DC012BFC
:2011200002D0022B0BD022E0C7233B7207F1080301211846FFF7EAFB0346FB731BE0D82331
:201140003B72BA7B07F1080311461846FFF7DEFB0346FB730FE020233B72BA7B07F1080358
:2011600011461846FFF7D2FB0346FB7303E0FB7B0133FB7300BF01210020FFF76BF9FB7B74
:2011800018461037BD4680BD80B586B000AF78600023FB750123BB750523FB727B684FF4D6
:2011A0007A7202FB03F33B6100210020FFF752F907F10C0107F10B0302221846FFF702FCB1
:2011C0000346FB7501210020FFF744F94FF47A71282006F0A7FD00237B607B7B03F00103E6
:2011E000002B02D07B68002BDED000210020FFF731F907F10C0107F10B0302221846FFF752
:20120000E1FB0346FB7501210020FFF723F97B7B03F00103002B03D0FB7D0133FB7501E0FD
:201220000023FB75FB7D18461837BD4680BD80B584B000AF786039600023FB73002100205B
:20124000FFF708F939687868FFF760FB0346FB7301210020FFF7FEF8FB7B18461037BD46C2
:2012600080BD80B586B000AFF860B9607A603B600023BB750023FB7500210020FFF7EAF832
:20128000B968F868FFF742FB0346BB750121386806F048FDBB7D002B05D139687868FFF774
:2012A00063FB0346FB7501210020FFF7D3F8FB7D18461837BD4680BD80B584B000AF7860BF
:2012C00039600023FB733868FFF75EFFFFF7ADFE39687868FFF7ABFF0346FB733868FFF7E2
:2012E00053FFFFF7BDFEFB7B18461037BD4680BD80B584B000AF396011461A460346FB7173
:201300000B46BB711346BB800023FB73FFF78DFE03461A46FB7B1344FB73BB881846FFF72F
:2013200033FF03461A46FB7B1344FB73BA79FB7939681846FFF7AFFE03461A46FB7B1344D8
:20134000FB73BB881846FFF71FFF03461A46FB7B1344FB73FB7B18461037BD4680BD80B5F6
:2013600082B000AF0023FB7100F010F800F022F80346FB71FB79002B03D000F01BF8034688
:20138000FB71FB7918460837BD4680BD80B500AF00210020FFF75EF801210020FFF75AF895
:2013A00001210220FFF756F801210120FFF752F800BF80BD80B582B000AF0023FB71474BEF
:2013C000012283F82F2000233B603A46BB1D11461846FFF707FD0346002B07D03F4B002264
:2013E00083F82F20FB790133DBB273E03B4BD3F81B30B3F5807F04D9384B012283F82E200C
:2014000003E0364B002283F82E20344B00225A72002242F001029A72304B0022DA730022A1
:2014200042F010021A7400225A7400229A742B4BD3F813301B01294AC2F81330274BD3F86D
:201440001330264AD2F80F2002FB03F3234AB2F8092092B2B3FBF2F3204AC2F80B301F4B0D
:20146000D3F80F301B011D4AC2F81F301B4BD3F813301A4AD2F80F2002FB03F39B0A174A0C
:20148000C2F827301648FFF765FD03461A46FB791344FB7113490120FFF786FD03461A4606
:2014A000FB791344FB7110490220FFF77DFD03461A46FB791344FB710C490320FFF774FD4B
:2014C00003461A46FB791344FB71044B002283F82F20FB7918460837BD4680BD880B0020ED
:2014E000890B0020B30B0020B40B0020B50B002080B584B000AF03463960FB711346BB80A1
:201500000023FB7300BF0F4B93F82F30002BFAD10C4B012283F82F200A4B93F82E20BB888C
:20152000F8793968FFF7E4FE03461A46FB7B1344FB73044B002283F82F20FB7B1846103787
:20154000BD4680BD880B002080B5CAB000AF07F59473A3F58E73186007F59473A3F5907388
:20156000196007F59473A3F592731A600023A7F82631032387F823314E4B93F82E30002B19
:201580001ED0B7F826315A1CA7F826211A46022107F59473A3F58A73995407F59473A3F558
:2015A00090731B68190EB7F826315A1CA7F826211A46C9B207F59473A3F58A7399540BE0D1
:2015C000B7F826315A1CA7F826211A46022107F59473A3F58A73995407F59473A3F5907303
:2015E0001B68190CB7F826315A1CA7F826211A46C9B207F59473A3F58A73995407F594737E
:20160000A3F590731B68190AB7F826315A1CA7F826211A46C9B207F59473A3F58A739954C7
:20162000B7F826315A1CA7F826211A4607F59473A3F590731B68D9B207F59473A3F58A73A4
:2016400099540023A7F8243118E0B7F8243107F59472A2F58E7212681A44B7F82631591C9E
:20166000A7F826111946127807F59473A3F58A735A54B7F824310133A7F82431B7F8243135
:2016800007F59472A2F5927212689A42DDD8B7F8262107F1140311461846FFF70DFE03469E
:2016A00087F8233197F82331184607F59477BD4680BD00BF880B002080B5D0B000AF07F5FD
:2016C000A073A3F59A73186007F5A073A3F59C73196007F5A073A3F59E731A600023A7F8B7
:2016E0003E31032387F83D31454B93F82E30002B1ED0B7F83E315A1CA7F83E211A460B21B8
:2017000007F5A073A3F59873995407F5A073A3F59C731B68190EB7F83E315A1CA7F83E2138
:201720001A46C9B207F5A073A3F5987399540BE0B7F83E315A1CA7F83E211A460B2107F52A
:20174000A073A3F59873995407F5A073A3F59C731B68190CB7F83E315A1CA7F83E211A4696
:20176000C9B207F5A073A3F59873995407F5A073A3F59C731B68190AB7F83E315A1CA7F8C0
:201780003E211A46C9B207F5A073A3F598739954B7F83E315A1CA7F83E211A4607F5A0736F
:2017A000A3F59C731B68D9B207F5A073A3F598739954B7F83E315A1CA7F83E211A4607F5E7
:2017C000A073A3F5987300219954B7F83E1107F5A073A3F59E7307F5A072A2F59A7207F1E6
:2017E00010001B681268FFF73CFD034687F83D3197F83D31184607F5A077BD4680BD00BF0A
:20180000880B002080B584B000AF78600023FB734FF47A7279680320FFF76AFE0346002B8F
:2018200008D0FB7B0133FB73054B1B8801339AB2034B1A80FB7B18461037BD4680BD00BF43
:20184000B80B002080B586B000AFF860B9607A6000237B740023FB8200237B7500237B825B
:201860007B68C3F1FF1303F57F43FA689A4204D97B7C01337B747B7C2CE07B681B0AFB8248
:201880007B68DBB2002B02D0FB8A0133FB8200237B7519E07B8ABA68D0187A8AFB681344CC
:2018A0004FF480721946FFF74FFE0346002B04D07B7C01337B747B7C0CE07B8A03F580731C
:2018C0007B827B7D01337B757B7D9BB2FA8A9A42E0D87B7C18461837BD4680BD80B586B043
:2018E00000AFF860B9607A600023BB7400233B820023FB820023BB820023FB747B68C3F193
:20190000FF1303F57F43FA689A4204D9BB7C0133BB74BB7C3FE07B681B0A3B827B68DBB2BB
:20192000002B01D07B68FB740023FB8219E0BB8ABA68D018BA8AFB6813444FF480721946DF
:20194000FFF7BAFE0346002B04D0BB7C0133BB74BB7C20E0BB8A03F58073BB82FB8A01339A
:20196000FB82FA8A3B8A9A42E1D3FB7C002B11D0BB8ABA68D018BA8AFB681344FA7C19466C
:20198000FFF79AFE0346002B04D0BB7C0133BB74BB7C00E0BB7C18461837BD4680BDFFFF9E
:2019A00080B584B000AF786039600023FB730023BB7317E07868FFF725FF0346002B04D182
:2019C0007B6803F580537B600AE00123BB73FB7B0133FB73094B5B8801339AB2074B5A8047
:2019E000FFF7A0F97A683B689A4202D2BB7B002BE0D0FB7B18461037BD4680BDB80B0020D4
:201A000080B483B000AF78607B6803F500531A460023C2F810377B6803F500531A46002375
:201A2000C2F814377B6803F500531A460023C2F8183700BF0C37BD465DF8047B704780B423
:201A400083B000AF78607B6803F50053D3F81837002B0CBF01230023DBB218460C37BD4616
:201A60005DF8047B704780B483B000AF78607B6803F50053D3F81837B3F5FA7F0CBF012395
:201A80000023DBB218460C37BD465DF8047B7047B0B582B000AF786039607868FFF7E3FFF8
:201AA0000346002B01D0002333E07B6803F50053D3F81027796813469B0013449B00CA18D2
:201AC0003B6814461D460FCD0FC42B6823607B6803F50053D3F810375A1C104B83FB02133D
:201AE0005911D317CB1A4FF4FA7101FB03F3D31A7A6802F50052C2F810377B6803F50053C6
:201B0000D3F8183701337A6802F50052C2F81837012318460837BD46B0BD00BFD34D6210C1
:201B2000B0B582B000AF786039607868FFF787FF0346002B01D0002333E07B6803F50053E9
:201B4000D3F814273868796813469B0013449B000B4404461D460FCD0FC42B6823607B6874
:201B600003F50053D3F814375A1C104B83FB02135911D317CB1A4FF4FA7101FB03F3D31ADA
:201B80007A6802F50052C2F814377B6803F50053D3F81837013B7A6802F50052C2F818375D
:201BA000012318460837BD46B0BD00BFD34D621080B483B000AF78607B680022C3F8902342
:201BC0007B680022C3F894237B680022C3F8982300BF0C37BD465DF8047B704780B483B01C
:201BE00000AF78607B68D3F89833002B0CBF01230023DBB218460C37BD465DF8047B7047EC
:201C000080B483B000AF78607B68D3F89833032B0CBF01230023DBB218460C37BD465DF897
:201C2000047B704780B582B000AF786039607868FFF7E6FF0346002B01D0002328E07B68D9
:201C4000D3F890337A684FF4987101FB03F31A443B68104619464FF498731A4606F022FB5F
:201C60007B68D3F89033591C0B4B83FB0132CB17D21A13465B001344CA1A7B68C3F8902369
:201C80007B68D3F898335A1C7B68C3F89823012318460837BD4680BD5655555580B582B03F
:201CA00000AF786039607868FFF798FF0346002B01D0002327E07B68D3F8943338687A6831
:201CC0004FF4987101FB03F3134419464FF498731A4606F0E7FA7B68D3F89433591C0C4B4A
:201CE00083FB0132CB17D21A13465B001344CA1A7B68C3F894237B68D3F898335A1E7B684D
:201D0000C3F89823012318460837BD4680BD00BF5655555580B582B000AF78607B681B68E4
:201D200040F2C172934206D0B3F5F86F0DD9A3F2FA73012B09D8094B00221A70084B00221A
:201D40001A60786800F022FE03E0064B01221A7000BF00BF0837BD4680BD00BF503C0020D0
:201D6000844400208C36002080B500AF10491148FFF7D6FE0346002B18D00D48FFF7CAFFC9
:201D80000C4B03F50053D3F81837002B0ED1094B03F50053D3F81027064B03F50053D3F875
:201DA00014379A4202D00348FFF72AFE00BF80BD78360020C00B002080B500AF564B1B78F4
:201DC000042B00F2988001A252F823F0E11D0000F31D0000291E0000391E0000911E00006F
:201DE0004E4B1B78652B40F08D804B4B01221A7088E04A4B1B78022B03D1494B02221A70D4
:201E00000EE0464B1B78032B03D1454B03221A7006E0424B1B78042B02D1414B04221A702B
:201E20003D4B02221A706EE03C4B1A783D4B1A70394B03221A7066E0384B1A783A4B1A7056
:201E4000384B1B781AB2384B1B781BB21B021BB213431BB29AB2354B1A80344B1A88304BAE
:201E6000A3F82E21314B1B8803339AB22F4B1A802E4B1B88B3F5967F06D92C4B01221A80D7
:201E8000254B00221A703EE0234B04221A703AE0264B1B88013B214AD35C822B24D1234BD6
:201EA0001B88033B9AB2214B1A80204B1B88B3F5FA7F12D81A4BB3F82E311A4617491C4843
:201EC000FEF7CEFC144B00221A70184B01221A8013491848FFF7A6FE15E00F4B00221A70C7
:201EE000124B01221A800EE00B4B00221A700F4B01221A8007E0084B00221A700B4B012262
:201F00001A8000E000BF094B1B881A4603490020FEF798FE00BF80BDD83600203C3900207B
:201F2000DC360020693A00206A3A002048070020DD360020DC32002080B58AB000AF786022
:201F40000023FB8400237B847B68B3F82E31053B3B84002387F825307B681B78042B73D0F2
:201F6000042B00F33181022B02D0032B11D02BE19A4B01221A709A4B00221A70994B00224A
:201F80001A707B680133482219469748FEF768FC1FE1964B00221A70954B00221A60954BB6
:201FA00001221A707B68B3F82E310D2B00F20E8100233B747B685B781A467B689B781B02D3
:201FC0001A437B68DB781B041A437B681B791B061343FB607B685B79BB7400237B747B68CE
:201FE000991DBB7C1A4607F10C030C331846FEF737FCFB6840F2FA7293420CD0FB6840F281
:20200000FB72934207D0FB6840F2C172934213D13B7E042B10D107F10C03184600F0B6FC56
:20202000FB6840F2C17293420DD107F10C0319460420FEF733F906E007F10C03194604200A
:20204000FEF72CF9C2E0C1E0684B00221A70684B00221A60674B01221A707B685B781A4600
:202060007B689B781B021A437B68DB781B041A437B681B791B061343FB607B685B79BB740F
:202080005D4B05221A803B8CDB08FB843B8C03F007037B84594B1A883B8C13449AB2574B99
:2020A0001A8042E0002387F8253014E0524B1B885A1C91B2504A1180194697F825307A6830
:2020C0000A44527828333B4403F8102C97F82530013387F8253097F82530072BE6D9FB8C8F
:2020E000013BFB84FB6840F2FA7293420CD0FB6840F2FB72934207D0FB6840F2C172934228
:2021000008D13B7E042B05D107F10C03184600F03DFC05E007F10C0319460420FEF7BEF880
:202120004FF47A71052005F0FDFDFB8C002BB9D17B8C002B4CD07B8CDBB2BB74002387F86E
:20214000253014E02C4B1B885A1C91B22A4A1180194697F825307A680A44527828333B4447
:2021600003F8102C97F82530013387F8253097F825309BB27A8C9A42E4D800237B84FB68E8
:2021800040F2FA7293420CD0FB6840F2FB72934207D0FB6840F2C172934209D13B7E042BE3
:2021A00006D107F10C0319461548FFF771FC05E007F10C0319460420FEF770F84FF47A7128
:2021C000052005F0AFFD03E000BF02E000BF00E000BF00BF2837BD4680BD00BF6B3A002075
:2021E0006D3A00206C3A002090360020503C002084440020683A0020703A00206E3A002084
:20220000C00B002080B500AF0D490E48FFF746FD0346002B12D00A48FFF78EFE094BD3F8C1
:202220009833002B0AD1074BD3F89023054BD3F894339A4202D00348FFF7BAFC00BF80BD7A
:202240000C380020DC32002080B584B000AF7860654B00221A807B689B7906339AB2634B66
:202260001A80614B1B885A1C91B25F4A11801A465F4B652199545C4B1B885A1C91B25A4A5E
:2022800011801A465A4B02219954584B1988564B1B885A1C90B2544A10801A46C9B2544BB0
:2022A0009954524B1B881B0A99B24F4B1B885A1C90B24D4A10801A46C9B24D4B99547B6822
:2022C0001968494B1B885A1C90B2474A10801A46C9B2474B99547B681B68190A424B1B885A
:2022E0005A1C90B2404A10801A46C9B2404B99547B681B68190C3C4B1B885A1C90B23A4AC8
:2023000010801A46C9B23A4B99547B681B68190E354B1B885A1C90B2334A10801A46C9B290
:20232000334B9954304B1B885A1C91B22E4A11801A467B6899792E4B99540023FB730FE017
:20234000FA7B294B1B88591C88B22749088019467B6813441A7B264B5A54FB7B0133FB73E5
:202360007B689B79FA7B9A42EAD30023BB730CE01D4B1B885A1C91B21B4A11801A461C4B9A
:2023800000219954BB7B0133BB73BB7B002BEFD0154B1B885A1C91B2134A11801A46144B0E
:2023A00000219954104B1B885A1C91B20E4A11801A460F4B002199540B4B1B885A1C91B2F5
:2023C000094A11801A460A4B82219954064B1B881A4607490020FEF7E3FB034B00221A8033
:2023E00000BF1037BD4680BD363C0020383C0020743A002080B483B000AF0346FB7197F948
:202400000730002B12DBFB7903F01F020A4997F907305B09012000FA02F2203341F8232089
:20242000BFF34F8F00BFBFF36F8F00BF00BF0C37BD465DF8047B704700E100E080B483B026
:2024400000AF0346FB7197F90730002B0CDBFB7903F01F02074997F907305B09012000FA21
:2024600002F2603341F8232000BF0C37BD465DF8047B704700E100E080B400AFBFF34F8F95
:2024800000BF064BDB6803F4E0620449044B1343CB60BFF34F8F00BF00BFFDE700ED00E0D4
:2024A0000400FA0580B485B000AF786039600023FB600023FB72FB68DB43FB601FE07B68C4
:2024C0005A1C7A601B781A46FB685340FB600823FB7209E0FB685A08FB6803F0010359422D
:2024E0000C4B0B405340FB60FB7A013BDBB2FB7297F90B30002BEDDA3B68013B3B603B68C7
:20250000002BDCD1FB68DB4318461437BD465DF8047B70472083B8ED80B485B000AF7860F3
:2025200039600023FB600023FB72FB68DB43FB6021E07B681B78DBB21A46FB685340FB6063
:202540007B6801337B600823FB7209E0FB685A08FB6803F0010359420C4B0B405340FB60BE
:20256000FB7A013BDBB2FB7297F90B30002BEDDA3B68013B3B603B68002BDAD1FB68DB437F
:2025800018461437BD465DF8047B70472083B8ED80B582B000AF7860084611461A46034680
:2025A000FB700B46BB7013467B70144AFB781373124ABB785373124B1A78104B9A730F4A94
:2025C0007B6813600D4B03229A710E4B1B78DBB2012B03D10948FFF737FE0AE0FB78082B98
:2025E00002D10648FFF730FE7B7804491846FDF755FE00BF0837BD4680BD00BF3C3C00201C
:202600007C0B0020683A002080B582B000AF00237B600623FB70142213490020FFF75EF9AA
:202620000346002B1AD1104B9B7CAA2B14D10423AA22042140F2FC70FFF7AAFF00237B60BC
:2026400002E07B6801337B607B6842F20F729342F7D90523FB7001E00423FB70FB78184692
:202660000837BD4680BD00BF543C002080B584B000AF0623FB7300233B600023BB6000239E
:202680007B605C4B9B7CAA2B67D14FF480510020FFF786F90346002B57D1574B1A78554B7B
:2026A0001A70554B5A78534B5A70524BFF229A74504BAA22DA74504BD3F806304D4AC2F848
:2026C00006304D4BD3F802304A4AC2F802304A4BD3F80E30474AC2F80E30474BD3F80A30F1
:2026E000444AC2F80A30142242490020FFF7AAF80346002B21D114223F490020FFF7EEF8BF
:202700000346002B11D114223B493A48FEF7C7F80346002B01D1FFF7AFFE0423FF22082119
:2027200040F2FC70FFF734FF5FE00423FF22082140F2FC70FFF72CFF57E00423FF220821BB
:2027400040F2FC70FFF724FF4FE00423FF22082140F2FC70FFF71CFF47E0264BDB7CAA2BAF
:2027600034D1142224490020FFF7B8F80346002B18D1214B1B78002B08D11F4BD3F8023024
:20278000BB601D4BD3F806307B600BE01A4B5B78002B07D1184BD3F80A30BB60164BD3F805
:2027A0000E307B60B9684FF48030FFF7B5FE38603A687B689A4206D1FEF7B4FA00F0FEFEE4
:2027C00000F078FE11E00223FB730EE04FF480331A680A4B1340B3F1005F04D100F06AFED1
:2027E0000323FB7301E00223FB73FB7B18461037BD4680BD543C0020A04400200000FE2F95
:2028000080B500AFFEF78EFAFFF7AEFAFFF7FAFC224B1B680A2B15D9214B00221A701F4B38
:2028200000221A601F4B00221A601F4B00221A600423FF220A2140F2FC70FFF7A9FE1B4BDC
:2028400001221A70194B1B78012B15D1184B1B78DBB2012BD6D1164B00221A700F4B0022E3
:202860001A600F4B01221A700423FF22092140F2FC70FFF78DFEC5E7094B1B78012BC1D1F5
:202880000B4B1B78DBB2012BBCD1044B1B680133024A1360064B00221A70B3E784440020C5
:2028A00080440020683C00206C3C0020503C0020800B002080B582B000AF0623FB71FFF7B0
:2028C000D5FE0323FB71FB7918460837BD4680BD80B500AF274B01221A70FEF723FA254BBD
:2028E0001B78012B15D1244B1B78DBB2012B21D1214B00221A70214B00221A60204B0122D8
:202900001A700423FF22092140F2FC70FFF740FE10E01B4B1B78012B0CD1174B1B78DBB275
:20292000012B07D1154B1B680133144A1360124B00221A70FFF718FAFFF764FC0F4B1B6867
:20294000322BCAD90E4B00221A700C4B00221A600C4B00221A600C4B00221A600423FF2251
:202960000A2140F2FC70FFF713FE024B01221A70B3E700BF503C0020800B002084440020F5
:2029800080440020683C00206C3C002080B588B000AF78607B681B6840F2FB72934250D0D9
:2029A00040F2FB72934200F2948040F2FA7293420DD040F2FA72934200F28B8040F26662E3
:2029C000934242D040F2C172934257D081E07B681B7B002B02D100F051F97CE07B681B7BC8
:2029E000012B03D1786800F07DF974E07B681B7B032B02D100F044FB6DE07B681B7B042B9F
:202A000002D100F07BFC66E07B681B7B052B02D100F0F2FC5FE07B681B7B062B02D100F030
:202A200067F858E07B681B7B072B03D1786800F00FFC50E07B681B7B082B4CD1FFF716FEA2
:202A400049E0786800F05CFA48E040F22373FB600823BB7407F10C030C330822214918464A
:202A6000FDF7FEFE07F10C0319460420FDF716FC07F10C031846FFF7E7FB2FE07B681B7B11
:202A8000002B03D0184B01221A7002E0164B00221A707B681B7B042B1FD17B685B7BAA2B13
:202AA0001BD1124B40F2C2721A60104B02229A710E4B04221A730D4BAA225A730A4B0122EE
:202AC0001A700A490420FDF7E9FB0848FFF7BCFB03E000BF02E000BF00E000BF00BF203728
:202AE000BD4680BDDC440020513C0020B844002080B584B000AF4FF48053FB604FF480330E
:202B0000BB6000237B60142257490020FEF7E6FE0346002B40F08F80534B1B78002B14D1D9
:202B20004FF48053FB604FF48033BB604F4BD3F802307B604D4BD3F802304D4A13604B4B6C
:202B4000D3F806304B4A136075E0474B5B78002B71D14FF40123FB604FF48033BB60434BE4
:202B6000D3F80A307B60414BD3F80A30404A13603E4BD3F80E303F4A13605CE07B68B3F592
:202B8000806F2ED34FF480623B49F868FEF7A6FE0346002B1DD14FF480623749B868FDF788
:202BA000D9FC0346002B0CD1FB6803F58063FB60BB6803F58063BB607B68A3F580637B6004
:202BC00039E00423FF22062140F2FC70FFF7E0FC34E00423FF22062140F2FC70FFF7D8FC12
:202BE0002CE07A682449F868FEF778FE0346002B1AD17A682049B868FDF7ACFC0346002BD5
:202C00000AD1FA687B681344FB60BA687B681344BB6000237B600EE00423FF22062140F2DE
:202C2000FC70FFF7B5FC06E00423FF22062140F2FC70FFF7ADFC7B68002B9FD17B68002B63
:202C400007D10423AA22062140F2FC70FFF7A0FC06E00423FF22062140F2FC70FFF798FCD5
:202C600000BF1037BD4680BDA0440020543C0020743C0020783C00208040002080B500AFF2
:202C8000134B40F2FC721A60114B05229A71104B00221A730F4BAA221A700E4B79225A80A6
:202CA00004220C490C48FDF7DBFD0C4B1B78DBB2012B03D10648FFF7C7FA03E004490420A9
:202CC000FDF7ECFA064B00221A7000BF80BD00BFB844002088440020C5440020683A00206F
:202CE000503C002080B582B000AF78607B685A7B7C4B9A7414227C490020FEF7EFFD034668
:202D0000002B40F0E380784B1B78002B48D1774B4FF401221A60764B4FF401221A60754B58
:202D20004FF441221A607B689B7B1A467B68DB7B1B021A447B681B7C1B041A447B685B7CB5
:202D40001B0613441A46674BC3F80A20674B1B68684A126811461846FEF722FE0346002B65
:202D600016D1654B00221A60644B00221A605D4B01221A705B4B00225A705A4BAA22DA742F
:202D80000423AA22012140F2FC70FFF701FCA4E00423FF22012140F2FC70FFF7F9FB9CE09B
:202DA000514B5B78002B48D1504B4FF480521A604F4B4FF480521A604E4B4FF480221A6015
:202DC0007B689B7B1A467B68DB7B1B021A447B681B7C1B041A447B685B7C1B0613441A465D
:202DE000404BC3F80220414B1B68424A126811461846FEF7D5FD0346002B16D13E4B0022D4
:202E00001A603E4B00221A60364B00221A70354B01225A70334BAA22DA740423AA220121CC
:202E200040F2FC70FFF7B4FB57E00423FF22012140F2FC70FFF7ACFB4FE02C4B4FF48052B8
:202E40001A602B4B4FF480521A602A4B4FF480221A607B689B7B1A467B68DB7B1B021A4412
:202E60007B681B7C1B041A447B685B7C1B0613441A461C4BC3F802201C4B1B681D4A1268BA
:202E800011461846FEF78CFD0346002B16D11A4B00221A60194B00221A60124B00221A709A
:202EA000104B01225A700F4BAA22DA740423AA22012140F2FC70FFF76BFB0EE00423FF2211
:202EC000012140F2FC70FFF763FB06E00423FF22012140F2FC70FFF75BFB00BF0837BD46A3
:202EE00080BD00BF8C440020A04400204C0700205007002054070020683C00206C3C0020F1
:202F000080B582B000AF7860534B1B68534A98187B6803F10C017B689B791A46FDF7A0FC8A
:202F20007B689B791A464C4B1B6813444A4A13607B689B791A464A4B1B681344484A1360F7
:202F4000454B1B68B3F5806FC0F08280454B1B684FF4806241491846FEF774FC0346002B1C
:202F60006FD1414B1B684FF4806240491846FEF7B5FC0346002B5CD14FF4806237493B4887
:202F8000FDF78DFC0346002B4BD1394B40F2FC721A60374B05229A712F4B00221A60344B3D
:202FA00002221A734FF480613048FFF77BFA0346304A13602F4B1B681B0EDAB22C4B1A746C
:202FC0002C4B1B681B0CDAB2294BDA73294B1B681B0ADAB2264B9A73264B1B68DAB2244B6E
:202FE0005A73254B1B78DBB2012B09D1234B1B8801339AB2214B1A801D48FFF725F903E07B
:203000001B490420FDF74AF9164B1B6803F58063144A1360144B1B6803F58063124A1360D5
:2030200016E00423FF22022140F2FC70FFF7B0FA0EE00423FF22022140F2FC70FFF7A8FA62
:2030400006E00423FF22022140F2FC70FFF7A0FA00BF0837BD4680BD683C0020803C002013
:203060006C3C00204C0700205007002080400020B8440020703C0020683A0020E4440020CC
:2030800080B582B000AF674A674B1A60674B1B68002B20D1664BD3F80220664B1B689A423E
:2030A00006D0634BD3F80A20624B1B689A4207D10423AA22032140F2FC70FFF769FAADE018
:2030C0000423FF22032140F2FC70FFF761FA594B00221A60A2E0584B1B68544A12685149FB
:2030E0001846FEF7AFFB0346002B40F08F80534B1B684E4A126852491846FEF7EFFB0346CC
:20310000002B7BD1494B1B681A4646494C48FDF7C6FB0346002B40F081804A4B40F2FC720F
:203120001A60484B05229A71404B1B6819464448FFF7B8F90346444A1360434B1B681B0E2C
:20314000DAB2404B1A74404B1B681B0CDAB23D4BDA733D4B1B681B0ADAB23A4B9A733A4B61
:203160001B68DAB2374B5A73384B1B78DBB2012B03D13448FFF768F803E032490420FDF706
:203180008DF82D4B1A68294B1B6813442A4A13602A4B1A68254B1B681344284A1360002332
:2031A0007B6002E07B6801337B607B684CF24F329342F7D91E4BD3F802201E4B1B689A42FB
:2031C00006D01B4BD3F80A201A4B1B689A420AD1164B00221A600423AA22032140F2FC706D
:2031E000FFF7D6F91AE00423FF22032140F2FC70FFF7CEF90F4B00221A600FE00423FF221C
:20320000032140F2FC70FFF7C3F907E00423FF22032140F2FC70FFF7BBF9FFE700BF0837BB
:20322000BD4680BD803C0020B4440020683C00208C4400206C3C00204C07002050070020F4
:2032400080400020B8440020703C0020683A002080B584B000AF7860244B40F2FC721A606B
:20326000224B02229A717B685B7B1A467B689B7B1B021A447B68DB7B1B041A447B681B7CF5
:203280001B061344FB601A4B1B78002B04D1184AFB68C2F8063007E0154B5B78002B03D195
:2032A000134AFB68C2F80E30124B1B6819464FF48030FFF731F903460F4A13600E4B1B6813
:2032C000FA689A4207D10423AA22072140F2FC70FFF75EF906E00423FF22072140F2FC70DE
:2032E000FFF756F900BF1037BD4680BDB8440020A0440020743C00207C3C002080B588B00E
:2033000000AF394B1B78012B0CD1384BD3F80230354AC2F80230354BD3F80630324AC2F83C
:2033200006300FE0304B5B78012B0BD12F4BD3F80A302D4AC2F80A302C4BD3F80E302A4A34
:20334000C2F80E304FF480510020FEF729FB0346002B3ED13B46142223491846FDF780FAB6
:20336000142221492248FDF77BFA3B46214A13603B46142219460020FEF764FA0346002B7E
:203380001FD1142219490020FEF7A8FA0346002B0FD1142215491448FDF781FA0346002BC7
:2033A0001ED10423AA22042140F2FC70FFF7F0F816E00423FF22042140F2FC70FFF7E8F8B3
:2033C0000EE00423FF22042140F2FC70FFF7E0F806E00423FF22042140F2FC70FFF7D8F86F
:2033E00000BF2037BD4680BD8C440020A0440020543C0020B444002080B500AF4FF4A021D3
:203400004FF48030FDF70CF90346002B07D10423AA22052140F2FC70FFF7BAF806E0042308
:20342000FF22052140F2FC70FFF7B2F800BF80BD80B500AF0E221D494FF44820FDF710F9E9
:203440000346002B30D1194B1B78012B20D1174B5A79174B1A70154B9A79154B5A70134BC7
:20346000DA79134B9A70114B1A7A114BDA700F4B5A7A0F4B1A710D4B9A7A0D4B5A710B4B03
:20348000DA7A0B4B9A71094B1A7B094BDA710BE0074BFF221A70064B01225A71044B022255
:2034A0009A71034B0022DA7100BF80BDCC440020DC44002080B586B000AF3A4BBB6072B6F8
:2034C00000BF394B00229A8000BF374B9B889BB2002BFAD1344B00229A8200BF324B9B8AA8
:2034E0009BB2002BFAD1314B00221A604FF0FF30FEF780FF4FF0FF30FEF7A0FF00237B618E
:2035000008E02B4A7B69C033002142F823107B6901337B617B695F2BF3D900233B6110E00C
:20352000244A3B6920334FF0FF3142F82310214A3B6960334FF0FF3142F823103B690133F4
:203540003B613B69072BEBD90023FB6007E0184AFB68134400221A70FB680133FB60FB68B3
:203560000F2BF4D900233B603B6883F31488BFF36F8F00BF00BF104B4FF480329A60BFF3A7
:203580004F8F00BF4FF480331B687B607B6883F3088800BFBB681B68984700BF1837BD46FC
:2035A00080BD00BF04000100000D004010E000E00060004000E100E000ED00E080B500AFDB
:2035C000FDF72EFAFDF7AAFAFCF794FE00BF80BD80B500AFFDF788F800BF80BD80B582B0FB
:2035E00000AF0346FB71FB79022B03D10349044801F0FCFC00BF0837BD4680BD708500003E
:20360000F844002080B500AFFFF7E2FF0023184680BDFFFF80B586B000AF786039607B6869
:203620007B613968786900F070F838613B69002B01D03B6932E03B681B791A4ADB01DBB2E1
:2036400093713B681B781A46174B9B5C03F00303FB603B685B781B01DBB2FA681343FB60F1
:203660003B689B781B0303F44053FA681343FB603B68DB781B0203F44073FA681343FB6009
:20368000084BFA6892B25A803B685B79054ADB01DBB213727B69054A1A6000231846183726
:2036A000BD4680BD003408403C8600005444570080B483B000AF7860064B00221A70054B62
:2036C000FF221A70002318460C37BD465DF8047B704700BF0034084080B483B000AF7860C4
:2036E0003960062318460C37BD465DF8047B704780B483B000AF78600B46FB7006231846A8
:203700000C37BD465DF8047B704780B483B000AF78603960002318460C37BD465DF8047BB6
:20372000704780B483B000AFEFF303837B607B683B603B88C3F308039BB2DBB2103BDBB2C5
:203740005BB218460C37BD465DF8047B7047FFFF80B483B000AF03463960FB7197F9073004
:2037600004493A6841F8232000BF0C37BD465DF8047B70474C46002080B483B000AF03463D
:20378000FB7197F90730044A52F8233018460C37BD465DF8047B70474C46002080B483B0C3
:2037A00000AF0346FB710B4997F9073003F1C00251F8223023F4803341F82230054A97F905
:2037C0000730C03352F8233000BF0C37BD465DF8047B70470060004080B584B000AF034691
:2037E000FB7197F907301846FFF7D8FFBFF35F8F00BF97F90730FB60FB6803F01F02074923
:2038000097F907305B09012000FA02F2603341F8232000BF1037BD4680BD00BF00E100E099
:2038200080B584B000AF0346B9607A60FB73BB68DAB2094997F90F301201D2B20B4483F895
:20384000002397F90F3079681846FFF781FF00BF1037BD4680BD00BF00E100E080B485B092
:2038600000AF0346FB7197F90730FB60FB6803F01F020749FB685B09012000FA02F241F8EC
:20388000232000BF1437BD465DF8047B704700BF00E100E080B582B000AF0346FB7197F972
:2038A00007301846FFF798FF97F907301846FFF7D5FF00BF0837BD4680BDFFFF80B485B052
:2038C00000AF0346FB7197F90730FB60FB6803F01F020B4997F907305B09012000FA02F25D
:2038E000203341F82320BFF34F8F00BFBFF36F8F00BF00BF1437BD465DF8047B704700BFE4
:2039000000E100E080B584B000AF0346B9607A60FB7397F90F307A68B9681846FFF780FF7F
:2039200097F90F301846FFF7B5FF00BF1037BD4680BDFFFF80B584B000AF786039600023C0
:20394000FB607B68BB60386800F0CFF8F860FB68002B01D0FB6822E0BB683A685A603B6879
:203960009A69BB685A623B68DA69BB68DA62BB6800229A62BB685B681B7803F5800303F5F3
:203980008D531B021A46BB689A60B86800F00AF9B86800F055FABB68034A1A60FB68184690
:2039A0001037BD4680BD00BF4950535280B586B002AFF860B9607A60FB70FB7800937B68C8
:2039C000BA680021F86800F0DFFA034618461037BD4680BD80B586B002AFF860B9607A60E6
:2039E000FB70FB7800937B680022B968F86800F0CBFA034618461037BD4680BD80B586B082
:203A000002AFF860B9607A603B603B7E00933B687A68B968F86800F0B7FA0346184610372E
:203A2000BD4680BD80B584B000AF78607B68FB60FB6800221A60FB685B685B69002B0AD02A
:203A4000FB685B685B699B681B6AFA6852685269126810469847FB685B681B69002B0AD0BF
:203A6000FB685B681B699B681B6AFA6852681269126810469847FB685B6893F90230002BBF
:203A800006DBFB685B6893F902301846FFF716FFFB685B6893F90130002B06DBFB685B68E3
:203AA00093F901301846FFF709FFFB685B6893F903301846FFF702FFFB685B6893F90430CD
:203AC0001846FFF7FBFEFB689A68137823F040031370FB689B68DB78FB689B680022DA7045
:203AE000002318461037BD4680BD80B586B000AF786000237B617B681B693B617B681B7854
:203B000003F5800303F58D531B020433FB603B69002B19D03B695B681B684FF000621A60E6
:203B20003B695B681B68FA689A603B699B681B683A6910683A6952681146984778617B69AA
:203B4000002B01D07B6928E07B685B69BB60BB68002B21D0BB685B681B684FF400221A6034
:203B6000BB685B681B68FA685A60BB689B681B68BA681068BA6852681146984778617B69AE
:203B8000002B09D03B69002B06D03B699B681B6A3A691268104698477B6918461837BD466A
:203BA00080BDFFFF80B491B000AF78600023FB6300233B620023BB6300237B6300233B638A
:203BC0000023FB620023BB6200237B620023FB61FB6B43F08003FB63FB6B43F02003FB6312
:203BE000FB6B43F01003FB637B685B685B7A002B01D1082300E00023FA6B1343FB637B6819
:203C00005B685B7A002B01D1102300E000237A6B13437B637B685B689B7A1A467B6A13436A
:203C20007B627B685B68DB7A5B007A6A13437B627B685B685B7B1B037A6A13437B627B68A6
:203C40005B681B69002B03D0FB6B43F02003FB637B685B681B6ABB61BB691B78002B14D1F7
:203C60007B685B681B78002B0AD17B685B685B7A002B01D1802300E000237A6A13437B62D0
:203C8000FB6B23F00103FB6303E0FB6B43F00103FB63BB695B78DB01DB431A46FB6B134061
:203CA000FB63BB695B785A00BB695B785B0113431A46FB6B1343FB633B6A23F00F033B62CB
:203CC000BB699B781A46BB69DB7802FA03F33A6A13433B627B6A23F070037B62BB69DB788E
:203CE0001B017A6A13437B62BB691B79002B0BD0BB6B43F02003BB63BB691B79022B03D180
:203D0000BB6B43F01003BB63BB695B79002B0BD07B6B43F001037B63BB695B79012B03D128
:203D20007B6B43F002037B63BB699B791A46FB691343FB61BB691B7AC3F30103DBB29B003E
:203D40007A6A13437B627B685B685B7A002B0CD17B6A43F460437B62BB695B7A3B63BB6972
:203D60009B7AFB62BB69DB7ABB6200237B61EFF310833B613B697B610123FB60FB6883F353
:203D8000108800BF2D4B5A687B685B681B78C3F11303012101FA03F3DB43284913404B60EF
:203DA000264B5B687B69BB60BB6883F3108800BF7B689B68DB787B689B680022DA707B6872
:203DC0009B68FA6BD2B21A707B689B683A6AD2B25A707B689B68BA6BD2B29A707B689B6816
:203DE000BA69D2799A727B689B683A6BD2B21A737B689B68FA6AD2B25A737B689B68BA6A08
:203E0000D2B29A737B689B687A6BD2B2DA737B689B687A6A92B21A827B689B68FA69D2B2FE
:203E200083F820207B689B68102283F8212000BF4437BD465DF8047B704700BF00400840E4
:203E400080B582B000AF78607B685B6893F90230002B0ADB7B685B6893F902007B685B6826
:203E60009B797A681946FFF74DFD7B685B6893F90130002B0ADB7B685B6893F901007B6824
:203E80005B685B797A681946FFF73CFD7B685B6893F904007B685B681B7A7A681946FFF773
:203EA00031FD7B685B6893F903007B685B68DB797A681946FFF7B4FC00BF0837BD4680BD80
:203EC00080B487B000AF78607B689B68DB7ADBB27B617B689B681B8A9BB2FB607B6893F8AB
:203EE00020300F2B08D97B6923F040037B617B6943F020037B610DE07B6893F82030072B4E
:203F000004D87B6943F040037B6103E07B6923F060037B617B6893F820303B613B690F2B3E
:203F200004D93B6901339B08053B3B61FB6823F47063FB603B691B02FA681343FB607B68EE
:203F40009B687A69D2B2DA727B689B68FA6892B21A8200BF1C37BD465DF8047B704780B4AF
:203F600083B000AF78607B689B681B78DAB27B689B6842F06002D2B21A7000BF0C37BD46F5
:203F80005DF8047B7047FFFF80B588B000AFF860B9607A603B60FB68FB61FB699B681B78DD
:203FA000DBB203F04003002B01D0082306E1FB69BA68DA60FB697A681A61FB6900225A616E
:203FC000FB6900229A61FB693A68DA61FB6997F8282083F82020FB695B685B69002B6DD0D6
:203FE000FB693A689A61FB6993F820300F2B0AD9FB695B685B695B681A68D378022161F372
:204000000513D37018E0FB6993F82030072B09D8FB695B685B695B681A68D37823F030033A
:20402000D37009E0FB695B685B695B681A68D378012161F30513D370FB695B685B695B685A
:204040001A689378022161F383039370FB695B685B695B681B683A6892B2DA81FB695B683A
:204060005B695B681B687A689A607B68002B0FD1FB695B685B695B681A68937823F00C030F
:204080009370FB695B685B695B681B684D4A9A60FB695B685B699B685B68FA6952685269D2
:2040A0001068FA69526852695268126811469847B861BB69002B01D0BB697FE0FB695B6863
:2040C0001B69002B73D0FB693A685A61FB6993F820300F2B0AD9FB695B681B695B681A68E1
:2040E000D378022161F30513D37018E0FB6993F82030072B09D8FB695B681B695B681A6869
:20410000D37823F03003D37009E0FB695B681B695B681A68D378012161F30513D370FB6972
:204120005B681B695B681A68D378022161F38303D370FB695B681B695B681B683A6892B291
:20414000DA81FB695B681B695B681B68BA685A60BB68002B0FD1FB695B681B695B681A6819
:20416000D37823F00C03D370FB695B681B695B681B68154A5A60FB699A68137823F020035E
:204180001370FB695B681B699B685B68FA69526812691068FA6952681269526812681146F8
:2041A000984778617B69002B01D07B6906E0F869FFF786FEF869FFF7D2FE002318462037C3
:2041C000BD4680BDFC4500200046002080B485B000AF78607B689B69FB607B68DB69FA681D
:2041E0009A4234D07B681B69002B03D17B689B685B6827E07B6893F820300F2B09D97B680C
:204200009A687B681969FB689B000B4452681A6018E07B6893F82030072B09D87B689A6808
:204220007B681969FB680B441279D2B21A7009E07B689A687B681969FB685B000B44928874
:2042400092B21A80FB685A1C7B689A6100E000BF1437BD465DF8047B704780B485B000AF39
:2042600078607B685B69FB607B68DB69FA689A4233D07B68DB68002B04D17B689B680022CE
:204280005A6025E07B6893F820300F2B09D97B68DA68FB689B001A447B689B6812685A60EA
:2042A00016E07B6893F82030072B08D87B68DA68FB681A447B689B6812781A7108E07B688C
:2042C000DA68FB685B001A447B689B6812889A80FB685A1C7B685A6100E000BF1437BD4682
:2042E0005DF8047B704790B587B000AF78600B46FB707B689B6A7B617B69002B03D107F1D5
:2043000008037B6105E07A6907F1080307CA83E807007B685B681B781A467B691A607B69CD
:20432000FA781A717B68DA6A7B699A607B685B6A786998477B689B6A002B08D07B689B6A40
:204340001C4607F1080393E8070084E8070000BF1C37BD4690BD80B582B000AFFFF7E1F9BB
:204360000346FB7197F907301846FFF717FA97F907301846FFF700FA38603868FFF726FFF4
:204380003B689A693B68DB699A4206D13B685B6893F903301846FFF761FA00BF0837BD4608
:2043A00080BD80B584B000AFFFF7BBF90346FB7397F90F301846FFF7F1F997F90F3018460D
:2043C000FFF7DAF9B860BB685B681B6A7B607B68002B1ED07B685B78012B1AD1BB685A6907
:2043E000BB68DB69013B9A4207D1BB685B6893F903301846FFF74EFA0BE0BB685B681B69D0
:20440000002B06D0BB685B6893F903301846FFF725FAB868FFF721FF00BF1037BD4680BD07
:2044200080B582B000AFFFF77CF90346FB7197F907301846FFF7B2F997F907301846FFF765
:204440009BF938603B689B68DB78C3F34003DBB2002B04D03B685B685B7A012B28D197F9C2
:2044600007301846FFF72AFA3B685B6893F90230002B06DB3B685B6893F902301846FFF7E5
:204480001DFA3B689A68137823F0400313703B685B6893F90230002B06DB3B685B6893F9DA
:2044A00002301846FFF7F6F901213868FFF71BFF00BF0837BD4680BD80B584B000AFFFF769
:2044C00030F90346FB7397F90F301846FFF754F9B860BB685B6893F90230002B06DBBB68A1
:2044E0005B6893F902301846FFF7E8F9BB689A68137823F040031370BB685B6893F90230D9
:20450000002B06DBBB685B6893F902301846FFF7C1F9BB689B68DB78FB71BB689B680022B0
:20452000DA70FB7903F00803DBB2002B03D00521B868FFF7D8FEFB7903F00103DBB2002BFF
:2045400003D00421B868FFF7CEFEFB7903F00403DBB2002B09D0FB7903F01003DBB2002B50
:2045600003D00821B868FFF7BEFE97F90F301846FFF714F900BF1037BD4680BD80B483B090
:2045800000AFEFF303837B607B683B603B88C3F308039BB2DBB2103BDBB25BB218460C37C7
:2045A000BD465DF8047B704780B483B000AF03463960FB7197F9073004493A6841F82320D7
:2045C00000BF0C37BD465DF8047B70474C46002080B483B000AF0346FB7197F90730044AB9
:2045E00052F8233018460C37BD465DF8047B70474C46002080B483B000AF0346FB710B491E
:2046000097F9073003F1C00251F8223023F4803341F82230054A97F90730C03352F8233087
:2046200000BF0C37BD465DF8047B70470060004080B584B000AF0346FB7197F90730184658
:20464000FFF7D8FFBFF35F8F00BF97F90730FB60FB6803F01F02074997F907305B090120F9
:2046600000FA02F2603341F8232000BF1037BD4680BD00BF00E100E080B584B000AF034616
:20468000B9607A60FB73BB68DAB2094997F90F301201D2B20B4483F8002397F90F307968B5
:2046A0001846FFF781FF00BF1037BD4680BD00BF00E100E080B485B000AF0346FB7197F903
:2046C0000730FB60FB6803F01F020749FB685B09012000FA02F241F8232000BF1437BD4622
:2046E0005DF8047B704700BF00E100E080B582B000AF0346FB7197F907301846FFF798FF32
:2047000097F907301846FFF7D5FF00BF0837BD4680BDFFFF80B485B000AF0346FB7197F911
:204720000730FB60FB6803F01F020B4997F907305B09012000FA02F2203341F82320BFF361
:204740004F8F00BFBFF36F8F00BF00BF1437BD465DF8047B704700BF00E100E080B58AB0C6
:2047600000AF786039607B687B623B681B7803F5800303F58C531B021A467B6A1A627B6A0E
:2047800000221A707B6A3A68DA613B685A697B6A5A623B689A697B6ADA627B6A00229A62DA
:2047A0007A6A9378012161F3010393703B685B78002B05D17A6A9378022161F301039370A9
:2047C0003968786A00F0C0F9786A00F006F900233B62EFF31083FB60FB683B6201233B618C
:2047E0003B6983F3108800BF474B5A683B681B7819464FF00043CB40DB43434913404B602A
:20480000414B5B683B6A7B617B6983F3108800BF7B6A1B6A00229A707B6A1B6A00221A716A
:204820007B6A1B6A00225A727B6A1B6A00229A727B6A1B6A0022DA727B6A1B6A00225A8347
:204840003B681B781A4640F21923D34003F00103002B03D07B6A1B6A4022DA747B6A1B6AC8
:2048600006221A773968786A00F0C1F87B6A0022DA607B6A00221A617B6A00225A617B6AE9
:2048800000229A613B68DB69FB61FB691B7803F00303BB61BB6943F01003BB617B6ADB69FD
:2048A00093F905301846FFF721FF7B6ADB6993F90B301846FFF71AFFBB6943F04003BB61B0
:2048C0007B6ADB6993F907301846FFF70FFF7B6ADB6993F909301846FFF708FFBB6943F0EA
:2048E0002003BB617B6A1B6ABA69D2B29A70FB695A897B6A1A817B6A044A5A600023184629
:204900002837BD4680BD00BF004008405549435380B487B000AFF860B9607A60FB687B61D9
:2049200000233B617B69BA685A617B697A689A613B6918461C37BD465DF8047B704780B41F
:2049400087B000AFF860B9607A60FB687B617B691B6A9B78DAB27B691B6A02F07B02D2B283
:204960009A707B699B78C3F30103DBB21A467B689A1A7B691A617B699B78C3F30103DBB25B
:204980001A46BB681A447B69DA607B691B6A9B78DAB27B691B6A62F07F02D2B29A707B6962
:2049A0009B7803F00303DBB2022B0AD1BB681B887A69126A6FEAC3536FEAD3539BB2D381A2
:2049C00004E07B691B6ABA681278DA70002318461C37BD465DF8047B704780B483B000AF1C
:2049E000786000BF0C37BD465DF8047B704780B586B000AF786039603B681B781A4640F2FC
:204A00001923D34003F00103002B04D07B681B6A4FF478429A823B689B781A013B68DB7809
:204A2000DB0013437B61F2233B613B685B78032B04D17B6943F040037B6107E03B685B78AC
:204A4000002B03D13B6923F010033B617B681B6A7A69D2B21A707B681B6A3A69D2B29A71FE
:204A60003B68DB69BB60BB681B7B082B04D17B681B6A0A225A7309E0BB681B7B5B00DAB289
:204A80007B681B6A02F00202D2B25A730023FB60BB685B78DB01DBB2FA681343FB60BB6854
:204AA0009B785B0103F02003FA681343FB607B681B6A00221A72BB681B78022B03D0BB686F
:204AC0001B78032B11D17B681B6AFF225A70BB681B78022B03D1FB6843F01003FB607B6842
:204AE0001B6AFA68D2B2DA710DE07B681B6AFA68D2B2DA717B681A6ABB685B681946104678
:204B000000F04FF800BF00BF1837BD4680BD80B582B000AF78600B46FB701346BB7097F993
:204B200002301846FFF7F6FD97F902301846FFF761FDF97897F902307A681846FFF79CFD86
:204B400000BF0837BD4680BD80B582B000AF786039603B68997A3B6893F90B301A46786830
:204B6000FFF7D5FF3B6819793B6893F905301A467868FFF7CCFF3B6899793B6893F90730B6
:204B80001A467868FFF7C3FF3B68197A3B6893F909301A467868FFF7BAFF00BF0837BD468F
:204BA00080BD80B483B000AF786039603B689A787B685A703B685B78C3F30103D9B27A6832
:204BC000137861F3010313703B68DA787B689A747B68DB79DBB223F05C03DAB23B681B7891
:204BE00003F05C03DBB21343DAB27B68DA7100BF0C37BD465DF8047B704790B58BB000AF07
:204C0000F860B9601346FB71FB689B6A7B627B6A002B03D107F114037B6205E07B6A07F187
:204C200014040FCB84E80F00FB68DB691B781A467B6A1A607B6ABA689A607B6AFA791A712A
:204C4000FB68DA6A7B6ADA60FB685B6A786A9847FB689B6A002B07D0FB689B6A1C4607F179
:204C600014030FCB84E80F0000BF2C37BD4690BD80B584B000AFFFF781FC0346FB7397F984
:204C80000F301846FFF7B6FC97F90F301846FFF79FFCB860BB68DB691B69002B30D1BB68BF
:204CA0001B69002B2CD0BB689B7803F00303DBB2022B0BD1BB68DB681B88BA68126A6FEA84
:204CC000C3536FEAD3539BB2D38105E0BB68DA68BB681B6A1278DA70BB681B69BA68927805
:204CE000C2F30102D2B29A1ABB681A61BB68DB68BA689278C2F30102D2B21A44BB68DA609D
:204D0000BB681B69002B1BD1BB681B6A9B78FB71FB7943F00403FB71FB7903F07F03FB713F
:204D2000BB681B6AFA799A70BB680022DA60BB685B6A002B04D080220021B868FFF75DFFB3
:204D400000BF1037BD4680BD80B584B000AFFFF715FC0346FB7397F90F301846FFF74AFCCE
:204D600097F90F301846FFF733FCB860BB689B7803F00303DBB2022B07D1BB681B6A1B8ABB
:204D80009BB2C3F308037B6004E0BB681B6A5B79DBB27B60BB689B69002B0AD1BB685B6A4D
:204DA000002B33D07B6804221946B868FFF725FF2CE0BB685869BB689B78C3F30103DBB2B6
:204DC0001A463B1D194603F06DFABB685B69BA689278C2F30102D2B21A44BB685A61BB68B4
:204DE0009B69BA689278C2F30102D2B29A1ABB689A61BB689B69002B08D1BB685B6A002B37
:204E000004D001220021B868FFF7F7FE00BF1037BD4680BD80B582B000AFFFF7AFFB03462A
:204E2000FB7197F907301846FFF7D2FB38603B681B6A9B78DAB23B681B6A02F07B02D2B2A4
:204E40009A703868FFF7C9FD3B685B6A002B04D0022200213868FFF7D0FE97F907301846B7
:204E6000FFF7C8FB00BF0837BD4680BD80B584B000AFFFF783FB0346BB7297F90A30184611
:204E8000FFF7A6FB78600023FB607B689B7803F00303DBB2022B07D17B681B6A1B8A9BB24A
:204EA000C3F30803FB6004E07B681B6A5B79DBB2FB607B681B6A1B79DBB203F03803FB72AA
:204EC000FB7A03F01003002B0BD07B681B6A1B7FC3F30003DBB2002B03D1FB7A43F040031F
:204EE000FB727B681B6A1B79DAB27B681B6A22F03802D2B21A717868FFF76FFD7B685B6A10
:204F0000002B05D0FB7A1A46F9687868FFF775FE97F90A301846FFF76DFB00BF1037BD4683
:204F200080BDFFFF80B485B000AF0023FB60EFF310837B607B68FB600123BB60BB6883F33A
:204F4000108800BF0D4B1B68002B05D10C4B0022DA700B4B4022DA70084B1B680133074AFE
:204F60001360FB683B603B6883F3108800BF00BF1437BD465DF8047B704700BF484600204B
:204F8000000D084080B485B000AF0023FB60EFF310837B607B68FB600123BB60BB6883F3C0
:204FA000108800BF0F4B1B68002B04D00D4B1B68013B0C4A13600B4B1B68002B05D10A4BAF
:204FC0000022DA70084B8022DA70FB683B603B6883F3108800BF00BF1437BD465DF8047BD7
:204FE000704700BF48460020000D084080B584B000AF786039607B68FB60FB68044A1A6046
:20500000386800F03EF8002318461037BD4680BD54524F5080B487B000AF78600B467B803F
:2050200013467B700023FB820023BB827B8823F0FF037B827B88DBB23B823B8A012202FAE6
:2050400003F3FB817B78002B02D1FB89BB8201E0FB89FB827B8A1B0A9BB2DBB25B0103F1F6
:20506000804303F50023BB60BB8A1A04FB8A1A43BB689A60002318461C37BD465DF8047B2A
:20508000704780B584B000AF7860786800F060F87B68BB60FFF746FF0023FB8111E0BB6855
:2050A0005A68FB89DB0013449888BB685A68FB89DB0013441B68194600F00EF8FB8901332D
:2050C000FB81BB681B88FA899A42E8D3FFF75AFF00BF1037BD4680BD80B483B000AF034680
:2050E0003960FB803B6803F48033002B1CD01749FB881B0A9BB21A46FB88DBB212011A4402
:2051000051F8223023F4803341F822300F48FB881B0A9BB21946FB88DBB23A6822F480327A
:2051200009010B4440F823200849FB881B0A9BB21A46FB88DBB2120113443A6841F823205D
:2051400000BF0C37BD465DF8047B70470008084080B588B000AF7860594B7B61594B3B61BB
:205160000023FB619FE00023BB6195E07B685A68FB69DB0013449A885349BB6931F81330F4
:205180009A4240F086807B685A68FB69DB0013441B6803F0F853FB60FB68B3F1807F03D0CD
:2051A000FB68B3F1106F39D17B6993F8BB34DAB20121BB6901FA03F3DBB21340DBB2002BA6
:2051C00013D1012002F080FF7B6993F8BB34DAB20121BB6901FA03F3DBB21343DAB27B69E5
:2051E00083F8BB24012002F01FFF3B69BA69203213F81230C3F3C013DBB2002B49D13A69C0
:20520000BB6903F1200112F8113043F0800302F811300121C82002F085FD3AE07B6993F812
:20522000BB34DAB20121BB6901FA03F3DBB21340DBB2002B15D0012002F046FF7B6993F878
:20524000BB34DAB20121BB6901FA03F3DBB2DB43DBB21340DAB27B6983F8BB24012002F034
:20526000E3FE3B69BA69203213F81230C3F3C013DBB2002B0DD03A69BB6903F1200112F8E3
:20528000113023F0800302F811300121C82002F049FDBB690133BB61BB69022B7FF666AF6B
:2052A000FB690133FB617B681B881A46FB699342FFF459AF00BF00BF2037BD4680BD00BF0C
:2052C00000E00140003008404486000080B483B000AFEFF303837B607B683B603B88C3F31B
:2052E00008039BB2DBB2103BDBB25BB218460C37BD465DF8047B704780B483B000AF034656
:20530000FB7197F90730044A52F8233018460C37BD465DF8047B70474C46002080B483B027
:2053200000AF0346FB710B4997F9073003F1C00251F8223023F4803341F82230054A97F969
:205340000730C03352F8233000BF0C37BD465DF8047B70470060004080B584B000AFFFF748
:20536000B5FF0346BB7397F90E301846FFF7C4FFB8600023FB73174ABB685B79D35CC3F337
:205380000103DBB2032B02D10123FB7304E097F90E301846FFF7C2FFBB68002B0ED0BB68D3
:2053A0009B68002B0AD0BB685B797B60BB68DB683B60BB689B683A4610469847FB7B002B96
:2053C00004D097F90E301846FFF7A8FF00BF1037BD4680BD0060004080B483B000AFEFF352
:2053E00003837B607B683B603B88C3F308039BB2DBB2103BDBB25BB218460C37BD465DF892
:20540000047B704780B483B000AF03463960FB7197F9073004493A6841F8232000BF0C37BE
:20542000BD465DF8047B70474C46002080B483B000AF0346FB7197F90730044A52F82330AF
:2054400018460C37BD465DF8047B70474C46002080B483B000AF0346FB710B4997F9073085
:2054600003F1C00251F8223023F4803341F82230054A97F90730C03352F8233000BF0C37DE
:20548000BD465DF8047B70470060004080B584B000AF0346FB7197F907301846FFF7D8FF1F
:2054A000BFF35F8F00BF97F90730FB60FB6803F01F02074997F907305B09012000FA02F26A
:2054C000603341F8232000BF1037BD4680BD00BF00E100E080B584B000AF0346B9607A60A3
:2054E000FB73BB68DAB2094997F90F301201D2B20B4483F8002397F90F3079681846FFF7E6
:2055000081FF00BF1037BD4680BD00BF00E100E080B485B000AF0346FB7197F90730FB6056
:20552000FB6803F01F020749FB685B09012000FA02F241F8232000BF1437BD465DF8047B71
:20554000704700BF00E100E080B582B000AF0346FB7197F907301846FFF798FF97F90730D0
:205560001846FFF7D5FF00BF0837BD4680BDFFFF80B485B000AF0346FB7197F90730FB60D8
:20558000FB6803F01F020B4997F907305B09012000FA02F2203341F82320BFF34F8F00BFE8
:2055A000BFF36F8F00BF00BF1437BD465DF8047B704700BF00E100E080B584B000AF034603
:2055C000B9607A60FB7397F90F307A68B9681846FFF780FF97F90F301846FFF7B5FF00BF2F
:2055E0001037BD4680BDFFFF80B584B000AF786039607B68FB603B681B7C1A46012303FAA4
:2056000002F2FB68DA603968F86800F085F83968F86800F0B3F8FB68034A1A600023184644
:205620001037BD4680BD00BF5450470080B485B000AF78607B68FB60FB689B68FA68D26809
:205640009A60002318461437BD465DF8047B704780B485B000AF78607B68FB60FB689B6862
:20566000FA68D2685A60002318461437BD465DF8047B704780B586B000AF78607B687B61C9
:2056800000233B617B695B68DB69FB607B695B6893F91230184600F0D4F9FB6893F9243032
:2056A000184600F0CEF9FB6893F92530184600F0C8F97B6900221A60786900F021F8B86000
:2056C0007B699B687A69D2689A607B699B6800225A63BB6843F425431946786900F005F817
:2056E0003B6918461837BD4680BD80B483B000AF7860396000BF0C37BD465DF8047B704702
:2057000080B483B000AF7860002318460C37BD465DF8047B7047FFFF80B485B000AF78605B
:2057200039607B683A685A607B6801221A747B68DB6803F00603002B02D07B6800221A744B
:205740003B681B7C1A460C4B13441B02FB60FA687B689A603B685A697B685A613B689A69A0
:205760007B68DA617B6800229A6100BF1437BD465DF8047B704700BF9016400080B594B055
:2057800000AF786039603B68DB693B640023FB63EFF31083BB61BB69FB6301237B617B69EB
:2057A00083F3108800BF954B1A693B681B7C19464FF00043CB40DB43904913400B618F4B03
:2057C0001B69FB6B3B613B6983F3108800BF7B689B684FF425421A607B689B680022DA6284
:2057E0007B689B680022DA637B689B6800229A643B681B7ABB63BB6BDB05FB643B685B683D
:20580000013B7B633B681B78032B03D1FB6C43F48033FB647B689B68FA6CDA62786800F02E
:20582000EFF87B689B683A6C9269DA617B689B683A6CD2691A627B689B687A6B9A667B68CE
:205840009B687A6B5A6600233B633B6C9B6BBB644FF0FF33BB600023FB603B681B78002BA8
:2058600006D13B685B685B08013BFB62FB6ABB603B681B78012B07D93B68D96807F1080247
:205880000023786800F00BF97B689B68BA685A657B689B68BA689A653B681B78032B07D9FF
:2058A0007B689B68BA68DA657B689B68BA681A66FB681B043A6B13433B63FB681B063A6BD5
:2058C00013433B633B6C9B6B002B1ED13B6C1B78002B0AD03B6C5B781946386800F054F918
:2058E000B862BA6CBB6A1343BB643B6C9B78002B0BD03B6CDB781946386800F045F978620D
:205900007B6A1B04BA6C1343BB64786800F067F900233B620023FB617B689B683A6A9A63F2
:205920007B689B68FA69C3F888203B6C9B6B002B0DD13B6C93F820305B03BA6C1343BB648A
:205940003B6C93F821305B07BA6C1343BB644FF4AA037B643B6C93F83030002B02D04FF426
:20596000A0037B647B689B687A6C1A643B681B78012B07D17B689B680022DA647B689B68F5
:2059800000221A657B689B687A68D268DA607B689B68BA6C5A637B689B683A6B42F003029F
:2059A0001A637B689B683A6B42F001021A634AF201517868FFF799FE3B6893F912003B684E
:2059C0005B7C7A68194600F054F83B6C93F924003B6C93F822307A68194600F04AF83B6C7E
:2059E00093F925003B6C93F823307A68194600F040F800BF5037BD4680BD00BF004008403B
:205A000080B483B000AF78607B689B684FF000421A617B689B684FF000425A617B689B68AE
:205A20004FF000429A617B689B6800225A627B689B6800229A6200BF0C37BD465DF8047B49
:205A4000704780B582B000AF0346FB7197F90730002B0ADB97F907301846FFF789FD97F9BC
:205A6000073000211846FFF7CDFC00BF0837BD4680BD80B584B000AF0346B9607A60FB73B1
:205A800097F90F30002B06DB97F90F307A68B9681846FFF791FD00BF1037BD4680BD80B4FD
:205AA0008BB000AFF860B9607A603B60FB689B689B6EFB61FB690133FB61BB68002B0CBF3E
:205AC00001230023FB76BA68FB699A422CBF01230023BB76FB7E002B02D1BB7E002B44D05A
:205AE0003B6803F00103002B07D1FB689B685B6BC3F30403DBB27B6206E0FB689B685B6BA4
:205B0000C3F30443DBB27B62FB685B681B78032B09D97B6A03F01003002B0CBF012300232D
:205B200087F8233008E07B6A03F00C03042B0CBF0123002387F82330FB7E002B06D097F8A8
:205B4000233083F00103DBB2002B06D1BB7E002B07D097F82330002B03D07B6802225A6010
:205B60000CE07B6803225A6008E0BB687B617B69013B7B617B687A691A6000BF00BF2C3773
:205B8000BD465DF8047B704780B485B000AF78600B46FB70FB789A01FB781B01134343F4A1
:205BA0008073BB600923FB607B681B78022B0BD07B681B78032B02D10323FB6004E0FB7883
:205BC000002B01D10623FB60BA68FB681343BB60BB6818461437BD465DF8047B704780B4C0
:205BE00085B000AF78607B685B68DB69FB60FB6893F8303003F00103DBB2002B05D0FB686F
:205C00009A6A7B689B68013ADA64FB6893F8303003F00203DBB2002B05D0FB68DA6A7B68C4
:205C20009B68013A1A6500BF1437BD465DF8047B704790B589B000AFF8600B467A60FB72F2
:205C4000FB689B69FB61FB69002B03D107F11003FB6105E0FA6907F1100307CA83E8070021
:205C6000FB69FA7A1A71FB697A689A60FB68DA69FB691A60FB685B69F8699847FB689B692F
:205C8000002B08D0FB689B691C4607F1100393E8070084E8070000BF2437BD4690BD80B599
:205CA00084B000AFFFF798FB0346FB7397F90F301846FFF7CDFB97F90F301846FFF7B6FB02
:205CC000B860BB685B681B78012B20D1B868FFF717FD7860BB689B68BA68D2689A60BB6875
:205CE0009B6800229A64BB689B680022DA64BB689B6800221A657B6843F425431946B86833
:205D0000FFF7F3FC97F90F301846FFF7BFFBBB685B69002B04D000220021B868FFF789FFFA
:205D200000BF1037BD4680BD80B483B000AFEFF303837B607B683B603B88C3F308039BB275
:205D4000DBB2103BDBB25BB218460C37BD465DF8047B704780B487B000AF0346FB710E4B7A
:205D60001B6A7B61FB797A6922FA03F303F007033B617B691B0E03F00703FB60074B1A6887
:205D8000FB689A403B6922FA03F318461C37BD465DF8047B704700BF00E00140D4470020B6
:205DA00080B400AF094B0122A3F80421074BB3F804319BB2002BF9D1044B0122A3F8002127
:205DC00000BFBD465DF8047B704700BF00C0014080B483B000AF03463960FB7197F907308B
:205DE00004493A6841F8232000BF0C37BD465DF8047B70474C46002080B483B000AF034697
:205E0000FB7197F90730044A52F8233018460C37BD465DF8047B70474C46002080B483B01C
:205E200000AF0346FB710B4997F9073003F1C00251F8223023F4803341F82230054A97F95E
:205E40000730C03352F8233000BF0C37BD465DF8047B70470060004080B584B000AF0346EA
:205E6000FB7197F907301846FFF7D8FFBFF35F8F00BF97F90730FB60FB6803F01F0207497C
:205E800097F907305B09012000FA02F2603341F8232000BF1037BD4680BD00BF00E100E0F3
:205EA00080B584B000AF0346B9607A60FB73BB68DAB2094997F90F301201D2B20B4483F8EF
:205EC000002397F90F3079681846FFF781FF00BF1037BD4680BD00BF00E100E080B485B0EC
:205EE00000AF0346FB7197F90730FB60FB6803F01F020749FB685B09012000FA02F241F846
:205F0000232000BF1437BD465DF8047B704700BF00E100E080B582B000AF0346FB7197F9CB
:205F200007301846FFF798FF97F907301846FFF7D5FF00BF0837BD4680BDFFFF80B485B0AB
:205F400000AF0346FB7197F90730FB60FB6803F01F020B4997F907305B09012000FA02F2B6
:205F6000203341F82320BFF34F8F00BFBFF36F8F00BF00BF1437BD465DF8047B704700BF3D
:205F800000E100E080B584B000AF0346B9607A60FB7397F90F307A68B9681846FFF780FFD9
:205FA00097F90F301846FFF7B5FF00BF1037BD4680BDFFFF80B584B000AF786039607B685A
:205FC000FB600023BB60FB683A685A603B681B78002B23D03B685A68FB689A633B68DA686B
:205FE000FB681A64FB680022DA63184B01221A763B6893F911003B681B7CFA681946FFF7B7
:20600000C1FF124B98221A753B6893F913003B689B7CFA681946FFF7B5FF05E00B4B002256
:206020001A760A4B00221A75F86800F073FAB860BB68002B01D0BB6803E0FB68044A1A60A5
:20604000BB6818461037BD4680BD00BF00E07F404E45504F80B586B000AFF860B9607A6043
:206060003B60FB683B6100237B613B685A083B691A633B69BA689A623B697A68DA623B6939
:20608000002283F834207B68B3F1006F04D2386902F062F9786103E0386900F084F97861B2
:2060A0007B6918461837BD4680BD80B588B000AFF860B9607A60FB687B610023FB617B6906
:2060C000002283F83420BB68B3F1006F19D20023BB61BB68B3F5803F06D2BB6823F4FF5381
:2060E00023F01F03BB6105E0BB6823F4FF4323F07F03BB617A68B969786902F031F9F861E3
:206100000EE0BB6823F03F033B617A683969786900F09EFAF861FB69002B01D0FB6900E093
:20612000FB6918462037BD4680BD80B588B000AFF860B9607A603B60FB687B610023FB6146
:20614000BB68B3F1006F1DD27B69002283F834203B6800221A70BB683B610023BB610CE00C
:206160003A69BB6913441B78FF2B03D03B6801221A700EE0BB690133BB61BA697B689A42DD
:20618000EED306E03B687A68B968786900F052F9F861FB6918462037BD4680BD80B483B07D
:2061A00000AF786039600B4BB3F884309BB203F08103002B03D13B6800221A7002E03B6873
:2061C00001221A70002318460C37BD465DF8047B704700BF00E07F4080B487B000AFF860F0
:2061E000B9601346FB80FB687B6100233B6106233B613B6918461C37BD465DF8047B70470C
:2062000080B487B000AFF860B9607A60FB687B6100233B6106233B613B6918461C37BD46FE
:206220005DF8047B704780B485B000AF78607B68FB600023BB600623BB60BB681846143757
:20624000BD465DF8047B704780B584B000AF78607B68FB60F86802F067F8034618461037E3
:20626000BD4680BD80B584B000AF78600B46FB701346BB707B68FB600023BB60BA78FB788D
:206280001946F86802F054F8B860BB6818461037BD4680BD80B485B000AF78607B68FB60B3
:2062A0000023BB600623BB60BB6818461437BD465DF8047B704780B584B000AF78607B682F
:2062C000FB60F86800F026F9034618461037BD4680BDFFFF80B483B000AF786039603B689E
:2062E000094A92E8030083E803003B68074A083392E8030083E80300002318460C37BD467F
:206300005DF8047B704700BF6C8600009C08002080B584B000AF78607B68FB600023BB6011
:20632000FB6800221A60FB685B6893F91130002B06DBFB685B6893F911301846FFF7FEFD1D
:206340000B4B00221A76FB685B6893F91330002B06DBFB685B6893F913301846FFF7EEFD00
:20636000034B00221A75BB6818461037BD4680BD00E07F4080B487B000AFF860B9607A6012
:206380003B60FB687B617B69BA689A637B697A681A647B693A68DA63002318461C37BD4642
:2063A0005DF8047B704780B586B000AF786000237B61786800F08AFA78617B69002B01D054
:2063C0007B6932E07B685B681B78002B06D07B68012283F8342000233B6102E07B68DB68F1
:2063E0003B613A690421786801F0AEFF78617B685B681B78002B01D07B6916E018224FF456
:206400008051786901F0A4FF78617B681B6B002B02D07B69002BE4D001F08EFFF8607B697A
:20642000002B01D1FB687B617B6918461837BD4680BDFFFF80B588B000AFF860B9607A60EA
:206440003B60F86800F042FAF861FB69002B01D0FB6957E02D4B002283F8D0202B4ABB6824
:206460001363BA687B681344284A013B5363284B71221A70264BD0221A70FB685B681B78B0
:20648000002B08D0FB68032283F834203B6802221A70002336E0FB685B697A689208013242
:2064A00002FB03F3BB6108E0BB69002B02D11423FB610AE0BB69013BBB61144BD3F88030F0
:2064C000C3F3C033DBB2012BEED14FF4FC720021F86901F03DFFF8610C4B93F8D430DBB26F
:2064E000012B03D13B6801221A7002E03B6800221A7001F021FF7861FB69002B01D17B69EC
:20650000FB61FB6918462037BD4680BD00E07F4000007E4080B586B000AF78607B68002272
:2065200083F83420424B012283F816241C20FFF711FC78611820FFF70DFC38617B693D4AD4
:20654000934202D84FF4FB736DE07B6903F5742303F23F23384AA2FB03239B0CFB603B69D9
:2065600003F5742303F23F23334AA2FB03239B0CBB60FB689BB2314A03F5F0539BB2A2F8E6
:20658000E430BB6843F6B85202FB03F32C4AA2FB03239A087B689A60BB6840F6D86202FB46
:2065A00003F3274AA2FB03239A087B68DA60BB685B00234AA2FB03239A087B681A61BB6821
:2065C000542202FB03F31E4AA2FB03239A087B685A61BB681B4A02FB03F3194AA2FB032346
:2065E0009A087B689A61BB6844F2506202FB03F3134AA2FB03239A087B685A62BB68124A3D
:2066000002FB03F30E4AA2FB03239A087B681A62BB680E4A02FB03F3094AA2FB03239A0845
:206620007B68DA61002318461837BD4680BD00BF00E00140FF083D0083DE1B4300E07F40AA
:20664000ABAAAAAA38AF040080DE0F00A0F7030080B588B000AFF860B9607A600023FB61B9
:20666000FB68BA689A62FB687A681A63F86800F02DF9F861FB69002B02D04FF4FA7336E0E1
:20668000FB685B681B78002B06D0FB68022283F834200023BB6102E0FB685B6ABB61164B24
:2066A0000122A3F8E020BA694021F86801F048FEF861FB685B681B78002B01D0FB6916E099
:2066C00019224FF40051F86901F042FEF861FB681B6B002B02D0FB69002BE4D001F02CFEBC
:2066E0007861FB69002B01D17B69FB61FB6918462037BD4680BD00BF00E07F4080B584B000
:2067000000AFFFF711FB0346BB7397F90E301846FFF772FBB8601E4B1B7CDBB27B601C4BDB
:20672000D3F880201B4B13403B607B6803F00803002B02D00423FB7319E07B6803F08003D5
:20674000002B02D00523FB7311E07B6803F01003002B0AD03B6803F44053002B02D0072373
:20676000FB7304E00623FB7301E00723FB73B86801F0DAFD97F90E301846FFF74FFBFB7BED
:206780001946B86800F06EF800BF1037BD4680BD00E07F404070F00080B584B000AF002364
:2067A000FB73FFF7C1FA03467B7397F90D301846FFF722FBB86097F90D301846FFF72EFBE3
:2067C000BB6893F83430012B17D1BB681B6B002B0ED000220421B86801F0B6FD78607B681B
:2067E000002B2BD0B86801F09FFD0723BB7325E00123BB730123FB7320E0BB6893F8343073
:20680000022B0ED1BB681B6B002B05D000224021B86801F095FD11E00023BB730123FB73C9
:206820000CE00123FB730E4B93F8D430DBB2012B02D10323BB7301E00223BB73FB7B002B3D
:206840000AD001F079FDBB68002283F83420BB7B1946B86800F006F800BF1037BD4680BDFA
:2068600000E07F4080B586B000AF78600B46FB707B68DB6B7B617B69002B03D107F10C03DC
:206880007B6106E07A6907F10C0392E8030083E803007B69FA781A707B681A6C7B695A607A
:2068A0007B689B6B786998477B68DB6B002B08D07B68DB6B1A4607F10C0393E8030082E88B
:2068C000030000BF1837BD4680BDFFFF80B584B000AF78600023FB604FF49643BB607B68E1
:2068E0005B681B78002B0DD07B685B6893F911301846FFF70FFB7B685B6893F91330184696
:20690000FFF708FB0C4B4AF68022A3F8842008E0BB68002B02D14FF4FA7309E0BB68013B05
:20692000BB60054BB3F884309BB2802BF0D1FB6818461037BD4680BD00E07F4080B485B084
:2069400000AF786039607B68FB600C4AFB6813603B681A68FB689A603B685A68FB68DA6029
:20696000FB6800225A60FB68054A1A60002318461437BD465DF8047B704700BF0446002029
:206980004347430080B588B000AFF8600B467A60FB72FB68FB610023BB61FB7A052B02D0A9
:2069A000FB7A062B0DD107F1100307F11402F97A786800F0B5F9B861BB69002B01D0BB69EC
:2069C00029E0FB7A184600F0F5F803461A46FB7A1146184600F006F90346002B02D140F2C3
:2069E000931318E0012000F01AF8FB7A052B02D0FB7A062B06D13B6907F11402F97A7868DD
:206A000000F0CCF9FB7A0021184600F019F9012000F01AF8002318462037BD4680BD80B55B
:206A200082B000AF0346FB71012001F04DFBFB79012B05D1002000F0D5FF002001F044FBBC
:206A400000BF0837BD4680BD80B582B000AF0346FB71FB79012B07D1002001F0E5FA064B74
:206A60001B6A184600F07AF8012001F0DDFA00BF0837BD4680BD00BF00E0014080B483B063
:206A800000AF78601A4B1B68B3F5004F01D0002327E0184B93F83630DBB2002B17D0154B42
:206AA00093F83830DBB2002B11D0124B93F83230DBB2002B0BD00F4B93F82A30DBB2002B76
:206AC00005D00C4B93F84A30DBB2002B01D1002307E07B6803F0EE43002B01D0002300E0EB
:206AE000012318460C37BD465DF8047B704700BFD447002000E0014080B485B000AF786038
:206B00000B46FB70FB78002B0BD07B68FB60FB6803F0443323F480030E4A934201D000237A
:206B200011E00D4B93F82A30DBB2002B05D10A4B93F84A30DBB2002B01D0012300E000238F
:206B400003F00103DBB218461437BD465DF8047B704700BF4444044400E0014080B584B061
:206B600000AF7860104B93F84030FB737868FFF785FF0346002B03D0042000F033FF0FE0F4
:206B8000FB7B19467868FFF7B7FF0346002B07D0064B1B68064A934202D8032000F022FF42
:206BA00000BF1037BD4680BD00E00140D447002040420F0080B483B000AF0346FB71FB7963
:206BC000074A52F823301B78DBB2002B0CBF01230023DBB218460C37BD465DF8047B7047AE
:206BE000C086000080B487B000AF03460A46FB711346BB7116237B61FB7901229A407B6941
:206C00001340002B01D0012312E00C4B93F83C30DBB23B61FB793A6922FA03F303F0010378
:206C2000FB60BB79FA689A420CBF01230023DBB218461C37BD465DF8047B704700E0014088
:206C400080B483B000AF03460A46FB711346BB71FB790A4A52F82330BA791A70FB79074AAD
:206C600052F823301B78DBB2BA799A42F6D100BF00BF0C37BD465DF8047B7047C0860000EC
:206C800080B489B000AFF8600B467A60FB72114BFB61FB681B78002B01D10E4BFB61FB6825
:206CA0005B880133FA6902FB03F35B08BB61FB685B7801337B61BA697B69B2FBF3F33B616C
:206CC0007B683A691A60002318462437BD465DF8047B7047002D310180B487B000AF7860F9
:206CE0000023FB827B681B78002B01D10123FB827B685B88BB827B685B787B82BB8A1B02C8
:206D000003F47C52FB8A1B011A437B8A1343FB60FB6818461C37BD465DF8047B7047FFFF5A
:206D200080B588B000AFF8607A603B600B46FB72F868FFF7D1FFB861FB7A052B02D1154B95
:206D4000FB6101E0144BFB61FB691B889BB21A46BB69934209D0FB7A1846FFF72BFF034679
:206D6000002B02D040F291130FE0FB7A7A681946F868FFF785FF78617B69002B01D07B6924
:206D800003E03B68BA691A60002318462037BD4680BD00BF28E0014048E0014080B584B0DE
:206DA00000AFF8607A603B600B46FB72FB7A052B04D1094B3A6892B21A8504E0064B3A686F
:206DC00092B2A3F84820FB7A7968184600F044FE00BF1037BD4680BD00E0014080B483B0B8
:206DE00000AF0346FB7197F90730002B0CDBFB7903F01F02074997F907305B09012000FA38
:206E000002F2403341F8232000BF0C37BD465DF8047B704700E100E080B483B000AFEFF346
:206E200003837B607B683B603B88C3F308039BB2DBB2103BDBB25BB218460C37BD465DF837
:206E4000047B704780B483B000AF03463960FB7197F9073004493A6841F8232000BF0C3764
:206E6000BD465DF8047B70474C46002080B483B000AF0346FB7197F90730044A52F8233055
:206E800018460C37BD465DF8047B70474C46002080B483B000AF0346FB710B4997F907302B
:206EA00003F1C00251F8223023F4803341F82230054A97F90730C03352F8233000BF0C3784
:206EC000BD465DF8047B70470060004080B584B000AF0346FB7197F907301846FFF7D8FFC5
:206EE000BFF35F8F00BF97F90730FB60FB6803F01F02074997F907305B09012000FA02F210
:206F0000603341F8232000BF1037BD4680BD00BF00E100E080B584B000AF0346B9607A6048
:206F2000FB73BB68DAB2094997F90F301201D2B20B4483F8002397F90F3079681846FFF78B
:206F400081FF00BF1037BD4680BD00BF00E100E080B485B000AF0346FB7197F90730FB60FC
:206F6000FB6803F01F020749FB685B09012000FA02F241F8232000BF1437BD465DF8047B17
:206F8000704700BF00E100E080B582B000AF0346FB7197F907301846FFF798FF97F9073076
:206FA0001846FFF7D5FF00BF0837BD4680BDFFFF80B485B000AF0346FB7197F90730FB607E
:206FC000FB6803F01F020B4997F907305B09012000FA02F2203341F82320BFF34F8F00BF8E
:206FE000BFF36F8F00BF00BF1437BD465DF8047B704700BF00E100E080B584B000AF0346A9
:20700000B9607A60FB7397F90F307A68B9681846FFF780FF97F90F301846FFF7B5FF00BFD4
:207020001037BD4680BDFFFF80B590B000AF786039607B68BB6200237B623B681B693B6272
:207040003B681B6803F58023A8331B03FB61BB6AFA695A600023BB61EFF310833B613B69E4
:20706000BB610123FB60FB6883F3108800BF8F4B5A683B681B68C3F10203012101FA03F3B7
:20708000DB438A4913404B60884B5B68BB69BB60BB6883F3108800BFBB6A3A681A603B6858
:2070A0009A68BB6ADA613B68DA68BB6A5A62BB6A00221A623B6A1A78BB6A1A7600220121B5
:2070C000B86A00F0E3FB3B6A1B7B1BB25B001AB23B6A1B7D1BB2DB001BB213431BB243F485
:2070E000E0731BB29AB2FB69A3F840283B685B687B617B691B68013B1A046D4B13407A69CC
:207100005268013A12071A437B699B68013B1B021A437B69DB68013B1B031343BA6A127EDC
:207120001A43FB69C3F8442800220221B86A00F0ADFBFB69802283F85028FB6903F50073A0
:207140004FF400720021184601F0A4F80023FB632CE03B6A9A68FB6BDB0013449B79002B63
:2071600016D13B6A1B69FA6B9A4211D2FB6B20331B01FA69D1183B6A9A68FB6BDB0013447B
:207180001A46386A00F056F9402387F83B3002E0002387F83B30FA69FB6B134403F50263F5
:2071A00097F83B201A70FB6B0133FB63FB6B1F2BCFD900237B6300233B632BE03B6A5A68D7
:2071C0003B6B9B0013441B686FF0604293421ED23B6A5A683B6B9B0013441B68FB623B6A4A
:2071E0001B7B002B04D1FB6A9A04324B1340FB62FB693A6B02F58072F96A43F822103B6B61
:207200009B000F2202FA03F37A6B13437B633B6B01333B633B6A1B699B083A6B9A42CDD332
:207220007B6BDA43FB69C3F8282400220021B86A00F02CFBFA69B2F8403843F02003A2F8EF
:207240004038FB69B3F84038C3F34013DBB2002BF7D13B6893F915003B681B7DBA6A1946A4
:20726000FFF7CAFE3B6893F916003B681B7DBA6A1946FFF7C1FE3B6893F917003B681B7D17
:20728000BA6A1946FFF7B8FEFB693E2283F84C28FB694FF0FF32C3F82C24BB6A064A9A60BE
:2072A0007B6A18464037BD4680BD00BF004008400000FF030000FC1F4E41435280B588B0DF
:2072C00000AF78607B68FB61FB6900229A60FB691B6893F915301846FFF76AFEFB691B680D
:2072E00093F916301846FFF763FEFB691B6893F917301846FFF75CFEFB695B68BB61BB6938
:20730000002283F84C28BB690022C3F82C2400237B61EFF31083BB60BB687B610123FB60FE
:20732000FB6883F3108800BF0C4B5A68FB691B681B68C3F10203012101FA03F30749134328
:207340004B60064B5B687B693B613B6983F3108800BF002318462037BD4680BD00400840DD
:2073600080B58AB000AFF860B9607A60FB68BB61BB691B681B697B61BB695B683B613A69F8
:20738000BB68134403F502631B78C3F3C013DBB2002B02D04EF663233AE0BB6820331B01FA
:2073A0003A6913447A681946786900F043F87B689B7903F00F03D9B23A69BB6820331B01CA
:2073C0001A44938861F3030393807B689B797B62BB6820331B013A69134406333B627B68AE
:2073E0000C33FB6107E0FA69531CFB613B6A591C396212781A707B6A5A1E7A62002BF2D1ED
:207400003A69BB68134403F5026380221A70002318462837BD4680BD80B485B000AFF86036
:20742000B9607A60062318461437BD465DF8047B7047FFFF80B489B000AFF860B9607A6094
:20744000FB681B7BFB750023FB61FB7D002B06D0FB7D022B0AD17B681B79002B06D17B68EF
:207460001B689A04114B1340BB610EE0FB7D022B06D17B681B79012B02D14FF00043FB6162
:207480007B681B6823F06043BB617B685B799B073B61FA693B691A43BB691A43BB681A603D
:2074A00000BF2437BD465DF8047B70470000FC1F80B489B000AFF860B9607A60FB685B687C
:2074C000BB61BA69BB6820331B0113441B687B617B699B0F03F00103DAB27B685A71FB6803
:2074E0001B681B693B613B691B7BB969BA68203212010A441268C2F3C072D2B21343DBB2F0
:2075000003F00103DAB27B681A717B681B79002B06D17B699B0CC3F30A027B681A6004E073
:207520007B6923F060427B681A60BA69BB6820331B0113449B88C3F30303DBB21A467B689A
:207540009A717B689B79082B02D97B6808229A710023FB6112E0BA69BB681B011A44FB696E
:20756000134403F206231B78D9B27A68FB6913440C330A461A70FB690133FB617B689B79D7
:207580001A46FB699342E6D3BA69BB68134403F5026344221A707B6800229A6000BF243796
:2075A000BD465DF8047B7047B0B58EB000AF786039607B681B6A7B637B6B002B02D13B68AD
:2075C0007B6317E07B6B07F10C041D460FCD0FC40FCD0FC495E8030084E803007A6B3B68B0
:2075E00014461D460FCD0FC40FCD0FC495E8030084E803007B68DB69786B98477B681B6A30
:20760000002B0CD07B681B6A1D4607F10C040FCC0FC50FCC0FC594E8030085E8030000BF84
:207620003837BD46B0BD80B590B000AFFFF7F4FB03461846FFF72CFCFFF7EEFB034687F8F6
:207640003B3097F93B301846FFF710FC78633B4628220021184600F01DFE0023FB637B6BCD
:207660005B683B633B6B93F84D38DBB2BB803B6B002283F84D283B6BB3F84238C3F30013DF
:20768000DBB2002B22D0BB8843F020039BB2BB803B6B93F8533887F82F303B6B022283F840
:2076A00053283B6B93F85238C3F30403DBB2FB633B6B97F82F2083F853283A6BFB6B134410
:2076C00003F50262137823F0040313707B6B1B681B683B607B6B5B6A3B61FB6BFB603B4616
:2076E0001946786BFFF760FF7B6B1B681B69BB623B6BB3F84238C3F30013DBB2002B0AD0C3
:20770000BB6A1B7D002B06D07B6B1B6893F915301846FFF763FB00BF4037BD4680BD80B514
:2077200090B000AFFFF778FB03461846FFF7B0FBFFF772FB034687F83F3097F93F301846B2
:20774000FFF794FBB8634FF480633B81BB6B5B687B637B6B93F8533887F833307B6B0022FA
:2077600083F853287B6B93F85238C3F30403DBB2FB627B6B97F8332083F853283B1D143314
:207780001A46F96AB86BFFF793FEFB6A3B61BB6B1B681B687B60BB6B5B6A7B613B1D1946F6
:2077A000B86BFFF701FF7B6BB3F84238C3F30003DBB2002B04D097F93F301846FFF70EFB04
:2077C00000BF4037BD4680BD80B590B000AFFFF723FB03461846FFF75BFBFFF71DFB0346B1
:2077E00087F83F3097F93F301846FFF73FFBB86300233B81BB6B5B687B637B6B93F8533851
:2078000087F833307B6B012283F853287B6B93F85238C3F30403DBB2FB627B6B97F833201D
:2078200083F853287A6BFB6A134403F5026300221A707A6BFB6A134403F5026300221A70FE
:20784000FB6A3B613B8943F400639BB23B81BB6B1B681B687B60BB6B5B6A7B613B1D19463B
:20786000B86BFFF7A1FE7B6BB3F84238C3F34003DBB2002B06D0BB6B1B6893F917301846E4
:20788000FFF7ACFA00BF4037BD4680BD80B584B000AF78600B46FB701346BB707B685B6800
:2078A000FB607B685B7BBA789A420DD00221786800F032F8FB68BA7883F858287B68BA7807
:2078C0005A737B6802221A737B681B7BFA789A421ED0FB78052B13D10221786800F01CF804
:2078E000FA68B2F8403843F48063A2F84038FB68B3F84238C3F38023DBB2012BF7D104E092
:20790000FB781946786800F007F87B68FA781A7300BF1037BD4680BD80B485B000AF7860AE
:207920000B46FB707B685B68FB60FA68B2F8403823F48063A2F84038FB7803F00303D9B203
:20794000FA68B2F8403861F30923A2F84038FB68B3F842389BB203F4E062FB781B029A4297
:20796000F5D100BF00BF1437BD465DF8047B704780B400AF094B0122A3F80421074BB3F8D3
:2079800004319BB2002BF9D1044B0122A3F8002100BFBD465DF8047B704700BF00C0014035
:2079A00080B483B000AF0346FB710D4B93F8A030C3F30013DBB2002BF7D1094AFB7982F8BF
:2079C000A030074B93F8A030C3F30013DBB2002BF7D100BF00BF0C37BD465DF8047B704792
:2079E00000E0014080B582B000AF0346FB71FB79042B14D1174B93F8AA30C3F30013DBB2F6
:207A0000002BF7D1134B012283F8AA20114B93F8AA30C3F30013DBB2002BF7D115E00D4B56
:207A200093F8AA30C3F30013DBB2002BF7D1094B002283F8AA20074B93F8AA30DBB2002B6E
:207A4000F9D1FB791846FFF7ABFF00BF0837BD4680BD00BF00E0014080B483B000AF7860DE
:207A600039607B68052B04D13B681B68064A536103E03B681B68044A936100BF0C37BD460B
:207A80005DF8047B704700BFAC08002080B483B000AF0D4B93F82630DBB27B600A4B1B6A37
:207AA0001B0E03F007033B60084A7B6852F823203B6822FA03F3064A136000BF0C37BD46C6
:207AC0005DF8047B704700BF00E00140AC080020D447002080B500AF0B4B012283F81C2117
:207AE0000A4B0B4A1A62094B052283F82620FFF7CDFF084BF1221A73064B00221A72054B20
:207B0000F0221A7300BF80BD00C0014000E00140111202200020004080B500AF0B4B0C4A73
:207B20001A600A4B0B4A5A60084B4FF400429A60064B074ADA60054B4FF400421A61034B1B
:207B4000054A5A61FFF7A2FF00BF80BDAC080020002D310100127A0000E1F50580B500AF0A
:207B60001B4B4AF20352A3F8FE23FFF701FFFFF7D3FF174B002283F81324154B092283F858
:207B8000A22000F031F8124B002283F83620104B93F83C30C3F30003DBB2012BF7D10C4BD7
:207BA00041F211321A850A4B002283F82A20084B93F83C30C3F34013DBB2012BF7D1FFF7AA
:207BC00089FF034B4FF42542A3F8FE2300BF80BD00E0014080B483B000AF786000BF0C375C
:207BE000BD465DF8047B704780B500AF184B93F88034DBB2002B07D1154B93F88134C3F38B
:207C00000103DBB2002B1CD0114B93F88034DBB2002B0DD10E4B012283F880240121C820E6
:207C200000F080F80A4B93F88034DBB2012BF9D1074B002283F88124054B002283F88024A0
:207C400004E04FF47A70FFF7C5FF00BF00BF80BD00E0014080B582B000AF2B4B002283F854
:207C600028200121C82000F05DF8274B002283F82420254B93F82430DBB2002BF9D1224ADD
:207C800092F8243043F0020382F824301E4B93F82430C3F34003DBB2002BF7D11A4B0022B8
:207CA00083F82220184B93F82230DBB2002BF9D10023FB7116E01449FB7903F1200211F8D0
:207CC000123023F0800301F812300F4AFB79203312F81330C3F3C013DBB2002BF5D1FB79A9
:207CE0000133FB71FB79002BE5D0012000F0ECF9064B002283F8BB24012000F095F900BF6F
:207D00000837BD4680BD00BF0030084000E0014080B483B000AF786000BF0C37BD465DF844
:207D2000047B70472DE9B04F90B000AFF861B9610023FB63FB69BA6902FB03F3BB63504BE2
:207D40001B687B634F4A7B6BB2FBF3F33B63BB6B00223B617A61D7E904234FF000004FF0EE
:207D60000001590141EAD261500102460B463969B2EB0108796963EB01094FF000024FF05E
:207D800000034FEA890343EA98734FEA880290469946D7E904120B4618EB03033B60134647
:207DA00049EB03037B604FF000024FF00003D7E900894946CB00414643EA51734146CA00BF
:207DC000C7E90A23D7E90A23012B08D2BA6A3B6BB2FBF3F37B627B6A9B08FB6344E03B6BE9
:207DE0009B00BA6BB2FBF3F3BB63BB6B0022BB60FA60D7E9028942464B464FF000004FF073
:207E00000001590141EAD261500102460B464146541A494663EB01054FF000024FF0000364
:207E2000AB0043EA9473A20014461D46434614EB030A4B4645EB030B4FF000024FF000031D
:207E40004FEACB0343EA5A734FEACA0292469B46C7E90AABD7E90A23012B02D2BB6AFB638E
:207E600002E04FF0FF33FB63FB6B002B02D0F86B00F00AF800BF4037BD46BDE8B08F00BFBD
:207E8000D447002000CA9A3BA0F101000028FBD1704700BF80B582B000AF0346FB71FB79CD
:207EA000074A52F82330002B06D0FB79044A52F82330FA791046984700BF0837BD4680BD8E
:207EC0000846002080B582B000AF144BB3F82031BB80124BB3F840319AB2BB8813407B8032
:207EE0000023FB710EE07A88FB7922FA03F303F00103002B03D0FB791846FFF7CBFFFB7982
:207F00000133FB71FB790F2BEDD9044A7B88A2F8303100BF0837BD4680BD00BF0060004064
:207F200080B58AB000AF032000F0CEF8394B6FF0FF029A643B1D0C22FF21184600F0AAF9D1
:207F400000237B6221E0344A7B6A32F81330002B18D07B6A5B097B617B6A03F01F033B6182
:207F60007B699B0028333B4453F8242C01213B6901FA03F3DB431A407B699B0028333B4485
:207F800043F8242C7B6A01337B627B6A5F2BDAD9224BBB6100233B6218E03B6A9B00BA699A
:207FA0001A443B6A9B0028333B4453F8243C13601B493B6A9B0028333B4453F8242C3B6A6D
:207FC000A03341F823203B6A01333B623B6A022BE3D9032000F028F80023FB6112E00E4A52
:207FE000FB6932F81330002B09D00B4AFB6932F813300C4A1946FB69C03342F82310FB69A9
:208000000133FB61FB695F2BE9D900BF00BF2837BD4680BD008000407C8500007080004012
:2080200000E100E00060004080B487B000AF0346FB7100237B61EFF31083FB60FB687B6102
:2080400001233B613B6983F3108800BFFB791A4A32F813309BB2002B09D0FB79164A32F85B
:20806000132092B2013A91B2134A22F81310FB79114A32F813309BB2002B11D10F4BB3F8D6
:20808000FE339AB20E4B13439AB2FB790D4931F81330DB439BB2094913409BB2A1F8FE330B
:2080A0007B69BB60BB6883F3108800BF00BF1C37BD465DF8047B7047CC47002000E00140DD
:2080C00000A5FFFFDC86000080B487B000AF0346FB7100237B61EFF31083FB60FB687B61BE
:2080E00001233B613B6983F3108800BFFB79164A32F813309BB2002B0FD1144BB3F8FE337B
:208100009AB2FB79124931F8133013439AB20F49104B13439BB2A1F8FE33FB790A4A32F824
:20812000132092B2013291B2074A22F813107B69BB60BB6883F3108800BF00BF1C37BD46C0
:208140005DF8047B704700BFCC47002000E00140DC86000000A5FFFF80B500AF00F00CF8A4
:20816000FBF750FA00BFFDE780B400AF00BE00BFBD465DF8047B704780B584B000AF3A4B95
:208180004FF47002C3F88820374B384A9A600020FBF724FAFFF7E2FC0120FBF71FFA334B1B
:2081A0001B68A3F580633B603B6883F30A8800BF2F4A304BD31A1A4600212E4800F06AF892
:2081C0002D4A2E4BD31A1A462D492C4800F06AF82C4A2D4BD31A9B107B600023FB6007E060
:2081E000294AFB6852F823309847FB680133FB60FA687B689A42F3DBFFF748FCFFF72AFDF5
:208200000320FFF761FF0023BB6009E01F4ABB6808334FF6FF7122F81310BB680133BB6093
:20822000BB68052BF2D90320FFF7FEFE0320FFF74BFF174B00225A60154B00229A60144B8F
:208240000022DA60124B00221A610320FFF7ECFE0220FBF7C3F9FFF763FE0020FFF758FD33
:2082600000BF1037BD4680BD00ED00E000000000D8470020C8080020AC08002000000020C8
:20828000E8860000A8080020A4080020000D084000000E4002440346934200D1704703F84A
:2082A000011BF9E70A44431E914200D1704710B511F8014B914203F8014FF9D110BDFFFFEB
:2082C00000000305352E332E300000004275696C7420776974682052656E65736173204174
:2082E0006476616E63656420466C657869626C6520536F667477617265205061636B61678C
:20830000652076657273696F6E20352E332E3000F8B500BFF8BC08BC9E467047F8B500BFD3
:20832000F8BC08BC9E4670475FF800F0790000205FF800F0810600205FF800F001000020F4
:208340005FF800F0B50100205FF800F0290200205FF800F0190300205FF800F089040020F7
:208360005FF800F0ED040020010C00030400030300040000010700FF000000000000000080
:208380000000000000000000000000000000000000000000000000000000000000000000DD
:2083A000000000000000FFFFDFDF0000000000000000000000000000000000000000000001
:2083C00000000000404B4C0000000000A025260001021100D10A00000000000084830000E5
:2083E00000000000000000000000000000000000010D010E20450020E0830000848600006E
:20840000060803030101000000000000000000000000000000000000000000010000000045
:2084200000090A0B0C03030303000000010000000000000000000000450A000000000000B6
:208440001484000000010000580700200F00FFFF00000000FFFF00000002000001050106EA
:208460000107010800000000000000009D0C00000000000044840000000000006C070020E7
:208480008C0700200000000020000000000000000000000000000000000000005C07002086
:2084A000190300000000000078840000020001020000010400010000000001040101000092
:2084C000040000000601000004000000070100000000010008010000000401060901000066
:2084E000000401060A010000000001060B010000050000000C010000040000000D0100002F
:20850000000001030502000004000000060200000400000007020000050000000802000028
:20852000000001000C020000000001000D020000000001000003000004000000030300000E
:208540000400000004030000050000000004000000000110010400000000011002040000DA
:208560000400000007040000040000000005000018000000B084000000000000A100A40052
:20858000A500A200A3008001810182018301C401C501C801C70131003000EA000400CF00AD
:2085A0000000000000000000000000000000000000000000000000000000000000000000BB
:2085C00000000000000000000000000000000000000000000000000000000000000000009B
:2085E00000000000000000000000000000000000000000000000000000000000000000007B
:2086000000000000000000000000000000000000000000000000000000000000000000005A
:2086200000000000000000000000000000000000000000000000000000000000FFFF00FF3D
:20864000010203FF020403040404FFFF00000000FFFF000000200000800000000000010063
:20866000FFFF07000080000080000000020000004C86000000000008FF1F000840000000B3
:2086800004000000B55F000055600000AB6000002B610000D5620000116300009D610000CD
:2086A0000162000027620000D961000049620000B76200006562000095620000756300003A
:2086C00036E0014038E0014090E4014032E0014080E401402AE001404AE001400100020084
:2086E000080010000000000080B584B000AF0023FB6000237B60194BB3F884309BB23B6023
:208700004FF49643BB60154B4FF42A42A3F8842008E0BB68002B02D14FF4FA73FB60BB689D
:20872000013BBB600D4BB3F884309BB2002BF0D13B68012B06D1094B4DF60112A3F84420A3
:2087400000F066FB7B6840F2F512934201D17B68FB60FB6818461037BD4680BD00E07F40E0
:2087600080B584B000AF78607B685B681B78002B0DD07B685B6893F91130184600F04CFBC0
:208780007B685B6893F91330184600F045FB124BB3F884309BB2002B02D1786800F040FBC4
:2087A00000F01CF8F86000F049F8B860FB68002B01D1BB68FB60FFF797FFB860FB68002B04
:2087C00001D1BB68FB607B68002283F83420FB6818461037BD4680BD00E07F4080B483B027
:2087E00000AF4FF496437B60124BB3221A7007E07B68002B01D1142315E07B68013B7B602A
:208800000D4BD3F88030C3F3C033DBB2012BEFD1094B1B7CC3F30013DBB2002B02D040F2F3
:20882000F51300E0002318460C37BD465DF8047B704700BF00007E4000E07F4080B483B07B
:2088400000AF4FF496437B60124B50221A7007E07B68002B01D1142315E07B68013B7B602C
:208860000D4BD3F88030C3F3C033DBB2012BEFD1094B1B7CC3F30013DBB2002B02D040F293
:20888000F51300E0002318460C37BD465DF8047B704700BF00007E4000E07F4080B485B019
:2088A00000AFF860B9607A60174AFB689B6A1363164B20221A70154BD0221A70FB689A6A0F
:2088C000BB681A44FB689A62FB681B6B5A1EFB681A637B68002B10D007E07B68002B01D1C2
:2088E00014230BE07B68013B7B60074BD3F88030C3F3C033DBB2012BEFD1002318461437A1
:20890000BD465DF8047B704700E07F4000007E4080B586B000AFF860B9607A607B68002BF9
:2089200006D1FB685B6893F91130184600F074FA314AFB68DB6A1363304BE8221A70BB68E6
:208940005A082E4BD2B21A7000237B612AE0FB681B693B61FB689B6A1A46284B12881A8033
:2089600006E03B695A1E3A61002B01D114233EE0214BD3F88030C3F38023DBB2012BF0D04F
:20898000FB689B6A9A1CFB689A62FB68DB6A9A1CFB68DA62FB681B6B5A1EFB681A637B6938
:2089A00001337B61BB685B087A699A42CFD3134BD0221A707B68002B11D007E07B68002B02
:2089C00001D1142313E07B68013B7B600A4BD3F88030C3F3C033DBB2012BEFD106E0FB6866
:2089E0005B6893F91130184600F01EFA002318461837BD4680BD00BF00E07F4000007E4055
:208A000080B586B000AFF860B9607A6000237B61174B1B7CC3F30013DBB2012B0FD1144B38
:208A2000D3F88030C3F38033DBB2012B04D1104B1B7C0F4B00221A7440F2F5137B610C4B5B
:208A4000D3F88020BB681340002B01D07B687B61FB68002B01D0FB687B617B69002B01D0FC
:208A6000FFF7BCFE7B6918461837BD4680BD00BF00E07F4080B485B000AF786039607B68AB
:208A80009B69BB60194A3B681363194B40221A70174B08221A700023FB6008E0144A1549B3
:208AA000FB6831F813301380FB680133FB60FB68072BF3D90E4BD0221A7007E0BB68002BF7
:208AC00001D114230BE0BB68013BBB60074BD3F88030C3F3C033DBB2012BEFD100231846B8
:208AE0001437BD465DF8047B704700BF00E07F4000007E408C08002080B485B000AFF8605D
:208B0000B9607A60194B4FF6FF721A80174B4FF6FF725A807B689AB2FB689BB2DB039BB2B2
:208B200013439BB243F4F0439AB2104BDA80BB689BB26FEA43536FEA53539AB20B4B9A800D
:208B40000A4B4FF6FF721A81084B4FF6FF725A81064B4FF6FF729A81044B4FF6FF72DA8109
:208B600000BF1437BD465DF8047B70478C08002080B584B000AF78600023FB60786800F06B
:208B80007BF8F860FB68002B10D0FB681EE07B689B681A4680217868FFF7BAFEF860182234
:208BA0004FF4A041F868FFF72BFFF8607B681B6B002B02D0FB68002BE9D0FFF795FDB8606C
:208BC000FB68002B01D1BB68FB60FB6818461037BD4680BD80B588B000AFF860B9607A6008
:208BE0000023FB61FB68BA689A62FB687A681A63F86800F041F8F861FB69002B01D0FB690D
:208C000033E01C4B0122A3F8E0201EE0FB689B6AB3F5803F06D2FB68DB69BB614FF400531E
:208C20007B6105E0FB681B6ABB614FF400437B61BA697969F868FFF731FEF86119224FF4AC
:208C4000C041F869FFF7DCFEF861FB681B6B002B02D0FB69002BD9D0FFF746FD3861FB6935
:208C6000002B01D13B69FB61FB6918462037BD4680BD00BF00E07F4080B584B000AF786050
:208C80000023FB604FF49643BB607B685B681B78002B0DD07B685B6893F91130184600F01D
:208CA000BBF87B685B6893F91330184600F0B4F80F4B4FF45942A3F844200D4B4AF60122A0
:208CC000A3F8842008E0BB68002B02D14FF4FA7309E0BB68013BBB60054BB3F884309BB23D
:208CE000012BF0D1FB6818461037BD4680BD00BF00E07F4080B588B000AFF860B9607A607A
:208D0000174BD3F8DC30C3F3C073DBB2BB61F868FFF7B2FFF861FB69002B01D0FB691BE069
:208D2000BB68590B7B685B0B1A46B869FFF7E4FE0C49F868FFF79EFEF86118220021F869AE
:208D4000FFF75EFEF861FFF7CFFC7861FB69002B01D17B69FB61FB6918462037BD4680BDD4
:208D600000E07F4030A1000180B584B000AF78600B46FB701346BB707868FFF77DFFF860A8
:208D8000FB68002B01D0FB6832E0BB78002B08D0FB789BB2184A43F4CC439BB2A2F8E83062
:208DA0001DE01022FF21154800F02EF8FB789BB203F001039BB2002B02D14FF6FF7201E058
:208DC00047F6FF720D4BDA800D497868FFF752FEF86018220021F868FFF712FEF860FFF750
:208DE00083FCB860FB68002B01D1BB68FB60FB6818461037BD4680BD00E07F408C08002063
:208E000030A10001000000005FF800F0958200005FF800F0A15D00005FF800F03D5F0000FA
:208E20005FF800F0CD6800005FF800F0DD5E0000010000000010000000100000000004000F
:208E40004000020005000000060000000300000003000000FFFFFF1FFFFFFF1F0000000087
:208E600000000000000000000000000000000000000000000000000000000100FA070000F0
:208E800000000000FB07000000000000FC07000000000000000000000000010000000000CC
:208EA0000000010000000000000001000000000000000100000000000000000000000000AF
:208EC000000000000000000000000000000000000000000000000000000000000000000092
:208EE000000000000000000000000000000000000000000000000000000000000000000072
:208F0000000000000000000000000000000000000000000000000000000000000000000051
:208F2000000000000000000000000000000000000000000000000000000000000000000031
:208F4000000000000000000000000000000000000000000000000000000000000000000011
:208F60000000000000000000000000000000000000000000FFFF00000000000000000000F3
:148F80000000000001000000748600002D02000005020000AC
:020000040001F9
:2000000010F30020992E0200992B020055050100A92E0200A92E0200A92E0200A92E02006F
:2000200000000000000000000000000049BB0100A92E02000000000085BB0100F5BB0100F0
:200040008F1B0200871C0200311D0200871C0200311D020043DF0100E3DE0100C1DF010084
:2000600009E001000FCB01005BCB0100D9CB010071CC01002BD5010053D40100F7D50100BB
:200080004FD601006D090200D1080200F9FD0100F9FD0100E9E70100ADF301000000000087
:2000A000000000000000000000000000000000000000000000000000000000000000000040
:2000C000000000000000000000000000000000000000000000000000000000000000000020
:2000E000000000000000000000000000000000000000000000000000000000000000000000
:200100000000000000000000000000000000000000000000000000000000000000000000DF
:200120000000000000000000000000000000000000000000000000000000000000000000BF
:2001400000000000000000000000000000000000000000000000000000000000000000009F
:2001600000000000000000000000000000000000000000000000000000000000000000007F
:2001800000000000000000000000000000000000000000000000000000000000000000005F
:2001A00000000000000000000000000000000000000000000000000000000000000000003F
:2001C0000348044B834202D0034B03B118477047D80A0020D80A002000000000064B074931
:2001E000C91A891048BF0131491003D0044B0BB101481847704700BFD80A0020D80A0020F1
:200200000000000010B5064C237843B9FFF7D8FF044B13B10448AFF300800123237010BD5E
:20022000300B0020000000006493020008B5054B1BB105490548AFF30080BDE80840FFF7F1
:20024000CDBF00BF00000000340B00206493020080B586B000AF0023FB7543F608033B606F
:2002600000237B600023BB600023FB6000233B820023BB740023FB740A490B4811F00CFF4E
:200280000346FB75FB7D002B06D13B461946064811F060FF0346FB75FB7D18461837BD46BC
:2002A00080BD00BFEC8002000844002080B584B000AF0023FB730023BB73284811F062FF9C
:2002C0000346BB73BB7B002B01D0254B3EE03B461946224811F079FF0346BB733B78002BCF
:2002E00006D0FB7B0133FB73FB7B052BEFD900E000BFBB7B002B04D0184811F055FF184BB6
:2003000024E0BB1C1A460321144811F075FF134811F04AFF7B8807EE903AF8EEE77A9FED73
:20032000117A27EE877ADFED106AC7EE267AC7ED027AD7ED027A9FED0D7A37EEC77AF2EEB8
:20034000046AC7EE267AC7ED017A7B6807EE903AB0EE670A1037BD4680BD00BF0844002048
:2003600000C079C400803B4500F07F450000FA4380B582B000AF0023FB711149114810F037
:2003800013FE0346FB71002200210E4810F030FE0346FB710C490D4811F05AF90346FB7168
:2003A000FB79002B03D10A4B01221A7002E0084B00221A70FB7918460837BD4680BD00BFD7
:2003C000347E020050420020C8800200E04300204C0B002080B584B000AF78603960002307
:2003E000FB73074B00229A703A687968054811F079FA0346FB73FB7B18461037BD4680BDBB
:200400004C0B0020E043002080B483B000AF78607B68002B06D0064B1B78002B02D0044A21
:200420007B68936000BF0C37BD465DF8047B70474C0B002080B483B000AF0346FB71FB79A0
:20044000002B14BF01230023DAB2044B5A7000BF0C37BD465DF8047B704700BF4C0B0020EC
:2004600080B588B000AF786007F10C0300221A605A609A60DA601A617B689B88B3F5804FFF
:2004800059D0B3F5804F5BDCB3F5005F53D0B3F5005F55DCB3F5805F4DD0B3F5805F4FDCCD
:2004A000B3F5006F29D0B3F5006F49DCB3F5806F27D0B3F5806F43DCB3F5007F3BD0B3F5D2
:2004C000007F3DDCB3F5807F35D0B3F5807F37DC202B0FDC022B33DB023B1C4A22FA03F3F8
:2004E00003F00103002B14BF01230023DBB2002B21D125E0802B1ED022E0154B01229A70E9
:200500001FE0134B01225A707B6803F1140107F10C031422184616F041F90D4B9B6807F177
:200520000C02104698477B68143314220021184616F024F905E07B689A88054B9A8000E042
:2005400000BF00BF2037BD4680BD00BF454000404C0B002080B400AF1EF0040F0CBFEFF3DA
:200560000880EFF3098000F005B800BFBD465DF8047B704780B483B000AF78601C4B1D4AD2
:200580001A607B681B681A4A53617B685B68184A93617B689B68164AD3617B68DB68144A69
:2005A00013627B681B69124A53627B685B69104A93607B689B690E4A53607B68DB690C4AEB
:2005C00013616B460A4AD3600B4BDB6A084A9362094B9B6A064AD362074B5B6B044A1363D3
:2005E000054B9B6B024A536300BE00BFFDE700BFD80A0020EFBEADDE00ED00E080B582B015
:2006000000AF054905480EF009FC78607B68DBB218460837BD4680BD5C82020060420020C6
:2006200080B584B000AF03460A46FB8013467B717A79FB88194605480EF018FCF860FB685A
:20064000DBB218461037BD4680BD00BF6042002080B584B000AF0346FB71FA7911491346B4
:200660005B0013440B441B781BB21B0219B2FA790C4813465B001344034401331B781BB284
:200680000B431BB29BB2FB81FB899BB2064A194606480EF0D7FB044B1B7818461037BD464E
:2006A00080BD00BFFC7D0200580B00206042002080B582B000AF0023FB71084B9B681B6800
:2006C000064A126805494968104698470346FB71FB7918460837BD4680BD00BFE07F0200F6
:2006E00090B587B000AF786039600023FB7572B600BF154B9B689B68134A10683A68796826
:20070000984738613B69002B02D0FB7D0133FB750D4B9B68DC680C4B186807F10F033A6882
:200720007968A04738613B69002B02D1FB7B002B02D0FB7D0133FB7562B600BFFB7D18467A
:200740001C37BD4690BD00BFE07F020090B589B000AFF860B9607A600023FB6100237B83BE
:200760007B68DB097A6802F07F02002A01D0012200E0002213447B6000237B76FB68B3F5EC
:20078000002F03D905237B767B7E3DE072B600BF0023FB6131E0FB681D4A934224D81D4BA5
:2007A0009B685C681B4B18687B8BBA68134419468023FA68A04778617B69002B02D07B7E0F
:2007C00001337B767B7E002B08D1FB688033FB607B8B80337B8300237B760BE005237B76B7
:2007E00062B600BF7B7E0FE005237B7662B600BF7B7E09E0FB690133FB61FA697B689A4252
:20080000C9D362B600BF7B7E18462437BD4690BD80FF0700E07F020080B584B000AF78608C
:2008200039600123FB730023BB603A687B68D31ADB09BB60B9687868FFF752FF0346002B22
:2008400002D10023FB7301E00223FB73FB7B18461037BD4680BDFFFF80B487B000AFF860F5
:20086000B9607A6000237B610023FB74FB68403BFB607B68DB097A6802F07F02002A01D0A4
:20088000012200E0002213447B60FB68B3F5002F03D90523FB74FB7C1DE000237B6115E0EC
:2008A000FB68104A93420AD8FA687B699B00B9680B4412681A60FB680433FB6003E005237F
:2008C000FB74FB7C07E07B6901337B617A697B689A42E5D3FB7C18461C37BD465DF8047BFE
:2008E000704700BF80FF070080B487B000AFF860B9607A6000237B610AE0BA687B691A444A
:20090000F9687B690B4412781A707B6901337B617A697B689A42F0D300BF00BF1C37BD4602
:200920005DF8047B704780B487B000AFF860B9607A6000237B610EE0FA687B6913441A78AB
:20094000B9687B690B441B789A4201D0012307E07B6901337B617A697B689A42ECD3002380
:2009600018461C37BD465DF8047B704780B582B000AF0023FB71084908480EF063FE03464A
:20098000FB7106480EF092FE0346FB71FB7918460837BD4680BD00BF987F0200C842002007
:2009A00080B588B000AF0346FB710023FB770023BB6100237B6100233B720023FB60002322
:2009C0003B61FB79002B05D120480EF05DFE0346FB7736E007F1080319461C480EF019FF98
:2009E0000346FB773B697B61FB797A6902FB03F3174AA2FB03235B09BB6114480EF044FE32
:200A00000346FB7711480EF063FE0346FB7711490E480EF017FE0346FB770022B9690B4893
:200A20000EF068FE0346FB77084B9B68BA69DA64064B9B68BA695A6504480EF037FE0346E2
:200A4000FB77FB7F18462037BD4680BDC84200201F85EB51987F020080B58AB000AF184913
:200A600018480DF00DFC78627B6A002B01D0012321E03B4624220021184615F07FFE1B232A
:200A80007B601223BB600123FB6001233B6140F2E9737B610323BB613B46194609480DF012
:200AA0001BFC78627B6A002B01D0012303E0064B01221A70002318462837BD4680BD00BF80
:200AC000487E020068420020590B002080B584B000AF78600D4B1B7883F00103DBB2002BF6
:200AE00002D17B68002B01D101230AE0796808480DF0F2FBF860FB68002B01D1002300E05F
:200B0000022318461037BD4680BD00BF590B00206842002080B584B000AF78600D4B1B78E3
:200B200083F00103DBB2002B02D17B68002B01D101230AE0796808480DF038FCF860FB68A8
:200B4000002B01D1002300E0022318461037BD4680BD00BF590B00206842002080B582B017
:200B600000AF0023FB71054905480CF0D3FE0346FB71FB7918460837BD4680BD84800200C3
:200B8000B443002080B584B000AF786039600023BB73114B00221A700A23FB7307233A68F5
:200BA00079680E480CF012FF0346BB7307E04FF47A71012011F020FFFB7B013BFB73064BB3
:200BC0001B78DBB2002B02D1FB7B002BEFD1BB7B18461037BD4680BD5A0B0020B4430020DF
:200BE00080B483B000AF78607B681B79012B02D1044B01221A7000BF0C37BD465DF8047BBC
:200C0000704700BF5A0B002080B582B000AF0023FB71054905480BF0CDFA0346FB71FB79AE
:200C200018460837BD4680BD2C8002007443002080B584B000AF786039600023BB73114B1C
:200C400000221A700A23FB7307233A6879680E480BF000FB0346BB7307E04FF47A710120A7
:200C600011F0CAFEFB7B013BFB73064B1B78DBB2002B02D1FB7B002BEFD1BB7B18461037E0
:200C8000BD4680BD5B0B00207443002080B584B000AF786039600023BB73114B00221A70D5
:200CA0003223FB7307233A6879680E480BF0BEFA0346BB7307E04FF47A71012011F09CFE73
:200CC000FB7B013BFB73064B1B78DBB2002B02D1FB7B002BEFD1BB7B18461037BD4680BD09
:200CE0005B0B00207443002080B588B002AFF860B9607A600023BB753223FB750723009359
:200D00007B68BA68F9680D480BF0B8FA0346BB7507E04FF47A71012011F06EFEFB7D013B9B
:200D2000FB75074B1B78DBB2002B02D1FB7D002BEFD1BB7D18461837BD4680BD7443002074
:200D40005B0B002080B483B000AF78607B681B79012B02D1044B01221A7000BF0C37BD46A8
:200D60005DF8047B704700BF5B0B002080B582B000AF0023FB710B490B480EF063FC0346B1
:200D8000DAB2FB791344FB71084909480EF05AFC0346DAB2FB791344FB71FB79184608377D
:200DA000BD4680BD3C7F0200A8420020A47E02008042002080B584B000AF0346FB71002336
:200DC000FB73FB79012B0AD10C480EF06FFC0346FB730B480EF06AFC0346FB7309E0074810
:200DE0000EF052FC0346FB7305480EF04DFC0346FB73FB7B18461037BD4680BDA842002040
:200E00008042002080B483B000AF786039607B68002B08D03B68002B05D0064A7B6813603A
:200E2000054A3B68136000BF0C37BD465DF8047B704700BF5C0B0020600B002080B582B085
:200E400000AF7860054B1B689847054B1B680133034A136000BF0837BD4680BD5C0B0020CD
:200E6000640B002080B582B000AF7860054B1B689847054B1B680133034A136000BF08377E
:200E8000BD4680BD600B0020680B002080B584B000AF0346FB710023FB73FB79002B02D025
:200EA000012B1DD023E0144914480CF033F80346FB73134B0122A3F8C022114BB3F8C03288
:200EC0001A461049002000F089F8FB7B002B03D10B4B01221A700AE0094B00221A7006E080
:200EE000054906480CF016F80346FB7300BFFB7B18461037BD4680BD008002004443002052
:200F00006C0B00206F0B002080B586B000AF0346B9607A60FB730023FB750023BB82FB7B73
:200F2000002B02D0012B19D033E000237B8210E07B8ABA681344012219461A480CF0EFF837
:200F40000346FB750121052011F056FD7B8A01337B827B8A7A689A42EAD81AE07A68B96885
:200F600010480CF0DCF80346FB7507E0BB8A0533BB824FF47A71052011F03EFD0A4B9B78F8
:200F800083F00103DBB2002B02D0BB8A182BEDD900BF054B00229A70FB7D18461837BD469F
:200FA00080BD00BF444300206C0B002080B483B000AF78607B68002B07D0074B1B78002B14
:200FC00003D0054A7B68C2F8C43200BF0C37BD465DF8047B704700BF6C0B002080B586B00B
:200FE00000AF0346B9607A60FB730023FB75FB7B002B02D0012B0DD019E07A68B968104835
:201000000CF076F80346FB757B689AB20D4BA3F8C0220CE07A68B96809480CF069F80346C3
:20102000FB757B689AB2074BA3F8C02200BF054B00225A70FB7D18461837BD4680BD00BF23
:20104000444300206C0B002080B400AF044B0122A3F8C02200BFBD465DF8047B704700BF74
:201060006C0B002080B582B000AF78607B681B79042B20D0042B15DC012B02D0022B0DD02D
:2010800010E00F4B01225A700D4BD3F8C4320C4AB2F8C02211460B4898470DE0084B012232
:2010A0009A7009E0064BB3F8C0321A4605490020FFF794FF00E000BF00BF0837BD4680BD1B
:2010C0006C0B00206F0B002080B582B000AF0023FB710A4A136923F002031361084909483C
:2010E0000AF0D8FE0346002B02D0FB790133FB71FB7918460837BD4680BD00BF00B00140C5
:20110000B87F0200E842002080B582B000AF0023FB7107480AF00CFF0346002B02D0FB7999
:201120000133FB71FB7918460837BD4680BD00BFE842002080B582B000AF0423FB71204BA1
:2011400093F81034C3F30003DBB2002B06D01C4B002283F810240123FB712BE0184BB3F898
:20116000C030C3F34003DBB2002B12D0144B0022A3F8C0200023BB71BB1D194611480AF017
:20118000EBFEBB7919460F480AF0F2FE0323FB7110E00B4BB3F8C030C3F38003DBB2002B2E
:2011A00006D0074B0022A3F8C0200223FB7101E00423FB71FB7918460837BD4680BD00BF55
:2011C00000E00140E842002080B584B002AF0023FB712E4B019303230093002380222C49FB
:2011E0002C4813F073F92C4B019303230093002380222A492A4813F069F92A4B019301230C
:20120000009300234FF4C0722749284813F05EF9274B01930223009300234FF40072254965
:20122000254813F053F9254B01930423009300234FF400722249234813F048F9134B1B6861
:20124000002B02D1FB790133FB71134B1B68002B02D1FB790133FB71124B1B68002B02D1AB
:20126000FB790133FB71124B1B68002B02D1FB790133FB71114B1B68002B02D1FB790133E3
:20128000FB71FB7918460837BD4680BD683400200071020049900100F037002010710200BE
:2012A000F1A20100E82F002024710200B96E01009034002034710200E99901002030002026
:2012C00048710200217A010080B582B000AF0023FB7100220121142012F0E6F903462C4AFA
:2012E0005360002201210A2012F0DEF90346294A536000224FF43071142012F0D5F9034632
:20130000254A536000220121142012F0CDF90346224A536000221421322012F0C5F9034651
:201320001F4A5360042012F04BFA03461C4A9360174B5B68002B02D1FB790133FB71154BED
:201340005B68002B02D1FB790133FB71134B5B68002B02D1FB790133FB710F4B5B68002B3D
:2013600002D1FB790133FB710D4B5B68002B02D1FB790133FB710A4B9B68002B02D1FB798F
:201380000133FB71FB7918460837BD4680BD00BFE82F0020F037002090340020683400207F
:2013A0002030002080B582B002AF0A4B0093002301220A21084814F095FA0346074A9360DC
:2013C000064B9B68002B01D1012300E000231846BD4680BDA56E010058710200E82F0020E1
:2013E00080B582B000AF0023FB71FFF76DFF0346002B02D0FB790133FB71FFF7D3FF03467B
:20140000002B02D0FB790133FB71FFF7DDFE0346002B02D0FB790133FB71FB79184608377F
:20142000BD4680BD80B588B000AF78600023FB7700237B612C4810F0A5FE78617B69002BE5
:2014400001D07B694CE007F108031946264810F0BCFE78613B7A002B06D0FB7F0133FB7772
:20146000FB7F052BEFD900E000BF7B69002B33D13B7A002B30D107F10C031A460B211A4872
:2014800010F0BAFE07F10C0302331A460C21164810F0B2FE07F10C0304331A460D21124897
:2014A00010F0AAFE0023BB6113E0BB695B0020333B4433F8143CB3F5006F8CBF01230023DD
:2014C000D9B2BB697A6813440A461A70BB690133BB61BB69022BE8DD034810F065FE7B692E
:2014E00018462037BD4680BD084400202DE9F04385B002AF0023FB7162B600BFFFF704FEFE
:201500000AF0E6F90346002B07D1012140F20710FFF786F8012005F0F5FEFFF7F5FD03F0E3
:2015200027F90120FFF746FC03F0FCFC03461A46FB791344FB7104F033FA012004F080F9B8
:2015400003461D46022004F07BF903461E46032004F076F903469846042004F071F9034630
:201560009946052004F06CF903461C46062004F067F90346019300944B464246314628467A
:2015800004F07AFA0748FFF74DFF0346002B04D1054A137943F01003137100BF0C37BD465F
:2015A000BDE8F083340E0020B00E002080B485B000AF0346FB710023FB600DE00C4AFB68E2
:2015C000134493F9003097F907209A4201D1FB6807E0FB680133FB60FB68272BEEDD4FF098
:2015E000FF3318461437BD465DF8047B704700BFE475020080B483B000AF124B1B7801332E
:20160000DAB2104B1A700F4B1B78142B14D90D4B00221A700023FB710BE0FB790A4AD25CCC
:20162000FB7982F00102D1B2074AD154FB790133FB71FB790A2BF0D900BF0C37BD465DF8E8
:20164000047B7047A10E0020880E002080B483B000AF0346FB71FB790A2B01D9002302E07C
:20166000FB79044AD35C18460C37BD465DF8047B704700BF880E002080B489B000AFF86061
:20168000B9607A60FB68FB617B6800221A70FB68002B25D17B681B785A1CD1B27A681170B3
:2016A0009B00BA68134400221A6048E0F969264BA3FB0123DA0813469B0013445B00CA1A51
:2016C0007B681B78591CC8B2796808709B00B9680B441A60FB691C4AA2FB0323DB08FB61FB
:2016E000FB69002BE2D10023BB6120E0BB699B00BA6813441B687B617B681B785A1EBB69C0
:20170000D31A9B00BA681A44BB699B00B9680B4412681A607B681B785A1EBB69D31A9B0004
:20172000BA6813447A691A60BB690133BB617B681B785B08DBB21A46BB699342D6DB243794
:20174000BD465DF8047B7047CDCCCCCC80B483B000AF0346FB710B46BB7113467B717B7949
:20176000002B11D1FB79134AD35C5AB2BB79012101FA03F35BB2DB435BB213405AB2FB79FE
:20178000D1B20C4AD1540EE0FB790A4AD35C5AB2BB79012101FA03F35BB213435AB2FB7930
:2017A000D1B2044AD15400BF0C37BD465DF8047B704700BF380E002080B485B000AF3960CD
:2017C00011461A460346FB710B46BB7113467B710023FB813B7F063B0C2B00F2CB8001A22A
:2017E00052F823F03D180100191801004918010075190100551801002518010075190100D8
:201800007519010031180100611801006D1801007918010085180100FB795A4A32F813303A
:20182000FB8135E0FB79584A32F81330FB812FE0FB79564A32F81330FB8129E0FB79544AF1
:2018400032F81330FB8123E0FB79524A32F81330FB811DE0FB79504A32F81330FB8117E0B8
:20186000FB794E4A32F81330FB8111E0FB794C4A32F81330FB810BE0FB794A4A32F813302F
:20188000FB8105E0FB79484A32F81330FB8100BF3A7EBB799A426FD200237B7365E0FA8957
:2018A0007B7B42FA03F303F00103002B2CD03B7E7A7903FB02F27B7B13445B003A681344A3
:2018C0001B781A46394B9B5C5AB23B7E797903FB01F17B7B0B445B0039680B445B78194631
:2018E00001238B405BB2134359B23B7E7A7903FB02F27B7B13445B003A6813441B781A4659
:20190000C9B22A4B99542DE03B7E7A7903FB02F27B7B13445B003A6813441B781A46234B3D
:201920009B5C5AB23B7E797903FB01F17B7B0B445B0039680B445B78194601238B405BB24B
:20194000DB435BB2134059B23B7E7A7903FB02F27B7B13445B003A6813441B781A46C9B251
:20196000124B99547B7B01337B737A7B7B799A4295D302E000BF00E000BF1437BD465DF8F5
:20198000047B7047047502001C75020034750200847502008C75020094750200A475020034
:2019A000D8750200C8750200BC750200380E002080B58AB002AF0346FB710B46BB71134655
:2019C0007B7107F1100300221A605A609A60DA600023FB73FB79052B1BD97B79012B18D154
:2019E000584B1B7823F07F03DBB2002B20D1322003F08BFA534B1B78C3F3C013DBB201332E
:201A000003F00103D9B24F4A137861F3C71313700EE04C4B1B7823F07F03DBB2002B07D033
:201A2000484A137823F0800313705A2003F06DFAFB7907F10F0207F110011846FFF71CFEA8
:201A4000FB7B012B11D14B23002100221846FFF77DFE3B69D8B207230193002300930723B6
:201A60000A223949FFF7A8FE10E04B23002101221846FFF76BFE7B69D8B20723019300236E
:201A8000009307230A223049FFF796FE4A23002101221846FFF75AFE07F11003102200219F
:201AA000184614F06BFEBB7907F10F0207F110011846FFF7E1FDFB7B012B16D13B69D8B22C
:201AC000072301930223009307230A221E49FFF773FE7B69D8B2072301930123009307235F
:201AE0000A221949FFF768FE15E03B69D8B2072301930123009307230A221349FFF75CFE62
:201B00007B69D8B2072301930223009307230A220D49FFF751FE7B79002B06D14723072168
:201B200001221846FFF712FE08E07B79012B05D14723062101221846FFF708FE00BF20371C
:201B4000BD4680BDB00E00200C76020080B582B000AF03460A46FB711346BB71FB79002BA4
:201B60000FD0FB79142B0CD84823002101221846FFF7ECFD47200121BB791A46FFF7E6FD0D
:201B8000B6E0FB79142B15D9FB792D2B12D84823002101221846FFF7D9FD472301210122D0
:201BA0001846FFF7D3FD48200521BB791A46FFF7CDFD9DE0FB792D2B1BD9FB794B2B18D808
:201BC0004823002101221846FFF7C0FD4723012101221846FFF7BAFD482305210122184679
:201BE000FFF7B4FD48200121BB791A46FFF7AEFD7EE0FB794B2B21D9FB795F2B1ED84823DE
:201C0000002101221846FFF7A1FD4723012101221846FFF79BFD4823052101221846FFF7EB
:201C200095FD4823012101221846FFF78FFD48200421BB791A46FFF789FD59E0FB795F2BAE
:201C400027D9FB79632B24D84823002101221846FFF77CFD4723012101221846FFF776FD94
:201C60004823052101221846FFF770FD4823012101221846FFF76AFD482304210122184673
:201C8000FFF764FD47200021BB791A46FFF75EFD2EE0FB79632B24D9482304210122184662
:201CA000FFF754FD4823012101221846FFF74EFD4823052101221846FFF748FD47230121B5
:201CC00001221846FFF742FD4823002101221846FFF73CFD4723002101221846FFF736FDDD
:201CE00006E048200021BB791A46FFF72FFDFFE700BF0837BD4680BD80B58CB002AF034630
:201D0000FB710B46BB7113467B7107F10C0300221A605A609A60DA601A615A610023FB723E
:201D2000002387F82730FB7907F10B0207F10C011846FFF7A1FC7B79002B06D00420FFF72C
:201D400085FC034687F8273002E0012387F8273097F82720FB7911461846FFF7F7FEBB79E9
:201D6000002B40F0BD8097F82730002B56D1FB7A012B1AD14E23002100221846FFF7E6FC1D
:201D8000072301930423009307230A2256490A20FFF712FD072301930323009307230A22DA
:201DA00051490A20FFF708FD94E0FB7A022B1AD14E23002100221846FFF7C8FC07230193D9
:201DC0000323009307230A2247490A20FFF7F4FC072301930423009307230A2242490A20D1
:201DE000FFF7EAFC76E04E23002100221846FFF7ADFC072301930323009307230A223A49B0
:201E00000A20FFF7D9FC072301930423009307230A2235490A20FFF7CFFC5BE0FB7A012BBA
:201E20001CD14E23002100221846FFF78FFCFB68D8B2072301930423009307230A222A49F4
:201E4000FFF7BAFC3B69D8B2072301930323009307230A222449FFF7AFFC3BE0FB7A022B10
:201E60001CD14E23002100221846FFF76FFCFB68D8B2072301930323009307230A221A49E5
:201E8000FFF79AFC3B69D8B2072301930423009307230A221449FFF78FFC1BE04E2300214F
:201EA00001221846FFF752FC3B69D8B2072301930323009307230A220B49FFF77DFC7B69BB
:201EC000D8B2072301930423009307230A220649FFF772FC4523042101221846FFF736FCC1
:201EE00000BF2837BD4680BD0C76020080B483B000AF0346FB80FB88642B02D9FB88742B17
:201F000005D9FB88772B04D9FB887E2B01D8012300E0002303F00103DBB218460C37BD468D
:201F20005DF8047B7047FFFF80B483B000AF0346FB71FB79042B17D801A252F823F000BFFC
:201F4000551F0100591F01005D1F0100611F0100651F0100012308E0022306E0032304E0EF
:201F6000042302E0052300E0052318460C37BD465DF8047B704700BFB0B586B000AF0023CD
:201F8000FB8200237B7504233B750023FB740023BB7400237B7470E07B7C184606F0FEFC4F
:201FA0000346FB80FB88002B61D0FB881846FFF79DFF0346002B15D09B4B1B78012B0CD130
:201FC0009A4B1B78012B05D9984B02221A700123BB7407E00023BB7404E0934B01221A70F3
:201FE0000023BB740023FB603DE09149FA6813465B0013445B000B441B88FA889A422FD102
:202000008B49FA6813465B0013445B000B4402331B783A7D9A422CD3864B01221A70844930
:20202000FA6813465B0013445B000B4402331B783B75FB88FB827E49FA6813465B001344DD
:202040005B000B4403331B78FB747949FA6813465B0013445B000B4404331B787B7508E023
:20206000FB680133FB60FB687F2BBED902E000BF00E000BF7B7C01337B747B7C042B8BD9E6
:20208000FB7C002B02D16B4B00221A70694B1B78002B00F0C580644B1B78002B05D0BB7C49
:2020A000002B02D01C23FB740BE05F4B1B78002B07D0BB7C83F00103DBB2002B01D01923D8
:2020C000FB740524002506F0B3FB03461A4629462046FFF73BFBFB8A002B00F09C80FB7CC2
:2020E000002B00F098803B7D1846FFF71DFF03467B727B7A013B50497A7A01F813207B7A70
:20210000013B4D4A5B001344FA7C5A700023FB720023BB720FE0BB7A474A12F81330002BED
:2021200006D0BB7A444A5B0013445B78FB7205E0BB7A0133BB72BB7A042BECD9FB7A002BD0
:2021400057D0FB7A9AB27B7A1146184601F092FB0346FB7201F0C8FBFB7A193B062B42D8F1
:2021600001A252F823F000BF8521010093210100A1210100AF210100BD210100CB210100E4
:20218000D92101000E230D222C492D4801F0B0FE2AE000232E2200212A4801F0A9FE23E0B0
:2021A00011230E222849294801F0A2FE1CE00F2308222749274801F09BFE15E00C230E2233
:2021C0002549264801F094FE0EE00D230A222449244801F08DFE07E00A23082222492348ED
:2021E00001F086FE00E000BF124B00221A7002F097FA7B7D002B12D07B7D012B02D0022B17
:2022000007D007E02423072101221846FFF79EFA00E000BF03E0074B00221A7000E000BF63
:2022200000BF1837BD46B0BDAD0E0020AE0E002004720200A60E0020940E0020447A02009B
:20224000547A0200647A0200947A0200A87A0200B87A0200C87A0200D07A0200DC7A02007E
:20226000EC7A0200FC7A0200087B0200147B020080B500AF5E4A537843F0400353705C4A32
:20228000537843F080035370594A937843F00103937006F041FA0346012B0BD10120FFF779
:2022A000D5F9034603F00103D9B2514A537861F38613537006F0A0FA0346012B15D1022062
:2022C000FFF7C4F9034603F00103D9B2484A537861F3C713537024200721454B5B78C3F3AD
:2022E000C013DBB21A46FFF731FA06F093FA0346012B15D10320FFF7A9F9034603F0010324
:20230000D9B23B4A937861F30003937024200721374B9B78C3F30003DBB21A46FFF716FA9B
:2023200006F0ECF90346012B0DD106F0F5F90346002B08D1172001F01FFB2D4A537843F087
:202340004003537013E006F0E7F90346012B03D1182001F011FB0AE0172001F05FFA18208D
:2023600001F05CFA224A537823F040035370052002211F4B5B78C3F38013DBB21A46FFF715
:20238000E5F9FFF7F9FD06F037FA0346012B09D1042001F0F1FA4F23062101221846FFF7ED
:2023A000D5F907E0042001F039FA114A537823F08003537006F02EFA0346012B03D1032017
:2023C00001F0DAFA07E0032001F028FA084A937823F0010393704F200521054B9B78C3F3F6
:2023E0000003DBB21A46FFF7B1F900BF80BD00BFB00E002080B58CB002AF03463960FB7144
:202400001346BB7107F10C0300221A605A609A60DA601A615A610023FB72002387F82730E7
:202420003B68AB4AA2FB0323DB083B6007F10B0207F10C0319463868FFF71EF90A2303215A
:2024400000221846FFF782F90923032100221846FFF77CF90823032100221846FFF776F91C
:202460000723032100221846FFF770F90623032100221846FFF76AF9BB79002B0CD00520A9
:20248000FFF7E4F8034687F8273097F82730002B05D10A23FB7202E0012387F82730FB797A
:2024A000032B4AD801A252F823F000BFBD240100CD240100EB240100092501000A200321AC
:2024C00097F827301A46FFF741F937E00920032197F827301A46FFF739F90820032197F8D9
:2024E00027301A46FFF732F928E00920032197F827301A46FFF72AF90720032197F827301F
:202500001A46FFF723F919E00A23032101221846FFF71CF90923032101221846FFF716F99D
:202520000823032101221846FFF710F90723032101221846FFF70AF900E000BF062003211B
:2025400097F827301A46FFF701F9FB7A012B3DD13E23002100221846FFF7F8F8FB68D8B2C1
:20256000072301930923009307230A225949FFF723F93B69D8B20723019308230093072300
:202580000A225449FFF718F97B69D8B2072301930723009307230A224E49FFF70DF9BB6975
:2025A000D8B2072301930623009307230A224949FFF702F9FB69D8B20723019305230093D7
:2025C00007230A224349FFF7F7F880E1FB7A022B3DD13E23002100221846FFF7B7F8FB6819
:2025E000D8B2072301930823009307230A223949FFF7E2F83B69D8B2072301930923009382
:2026000007230A223349FFF7D7F87B69D8B2072301930723009307230A222E49FFF7CCF8B3
:20262000BB69D8B2072301930623009307230A222849FFF7C1F8FB69D8B207230193052328
:20264000009307230A222349FFF7B6F83FE1FB7A032B41D13E23002100221846FFF776F846
:20266000FB68D8B2072301930723009307230A221849FFF7A1F83B69D8B207230193082395
:20268000009307230A221349FFF796F87B69D8B2072301930923009307230A220D49FFF7E4
:2026A0008BF8BB69D8B2072301930623009307230A220849FFF780F8FB69D8B207230193AE
:2026C0000523009307230A220249FFF775F8FEE0CDCCCCCC0C760200FB7A042B3DD13E2395
:2026E000002100221846FFF731F8FB68D8B2072301930623009307230A227A49FFF75CF850
:202700003B69D8B2072301930723009307230A227449FFF751F87B69D8B207230193082367
:20272000009307230A226F49FFF746F8BB69D8B2072301930923009307230A226949FFF79B
:202740003BF8FB69D8B2072301930523009307230A226449FFF730F8B9E0FB7A052B3DD172
:202760003E23002100221846FEF7F0FFFB68D8B2072301930523009307230A225949FFF71F
:202780001BF83B69D8B2072301930623009307230A225449FFF710F87B69D8B20723019361
:2027A0000723009307230A224E49FFF705F8BB69D8B2072301930823009307230A2249496A
:2027C000FEF7FAFFFB69D8B2072301930923009307230A224349FEF7EFFF78E0FB7A062BDD
:2027E0003DD13E23002101221846FEF7AFFF3B69D8B2072301930523009307230A223949A6
:20280000FEF7DAFF7B69D8B2072301930623009307230A223349FEF7CFFFBB69D8B2072395
:2028200001930723009307230A222E49FEF7C4FFFB69D8B2072301930823009307230A2202
:202840002849FEF7B9FF3B6AD8B2072301930923009307230A222349FEF7AEFF37E03E23D2
:20286000002100221846FEF771FF072301930523009307230A221B490A20FEF79DFF07233A
:2028800001930623009307230A2216490A20FEF793FF072301930723009307230A22114957
:2028A0000A20FEF789FF072301930823009307230A220C490A20FEF77FFF072301930923C3
:2028C000009307230A2207490A20FEF775FF3E23042101221846FEF739FF00BF2837BD46D7
:2028E00080BD00BF0C76020080B584B002AF0346FB71C34A937843F0020393703E230521AF
:2029000001221846FEF722FFFB79013B052B00F2728101A252F823F0312901009329010043
:20292000092A0100352B01007F2A0100F72B01000B2000F073FF0C2000F070FF0623019360
:202940000023009306230122AE490020FEF734FF082301930023009308230122AA49002060
:20296000FEF72AFF0A230193002300930A230122A6490020FEF720FF0B230421012218467B
:20298000FEF7E4FE0523042101221846FEF7DEFE32E10B2000F042FF0C2000F03FFF0623CF
:2029A0000193002300930623012296490120FEF703FF0823019300230093082301229249EC
:2029C0000120FEF7F9FE0A230193002300930A2302228E490120FEF7EFFE0A230193012363
:2029E00000930A23022289490420FEF7E5FE0423002101221846FEF7A9FE0B23042101224A
:202A00001846FEF7A3FEF7E00B2000F007FF0C2000F004FF062301930023009306230122EC
:202A200078490120FEF7C8FE08230193002300930823012274490220FEF7BEFE0A230193E5
:202A4000002300930A23022270490220FEF7B4FE0A230193012300930A2302226B4905204B
:202A6000FEF7AAFE0B23042101221846FEF76EFE0423042101221846FEF768FEBCE006209A
:202A8000FEF7E4FD034603F00103D9B25C4A937861F34103937006230193002300930623AD
:202AA000012258490220FEF787FE08230193002300930823012254490320FEF77DFE0A2396
:202AC0000193002300930A23022250490320FEF773FE0A230193012300930A2302224B49DC
:202AE0000620FEF769FE464B9B7803F00203DBB2002B06D03E23012101221846FEF726FE0D
:202B000005E03E23012100221846FEF71FFE0B23042101221846FEF719FE3E230221012234
:202B20001846FEF713FE0B2000F078FE0C2000F023FF61E00620FEF789FD034603F0010340
:202B4000D9B22F4A937861F3410393700623019300230093062301222A490220FEF72CFE58
:202B600008230193002300930823012226490320FEF722FE0A230193002300930A23022223
:202B800022490320FEF718FE0A230193012300930A2302221D490620FEF70EFE184B9B78D0
:202BA00003F00203DBB2002B06D03E23072101221846FEF7CBFD05E03E23072100221846DA
:202BC000FEF7C4FD0B23042101221846FEF7BEFD3E23022101221846FEF7B8FD3E23062184
:202BE00001221846FEF7B2FD0C2000F017FE0B2000F0C2FE00E000BF00BF0837BD4680BDC7
:202C0000B00E0020F0760200FC7602000C77020080B58CB002AF786007F1100300221A60D4
:202C20005A609A60DA601A615A610023FB7307F10F0207F1100319467868FEF71DFDFB7B07
:202C4000012B1CD14623002100221846FEF77EFD3B69D8B20B230193032300930B230422E4
:202C60002A49FEF7A9FD7B69D8B20B230193022300930B2304222549FEF79EFD3BE0FB7B7B
:202C8000022B1CD14623002100221846FEF75EFD3B69D8B20B230193022300930B230422C4
:202CA0001A49FEF789FD7B69D8B20B230193032300930B2304221549FEF77EFD1BE04623C7
:202CC000002101221846FEF741FD7B69D8B20B230193022300930B2304220C49FEF76CFD30
:202CE000BB69D8B20B230193032300930B2304220649FEF761FD4723052101221846FEF7AF
:202D000025FD00BF2837BD4680BD00BF9876020080B58CB002AF0346FB800B467B711346E8
:202D20003B7107F10C0300221A605A609A60DA601A615A610023FB72002387F827307B79A3
:202D4000002B05D1FB88614AA2FB03235B09FB80FB8807F10B0207F10C011846FEF78CFC3A
:202D60003B79012B0CD10520FEF770FC034687F8273097F82730002B05D10423FB7202E094
:202D8000012387F82730FB7A013B032B7CD801A252F823F0A52D0100DF2D0100192E0100DE
:202DA000532E01004323072100221846FEF7CEFCFB68D8B20B230193012300930B2304220A
:202DC0004349FEF7F9FC3B69D8B20B230193002300930B2304223E49FEF7EEFC55E0432382
:202DE000072100221846FEF7B1FCFB68D8B20B230193002300930B2304223549FEF7DCFC85
:202E00003B69D8B20B230193012300930B2304222F49FEF7D1FC38E0432307210122184656
:202E2000FEF794FC3B69D8B20B230193002300930B2304222649FEF7BFFC7B69D8B20B2358
:202E40000193012300930B2304222149FEF7B4FC1BE04323072100221846FEF777FC0B2325
:202E60000193002300930B23042219490A20FEF7A3FC0B230193012300930B23042214496A
:202E80000A20FEF799FC00E000BF7B79002B0DD14120032197F827301A46FEF757FC40236C
:202EA000072100221846FEF751FC0BE04123032100221846FEF74AFC4023072101221846EE
:202EC000FEF744FC00BF2837BD4680BD1F85EB5198760200B0B58AB000AF0346FB71444BDD
:202EE00007F10C041D460FCD0FC42B682380002387F827301CE097F8273028333B4413F8C2
:202F00001C3C1A463B4B13F8120097F8273028333B4413F81C3C374A5B0013445B7800220B
:202F20001946FEF713FC97F82730013387F8273097F82730112BDED9FB790A2B0CD1442378
:202F4000032100221846FEF701FC3E23032100221846FEF7FBFB48E04423032101221846B7
:202F6000FEF7F4FB3E23032101221846FEF7EEFBFB79092B38D8FA7913461B0113441E4A2A
:202F800013443B621123FB77002387F826301CE097F826303A6A134493F900301A46154B47
:202FA00013F8120097F826303A6A134493F90030104A5B0013445B7801221946FEF7C6FB41
:202FC00097F82630013387F8263097F82620FB7F9A420AD297F826303A6A134493F9003060
:202FE000B3F1FF3FD4D100E000BF2837BD46B0BD1C7B020068710200507D0200B0B584B000
:2030000000AF0346FB71BE4A937843F008039370BB4A937843F010039370B94A937823F07E
:2030200004039370062000F0F9FB0F2000F0F6FB102000F0F3FB112000F0F0FB122000F030
:20304000EDFB132000F0EAFB05F022FB0346FB730B23072101221846FEF778FB4F230721DE
:2030600001221846FEF772FB4723042101221846FEF76CFB02F066FD03461C4602F0A6FD6C
:2030800003461D4602F0DEFD03461A4629462046FEF78EFCFB79032B02D0FB79042B06D1CC
:2030A000FB790133DBB21846FFF71EFC05E005F0FBFA03461846FFF717FC05F081FB034634
:2030C000BB73FB7B052B05D88D4A537843F00103537004E08A4A537823F001035370BB7B10
:2030E000012B69D1FB7B9BB2002201211846FFF70FFE834B5B78C3F30003DBB21A46FB7B45
:2031000001211846FEF7F8FD0D2000F087FB152000F084FB0E2000F081FB442301210022BD
:203120001846FEF713FB48200321BB7B1A46FEF70DFB4F23072100221846FEF707FB472394
:20314000042100221846FEF701FBBB7B012B40F0BC806C4B1B781D2B0CD9482307210122DE
:203160001846FEF7F3FA674B1B780133DAB2654B1A7005E0634B1B780133DAB2614B1A70B4
:20318000604B1B78632B10D94824062505F026FB03461A4629462046FEF7D8FA0F2000F069
:2031A000EBFB584B6E221A708FE0564B1B780133DAB2544B1A7088E0524B00221A7005F03A
:2031C0004FFA03461C4605F04FFC03461A4600212046FFF79DFD4A4B5B78C3F30003DBB24D
:2031E0001A46FB7B00211846FEF786FD464B1B78002B08D105F01AFA0346002219460020E7
:20320000FFF7F8F861E0404B1B78012B0ED1002005F0F0F903461946394B1B78C3F3401398
:20322000DBB21A460120FFF7E5F84EE0364B1B78022B0ED1012005F0DDF903461946304B50
:203240001B78C3F34013DBB21A460220FFF7D2F83BE02D4B1B78032B37D1294B1B7803F0AD
:203260002003DBB2002B16D00720FEF7EFF9034603F00103D9B2224A937861F3820393706B
:203280000B2005211E4B9B78C3F38003DBB21A46FEF75CFA11E00B23052101221846FEF735
:2032A00055FA01F0D5FA0346002B03D00D2000F063FB02E00D2000F0B1FA05F0B7F90346A5
:2032C000002219460020FFF795F805F0BDF903461846FFF79DFC05F065FA0346012B15D13A
:2032E0000A2000F049FB0820FEF7B0F9034603F00103D9B2024A937861F3C30393700DE07E
:20330000B00E0020C60E0020AB0E00203D4A937823F0080393700A2000F080FA4020042136
:20332000384B9B78C3F3C003DBB21A46FEF70EFA05F02AFA0346012B09D1052301210122BF
:203340001846FEF703FA162000F016FB02E0162000F064FA05F00AFA0346012B0CD109200C
:20336000FEF774F9034603F00103D9B2254A937861F3041393700FE005F0EAF90346012BFC
:2033800005D1204A937843F01003937004E01D4A937823F01003937005200321194B9B785A
:2033A000C3F30013DBB21A46FEF7D0F94D24002505F0C0F903461A4629462046FEF7C6F923
:2033C000402005210F4B1B78C3F38003DBB21A46FEF7BCF9402006210A4B1B78C3F3001372
:2033E000DBB21A46FEF7B2F944200221054B1B78C3F3C003DBB21A46FEF7A8F900BF1037D4
:20340000BD46B0BDB00E002080B485B000AFB9607A603B600346FB81BB681A78FB8925494C
:20342000A1FB03135B099BB2DBB21344DAB2BB681A707B681878FA891E4BA3FB0213590998
:203440000B461B015B1A9B00D31A9BB2DBB20344DAB27B681A707B681B783B2B0BD97B6845
:203460001B783C3BDAB27B681A70BB681B780133DAB2BB681A70BB681B780C2B09D9BB6834
:203480001B780C3BDAB2BB681A703B6801221A7009E0BB681B78002B05D1BB680C221A704E
:2034A0003B6800221A7000BF1437BD465DF8047B704700BF8988888880B584B000AF0346E4
:2034C000FB710023FB730023BB7300237B73B14A937823F020039370AE4A937823F0100325
:2034E00093700B23072101221846FEF72FF902F029FB0346FB7302F069FB0346BB7302F049
:20350000A1FB03467B737A7BB97BFB7B1846FEF74FFA05F02BF90346012B0CD10920FEF714
:2035200095F8034603F00103D9B29A4A937861F3041393700FE005F00BF90346012B05D1A3
:20354000944A937843F01003937004E0914A937823F010039370052003218E4B9B78C3F35B
:203560000013DBB21A46FEF7F1F805F029F90346002B16D10A20FEF769F8034603F001033B
:20358000D9B2844A937861F34513937048200321804B9B78C3F34013DBB21A46FEF7D6F8F5
:2035A0007DE005F00DF9034603F00103D9B2794A937861F38613937048200321754B9B78CB
:2035C000C3F38013DBB21A46FEF7C0F8714B9B7803F04003DBB2002B5ED06F4B1B781D2B88
:2035E0000CD94823072101221846FEF7AFF86A4B1B780133DAB2684B1A7005E0664B1B78C8
:203600000133DAB2644B1A70634B1B78632B3CD905F0E4F80346002B0ED0062000F0FEF89E
:203620004823062101221846FEF790F8594A937843F02003937024E04823072100221846DC
:20364000FEF784F80A20FEF701F8034603F00103D9B2504A937861F3451393704820032136
:203660004C4B9B78C3F34013DBB21A46FEF76EF80523002101221846FEF768F8062000F01A
:203680007BF9454B6E221A7009E0434B1B780133DAB2414B1A7002E03F4B00221A7004F020
:2036A000F7FF03463B73FB79052B60D13B4B00221A804723022101221846FEF747F805F0CF
:2036C0008DF80346002B1CD005F0C2F90346FB72FB7ABB2B05D0FB7A002B02D0FB7AAB2BB2
:2036E00005D14723032101221846FEF72FF84823022101221846FEF729F8062000F08EF808
:2037000024E04823072100221846FEF71FF80A20FDF79CFF034603F00103D9B21D4A937890
:2037200061F345139370482003211A4B9B78C3F34013DBB21A46FEF709F80523002101227E
:203740001846FEF703F8062000F016F93B7B012201211846FEF7D0FA3B7B642B03D1132092
:2037600000F00AF922E0102000F006F91EE03B7B002201211846FEF7BFFA084B1B88B3F593
:20378000FA7F0DD3054B4FF4FF721A80122000F0F3F80BE0B00E0020C70E0020C80E002071
:2037A0001D4B1B8801339AB21B4B1A8004F07CFF03461846FFF798F83B7B9BB2002201219B
:2037C0001846FFF7A5FA04F03FFF03461846FFF71FFA4F23072100221846FDF7B7FF4723E0
:2037E000042100221846FDF7B1FF04F0DBFF0346012B09D10A2000F0BFF8402304210122E7
:203800001846FDF7A3FF02E00A2000F007F800BF1037BD4680BD00BFC80E002080B485B055
:2038200000AF0346FB800023FB7316E0FB7B104A5B0013445B781A46FB8893420AD1FB7B30
:203840000B4A002102F81310FB7B094A5B00134400225A70FB7B0133FB73FB7B042BE5D9F3
:2038600000BF00BF1437BD465DF8047B704700BF940E002080B485B000AF03460A46FB7153
:203880001346BB800023FB81FB79013B1549FA7901F81320FB79013BBA88D1B2114A5B001D
:2038A00013440A465A7000237B7310E07B7B0D4A12F81330002B05D07B7B0A4A5B00134400
:2038C0005B7808E00023FB817B7B01337B737B7B042BEBD9FB8918461437BD465DF8047B89
:2038E000704700BF940E002080B588B002AF204B3B610023FB7515E02020FDF757FE786082
:203900007B68B3F1FF3F0AD07B68D8B20E230193FB7D00930E231C223969FDF74DFFFB7D02
:203920000133FB75FB7D0D2BE6D9124BFB600023BB7515E02020FDF739FEB860BB68B3F12A
:20394000FF3F0AD0BB68D8B20E230193BB7D00930E231C22F968FDF72FFFBB7D0133BB7584
:20396000BB7D0D2BE6D900BF00BF1837BD4680BD347702005077020090B595B002AF034611
:20398000FB80FF2387F84730BF4B1B7883F00103DBB2002B00F04282FB88DBB2013B172B86
:2039A00046D801A252F823F0093A0100093A0100093A0100093A0100093A0100113A010049
:2039C000113A0100093A0100093A0100113A0100193A0100193A0100193A0100193A010077
:2039E000213A0100213A0100213A0100213A0100213A0100193A0100193A0100293A0100EF
:203A0000293A0100293A0100012387F8473010E0022387F847300CE0032387F8473008E0C9
:203A2000042387F8473004E0052387F8473000E000BFFA8897F8473011461846FFF71AFF7C
:203A40000346FB80FFF750FFFB88DBB2013B172B00F2DF8101A252F823F000BFBD3A0100C6
:203A60005B3B0100753B0100833B0100913B01009F3B0100433C0100AD3B0100273C0100CA
:203A8000353C0100513C01005F3C01006D3C01007B3C0100153D0100233D0100A33D010093
:203AA000B13D0100BF3D0100CD3D0100DB3D0100E93D0100F73D0100053E0100734B07F1A0
:203AC0002C040FCB07C42380714B1B78062B09D107230E226F49704800F00AFA6F4B012279
:203AE0001A709BE100233B6409E03B6C083348333B445F2203F81C2C3B6C01333B64644B4C
:203B00001B781A463B6C9342EFDB07F12C010E230E22614800F0ECF9614B1B785A1CD1B230
:203B20005F4A1170322B40F276815D4B00221A705C4B00221A70564B1B785A1C5A4B83FB61
:203B4000021313449910D317C91A0B46DB005B1AD11ACAB24E4B1A705DE14D4B00221A70D6
:203B6000504B00221A700A230F225049504800F0BFF953E10D230A224E494F4800F0B8F968
:203B80004CE106230C224D494D4800F0B1F945E10B230B224B494C4800F0AAF93EE10F234F
:203BA0000B224A494A4800F0A3F937E1494B07F11C040FCB07C423800023FB6309E0FB6B4B
:203BC000083348333B445F2203F82C2CFB6B0133FB63414B1B781A46FB6B9342EFDB07F168
:203BE0001C0000230E22002100F082F92D4B1B785A1CD1B22B4A1170092B40F20E81294B67
:203C000000221A70344B1B785A1C344B83FB02135910D317C91A0B469B000B44D11ACAB286
:203C20002D4B1A70F9E0092307222D492D4800F05FF9F3E007230A222B492C4800F058F9CF
:203C4000ECE008230C222A492A4800F051F9E5E00F2308222849294800F04AF9DEE00F23FA
:203C600008222749254800F043F9D7E00D2308222449254800F03CF9D0E00D230D22234986
:203C8000234800F035F9C9E0A60E00201C7D0200A20E0020307B0200387B02009F0E002084
:203CA000CA0E0020CB0E002093244992487B0200547B0200647B0200747B0200807B02001C
:203CC000887B0200947B0200A07B0200B07B0200C07B02002C7D0200CC0E00206766666609
:203CE000CC7B0200D87B0200E07B0200E87B0200F47B0200FC7B0200087C0200187C02005E
:203D0000207C0200307C0200407C0200487C0200587C02000A2308224249434800F0E8F8C0
:203D20007CE007F1100300221A605A601A8101F009FF0346FB7301F049FF0346BB7301F0DA
:203D400081FF03467B7304F097FC0346184607F10D0307F10E0207F10F01FFF755FB7B7B2A
:203D6000002B0BD1FB7B1A46BB7B07F11000009313462E4A0A2112F0CDFC0AE0FB7B1A460E
:203D8000BB7B07F1100000931346294A0A2112F0C1FC07F110010A230F22264800F0A8F837
:203DA0003CE00A2308221F491F4800F0A1F835E00A230E221B49204800F09AF82EE00A233D
:203DC00007221E491E4800F093F827E00F230A221C491D4800F08CF820E00C230D221B490D
:203DE0001B4800F085F819E007230A2219491A4800F07EF812E008230E221849184800F07C
:203E000077F80BE0082308221649144800F070F804E000BF02E000BF00E000BF4C37BD4677
:203E200090BD00BF687C0200407C0200747C0200847C0200947C0200A47C0200B47C020078
:203E4000C07C0200C87C0200D87C0200E47C0200587C0200E07B0200F07C0200FC7C02000B
:203E6000047D0200147D020080B588B002AF03463960FB711346BB7100237B613B68002B6E
:203E80002DD0FB79012B02D1174B7B6104E0FB79022B01D1154B7B610023FB741AE0FB7CDE
:203EA0003A68134493F900301846FDF77FFBF860FB68B3F1FF3F0AD0FB68D8B20E23019358
:203EC000FB7C00930E231C227969FDF775FCFB7C0133FB74FA7CBB799A42E0D300E000BF30
:203EE0001837BD4680BD00BF34770200BC78020080B588B000AFF860B96011461A460B46FC
:203F0000FB711346BB71FB79013BFB71BB79013BBB71FB68002B6FD0FB790E2B0FD87B4BD1
:203F200000221A70794B00225A80784B00221A71FB791A46F9680120FFF796FF65E0734BC1
:203F40001B78002B08D1714B01221A706F4B00225A806E4B00221A716C4B5B88952B0BD808
:203F60000E22F9680120FFF77FFF684B5B8801339AB2664B5A8038E0644B5A88644BA3FB84
:203F80000213D9080B469B000B4499000B44D31A9BB2002B13D15D4B1B7903F10E02FB790B
:203FA0009A4206DA594B1B790133DAB2574B1A7105E0564B00221A71544B00225A80534BB4
:203FC0001B791A46FB681344FB61504B1B79FA79D31AFB76FB7E0E2B28BF0E23BB76BB7EA3
:203FE0001A46F9690120FFF73FFF484B5B8801339AB2464B5A8008E0444B00221A70434B98
:2040000000225A80414B00221A71BB68002B6FD0BB790E2B0FD83F4B00221A703D4B0022AA
:204020005A803C4B00221A71BB791A46B9680220FFF71AFF65E0374B1B78002B08D1354BAE
:2040400001221A70334B00225A80324B00221A71304B5B88952B0BD80E22B9680220FFF7A5
:2040600003FF2C4B5B8801339AB22A4B5A8038E0284B5A88264BA3FB0213D9080B469B00B7
:204080000B4499000B44D31A9BB2002B13D1214B1B7903F10E02BB799A4206DA1D4B1B79B0
:2040A0000133DAB21B4B1A7105E01A4B00221A71184B00225A80174B1B791A46BB68134429
:2040C0007B61144B1B79BA79D31AFB74FB7C0E2B28BF0E23BB74BB7C1A4679690220FFF7FA
:2040E000C3FE0C4B5B8801339AB20A4B5A8008E0084B00221A70074B00225A80054B00226F
:204100001A7100BF2037BD4680BD00BFB80E00201F85EB51C00E002080B582B000AF0346EC
:20412000FB716F4B1B7903F02003DBB2002B40F07C810420FCF78CFA0346002B02D0694B33
:2041400001221A70674B1B78002B27D00420FCF77FFA0346002B21D1624B00221A70624B4F
:2041600000221A70614B00221A805D4AD37843F00203D3705E4B1B78002B04D1584AD37895
:2041800043F00103D37000F063FB0346002B05D0002000F041FB0D20FFF740FB504BDB7876
:2041A00003F00203DBB2002B33D04D4BDB7803F00103DBB2002B2CD00220FFF72FFB012053
:2041C000FFF72CFB4B4B00221A70FB79022B0BD1494B1B785A1CD1B2474A1170012B0ED9BE
:2041E000454B00221A700AE0434B1B785A1CD1B2414A1170022B02D93F4B00221A70384AB3
:20420000937843F080039370354AD37823F00203D370334B9B7823F07F03DBB2002B1AD0ED
:20422000354B1B78032B16D1304B1B8801339AB22E4B1A802D4B1B88B3F5FA7F0BD32B4B15
:2042400000221A80284B01221A70254AD37823F00103D37073E0224B9B7823F07F03DBB279
:20426000002B1AD0244B1B78022B16D81F4B1B8801339AB21D4B1A801C4B1B88B3F5FA7F52
:204280000BD31A4B00221A80174B01221A70144AD37823F00103D37051E0114B9B7823F05A
:2042A0007F03DBB2002B29D1134B1B78022B25D80E4B1B8801339AB20C4B1A800B4B1B8849
:2042C000B3F5FA7F1AD3084B01221A70074B00221A80034AD37823F00103D3702FE000BF02
:2042E000B00E0020CD0E0020A00E0020A40E00209E0E0020CE0E0020AB0E00204D4B9B78F9
:2043000023F07F03DBB2002B19D14B4B1B78032B15D14A4B1B8801339AB2484B1A80474BB2
:204320001B88B3F5FA7F0AD3454B01221A70434B00221A803F4AD37823F00103D3703D4B9F
:204340009B7823F07F03DBB2002B6ED03A4B1B78002B04D1374A937823F080039370364B01
:204360001B78032B0AD100F073FA034683F00103DBB2002B02D00E20FFF7FEFA0320FCF7C8
:2043800067F90346002B08D02E4B1B780133DAB22C4B1A70294B00221A802A4B1B78952BAC
:2043A00029D9244A137823F020031370254B00221A70204A937823F0800393701E4B1B7823
:2043C000012B02D1012004F0ADFD1B4B1B78022B02D1012004F0BCFD174B1B78032B06D15E
:2043E0000E20FFF71BFA012000F016FA1DE01520FFF714FA19E0134B1B78002B10D00D4AE1
:20440000137843F0200313700B4B1B78032B03D01520FFF7B1FA08E00E20FFF7ADFA04E0E1
:20442000044A137823F02003137000BF0837BD4680BD00BFB00E0020AB0E0020A40E002064
:20444000A00E0020CE0E002080B500AF3F4B9B7823F07F03DBB2002B6AD100F0F9F903465E
:2044600083F00103DBB2002B62D0394B1B78032B5ED00320FCF7ECF80346012B02D1354BA6
:2044800001221A70334B1B78002B0ED00320FCF7DFF80346002B08D12E4B00221A702E4B7D
:2044A0001B780133DAB22C4B1A702B4B1B78002B05D02A4B1B780133DAB2284B1A70264B69
:2044C0001B78022B24D9214A137943F020031371214B1B78032B15D9214B1B78002B03D036
:2044E0001F4B1B78022B06D10220FFF745FA1C4B02221A700CE0194B00221A700120FFF73C
:204500003BFA05E0154B00221A700120FFF734FA124B1B78632B17D90C4A137923F02003AA
:2045200013710E4B00221A700B4B00221A700BE0094B00221A70054A137923F02003137170
:20454000064B00221A7000BF00BF80BDB00E0020AB0E0020CF0E00209E0E0020D00E002025
:204560009F0E002080B483B000AF0346FB71044AFB79137000BF0C37BD465DF8047B7047CE
:20458000AC0E002080B483B000AF0346FB71044AFB79137000BF0C37BD465DF8047B7047A1
:2045A000AB0E002080B500AF134A937823F080039370114A137823F0200313700F4B002222
:2045C0001A70002000F028F90D4B00221A700D4B00221A800C4B1B78032B02D10A4B0022A6
:2045E0001A701520FFF71AF90E20FFF717F90D20FFF714F900BF80BDB00E00209E0E0020E9
:20460000A00E0020A40E0020AB0E002080B400AF044B9B78C3F3C013DBB21846BD465DF810
:20462000047B7047B00E002080B400AF034B1B781846BD465DF8047B704700BF9F0E00202A
:2046400080B400AF034B1B781846BD465DF8047B704700BFA00E002080B500AF0A4B0022C2
:204660001A700A4B00221A70094B00221A70094A137923F0200313710120FFF7CFF8022016
:20468000FFF7CCF800BF80BD9F0E00209E0E0020A20E0020B00E002080B400AF124A537813
:2046A00023F002035370104A537823F0040353700D4A537823F0080353700B4A537823F0E7
:2046C00010035370094B00221A70094B00221A70084B00221A70084B00221A7000BFBD4644
:2046E0005DF8047B704700BFB00E0020A70E0020A80E0020A90E0020AA0E002080B500AF54
:2047000006220021044812F039F806220021034812F034F800BF80BDB80E0020C00E00203F
:2047200080B500AF022200210C4812F027F8022200210B4812F022F802220021094812F08F
:204740001DF802220021084812F018F802220021064812F013F800BF80BD00BF940E002080
:20476000960E0020980E00209A0E00209C0E0020B0B586B000AF264B3C1D1D460FCD0FC4F7
:204780002B681A46228002341B0C23704023FB70012000F098FB4FF47A710A200EF02CF9A7
:2047A0003B79184600F037FB4FF47A710A200EF023F93B79184600F02EFB3B1D0133032178
:2047C000184600F045FB3B1D04330F21184600F03FFB502200210F4811F0D0FFF81C5023C3
:2047E0000C4A012100F04DFB4FF47A710A200EF003F9C823FB70FB78184600F00CFB4FF456
:204800007A710A200EF0F8F800BF1837BD46B0BD3C7D0200380E002080B582B000AF034697
:20482000FB71FB7903F00103D9B2084A137861F386131370FB79184604F05EFBFB791846D8
:2048400004F0BCFB00BF0837BD4680BDB00E002080B400AF074B1B78C3F38013DBB2002BC8
:2048600014BF01230023DBB21846BD465DF8047B704700BFB00E002080B586B000AF786016
:2048800039600023FB7507F10C0300221A605A601A819F233B7200237B720023BB72002302
:2048A000FB7200214FF48670FBF7BAFE07F10C0107F1080304221846FCF716FA0346FB753F
:2048C00001214FF48670FBF7ABFE7B7B1A04BB7B1B021343FA7B13431A46464B1A60454B5F
:2048E0001B689BB248F21702934244D048F21702934271D844F21A0293421FD844F21102D4
:20490000934269D3A3F58043113B092B64D801A252F823F0CB490100BD490100AF4901005A
:20492000A149010093490100854901007749010067490100574901004749010047F21802E9
:20494000934210D048E07B680A221A703B684FF480621A6049E07B6809221A703B684FF4F8
:2049600000721A6041E07B6808221A703B684FF480721A6039E07B6807221A703B6880224D
:204980001A6032E07B6806221A703B6840221A602BE07B6805221A703B6820221A6024E075
:2049A0007B6804221A703B6810221A601DE07B6803221A703B6808221A6016E07B68022242
:2049C0001A703B6804221A600FE07B6801221A703B6802221A6008E07B6800221A703B6830
:2049E00000221A600123FB7500BFFB7D18461837BD4680BDD40E002080B588B000AF78606D
:204A00000023FB7707F1180300221A601A714B233B7600214FF48670FBF702FE07F108015B
:204A200007F118030D221846FCF75EF901214FF48670FBF7F5FD07F1080305330822194689
:204A40007868FBF751FFFB7F18462037BD4680BD80B584B000AF03463960FB710023FB73CE
:204A600000214FF48670FBF7DBFDFB79012B0AD10523FB7207F10C0107F10B030222184675
:204A8000FCF732F91AE0FB79022B0AD13523FB7207F10C0107F10B0302221846FCF724F920
:204AA0000CE0FB79032B09D11523FB7207F10C0107F10B0302221846FCF716F901214FF4F5
:204AC0008670FBF7ADFD7A7B3B681A70FB7B18461037BD4680BD80B582B000AF0023FB7122
:204AE00006233B7100214FF48670FBF799FD3B1D01211846FCF79CF80346FB7101214FF486
:204B00008670FBF78DFDFB7918460837BD4680BD80B582B000AF0023FB710423BB710021B9
:204B20004FF48670FBF77CFDBB1D01211846FCF77FF80346FB7101214FF48670FBF770FDA0
:204B4000FB7918460837BD4680BD80B584B000AF03463960FB711346BB710023FB7307F190
:204B6000080300221A601A710123BB73BB79002B09D03B681A0EBB7B591CB973D2B2103310
:204B80003B4403F8082C3B681A0CBB7B591CB973D2B210333B4403F8082C3B681A0ABB7B55
:204BA000591CB973D2B210333B4403F8082CBB7B5A1CBA733A68D2B210333B4403F8082CEF
:204BC00000214FF48670FBF72BFDFB79032B1DD0032B27DC012B02D0022B0BD022E0C723AF
:204BE0003B7207F1080301211846FCF721F80346FB731BE0D8233B72BA7B07F10803114690
:204C00001846FCF715F80346FB730FE020233B72BA7B07F1080311461846FCF709F8034676
:204C2000FB7303E0FB7B0133FB7300BF01214FF48670FBF7F5FCFB7B18461037BD4680BDB3
:204C400080B584B000AF78600023FB730523FB7200214FF48670FBF7E3FC07F10C0107F116
:204C60000B0302221846FCF73FF80346FB7301214FF48670FBF7D4FC4FF47A7128200DF033
:204C8000BBFE00237B607B7B03F00103002B02D07B68002BDCD000214FF48670FBF7C0FCB1
:204CA00007F10C0107F10B0302221846FCF71CF80346FB7301214FF48670FBF7B1FC7B7BB9
:204CC00003F00103002B03D0FB7B0133FB7301E00023FB73FB7B18461037BD4680BD80B5C5
:204CE00084B000AF786039600023FB7300214FF48670FBF795FC39687868FBF799FF03469E
:204D0000FB7301214FF48670FBF78AFCFB7B18461037BD4680BD80B586B000AFF860B9606C
:204D20007A603B600023BB750023FB7500214FF48670FBF775FCB968F868FBF779FF034627
:204D4000BB75012138680DF057FEBB7D002B05D139687868FBF79AFF0346FB7501214FF4AC
:204D60008670FBF75DFCFB7D18461837BD4680BD80B584B000AF786039600023FB733868D3
:204D8000FFF75EFFFFF7A7FE39687868FFF7A7FF0346FB733868FFF753FFFFF7B9FEFB7B46
:204DA00018461037BD4680BD80B584B000AF396011461A460346FB710B46BB711346BB80E0
:204DC0000023FB73FFF787FE03461A46FB7B1344FB73BB881846FFF733FF03461A46FB7BFB
:204DE0001344FB73BA79FB7939681846FFF7ADFE03461A46FB7B1344FB73BB881846FFF72C
:204E00001FFF03461A46FB7B1344FB73FB7B18461037BD4680BD80B582B000AF0346FB716A
:204E2000002140F20B40FBF7FBFBFB1D01211846FBF7A8FE012140F20B40FBF7F1FB4FF4FC
:204E40007A7101200DF0D8FD00BF0837BD4680BD80B582B000AF78600B467B80002140F2A9
:204E60000B40FBF7DDFB7B8819467868FBF78AFE012140F20B40FBF7D3FB00BF0837BD4601
:204E800080BD80B584B000AFF8607A601A460B467B8113463B81002140F20B40FBF7C0FB7E
:204EA0007B891946F868FBF76DFE3B8919467868FBF768FE012140F20B40FBF7B1FB00BF7B
:204EC0001037BD4680BD80B582B000AF0346FB71FB79002B03D10020FBF762FD11E05A2031
:204EE000FBF75EFD002140F20B40FBF799FB4FF47A710A200DF080FD012140F20B40FBF7DE
:204F00008FFB00BF0837BD4680BD80B582B000AF0346FB71FB791846FBF742FD00BF0837FD
:204F2000BD4680BD80B582B000AF0023FB7100F010F800F027F80346FB71FB79002B03D05E
:204F400000F020F80346FB71FB7918460837BD4680BD80B500AF00214FF48670FBF760FBB8
:204F600001214FF48670FBF75BFB012140F20330FBF756FB01214FF44170FBF751FB00BFB1
:204F800080BDFFFF80B582B000AF0023FB71474B012283F82F2000233B603A46BB1D114645
:204FA0001846FFF769FC0346002B07D03F4B002283F82F20FB790133DBB273E03B4BD3F89E
:204FC0001B30B3F5807F04D9384B012283F82E2003E0364B002283F82E20344B00225A72D7
:204FE000002242F001029A72304B0022DA73002242F010021A7400225A7400229A742B4BDA
:20500000D3F813301B01294AC2F81330274BD3F81330264AD2F80F2002FB03F3234AB2F803
:20502000092092B2B3FBF2F3204AC2F80B301F4BD3F80F301B011D4AC2F81F301B4BD3F8E0
:2050400013301A4AD2F80F2002FB03F39B0A174AC2F827301648FFF7CFFC03461A46FB796A
:205060001344FB7113490120FFF7F2FC03461A46FB791344FB7110490220FFF7E9FC03468D
:205080001A46FB791344FB710C490320FFF7E0FC03461A46FB791344FB71044B002283F863
:2050A0002F20FB7918460837BD4680BDD80E0020D90E0020030F0020040F0020050F0020AA
:2050C00080B584B000AF03463960FB711346BB800023FB7300BF0F4B93F82F30002BFAD14C
:2050E0000C4B012283F82F200A4B93F82E20BB88F8793968FFF758FE03461A46FB7B134427
:20510000FB73044B002283F82F20FB7B18461037BD4680BDD80E002080B5CAB000AF07F52B
:205120009473A3F58E73186007F59473A3F59073196007F59473A3F592731A600023A7F864
:205140002631032387F823314E4B93F82E30002B1ED0B7F826315A1CA7F826211A4602217F
:2051600007F59473A3F58A73995407F59473A3F590731B68190EB7F826315A1CA7F8262100
:205180001A46C9B207F59473A3F58A7399540BE0B7F826315A1CA7F826211A46022107F5E3
:2051A0009473A3F58A73995407F59473A3F590731B68190CB7F826315A1CA7F826211A465E
:2051C000C9B207F59473A3F58A73995407F59473A3F590731B68190AB7F826315A1CA7F870
:2051E00026211A46C9B207F59473A3F58A739954B7F826315A1CA7F826211A4607F5947343
:20520000A3F590731B68D9B207F59473A3F58A7399540023A7F8243118E0B7F8243107F551
:205220009472A2F58E7212681A44B7F82631591CA7F826111946127807F59473A3F58A7327
:205240005A54B7F824310133A7F82431B7F8243107F59472A2F5927212689A42DDD8B7F819
:20526000262107F1140311461846FFF781FD034687F8233197F82331184607F59477BD4648
:2052800080BD00BFD80E002080B5D0B000AF07F5A073A3F59A73186007F5A073A3F59C73C6
:2052A000196007F5A073A3F59E731A600023A7F83E31032387F83D31454B93F82E30002B5B
:2052C0001ED0B7F83E315A1CA7F83E211A460B2107F5A073A3F59873995407F5A073A3F57C
:2052E0009C731B68190EB7F83E315A1CA7F83E211A46C9B207F5A073A3F5987399540BE0FE
:20530000B7F83E315A1CA7F83E211A460B2107F5A073A3F59873995407F5A073A3F59C731A
:205320001B68190CB7F83E315A1CA7F83E211A46C9B207F5A073A3F59873995407F5A073AA
:20534000A3F59C731B68190AB7F83E315A1CA7F83E211A46C9B207F5A073A3F598739954F4
:20536000B7F83E315A1CA7F83E211A4607F5A073A3F59C731B68D9B207F5A073A3F59873C5
:205380009954B7F83E315A1CA7F83E211A4607F5A073A3F5987300219954B7F83E1107F574
:2053A000A073A3F59E7307F5A072A2F59A7207F110001B681268FFF7AEFC034687F83D31A5
:2053C00097F83D31184607F5A077BD4680BD00BFD80E002080B582B000AF0023FB714FF472
:2053E0007A7200210220FFF76BFE0346002B08D0FB790133FB711E4B1B8801339AB21C4BCC
:205400001A800023BB800023BB8007E0BB88BA88D1B2184AD154BB880133BB80BB88B3F523
:20542000805FF3D30023BB8018E0BB88114A1344B9884FF480721846FFF76EFE0346002BD2
:2054400008D0FB790133FB71094B5B8801339AB2074B5A80BB8803F58073BB80BB88B3F529
:20546000805FE2D3FB7918460837BD4680BD00BF080F0020100F002080B582B000AF0023D9
:20548000FB710023BB800023BB8018E0BB88194A1344B9884FF480721846FFF7F5FE0346E9
:2054A000002B08D0FB790133FB71134B9B8801339AB2114B9A80BB8803F58073BB80BB88B2
:2054C000B3F5805FE2D34FF480520C490948FBF72AFA0346002B08D0FB790133FB71064B0E
:2054E000DB8801339AB2044BDA80FB7918460837BD4680BD101F0020080F0020100F00200A
:2055000080B584B000AF78600023FB734FF47A7279680320FFF7D4FD0346002B08D0FB7B4E
:205520000133FB73054B1B8801339AB2034B1A80FB7B18461037BD4680BD00BF080F00201D
:2055400080B586B000AFF860B9607A6000237B740023FB8200237B7500237B827B68C3F16A
:20556000FF1303F57F43FA689A4204D97B7C01337B747B7C2CE07B681B0AFB827B68DBB232
:20558000002B02D0FB8A0133FB8200237B7519E07B8ABA68D0187A8AFB6813444FF48072CA
:2055A0001946FFF7B9FD0346002B04D07B7C01337B747B7C0CE07B8A03F580737B827B7DB6
:2055C00001337B757B7D9BB2FA8A9A42E0D87B7C18461837BD4680BD80B586B000AFF860F4
:2055E000B9607A600023BB7400233B820023FB820023BB820023FB747B68C3F1FF1303F553
:205600007F43FA689A4204D9BB7C0133BB74BB7C3FE07B681B0A3B827B68DBB2002B01D08C
:205620007B68FB740023FB8219E0BB8ABA68D018BA8AFB6813444FF480721946FFF724FE86
:205640000346002B04D0BB7C0133BB74BB7C20E0BB8A03F58073BB82FB8A0133FB82FA8A0A
:205660003B8A9A42E1D3FB7C002B11D0BB8ABA68D018BA8AFB681344FA7C1946FFF704FE38
:205680000346002B04D0BB7C0133BB74BB7C00E0BB7C18461837BD4680BDFFFF80B584B086
:2056A00000AF786039600023FB730023BB7317E07868FFF725FF0346002B04D17B6803F5D3
:2056C00080537B600AE00123BB73FB7B0133FB73094B5B8801339AB2074B5A80FBF714FDE2
:2056E0007A683B689A4202D2BB7B002BE0D0FB7B18461037BD4680BD080F002080B483B06B
:2057000000AF0346FB7197F90730002B0BDBFB7903F01F02074997F907305B09012000FA2F
:2057200002F241F8232000BF0C37BD465DF8047B704700BF00E100E080B483B000AF03468A
:205740003960FB7197F90730002B0ADB3B68DAB20C4997F907301201D2B20B4483F800239E
:205760000AE03B68DAB20849FB7903F00F03043B1201D2B20B441A7600BF0C37BD465DF837
:20578000047B704700E100E000ED00E080B582B000AF0C211620FFF7CFFF1620FFF7AEFF2F
:2057A00009490A4809F08AFD78607B68002B01D07B6804E0054809F0E7FD78607B68184604
:2057C0000837BD4680BD00BF207E02004042002080B582B000AF7860184B1B7803F001036E
:2057E000DBB2002B25D0002140F20620FAF718FF002140F20720FAF713FF002140F20D108E
:20580000FAF70EFF00214FF48060FAF709FF002140F20710FAF704FFFBF776FC074AD378EF
:2058200043F02003D370054A137823F00103137000E000BF0837BD4680BD00BFB00E0020A0
:2058400080B485B000AF0346FB710023FB73FB79013B052B2AD801A252F823F0755801003A
:205860007D58010085580100955801009D580100A5580100114BDB7AFB7317E00F4B1B7B8C
:20588000FB7313E00D4BB3F80D309BB2DBB26C3BFB730BE0094B1B7AFB7307E0074B5B7A28
:2058A000FB7303E0054B9B7AFB7300BFFB7B18461437BD465DF8047B704700BF102F00203A
:2058C00080B483B000AF03460A46FB711346BB71FB79013B052B2CD801A252F823F000BF85
:2058E000F958010001590100095901001B590100235901002B590100114ABB79D37218E055
:205900000F4ABB79137314E0BB799BB203F26C739AB20B4BA3F80D200BE0094ABB791372CA
:2059200007E0074ABB79537203E0054ABB79937200BF00BF0C37BD465DF8047B704700BFBD
:20594000102F002080B483B000AF7860044A7B68136000BF0C37BD465DF8047B704700BF07
:20596000102F002080B483B000AF03460A46FB711346BB80FB79012B02D0022B04D007E0BF
:20598000064ABB88938003E0044ABB88D38000BF00BF0C37BD465DF8047B7047102F0020EC
:2059A00080B582B000AF0523FB714FF4806205490548FAF751FF0346FB71FB791846083776
:2059C000BD4680BD102F0020C0FB070080B582B000AF0523FB710B4B3B600B493868FAF7E6
:2059E0001BFF0346FB71FB79002B06D1802207493868FAF7ABFE0346FB71FB791846083770
:205A0000BD4680BDC0FB070040FC0700102F002080B500AF1748FBF77DF8164BDB68DBB207
:205A200019460120FFF74CFF124B1B69DBB219460220FFF745FF0F4B5B69DBB2194603204F
:205A4000FFF73EFF0B4B9B68DBB219460420FFF737FF084B5B68DBB219460520FFF730FF32
:205A6000044B1B68DBB219460620FFF729FF00BF80BD00BF902F002090B583B000AF044619
:205A8000084611461A462346FB710346BB710B467B7113463B71FB79FF2B42D0FB79002B26
:205AA0003FD0FB791F2B3CD8FB79002B39D0BB79FF2B38D0BB79002B35D0BB790C2B32D81E
:205AC000BB79002B2FD07B79FF2B2ED07B79002B2BD03B79FF2B2AD03B79172B27D83B7EAC
:205AE000FF2B26D03B7E3B2B23D83B7FFF2B22D03B7F3B2B1FD8FB79114AD360BB79104AEF
:205B000013617B790E4A53613B790D4A93603B7E0B4A53603B7F0A4A13600948FAF7D6FFBA
:205B20000AE000BF08E000BF06E000BF04E000BF02E000BF00E000BF0C37BD4690BD00BF3B
:205B4000902F002080B483B000AF0023FB71174B9B680C2B08DD154B9B68DBB20C3BFB719D
:205B6000134B01221A7019E0104B9B68002B05D10C23FB710E4B00221A700FE00B4B9B68DA
:205B80000C2B05D10C23FB71094B01221A7005E0064B9B68FB71064B00221A70FB791846E8
:205BA0000C37BD465DF8047B704700BF902F0020B42F002080B400AF034B9B68DBB2184654
:205BC000BD465DF8047B7047902F002080B400AF034B5B68DBB21846BD465DF8047B7047EB
:205BE000902F002080B400AF034B1B68DBB21846BD465DF8047B7047902F002080B400AFD7
:205C0000034BDB68DBB21846BD465DF8047B7047902F002080B400AF034B1B69DBB21846FB
:205C2000BD465DF8047B7047902F002080B400AF034B5B69DBB21846BD465DF8047B704789
:205C4000902F002080B400AF034B1B781846BD465DF8047B704700BFB42F0020FFFFFFFFF7
:205C600080B500AFBE4B1B78002B40F0C98102F087FE034607EE903AF8EE677AB94BC3ED05
:205C8000007AB84BD3ED007A9FEDB77AF4EEC77AF1EE10FA40F3A38102F05AFE034618463C
:205CA00010F02EFAA6A3D3E9002310F093FA02460B461046194610F09FFC0346A94A9360EF
:205CC00002F052FE0346184610F01AFA9EA3D3E9002310F07FFA02460B461046194610F0E0
:205CE0008BFC03469F4A5360A04B1B78002B07D19F4B4FF000021A609E4B4FF000021A606E
:205D0000984B93ED017A974BD3ED027A67EE277A17EE900A10F006FA4FF00002964B10F0D0
:205D200059FA02460B461046194689A3D3E9002310F07AFB02460B461046194610F05CFC9C
:205D400007EE100A8A4BD3ED007A77EE277A884BC3ED007A834B1B68184610F0E3F94FF058
:205D60000002854B10F036FA02460B461046194679A3D3E9002310F057FB02460B46104697
:205D8000194610F039FC07EE100A7A4BD3ED007A77EE277A774BC3ED007A754BD3ED006A85
:205DA000744B93ED007AC6EE877A744BC3ED007A724BD3ED007A9FED727AF4EEC77AF1EE1B
:205DC00010FA03DD6D4B6F4A1A600CE06B4BD3ED007A9FED6D7AF4EEC77AF1EE10FA02D5BC
:205DE000664B6A4A1A60614B1B78002B00F0E180624BD3ED007A9FED667AF4EEC77AF1EEB4
:205E000010FA03DB634B01221A70D2E05B4BD3ED007A9FED5F7AF4EEC77AF1EE10FA0DD55A
:205E2000564BD3ED007A9FED5C7AF4EEC77AF1EE10FA03DB574B02221A70BAE04F4BD3EDF7
:205E4000007A9FED557AF4EEC77AF1EE10FA0DD54A4BD3ED007A9FED517AF4EEC77AF1EE57
:205E600010FA03DB4B4B03221A70A2E0434BD3ED007A9FED4A7AF4EEC77AF1EE10FA0DD56D
:205E80003E4BD3ED007A9FED467AF4EEC77AF1EE10FA03DB3F4B04221A708AE0374BD3ED23
:205EA000007A9FED3F7AF4EEC77AF1EE10FA0DD5324BD3ED007A9FED3B7AF4EEC77AF1EE3B
:205EC00010FA03DB334B05221A7072E02B4BD3ED007A9FED347AF4EEC77AF1EE10FA0DD581
:205EE000264BD3ED007A9FED307AF4EEC77AF1EE10FA03DB274B06221A705AE01F4BD3ED4F
:205F0000007A9FED297AF4EEC77AF1EE10FA0BD51A4BD3ED007AF5EEC07AF1EE10FA03DB69
:205F20001C4B07221A7044E0144BD3ED007AF5EEC07AF1EE10FA39D5164B08221A7038E049
:205F4000FCA9F1D24D62503F7B14AE47E17A843F000000000020AC40AE47E17A1C5E1341CF
:205F6000C42F0020CC2F00200000C842C02F0020B82F0020BC2F00200000D03FC82F0020A2
:205F800000008C4200008C4200008CC200008CC200005C42E008002000004C4200003C4217
:205FA00000002C4200001C4200000C42304B00221A70304B1B785A1CD1B22E4A1170002B75
:205FC00006D02C4B00221A702B4B00221A7017E0294B1B780133DAB2274B1A7010E0274B8A
:205FE000D3ED007AB7EE007AF4EEC77AF1EE10FA03D81F4B00221A7002E01D4B03221A7052
:206000001F4B1B78002B18D1194B1A781D4B1B789A4206D21B4B1B78013BDAB2194B1A701B
:206020000BE0134B1A78174B1B789A4205D9154B1B780133DAB2134B1A70114B1B785A1CD6
:20604000D1B20F4A1170022B02D90D4B00221A700D4B1B785A1CD1B20B4A1170182B02D9FF
:20606000094B00221A70074B1B78184680BD00BFE0080020C12F0020C02F0020CC2F00209F
:20608000C32F0020C22F0020C42F002080B582B000AF0023FB7162B600BF00F037F80346E6
:2060A000002B02D0FB790133FB71FBF799F90346002B02D0FB790133FB71FB79002B12D16F
:2060C000FBF722F80D490E48FAF79CFE0D48FAF79BF90D48FAF76AFF002140F20D10FAF793
:2060E0009FFA0EF0C9FBFBF70FF84FF47A714FF47A700CF081FC00BFF5E700BF416D01006F
:20610000E56B01009D7901006598010080B582B000AF0023FB71FAF7D7FF03461A46FB7990
:206120001344FB71FAF76AFA03461A46FB791344FB71002140F20620FAF772FA002140F23E
:206140000310FAF76DFA002140F20740FAF768FA72B600BFFAF70AFC03461A46FB79134495
:20616000FB715A20FAF71CFC03461A46FB791344FB71FAF7FDF803461A46FB791344FB718A
:20618000FAF7F4FD03461A46FB791344FB71FAF73BFD03461A46FB791344FB710020FAF723
:2061A00075FE03461A46FB791344FB71FAF7ACFFFAF7D4FC03461A46FB791344FB71FAF75E
:2061C0004BFC03461A46FB791344FB71FAF770FA03461A46FB791344FB71FAF739F80346F2
:2061E0001A46FB791344FB71FFF7D0FAFAF78CFF064B002B05D0054B04221946044810F05A
:20620000CDFAFB7918460837BD4680BD147E0200D82F002080B500AF64200EF0A9FA012081
:20622000FEF751FE0A200EF0A3FAC820FEF7F3FD0A200EF09DFA002002F05EFE002002F049
:20624000BDFE034A537843F00203537000BF80BDB00E002080B500AF64200EF089FAC020CD
:20626000FEF7D9FD0A200EF083FA0020FEF72BFE012002F0A3FE02F0DBFBFEF751FAFEF7BF
:206280003DFAFEF709FA00BF80BDFFFF80B582B000AF78600B46FB707B685B78FA789A4227
:2062A00003D10C4B1B78002B0FD07B685A787B681A70786800F0B0F87B68FA785A707B687A
:2062C0000122DA70034B00221A7000BF0837BD4680BD00BFF108002080B582B000AF786053
:2062E0007B685B780A2B41D801A252F823F000BF1D630100256301002D63010035630100A7
:206300003D6301004D630100556301005D630100456301006D63010065630100786800F09E
:20632000CBF824E0786800F025F920E0786800F06BF91CE0786800F0ADF918E0786800F03A
:20634000D4F914E0786800F0FBF910E0786800F028FA0CE0786800F045FA08E0786800F023
:2063600065FA04E0786800F099FA00E000BF00BF0837BD4680BD00BF80B582B000AF7860ED
:206380007B685B780A2B41D801A252F823F000BFBD630100C5630100CD630100D563010086
:2063A000DD630100ED630100F5630100FD630100E56301000D64010005640100786800F09C
:2063C000A5F824E0786800F0E1F820E0786800F02FF91CE0786800F067F918E0786800F087
:2063E0008EF914E0786800F0B7F910E0786800F0E4F90CE0786800F0FFF908E0786800F099
:2064000021FA04E0786800F055FA00E000BF00BF0837BD4680BD00BF80B582B000AF7860D4
:206420007B681B780A2B41D801A252F823F000BF5D640100656401006D64010075640100A1
:206440007D6401008D640100956401009D64010085640100AD640100A5640100786800F096
:206460007FF824E0786800F0C5F820E0786800F007F91CE0786800F02EF918E0786800F089
:2064800055F914E0786800F082F910E0786800F09FF90CE0786800F0BFF908E0786800F0EB
:2064A000F2F904E0786800F029FA00E000BF00BF0837BD4680BD00BF80B582B000AF786090
:2064C0007B6800229A700E4B00221A700020FEF7A3F9FFF7BFFE0B4B1B78002B05D00A4B06
:2064E0001B780133DAB2084B1A700820FDF796F91320FDF793F900BF0837BD4680BD00BF11
:20650000AB0E0020AD0E0020AE0E002080B582B000AF7860114BDB7803F02003DBB2002B80
:2065200017D00E4AD37823F02003D3700B4A137823F0010313704FF4FA700EF019F90121FF
:2065400040F20710FAF76CF8012202217F2002F021FC00BF0837BD4680BD00BFB00E0020CE
:2065600080B582B000AF7860FFF754FE00BF0837BD4680BD80B582B000AF7860FEF7D0F8FC
:20658000FEF7BCF800BF0837BD4680BD80B582B000AF78607B689B78632B0CD80B23062169
:2065A00001221846FBF7D2F87B689B780133DAB27B689A7019E00E4B00221A704423002175
:2065C00000221846FBF7C2F84423012101221846FBF7BCF802F03AF90120FCF70FFD072073
:2065E000FDF71CF90920FDF719F90837BD4680BDAC0E002080B483B000AF786000BF0C371A
:20660000BD465DF8047B704780B582B000AF7860064B1B78032B05D1044B00221A700020FB
:20662000FEF7FAF800BF0837BD4680BDAB0E002080B582B000AF7860442300210122184665
:20664000FBF784F84423012100221846FBF77EF80220FCF7D3FC02F06DF80346012B03D1D7
:206660000820FCF737FC04E0044B1B781846FCF731FC00BF0837BD4680BD00BFAC0E0020B1
:2066800080B483B000AF786000BF0C37BD465DF8047B704780B483B000AF786000BF0C378C
:2066A000BD465DF8047B704780B582B000AF78604423002101221846FBF748F80320FCF70D
:2066C0009DFC4423012100221846FBF73FF800BF0837BD4680BD80B483B000AF786000BF04
:2066E0000C37BD465DF8047B704780B483B000AF786000BF0C37BD465DF8047B704780B516
:2067000082B000AF78604423002101221846FBF71DF80420FCF772FC442301210022184622
:20672000FBF714F800BF0837BD4680BD80B483B000AF786000BF0C37BD465DF8047B70479F
:2067400080B582B000AF7860FDF7EAFFFDF7D6FF00BF0837BD4680BD80B582B000AF786079
:206760007B689B78632B0CD80B23062101221846FAF7ECFF7B689B780133DAB27B689A705C
:2067800002E00820FCF798FE0837BD4680BD80B483B000AF786000BF0C37BD465DF8047B20
:2067A000704780B582B000AF7860FDF7B9FFFDF7A5FF00BF0837BD4680BD80B582B000AF9C
:2067C00078600520FCF778FE00BF0837BD4680BD80B483B000AF786000BF0C37BD465DF8CD
:2067E000047B704780B483B000AF786000BF0C37BD465DF8047B704780B582B000AF7860F7
:206800005122FF2103480FF0B9FF00BF0837BD4680BD00BF380E002080B483B000AF786092
:2068200000BF0C37BD465DF8047B704780B582B000AF7860FDF762FFFDF772FF00BF083722
:20684000BD4680BDB0B582B000AF78600820FDF793F80B23072101221846FAF777FFFFF7FF
:2068600071F903461C46FFF7B1F903461D46FFF7E9F903461A4629462046FBF799F800BF1F
:206880000837BD46B0BD80B582B000AF78600820FCF7C4FF00BF0837BD4680BD80B582B0D8
:2068A00000AF7860FDF72AFFFDF73AFF00BF0837BD4680BDB0B582B000AF78600820FCF790
:2068C000ADFF0920FDF758F80B23072101221846FAF73CFFFFF736F903461C46FFF776F967
:2068E00003461D46FFF7AEF903461A4629462046FBF75EF800BF0837BD46B0BD80B582B0B4
:2069000000AF78600920FCF789FF00BF0837BD4680BDFFFFB0B584B000AF0346FB71A84B20
:206920005B78FB73A74B1B7803F00103DBB2002B02D00023FB73D3E005F024F80346012B46
:206940001DD1A14B1B8801339AB29F4B1A809E4B1B88042B40F2C4809B4B00221A809B4BFD
:206960001B78142B02D9994B00221A700723FB73964B1B780133DAB2944B1A70B0E005F020
:2069800001F80346022B02D10A23FB73A8E000F08BFF0346012B0ED104F0F4FF0346002B69
:2069A00009D10623FB73884B4FF416721A80874B00221A7094E0834B5B7903F00203DBB215
:2069C000002B78D0824B1B7883F00103DBB2002B6ED0804B1B780133DAB27E4B1A707E4B3D
:2069E0001B78062B7CD801A252F823F0096A0100236A01003D6A0100576A0100716A010037
:206A00008B6A0100A56A01000023FB73714B1B78312B5AD96F4B00221A706F4B01221A7034
:206A200053E00623FB736B4B1B78182B4FD9694B00221A70684B02221A7048E00023FB735E
:206A4000644B1B78182B44D9624B00221A70624B03221A703DE00623FB735E4B1B78182BAC
:206A600039D95C4B00221A705B4B04221A7032E00023FB73574B1B78182B2ED9554B002277
:206A80001A70554B05221A7027E00623FB73514B1B78182B23D94F4B00221A704E4B062208
:206AA0001A701CE00023FB73494B01221A7017E00023FB7314E0FB79FB73434B4FF41672C7
:206AC0001A80424B00221A700AE000BF08E000BF06E000BF04E000BF02E000BF00E000BF0B
:206AE000FB7B19463648FFF7D1FB502200213B480FF044FE0520F9F7ABFD034603F001032D
:206B0000D9B2304A137861F3820313700720F9F79FFD034603F00103D9B22A4A137861F3B8
:206B2000041313700620F9F793FD034603F00103D9B2244A137861F3C3031370FAF75AFD6C
:206B40001F4BDB78002B05D01D48FFF7C5FB1C4B0022DA701A4B5B78072B23D0184B5B78F7
:206B6000062B1FD0164B9B78632B1BD9144B5B78052B09D001F024FE0346002B04D1104B0D
:206B80005B781846FDF7C8FA4F24042503F018FB03461A4629462046FAF7D8FDFDF754FCE4
:206BA000FBF766FB0648FFF7E7FB50230B4A02210B48FEF766F900BF1037BD46B0BD00BF95
:206BC000E4080020B00E0020E8080020E22F0020E32F0020E42F0020E52F0020380E00208B
:206BE000ED08002080B582B000AF0023FB710023BB7100237B710123FB714A4B5B68002B6A
:206C000006D0484B5868F91D002300220CF06EFF00F0FCFD0346012B0ED000F01BFE0346F9
:206C2000012B09D000F0ACFE0346012B04D000F083FE0346012B11D100F05AFE0346002BE8
:206C40000CD101237B71384B5B68002B06D0364B5868791D002300220CF048FF334B1B8880
:206C60009BB240F2FF1293420FD10423BB71304B5B68002B06D02E4B5868B91D00230022E9
:206C80000CF034FF294B00221A802A4B1B78DBB21F2B0FD10523BB71254B5B68002B06D04E
:206CA000234B5868B91D002300220CF01FFF214B00221A70204B1B780133DAB21E4B1A70A8
:206CC0001D4B1B78012B0FD91B4B00221A700223FB71144B5B68002B06D0124B5868F91DAC
:206CE000002300220CF002FF144B1B780133DAB2124B1A70114B1B78132B0FD90F4B002228
:206D00001A7002237B71084B5B68002B06D0064B5868791D002300220CF0E8FE00BF0837F5
:206D2000BD4680BDE82F002068340020F42F0020F0370020F62F00200630002007300020A4
:206D400080B582B000AF0023FB710023BB7104237B714C4B5B68002B06D04A4B5868791DE6
:206D6000002300220CF0C2FE474B1B780133DAB2454B1A70444B1B78012B23D9434B1B8898
:206D80009BB2012B07D1002140F20710F9F748FC3E4B00221A803C4B00221A703C4B1B8862
:206DA0009BB201339AB23A4B1A800423BB71394B5B68002B06D0374B5868B91D00230022EF
:206DC0000CF094FE344B1B780133DAB2324B1A70314B1B78042B1CD92F4B00221A700523CB
:206DE000BB712C4B5B68002B06D02A4B5868B91D002300220CF07AFE0123FB71274B5B68A3
:206E0000002B06D0254B5868F91D002300220CF06DFE234B1B780133DAB2214B1A70204B5D
:206E20001B780E2B29D91E4B00221A7005237B71144B5B68002B06D0124B5868791D002362
:206E400000220CF053FE0223FB71144B5B68002B06D0124B5868F91D002300220CF046FE57
:206E60000623BB710B4B5B68002B06D0094B5868B91D002300220CF039FE00BF0837BD4640
:206E800080BD00BFE82F002008300020F82F0020FA2F00206834002009300020F03700207B
:206EA0000A30002080B483B000AF786000BF0C37BD465DF8047B704780B584B000AF78600A
:206EC00000233B730023FB73FAF710FB334B5B6807F10C014FF0FF3218460CF0BFFE03463E
:206EE000012BF3D101F0EEFB0346BB7304F04AFD0346FB733B7B013B042B49D801A252F830
:206F000023F000BF196F0100376F0100916F01007D6F0100876F0100BB7B022B02D0BB7B1F
:206F2000012B37D1FEF79CFE03467B737B7B1846FDF718FB2EE0FAF7E7F8194B1B889BB2CA
:206F40003B2B05D9164B00221A80002004F00AFDBB7B1846FFF7DEFC00F0CAFC0346012B26
:206F60001AD1104B1B7803F00103DBB2002B13D1002002F039F800F04DF80DE0FB7B18466C
:206F800000F090F809E0FB7B184600F0F3F804E000BF9BE700BF99E700BF97E7E82F002009
:206FA000FA2F0020B00E002080B483B000AF03460A46FB711346BB71FB79002B0ED1BB7958
:206FC000012202FA03F31AB2104B1B889BB21BB213431BB29AB20D4B1A8010E0FB79012BC7
:206FE0000DD1BB79012202FA03F35AB2084B1B78DBB25BB213435BB2DAB2054B1A7000BF56
:207000000C37BD465DF8047B704700BFF42F0020F62F002080B500AF0520F9F719FB034602
:20702000002B06D01E4B1B7843F02003DAB21C4B1A700620F9F70CFB0346002B06D0184BB6
:207040001B7843F04003DAB2154B1A700720F9F7FFFA0346002B06D0114B1B7863F07F0393
:20706000DAB20F4B1A700420F9F7F2FA0346002B06D00B4B5B7843F00103DAB2084B5A704D
:207080000320F9F7E5FA0346002B06D0044B5B7843F00203DAB2024B5A7000BF80BD00BFFC
:2070A0001430002080B584B000AF0346FB71FB79002B39D1FEF7ACFCFDF7A8FA0346012B4E
:2070C0000ED1FDF7BDFA0346012B09D1274BDB7803F00103DBB2002B02D1FDF763FA0BE054
:2070E000FDF7AEFA0346012B06D1FDF7B1FB0346002B01D0FDF756FAFDF796FA0346FB7344
:20710000FB7B012B02D0FB7B022B2AD1184B1B785A1CD1B2164A1170052B22D9144B0022E1
:207120001A70FDF799FA1CE0FB79022B19D1104B1B780133DAB20E4B1A700D4B1B781D2BF3
:2071400009D801F0CDFA0346012B04D001F038FB0346012B05D1064B00221A70002004F0CD
:2071600001FC00BF1037BD4680BD00BFB00E00200B30002080B584B000AF0346FB71FB7993
:20718000002B40F08A80504BDB7803F00403DBB2002B12D04D4B1B8801339AB24B4B1A801D
:2071A0004A4B1B88B3F5B45F07D3474AD37823F00403D370454B00221A80434BDB7803F0A9
:2071C0000803DBB2002B1AD03F4BDB7803F00403DBB2002B13D03C4AD37823F00803D3705E
:2071E000FEF716FCFEF7F2FB374AD37823F01003D370FEF7EBFC03461A46354B1A70324B65
:20720000DB7803F00803DBB2002B29D12E4BDB7803F01003DBB2002B22D1FEF7D7FC0346DD
:20722000FB732B4B1B78FA7B9A4205D3284B1B78FA7BD31ADBB206E0254B1B78FA7BD31A6E
:20724000DBB23C33DBB2BB73BB7B0E2B08D91E4AD37843F01003D370FEF7DAFBFEF7B6FB7B
:20726000F9F724F8F0EE407A1A4BC3ED007A194BD3ED007A9FED187AF4EEC77AF1EE10FA13
:2072800005DD114A537943F00103537118E00E4A537923F00103537112E0FB79022B0FD180
:2072A0000E4B1B780133DAB20C4B1A700B4B1B78012B05D9094B00221A70002004F052FBED
:2072C00000BF1037BD4680BDB00E002004300020FC2F002000300020000061C40C3000201A
:2072E00080B483B000AF0346FB71FB799AB2044B1A8000BF0C37BD465DF8047B704700BFCB
:20730000FA2F002080B483B000AF0346FB71FB799AB2044B1A8000BF0C37BD465DF8047BD7
:20732000704700BFF82F002080B586B000AF78607B681B6840F26B22934240F0C1817B684F
:207340001B7B7F2B00F0B4817F2B00F3B9812F2B4ADC102BC0F2B481103B1F2B00F2B08197
:2073600001A252F823F000BF95760100C1760100C1760100C1760100C1760100C17601002A
:20738000C1760100C176010079760100C1760100C1760100C1760100C1760100C176010075
:2073A000C1760100C1760100C1760100C17601007D740100F1750100C1760100C176010024
:2073C000C1760100C1760100C1760100C1760100C1760100C1760100C1760100C1760100ED
:2073E000C1760100F1730100442B00F01D8167E17B685B7B022B37D0022B38DC002B1AD068
:20740000012B34D100214FF40270F9F709F9012140F20710F9F704F940F6B8300DF0A8F95F
:20742000002140F20710F9F7FBF8012201212F2001F0B0FC21E001214FF40270F9F7F0F81E
:20744000012140F20620F9F7EBF84FF47A700DF08FF9002140F20620F9F7E2F801220021A6
:207460002F2001F097FC08E001F01CFD05E0002212212F2001F08EFC00BF21E17B685B7BC9
:20748000013B052B00F2AC8001A252F823F000BFA9740100E1750100C3750100C9750100B6
:2074A000D1750100D97501007B689B7BBB757B680F333B61BB7D102B21D13B691B781AB2E4
:2074C0003B6901331B781BB21B021BB213431BB29AB27D4BA3F80F203B6902331A787A4B59
:2074E0005A743B6903331A78774B9A743B6904331A78754BDA74754B01221A7035E0BB7D4D
:20750000202B1DD13B691A786F4B1A753B6901331B781A463B6902331B781B021A433B695E
:2075200003331B781B041A433B6904331B781B061343654AC2F81530644B01225A7014E0E3
:20754000BB7D302B11D13B691B781AB23B6901331B781BB21B021BB213431BB29AB25A4B7D
:20756000A3F81920594B01229A70584B1B78002B3CD0564B5B78002B38D0544B9B78002B75
:2075800034D0524B00229A70504B9A784F4B5A704E4B5A784D4B1A70FEF73AFAFEF716FA52
:2075A0000346FB73FB7B002B05D101220121222001F0F0FB1AE000221021222001F0EAFBD5
:2075C00014E001F03DFC12E0012000F009F90EE0012000F09BF90AE0012000F0BBF906E060
:2075E00000221221222001F0D5FB00E000BF67E07B685B7B022B10D1FEF7D2F90346FB750D
:20760000FB7D002B03D1012000F00EF90BE000221021232001F0BEFB05E000221221222034
:2076200001F0B8FB00BF4BE07B685B7B002B07D0012B1AD100F07AF8786803F029FC1AE096
:20764000002000F03FF901F0E5FC0346012B08D101F0EEFC03461D2B03D9002001F0C4FCA9
:2076600009E0012001F0C0FC05E000221221222001F090FB00BF23E07B685B7B002B02D1E2
:2076800000F0F6F805E000221221222001F082FB00BF15E07B685B7B002B02D100F0F6F8D9
:2076A00005E000221221222001F074FB00BF07E07B685B7B012B02D100F05EF800BF00BFCC
:2076C00000BF1837BD4680BD102F00201030002080B582B000AF0023FB71FDF77BFE034642
:2076E0001A46FB791344FB71FDF7C6FE03461A46FB791344FB71FB79002B08D10A4B1B78FB
:2077000043F00103DAB2084B1A70012307E0064B1B7823F00103DAB2034B1A7000231846DE
:207720000837BD4680BD00BF1430002080B500AF012000F0C7F8FFF7CBFF02F065FD034696
:20774000012B07D10B4B1B7843F00403DAB2094B1A7006E0074B1B7823F00403DAB2054BD7
:207760001A70044B1B7843F00803DAB2014B1A7000BF80BD1430002080B500AF0122012174
:207780007F2001F007FB134A137843F0010313704FF47A700CF0ECFF012140F20620F8F738
:2077A0003FFF012140F20720F8F73AFF012140F20D10F8F735FF01214FF48060F8F730FFF1
:2077C0000549064807F06AF8044807F085F800BF80BD00BFB00E0020C87E0200A042002011
:2077E00080B483B000AF0346FB71FB7903F00103D9B2054AD37861F38613D37000BF0C37FC
:20780000BD465DF8047B7047B00E002080B400AF044BDB78C3F38013DBB21846BD465DF8EB
:20782000047B7047B00E002080B483B000AF0346FB71FB7903F00103D9B2054AD37861F385
:20784000C713D37000BF0C37BD465DF8047B7047B00E002080B400AF044BDB78C3F3C0138F
:20786000DBB21846BD465DF8047B7047B00E002080B400AF044A137943F00103137100BF7A
:20788000BD465DF8047B7047B00E002080B400AF044A137923F00103137100BFBD465DF80D
:2078A000047B7047B00E002080B400AF044B1B79C3F30003DBB21846BD465DF8047B7047BC
:2078C000B00E002080B483B000AF0346FB71FB7903F00103D9B2054A137961F34103137112
:2078E00000BF0C37BD465DF8047B7047B00E002080B400AF044B1B79C3F34003DBB2184670
:20790000BD465DF8047B7047B00E002080B483B000AF0346FB71FB7903F00103D9B2054AEB
:20792000137961F38203137100BF0C37BD465DF8047B7047B00E002080B400AF044B1B792A
:20794000C3F38003DBB21846BD465DF8047B7047B00E002080B483B000AF0346FB71FB7958
:2079600003F00103D9B2054A137961F3C303137100BF0C37BD465DF8047B7047B00E00209E
:2079800080B400AF044B1B79C3F3C003DBB21846BD465DF8047B7047B00E002080B584B0E8
:2079A00000AF78600023FB607B68002B30D01A4B5B68002B2CD07B681B6840F2FA7293428C
:2079C0000BD07B681B6840F2FB72934205D07B681B6840F2C172934202D1002003F0DEFFBA
:2079E0000D4B586807F10C02002379680CF07EF80020F8F71FFDFB68002B09D0074B4FF0D0
:207A000080525A60BFF34F8F00BFBFF36F8F00BF00BF1037BD4680BD2030002000ED00E099
:207A200080B588B000AF786007F10C0300221A605A609A60DA601A6140F23C420021DE484F
:207A40000EF09CFEDD4B5B6807F10C014FF0FF3218460CF003F90346012BF3D101F012F8A4
:207A6000FB6840F2FD72934200F23E8540F2F372934251D240F2C272934200F01C8540F2EB
:207A8000C272934200F2308540F2C172934200F0CF8240F2C172934200F2268540F24172FF
:207AA000934200F0228340F24172934200F21C8540F22472934200F21785B3F5E06F49D2D2
:207AC00040F26662934200F0B38240F26662934200F20A8540F20442934200F0EC8440F283
:207AE0000442934200F2008540F28B32934200F0E284B3F5637F80F0F784B3F5237F80F0AB
:207B0000F384B3F50D7F77D2752B00F20D82202B80F0568100F0E8BCA3F2F3730A2B00F208
:207B2000E38401A252F823F0B7840100E9840100E9840100B7840100E9840100E9840100AE
:207B4000E98401003180010031800100E9840100DF840100A3F5E063242B00F2C58401A279
:207B600052F823F0438001005B80010073800100E98401008B800100A3800100E984010008
:207B8000E9840100E9840100E9840100E9840100E9840100E9840100E9840100E984010075
:207BA000E9840100E9840100E9840100E9840100E9840100E9840100E9840100E984010055
:207BC000E9840100E9840100E9840100E9840100E9840100E9840100E9840100E984010035
:207BE000E9840100E9840100E9840100E9840100BB800100D3800100A3F50D73572B00F2B1
:207C0000738401A252F823F025830100E98401003583010045830100E9840100558301008D
:207C200065830100758301008583010095830100E9840100E9840100E9840100E984010088
:207C40002382010033820100A583010003810100B5830100C5830100E9840100E9840100BC
:207C6000E9840100E9840100E9840100E98401003B7F0100E17F0100E9840100E984010054
:207C8000E9840100E9840100E9840100E9840100E9840100E9840100E9840100E984010074
:207CA000E9840100E9840100E9840100E9840100E9840100E9840100E9840100D583010069
:207CC000E5830100F5830100058401001584010025840100E9840100E9840100E9840100AA
:207CE000E9840100D3840100E9840100E9840100E9840100E9840100E9840100E98401002A
:207D0000E9840100E9840100E9840100E9840100E9840100E9840100E9840100E9840100F3
:207D2000E9840100E9840100E9840100E9840100E9840100E9840100E9840100E9840100D3
:207D4000E9840100E9840100E9840100E9840100E9840100E9840100E9840100E9840100B3
:207D6000E9840100B7840100A3F241130F2B00F2BB8301A252F823F0E3810100A584010077
:207D8000E98401006382010005830100F38101006784010003820100E984010035840100F7
:207DA000E98401001583010093840100E9840100E9840100118001002C300020203000204A
:207DC000203B552B00F2908301A252F823F000BF1B810100E9840100E9840100E98401001D
:207DE000E9840100E9840100E9840100E9840100E9840100E9840100E9840100E984010013
:207E0000E9840100E9840100E9840100E9840100E98401004B8101003381010063810100D5
:207E20007B810100E9840100E9840100E9840100E9840100E9840100E9840100E984010043
:207E4000E9840100E9840100E9840100E9840100E98401009381010043820100A3810100FC
:207E6000B3810100D38101007D840100E9840100E9840100E9840100E9840100E984010050
:207E8000E9840100E9840100E9840100E9840100E9840100E9840100E9840100E984010072
:207EA000E9840100E9840100E9840100E9840100E9840100E9840100E9840100E984010052
:207EC000E9840100E9840100E9840100E9840100E9840100E9840100E9840100E984010032
:207EE000E9840100E9840100E9840100E9840100E9840100E9840100E9840100E984010012
:207F0000E9840100E9840100E9840100E9840100E9840100E9840100E9840100E9840100F1
:207F2000E984010053820100B3F5A87F00F2DC82B3F5A07F3FF618AFD6E2CE4B01221A709D
:207F4000CD4A537923F00203537107F10C030C3308221946C948F8F7C7FC07F10C03142293
:207F60001946C748F8F7C0FCC44B5B68C3F317031846FDF7E7FCC14B1B88C3F30D039BB24F
:207F800019460120FDF7EEFCBC4B5B88C3F30D039BB219460220FDF7E5FC022000F0EEFF31
:207FA0000346012B09D1B54B5B88C3F30D039BB2002B02D1002000F0CBFF012000F0DEFFB6
:207FC0000346012B40F09282AC4B1B88C3F30D039BB2002B40F08A82002000F0A3FF85E2BB
:207FE000A44B01221A70A44A537923F00203537107F10C030C3308221946A248F8F774FC37
:2080000007F10C03142219469F48F8F76DFC70E207F10C030C33082219469C48F8F764FC31
:2080200007F10C03142219469948F8F75DFC60E20020FFF755F907F10C03184603F04EF837
:2080400057E200210020FEF7AFFF07F10C03142219469048F8F748FC4BE201210020FEF7F8
:20806000A3FF07F10C03142219468B48F8F73CFC3FE202210020FEF797FF07F10C0314229C
:2080800019468648F8F730FC33E203210020FEF78BFF07F10C03142219468148F8F724FC4C
:2080A00027E204210020FEF77FFF07F10C03142219467C48F8F718FC1BE205210020FEF764
:2080C00073FF07F10C03142219467748F8F70CFC0FE206210020FEF767FF07F10C0314220C
:2080E00019467248F8F700FC03E207210020FEF75BFF07F10C03142219466D48F8F7F4FBD1
:20810000F7E108210020FEF74FFF07F10C03142219466848F8F7E8FBEBE107F10C031422D4
:2081200019466548F8F7E0FB00210120FEF73CFFDFE107F10C03142219466048F8F7D4FB35
:2081400001210120FEF730FFD3E107F10C03142219465B48F8F7C8FB02210120FEF724FFB7
:20816000C7E107F10C03142219465648F8F7BCFB03210120FEF718FFBBE107F10C0314224D
:2081800019465148F8F7B0FB04210120FEF70CFFAFE107F10C03142219464C48F8F7A4FBB9
:2081A000A7E107F10C03142219464948F8F79CFB9FE107F10C03142219464648F8F794FB5C
:2081C00007F10C030C33082219464348F8F78CFB8FE107F10C03142219464048F8F784FBCD
:2081E00087E107F10C03142219463D48F8F77CFB7FE107F10C03142219463A48F8F774FBB4
:2082000077E107F10C03142219463748F8F76CFB07F10C030C33082219463448F8F764FBFC
:2082200067E107F10C03142219463148F8F75CFB5FE107F10C03142219462E48F8F754FB0B
:2082400057E107F10C03142219462B48F8F74CFB4FE107F10C03142219462848F8F744FB37
:2082600047E107F10C03142219462548F8F73CFB3FE100BF1D300020B00E00202C30002001
:208280009831002034300020F83000203C300020AC3100205033002064330020783300207B
:2082A0008C330020A0330020B4330020C8330020DC330020F0330020043400201834002094
:2082C0002C34002040340020543400206C30002080300020943000205C300020A8300020CE
:2082E000BC300020D0300020E4300020543000200C3100202031002034310020483100208E
:208300005C31002007F10C03142219467B48F8F7EBFAEEE007F10C03142219467848F8F764
:20832000E3FAE6E007F10C03142219467548F8F7DBFADEE007F10C03142219467248F8F77A
:20834000D3FAD6E007F10C03142219466F48F8F7CBFACEE007F10C03142219466C48F8F7A6
:20836000C3FAC6E007F10C03142219466948F8F7BBFABEE007F10C03142219466648F8F7D2
:20838000B3FAB6E007F10C03142219466348F8F7ABFAAEE007F10C03142219466048F8F7FE
:2083A000A3FAA6E007F10C03142219465D48F8F79BFA9EE007F10C03142219465A48F8F72A
:2083C00093FA96E007F10C03142219465748F8F78BFA8EE007F10C03142219465448F8F756
:2083E00083FA86E007F10C03142219465148F8F77BFA7EE007F10C03142219464E48F8F782
:2084000073FA76E007F10C03142219464B48F8F76BFA6EE007F10C03142219464848F8F7AD
:2084200063FA66E007F10C03142219464548F8F75BFA5EE0002001F0F1FF07F10C031422B0
:2084400019464148F8F750FA082200213F480EF095F9BB7C1A4607F10C030C3319463B48DE
:20846000F8F742FA45E0012001F0D8FF07F10C03142219463648F8F737FA3AE0022001F05C
:20848000CDFF07F10C03142219463148F8F72CFA2FE007F10C030C33082219462D48F8F7A4
:2084A00023FA26E007F10C030C33082219462A48F8F71AFA1DE003F081FA0346012B17D18D
:2084C00032200CF055F907F10C03184601F0C0FF0EE007F10C031846FEF726FF09E03B7EDC
:2084E0001846FCF712FD04E000BF02E000BF00E000BF00F0D5FAFFF7A5BA00BF70310020A5
:2085000084310020C0310020D4310020E8310020FC31002010320020243200203832002068
:208520004C3200206032002074320020883200209C320020B0320020C4320020D83200201B
:20854000EC32002000330020143300206430002028330020443000204C30002080B500AFE0
:20856000184B1B78DBB2002B06D0164B00221A70154B00221A7022E0134B1B780133DAB2AB
:20858000114B1A70104B1B78012B18D900F07AFA40F23C4200210D480EF0F0F800F080FA10
:2085A000094B00221A700A4B5B7903F00203DBB2002B04D1064A537943F00203537100BF36
:2085C00080BD00BF1D3000201E3000202C300020B00E002080B400AF054B93F82930C3F39D
:2085E0004303DBB21846BD465DF8047B704700BF2C30002080B483B000AF0346FB71FB7942
:20860000002B05D1084B1B88C3F30D039BB204E0054B5B88C3F30D039BB218460C37BD4682
:208620005DF8047B704700BF2C30002080B400AF044B5B68C3F317031846BD465DF8047B7A
:20864000704700BF2C30002080B400AF034BDB791846BD465DF8047B704700BF2C3000207C
:2086600080B400AF034B1B891846BD465DF8047B704700BF2C30002080B400AF034B5B89E9
:208680001846BD465DF8047B704700BF2C30002080B400AF034B1B7B1846BD465DF8047BB7
:2086A000704700BF2C30002080B400AF044B5B7BC3F30103DBB21846BD465DF8047B70478D
:2086C0002C30002080B400AF044B5B7BC3F38303DBB21846BD465DF8047B70472C300020E5
:2086E00080B400AF044B1B7CC3F30003DBB21846BD465DF8047B70472C30002080B400AF20
:20870000044B1B7CC3F34003DBB21846BD465DF8047B70472C30002080B400AF044B1B7CBC
:20872000C3F38003DBB21846BD465DF8047B70472C30002080B400AF044B1B7CC3F3C003C9
:20874000DBB21846BD465DF8047B70472C30002080B400AF044B1B7CC3F30013DBB21846A7
:20876000BD465DF8047B70472C30002080B400AF044B1B7CC3F34013DBB21846BD465DF8DA
:20878000047B70472C30002080B400AF044B1B7CC3F3C013DBB21846BD465DF8047B70475C
:2087A0002C30002080B400AF044B5B7CC3F30003DBB21846BD465DF8047B70472C30002086
:2087C00080B400AF044B5B7CC3F38003DBB21846BD465DF8047B70472C30002080B400AF7F
:2087E000044B5B7CC3F3C003DBB21846BD465DF8047B70472C30002080B400AF044B5B7CDC
:20880000C3F38013DBB21846BD465DF8047B70472C30002080B400AF044B5B7CC3F3C01388
:20882000DBB21846BD465DF8047B70472C30002080B400AF044B9B7CC3F30003DBB2184656
:20884000BD465DF8047B70472C30002080B400AF00231846BD465DF8047B704780B582B0B5
:2088600000AF78600B46FB7000F00CF9FA7813469B0013449B004033064A134414221946B9
:208880007868F8F731F800F00BF900BF0837BD4680BD00BF2C30002080B582B000AF786085
:2088A0000B46FB7000F0EEF8FA7813469B0013449B0003F58473064A1344142219467868C3
:2088C000F8F712F800F0ECF800BF0837BD4680BD2C30002080B582B000AF78600B46FB7067
:2088E00000F0D0F8FA7813469B0013449B0003F54873074A13440433142219467868F7F773
:20890000F3FF00F0CDF800BF0837BD4680BD00BF2C30002080B582B000AF78600B46FB708D
:2089200000F0B0F8FA7813469B0013449B0003F57673064A1344142219467868F7F7D4FF89
:2089400000F0AEF800BF0837BD4680BD2C30002080B400AF034B5B8B1846BD465DF8047B7B
:20896000704700BF2C30002080B400AF034BB3F918301846BD465DF8047B70472C30002078
:2089800080B400AF044B5B8CC3F30E039BB21846BD465DF8047B70472C30002080B485B0D9
:2089A00000AF0346FB710023FB81FB79042B35D801A252F823F000BFCD890100DB89010089
:2089C000E9890100F78901000F8A0100174B1B8EC3F309039BB2FB8121E0144B1B6BC3F3D7
:2089E00089239BB2FB811AE0104B5B8EC3F309139BB2FB8113E00D4B93F833209209D2B2E1
:208A000093F834309B0013439BB2FB8107E0074B5B6BC3F309239BB2FB8100E000BFFB89E0
:208A200018461437BD465DF8047B70472C30002080B500AF00F026F80822002103480DF0FE
:208A40009DFE00F02DF800BF80BD00BF5C30002080B400AF034B93F83D301846BD465DF820
:208A6000047B70472C30002080B400AF044B1B7CC3F38013DBB21846BD465DF8047B7047B9
:208A80002C30002080B500AF044B9B684FF0FF3118460AF0E3FE00BF80BD00BF2030002051
:208AA00080B500AF034B9B6818460AF0A1FE00BF80BD00BF2030002080B586B000AF002322
:208AC0003B7240F207737B600823BB7200237B723B1D0C33082207491846F7F705FF3B1D41
:208AE00019461820F7F776FC034618461837BD4680BD00BFF408002080B586B000AF002331
:208B00003B7240F224737B6000237B720323BB720123BB743B1D0C33022207491846F7F7F7
:208B2000E3FE3B1D19461920F7F754FC034618461837BD4680BD00BFFC08002080B586B0A2
:208B400000AF00233B724FF4A6737B6000237B720823BB723B1D0C33082207491846F7F79A
:208B6000C3FE3B1D19461A20F7F734FC034618461837BD4680BD00BF7634002080B586B0FB
:208B800000AF3B1D00221A605A609A60DA601A6101F016FB034603F00103D9B2224A937A83
:208BA00061F30003937201F023FB034603F00103D9B21D4A937A61F38203937201F030FB11
:208BC000034603F00103D9B2174A937A61F34103937201F019FB034603F00703D9B2124A8D
:208BE000937A61F34713937201F026FB03461A460D4BDA7200233B7240F26D237B600023C6
:208C00007B720823BB723B1D0C33082207491846F7F76AFE3B1D19461A20F7F7DBFB03464C
:208C200018461837BD4680BD743400207E34002090B587B000AF3B1D00221A605A609A60DA
:208C4000DA601A61FCF7F2FF034603F03F03D9B2334A937C61F305039374FCF7DBFF03466D
:208C600003F00F03D9B22E4A538A61F389135382FCF7C4FF034603F01F03D9B2284AD37CEA
:208C800061F38603D374FCF75DFF034603F01F03DAB2234B02F00101CC01D97C01F07F0182
:208CA000084621460143D9745208D2B202F00F0202F00F001A7D22F00F02114602460A43E6
:208CC0001A75FCF783FF034603F03F03D9B2144A938A61F309139382FCF784FF034603F0D5
:208CE0003F03D9B20E4A537D61F38703537500233B7275237B6000237B720823BB723B1DD6
:208D00000C33082207491846F7F7EEFD3B1D19461A20F7F75FFB034618461C37BD4690BDE0
:208D2000743400207E34002080B586B000AF154B1B68154A934220D100233B7240F22E4304
:208D40007B6000237B720823BB723B1D0C3304220E491846F7F7C8FD3B1D103304220C4995
:208D60001846F7F7C1FD3B1D19461920F7F732FB3822002103480DF001FD00BF1837BD460C
:208D800080BD00BFD80A0020EFBEADDEDC0A0020E00A002080B588B000AF0346FB710B466B
:208DA000BB7113467B7100233B744FF41B73FB6000237B740823BB7407F10C030C33082268
:208DC000002118460DF0DAFC7B79002B06D17F233B76FB797B76BB79BB7608E07B79012B26
:208DE00005D1FB794033DBB23B76BB797B7607F10C0319461920F7F7EDFA00BF2037BD46C6
:208E000080BDFFFF80B586B000AF00233B7240F26F237B6000237B720823BB72074A07F1DD
:208E200010031068516803C33B1D19461B20F7F7D1FA00BF1837BD4680BD00BF143000200C
:208E400080B586B000AF164B1B68002B01D1122321E000233B724FF41B737B6000237B7255
:208E60000823BB723B1D0C330822002118460DF085FC62233B7403237B74094B19683B1D66
:208E80000E33062218460DF089FC3B1D19461B20F7F7A0FA034618461837BD4680BD00BF1A
:208EA000E837002080B586B000AF00233B724FF41B737B6000237B720823BB723B1D0C33DE
:208EC0000822002118460DF059FC6F233B7402237B74084A07F112031168196092889A80BD
:208EE0003B1D19461B20F7F775FA00BF1837BD4680BD00BF0009002080B483B000AF03468E
:208F0000FB71FB7903F00103D9B2054A937861F30003937000BF0C37BD465DF8047B7047AB
:208F20007434002080B483B000AF0346FB71FB7903F00103D9B2054A937961F38203937170
:208F400000BF0C37BD465DF8047B70477434002080B483B000AF0346FB71FB7903F0010383
:208F6000D9B2054A937961F3C303937100BF0C37BD465DF8047B70477434002080B483B02E
:208F800000AF0346FB71FB79012B05D10A4B9B79C3F38003DBB209E0FB79022B05D1064B17
:208FA0009B79C3F3C003DBB200E0032318460C37BD465DF8047B70477434002080B483B033
:208FC00000AF0346FB71FB7903F00103D9B2054A137861F30003137000BF0C37BD465DF829
:208FE000047B70477434002080B483B000AF0346FB71FB7983F00103D9B2054A137861F304
:209000004103137000BF0C37BD465DF8047B70477434002080B400AF044B1B78C3F30003B3
:20902000DBB21846BD465DF8047B70477434002080B400AF034B1B781846BD465DF8047BF6
:20904000704700BF8A34002090B59DB000AF7860002387F85F30F8F76DF803461A46CC4B5E
:209060001A70FFF761FECB4B5B6807F15F014FF0FF3218460AF0F2FD0346012BF3D197F861
:209080005F30013B052B00F2DD8301A252F823F0A990010059960100719701008F97010029
:2090A0002798010021980100FEF7B0FB0346012B40F0FC8007F1480300221A605A609A60E2
:2090C000DA601A614FF000024FF00003C7E918234FF41B73BB64622387F85430042387F84F
:2090E0005530082387F84E30AB4B1B78022B00F0BA80022B00F3A883002B02D0012B59D046
:20910000A2E301F0BDF851EC100B9FA3D3E900230DF060F802460B46104619460DF0BCFA55
:2091200002460B46C7E91823102387F8563097F8603087F85730D7E918014FF000024FF0F5
:209140000003020A42EA01620B0AD3B287F85830D7E918014FF000024FF00003020C42EA3A
:2091600001420B0CD3B287F85930D7E918014FF000024FF00003020E42EA01220B0ED3B2AF
:2091800087F85A30D7E918014FF000024FF000030A000023D3B287F85B3007F1480319460C
:2091A0001B20F7F717F97C4B1B780133DAB27A4B1A7047E201F076F851EC100B72A3D3E95C
:2091C00000230DF007F802460B46104619460DF063FA02460B46C7E91823202387F85630FC
:2091E00097F8603087F85730D7E918014FF000024FF00003020A42EA01620B0AD3B287F83A
:209200005830D7E918014FF000024FF00003020C42EA01420B0CD3B287F85930D7E9180170
:209220004FF000024FF00003020E42EA01220B0ED3B287F85A30D7E918014FF000024FF04C
:2092400000030A000023D3B287F85B3007F1480319461B20F7F7BEF84F4B1B780133DAB2E1
:209260004D4B1A70EEE1302387F85630FF2387F8573000F0EDFF034687F8583000F0F4FF6E
:20928000034687F85930002387F85A30002387F85B3007F1480319461A20F7F79BF83E4B3E
:2092A00000221A700020FEF79BFACBE1FEF7D2FA0346012B40F0AB8007F1340300221A6050
:2092C0005A609A60DA601A61002387F838304FF41B737B63002387F83930082387F83A304D
:2092E000632387F84030022387F841302B4B1B78022B57D0022B72DC002B02D0012B20D0F3
:209300006DE0102387F84230254BB3F80F309BB2DBB287F84330224BB3F80F309BB21B0AED
:209320009BB2DBB287F844301D4B5B7C87F845301B4B9B7C87F84630194BDB7C87F847300A
:209340004DE0202387F84230154B1B7D87F84330134BD3F81530DBB287F84430104BD3F8AE
:2093600015301B0ADBB287F845300D4BD3F815301B0CDBB287F84630094BD3F815301B0E64
:20938000DBB287F847302AE000000000006AF84070340020683400208B3400208C3400205F
:2093A000102F0020302387F84230A74BB3F819309BB2DBB287F84330A34BB3F819309BB229
:2093C0001B0A9BB2DBB287F84430002387F84530002387F84630002387F8473000BF07F19C
:2093E000340319461A20F6F7F5FF984B1B780133DAB2964B1A70954B1B78022B40F22482A3
:20940000924B00221A700020FEF70EFA1CE2FEF793FA0346012B40F0888007F1200300223C
:209420001A605A609A60DA601A6100F04DFFB866002387F824304FF41B733B62002387F8E9
:209440002530082387F82630622387F82C30052387F82D307E4B1B78022B36D0022B4CDC6F
:20946000002B02D0012B18D047E0102387F82E30BB6E1B7887F82F30BB6E5B7887F830302F
:20948000BB6E9B7887F83130BB6EDB7887F83230BB6E1B7987F833302FE0202387F82E3085
:2094A000BB6E5B7987F82F30BB6E9B7987F83030BB6EDB7987F83130BB6E1B7A87F83230B9
:2094C000BB6E5B7A87F8333017E0302387F82E30BB6E9B7A87F82F30BB6EDB7A87F830300C
:2094E000BB6E1B7B87F83130BB6E5B7B87F83230BB6E9B7B87F8333000BF07F12003194693
:209500001A20F6F767FF524B1B780133DAB2504B1A704F4B1B78022B40F296814C4B00224D
:209520001A700020FEF7F2F98EE1FEF729FA0346012B40F0898107F10C0300221A605A600E
:209540009A60DA601A6100F0C9FEF86600233B744FF41B73FB6000237B740823BB74622358
:209560003B7606237B763B4B1B78032B52D801A252F823F085950100A9950100CD950100F2
:20958000F19501001023BB76FB6E1B78FB76FB6E5B783B77FB6E9B787B77FB6EDB78BB7729
:2095A000FB6E1B79FB7735E02023BB76FB6E5B79FB76FB6E9B793B77FB6EDB797B77FB6EBE
:2095C0001B7ABB77FB6E5B7AFB7723E03023BB76FB6E9B7AFB76FB6EDB7A3B77FB6E1B7B2F
:2095E0007B77FB6E5B7BBB77FB6E9B7BFB7711E04023BB76FB6EDB7BFB76FB6E1B7C3B77B0
:20960000FB6E5B7C7B77FB6E9B7CBB77FB6EDB7CFB7700BF07F10C0319461A20F6F7DAFE10
:209620000C4B1B780133DAB20A4B1A70094B1B78032B40F20981074B00221A700020FEF7BD
:2096400089F901E100E100BF102F00208C3400208D3400208E34002002F094F90346002B11
:2096600072D17E4B1B7803F00203DBB2002B6BD1FEF73EF90346002B66D10420F6F7E8FF90
:20968000034603F00103D9B2744A937861F3410393700320F6F7DCFF034603F00103D9B2E5
:2096A0006E4A937861F3820393700120FEF7A2FF0346C3F30D039AB2684BC2F30A014C0139
:2096C000598801F01F010846214601435980D20A92B202F0070202F007001A7922F0070204
:2096E000114602460A431A71FEF7A0FF034623F07F425A4BD1B200200143D971120A92B20C
:2097000000210A431A810020FEF774FF0346C3F30D039AB2514BC2F30C01CC00998801F021
:2097200007010846214601439980520B92B202F0010202F001009A7922F0010211460246BF
:209740000A439A71FFF7FAF9FEF7D2F80346012B7CD102F017F90346002B77D13F4B1B786C
:2097600003F00203DBB2002B70D0FFF74BFB6DE002F008F90346002B6AD1384B1B7803F0C5
:209780000203DBB2002B63D1FFF752FA60E0334B1B7803F00103DBB2002B28D0304B1B7890
:2097A0000133DAB22E4B1A702D4B1B781D2B04D92A4A137843F002031370294B1B78072BC3
:2097C0001DD9FEF78DFF0346012B18D1234A137823F001031370214A137823F00203137091
:2097E0001F4B00221A700020FAF7CCFE07E01C4B00221A70194A137823F00203137002F003
:20980000C1F80346002B25D1144B1B7803F00203DBB2002B1ED1FFF76FF9FFF74DF919E001
:20982000FEF79CFE19E002F0ADF80346002B13D10A4B1B7803F00203DBB2002B0CD1FFF746
:209840009DF909E000BF0EE400BF0CE400BF0AE400BF08E400BF06E400BF04E474340020B9
:209860008A34002080B582B000AF78600B467B80564B1B78042B00F2968001A252F823F065
:2098800095980100A7980100E5980100F59801003D9901007B681B78652B40F08A804B4BA1
:2098A00001221A7085E07B681B78022B03D1484B02229A7112E07B681B78032B03D1444B64
:2098C00003229A710AE07B681B78042B03D1404B04229A7102E03E4B05229A713B4B0222F2
:2098E0001A7069E07B681A783A4B1A70374B03221A7061E07B681A78374B1A70354B1B780B
:209900001AB2354B1B781BB21B021BB213431BB27B802F4A7B88A2F8C4327B8803337B8053
:209920007B88B3F52F7F05D901237B80274B00221A7041E0254B04221A703DE07B88013B16
:209940007A6813441B78822B27D17B88033B7B807B88B3F52F7F1AD81D4BB3F8C4321A46A6
:2099600079681E480CF01AFF184B00221A7001237B801B4B5B68002B1DD0194B58680023D5
:20998000002218490AF0B2F8F7F75EFB13E00F4B00221A7001237B800DE00C4B00221A7051
:2099A00001237B8007E0094B00221A7001237B8002E000BF00E000BF7B881A4679680020DE
:2099C000F7F70CFB00BF0837BD4680BDE037002098340020E1370020E23700209F340020CD
:2099E000903400209E34002090B5ADF53D7D02AF07F53A73A3F53973186007F53A73A3F599
:209A0000327318464FF430731A4600210CF0B6FE0023A7F8E6320023A7F8E2320023A7F8BA
:209A2000E032002387F8E532C34B5B6807F120014FF0FF3218460AF011F90346012BF3D166
:209A400007F53A73A3F53273B3F8BE32053BA7F8E03207F53A73A3F532731B78042B00F0FC
:209A60001581042B00F33D82022B02D0032B4ED037E2B24B01225A70B14B00221A70B14B7D
:209A800000221A7000F05EFB07F12003013380221946AD48F6F728FFAC4BAD4A1A60AD4B18
:209AA000DB7803F00403DBB2002B26D1A64800F081FA0346002B20D0A04B93F810039F4B7A
:209AC00093F811139D4B93F813439C4B93F814339A4A92F815230192009323467D22FBF78F
:209AE000CBFFFBF795FF9B4AD37843F00403D370984AD37843F00803D370934800F05AFA9C
:209B00000346002B00F0EF8100F0D4FAEBE1FEF761FD0346002B02D000F042FDE9E1002035
:209B2000FDF7DEFB874B00221A70012001F036FF07F53A73A3F53273B3F8BE320D2B00F2E8
:209B4000D48107F53A73A3F5377300221A7107F53A73A3F532735B781A4607F53A73A3F5BE
:209B600032739B781B021A4307F53A73A3F53273DB781B041A4307F53A73A3F532731B7984
:209B80001B0613431A4607F53A73A3F537731A6007F53A73A3F532735A7907F53A73A3F58F
:209BA00037739A7107F53A73A3F5377300225A7107F53A73A3F537739B791A4607F120039E
:209BC000991D07F10C030C331846F6F78DFE07F53A73A3F537731B6840F2FA72934218D0EA
:209BE00007F53A73A3F537731B6840F2FB7293420FD007F53A73A3F537731B6840F2C172D1
:209C000093421BD107F53A73A3F537731B7B042B14D107F10C03184601F060FA07F53A7395
:209C2000A3F537731B6840F2C172934218D107F10C0319461820F6F7CDFB11E007F53A734F
:209C4000A3F537731B6840F2C172934202D1012001F088FE07F10C0319461820F6F7BAFB5A
:209C600007F53A73A3F537731B6840F2C172934240F03B8107F53A73A3F537731B7B002BA4
:209C800040F03381022001F06DFE2EE10020FDF727FB2C4B00221A70012001F063FE012066
:209CA00001F07CFE07F53A73A3F532735B781A4607F53A73A3F532739B781B021A4307F5B1
:209CC0003A73A3F53273DB781B041A4307F53A73A3F532731B791B0613431A4607F53A73D1
:209CE000A3F537731A6007F53A73A3F532735A7907F53A73A3F537739A7107F53A73A3F5B8
:209D0000377300221A7107F53A73A3F5377300225A71114B05221A80B7F8E032DB08A7F8B4
:209D2000E632B7F8E03203F00703A7F8E2326AE0002387F8E5322CE09034002098340020BB
:209D4000E4370020E337002060370020E8370020B0370020B00E0020EC370020674B1B881B
:209D60005A1C91B2654A1180194697F8E53207F53A72A2F532720A44517807F53A72A2F5AC
:209D8000377213440A461A7397F8E532013387F8E53297F8E532072BE0D907F53A73A3F5A4
:209DA00037731B6840F2FA72934218D007F53A73A3F537731B6840F2FB7293420FD007F55E
:209DC0003A73A3F537731B6840F2C17293420CD107F53A73A3F537731B7B042B05D107F17C
:209DE0000C03184601F07AF905E007F10C0319461820F6F7EFFAB7F8E632013BA7F8E6327F
:209E000003200AF0B5FCB7F8E632002B90D1B7F8E232002B6BD0B7F8E232DAB207F53A7300
:209E2000A3F537739A71002387F8E5321AE0334B1B885A1C91B2314A1180194697F8E53237
:209E400007F53A72A2F532720A44517807F53A72A2F5377213440A461A7397F8E532013312
:209E600087F8E53297F8E5329BB2B7F8E2229A42DDD80023A7F8E23207F53A73A3F5377354
:209E80001B6840F2FA72934218D007F53A73A3F537731B6840F2FB7293420FD007F53A737A
:209EA000A3F537731B6840F2C17293420FD107F53A73A3F537731B7B042B08D1104B58681F
:209EC00007F10C010023002209F000FD05E007F10C0319461820F6F77DFA05200AF048FCF8
:209EE00005E000BFA0E500BF9EE500BF9CE500BF9AE507F53B77BD4690BD00BFEC37002079
:209F00002030002080B500AF234B1B780133DAB2214B1A70214B1B78052B1BD91F4B002287
:209F20001A701F4B1B7823F00203DAB21C4B1A701B4B1B7823F01003DAB2194B1A70194B08
:209F400000225A70012218490020F7F747F8174B00221A70154B1B78002B1AD00E4B1B7842
:209F6000142B16D90C4B00221A700C4B1B780133DAB20A4B1A700E4B1B8801339AB20C4B54
:209F80001A80012208490020F7F728F8074B00221A7000BF80BD00BFE3370020E437002057
:209FA00014300020983400209F340020E0370020E637002080B483B000AF78607B6893F88E
:209FC0004830002B1AD17B6893F84930002B15D17B6893F84A30002B10D17B6893F84B301E
:209FE000002B0BD17B6893F84C30002B06D17B6893F84D30002B01D1002354E07B6893F8C1
:20A000004930002B04D07B6893F849300C2B01D9002348E07B6893F84830002B04D07B68BD
:20A0200093F848301F2B01D900233CE07B6893F84B30172B01D9002335E07B6893F84C3093
:20A040003B2B01D900232EE07B6893F84D303B2B01D9002327E07B6893F84930022B06D14F
:20A060007B6893F848301D2B01D900231BE07B6893F84930042B0ED07B6893F84930062BAE
:20A0800009D07B6893F84930092B04D07B6893F849300B2B06D17B6893F848301E2B01D9FB
:20A0A000002300E0012318460C37BD465DF8047B7047FFFF80B584B000AFFBF77BFD034681
:20A0C000FB73FBF783FD0346BB731C4B93F813337B731A4B93F814333B73FB7B9BB21A46FB
:20A0E0001201D31A9B009AB2BB7B9BB213447B817B7B9BB21A461201D31A9B009AB23B7B63
:20A100009BB213443B817A893B899A4204D97A893B89D31A9BB203E03A897B89D31A9BB27A
:20A12000FB80FB88012B04D9054AD37823F00403D37000BF1037BD4680BD00BF9834002030
:20A14000B00E002098B500AF1A4B1B7843F00203DAB2184B1A70184B93F81633002B07D142
:20A16000144B1B7843F01003DAB2124B1A700BE0114B93F81633012B06D10E4B1B7823F017
:20A180001003DAB20B4B1A7000F026F80346002B0ED000F021F80346062B09D800F01CF878
:20A1A00003465C1E00F048F803461A46034B1A5500BF98BD143000209834002000090020B9
:20A1C00080B400AF034B93F8C8321846BD465DF8047B70479834002080B400AF034B93F835
:20A1E00017331846BD465DF8047B70479834002080B400AF034B93F8CC321846BD465DF8CD
:20A20000047B70479834002080B400AF034B93F8C9321846BD465DF8047B7047983400208D
:20A2200080B400AF034B93F8CB321846BD465DF8047B70479834002080B400AF034B93F8D1
:20A24000CA321846BD465DF8047B70479834002080B400AF034B93F8CE321846BD465DF8B8
:20A26000047B70479834002080B400AF034B93F8CD321846BD465DF8047B70479834002029
:20A2800080B400AF064BD3E9B42343EC172BB0EE470AF0EE670ABD465DF8047B704700BFFB
:20A2A0009834002080B400AF064BD3E9B62343EC172BB0EE470AF0EE670ABD465DF8047B63
:20A2C000704700BF9834002080B400AF024B1846BD465DF8047B7047B737002080B400AF0F
:20A2E000024B1846BD465DF8047B7047C737002080B584B000AF78600023BB730023FB7335
:20A30000444B5B6807F10E014FF0FF32184609F0A5FC0346012BF3D1BB7B013B042B6FD85B
:20A3200001A252F823F000BF3DA301005BA3010001A40100A1A30100D1A30100FEF74AF9E6
:20A340000346002B5ED001F01DFB0346002B59D100F038FAFFF7D6FD54E0FEF73BF9034623
:20A36000002B51D001F00EFB0346002B4CD100F0D9FA294B1B78032B46D10023FB7308E07E
:20A38000FB7B1833DBB2184600F0D6FCFB7B0133FB73FB7B082BF3D91F4B00221A7033E099
:20A3A000FEF718F90346002B30D001F0EBFA0346002B2BD10023FB7306E0FB7B184600F0A2
:20A3C00063FBFB7B0133FB73FB7B082BF5D91DE0FEF700F90346002B1AD001F0D3FA034640
:20A3E000002B15D10023FB7306E0FB7B184600F0F7FBFB7B0133FB73FB7B042BF5D907E0AD
:20A4000000BF7DE700BF7BE700BF79E700BF77E700BF75E7F0370020BC39002080B483B0DE
:20A4200000AF0346FB71FB79012202FA03F35AB2064B1B785BB213435BB2DAB2034B1A706B
:20A4400000BF0C37BD465DF8047B7047BC39002080B584B000AF78600023FB817B689B79D1
:20A4600006339AB24C4B1A80FB895A1CFA811A464A4B65219954FB895A1CFA811A46474BE2
:20A4800002219954444B1988FB895A1CFA811A46C9B2424B9954404B1B881B0A99B2FB8990
:20A4A0005A1CFA811A46C9B23C4B99547B681968FB895A1CFA811A46C9B2384B99547B6855
:20A4C0001B68190AFB895A1CFA811A46C9B2334B99547B681B68190CFB895A1CFA811A46BB
:20A4E000C9B22E4B99547B681B68190EFB895A1CFA811A46C9B2294B9954FB895A1CFA81C8
:20A500001A467B689979254B995400237B730CE07A7BFB89591CF98119467B6813441A7BF6
:20A520001E4B5A547B7B01337B737B689B797A7B9A42EDD300233B7309E0FB895A1CFA8135
:20A540001A46164B002199543B7B01333B733B7B002BF2D0FB895A1CFA811A460F4B0021A1
:20A560009954FB895A1CFA811A460C4B00219954FB895A1CFA811A46084B82219954FB8978
:20A580001A4606490020F6F7BFFC0023FB8100BF1037BD4680BD00BFBA390020F83700203E
:20A5A00080B582B000AF0023FB802C4B02221A80FB885A1CFA801A46294B65219954FB8875
:20A5C0005A1CFA801A46264B04219954234B1988FB885A1CFA801A46C9B2214B99541F4B88
:20A5E0001B881B0A99B2FB885A1CFA801A46C9B21B4B9954FB885A1CFA801A46184BFF2151
:20A600009954FB885A1CFA801A46154BFF219954FB885A1CFA801A46114B00219954FB884D
:20A620005A1CFA801A460E4B00219954FB885A1CFA801A460A4B82219954FB881A46084977
:20A640000020F6F761FC0121642008F0D5F90023FB8000BF0837BD4680BD00BFBA39002076
:20A66000F837002080B586B000AF0023FB823B4600221A605A609A60DA601A614F4B682227
:20A680001A80FB8A5A1CFA821A464D4B65219954FB8A5A1CFA821A46494B01219954474B32
:20A6A0001988FB8A5A1CFA821A46C9B2444B9954424B1B881B0A99B2FB8A5A1CFA821A46B4
:20A6C000C9B23F4B995400237B7553E07A7D3B4611461846FEF7E0F83968FB8A5A1CFA8230
:20A6E0001A46C9B2364B99543B68190AFB8A5A1CFA821A46C9B2324B99543B68190CFB8A42
:20A700005A1CFA821A46C9B22D4B99543B68190EFB8A5A1CFA821A46C9B2294B9954FB8A05
:20A720005A1CFA821A46B979254B995400233B751AE0BB793A7D9A420CD23A7DFB8A591C15
:20A74000F982194602F118033B4413F80C2C1C4B5A5406E0FB8A5A1CFA821A46184B0021F9
:20A7600099543B7D01333B753B7D072BE1D97B7D01337B757B7D072BA8D9FB8A5A1CFA826E
:20A780001A460F4B00219954FB8A5A1CFA821A460B4B00219954FB8A5A1CFA821A46084B8C
:20A7A00082219954FB8A1A4605490020F6F7ACFB0023FB8200BF1837BD4680BDBA39002021
:20A7C000F837002080B586B000AF0023FB823B4600221A605A609A60DA601A614F4B8222AC
:20A7E0001A80FB8A5A1CFA821A464D4B65219954FB8A5A1CFA821A46494B01219954474BD1
:20A800001988FB8A5A1CFA821A46C9B2444B9954424B1B881B0A99B2FB8A5A1CFA821A4652
:20A82000C9B23F4B995400237B7553E07A7D3B4611461846FEF712F83968FB8A5A1CFA829C
:20A840001A46C9B2364B99543B68190AFB8A5A1CFA821A46C9B2324B99543B68190CFB8AE0
:20A860005A1CFA821A46C9B22D4B99543B68190EFB8A5A1CFA821A46C9B2294B9954FB8AA4
:20A880005A1CFA821A46B979254B995400233B751AE0BB793A7D9A420CD23A7DFB8A591CB4
:20A8A000F982194602F118033B4413F80C2C1C4B5A5406E0FB8A5A1CFA821A46184B002198
:20A8C00099543B7D01333B753B7D072BE1D97B7D01337B757B7D092BA8D9FB8A5A1CFA820B
:20A8E0001A460F4B00219954FB8A5A1CFA821A460B4B00219954FB8A5A1CFA821A46084B2B
:20A9000082219954FB8A1A4605490020F6F7FCFA0023FB8200BF1837BD4680BDBA39002070
:20A92000F837002080B586B000AF0023FB823B4600221A605A609A60DA601A61504B4FF4AA
:20A940009C721A80FB8A5A1CFA821A464D4B65219954FB8A5A1CFA821A464A4B01219954F2
:20A96000474B1988FB8A5A1CFA821A46C9B2454B9954434B1B881B0A99B2FB8A5A1CFA82BD
:20A980001A46C9B23F4B995400237B7553E07A7D3B4611461846FDF77FFF3968FB8A5A1CE4
:20A9A000FA821A46C9B2374B99543B68190AFB8A5A1CFA821A46C9B2324B99543B68190C87
:20A9C000FB8A5A1CFA821A46C9B22E4B99543B68190EFB8A5A1CFA821A46C9B2294B995442
:20A9E000FB8A5A1CFA821A46B979264B995400233B751AE0BB793A7D9A420CD23A7DFB8A42
:20AA0000591CF982194602F118033B4413F80C2C1C4B5A5406E0FB8A5A1CFA821A46194BE1
:20AA2000002199543B7D01333B753B7D072BE1D97B7D01337B757B7D172BA8D9FB8A5A1CF6
:20AA4000FA821A460F4B00219954FB8A5A1CFA821A460C4B00219954FB8A5A1CFA821A469F
:20AA6000084B82219954FB8A1A4606490020F6F74BFA0023FB8200BF1837BD4680BD00BFC0
:20AA8000BA390020F837002080B588B000AF0346FB710023FB8307F1080300221A605A6089
:20AAA0009A60DA601A614C4B0D221A80FB8B5A1CFA831A46494B65219954FB8B5A1CFA832E
:20AAC0001A46464B01219954434B1988FB8B5A1CFA831A46C9B2414B99543F4B1B881B0A28
:20AAE00099B2FB8B5A1CFA831A46C9B23B4B9954FA7907F1080311461846FDF7EBFEB9681B
:20AB0000FB8B5A1CFA831A46C9B2344B9954BB68190AFB8B5A1CFA831A46C9B22F4B995474
:20AB2000BB68190CFB8B5A1CFA831A46C9B22B4B9954BB68190EFB8B5A1CFA831A46C9B278
:20AB4000264B9954FB8B5A1CFA831A46B97B234B995400237B771AE0BB7B7A7F9A420CD237
:20AB60007A7FFB8B591CF983194602F120033B4413F80C2C194B5A5406E0FB8B5A1CFA83BD
:20AB80001A46164B002199547B7F01337B777B7F072BE1D9FB8B5A1CFA831A460F4B00218C
:20ABA0009954FB8B5A1CFA831A460C4B00219954FB8B5A1CFA831A46084B82219954FB8B28
:20ABC0001A4606490020F6F79FF90023FB8300BF2037BD4680BD00BFBA390020F837002009
:20ABE00080B588B000AF0346FB710023FB8307F1080300221A605A609A60DA601A614C4B44
:20AC00000D221A80FB8B5A1CFA831A46494B65219954FB8B5A1CFA831A46464B0121995412
:20AC2000434B1988FB8B5A1CFA831A46C9B2414B99543F4B1B881B0A99B2FB8B5A1CFA8302
:20AC40001A46C9B23B4B9954FA7907F1080311461846FDF75FFEB968FB8B5A1CFA831A4630
:20AC6000C9B2344B9954BB68190AFB8B5A1CFA831A46C9B22F4B9954BB68190CFB8B5A1CA8
:20AC8000FA831A46C9B22B4B9954BB68190EFB8B5A1CFA831A46C9B2264B9954FB8B5A1C01
:20ACA000FA831A46B97B234B995400237B771AE0BB7B7A7F9A420CD27A7FFB8B591CF983C0
:20ACC000194602F120033B4413F80C2C194B5A5406E0FB8B5A1CFA831A46164B00219954FD
:20ACE0007B7F01337B777B7F072BE1D9FB8B5A1CFA831A460F4B00219954FB8B5A1CFA8394
:20AD00001A460C4B00219954FB8B5A1CFA831A46084B82219954FB8B1A4606490020F6F770
:20AD2000F3F80023FB8300BF2037BD4680BD00BFBA390020F837002080B588B000AF0346AB
:20AD4000FB710023FB8307F1080300221A605A609A60DA601A614C4B0D221A80FB8B5A1C82
:20AD6000FA831A46494B65219954FB8B5A1CFA831A46464B01219954434B1988FB8B5A1C4B
:20AD8000FA831A46C9B2414B99543F4B1B881B0A99B2FB8B5A1CFA831A46C9B23B4B99547E
:20ADA000FA7907F1080311461846FDF775FDB968FB8B5A1CFA831A46C9B2344B9954BB68FE
:20ADC000190AFB8B5A1CFA831A46C9B22F4B9954BB68190CFB8B5A1CFA831A46C9B22B4B83
:20ADE0009954BB68190EFB8B5A1CFA831A46C9B2264B9954FB8B5A1CFA831A46B97B234BEF
:20AE0000995400237B771AE0BB7B7A7F9A420CD27A7FFB8B591CF983194602F120033B44E9
:20AE200013F80C2C194B5A5406E0FB8B5A1CFA831A46164B002199547B7F01337B777B7F75
:20AE4000072BE1D9FB8B5A1CFA831A460F4B00219954FB8B5A1CFA831A460C4B0021995487
:20AE6000FB8B5A1CFA831A46084B82219954FB8B1A4606490020F6F747F80023FB8300BF35
:20AE80002037BD4680BD00BFBA390020F837002080B58CB000AF78607B68002B01D10323FC
:20AEA00093E007F108032022002118460BF066FC0023FB850D23BB85FB8D5A1CFA8530330B
:20AEC0003B44652203F8282CFB8D5A1CFA8530333B44052203F8282CFB8D5A1CFA85BA8D84
:20AEE000D2B230333B4403F8282CBB8D1B0A9AB2FB8D591CF985D2B230333B4403F8282CB4
:20AF00007B681A68FB8D591CF985D2B230333B4403F8282C7B681B681A0AFB8D591CF98597
:20AF2000D2B230333B4403F8282C7B681B681A0CFB8D591CF985D2B230333B4403F8282CA0
:20AF40007B681B681A0EFB8D591CF985D2B230333B4403F8282CFB8D5A1CFA8519467B6874
:20AF60009A7901F130033B4403F8282CFB8D07F10802D0187B680C33082219460BF00EFCA9
:20AF8000FB8D0833FB85FB8D5A1CFA8530333B44002203F8282CFB8D5A1CFA8530333B443F
:20AFA000002203F8282CFB8D5A1CFA8530333B44822203F8282CFA8D07F1080319460020C5
:20AFC000F5F7A2FF0346BB62BB6A18463037BD4680BDFFFF80B400AFBFF34F8F00BF064BD3
:20AFE000DB6803F4E0620449044B1343CB60BFF34F8F00BF00BFFDE700ED00E00400FA05F6
:20B0000080B485B000AF786039600023FB600023FB72FB68DB43FB601FE07B685A1C7A608B
:20B020001B781A46FB685340FB600823FB7209E0FB685A08FB6803F0010359420C4B0B40EF
:20B040005340FB60FB7A013BDBB2FB7297F90B30002BEDDA3B68013B3B603B68002BDCD1A5
:20B06000FB68DB4318461437BD465DF8047B70472083B8ED80B582B000AF7860084611463D
:20B080001A460346FB700B46BB7013467B70114AFB7813730F4ABB7853730E4A7B68136088
:20B0A0000C4B02229A710C4B1B78012B03D10948FFF7CEF90AE0FB78082B02D10548FFF76C
:20B0C000C7F97B7803491846F5F784F900BF0837BD4680BDC0390020F841002080B582B093
:20B0E00000AF78607B681B6840F2FB72934231D040F2FB7293427DD840F2FA7293420CD0D6
:20B1000040F2FA72934275D840F26662934225D040F2C172934226D06CE07B681B7B002B8B
:20B1200002D100F073F867E07B681B7B012B03D1786800F0A3F85FE07B681B7B032B02D1FD
:20B1400000F060FA58E07B681B7B042B54D100F03FFB51E0786800F09FF950E0FDF7ACFC11
:20B16000FDF7CAFC4BE07B681B7B002B03D0012000F0F8FB17E07B681B7B002B13D10220CE
:20B1800000F0F0FB204B40F2C2721A601E4B02229A711D4B00221A731B4BAA225A731A4978
:20B1A0001820F5F717F97B681B7B042B26D17B685B7BAA2B22D1144B40F2C2721A60124B9F
:20B1C00002229A71104B04221A730F4BAA225A73012000F0C7FB0C491820F5F7FBF8FFF70A
:20B1E00041FA4FF47A71322007F006FC0648FFF72FF903E000BF02E000BF00E000BF00BF8E
:20B200000837BD4680BD00BF2C42002080B500AF144B40F2FC721A60124B05229A71114B1A
:20B2200000221A73104BAA221A700F4B79225A8004220D490D48F5F757FB0D4B1B78012BB9
:20B2400003D10848FFF704F903E006491820F5F7C1F8084B00221A70074B01221A7000BF0B
:20B2600080BD00BF2C420020FC41002039420020F8410020D43900201C30002080B582B0F3
:20B2800000AF78607B685A7B7C4B9A7414227C490020FAF7A1F90346002B40F0E380784B2A
:20B2A0001B78002B48D1774B4FF401221A60764B4FF401221A60754B4FF441221A607B68B1
:20B2C0009B7B1A467B68DB7B1B021A447B681B7C1B041A447B685B7C1B0613441A46674B09
:20B2E000C3F80A20674B1B68684A126811461846FAF7D4F90346002B16D1654B00221A60EE
:20B30000644B00221A605D4B01221A705B4B00225A705A4BAA22DA741823AA22012140F2E1
:20B32000FC70FFF7A7FEA4E01823FF22012140F2FC70FFF79FFE9CE0514B5B78002B48D1A4
:20B34000504B4FF480521A604F4B4FF480521A604E4B4FF480221A607B689B7B1A467B6866
:20B36000DB7B1B021A447B681B7C1B041A447B685B7C1B0613441A46404BC3F80220414B7F
:20B380001B68424A126811461846FAF787F90346002B16D13E4B00221A603E4B00221A6059
:20B3A000364B00221A70354B01225A70334BAA22DA741823AA22012140F2FC70FFF75AFE46
:20B3C00057E01823FF22012140F2FC70FFF752FE4FE02C4B4FF480521A602B4B4FF4805214
:20B3E0001A602A4B4FF480221A607B689B7B1A467B68DB7B1B021A447B681B7C1B041A44FB
:20B400007B685B7C1B0613441A461C4BC3F802201C4B1B681D4A126811461846FAF73EF9AE
:20B420000346002B16D11A4B00221A60194B00221A60124B00221A70104B01225A700F4B05
:20B44000AA22DA741823AA22012140F2FC70FFF711FE0EE01823FF22012140F2FC70FFF706
:20B4600009FE06E01823FF22012140F2FC70FFF701FE00BF0837BD4680BD00BF004200206F
:20B4800014420020080900200C09002010090020EC390020F039002080B582B000AF78601B
:20B4A0004F4B1B684F4A98187B6803F10C017B689B791A46F5F718FA7B689B791A46484B03
:20B4C0001B681344464A13607B689B791A46464B1B681344444A1360414B1B68B3F5806F26
:20B4E0007AD3424B1B684FF480623E491846FAF727F80346002B68D13D4B1B684FF48062F8
:20B500003C491846FAF768F80346002B55D14FF4806234493748F5F706FA0346002B44D1C7
:20B52000354B40F2FC721A60334B05229A712C4B00221A60304B02221A734FF480612D48E9
:20B54000FFF75EFD03462D4A13602C4B1B681B0EDAB2294B1A74294B1B681B0CDAB2264B9B
:20B56000DA73264B1B681B0ADAB2234B9A73234B1B68DAB2204B5A73214B1B78012B03D1AA
:20B580001D48FEF765FF03E01B491820F4F722FF164B1B6803F58063144A1360144B1B68F0
:20B5A00003F58063124A136016E01823FF22022140F2FC70FFF75EFD0EE01823FF22022110
:20B5C00040F2FC70FFF756FD06E01823FF22022140F2FC70FFF74EFD00BF0837BD4680BD02
:20B5E000EC390020F8390020F0390020080900200C090020F83D00202C420020F4390020D6
:20B60000F841002080B582B000AF664A664B1A60664B1B68002B20D1654BD3F80220654B43
:20B620001B689A4206D0624BD3F80A20614B1B689A4207D11823AA22032140F2FC70FFF791
:20B6400019FDABE01823FF22032140F2FC70FFF711FD584B00221A60A0E0574B1B68534AA6
:20B66000126850491846F9F76BFF0346002B40F08D80524B1B684D4A126851491846F9F735
:20B68000ABFF0346002B79D1484B1B681A4645494B48F5F748F90346002B7FD1494B40F2F4
:20B6A000FC721A60474B05229A71404B1B6819464348FFF7A5FC0346434A1360424B1B68F6
:20B6C0001B0EDAB23F4B1A743F4B1B681B0CDAB23C4BDA733C4B1B681B0ADAB2394B9A73BD
:20B6E000394B1B68DAB2374B5A73384B1B78012B03D13448FEF7ACFE03E032491820F4F7B6
:20B7000069FE2D4B1A68294B1B6813442A4A13602A4B1A68254B1B681344284A136000234A
:20B720007B6002E07B6801337B607B684CF24F329342F7D91E4BD3F802201E4B1B689A42F5
:20B7400006D01B4BD3F80A201A4B1B689A420AD1164B00221A601823AA22032140F2FC7053
:20B76000FFF788FC1AE01823FF22032140F2FC70FFF780FC0F4B00221A600FE01823FF2284
:20B78000032140F2FC70FFF775FC07E01823FF22032140F2FC70FFF76DFCFFE700BF083738
:20B7A000BD4680BDF839002028420020EC39002000420020F0390020080900200C09002018
:20B7C000F83D00202C420020F4390020F841002080B588B000AF3A4B1B78012B0CD1394B1F
:20B7E000D3F80230364AC2F80230364BD3F80630334AC2F806300FE0314B5B78012B0BD1AB
:20B80000304BD3F80A302E4AC2F80A302D4BD3F80E302B4AC2F80E304FF480510020F9F72A
:20B820003DFF0346002B3FD13B46142224491846F5F75AF8142222492348F5F755F83B46C2
:20B84000224A13603B46142219460020F9F778FE0346002B20D114221A490020F9F7BCFEA5
:20B860000346002B10D1142216491548F5F75BF80346002B1FD11823AA22042140F2FC7014
:20B88000FFF7F8FBFFF7A6FB1823FF22042140F2FC70FFF7EFFB0EE01823FF22042140F288
:20B8A000FC70FFF7E7FB06E01823FF22042140F2FC70FFF7DFFB00BF2037BD4680BD00BF5A
:20B8C0000042002014420020D83900202842002080B582B000AF0023FB7114221F49002072
:20B8E000F9F77AFE0346002B32D11C4BDB7CAA2B2ED14FF47A7200210320F9F7E1FB03464F
:20B90000002B25D1142200211448F9F7BDFC0346002B1DD1114BDB7CFF2B19D11823AA227A
:20B92000082140F2FC70FFF7A5FB0D4B40F2C1721A600B4B02229A71094B00221A73084B98
:20B94000AA225A7306491820F4F744FD0123FB71FB7918460837BD4680BD00BF1442002085
:20B960002C42002080B483B000AF0346FB71044AFB79137000BF0C37BD465DF8047B704799
:20B98000D539002080B400AF034B1B781846BD465DF8047B704700BFD539002080B483B075
:20B9A00000AF0346FB71044AFB79137000BF0C37BD465DF8047B7047F841002080B400AF12
:20B9C000034B1B781846BD465DF8047B704700BFF841002080B500AFFAF758FB00BF80BD5E
:20B9E00080B582B000AF0346FB71FB79022B03D10349044803F012FA00BF0837BD4680BD32
:20BA00005C8202006042002080B500AFFFF7E2FF0023184680BDFFFF80B400AF044BDB6898
:20BA20001B0A03F007031846BD465DF8047B704700ED00E080B483B000AF03463960FB71C7
:20BA400097F90730002B0ADB3B68DAB20C4997F907301201D2B20B4483F800230AE03B68B3
:20BA6000DAB20849FB7903F00F03043B1201D2B20B441A7600BF0C37BD465DF8047B70472B
:20BA800000E100E000ED00E080B483B000AF0346FB7197F90730002B09DB0D4A97F9073059
:20BAA000134493F80033DBB21B09DBB209E0094AFB7903F00F03043B13441B7EDBB21B099E
:20BAC000DBB218460C37BD465DF8047B704700BF00E100E000ED00E080B582B000AF78606F
:20BAE0007B68013BB3F1807F01D301230FE00A4A7B68013B53600F214FF0FF30FFF79AFF4A
:20BB0000054B00229A60044B07221A60002318460837BD4680BD00BF10E000E080B483B0D1
:20BB200000AFEFF303837B607B683B603B88C3F308039BB2DBB2103BDBB25BB218460C37B1
:20BB4000BD465DF8047B70471EF0040F0CBFEFF30880EFF309800149084700BF3DBC010044
:20BB600080B400AF62B600BFBFF36F8F00BFEFF3148C2CF0040C8CF31488BFF36F8F02DF42
:20BB800000BEFDE7104B1968EFF309821EF0100F08BF22ED108A22E9F04FEFF30B8342F829
:20BBA000043D0A604FF0100080F31188BFF34F8FBFF36F8F09F0F4F84FF0000080F311880F
:20BBC00000F004B800BF0000BCE70020084801680A6802CA81F30B88B2E8F04F1EF0100F33
:20BBE00008BFB2EC108A82F30988704700BF0000BCE7002080B584B000AFEFF311837B609E
:20BC00007B68FB601023BB60BB6883F3118800BF08F0AAFF0346002B03D0074B4FF080525C
:20BC20005A60FB683B603B6883F3118800BF00BF1037BD4680BD00BF00ED00E080B584B0A0
:20BC400000AF78607B689B69FB60FB68023B1B78FB72FB7A022B03D1FFF7B8FF00BF09E0B0
:20BC6000FB7A032B06D9054B054A4FF47E71054806F0B8FE00BF1037BD4680BD2883020085
:20BC8000248402003C83020080B485B000AFF860B9607A603B60FB68043BFB60FB684FF09C
:20BCA00080721A60FB68043BFB607B6823F00102FB681A60FB68043BFB60114AFB681A6010
:20BCC000FB68143BFB603A68FB681A60FB68043BFB60FB686FF002021A60FB68203BFB6082
:20BCE000FB68043BFB60BB6803F12802FB681A60FB6818461437BD465DF8047B704700BFD0
:20BD000005BD010080B400AF00BE00BFFDE7FFFF80B500AFFF216FF00100FFF78BFE00F04B
:20BD200073F8064B5B68054A43F040435360FFF717FF09F035F80023184680BD30EF00E0DD
:20BD400080B584B000AFEFF311837B607B68FB601023BB60BB6883F3118800BF0E4B1B6821
:20BD600001330D4A13600C4B1B68012B0FD10B4AFB6813600A4B5B68C3F30803002B06D0DA
:20BD8000084B094A40F2A441084806F02BFE00BF1037BD4680BD00BF2C440020304400204E
:20BDA00000ED00E064830200388402003C83020080B582B000AF0F4B1B68002B06D10E4B00
:20BDC0000E4A40F2AD410E4806F00CFE094B1B68013B084A1360074B1B68002B06D1094B92
:20BDE0001B687B607B6883F3118800BF00BF0837BD4680BD2C440020AC8302004C84020063
:20BE00003C8302003044002080B500AF054B1B68054AA2FB03239B091846FFF75DFE00BFF2
:20BE200080BD00BF0C460020D34D621080B582B000AFFFF773FE0346FB7197F90730002BDE
:20BE40000FDB97F907301846FFF71EFE38603B68002B06D10B4B0C4A40F20F610B4806F0ED
:20BE6000C1FDFFF7D9FD0346032B06D9084B064A40F22161054806F0B5FD00BF0837BD4695
:20BE800080BD00BFC0830200608402003C830200F883020080B586B000AF786039607B68CF
:20BEA0007B613968786900F070F838613B69002B01D03B6932E03B681B791A4ADB01DBB2D9
:20BEC00093713B681B781A46174B9B5C03F00303FB603B685B781B01DBB2FA681343FB60E9
:20BEE0003B689B781B0303F44053FA681343FB603B68DB781B0203F44073FA681343FB6001
:20BF0000084BFA6892B25A803B685B79054ADB01DBB213727B69054A1A600023184618371D
:20BF2000BD4680BD00340840808402005444570080B483B000AF7860064B00221A70054B15
:20BF4000FF221A70002318460C37BD465DF8047B704700BF0034084080B483B000AF7860BB
:20BF60003960062318460C37BD465DF8047B704780B483B000AF78600B46FB70062318469F
:20BF80000C37BD465DF8047B704780B483B000AF78603960002318460C37BD465DF8047BAE
:20BFA000704780B483B000AFEFF303837B607B683B603B88C3F308039BB2DBB2103BDBB2BD
:20BFC0005BB218460C37BD465DF8047B7047FFFF80B483B000AF03463960FB7197F90730FC
:20BFE00004493A6841F8232000BF0C37BD465DF8047B70478044002080B483B000AF034603
:20C00000FB7197F90730044A52F8233018460C37BD465DF8047B70478044002080B483B088
:20C0200000AF0346FB710B4997F9073003F1C00251F8223023F4803341F82230054A97F9FC
:20C040000730C03352F8233000BF0C37BD465DF8047B70470060004080B584B000AF034688
:20C06000FB7197F907301846FFF7D8FFBFF35F8F00BF97F90730FB60FB6803F01F0207491A
:20C0800097F907305B09012000FA02F2603341F8232000BF1037BD4680BD00BF00E100E091
:20C0A00080B584B000AF0346B9607A60FB73BB68DAB2094997F90F301201D2B20B4483F88D
:20C0C000002397F90F3079681846FFF781FF00BF1037BD4680BD00BF00E100E080B485B08A
:20C0E00000AF0346FB7197F90730FB60FB6803F01F020749FB685B09012000FA02F241F8E4
:20C10000232000BF1437BD465DF8047B704700BF00E100E080B582B000AF0346FB7197F969
:20C1200007301846FFF798FF97F907301846FFF7D5FF00BF0837BD4680BDFFFF80B485B049
:20C1400000AF0346FB7197F90730FB60FB6803F01F020B4997F907305B09012000FA02F254
:20C16000203341F82320BFF34F8F00BFBFF36F8F00BF00BF1437BD465DF8047B704700BFDB
:20C1800000E100E080B584B000AF0346B9607A60FB7397F90F307A68B9681846FFF780FF77
:20C1A00097F90F301846FFF7B5FF00BF1037BD4680BDFFFF80B584B000AF786039600023B8
:20C1C000FB607B68BB60386800F06CF8F860FB68002B01D0FB6822E0BB683A685A603B68D4
:20C1E0009A69BB685A623B68DA69BB68DA62BB6800229A62BB685B681B7803F5800303F5EB
:20C200008D531B021A46BB689A60B86800F0A6F8B86800F0F1F9BB68034A1A60FB68184651
:20C220001037BD4680BD00BF4950535280B586B002AFF860B9607A60FB70FB7800937B68BF
:20C24000BA680021F86800F07BFA034618461037BD4680BD80B586B002AFF860B9607A6041
:20C26000FB70FB7800937B680022B968F86800F067FA034618461037BD4680BD80B586B0DD
:20C2800002AFF860B9607A603B603B7E00933B687A68B968F86800F053FA0346184610378A
:20C2A000BD4680BD80B586B000AF786000237B617B681B693B617B681B7803F5800303F561
:20C2C0008D531B020433FB603B69002B19D03B695B681B684FF000621A603B695B681B6828
:20C2E000FA689A603B699B681B683A6910683A6952681146984778617B69002B01D07B696D
:20C3000028E07B685B69BB60BB68002B21D0BB685B681B684FF400221A60BB685B681B6863
:20C32000FA685A60BB689B681B68BA681068BA6852681146984778617B69002B09D03B6927
:20C34000002B06D03B699B681B6A3A691268104698477B6918461837BD4680BD80B491B018
:20C3600000AF78600023FB6300233B620023BB6300237B6300233B630023FB620023BB6232
:20C3800000237B620023FB61FB6B43F08003FB63FB6B43F02003FB63FB6B43F01003FB6380
:20C3A0007B685B685B7A002B01D1082300E00023FA6B1343FB637B685B685B7A002B01D146
:20C3C000102300E000237A6B13437B637B685B689B7A1A467B6A13437B627B685B68DB7AE0
:20C3E0005B007A6A13437B627B685B685B7B1B037A6A13437B627B685B681B69002B03D0F2
:20C40000FB6B43F02003FB637B685B681B6ABB61BB691B78002B14D17B685B681B78002B90
:20C420000AD17B685B685B7A002B01D1802300E000237A6A13437B62FB6B23F00103FB6311
:20C4400003E0FB6B43F00103FB63BB695B78DB01DB431A46FB6B1340FB63BB695B785A0045
:20C46000BB695B785B0113431A46FB6B1343FB633B6A23F00F033B62BB699B781A46BB6977
:20C48000DB7802FA03F33A6A13433B627B6A23F070037B62BB69DB781B017A6A13437B62CE
:20C4A000BB691B79002B0BD0BB6B43F02003BB63BB691B79022B03D1BB6B43F01003BB63E1
:20C4C000BB695B79002B0BD07B6B43F001037B63BB695B79012B03D17B6B43F002037B636F
:20C4E000BB699B791A46FB691343FB61BB691B7AC3F30103DBB29B007A6A13437B627B68F9
:20C500005B685B7A002B0CD17B6A43F460437B62BB695B7A3B63BB699B7AFB62BB69DB7A39
:20C52000BB6200237B61EFF310833B613B697B610123FB60FB6883F3108800BF2D4B5A6865
:20C540007B685B681B78C3F11303012101FA03F3DB43284913404B60264B5B687B69BB6005
:20C56000BB6883F3108800BF7B689B68DB787B689B680022DA707B689B68FA6BD2B21A70E7
:20C580007B689B683A6AD2B25A707B689B68BA6BD2B29A707B689B68BA69D2799A727B68E7
:20C5A0009B683A6BD2B21A737B689B68FA6AD2B25A737B689B68BA6AD2B29A737B689B68A6
:20C5C0007A6BD2B2DA737B689B687A6A92B21A827B689B68FA69D2B283F820207B689B688D
:20C5E000102283F8212000BF4437BD465DF8047B704700BF0040084080B582B000AF786050
:20C600007B685B6893F90230002B0ADB7B685B6893F902007B685B689B797A681946FFF781
:20C62000B1FD7B685B6893F90130002B0ADB7B685B6893F901007B685B685B797A681946EB
:20C64000FFF7A0FD7B685B6893F904007B685B681B7A7A681946FFF795FD7B685B6893F9DB
:20C6600003007B685B68DB797A681946FFF718FD00BF0837BD4680BD80B487B000AF786041
:20C680007B689B68DB7ADBB27B617B689B681B8A9BB2FB607B6893F820300F2B08D97B6906
:20C6A00023F040037B617B6943F020037B610DE07B6893F82030072B04D87B6943F040031F
:20C6C0007B6103E07B6923F060037B617B6893F820303B613B690F2B04D93B6901339B08D5
:20C6E000053B3B61FB6823F47063FB603B691B02FA681343FB607B689B687A69D2B2DA7249
:20C700007B689B68FA6892B21A8200BF1C37BD465DF8047B704780B483B000AF78607B6880
:20C720009B681B78DAB27B689B6842F06002D2B21A7000BF0C37BD465DF8047B7047FFFFC1
:20C7400080B588B000AFF860B9607A603B60FB68FB61FB699B681B78DBB203F04003002B30
:20C7600001D0082306E1FB69BA68DA60FB697A681A61FB6900225A61FB6900229A61FB692F
:20C780003A68DA61FB6997F8282083F82020FB695B685B69002B6DD0FB693A689A61FB690E
:20C7A00093F820300F2B0AD9FB695B685B695B681A68D378022161F30513D37018E0FB69D8
:20C7C00093F82030072B09D8FB695B685B695B681A68D37823F03003D37009E0FB695B6857
:20C7E0005B695B681A68D378012161F30513D370FB695B685B695B681A689378022161F362
:20C8000083039370FB695B685B695B681B683A6892B2DA81FB695B685B695B681B687A680A
:20C820009A607B68002B0FD1FB695B685B695B681A68937823F00C039370FB695B685B69C5
:20C840005B681B684D4A9A60FB695B685B699B685B68FA69526852691068FA695268526928
:20C860005268126811469847B861BB69002B01D0BB697FE0FB695B681B69002B73D0FB6915
:20C880003A685A61FB6993F820300F2B0AD9FB695B681B695B681A68D378022161F3051315
:20C8A000D37018E0FB6993F82030072B09D8FB695B681B695B681A68D37823F03003D37027
:20C8C00009E0FB695B681B695B681A68D378012161F30513D370FB695B681B695B681A6873
:20C8E000D378022161F38303D370FB695B681B695B681B683A6892B2DA81FB695B681B69D0
:20C900005B681B68BA685A60BB68002B0FD1FB695B681B695B681A68D37823F00C03D37027
:20C92000FB695B681B695B681B68154A5A60FB699A68137823F020031370FB695B681B6998
:20C940009B685B68FA69526812691068FA6952681269526812681146984778617B69002B17
:20C9600001D07B6906E0F869FFF786FEF869FFF7D2FE002318462037BD4680BD344400206A
:20C980003844002080B485B000AF78607B689B69FB607B68DB69FA689A4234D07B681B69F9
:20C9A000002B03D17B689B685B6827E07B6893F820300F2B09D97B689A687B681969FB6841
:20C9C0009B000B4452681A6018E07B6893F82030072B09D87B689A687B681969FB680B4474
:20C9E0001279D2B21A7009E07B689A687B681969FB685B000B44928892B21A80FB685A1C8D
:20CA00007B689A6100E000BF1437BD465DF8047B704780B485B000AF78607B685B69FB60CE
:20CA20007B68DB69FA689A4233D07B68DB68002B04D17B689B6800225A6025E07B6893F833
:20CA400020300F2B09D97B68DA68FB689B001A447B689B6812685A6016E07B6893F820301B
:20CA6000072B08D87B68DA68FB681A447B689B6812781A7108E07B68DA68FB685B001A449A
:20CA80007B689B6812889A80FB685A1C7B685A6100E000BF1437BD465DF8047B704790B5C8
:20CAA00087B000AF78600B46FB707B689B6A7B617B69002B03D107F108037B6105E07A69AE
:20CAC00007F1080307CA83E807007B685B681B781A467B691A607B69FA781A717B68DA6A11
:20CAE0007B699A607B685B6A786998477B689B6A002B08D07B689B6A1C4607F1080393E83D
:20CB0000070084E8070000BF1C37BD4690BD80B582B000AFFFF745FA0346FB7197F9073072
:20CB20001846FFF77BFA97F907301846FFF764FA38603868FFF726FF3B689A693B68DB69D3
:20CB40009A4206D13B685B6893F903301846FFF7C5FA00BF0837BD4680BD80B584B000AF94
:20CB6000FFF71FFA0346FB7397F90F301846FFF755FA97F90F301846FFF73EFAB860BB68E7
:20CB80005B681B6A7B607B68002B1ED07B685B78012B1AD1BB685A69BB68DB69013B9A4244
:20CBA00007D1BB685B6893F903301846FFF7B2FA0BE0BB685B681B69002B06D0BB685B68BC
:20CBC00093F903301846FFF789FAB868FFF721FF00BF1037BD4680BD80B582B000AFFFF737
:20CBE000E0F90346FB7197F907301846FFF716FA97F907301846FFF7FFF938603B689B682B
:20CC0000DB78C3F34003DBB2002B04D03B685B685B7A012B28D197F907301846FFF78EFA39
:20CC20003B685B6893F90230002B06DB3B685B6893F902301846FFF781FA3B689A681378A1
:20CC400023F0400313703B685B6893F90230002B06DB3B685B6893F902301846FFF75AFAFF
:20CC600001213868FFF71BFF00BF0837BD4680BD80B584B000AFFFF794F90346FB7397F9C2
:20CC80000F301846FFF7B8F9B860BB685B6893F90230002B06DBBB685B6893F90230184686
:20CCA000FFF74CFABB689A68137823F040031370BB685B6893F90230002B06DBBB685B6819
:20CCC00093F902301846FFF725FABB689B68DB78FB71BB689B680022DA70FB7903F008033A
:20CCE000DBB2002B03D00521B868FFF7D8FEFB7903F00103DBB2002B03D00421B868FFF766
:20CD0000CEFEFB7903F00403DBB2002B09D0FB7903F01003DBB2002B03D00821B868FFF704
:20CD2000BEFE97F90F301846FFF778F900BF1037BD4680BD80B483B000AFEFF303837B6004
:20CD40007B683B603B88C3F308039BB2DBB2103BDBB25BB218460C37BD465DF8047B7047E3
:20CD600080B483B000AF03463960FB7197F9073004493A6841F8232000BF0C37BD465DF8C3
:20CD8000047B70478044002080B483B000AF0346FB7197F90730044A52F8233018460C375B
:20CDA000BD465DF8047B70478044002080B483B000AF0346FB710B4997F9073003F1C00265
:20CDC00051F8223023F4803341F82230054A97F90730C03352F8233000BF0C37BD465DF863
:20CDE000047B70470060004080B584B000AF0346FB7197F907301846FFF7D8FFBFF35F8FFE
:20CE000000BF97F90730FB60FB6803F01F02074997F907305B09012000FA02F2603341F864
:20CE2000232000BF1037BD4680BD00BF00E100E080B584B000AF0346B9607A60FB73BB6804
:20CE4000DAB2094997F90F301201D2B20B4483F8002397F90F3079681846FFF781FF00BF5E
:20CE60001037BD4680BD00BF00E100E080B485B000AF0346FB7197F90730FB60FB6803F066
:20CE80001F020749FB685B09012000FA02F241F8232000BF1437BD465DF8047B704700BF78
:20CEA00000E100E080B582B000AF0346FB7197F907301846FFF798FF97F907301846FFF719
:20CEC000D5FF00BF0837BD4680BDFFFF80B485B000AF0346FB7197F90730FB60FB6803F0FD
:20CEE0001F020B4997F907305B09012000FA02F2203341F82320BFF34F8F00BFBFF36F8FB5
:20CF000000BF00BF1437BD465DF8047B704700BF00E100E080B58AB000AF786039607B68C8
:20CF20007B623B681B781A460123934003F00603002B0AD03B68DB695B681B7803F008034B
:20CF4000DBB2002B01D00323CAE03B681B7803F5800303F58C531B021A467B6A1A627B6A2D
:20CF600000221A707B6A3A68DA613B685A697B6A5A623B689A697B6ADA627B6A00229A6272
:20CF80007A6A9378012161F3010393703B685B78002B05D17A6A9378022161F30103937041
:20CFA0003968786A00F0C1F9786A00F006F900233B62EFF31083FB60FB683B6201233B6123
:20CFC0003B6983F3108800BF474B5A683B681B7819464FF00043CB40DB43434913404B60C2
:20CFE000414B5B683B6A7B617B6983F3108800BF7B6A1B6A00229A707B6A1B6A00221A7103
:20D000007B6A1B6A00225A727B6A1B6A00229A727B6A1B6A0022DA727B6A1B6A00225A83DF
:20D020003B681B781A46012303FA02F240F219231340002B03D07B6A1B6A4022DA747B6A87
:20D040001B6A06221A773968786A00F0C0F87B6A0022DA607B6A00221A617B6A00225A61E2
:20D060007B6A00229A613B68DB69FB61FB691B7803F00303BB61BB6943F01003BB617B6AF4
:20D08000DB6993F905301846FFF70CFF7B6ADB6993F90B301846FFF705FFBB6943F040034A
:20D0A000BB617B6ADB6993F907301846FFF7FAFE7B6ADB6993F909301846FFF7F3FEBB69C5
:20D0C00043F02003BB617B6A1B6ABA69D2B29A70FB695A897B6A1A817B6A044A5A600023EC
:20D0E00018462837BD4680BD004008405549435380B487B000AFF860B9607A60FB687B61D3
:20D1000000233B617B69BA685A617B697A689A613B6918461C37BD465DF8047B704780B4B7
:20D1200087B000AFF860B9607A60FB687B617B691B6A9B78DAB27B691B6A02F07B02D2B21B
:20D140009A707B699B78C3F30103DBB21A467B689A1A7B691A617B699B78C3F30103DBB2F3
:20D160001A46BB681A447B69DA607B691B6A9B78DAB27B691B6A62F07F02D2B29A707B69FA
:20D180009B7803F00303DBB2022B0AD1BB681B887A69126A6FEAC3536FEAD3539BB2D3813A
:20D1A00004E07B691B6ABA681278DA70002318461C37BD465DF8047B704780B483B000AFB4
:20D1C000786000BF0C37BD465DF8047B704780B586B000AF786039603B681B781A460123A2
:20D1E00003FA02F240F219231340002B04D07B681B6A4FF478429A823B689B781A013B6889
:20D20000DB78DB0013437B61F2233B613B685B78032B04D17B6943F040037B6107E03B68C4
:20D220005B78002B03D13B6923F010033B617B681B6A7A69D2B21A707B681B6A3A69D2B2CE
:20D240009A713B68DB69BB60BB681B7B082B04D17B681B6A0A225A7309E0BB681B7B5B00A2
:20D26000DAB27B681B6A02F00202D2B25A730023FB60BB685B78DB01DBB2FA681343FB6083
:20D28000BB689B785B0103F02003FA681343FB607B681B6A00221A72BB681B78022B03D007
:20D2A000BB681B78032B11D17B681B6AFF225A70BB681B78022B03D1FB6843F01003FB609A
:20D2C0007B681B6AFA68D2B2DA710DE07B681B6AFA68D2B2DA717B681A6ABB685B68194683
:20D2E000104600F04FF800BF00BF1837BD4680BD80B582B000AF78600B46FB701346BB7066
:20D3000097F902301846FFF7E1FD97F902301846FFF74CFDF97897F902307A681846FFF751
:20D3200087FD00BF0837BD4680BD80B582B000AF786039603B68997A3B6893F90B301A4624
:20D340007868FFF7D5FF3B6819793B6893F905301A467868FFF7CCFF3B6899793B6893F9A5
:20D3600007301A467868FFF7C3FF3B68197A3B6893F909301A467868FFF7BAFF00BF0837F3
:20D38000BD4680BD80B483B000AF786039603B689A787B685A703B685B78C3F30103D9B2A9
:20D3A0007A68137861F3010313703B68DA787B689A747B68DB79DBB223F05C03DAB23B68DA
:20D3C0001B7803F05C03DBB21343DAB27B68DA7100BF0C37BD465DF8047B704790B58BB0BB
:20D3E00000AFF860B9601346FB71FB689B6A7B627B6A002B03D107F114037B6205E07B6A69
:20D4000007F114040FCB84E80F00FB68DB691B781A467B6A1A607B6ABA689A607B6AFA7955
:20D420001A71FB68DA6A7B6ADA60FB685B6A786A9847FB689B6A002B07D0FB689B6A1C467E
:20D4400007F114030FCB84E80F0000BF2C37BD4690BD80B584B000AFFFF76CFC0346FB73C9
:20D4600097F90F301846FFF7A1FC97F90F301846FFF78AFCB860BB68DB691B69002B30D114
:20D48000BB681B69002B2CD0BB689B7803F00303DBB2022B0BD1BB68DB681B88BA68126A52
:20D4A0006FEAC3536FEAD3539BB2D38105E0BB68DA68BB681B6A1278DA70BB681B69BA684E
:20D4C0009278C2F30102D2B29A1ABB681A61BB68DB68BA689278C2F30102D2B21A44BB6865
:20D4E000DA60BB681B69002B1BD1BB681B6A9B78FB71FB7943F00403FB71FB7903F07F030A
:20D50000FB71BB681B6AFA799A70BB680022DA60BB685B6A002B04D080220021B868FFF73B
:20D520005DFF00BF1037BD4680BD80B584B000AFFFF700FC0346FB7397F90F301846FFF765
:20D5400035FC97F90F301846FFF71EFCB860BB689B7803F00303DBB2022B07D1BB681B6ADC
:20D560001B8A9BB2C3F308037B6004E0BB681B6A5B79DBB27B60BB689B69002B0AD1BB6805
:20D580005B6A002B33D07B6804221946B868FFF725FF2CE0BB685869BB689B78C3F3010316
:20D5A000DBB21A463B1D194609F0F8F8BB685B69BA689278C2F30102D2B21A44BB685A6153
:20D5C000BB689B69BA689278C2F30102D2B29A1ABB689A61BB689B69002B08D1BB685B6AD7
:20D5E000002B04D001220021B868FFF7F7FE00BF1037BD4680BD80B582B000AFFFF79AFBF6
:20D600000346FB7197F907301846FFF7BDFB38603B681B6A9B78DAB23B681B6A02F07B028C
:20D62000D2B29A703868FFF7C8FD3B685B6A002B04D0022200213868FFF7D0FE97F907302A
:20D640001846FFF7B3FB00BF0837BD4680BD80B584B000AFFFF76EFB0346BB7297F90A30D3
:20D660001846FFF791FB78600023FB607B689B7803F00303DBB2022B07D17B681B6A1B8AE6
:20D680009BB2C3F30803FB6004E07B681B6A5B79DBB2FB607B681B6A1B79DBB203F0380362
:20D6A000FB72FB7A03F01003002B0BD07B681B6A1B7FC3F30003DBB2002B03D1FB7A43F08D
:20D6C0004003FB727B681B6A1B79DAB27B681B6A22F03802D2B21A717868FFF76EFD7B682B
:20D6E0005B6A002B05D0FB7A1A46F9687868FFF775FE97F90A301846FFF758FB00BF10376F
:20D70000BD4680BD80B483B000AFEFF303837B607B683B603B88C3F308039BB2DBB2103B49
:20D72000DBB25BB218460C37BD465DF8047B704780B483B000AF03463960FB7197F90730F5
:20D7400004493A6841F8232000BF0C37BD465DF8047B70478044002080B483B000AF03468B
:20D76000FB7197F90730044A52F8233018460C37BD465DF8047B70478044002080B483B011
:20D7800000AF0346FB710B4997F9073003F1C00251F8223023F4803341F82230054A97F985
:20D7A0000730C03352F8233000BF0C37BD465DF8047B70470060004080B584B000AF034611
:20D7C000FB7197F907301846FFF7D8FFBFF35F8F00BF97F90730FB60FB6803F01F020749A3
:20D7E00097F907305B09012000FA02F2603341F8232000BF1037BD4680BD00BF00E100E01A
:20D8000080B584B000AF0346B9607A60FB73BB68DAB2094997F90F301201D2B20B4483F815
:20D82000002397F90F3079681846FFF781FF00BF1037BD4680BD00BF00E100E080B485B012
:20D8400000AF0346FB7197F90730FB60FB6803F01F020749FB685B09012000FA02F241F86C
:20D86000232000BF1437BD465DF8047B704700BF00E100E080B582B000AF0346FB7197F9F2
:20D8800007301846FFF798FF97F907301846FFF7D5FF00BF0837BD4680BDFFFF80B485B0D2
:20D8A00000AF0346FB7197F90730FB60FB6803F01F020B4997F907305B09012000FA02F2DD
:20D8C000203341F82320BFF34F8F00BFBFF36F8F00BF00BF1437BD465DF8047B704700BF64
:20D8E00000E100E080B584B000AF0346B9607A60FB7397F90F307A68B9681846FFF780FF00
:20D9000097F90F301846FFF7B5FF00BF1037BD4680BDFFFF80B584B000AF786039607B6880
:20D92000FB600023BB603B681B7803F5800303F58C531B021A46FB689A60FB683A685A602D
:20D940003B689A69FB681A623B68DA69FB689A62FB6800225A62F86800F020F9B860BB6818
:20D96000002B01D0BB682AE0F86800F043F83B6893F901003B685B79FA681946FFF7B2FFE4
:20D980003B6893F902003B689B79FA681946FFF7A9FF3B6893F903003B68DB79FA68194656
:20D9A000FFF7A0FF3B6893F904003B681B7AFA681946FFF797FFFB68034A1A60BB6818466F
:20D9C0001037BD4680BD00BF5349435380B586B000AFF860B9607A60FB70FB687B617B68DD
:20D9E0000022B968786900F03BF9034618461837BD4680BD80B48FB000AF78607B685B6809
:20DA00003B623B6A1B6AFB618023BB6100237B63E2233B630023FB62FF23BB6200237B62C1
:20DA2000FB695B78C3F30103DBB21A46BB691343BB61FB699B785BB2002B06DA7B6A43F0CB
:20DA400004037B62FB699B78BB623B6A5B7A012B0BD1FB6A43F00403FB62FB6A43F0010334
:20DA6000FB627B6B43F002037B633B6A9B7A012B08D13B6ADB7A002B10D1FB6A43F04003AD
:20DA8000FB620BE0FB6A43F08003FB623B6ADB7A012B03D1FB6A43F04003FB623B6A5B7B19
:20DAA000002B03D13B6B43F008033B6300237B61EFF31083BB60BB687B610123FB60FB6875
:20DAC00083F3108800BF344B5A683B6A1B7819464FF00043CB40DB432F4913404B602E4B07
:20DAE0005B687B693B613B6983F3108800BF7B689B6800229A707B689B681B797B689B6800
:20DB000084221A717B689B684FF478429A827B689B68BA69D2B21A707B689B687A6BD2B26F
:20DB20009A707B689B683A6BD2B29A717B689B68FA6912785A707B689B68BA6AD2B29A7488
:20DB40007B689B687A6AD2B2DA717B689B68FA6AD2B25A737B689B6800221A727B689B6817
:20DB600000225A727B689B6800229A727B689B680022DA727B689B6800225A837B689B6884
:20DB80004022DA747B689B6802221A7700BF3C37BD465DF8047B70470040084080B586B087
:20DBA00000AF786000237B617B685B683B613B695B69002B1ED03B695B69FB60FB685B6833
:20DBC0001B684FF400221A607B689A68FB685B681B6805325A60FB689B681B68FA681068A1
:20DBE000FA6852681146984778617B69002B01D07B6930E03B691B69002B2BD03B691B69B0
:20DC0000BB60BB685B681B684FF000621A607B689A68BB685B681B6803329A60BB689B68C2
:20DC20001B68BA681068BA6852681146984778617B69002B0ED03B695B69002B08D03B69E0
:20DC40005B699B681B6A3A6952691268104698477B6900E07B6918461837BD4680BDFFFFD8
:20DC600090B589B000AFF860B9607A603B60FB689B689B78DBB203F03003002B01D008233E
:20DC800070E0FB683A68DA61FB6800225A61FB6800229A61FB68BA68DA60FB687A681A61B5
:20DCA000FB685B681B69002B39D0FB683A685A61FB685B681B69FB61FB695B681B683A6874
:20DCC00092B2DA81BB68002B0CD1FB695B681A68D37823F00C03D370FB695B681B68234A0A
:20DCE0005A600CE0FB695B681A68D378022161F38303D370FB695B681B68BA685A60FB6960
:20DD00009B685B68FA691068FA695268126811469847B861BB69002B01D0BB6922E0FB68D3
:20DD20005B685B69002B19D07B68002B16D0FB683A689A61FB685B685B697B617B699B68A7
:20DD40009C687B6918683B689BB27A680021A04738613B69002B01D03B6903E0F86800F071
:20DD600007F8002318462437BD4690BD3C44002080B584B000AF78602023FB607B681B69E3
:20DD8000002B09D07B685B681B69002B04D17B685B685B69002B03D0FB6843F08003FB6079
:20DDA0007B681B69002B03D0FB6843F05003FB607B689B689B78D9B2FB68DAB27B689B6861
:20DDC0000A43D2B29A707B685B681B69002B25D17B685B685B69002B20D17B681B69002B05
:20DDE0001CD07B685B6893F901301846FFF756FD786800F017F87B685B685B7A012B06D1D0
:20DE00007B68DB69012B02D9786800F00BF87B685B6893F901301846FFF710FD00BF103737
:20DE2000BD4680BD80B483B000AF78607B685A697B68DB699A4216D27B68DB68002B09D0F9
:20DE40007B68DA687B685B691A447B689B681278DA7003E07B689B680022DA707B685B6902
:20DE60005A1C7B685A6100BF0C37BD465DF8047B704790B587B000AF78600B46FB707B685C
:20DE80005B6A7B617B69002B03D107F108037B6105E07A6907F1080307CA83E807007B682E
:20DEA0005B681B781A467B691A607B69FA781A717B689A6A7B699A607B681B6A7869984780
:20DEC0007B685B6A002B08D07B685B6A1C4607F1080393E8070084E8070000BF1C37BD4680
:20DEE00090BD80B582B000AFFFF70CFC0346FB7197F907301846FFF741FC97F9073018468F
:20DF0000FFF72AFC38603868FFF78CFF3B685A693B68DB699A4210D13B681B69002B0CD1F3
:20DF20003B689B689B78DBB203F07B03DAB23B689B6842F00402D2B29A7000BF0837BD4631
:20DF400080BD90B583B000AFFFF7DCFB0346FB7197F907301846FFF711FC97F9073018468E
:20DF6000FFF7FAFB38603868FFF75CFF3B689A693B68DB699A420CD23B689A683B6819691C
:20DF80003B689B695C1C386884610B445279D2B21A703B689A693B68DB699A420CD13B68CC
:20DFA0009B689B78DBB203F03B03DAB23B689B6842F00402D2B29A7000BF0C37BD4690BD43
:20DFC00080B582B000AFFFF79DFB0346FB7197F907301846FFF7C0FB38603B689B689B78C1
:20DFE000DAB23B689B6802F00302D2B29A7001213868FFF73EFF97F907301846FFF7BEFBA1
:20E0000000BF0837BD4680BD80B582B000AFFFF779FB0346FB7197F907301846FFF79CFBDB
:20E0200038603B689B689B78DAB23B689B6802F00302D2B29A703B689B681B793B689B68F8
:20E0400084221A7104213868FFF713FF97F907301846FFF793FB00BF0837BD4680BDFFFFDD
:20E0600080B483B000AF0346FB7197F90730002B0DDB0A4A97F907305B0952F82320FB797B
:20E0800003F01F0322FA03F303F0010300E0002318460C37BD465DF8047B704700E100E06F
:20E0A00080B483B000AFEFF303837B607B683B603B88C3F308039BB2DBB2103BDBB25BB246
:20E0C00018460C37BD465DF8047B704780B483B000AF03463960FB7197F9073004493A68F7
:20E0E00041F8232000BF0C37BD465DF8047B70478044002080B483B000AF0346FB7197F9D5
:20E100000730044A52F8233018460C37BD465DF8047B70478044002080B483B000AF03466B
:20E12000FB710B4997F9073003F1C00251F8223023F4803341F82230054A97F90730C033A9
:20E1400052F8233000BF0C37BD465DF8047B70470060004080B584B000AF0346FB7197F995
:20E1600007301846FFF7D8FFBFF35F8F00BF97F90730FB60FB6803F01F02074997F907302E
:20E180005B09012000FA02F2603341F8232000BF1037BD4680BD00BF00E100E080B584B0CE
:20E1A00000AF0346B9607A60FB73BB68DAB2094997F90F301201D2B20B4483F8002397F922
:20E1C0000F3079681846FFF781FF00BF1037BD4680BD00BF00E100E080B485B000AF034624
:20E1E000FB7197F90730FB60FB6803F01F020749FB685B09012000FA02F241F8232000BFB9
:20E200001437BD465DF8047B704700BF00E100E080B582B000AF0346FB7197F907301846B5
:20E22000FFF798FF97F907301846FFF7D5FF00BF0837BD4680BDFFFF80B485B000AF0346C5
:20E24000FB7197F90730FB60FB6803F01F020B4997F907305B09012000FA02F2203341F89F
:20E260002320BFF34F8F00BFBFF36F8F00BF00BF1437BD465DF8047B704700BF00E100E085
:20E2800080B584B000AF786039607B68FB600023BB60FB683A685A603B685A69FB68DA60B7
:20E2A0003B689A69FB685A61FB6800221A61FB6800221A723968F86800F03EF93968F86860
:20E2C00000F0A4F9FB68034A1A60BB6818461037BD4680BD4354520090B585B000AF786095
:20E2E00039600023FB607B68BB60002000F0E6F83B681B68DBB22C4C184600F08FFA0346D0
:20E30000A3703B685B68DBB2274C184600F086FA034623713B689B68DBB2184600F07EFAE0
:20E3200003461A46204B02F03F02D2B29A713B689B69DBB21C4C184600F070FA03462372D5
:20E340003B68DB68DBB2184C184600F067FA0346A3723B681B69DBB20133DBB2124C1846A8
:20E3600000F05CFA034623733B685B69DBB2643BDBB2184600F052FA03461A460A4BDA8165
:20E38000BB685B681B78002B05D1BB685B689B68184600F0ADF9012000F090F8FB681846CC
:20E3A0001437BD4690BD00BF0030084080B586B000AF786039607B687B6100233B617B699E
:20E3C0005B6893F911301846FFF74AFEF860FB68002B0AD10221012000F04CF97B695B6830
:20E3E00093F911301846FFF713FF7B6900221A72314B9B78DBB2184600F036FA03461A4615
:20E400003B681A602C4B1B79DBB2184600F02CFA03461A463B685A60274B9B79DBB203F0C7
:20E420003F03DBB2184600F01FFA03461A463B689A60214B1B7ADBB2184600F015FA03462C
:20E440001A463B689A611C4B9B7ADBB2184600F00BFA03461A463B68DA60174B1B7BDBB257
:20E46000184600F001FA03465A1E3B681A61124BDB899BB2DBB2184600F0F6F9034603F15F
:20E4800064023B685A617B691B7ADBB2002BACD1FB68002B0AD10221002000F0EBF87B69A7
:20E4A0005B6893F911301846FFF7C6FE3B6918461837BD4680BD00BF0030084080B483B085
:20E4C00000AF0346FB710E4AFB7903F00103D9B292F8243061F3000382F82430084B93F8A9
:20E4E0002430C3F30003DBB21A46FB799A42F5D100BF00BF0C37BD465DF8047B704700BFFE
:20E500000030084080B400AF0A4A92F8243043F0020382F82430074B93F82430C3F340033E
:20E52000DBB2002BF7D100BF00BFBD465DF8047B704700BF0030084080B584B000AF786028
:20E5400039607B685B68304A1B7882F828300121C82004F051FA0020FFF7B0FF7B685B68E9
:20E560001B78012B07D1284B00225A853B685A68254B92B29A85244B002283F82420224B9B
:20E5800093F82430C3F3C013DBB2002BF7D1FFF7B9FF1D4B002283F822201B4B93F822305B
:20E5A000DBB2002BF9D1184A92F8243043F0400382F82430144B93F82430C3F38013DBB241
:20E5C000012BF7D10023FB7316E00F49FB7B03F1200211F8123023F0800301F812300A4A6C
:20E5E000FB7B203312F81330C3F3C013DBB2002BF5D1FB7B0133FB73FB7B002BE5D000BFD1
:20E6000000BF1037BD4680BD0030084080B582B000AF786039603B6893F90F30002B08DB39
:20E620003B6893F90F003B689B7B7A681946FFF7B5FD3B6893F90D30002B08DB3B6893F951
:20E640000D003B681B7B7A681946FFF7A7FD3B6893F91130002B08DB3B6893F911003B6838
:20E660001B7C7A681946FFF799FD00BF0837BD4680BDFFFF80B483B000AF03460A46FB71DF
:20E680001346BB71FB79002B14D0184B93F82230DAB21649BB791343DBB281F82230134B07
:20E6A00093F82230DAB2BB791340DBB2BA799A42F5D114E00D4B93F82230DAB2BB79DB4301
:20E6C000DBB20A491340DBB281F82230074B93F82230DAB2BB791340DBB2002BF6D100BF2F
:20E6E0000C37BD465DF8047B704700BF0030084080B485B000AF78600023FB737B681B781B
:20E70000BB737B685B787B737B689B783B737B685B68BB60334B93F82430C3F30013DBB20F
:20E720001A46BB7B93421ED02E4B002283F82E202C4B93F82E30DBB2002BF9D1294ABB7B91
:20E7400003F00103D9B292F8243061F3041382F82430244B93F82430C3F30013DBB21A461C
:20E76000BB7B9A42F5D1BB7B012B1ED11D4B93F82430C3F34013DBB21A467B7B934214D084
:20E78000184A7B7B03F00103D9B292F8243061F3451382F82430134B93F82430C3F3401301
:20E7A000DBB21A467B7B9A42F5D13B7B9B01DAB2BB68DBB203F03F03DBB21343FB73094A6D
:20E7C000FB7B82F82E30074B93F82E30DBB2FA7B9A42F8D100BF00BF1437BD465DF8047B69
:20E7E000704700BF0030084080B582B000AFFFF757FC0346FB7197F907301846FFF77AFC86
:20E8000038603B6801221A7297F907301846FFF783FC00BF0837BD4680BDFFFF80B483B0D1
:20E8200000AF0346FB71FB790E4AA2FB0323DB08DBB25BB21B0158B2FA790A4BA3FB0213C7
:20E84000D9080B469B000B445B00D31ADBB25BB203435BB2DBB218460C37BD465DF8047B62
:20E86000704700BFCDCCCCCC80B483B000AF0346FB71FB791B09DBB21A46920013445B005D
:20E88000DAB2FB7903F00F03DBB21344DBB218460C37BD465DF8047B7047FFFF80B584B06C
:20E8A00000AF786039607B68FB60FB683A685A60386800F029F8B860BB68002B01D0BB6830
:20E8C00003E0FB68034A1A60002318461037BD4680BD00BF4D504C5280B584B000AF786039
:20E8E0007B68FB6000F008FA012004F057FAF86800F040F9B860012004F000FABB68184651
:20E900001037BD4680BDFFFF80B586B000AF786000237B6100233B610023FB60012004F02F
:20E920003DFA00F0E9F97B681B78002B00F0D1807B681B78042B6BD17B68D3E90823714987
:20E94000D3B281F802347B68D3E908014FF000024FF00003020A42EA01620B0A6949D3B271
:20E9600081F803347B68D3E908014FF000024FF00003020C42EA01420B0C6249D3B281F87F
:20E9800004347B68D3E908014FF000024FF00003020E42EA01220B0E5A49D3B281F80534C2
:20E9A0007B68D3E90A235749D3B281F80A347B68D3E90A014FF000024FF00003020A42EA4A
:20E9C00001620B0A4F49D3B281F80B347B68D3E90A014FF000024FF00003020C42EA014240
:20E9E0000B0C4849D3B281F80C34FB6843F08003FB607B689B7F03F00303FA681343FB60B4
:20EA00007B685B7F9B0103F04003FA681343FB607B681B78032B3AD17B68D3E90423134389
:20EA200001D101237B617B68D3E9042335491346C1F898307B68D3E904014FF000024FF0C2
:20EA400000030A0000232F491346C1F888307B681B7F5B007A6913437B617B685B8B2A4A1A
:20EA6000C3F3080399B2B2F8003261F30803A2F800327B681A8B234BD2B283F894207B68F7
:20EA80001B8B1B0A9AB21F4BD2B283F895204FF480433B613B6943F400433B617B681B786F
:20EAA000002B7B681B78012B7B68D3E9022316491346C1F8A0317B68D3E902014FF00002A0
:20EAC0004FF000030A0000230F491346C1F8A43102E04FF480433B610A4B3A6992B29A81AD
:20EAE000084B7A69D2B283F89220064BFA68D2B283F80024012004F001F90023184618377A
:20EB0000BD4680BD00E001400060004080B483B000AF78607B68002B01D005231CE0114BA7
:20EB20001B78DBB2012B01D0052315E00E4B1B78DBB2012B01D005230EE00C4B1B78DBB298
:20EB4000012B01D0052307E0094B1B78DBB2012B01D0052300E0002318460C37BD465DF814
:20EB6000047B704738E0014032E001402AE001404AE0014080B588B000AF78600023FB618A
:20EB80005A4B3B610023BB6100237B61584BFB60584B9B89C3F3C033DBB2012B62D1554BFC
:20EBA00093F82630DBB2BB603B691B78DBB203F00303FB614F4B93F8AA30C3F30003DBB26E
:20EBC000BB614C4B93F80034C3F3C013DBB2002B13D1484B93F89230C3F30003DBB2012B4C
:20EBE00007D1B868FFF792FF0346002B01D0052377E0002004F0D2F825E0002004F0CEF815
:20EC00003C4A92F80E3423F0010382F80E34394B93F80634374B002283F80624354B93F832
:20EC20000734344B002283F80724324B93F80834304B002283F808242E4B93F809342D4B11
:20EC4000002283F80924FB681B78DBB2DB0903F001037B61FB681B78DBB203F07F03DAB22C
:20EC6000FB681A707B685B681B78032B09D1214A92F8923043F0800382F892301D4B93F8CA
:20EC80009230BFF34F8F00BF30BF1A4A92F8923023F0800382F89230164B9B89C3F3C033C4
:20ECA000DBB2012B1CD100F027F8FB69DBB203F00303DAB23B691A70BB69DBB20D4A03F000
:20ECC0000103DBB282F8AA30FB681B78DAB27B69DBB21343DAB2FB681A70002004F00EF873
:20ECE000002318462037BD4680BD00BFA0E0014040E0014000E0014080B400AF064B93F83B
:20ED0000AA30C3F30013DBB2002BF7D100BF00BFBD465DF8047B704700E0014080B483B03C
:20ED200000AF0346FB800A49FB881B0A9BB21A46FB88DBB21201134451F82330C3F34003A9
:20ED4000DBB218460C37BD465DF8047B704700BF0008084080B485B000AF0023FB60EFF370
:20ED600010837B607B68FB600123BB60BB6883F3108800BF0D4B1B68002B05D10C4B002263
:20ED8000DA700B4B4022DA70084B1B680133074A1360FB683B603B6883F3108800BF00BF2C
:20EDA0001437BD465DF8047B704700BF7C440020000D084080B485B000AF0023FB60EFF30E
:20EDC00010837B607B68FB600123BB60BB6883F3108800BF0F4B1B68002B04D00D4B1B68A1
:20EDE000013B0C4A13600B4B1B68002B05D10A4B0022DA70084B8022DA70FB683B603B6893
:20EE000083F3108800BF00BF1437BD465DF8047B704700BF7C440020000D084080B584B030
:20EE200000AF786039607B68FB60FB68044A1A60386800F052F8002318461037BD4680BD67
:20EE400054524F5080B584B000AFF8600B467A607B817B891846FFF761FF0346DAB27B6866
:20EE60001A70002318461037BD4680BD80B487B000AF78600B467B8013467B700023FB82DE
:20EE80000023BB827B8823F0FF037B827B88DBB23B823B8A012202FA03F3FB817B78002B3C
:20EEA00002D1FB89BB8201E0FB89FB827B8A1B0A9BB2DBB25B0103F1804303F50023BB608F
:20EEC000BB8A1A04FB8A1A43BB689A60002318461C37BD465DF8047B704780B584B000AF56
:20EEE0007860786800F060F87B68BB60FFF732FF0023FB8111E0BB685A68FB89DB001344C2
:20EF00009888BB685A68FB89DB0013441B68194600F00EF8FB890133FB81BB681B88FA89E1
:20EF20009A42E8D3FFF746FF00BF1037BD4680BD80B483B000AF03463960FB803B6803F4AC
:20EF40008033002B1CD01749FB881B0A9BB21A46FB88DBB212011A4451F8223023F480334C
:20EF600041F822300F48FB881B0A9BB21946FB88DBB23A6822F4803209010B4440F823200D
:20EF80000849FB881B0A9BB21A46FB88DBB2120113443A6841F8232000BF0C37BD465DF8D9
:20EFA000047B70470008084080B588B000AF7860594B7B61594B3B610023FB619FE00023F6
:20EFC000BB6195E07B685A68FB69DB0013449A885349BB6931F813309A4240F086807B6822
:20EFE0005A68FB69DB0013441B6803F0F853FB60FB68B3F1807F03D0FB68B3F1106F39D134
:20F000007B6993F8BB34DAB20121BB6901FA03F3DBB21340DBB2002B13D1012003F0BEFE83
:20F020007B6993F8BB34DAB20121BB6901FA03F3DBB21343DAB27B6983F8BB24012003F0EE
:20F040005DFE3B69BA69203213F81230C3F3C013DBB2002B49D13A69BB6903F1200112F8AE
:20F06000113043F0800302F811300121C82003F0C3FC3AE07B6993F8BB34DAB20121BB6958
:20F0800001FA03F3DBB21340DBB2002B15D0012003F084FE7B6993F8BB34DAB20121BB693C
:20F0A00001FA03F3DBB2DB43DBB21340DAB27B6983F8BB24012003F021FE3B69BA692032BE
:20F0C00013F81230C3F3C013DBB2002B0DD03A69BB6903F1200112F8113023F0800302F80E
:20F0E00011300121C82003F087FCBB690133BB61BB69022B7FF666AFFB690133FB617B6829
:20F100001B881A46FB699342FFF459AF00BF00BF2037BD4680BD00BF00E00140003008404B
:20F120008884020080B483B000AFEFF303837B607B683B603B88C3F308039BB2DBB2103B41
:20F14000DBB25BB218460C37BD465DF8047B704780B483B000AF03463960FB7197F90730BB
:20F1600004493A6841F8232000BF0C37BD465DF8047B70478044002080B483B000AF034651
:20F18000FB7197F90730044A52F8233018460C37BD465DF8047B70478044002080B483B0D7
:20F1A00000AF0346FB710B4997F9073003F1C00251F8223023F4803341F82230054A97F94B
:20F1C0000730C03352F8233000BF0C37BD465DF8047B70470060004080B584B000AF0346D7
:20F1E000FB7197F907301846FFF7D8FFBFF35F8F00BF97F90730FB60FB6803F01F02074969
:20F2000097F907305B09012000FA02F2603341F8232000BF1037BD4680BD00BF00E100E0DF
:20F2200080B584B000AF0346B9607A60FB73BB68DAB2094997F90F301201D2B20B4483F8DB
:20F24000002397F90F3079681846FFF781FF00BF1037BD4680BD00BF00E100E080B485B0D8
:20F2600000AF0346FB7197F90730FB60FB6803F01F020749FB685B09012000FA02F241F832
:20F28000232000BF1437BD465DF8047B704700BF00E100E080B582B000AF0346FB7197F9B8
:20F2A00007301846FFF798FF97F907301846FFF7D5FF00BF0837BD4680BDFFFF80B586B096
:20F2C00000AF786039607B687B613B6893F902207B691A712A4A7B6993F90430C03352F83A
:20F2E00023303B61264A7B6993F90430C033002142F823103B689A687B699A603B68DA6822
:20F300007B69DA603B681A787B695A717B695B79FB731B4AFB7B0021D1543B681B791B0151
:20F32000BB733B685B79DB01DAB2BB7B1343BB733B68DA78BB7B1343BB731149FB7BBA7B52
:20F34000CA540F497B6993F90430C0333A6941F823207B6993F90430002B08DB7B6993F95F
:20F3600004003B685B787A691946FFF759FF7B69044A1A60002318461837BD4680BD00BF08
:20F38000006000405543490080B584B000AF78607B68FB60FB6893F904301846FFF77AFFCE
:20F3A000002318461037BD4680BDFFFF80B586B000AFFFF7B7FE0346BB7597F916301846D5
:20F3C000FFF7DAFE38610023FB753B695B79FB73174AFB7BD35CC3F30103DBB2BB73BB7B9C
:20F3E000032B02D10123FB7504E097F916301846FFF7D4FE3B69002B0ED03B699B68002B19
:20F400000AD03B695B79BB603B69DB687B603B699B683A1D10469847FB7D002B04D097F983
:20F4200016301846FFF7BAFE00BF1837BD4680BD0060004080B483B000AFEFF303837B6033
:20F440007B683B603B88C3F308039BB2DBB2103BDBB25BB218460C37BD465DF8047B7047BC
:20F4600080B487B000AF0346FB710E4B1B6A7B61FB797A6922FA03F303F007033B617B691D
:20F480001B0E03F00703FB60074B1A68FB689A403B6922FA03F318461C37BD465DF8047B9C
:20F4A000704700BF00E001400C46002080B483B000AF03463960FB7197F9073004493A6829
:20F4C00041F8232000BF0C37BD465DF8047B70478044002080B483B000AF0346FB7197F9E1
:20F4E0000730044A52F8233018460C37BD465DF8047B70478044002080B483B000AF034678
:20F50000FB710B4997F9073003F1C00251F8223023F4803341F82230054A97F90730C033B5
:20F5200052F8233000BF0C37BD465DF8047B70470060004080B584B000AF0346FB7197F9A1
:20F5400007301846FFF7D8FFBFF35F8F00BF97F90730FB60FB6803F01F02074997F907303A
:20F560005B09012000FA02F2603341F8232000BF1037BD4680BD00BF00E100E080B584B0DA
:20F5800000AF0346B9607A60FB73BB68DAB2094997F90F301201D2B20B4483F8002397F92E
:20F5A0000F3079681846FFF781FF00BF1037BD4680BD00BF00E100E080B485B000AF034630
:20F5C000FB7197F90730FB60FB6803F01F020749FB685B09012000FA02F241F8232000BFC5
:20F5E0001437BD465DF8047B704700BF00E100E080B582B000AF0346FB7197F907301846C2
:20F60000FFF798FF97F907301846FFF7D5FF00BF0837BD4680BD80B584B000AF0346B960B6
:20F620007A60FB7397F90F307A68B9681846FFF7A5FF97F90F301846FFF7DAFF00BF1037B6
:20F64000BD4680BD80B584B000AF786039607B68FB603B681B7C1A46012303FA02F2FB6891
:20F66000DA603968F86800F009F93968F86800F037F9FB68034A1A60002318461037BD4647
:20F6800080BD00BF5450470080B485B000AF78607B68FB60FB689B68FA68D2689A60002336
:20F6A00018461437BD465DF8047B704780B485B000AF78607B68FB60FB689B68FA68D268E3
:20F6C0005A60002318461437BD465DF8047B704780B485B000AF78607B68FB60FB689B6882
:20F6E000FA68D268DA60002318461437BD465DF8047B704780B58CB000AFF860B9607A606F
:20F700007B6803F003037B62FB683B624FF0FF337B610023BB6107F114027B68B968386AF0
:20F7200000F053FA386A00F09EF8F8613B6A9B681B6BFB62BB69002B29D10223BB627B6812
:20F7400003F00803002B01D00423BB627B6803F00203002B11D03B6A99687A69BB6A123391
:20F760009B000B445A603B6A9968BB6A01337A6912339B000B445A6009E03B6A99687A6AA7
:20F78000BB6A13447A6912339B000B445A607B6803F04003002B07D03B6A9B681A6C3B6A33
:20F7A0009B6842F480021A647B6A012B08D0FB6A23F44033FB62BB691B04FA6A1343FB6281
:20F7C0007B68022B09D1BB69002B06D007F114020123B968386A00F0F8F97B6A002B08D05C
:20F7E000FB6A23F04073FB62BB691B06FA6A1343FB623B6A9B68FA6A1A63FB6943F4254399
:20F800001946386A00F024F8002318463037BD4680BD80B586B000AF786039607B687B6169
:20F820007B699B685B6E3B613B690133FB603B68FA689A60786900F03DFA02463B685A609D
:20F840003B6801221A70002318461837BD4680BD80B483B000AF7860396000BF0C37BD46BC
:20F860005DF8047B704780B483B000AF7860002318460C37BD465DF8047B704780B485B054
:20F8800000AF786039607B683A685A607B6801221A747B68DB6803F00603002B02D07B6873
:20F8A00000221A743B681B7C1A460C4B13441B02FB60FA687B689A603B685A697B685A6195
:20F8C0003B689A697B68DA617B6800229A6100BF1437BD465DF8047B704700BF9016400027
:20F8E00080B592B000AF786039603B68DB69BB6300237B63EFF31083BB61BB697B630123B4
:20F900007B617B6983F3108800BF934B1A693B681B7C19464FF00043CB40DB438E4913408B
:20F920000B618D4B1B697B6B3B613B6983F3108800BF7B689B684FF425421A607B689B681C
:20F940000022DA627B689B680022DA637B689B6800229A643B681B7A3B633B6BDB057B64C3
:20F960003B685B68013BFB623B681B78032B03D17B6C43F480337B647B689B687A6CDA6298
:20F98000786800F0EBF87B689B68BA6B9269DA617B689B68BA6BD2691A627B689B68FA6A67
:20F9A0009A667B689B68FA6A5A660023BB62BB6B9B6B3B644FF0FF33BB600023FB603B6885
:20F9C0001B78002B06D13B685B685B08013B7B627B6ABB603B681B78012B07D93B68D9688A
:20F9E00007F108020023786800F0EFF87B689B68BA685A657B689B68BA689A653B681B7827
:20FA0000032B07D97B689B68BA68DA657B689B68BA681A66FB681B04BA6A1343BB62FB688D
:20FA20001B06BA6A1343BB62BB6B9B6B002B1ED1BB6B1B78002B0AD0BB6B5B781946386812
:20FA400000F04FF938623A6C3B6A13433B64BB6B9B78002B0BD0BB6BDB781946386800F0ED
:20FA600040F9F861FB691B043A6C13433B64786800F062F97B689B6800229A637B689B68C0
:20FA80000022C3F88820BB6B9B6B002B0DD1BB6B93F820305B033A6C13433B64BB6B93F801
:20FAA00021305B073A6C13433B644FF4AA03FB63BB6B93F83030002B02D04FF4A003FB6358
:20FAC0007B689B68FA6B1A643B681B78012B07D17B689B680022DA647B689B6800221A6556
:20FAE0007B689B683A6C5A637B689B68BA6A42F003021A637B689B68BA6A42F001021A6343
:20FB00007B689B687A68D268DA604AF201517868FFF79EFE3B6893F912003B685B7C7A680C
:20FB2000194600F03CF8BB6B93F92400BB6B93F822307A68194600F032F8BB6B93F9250037
:20FB4000BB6B93F823307A68194600F028F800BF4837BD4680BD00BF0040084080B483B024
:20FB600000AF78607B689B684FF000421A617B689B684FF000425A617B689B684FF0004293
:20FB80009A617B689B6800225A627B689B6800229A6200BF0C37BD465DF8047B704780B5DD
:20FBA00084B000AF0346B9607A60FB7397F90F30002B06DB97F90F307A68B9681846FFF7B7
:20FBC0002AFD00BF1037BD4680BD80B48BB000AFF860B9607A603B60FB689B689B6EFB61E9
:20FBE000FB690133FB61BB68002B0CBF01230023FB76BA68FB699A422CBF01230023BB767B
:20FC0000FB7E002B02D1BB7E002B44D03B6803F00103002B07D1FB689B685B6BC3F304036F
:20FC2000DBB27B6206E0FB689B685B6BC3F30443DBB27B62FB685B681B78032B09D97B6A33
:20FC400003F01003002B0CBF0123002387F8233008E07B6A03F00C03042B0CBF012300237F
:20FC600087F82330FB7E002B06D097F8233083F00103DBB2002B06D1BB7E002B07D097F886
:20FC80002330002B03D07B6802225A600CE07B6803225A6008E0BB687B617B69013B7B61C1
:20FCA0007B687A691A6000BF00BF2C37BD465DF8047B704780B584B000AF78607B689B68BF
:20FCC000DB6AC3F3C353DBB2FB730020FFF7C8FBB860FB7BBA6822FA03F318461037BD46D5
:20FCE00080BD80B485B000AF78600B46FB70FB789A01FB781B01134343F48073BB600923B7
:20FD0000FB607B681B78022B0BD07B681B78032B02D10323FB6004E0FB78002B01D1062395
:20FD2000FB60BA68FB681343BB60BB6818461437BD465DF8047B704780B485B000AF786028
:20FD40007B685B68DB69FB60FB6893F8303003F00103DBB2002B05D0FB689A6A7B689B683F
:20FD6000013ADA64FB6893F8303003F00203DBB2002B05D0FB68DA6A7B689B68013A1A65F0
:20FD800000BF1437BD465DF8047B704790B589B000AFF8600B467A60FB72FB689B69FB61EB
:20FDA000FB69002B03D107F11003FB6105E0FA6907F1100307CA83E80700FB69FA7A1A7180
:20FDC000FB697A689A60FB68DA69FB691A60FB685B69F8699847FB689B69002B08D0FB682B
:20FDE0009B691C4607F1100393E8070084E8070000BF2437BD4690BD80B584B000AFFFF725
:20FE000019FB0346FB7397F90F301846FFF774FB97F90F301846FFF75DFBB860BB685B680C
:20FE20001B78012B20D1B868FFF71DFD7860BB689B68BA68D2689A60BB689B6800229A6448
:20FE4000BB689B680022DA64BB689B6800221A657B6843F425431946B868FFF7F9FC97F9D9
:20FE60000F301846FFF766FBBB685B69002B04D000220021B868FFF789FF00BF1037BD46BE
:20FE800080BD80B483B000AFEFF303837B607B683B603B88C3F308039BB2DBB2103BDBB218
:20FEA0005BB218460C37BD465DF8047B7047FFFF80B487B000AF0346FB710E4B1B6A7B617F
:20FEC000FB797A6922FA03F303F007033B617B691B0E03F00703FB60074B1A68FB689A40AA
:20FEE0003B6922FA03F318461C37BD465DF8047B704700BF00E001400C46002080B400AFD8
:20FF0000094B0122A3F80421074BB3F804319BB2002BF9D1044B0122A3F8002100BFBD4646
:20FF20005DF8047B704700BF00C0014080B483B000AF03463960FB7197F9073004493A685C
:20FF400041F8232000BF0C37BD465DF8047B70478044002080B483B000AF0346FB7197F956
:20FF60000730044A52F8233018460C37BD465DF8047B70478044002080B483B000AF0346ED
:20FF8000FB710B4997F9073003F1C00251F8223023F4803341F82230054A97F90730C0332B
:20FFA00052F8233000BF0C37BD465DF8047B70470060004080B584B000AF0346FB7197F917
:20FFC00007301846FFF7D8FFBFF35F8F00BF97F90730FB60FB6803F01F02074997F90730B0
:20FFE0005B09012000FA02F2603341F8232000BF1037BD4680BD00BF00E100E080B584B050
:020000040002F8
:2000000000AF0346B9607A60FB73BB68DAB2094997F90F301201D2B20B4483F8002397F9A3
:200020000F3079681846FFF781FF00BF1037BD4680BD00BF00E100E080B485B000AF0346A5
:20004000FB7197F90730FB60FB6803F01F020749FB685B09012000FA02F241F8232000BF3A
:200060001437BD465DF8047B704700BF00E100E080B582B000AF0346FB7197F90730184637
:20008000FFF798FF97F907301846FFF7D5FF00BF0837BD4680BDFFFF80B485B000AF034647
:2000A000FB7197F90730FB60FB6803F01F020B4997F907305B09012000FA02F2203341F821
:2000C0002320BFF34F8F00BFBFF36F8F00BF00BF1437BD465DF8047B704700BF00E100E007
:2000E00080B584B000AF0346B9607A60FB7397F90F307A68B9681846FFF780FF97F90F30CA
:200100001846FFF7B5FF00BF1037BD4680BDFFFF80B584B000AF786039607B68FB600023A9
:20012000BB60FB683A685A603B681B78002B23D03B685A68FB681A643B68DA68FB689A6405
:20014000FB6800225A64184B01221A763B6893F911003B681B7CFA681946FFF7C1FF124BF8
:2001600098221A753B6893F913003B689B7CFA681946FFF7B5FF05E00B4B00221A760A4B8D
:2001800000221A75F86800F0B1FAB860BB68002B01D0BB6803E0FB68044A1A60BB681846CA
:2001A0001037BD4680BD00BF00E07F404E45504F80B586B000AFF860B9607A603B60FB68C5
:2001C0003B6100237B613B685A083B699A633B69BA681A633B697A685A633B69002283F817
:2001E0003C207B68B3F1006F04D2386906F078FF786103E0386900F0C2F978617B691846A6
:200200001837BD4680BD80B588B000AFF860B9607A60FB687B610023FB617B69002283F8A9
:200220003C20BB68B3F1006F19D20023BB61BB68B3F5803F06D2BB6823F4FF5323F01F03DF
:20024000BB6105E0BB6823F4FF4323F07F03BB617A68B969786906F03BFFF8610EE0BB68F1
:2002600023F03F033B617A683969786900F0DAFAF861FB69002B01D0FB6900E0FB691846A5
:200280002037BD4680BD80B588B000AFF860B9607A603B60FB687B610023FB61BB68B3F140
:2002A000006F1DD27B69002283F83C203B6800221A70BB683B610023BB610CE03A69BB6903
:2002C00013441B78FF2B03D03B6801221A700EE0BB690133BB61BA697B689A42EED306E0FC
:2002E0003B687A68B968786900F090F9F861FB6918462037BD4680BD80B483B000AF78605E
:2003000039600B4BB3F884309BB203F08103002B03D13B6800221A7002E03B6801221A704B
:20032000002318460C37BD465DF8047B704700BF00E07F4080B487B000AFF860B960134629
:20034000FB80FB687B6100233B6106233B613B6918461C37BD465DF8047B704780B487B011
:2003600000AFF860B9607A60FB687B6100233B6106233B613B6918461C37BD465DF8047B94
:20038000704780B485B000AF78607B68FB600023BB600623BB60BB6818461437BD465DF8D2
:2003A000047B704780B584B000AF78607B68FB60F86806F099FE034618461037BD4680BDBE
:2003C00080B584B000AF78600B46FB701346BB707B68FB600023BB60BA78FB781946F8680D
:2003E00006F07AFEB860BB6818461037BD4680BD80B485B000AF78607B68FB600023BB6003
:200400000623BB60BB6818461437BD465DF8047B704780B584B000AF78607B68FB60F868B0
:2004200000F064F9034618461037BD4680BDFFFF80B483B000AF786039603B68094A92E84C
:20044000030083E803003B68074A083392E8030083E80300002318460C37BD465DF8047B76
:20046000704700BFB0840200780A002080B584B000AF78607B68FB600023BB60FB6800223D
:200480001A60FB685B6893F91130002B06DBFB685B6893F911301846FFF7FEFD0B4B002229
:2004A0001A76FB685B6893F91330002B06DBFB685B6893F913301846FFF7EEFD034B002207
:2004C0001A75BB6818461037BD4680BD00E07F4080B487B000AFF860B9607A603B60FB6883
:2004E0007B617B69BA681A647B697A689A647B693A685A64002318461C37BD465DF8047BE9
:20050000704780B485B000AF78600B46FB700623FB60FB6818461437BD465DF8047B70475A
:2005200080B485B000AF78600B46FB700623FB60FB6818461437BD465DF8047B704780B4BD
:2005400087B000AFF8600B467A60FB7206237B617B6918461C37BD465DF8047B704780B469
:2005600087B000AFF860B9607A603B6006237B617B6918461C37BD465DF8047B704780B552
:2005800086B000AF786000237B61786800F088FA78617B69002B01D07B6932E07B685B68F8
:2005A0001B78002B06D07B68012283F83C2000233B6102E07B68DB683B613A6904217868BF
:2005C00006F07EFD78617B685B681B78002B01D07B6916E018224FF48051786906F074FD2C
:2005E00078617B689B6B002B02D07B69002BE4D006F082FDF8607B69002B01D1FB687B618C
:200600007B6918461837BD4680BDFFFF80B588B000AFF860B9607A603B60F86800F040FA7F
:20062000F861FB69002B01D0FB6957E02D4B002283F8D0202B4ABB681363BA687B681344F7
:20064000284A013B5363284B71221A70264BD0221A70FB685B681B78002B08D0FB68032275
:2006600083F83C203B6802221A70002336E0FB685B697A689208013202FB03F3BB6108E04C
:20068000BB69002B02D11423FB610AE0BB69013BBB61144BD3F88030C3F3C033DBB2012B03
:2006A000EED14FF4FC720021F86906F00DFDF8610C4B93F8D430DBB2012B03D13B680122B6
:2006C0001A7002E03B6800221A7006F015FD7861FB69002B01D17B69FB61FB6918462037C4
:2006E000BD4680BD00E07F4000007E4080B586B000AF78607B68002283F83C201C20FFF75D
:20070000D7FB78611820FFF7D3FB38613E4B012283F816247B693D4A934202D84FF4FB736D
:200720006EE07B6903F5742303F23F23384AA2FB03239B0CFB603B6903F5742303F23F23D0
:20074000334AA2FB03239B0CBB60FB689BB2314A03F5F0539BB2A2F8E430BB6843F6B852D0
:2007600002FB03F32C4AA2FB03239A087B689A60BB6840F6D86202FB03F3274AA2FB032314
:200780009A087B68DA60BB685B00234AA2FB03239A087B681A61BB68542202FB03F31E4AF8
:2007A000A2FB03239A087B685A61BB684FF4FA2202FB03F3184AA2FB03239A087B689A611C
:2007C000BB6844F2506202FB03F3134AA2FB03239A087B685A62BB68104A02FB03F30E4AF2
:2007E000A2FB03239A087B681A62BB680C4A02FB03F3094AA2FB03239A087B68DA610023D0
:2008000018461837BD4680BD00E00140FF083D0083DE1B4300E07F40ABAAAAAA80DE0F0012
:20082000A0F7030080B588B000AFF860B9607A600023FB61FB68BA681A63FB687A689A63F4
:20084000F86800F02DF9F861FB69002B02D04FF4FA7336E0FB685B681B78002B06D0FB6885
:20086000022283F83C200023BB6102E0FB685B6ABB61164B0122A3F8E020BA694021F86815
:2008800006F036FCF861FB685B681B78002B01D0FB6916E019224FF40051F86906F014FC92
:2008A000F861FB689B6B002B02D0FB69002BE4D006F022FC7861FB69002B01D17B69FB61A8
:2008C000FB6918462037BD4680BD00BF00E07F4080B584B000AFFFF7D4FA0346BB7397F97E
:2008E0000E301846FFF736FBB8601E4B1B7CDBB27B601C4BD3F880201B4B13403B607B68AC
:2009000003F00803002B02D00423FB7319E07B6803F08003002B02D00523FB7311E07B688E
:2009200003F01003002B0AD03B6803F44053002B02D00723FB7304E00623FB7301E0072364
:20094000FB73B86806F0D0FB97F90E301846FFF713FBFB7B1946B86800F06EF800BF1037C7
:20096000BD4680BD00E07F404070F00080B584B000AF0023FB73FFF784FA03467B7397F914
:200980000D301846FFF7E6FAB86097F90D301846FFF7F2FABB6893F83C30012B17D1BB6870
:2009A0009B6B002B0ED000220421B86806F088FB78607B68002B2BD0B86806F095FB072397
:2009C000BB7325E00123BB730123FB7320E0BB6893F83C30022B0ED1BB689B6B002B05D0B1
:2009E00000224021B86806F083FB11E00023BB730123FB730CE00123FB730E4B93F8D430A6
:200A0000DBB2012B02D10323BB7301E00223BB73FB7B002B0AD006F06FFBBB68002283F827
:200A20003C20BB7B1946B86800F006F800BF1037BD4680BD00E07F4080B586B000AF7860E0
:200A40000B46FB707B685B6C7B617B69002B03D107F10C037B6106E07A6907F10C0392E844
:200A6000030083E803007B69FA781A707B689A6C7B695A607B681B6C786998477B685B6CCA
:200A8000002B08D07B685B6C1A4607F10C0393E8030082E8030000BF1837BD4680BDFFFF0B
:200AA00080B584B000AF78600023FB604FF49643BB607B685B681B78002B0DD07B685B68AA
:200AC00093F911301846FFF7D3FA7B685B6893F913301846FFF7CCFA0C4B4AF68022A3F8C5
:200AE000842008E0BB68002B02D14FF4FA7309E0BB68013BBB60054BB3F884309BB2802B8F
:200B0000F0D1FB6818461037BD4680BD00E07F4080B586B000AF786039607B687B6100F0F3
:200B20007DF93B685B683B613B691B78FB7397F90F30002B01DA0B2319E097F90F300E4A75
:200B400052F82330002B01D0082310E07B69FA7B1A713B681B68002B05D03B681B68194652
:200B6000786900F09BF97B69044A1A60002318461837BD4680BD00BF00000020004354449A
:200B800080B584B000AF786039607B68FB60FB6893F90430184600F0EFF9F86800F0D2F91A
:200BA0003968F86800F07AF9F86800F01DF90346002B01D0132300E0002318461037BD4645
:200BC00080BDFFFF80B588B000AFF860B9607A607B80FB68FB61FB691B79FB7697F91B3075
:200BE0001F4A52F823307B6197F91B30184600F0C3F9F86900F0A6F91A4B08221A74BB68FE
:200C0000002B02D0BA687B695A607B68002B02D07A687B699A607B69DB7823F03F03DBB25E
:200C2000802B03D17B697A889A8109E07B69DB7823F03F03DBB2002B02D17B697A88DA81F3
:200C4000084B18221A74F86900F0CEF80346002B01D0132300E0002318462037BD4680BDEF
:200C6000000000200054004080B483B000AF78600B46FB70062318460C37BD465DF8047B75
:200C8000704780B483B000AF7860062318460C37BD465DF8047B704780B584B000AF786067
:200CA0007B68FB60F86800F09FF8034618461037BD4680BD80B584B000AF78607B68FB60B3
:200CC000FB6893F90430184600F056F9002318461037BD4680BDFFFF80B485B000AF78605E
:200CE00039607B68FB60FB6893F904301A461F4B53F82230BB603B6800221A603B68002274
:200D00005A60BB68DB7823F03F03DBB2002B1BD03B684FF480729A60BB68DB899BB2DAB279
:200D20003B68DA60BB68DB7823F03F03DBB2802B14D13B684FF480321A60BB689B899BB248
:200D40001A463B685A6009E03B684FF480329A60BB68DB899BB21A463B68DA6000231846C9
:200D60001437BD465DF8047B704700BF0000002080B485B000AFF860B9607A603B60062394
:200D800018461437BD465DF8047B704780B485B000AFF860B9607A603B600623184614374C
:200DA000BD465DF8047B704780B586B000AF78607B687B6100233B617B691B79FB7397F9BF
:200DC0000F30184600F0D8F897F90F30054A002142F823107B6900221A603B691846183739
:200DE000BD4680BD0000002080B483B000AF786009497B6893F9043003F1C00251F822305F
:200E000043F0807341F82230002318460C37BD465DF8047B704700BF0060004080B584B007
:200E200000AF1A4B1B7883F00103DBB2002B29D0164B01221A700023FB60EFF310833B6047
:200E40003B68FB6001237B607B6883F3108800BF0F4B1B680E4A23F4800313600C4B1B68C9
:200E6000FB68BB60BB6883F3108800BF4FF4C0720021084805F082FC074B064A5A61064BFD
:200E800001221A7300BF1037BD4680BD3D44002000400840000000200054004080B582B018
:200EA00000AF78603960386800F016F8084B08221A747B6893F904301946064A3B6842F83A
:200EC0002130034B18221A7400BF0837BD4680BD005400400000002080B485B000AF7860C9
:200EE0000023FB60FB681B017A681344DB7823F03F03DBB2002B12D0FB681B017A681344C2
:200F0000DB899BB2FB72FB7A99B2FB681B017A6813440A46114609020A4492B2DA81FB6839
:200F20005A1CFA601B017A6813449B7823F03F03DBB2002BD6D100BF00BF1437BD465DF8A4
:200F4000047B704780B485B000AF78607B6893F9043043F40043FB60064BDB899BB21A4691
:200F6000FB689342F8D000BF00BF1437BD465DF8047B70470054004080B483B000AF034627
:200F8000FB71084997F9073003F1C00251F8223023F0807341F8223000BF0C37BD465DF891
:200FA000047B70470060004080B485B000AF786039607B68FB600C4AFB6813603B681A6843
:200FC000FB689A603B685A68FB68DA60FB6800225A60FB68054A1A60002318461437BD4678
:200FE0005DF8047B704700BF404400204347430080B588B000AFF8600B467A60FB72FB68C7
:20100000FB610023BB6100233B61FB7A052B02D0FB7A062B0DD107F1100307F11402F97AEF
:20102000786800F0B7F9B861BB69002B01D0BB6929E0FB7A184600F0F5F803461A46FB7AFC
:201040001146184600F006F90346002B02D140F2931318E0012000F01AF8FB7A052B02D03B
:20106000FB7A062B06D13B6907F11402F97A786800F0CEF9FB7A0021184600F019F9012020
:2010800000F01AF8002318462037BD4680BD80B582B000AF0346FB71012001F07FFEFB7968
:2010A000012B05D1002001F043FB002001F076FE00BF0837BD4680BD80B582B000AF0346BD
:2010C000FB71FB79012B07D1002001F017FE064B1B6A184600F07AF8012001F00FFE00BF92
:2010E0000837BD4680BD00BF00E0014080B483B000AF78601A4B1B68B3F5004F01D00023D0
:2011000027E0184B93F83630DBB2002B17D0154B93F83830DBB2002B11D0124B93F832309F
:20112000DBB2002B0BD00F4B93F82A30DBB2002B05D00C4B93F84A30DBB2002B01D1002347
:2011400007E07B6803F0EE43002B01D0002300E0012318460C37BD465DF8047B704700BF90
:201160000C46002000E0014080B485B000AF78600B46FB70FB78002B0BD07B68FB60FB6816
:2011800003F0443323F480030E4A934201D0002311E00D4B93F82A30DBB2002B05D10A4B19
:2011A00093F84A30DBB2002B01D0012300E0002303F00103DBB218461437BD465DF8047B76
:2011C000704700BF4444044400E0014080B584B000AF7860104B93F84030FB737868FFF71E
:2011E00085FF0346002B03D0042001F0A1FA0FE0FB7B19467868FFF7B7FF0346002B07D0D9
:20120000064B1B68064A934202D8032001F090FA00BF1037BD4680BD00E001400C46002084
:2012200040420F0080B483B000AF0346FB71FB79074A52F823301B78DBB2002B0CBF0123B6
:201240000023DBB218460C37BD465DF8047B70474085020080B487B000AF03460A46FB71C9
:201260001346BB7116237B61FB7901229A407B691340002B01D0012312E00C4B93F83C30CC
:20128000DBB23B61FB793A6922FA03F303F00103FB60BB79FA689A420CBF01230023DBB299
:2012A00018461C37BD465DF8047B704700E0014080B483B000AF03460A46FB711346BB712E
:2012C000FB790A4A52F82330BA791A70FB79074A52F823301B78DBB2BA799A42F6D100BFD5
:2012E00000BF0C37BD465DF8047B70474085020080B489B000AFF8600B467A60FB72114B2F
:20130000FB61FB681B78002B01D10F4BFB61FB685B880133FA6902FB03F35B08BB61FB6816
:201320005B7801337B61BA697B69B2FBF3F33B617B683A691A60002318462437BD465DF860
:20134000047B704700366E01002D310180B487B000AF78600023FB827B681B78002B01D14E
:201360000123FB827B685B88BB827B685B787B82BB8A1B0203F47C52FB8A1B011A437B8AEC
:201380001343FB60FB6818461C37BD465DF8047B7047FFFF80B588B000AFF8607A603B6013
:2013A0000B46FB72F868FFF7D1FFB861FB7A052B02D1154BFB6101E0144BFB61FB691B8859
:2013C0009BB21A46BB69934209D0FB7A1846FFF729FF0346002B02D040F291130FE0FB7A1D
:2013E0007A681946F868FFF783FF78617B69002B01D07B6903E03B68BA691A600023184693
:201400002037BD4680BD00BF28E0014048E0014080B584B000AFF8607A603B600B46FB7221
:20142000FB7A052B04D1094B3A6892B21A8504E0064B3A6892B2A3F84820FB7A7968184687
:2014400001F0B0F900BF1037BD4680BD00E0014080B483B000AF0346FB7197F90730002BCE
:201460000CDBFB7903F01F02074997F907305B09012000FA02F2403341F8232000BF0C3782
:20148000BD465DF8047B704700E100E080B483B000AFEFF303837B607B683B603B88C3F3AD
:2014A00008039BB2DBB2103BDBB25BB218460C37BD465DF8047B704780B483B000AF0346D4
:2014C0003960FB7197F9073004493A6841F8232000BF0C37BD465DF8047B70478044002061
:2014E00080B483B000AF0346FB7197F90730044A52F8233018460C37BD465DF8047B704740
:201500008044002080B483B000AF0346FB710B4997F9073003F1C00251F8223023F48033E6
:2015200041F82230054A97F90730C03352F8233000BF0C37BD465DF8047B7047006000404A
:2015400080B584B000AF0346FB7197F907301846FFF7D8FFBFF35F8F00BF97F90730FB604B
:20156000FB6803F01F02074997F907305B09012000FA02F2603341F8232000BF1037BD4652
:2015800080BD00BF00E100E080B584B000AF0346B9607A60FB73BB68DAB2094997F90F30FC
:2015A0001201D2B20B4483F8002397F90F3079681846FFF781FF00BF1037BD4680BD00BF1E
:2015C00000E100E080B485B000AF0346FB7197F90730FB60FB6803F01F020749FB685B09CD
:2015E000012000FA02F241F8232000BF1437BD465DF8047B704700BF00E100E080B582B0E1
:2016000000AF0346FB7197F907301846FFF798FF97F907301846FFF7D5FF00BF0837BD46C4
:2016200080BD80B584B000AF0346B9607A60FB7397F90F307A68B9681846FFF7A5FF97F951
:201640000F301846FFF7DAFF00BF1037BD4680BD80B590B000AF786039607B68BB62002320
:201660007B623B681B693B623B681B6803F58023A8331B03FB61BB6AFA695A600023BB6132
:20168000EFF310833B613B69BB610123FB60FB6883F3108800BF8F4B5A683B681B68C3F154
:2016A0000203012101FA03F3DB438A4913404B60884B5B68BB69BB60BB6883F3108800BF5E
:2016C000BB6A3A681A603B689A68BB6ADA613B68DA68BB6A5A62BB6A00221A623B6A1A7804
:2016E000BB6A1A7600220121B86A00F083FB3B6A1B7B1BB25B001AB23B6A1B7D1BB2DB004D
:201700001BB213431BB243F4E0731BB29AB2FB69A3F840283B685B687B617B691B68013BEA
:201720001A046D4B13407A695268013A12071A437B699B68013B1B021A437B69DB68013B32
:201740001B031343BA6A127E1A43FB69C3F8442800220221B86A00F04DFBFB69802283F859
:201760005028FB6903F500734FF400720021184605F004F80023FB632CE03B6A9A68FB6B63
:20178000DB0013449B79002B16D13B6A1B69FA6B9A4211D2FB6B20331B01FA69D1183B6ADE
:2017A0009A68FB6BDB0013441A46386A00F0F6F8402387F83B3002E0002387F83B30FA6910
:2017C000FB6B134403F5026397F83B201A70FB6B0133FB63FB6B1F2BCFD900237B63002307
:2017E0003B632BE03B6A5A683B6B9B0013441B686FF0604293421ED23B6A5A683B6B9B0050
:2018000013441B68FB623B6A1B7B002B04D1FB6A9A04324B1340FB62FB693A6B02F5807234
:20182000F96A43F822103B6B9B000F2202FA03F37A6B13437B633B6B01333B633B6A1B69BA
:201840009B083A6B9A42CDD37B6BDA43FB69C3F8282400220021B86A00F0CCFAFA69B2F82E
:20186000403843F02003A2F84038FB69B3F84038C3F34013DBB2002BF7D13B6893F9150034
:201880003B681B7DBA6A1946FFF7CBFE3B6893F916003B681B7DBA6A1946FFF7C2FE3B686F
:2018A00093F917003B681B7DBA6A1946FFF7B9FEFB693E2283F84C28FB694FF0FF32C3F8D8
:2018C0002C24BB6A064A9A607B6A18464037BD4680BD00BF004008400000FF030000FC1FEB
:2018E0004E41435280B58AB000AFF860B9607A60FB68BB61BB691B681B697B61BB695B68EE
:201900003B613A69BB68134403F502631B78C3F3C013DBB2002B02D04EF663233AE0BB6804
:2019200020331B013A6913447A681946786900F035F87B689B7903F00F03D9B23A69BB68B2
:2019400020331B011A44938861F3030393807B689B797B62BB6820331B013A691344063399
:201960003B627B680C33FB6107E0FA69531CFB613B6A591C396212781A707B6A5A1E7A6235
:20198000002BF2D13A69BB68134403F5026380221A70002318462837BD4680BD80B489B026
:2019A00000AFF860B9607A60FB681B7BFB750023FB61FB7D002B06D0FB7D022B0AD17B6869
:2019C0001B79002B06D17B681B689A04114B1340BB610EE0FB7D022B06D17B681B79012B95
:2019E00002D14FF00043FB617B681B6823F06043BB617B685B799B073B61FA693B691A43A5
:201A0000BB691A43BB681A6000BF2437BD465DF8047B70470000FC1F80B489B000AFF86071
:201A2000B9607A60FB685B68BB61BA69BB6820331B0113441B687B617B699B0F03F0010381
:201A4000DAB27B685A71FB681B681B693B613B691B7BB969BA68203212010A441268C2F3E6
:201A6000C072D2B21343DBB203F00103DAB27B681A717B681B79002B06D17B699B0CC3F322
:201A80000A027B681A6004E07B6923F060427B681A60BA69BB6820331B0113449B88C3F31E
:201AA0000303DBB21A467B689A717B689B79082B02D97B6808229A710023FB6112E0BA6994
:201AC000BB681B011A44FB69134403F206231B78D9B27A68FB6913440C330A461A70FB6958
:201AE0000133FB617B689B791A46FB699342E6D3BA69BB68134403F5026344221A707B6840
:201B000000229A6000BF2437BD465DF8047B7047B0B58EB000AF786039607B681B6A7B63F8
:201B20007B6B002B02D13B687B6317E07B6B07F10C041D460FCD0FC40FCD0FC495E803001A
:201B400084E803007A6B3B6814461D460FCD0FC40FCD0FC495E8030084E803007B68DB695D
:201B6000786B98477B681B6A002B0CD07B681B6A1D4607F10C040FCC0FC50FCC0FC594E887
:201B8000030085E8030000BF3837BD46B0BD80B590B000AFFFF77AFC03461846FFF7B2FC59
:201BA000FFF774FC034687F83B3097F93B301846FFF796FC78633B4628220021184604F092
:201BC000DDFD0023FB637B6B5B683B633B6B93F84D38DBB2BB803B6B002283F84D283B6B87
:201BE000B3F84238C3F30013DBB2002B22D0BB8843F020039BB2BB803B6B93F8533887F8F1
:201C00002F303B6B022283F853283B6B93F85238C3F30403DBB2FB633B6B97F82F2083F843
:201C200053283A6BFB6B134403F50262137823F0040313707B6B1B681B683B607B6B5B6A11
:201C40003B61FB6BFB603B461946786BFFF760FF7B6B1B681B69BB623B6BB3F84238C3F384
:201C60000013DBB2002B0AD0BB6A1B7D002B06D07B6B1B6893F915301846FFF7E9FB00BFD0
:201C80004037BD4680BD80B590B000AFFFF7FEFB03461846FFF736FCFFF7F8FB034687F8FA
:201CA0003F3097F93F301846FFF71AFCB8634FF480633B81BB6B5B687B637B6B93F853388C
:201CC00087F833307B6B002283F853287B6B93F85238C3F30403DBB2FB627B6B97F83320BA
:201CE00083F853283B1D14331A46F96AB86BFFF793FEFB6A3B61BB6B1B681B687B60BB6BB4
:201D00005B6A7B613B1D1946B86BFFF701FF7B6BB3F84238C3F30003DBB2002B04D097F972
:201D20003F301846FFF794FB00BF4037BD4680BD80B590B000AFFFF7A9FB03461846FFF780
:201D4000E1FBFFF7A3FB034687F83F3097F93F301846FFF7C5FBB86300233B81BB6B5B68E6
:201D60007B637B6B93F8533887F833307B6B012283F853287B6B93F85238C3F30403DBB263
:201D8000FB627B6B97F8332083F853287A6BFB6A134403F5026300221A707A6BFB6A1344DD
:201DA00003F5026300221A70FB6A3B613B8943F400639BB23B81BB6B1B681B687B60BB6B85
:201DC0005B6A7B613B1D1946B86BFFF7A1FE7B6BB3F84238C3F34003DBB2002B06D0BB6B3B
:201DE0001B6893F917301846FFF732FB00BF4037BD4680BD80B584B000AF78600B46FB70EA
:201E00001346BB707B685B68FB607B685B7BBA789A420DD00221786800F032F8FB68BA78E7
:201E200083F858287B68BA785A737B6802221A737B681B7BFA789A421ED0FB78052B13D1F5
:201E40000221786800F01CF8FA68B2F8403843F48063A2F84038FB68B3F84238C3F38023EA
:201E6000DBB2012BF7D104E0FB781946786800F007F87B68FA781A7300BF1037BD4680BD34
:201E800080B485B000AF78600B46FB707B685B68FB60FA68B2F8403823F48063A2F8403805
:201EA000FB7803F00303D9B2FA68B2F8403861F30923A2F84038FB68B3F842389BB203F449
:201EC000E062FB781B029A42F5D100BF00BF1437BD465DF8047B704780B487B000AF0346D4
:201EE000FB710E4B1B6A7B61FB797A6922FA03F303F007033B617B691B0E03F00703FB6055
:201F0000074B1A68FB689A403B6922FA03F318461C37BD465DF8047B704700BF00E00140DB
:201F20000C46002080B483B000AF03463960FB7197F9073004493A6841F8232000BF0C3797
:201F4000BD465DF8047B70478044002080B483B000AF0346FB710B4997F9073003F1C00273
:201F600051F8223023F4803341F82230054A97F90730C03352F8233000BF0C37BD465DF871
:201F8000047B70470060004080B584B000AF0346FB7197F907301846FFF7D8FFBFF35F8F0C
:201FA00000BF97F90730FB60FB6803F01F02074997F907305B09012000FA02F2603341F873
:201FC000232000BF1037BD4680BD00BF00E100E080B584B000AF0346B9607A60FB73BB6813
:201FE000DAB2094997F90F301201D2B20B4483F8002397F90F3079681846FFF793FF00BF5B
:202000001037BD4680BD00BF00E100E080B485B000AF0346FB7197F90730FB60FB6803F074
:202020001F020749FB685B09012000FA02F241F8232000BF1437BD465DF8047B704700BF86
:2020400000E100E080B582B000AF0346FB7197F907301846FFF798FF97F907301846FFF727
:20206000D5FF00BF0837BD4680BD80B584B000AF0346B9607A60FB7397F90F307A68B968BA
:202080001846FFF7A5FF97F90F301846FFF7DAFF00BF1037BD4680BD80B586B000AF786014
:2020A00039607B687B613B685B693B617B693A685A603B68DA687B699A613B681A697B69B7
:2020C0001A627B690022DA614FF40073FB603B681B881A46FB6802FB03F303F1804303F587
:2020E000B8131A467B691A603968786900F09EF83B6893F906003B685B7A7A69194600F070
:20210000C5FA3B6893F907003B689B7A7A69194600F0BCFA3B6993F907003B695B7A7A6997
:20212000194600F0B3FA3B6993F908003B699B7A7A69194600F0AAFA7B6900221A617B6977
:20214000034A9A60002318461837BD4680BD00BF4344415280B586B000AF786039603B6821
:202160007B617B683B610023FB607969386900F09BF97B691A683B691A61FB6818461837EA
:20218000BD4680BD80B485B000AF78607B68FB60FB681B68FA68928A1A8000231846143707
:2021A000BD465DF8047B704780B485B000AF78607B68FB60FB681B6800221A800023184640
:2021C0001437BD465DF8047B704780B485B000AF786039607B68FB60FB681B681B88C3F320
:2021E000C033DBB21A463B681A70002318461437BD465DF8047B704780B487B000AFF86006
:202200000B467A60FB72FB687B617B691B6897F90B20103233F812309AB27B681A8000232A
:2022200018461C37BD465DF8047B704780B48DB000AF786039603B685B697B623B689B78D4
:202240005B03FB62FB6A43F41073FB627B6A9B78002B02D14FF4807300E00023FA6A13435E
:20226000FB627B6A9B783F2B02D04FF4007300E00023FA6A1343FB627B6A1B79002B04D085
:20228000FB6A43F08003FB6207E07B6A9B783F2B03D1FB6A43F40043FB62FB6A9AB27B68D9
:2022A0009A827B6A9B781B0203F47C527B6ADB7803F03F0313433B620023FB613B68DB7853
:2022C0005B00FA691343FB613B681B79DB03FA691343FB617B6A5B785B01FA691343FB613B
:2022E0007B6A1B78BB6100237B61EFF310833B613B697B610123FB60FB6883F3108800BF0B
:20230000214BDA683B681B88C3F11003012101FA03F3DB431C491340CB601B4BDB687B6961
:20232000BB60BB6883F3108800BFFB6A99B27B681A6847F6FF530B409BB213807B681B685D
:202340003A6A92B21A827B681B68FA6992B2DA817B681B68BA69D2B21A73002387F82B30FA
:202360007B6A9B79012B02D1012387F82B307B681B6897F82B2083F8D02000BF3437BD468F
:202380005DF8047B704700BF0040084080B586B000AF786039600023FB6007F10C031846FD
:2023A00000F05AF83B681A683B685B6813433B6100237B613B6903F00053002B1ED0FA68FA
:2023C0007B681B68D2B283F8DE203B681B6803F00053002B04D07B6943F480737B6103E062
:2023E0007B6943F480637B613B689B6803F00053002B03D07B6943F001037B613B6903F08B
:202400008043002B1ED0FA687B681B68D2B283F8DF203B681B6803F08043002B04D07B695B
:2024200043F400737B6103E07B6943F400637B613B689B6803F08043002B03D07B6943F068
:2024400002037B617B681B687A6992B25A8200BF1837BD4680BDFFFF80B584B000AF7860F6
:202460000420FFF739FDB860BB680D4AA2FB03239B0941F2360202FB03F30A4AA2FB03239E
:202480009B0C0133FB60FB68062B01D80723FB607B68FA681A6000BF1037BD4680BD00BF50
:2024A000D34D621083DE1B4380B58CB000AF786039603B681B6823F0C043BB627B685B683B
:2024C0005B697B623B685B6823F0C0433B623B689B6823F0C043FB617B681B68BA6A92B25C
:2024E0009A807B681B683A6A92B29A827B681B68FA6992B21A81BB6A1A0C7B681B6892B2BB
:20250000DA803B6A1A0C7B681B6892B2DA82FB691A0C7B681B6892B25A8139687868FFF70A
:2025200035FF3B68DB68BB610023FB85BB69002B70D0BB691B89FB85BB691B8903F40063C9
:20254000002B4BD07B681B68BA691289A3F890207B681B68BA695289A3F89C207B681B68A5
:20256000BA699289A3F89E20BB691B687B617B681B687A6992B2A3F894207B691B0C9AB20E
:202580007B681B6822F4C04292B2A3F896207B695B0FDAB27B681B6802F00302D2B283F8F2
:2025A0009220BB695B683B617B681B683A6992B2A3F898203B691B0C9AB27B681B6822F4B3
:2025C000C04292B2A3F89A203B695B0FDAB27B681B6802F00302D2B283F89320BB691B89EF
:2025E00003F40073002B15D0BB69997CBB69DA7C7B681B680A43D2B283F8A6207B681B68D0
:20260000BA69D289A3F8A8207B681B68BA69128AA3F8AA207B681B68FA8DA3F890207B6834
:202620001B683A68128AA3F880207B6A1B79002B22D07B681B681B889BB2FB60FB6823F0E1
:202640001F03BA6ABA60BA68002A01D1202203E0BA68B2FA82F2D2B29B1A1F33FB607B68CC
:202660001B68FA6892B21A807B689A8AFB689BB213439AB27B689A827B68034ADA6000BF16
:202680003037BD4680BD00BF4344415280B582B000AF03463A60FB710B46BB7197F9073011
:2026A000002B06DBB97997F907303A681846FFF7DCFC00BF0837BD4680BDFFFF80B400AF28
:2026C000094B0122A3F80421074BB3F804319BB2002BF9D1044B0122A3F8002100BFBD465F
:2026E0005DF8047B704700BF00C0014080B483B000AF0346FB710D4B93F8A030C3F3001348
:20270000DBB2002BF7D1094AFB7982F8A030074B93F8A030C3F30013DBB2002BF7D100BF73
:2027200000BF0C37BD465DF8047B704700E0014080B582B000AF0346FB71FB79042B14D195
:20274000174B93F8AA30C3F30013DBB2002BF7D1134B012283F8AA20114B93F8AA30C3F32C
:202760000013DBB2002BF7D115E00D4B93F8AA30C3F30013DBB2002BF7D1094B002283F8DA
:20278000AA20074B93F8AA30DBB2002BF9D1FB791846FFF7ABFF00BF0837BD4680BD00BFC7
:2027A00000E0014080B483B000AF786039607B68052B04D13B681B68064A536103E03B68D9
:2027C0001B68044A936100BF0C37BD465DF8047B704700BF100B002080B483B000AF0D4B3C
:2027E00093F82630DBB27B600A4B1B6A1B0E03F007033B60084A7B6852F823203B6822FA74
:2028000003F3064A136000BF0C37BD465DF8047B704700BF00E00140100B00200C460020E2
:2028200080B500AF0B4B012283F81C210A4B0B4A1A62094B052283F82620FFF7CDFF084B0C
:20284000F1221A73064B00221A72054BF0221A7300BF80BD00C0014000E001401112022087
:202860000020004080B500AF0B4B0C4A1A600A4B0B4A5A60084B4FF400429A60064B094A14
:20288000DA60054B4FF400421A61034B064A5A61FFF7A2FF00BF80BD100B0020002D310128
:2028A00000127A0000366E0100E1F50580B500AF1B4B4AF20352A3F8FE23FFF7FFFEFFF78C
:2028C000D1FF174B002283F81324154B092283F8A22000F031F8124B002283F83620104B66
:2028E00093F83C30C3F30003DBB2012BF7D10C4B41F211321A850A4B002283F82A20084BAC
:2029000093F83C30C3F34013DBB2012BF7D1FFF787FF034B4FF42542A3F8FE2300BF80BD0A
:2029200000E0014080B483B000AF786000BF0C37BD465DF8047B704780B500AF184B93F826
:202940008034DBB2002B07D1154B93F88134C3F30103DBB2012B1CD0114B93F88034DBB20C
:20296000002B0DD10E4B012283F880240121C82000F042F80A4B93F88034DBB2012BF9D168
:20298000074B022283F88124054B002283F8802404E04FF47A70FFF7C5FF00BF00BF80BD8A
:2029A00000E0014080B500AF074B002283F82820012000F0F3F9054B002283F8BB240120F1
:2029C00000F09CF900BF80BD0030084000E0014080B483B000AF786000BF0C37BD465DF895
:2029E000047B704780B485B000AFF860B9607A603B6000BE00BFFDE72DE9B04F90B000AF3E
:202A0000F861B9610023FB63FB69BA6902FB03F3BB63504B1B687B634F4A7B6BB2FBF3F31C
:202A20003B63BB6B00223B617A61D7E904234FF000004FF00001590141EAD2615001024682
:202A40000B463969B2EB0108796963EB01094FF000024FF000034FEA890343EA98734FEAEA
:202A6000880290469946D7E904120B4618EB03033B60134649EB03037B604FF000024FF05E
:202A80000003D7E900894946CB00414643EA51734146CA00C7E90A23D7E90A23012B08D2F7
:202AA000BA6A3B6BB2FBF3F37B627B6A9B08FB6344E03B6B9B00BA6BB2FBF3F3BB63BB6B95
:202AC0000022BB60FA60D7E9028942464B464FF000004FF00001590141EAD261500102462B
:202AE0000B464146541A494663EB01054FF000024FF00003AB0043EA9473A20014461D46EC
:202B0000434614EB030A4B4645EB030B4FF000024FF000034FEACB0343EA5A734FEACA02C8
:202B200092469B46C7E90AABD7E90A23012B02D2BB6AFB6302E04FF0FF33FB63FB6B002BC5
:202B400002D0F86B00F00AF800BF4037BD46BDE8B08F00BF0C46002000CA9A3BA0F10100CF
:202B60000028FBD1704700BF80B582B000AF0346FB71FB79074A52F82330002B06D0FB7949
:202B8000044A52F82330FA791046984700BF0837BD4680BD4444002080B582B000AF144B47
:202BA000B3F82031BB80124BB3F840319AB2BB8813407B800023FB710EE07A88FB7922FA79
:202BC00003F303F00103002B03D0FB791846FFF7CBFFFB790133FB71FB790D2BEDD9044AA4
:202BE0007B88A2F8303100BF0837BD4680BD00BF0060004080B58AB000AF032000F0CEF843
:202C0000394B6FF0FF029A643B1D0C22FF21184603F0B4FD00237B6221E0344A7B6A32F89C
:202C20001330002B18D07B6A5B097B617B6A03F01F033B617B699B0028333B4453F8242C8F
:202C400001213B6901FA03F3DB431A407B699B0028333B4443F8242C7B6A01337B627B6A86
:202C60005F2BDAD9224BBB6100233B6218E03B6A9B00BA691A443B6A9B0028333B4453F8B0
:202C8000243C13601B493B6A9B0028333B4453F8242C3B6AA03341F823203B6A01333B62DE
:202CA0003B6A022BE3D9032000F028F80023FB6112E00E4AFB6932F81330002B09D00B4A60
:202CC000FB6932F813300C4A1946FB69C03342F82310FB690133FB61FB695F2BE9D900BF47
:202CE00000BF2837BD4680BD00800040688202007080004000E100E00060004080B487B0CE
:202D000000AF0346FB7100237B61EFF31083FB60FB687B6101233B613B6983F3108800BF10
:202D2000FB791A4A32F813309BB2002B09D0FB79164A32F8132092B2013A91B2134A22F893
:202D40001310FB79114A32F813309BB2002B11D10F4BB3F8FE339AB20E4B13439AB2FB79C9
:202D60000D4931F81330DB439BB2094913409BB2A1F8FE337B69BB60BB6883F3108800BF7B
:202D800000BF1C37BD465DF8047B70470046002000E0014000A5FFFF5C85020080B487B01B
:202DA00000AF0346FB7100237B61EFF31083FB60FB687B6101233B613B6983F3108800BF70
:202DC000FB79164A32F813309BB2002B0FD1144BB3F8FE339AB2FB79124931F81330134342
:202DE0009AB20F49104B13439BB2A1F8FE33FB790A4A32F8132092B2013291B2074A22F81D
:202E000013107B69BB60BB6883F3108800BF00BF1C37BD465DF8047B704700BF00460020DB
:202E200000E001405C85020000A5FFFF80B584B000AF78607B68FB60144B1B68002B02D1DD
:202E4000124B134A1A60114B1B68BB60FB68033323F00303FB600D4B1A68FB6813440D4A4C
:202E6000934207D903F092FC03460C221A604FF0FF3306E0054B1A68FB681344034A136088
:202E8000BB6818461037BD4680BD00BF0846002010EB002010EB002080B500AF00F00CF8EF
:202EA000F8F7B2FD00BFFDE780B400AF00BE00BFBD465DF8047B704780B584B000AF3A4B46
:202EC0004FF47002C3F88820374B384A9A600020F8F786FDFFF7EAFC0120F8F781FD334B62
:202EE0001B68A3F500633B603B6883F30A8800BF2F4A304BD31A1A4600212E4803F03EFC4A
:202F00002D4A2E4BD31A1A462D492C4803F046FC2C4A2D4BD31A9B107B600023FB6007E08F
:202F2000294AFB6852F823309847FB680133FB60FA687B689A42F3DBFFF74EFCFFF732FDF9
:202F40000320FFF72BFF0023BB6009E01F4ABB6808334FF6FF7122F81310BB680133BB60DC
:202F6000BB68052BF2D90320FFF7C8FE0320FFF715FF174B00225A60154B00229A60144B0E
:202F80000022DA60124B00221A610320FFF7B6FE0220F8F725FDFFF72DFE0020FFF718FD8F
:202FA00000BF1037BD4680BD00ED00E0000001000CEB0020300B0020D80A002080010020E8
:202FC00068930200D40A0020D00A0020000D084000000E4080B588B000AF786000237B6166
:202FE0007B68002B22D00823DB437A689A421BD808227B6813447B607B6803F00703002B8D
:2030000014D07B6803F00703C3F108033B613B69DB437A689A4204D87A683B6913447B607D
:2030200004E000237B6001E000237B6001F066FC624B1B68002B01D100F048F97B68002B10
:20304000C0F2A9807B68002B00F0A5805C4B1B687A689A4200F29F805A4BBB61594B1B6891
:20306000FB61FB69584A934203D3FB69574A934218D9574B574AF5215748FFF7B3FCFB6977
:20308000BB61FB691B68FB61FB694F4A934203D3FB694E4A934205D94D4B4E4AFB214E4898
:2030A000FFF7A0FCFB695B687A689A4203D9FB691B68002BE3D1414B1B68FA699A426AD06F
:2030C000BB691B68082213447B617B693E4A934203D37B693D4A934206D9404B3D4A40F272
:2030E00005113D48FFF77EFCFB691A68BB691A60FB695B687A689A4206D9394B354A40F248
:203100000D113548FFF76EFCFB695A687B68D21A08235B009A421FD9FA697B681344FB606D
:20312000FB6803F00703002B06D02E4B294A4FF48B712948FFF756FCFB695A687B68D21A55
:20314000FB685A60FB697A685A60BB691A68FB681A60BB69FA681A60194B1A68FB695B68C2
:20316000D31A174A1360164B1A681F4B1B689A4203D2134B1B681C4A1360FB695B6843F0F9
:203180000042FB695A60FB6900221A60174B1B680133164A136001F0BFFB7B6903F0070357
:2031A000002B06D0124B0B4A40F257110A48FFF719FC7B6918462037BD4680BD18E600206E
:2031C0001CE6002010E60020104600200FE6002064850200B4880200D88502001886020004
:2031E0008C860200C086020020E6002024E60020F486020080B584B000AF78607B68FB6079
:203200007B68002B4CD008235B42FA681344FB60FB68BB60BB68244A934203D3BB68234A5E
:20322000934206D9224B234A4FF4B5712248FFF7D9FBBB685B68002B06DB204B1D4A40F26D
:203240006B111D48FFF7CEFBBB681B68002B06D01B4B184A4FF4B6711748FFF7C3FBBB68BF
:203260005B68002B1CDABB681B68002B18D1BB685B6823F00042BB685A6001F03FFBBB684A
:203280005A68104B1B6813440E4A1360B86800F077F80D4B1B6801330B4A136001F03CFBEE
:2032A00000BF1037BD4680BD104600200FE6002030870200C4880200D8850200A0870200AE
:2032C000148802001CE6002028E6002080B485B000AF4FF42043BB60244BFB60FB6803F007
:2032E0000703002B0CD0FB680733FB60FB6823F00703FB60BA68FB68D31A1C4A1344BB60A0
:20330000FB681B4A13601A4B00225A60FA68BB6813447B6008227B689B1A7B607B6823F0E7
:2033200007037B607B68134A1360124B1B6800225A60104B1B6800221A60FB683B603B681E
:203340007A68D21A3B685A600A4B1A683B681A603B685B68084A13603B685B68074A1360F9
:2033600000BF1437BD465DF8047B70471046002010E6002018E6002020E600201CE60020C3
:2033800080B584B000AF7860304BFB6002E0FB681B68FB60FB681B687A689A42F7D8FB686E
:2033A0002A4A93420ED0FB68294A934203D3FB68284A934206D9284B284A4FF4FD712848D6
:2033C000FFF710FBFB68BB60FB685B68BA6813447A689A4208D1FB685A687B685B681A440F
:2033E000FB685A60FB687B607B68BB607B685B68BA681A44FB681B689A4218D1FB681A68BE
:20340000184B1B689A420DD07B685A68FB681B685B681A447B685A60FB681B681A687B6879
:203420001A6008E00F4B1A687B681A6003E0FB681A687B681A60FA687B689A4202D0FB6876
:203440007A681A6000BF1037BD4680BD10E60020104600200FE600203C880200D088020009
:20346000D885020018E6002080B483B000AF78607B6803F108027B685A607B684FF0FF3210
:203480009A607B6803F108027B68DA607B6803F108027B681A617B6800221A6000BF0C3774
:2034A000BD465DF8047B704780B483B000AF78607B6800221A6100BF0C37BD465DF8047B37
:2034C000704780B485B000AF786039603B681B68BB60BB68B3F1FF3F03D17B681B69FB60D0
:2034E0000CE07B680833FB6002E0FB685B68FB60FB685B681B68BA689A42F6D2FB685A6870
:203500003B685A603B685B683A689A603B68FA689A60FB683A685A603B687A681A617B68AB
:203520001B685A1C7B681A6000BF1437BD465DF8047B704780B485B000AF78607B681B6946
:20354000FB607B685B687A6892689A607B689B687A6852685A60FB685B687A689A4203D1A0
:203560007B689A68FB685A607B6800221A61FB681B685A1EFB681A60FB681B6818461437FF
:20358000BD465DF8047B704780B584B000AF786039600123FB607B68BB60BB68002B06D172
:2035A0003C4B3D4A40F237113C48FFF71BFABB68002B5ED0BB68DB6B002B5AD0BB681A6C11
:2035C000BB68DB6B0021A3FB0223002B00D001210B46002B4DD1F8F7B3FBBB681A68BB6882
:2035E000DB6BB968096C01FB03F31A44BB689A60BB6800229A63BB681A68BB685A60BB689B
:203600001A68BB68DB6B013BB968096C01FB03F31A44BB68DA60BB68FF2283F84420BB68FA
:20362000FF2283F845203B68002B15D1BB681B69002B1BD0BB681033184601F07DFC0346A1
:20364000002B13D0164B4FF080525A60BFF34F8F00BFBFF36F8F09E0BB6810331846FFF78E
:2036600003FFBB6824331846FFF7FEFEF8F7A0FB01E00023FB60FB68002B06D1094B064A8C
:203680004FF4B6710548FFF7ADF9FB6818461037BD4680BDEC880200608C0200F4880200AD
:2036A00000ED00E02089020080B58AB002AFF860B9601346FB710023FB61FB68002B2ED031
:2036C0000021BA68FB68A3FB0223002B00D001210B46002B23D1FB68BA6802FB03F313F178
:2036E0004D0F1CD8FB68BA6802FB03F3BB61BB694C331846FFF76EFCF861FB69002B18D0B5
:20370000FB697B617B694C337B61FA79FB69009313467A69B968F86800F016F809E0FB69B8
:20372000002B06D1054B064A40F22A210548FFF759F9FB6918462037BD4680BD44890200AD
:20374000748C0200F488020080B584B000AFF860B9607A60FB70BB68002B03D1BB69BA69B2
:203760001A6002E0BB697A681A60BB69FA68DA63BB69BA681A640121B869FFF705FFBB6985
:2037800000229A6400BF1037BD4680BD80B582B000AF78607B68002B0ED07B6800229A60EA
:2037A0007B6800221A607B680022DA60002300220021786800F08AF800BF0837BD4680BD55
:2037C00080B586B000AF0346FB7101237B6100233B61FB791A4639697869FFF765FFF86052
:2037E000F868FFF7D3FFFB6818461837BD4680BD90B585B000AF78607B68BB60BB68002B04
:2038000006D1134B134A40F2FB211348FFF7EAF8BB689C6801F0A6FD03469C4211D1BB68AE
:20382000DB685A1EBB68DA60BB68DB68002B05D1002300220021B86800F048F80123FB60D4
:2038400001E00023FB60FB6818461437BD4690BD50890200888C0200F488020090B585B0C4
:2038600000AF786039607B68BB60BB68002B06D1134B144A40F237311348FFF7B3F8BB6890
:203880009C6801F06FFD03469C4207D1BB68DB685A1CBB68DA600123FB600CE03968B86863
:2038A00000F0B6FAF860FB68002B04D0BB68DB685A1CBB68DA60FB6818461437BD4690BD19
:2038C00050890200A48C0200F488020080B58AB000AFF860B9607A603B6000237B62FB68F6
:2038E0003B623B6A002B06D1794B7A4A40F2B6317948FFF777F8BB68002B0AD13B6A1B6C68
:20390000002B06D0754B734A40F2B7317248FFF769F83B68022B0AD13B6ADB6B012B06D066
:203920006F4B6C4A4FF46E716B48FFF75BF801F029FD0346002B00D009E07B68002B06D0D1
:20394000684B644A40F2BB316348FFF74BF8F8F7F7F93B6A9A6B3B6ADB6B9A4202D33B683C
:20396000022B49D13B6A9B6BFB613A68B968386A00F062FBB8613B6A9B6C002B15D03B68CF
:20398000022B02D1FB69002B32D1386A00F0F4FC0346002B2CD0544B4FF080525A60BFF387
:2039A0004F8F00BFBFF36F8F22E03B6A5B6A002B11D03B6A2433184601F0BEFA0346002BCB
:2039C00016D0494B4FF080525A60BFF34F8F00BFBFF36F8F0CE0BB69002B09D0424B4FF0C3
:2039E00080525A60BFF34F8F00BFBFF36F8F00BFF8F7DEF9012366E07B68002B03D1F8F77C
:203A0000D7F900235FE07B6A002B06D107F11003184601F06BFB01237B62F8F7C9F900F02B
:203A20006DFFF8F78DF93B6A93F844305BB2B3F1FF3F03D13B6A002283F844203B6A93F868
:203A400045305BB2B3F1FF3F03D13B6A002283F84520F8F7ADF93A1D07F1100311461846DB
:203A600001F05AFB0346002B25D1386A00F0E9FB0346002B19D03B6A10337A681146184644
:203A800001F0ECF9386A00F067FB00F045FF0346002B7FF45CAF144B4FF080525A60BFF35A
:203AA0004F8F00BFBFF36F8F0CE0386A00F054FB00F032FF4BE7386A00F04EFB00F02CFFA3
:203AC000002300E043E718462837BD4680BD00BFEC880200C08C0200F488020060890200D0
:203AE000B8890200088A020000ED00E080B58EB000AFF860B9607A603B60FB683B633B6B73
:203B0000002B06D14F4B504A40F291414F48FEF769FFBB68002B0AD13B6B1B6C002B06D020
:203B20004B4B494A40F292414848FEF75BFF3B68022B0AD13B6BDB6B012B06D0454B424AC3
:203B400040F293414148FEF74DFFF8F76FF9EFF31183BB61BB69FB621023FB61FB6983F3C2
:203B6000118800BF3B6B9A6B3B6BDB6B9A4202D33B68022B59D13B6B93F8453087F82B302B
:203B80003B6B9B6B7B623A68B968386B00F054FA97F92B30B3F1FF3F29D13B6B9B6C002B59
:203BA00012D03B68022B02D17B6A002B3AD1386B00F0E2FB0346002B34D07B68002B31D06E
:203BC0007B6801221A602DE03B6B5B6A002B29D03B6B2433184601F0AFF90346002B21D070
:203BE0007B68002B1ED07B6801221A601AE000F0AFFF386297F92B303A6A9A4212D997F931
:203C00002B307F2B06D1144B0F4A40F21F510F48FEF7E8FE97F82B300133DBB25AB23B6BDF
:203C200083F8452001237B6301E000237B63FB6A7B617B6983F3118800BF7B6B184638371A
:203C4000BD4680BDEC880200D48C0200F488020060890200B88902005C8A020080B58AB049
:203C600000AFF860B9607A6000237B62FB683B623B6A002B06D1604B604A40F2EA51604839
:203C8000FEF7B0FEBB68002B0AD13B6A1B6C002B06D05C4B594A40F2EE515948FEF7A2FE3A
:203CA00001F070FB0346002B00D009E07B68002B06D0554B514A40F2F3515148FEF792FEC8
:203CC000F8F73EF83B6A9B6BFB61FB69002B21D0B968386A00F01AFAFB695A1E3B6A9A63F3
:203CE0003B6A1B69002B11D03B6A1033184601F023F90346002B09D0444B4FF080525A6095
:203D0000BFF34F8F00BFBFF36F8F00BFF8F750F801236CE07B68002B03D1F8F749F8002309
:203D200065E07B6A002B06D107F11403184601F0DDF901237B62F8F73BF800F0DFFDF7F746
:203D4000FFFF3B6A93F844305BB2B3F1FF3F03D13B6A002283F844203B6A93F845305BB2A6
:203D6000B3F1FF3F03D13B6A002283F84520F8F71FF83A1D07F114031146184601F0CCF90F
:203D80000346002B24D1386A00F045FA0346002B18D03B6A24337A681146184601F05EF8B3
:203DA000386A00F0D9F900F0B7FD0346002B87D1164B4FF080525A60BFF34F8F00BFBFF302
:203DC0006F8F13E0386A00F0C7F900F0A5FD77E7386A00F0C1F900F09FFD386A00F01BFA31
:203DE0000346002B3FF46CAF002300E068E718462837BD4680BD00BF008B0200F08C0200E8
:203E0000F48802000C8B0200088A020000ED00E080B58AB000AF7860396000237B627B68B8
:203E2000FB6100233B62FB69002B06D1704B714A40F284617048FEF7D5FDFB691B6C002BDE
:203E400006D06E4B6B4A4FF4D1616B48FEF7CAFD01F098FA0346002B00D009E03B68002BBC
:203E600006D0674B634A40F28D616348FEF7BAFDF7F766FFFB699B6BBB61BB69002B26D078
:203E8000BB695A1EFB699A63FB691B68002B04D101F06CFC0246FB699A60FB691B69002B2C
:203EA00011D0FB691033184601F046F80346002B09D0544B4FF080525A60BFF34F8F00BFE7
:203EC000BFF36F8F00BFF7F773FF01238CE03B68002B03D1F7F76CFF002385E07B6A002BF0
:203EE00006D107F10C03184601F000F901237B62F7F75EFF00F002FDF7F722FFFB6993F863
:203F000044305BB2B3F1FF3F03D1FB69002283F84420FB6993F845305BB2B3F1FF3F03D1DE
:203F2000FB69002283F84520F7F742FF3A4607F10C031146184601F0EFF80346002B33D160
:203F4000F86900F068F90346002B27D0FB691B68002B09D1F7F7F4FEFB699B68184601F0C2
:203F60002FFA3862F7F724FFFB6924333A681146184600F073FFF86900F0EEF800F0CCFC0A
:203F80000346002B7FF474AF1E4B4FF080525A60BFF34F8F00BFBFF36F8F24E0F86900F08F
:203FA000DBF800F0B9FC63E7F86900F0D5F800F0B3FCF86900F02FF90346002B3FF458AF5B
:203FC0003B6A002B0DD0F7F7BBFEF86900F01CF87861FB699B687969184601F01BFBF7F7B3
:203FE000E7FE002300E043E718462837BD4680BD008B0200008D0200F4880200808A02000C
:20400000088A020000ED00E080B485B000AF78607B685B6A002B06D07B681B6B1B68C3F106
:204020000F03FB6001E00023FB60FB6818461437BD465DF8047B704780B586B000AFF860A8
:20404000B9607A6000237B61FB689B6B3B61FB681B6C002B0DD1FB681B68002B4DD1FB68E4
:204060009B68184601F03EFA7861FB6800229A6043E07B68002B19D1FB685868FB681B6C36
:204080001A46B96802F08AFBFB685A68FB681B6C1A44FB685A60FB685A68FB689B689A4237
:2040A0002BD3FB681A68FB685A6026E0FB68D868FB681B6C1A46B96802F070FBFB68DA68EA
:2040C000FB681B6C5B421A44FB68DA60FB68DA68FB681B689A4207D2FB689A68FB681B6CCF
:2040E0005B421A44FB68DA607B68022B05D13B69002B02D03B69013B3B613B695A1CFB68A8
:204100009A637B6918461837BD4680BD80B582B000AF786039607B681B6C002B18D07B68EA
:20412000DA687B681B6C1A447B68DA607B68DA687B689B689A4203D37B681A687B68DA6019
:204140007B68D9687B681B6C1A46386802F026FB00BF0837BD4680BD80B584B000AF786090
:20416000F7F7EEFD7B6893F84530FB731EE07B689B6C002B08D0786800F0FEF80346002BF0
:2041800010D001F02FF80DE07B685B6A002B12D07B682433184600F0CFFE0346002B01D0EB
:2041A00001F020F8FB7B013BDBB2FB7397F90F30002BDCDC00E000BF7B68FF2283F8452014
:2041C000F7F7F6FDF7F7BCFD7B6893F84430BB7311E07B681B69002B12D07B68103318465E
:2041E00000F0AAFE0346002B01D000F0FBFFBB7B013BDBB2BB7397F90E30002BE9DC00E02D
:2042000000BF7B68FF2283F84420F7F7D1FD00BF1037BD4680BD80B584B000AF7860F7F71C
:204220008FFD7B689B6B002B02D10123FB6001E00023FB60F7F7BCFDFB6818461037BD467B
:2042400080BD80B584B000AF7860F7F779FD7B689A6B7B68DB6B9A4202D10123FB6001E0AD
:204260000023FB60F7F7A4FDFB6818461037BD4680BDFFFF80B584B000AF7860396000233F
:20428000BB607B68002B06D11D4B1E4A40F6CD311D48FEF7A7FB3B68002B24D00023FB60DE
:2042A0001EE01A4AFB68DB0013445B687A689A4205D1FB68DB00154A1344BB6013E0BB688B
:2042C000002B0AD1114AFB6852F83330002B04D1FB68DB000D4A1344BB60FB680133FB6074
:2042E000FB68312BDDD9BB68002B05D0BB683A681A60BB687A685A6000BF1037BD4680BDE2
:20430000FC8B0200148D0200F48802002CE6002080B586B000AFF860B9607A60FB687B611D
:20432000F7F70EFD7B6993F844305BB2B3F1FF3F03D17B69002283F844207B6993F8453015
:204340005BB2B3F1FF3F03D17B69002283F84520F7F72EFD7B699B6B002B06D17B69243374
:204360007A68B968184600F09FFD7869FFF7F4FE00BF1837BD4680BD80B586B000AF786047
:204380007B689B6C3B6100237B613B69002B06D12B4B2C4A40F6FC412B48FEF723FB3B6969
:2043A0009A6B3B69DB6B9A4206D3284B254A40F6FD412548FEF716FB3B699A6B3B69DB6BFD
:2043C0009A4238D23B6993F84530FB733B1D002219463869FFF730FE786197F90F30B3F1FB
:2043E000FF3F0ED13B695B6A002B24D03B692433184600F0A1FD0346002B1CD001237B61D1
:2044000019E000F0A5FBB86097F90F30BA689A4211D997F90F307F2B06D10D4B094A40F613
:204420001D510948FEF7DEFAFB7B0133DBB25AB23B6983F845207B6918461837BD4680BD58
:20444000048C0200288D0200F4880200188C02005C8A020080B58AB004AFF860B9607A609A
:204460003B607B689B001846FEF7B4FD38613B69002B13D06C20FEF7ADFD78617B69002BC1
:2044800008D06C220021786902F078F97B693A691A6305E03869FEF7ADFE01E000237B6147
:2044A0007B69002B0DD0002303937B6902937B6A01933B6A00933B687A68B968F86800F037
:2044C00029F87B6918461837BD4680BD80B588B002AFF860B9607A603B607B6A01933B6AC8
:2044E00000933B687A68B968F868FFF7B3FF38613B69002B05D0386900F0A2F801237B6113
:2045000002E04FF0FF337B617B6918461837BD4680BDFFFF80B586B000AFF860B9607A6038
:204520003B60BB6A186B7B689B001A46A52102F025F9BB6A1A6B7B6803F18043013B9B0069
:2045400013443B613B6923F007033B613B6903F00703002B06D0364B364A40F22E71364819
:20456000FEF740FABB6A3A695A64BB68002B20D000237B6114E0BA687B69134493F900105C
:20458000BA6A7B69134434330A461A70BA687B69134493F90030002B06D07B6901337B616D
:2045A0007B690F2BE7D900E000BFBB6A002283F843203B6A0E2B06D9204B1E4A40F26471C2
:2045C0001D48FEF70FFA3B6A0E2B01D90E233B62BB6A3A6ADA62BB6A3A6A9A64BB6A0433CA
:2045E0001846FEF761FFBB6A18331846FEF75CFFBB6ABA6A1A613B6AC3F10F02BB6A9A619C
:20460000BB6ABA6A5A62BB6A196B3B68FA683869F7F73AFB0246BB6A1A607B6A002B02D05A
:204620007B6ABA6A1A6000BF1837BD4680BD00BF488D0200D09002008C8D0200B88D02004F
:2046400080B584B000AF7860F7F77AFB414B1B680133404A1360404B1B68002B09D13E4A2C
:204660007B6813603B4B1B68012B10D100F0E0FD0DE03A4B1B68002B09D1374B1B68DA6ABE
:204680007B68DB6A9A4202D8334A7B681360344B1B680133324A13607B68DA6A314B1B681E
:2046A0009A4203D97B68DB6A2E4A13607B68DA6A2D4913469B0013449B000B4404331B68A3
:2046C000FB607B68FA689A60FB689A687B68DA60FB689B687A6804325A607B681A1DFB6809
:2046E0009A607B68DA6A13469B0013449B001E4A1A447B685A617B68DA6A1B4913469B00D0
:2047000013449B000B441B687A68D26A591C164813469B0013449B0003441960F7F748FB0D
:204720000E4B1B68002B10D00B4B1B68DA6A7B68DB6A9A4209D20D4B4FF080525A60BFF3C1
:204740004F8F00BFBFF36F8F00BF00BF1037BD4680BD00BF5CE90020BCE7002068E90020AF
:2047600078E9002064E90020C0E7002000ED00E080B584B000AF78600023FB607B68002B3B
:2047800013D000F0BBF8114B1B68012B06D0104B104A40F68E111048FEF724F900217868BD
:2047A00000F0FCFF00F0B8F8F860FB68002B09D10A4B4FF080525A60BFF34F8F00BFBFF38D
:2047C0006F8F00BF00BF1037BD4680BD84E90020148E0200E89002008C8D020000ED00E043
:2047E00080B58AB002AF0123FB6100233B6100237B6113E01D4A7B69134493F900103A46AA
:204800007B6913440A461A703A467B69134493F90030002B06D07B6901337B617B690F2BF9
:20482000E8DD00E000BF0023BB6115E0104B3B61BB699B000F4A13443946019300230093B1
:20484000002380223869FFF741FEF861FB69002B06D0BB690133BB61BB69002BE6DD00E099
:2048600000BFFB6918462037BD4680BD608E0200FD51020080E9002080B582B000AFFFF74B
:20488000AFFF78607B68012B02D100F0F7FF78607B68012B12D101233B603B6883F3108890
:2048A00000BF0F4B4FF0FF321A600E4B01221A600D4B00221A60F7F72BFA0AE07B68B3F187
:2048C000FF3F06D1094B0A4A40F6A9610948FEF789F8094B1B6800BF0837BD4680BD00BF40
:2048E0007CE9002068E9002060E90020688E0200F49002008C8D0200448D020080B400AF0A
:20490000044B1B680133034A136000BFBD465DF8047B704784E9002080B588B000AF0023B8
:20492000FB610023BB61F7F70BFA00233B61744B1B68002B06D1734B734A40F68B7173487E
:20494000FEF750F86E4B1B68013B6D4A13606C4B1B68002B40F0CD806D4B1B68002B00F040
:20496000C8808FE06B4BDB68DB68FB61FB699B6AFB60FB69DB69FA69126A9A60FB691B6ABA
:20498000FA69D2695A60FB685A68FB6918339A4203D1FB691A6AFB685A60FB6900229A62B4
:2049A000FB681B685A1EFB681A60FB695B69BB60FB699B68FA69D2689A60FB69DB68FA6971
:2049C00092685A60BB685A68FB6904339A4203D1FB69DA68BB685A60FB6900225A61BB680C
:2049E0001B685A1EBB681A60FB69DA6A4A4B1B689A4203D9FB69DB6A474A1360FB69DA6A52
:204A0000464913469B0013449B000B4404331B687B60FB697A689A607B689A68FB69DA607A
:204A20007B689B68FA6904325A60FB691A1D7B689A60FB69DA6A13469B0013449B00374AB6
:204A40001A44FB695A61FB69DA6A344913469B0013449B000B441B68FA69D26A591C2F4871
:204A600013469B0013449B0003441960FB69DA6A2B4B1B68DB6A9A4204D92A4A3B690121B7
:204A800042F82310234B1B68002B7FF46BAFFB69002B01D000F04AFC234B1B687B617B69B9
:204AA000002B12D000F060F80346002B04D01D4A3B69012142F823107B69013B7B617B69DF
:204AC000002BEFD1184B00221A60164A3B6952F82330002B0DD00123BB61114B1B68134BC6
:204AE0004FF080525A60BFF34F8F00BFBFF36F8F00BFF7F75DF9BB6918462037BD4680BDD0
:204B000084E900207C8E0200089102008C8D02005CE900201CE9002064E90020C0E7002088
:204B2000BCE7002070E900206CE9002000ED00E080B483B000AF054B1B687B607B681846F2
:204B40000C37BD465DF8047B704700BF60E9002080B400AF034B1B681846BD465DF8047B73
:204B6000704700BF5CE9002080B588B000AF0023FB617D4B1B68002B40F0EB807B4B1B6865
:204B80000133BB61794ABB691360BB69002B1CD1774B1B681B68002B06D0764B764A41F2B2
:204BA0005F217648FDF71EFF714B1B687B61744B1B686F4A1360724A7B691360714B1B68CB
:204BC0000133704A136000F0B1FB6F4B1B68BA699A42C0F0A980664B1B681B68002B04D10C
:204BE000694B4FF0FF321A609EE0614B1B68DB68DB683B613B695B68FB60BA69FB689A4224
:204C000003D2614AFB6813608EE03B695B69BB603B699B683A69D2689A603B69DB683A6945
:204C200092685A60BB685A683B6904339A4203D13B69DA68BB685A603B6900225A61BB68E9
:204C40001B685A1EBB681A603B699B6A002B1ED03B699B6A7B603B69DB693A69126A9A6075
:204C60003B691B6A3A69D2695A607B685A683B6918339A4203D13B691A6A7B685A603B69C6
:204C800000229A627B681B685A1E7B681A603B69DA6A3E4B1B689A4203D93B69DB6A3B4AA1
:204CA00013603B69DA6A3A4913469B0013449B000B4404331B683B603B693A689A603B68A9
:204CC0009A683B69DA603B689B683A6904325A603B691A1D3B689A603B69DA6A13469B0067
:204CE00013449B002A4A1A443B695A613B69DA6A274913469B0013449B000B441B683A69DE
:204D0000D26A591C224813469B0013449B00034419603B69DA6A1F4B1B68DB6A9A427FF667
:204D20005AAF0123FB6156E71A4B1B68DA6A184913469B0013449B000B441B68012B01D962
:204D40000123FB61144B1B68002B07D00123FB6104E0124B1B680133104A1360FB691846E8
:204D60002037BD4680BD00BF84E9002060E9002014E90020CC8E0200189102008C8D0200A8
:204D800018E9002074E900207CE9002064E90020C0E70020BCE7002070E900206CE900200B
:204DA00080B582B000AF254B1B68002B03D0244B01221A603EE0224B00221A60214B1B68CA
:204DC0007B600CE07B68002B06D11F4B1F4A41F2FA311F48FDF706FE7B68013B7B601D4937
:204DE0007A6813469B0013449B000B441B68002BE8D07A6813469B0013449B00154A1344B8
:204E00003B603B685B685A683B685A603B685A683B6808339A4203D13B68DA683B685A603D
:204E20003B685B68DB680C4A1360064A7B681360094B1B6800BF0837BD4680BD84E90020B8
:204E400070E9002064E90020448F02002C9102008C8D0200C0E70020BCE7002080B582B0CC
:204E600000AF786039607B68002B06D10A4B0B4A4FF4A4510A48FDF7B5FD0A4B1B68183330
:204E800019467868FEF71DFB0121386800F086FC00BF0837BD4680BD548F0200409102009C
:204EA0008C8D0200BCE7002080B586B000AFF860B9607A60FB68002B06D11B4B1B4A41F24C
:204EC000BE411B48FDF78EFDFB685B687B61194B1B687A69DA61174B1B687A6992681A62AC
:204EE000144B1A687B699B6818325A60114B1B6803F118027B699A600E4B1B68FA689A62E1
:204F0000FB681B685A1CFB681A607B68002B02D04FF0FF33BB607968B86800F03FFC00BF01
:204F20001837BD4680BD00BF548F0200589102008C8D0200BCE7002080B588B000AF786081
:204F40007B68DB68DB68BB61BB69002B06D15E4B5E4A41F2F5415E48FDF744FDBB699B6AE8
:204F60007B61BB69DB69BA69126A9A60BB691B6ABA69D2695A607B695A68BB6918339A42A2
:204F800003D1BB691A6A7B695A60BB6900229A627B691B685A1E7B691A604E4B1B68002B31
:204FA00061D1BB695B69FB60BB699B68BA69D2689A60BB69DB68BA6992685A60FB685A689B
:204FC000BB6904339A4203D1BB69DA68FB685A60BB6900225A61FB681B685A1EFB681A6007
:204FE000BB69DA6A3C4B1B689A4203D9BB69DB6A394A1360BB69DA6A384913469B001344F4
:205000009B000B4404331B68BB60BB69BA689A60BB689A68BB69DA60BB689B68BA6904328F
:205020005A60BB691A1DBB689A60BB69DA6A13469B0013449B00294A1A44BB695A61BB691C
:20504000DA6A264913469B0013449B000B441B68BA69D26A591C214813469B0013449B00C2
:20506000034419601BE01E4B5B683B61BB693A69DA613B699A68BB691A623B699B68BA699B
:2050800018325A60BB6903F118023B699A60BB69134A9A62124B1B680133114A1360BB69B9
:2050A000DA6A104B1B68DB6A9A4205D90123FB610D4B01221A6001E00023FB61FB69184638
:2050C0002037BD4680BD00BF8C8F0200789102008C8D020084E9002064E90020C0E7002076
:2050E0001CE90020BCE7002070E9002080B483B000AF7860064B1A687B681A60054B1A685F
:205100007B685A6000BF0C37BD465DF8047B704774E9002060E9002080B586B000AF78608A
:2051200039607B68002B06D1284B294A41F2A5512848FDF757FC3B68002B06D1264B244AA7
:2051400041F2A6512348FDF74DFCF6F7F9FD234B1B683B617B685B683A69D31AFB603B68D9
:205160001B68B3F1FF3F02D100237B6126E07B681A681B4B1B689A420AD07B685B683A69A5
:205180009A4205D301237B613B6800221A6015E03B681B68FA689A420BD23B681A68FB685E
:2051A000D21A3B681A607868FFF7A0FF00237B6104E03B6800221A6001237B61F6F7F8FD6D
:2051C0007B6918461837BD4680BD00BF9C8F0200949102008C8D0200A88F020060E900202E
:2051E00074E9002080B400AF034B01221A6000BFBD465DF8047B704770E9002080B582B037
:2052000000AF786000F054F8074B1B68012BF9D9064B4FF080525A60BFF34F8F00BFBFF3DB
:205220006F8F00BFEEE700BFC0E7002000ED00E080B582B000AF00237B600CE07A6813464E
:205240009B0013449B00124A13441846FEF70CF97B6801337B607B680E2BEFD90D48FEF796
:2052600003F90D48FEF700F90C48FEF7FDF80C48FEF7FAF80B48FEF7F7F80B4B054A1A6020
:205280000A4B054A1A6000BF0837BD4680BD00BFC0E70020ECE8002000E900201CE900200A
:2052A00030E9002048E9002014E9002018E9002080B582B000AF19E0F6F742FD104BDB684D
:2052C000DB687B607B6804331846FEF733F90D4B1B68013B0B4A13600B4B1B68013B0A4ACF
:2052E0001360F6F765FD786800F010F8064B1B68002BE1D100BF00BF0837BD4680BD00BFA7
:2053000030E900205CE9002044E9002080B582B000AF78607B681B6B1846FDF76BFF7868AF
:20532000FDF768FF00BF0837BD4680BD80B400AF0A4B1B681B68002B04D1094B4FF0FF32D2
:205340001A6005E0054B1B68DB681B68044A136000BFBD465DF8047B704700BF14E900206B
:205360007CE9002080B483B000AF054B1B687B607B6818460C37BD465DF8047B704700BF13
:20538000BCE7002080B483B000AF0B4B1B68002B02D101237B6008E0084B1B68002B02D1A2
:2053A00002237B6001E000237B607B6818460C37BD465DF8047B704768E9002084E90020FE
:2053C00080B586B000AF78607B683B6100237B617B68002B7BD03B69DA6A3F4B1B68DB6ACA
:2053E0009A426BD23B699B69002B06DB3A4B1B68DB6AC3F10F023B699A613B6959693B6925
:20540000DA6A13469B0013449B00344A134499424CD13B6904331846FEF78CF82E4B1B68E7
:20542000DA6A3B69DA623B69DA6A2D4B1B689A4203D93B69DB6A2A4A13603B69DA6A274985
:2054400013469B0013449B000B4404331B68FB603B69FA689A60FB689A683B69DA60FB685C
:205460009B683A6904325A603B691A1DFB689A603B69DA6A13469B0013449B00174A1A44D1
:205480003B695A613B69DA6A144913469B0013449B000B441B683A69D26A591C0F481346AC
:2054A0009B0013449B000344196004E00A4B1B68DA6A3B69DA6201237B6108E03B699A6C2D
:2054C000054B1B68DB6A9A4201D201237B617B6918461837BD4680BDBCE70020C0E70020AA
:2054E00064E9002080B586B000AF78607B683B6100237B617B68002B78D03F4B1B683A69C9
:205500009A4206D03D4B3E4A41F628213D48FDF769FA3B69DB6C002B06D13B4B384A41F641
:2055200029213848FDF75EFA3B69DB6C5A1E3B69DA643B69DA6A3B699B6C9A4256D03B69D7
:20554000DB6C002B52D13B6904331846FDF7F2FF3B699A6C3B69DA623B69DB6AC3F10F0260
:205560003B699A613B69DA6A284B1B689A4203D93B69DB6A254A13603B69DA6A244913467D
:205580009B0013449B000B4404331B68FB603B69FA689A60FB689A683B69DA60FB689B6871
:2055A0003A6904325A603B691A1DFB689A603B69DA6A13469B0013449B00154A1A443B69F1
:2055C0005A613B69DA6A124913469B0013449B000B441B683A69D26A591C0D4813469B0078
:2055E00013449B000344196001237B617B6918461837BD4680BD00BFBCE70020D08F020045
:20560000AC9102008C8D0200E88F020064E90020C0E7002080B588B000AF786039607B6813
:20562000BB6101237B617B68002B00F08D80BB69DB6C002B06D1464B464A41F68621464849
:20564000FDF7D0F9BB699B6C3A689A4202D93B68FB6102E0BB699B6CFB61BB69DB6AFA69D5
:205660009A4271D0BB69DB6C7A699A426CD13B4B1B68BA699A4206D1394B364A41F6A121CA
:205680003548FDF7AFF9BB69DB6A3B61BB69FA69DA62BB699B69002B04DBFB69C3F10F02CE
:2056A000BB699A61BB6959693A6913469B0013449B002C4A1344994246D1BB6904331846E4
:2056C000FDF738FFBB69DA6A274B1B689A4203D9BB69DB6A244A1360BB69DA6A2149134615
:2056E0009B0013449B000B4404331B68FB60BB69FA689A60FB689A68BB69DA60FB689B6810
:20570000BA6904325A60BB691A1DFB689A60BB69DA6A13469B0013449B00124A1A44BB6992
:205720005A61BB69DA6A0F4913469B0013449B000B441B68BA69D26A591C0A4813469B001C
:2057400013449B000344196000BF2037BD4680BDE88F0200C49102008C8D0200BCE7002093
:2057600000900200C0E7002064E9002080B483B000AF094B1B687B607B68002B04D07B68D6
:20578000DB6C5A1C7B68DA647B6818460C37BD465DF8047B704700BFBCE7002080B588B02A
:2057A00000AF786039602F4B1B68FB612E4B1B68BB612E4B1B687B612D4B1B6804331846F0
:2057C000FDF7B8FE7B68B3F1FF3F24D13B68002B21D0284B5B683B61254B1B683A699A6044
:2057E000234B1B683A699268DA60214B1A683B699B6804325A601E4B1B681A1D3B699A609B
:205800001B4B1B681B4A5A611A4B1B680133194A136000BF22E0FA697B681344FB60144B75
:205820001B68FA685A60FA68FB699A4207D2104B1B68043319467869FDF743FE0EE00C4B7F
:205840001B6804331946B869FDF73BFE0A4B1B68FA689A4202D2084AFB68136000BF2037B9
:20586000BD4680BD60E9002014E9002018E90020BCE7002048E900207CE9002080B584B03F
:2058800002AF00237B6000F0B3FA0F4B1B68002B0AD00E4B019303230093002380220C491A
:2058A0000C48FEF713FE78607B68002B06D10A4B0A4A4FF4A3710A48FDF794F87B681846BE
:2058C0000837BD4680BD00BFB8E90020BCE90020E8910200415A0200F0910200E4920200F1
:2058E000F891020080B588B002AFF860B9607A603B602820FDF76EFB78617B69002B0DD0AF
:205900007B69002283F824207B6901933B6A00933B687A68B968F86800F006F87B691846DC
:205920001837BD4680BDFFFF80B584B000AFF860B9607A603B60BB68002B06D1144B154AF9
:2059400040F2A9111448FDF74DF800F051FAFB69FA681A60FB69BA689A61FB693A68DA6189
:20596000FB69BA691A62FB6904331846FDF79CFD7B68002B08D0FB6993F8243043F004033B
:20598000DAB2FB6983F8242000BF1037BD4680BD24920200FC920200F891020080B584B0D6
:2059A00000AFF860B9607A6008E0FB689B69BA681344BB60FB681B6AF8689847FB689A697D
:2059C000BB68D118BB687A68F86800F0E1F80346002BEAD100BF00BF1037BD4680BDFFFF5B
:2059E00080B584B000AF78603960144B1B68DB68DB68FB60FB6804331846FDF79BFDFB6874
:205A000093F8243003F00403002B05D03A687968F868FFF7C3FF08E0FB6893F8243023F0D5
:205A20000103DAB2FB6883F82420FB681B6AF868984700BF1037BD4680BD00BFB0E90020CF
:205A400080B584B000AF786007F10803184600F05BF8F860BB681946F86800F005F800F09B
:205A6000D9F800BFF0E7FFFF80B584B000AF78603960FEF743FF07F10803184600F068F850
:205A8000F860BB68002B31D13B68002B0AD17A68FB689A4206D8FEF73FFFF9687868FFF74C
:205AA0009FFF26E03B68002B08D0144B1B681B68002B01D1012300E000233B60104B18689D
:205AC0007A68FB68D31A3A681946FEF721FCFEF723FF0346002B0CD10A4B4FF080525A60F9
:205AE000BFF34F8F00BFBFF36F8F02E0FEF714FFFFE700BF1037BD4680BD00BFB4E9002015
:205B0000B8E9002000ED00E080B485B000AF78600E4B1B681B68002B01D1012200E0002286
:205B20007B681A607B681B68002B05D1074B1B68DB681B68FB6001E00023FB60FB6818468B
:205B40001437BD465DF8047B704700BFB0E9002080B584B000AF7860FEF7EAFFF8600B4B78
:205B60001B68FA689A4205D200F01CF97B6801221A6002E07B6800221A60044AFB68136083
:205B8000FB6818461037BD4680BD00BFC0E9002080B586B000AFF860B9607A603B60002312
:205BA0007B61FB68BA685A60FB68FA681A61BA687B689A4212D87A683B68D21AFB689B69E7
:205BC0009A4202D301237B611BE0104B1A68FB68043319461046FDF774FC12E07A683B6812
:205BE0009A4206D2BA683B689A4202D301237B6107E0074B1A68FB68043319461046FDF77D
:205C000060FC7B6918461837BD4680BDB4E90020B0E9002080B586B000AF3B1D00221A60D3
:205C20005A609A60A5E07B68002BC0F2A280FB687B617B695B69002B04D07B6904331846EA
:205C4000FDF778FC3B461846FFF782FF38617B68013B082B00F28A8001A252F823F000BFE0
:205C6000855C0200855C0200ED5C0200015D0200435D0200855C0200855C0200ED5C020000
:205C8000015D02007B6993F8243043F00103DAB27B6983F82420BA687B699B69D118BB6865
:205CA0003A697869FFF774FF0346002B60D07B6993F8243003F00403002B09D0BA687B698C
:205CC0009B6913443A6919467869FFF767FE08E07B6993F8243023F00103DAB27B6983F87E
:205CE00024207B691B6A7869984741E07B6993F8243023F00103DAB27B6983F8242038E0F5
:205D00007B6993F8243043F00103DAB27B6983F82420BA687B699A617B699B69002B06D16F
:205D20001C4B1D4A4FF482611C48FCF75BFE7B699A693B69D1183B693A697869FFF728FF06
:205D400017E07B6993F8243003F00203002B03D17869FDF74FFA0CE07B6993F8243023F0B2
:205D60000103DAB27B6983F8242002E000BF00E000BF0B4B1B68391D00221846FDF76EFFA0
:205D80000346002B7FF44FAF00BF00BF1837BD4680BD00BFB492020014930200F8910200D6
:205DA000B8E9002080B582B000AF09E00E4B1B68DB681B683B604FF0FF313868FFF710FED3
:205DC000094B1B681B68002BF0D1074B1B687B60064B1B68044A1360044A7B68136000BFD5
:205DE0000837BD4680BD00BFB0E90020B4E9002080B500AFF5F7A4FF124B1B68002B1DD183
:205E00001148FDF731FB1148FDF72EFB104B0E4A1A60104B0D4A1A6000220C210A20FDF7CD
:205E200043FC0346074A1360064B1B68002B05D0044B1B6808491846FEF71CFAF5F7B8FF13
:205E400000BF80BDB8E9002088E900209CE90020B0E90020B4E90020DC92020081F00041B7
:205E600002E000BF83F0004330B54FEA41044FEA430594EA050F08BF90EA020F1FBF54EAE7
:205E8000000C55EA020C7FEA645C7FEA655C00F0E2804FEA5454D4EB5555B8BF6D420CDDAB
:205EA0002C4480EA020281EA030382EA000083EA010180EA020281EA0303362D88BF30BD42
:205EC00011F0004F4FEA01314FF4801C4CEA113102D0404261EB410113F0004F4FEA03330D
:205EE0004CEA133302D0524263EB430394EA050F00F0A780A4F10104D5F1200E0DDB02FA11
:205F00000EFC22FA05F2801841F1000103FA0EF2801843FA05F359410EE0A5F120050EF18D
:205F2000200E012A03FA0EFC28BF4CF0020C43FA05F3C01851EBE37101F0004507D54FF0E2
:205F4000000EDCF1000C7EEB00006EEB0101B1F5801F1BD3B1F5001F0CD349085FEA3000F5
:205F60004FEA3C0C04F101044FEA445212F5800F80F09A80BCF1004F08BF5FEA500C50F10E
:205F8000000041EB045141EA050130BD5FEA4C0C404141EB0101013C28BFB1F5801FE9D2EE
:205FA00091F0000F04BF01460020B1FA81F308BF2033A3F10B03B3F120020CDA0C3208DD7D
:205FC00002F1140CC2F10C0201FA0CF021FA02F10CE002F11402D8BFC2F1200C01FA02F18F
:205FE00020FA0CFCDCBF41EA0C019040E41AA2BF01EB0451294330BD6FEA04041F3C1CDA31
:206000000C340EDC04F11404C4F1200220FA04F001FA02F340EA030021FA04F345EA030102
:2060200030BDC4F10C04C4F1200220FA02F001FA04F340EA0300294630BD21FA04F02946D2
:2060400030BD94F0000F83F4801306BF81F480110134013D4EE77FEA645C18BF7FEA655C19
:2060600029D094EA050F08BF90EA020F05D054EA000C04BF1946104630BD91EA030F1EBF55
:206080000021002030BD5FEA545C05D14000494128BF41F0004130BD14F580043CBF01F575
:2060A000801130BD01F0004545F0FE4141F470014FF0000030BD7FEA645C1ABF194610462F
:2060C0007FEA655C1CBF0B46024650EA013406BF52EA033591EA030F41F4002130BD00BFEB
:2060E00090F0000F04BF0021704730B54FF4806404F132044FF000054FF0000150E700BFC5
:2061000090F0000F04BF0021704730B54FF4806404F1320410F0004548BF40424FF0000110
:206120003EE700BF42004FEAE2014FEA31014FEA02701FBF12F07F4393F07F4F81F06051F2
:20614000704732F07F4208BF704793F07F4F04BF41F40021704730B54FF4607401F00045D4
:2061600021F000411CE700BF50EA010208BF704730B54FF000050AE050EA010208BF704782
:2061800030B511F0004502D5404261EB41014FF4806404F132045FEA915C3FF4D8AE4FF06D
:2061A00003025FEADC0C18BF03325FEADC0C18BF033202EBDC02C2F1200300FA03FC20FAAC
:2061C00002F001FA03FE40EA0E0021FA02F11444BDE600BF70B54FF0FF0C4CF4E06C1CEAD0
:2061E00011541DBF1CEA135594EA0C0F95EA0C0F00F0DEF82C4481EA030621EA4C5123EA5E
:206200004C5350EA013518BF52EA033541F4801143F4801338D0A0FB02CE4FF00005E1FB01
:2062200002E506F00042E0FB03E54FF00006E1FB03569CF0000F18BF4EF0010EA4F1FF04AB
:20624000B6F5007F64F5407404D25FEA4E0E6D4146EB060642EAC62141EA55514FEAC5209F
:2062600040EA5E504FEACE2EB4F1FD0C88BFBCF5E06F1ED8BEF1004F08BF5FEA500E50F179
:20628000000041EB045170BD06F0004646EA010140EA020081EA0301B4EB5C04C2BFD4EB08
:2062A0000C0541EA045170BD41F480114FF0000E013C00F3AB8014F1360FDEBF002001F0BA
:2062C000004170BDC4F10004203C35DA0C341BDC04F11404C4F1200500FA05F320FA04F00E
:2062E00001FA05F240EA020001F0004221F0004110EBD37021FA04F642EB06015EEA430EDB
:2063000008BF20EAD37070BDC4F10C04C4F1200500FA04F320FA05F001FA04F240EA020080
:2063200001F0004110EBD37041F100015EEA430E08BF20EAD37070BDC4F1200500FA05F215
:206340004EEA020E20FA04F301FA05F243EA020321FA04F001F0004121FA04F220EA020062
:2063600000EBD3705EEA430E08BF20EAD37070BD94F0000F0FD101F00046400041EB0101FD
:2063800011F4801F08BF013CF7D041EA060195F0000F18BF704703F00046520043EB03037B
:2063A00013F4801F08BF013DF7D043EA0603704794EA0C0F0CEA135518BF95EA0C0F0CD03A
:2063C00050EA410618BF52EA4306D1D181EA030101F000414FF0000070BD50EA410606BFEB
:2063E0001046194652EA430619D094EA0C0F02D150EA013613D195EA0C0F05D152EA0336D4
:206400001CBF104619460AD181EA030101F0004141F0FE4141F470014FF0000070BD41F0BD
:20642000FE4141F4780170BD70B54FF0FF0C4CF4E06C1CEA11541DBF1CEA135594EA0C0FF9
:2064400095EA0C0F00F0A7F8A4EB050481EA030E52EA03354FEA013100F088804FEA0333B9
:206460004FF0805545EA131343EA12634FEA022245EA111545EA10654FEA00260EF000411D
:206480009D4208BF964244F1FD0404F5407402D25B084FEA3202B61A65EB03055B084FEA33
:2064A00032024FF480104FF4002CB6EB020E75EB030E22BFB61A754640EA0C005B084FEA06
:2064C0003202B6EB020E75EB030E22BFB61A754640EA5C005B084FEA3202B6EB020E75EB93
:2064E000030E22BFB61A754640EA9C005B084FEA3202B6EB020E75EB030E22BFB61A7546FB
:2065000040EADC0055EA060E18D04FEA051545EA16754FEA06164FEAC30343EA52734FEAAE
:20652000C2025FEA1C1CC0D111F4801F0BD141EA00014FF000004FF0004CB6E711F4801FCE
:2065400004BF01430020B4F1FD0C88BFBCF5E06F3FF6AFAEB5EB030C04BFB6EB020C5FEA23
:20656000500C50F1000041EB045170BD0EF0004E4EEA113114EB5C04C2BFD4EB0C0541EA2F
:20658000045170BD41F480114FF0000E013C90E645EA060E8DE60CEA135594EA0C0F08BF3F
:2065A00095EA0C0F3FF43BAF94EA0C0F0AD150EA01347FF434AF95EA0C0F7FF425AF1046B4
:2065C00019462CE795EA0C0F06D152EA03353FF4FDAE1046194622E750EA410618BF52EA34
:2065E00043067FF4C5AE50EA41047FF40DAF52EA43057FF4EBAE12E74FEA4102B2F1E043F3
:2066000024BFB3F5001CDCF1FE5C0DD901F0004C4FEAC0024CEA5070B2F1004F40EB8300F8
:2066200008BF20F00100704711F0804F21D113F13872BCBF01F00040704741F480114FEAF9
:206640005252C2F11802C2F1200C10FA0CF320FA02F018BF40F001004FEAC1234FEAD32381
:2066600003FA0CFC40EA0C0023FA02F34FEA4303CCE77FEA625307D150EA01331EBF4FF01B
:20668000FE4040F44000704701F0004040F0FE4040F40000704700BFD0B500220B4B0646FF
:2066A0000F46FFF797FD00F015F80446FFF718FD0022074BFFF78EFD02460B463046394626
:2066C000FFF7D0FB00F006F82146D0BD0000F03D0000F0414A0011D212F5001211D20DD5AE
:2066E0006FF47873B3EB62520ED44FEAC12343F0004343EA505323FA02F070474FF00000B0
:20670000704750EA013002D14FF0FF3070474FF0000070470CB4184B30B50C1E9DB01D6865
:2067200008DA8B234FF0FF302B601DB0BDE8304002B070474FF402730290069002A9ADF855
:20674000143014BF04F1FF332346209A2846049307934FF6FF73ADF8163021AB019300F047
:206760007FF9431CBCBF8B232B60002CDDD0029B00221A70D9E700BF800A002002440346B4
:20678000934200D1704703F8011BF9E7014B1868704700BF800A0020704770470A44431E9C
:2067A000914200D1704710B511F8014B914203F8014FF9D110BDFFFF38B50546002941D03F
:2067C00051F8043C0C1F002BB8BFE41800F0E0F81D4A136833B9636014602846BDE838400F
:2067E00000F0DCB8A34208D9206821188B4201BF19685B6809182160EDE71A465B680BB168
:20680000A342FAD911685018A0420BD120680144501811608342E0D118685B6808445360C3
:206820001060DAE702D90C232B60D6E7206821188B4202BF19685B680918636008BF216016
:206840005460CAE738BD00BF08EB002070B50F4E0C460546316811B900F0A8FB3060214600
:20686000284600F0A3FB431C03D14FF0FF34204670BDC41C24F00304A042F8D0211A284696
:2068800000F094FB0130F2D1EFE700BF04EB00202DE9F843CD1C064625F0030508350C2DC8
:2068A00038BF0C25002D01DBA94204D90C2333600020BDE8F883DFF8D48000F069F8D8F891
:2068C00000301C4644BB29463046FFF7BFFF431C044658D1D8F800402746002F43D1002CD0
:2068E0004BD023683946304604EB030900F05EFB814542D1216830466D1A2946FFF7A6FF50
:2069000001303AD023682B442360D8F800305A6862BBC8F800700FE02268521B20D40B2AA1
:2069200017D96119A342256018BF5960636808BFC8F8001062514B60304600F02FF804F1B1
:206940000B00231D20F00700C21A1CBF1B1AA350AFE76268A3420CBFC8F800205A60EBE77A
:2069600023466468AEE73C467F68B6E71A465B68A342FBD100235360DEE70C2330463360A0
:2069800000F00CF894E70560D6E700BF08EB00200148FFF701BF00BF00EB00200148FFF78C
:2069A000FCBE00BF00EB00202DE9F0471F468E6882460C46BE4290460B682DD8B1F90C206D
:2069C00012F4906F26D06569096905EB4505A3EB01097B1C05EBD5754B446D109D4238BFF7
:2069E0001D46530527D52946FFF752FF064660B34A462169FFF7D2FEA38923F4906343F082
:206A00008003A38126614E446561A5EB090526603E46A560BE4200D93E463246414620685F
:206A200000F0AAFAA36800209B1BA360236833442360BDE8F0872A4600F0D6FA0646002899
:206A4000E0D121695046FFF7B7FE0C234FF0FF30CAF80030A38943F04003A381E9E7FFFF97
:206A60002DE9F04F98468B899DB007461B060D46144610D50B6973B94021FFF709FF2860FB
:206A8000286130B90C233B604FF0FF301DB0BDE8F08F40236B610023CDF80C804FF001096F
:206AA000DFF8A081099320238DF8293030238DF82A3023469A4613F8012B0AB1252AF9D19B
:206AC000BAEB040B0BD05B46224629463846FFF76BFF013000F0A780099A5A4409929AF81B
:206AE0000030002B00F09F8000234FF0FF320AF1010A049307938DF853301A93CDE90523CF
:206B0000544605224F4814F8011B00F05FFA049AD8B9D00644BF20238DF85330110744BF3E
:206B20002B238DF853309AF800302A2B15D0079A544600204FF00A0C214611F8013B303B3C
:206B4000092B4BD9B0B1079214E0A0EB0803A24609FA03F313430493D2E7039B191D1B687B
:206B6000002B0391BBBF5B4242F0020207930793B8BF049223782E2B0AD163782A2B32D1C6
:206B8000039B02341A1D1B6843EAE37303920593DFF8C0A003222178504600F017FA38B142
:206BA000A0EB0A004022049B013482401343049314F8011B062224488DF8281000F006FAF2
:206BC000002836D0214B1BBB039B073323F0070308330393099B334409936AE70CFB02323C
:206BE0000C460120A8E7002301344FF00A0C19460593204610F8012B303A092A03D9002BB1
:206C0000C6D00591C4E70CFB012104460123F0E703AB2A4604A9384600930D4BAFF30080D9
:206C2000421C0646D6D1AB895B063FF52DAF09982CE703AB2A4604A938460093044B00F08F
:206C40007DF8EDE72F9302003993020000000000A9690200359302002DE9F04716469846F4
:206C60008A6807460B690C46DDF820909342B8BF1346336091F843200AB101333360236859
:206C8000990642BF336802333360256815F0060506D104F1190AE36832689B1AAB422BDCD7
:206CA00094F843302268003B18BF0123920630D404F1430241463846C847013023D023687C
:206CC0001A3454F80A2C03F00603042B0ABF54F80E5C002533684FF0000608BFED1A54F81B
:206CE000123C08BF25EAE5759342C4BF9B1AED18B5421AD1002008E0012352464146384659
:206D0000C847013003D14FF0FF30BDE8F0870135C1E7E1185A1C30200233224481F84300E1
:206D200094F8451082F84310C2E70123224641463846C8470130E6D00136D9E72DE9FF4722
:206D40000F7E914680460C46782F9A460C9E01F1430207D8622F0AD8002F00F0D180582F06
:206D600000F0B88004F1420684F842703AE0A7F16303152BF6D801A151F823F0D56D020018
:206D8000E96D0200656D0200656D0200656D0200656D0200E96D0200656D0200656D02004B
:206DA000656D0200656D0200E76E0200136E0200A16E0200656D0200656D0200096F02001E
:206DC000656D0200136E0200656D0200656D0200A96E020033681A1D1B68326004F1420677
:206DE00084F8423001239CE033682068191D3160060601D51D6803E04506FBD5B3F90050BA
:206E0000002D03DA2D236D4284F8433058480A2311E021683368080653F8045B02D44906BB
:206E200048BFADB26F2F3360514814BF0A230823002184F843106668002EA66005DB21689C
:206E40002E4321F0040121604BD01646B5FBF3F103FB1157C75D06F8017D2F460D46BB4254
:206E6000F4D9082B0BD12368DF0708D5236961689942DEBF302306F8013C06F1FF36921BB4
:206E800022614B4603AA21464046CDF800A0FFF7E3FE01304AD14FF0FF3004B0BDE8F0877E
:206EA000236843F02003236078273248236884F845701F06316851F8045B02D45F0648BFF1
:206EC000ADB23160D90744BF43F0200323601DB11023ADE72648E9E7236823F020032360EF
:206EE000F6E71646BDE733682568181D616930602E061B6801D5196002E06806FBD519803F
:206F0000002316462361BCE7336800211A1D32601E686268304600F059F808B1801B60602B
:206F200063682361002384F84330AAE72369324649464046D0470130ADD023689B0713D46D
:206F4000E068039B9842B8BF1846A6E70123324649464046D04701309DD00135E36803998C
:206F60005B1AAB42F2DCEBE7002504F11906F5E74093020051930200884210B501EB0204BE
:206F800002D98442234607D8431EA14208D011F8012B03F8012FF8E7024401468A4200D183
:206FA00010BD13F8014D02F8014DF7E738B50023054D044608462B60FBF738FF431C02D1A5
:206FC0002B6803B1236038BDFCEA0020C9B20346024410B59342184601D1002003E0047899
:206FE00001338C42F6D110BD2DE9F041074614460D4621B91146BDE8F041FFF749BC2AB9D5
:207000002546FFF7D9FB2846BDE8F08100F01AF88442064602D8B4EB500FF4D8214638461A
:20702000FFF736FC804608B94546ECE7B4422246294628BF3246FFF7B1FB29463846FFF792
:20704000BBFBF1E751F8043C181F002BBCBF0B58C018704700000805352E382E3000000044
:207060004275696C7420776974682052656E6573617320416476616E63656420466C65785E
:2070800069626C6520536F667477617265205061636B6167652076657273696F6E20352E74
:2070A000382E3000F8B500BFF8BC08BC9E467047F8B500BFF8BC08BC9E467047FFFFFFFF40
:2070C0005FF800F0A90300205FF800F0A10400205FF800F07D0600205FF800F0190800201F
:2070E0005FF800F0190600205FF800F0F90100205FF800F0350300205FF800F08101002021
:207100004454555F43414E5F54785F5461736B004454555F554152545F54785F5461736B8F
:20712000000000004454555F446973705F5461736B0000004454555F554152545F52785F71
:207140005461736B000000004454555F43414E5F52785F5461736B00537754696D65725F39
:207160005461736B00FFFFFF4F044F054F06440244004006400540040501050205034F07BF
:2071800044014D00450447044700480448014805470148004705480248064702470348074A
:2071A00024074A0047074706440344074406440544044300430143024303410340073F0373
:2071C0003F023F013F003F043F053F063F073E033E013E023E063E070B050A030903080360
:2071E0004803070306033E043E050504040004040B040B060B0705004B004E003E00460043
:207200004307FFFF65000019010066000019010067000019010068000019010069000019A2
:2072200001006A00001901006B00001901006C00001901006D00001901006E0000190100AF
:207240006F0000190100700000190100710000190100720000190100730002190200740000
:20726000021902007500001C01007600001A01007700001A01007800001901007900001918
:2072800001007A00001901007B00001901007C00001901007D00001901007E0000190100FF
:2072A0007F00030000008000031B000081000219020082000300000083000019010084006A
:2072C0000300000085000300000086000219020087000019010088000019010089000300B1
:2072E00000008A00001901008B00030000008C00001901008D00001901008E000219020064
:207300008F000019010090000019010091000019010092000219020093000019010094007F
:20732000001901009500001901009600030000009700001C01009800001C0100C9000019A0
:207340000100CA0000190100CB0003000000CC0003000000CD0003000000CE000400000009
:20736000CF0004000000D00003000000D10003000000D20003000000D30003000000D40014
:20738000001B0100D50003000000D60003000000D70003000000D80003000000D90003008F
:2073A0000000DA0003000000DB0003000000DC00030000002D01040000002E0100000100D1
:2073C0002F0100000100300100000100310103000000320101000100330101000100340175
:2073E000001C01003501040000003601001901003701030000003801000001003901001D19
:2074000001003A01001C01003B01000001003C01040000003D01030000003E0100190100FB
:207420003F0100190100400103000000410103000000420103000000430103000000440197
:20744000001901004501011901004601001D01004701001901004801040000004901001C37
:2074600001004A01001901004B01001C01004C01001901004D01001901004E01011C010001
:207480004F01001C01005001000001005101000001005201040000005301040000005401D6
:2074A000030000005501030000005601030000005701030000005801030000005901030002
:2074C00000005A01030000005B01030000005C01030000005D01030000005E0103000000CC
:2074E0009001040000009101040000009201040000009301011F01009401040000009501E6
:20750000010001003F0006005B004F0066006D007D0007007F006F0000007F00FF031E0096
:20752000F706BF069E07BD07FD071F02FF079F070000FFFF3F0906011B060F0426062D066F
:207540003D0601113F06270637068F1439008F10390231023D04360689101E00302338007F
:20756000760176203F0033063F2033264D0481103E00300936284029401109090800000043
:2075800000090006390037003300FFFF0D00D5000E006B007F00FF003D01D703B101AE01E9
:2075A000EA02FFFFFF011E02EF043F049E05BB05FB051F00FF05BF05FF07000019000D0015
:2075C000170013001F00FFFF49035D033F003D0023017E03FF03FFFFD7063D027F00FF00FD
:2075E0005F02FF0F303132333435363738394142434445464748494A4B4C4D4E4F505152E4
:20760000535455565758595A5F202F2D4B044B054B064B074B034B014B024A044A054A06C5
:207620004A074A034A014A0249044905490649074903490149024E074E064E054E044E015D
:207640004E034E024D074D064D054D044D014D034D020A040A050A060A070A020A000A01F3
:2076600009040905090609070902090009010804080508060807080208000801070407054A
:20768000070607070702070007010604060506060607060206000601420442054206420756
:2076A000420342024306430543044200420140004001400240034107410641024101410089
:2076C00041044105450045014502450346074606460346024601460446054C004C014C0218
:2076E0004C034C074C064507450645054C044C0505070403040105050506040204070303D0
:2077000003070405040603010302030602060100020400000201020202030207020502000D
:2077200001010103010700030001010401020105010600022503260626042504240124032D
:20774000250725062502240225012400250525002707280328002600260526072603270697
:207760002802260228012601270527042A072A022A00290029052907290329022A0629064C
:207780002A05290429012A042B032C072C042B042A012A032B072B022C062B062C052B05FA
:2077A0002B012B002D032E062E042D042C012C032D072D062D022C022D012C002D052D00D2
:2077C0002F072F032F002E002E052E072E032F062F022E022F012E012F052F043107310284
:2077E00031003000300530073003300231063006310530043001310432033307330432043E
:20780000310131033207320233063206330532053201320034033506350434043301330303
:207820003407340634023302340133003405340036073603360035003505350735033606C8
:20784000360235023601350136053604380738023800370037053707370337023806370687
:20786000380537043701380439033A073A04390438013803390739023A0639063A05390539
:20788000390139003B033C063C043B043A013A033B073B063B023A023B013A003B053B0011
:2078A0003D073D033D003C003C053C073C033D063D023C023D013C013D053D0423042204FD
:2078C000220622032303230123002305220023022201230723062202210020002003210759
:2078E00022072205210121052104210220012103210620021F001E001E021F07200720054B
:2079000020041F011F0420061F051F031F021F061E041D041D071D031E031E011E051D0146
:207920001D001E061D051E071D021D061C041B041B061B031C031C011C001C051B001C024D
:207940001B011C071C061B021A00190019031A071B071B051A011A051A041A0219011A034C
:207960001A0619021800170017021807190719051904180118041906180518031802180646
:20798000170416041607160317031701170516011600170616051707160216061504140446
:2079A000140614031503150115001505140015021401150715061402130012001203130758
:2079C00014071405130113051304130212011303130612021100100010021107120712054A
:2079E0001204110111041206110511031102110610040F040F070F031003100110050F0146
:207A00000F0010060F0510070F020F060E040D040D060D030E030E010E000E050D000E024C
:207A20000D010E070E060D020C000B000B030C070D070D050C010C050C040C020B010C034B
:207A40000C060B02464F522035205345434F4E44530000004B4559204F4646205741495463
:207A600000000000484947482054454D5045524154555245202D2056454849434C45204E9D
:207A80004545445320544F20434F4F4C20444F574E0000005245535441525420494E20332E
:207AA000204D494E000000005455524E204F4E20534C4545500000005345525649434520F2
:207AC00043454E5445520000434F4E54414354005448452056454849434C4500504C4541B6
:207AE00053452043484152474500000046524F4D2056454849434C4500000000535441598F
:207B00002041574159000000484947482054454D500000004348415247455200202122231B
:207B200024252627282B2C2D2E2F30313233000053484152454400004C495645204C4F43FB
:207B40004154494F4E00000043414E43454C4C45440000004C4F434154494F4E20534841DA
:207B600052450000544845524D414C205249534B00000000454D455247454E435900000069
:207B8000414C4552540000004F56455248454154494E470038303931323338303338000027
:207BA00043414C4C20535550504F5254000000005245504C55472043484152474552000061
:207BC0004C4F434B2049535355450000434F4D504C455445000000005550444154450000B7
:207BE00041435449564500004C494D50204D4F4445000000454E41424C454400534541543A
:207C00002F43484152474500464F5257415244204153534953540000505245535320500082
:207C200052455645525345204153534953540000544F205348555420444F574E00000000D2
:207C40004B4559204F464600335320544F20454E4741474500000000484F4C4420534554FD
:207C600020464F5200000000544F2043484152474500000025303264202530326420414DEC
:207C80000000000025303264202530326420504D0000000046554C4C204348415247452014
:207CA000425900005455524E204F4E20504F574552000000544F20554E504C5547000000D8
:207CC0004B4559204F4E0000544F20535749544348205452495000005052455353205345C5
:207CE0004C000000335320544F2052455345540048494C4C20484F4C44000000534552569C
:207D000049434500424F4F4B205550434F4D494E470000004F56455244554500534841529D
:207D2000494E475F20202020200000005550444154494E472020202020000000FF00FD81ED
:207D400000C0FD90A5B0C8E7FCE9F0F8E00040FF2033FF0000000000000000000000000094
:207D6000002627282B2C2DFF0000000000000000000026272C2DFF00000000000000000066
:207D8000000000262DFF0000000000000000000000000000252EFF0000000000000000003F
:207DA000000000000024252E2FFF0000000000000000000000002324252E2F30FF00000026
:207DC00000000000000000222324252E2F3031FF000000000000000021222324252E2F301C
:207DE0003132FF00000000000021222324252627283231302F2E2D2C2BFFFFFF040900017E
:207E000005000104000004000002000000000301000302005258315F44545500147E02008E
:207E2000060C160003010000D15701000000000000000000000000000000000000000000ED
:207E4000010100000000000000000000FF000000407E0200FFDFFFDF0C1500000000000084
:207E6000000000000000000000000000000000000000000000000000000000000000000002
:207E800000000000000000000000FFFFDFDF00000000000000000000000000000000000026
:207EA000000000000000000080F0FA020000000040787D0102021400650E01000000000094
:207EC000687E0200FFFFFFFF0200000000000000400000000000000000000000000000007C
:207EE000000000000001000040000000000000004000000000000000000000000000000001
:207F0000000000000000000000000000000000000000000000000000000000000000000061
:207F20000000FFFFDFDF000000000000000000000000000000000000000000000000000085
:207F400020A107000000000090D00300010213003D0E010000000000007F02000100000012
:207F6000000000000000000000000000000000000000000000000000000000000000FFFF03
:207F8000DFDF000000000000000000000000000000000000000000000200000050C300000E
:207FA0000000000050C3000004FFDF0000000000000000005C7F02000608030301010000D9
:207FC00000000000000000000000000000000000000000000000000000000000011101127C
:207FE000F8420020CC7F0200C884020000010000140900200F00FFFF00000000FFFF000043
:2080000000020000010D020E020F021000000000000000006510010000000000EC7F02003A
:2080200001000000000000010000000000090A0B0C0202020200000001000000000000000B
:2080400000000000450D0100000000002080020005FFFFFF1809002050800200A44300200F
:20806000548002001485020006FFFFFF2809002068800200AC4300206C80020014850200B9
:20808000010000FF03050607080202020200000001000000748002005C800200E10B0100F9
:2080A00000000000808002000000000048090020680900200000000020000000000000009C
:2080C000000000000000000000000000380900206104010000000000A880020002000102AA
:2080E00000013F3F000001DFDFFFFFFF00000000000FDFDF00FFFF0000000000000000007A
:20810000E080020000000000000000000080000001000000000000000200000000800000FA
:20812000030000000000000004000000008000000D000000008000000E000000008000009D
:208140000F00000000000104000100000000010401010000000000000201000005000000FB
:208160000301000000000000040100000000000005010000040000000601000004000000E1
:208180000701000000000100080100000004010609010000000401060A010000000001069B
:2081A0000B010000050400000C010000050000000D01000000000100010200000000010382
:2081C00005020000040000000602000004000000070200000504000008020000000001006B
:2081E0000C020000000001000D020000000001000003000010400000010300000000000009
:20820000020300000504000003030000050400000403000004000000000400000000011021
:208220000104000000000110020400000400000007040000000C010508040000000C0105E3
:2082400009040000000C01050A040000050C00000B04000004000000000500002B0000009D
:208260000481020000000000A100A400A500A200A3009201930194019501C401C501C801A2
:20828000C701800181018201830131003000CF00D8005600070000000000000000000000A7
:2082A0000000000000000000000000000000000000000000000000000000000000000000BE
:2082C00000000000000000000000000000000000000000000000000000000000000000009E
:2082E00000000000000000000000000000000000000000000000000000000000000000007E
:2083000000000000000000000000000000000000000000000000000000000000000000005D
:20832000000000000000000075635356434E756D626572203C3D2033000000002E2E2F7227
:20834000612F6673702F7372632F726D5F6672656572746F735F706F72742F706F72742EB0
:20836000630000002828285343425F54797065202A292028283078453030304530303055BF
:208380004C29202B20307830443030554C2920292D3E49435352202620283078314646558A
:2083A0004C202929203D3D20300000007578437269746963616C4E657374696E6700000025
:2083C000756C43757272656E745072696F72697479203E3D2028282828312929203C3C20E1
:2083E0002838202D2034292929203E3E202838202D203429000000005F5F4E5649435F4787
:2084000065745072696F7269747947726F7570696E672829203C3D202838202D2034292082
:208420002D20310076506F727453564348616E646C65725F4300FFFF76506F7274456E7417
:208440006572437269746963616C00FF76506F727445786974437269746963616C00FFFF3D
:2084600076506F727456616C6964617465496E746572727570745072696F7269747900FF89
:20848000FFFF00FF010203FF020403040404FFFF00000000FFFF0000002000008000000029
:2084A00000000100FFFF07000080000080000000020000009084020000000008FF1F000870
:2084C000400000000400000011010200B10102000702020087020200310402006D04020050
:2084E000F90202005D0302008303020035030200A503020013040200C1030200F1030200DC
:20850000D104020003050200210502003F0502005F050200110B0200810B0200C50B020028
:20852000990C0200B50C0200690C0200830C0200D90C0200A90D0200710D02008D0D02000E
:2085400036E0014038E0014090E4014032E0014080E401402AE001404AE001400100020005
:20856000080010002820282075696E74385F74202A20292028207078426C6F636B20292051
:208580003E3D202628207563486561705B2030205D20292029202626202820282075696E5A
:2085A00074385F74202A20292028207078426C6F636B2029203C3D20262820756348656118
:2085C000705B2028343039363029202D2031205D20292029000000002E2E2F72612F61774A
:2085E000732F4672656552544F532F4672656552544F532F536F757263652F706F72746121
:20860000626C652F4D656D4D616E672F686561705F342E63000000002820282075696E7415
:20862000385F74202A2029202820707652657475726E2029203E3D20262820756348656176
:20864000705B2030205D20292029202626202820282075696E74385F74202A20292028200E
:20866000707652657475726E2029203C3D202628207563486561705B2028343039363029FF
:20868000202D2031205D202920290000282028207078426C6F636B2D3E78426C6F636B53A9
:2086A000697A652029203C2028207857616E74656453697A6520292029203D3D2030000073
:2086C00028202820282073697A655F7420292070784E6577426C6F636B4C696E6B202920D7
:2086E0002620282030783030303720292029203D3D20300028202820282073697A655F749B
:20870000202920707652657475726E2029202620282073697A655F7420292028203078307C
:2087200030303720292029203D3D2030000000002820282075696E74385F74202A20292018
:20874000282070784C696E6B2029203E3D202628207563486561705B2030205D20292029D9
:20876000202626202820282075696E74385F74202A202920282070784C696E6B2029203CFC
:208780003D202628207563486561705B2028343039363029202D2031205D2029202900003C
:2087A00028202820282070784C696E6B2D3E78426C6F636B53697A652029202620282028E3
:2087C00020282073697A655F74202920312029203C3C202820282073697A656F662820732D
:2087E000697A655F742029202A202820282073697A655F742029203820292029202D2031BC
:2088000020292029202920213D2030202920213D2030000070784C696E6B2D3E70784E651C
:20882000787446726565426C6F636B203D3D202828766F6964202A293029000028202820C7
:2088400075696E74385F74202A202920282070784974657261746F722029203E3D202628CE
:20886000207563486561705B2030205D20292029202626202820282075696E74385F7420C1
:208880002A202920282070784974657261746F722029203C3D202628207563486561705BAA
:2088A0002028343039363029202D2031205D2029202900FF7076506F72744D616C6C6F63B5
:2088C00000FFFFFF76506F72744672656500FFFF707276496E73657274426C6F636B496E91
:2088E000746F467265654C69737400FF70785175657565002E2E2F72612F6177732F4672CC
:20890000656552544F532F4672656552544F532F536F757263652F71756575652E630000C7
:208920007852657475726E20213D2028202820282042617365547970655F74202920302020
:208940002920290070784E65775175657565000070784D75746578007848616E646C6500CF
:20896000212820282070764974656D546F5175657565203D3D202828766F6964202A2930AA
:20898000292029202626202820707851756575652D3E75784974656D53697A6520213D2084
:2089A00028205542617365547970655F742029203055202920290000212820282078436FCF
:2089C0007079506F736974696F6E203D3D202820282042617365547970655F742029203284
:2089E00020292029202626202820707851756575652D3E75784C656E67746820213D20319B
:208A000020292029000000002128202820785461736B4765745363686564756C6572537482
:208A20006174652829203D3D202820282042617365547970655F7420292030202920292026
:208A40002626202820785469636B73546F5761697420213D20302029202900002820635435
:208A6000784C6F636B202920213D2028202820696E74385F742029203132372029000000DC
:208A8000707851756575652D3E75784974656D53697A65203D3D20300000000021282028EC
:208AA00020707851756575652D3E706348656164203D3D202828766F6964202A2930292051
:208AC00029202626202820707851756575652D3E752E7853656D6170686F72652E784D751A
:208AE000746578486F6C64657220213D202828766F6964202A2930292029202900000000C9
:208B00002820707851756575652029002128202820282070764275666665722029203D3DBB
:208B2000202828766F6964202A293029202920262620282028207078517565756520292D7F
:208B40003E75784974656D53697A6520213D2028205542617365547970655F7420292030FC
:208B6000552029202900000021282028207076427566666572203D3D202828766F69642041
:208B80002A2930292029202626202820707851756575652D3E75784974656D53697A65207D
:208BA000213D2028205542617365547970655F74202920305520292029000000282063522D
:208BC000784C6F636B202920213D2028202820696E74385F7420292031323720290000007B
:208BE000707851756575652D3E75784974656D53697A6520213D2030000000007851756595
:208C00007565000070785175657565536574436F6E7461696E65720070785175657565537E
:208C20006574436F6E7461696E65722D3E75784D6573736167657357616974696E67203CF9
:208C40002070785175657565536574436F6E7461696E65722D3E75784C656E67746800FF7F
:208C600078517565756547656E65726963526573657400FF78517565756547656E657269E1
:208C80006343726561746500785175657565476976654D757465785265637572736976654A
:208CA00000FFFFFF78517565756554616B654D7574657852656375727369766500FFFFFFED
:208CC00078517565756547656E6572696353656E6400FFFF78517565756547656E657269FB
:208CE0006353656E6446726F6D49535200FFFFFF7851756575655265636569766500FFFFCA
:208D000078517565756553656D6170686F726554616B6500765175657565416464546F5214
:208D200065676973747279007072764E6F746966795175657565536574436F6E7461696E5E
:208D4000657200FF0E00000028202820282075696E7433325F742029207078546F704F6626
:208D6000537461636B202620282075696E7433325F742029202820307830303037202920CE
:208D800029203D3D20305520290000002E2E2F72612F6177732F4672656552544F532F46DC
:208DA00072656552544F532F536F757263652F7461736B732E63000075785072696F726947
:208DC0007479203C202831352900000075785363686564756C657253757370656E6465643C
:208DE000203D3D2030000000707850726576696F757357616B6554696D6500002820785419
:208E0000696D65496E6372656D656E74203E20305520290075785363686564756C65725347
:208E2000757370656E646564203D3D203155000075784E65775072696F72697479203C20A5
:208E40002831352900000000785461736B000000785461736B546F526573756D6500000011
:208E600049444C45000000007852657475726E20213D2028202D31202900000075785363AC
:208E8000686564756C657253757370656E64656420213D203055000070785443420000005A
:208EA00075785363686564756C657253757370656E646564203D3D20282055426173655455
:208EC0007970655F74202920305500002820282028202820707844656C617965645461739B
:208EE0006B4C69737420292D3E75784E756D6265724F664974656D73203D3D202820554211
:208F0000617365547970655F74202920302029203F202820282042617365547970655F74C2
:208F2000202920312029203A202820282042617365547970655F7420292030202920292009
:208F4000290000007578546F705072696F7269747900000070784576656E744C69737400E0
:208F600075785363686564756C657253757370656E64656420213D202820554261736554B0
:208F80007970655F74202920305500007078556E626C6F636B6564544342000070785469C5
:208FA0006D654F757400000070785469636B73546F57616974000000707854434220213D2A
:208FC000202828766F6964202A293029000000007078544342203D3D20707843757272653F
:208FE0006E7454434200000070785443422D3E75784D75746578657348656C640000000035
:20900000707854434220213D20707843757272656E745443420000007578496E6465785414
:209020006F576169744F6E203C202831290000007578496E646578546F4E6F746966792030
:209040003C20283129000000785461736B546F4E6F74696679000000785469636B436F75C1
:209060006E74203D3D2028205469636B547970655F74202920300000282028202628207005
:20908000785443422D3E784576656E744C6973744974656D202920292D3E7078436F6E74F6
:2090A00061696E65722029203D3D202828766F6964202A29302900007578496E6465785497
:2090C0006F436C656172203C2028312900FFFFFF707276496E697469616C6973654E6577B2
:2090E0005461736B00FFFFFF765461736B44656C617900FF765461736B537461727453631C
:20910000686564756C657200785461736B526573756D65416C6C00FF785461736B496E63AD
:2091200072656D656E745469636B00FF765461736B537769746368436F6E7465787400FFBB
:20914000765461736B506C6163654F6E4576656E744C69737400FFFF765461736B506C61A2
:2091600063654F6E4576656E744C6973745265737472696374656400785461736B52656D84
:209180006F766546726F6D4576656E744C69737400FFFFFF785461736B436865636B466FB8
:2091A0007254696D654F757400FFFFFF785461736B5072696F72697479446973696E686548
:2091C00072697400765461736B5072696F72697479446973696E68657269744166746572D0
:2091E00054696D656F757400546D7220537663007852657475726E002E2E2F72612F6177AC
:20920000732F4672656552544F532F4672656552544F532F536F757263652F74696D6572F9
:20922000732E630028207854696D6572506572696F64496E5469636B73203E20302029005A
:209240007854696D6572000078436F6D6D616E644944203C2028202820426173655479700D
:20926000655F7420292036202900000078436F6D6D616E644944203E3D202820282042611C
:209280007365547970655F74202920362029000028207854696D65725461736B48616E64CA
:2092A0006C6520213D202828766F6964202A2930292029002820707854696D65722D3E7814
:2092C00054696D6572506572696F64496E5469636B73203E2030202900000000546D7251FA
:2092E00000FFFFFF7854696D657243726561746554696D65725461736B00FFFF7072764971
:209300006E697469616C6973654E657754696D657200FFFF70727650726F63657373526574
:20932000636569766564436F6D6D616E647300232D302B2000686C4C00656667454647009C
:2093400030313233343536373839414243444546003031323334353637383961626364656F
:209360006600FFFF0000000080B584B000AF0023FB6000237B60194BB3F884309BB23B604A
:209380004FF49643BB60154B4FF42A42A3F8842008E0BB68002B02D14FF4FA73FB60BB6811
:2093A000013BBB600D4BB3F884309BB2002BF0D13B68012B06D1094B4DF60112A3F8442017
:2093C00000F07AFB7B6840F2F512934201D17B68FB60FB6818461037BD4680BD00E07F4040
:2093E00080B584B000AF78607B685B681B78002B0DD07B685B6893F91130184600F058FB28
:209400007B685B6893F91330184600F051FB124BB3F884309BB2002B02D1786800F044FB27
:2094200000F01CF8F86000F049F8B860FB68002B01D1BB68FB60FFF797FFB860FB68002B77
:2094400001D1BB68FB607B68002283F83C20FB6818461037BD4680BD00E07F4080B483B092
:2094600000AF4FF496437B60124BB3221A7007E07B68002B01D1142315E07B68013B7B609D
:209480000D4BD3F88030C3F3C033DBB2012BEFD1094B1B7CC3F30013DBB2002B02D040F267
:2094A000F51300E0002318460C37BD465DF8047B704700BF00007E4000E07F4080B483B0EF
:2094C00000AF4FF496437B60124B50221A7007E07B68002B01D1142315E07B68013B7B60A0
:2094E0000D4BD3F88030C3F3C033DBB2012BEFD1094B1B7CC3F30013DBB2002B02D040F207
:20950000F51300E0002318460C37BD465DF8047B704700BF00007E4000E07F4080B485B08C
:2095200000AFF860B9607A60174AFB681B6B1363164B20221A70154BD0221A70FB681A6B80
:20954000BB681A44FB681A63FB689B6B5A1EFB689A637B68002B10D007E07B68002B01D1B4
:2095600014230BE07B68013B7B60074BD3F88030C3F3C033DBB2012BEFD100231846143714
:20958000BD465DF8047B704700E07F4000007E4080B588B000AFF860B9607A607B68002B6B
:2095A00006D1FB685B6893F91130184600F080FA334AFB685B6B1363324BE8221A70BB68C9
:2095C0005B08BB6102237B612E4BBA69D2B21A700023FB612CE0FB681B6B1A46294B12887F
:2095E0001A80FB681B693B6106E03B695A1E3A61002B01D114233FE0214BD3F88030C3F3C1
:209600008023DBB2012BF0D0FB681A6B7B691A44FB681A63FB685A6B7B691A44FB685A639A
:20962000FB689B6B5A1EFB689A63FB690133FB61FA69BB699A42CED3124BD0221A707B6835
:20964000002B11D007E07B68002B01D1142313E07B68013B7B600A4BD3F88030C3F3C0339A
:20966000DBB2012BEFD106E0FB685B6893F91130184600F025FA002318462037BD4680BD13
:2096800000E07F4000007E4080B586B000AFF860B9607A6000237B61174B1B7CC3F3001347
:2096A000DBB2012B0FD1144BD3F88030C3F38033DBB2012B04D1104B1B7C0F4B00221A7444
:2096C00040F2F5137B610C4BD3F88020BB681340002B01D07B687B61FB68002B01D0FB68BF
:2096E0007B617B69002B01D0FFF7B8FE7B6918461837BD4680BD00BF00E07F4080B489B066
:2097000000AFF860B9607A60FB689B693B610823FB7608237B611A4ABB681363194B4022E6
:209720001A70184AFB7E13700023FB6109E0FB695B007A681344134A1B881380FB690133B6
:20974000FB61FA697B699A42F1D30E4BD0221A7007E03B69002B01D114230BE03B69013B67
:209760003B61074BD3F88030C3F3C033DBB2012BEFD1002318462437BD465DF8047B7047F4
:2097800000E07F4000007E4080B485B000AFF860B9607A60194B4FF6FF721A80174B4FF6AE
:2097A000FF725A807B689AB2FB689BB2DB039BB213439BB243F4F0439AB2104BDA80BB6823
:2097C0009BB26FEA43536FEA53539AB20B4B9A800A4B4FF6FF721A81084B4FF6FF725A8108
:2097E000064B4FF6FF729A81044B4FF6FF72DA8100BF1437BD465DF8047B7047680A0020BD
:2098000080B584B000AF78600023FB60786800F07BF8F860FB68002B10D0FB681EE07B688D
:209820009B681A4680217868FFF7B2FEF86018224FF4A041F868FFF727FFF8607B689B6B2B
:20984000002B02D0FB68002BE9D0FFF78DFDB860FB68002B01D1BB68FB60FB681846103746
:20986000BD4680BD80B588B000AFF860B9607A600023FB61FB68BA681A63FB687A689A637E
:20988000F86800F041F8F861FB69002B01D0FB6933E01C4B0122A3F8E0201EE0FB681B6B03
:2098A000B3F5803F06D2FB68DB69BB614FF400537B6105E0FB681B6ABB614FF400437B61E9
:2098C000BA697969F868FFF729FEF86119224FF4C041F869FFF7D8FEF861FB689B6B002B14
:2098E00002D0FB69002BD9D0FFF73EFD3861FB69002B01D13B69FB61FB6918462037BD4617
:2099000080BD00BF00E07F4080B584B000AF78600023FB604FF49643BB607B685B681B78CE
:20992000002B0DD07B685B6893F91130184600F0BFF87B685B6893F91330184600F0B8F834
:209940000F4B4FF45942A3F844200D4B4AF60122A3F8842008E0BB68002B02D14FF4FA731D
:2099600009E0BB68013BBB60054BB3F884309BB2012BF0D1FB6818461037BD4680BD00BF94
:2099800000E07F4080B588B000AFF860B9607A60184BD3F8DC30C3F3C073DBB2BB61F86895
:2099A000FFF7B2FFF861FB69002B01D0FB691CE0BB68590B7B685B0B1A46B869FFF7E4FEBE
:2099C0000D4A0E49F868FFF799FEF86118220021F869FFF759FEF861FFF7C6FC7861FB693C
:2099E000002B01D17B69FB61FB6918462037BD4680BD00BF00E07F40680A002030A100010F
:209A000080B584B000AF78600B46FB701346BB707868FFF779FFF860FB68002B01D0FB68AE
:209A200033E0BB78002B08D0FB789BB2194A43F4CC439BB2A2F8E8301EE01022FF211648C7
:209A400000F02EF8FB789BB203F001039BB2002B02D14FF6FF7201E047F6FF720E4BDA80F6
:209A60000D4A0E497868FFF749FEF86018220021F868FFF709FEF860FFF776FCB860FB68D0
:209A8000002B01D1BB68FB60FB6818461037BD4680BD00BF00E07F40680A002030A1000141
:209AA0005FF800F07D6702005FF800F0A10A02005FF800F0990002005FF800F0FDFE010060
:209AC0005FF800F039000200030000000000000126020000E0004000000100004419050055
:209AE000002E034303000000FFFFFFFFFFFF0000001000000010000000000400400002008F
:209B0000000008000000000000000000000000000000100800000000000000000000000025
:209B20000500000006000000030000000300000020070000C0070000F0070000FF07000029
:209B400040070000FF0F000000000000000700002000000000000000300000000000000059
:209B6000200000000000000030000000000000004001000000000000500100000000000003
:209B80005001000000000000400100000000000030020000000000004002000000000000BF
:209BA000600200000000000080020000000000008B030000000000008B03000000000000A5
:209BC0006606000000000000660600000000000040000000000000007000000000000000FD
:209BE0004000000000000000700000000000000004040000000000000404000000000000A5
:209C0000040400000000000004040000000000000000000000000100000000000000010032
:209C2000000000000000010000000000000001000007000000000000000700000000000014
:209C400000070000000000000007000000000000FFFF0000000000000000000000000000F8
:209C600001000000B8840200840A002000000000C4E900202CEA002094EA00200000000056
:209C80000000000000000000000000000000000000000000000000000000000000000000C4
:209CA0000000000000000000000000000000000000000000000000002D020100050201006C
:020000040100F9
:10A10000FFFFFFFFFFFFFFFFFFFFFFFFFFFFFFFF5F
:04A13400FFFFFFFF2B
:20A20000FFFCFFFFFFFFFFFFFFFFFFFFFFFFFFFFFFFFFFFFFFFFFFFFFFFFFFFFFFFFFFFF61
:20A22000FFFFFFFFFFFFFFFFFFFFFFFFFFFFFFFFFFFFFFFFFFFFFFFFFFFFFFFFFFFFFFFF3E
:20A24000FFFFFFFFFFFFFFFFFFFFFFFFFFFFFFFFFFFFFFFFFFFFFFFFFFFFFFFFFFFFFFFF1E
:20A26000FFFFFFFFFFFFFFFFFFFFFFFFFFFFFFFFFFFFFFFFFFFFFFFFFFFFFFFFFFFFFFFFFE
:20A28000F8F8FFFFFFFFFFFFFFFFFFFFFFFFFFFFFFFFFFFFFFFFFFFFFFFFFFFFFFFFFFFFEC
:20A2A000FFFFFFFFFFFFFFFFFFFFFFFFFFFFFFFFFFFFFFFFFFFFFFFFFFFFFFFFFFFFFFFFBE
:10A2C000FFFFFFFFFFFFFFFFFFFFFFFFFFFFFFFF9E
:04000005000081591D
:00000001FF
