:020000040000FA
:20000000D84B002059810000C57E00006981000069810000698100006981000069810000EE
:20002000000000000000000000000000698100006981000000000000698100006981000018
:20004000277600001F770000C97700001F770000C9770000494D0000714C0000154E0000A1
:200060006D4E000057430000A343000021440000B944000099670000FD6600009F5C000085
:20008000595300009F5C0000000000000000000000000000000000000000000000000000B9
:2000A000000000000000000000000000000000000000000000000000000000000000000040
:2000C000000000000000000000000000000000000000000000000000000000000000000020
:2000E000000000000000000000000000000000000000000000000000000000000000000000
:200100000000000000000000000000000000000000000000000000000000000000000000DF
:200120000000000000000000000000000000000000000000000000000000000000000000BF
:2001400000000000000000000000000000000000000000000000000000000000000000009F
:2001600000000000000000000000000000000000000000000000000000000000000000007F
:2001800000000000000000000000000000000000000000000000000000000000000000005F
:2001A00000000000000000000000000000000000000000000000000000000000000000003F
:2001C0000348044B834202D0034B03B118477047AC080020AC08002000000000064B07498D
:2001E000C91A891048BF0131491003D0044B0BB101481847704700BFAC080020AC0800204D
:200200000000000010B5064C237843B9FFF7D8FF044B13B10448AFF300800123237010BD5E
:20022000C808002000000000E486000008B5054B1BB105490548AFF30080BDE80840FFF7EB
:20024000CDBF00BF00000000CC080020E486000080B582B000AF0023FB710C490C4806F0B1
:200260006DFB0346FB7100220321094806F08AFB0346FB710749084806F0D6FE0346FB717B
:20028000FB7918460837BD4680BD00BF78830000E844002098840000D445002080B584B049
:2002A00000AF786039600023FB603A680021054807F056F8F860FB68DBB218461037BD465B
:2002C00080BD00BFD445002080B584B000AF786039600023FB733A687968054807F09CF874
:2002E0000346FB73FB7B18461037BD4680BD00BFD445002080B582B000AF0023FB71054802
:2003000006F0DCFF0346FB71FB7918460837BD4680BD00BFD445002080B582B000AF786020
:200320007B689B88B3F5804F65D0B3F5804F67DCB3F5005F5FD0B3F5005F61DCB3F5805F50
:2003400059D0B3F5805F5BDCB3F5006F29D0B3F5006F55DCB3F5806F27D0B3F5806F4FDC0E
:20036000B3F5007F47D0B3F5007F49DCB3F5807F41D0B3F5807F43DC202B0FDC022B3FDBF8
:20038000023B224A22FA03F303F00103002B14BF01230023DBB2002B2DD131E0802B2AD0FA
:2003A0002EE01B4B01221A702BE01A4B01221A707B68143314221946174800F051FA164B45
:2003C0001B6840F2FA7293420BD0134B1B6840F2FB72934205D0104B1B6840F2C17293420A
:2003E00002D10E4B00221A707B68143319460C4801F04EFB05E07B689A880A4B1A8000E055
:2004000000BF00BF0837BD4680BD00BF45400040F8080020F9080020E4080020683A00204C
:20042000C00B0020FA08002080B582B000AF0749074804F0DBFD78600021032000F00AF820
:200440007B68DBB218460837BD4680BD70850000F844002080B584B000AF03460A46FB71E1
:200460001346BB71FA79124913465B0013440B441B781BB21B0219B2FA790D4813465B000B
:200480001344034401331B781BB20B431BB29BB27B817B899BB2BA791946064804F0BAFDEA
:2004A000F860FB68DBB218461037BD4680BD00BF68830000F844002080B582B000AF0023D0
:2004C000FB71084B9B681B68064A126805494968104698470346FB71FB7918460837BD4610
:2004E00080BD00BFF483000090B587B000AF786039600023FB7572B600BF154B9B689B680D
:20050000134A10683A687968984738613B69002B02D0FB7D0133FB750D4B9B68DC680C4B58
:20052000186807F10F033A687968A04738613B69002B02D1FB7B002B02D0FB7D0133FB75FD
:2005400062B600BFFB7D18461C37BD4690BD00BFF483000090B589B000AFF860B9607A609D
:200560000023FB6100237B837B68DB097A6802F07F02002A01D0012200E0002213447B606D
:2005800000237B76FB68B3F5802F03D905237B767B7E3DE072B600BF0023FB6131E0FB68A8
:2005A0001D4A934224D81D4B9B685C681B4B18687B8BBA68134419468023FA68A04778614B
:2005C0007B69002B02D07B7E01337B767B7E002B08D1FB688033FB607B8B80337B830023D4
:2005E0007B760BE005237B7662B600BF7B7E0FE005237B7662B600BF7B7E09E0FB690133DD
:20060000FB61FA697B689A42C9D362B600BF7B7E18462437BD4690BD80FF0300F4830000EE
:2006200080B584B000AF786039600123FB730023BB603A687B68D31ADB0BBB60B9687868ED
:20064000FFF752FF0346002B02D10023FB7301E00223FB73FB7B18461037BD4680BDFFFFAE
:2006600080B487B000AFF860B9607A6000237B610023FB747B68DB097A6802F07F02002A3E
:2006800001D0012200E0002213447B60FB68B3F5802F03D20523FB74FB7C1DE000237B6199
:2006A00015E0FB680F4A93420AD9FA687B699B00B9680B4412681A60FB680433FB6003E0B4
:2006C0000523FB74FB7C07E07B6901337B617A697B689A42E5D3FB7C18461C37BD465DF857
:2006E000047B70477FFF030080B582B000AF0023BB7100F05DF80346BB710623FB71274820
:2007000001F07EF9264801F053FA012000F0C4F900F01EFB03461A46224B1A7000F002FB61
:20072000BB79002B24D101F06FFF0346FB7100F00FFB03461A461B4B1A701A4B1B78032B98
:2007400005D1194BDB7CAA2B01D10623FB71FB79052B02D102F054F81CE0FB79042B04D1A3
:2007600002F0A8F802F0B4F814E002F0B1F811E00E4B1B78DBB2012BFAD100F0D3FA0B4B46
:2007800000221A700423FF220B2140F2FC7001F0FFFEEDE70837BD4680BD00BFC00B0020B0
:2007A000DC3200207D0B0020543C0020800B002080B582B000AF0023FB71FFF735FE0346F1
:2007C000FB71FFF779FE0346FB71FFF741FD03461A46FB791344FB7100F04AF903461A469B
:2007E000FB791344FB7100F07DF803461A46FB791344FB71002000F0A3F903461A46FB79B4
:200800001344FB7113490020FFF75EFD11490120FFF75AFD10490220FFF756FD0F49032041
:20082000FFF752FD00F09BFD03461A46FB791344FB7100F057FA03461A46FB791344FB71EA
:2008400000F070FA02F0F4FDFB7918460837BD4680BD00BFFC0800201009002024090020A1
:2008600080B487B000AFF860B9607A6000237B610AE0BA687B691A44F9687B690B441278A8
:200880001A707B6901337B617A697B689A42F0D300BF00BF1C37BD465DF8047B704780B4E2
:2008A00087B000AFF860B9607A6000237B610EE0FA687B6913441A78B9687B690B441B7804
:2008C0009A4201D0012307E07B6901337B617A697B689A42ECD3002318461C37BD465DF8DF
:2008E000047B704780B582B000AF0023FB710549054803F01FF80346FB71FB7918460837B2
:20090000BD4680BD208400007445002080B584B000AF786039600023BB73114B00221A7038
:200920000A23FB7307233A6879680E4803F052F80346BB7307E04FF47A71012007F0F2F94D
:20094000FB7B013BFB73064B1B78DBB2002B02D1FB7B002BEFD1BB7B18461037BD4680BD8C
:200960007E0B00207445002080B584B000AF786039600023BB73114B00221A703223FB7350
:2009800007233A6879680E4803F010F80346BB7307E04FF47A71012007F0C4F9FB7B013B46
:2009A000FB73064B1B78DBB2002B02D1FB7B002BEFD1BB7B18461037BD4680BD7E0B002035
:2009C0007445002080B588B002AFF860B9607A600023BB753223FB75072300937B68BA68FB
:2009E000F9680D4803F00AF80346BB7507E04FF47A71012007F096F9FB7D013BFB75074BA1
:200A00001B78DBB2002B02D1FB7D002BEFD1BB7D18461837BD4680BD744500207E0B0020AE
:200A200080B582B000AF0023FB71054802F0FAFF0346FB71FB7918460837BD4680BD00BF14
:200A40007445002080B485B000AF78600023FB737B681B79012B02D1044B01221A7000BF0B
:200A60001437BD465DF8047B704700BF7E0B002080B582B000AF0023FB710549054804F001
:200A8000B3FD0346FB71FB7918460837BD4680BDC08300000045002080B584B000AF034697
:200AA000FB710023FB73FB79012B05D1074804F0CFFD0346FB7304E0044804F0B7FD0346DC
:200AC000FB73FB7B18461037BD4680BD0045002080B483B000AF78600D4B01221A700D4B9D
:200AE0001B78DBB20133DAB20A4B1A70094B1B78DBB2092B05D9074B00221A70064B01223F
:200B00001A7000BF0C37BD465DF8047B704700BF7F0B0020810B0020800B002080B582B094
:200B200000AF0023FB71054804F0A4FD0346FB71FB7918460837BD4680BD00BF004500206B
:200B400080B584B000AF0346FB710023FB73FB79002B02D0012B0ED014E00D490D4803F02A
:200B6000FDFD0346FB730C4B1B881A460B49002000F068F806E00649064803F0EFFD0346FB
:200B8000FB7300BFFB7B18461037BD4680BD00BF58840000A4450020480700203C39002025
:200BA00080B586B000AF0346B9607A60FB730023FB750023BB82FB7B002B02D0012B19D0F6
:200BC00034E000237B8210E07B8ABA681344012219461A4803F0B3FE0346FB7501210520EB
:200BE00007F0A0F87B8A01337B827B8A7A689A42EAD81BE07A68B968104803F0A0FE03467B
:200C0000FB7507E0BB8A0533BB824FF47A71052007F088F80A4B1B78DBB283F00103DBB280
:200C2000002B02D0BB8A182BECD900BF044B00221A70FB7D18461837BD4680BDA445002042
:200C4000820B002080B586B000AF0346B9607A60FB730023FB75FB7B002B02D0012B08D019
:200C60000FE07A68B9680B4803F052FE0346FB7507E07A68B968074803F04AFE0346FB7506
:200C800000BF054B00221A70FB7D18461837BD4680BD00BFA4450020830B002080B582B057
:200CA00000AF78607B681B79042B10D0042B10DC012B02D0022B06D00BE0084B01221A7020
:200CC00001F07AF806E0064B01221A7002E000BF00E000BF00BF0837BD4680BD830B0020A1
:200CE000820B002080B582B000AF0023FB710A4A136923F0020313610849094802F08AFC2C
:200D00000346002B02D0FB790133FB71FB7918460837BD4680BD00BF00B0014000840000F4
:200D20006445002080B582B000AF0023FB71074802F0BEFC0346002B02D0FB790133FB71F0
:200D4000FB7918460837BD4680BD00BF6445002080B582B000AF0423FB71204B93F81034D7
:200D6000C3F30003DBB2002B06D01C4B002283F810240123FB712BE0184BB3F8C030C3F3A5
:200D80004003DBB2002B12D0144B0022A3F8C0200023BB71BB1D1946114802F09DFCBB79DC
:200DA00019460F4802F0A4FC0323FB7110E00B4BB3F8C030C3F38003DBB2002B06D0074B5F
:200DC0000022A3F8C0200223FB7101E00423FB71FB7918460837BD4680BD00BF00E0014040
:200DE0006445002080B588B000AF786039600023FB770023BB6107F10C0300221A605A606C
:200E00001A819F233B7200237B720023BB720023FB7200210020FFF71DFB07F10C0107F18C
:200E2000080304221846FFF7CDFD0346FB7701210020FFF70FFB7B7B1A04BB7B1B021343A9
:200E4000FA7B13431A46424B1A60414B1B689BB244F21A0293421FD844F21102934269D38C
:200E6000A3F58043113B092B64D801A252F823F0270F0000190F00000B0F0000FD0E0000D8
:200E8000EF0E0000E10E0000D30E0000C30E0000B30E0000A30E000047F21802934210D03A
:200EA00048E07B680A221A703B684FF480621A6049E07B6809221A703B684FF400721A609C
:200EC00041E07B6808221A703B684FF480721A6039E07B6807221A703B6880221A6032E088
:200EE0007B6806221A703B6840221A602BE07B6805221A703B6820221A6024E07B680422D3
:200F00001A703B6810221A601DE07B6803221A703B6808221A6016E07B6802221A703B68F8
:200F200004221A600FE07B6801221A703B6802221A6008E07B6800221A703B6800221A609B
:200F40000123FB7700BFFB7F18462037BD4680BD840B002080B588B000AF78600023FB7795
:200F600007F1180300221A601A714B233B7600210020FFF76FFA07F1080107F118030D2235
:200F80001846FFF71FFD01210020FFF763FA07F108030533082219467868FFF761FCFB7FDB
:200FA00018462037BD4680BD80B584B000AF03463960FB710023FB7300210020FFF74AFACA
:200FC000FB79012B0AD10523FB7207F10C0107F10B0302221846FFF7F5FC1AE0FB79022BF2
:200FE0000AD13523FB7207F10C0107F10B0302221846FFF7E7FC0CE0FB79032B09D115234B
:20100000FB7207F10C0107F10B0302221846FFF7D9FC01210020FFF71DFA7A7B3B681A709A
:20102000FB7B18461037BD4680BD80B582B000AF0023FB7106233B7100210020FFF70AFAA0
:201040003B1D01211846FFF761FC0346FB7101210020FFF7FFF9FB7918460837BD4680BD2F
:2010600080B582B000AF0023FB710423BB7100210020FFF7EFF9BB1D01211846FFF746FCC9
:201080000346FB7101210020FFF7E4F9FB7918460837BD4680BD80B584B000AF034639603B
:2010A000FB711346BB710023FB7307F1080300221A601A710123BB73BB79002B09D03B6857
:2010C0001A0EBB7B591CB973D2B210333B4403F8082C3B681A0CBB7B591CB973D2B2103335
:2010E0003B4403F8082C3B681A0ABB7B591CB973D2B210333B4403F8082CBB7B5A1CBA7356
:201100003A68D2B210333B4403F8082C00210020FFF7A0F9FB79032B1DD0032B27DC012BFC
:2011200002D0022B0BD022E0C7233B7207F1080301211846FFF7EAFB0346FB731BE0D82331
:201140003B72BA7B07F1080311461846FFF7DEFB0346FB730FE020233B72BA7B07F1080358
:2011600011461846FFF7D2FB0346FB7303E0FB7B0133FB7300BF01210020FFF76BF9FB7B74
:2011800018461037BD4680BD80B586B000AF78600023FB750123BB750523FB727B684FF4D6
:2011A0007A7202FB03F33B6100210020FFF752F907F10C0107F10B0302221846FFF702FCB1
:2011C0000346FB7501210020FFF744F94FF47A71282006F0A7FD00237B607B7B03F00103E6
:2011E000002B02D07B68002BDED000210020FFF731F907F10C0107F10B0302221846FFF752
:20120000E1FB0346FB7501210020FFF723F97B7B03F00103002B03D0FB7D0133FB7501E0FD
:201220000023FB75FB7D18461837BD4680BD80B584B000AF786039600023FB73002100205B
:20124000FFF708F939687868FFF760FB0346FB7301210020FFF7FEF8FB7B18461037BD46C2
:2012600080BD80B586B000AFF860B9607A603B600023BB750023FB7500210020FFF7EAF832
:20128000B968F868FFF742FB0346BB750121386806F048FDBB7D002B05D139687868FFF774
:2012A00063FB0346FB7501210020FFF7D3F8FB7D18461837BD4680BD80B584B000AF7860BF
:2012C00039600023FB733868FFF75EFFFFF7ADFE39687868FFF7ABFF0346FB733868FFF7E2
:2012E00053FFFFF7BDFEFB7B18461037BD4680BD80B584B000AF396011461A460346FB7173
:201300000B46BB711346BB800023FB73FFF78DFE03461A46FB7B1344FB73BB881846FFF72F
:2013200033FF03461A46FB7B1344FB73BA79FB7939681846FFF7AFFE03461A46FB7B1344D8
:20134000FB73BB881846FFF71FFF03461A46FB7B1344FB73FB7B18461037BD4680BD80B5F6
:2013600082B000AF0023FB7100F010F800F022F80346FB71FB79002B03D000F01BF8034688
:20138000FB71FB7918460837BD4680BD80B500AF00210020FFF75EF801210020FFF75AF895
:2013A00001210220FFF756F801210120FFF752F800BF80BD80B582B000AF0023FB71474BEF
:2013C000012283F82F2000233B603A46BB1D11461846FFF707FD0346002B07D03F4B002264
:2013E00083F82F20FB790133DBB273E03B4BD3F81B30B3F5807F04D9384B012283F82E200C
:2014000003E0364B002283F82E20344B00225A72002242F001029A72304B0022DA730022A1
:2014200042F010021A7400225A7400229A742B4BD3F813301B01294AC2F81330274BD3F86D
:201440001330264AD2F80F2002FB03F3234AB2F8092092B2B3FBF2F3204AC2F80B301F4B0D
:20146000D3F80F301B011D4AC2F81F301B4BD3F813301A4AD2F80F2002FB03F39B0A174A0C
:20148000C2F827301648FFF765FD03461A46FB791344FB7113490120FFF786FD03461A4606
:2014A000FB791344FB7110490220FFF77DFD03461A46FB791344FB710C490320FFF774FD4B
:2014C00003461A46FB791344FB71044B002283F82F20FB7918460837BD4680BD880B0020ED
:2014E000890B0020B30B0020B40B0020B50B002080B584B000AF03463960FB711346BB80A1
:201500000023FB7300BF0F4B93F82F30002BFAD10C4B012283F82F200A4B93F82E20BB888C
:20152000F8793968FFF7E4FE03461A46FB7B1344FB73044B002283F82F20FB7B1846103787
:20154000BD4680BD880B002080B5CAB000AF07F59473A3F58E73186007F59473A3F5907388
:20156000196007F59473A3F592731A600023A7F82631032387F823314E4B93F82E30002B19
:201580001ED0B7F826315A1CA7F826211A46022107F59473A3F58A73995407F59473A3F558
:2015A00090731B68190EB7F826315A1CA7F826211A46C9B207F59473A3F58A7399540BE0D1
:2015C000B7F826315A1CA7F826211A46022107F59473A3F58A73995407F59473A3F5907303
:2015E0001B68190CB7F826315A1CA7F826211A46C9B207F59473A3F58A73995407F594737E
:20160000A3F590731B68190AB7F826315A1CA7F826211A46C9B207F59473A3F58A739954C7
:20162000B7F826315A1CA7F826211A4607F59473A3F590731B68D9B207F59473A3F58A73A4
:2016400099540023A7F8243118E0B7F8243107F59472A2F58E7212681A44B7F82631591C9E
:20166000A7F826111946127807F59473A3F58A735A54B7F824310133A7F82431B7F8243135
:2016800007F59472A2F5927212689A42DDD8B7F8262107F1140311461846FFF70DFE03469E
:2016A00087F8233197F82331184607F59477BD4680BD00BF880B002080B5D0B000AF07F5FD
:2016C000A073A3F59A73186007F5A073A3F59C73196007F5A073A3F59E731A600023A7F8B7
:2016E0003E31032387F83D31454B93F82E30002B1ED0B7F83E315A1CA7F83E211A460B21B8
:2017000007F5A073A3F59873995407F5A073A3F59C731B68190EB7F83E315A1CA7F83E2138
:201720001A46C9B207F5A073A3F5987399540BE0B7F83E315A1CA7F83E211A460B2107F52A
:20174000A073A3F59873995407F5A073A3F59C731B68190CB7F83E315A1CA7F83E211A4696
:20176000C9B207F5A073A3F59873995407F5A073A3F59C731B68190AB7F83E315A1CA7F8C0
:201780003E211A46C9B207F5A073A3F598739954B7F83E315A1CA7F83E211A4607F5A0736F
:2017A000A3F59C731B68D9B207F5A073A3F598739954B7F83E315A1CA7F83E211A4607F5E7
:2017C000A073A3F5987300219954B7F83E1107F5A073A3F59E7307F5A072A2F59A7207F1E6
:2017E00010001B681268FFF73CFD034687F83D3197F83D31184607F5A077BD4680BD00BF0A
:20180000880B002080B584B000AF78600023FB734FF47A7279680320FFF76AFE0346002B8F
:2018200008D0FB7B0133FB73054B1B8801339AB2034B1A80FB7B18461037BD4680BD00BF43
:20184000B80B002080B586B000AFF860B9607A6000237B740023FB8200237B7500237B825B
:201860007B68C3F1FF1303F57F43FA689A4204D97B7C01337B747B7C2CE07B681B0AFB8248
:201880007B68DBB2002B02D0FB8A0133FB8200237B7519E07B8ABA68D0187A8AFB681344CC
:2018A0004FF480721946FFF74FFE0346002B04D07B7C01337B747B7C0CE07B8A03F580731C
:2018C0007B827B7D01337B757B7D9BB2FA8A9A42E0D87B7C18461837BD4680BD80B586B043
:2018E00000AFF860B9607A600023BB7400233B820023FB820023BB820023FB747B68C3F193
:20190000FF1303F57F43FA689A4204D9BB7C0133BB74BB7C3FE07B681B0A3B827B68DBB2BB
:20192000002B01D07B68FB740023FB8219E0BB8ABA68D018BA8AFB6813444FF480721946DF
:20194000FFF7BAFE0346002B04D0BB7C0133BB74BB7C20E0BB8A03F58073BB82FB8A01339A
:20196000FB82FA8A3B8A9A42E1D3FB7C002B11D0BB8ABA68D018BA8AFB681344FA7C19466C
:20198000FFF79AFE0346002B04D0BB7C0133BB74BB7C00E0BB7C18461837BD4680BDFFFF9E
:2019A00080B584B000AF786039600023FB730023BB7317E07868FFF725FF0346002B04D182
:2019C0007B6803F580537B600AE00123BB73FB7B0133FB73094B5B8801339AB2074B5A8047
:2019E000FFF7A0F97A683B689A4202D2BB7B002BE0D0FB7B18461037BD4680BDB80B0020D4
:201A000080B483B000AF78607B6803F500531A460023C2F810377B6803F500531A46002375
:201A2000C2F814377B6803F500531A460023C2F8183700BF0C37BD465DF8047B704780B423
:201A400083B000AF78607B6803F50053D3F81837002B0CBF01230023DBB218460C37BD4616
:201A60005DF8047B704780B483B000AF78607B6803F50053D3F81837B3F5FA7F0CBF012395
:201A80000023DBB218460C37BD465DF8047B7047B0B582B000AF786039607868FFF7E3FFF8
:201AA0000346002B01D0002333E07B6803F50053D3F81027796813469B0013449B00CA18D2
:201AC0003B6814461D460FCD0FC42B6823607B6803F50053D3F810375A1C104B83FB02133D
:201AE0005911D317CB1A4FF4FA7101FB03F3D31A7A6802F50052C2F810377B6803F50053C6
:201B0000D3F8183701337A6802F50052C2F81837012318460837BD46B0BD00BFD34D6210C1
:201B2000B0B582B000AF786039607868FFF787FF0346002B01D0002333E07B6803F50053E9
:201B4000D3F814273868796813469B0013449B000B4404461D460FCD0FC42B6823607B6874
:201B600003F50053D3F814375A1C104B83FB02135911D317CB1A4FF4FA7101FB03F3D31ADA
:201B80007A6802F50052C2F814377B6803F50053D3F81837013B7A6802F50052C2F818375D
:201BA000012318460837BD46B0BD00BFD34D621080B483B000AF78607B680022C3F8902342
:201BC0007B680022C3F894237B680022C3F8982300BF0C37BD465DF8047B704780B483B01C
:201BE00000AF78607B68D3F89833002B0CBF01230023DBB218460C37BD465DF8047B7047EC
:201C000080B483B000AF78607B68D3F89833032B0CBF01230023DBB218460C37BD465DF897
:201C2000047B704780B582B000AF786039607868FFF7E6FF0346002B01D0002328E07B68D9
:201C4000D3F890337A684FF4987101FB03F31A443B68104619464FF498731A4606F022FB5F
:201C60007B68D3F89033591C0B4B83FB0132CB17D21A13465B001344CA1A7B68C3F8902369
:201C80007B68D3F898335A1C7B68C3F89823012318460837BD4680BD5655555580B582B03F
:201CA00000AF786039607868FFF798FF0346002B01D0002327E07B68D3F8943338687A6831
:201CC0004FF4987101FB03F3134419464FF498731A4606F0E7FA7B68D3F89433591C0C4B4A
:201CE00083FB0132CB17D21A13465B001344CA1A7B68C3F894237B68D3F898335A1E7B684D
:201D0000C3F89823012318460837BD4680BD00BF5655555580B582B000AF78607B681B68E4
:201D200040F2C172934206D0B3F5F86F0DD9A3F2FA73012B09D8094B00221A70084B00221A
:201D40001A60786800F022FE03E0064B01221A7000BF00BF0837BD4680BD00BF503C0020D0
:201D6000844400208C36002080B500AF10491148FFF7D6FE0346002B18D00D48FFF7CAFFC9
:201D80000C4B03F50053D3F81837002B0ED1094B03F50053D3F81027064B03F50053D3F875
:201DA00014379A4202D00348FFF72AFE00BF80BD78360020C00B002080B500AF564B1B78F4
:201DC000042B00F2988001A252F823F0E11D0000F31D0000291E0000391E0000911E00006F
:201DE0004E4B1B78652B40F08D804B4B01221A7088E04A4B1B78022B03D1494B02221A70D4
:201E00000EE0464B1B78032B03D1454B03221A7006E0424B1B78042B02D1414B04221A702B
:201E20003D4B02221A706EE03C4B1A783D4B1A70394B03221A7066E0384B1A783A4B1A7056
:201E4000384B1B781AB2384B1B781BB21B021BB213431BB29AB2354B1A80344B1A88304BAE
:201E6000A3F82E21314B1B8803339AB22F4B1A802E4B1B88B3F5967F06D92C4B01221A80D7
:201E8000254B00221A703EE0234B04221A703AE0264B1B88013B214AD35C822B24D1234BD6
:201EA0001B88033B9AB2214B1A80204B1B88B3F5FA7F12D81A4BB3F82E311A4617491C4843
:201EC000FEF7CEFC144B00221A70184B01221A8013491848FFF7A6FE15E00F4B00221A70C7
:201EE000124B01221A800EE00B4B00221A700F4B01221A8007E0084B00221A700B4B012262
:201F00001A8000E000BF094B1B881A4603490020FEF798FE00BF80BDD83600203C3900207B
:201F2000DC360020693A00206A3A002048070020DD360020DC32002080B58AB000AF786022
:201F40000023FB8400237B847B68B3F82E31053B3B84002387F825307B681B78042B73D0F2
:201F6000042B00F33181022B02D0032B11D02BE19A4B01221A709A4B00221A70994B00224A
:201F80001A707B680133482219469748FEF768FC1FE1964B00221A70954B00221A60954BB6
:201FA00001221A707B68B3F82E310D2B00F20E8100233B747B685B781A467B689B781B02D3
:201FC0001A437B68DB781B041A437B681B791B061343FB607B685B79BB7400237B747B68CE
:201FE000991DBB7C1A4607F10C030C331846FEF737FCFB6840F2FA7293420CD0FB6840F281
:20200000FB72934207D0FB6840F2C172934213D13B7E042B10D107F10C03184600F0B6FC56
:20202000FB6840F2C17293420DD107F10C0319460420FEF733F906E007F10C03194604200A
:20204000FEF72CF9C2E0C1E0684B00221A70684B00221A60674B01221A707B685B781A4600
:202060007B689B781B021A437B68DB781B041A437B681B791B061343FB607B685B79BB740F
:202080005D4B05221A803B8CDB08FB843B8C03F007037B84594B1A883B8C13449AB2574B99
:2020A0001A8042E0002387F8253014E0524B1B885A1C91B2504A1180194697F825307A6830
:2020C0000A44527828333B4403F8102C97F82530013387F8253097F82530072BE6D9FB8C8F
:2020E000013BFB84FB6840F2FA7293420CD0FB6840F2FB72934207D0FB6840F2C172934228
:2021000008D13B7E042B05D107F10C03184600F03DFC05E007F10C0319460420FEF7BEF880
:202120004FF47A71052005F0FDFDFB8C002BB9D17B8C002B4CD07B8CDBB2BB74002387F86E
:20214000253014E02C4B1B885A1C91B22A4A1180194697F825307A680A44527828333B4447
:2021600003F8102C97F82530013387F8253097F825309BB27A8C9A42E4D800237B84FB68E8
:2021800040F2FA7293420CD0FB6840F2FB72934207D0FB6840F2C172934209D13B7E042BE3
:2021A00006D107F10C0319461548FFF771FC05E007F10C0319460420FEF770F84FF47A7128
:2021C000052005F0AFFD03E000BF02E000BF00E000BF00BF2837BD4680BD00BF6B3A002075
:2021E0006D3A00206C3A002090360020503C002084440020683A0020703A00206E3A002084
:20220000C00B002080B500AF0D490E48FFF746FD0346002B12D00A48FFF78EFE094BD3F8C1
:202220009833002B0AD1074BD3F89023054BD3F894339A4202D00348FFF7BAFC00BF80BD7A
:202240000C380020DC32002080B584B000AF7860654B00221A807B689B7906339AB2634B66
:202260001A80614B1B885A1C91B25F4A11801A465F4B652199545C4B1B885A1C91B25A4A5E
:2022800011801A465A4B02219954584B1988564B1B885A1C90B2544A10801A46C9B2544BB0
:2022A0009954524B1B881B0A99B24F4B1B885A1C90B24D4A10801A46C9B24D4B99547B6822
:2022C0001968494B1B885A1C90B2474A10801A46C9B2474B99547B681B68190A424B1B885A
:2022E0005A1C90B2404A10801A46C9B2404B99547B681B68190C3C4B1B885A1C90B23A4AC8
:2023000010801A46C9B23A4B99547B681B68190E354B1B885A1C90B2334A10801A46C9B290
:20232000334B9954304B1B885A1C91B22E4A11801A467B6899792E4B99540023FB730FE017
:20234000FA7B294B1B88591C88B22749088019467B6813441A7B264B5A54FB7B0133FB73E5
:202360007B689B79FA7B9A42EAD30023BB730CE01D4B1B885A1C91B21B4A11801A461C4B9A
:2023800000219954BB7B0133BB73BB7B002BEFD0154B1B885A1C91B2134A11801A46144B0E
:2023A00000219954104B1B885A1C91B20E4A11801A460F4B002199540B4B1B885A1C91B2F5
:2023C000094A11801A460A4B82219954064B1B881A4607490020FEF7E3FB034B00221A8033
:2023E00000BF1037BD4680BD363C0020383C0020743A002080B483B000AF0346FB7197F948
:202400000730002B12DBFB7903F01F020A4997F907305B09012000FA02F2203341F8232089
:20242000BFF34F8F00BFBFF36F8F00BF00BF0C37BD465DF8047B704700E100E080B483B026
:2024400000AF0346FB7197F90730002B0CDBFB7903F01F02074997F907305B09012000FA21
:2024600002F2603341F8232000BF0C37BD465DF8047B704700E100E080B400AFBFF34F8F95
:2024800000BF064BDB6803F4E0620449044B1343CB60BFF34F8F00BF00BFFDE700ED00E0D4
:2024A0000400FA0580B485B000AF786039600023FB600023FB72FB68DB43FB601FE07B68C4
:2024C0005A1C7A601B781A46FB685340FB600823FB7209E0FB685A08FB6803F0010359422D
:2024E0000C4B0B405340FB60FB7A013BDBB2FB7297F90B30002BEDDA3B68013B3B603B68C7
:20250000002BDCD1FB68DB4318461437BD465DF8047B70472083B8ED80B485B000AF7860F3
:2025200039600023FB600023FB72FB68DB43FB6021E07B681B78DBB21A46FB685340FB6063
:202540007B6801337B600823FB7209E0FB685A08FB6803F0010359420C4B0B405340FB60BE
:20256000FB7A013BDBB2FB7297F90B30002BEDDA3B68013B3B603B68002BDAD1FB68DB437F
:2025800018461437BD465DF8047B70472083B8ED80B582B000AF7860084611461A46034680
:2025A000FB700B46BB7013467B70144AFB781373124ABB785373124B1A78104B9A730F4A94
:2025C0007B6813600D4B03229A710E4B1B78DBB2012B03D10948FFF737FE0AE0FB78082B98
:2025E00002D10648FFF730FE7B7804491846FDF755FE00BF0837BD4680BD00BF3C3C00201C
:202600007C0B0020683A002080B582B000AF00237B600623FB70142213490020FFF75EF9AA
:202620000346002B1AD1104B9B7CAA2B14D10423AA22042140F2FC70FFF7AAFF00237B60BC
:2026400002E07B6801337B607B6842F20F729342F7D90523FB7001E00423FB70FB78184692
:202660000837BD4680BD00BF543C002080B584B000AF0623FB7300233B600023BB6000239E
:202680007B605C4B9B7CAA2B67D14FF480510020FFF786F90346002B57D1574B1A78554B7B
:2026A0001A70554B5A78534B5A70524BFF229A74504BAA22DA74504BD3F806304D4AC2F848
:2026C00006304D4BD3F802304A4AC2F802304A4BD3F80E30474AC2F80E30474BD3F80A30F1
:2026E000444AC2F80A30142242490020FFF7AAF80346002B21D114223F490020FFF7EEF8BF
:202700000346002B11D114223B493A48FEF7C7F80346002B01D1FFF7AFFE0423FF22082119
:2027200040F2FC70FFF734FF5FE00423FF22082140F2FC70FFF72CFF57E00423FF220821BB
:2027400040F2FC70FFF724FF4FE00423FF22082140F2FC70FFF71CFF47E0264BDB7CAA2BAF
:2027600034D1142224490020FFF7B8F80346002B18D1214B1B78002B08D11F4BD3F8023024
:20278000BB601D4BD3F806307B600BE01A4B5B78002B07D1184BD3F80A30BB60164BD3F805
:2027A0000E307B60B9684FF48030FFF7B5FE38603A687B689A4206D1FEF7B4FA00F0FEFEE4
:2027C00000F078FE11E00223FB730EE04FF480331A680A4B1340B3F1005F04D100F06AFED1
:2027E0000323FB7301E00223FB73FB7B18461037BD4680BD543C0020A04400200000FE2F95
:2028000080B500AFFEF78EFAFFF7AEFAFFF7FAFC224B1B680A2B15D9214B00221A701F4B38
:2028200000221A601F4B00221A601F4B00221A600423FF220A2140F2FC70FFF7A9FE1B4BDC
:2028400001221A70194B1B78012B15D1184B1B78DBB2012BD6D1164B00221A700F4B0022E3
:202860001A600F4B01221A700423FF22092140F2FC70FFF78DFEC5E7094B1B78012BC1D1F5
:202880000B4B1B78DBB2012BBCD1044B1B680133024A1360064B00221A70B3E784440020C5
:2028A00080440020683C00206C3C0020503C0020800B002080B582B000AF0623FB71FFF7B0
:2028C000D5FE0323FB71FB7918460837BD4680BD80B500AF274B01221A70FEF723FA254BBD
:2028E0001B78012B15D1244B1B78DBB2012B21D1214B00221A70214B00221A60204B0122D8
:202900001A700423FF22092140F2FC70FFF740FE10E01B4B1B78012B0CD1174B1B78DBB275
:20292000012B07D1154B1B680133144A1360124B00221A70FFF718FAFFF764FC0F4B1B6867
:20294000322BCAD90E4B00221A700C4B00221A600C4B00221A600C4B00221A600423FF2251
:202960000A2140F2FC70FFF713FE024B01221A70B3E700BF503C0020800B002084440020F5
:2029800080440020683C00206C3C002080B588B000AF78607B681B6840F2FB72934250D0D9
:2029A00040F2FB72934200F2948040F2FA7293420DD040F2FA72934200F28B8040F26662E3
:2029C000934242D040F2C172934257D081E07B681B7B002B02D100F051F97CE07B681B7BC8
:2029E000012B03D1786800F07DF974E07B681B7B032B02D100F044FB6DE07B681B7B042B9F
:202A000002D100F07BFC66E07B681B7B052B02D100F0F2FC5FE07B681B7B062B02D100F030
:202A200067F858E07B681B7B072B03D1786800F00FFC50E07B681B7B082B4CD1FFF716FEA2
:202A400049E0786800F05CFA48E040F22373FB600823BB7407F10C030C330822214918464A
:202A6000FDF7FEFE07F10C0319460420FDF716FC07F10C031846FFF7E7FB2FE07B681B7B11
:202A8000002B03D0184B01221A7002E0164B00221A707B681B7B042B1FD17B685B7BAA2B13
:202AA0001BD1124B40F2C2721A60104B02229A710E4B04221A730D4BAA225A730A4B0122EE
:202AC0001A700A490420FDF7E9FB0848FFF7BCFB03E000BF02E000BF00E000BF00BF203728
:202AE000BD4680BDDC440020513C0020B844002080B584B000AF4FF48053FB604FF480330E
:202B0000BB6000237B60142257490020FEF7E6FE0346002B40F08F80534B1B78002B14D1D9
:202B20004FF48053FB604FF48033BB604F4BD3F802307B604D4BD3F802304D4A13604B4B6C
:202B4000D3F806304B4A136075E0474B5B78002B71D14FF40123FB604FF48033BB60434BE4
:202B6000D3F80A307B60414BD3F80A30404A13603E4BD3F80E303F4A13605CE07B68B3F592
:202B8000806F2ED34FF480623B49F868FEF7A6FE0346002B1DD14FF480623749B868FDF788
:202BA000D9FC0346002B0CD1FB6803F58063FB60BB6803F58063BB607B68A3F580637B6004
:202BC00039E00423FF22062140F2FC70FFF7E0FC34E00423FF22062140F2FC70FFF7D8FC12
:202BE0002CE07A682449F868FEF778FE0346002B1AD17A682049B868FDF7ACFC0346002BD5
:202C00000AD1FA687B681344FB60BA687B681344BB6000237B600EE00423FF22062140F2DE
:202C2000FC70FFF7B5FC06E00423FF22062140F2FC70FFF7ADFC7B68002B9FD17B68002B63
:202C400007D10423AA22062140F2FC70FFF7A0FC06E00423FF22062140F2FC70FFF798FCD5
:202C600000BF1037BD4680BDA0440020543C0020743C0020783C00208040002080B500AFF2
:202C8000134B40F2FC721A60114B05229A71104B00221A730F4BAA221A700E4B79225A80A6
:202CA00004220C490C48FDF7DBFD0C4B1B78DBB2012B03D10648FFF7C7FA03E004490420A9
:202CC000FDF7ECFA064B00221A7000BF80BD00BFB844002088440020C5440020683A00206F
:202CE000503C002080B582B000AF78607B685A7B7C4B9A7414227C490020FEF7EFFD034668
:202D0000002B40F0E380784B1B78002B48D1774B4FF401221A60764B4FF401221A60754B58
:202D20004FF441221A607B689B7B1A467B68DB7B1B021A447B681B7C1B041A447B685B7CB5
:202D40001B0613441A46674BC3F80A20674B1B68684A126811461846FEF722FE0346002B65
:202D600016D1654B00221A60644B00221A605D4B01221A705B4B00225A705A4BAA22DA742F
:202D80000423AA22012140F2FC70FFF701FCA4E00423FF22012140F2FC70FFF7F9FB9CE09B
:202DA000514B5B78002B48D1504B4FF480521A604F4B4FF480521A604E4B4FF480221A6015
:202DC0007B689B7B1A467B68DB7B1B021A447B681B7C1B041A447B685B7C1B0613441A465D
:202DE000404BC3F80220414B1B68424A126811461846FEF7D5FD0346002B16D13E4B0022D4
:202E00001A603E4B00221A60364B00221A70354B01225A70334BAA22DA740423AA220121CC
:202E200040F2FC70FFF7B4FB57E00423FF22012140F2FC70FFF7ACFB4FE02C4B4FF48052B8
:202E40001A602B4B4FF480521A602A4B4FF480221A607B689B7B1A467B68DB7B1B021A4412
:202E60007B681B7C1B041A447B685B7C1B0613441A461C4BC3F802201C4B1B681D4A1268BA
:202E800011461846FEF78CFD0346002B16D11A4B00221A60194B00221A60124B00221A709A
:202EA000104B01225A700F4BAA22DA740423AA22012140F2FC70FFF76BFB0EE00423FF2211
:202EC000012140F2FC70FFF763FB06E00423FF22012140F2FC70FFF75BFB00BF0837BD46A3
:202EE00080BD00BF8C440020A04400204C0700205007002054070020683C00206C3C0020F1
:202F000080B582B000AF7860534B1B68534A98187B6803F10C017B689B791A46FDF7A0FC8A
:202F20007B689B791A464C4B1B6813444A4A13607B689B791A464A4B1B681344484A1360F7
:202F4000454B1B68B3F5806FC0F08280454B1B684FF4806241491846FEF774FC0346002B1C
:202F60006FD1414B1B684FF4806240491846FEF7B5FC0346002B5CD14FF4806237493B4887
:202F8000FDF78DFC0346002B4BD1394B40F2FC721A60374B05229A712F4B00221A60344B3D
:202FA00002221A734FF480613048FFF77BFA0346304A13602F4B1B681B0EDAB22C4B1A746C
:202FC0002C4B1B681B0CDAB2294BDA73294B1B681B0ADAB2264B9A73264B1B68DAB2244B6E
:202FE0005A73254B1B78DBB2012B09D1234B1B8801339AB2214B1A801D48FFF725F903E07B
:203000001B490420FDF74AF9164B1B6803F58063144A1360144B1B6803F58063124A1360D5
:2030200016E00423FF22022140F2FC70FFF7B0FA0EE00423FF22022140F2FC70FFF7A8FA62
:2030400006E00423FF22022140F2FC70FFF7A0FA00BF0837BD4680BD683C0020803C002013
:203060006C3C00204C0700205007002080400020B8440020703C0020683A0020E4440020CC
:2030800080B582B000AF674A674B1A60674B1B68002B20D1664BD3F80220664B1B689A423E
:2030A00006D0634BD3F80A20624B1B689A4207D10423AA22032140F2FC70FFF769FAADE018
:2030C0000423FF22032140F2FC70FFF761FA594B00221A60A2E0584B1B68544A12685149FB
:2030E0001846FEF7AFFB0346002B40F08F80534B1B684E4A126852491846FEF7EFFB0346CC
:20310000002B7BD1494B1B681A4646494C48FDF7C6FB0346002B40F081804A4B40F2FC720F
:203120001A60484B05229A71404B1B6819464448FFF7B8F90346444A1360434B1B681B0E2C
:20314000DAB2404B1A74404B1B681B0CDAB23D4BDA733D4B1B681B0ADAB23A4B9A733A4B61
:203160001B68DAB2374B5A73384B1B78DBB2012B03D13448FFF768F803E032490420FDF706
:203180008DF82D4B1A68294B1B6813442A4A13602A4B1A68254B1B681344284A1360002332
:2031A0007B6002E07B6801337B607B684CF24F329342F7D91E4BD3F802201E4B1B689A42FB
:2031C00006D01B4BD3F80A201A4B1B689A420AD1164B00221A600423AA22032140F2FC706D
:2031E000FFF7D6F91AE00423FF22032140F2FC70FFF7CEF90F4B00221A600FE00423FF221C
:20320000032140F2FC70FFF7C3F907E00423FF22032140F2FC70FFF7BBF9FFE700BF0837BB
:20322000BD4680BD803C0020B4440020683C00208C4400206C3C00204C07002050070020F4
:2032400080400020B8440020703C0020683A002080B584B000AF7860244B40F2FC721A606B
:20326000224B02229A717B685B7B1A467B689B7B1B021A447B68DB7B1B041A447B681B7CF5
:203280001B061344FB601A4B1B78002B04D1184AFB68C2F8063007E0154B5B78002B03D195
:2032A000134AFB68C2F80E30124B1B6819464FF48030FFF731F903460F4A13600E4B1B6813
:2032C000FA689A4207D10423AA22072140F2FC70FFF75EF906E00423FF22072140F2FC70DE
:2032E000FFF756F900BF1037BD4680BDB8440020A0440020743C00207C3C002080B588B00E
:2033000000AF394B1B78012B0CD1384BD3F80230354AC2F80230354BD3F80630324AC2F83C
:2033200006300FE0304B5B78012B0BD12F4BD3F80A302D4AC2F80A302C4BD3F80E302A4A34
:20334000C2F80E304FF480510020FEF729FB0346002B3ED13B46142223491846FDF780FAB6
:20336000142221492248FDF77BFA3B46214A13603B46142219460020FEF764FA0346002B7E
:203380001FD1142219490020FEF7A8FA0346002B0FD1142215491448FDF781FA0346002BC7
:2033A0001ED10423AA22042140F2FC70FFF7F0F816E00423FF22042140F2FC70FFF7E8F8B3
:2033C0000EE00423FF22042140F2FC70FFF7E0F806E00423FF22042140F2FC70FFF7D8F86F
:2033E00000BF2037BD4680BD8C440020A0440020543C0020B444002080B500AF4FF4A021D3
:203400004FF48030FDF70CF90346002B07D10423AA22052140F2FC70FFF7BAF806E0042308
:20342000FF22052140F2FC70FFF7B2F800BF80BD80B500AF0E221D494FF44820FDF710F9E9
:203440000346002B30D1194B1B78012B20D1174B5A79174B1A70154B9A79154B5A70134BC7
:20346000DA79134B9A70114B1A7A114BDA700F4B5A7A0F4B1A710D4B9A7A0D4B5A710B4B03
:20348000DA7A0B4B9A71094B1A7B094BDA710BE0074BFF221A70064B01225A71044B022255
:2034A0009A71034B0022DA7100BF80BDCC440020DC44002080B586B000AF3A4BBB6072B6F8
:2034C00000BF394B00229A8000BF374B9B889BB2002BFAD1344B00229A8200BF324B9B8AA8
:2034E0009BB2002BFAD1314B00221A604FF0FF30FEF780FF4FF0FF30FEF7A0FF00237B618E
:2035000008E02B4A7B69C033002142F823107B6901337B617B695F2BF3D900233B6110E00C
:20352000244A3B6920334FF0FF3142F82310214A3B6960334FF0FF3142F823103B690133F4
:203540003B613B69072BEBD90023FB6007E0184AFB68134400221A70FB680133FB60FB68B3
:203560000F2BF4D900233B603B6883F31488BFF36F8F00BF00BF104B4FF480329A60BFF3A7
:203580004F8F00BF4FF480331B687B607B6883F3088800BFBB681B68984700BF1837BD46FC
:2035A00080BD00BF04000100000D004010E000E00060004000E100E000ED00E080B500AFDB
:2035C000FDF72EFAFDF7AAFAFCF794FE00BF80BD80B500AFFDF788F800BF80BD80B582B0FB
:2035E00000AF0346FB71FB79022B03D10349044801F0FCFC00BF0837BD4680BD708500003E
:20360000F844002080B500AFFFF7E2FF0023184680BDFFFF80B586B000AF786039607B6869
:203620007B613968786900F070F838613B69002B01D03B6932E03B681B791A4ADB01DBB2E1
:2036400093713B681B781A46174B9B5C03F00303FB603B685B781B01DBB2FA681343FB60F1
:203660003B689B781B0303F44053FA681343FB603B68DB781B0203F44073FA681343FB6009
:20368000084BFA6892B25A803B685B79054ADB01DBB213727B69054A1A6000231846183726
:2036A000BD4680BD003408403C8600005444570080B483B000AF7860064B00221A70054B62
:2036C000FF221A70002318460C37BD465DF8047B704700BF0034084080B483B000AF7860C4
:2036E0003960062318460C37BD465DF8047B704780B483B000AF78600B46FB7006231846A8
:203700000C37BD465DF8047B704780B483B000AF78603960002318460C37BD465DF8047BB6
:20372000704780B483B000AFEFF303837B607B683B603B88C3F308039BB2DBB2103BDBB2C5
:203740005BB218460C37BD465DF8047B7047FFFF80B483B000AF03463960FB7197F9073004
:2037600004493A6841F8232000BF0C37BD465DF8047B70474C46002080B483B000AF03463D
:20378000FB7197F90730044A52F8233018460C37BD465DF8047B70474C46002080B483B0C3
:2037A00000AF0346FB710B4997F9073003F1C00251F8223023F4803341F82230054A97F905
:2037C0000730C03352F8233000BF0C37BD465DF8047B70470060004080B584B000AF034691
:2037E000FB7197F907301846FFF7D8FFBFF35F8F00BF97F90730FB60FB6803F01F02074923
:2038000097F907305B09012000FA02F2603341F8232000BF1037BD4680BD00BF00E100E099
:2038200080B584B000AF0346B9607A60FB73BB68DAB2094997F90F301201D2B20B4483F895
:20384000002397F90F3079681846FFF781FF00BF1037BD4680BD00BF00E100E080B485B092
:2038600000AF0346FB7197F90730FB60FB6803F01F020749FB685B09012000FA02F241F8EC
:20388000232000BF1437BD465DF8047B704700BF00E100E080B582B000AF0346FB7197F972
:2038A00007301846FFF798FF97F907301846FFF7D5FF00BF0837BD4680BDFFFF80B485B052
:2038C00000AF0346FB7197F90730FB60FB6803F01F020B4997F907305B09012000FA02F25D
:2038E000203341F82320BFF34F8F00BFBFF36F8F00BF00BF1437BD465DF8047B704700BFE4
:2039000000E100E080B584B000AF0346B9607A60FB7397F90F307A68B9681846FFF780FF7F
:2039200097F90F301846FFF7B5FF00BF1037BD4680BDFFFF80B584B000AF786039600023C0
:20394000FB607B68BB60386800F0CFF8F860FB68002B01D0FB6822E0BB683A685A603B6879
:203960009A69BB685A623B68DA69BB68DA62BB6800229A62BB685B681B7803F5800303F5F3
:203980008D531B021A46BB689A60B86800F00AF9B86800F055FABB68034A1A60FB68184690
:2039A0001037BD4680BD00BF4950535280B586B002AFF860B9607A60FB70FB7800937B68C8
:2039C000BA680021F86800F0DFFA034618461037BD4680BD80B586B002AFF860B9607A60E6
:2039E000FB70FB7800937B680022B968F86800F0CBFA034618461037BD4680BD80B586B082
:203A000002AFF860B9607A603B603B7E00933B687A68B968F86800F0B7FA0346184610372E
:203A2000BD4680BD80B584B000AF78607B68FB60FB6800221A60FB685B685B69002B0AD02A
:203A4000FB685B685B699B681B6AFA6852685269126810469847FB685B681B69002B0AD0BF
:203A6000FB685B681B699B681B6AFA6852681269126810469847FB685B6893F90230002BBF
:203A800006DBFB685B6893F902301846FFF716FFFB685B6893F90130002B06DBFB685B68E3
:203AA00093F901301846FFF709FFFB685B6893F903301846FFF702FFFB685B6893F90430CD
:203AC0001846FFF7FBFEFB689A68137823F040031370FB689B68DB78FB689B680022DA7045
:203AE000002318461037BD4680BD80B586B000AF786000237B617B681B693B617B681B7854
:203B000003F5800303F58D531B020433FB603B69002B19D03B695B681B684FF000621A60E6
:203B20003B695B681B68FA689A603B699B681B683A6910683A6952681146984778617B69AA
:203B4000002B01D07B6928E07B685B69BB60BB68002B21D0BB685B681B684FF400221A6034
:203B6000BB685B681B68FA685A60BB689B681B68BA681068BA6852681146984778617B69AE
:203B8000002B09D03B69002B06D03B699B681B6A3A691268104698477B6918461837BD466A
:203BA00080BDFFFF80B491B000AF78600023FB6300233B620023BB6300237B6300233B638A
:203BC0000023FB620023BB6200237B620023FB61FB6B43F08003FB63FB6B43F02003FB6312
:203BE000FB6B43F01003FB637B685B685B7A002B01D1082300E00023FA6B1343FB637B6819
:203C00005B685B7A002B01D1102300E000237A6B13437B637B685B689B7A1A467B6A13436A
:203C20007B627B685B68DB7A5B007A6A13437B627B685B685B7B1B037A6A13437B627B68A6
:203C40005B681B69002B03D0FB6B43F02003FB637B685B681B6ABB61BB691B78002B14D1F7
:203C60007B685B681B78002B0AD17B685B685B7A002B01D1802300E000237A6A13437B62D0
:203C8000FB6B23F00103FB6303E0FB6B43F00103FB63BB695B78DB01DB431A46FB6B134061
:203CA000FB63BB695B785A00BB695B785B0113431A46FB6B1343FB633B6A23F00F033B62CB
:203CC000BB699B781A46BB69DB7802FA03F33A6A13433B627B6A23F070037B62BB69DB788E
:203CE0001B017A6A13437B62BB691B79002B0BD0BB6B43F02003BB63BB691B79022B03D180
:203D0000BB6B43F01003BB63BB695B79002B0BD07B6B43F001037B63BB695B79012B03D128
:203D20007B6B43F002037B63BB699B791A46FB691343FB61BB691B7AC3F30103DBB29B003E
:203D40007A6A13437B627B685B685B7A002B0CD17B6A43F460437B62BB695B7A3B63BB6972
:203D60009B7AFB62BB69DB7ABB6200237B61EFF310833B613B697B610123FB60FB6883F353
:203D8000108800BF2D4B5A687B685B681B78C3F11303012101FA03F3DB43284913404B60EF
:203DA000264B5B687B69BB60BB6883F3108800BF7B689B68DB787B689B680022DA707B6872
:203DC0009B68FA6BD2B21A707B689B683A6AD2B25A707B689B68BA6BD2B29A707B689B6816
:203DE000BA69D2799A727B689B683A6BD2B21A737B689B68FA6AD2B25A737B689B68BA6A08
:203E0000D2B29A737B689B687A6BD2B2DA737B689B687A6A92B21A827B689B68FA69D2B2FE
:203E200083F820207B689B68102283F8212000BF4437BD465DF8047B704700BF00400840E4
:203E400080B582B000AF78607B685B6893F90230002B0ADB7B685B6893F902007B685B6826
:203E60009B797A681946FFF74DFD7B685B6893F90130002B0ADB7B685B6893F901007B6824
:203E80005B685B797A681946FFF73CFD7B685B6893F904007B685B681B7A7A681946FFF773
:203EA00031FD7B685B6893F903007B685B68DB797A681946FFF7B4FC00BF0837BD4680BD80
:203EC00080B487B000AF78607B689B68DB7ADBB27B617B689B681B8A9BB2FB607B6893F8AB
:203EE00020300F2B08D97B6923F040037B617B6943F020037B610DE07B6893F82030072B4E
:203F000004D87B6943F040037B6103E07B6923F060037B617B6893F820303B613B690F2B3E
:203F200004D93B6901339B08053B3B61FB6823F47063FB603B691B02FA681343FB607B68EE
:203F40009B687A69D2B2DA727B689B68FA6892B21A8200BF1C37BD465DF8047B704780B4AF
:203F600083B000AF78607B689B681B78DAB27B689B6842F06002D2B21A7000BF0C37BD46F5
:203F80005DF8047B7047FFFF80B588B000AFF860B9607A603B60FB68FB61FB699B681B78DD
:203FA000DBB203F04003002B01D0082306E1FB69BA68DA60FB697A681A61FB6900225A616E
:203FC000FB6900229A61FB693A68DA61FB6997F8282083F82020FB695B685B69002B6DD0D6
:203FE000FB693A689A61FB6993F820300F2B0AD9FB695B685B695B681A68D378022161F372
:204000000513D37018E0FB6993F82030072B09D8FB695B685B695B681A68D37823F030033A
:20402000D37009E0FB695B685B695B681A68D378012161F30513D370FB695B685B695B685A
:204040001A689378022161F383039370FB695B685B695B681B683A6892B2DA81FB695B683A
:204060005B695B681B687A689A607B68002B0FD1FB695B685B695B681A68937823F00C030F
:204080009370FB695B685B695B681B684D4A9A60FB695B685B699B685B68FA6952685269D2
:2040A0001068FA69526852695268126811469847B861BB69002B01D0BB697FE0FB695B6863
:2040C0001B69002B73D0FB693A685A61FB6993F820300F2B0AD9FB695B681B695B681A68E1
:2040E000D378022161F30513D37018E0FB6993F82030072B09D8FB695B681B695B681A6869
:20410000D37823F03003D37009E0FB695B681B695B681A68D378012161F30513D370FB6972
:204120005B681B695B681A68D378022161F38303D370FB695B681B695B681B683A6892B291
:20414000DA81FB695B681B695B681B68BA685A60BB68002B0FD1FB695B681B695B681A6819
:20416000D37823F00C03D370FB695B681B695B681B68154A5A60FB699A68137823F020035E
:204180001370FB695B681B699B685B68FA69526812691068FA6952681269526812681146F8
:2041A000984778617B69002B01D07B6906E0F869FFF786FEF869FFF7D2FE002318462037C3
:2041C000BD4680BDFC4500200046002080B485B000AF78607B689B69FB607B68DB69FA681D
:2041E0009A4234D07B681B69002B03D17B689B685B6827E07B6893F820300F2B09D97B680C
:204200009A687B681969FB689B000B4452681A6018E07B6893F82030072B09D87B689A6808
:204220007B681969FB680B441279D2B21A7009E07B689A687B681969FB685B000B44928874
:2042400092B21A80FB685A1C7B689A6100E000BF1437BD465DF8047B704780B485B000AF39
:2042600078607B685B69FB607B68DB69FA689A4233D07B68DB68002B04D17B689B680022CE
:204280005A6025E07B6893F820300F2B09D97B68DA68FB689B001A447B689B6812685A60EA
:2042A00016E07B6893F82030072B08D87B68DA68FB681A447B689B6812781A7108E07B688C
:2042C000DA68FB685B001A447B689B6812889A80FB685A1C7B685A6100E000BF1437BD4682
:2042E0005DF8047B704790B587B000AF78600B46FB707B689B6A7B617B69002B03D107F1D5
:2043000008037B6105E07A6907F1080307CA83E807007B685B681B781A467B691A607B69CD
:20432000FA781A717B68DA6A7B699A607B685B6A786998477B689B6A002B08D07B689B6A40
:204340001C4607F1080393E8070084E8070000BF1C37BD4690BD80B582B000AFFFF7E1F9BB
:204360000346FB7197F907301846FFF717FA97F907301846FFF700FA38603868FFF726FFF4
:204380003B689A693B68DB699A4206D13B685B6893F903301846FFF761FA00BF0837BD4608
:2043A00080BD80B584B000AFFFF7BBF90346FB7397F90F301846FFF7F1F997F90F3018460D
:2043C000FFF7DAF9B860BB685B681B6A7B607B68002B1ED07B685B78012B1AD1BB685A6907
:2043E000BB68DB69013B9A4207D1BB685B6893F903301846FFF74EFA0BE0BB685B681B69D0
:20440000002B06D0BB685B6893F903301846FFF725FAB868FFF721FF00BF1037BD4680BD07
:2044200080B582B000AFFFF77CF90346FB7197F907301846FFF7B2F997F907301846FFF765
:204440009BF938603B689B68DB78C3F34003DBB2002B04D03B685B685B7A012B28D197F9C2
:2044600007301846FFF72AFA3B685B6893F90230002B06DB3B685B6893F902301846FFF7E5
:204480001DFA3B689A68137823F0400313703B685B6893F90230002B06DB3B685B6893F9DA
:2044A00002301846FFF7F6F901213868FFF71BFF00BF0837BD4680BD80B584B000AFFFF769
:2044C00030F90346FB7397F90F301846FFF754F9B860BB685B6893F90230002B06DBBB68A1
:2044E0005B6893F902301846FFF7E8F9BB689A68137823F040031370BB685B6893F90230D9
:20450000002B06DBBB685B6893F902301846FFF7C1F9BB689B68DB78FB71BB689B680022B0
:20452000DA70FB7903F00803DBB2002B03D00521B868FFF7D8FEFB7903F00103DBB2002BFF
:2045400003D00421B868FFF7CEFEFB7903F00403DBB2002B09D0FB7903F01003DBB2002B50
:2045600003D00821B868FFF7BEFE97F90F301846FFF714F900BF1037BD4680BD80B483B090
:2045800000AFEFF303837B607B683B603B88C3F308039BB2DBB2103BDBB25BB218460C37C7
:2045A000BD465DF8047B704780B483B000AF03463960FB7197F9073004493A6841F82320D7
:2045C00000BF0C37BD465DF8047B70474C46002080B483B000AF0346FB7197F90730044AB9
:2045E00052F8233018460C37BD465DF8047B70474C46002080B483B000AF0346FB710B491E
:2046000097F9073003F1C00251F8223023F4803341F82230054A97F90730C03352F8233087
:2046200000BF0C37BD465DF8047B70470060004080B584B000AF0346FB7197F90730184658
:20464000FFF7D8FFBFF35F8F00BF97F90730FB60FB6803F01F02074997F907305B090120F9
:2046600000FA02F2603341F8232000BF1037BD4680BD00BF00E100E080B584B000AF034616
:20468000B9607A60FB73BB68DAB2094997F90F301201D2B20B4483F8002397F90F307968B5
:2046A0001846FFF781FF00BF1037BD4680BD00BF00E100E080B485B000AF0346FB7197F903
:2046C0000730FB60FB6803F01F020749FB685B09012000FA02F241F8232000BF1437BD4622
:2046E0005DF8047B704700BF00E100E080B582B000AF0346FB7197F907301846FFF798FF32
:2047000097F907301846FFF7D5FF00BF0837BD4680BDFFFF80B485B000AF0346FB7197F911
:204720000730FB60FB6803F01F020B4997F907305B09012000FA02F2203341F82320BFF361
:204740004F8F00BFBFF36F8F00BF00BF1437BD465DF8047B704700BF00E100E080B58AB0C6
:2047600000AF786039607B687B623B681B7803F5800303F58C531B021A467B6A1A627B6A0E
:2047800000221A707B6A3A68DA613B685A697B6A5A623B689A697B6ADA627B6A00229A62DA
:2047A0007A6A9378012161F3010393703B685B78002B05D17A6A9378022161F301039370A9
:2047C0003968786A00F0C0F9786A00F006F900233B62EFF31083FB60FB683B6201233B618C
:2047E0003B6983F3108800BF474B5A683B681B7819464FF00043CB40DB43434913404B602A
:20480000414B5B683B6A7B617B6983F3108800BF7B6A1B6A00229A707B6A1B6A00221A716A
:204820007B6A1B6A00225A727B6A1B6A00229A727B6A1B6A0022DA727B6A1B6A00225A8347
:204840003B681B781A4640F21923D34003F00103002B03D07B6A1B6A4022DA747B6A1B6AC8
:2048600006221A773968786A00F0C1F87B6A0022DA607B6A00221A617B6A00225A617B6AE9
:2048800000229A613B68DB69FB61FB691B7803F00303BB61BB6943F01003BB617B6ADB69FD
:2048A00093F905301846FFF721FF7B6ADB6993F90B301846FFF71AFFBB6943F04003BB61B0
:2048C0007B6ADB6993F907301846FFF70FFF7B6ADB6993F909301846FFF708FFBB6943F0EA
:2048E0002003BB617B6A1B6ABA69D2B29A70FB695A897B6A1A817B6A044A5A600023184629
:204900002837BD4680BD00BF004008405549435380B487B000AFF860B9607A60FB687B61D9
:2049200000233B617B69BA685A617B697A689A613B6918461C37BD465DF8047B704780B41F
:2049400087B000AFF860B9607A60FB687B617B691B6A9B78DAB27B691B6A02F07B02D2B283
:204960009A707B699B78C3F30103DBB21A467B689A1A7B691A617B699B78C3F30103DBB25B
:204980001A46BB681A447B69DA607B691B6A9B78DAB27B691B6A62F07F02D2B29A707B6962
:2049A0009B7803F00303DBB2022B0AD1BB681B887A69126A6FEAC3536FEAD3539BB2D381A2
:2049C00004E07B691B6ABA681278DA70002318461C37BD465DF8047B704780B483B000AF1C
:2049E000786000BF0C37BD465DF8047B704780B586B000AF786039603B681B781A4640F2FC
:204A00001923D34003F00103002B04D07B681B6A4FF478429A823B689B781A013B68DB7809
:204A2000DB0013437B61F2233B613B685B78032B04D17B6943F040037B6107E03B685B78AC
:204A4000002B03D13B6923F010033B617B681B6A7A69D2B21A707B681B6A3A69D2B29A71FE
:204A60003B68DB69BB60BB681B7B082B04D17B681B6A0A225A7309E0BB681B7B5B00DAB289
:204A80007B681B6A02F00202D2B25A730023FB60BB685B78DB01DBB2FA681343FB60BB6854
:204AA0009B785B0103F02003FA681343FB607B681B6A00221A72BB681B78022B03D0BB686F
:204AC0001B78032B11D17B681B6AFF225A70BB681B78022B03D1FB6843F01003FB607B6842
:204AE0001B6AFA68D2B2DA710DE07B681B6AFA68D2B2DA717B681A6ABB685B681946104678
:204B000000F04FF800BF00BF1837BD4680BD80B582B000AF78600B46FB701346BB7097F993
:204B200002301846FFF7F6FD97F902301846FFF761FDF97897F902307A681846FFF79CFD86
:204B400000BF0837BD4680BD80B582B000AF786039603B68997A3B6893F90B301A46786830
:204B6000FFF7D5FF3B6819793B6893F905301A467868FFF7CCFF3B6899793B6893F90730B6
:204B80001A467868FFF7C3FF3B68197A3B6893F909301A467868FFF7BAFF00BF0837BD468F
:204BA00080BD80B483B000AF786039603B689A787B685A703B685B78C3F30103D9B27A6832
:204BC000137861F3010313703B68DA787B689A747B68DB79DBB223F05C03DAB23B681B7891
:204BE00003F05C03DBB21343DAB27B68DA7100BF0C37BD465DF8047B704790B58BB000AF07
:204C0000F860B9601346FB71FB689B6A7B627B6A002B03D107F114037B6205E07B6A07F187
:204C200014040FCB84E80F00FB68DB691B781A467B6A1A607B6ABA689A607B6AFA791A712A
:204C4000FB68DA6A7B6ADA60FB685B6A786A9847FB689B6A002B07D0FB689B6A1C4607F179
:204C600014030FCB84E80F0000BF2C37BD4690BD80B584B000AFFFF781FC0346FB7397F984
:204C80000F301846FFF7B6FC97F90F301846FFF79FFCB860BB68DB691B69002B30D1BB68BF
:204CA0001B69002B2CD0BB689B7803F00303DBB2022B0BD1BB68DB681B88BA68126A6FEA84
:204CC000C3536FEAD3539BB2D38105E0BB68DA68BB681B6A1278DA70BB681B69BA68927805
:204CE000C2F30102D2B29A1ABB681A61BB68DB68BA689278C2F30102D2B21A44BB68DA609D
:204D0000BB681B69002B1BD1BB681B6A9B78FB71FB7943F00403FB71FB7903F07F03FB713F
:204D2000BB681B6AFA799A70BB680022DA60BB685B6A002B04D080220021B868FFF75DFFB3
:204D400000BF1037BD4680BD80B584B000AFFFF715FC0346FB7397F90F301846FFF74AFCCE
:204D600097F90F301846FFF733FCB860BB689B7803F00303DBB2022B07D1BB681B6A1B8ABB
:204D80009BB2C3F308037B6004E0BB681B6A5B79DBB27B60BB689B69002B0AD1BB685B6A4D
:204DA000002B33D07B6804221946B868FFF725FF2CE0BB685869BB689B78C3F30103DBB2B6
:204DC0001A463B1D194603F06DFABB685B69BA689278C2F30102D2B21A44BB685A61BB68B4
:204DE0009B69BA689278C2F30102D2B29A1ABB689A61BB689B69002B08D1BB685B6A002B37
:204E000004D001220021B868FFF7F7FE00BF1037BD4680BD80B582B000AFFFF7AFFB03462A
:204E2000FB7197F907301846FFF7D2FB38603B681B6A9B78DAB23B681B6A02F07B02D2B2A4
:204E40009A703868FFF7C9FD3B685B6A002B04D0022200213868FFF7D0FE97F907301846B7
:204E6000FFF7C8FB00BF0837BD4680BD80B584B000AFFFF783FB0346BB7297F90A30184611
:204E8000FFF7A6FB78600023FB607B689B7803F00303DBB2022B07D17B681B6A1B8A9BB24A
:204EA000C3F30803FB6004E07B681B6A5B79DBB2FB607B681B6A1B79DBB203F03803FB72AA
:204EC000FB7A03F01003002B0BD07B681B6A1B7FC3F30003DBB2002B03D1FB7A43F040031F
:204EE000FB727B681B6A1B79DAB27B681B6A22F03802D2B21A717868FFF76FFD7B685B6A10
:204F0000002B05D0FB7A1A46F9687868FFF775FE97F90A301846FFF76DFB00BF1037BD4683
:204F200080BDFFFF80B485B000AF0023FB60EFF310837B607B68FB600123BB60BB6883F33A
:204F4000108800BF0D4B1B68002B05D10C4B0022DA700B4B4022DA70084B1B680133074AFE
:204F60001360FB683B603B6883F3108800BF00BF1437BD465DF8047B704700BF484600204B
:204F8000000D084080B485B000AF0023FB60EFF310837B607B68FB600123BB60BB6883F3C0
:204FA000108800BF0F4B1B68002B04D00D4B1B68013B0C4A13600B4B1B68002B05D10A4BAF
:204FC0000022DA70084B8022DA70FB683B603B6883F3108800BF00BF1437BD465DF8047BD7
:204FE000704700BF48460020000D084080B584B000AF786039607B68FB60FB68044A1A6046
:20500000386800F03EF8002318461037BD4680BD54524F5080B487B000AF78600B467B803F
:2050200013467B700023FB820023BB827B8823F0FF037B827B88DBB23B823B8A012202FAE6
:2050400003F3FB817B78002B02D1FB89BB8201E0FB89FB827B8A1B0A9BB2DBB25B0103F1F6
:20506000804303F50023BB60BB8A1A04FB8A1A43BB689A60002318461C37BD465DF8047B2A
:20508000704780B584B000AF7860786800F060F87B68BB60FFF746FF0023FB8111E0BB6855
:2050A0005A68FB89DB0013449888BB685A68FB89DB0013441B68194600F00EF8FB8901332D
:2050C000FB81BB681B88FA899A42E8D3FFF75AFF00BF1037BD4680BD80B483B000AF034680
:2050E0003960FB803B6803F48033002B1CD01749FB881B0A9BB21A46FB88DBB212011A4402
:2051000051F8223023F4803341F822300F48FB881B0A9BB21946FB88DBB23A6822F480327A
:2051200009010B4440F823200849FB881B0A9BB21A46FB88DBB2120113443A6841F823205D
:2051400000BF0C37BD465DF8047B70470008084080B588B000AF7860594B7B61594B3B61BB
:205160000023FB619FE00023BB6195E07B685A68FB69DB0013449A885349BB6931F81330F4
:205180009A4240F086807B685A68FB69DB0013441B6803F0F853FB60FB68B3F1807F03D0CD
:2051A000FB68B3F1106F39D17B6993F8BB34DAB20121BB6901FA03F3DBB21340DBB2002BA6
:2051C00013D1012002F080FF7B6993F8BB34DAB20121BB6901FA03F3DBB21343DAB27B69E5
:2051E00083F8BB24012002F01FFF3B69BA69203213F81230C3F3C013DBB2002B49D13A69C0
:20520000BB6903F1200112F8113043F0800302F811300121C82002F085FD3AE07B6993F812
:20522000BB34DAB20121BB6901FA03F3DBB21340DBB2002B15D0012002F046FF7B6993F878
:20524000BB34DAB20121BB6901FA03F3DBB2DB43DBB21340DAB27B6983F8BB24012002F034
:20526000E3FE3B69BA69203213F81230C3F3C013DBB2002B0DD03A69BB6903F1200112F8E3
:20528000113023F0800302F811300121C82002F049FDBB690133BB61BB69022B7FF666AF6B
:2052A000FB690133FB617B681B881A46FB699342FFF459AF00BF00BF2037BD4680BD00BF0C
:2052C00000E00140003008404486000080B483B000AFEFF303837B607B683B603B88C3F31B
:2052E00008039BB2DBB2103BDBB25BB218460C37BD465DF8047B704780B483B000AF034656
:20530000FB7197F90730044A52F8233018460C37BD465DF8047B70474C46002080B483B027
:2053200000AF0346FB710B4997F9073003F1C00251F8223023F4803341F82230054A97F969
:205340000730C03352F8233000BF0C37BD465DF8047B70470060004080B584B000AFFFF748
:20536000B5FF0346BB7397F90E301846FFF7C4FFB8600023FB73174ABB685B79D35CC3F337
:205380000103DBB2032B02D10123FB7304E097F90E301846FFF7C2FFBB68002B0ED0BB68D3
:2053A0009B68002B0AD0BB685B797B60BB68DB683B60BB689B683A4610469847FB7B002B96
:2053C00004D097F90E301846FFF7A8FF00BF1037BD4680BD0060004080B483B000AFEFF352
:2053E00003837B607B683B603B88C3F308039BB2DBB2103BDBB25BB218460C37BD465DF892
:20540000047B704780B483B000AF03463960FB7197F9073004493A6841F8232000BF0C37BE
:20542000BD465DF8047B70474C46002080B483B000AF0346FB7197F90730044A52F82330AF
:2054400018460C37BD465DF8047B70474C46002080B483B000AF0346FB710B4997F9073085
:2054600003F1C00251F8223023F4803341F82230054A97F90730C03352F8233000BF0C37DE
:20548000BD465DF8047B70470060004080B584B000AF0346FB7197F907301846FFF7D8FF1F
:2054A000BFF35F8F00BF97F90730FB60FB6803F01F02074997F907305B09012000FA02F26A
:2054C000603341F8232000BF1037BD4680BD00BF00E100E080B584B000AF0346B9607A60A3
:2054E000FB73BB68DAB2094997F90F301201D2B20B4483F8002397F90F3079681846FFF7E6
:2055000081FF00BF1037BD4680BD00BF00E100E080B485B000AF0346FB7197F90730FB6056
:20552000FB6803F01F020749FB685B09012000FA02F241F8232000BF1437BD465DF8047B71
:20554000704700BF00E100E080B582B000AF0346FB7197F907301846FFF798FF97F90730D0
:205560001846FFF7D5FF00BF0837BD4680BDFFFF80B485B000AF0346FB7197F90730FB60D8
:20558000FB6803F01F020B4997F907305B09012000FA02F2203341F82320BFF34F8F00BFE8
:2055A000BFF36F8F00BF00BF1437BD465DF8047B704700BF00E100E080B584B000AF034603
:2055C000B9607A60FB7397F90F307A68B9681846FFF780FF97F90F301846FFF7B5FF00BF2F
:2055E0001037BD4680BDFFFF80B584B000AF786039607B68FB603B681B7C1A46012303FAA4
:2056000002F2FB68DA603968F86800F085F83968F86800F0B3F8FB68034A1A600023184644
:205620001037BD4680BD00BF5450470080B485B000AF78607B68FB60FB689B68FA68D26809
:205640009A60002318461437BD465DF8047B704780B485B000AF78607B68FB60FB689B6862
:20566000FA68D2685A60002318461437BD465DF8047B704780B586B000AF78607B687B61C9
:2056800000233B617B695B68DB69FB607B695B6893F91230184600F0D4F9FB6893F9243032
:2056A000184600F0CEF9FB6893F92530184600F0C8F97B6900221A60786900F021F8B86000
:2056C0007B699B687A69D2689A607B699B6800225A63BB6843F425431946786900F005F817
:2056E0003B6918461837BD4680BD80B483B000AF7860396000BF0C37BD465DF8047B704702
:2057000080B483B000AF7860002318460C37BD465DF8047B7047FFFF80B485B000AF78605B
:2057200039607B683A685A607B6801221A747B68DB6803F00603002B02D07B6800221A744B
:205740003B681B7C1A460C4B13441B02FB60FA687B689A603B685A697B685A613B689A69A0
:205760007B68DA617B6800229A6100BF1437BD465DF8047B704700BF9016400080B594B055
:2057800000AF786039603B68DB693B640023FB63EFF31083BB61BB69FB6301237B617B69EB
:2057A00083F3108800BF954B1A693B681B7C19464FF00043CB40DB43904913400B618F4B03
:2057C0001B69FB6B3B613B6983F3108800BF7B689B684FF425421A607B689B680022DA6284
:2057E0007B689B680022DA637B689B6800229A643B681B7ABB63BB6BDB05FB643B685B683D
:20580000013B7B633B681B78032B03D1FB6C43F48033FB647B689B68FA6CDA62786800F02E
:20582000EFF87B689B683A6C9269DA617B689B683A6CD2691A627B689B687A6B9A667B68CE
:205840009B687A6B5A6600233B633B6C9B6BBB644FF0FF33BB600023FB603B681B78002BA8
:2058600006D13B685B685B08013BFB62FB6ABB603B681B78012B07D93B68D96807F1080247
:205880000023786800F00BF97B689B68BA685A657B689B68BA689A653B681B78032B07D9FF
:2058A0007B689B68BA68DA657B689B68BA681A66FB681B043A6B13433B63FB681B063A6BD5
:2058C00013433B633B6C9B6B002B1ED13B6C1B78002B0AD03B6C5B781946386800F054F918
:2058E000B862BA6CBB6A1343BB643B6C9B78002B0BD03B6CDB781946386800F045F978620D
:205900007B6A1B04BA6C1343BB64786800F067F900233B620023FB617B689B683A6A9A63F2
:205920007B689B68FA69C3F888203B6C9B6B002B0DD13B6C93F820305B03BA6C1343BB648A
:205940003B6C93F821305B07BA6C1343BB644FF4AA037B643B6C93F83030002B02D04FF426
:20596000A0037B647B689B687A6C1A643B681B78012B07D17B689B680022DA647B689B68F5
:2059800000221A657B689B687A68D268DA607B689B68BA6C5A637B689B683A6B42F003029F
:2059A0001A637B689B683A6B42F001021A634AF201517868FFF799FE3B6893F912003B684E
:2059C0005B7C7A68194600F054F83B6C93F924003B6C93F822307A68194600F04AF83B6C7E
:2059E00093F925003B6C93F823307A68194600F040F800BF5037BD4680BD00BF004008403B
:205A000080B483B000AF78607B689B684FF000421A617B689B684FF000425A617B689B68AE
:205A20004FF000429A617B689B6800225A627B689B6800229A6200BF0C37BD465DF8047B49
:205A4000704780B582B000AF0346FB7197F90730002B0ADB97F907301846FFF789FD97F9BC
:205A6000073000211846FFF7CDFC00BF0837BD4680BD80B584B000AF0346B9607A60FB73B1
:205A800097F90F30002B06DB97F90F307A68B9681846FFF791FD00BF1037BD4680BD80B4FD
:205AA0008BB000AFF860B9607A603B60FB689B689B6EFB61FB690133FB61BB68002B0CBF3E
:205AC00001230023FB76BA68FB699A422CBF01230023BB76FB7E002B02D1BB7E002B44D05A
:205AE0003B6803F00103002B07D1FB689B685B6BC3F30403DBB27B6206E0FB689B685B6BA4
:205B0000C3F30443DBB27B62FB685B681B78032B09D97B6A03F01003002B0CBF012300232D
:205B200087F8233008E07B6A03F00C03042B0CBF0123002387F82330FB7E002B06D097F8A8
:205B4000233083F00103DBB2002B06D1BB7E002B07D097F82330002B03D07B6802225A6010
:205B60000CE07B6803225A6008E0BB687B617B69013B7B617B687A691A6000BF00BF2C3773
:205B8000BD465DF8047B704780B485B000AF78600B46FB70FB789A01FB781B01134343F4A1
:205BA0008073BB600923FB607B681B78022B0BD07B681B78032B02D10323FB6004E0FB7883
:205BC000002B01D10623FB60BA68FB681343BB60BB6818461437BD465DF8047B704780B4C0
:205BE00085B000AF78607B685B68DB69FB60FB6893F8303003F00103DBB2002B05D0FB686F
:205C00009A6A7B689B68013ADA64FB6893F8303003F00203DBB2002B05D0FB68DA6A7B68C4
:205C20009B68013A1A6500BF1437BD465DF8047B704790B589B000AFF8600B467A60FB72F2
:205C4000FB689B69FB61FB69002B03D107F11003FB6105E0FA6907F1100307CA83E8070021
:205C6000FB69FA7A1A71FB697A689A60FB68DA69FB691A60FB685B69F8699847FB689B692F
:205C8000002B08D0FB689B691C4607F1100393E8070084E8070000BF2437BD4690BD80B599
:205CA00084B000AFFFF798FB0346FB7397F90F301846FFF7CDFB97F90F301846FFF7B6FB02
:205CC000B860BB685B681B78012B20D1B868FFF717FD7860BB689B68BA68D2689A60BB6875
:205CE0009B6800229A64BB689B680022DA64BB689B6800221A657B6843F425431946B86833
:205D0000FFF7F3FC97F90F301846FFF7BFFBBB685B69002B04D000220021B868FFF789FFFA
:205D200000BF1037BD4680BD80B483B000AFEFF303837B607B683B603B88C3F308039BB275
:205D4000DBB2103BDBB25BB218460C37BD465DF8047B704780B487B000AF0346FB710E4B7A
:205D60001B6A7B61FB797A6922FA03F303F007033B617B691B0E03F00703FB60074B1A6887
:205D8000FB689A403B6922FA03F318461C37BD465DF8047B704700BF00E00140D4470020B6
:205DA00080B400AF094B0122A3F80421074BB3F804319BB2002BF9D1044B0122A3F8002127
:205DC00000BFBD465DF8047B704700BF00C0014080B483B000AF03463960FB7197F907308B
:205DE00004493A6841F8232000BF0C37BD465DF8047B70474C46002080B483B000AF034697
:205E0000FB7197F90730044A52F8233018460C37BD465DF8047B70474C46002080B483B01C
:205E200000AF0346FB710B4997F9073003F1C00251F8223023F4803341F82230054A97F95E
:205E40000730C03352F8233000BF0C37BD465DF8047B70470060004080B584B000AF0346EA
:205E6000FB7197F907301846FFF7D8FFBFF35F8F00BF97F90730FB60FB6803F01F0207497C
:205E800097F907305B09012000FA02F2603341F8232000BF1037BD4680BD00BF00E100E0F3
:205EA00080B584B000AF0346B9607A60FB73BB68DAB2094997F90F301201D2B20B4483F8EF
:205EC000002397F90F3079681846FFF781FF00BF1037BD4680BD00BF00E100E080B485B0EC
:205EE00000AF0346FB7197F90730FB60FB6803F01F020749FB685B09012000FA02F241F846
:205F0000232000BF1437BD465DF8047B704700BF00E100E080B582B000AF0346FB7197F9CB
:205F200007301846FFF798FF97F907301846FFF7D5FF00BF0837BD4680BDFFFF80B485B0AB
:205F400000AF0346FB7197F90730FB60FB6803F01F020B4997F907305B09012000FA02F2B6
:205F6000203341F82320BFF34F8F00BFBFF36F8F00BF00BF1437BD465DF8047B704700BF3D
:205F800000E100E080B584B000AF0346B9607A60FB7397F90F307A68B9681846FFF780FFD9
:205FA00097F90F301846FFF7B5FF00BF1037BD4680BDFFFF80B584B000AF786039607B685A
:205FC000FB600023BB60FB683A685A603B681B78002B23D03B685A68FB689A633B68DA686B
:205FE000FB681A64FB680022DA63184B01221A763B6893F911003B681B7CFA681946FFF7B7
:20600000C1FF124B98221A753B6893F913003B689B7CFA681946FFF7B5FF05E00B4B002256
:206020001A760A4B00221A75F86800F073FAB860BB68002B01D0BB6803E0FB68044A1A60A5
:20604000BB6818461037BD4680BD00BF00E07F404E45504F80B586B000AFF860B9607A6043
:206060003B60FB683B6100237B613B685A083B691A633B69BA689A623B697A68DA623B6939
:20608000002283F834207B68B3F1006F04D2386902F062F9786103E0386900F084F97861B2
:2060A0007B6918461837BD4680BD80B588B000AFF860B9607A60FB687B610023FB617B6906
:2060C000002283F83420BB68B3F1006F19D20023BB61BB68B3F5803F06D2BB6823F4FF5381
:2060E00023F01F03BB6105E0BB6823F4FF4323F07F03BB617A68B969786902F031F9F861E3
:206100000EE0BB6823F03F033B617A683969786900F09EFAF861FB69002B01D0FB6900E093
:20612000FB6918462037BD4680BD80B588B000AFF860B9607A603B60FB687B610023FB6146
:20614000BB68B3F1006F1DD27B69002283F834203B6800221A70BB683B610023BB610CE00C
:206160003A69BB6913441B78FF2B03D03B6801221A700EE0BB690133BB61BA697B689A42DD
:20618000EED306E03B687A68B968786900F052F9F861FB6918462037BD4680BD80B483B07D
:2061A00000AF786039600B4BB3F884309BB203F08103002B03D13B6800221A7002E03B6873
:2061C00001221A70002318460C37BD465DF8047B704700BF00E07F4080B487B000AFF860F0
:2061E000B9601346FB80FB687B6100233B6106233B613B6918461C37BD465DF8047B70470C
:2062000080B487B000AFF860B9607A60FB687B6100233B6106233B613B6918461C37BD46FE
:206220005DF8047B704780B485B000AF78607B68FB600023BB600623BB60BB681846143757
:20624000BD465DF8047B704780B584B000AF78607B68FB60F86802F067F8034618461037E3
:20626000BD4680BD80B584B000AF78600B46FB701346BB707B68FB600023BB60BA78FB788D
:206280001946F86802F054F8B860BB6818461037BD4680BD80B485B000AF78607B68FB60B3
:2062A0000023BB600623BB60BB6818461437BD465DF8047B704780B584B000AF78607B682F
:2062C000FB60F86800F026F9034618461037BD4680BDFFFF80B483B000AF786039603B689E
:2062E000094A92E8030083E803003B68074A083392E8030083E80300002318460C37BD467F
:206300005DF8047B704700BF6C8600009C08002080B584B000AF78607B68FB600023BB6011
:20632000FB6800221A60FB685B6893F91130002B06DBFB685B6893F911301846FFF7FEFD1D
:206340000B4B00221A76FB685B6893F91330002B06DBFB685B6893F913301846FFF7EEFD00
:20636000034B00221A75BB6818461037BD4680BD00E07F4080B487B000AFF860B9607A6012
:206380003B60FB687B617B69BA689A637B697A681A647B693A68DA63002318461C37BD4642
:2063A0005DF8047B704780B586B000AF786000237B61786800F08AFA78617B69002B01D054
:2063C0007B6932E07B685B681B78002B06D07B68012283F8342000233B6102E07B68DB68F1
:2063E0003B613A690421786801F0AEFF78617B685B681B78002B01D07B6916E018224FF456
:206400008051786901F0A4FF78617B681B6B002B02D07B69002BE4D001F08EFFF8607B697A
:20642000002B01D1FB687B617B6918461837BD4680BDFFFF80B588B000AFF860B9607A60EA
:206440003B60F86800F042FAF861FB69002B01D0FB6957E02D4B002283F8D0202B4ABB6824
:206460001363BA687B681344284A013B5363284B71221A70264BD0221A70FB685B681B78B0
:20648000002B08D0FB68032283F834203B6802221A70002336E0FB685B697A689208013242
:2064A00002FB03F3BB6108E0BB69002B02D11423FB610AE0BB69013BBB61144BD3F88030F0
:2064C000C3F3C033DBB2012BEED14FF4FC720021F86901F03DFFF8610C4B93F8D430DBB26F
:2064E000012B03D13B6801221A7002E03B6800221A7001F021FF7861FB69002B01D17B69EC
:20650000FB61FB6918462037BD4680BD00E07F4000007E4080B586B000AF78607B68002272
:2065200083F83420424B012283F816241C20FFF711FC78611820FFF70DFC38617B693D4AD4
:20654000934202D84FF4FB736DE07B6903F5742303F23F23384AA2FB03239B0CFB603B69D9
:2065600003F5742303F23F23334AA2FB03239B0CBB60FB689BB2314A03F5F0539BB2A2F8E6
:20658000E430BB6843F6B85202FB03F32C4AA2FB03239A087B689A60BB6840F6D86202FB46
:2065A00003F3274AA2FB03239A087B68DA60BB685B00234AA2FB03239A087B681A61BB6821
:2065C000542202FB03F31E4AA2FB03239A087B685A61BB681B4A02FB03F3194AA2FB032346
:2065E0009A087B689A61BB6844F2506202FB03F3134AA2FB03239A087B685A62BB68124A3D
:2066000002FB03F30E4AA2FB03239A087B681A62BB680E4A02FB03F3094AA2FB03239A0845
:206620007B68DA61002318461837BD4680BD00BF00E00140FF083D0083DE1B4300E07F40AA
:20664000ABAAAAAA38AF040080DE0F00A0F7030080B588B000AFF860B9607A600023FB61B9
:20666000FB68BA689A62FB687A681A63F86800F02DF9F861FB69002B02D04FF4FA7336E0E1
:20668000FB685B681B78002B06D0FB68022283F834200023BB6102E0FB685B6ABB61164B24
:2066A0000122A3F8E020BA694021F86801F048FEF861FB685B681B78002B01D0FB6916E099
:2066C00019224FF40051F86901F042FEF861FB681B6B002B02D0FB69002BE4D001F02CFEBC
:2066E0007861FB69002B01D17B69FB61FB6918462037BD4680BD00BF00E07F4080B584B000
:2067000000AFFFF711FB0346BB7397F90E301846FFF772FBB8601E4B1B7CDBB27B601C4BDB
:20672000D3F880201B4B13403B607B6803F00803002B02D00423FB7319E07B6803F08003D5
:20674000002B02D00523FB7311E07B6803F01003002B0AD03B6803F44053002B02D0072373
:20676000FB7304E00623FB7301E00723FB73B86801F0DAFD97F90E301846FFF74FFBFB7BED
:206780001946B86800F06EF800BF1037BD4680BD00E07F404070F00080B584B000AF002364
:2067A000FB73FFF7C1FA03467B7397F90D301846FFF722FBB86097F90D301846FFF72EFBE3
:2067C000BB6893F83430012B17D1BB681B6B002B0ED000220421B86801F0B6FD78607B681B
:2067E000002B2BD0B86801F09FFD0723BB7325E00123BB730123FB7320E0BB6893F8343073
:20680000022B0ED1BB681B6B002B05D000224021B86801F095FD11E00023BB730123FB73C9
:206820000CE00123FB730E4B93F8D430DBB2012B02D10323BB7301E00223BB73FB7B002B3D
:206840000AD001F079FDBB68002283F83420BB7B1946B86800F006F800BF1037BD4680BDFA
:2068600000E07F4080B586B000AF78600B46FB707B68DB6B7B617B69002B03D107F10C03DC
:206880007B6106E07A6907F10C0392E8030083E803007B69FA781A707B681A6C7B695A607A
:2068A0007B689B6B786998477B68DB6B002B08D07B68DB6B1A4607F10C0393E8030082E88B
:2068C000030000BF1837BD4680BDFFFF80B584B000AF78600023FB604FF49643BB607B68E1
:2068E0005B681B78002B0DD07B685B6893F911301846FFF70FFB7B685B6893F91330184696
:20690000FFF708FB0C4B4AF68022A3F8842008E0BB68002B02D14FF4FA7309E0BB68013B05
:20692000BB60054BB3F884309BB2802BF0D1FB6818461037BD4680BD00E07F4080B485B084
:2069400000AF786039607B68FB600C4AFB6813603B681A68FB689A603B685A68FB68DA6029
:20696000FB6800225A60FB68054A1A60002318461437BD465DF8047B704700BF0446002029
:206980004347430080B588B000AFF8600B467A60FB72FB68FB610023BB61FB7A052B02D0A9
:2069A000FB7A062B0DD107F1100307F11402F97A786800F0B5F9B861BB69002B01D0BB69EC
:2069C00029E0FB7A184600F0F5F803461A46FB7A1146184600F006F90346002B02D140F2C3
:2069E000931318E0012000F01AF8FB7A052B02D0FB7A062B06D13B6907F11402F97A7868DD
:206A000000F0CCF9FB7A0021184600F019F9012000F01AF8002318462037BD4680BD80B55B
:206A200082B000AF0346FB71012001F04DFBFB79012B05D1002000F0D5FF002001F044FBBC
:206A400000BF0837BD4680BD80B582B000AF0346FB71FB79012B07D1002001F0E5FA064B74
:206A60001B6A184600F07AF8012001F0DDFA00BF0837BD4680BD00BF00E0014080B483B063
:206A800000AF78601A4B1B68B3F5004F01D0002327E0184B93F83630DBB2002B17D0154B42
:206AA00093F83830DBB2002B11D0124B93F83230DBB2002B0BD00F4B93F82A30DBB2002B76
:206AC00005D00C4B93F84A30DBB2002B01D1002307E07B6803F0EE43002B01D0002300E0EB
:206AE000012318460C37BD465DF8047B704700BFD447002000E0014080B485B000AF786038
:206B00000B46FB70FB78002B0BD07B68FB60FB6803F0443323F480030E4A934201D000237A
:206B200011E00D4B93F82A30DBB2002B05D10A4B93F84A30DBB2002B01D0012300E000238F
:206B400003F00103DBB218461437BD465DF8047B704700BF4444044400E0014080B584B061
:206B600000AF7860104B93F84030FB737868FFF785FF0346002B03D0042000F033FF0FE0F4
:206B8000FB7B19467868FFF7B7FF0346002B07D0064B1B68064A934202D8032000F022FF42
:206BA00000BF1037BD4680BD00E00140D447002040420F0080B483B000AF0346FB71FB7963
:206BC000074A52F823301B78DBB2002B0CBF01230023DBB218460C37BD465DF8047B7047AE
:206BE000C086000080B487B000AF03460A46FB711346BB7116237B61FB7901229A407B6941
:206C00001340002B01D0012312E00C4B93F83C30DBB23B61FB793A6922FA03F303F0010378
:206C2000FB60BB79FA689A420CBF01230023DBB218461C37BD465DF8047B704700E0014088
:206C400080B483B000AF03460A46FB711346BB71FB790A4A52F82330BA791A70FB79074AAD
:206C600052F823301B78DBB2BA799A42F6D100BF00BF0C37BD465DF8047B7047C0860000EC
:206C800080B489B000AFF8600B467A60FB72114BFB61FB681B78002B01D10E4BFB61FB6825
:206CA0005B880133FA6902FB03F35B08BB61FB685B7801337B61BA697B69B2FBF3F33B616C
:206CC0007B683A691A60002318462437BD465DF8047B7047002D310180B487B000AF7860F9
:206CE0000023FB827B681B78002B01D10123FB827B685B88BB827B685B787B82BB8A1B02C8
:206D000003F47C52FB8A1B011A437B8A1343FB60FB6818461C37BD465DF8047B7047FFFF5A
:206D200080B588B000AFF8607A603B600B46FB72F868FFF7D1FFB861FB7A052B02D1154B95
:206D4000FB6101E0144BFB61FB691B889BB21A46BB69934209D0FB7A1846FFF72BFF034679
:206D6000002B02D040F291130FE0FB7A7A681946F868FFF785FF78617B69002B01D07B6924
:206D800003E03B68BA691A60002318462037BD4680BD00BF28E0014048E0014080B584B0DE
:206DA00000AFF8607A603B600B46FB72FB7A052B04D1094B3A6892B21A8504E0064B3A686F
:206DC00092B2A3F84820FB7A7968184600F044FE00BF1037BD4680BD00E0014080B483B0B8
:206DE00000AF0346FB7197F90730002B0CDBFB7903F01F02074997F907305B09012000FA38
:206E000002F2403341F8232000BF0C37BD465DF8047B704700E100E080B483B000AFEFF346
:206E200003837B607B683B603B88C3F308039BB2DBB2103BDBB25BB218460C37BD465DF837
:206E4000047B704780B483B000AF03463960FB7197F9073004493A6841F8232000BF0C3764
:206E6000BD465DF8047B70474C46002080B483B000AF0346FB7197F90730044A52F8233055
:206E800018460C37BD465DF8047B70474C46002080B483B000AF0346FB710B4997F907302B
:206EA00003F1C00251F8223023F4803341F82230054A97F90730C03352F8233000BF0C3784
:206EC000BD465DF8047B70470060004080B584B000AF0346FB7197F907301846FFF7D8FFC5
:206EE000BFF35F8F00BF97F90730FB60FB6803F01F02074997F907305B09012000FA02F210
:206F0000603341F8232000BF1037BD4680BD00BF00E100E080B584B000AF0346B9607A6048
:206F2000FB73BB68DAB2094997F90F301201D2B20B4483F8002397F90F3079681846FFF78B
:206F400081FF00BF1037BD4680BD00BF00E100E080B485B000AF0346FB7197F90730FB60FC
:206F6000FB6803F01F020749FB685B09012000FA02F241F8232000BF1437BD465DF8047B17
:206F8000704700BF00E100E080B582B000AF0346FB7197F907301846FFF798FF97F9073076
:206FA0001846FFF7D5FF00BF0837BD4680BDFFFF80B485B000AF0346FB7197F90730FB607E
:206FC000FB6803F01F020B4997F907305B09012000FA02F2203341F82320BFF34F8F00BF8E
:206FE000BFF36F8F00BF00BF1437BD465DF8047B704700BF00E100E080B584B000AF0346A9
:20700000B9607A60FB7397F90F307A68B9681846FFF780FF97F90F301846FFF7B5FF00BFD4
:207020001037BD4680BDFFFF80B590B000AF786039607B68BB6200237B623B681B693B6272
:207040003B681B6803F58023A8331B03FB61BB6AFA695A600023BB61EFF310833B613B69E4
:20706000BB610123FB60FB6883F3108800BF8F4B5A683B681B68C3F10203012101FA03F3B7
:20708000DB438A4913404B60884B5B68BB69BB60BB6883F3108800BFBB6A3A681A603B6858
:2070A0009A68BB6ADA613B68DA68BB6A5A62BB6A00221A623B6A1A78BB6A1A7600220121B5
:2070C000B86A00F0E3FB3B6A1B7B1BB25B001AB23B6A1B7D1BB2DB001BB213431BB243F485
:2070E000E0731BB29AB2FB69A3F840283B685B687B617B691B68013B1A046D4B13407A69CC
:207100005268013A12071A437B699B68013B1B021A437B69DB68013B1B031343BA6A127EDC
:207120001A43FB69C3F8442800220221B86A00F0ADFBFB69802283F85028FB6903F50073A0
:207140004FF400720021184601F0A4F80023FB632CE03B6A9A68FB6BDB0013449B79002B63
:2071600016D13B6A1B69FA6B9A4211D2FB6B20331B01FA69D1183B6A9A68FB6BDB0013447B
:207180001A46386A00F056F9402387F83B3002E0002387F83B30FA69FB6B134403F50263F5
:2071A00097F83B201A70FB6B0133FB63FB6B1F2BCFD900237B6300233B632BE03B6A5A68D7
:2071C0003B6B9B0013441B686FF0604293421ED23B6A5A683B6B9B0013441B68FB623B6A4A
:2071E0001B7B002B04D1FB6A9A04324B1340FB62FB693A6B02F58072F96A43F822103B6B61
:207200009B000F2202FA03F37A6B13437B633B6B01333B633B6A1B699B083A6B9A42CDD332
:207220007B6BDA43FB69C3F8282400220021B86A00F02CFBFA69B2F8403843F02003A2F8EF
:207240004038FB69B3F84038C3F34013DBB2002BF7D13B6893F915003B681B7DBA6A1946A4
:20726000FFF7CAFE3B6893F916003B681B7DBA6A1946FFF7C1FE3B6893F917003B681B7D17
:20728000BA6A1946FFF7B8FEFB693E2283F84C28FB694FF0FF32C3F82C24BB6A064A9A60BE
:2072A0007B6A18464037BD4680BD00BF004008400000FF030000FC1F4E41435280B588B0DF
:2072C00000AF78607B68FB61FB6900229A60FB691B6893F915301846FFF76AFEFB691B680D
:2072E00093F916301846FFF763FEFB691B6893F917301846FFF75CFEFB695B68BB61BB6938
:20730000002283F84C28BB690022C3F82C2400237B61EFF31083BB60BB687B610123FB60FE
:20732000FB6883F3108800BF0C4B5A68FB691B681B68C3F10203012101FA03F30749134328
:207340004B60064B5B687B693B613B6983F3108800BF002318462037BD4680BD00400840DD
:2073600080B58AB000AFF860B9607A60FB68BB61BB691B681B697B61BB695B683B613A69F8
:20738000BB68134403F502631B78C3F3C013DBB2002B02D04EF663233AE0BB6820331B01FA
:2073A0003A6913447A681946786900F043F87B689B7903F00F03D9B23A69BB6820331B01CA
:2073C0001A44938861F3030393807B689B797B62BB6820331B013A69134406333B627B68AE
:2073E0000C33FB6107E0FA69531CFB613B6A591C396212781A707B6A5A1E7A62002BF2D1ED
:207400003A69BB68134403F5026380221A70002318462837BD4680BD80B485B000AFF86036
:20742000B9607A60062318461437BD465DF8047B7047FFFF80B489B000AFF860B9607A6094
:20744000FB681B7BFB750023FB61FB7D002B06D0FB7D022B0AD17B681B79002B06D17B68EF
:207460001B689A04114B1340BB610EE0FB7D022B06D17B681B79012B02D14FF00043FB6162
:207480007B681B6823F06043BB617B685B799B073B61FA693B691A43BB691A43BB681A603D
:2074A00000BF2437BD465DF8047B70470000FC1F80B489B000AFF860B9607A60FB685B687C
:2074C000BB61BA69BB6820331B0113441B687B617B699B0F03F00103DAB27B685A71FB6803
:2074E0001B681B693B613B691B7BB969BA68203212010A441268C2F3C072D2B21343DBB2F0
:2075000003F00103DAB27B681A717B681B79002B06D17B699B0CC3F30A027B681A6004E073
:207520007B6923F060427B681A60BA69BB6820331B0113449B88C3F30303DBB21A467B689A
:207540009A717B689B79082B02D97B6808229A710023FB6112E0BA69BB681B011A44FB696E
:20756000134403F206231B78D9B27A68FB6913440C330A461A70FB690133FB617B689B79D7
:207580001A46FB699342E6D3BA69BB68134403F5026344221A707B6800229A6000BF243796
:2075A000BD465DF8047B7047B0B58EB000AF786039607B681B6A7B637B6B002B02D13B68AD
:2075C0007B6317E07B6B07F10C041D460FCD0FC40FCD0FC495E8030084E803007A6B3B68B0
:2075E00014461D460FCD0FC40FCD0FC495E8030084E803007B68DB69786B98477B681B6A30
:20760000002B0CD07B681B6A1D4607F10C040FCC0FC50FCC0FC594E8030085E8030000BF84
:207620003837BD46B0BD80B590B000AFFFF7F4FB03461846FFF72CFCFFF7EEFB034687F8F6
:207640003B3097F93B301846FFF710FC78633B4628220021184600F01DFE0023FB637B6BCD
:207660005B683B633B6B93F84D38DBB2BB803B6B002283F84D283B6BB3F84238C3F30013DF
:20768000DBB2002B22D0BB8843F020039BB2BB803B6B93F8533887F82F303B6B022283F840
:2076A00053283B6B93F85238C3F30403DBB2FB633B6B97F82F2083F853283A6BFB6B134410
:2076C00003F50262137823F0040313707B6B1B681B683B607B6B5B6A3B61FB6BFB603B4616
:2076E0001946786BFFF760FF7B6B1B681B69BB623B6BB3F84238C3F30013DBB2002B0AD0C3
:20770000BB6A1B7D002B06D07B6B1B6893F915301846FFF763FB00BF4037BD4680BD80B514
:2077200090B000AFFFF778FB03461846FFF7B0FBFFF772FB034687F83F3097F93F301846B2
:20774000FFF794FBB8634FF480633B81BB6B5B687B637B6B93F8533887F833307B6B0022FA
:2077600083F853287B6B93F85238C3F30403DBB2FB627B6B97F8332083F853283B1D143314
:207780001A46F96AB86BFFF793FEFB6A3B61BB6B1B681B687B60BB6B5B6A7B613B1D1946F6
:2077A000B86BFFF701FF7B6BB3F84238C3F30003DBB2002B04D097F93F301846FFF70EFB04
:2077C00000BF4037BD4680BD80B590B000AFFFF723FB03461846FFF75BFBFFF71DFB0346B1
:2077E00087F83F3097F93F301846FFF73FFBB86300233B81BB6B5B687B637B6B93F8533851
:2078000087F833307B6B012283F853287B6B93F85238C3F30403DBB2FB627B6B97F833201D
:2078200083F853287A6BFB6A134403F5026300221A707A6BFB6A134403F5026300221A70FE
:20784000FB6A3B613B8943F400639BB23B81BB6B1B681B687B60BB6B5B6A7B613B1D19463B
:20786000B86BFFF7A1FE7B6BB3F84238C3F34003DBB2002B06D0BB6B1B6893F917301846E4
:20788000FFF7ACFA00BF4037BD4680BD80B584B000AF78600B46FB701346BB707B685B6800
:2078A000FB607B685B7BBA789A420DD00221786800F032F8FB68BA7883F858287B68BA7807
:2078C0005A737B6802221A737B681B7BFA789A421ED0FB78052B13D10221786800F01CF804
:2078E000FA68B2F8403843F48063A2F84038FB68B3F84238C3F38023DBB2012BF7D104E092
:20790000FB781946786800F007F87B68FA781A7300BF1037BD4680BD80B485B000AF7860AE
:207920000B46FB707B685B68FB60FA68B2F8403823F48063A2F84038FB7803F00303D9B203
:20794000FA68B2F8403861F30923A2F84038FB68B3F842389BB203F4E062FB781B029A4297
:20796000F5D100BF00BF1437BD465DF8047B704780B400AF094B0122A3F80421074BB3F8D3
:2079800004319BB2002BF9D1044B0122A3F8002100BFBD465DF8047B704700BF00C0014035
:2079A00080B483B000AF0346FB710D4B93F8A030C3F30013DBB2002BF7D1094AFB7982F8BF
:2079C000A030074B93F8A030C3F30013DBB2002BF7D100BF00BF0C37BD465DF8047B704792
:2079E00000E0014080B582B000AF0346FB71FB79042B14D1174B93F8AA30C3F30013DBB2F6
:207A0000002BF7D1134B012283F8AA20114B93F8AA30C3F30013DBB2002BF7D115E00D4B56
:207A200093F8AA30C3F30013DBB2002BF7D1094B002283F8AA20074B93F8AA30DBB2002B6E
:207A4000F9D1FB791846FFF7ABFF00BF0837BD4680BD00BF00E0014080B483B000AF7860DE
:207A600039607B68052B04D13B681B68064A536103E03B681B68044A936100BF0C37BD460B
:207A80005DF8047B704700BFAC08002080B483B000AF0D4B93F82630DBB27B600A4B1B6A37
:207AA0001B0E03F007033B60084A7B6852F823203B6822FA03F3064A136000BF0C37BD46C6
:207AC0005DF8047B704700BF00E00140AC080020D447002080B500AF0B4B012283F81C2117
:207AE0000A4B0B4A1A62094B052283F82620FFF7CDFF084BF1221A73064B00221A72054B20
:207B0000F0221A7300BF80BD00C0014000E00140111202200020004080B500AF0B4B0C4A73
:207B20001A600A4B0B4A5A60084B4FF400429A60064B074ADA60054B4FF400421A61034B1B
:207B4000054A5A61FFF7A2FF00BF80BDAC080020002D310100127A0000E1F50580B500AF0A
:207B60001B4B4AF20352A3F8FE23FFF701FFFFF7D3FF174B002283F81324154B092283F858
:207B8000A22000F031F8124B002283F83620104B93F83C30C3F30003DBB2012BF7D10C4BD7
:207BA00041F211321A850A4B002283F82A20084B93F83C30C3F34013DBB2012BF7D1FFF7AA
:207BC00089FF034B4FF42542A3F8FE2300BF80BD00E0014080B483B000AF786000BF0C375C
:207BE000BD465DF8047B704780B500AF184B93F88034DBB2002B07D1154B93F88134C3F38B
:207C00000103DBB2002B1CD0114B93F88034DBB2002B0DD10E4B012283F880240121C820E6
:207C200000F080F80A4B93F88034DBB2012BF9D1074B002283F88124054B002283F88024A0
:207C400004E04FF47A70FFF7C5FF00BF00BF80BD00E0014080B582B000AF2B4B002283F854
:207C600028200121C82000F05DF8274B002283F82420254B93F82430DBB2002BF9D1224ADD
:207C800092F8243043F0020382F824301E4B93F82430C3F34003DBB2002BF7D11A4B0022B8
:207CA00083F82220184B93F82230DBB2002BF9D10023FB7116E01449FB7903F1200211F8D0
:207CC000123023F0800301F812300F4AFB79203312F81330C3F3C013DBB2002BF5D1FB79A9
:207CE0000133FB71FB79002BE5D0012000F0ECF9064B002283F8BB24012000F095F900BF6F
:207D00000837BD4680BD00BF0030084000E0014080B483B000AF786000BF0C37BD465DF844
:207D2000047B70472DE9B04F90B000AFF861B9610023FB63FB69BA6902FB03F3BB63504BE2
:207D40001B687B634F4A7B6BB2FBF3F33B63BB6B00223B617A61D7E904234FF000004FF0EE
:207D60000001590141EAD261500102460B463969B2EB0108796963EB01094FF000024FF05E
:207D800000034FEA890343EA98734FEA880290469946D7E904120B4618EB03033B60134647
:207DA00049EB03037B604FF000024FF00003D7E900894946CB00414643EA51734146CA00BF
:207DC000C7E90A23D7E90A23012B08D2BA6A3B6BB2FBF3F37B627B6A9B08FB6344E03B6BE9
:207DE0009B00BA6BB2FBF3F3BB63BB6B0022BB60FA60D7E9028942464B464FF000004FF073
:207E00000001590141EAD261500102460B464146541A494663EB01054FF000024FF0000364
:207E2000AB0043EA9473A20014461D46434614EB030A4B4645EB030B4FF000024FF000031D
:207E40004FEACB0343EA5A734FEACA0292469B46C7E90AABD7E90A23012B02D2BB6AFB638E
:207E600002E04FF0FF33FB63FB6B002B02D0F86B00F00AF800BF4037BD46BDE8B08F00BFBD
:207E8000D447002000CA9A3BA0F101000028FBD1704700BF80B582B000AF0346FB71FB79CD
:207EA000074A52F82330002B06D0FB79044A52F82330FA791046984700BF0837BD4680BD8E
:207EC0000846002080B582B000AF144BB3F82031BB80124BB3F840319AB2BB8813407B8032
:207EE0000023FB710EE07A88FB7922FA03F303F00103002B03D0FB791846FFF7CBFFFB7982
:207F00000133FB71FB790F2BEDD9044A7B88A2F8303100BF0837BD4680BD00BF0060004064
:207F200080B58AB000AF032000F0CEF8394B6FF0FF029A643B1D0C22FF21184600F0AAF9D1
:207F400000237B6221E0344A7B6A32F81330002B18D07B6A5B097B617B6A03F01F033B6182
:207F60007B699B0028333B4453F8242C01213B6901FA03F3DB431A407B699B0028333B4485
:207F800043F8242C7B6A01337B627B6A5F2BDAD9224BBB6100233B6218E03B6A9B00BA699A
:207FA0001A443B6A9B0028333B4453F8243C13601B493B6A9B0028333B4453F8242C3B6A6D
:207FC000A03341F823203B6A01333B623B6A022BE3D9032000F028F80023FB6112E00E4A52
:207FE000FB6932F81330002B09D00B4AFB6932F813300C4A1946FB69C03342F82310FB69A9
:208000000133FB61FB695F2BE9D900BF00BF2837BD4680BD008000407C8500007080004012
:2080200000E100E00060004080B487B000AF0346FB7100237B61EFF31083FB60FB687B6102
:2080400001233B613B6983F3108800BFFB791A4A32F813309BB2002B09D0FB79164A32F85B
:20806000132092B2013A91B2134A22F81310FB79114A32F813309BB2002B11D10F4BB3F8D6
:20808000FE339AB20E4B13439AB2FB790D4931F81330DB439BB2094913409BB2A1F8FE330B
:2080A0007B69BB60BB6883F3108800BF00BF1C37BD465DF8047B7047CC47002000E00140DD
:2080C00000A5FFFFDC86000080B487B000AF0346FB7100237B61EFF31083FB60FB687B61BE
:2080E00001233B613B6983F3108800BFFB79164A32F813309BB2002B0FD1144BB3F8FE337B
:208100009AB2FB79124931F8133013439AB20F49104B13439BB2A1F8FE33FB790A4A32F824
:20812000132092B2013291B2074A22F813107B69BB60BB6883F3108800BF00BF1C37BD46C0
:208140005DF8047B704700BFCC47002000E00140DC86000000A5FFFF80B500AF00F00CF8A4
:20816000FBF750FA00BFFDE780B400AF00BE00BFBD465DF8047B704780B584B000AF3A4B95
:208180004FF47002C3F88820374B384A9A600020FBF724FAFFF7E2FC0120FBF71FFA334B1B
:2081A0001B68A3F580633B603B6883F30A8800BF2F4A304BD31A1A4600212E4800F06AF892
:2081C0002D4A2E4BD31A1A462D492C4800F06AF82C4A2D4BD31A9B107B600023FB6007E060
:2081E000294AFB6852F823309847FB680133FB60FA687B689A42F3DBFFF748FCFFF72AFDF5
:208200000320FFF761FF0023BB6009E01F4ABB6808334FF6FF7122F81310BB680133BB6093
:20822000BB68052BF2D90320FFF7FEFE0320FFF74BFF174B00225A60154B00229A60144B8F
:208240000022DA60124B00221A610320FFF7ECFE0220FBF7C3F9FFF763FE0020FFF758FD33
:2082600000BF1037BD4680BD00ED00E000000000D8470020C8080020AC08002000000020C8
:20828000E8860000A8080020A4080020000D084000000E4002440346934200D1704703F84A
:2082A000011BF9E70A44431E914200D1704710B511F8014B914203F8014FF9D110BDFFFFEB
:2082C00000000305352E332E300000004275696C7420776974682052656E65736173204174
:2082E0006476616E63656420466C657869626C6520536F667477617265205061636B61678C
:20830000652076657273696F6E20352E332E3000F8B500BFF8BC08BC9E467047F8B500BFD3
:20832000F8BC08BC9E4670475FF800F0790000205FF800F0810600205FF800F001000020F4
:208340005FF800F0B50100205FF800F0290200205FF800F0190300205FF800F089040020F7
:208360005FF800F0ED040020010C00030400030300040000010700FF000000000000000080
:208380000000000000000000000000000000000000000000000000000000000000000000DD
:2083A000000000000000FFFFDFDF0000000000000000000000000000000000000000000001
:2083C00000000000404B4C0000000000A025260001021100D10A00000000000084830000E5
:2083E00000000000000000000000000000000000010D010E20450020E0830000848600006E
:20840000060803030101000000000000000000000000000000000000000000010000000045
:2084200000090A0B0C03030303000000010000000000000000000000450A000000000000B6
:208440001484000000010000580700200F00FFFF00000000FFFF00000002000001050106EA
:208460000107010800000000000000009D0C00000000000044840000000000006C070020E7
:208480008C0700200000000020000000000000000000000000000000000000005C07002086
:2084A000190300000000000078840000020001020000010400010000000001040101000092
:2084C000040000000601000004000000070100000000010008010000000401060901000066
:2084E000000401060A010000000001060B010000050000000C010000040000000D0100002F
:20850000000001030502000004000000060200000400000007020000050000000802000028
:20852000000001000C020000000001000D020000000001000003000004000000030300000E
:208540000400000004030000050000000004000000000110010400000000011002040000DA
:208560000400000007040000040000000005000018000000B084000000000000A100A40052
:20858000A500A200A3008001810182018301C401C501C801C70131003000EA000400CF00AD
:2085A0000000000000000000000000000000000000000000000000000000000000000000BB
:2085C00000000000000000000000000000000000000000000000000000000000000000009B
:2085E00000000000000000000000000000000000000000000000000000000000000000007B
:2086000000000000000000000000000000000000000000000000000000000000000000005A
:2086200000000000000000000000000000000000000000000000000000000000FFFF00FF3D
:20864000010203FF020403040404FFFF00000000FFFF000000200000800000000000010063
:20866000FFFF07000080000080000000020000004C86000000000008FF1F000840000000B3
:2086800004000000B55F000055600000AB6000002B610000D5620000116300009D610000CD
:2086A0000162000027620000D961000049620000B76200006562000095620000756300003A
:2086C00036E0014038E0014090E4014032E0014080E401402AE001404AE001400100020084
:2086E000080010000000000080B584B000AF0023FB6000237B60194BB3F884309BB23B6023
:208700004FF49643BB60154B4FF42A42A3F8842008E0BB68002B02D14FF4FA73FB60BB689D
:20872000013BBB600D4BB3F884309BB2002BF0D13B68012B06D1094B4DF60112A3F84420A3
:2087400000F066FB7B6840F2F512934201D17B68FB60FB6818461037BD4680BD00E07F40E0
:2087600080B584B000AF78607B685B681B78002B0DD07B685B6893F91130184600F04CFBC0
:208780007B685B6893F91330184600F045FB124BB3F884309BB2002B02D1786800F040FBC4
:2087A00000F01CF8F86000F049F8B860FB68002B01D1BB68FB60FFF797FFB860FB68002B04
:2087C00001D1BB68FB607B68002283F83420FB6818461037BD4680BD00E07F4080B483B027
:2087E00000AF4FF496437B60124BB3221A7007E07B68002B01D1142315E07B68013B7B602A
:208800000D4BD3F88030C3F3C033DBB2012BEFD1094B1B7CC3F30013DBB2002B02D040F2F3
:20882000F51300E0002318460C37BD465DF8047B704700BF00007E4000E07F4080B483B07B
:2088400000AF4FF496437B60124B50221A7007E07B68002B01D1142315E07B68013B7B602C
:208860000D4BD3F88030C3F3C033DBB2012BEFD1094B1B7CC3F30013DBB2002B02D040F293
:20888000F51300E0002318460C37BD465DF8047B704700BF00007E4000E07F4080B485B019
:2088A00000AFF860B9607A60174AFB689B6A1363164B20221A70154BD0221A70FB689A6A0F
:2088C000BB681A44FB689A62FB681B6B5A1EFB681A637B68002B10D007E07B68002B01D1C2
:2088E00014230BE07B68013B7B60074BD3F88030C3F3C033DBB2012BEFD1002318461437A1
:20890000BD465DF8047B704700E07F4000007E4080B586B000AFF860B9607A607B68002BF9
:2089200006D1FB685B6893F91130184600F074FA314AFB68DB6A1363304BE8221A70BB68E6
:208940005A082E4BD2B21A7000237B612AE0FB681B693B61FB689B6A1A46284B12881A8033
:2089600006E03B695A1E3A61002B01D114233EE0214BD3F88030C3F38023DBB2012BF0D04F
:20898000FB689B6A9A1CFB689A62FB68DB6A9A1CFB68DA62FB681B6B5A1EFB681A637B6938
:2089A00001337B61BB685B087A699A42CFD3134BD0221A707B68002B11D007E07B68002B02
:2089C00001D1142313E07B68013B7B600A4BD3F88030C3F3C033DBB2012BEFD106E0FB6866
:2089E0005B6893F91130184600F01EFA002318461837BD4680BD00BF00E07F4000007E4055
:208A000080B586B000AFF860B9607A6000237B61174B1B7CC3F30013DBB2012B0FD1144B38
:208A2000D3F88030C3F38033DBB2012B04D1104B1B7C0F4B00221A7440F2F5137B610C4B5B
:208A4000D3F88020BB681340002B01D07B687B61FB68002B01D0FB687B617B69002B01D0FC
:208A6000FFF7BCFE7B6918461837BD4680BD00BF00E07F4080B485B000AF786039607B68AB
:208A80009B69BB60194A3B681363194B40221A70174B08221A700023FB6008E0144A1549B3
:208AA000FB6831F813301380FB680133FB60FB68072BF3D90E4BD0221A7007E0BB68002BF7
:208AC00001D114230BE0BB68013BBB60074BD3F88030C3F3C033DBB2012BEFD100231846B8
:208AE0001437BD465DF8047B704700BF00E07F4000007E408C08002080B485B000AFF8605D
:208B0000B9607A60194B4FF6FF721A80174B4FF6FF725A807B689AB2FB689BB2DB039BB2B2
:208B200013439BB243F4F0439AB2104BDA80BB689BB26FEA43536FEA53539AB20B4B9A800D
:208B40000A4B4FF6FF721A81084B4FF6FF725A81064B4FF6FF729A81044B4FF6FF72DA8109
:208B600000BF1437BD465DF8047B70478C08002080B584B000AF78600023FB60786800F06B
:208B80007BF8F860FB68002B10D0FB681EE07B689B681A4680217868FFF7BAFEF860182234
:208BA0004FF4A041F868FFF72BFFF8607B681B6B002B02D0FB68002BE9D0FFF795FDB8606C
:208BC000FB68002B01D1BB68FB60FB6818461037BD4680BD80B588B000AFF860B9607A6008
:208BE0000023FB61FB68BA689A62FB687A681A63F86800F041F8F861FB69002B01D0FB690D
:208C000033E01C4B0122A3F8E0201EE0FB689B6AB3F5803F06D2FB68DB69BB614FF400531E
:208C20007B6105E0FB681B6ABB614FF400437B61BA697969F868FFF731FEF86119224FF4AC
:208C4000C041F869FFF7DCFEF861FB681B6B002B02D0FB69002BD9D0FFF746FD3861FB6935
:208C6000002B01D13B69FB61FB6918462037BD4680BD00BF00E07F4080B584B000AF786050
:208C80000023FB604FF49643BB607B685B681B78002B0DD07B685B6893F91130184600F01D
:208CA000BBF87B685B6893F91330184600F0B4F80F4B4FF45942A3F844200D4B4AF60122A0
:208CC000A3F8842008E0BB68002B02D14FF4FA7309E0BB68013BBB60054BB3F884309BB23D
:208CE000012BF0D1FB6818461037BD4680BD00BF00E07F4080B588B000AFF860B9607A607A
:208D0000174BD3F8DC30C3F3C073DBB2BB61F868FFF7B2FFF861FB69002B01D0FB691BE069
:208D2000BB68590B7B685B0B1A46B869FFF7E4FE0C49F868FFF79EFEF86118220021F869AE
:208D4000FFF75EFEF861FFF7CFFC7861FB69002B01D17B69FB61FB6918462037BD4680BDD4
:208D600000E07F4030A1000180B584B000AF78600B46FB701346BB707868FFF77DFFF860A8
:208D8000FB68002B01D0FB6832E0BB78002B08D0FB789BB2184A43F4CC439BB2A2F8E83062
:208DA0001DE01022FF21154800F02EF8FB789BB203F001039BB2002B02D14FF6FF7201E058
:208DC00047F6FF720D4BDA800D497868FFF752FEF86018220021F868FFF712FEF860FFF750
:208DE00083FCB860FB68002B01D1BB68FB60FB6818461037BD4680BD00E07F408C08002063
:208E000030A10001000000005FF800F0958200005FF800F0A15D00005FF800F03D5F0000FA
:208E20005FF800F0CD6800005FF800F0DD5E0000010000000010000000100000000004000F
:208E40004000020005000000060000000300000003000000FFFFFF1FFFFFFF1F0000000087
:208E600000000000000000000000000000000000000000000000000000000100FA070000F0
:208E800000000000FB07000000000000FC07000000000000000000000000010000000000CC
:208EA0000000010000000000000001000000000000000100000000000000000000000000AF
:208EC000000000000000000000000000000000000000000000000000000000000000000092
:208EE000000000000000000000000000000000000000000000000000000000000000000072
:208F0000000000000000000000000000000000000000000000000000000000000000000051
:208F2000000000000000000000000000000000000000000000000000000000000000000031
:208F4000000000000000000000000000000000000000000000000000000000000000000011
:208F60000000000000000000000000000000000000000000FFFF00000000000000000000F3
:148F80000000000001000000748600002D02000005020000AC
:020000040001F9
:20000000A0F60020E5400200E53D020065050100F5400200F5400200F5400200F540020098
:200020000000000000000000000000000DCD0100F54002000000000049CD0100B9CD010010
:20004000DB2D0200D32E02007D2F0200D32E02007D2F020007F10100A7F0010085F101002C
:20006000CDF10100D3DC01001FDD01009DDD010035DE0100EFE6010017E60100BBE701000E
:2000800013E80100B91B02001D1B02004510020045100200ADF90100F905020000000000FF
:2000A000000000000000000000000000000000000000000000000000000000000000000040
:2000C000000000000000000000000000000000000000000000000000000000000000000020
:2000E000000000000000000000000000000000000000000000000000000000000000000000
:200100000000000000000000000000000000000000000000000000000000000000000000DF
:200120000000000000000000000000000000000000000000000000000000000000000000BF
:2001400000000000000000000000000000000000000000000000000000000000000000009F
:2001600000000000000000000000000000000000000000000000000000000000000000007F
:2001800000000000000000000000000000000000000000000000000000000000000000005F
:2001A00000000000000000000000000000000000000000000000000000000000000000003F
:2001C0000348044B834202D0034B03B118477047D00A0020D00A002000000000064B074941
:2001E000C91A891048BF0131491003D0044B0BB101481847704700BFD00A0020D00A002001
:200200000000000010B5064C237843B9FFF7D8FF044B13B10448AFF300800123237010BD5E
:20022000280B0020000000000CA6020008B5054B1BB105490548AFF30080BDE80840FFF73E
:20024000CDBF00BF000000002C0B00200CA6020080B586B000AF43F608033B6000237B6051
:200260000023BB600023FB6000233B820023BB740023FB740A490B4813F034F80346FB7570
:20028000FB7D002B06D13B461946064813F088F80346FB75FB7D18461837BD4680BD00BF56
:2002A000949302009847002080B586B000AF01233B712A4813F08CF838613B69002B01D0FA
:2002C000274B43E00023FB750EE03B1D1946234813F0A1F838613B69002B02D13B79002B30
:2002E00006D0FB7D0133FB75FB7D052BEDD900E000BF3B79002B04D0184813F07BF8184B13
:2003000024E0BB1D1A460321144813F09BF8134813F070F8FB8807EE903AF8EEE77A9FEDB0
:20032000117A27EE877ADFED106AC7EE267AC7ED037AD7ED037A9FED0D7A37EEC77AF2EEB6
:20034000046AC7EE267AC7ED027ABB6807EE903AB0EE670A1837BD4680BD00BF984700206C
:2003600000C079C400803B4500F07F450000FA4380B582B000AF1649164811F03BFF034638
:20038000FB71FB79002B01D0FB791CE000220021104811F053FF0346FB71FB79002B01D0FE
:2003A000FB7910E00C490D4812F078FA0346FB71FB79002B03D10A4B01221A7002E0084B5C
:2003C00000221A70FB7918460837BD4680BD00BFDC900200E04500207093020070470020D2
:2003E000440B002080B584B000AF786039600023FB73074B00229A703A687968054812F024
:2004000097FB0346FB73FB7B18461037BD4680BD440B00207047002080B483B000AF786004
:200420007B68002B06D0064B1B78002B02D0044A7B68936000BF0C37BD465DF8047B704743
:20044000440B002080B483B000AF0346FB71FB79002B14BF01230023DAB2044B5A7000BF45
:200460000C37BD465DF8047B704700BF440B002080B588B000AF786007F10C0300221A60E6
:200480005A609A60DA601A617B689B88B3F5804F59D0B3F5804F5BDCB3F5005F53D0B3F5CD
:2004A000005F55DCB3F5805F4DD0B3F5805F4FDCB3F5006F29D0B3F5006F49DCB3F5806F73
:2004C00027D0B3F5806F43DCB3F5007F3BD0B3F5007F3DDCB3F5807F35D0B3F5807F37DC97
:2004E000202B0FDC022B33DB023B1C4A22FA03F303F00103002B14BF01230023DBB2002BE2
:2005000021D125E0802B1ED022E0154B01229A701FE0134B01225A707B6803F1140107F18E
:200520000C031422184617F05FFA0D4B9B6807F10C02104698477B68143314220021184643
:2005400017F042FA05E07B689A88054B9A8000E000BF00BF2037BD4680BD00BF454000408B
:20056000440B002080B400AF1EF0040F0CBFEFF30880EFF3098000F005B800BFBD465DF8A4
:20058000047B704780B483B000AF78601C4B1D4A1A607B681B681A4A53617B685B68184A69
:2005A00093617B689B68164AD3617B68DB68144A13627B681B69124A53627B685B69104A5B
:2005C00093607B689B690E4A53607B68DB690C4A13616B460A4AD3600B4BDB6A084A93622B
:2005E000094B9B6A064AD362074B5B6B044A1363054B9B6B024A536300BE00BFFDE700BFC9
:20060000D00A0020EFBEADDE00ED00E080B582B000AF054905480FF0E3FC78607B68DBB204
:2006200018460837BD4680BD04950200F045002080B584B000AF03460A46FB8013467B717C
:200640007A79FB88194605480FF0F2FCF860FB68DBB218461037BD4680BD00BFF04500204A
:2006600080B584B000AF0346FB71FA79114913465B0013440B441B781BB21B0219B2FA79CB
:200680000C4813465B001344034401331B781BB20B431BB29BB2FB81FB899BB2064A1946BC
:2006A00006480FF0B1FC044B1B7818461037BD4680BD00BFA4900200500B0020F0450020B4
:2006C00080B582B000AF0023FB71084B9B681B68064A126805494968104698470346FB71E9
:2006E000FB7918460837BD4680BD00BF8892020090B587B000AF786039600023FB7572B677
:2007000000BF154B9B689B68134A10683A687968984738613B69002B02D0FB7D0133FB7527
:200720000D4B9B68DC680C4B186807F10F033A687968A04738613B69002B02D1FB7B002BF3
:2007400002D0FB7D0133FB7562B600BFFB7D18461C37BD4690BD00BF8892020090B589B002
:2007600000AFF860B9607A600023FB6100237B837B68DB097A6802F07F02002A01D00122A5
:2007800000E0002213447B6000237B76FB68B3F5002F03D905237B767B7E3DE072B600BFE5
:2007A0000023FB6131E0FB681D4A934224D81D4B9B685C681B4B18687B8BBA68134419461B
:2007C0008023FA68A04778617B69002B02D07B7E01337B767B7E002B08D1FB688033FB60E7
:2007E0007B8B80337B8300237B760BE005237B7662B600BF7B7E0FE005237B7662B600BF7B
:200800007B7E09E0FB690133FB61FA697B689A42C9D362B600BF7B7E18462437BD4690BD6B
:2008200080FF07008892020080B584B000AF786039600123FB730023BB603A687B68D31A4B
:20084000DB09BB60B9687868FFF752FF0346002B02D10023FB7301E00223FB73FB7B184631
:200860001037BD4680BDFFFF80B487B000AFF860B9607A6000237B610023FB74FB68403B1F
:20088000FB607B68DB097A6802F07F02002A01D0012200E0002213447B60FB68B3F5002F55
:2008A00003D90523FB74FB7C1DE000237B6115E0FB68104A93420AD8FA687B699B00B968E7
:2008C0000B4412681A60FB680433FB6003E00523FB74FB7C07E07B6901337B617A697B684E
:2008E0009A42E5D3FB7C18461C37BD465DF8047B704700BF80FF070080B487B000AFF860F7
:20090000B9607A6000237B610AE0BA687B691A44F9687B690B4412781A707B6901337B61FB
:200920007A697B689A42F0D300BF00BF1C37BD465DF8047B704780B487B000AFF860B96068
:200940007A6000237B610EE0FA687B6913441A78B9687B690B441B789A4201D0012307E002
:200960007B6901337B617A697B689A42ECD3002318461C37BD465DF8047B704780B582B059
:2009800000AF0023FB71084908480FF081FF0346FB7106480FF0B0FF0346FB71FB791846C1
:2009A0000837BD4680BD00BF409202005846002080B588B000AF0346FB710023FB770023DE
:2009C000BB6100237B6100233B720023FB6000233B61FB79002B05D120480FF07BFF034650
:2009E000FB7736E007F1080319461C4810F037F80346FB773B697B61FB797A6902FB03F3F5
:200A0000174AA2FB03235B09BB6114480FF062FF0346FB7711480FF081FF0346FB771149CE
:200A20000E480FF035FF0346FB770022B9690B480FF086FF0346FB77084B9B68BA69DA64E5
:200A4000064B9B68BA695A6504480FF055FF0346FB77FB7F18462037BD4680BD58460020D9
:200A60001F85EB514092020080B58AB000AF184918480EF0E7FC78627B6A002B01D0012323
:200A800021E03B4624220021184616F09DFF1B237B601223BB600123FB6001233B6140F293
:200AA000E9737B610323BB613B46194609480EF0F5FC78627B6A002B01D0012303E0064B89
:200AC00001221A70002318462837BD4680BD00BFF0900200F8450020510B002080B584B0C6
:200AE00000AF78600D4B1B7883F00103DBB2002B02D17B68002B01D101230AE07968084863
:200B00000EF0CCFCF860FB68002B01D1002300E0022318461037BD4680BD00BF510B00200F
:200B2000F845002080B584B000AF78600D4B1B7883F00103DBB2002B02D17B68002B01D19B
:200B400001230AE0796808480EF012FDF860FB68002B01D1002300E0022318461037BD46C1
:200B600080BD00BF510B0020F845002080B582B000AF0023FB71054905480DF0ADFF03466E
:200B8000FB71FB7918460837BD4680BD2C9302004447002080B584B000AF78603960002380
:200BA000BB73114B00221A700A23FB7307233A6879680E480DF0ECFF0346BB7307E04FF4D8
:200BC0007A71012013F03EF8FB7B013BFB73064B1B78DBB2002B02D1FB7B002BEFD1BB7BAA
:200BE00018461037BD4680BD520B00204447002080B483B000AF78607B681B79012B02D184
:200C0000044B01221A7000BF0C37BD465DF8047B704700BF520B002080B582B000AF0023D3
:200C2000FB71054905480CF0A7FB0346FB71FB7918460837BD4680BDD49202000447002036
:200C400080B584B000AF786039600023BB73114B00221A700A23FB7307233A6879680E4814
:200C60000CF0DAFB0346BB7307E04FF47A71012012F0E8FFFB7B013BFB73064B1B78DBB27C
:200C8000002B02D1FB7B002BEFD1BB7B18461037BD4680BD530B00200447002080B584B088
:200CA00000AF786039600023BB73114B00221A703223FB7307233A6879680E480CF098FB66
:200CC0000346BB7307E04FF47A71012012F0BAFFFB7B013BFB73064B1B78DBB2002B02D11D
:200CE000FB7B002BEFD1BB7B18461037BD4680BD530B00200447002080B588B002AFF86019
:200D0000B9607A600023BB753223FB75072300937B68BA68F9680D480CF092FB0346BB754E
:200D200007E04FF47A71012012F08CFFFB7D013BFB75074B1B78DBB2002B02D1FB7D002BB9
:200D4000EFD1BB7D18461837BD4680BD04470020530B002080B483B000AF78607B681B7960
:200D6000012B02D1044B01221A7000BF0C37BD465DF8047B704700BF530B002080B582B044
:200D800000AF0023FB710B490B480FF081FD0346DAB2FB791344FB71084909480FF078FDCF
:200DA0000346DAB2FB791344FB71FB7918460837BD4680BDE4910200384600204C910200E2
:200DC0001046002080B584B000AF0346FB710023FB73FB79012B0AD10C480FF08DFD03469E
:200DE000FB730B480FF088FD0346FB7309E007480FF070FD0346FB7305480FF06BFD03469F
:200E0000FB73FB7B18461037BD4680BD384600201046002080B483B000AF786039607B688B
:200E2000002B08D03B68002B05D0064A7B681360054A3B68136000BF0C37BD465DF8047B28
:200E4000704700BF540B0020580B002080B582B000AF7860054B1B689847054B1B68013373
:200E6000034A136000BF0837BD4680BD540B00205C0B002080B582B000AF7860054B1B68AD
:200E80009847054B1B680133034A136000BF0837BD4680BD580B0020600B002080B584B0F7
:200EA00000AF0346FB710023FB73FB79002B02D0012B1DD023E0144914480DF00DF90346AB
:200EC000FB73134B0122A3F8C022114BB3F8C0321A461049002000F089F8FB7B002B03D1EE
:200EE0000B4B01221A700AE0094B00221A7006E0054906480DF0F0F80346FB7300BFFB7BB2
:200F000018461037BD4680BDA8920200D4460020640B0020670B002080B586B000AF0346F2
:200F2000B9607A60FB730023FB750023BB82FB7B002B02D0012B19D033E000237B8210E0B2
:200F40007B8ABA681344012219461A480DF0C9F90346FB750121052012F074FE7B8A0133C3
:200F60007B827B8A7A689A42EAD81AE07A68B96810480DF0B6F90346FB7507E0BB8A0533D1
:200F8000BB824FF47A71052012F05CFE0A4B9B7883F00103DBB2002B02D0BB8A182BEDD9AE
:200FA00000BF054B00229A70FB7D18461837BD4680BD00BFD4460020640B002080B483B0A2
:200FC00000AF78607B68002B07D0074B1B78002B03D0054A7B68C2F8C43200BF0C37BD46DB
:200FE0005DF8047B704700BF640B002080B586B000AF0346B9607A60FB730023FB75FB7B4B
:20100000002B02D0012B0DD019E07A68B96810480DF050F90346FB757B689AB20D4BA3F855
:20102000C0220CE07A68B96809480DF043F90346FB757B689AB2074BA3F8C02200BF054B8F
:2010400000225A70FB7D18461837BD4680BD00BFD4460020640B002080B400AF044B012262
:20106000A3F8C02200BFBD465DF8047B704700BF640B002080B582B000AF78607B681B79F3
:20108000042B20D0042B15DC012B02D0022B0DD010E00F4B01225A700D4BD3F8C4320C4A63
:2010A000B2F8C02211460B4898470DE0084B01229A7009E0064BB3F8C0321A460549002009
:2010C000FFF794FF00E000BF00BF0837BD4680BD640B0020670B002080B582B000AF002350
:2010E000FB710A4A136923F002031361084909480BF0B2FF0346002B02D0FB790133FB7180
:20110000FB7918460837BD4680BD00BF00B00140609202007846002080B582B000AF0023C3
:20112000FB7107480BF0E6FF0346002B02D0FB790133FB71FB7918460837BD4680BD00BFAA
:201140007846002080B582B000AF0423FB71204B93F81034C3F30003DBB2002B06D01C4B20
:20116000002283F810240123FB712BE0184BB3F8C030C3F34003DBB2002B12D0144B0022F1
:20118000A3F8C0200023BB71BB1D194611480BF0C5FFBB7919460F480BF0CCFF0323FB71F4
:2011A00010E00B4BB3F8C030C3F38003DBB2002B06D0074B0022A3F8C0200223FB7101E026
:2011C0000423FB71FB7918460837BD4680BD00BF00E001407846002080B485B000AF03460C
:2011E000FB71FB792F2B12D8FB795B09FB73FB7903F01F03BB73FB7B084A52F82310BB7B53
:2012000001229A40FB7B0A43044941F8232000BF1437BD465DF8047B704700BF2C0E002094
:2012200080B485B000AF0346FB71FB792F2B14D8FB795B09FB73FB7903F01F03BB73FB7BB4
:20124000094A52F82310BB7B012202FA03F3DA43FB7B0A40044941F8232000BF1437BD46C0
:201260005DF8047B704700BF2C0E002080B485B000AF0346FB71FB792F2B15D8FB795B096A
:20128000FB73FB7903F01F03BB73FB7B0A4A52F82320BB7B22FA03F303F00103002B14BF95
:2012A00001230023DBB200E0002318461437BD465DF8047B704700BF2C0E002080B584B09E
:2012C00002AF0023FB712E4B019303230093002380222C492C4814F01FFA2C4B019303230C
:2012E0000093002380222A492A4814F015FA2A4B01930123009300234FF4C0722749284866
:2013000014F00AFA274B01930223009300234FF400722549254814F0FFF9254B019304232D
:20132000009300234FF400722249234814F0F4F9134B1B68002B02D1FB790133FB71134B2A
:201340001B68002B02D1FB790133FB71124B1B68002B02D1FB790133FB71124B1B68002BFB
:2013600002D1FB790133FB71114B1B68002B02D1FB790133FB71FB7918460837BD4680BD44
:20138000A83500204883020039A10100C03900205883020095B60100EC2F00206C8302003A
:2013A000C1760100F83500207C83020019AC01002C30002090830200B985010080B582B0AA
:2013C00000AF0023FB7100220121142013F092FA03462C4A5360002201210A2013F08AFA61
:2013E0000346294A536000224FF43071142013F081FA0346254A536000220121142013F0E0
:2014000079FA0346224A536000221421322013F071FA03461F4A5360042013F0F7FA034614
:201420001C4A9360174B5B68002B02D1FB790133FB71154B5B68002B02D1FB790133FB71E7
:20144000134B5B68002B02D1FB790133FB710F4B5B68002B02D1FB790133FB710D4B5B680F
:20146000002B02D1FB790133FB710A4B9B68002B02D1FB790133FB71FB7918460837BD46DC
:2014800080BD00BFEC2F0020C0390020F8350020A83500202C30002080B582B002AF0A4BC9
:2014A0000093002301220A21084815F041FB0346074A9360064B9B68002B01D1012300E0B5
:2014C00000231846BD4680BDAD760100A0830200EC2F002080B582B000AF0023FB71FFF72C
:2014E0006DFF0346002B02D0FB790133FB71FFF7D3FF0346002B02D0FB790133FB71FFF70E
:20150000DDFE0346002B02D0FB790133FB71FB7918460837BD4680BD80B588B000AF786051
:2015200001233B72324811F053FFF861FB69002B01D0FB6957E00023FB7614E007F108032E
:2015400019462B4811F067FFF861FB69002B04D0274811F04FFFFB6945E03B7A002B06D099
:20156000FB7E0133FB76FB7E052BE7D900E000BF3B7A002B31D107F10C031A460B211C486C
:2015800011F060FF07F10C0302331A460C21184811F058FF07F10C0304331A460D21144842
:2015A00011F050FF00237B6113E07B695B0020333B4433F8143CB3F5006F8CBF01230023B4
:2015C000D9B27B697A6813440A461A707B6901337B617B69022BE8DD01E01423FB610448FF
:2015E00011F008FFFB6918462037BD4680BD00BF984700202DE9F04385B002AF0023FB710E
:2016000062B600BFFFF788FD0BF044FA0346002B04D1012140F20710FFF70AF8FFF77CFD24
:2016200003F098FB0120FFF7CDFB03F0EDFF03461A46FB791344FB7104F020FD05F026F961
:20164000012004F033FC03461D46022004F02EFC03461E46032004F029FC03469846042026
:2016600004F024FC03469946052004F01FFC03461C46062004F01AFC0346019300944B461D
:2016800042463146284604F065FD04F091FC0948FFF742FF0346002B03D12220FFF79CFD65
:2016A00002E02220FFF7BCFD00BF0C37BD46BDE8F08300BF340E002080B485B000AF0346B8
:2016C000FB710023FB600DE00C4AFB68134493F9003097F907209A4201D1FB6807E0FB6855
:2016E0000133FB60FB68272BEEDD4FF0FF3318461437BD465DF8047B704700BF2C880200BE
:2017000080B483B000AF124B1B780133DAB2104B1A700F4B1B78142B14D90D4B00221A7001
:201720000023FB710BE0FB790A4AD25CFB7982F00102D1B2074AD154FB790133FB71FB79CF
:201740000B2BF0D900BF0C37BD465DF8047B7047A10E0020880E002080B483B000AF034616
:20176000FB71FB790B2B01D9002302E0FB79044AD35C18460C37BD465DF8047B704700BF95
:20178000880E002080B489B000AFF860B9607A60FB68FB617B6800221A70FB68002B25D15A
:2017A0007B681B785A1CD1B27A6811709B00BA68134400221A6048E0F969264BA3FB0123EA
:2017C000DA0813469B0013445B00CA1A7B681B78591CC8B2796808709B00B9680B441A605A
:2017E000FB691C4AA2FB0323DB08FB61FB69002BE2D10023BB6120E0BB699B00BA68134464
:201800001B687B617B681B785A1EBB69D31A9B00BA681A44BB699B00B9680B4412681A602C
:201820007B681B785A1EBB69D31A9B00BA6813447A691A60BB690133BB617B681B785B08EB
:20184000DBB21A46BB699342D6DB2437BD465DF8047B7047CDCCCCCC80B483B000AF034678
:20186000FB710B46BB7113467B717B79002B11D1FB79134AD35C5AB2BB79012101FA03F3E6
:201880005BB2DB435BB213405AB2FB79D1B20C4AD1540EE0FB790A4AD35C5AB2BB790121F8
:2018A00001FA03F35BB213435AB2FB79D1B2044AD15400BF0C37BD465DF8047B704700BF0F
:2018C000380E002080B485B000AF396011461A460346FB710B46BB7113467B710023FB8124
:2018E0003B7F063B0C2B00F2CE8001A252F823F0491901002519010055190100871A0100C3
:201900006119010031190100871A0100871A01003D1901006D1901007919010085190100AD
:2019200091190100FB795D4A32F81330FB8135E0FB795B4A32F81330FB812FE0FB79594ABB
:2019400032F81330FB8129E0FB79574A32F81330FB8123E0FB79554A32F81330FB811DE09B
:20196000FB79534A32F81330FB8117E0FB79514A32F81330FB8111E0FB794F4A32F8133013
:20198000FB810BE0FB794D4A32F81330FB8105E0FB794B4A32F81330FB8100BF3A7EBB796A
:2019A0009A4272D23B68002B71D000237B7365E0FA897B7B42FA03F303F00103002B2CD0D9
:2019C0003B7E7A7903FB02F27B7B13445B003A6813441B781A463B4B9B5C5AB23B7E7979A1
:2019E00003FB01F17B7B0B445B0039680B445B78194601238B405BB2134359B23B7E7A792C
:201A000003FB02F27B7B13445B003A6813441B781A46C9B22B4B99542DE03B7E7A7903FBAB
:201A200002F27B7B13445B003A6813441B781A46244B9B5C5AB23B7E797903FB01F17B7B1B
:201A40000B445B0039680B445B78194601238B405BB2DB435BB2134059B23B7E7A7903FB8B
:201A600002F27B7B13445B003A6813441B781A46C9B2144B99547B7B01337B737A7B7B7916
:201A80009A4295D304E000BF02E000BF00E000BF1437BD465DF8047B704700BF4C870200B2
:201AA000648702007C870200CC870200D4870200DC870200EC870200208802001088020064
:201AC00004880200380E002080B58AB002AF0346FB710B46BB7113467B7107F1100300224E
:201AE0001A605A609A60DA600023FB73FB79052B12D97B79012B0FD10620FFF7B7FB034647
:201B000083F00103DBB2002B12D0322003F06FFD0620FFF761FB0BE00620FFF7A7FB034699
:201B2000002B05D00620FFF77BFB5A2003F05FFDFB7907F10F0207F110011846FFF722FE50
:201B4000FB7B012B11D14B23002100221846FFF783FE3B69D8B207230193002300930723AF
:201B60000A223849FFF7AEFE10E04B23002101221846FFF771FE7B69D8B207230193002362
:201B8000009307230A222F49FFF79CFE4A23002101221846FFF760FE07F110031022002193
:201BA000184615F011FFBB7907F10F0207F110011846FFF7E7FDFB7B012B16D13B69D8B27D
:201BC000072301930223009307230A221D49FFF779FE7B69D8B20723019301230093072359
:201BE0000A221849FFF76EFE15E03B69D8B2072301930123009307230A221249FFF762FE57
:201C00007B69D8B2072301930223009307230A220C49FFF757FE7B79002B06D14723072162
:201C200001221846FFF718FE08E07B79012B05D14723062101221846FFF70EFE00BF20370F
:201C4000BD4680BD5488020080B582B000AF03460A46FB711346BB71FB79002B0FD0FB79D4
:201C6000142B0CD84823002101221846FFF7F4FD47200121BB791A46FFF7EEFDB6E0FB7945
:201C8000142B15D9FB792D2B12D84823002101221846FFF7E1FD4723012101221846FFF77D
:201CA000DBFD48200521BB791A46FFF7D5FD9DE0FB792D2B1BD9FB794B2B18D848230021BF
:201CC00001221846FFF7C8FD4723012101221846FFF7C2FD4823052101221846FFF7BCFD45
:201CE00048200121BB791A46FFF7B6FD7EE0FB794B2B21D9FB795F2B1ED848230021012238
:201D00001846FFF7A9FD4723012101221846FFF7A3FD4823052101221846FFF79DFD482319
:201D2000012101221846FFF797FD48200421BB791A46FFF791FD59E0FB795F2B27D9FB7926
:201D4000632B24D84823002101221846FFF784FD4723012101221846FFF77EFD4823052166
:201D600001221846FFF778FD4823012101221846FFF772FD4823042101221846FFF76CFD94
:201D800047200021BB791A46FFF766FD2EE0FB79632B24D94823042101221846FFF75CFD61
:201DA0004823012101221846FFF756FD4823052101221846FFF750FD47230121012218466A
:201DC000FFF74AFD4823002101221846FFF744FD4723002101221846FFF73EFD06E04820F7
:201DE0000021BB791A46FFF737FDFFE700BF0837BD4680BD80B58CB002AF0346FB710B46B8
:201E0000BB7113467B7107F10C0300221A605A609A60DA601A615A610023FB72002387F858
:201E20002730FB7907F10B0207F10C011846FFF7A9FC7B79002B06D00420FFF78DFC0346F3
:201E400087F8273002E0012387F8273097F82720FB7911461846FFF7F7FEBB79002B40F057
:201E6000BD8097F82730002B56D1FB7A012B1AD14E23002100221846FFF7EEFC07230193B1
:201E80000423009307230A2256490A20FFF71AFD072301930323009307230A2251490A20CB
:201EA000FFF710FD94E0FB7A022B1AD14E23002100221846FFF7D0FC0723019303230093D3
:201EC00007230A2247490A20FFF7FCFC072301930423009307230A2242490A20FFF7F2FC9D
:201EE00076E04E23002100221846FFF7B5FC072301930323009307230A223A490A20FFF763
:201F0000E1FC072301930423009307230A2235490A20FFF7D7FC5BE0FB7A012B1CD14E236B
:201F2000002100221846FFF797FCFB68D8B2072301930423009307230A222A49FFF7C2FC95
:201F40003B69D8B2072301930323009307230A222449FFF7B7FC3BE0FB7A022B1CD14E2355
:201F6000002100221846FFF777FCFB68D8B2072301930323009307230A221A49FFF7A2FCA6
:201F80003B69D8B2072301930423009307230A221449FFF797FC1BE04E2300210122184651
:201FA000FFF75AFC3B69D8B2072301930323009307230A220B49FFF785FC7B69D8B2072377
:201FC00001930423009307230A220649FFF77AFC4523042101221846FFF73EFC00BF283746
:201FE000BD4680BD5488020080B483B000AF0346FB80FB88642B02D9FB88742B05D9FB8879
:20200000772B04D9FB887E2B01D8012300E0002303F00103DBB218460C37BD465DF8047B19
:202020007047FFFF80B483B000AF0346FB71FB79042B17D801A252F823F000BF512001005D
:2020400055200100592001005D20010061200100012308E0022306E0032304E0042302E066
:20206000052300E0052318460C37BD465DF8047B704700BFB0B586B000AF0023FB82002335
:202080007B7504233B750023FB740023BB7400237B7470E07B7C184607F014FD0346FB8012
:2020A000FB88002B61D0FB881846FFF79DFF0346002B15D09D4B1B78012B0CD19C4B1B7877
:2020C000012B05D99A4B02221A700123BB7407E00023BB7404E0954B01221A700023BB7414
:2020E0000023FB603DE09349FA6813465B0013445B000B441B88FA889A422FD18D49FA6819
:2021000013465B0013445B000B4402331B783A7D9A422CD3884B01221A708649FA681346A6
:202120005B0013445B000B4402331B783B75FB88FB828049FA6813465B0013445B000B44EB
:2021400003331B78FB747B49FA6813465B0013445B000B4404331B787B7508E0FB68013333
:20216000FB60FB687F2BBED902E000BF00E000BF7B7C01337B747B7C042B8BD9FB7C002BDA
:2021800002D16D4B00221A706B4B1B78002B00F0C880664B1B78002B05D0BB7C002B02D0E4
:2021A0002323FB740BE0614B1B78002B07D0BB7C83F00103DBB2002B01D02023FB7405242C
:2021C000002507F053FB03461A4629462046FFF743FBFB8A002B00F09F80FB7C002B00F092
:2021E0009B803B7D1846FFF71DFF03467B727B7A013B52497A7A01F813207B7A013B4F4AB0
:202200005B001344FA7C5A700023FB720023BB720FE0BB7A494A12F81330002B06D0BB7AB2
:20222000464A5B0013445B78FB7205E0BB7A0133BB72BB7A042BECD9FB7A002B54D0FB7A3F
:202240009AB27B7A1146184601F078FC0346FB7201F0AEFCFB7A203B062B42D801A252F8CA
:2022600023F000BF812201008F2201009D220100AB220100B9220100C7220100D5220100EA
:202280000F230C222E492F4802F056F82AE000232E2200212C4802F04FF823E00F230E2200
:2022A0002A492B4802F048F81CE00F2308222949294802F041F815E00C230E22274928486C
:2022C00002F03AF80EE00D230A222649264802F033F807E00A2308222449254802F02CF868
:2022E00000E000BF02F0DCFC7B7D002B18D07B7D012B02D0022B07D00DE0242307210122F1
:202300001846FFF7A9FA06E00523002101221846FFF7A2FA00BF03E0074B00221A7000E004
:2023200000BF00BF1837BD46B0BD00BFAD0E0020AE0E00204C840200A60E0020940E002082
:202340008C8C02009C8C0200A88C0200D88C0200E88C0200F88C0200088D0200108D02006B
:202360001C8D02002C8D02003C8D0200488D0200548D0200B0B500AF0D20FEF751FF0E20BE
:20238000FEF74EFF0F20FEF74BFF07F0F1F90346012B08D10120FFF7DFF90346002B02D029
:2023A0000D20FEF719FF07F045FA0346012B13D10220FFF7D1F90346002B02D00E20FEF709
:2023C0000BFF242407250E20FEF750FF03461A4629462046FFF740FA07F03AFA0346012BBF
:2023E00013D10320FFF7B8F90346002B02D00F20FEF7F2FE242407250F20FEF737FF0346BE
:202400001A4629462046FFF727FA07F0A3F90346012B0BD107F0ACF90346002B06D11E2067
:2024200001F00EFC0D20FEF7D7FE11E007F0A0F90346012B03D11F2001F002FC08E01E208C
:2024400001F050FB1F2001F04DFB0D20FEF7E8FE052402250D20FEF709FF03461A4629462E
:202460002046FFF7F9F9FFF705FE07F0E3F90346012B09D1042001F0E3FB4F230521012245
:202480001846FFF7E9F905E0042001F02BFB0E20FEF7C6FE07F0DCF90346012B03D10320C7
:2024A00001F0CEFB05E0032001F01CFB0F20FEF7B7FE4F2406250F20FEF7D8FE03461A4638
:2024C00029462046FFF7C8F900BFB0BD80B58CB002AF03463960FB711346BB7107F10C0348
:2024E00000221A605A609A60DA601A615A610023FB72002387F827303B68AB4AA2FB032338
:20250000DB083B6007F10B0207F10C0319463868FFF738F90A23032100221846FFF79CF9AF
:202520000923032100221846FFF796F90823032100221846FFF790F907230321002218462A
:20254000FFF78AF90623032100221846FFF784F9BB79002B0CD00520FFF7FEF8034687F8AE
:20256000273097F82730002B05D10A23FB7202E0012387F82730FB79032B4AD801A252F8F6
:2025800023F000BF95250100A5250100C3250100E12501000A20032197F827301A46FFF769
:2025A0005BF937E00920032197F827301A46FFF753F90820032197F827301A46FFF74CF90E
:2025C00028E00920032197F827301A46FFF744F90720032197F827301A46FFF73DF919E077
:2025E0000A23032101221846FFF736F90923032101221846FFF730F9082303210122184624
:20260000FFF72AF90723032101221846FFF724F900E000BF0620032197F827301A46FFF79A
:202620001BF9FB7A012B3DD13E23002100221846FFF712F9FB68D8B207230193092300936A
:2026400007230A225949FFF73DF93B69D8B2072301930823009307230A225449FFF732F998
:202660007B69D8B2072301930723009307230A224E49FFF727F9BB69D8B2072301930623D9
:20268000009307230A224949FFF71CF9FB69D8B2072301930523009307230A224349FFF775
:2026A00011F980E1FB7A022B3DD13E23002100221846FFF7D1F8FB68D8B207230193082368
:2026C000009307230A223949FFF7FCF83B69D8B2072301930923009307230A223349FFF732
:2026E000F1F87B69D8B2072301930723009307230A222E49FFF7E6F8BB69D8B207230193FB
:202700000623009307230A222849FFF7DBF8FB69D8B2072301930523009307230A22234944
:20272000FFF7D0F83FE1FB7A032B41D13E23002100221846FFF790F8FB68D8B207230193DB
:202740000723009307230A221849FFF7BBF83B69D8B2072301930823009307230A22134900
:20276000FFF7B0F87B69D8B2072301930923009307230A220D49FFF7A5F8BB69D8B20723B9
:2027800001930623009307230A220849FFF79AF8FB69D8B2072301930523009307230A22FD
:2027A0000249FFF78FF8FEE0CDCCCCCC54880200FB7A042B3DD13E23002100221846FFF7BA
:2027C0004BF8FB68D8B2072301930623009307230A227A49FFF776F83B69D8B207230193E6
:2027E0000723009307230A227449FFF76BF87B69D8B2072301930823009307230A226F49B8
:20280000FFF760F8BB69D8B2072301930923009307230A226949FFF755F8FB69D8B20723DC
:2028200001930523009307230A226449FFF74AF8B9E0FB7A052B3DD13E23002100221846C0
:20284000FFF70AF8FB68D8B2072301930523009307230A225949FFF735F83B69D8B20723A7
:2028600001930623009307230A225449FFF72AF87B69D8B2072301930723009307230A22BE
:202880004E49FFF71FF8BB69D8B2072301930823009307230A224949FFF714F8FB69D8B292
:2028A000072301930923009307230A224349FFF709F878E0FB7A062B3DD13E230021012211
:2028C0001846FEF7C9FF3B69D8B2072301930523009307230A223949FEF7F4FF7B69D8B208
:2028E000072301930623009307230A223349FEF7E9FFBB69D8B2072301930723009307235C
:202900000A222E49FEF7DEFFFB69D8B2072301930823009307230A222849FEF7D3FF3B6AA5
:20292000D8B2072301930923009307230A222349FEF7C8FF37E03E23002100221846FEF704
:202940008BFF072301930523009307230A221B490A20FEF7B7FF0723019306230093072341
:202960000A2216490A20FEF7ADFF072301930723009307230A2211490A20FEF7A3FF0723EB
:2029800001930823009307230A220C490A20FEF799FF072301930923009307230A22074960
:2029A0000A20FEF78FFF3E23042101221846FEF753FF00BF2837BD4680BD00BF5488020021
:2029C00080B584B002AF0346FB711020FEF704FC3E23052101221846FEF73EFFFB79013B19
:2029E000052B00F2728101A252F823F0052A0100672A0100DD2A0100092C0100532B010043
:202A0000CB2C01000B2001F06DF80C2001F06AF8062301930023009306230122AD490020E9
:202A2000FEF750FF082301930023009308230122A9490020FEF746FF0A23019300230093CC
:202A40000A230122A5490020FEF73CFF0B23042101221846FEF700FF052304210122184652
:202A6000FEF7FAFE32E10B2001F03CF80C2001F039F806230193002300930623012295491B
:202A80000120FEF71FFF08230193002300930823012291490120FEF715FF0A230193002357
:202AA00000930A2302228D490120FEF70BFF0A230193012300930A23022288490420FEF789
:202AC00001FF0423002101221846FEF7C5FE0B23042101221846FEF7BFFEF7E00B2001F0FC
:202AE00001F80C2000F0FEFF06230193002300930623012277490120FEF7E4FE082301938E
:202B0000002300930823012273490220FEF7DAFE0A230193002300930A2302226F49022064
:202B2000FEF7D0FE0A230193012300930A2302226A490520FEF7C6FE0B23042101221846A4
:202B4000FEF78AFE0423042101221846FEF784FEBCE00620FEF700FE0346002B03D0102088
:202B6000FEF73AFB02E01020FEF75AFB06230193002300930623012256490220FEF7A2FEBA
:202B800008230193002300930823012252490320FEF798FE0A230193002300930A23022261
:202BA0004E490320FEF78EFE0A230193012300930A23022249490620FEF784FE1020FEF7BD
:202BC00055FB0346002B06D03E23012101221846FEF742FE05E03E23012100221846FEF745
:202BE0003BFE0B23042101221846FEF735FE3E23022101221846FEF72FFE0B2000F072FFED
:202C00000C2001F01DF861E00620FEF7A5FD0346002B03D01020FEF7DFFA02E01020FEF738
:202C2000FFFA06230193002300930623012229490220FEF747FE082301930023009308236E
:202C4000012225490320FEF73DFE0A230193002300930A23022221490320FEF733FE0A23E8
:202C60000193012300930A2302221C490620FEF729FE1020FEF7FAFA0346002B06D03E234D
:202C8000072101221846FEF7E7FD05E03E23072100221846FEF7E0FD0B230421012218461E
:202CA000FEF7DAFD3E23022101221846FEF7D4FD3E23062101221846FEF7CEFD0C2000F098
:202CC00011FF0B2000F0BCFF00E000BF00BF0837BD4680BD388902004489020054890200C0
:202CE00080B58CB002AF786007F1100300221A605A609A60DA601A615A610023FB7307F186
:202D00000F0207F1100319467868FEF73BFDFB7B012B1CD14623002100221846FEF79CFD04
:202D20003B69D8B20B230193032300930B2304222A49FEF7C7FD7B69D8B20B230193022315
:202D400000930B2304222549FEF7BCFD3BE0FB7B022B1CD14623002100221846FEF77CFD4D
:202D60003B69D8B20B230193022300930B2304221A49FEF7A7FD7B69D8B20B230193032305
:202D800000930B2304221549FEF79CFD1BE04623002101221846FEF75FFD7B69D8B20B236D
:202DA0000193022300930B2304220C49FEF78AFDBB69D8B20B230193032300930B23042225
:202DC0000649FEF77FFD4723052101221846FEF743FD00BF2837BD4680BD00BFE088020066
:202DE00080B58CB002AF0346FB800B467B7113463B7107F10C0300221A605A609A60DA601A
:202E00001A615A610023FB72002387F827307B79002B05D1FB88614AA2FB03235B09FB802E
:202E2000FB8807F10B0207F10C011846FEF7AAFC3B79012B0CD10520FEF78EFC034687F8E3
:202E4000273097F82730002B05D10423FB7202E0012387F82730FB7A013B032B7CD801A2EE
:202E600052F823F0752E0100AF2E0100E92E0100232F01004323072100221846FEF7ECFC1D
:202E8000FB68D8B20B230193012300930B2304224349FEF717FD3B69D8B20B2301930023D0
:202EA00000930B2304223E49FEF70CFD55E04323072100221846FEF7CFFCFB68D8B20B2388
:202EC0000193002300930B2304223549FEF7FAFC3B69D8B20B230193012300930B230422F0
:202EE0002F49FEF7EFFC38E04323072101221846FEF7B2FC3B69D8B20B230193002300930A
:202F00000B2304222649FEF7DDFC7B69D8B20B230193012300930B2304222149FEF7D2FCB8
:202F20001BE04323072100221846FEF795FC0B230193002300930B23042219490A20FEF7B5
:202F4000C1FC0B230193012300930B23042214490A20FEF7B7FC00E000BF7B79002B0DD11C
:202F60004120032197F827301A46FEF775FC4023072100221846FEF76FFC0BE04123032142
:202F800000221846FEF768FC4023072101221846FEF762FC00BF2837BD4680BD1F85EB51BB
:202FA000E0880200B0B58AB000AF0346FB71474B07F10C041D460FCD0FC42B68238000239F
:202FC00087F827301CE097F8273028333B4413F81C3C1A463E4B13F8120097F827302833B5
:202FE0003B4413F81C3C3A4A5B0013445B7800221946FEF731FC97F82730013387F8273053
:2030000097F82730112BDED9FB790A2B04D006F085FB0346012B0CD1442303210022184687
:20302000FEF71AFC3E23032100221846FEF714FC48E04423032101221846FEF70DFC3E23E8
:20304000032101221846FEF707FCFB79092B38D8FA7913461B0113441E4A13443B6211234C
:20306000FB77002387F826301CE097F826303A6A134493F900301A46154B13F8120097F8E2
:2030800026303A6A134493F90030114A5B0013445B7801221946FEF7DFFB97F826300133D9
:2030A00087F8263097F82620FB7F9A420AD297F826303A6A134493F90030B3F1FF3FD4D111
:2030C00000E000BF2837BD46B0BD00BF5C8D0200B0830200F88F0200B0B584B000AF034689
:2030E000FB711220FEF79CF81320FEF799F81120FEF796F8062000F0F5FC172000F0F2FC20
:20310000182000F0EFFC192000F0ECFC1A2000F0E9FC1B2000F0E6FC06F0E6FA03467B7362
:203120000B23072101221846FEF796FB4F23072101221846FEF790FB472304210122184687
:20314000FEF78AFB03F06CF803461C4603F0ACF803461D4603F0B4F803461A462946204693
:20316000FEF7B2FCFB79032B02D0FB79042B06D1FB790133DBB21846FFF722FC05E006F03C
:20318000BFFA03461846FFF71BFC06F037FB03463B737B7B052B03D80720FEF71DF802E08F
:2031A0000720FEF73DF83B7B012B68D17B7B9BB2002201211846FFF713FE0720FEF756F84D
:2031C00003461A467B7B01211846FEF713FE0D2000F088FC1D2000F085FC0E2000F082FCDF
:2031E0004423012100221846FEF736FB482003213B7B1A46FEF730FB4F23072100221846C4
:20320000FEF72AFB4723042100221846FEF724FB3B7B012B40F0CA80D04B1B781D2B0CD93A
:203220004823072101221846FEF716FBCB4B1B780133DAB2C94B1A7005E0C84B1B780133AE
:20324000DAB2C64B1A70C54B1B78632B10D94824062506F0E1FA03461A4629462046FEF752
:20326000FBFA172000F0ECFCBC4B6E221A709DE0BA4B1B780133DAB2B84B1A7096E0B74B4F
:2032800000221A7006F018FA03461C4606F080FC03461A4600212046FFF7A2FD0720FDF77D
:2032A000E5FF03461A467B7B00211846FEF7A2FDAB4B1B78002B08D106F0E4F903460022AD
:2032C00019460020FFF702F970E0A54B1B78012B0ED1002006F0BAF903461C460320FDF715
:2032E000C5FF03461A4621460120FFF7EFF85DE09B4B1B78022B0ED1012006F0A7F903463A
:203300001C460320FDF7B2FF03461A4621460220FFF7DCF84AE0924B1B78032B3AD1032091
:20332000FDF7A4FF0346002B18D00720FEF714FA0346002B03D01120FDF74EFF02E01120A4
:20334000FDF76EFF0B2405251120FDF78FFF03461A4629462046FEF77FFA12E00B230521CE
:2033600001221846FEF778FA0520FDF77FFF0346002B03D00D2000F063FC02E00D2000F00C
:20338000B1FB06F07FF90346002219460020FFF79DF80BE0724B1B78042B07D106F072F9FB
:2033A0000346002219460020FFF790F806F078F903461846FFF794FC06F012FA0346012B9A
:2033C00010D10A2000F03CFC0820FEF7C5F90346002B03D01220FDF7FFFE09E01220FDF766
:2033E0001FFF05E01220FDF71BFF0A2000F07AFB402404251220FDF739FF03461A462946F8
:203400002046FEF729FA06F03FFA0346FB720023FB730023BB73524B1B78022B00F2A880F0
:20342000FB7A042B00F2A08001A252F823F000BF4534010077340100AD340100E3340100F7
:2034400019350100474B00221A700F2000F04AFB122000F047FB132000F044FB142000F091
:2034600041FB2A20FDF7DCFE2C20FDF7D9FE2B20FDF7D6FE7CE00123FB733A4B00221A70AF
:20348000122000F0DDFB0F2000F02CFB132000F029FB142000F026FB2B20FDF7C1FE2C2016
:2034A000FDF7BEFE2A20FDF797FE61E00123BB732C4B00221A700F2000F0C2FB122000F0D5
:2034C00011FB132000F00EFB142000F00BFB2A20FDF782FE2C20FDF7A3FE2B20FDF7A0FE0E
:2034E00046E00123BB731F4B00221A702A20FDF773FE2B20FDF770FE2C20FDF791FE1220E1
:2035000000F0F0FA0F2000F0EDFA132000F098FB142000F0E7FA2BE00123FB732B20FDF734
:203520007FFE2A20FDF77CFE2C20FDF755FE0D4B1B78FF2B05D00B4B1B780133DAB2094BDC
:203540001A70122000F0CEFA0F2000F0CBFA132000F0C8FA142000F073FB09E0C20E0020C3
:20356000AB0E0020AF0E0020524B00221A7000BF514B1B78042B0DD10123BB730023FB736E
:203580000320FDF773FE0346002B03D00123FB730023BB73FB7B002B0BD0052401250B2083
:2035A000FEF7DAF803461A4629462046FEF754F905E005200121BB7B1A46FEF74DF906F091
:2035C00001F90346012B0DD10920FEF7C5F80346002B03D01320FDF7FFFD0FE01320FDF743
:2035E0001FFE0BE006F0E0F80346012B03D11320FDF7F2FD02E01320FDF712FE2D20FDF73C
:2036000035FE0346002B16D02C4B1B785A1CD1B22A4A1170FA2B02D801F048FA0BE0274B96
:203620001B78FA2B07D901F05EFA2D20FDF7F8FD224B00221A70224B1B781846FFF7B2FC58
:20364000052403251320FDF711FE03461A4629462046FEF701F94D24002506F097F8034612
:203660001A4629462046FEF7F7F8402405250020FDF7FCFD03461A4629462046FEF7ECF83F
:20368000402406250220FDF7F1FD03461A4629462046FEF7E1F8442402250120FDF7E6FDC4
:2036A00003461A4629462046FEF7D6F800BF1037BD46B0BDAF0E0020AB0E0020B00E0020BF
:2036C000AC0E002080B487B000AF3B600346FB710B46BB711346BB80FA7913461B019B1AF8
:2036E0009B001A46BB7913447B61BB887A6913443B613B69234AA2FB03235909224BA3FB0E
:2037000001231A0913465B001344DB00CA1A1346FB7339691B4BA3FB01235A0913461B012F
:203720009B1A9B00CA1AD2B23B6A1A70FB7B002B06D13B680C221A707B6A00221A701BE043
:20374000FB7B0C2B06D13B680C221A707B6A01221A7011E0FB7B0C2B08D9FB7B0C3BDAB230
:203760003B681A707B6A01221A7005E03B68FA7B1A707B6A00221A7000BF1C37BD465DF808
:20378000047B704789888888ABAAAAAAB0B584B000AF0346FB710023FB730023BB73002327
:2037A0007B731420FDF73CFD1320FDF739FD0B23072101221846FEF74FF802F031FD0346E1
:2037C000FB7302F071FD0346BB7302F079FD03467B737A7BB97BFB7B1846FEF775F905F0B0
:2037E000F1FF0346012B0DD10920FDF7B5FF0346002B03D01320FDF7EFFC0FE01320FDF746
:203800000FFD0BE005F0D0FF0346012B03D11320FDF7E2FC02E01320FDF702FD0524032546
:203820001320FDF723FD03461A4629462046FEF713F805F0E3FF0346002B18D10A20FDF771
:203840008BFF0346002B03D01420FDF7C5FC02E01420FDF7E5FC482403251420FDF706FD04
:2038600003461A4629462046FDF7F6FF7EE005F0C5FF0346002B03D01520FDF7ADFC02E0CF
:203880001520FDF7CDFC482403251520FDF7EEFC03461A4629462046FDF7DEFF1520FDF717
:2038A000E5FC0346002B5ED08C4B1B781D2B0CD94823072101221846FDF7CEFF874B1B78B4
:2038C0000133DAB2854B1A7005E0844B1B780133DAB2824B1A70814B1B78632B3CD905F079
:2038E0009BFF0346002B0CD0062000F0FBF84823062101221846FDF7AFFF1420FDF76CFC90
:2039000026E04823072100221846FDF7A5FF0A20FDF722FF0346002B03D01420FDF75CFCF0
:2039200002E01420FDF77CFC482403251420FDF79DFC03461A4629462046FDF78DFF05238A
:20394000002101221846FDF787FF062000F078F9624B6E221A7009E0604B1B780133DAB216
:203960005E4B1A7002E05D4B00221A7005F0BCFE03463B73FB79052B62D1594B00221A8001
:203980004723022101221846FDF766FF05F044FF0346002B1CD006F0EFF80346FB72FB7A20
:2039A000BB2B05D0FB7A002B02D0FB7AAB2B05D14723032101221846FDF74EFF48230221DB
:2039C00001221846FDF748FF062000F08BF826E04823072100221846FDF73EFF0A20FDF72A
:2039E000BBFE0346002B03D01420FDF7F5FB02E01420FDF715FC482403251420FDF736FCA6
:203A000003461A4629462046FDF726FF0523002101221846FDF720FF062000F011F93B7B5C
:203A2000012201211846FEF7E5F93B7B642B03D11B2000F005F91CE0182000F001F918E0B8
:203A40003B7B002201211846FEF7D4F9244B1B88B3F5FA7F07D3224B4FF4FF721A801A204A
:203A600000F0EEF805E01E4B1B8801339AB21C4B1A8005F045FE03461846FEF7A1FF3B7BD4
:203A80009BB2002201211846FFF7AAF905F008FE03461846FFF724F94F23072100221846CF
:203AA000FDF7DAFE4723042100221846FDF7D4FE05F096FE0346012B09D10A2000F0C0F8BB
:203AC0004023042101221846FDF7C6FE02E00A2000F008F800BF1037BD46B0BDC30E0020C2
:203AE000C40E002080B485B000AF0346FB800023FB7316E0FB7B104A5B0013445B781A46BC
:203B0000FB8893420AD1FB7B0B4A002102F81310FB7B094A5B00134400225A70FB7B013358
:203B2000FB73FB7B042BE5D900BF00BF1437BD465DF8047B704700BF940E002080B485B073
:203B400000AF03460A46FB711346BB800023FB81FB79013B1549FA7901F81320FB79013B21
:203B6000BA88D1B2114A5B0013440A465A7000237B7310E07B7B0D4A12F81330002B05D0BE
:203B80007B7B0A4A5B0013445B7808E00023FB817B7B01337B737B7B042BEBD9FB891846EC
:203BA0001437BD465DF8047B704700BF940E002080B588B002AF204B3B610023FB7515E0FE
:203BC0002020FDF779FD78607B68B3F1FF3F0AD07B68D8B20E230193FB7D00930E231C2218
:203BE0003969FDF76FFEFB7D0133FB75FB7D0D2BE6D9124BFB600023BB7515E02020FDF703
:203C00005BFDB860BB68B3F1FF3F0AD0BB68D8B20E230193BB7D00930E231C22F968FDF754
:203C200051FEBB7D0133BB75BB7D0D2BE6D900BF00BF1837BD4680BD7C890200048B0200C5
:203C400090B599B002AF0346FB80FF2387F85730C74B1B7883F00103DBB2002B00F0D7821C
:203C6000FB88DBB2013B262B64D801A252F823F00D3D01000D3D01000D3D01000D3D01003F
:203C80000D3D0100153D0100253D01000D3D01000D3D0100253D0100253D0100253D010064
:203CA0001D3D01001D3D0100253D01001D3D01001D3D01001D3D01001D3D01001D3D010024
:203CC0001D3D01001D3D0100153D0100153D0100153D0100153D0100153D01001D3D010034
:203CE0001D3D01002D3D01002D3D0100353D0100353D0100353D0100353D0100353D010054
:203D0000353D0100353D01000D3D0100012387F8573010E0022387F857300CE0032387F89C
:203D2000573008E0042387F8573004E0052387F8573000E000BF97F85730FF2B00F067821D
:203D4000FA8897F8573011461846FFF7F7FE0346FB80FFF72DFFFB88DBB2013B262B00F2B6
:203D6000518201A252F823F0053E0100A33E0100BD3E0100CB3E0100D93E0100E73E010006
:203D8000E53F0100F53E0100C93F0100D73F0100F33F0100014001000F4001001D40010087
:203DA000174101004F4101005D4101006B4101007941010087410100E9410100F7410100E5
:203DC0002B40010039400100D1400100DF400100ED400100FB4001000941010025410100AF
:203DE000334101000542010005420100054201000542010005420100054201000542010056
:203E0000414101005B4B07F138040FCB07C42380594B1B78062B09D107230E225749584821
:203E200000F08AFA574B01221A70F0E100233B6509E03B6D083358333B445F2203F8202C8D
:203E40003B6D01333B654C4B1B781A463B6D9342EFDB07F138010E230E22494800F06CFA9C
:203E6000494B1B785A1CD1B2474A1170322B40F2CB81454B00221A70444B00221A703E4B35
:203E80001B785A1C424B83FB021313449910D317C91A0B46DB005B1AD11ACAB2364B1A7019
:203EA000B2E1354B00221A70384B00221A700A230F223849384800F03FFAA8E10D230A22A7
:203EC0003649374800F038FAA1E106230C223549354800F031FA9AE10B230B223349344805
:203EE00000F02AFA93E10F230B223249324800F023FA8CE1314B07F128040FCB07C4238084
:203F00000023FB6409E0FB6C083358333B445F2203F8302CFB6C0133FB64294B1B781A4651
:203F2000FB6C9342EFDB07F1280000230E22002100F002FA154B1B785A1CD1B2134A117031
:203F4000092B40F26381114B00221A701C4B1B785A1C1C4B83FB02135910D317C91A0B461E
:203F60009B000B44D11ACAB2154B1A704EE100BFA60E0020C48F0200A20E0020708D020020
:203F8000788D02009F0E0020C60E0020C70E002093244992888D0200948D0200A48D020065
:203FA000B48D0200C08D0200C88D0200D48D0200E08D0200F08D0200008E0200D48F0200D2
:203FC000C80E002067666666092307229149924800F0B2F91BE107230A229049904800F0BB
:203FE000ABF914E108230C228E498F4800F0A4F90DE10F2308228D498D4800F09DF906E132
:204000000F2308228B498A4800F096F9FFE00D2308228949894800F08FF9F8E00D230D2294
:204020008749884800F088F9F1E00A2308228649824800F081F9EAE007F11C0300221A60C7
:204040005A601A810023FB760023BB7600237B7602F01EF9034687F84A3002F025F903466B
:2040600087F8493005F034FB03461C4607F11B0297F8491097F84A0007F11903019307F103
:204080001A03009313462246FFF71CFB7B7E002B0BD1FB7E1A46BB7E07F11C000093134690
:2040A0006A4A0A2113F05CFC0AE0FB7E1A46BB7E07F11C0000931346654A0A2113F050FCA1
:2040C00007F11C010A230F22624800F035F99EE00A2308225C49594800F02EF997E00A23CF
:2040E0000E2259495C4800F027F990E00A2307225A495B4800F020F989E00F230A225949BC
:20410000594800F019F982E00C230D2257494D4800F012F97BE007230A224049544800F046
:204120000BF974E008230E225249534800F004F96DE00823082251494E4800F0FDF866E0AC
:2041400009230C224E494F4800F0F6F85FE00D230D223B493B4800F0EFF858E00E230D22E5
:204160004949384800F0E8F851E008230A2247493F4800F0E1F84AE00C230A2244493C485F
:2041800000F0DAF843E0434B1B78FA2B25D8414B1B78013B404A82FB03121211DB179B1AB6
:2041A000DBB2053387F84B3097F84B30002B02D1012387F84B3097F84B3007F1080000937D
:2041C000364B374A0F2113F0CBFB07F108010F230A22274800F0B0F819E00C230A223149B0
:2041E000234800F0A9F812E00A230A222E49204800F0A2F80BE00C230A222A491C4800F002
:204200009BF804E000BF02E000BF00E000BF5C37BD4690BD0C8E0200188E0200208E020051
:20422000288E0200348E02003C8E0200488E0200588E0200608E0200708E0200808E020076
:20424000888E0200988E0200A88E0200B48E0200C48E0200D48E0200E48E0200F48E0200F2
:20426000008F0200088F0200188F0200248F0200308F02003C8F0200448F0200548F02006E
:204280005C8F0200688F0200748F0200848F02008C8F0200AF0E00201F85EB51988F02001B
:2042A000A48F0200AC8F0200B88F020080B588B002AF03463960FB711346BB7100237B6153
:2042C0003B68002B2DD0FB79012B02D1184B7B6104E0FB79022B26D1164B7B610023FB7416
:2042E0001AE0FB7C3A68134493F900301846FDF7E3F9F860FB68B3F1FF3F0AD0FB68D8B206
:204300000E230193FB7C00930E231C227969FDF7D9FAFB7C0133FB74FA7CBB799A42E0D363
:2043200002E000BF00E000BF1837BD4680BD00BF7C890200048B020080B588B000AFF860E3
:20434000B96011461A460B46FB711346BB71FB790F2B02D1FB79013BFB71BB790F2B02D16D
:20436000BB79013BBB71FB68002B6FD0FB790E2B0FD87B4B00221A70794B00225A80784B4B
:2043800000221A71FB791A46F9680120FFF78EFF65E0734B1B78002B08D1714B01221A7094
:2043A0006F4B00225A806E4B00221A716C4B5B88952B0BD80E22F9680120FFF777FF684BD3
:2043C0005B8801339AB2664B5A8038E0644B5A88644BA3FB0213D9080B469B000B4499002F
:2043E0000B44D31A9BB2002B13D15D4B1B7903F10E02FB799A4206DA594B1B790133DAB2BD
:20440000574B1A7105E0564B00221A71544B00225A80534B1B791A46FB681344FB61504B5E
:204420001B79FA79D31AFB76FB7E0E2B28BF0E23BB76BB7E1A46F9690120FFF737FF484B41
:204440005B8801339AB2464B5A8008E0444B00221A70434B00225A80414B00221A71BB6885
:20446000002B6FD0BB790E2B0FD83F4B00221A703D4B00225A803C4B00221A71BB791A46FC
:20448000B9680220FFF712FF65E0374B1B78002B08D1354B01221A70334B00225A80324B50
:2044A00000221A71304B5B88952B0BD80E22B9680220FFF7FBFE2C4B5B8801339AB22A4B9D
:2044C0005A8038E0284B5A88264BA3FB0213D9080B469B000B4499000B44D31A9BB2002B08
:2044E00013D1214B1B7903F10E02BB799A4206DA1D4B1B790133DAB21B4B1A7105E01A4BED
:2045000000221A71184B00225A80174B1B791A46BB6813447B61144B1B79BA79D31AFB7461
:20452000FB7C0E2B28BF0E23BB74BB7C1A4679690220FFF7BBFE0C4B5B8801339AB20A4B2B
:204540005A8008E0084B00221A70074B00225A80054B00221A7100BF2037BD4680BD00BF3A
:20456000B40E00201F85EB51BC0E002080B584B000AF0346FB712320FCF778FE034683F05A
:204580000103DBB2002B00F0FD810420FCF768F80346002B02D08E4B01221A708C4B1B7844
:2045A000002B27D00420FCF75BF80346002B21D1874B00221A70874B00221A70864B00221A
:2045C0001A801820FCF708FE844B1B78002B02D11720FCF701FE0520FCF748FE0346002BB5
:2045E00008D00520FCF71CFE002005F0FBFC0D20FFF778FA1820FCF739FE0346002B71D0F9
:204600001720FCF733FE0346002B6BD00220FFF769FA0120FFF766FA714B00221A7005F041
:2046200033F90346FB73FB7B032B04D0FB7B042B01D0012300E00023BB73BB7B03F0010327
:20464000BB73FB79022B1AD1664B1B78022B0ED0022B10DC002B02D0012B04D00BE0614BA4
:2046600001221A7038E05F4B02221A7034E05D4B00221A7030E05B4B00221A702CE0594BA3
:204680001B787B73574B1B780133DAB2554B1A707B7B032B16D1534B1B78042B12D1BB7BF6
:2046A00083F00103DBB2002B0CD02C20FCF7DEFD034683F00103DBB2002B0DD02B20FCF742
:2046C0008BFD09E0474B1B78042B05D9454B00221A702B20FCF7A4FD1620FCF77DFD182041
:2046E000FCF79EFD3C4B1B8801339AB23A4B1A80394B1B88B3F5FA7F08D3374B00221A8002
:20470000344B01221A701720FCF78AFD2B20FCF7ADFD0346002B03D01320FFF791FA02E0F7
:204720001320FFF7DFF91620FCF7A0FD0346002B00F028812B4B1B78002B05D11620FCF772
:204740006FFD1D20FFF7CEF9264B1B78012B03D0244B1B78022B02D11D20FFF771FA214BE4
:204760001B78032B0ED10520FCF780FD034683F00103DBB2002B05D00E20FFF761FA1D20FB
:20478000FFF7B0F9174B1B78042B4BD105F07CF80346032B46D02820FCF768FD0346002B30
:2047A00022D01120FFF74CFA1020FFF79BF91220FFF798F90F20FFF795F91420FFF792F9BF
:2047C0001320FFF78FF91D20FFF78CF92AE000BFC90E0020A00E0020A40E00209E0E002044
:2047E000CA0E0020AB0E00202820FCF73FFD034683F00103DBB2002B14D01020FFF720FAD5
:204800001120FFF76FF91220FFF76CF90F20FFF769F91420FFF766F91320FFF763F91D20AA
:20482000FFF760F90320FBF71BFF0346002B08D0564B1B780133DAB2544B1A70544B0022D0
:204840001A80524B1B78952B55D90320FCF7E8FC4E4B00221A701620FCF7E2FC4D4B1B782F
:20486000012B02D1012005F0D3FB4A4B1B78022B02D1012005F0E2FB464B1B78032B09D10E
:204880000E20FFF72FF90520FCF7A6FC012005F0A9FB06E03F4B1B78042B02D01D20FFF721
:2048A00021F93C4B1B78042B6CD11120FFF71AF91020FFF717F92820FCF7D8FC0346002B65
:2048C00003D02820FCF7ACFC0BE02820FCF7CEFC034683F00103DBB2002B02D02820FCF7AD
:2048E0007BFC2920FCF778FC2D20FCF775FC294B00221A7046E0254B1B78002B3FD003203A
:20490000FCF76AFC234B1B78032B06D10E20FFF797F91D20FFF7E6F834E01E4B1B78042B34
:2049200029D11D20FFF7DEF82820FCF79FFC0346002B08D004F0A8FF0346032B03D011203C
:20494000FFF77EF90BE02820FCF790FC034683F00103DBB2002B02D01020FFF771F904F06A
:2049600093FF0346032B0DD10320FCF759FC074B00221A7006E01D20FFF762F902E003206E
:20498000FCF74EFC00BF1037BD4680BDCA0E0020A40E0020AB0E002080B500AF1620FCF7E4
:2049A00065FC034683F00103DBB2002B67D00520FCF75CFC034683F00103DBB2002B5ED0D1
:2049C000354B1B78032B5AD00320FBF749FE0346012B02D1314B01221A70304B1B78002B66
:2049E0000ED00320FBF73CFE0346002B08D12B4B00221A702A4B1B780133DAB2284B1A7056
:204A0000274B1B78002B05D0264B1B780133DAB2244B1A70224B1B78022B22D92320FCF776
:204A2000DBFB1F4B1B78032B15D91F4B1B78002B03D01D4B1B78022B06D10220FFF700F97C
:204A4000194B02221A700CE0164B00221A700120FFF7F6F805E0134B00221A700120FFF740
:204A6000EFF8104B1B78632B13D92320FCF7D8FB0C4B00221A700A4B00221A7009E0084B9E
:204A800000221A702320FCF7CBFB064B00221A7000BF00BF80BD00BFAB0E0020CB0E002025
:204AA0009E0E0020CC0E00209F0E002080B500AF1020FFF717F81120FFF714F82820FCF7DC
:204AC000D5FB0346002B06D01520FFF7B9F81620FFF708F805E01620FFF7B2F81520FFF7CE
:204AE00001F800BF80BD80B500AF1520FEF7FAFF1620FEF7F7FF00BF80BDFFFF80B483B038
:204B000000AF0346FB71044AFB79137000BF0C37BD465DF8047B7047AC0E002080B483B01B
:204B200000AF0346FB71044AFB79137000BF0C37BD465DF8047B7047AB0E002080B500AF7F
:204B40001620FCF76DFB0320FCF76AFB2B20FCF767FB1A4B00221A70194B00221A70194B24
:204B600000221A80184B1B78032B03D0164B1B78042B02D1144B00221A701D20FEF7B2FF9E
:204B80000E20FEF7AFFF0D20FEF7ACFF1020FEF7A9FF1120FEF7A6FF1220FEF7A3FF1320E3
:204BA000FEF7A0FF1420FEF79DFF1520FEF79AFF1620FEF797FF00BF80BD00BF9E0E002091
:204BC000A00E0020A40E0020AB0E002080B400AF034B1B781846BD465DF8047B704700BFED
:204BE0009F0E002080B400AF034B1B781846BD465DF8047B704700BFA00E002080B500AFC7
:204C0000094B00221A70094B00221A70084B00221A702320FCF704FB0120FEF763FF0220C6
:204C2000FEF760FF00BF80BD9F0E00209E0E0020A20E002080B500AF0820FCF7F1FA0920A8
:204C4000FCF7EEFA0A20FCF7EBFA0B20FCF7E8FA064B00221A70064B00221A70054B00220B
:204C60001A70054B00221A7000BF80BDA70E0020A80E0020A90E0020AA0E002080B500AF74
:204C800006220021044812F09FFE06220021034812F09AFE00BF80BDB40E0020BC0E0020EA
:204CA00080B500AF022200210C4812F08DFE022200210B4812F088FE02220021094812F032
:204CC00083FE02220021084812F07EFE02220021064812F079FE00BF80BD00BF940E0020B7
:204CE000960E0020980E00209A0E00209C0E002080B400AF034B00221A7000BFBD465DF8A4
:204D0000047B7047A60E002080B500AF5022FF21024812F059FE00BF80BD00BF380E00204F
:204D200080B500AF50220021024812F04DFE00BF80BD00BF380E002080B500AF5023034AA0
:204D40000221034800F00FFC00BF80BD380E0020E1080020B0B586B000AF264B3C1D1D4608
:204D60000FCD0FC42B681A46228002341B0C23704023FB70012000F018FC4FF47A710A20B4
:204D80000EF060FF3B79184600F0B7FB4FF47A710A200EF057FF3B79184600F0AEFB3B1D53
:204DA00001330321184600F0C5FB3B1D04330F21184600F0BFFB502200210F4812F004FED8
:204DC000F81C50230C4A012100F0CDFB4FF47A710A200EF037FFC823FB70FB78184600F079
:204DE0008CFB4FF47A710A200EF02CFF00BF1837BD46B0BDE48F0200380E002080B500AF6E
:204E0000642010F0DBFD012000F0CFFB0A2010F0D5FDC82000F071FB0A2010F0CFFD052000
:204E2000FCF7FEF90820FCF7D7F900BF80BD80B500AF642010F0C2FDC02000F05EFB0A2027
:204E400010F0BCFD002000F0B0FB04F085FEFFF727FFFFF713FFFFF7EDFE00BF80BDFFFF68
:204E600080B582B000AF1923BB800023FB713F4B1B8801339AB23D4B1A803D4B1B78052BFC
:204E80005FD801A252F823F0A14E0100BD4E0100D94E0100F54E0100114F01002D4F010095
:204EA000FFF732FF314B1B88BA889A4250D82F4B00221A802E4B01221A7049E0FFF730FFBC
:204EC0002A4B1B88BA889A4244D8284B00221A80274B02221A703DE0FFF716FF234B1B88F8
:204EE000BA889A4238D8214B00221A80204B03221A7031E0FFF714FF1C4B1B88BA889A4200
:204F00002CD81A4B00221A80194B04221A7025E0FFF7FAFE154B1B88BA889A4220D8134BEE
:204F200000221A80124B05221A7019E0FFF7F8FE0123FB710E4B00221A700C4B00221A801A
:204F40000FE00B4B00221A70084B00221A8008E000BF06E000BF04E000BF02E000BF00E0E1
:204F600000BFFB7918460837BD4680BDCE0E0020D00E002080B586B000AF78603960002379
:204F8000FB7507F10C0300221A605A601A819F233B7200237B720023BB720023FB72002129
:204FA0004FF48670FBF744FB07F10C0107F1080304221846FBF7A0FE0346FB7501214FF44D
:204FC0008670FBF735FB7B7B1A04BB7B1B021343FA7B13431A46464B1A60454B1B689BB266
:204FE00048F21702934244D048F21702934271D844F21A0293421FD844F21102934269D38C
:20500000A3F58043113B092B64D801A252F823F0C7500100B9500100AB5001009D5001006D
:205020008F500100815001007350010063500100535001004350010047F21802934210D006
:2050400048E07B680A221A703B684FF480621A6049E07B6809221A703B684FF400721A60BA
:2050600041E07B6808221A703B684FF480721A6039E07B6807221A703B6880221A6032E0A6
:205080007B6806221A703B6840221A602BE07B6805221A703B6820221A6024E07B680422F1
:2050A0001A703B6810221A601DE07B6803221A703B6808221A6016E07B6802221A703B6817
:2050C00004221A600FE07B6801221A703B6802221A6008E07B6800221A703B6800221A60BA
:2050E0000123FB7500BFFB7D18461837BD4680BDD40E002080B588B000AF786007F11803EF
:2051000000221A601A7107F1080300221A605A609A609A814B233B7600214FF48670FBF78F
:2051200087FA07F1080107F118030D221846FBF7E3FD0346FB7701214FF48670FBF778FA01
:20514000FB7F002B07D107F108030533082219467868FBF7D1FBFB7F18462037BD4680BD01
:2051600080B584B000AF03463960FB710123FB730023BB81FB79012B02D10523FB720DE0E3
:20518000FB79022B02D13523FB7207E0FB79032B02D11523FB7201E0FB7B1AE000214FF420
:2051A0008670FBF745FA07F10C0107F10B0302221846FBF7A1FD0346FB7301214FF4867099
:2051C000FBF736FAFB7B002B02D17A7B3B681A70FB7B18461037BD4680BD80B582B000AFA6
:2051E0000023FB7106233B7100214FF48670FBF71FFA3B1D01211846FBF722FD0346FB7148
:2052000001214FF48670FBF713FAFB7918460837BD4680BD80B582B000AF0023FB71042317
:20522000BB7100214FF48670FBF702FABB1D01211846FBF705FD0346FB7101214FF486709E
:20524000FBF7F6F9FB7918460837BD4680BD80B584B000AF03463960FB711346BB7100230E
:20526000FB7307F1080300221A601A710123BB73BB79002B09D03B681A0EBB7B591CB9736A
:20528000D2B210333B4403F8082C3B681A0CBB7B591CB973D2B210333B4403F8082C3B68E1
:2052A0001A0ABB7B591CB973D2B210333B4403F8082CBB7B5A1CBA733A68D2B210333B44BD
:2052C00003F8082C00214FF48670FBF7B1F9FB79032B1DD0032B27DC012B02D0022B0BD0E3
:2052E00022E0C7233B7207F1080301211846FBF7A7FC0346FB731BE0D8233B72BA7B07F176
:20530000080311461846FBF79BFC0346FB730FE020233B72BA7B07F1080311461846FBF7CF
:205320008FFC0346FB7303E0FB7B0133FB7300BF01214FF48670FBF77BF9FB7B1846103795
:20534000BD4680BD80B584B000AF78600123FB730023BB810523FB7223E000214FF486703A
:20536000FBF766F907F10C0107F10B0302221846FBF7C2FC0346BB7301214FF48670FBF7DB
:2053800057F9BB7B002B02D17B7BFB7301E0BB7B13E04FF47A7101200EF054FC7B68013B5F
:2053A0007B60FB7B03F00103002B02D07B68002BD3D1FB7B03F00103DBB218461037BD4654
:2053C00080BD80B584B000AF786039600023FB7300214FF48670FBF72BF939687868FBF793
:2053E0002FFC0346FB7301214FF48670FBF720F9FB7B18461037BD4680BD80B586B000AFF0
:20540000F860B9607A603B600023BB750023FB7500214FF48670FBF70BF9B968F868FBF7FD
:205420000FFC0346BB75012138680EF00BFCBB7D002B05D139687868FBF730FC0346FB7590
:2054400001214FF48670FBF7F3F8FB7D18461837BD4680BD80B584B000AF78603960002303
:20546000FB733868FFF76EFFFFF7B7FE39687868FFF7A7FF0346FB733868FFF763FFFFF74E
:20548000C9FEFB7B18461037BD4680BD80B584B000AF396011461A460346FB710B46BB7150
:2054A0001346BB800023FB73FFF797FE03461A46FB7B1344FB73BB881846FFF743FF034636
:2054C0001A46FB7B1344FB73BA79FB7939681846FFF7BDFE03461A46FB7B1344FB73BB88B3
:2054E0001846FFF72FFF03461A46FB7B1344FB73FB7B18461037BD4680BD80B582B000AFD5
:205500000346FB71002140F20B40FBF791F8FB1D01211846FBF73EFB012140F20B40FBF769
:2055200087F84FF47A7101200EF08CFB00BF0837BD4680BD80B582B000AF78600B467B80A0
:20554000002140F20B40FBF773F87B8819467868FBF720FB012140F20B40FBF769F800BF50
:205560000837BD4680BD80B584B000AFF8607A601A460B467B8113463B81002140F20B4002
:20558000FBF756F87B891946F868FBF703FB3B8919467868FBF7FEFA012140F20B40FBF79A
:2055A00047F800BF1037BD4680BD80B582B000AF0346FB71FB79002B03D10020FBF7F8F925
:2055C00011E05A20FBF7F4F9002140F20B40FBF72FF84FF47A710A200EF034FB012140F2F1
:2055E0000B40FBF725F800BF0837BD4680BD80B582B000AF0346FB71FB791846FBF7D8F9B3
:2056000000BF0837BD4680BD80B582B000AF0023FB7100F010F800F027F80346FB71FB7977
:20562000002B03D000F020F80346FB71FB7918460837BD4680BD80B500AF00214FF4867020
:20564000FAF7F6FF01214FF48670FAF7F1FF012140F20330FAF7ECFF01214FF44170FAF7BE
:20566000E7FF00BF80BDFFFF80B582B000AF0023FB71474B012283F82F2000233B603A46E8
:20568000BB1D11461846FFF775FC0346002B07D03F4B002283F82F20FB790133DBB273E0CD
:2056A0003B4BD3F81B30B3F5807F04D9384B012283F82E2003E0364B002283F82E20344B8D
:2056C00000225A72002242F001029A72304B0022DA73002242F010021A7400225A74002289
:2056E0009A742B4BD3F813301B01294AC2F81330274BD3F81330264AD2F80F2002FB03F3B0
:20570000234AB2F8092092B2B3FBF2F3204AC2F80B301F4BD3F80F301B011D4AC2F81F3013
:205720001B4BD3F813301A4AD2F80F2002FB03F39B0A174AC2F827301648FFF7DBFC03461A
:205740001A46FB791344FB7113490120FFF708FD03461A46FB791344FB7110490220FFF7E9
:20576000FFFC03461A46FB791344FB710C490320FFF7F6FC03461A46FB791344FB71044BBF
:20578000002283F82F20FB7918460837BD4680BDD80E0020D90E0020030F0020040F00205A
:2057A000050F002080B584B000AF03463960FB711346BB800023FB7300BF0F4B93F82F3027
:2057C000002BFAD10C4B012283F82F200A4B93F82E20BB88F8793968FFF758FE03461A4617
:2057E000FB7B1344FB73044B002283F82F20FB7B18461037BD4680BDD80E002080B5CAB023
:2058000000AF07F59473A3F58E73186007F59473A3F59073196007F59473A3F592731A6094
:205820000023A7F82631032387F823314E4B93F82E30002B1ED0B7F826315A1CA7F8262159
:205840001A46022107F59473A3F58A73995407F59473A3F590731B68190EB7F826315A1C7C
:20586000A7F826211A46C9B207F59473A3F58A7399540BE0B7F826315A1CA7F826211A4635
:20588000022107F59473A3F58A73995407F59473A3F590731B68190CB7F826315A1CA7F8FF
:2058A00026211A46C9B207F59473A3F58A73995407F59473A3F590731B68190AB7F82631F7
:2058C0005A1CA7F826211A46C9B207F59473A3F58A739954B7F826315A1CA7F826211A464A
:2058E00007F59473A3F590731B68D9B207F59473A3F58A7399540023A7F8243118E0B7F8B9
:20590000243107F59472A2F58E7212681A44B7F82631591CA7F826111946127807F5947384
:20592000A3F58A735A54B7F824310133A7F82431B7F8243107F59472A2F5927212689A4201
:20594000DDD8B7F8262107F1140311461846FFF781FD034687F8233197F82331184607F50B
:205960009477BD4680BD00BFD80E002080B5D0B000AF07F5A073A3F59A73186007F5A07378
:20598000A3F59C73196007F5A073A3F59E731A600023A7F83E31032387F83D31454B93F856
:2059A0002E30002B1ED0B7F83E315A1CA7F83E211A460B2107F5A073A3F59873995407F5B7
:2059C000A073A3F59C731B68190EB7F83E315A1CA7F83E211A46C9B207F5A073A3F5987344
:2059E00099540BE0B7F83E315A1CA7F83E211A460B2107F5A073A3F59873995407F5A07303
:205A0000A3F59C731B68190CB7F83E315A1CA7F83E211A46C9B207F5A073A3F5987399542B
:205A200007F5A073A3F59C731B68190AB7F83E315A1CA7F83E211A46C9B207F5A073A3F5F6
:205A400098739954B7F83E315A1CA7F83E211A4607F5A073A3F59C731B68D9B207F5A07389
:205A6000A3F598739954B7F83E315A1CA7F83E211A4607F5A073A3F5987300219954B7F835
:205A80003E1107F5A073A3F59E7307F5A072A2F59A7207F110001B681268FFF7AEFC034660
:205AA00087F83D3197F83D31184607F5A077BD4680BD00BFD80E002080B582B000AF00234D
:205AC000FB714FF47A7200210220FFF76BFE0346002B08D0FB790133FB711D4B1B880133EA
:205AE0009AB21B4B1A800023BB8007E0BB88BA88D1B2184AD154BB880133BB80BB88B3F5E9
:205B0000805FF3D300237B8018E07B88114A134479884FF480721846FFF770FE0346002BA9
:205B200008D0FB790133FB71094B5B8801339AB2074B5A807B8803F580737B807B88B3F502
:205B4000805FE2D3FB7918460837BD4680BD00BF080F0020100F002080B582B000AF0023F2
:205B6000FB710023BB8018E0BB88194A1344B9884FF480721846FFF7F9FE0346002B08D059
:205B8000FB790133FB71134B9B8801339AB2114B9A80BB8803F58073BB80BB88B3F5805F47
:205BA000E2D34FF480520C490948FAF7C4FE0346002B08D0FB790133FB71064BDB8801337A
:205BC0009AB2044BDA80FB7918460837BD4680BD101F0020080F0020100F002080B584B051
:205BE00000AF78600023FB734FF47A7279680320FFF7D8FD0346002B08D0FB7B0133FB732B
:205C0000054B1B8801339AB2034B1A80FB7B18461037BD4680BD00BF080F002080B588B06B
:205C200000AFF860B9607A600023FB770023BB617B68C3F1FF1303F57F43FA689A4220D9FC
:205C4000012323E07A68BB69D31A7B617B69B3F5807F28BF4FF480733B61BA68BB69D018DC
:205C6000FA68BB6913443A691946FFF7C7FD0346002B02D00123FB7707E0BA693B691344AA
:205C8000BB61BA697B689A42DCD3FB7F18462037BD4680BD80B588B000AFF860B9607A6081
:205CA00000237B760023FB820023FB8300237B777B68C3F1FF1303F57F43FA689A4204D9FC
:205CC0007B7E01337B767B7E3FE07B681B0AFB827B68DBB2002B01D07B687B7700237B83A7
:205CE00019E0FB8BBA68D018FA8BFB6813444FF480721946FFF73AFE0346002B04D07B7ED9
:205D000001337B767B7E20E0FB8B03F58073FB837B8B01337B837A8BFB8A9A42E1D37B7F2A
:205D2000002B11D0FB8BBA68D018FA8BFB6813447A7F1946FFF71AFE0346002B04D07B7EE1
:205D400001337B767B7E00E07B7E18462037BD4680BDFFFF80B584B000AF786039600023AD
:205D6000FB730023BB7317E07868FFF737FF0346002B04D17B6803F580537B600AE0012381
:205D8000BB73FB7B0133FB73094B5B8801339AB2074B5A80FBF7C0F97A683B689A4202D2FA
:205DA000BB7B002BE0D0FB7B18461037BD4680BD080F002080B483B000AF0346FB7197F9E5
:205DC0000730002B0BDBFB7903F01F02074997F907305B09012000FA02F241F8232000BF2E
:205DE0000C37BD465DF8047B704700BF00E100E080B483B000AF03463960FB7197F9073027
:205E0000002B0ADB3B68DAB20C4997F907301201D2B20B4483F800230AE03B68DAB2084939
:205E2000FB7903F00F03043B1201D2B20B441A7600BF0C37BD465DF8047B704700E100E0E3
:205E400000ED00E080B582B000AF0C211620FFF7CFFF1620FFF7AEFF0D490E480AF034FB8A
:205E600078607B68002B01D07B680CE009480AF091FB78607B68002B04D006480AF09BFB2D
:205E80007B6800E0002318460837BD4680BD00BFC8900200D045002080B483B000AF786003
:205EA00000BF0C37BD465DF8047B704780B485B000AF0346FB710023FB73FB79013B052B14
:205EC0002AD801A252F823F0E15E0100E95E0100F15E0100015F0100095F0100115F0100AD
:205EE000114BDB7AFB7317E00F4B1B7BFB7313E00D4BB3F80D309BB2DBB26C3BFB730BE021
:205F0000094B1B7AFB7307E0074B5B7AFB7303E0054B9B7AFB7300BFFB7B18461437BD4617
:205F20005DF8047B704700BF102F002080B483B000AF03460A46FB711346BB71FB79013B68
:205F4000052B2CD801A252F823F000BF655F01006D5F0100755F0100875F01008F5F010011
:205F6000975F0100114ABB79D37218E00F4ABB79137314E0BB799BB203F26C739AB20B4B60
:205F8000A3F80D200BE0094ABB79137207E0074ABB79537203E0054ABB79937200BF00BF28
:205FA0000C37BD465DF8047B704700BF102F002080B500AF124BDB7BFF2B15D0104BDB7B9B
:205FC000012B03D12820FBF707F916E00C4BDB7B002B03D12820FBF723F90EE02820FBF767
:205FE000FBF800F00FF808E0054BDB7BFF2B04D12820FBF7F1F800F005F800BF80BD00BF5F
:20600000102F002080B500AF2820FBF72FF903461A46024BDA7300BF80BD00BF102F00207E
:2060200080B483B000AF7860044A7B68136000BF0C37BD465DF8047B704700BF102F002020
:2060400080B483B000AF03460A46FB711346BB80FB79012B02D0022B04D007E0064ABB88A4
:20606000938003E0044ABB88D38000BF00BF0C37BD465DF8047B7047102F002080B582B031
:2060800000AF0523FB714FF4806205490548FAF7EBFB0346FB71FB7918460837BD4680BD20
:2060A000102F0020C0FB070080B582B000AF0523FB710B4B3B600B493868FAF7B5FB034646
:2060C000FB71FB79002B06D1802207493868FAF745FB0346FB71FB7918460837BD4680BD15
:2060E000C0FB070040FC0700102F002080B500AF1748FAF717FD164BDB68DBB21946012043
:20610000FFF714FF124B1B69DBB219460220FFF70DFF0F4B5B69DBB219460320FFF706FF5D
:206120000B4B9B68DBB219460420FFF7FFFE084B5B68DBB219460520FFF7F8FE044B1B681E
:20614000DBB219460620FFF7F1FE00BF80BD00BF902F002090B583B000AF04460846114698
:206160001A462346FB710346BB710B467B7113463B71FB79FF2B42D0FB79002B3FD0FB7961
:206180001F2B3CD8FB79002B39D0BB79FF2B38D0BB79002B35D0BB790C2B32D8BB79002B5B
:2061A0002FD07B79FF2B2ED07B79002B2BD03B79FF2B2AD03B79172B27D83B7EFF2B26D004
:2061C0003B7E3B2B23D83B7FFF2B22D03B7F3B2B1FD8FB79114AD360BB79104A13617B79C0
:2061E0000E4A53613B790D4A93603B7E0B4A53603B7F0A4A13600948FAF770FC0AE000BFFC
:2062000008E000BF06E000BF04E000BF02E000BF00E000BF0C37BD4690BD00BF902F00201E
:2062200080B483B000AF0023FB71174B9B680C2B08DD154B9B68DBB20C3BFB71134B012214
:206240001A7019E0104B9B68002B05D10C23FB710E4B00221A700FE00B4B9B680C2B05D167
:206260000C23FB71094B01221A7005E0064B9B68FB71064B00221A70FB7918460C37BD46C8
:206280005DF8047B704700BF902F0020B42F002080B400AF034B9B68DBB21846BD465DF85B
:2062A000047B7047902F002080B400AF034B5B68DBB21846BD465DF8047B7047902F00207D
:2062C00080B400AF034B1B781846BD465DF8047B704700BFB42F002080B500AFC24B1B78C8
:2062E000002B40F0CB8103F0B3FB034607EE903AF8EEE77ABD4BC3ED007ABC4BD3ED007A94
:206300009FEDBB7AF4EEC77AF1EE10FA40F3B38103F004FA0346022B40F0AD8103F080FB16
:206320000346184611F012F8A7A3D3E9002311F077F802460B461046194611F083FA0346FD
:20634000AA4A936003F078FB0346184610F0FEFF9FA3D3E9002311F063F802460B461046E0
:20636000194611F06FFA0346A04A5360A14B1B78002B07D1A04B4FF000021A609F4B4FF01D
:2063800000021A60994B93ED017A984BD3ED027A67EE277A17EE900A10F0EAFF4FF00002C4
:2063A000974B11F03DF802460B46104619468AA3D3E9002311F05EF902460B4610461946C5
:2063C00011F040FA07EE100A8B4BD3ED007A77EE277A894BC3ED007A844B1B68184610F0AF
:2063E000C7FF4FF00002864B11F01AF802460B46104619467AA3D3E9002311F03BF90246EB
:206400000B461046194611F01DFA07EE100A7B4BD3ED007A77EE277A784BC3ED007A764B9B
:20642000D3ED006A754B93ED007AC6EE877A754BC3ED007A734BD3ED007A9FED737AF4EE86
:20644000C77AF1EE10FA03DD6E4B704A1A600CE06C4BD3ED007A9FED6E7AF4EEC77AF1EEF2
:2064600010FA02D5674B6B4A1A60624B1B78002B00F0EB80634BD3ED007A9FED677AF4EE5D
:20648000C77AF1EE10FA03DB644B01221A70D4E05C4BD3ED007A9FED607AF4EEC77AF1EE9B
:2064A00010FA0DD5574BD3ED007A9FED5D7AF4EEC77AF1EE10FA03DB584B02221A70BCE0DA
:2064C000504BD3ED007A9FED567AF4EEC77AF1EE10FA0DD54B4BD3ED007A9FED527AF4EE93
:2064E000C77AF1EE10FA03DB4C4B03221A70A4E0444BD3ED007A9FED4B7AF4EEC77AF1EEAE
:2065000010FA0DD53F4BD3ED007A9FED477AF4EEC77AF1EE10FA03DB404B04221A708CE0ED
:20652000384BD3ED007A9FED407AF4EEC77AF1EE10FA0DD5334BD3ED007A9FED3C7AF4EE8E
:20654000C77AF1EE10FA03DB344B05221A7074E02C4BD3ED007A9FED357AF4EEC77AF1EEC1
:2065600010FA0DD5274BD3ED007A9FED317AF4EEC77AF1EE10FA03DB284B06221A705CE001
:20658000204BD3ED007A9FED2A7AF4EEC77AF1EE10FA0BD51B4BD3ED007AF5EEC07AF1EE9E
:2065A00010FA03DB1D4B07221A7046E0154BD3ED007AF5EEC07AF1EE10FA3BD5174B082276
:2065C0001A703AE0AFF30080FCA9F1D24D62503F7B14AE47E17A843F000000000020AC40A1
:2065E000AE47E17A1C5E1341C42F0020CC2F002000009643C02F0020B82F0020BC2F002055
:206600000000D03FC82F002000008C4200008C4200008CC200008CC200005C42E508002071
:2066200000004C4200003C4200002C4200001C4200000C422D4B00221A7003F0A7F8034635
:20664000012B02D1294B08221A70294B1B785A1CD1B2274A1170002B06D0254B00221A7004
:20666000244B00221A7009E0224B1B780133DAB2204B1A7002E01D4B00221A701E4B1B786F
:20668000002B18D1194B1A781C4B1B789A4206D21A4B1B78013BDAB2184B1A700BE0134B4C
:2066A0001A78164B1B789A4205D9144B1B780133DAB2124B1A70104B1B785A1CD1B20E4AC2
:2066C0001170022B02D90C4B00221A700C4B1B785A1CD1B20A4A1170182B02D9084B0022E3
:2066E0001A70064B1B78184680BD00BFE5080020C12F0020C02F0020C32F0020C22F002083
:20670000C42F002080B582B000AF0023FB7162B600BF00F037F80346002B02D0FB790133DD
:20672000FB71FAF7D7FE0346002B02D0FB790133FB71FB79002B12D1FAF7EEFC0D490E48C4
:20674000FAF768FB0D48F9F767FE0D48FAF736FC002140F20D10F9F76BFF0FF0B3F9FAF75D
:20676000DBFC4FF47A714FF47A700DF06BFA00BFF5E700BF457501004D73010035850100F4
:2067800085AA010080B582B000AF0023FB71FAF7A3FC03461A46FB791344FB71F9F736FF8F
:2067A00003461A46FB791344FB71002140F20620F9F73EFF002140F20310F9F739FF0021A4
:2067C00040F20740F9F734FF72B600BFFAF7D6F803461A46FB791344FB715A20FAF7E8F84C
:2067E00003461A46FB791344FB71F9F7C1FD03461A46FB791344FB71FAF7C0FA03461A46D7
:20680000FB791344FB71FAF707FA03461A46FB791344FB710020FAF741FB03461A46FB7905
:206820001344FB71FAF778FCFAF7A0F903461A46FB791344FB71FAF717F903461A46FB79A8
:206840001344FB71F9F73CFF03461A46FB791344FB71F9F7FDFC03461A46FB791344FB71A1
:20686000FFF7F0FAFAF758FC064B002B05D0054B04221946044811F0B7F8FB7918460837C0
:20688000BD4680BDBC900200D82F002080B500AF052200210C4811F097F80B4B00225A70F1
:2068A000094B00221A70084B00221A71064B00229A70054B0022DA70044B01221A70044B54
:2068C00000221A7000BF80BDE42F0020E6080020E92F002080B485B000AF03460A46FB717A
:2068E0001346BB710023FB73244B1B78FA799A4202D00123FB7318E0FB79022B02D0032B34
:2069000008D012E01D4B9B78BA799A420AD00123FB7307E0194B9B78BA799A4204D0012352
:20692000FB7301E000BF00E000BFFB7B002B1BD0134B01221A70114B1A78104B5A700F4BA6
:206940009A780E4BDA700D4AFB791370FB79022B02D0032B04D00BE0084ABB79937007E064
:20696000064ABB79937003E0054B00221A7000BF00BF1437BD465DF8047B7047E42F002027
:20698000E92F002080B582B000AF78607B681B78072B5AD801A252F823F000BFBD69010011
:2069A000C5690100ED690100256A0100CD690100D5690100DD690100E5690100786800F0E5
:2069C00013F943E0786800F051F93FE0786800F0BCFA3BE0786800F0D6FA37E0786800F027
:2069E00010FB33E0786800F047FB2FE0786800F08BF97B689B78022B0ED0022B10DC002BBF
:206A000002D0012B04D00BE0786800F0A1F908E0786800F0D8F904E0786800F0FFF900E03A
:206A200000BF13E0786800F024FA7B689B78002B02D0012B04D007E0786800F036FA03E0F9
:206A4000786800F061FA00BF00E000BF00BF0837BD4680BD80B582B000AF78607B681B780B
:206A6000072B54D801A252F823F000BF8D6A0100956A0100BD6A0100EF6A01009D6A010077
:206A8000A56A0100AD6A0100B56A0100786800F0D9F83DE0786800F0FEF839E0786800F041
:206AA0005EFA35E0786800F080FA31E0786800F0B4FA2DE0786800F0FBFA29E07B689B78BF
:206AC000022B0ED0022B10DC002B02D0012B04D00BE0786800F056F908E0786800F07DF95D
:206AE00004E0786800F0A4F900E000BF10E07B689B78002B02D0012B04D007E0786800F00C
:206B0000DEF903E0786800F00BFA00BF00E000BF00BF0837BD4680BD80B582B000AF78605C
:206B20007B685B78072B5AD801A252F823F000BF516B0100596B0100816B0100B96B0100E8
:206B4000616B0100696B0100716B0100796B0100786800F081F843E0786800F0CBF83FE0B3
:206B6000786800F006FA3BE0786800F03FFA37E0786800F076FA33E0786800F0D9FA2FE005
:206B80007B68DB78022B0ED0022B10DC002B02D0012B04D00BE0786800F00BF908E0786817
:206BA00000F032F904E0786800F059F900E000BF786800F0C3F813E07B68DB78002B02D064
:206BC000012B04D007E0786800F094F903E0786800F0B1F900BF786800F05DF900E000BF90
:206BE00000BF0837BD4680BD80B582B000AF78607B6800221A71104B00221A700520FAF7BC
:206C00000FFB012003F050FAFEF711F9FDF796FF0A4B1B78002B05D0094B1B780133DAB2F5
:206C2000074B1A700820FCF75DFF1B20FCF75AFF00BF0837BD4680BDAB0E0020AD0E002088
:206C4000AE0E002080B483B000AF786000BF0C37BD465DF8047B704780B582B000AF7860EC
:206C6000FEF7CCF800BF0837BD4680BD80B582B000AF7860FEF714F8FEF700F80520FAF72B
:206C8000CFFA002003F0AEF9002003F00DFA00BF0837BD4680BD80B582B000AF78607B6848
:206CA0001B79642B0CD80B23062101221846FAF7D3FD7B681B790133DAB27B681A7116E09B
:206CC0004423002100221846FAF7C6FD4423012101221846FAF7C0FD02F0E4FD0120FCF759
:206CE000FBF90720FCF7FEFE0920FCF7FBFE0837BD4680BD80B483B000AF786000BF0C3706
:206D0000BD465DF8047B704780B582B000AF7860094B1B78032B0BD1074B00221A700520E3
:206D2000FAF77EFA002003F05DF9002003F0BCF900BF0837BD4680BDAB0E002080B483B03B
:206D400000AF786000BF0C37BD465DF8047B704780B582B000AF7860094B1B78032B0BD13D
:206D6000074B00221A700520FAF75AFA002003F039F9002003F098F900BF0837BD4680BD84
:206D8000AB0E002080B582B000AF78604423002101221846FAF760FD4423012100221846CC
:206DA000FAF75AFD0220FCF797F900BF0837BD4680BD80B483B000AF786000BF0C37BD46B5
:206DC0005DF8047B704780B483B000AF786000BF0C37BD465DF8047B704780B582B000AF94
:206DE00078604423002101221846FAF735FD0320FCF772F94423012100221846FAF72CFDEB
:206E000000BF0837BD4680BD80B483B000AF786000BF0C37BD465DF8047B704780B483B04F
:206E200000AF786000BF0C37BD465DF8047B704780B582B000AF7860442300210122184644
:206E4000FAF70AFD0420FCF747F94423012100221846FAF701FD00BF0837BD4680BD80B479
:206E600083B000AF786000BF0C37BD465DF8047B704780B582B000AF7860FDF711FFFDF7E2
:206E8000FDFE0520FAF7CCF9002003F00DF900BF0837BD4680BD80B483B000AF786000BF18
:206EA0000C37BD465DF8047B704780B483B000AF786000BF0C37BD465DF8047B704780B54E
:206EC00082B000AF78607B681B79642B0CD80B23062101221846FAF7BFFC7B681B790133E2
:206EE000DAB27B681A7102E00820FCF74FFC0837BD4680BD80B483B000AF786000BF0C37E1
:206F0000BD465DF8047B704780B582B000AF7860FDF7C6FEFDF7B2FE00BF0837BD4680BD5B
:206F200080B582B000AF78600520FCF72FFC00BF0837BD4680BD80B483B000AF786000BF35
:206F40000C37BD465DF8047B704780B483B000AF786000BF0C37BD465DF8047B704780B5AD
:206F600082B000AF7860FDF7CFFE00BF0837BD4680BD80B483B000AF786000BF0C37BD4666
:206F80005DF8047B704780B582B000AF7860FDF775FEFDF785FE0520FAF742F9002003F036
:206FA00021F800BF0837BD4680BDB0B582B000AF78600820FCF744FE0B2307210122184628
:206FC000FAF74AFCFFF72CF903461C46FFF76CF903461D46FFF774F903461A4629462046CC
:206FE000FAF772FD00BF0837BD46B0BD80B582B000AF78600820FCF775FD00BF0837BD4647
:2070000080BD80B582B000AF7860FDF737FEFDF747FE00BF0837BD4680BDB0B582B000AF5F
:2070200078600820FCF75EFD0920FCF709FE0B23072101221846FAF70FFCFFF7F1F80346E4
:207040001C46FFF731F903461D46FFF739F903461A4629462046FAF737FD00BF0837BD4636
:20706000B0BD80B582B000AF78600920FCF73AFD00BF0837BD4680BD80B582B000AF786036
:207080007B6800221A71084B00221A70FDF7CFFE0520FAF7C5F8FDF751FD044B00221A7090
:2070A00000BF0837BD4680BDAB0E0020EA2F002080B582B000AF786002F0D8FC0346012B57
:2070C0002AD10420F9F7CCFA0346002B05D10320F9F7C6FA0346002B0BD0144B1B7883F00A
:2070E0000103DBB2002B04D0FDF788FE0F4B01221A700E4B1B78002B08D0FDF7B1FE0346A4
:20710000012B0ED1094B00221A700AE0074B00221A70FDF78CFE04E0044B00221A70FDF72B
:2071200086FE00BF0837BD4680BD00BFEA2F002080B582B000AF7860FDF760FE034B0022E5
:207140001A7000BF0837BD4680BD00BFEA2F0020B0B584B000AF0346FB71794B1B78FB73AD
:207160000023BB73FB790A2B40D801A252F823F09D710100A3710100A9710100B371010099
:20718000BD710100D1710100DB710100E1710100C7710100ED710100E77101000023FB735B
:2071A00027E00123FB7324E00223FB730023BB731FE00223FB730123BB731AE00223FB73DD
:2071C0000223BB7315E00323FB730023BB7310E00323FB730123BB730BE00423FB7308E044
:2071E0000523FB7305E00623FB7302E00023FB7300BF0420FAF73AF80346002B1ED027205B
:20720000FAF734F80346002B18D005F09DFC0346002B13D11F20FAF729F8034683F00103FE
:20722000DBB2002B0AD02F20FAF720F8034683F00103DBB2002B01D00723FB73FB7B052BDD
:2072400002D0FB7B062B01D1FDF752FDBA7BFB7B11461846FFF73EFBFDF762FD394B1B78A7
:20726000002B02D03648FFF757FC374B1B78002B03D1344B1B78002B05D03148FFF782FB38
:20728000314B00221A702E48FFF7E4FB0520F9F7E7F90346002B03D00020F9F79DFF02E0B1
:2072A0000020F9F7BDFF0720F9F7DAF90346002B03D00120F9F790FF02E00120F9F7B0FF8F
:2072C0000620F9F7CDF90346002B03D00220F9F783FF02E00220F9F7A3FFFAF711FA184B02
:2072E0001B78052B26D0164B1B78072B22D0144B1B78002B1ED0124B1B79632B1AD9104BE5
:207300001B78032B08D002F079FA0346002B03D1FB791846FDF72AF94F24042504F000F9B5
:2073200003461A4629462046FAF796FAFDF734FBFBF720F8FDF700FD00BF1037BD46B0BDBA
:20734000E42F0020E92F0020E608002080B582B000AF0023BB7100237B7100233B7102F07F
:2073600065F90346FB710123BB716D4B5B68002B06D06B4B5868B91D002300220DF0DCFCC8
:20738000684B1B780133DAB2664B1A70654B1B78052B27D1634B00221A701C20F9F766FF56
:2073A0000346002B11D11D20F9F760FF0346002B0BD12120F9F75AFF0346002B05D1202087
:2073C000F9F754FF0346002B0CD001233B71564B5B68002B06D0544B5868391D00230022EB
:2073E0000DF0AAFC514B1B7883F00103DBB2002B2BD04F4B1B889BB203F07703772B24D103
:2074000004237B714B4B5B68002B06D0494B5868791D002300220DF08FFC05237B71454BA4
:207420005B68002B06D0434B5868791D002300220DF082FC3D4B01221A703D4B1B889BB237
:2074400023F077039AB23A4B1A803B4B1B78DBB2FA799A422BD0364B1B889BB203F0770366
:20746000772B24D104237B71324B5B68002B06D0304B5868791D002300220DF05DFC05238D
:207480007B712C4B5B68002B06D02A4B5868791D002300220DF050FC274AFB791370244B95
:2074A0001B889BB223F077039AB2214B1A80234B1B780133DAB2214B1A70204B1B78012B1C
:2074C0000FD91E4B00221A700223BB71144B5B68002B06D0124B5868B91D002300220DF006
:2074E0002BFC174B1B780133DAB2154B1A70144B1B78132B0FD9124B00221A7002233B71D4
:20750000094B5B68002B06D0074B5868391D002300220DF011FC00BF0837BD4680BD00BF9F
:20752000EC2F00200B300020A83500200A300020F82F0020C0390020EA0800200C30002090
:207540000D30002080B582B000AF0023FB710023BB7104237B714E4B5B68002B06D04C4BD3
:207560005868791D002300220DF0E6FB0323BB71484B5B68002B06D0464B5868B91D00239F
:2075800000220DF0D9FB444B1B780133DAB2424B1A70414B1B78012B0FD93F4B00221A7096
:2075A0000423BB713B4B5B68002B06D0394B5868B91D002300220DF0BFFB384B1B780133CE
:2075C000DAB2364B1A70354B1B78042B1CD9334B00221A700523BB712E4B5B68002B06D022
:2075E0002C4B5868B91D002300220DF0A5FB0123FB712B4B5B68002B06D0294B5868F91D88
:20760000002300220DF098FB264B1B780133DAB2244B1A70234B1B780E2B35D9224B1B7890
:20762000DBB20133DAB2204B1A701E4B00221A7005237B71164B5B68002B06D0144B58689B
:20764000791D002300220DF077FB0223FB71144B5B68002B06D0124B5868F91D00230022B4
:207660000DF06AFB05F070FA0346002B0CD10623BB71084B5B68002B06D0064B5868B91DA5
:20768000002300220DF058FB00BF0837BD4680BDEC2F0020A83500200E3000200F30002022
:2076A000C039002010300020FA2F002080B483B000AF786000BF0C37BD465DF8047B70478A
:2076C00080B584B000AF786000237B730023FB73F9F790FF3A4B5B6807F10D014FF0FF32DB
:2076E00018460DF0E1FB0346012BF3D105F02CFA0346FB737B7B013B042B5DD801A252F8C5
:2077000023F000BF197701002B770100B9770100A5770100AF770100FEF7DEFD0346BB73A7
:20772000BB7B1846FDF7EAF949E0F9F7F5FC254B1B78DBB2132B05D9224B00221A700020EF
:2077400005F0F2F900F080FA1F4B1B781846FFF7FFFC1F20F9F78AFD0346002B0DD02F203D
:20776000F9F784FD034683F00103DBB2002B04D0002002F0AFFC00F05FF82F20F9F776FD96
:207780000346002B1AD01F20F9F770FD034683F00103DBB2002B11D0002002F09BFC00F0FD
:2077A000BBF80BE0FB7B184600F026F907E0FB7B184600F0A3F902E000BF8BE700BF89E7BF
:2077C000EC2F0020FA2F0020FB2F002080B483B000AF03460A46FB711346BB71FB79002B9C
:2077E0000FD1BB79082B0CD8BB79012202FA03F39AB2104B1B889BB213439AB20D4B1A80EA
:2078000012E0FB79012B0FD1BB79042B0CD8BB790933012202FA03F39AB2064B1B889BB29D
:2078200013439AB2034B1A8000BF0C37BD465DF8047B7047F82F002080B500AF0520F8F7EF
:207840000FFF0346002B07D0324B1B7843F02003DAB2304B1A7006E02E4B1B7823F02003B0
:20786000DAB22C4B1A700620F8F7FAFE0346002B07D0284B1B7843F04003DAB2254B1A7021
:2078800006E0244B1B7823F04003DAB2214B1A700720F8F7E5FE0346002B07D01D4B1B78E9
:2078A00063F07F03DAB21B4B1A7006E0194B1B7803F07F03DAB2174B1A700420F8F7D0FECC
:2078C0000346002B07D0134B5B7843F00103DAB2104B5A7006E00F4B5B7823F00103DAB28E
:2078E0000C4B5A700320F8F7BBFE0346002B07D0084B5B7843F00203DAB2064B5A7006E066
:20790000044B5B7823F00203DAB2024B5A7000BF80BD00BF1830002080B500AF0520F8F76F
:207920009FFE0346002B07D0324B1B7843F02003DAB2304B1A7006E02E4B1B7823F0200340
:20794000DAB22C4B1A700620F8F78AFE0346002B07D0284B1B7843F04003DAB2254B1A70B0
:2079600006E0244B1B7823F04003DAB2214B1A700720F8F775FE0346002B07D01D4B1B7878
:2079800063F07F03DAB21B4B1A7006E0194B1B7803F07F03DAB2174B1A700420F8F760FE5B
:2079A0000346002B07D0134B5B7843F00103DAB2104B5A7006E00F4B5B7823F00103DAB2AD
:2079C0000C4B5A700320F8F74BFE0346002B07D0084B5B7843F00203DAB2064B5A7006E0F5
:2079E000044B5B7823F00203DAB2024B5A7000BF80BD00BF2030002080B584B000AF03461E
:207A0000FB71FEF773FBFB79002B53D11620F9F72DFC0346002B10D0FDF7E4F80346012BEC
:207A20000BD11720F9F722FC034683F00103DBB2002B02D0FDF782F824E0FDF7D3F8034661
:207A4000012B0BD10520F9F711FC0346002B05D0FDF774F80520F9F7E3FB13E0FDF7C2F8BF
:207A60000346012B0ED12920F9F700FC0346002B08D02920F9F7D4FBFEF7C4FAFEF714FB72
:207A8000FDF75CF8FDF7A2F80346FB73FB7B012B02D0FB7B022B2AD1174B1B785A1CD1B259
:207AA000154A1170052B22D9134B00221A70FDF7A5F81CE0FB79022B19D10F4B1B78013378
:207AC000DAB20D4B1A700C4B1B781D2B09D801F033FE0346012B04D001F090FE0346012BC6
:207AE00005D1054B00221A70002005F01DF800BF1037BD4680BD00BF1130002080B584B0BB
:207B000000AF0346FB71FB79002B7BD11920F9F7ADFB0346002B10D0464B1B8801339AB23D
:207B2000444B1A80434B1B88B3F5B45F05D31920F9F776FB3F4B00221A801A20F9F796FBBD
:207B40000346002B15D01920F9F790FB0346002B0FD01A20F9F764FBFEF7C8FAFEF7A4FAF2
:207B60001B20F9F739FBFEF79FFB03461A46324B1A701A20F9F77AFB034683F00103DBB27B
:207B8000002B26D01B20F9F771FB0346002B20D0FEF78AFB0346FB73274B1B78FA7B9A4242
:207BA00005D3254B1B78FA7BD31ADBB206E0224B1B78FA7BD31ADBB23C33DBB2BB73BB7BC6
:207BC0000E2B06D91B20F9F72BFBFEF78FFAFEF76BFAF8F769FBF0EE407A184BC3ED007AEC
:207BE000164BD3ED007A9FED167AF4EEC77AF1EE10FA03DD2420F9F7EFFA16E02420F9F79B
:207C00000FFB12E0FB79022B0FD10E4B1B780133DAB20C4B1A700B4B1B78012B05D9094B13
:207C200000221A70002004F07FFF00BF1037BD4680BD00BF04300020FC2F00200030002012
:207C4000000061C41230002080B500AF04F07CFF0346002B40F0CB801E20F9F707FB0346E2
:207C6000002B0AD0794B06221A70794B4FF416721A80784B00221A70E5E02520F9F7F6FA07
:207C80000346002B00F09C802720F9F7EFFA034683F00103DBB2002B00F092806E4B1B787E
:207CA00083F00103DBB2002B78D06C4B1B780133DAB26A4B1A706A4B1B78062B72D801A29E
:207CC00052F823F0E17C0100FD7C0100197D0100357D0100517D01006D7D0100897D010064
:207CE0005A4B00221A705D4B1B78312B5CD95B4B00221A705A4B01221A7055E0534B0622C8
:207D00001A70564B1B78182B50D9544B00221A70534B02221A7049E04C4B00221A704F4B9C
:207D20001B78182B44D94D4B00221A704C4B03221A703DE0454B06221A70484B1B78182BFE
:207D400038D9464B00221A70454B04221A7031E03E4B00221A70414B1B78182B2CD93F4B5E
:207D600000221A703E4B05221A7025E0374B06221A703A4B1B78182B20D9384B00221A7061
:207D8000374B06221A7019E0304B00221A70324B01221A702720F9F71FFA10E02B4B00228D
:207DA0001A7050E000BF4EE000BF4CE000BF4AE000BF48E000BF46E000BF44E000BF42E0B8
:207DC00001F0ACFC03461A46204B1A70204B4FF416721A801F4B00221A70204B00221A706F
:207DE0001F4B00221A701C4B00221A702BE004F0ABFE0346012B1DD1154B1B8801339AB2CC
:207E0000134B1A80124B1B88042B1CD9104B00221A80104B1B78142B02D90E4B00221A7022
:207E20000A4B07221A700B4B1B780133DAB2094B1A7008E004F088FE0346022B03D1034BB9
:207E40000A221A70FFE700BF80BD00BFFB2F0020E80800200630002009300020073000206B
:207E60000830002080B483B000AF0346FB71044AFB79137000BF0C37BD465DF8047B70470A
:207E8000FA2F002080B400AF044B1B6807EE903AB0EE670ABD465DF8047B70470030002038
:207EA000B0B588B002AF78607B681B6840F26B22934240F090827B681B7B9F2B58D09F2B2B
:207EC00000F389827F2B00F06C827F2B00F383822F2B49DC102BC0F27E82103B1F2B00F287
:207EE0007A8201A252F823F061830100D7830100D7830100D7830100D7830100D7830100DA
:207F0000D7830100D78301000D830100D7830100D7830100D7830100D7830100D783010053
:207F2000D7830100D7830100D7830100D78301003D800100AD810100D7830100D783010032
:207F4000D7830100D7830100D7830100D7830100D7830100D7830100D7830100D783010049
:207F6000D7830100977F0100442B00F03B8132E27B68587B7B68997B7B68DC7B7B681D7CFD
:207F80007B685B7C7A68927C019200932B462246FEF7E0F81FE27B685B7B022B37D0022B50
:207FA00044DC002B1AD0012B40D100214FF40270F8F73EFB012140F20710F8F739FB40F68D
:207FC000B8300DF0FBFC002140F20710F8F730FB012201212F2001F01FFF2EE001214FF42B
:207FE0000270F8F725FB012140F20620F8F720FB4FF47A700DF0E2FC002140F20620F8F70C
:2080000017FB012200212F2001F006FF15E01F20F9F72CF90346002B05D12F20F9F726F9D4
:208020000346002B08D001F0B3FF05E0002212212F2001F0F1FE00E000BFCCE17B685B7BE3
:20804000013B052B00F2AA8001A252F823F000BF698001009D8101007F81010085810100C8
:208060008D810100958101007B689B7BBB757B680F333B61BB7D102B20D13B691B781AB289
:208080003B6901331B781BB21B021BB213431BB29AB2AF4B1A823B6902331A78AC4B9A7449
:2080A0003B6903331A78AA4BDA743B6904331A78A74B1A75A74B01221A7034E0BB7D202BED
:2080C0001DD13B691A78A24B5A753B6901331B781A463B6902331B781B021A433B69033335
:2080E0001B781B041A433B6904331B781B061343974AC2F81630974B01225A7013E0BB7DB1
:20810000302B10D13B691B781AB23B6901331B781BB21B021BB213431BB29AB28C4B5A83DB
:208120008C4B01229A708B4B1B78002B3CD0894B5B78002B38D0874B9B78002B34D0854BDD
:2081400000229A70834B9A78824B5A70814B5A78804B1A70FDF7CAFFFDF7A6FF0346FB737C
:20816000FB7B002B05D101220121222001F054FE1AE000221021222001F04EFE14E001F00D
:20818000DBFE12E01C20F9F727F80EE02020F9F723F80AE02120F9F71FF806E00022122123
:2081A000222001F039FE00E000BF14E17B685B7B022B10D1FDF762FF0346FB75FB7D002B49
:2081C00003D11D20F9F708F80BE000221021232001F022FE05E000221221232001F01CFE84
:2081E00000BFF8E07B685B7B032B00F2888001A252F823F0518201000582010085820100A3
:20820000CB8201001F20F9F731F8034683F00103DBB2002B16D02F20F9F728F8034683F03F
:208220000103DBB2002B0DD0082200214A480FF0CBFB00F013F9786803F00CFF1F20F8F7FB
:20824000CBFF62E000221021442001F0E5FD5CE01F20F8F7E5FF01F053FF0346012B08D1A9
:2082600001F05CFF03461D2B03D9002001F032FF02E0012001F02EFF0822002136480FF01A
:20828000A3FB42E02F20F8F7F1FF034683F00103DBB2002B13D01F20F8F7E8FF034683F0C4
:2082A0000103DBB2002B0AD0082200212B480FF08BFB00F0D3F82F20F8F78EFF25E0002238
:2082C0001021442001F0A8FD1FE02F20F8F7A8FF01F016FF0346012B08D101F01FFF0346E3
:2082E0001D2B03D9002001F0F5FE02E0012001F0F1FE0822002119480FF066FB05E0002260
:208300001221442001F088FD00BF64E07B685B7B002B15D11F20F8F7A9FF0346002B05D163
:208320002F20F8F7A3FF0346002B03D01E20F8F753FF0BE000222221182001F06DFD05E0CF
:2083400000221221182001F067FD00BF43E000BF102F0020143000201830002020300020FF
:208360007B685B7B002B15D11F20F8F77FFF0346002B05D12F20F8F779FF0346002B03D040
:208380001E20F8F74DFF0BE000222221102001F043FD05E000221221102001F03DFD00BF5F
:2083A00019E07B685B7B012B14D11F20F8F75EFF0346002B05D12F20F8F758FF0346002B1C
:2083C00002D000F085F804E0002222217F2001F023FD00BF00BF00BF1837BD46B0BD00BFAA
:2083E00080B582B000AF0023FB71FDF765FB03461A46FB791344FB71FDF7AEFB03461A465E
:20840000FB791344FB71FB79002B0FD1114B1B7843F00103DAB20F4B1A700F4B1B7843F0F0
:208420000103DAB20C4B1A7001230EE0094B1B7823F00103DAB2074B1A70074B1B7823F05B
:208440000103DAB2044B1A70002318460837BD4680BD00BF183000202030002080B500AF38
:20846000FFF7BEFF03F080F80346012B0ED1164B1B7843F00403DAB2134B1A70134B1B78F7
:2084800043F00403DAB2114B1A700DE00E4B1B7823F00403DAB20C4B1A700C4B1B7823F0D3
:2084A0000403DAB2094B1A70074B1B7843F00803DAB2054B1A70054B1B7843F00803DAB215
:2084C000024B1A7000BF80BD183000202030002080B500AF012201217F2001F09DFC64201B
:2084E0000DF06CFAFCF7A3FC012140F20740F8F79FF8012140F20620F8F79AF8012140F217
:208500000720F8F795F8012140F20D10F8F790F801214FF48060F8F78BF80449044807F089
:208520009FFA034807F0BAFA00BF80BD709102003046002080B584B000AF78600023FB60A9
:208540007B68002B30D01A4B5B68002B2CD07B681B6840F2FA7293420BD07B681B6840F272
:20856000FB72934205D07B681B6840F2C172934202D1002004F0F4FA0D4B586807F10C0251
:20858000002379680CF0D8FB0020F7F75BFFFB68002B09D0074B4FF080525A60BFF34F8F8C
:2085A00000BFBFF36F8F00BF00BF1037BD4680BD2C30002000ED00E080B588B000AF78600A
:2085C00007F10C0300221A605A609A60DA601A614FF4AD6200216A480FF0F6F9694B5B6805
:2085E00007F10C014FF0FF3218460CF05DFC0346012BF3D101F0DAFAFB6840F2FD7293427C
:2086000000F2608740F2F37293424AD240F2C272934200F03A8740F2C272934200F2528707
:2086200040F2C172934200F08F8440F2C172934200F2488740F24172934200F0B28440F2F0
:208640004172934200F23E8740F22372934200F23987B3F5E06F43D240F26662934200F0C2
:20866000738440F26662934200F22C8740F20442934200F00A8740F20442934200F22287D9
:2086800040F28B32934200F00087B3F5637F80F01987752B00F2CC83202B80F0158300F0E1
:2086A00011BFA3F2F3730A2B00F20C8701A252F823F000BF8B940100C5940100C5940100A2
:2086C0008B940100C5940100C5940100C5940100498F0100498F0100C5940100BB94010010
:2086E000A3F5E063232B00F2ED8601A252F823F05B8F0100738F0100EB8F0100C594010029
:20870000C5940100D38F0100C5940100C5940100C5940100C5940100C5940100C594010080
:20872000C5940100C5940100C5940100C5940100C5940100C5940100C5940100C594010069
:20874000C5940100C5940100C5940100C5940100C5940100C5940100C5940100C594010049
:20876000C5940100C5940100C5940100C5940100C5940100C5940100C59401008B8F010068
:20878000383000202C300020A3F24113B3F5A57F00F2988601A252F823F000BFCB900100F5
:2087A00079940100C5940100B7920100C7920100DB900100D7920100EB900100C594010001
:2087C0005B910100C5940100E792010067940100C5940100C5940100298F0100C594010015
:2087E000C5940100C5940100C5940100C5940100C5940100C5940100C5940100C5940100A9
:20880000C5940100C5940100C5940100C5940100C5940100C5940100C5940100C594010088
:20882000C5940100C5940100C5940100C5940100C5940100C5940100C5940100C594010068
:20884000C5940100C5940100C5940100C5940100C5940100C5940100C5940100C594010048
:20886000C5940100C5940100C5940100C5940100C5940100C5940100C5940100C594010028
:20888000C5940100C5940100C5940100C5940100C5940100C5940100C5940100C594010008
:2088A000C5940100C5940100C5940100C5940100C5940100C5940100C5940100C5940100E8
:2088C000C5940100C5940100C5940100C5940100C5940100C5940100C5940100C5940100C8
:2088E000C5940100C5940100C5940100C5940100C5940100C5940100C5940100C5940100A8
:20890000C5940100C5940100C5940100C5940100C5940100C5940100C5940100C594010087
:20892000C5940100C5940100C5940100C5940100C5940100C5940100C5940100C594010067
:20894000C5940100C5940100C5940100C5940100C5940100C5940100C5940100C594010047
:20896000C5940100C5940100C5940100C5940100C5940100C5940100C5940100C594010027
:20898000C5940100C5940100C5940100C5940100C5940100C5940100C5940100C594010007
:2089A000C5940100C5940100C5940100C5940100C5940100C5940100C5940100C5940100E7
:2089C000C5940100C5940100C5940100C5940100C5940100C5940100C5940100C5940100C7
:2089E000C5940100C5940100C5940100C5940100C5940100C5940100C5940100C5940100A7
:208A0000C5940100C5940100C5940100C5940100C5940100C5940100C5940100C594010086
:208A2000C5940100C5940100C5940100C5940100C5940100C5940100C5940100C594010066
:208A4000C5940100C5940100C5940100C5940100C5940100C5940100C5940100C594010046
:208A6000C5940100C5940100C5940100C5940100C5940100C5940100C5940100C594010026
:208A8000C5940100C5940100C5940100C5940100C5940100C5940100C5940100C594010006
:208AA000C5940100C5940100C5940100C5940100C5940100C5940100C5940100C5940100E6
:208AC000C5940100C5940100C5940100C5940100C5940100C5940100C5940100C5940100C6
:208AE000C5940100C5940100C5940100C5940100C5940100C5940100C5940100C5940100A6
:208B0000C5940100C5940100C5940100C5940100C5940100C5940100C5940100C594010085
:208B2000C5940100C5940100C5940100C5940100C5940100C5940100C5940100C594010065
:208B4000C5940100C5940100C5940100C5940100C5940100C5940100C5940100F792010015
:208B60000B9101000793010017930100C594010027930100779301004B91010087930100FA
:208B800097930100A7930100B7930100C7930100C5940100C5940100C5940100BB8F010070
:208BA0001B9101002B910100D79301003B910100E7930100F7930100C5940100C594010059
:208BC000C5940100C59401003793010047930100438E0100F18E0100C594010045920100B7
:208BE000C5940100C5940100C5940100C5940100C5940100C5940100C5940100C5940100A5
:208C0000C5940100C5940100C5940100C5940100C5940100C5940100C59401000794010042
:208C20001794010027940100379401004794010057940100C5940100C59401006793010089
:208C400025920100AF940100C5940100159201005592010065920100C5940100C594010082
:208C6000C5940100C5940100C5940100C5940100C5940100C5940100C5940100C594010024
:208C8000C5940100C5940100C5940100C5940100C5940100C5940100C5940100C594010004
:208CA000C5940100C5940100C5940100C5940100C5940100C5940100C5940100C5940100E4
:208CC000C59401008B940100203B552B00F2FA8301A252F823F000BF03900100C594010023
:208CE000C5940100C5940100C5940100C5940100C5940100C5940100C5940100C5940100A4
:208D0000C5940100C5940100C5940100C5940100C5940100C5940100C59401003390010019
:208D20001B9001004B90010063900100C594010057930100C5940100C5940100C594010064
:208D4000C5940100C5940100C5940100C5940100C5940100C5940100C59401007B90010091
:208D6000759201008B9001009B900100BB90010097920100C594010035920100C5940100B1
:208D8000C5940100C5940100C5940100C5940100C5940100C5940100C5940100C594010003
:208DA000C5940100C5940100C5940100C5940100C5940100C5940100C5940100C5940100E3
:208DC000C5940100C5940100C5940100C5940100C5940100C5940100C5940100C5940100C3
:208DE000C5940100C5940100C5940100C5940100C5940100C5940100C5940100C5940100A3
:208E0000C5940100C5940100C5940100C5940100C5940100C5940100C5940100C594010082
:208E2000C5940100C5940100C5940100A7920100B3F5237F80F04683B3F5A07F3FF6A4AC1B
:208E400040E3D14B01221A702520F8F7E9F90420F8F7E6F92720F8F7E3F907F10C030C33C6
:208E600008221946C948F7F747FD07F10C0314221946C748F7F740FDC44B5B68C3F31703AE
:208E80001846FDF7CDF8C14B1B88C3F30D039BB219460120FDF7D4F8BC4B5B88C3F30D0309
:208EA0009BB219460220FDF7CBF8022001F0DCF80346012B09D1B54B5B88C3F30D039BB201
:208EC000002B02D1002001F0B9F8012001F0CCF80346012B40F0F882AC4B1B88C3F30D037D
:208EE0009BB2002B40F0F082002001F091F8EBE2A54B01221A702520F8F792F90420F8F782
:208F00008FF92720F8F78CF907F10C030C3308221946A048F7F7F0FC07F10C0314221946E1
:208F20009D48F7F7E9FCD0E207F10C030C33082219469A48F7F7E0FC07F10C0314221946B0
:208F40009748F7F7D9FCC0E20020FEF78BFF07F10C03184603F0A4F9B7E200210020FEF76A
:208F600035FC07F10C03142219468E48F7F7C4FCABE201210020FEF729FC07F10C0314227A
:208F800019468948F7F7B8FC9FE203210020FEF71DFC07F10C03142219468448F7F7ACFC2E
:208FA00093E205210020FEF711FC07F10C03142219467F48F7F7A0FC87E206210020FEF762
:208FC00005FC07F10C03142219467A48F7F794FC7BE207210020FEF7F9FB07F10C031422E9
:208FE00019467548F7F788FC6FE208210020FEF7EDFB07F10C03142219467048F7F77CFCB2
:2090000063E207F10C03142219466D48F7F774FC00210120FEF7DAFB57E207F10C031422DA
:2090200019466848F7F768FC01210120FEF7CEFB4BE207F10C03142219466348F7F75CFC14
:2090400002210120FEF7C2FB3FE207F10C03142219465E48F7F750FC03210120FEF7B6FB92
:2090600033E207F10C03142219465948F7F744FC04210120FEF7AAFB27E207F10C0314224A
:2090800019465448F7F738FC1FE207F10C03142219465148F7F730FC17E207F10C0314222D
:2090A00019464E48F7F728FC07F10C030C33082219464B48F7F720FC07E207F10C03142217
:2090C00019464848F7F718FCFFE107F10C03142219464548F7F710FCF7E107F10C03142287
:2090E00019464248F7F708FCEFE107F10C03142219463F48F7F700FC07F10C030C33082248
:2091000019463C48F7F7F8FBDFE107F10C03142219463948F7F7F0FBD7E107F10C031422E0
:2091200019463648F7F7E8FBCFE107F10C03142219463348F7F7E0FBC7E107F10C0314220C
:2091400019463048F7F7D8FBBFE107F10C03142219462D48F7F7D0FBB7E107F10C03142238
:2091600019462A48F7F7C8FB0822002128480EF02BFCBB7C1A4607F10C030C3319462448E5
:20918000F7F7BAFBA1E100BF29300020383000203834002040300020603400204830002082
:2091A0004C340020883400209C340020C4340020EC340020003500201435002028350020B0
:2091C0003C3500205035002064350020783500208C350020783000208C300020A03000205E
:2091E00068300020B4300020C8300020DC3000207434002060300020043100201831002039
:209200002C3100204031002054310020683100207030002007F10C0314221946AD48F7F7A3
:209220006BFB52E107F10C0314221946AA48F7F763FB4AE107F10C0314221946A748F7F717
:209240005BFB42E107F10C0314221946A448F7F753FB3AE107F10C0314221946A148F7F743
:209260004BFB32E107F10C03142219469E48F7F743FB2AE107F10C03142219469B48F7F76F
:209280003BFBBB7C1A4607F10C030C3319469848F7F732FB19E107F10C03142219469548EE
:2092A000F7F72AFB11E107F10C03142219469248F7F722FB09E107F10C03142219468F48CB
:2092C000F7F71AFB01E107F10C03142219468C48F7F712FBF9E007F10C03142219468948F8
:2092E000F7F70AFBF1E007F10C03142219468648F7F702FBE9E007F10C0314221946834825
:20930000F7F7FAFAE1E007F10C03142219468048F7F7F2FAD9E007F10C03142219467D4852
:20932000F7F7EAFAD1E007F10C03142219467A48F7F7E2FAC9E007F10C031422194677487E
:20934000F7F7DAFAC1E007F10C03142219467448F7F7D2FAB9E007F10C03142219467148AA
:20936000F7F7CAFAB1E007F10C03142219466E48F7F7C2FAA9E007F10C03142219466B48D6
:20938000F7F7BAFAA1E007F10C03142219466848F7F7B2FA99E007F10C0314221946654802
:2093A000F7F7AAFA91E007F10C03142219466248F7F7A2FA89E007F10C03142219465F482E
:2093C000F7F79AFA81E007F10C03142219465C48F7F792FA79E007F10C031422194659485A
:2093E000F7F78AFA71E007F10C03142219465648F7F782FA69E007F10C0314221946534886
:20940000F7F77AFA61E007F10C03142219465048F7F772FA59E007F10C03142219464D48B1
:20942000F7F76AFA51E007F10C03142219464A48F7F762FA49E007F10C03142219464748DD
:20944000F7F75AFA41E007F10C03142219464448F7F752FA39E007F10C0314221946414809
:20946000F7F74AFA31E007F10C030C33082219463D48F7F741FA28E007F10C030C330822B4
:2094800019463A48F7F738FA1FE003F079FB0346012B08D132200CF091FA07F10C031846D9
:2094A00002F072F911E00020FEF7DCFC0DE007F10C031846FEF7F4FC07E03B7E1846FCF749
:2094C00096F802E000BF00E000BF00F07DFBFFF785B800BF90310020A4310020B831002085
:2094E000CC3100207C310020F0300020E0310020A0350020F4310020083200201C3200200F
:209500003032002044320020583200206C3200208032002094320020A8320020BC3200200B
:20952000D0320020E4320020F83200200C3300202033002034330020483300205C330020E6
:20954000703300208433002098330020AC330020C0330020D4330020E8330020FC330020C3
:209560001034002024340020503000205830002080B500AF2A4B1B78DBB2002B06D0284BDA
:2095800000221A70274B00221A7046E0254B1B780133DAB2234B1A70224B1B78012B3CD9DF
:2095A0000420F7F763FE034683F00103DBB2002B10D01D4B5B7B03F03C03DBB2002B09D0DF
:2095C0002520F7F709FE0420F7F706FE2720F7F727FE15E00420F7F749FE034683F00103D3
:2095E000DBB2002B0CD0104B5B7B03F03C03DBB2002B05D10420F7F7EFFD2720F7F7ECFDCA
:2096000000F0D4FA4FF4AD62002107480EF0DCF900F0DAFA034B00221A7000BF80BD00BF7E
:20962000293000202A3000203830002080B400AF054B93F82930C3F34303DBB21846BD46AE
:209640005DF8047B704700BF3830002080B483B000AF0346FB71FB79002B05D1084B1B8802
:20966000C3F30D039BB204E0054B5B88C3F30D039BB218460C37BD465DF8047B704700BFBF
:209680003830002080B400AF044B5B68C3F317031846BD465DF8047B704700BF383000204A
:2096A00080B400AF034BDB791846BD465DF8047B704700BF3830002080B400AF034B1B891D
:2096C0001846BD465DF8047B704700BF3830002080B400AF034B5B891846BD465DF8047B0D
:2096E000704700BF3830002080B400AF034B1B7B1846BD465DF8047B704700BF3830002072
:2097000080B400AF044B5B7BC3F30103DBB21846BD465DF8047B70473830002080B400AFA3
:20972000044B5B7BC3F38303DBB21846BD465DF8047B70473830002080B400AF044B1B7CFE
:20974000C3F30003DBB21846BD465DF8047B70473830002080B400AF044B1B7CC3F340038D
:20976000DBB21846BD465DF8047B70473830002080B400AF044B1B7CC3F38003DBB21846FB
:20978000BD465DF8047B70473830002080B400AF044B1B7CC3F3C003DBB21846BD465DF82E
:2097A000047B70473830002080B400AF044B1B7CC3F30013DBB21846BD465DF8047B7047E0
:2097C0003830002080B400AF044B1B7CC3F34013DBB21846BD465DF8047B7047383000202E
:2097E00080B400AF044B5B7CC3F30003DBB21846BD465DF8047B70473830002080B400AFC3
:20980000044B5B7CC3F38003DBB21846BD465DF8047B70473830002080B400AF044B5B7CDF
:20982000C3F3C003DBB21846BD465DF8047B70473830002080B400AF044B5B7CC3F380135C
:20984000DBB21846BD465DF8047B70473830002080B400AF044B5B7CC3F3C013DBB218468A
:20986000BD465DF8047B70473830002080B400AF044B9B7CC3F30003DBB21846BD465DF88D
:20988000047B70473830002080B400AF044B9B7CC3F34203DBB21846BD465DF8047B70474D
:2098A0003830002080B400AF054B93F82C30C3F30013DBB21846BD465DF8047B704700BF05
:2098C0003830002080B582B000AF78600B46FB7000F06CF9FA7813469B0013449B00403336
:2098E000064A1344142219467868F7F705F800F06BF900BF0837BD4680BD00BF3830002088
:2099000080B582B000AF78600B46FB7000F04EF9FA7813469B0013449B0003F5D473064A7F
:209920001344142219467868F6F7E6FF00F04CF900BF0837BD4680BD3830002080B582B027
:2099400000AF78600B46FB7000F030F9FA7813469B0013449B0003F58A63064A1344142291
:2099600019467868F6F7C8FF00F02EF900BF0837BD4680BD3830002080B582B000AF786029
:209980000B46FB7000F012F9FA7813469B0013449B0003F5A063074A134404331422194649
:2099A0007868F6F7A9FF00F00FF900BF0837BD4680BD00BF3830002080B582B000AF7860C7
:2099C0007B68002B0CD002210020FDF7FFFE00F0EDF8142279680448F6F78EFF00F0F4F8DB
:2099E00000BF0837BD4680BDB034002080B582B000AF78607B68002B0CD004210020FDF714
:209A0000E5FE00F0D3F8142279680448F6F774FF00F0DAF800BF0837BD4680BDD8340020B9
:209A200080B400AF034B5B8B1846BD465DF8047B704700BF3830002080B400AF034BB3F9FF
:209A400018301846BD465DF8047B70473830002080B400AF044B5B8C43F30E031BB21846BF
:209A6000BD465DF8047B70473830002080B483B000AF0D4B7B600123FB700223BB70FB7835
:209A80007A6813441B7B7B707A78BB7842FA03F3DBB203F001033B703B7818460C37BD462F
:209AA0005DF8047B704700BFC830002080B400AF034B9B781846BD465DF8047B704700BF55
:209AC000A035002080B485B000AF0346FB710023FB81FB79042B35D801A252F823F000BFB6
:209AE000F59A0100039B0100119B01001F9B0100379B0100174B1B8EC3F309039BB2FB8166
:209B000021E0144B1B6BC3F389239BB2FB811AE0104B5B8EC3F309139BB2FB8113E00D4B10
:209B200093F833209209D2B293F834309B0013439BB2FB8107E0074B5B6BC3F309239BB251
:209B4000FB8100E000BFFB8918461437BD465DF8047B70473830002080B500AF00F026F8B5
:209B60000822002103480DF02FFF00F02DF800BF80BD00BF6830002080B400AF034B93F8E0
:209B80003D301846BD465DF8047B70473830002080B400AF044B1B7CC3F38013DBB21846E7
:209BA000BD465DF8047B70473830002080B500AF044B9B684FF0FF3118460AF075FF00BF5F
:209BC00080BD00BF2C30002080B500AF034B9B6818460AF033FF00BF80BD00BF2C30002017
:209BE00080B586B000AF00233B7240F207737B600823BB7200237B723B1D0C33082207497B
:209C00001846F6F779FE3B1D19461920F6F7EAFB034618461837BD4680BD00BFEC080020B7
:209C200080B586B000AF00233B7240F229737B6000237B720323BB723B1D0C33082200214C
:209C400018460DF0C1FE0123BB743B1D0C33022206491846F6F750FE3B1D19461820F6F718
:209C6000C1FB034618461837BD4680BDF408002080B586B000AF00233B724FF4A6737B60B5
:209C800000237B720823BB723B1D0C33082207491846F6F731FE3B1D19461A20F6F7A2FB56
:209CA000034618461837BD4680BD00BFB635002080B584B000AF786007F1080300221A6015
:209CC0005A6001F02DFC034603F00103DAB23B7A62F300033B7201F03BFC034603F00103C2
:209CE000DAB23B7A62F382033B7201F049FC034603F00103DAB23B7A62F341033B7201F0AE
:209D000033FC034603F00703DAB23B7A62F347133B7201F041FC03467B7201F0A3FC0346F4
:209D2000C7F80A3001F0AAFC034603F00103DAB2BB7B62F30003BB732820F7F797FA0346FB
:209D40001A46BB7B62F34103BB737B6800221A717B6840F26D221A607B6800225A717B6845
:209D600008229A717B680C3307F1080108221846F6F7C2FD00BF1037BD4680BD80B586B0A6
:209D800000AF3B1D00221A605A609A60DA601A613B1D1846FFF78CFF3B1D19461B20F6F7A1
:209DA00021FB034618461837BD4680BD80B586B000AF154B1B68154A934220D100233B725F
:209DC00040F22E437B6000237B720823BB723B1D0C3304220E491846F6F78EFD3B1D103318
:209DE00004220C491846F6F787FD3B1D19461920F6F7F8FA3822002103480DF0E5FD00BFE6
:209E00001837BD4680BD00BFD00A0020EFBEADDED40A0020D80A002080B588B000AF03465D
:209E2000FB710B46BB7113467B7100233B744FF41B73FB6000237B740823BB7407F10C0383
:209E40000C330822002118460DF0BEFD7B79002B06D17F233B76FB797B76BB79BB7608E067
:209E60007B79012B05D1FB794033DBB23B76BB797B7607F10C0319461920F6F7B3FA00BFAA
:209E80002037BD4680BDFFFF80B586B000AF00233B7240F205437B6000237B720823BB7286
:209EA000074A07F110031068516803C33B1D19461B20F6F797FA00BF1837BD4680BD00BFD2
:209EC0001830002080B588B000AF00233B7240F205437B6000237B720823BB72FDF7D2FFAC
:209EE00087ED070AD7ED077A9FED117A67EE877AFDEEE77A17EE903A7B837B8BDAB20D4B28
:209F00009A70B7F91A301B121BB2DAB2094BDA70084A07F110031068516803C33B1D19460E
:209F20001B20F6F75FFA00BF2037BD4680BD00BF0000C8422030002080B586B000AF01F006
:209F400087FB786100233B714FF41B733B6000237B710823BB713B460C330822002118469C
:209F60000DF032FD62233B7303237B733B460E330622796918460DF037FD3B4619461B20F8
:209F8000F6F730FA034618461837BD4680BDFFFF80B586B000AF00233B724FF41B737B60E0
:209FA00000237B720823BB723B1D0C330822002118460DF009FD6F233B7402237B74084A4F
:209FC00007F112031168196092889A803B1D19461B20F6F707FA00BF1837BD4680BD00BF61
:209FE000F808002080B483B000AF0346FB71FB7903F00103D9B2054A937861F300039370CC
:20A0000000BF0C37BD465DF8047B7047B435002080B483B000AF0346FB71FB7903F0010371
:20A02000D9B2054A937961F38203937100BF0C37BD465DF8047B7047B435002080B483B05D
:20A0400000AF0346FB71FB7903F00103D9B2054A937961F3C303937100BF0C37BD465DF8D3
:20A06000047B7047B435002080B483B000AF0346FB71FB79012B05D10A4B9B79C3F38003BE
:20A08000DBB209E0FB79022B05D1064B9B79C3F3C003DBB200E0032318460C37BD465DF869
:20A0A000047B7047B435002080B483B000AF0346FB71FB7903F00103D9B2054A137861F372
:20A0C0000003137000BF0C37BD465DF8047B7047B435002080B483B000AF0346FB71FB7922
:20A0E00083F00103D9B2054A137861F34103137000BF0C37BD465DF8047B7047B4350020D0
:20A1000080B400AF044B1B78C3F30003DBB21846BD465DF8047B7047B435002080B400AF5C
:20A12000034B1B781846BD465DF8047B704700BFCA350020FFFFFFFF90B59DB000AF78605F
:20A14000002387F85F30F6F7FDFF03461A46CE4B1A70FFF72BFECD4B5B6807F15F014FF008
:20A16000FF3218460AF0A0FE0346012BF3D197F85F30013B052B00F2628401A252F823F01D
:20A1800099A1010051A70100BBA8010005A901003FAA01002FAA01001C20F7F767F80346E2
:20A1A000002B00F0FD8007F1480300221A605A609A60DA601A614FF000024FF00003C7E98C
:20A1C00018234FF41B73BB64622387F85430042387F85530082387F84E30AD4B1B78022BC1
:20A1E00000F0BB80022B00F32D84002B03D0012B5AD000F027BC01F0F3F951EC100BA0A3C4
:20A20000D3E900230DF00CF902460B46104619460DF068FB02460B46C7E91823102387F879
:20A22000563097F8603087F85730D7E918014FF000024FF00003020A42EA01620B0AD3B2E2
:20A2400087F85830D7E918014FF000024FF00003020C42EA01420B0CD3B287F85930D7E9BA
:20A2600018014FF000024FF00003020E42EA01220B0ED3B287F85A30D7E918014FF0000222
:20A280004FF000030A000023D3B287F85B3007F1480319461820F6F7A5F87D4B1B780133CD
:20A2A000DAB27B4B1A7049E201F0ACF951EC100B73A3D3E900230DF0B3F802460B4610461D
:20A2C00019460DF00FFB02460B46C7E91823202387F8563097F8603087F85730D7E918014E
:20A2E0004FF000024FF00003020A42EA01620B0AD3B287F85830D7E918014FF000024FF046
:20A300000003020C42EA01420B0CD3B287F85930D7E918014FF000024FF00003020E42EA81
:20A3200001220B0ED3B287F85A30D7E918014FF000024FF000030A000023D3B287F85B303B
:20A3400007F1480319461820F6F74CF8504B1B780133DAB24E4B1A70F0E1302387F85630B8
:20A36000FF2387F8573001F023F9034687F8583001F02AF9034687F85930002387F85A30C7
:20A38000002387F85B3007F1480319461820F6F729F83F4B00221A701C20F6F741FFCDE15B
:20A3A0001D20F6F763FF0346002B00F0AA8007F1340300221A605A609A60DA601A6100232C
:20A3C00087F838304FF41B737B63002387F83930082387F83A30632387F84030022387F8AF
:20A3E00041302C4B1B78022B58D0022B71DC002B02D0012B1ED06CE0102387F84230264B1B
:20A400001B8A9BB2DBB287F84330234B1B8A9BB21B0A9BB2DBB287F844301F4B9B7C87F879
:20A4200045301D4BDB7C87F846301B4B1B7D87F847304EE0202387F84230174B5B7D87F8E4
:20A440004330154BD3F81630DBB287F84430124BD3F816301B0ADBB287F845300E4BD3F860
:20A4600016301B0CDBB287F846300B4BD3F816301B0EDBB287F847302BE000BFAFF30080EE
:20A4800000000000006AF840B0350020A8350020F4350020F5350020102F0020302387F854
:20A4A0004230A74B5B8B9BB2DBB287F84330A44B5B8B9BB21B0A9BB2DBB287F8443000234F
:20A4C00087F84530002387F84630002387F8473000BF07F1340319461820F5F783FF994B80
:20A4E0001B780133DAB2974B1A70964B1B78022B40F2A882934B00221A701D20F6F790FE5E
:20A50000A0E22020F6F7B2FE0346002B00F0888007F1200300221A605A609A60DA601A6150
:20A5200001F082F8B866002387F824304FF41B733B62002387F82530082387F826306223B2
:20A5400087F82C30052387F82D307F4B1B78022B36D0022B4CDC002B02D0012B18D047E0FF
:20A56000102387F82E30BB6E1B7887F82F30BB6E5B7887F83030BB6E9B7887F83130BB6E11
:20A58000DB7887F83230BB6E1B7987F833302FE0202387F82E30BB6E5B7987F82F30BB6EB5
:20A5A0009B7987F83030BB6EDB7987F83130BB6E1B7A87F83230BB6E5B7A87F8333017E0D5
:20A5C000302387F82E30BB6E9B7A87F82F30BB6EDB7A87F83030BB6E1B7B87F83130BB6E0A
:20A5E0005B7B87F83230BB6E9B7B87F8333000BF07F1200319461820F5F7F4FE524B1B7804
:20A600000133DAB2504B1A704F4B1B78022B40F219824D4B00221A702020F6F701FE11E2CB
:20A620002120F6F723FE0346002B00F00B8207F10C0300221A605A609A60DA601A6100F0DE
:20A64000FDFFF86600233B744FF41B73FB6000237B740823BB7462233B7606237B763B4B60
:20A660001B78032B52D801A252F823F07DA60100A1A60100C5A60100E9A601001023BB7623
:20A68000FB6E1B78FB76FB6E5B783B77FB6E9B787B77FB6EDB78BB77FB6E1B79FB7735E07F
:20A6A0002023BB76FB6E5B79FB76FB6E9B793B77FB6EDB797B77FB6E1B7ABB77FB6E5B7A2C
:20A6C000FB7723E03023BB76FB6E9B7AFB76FB6EDB7A3B77FB6E1B7B7B77FB6E5B7BBB77C0
:20A6E000FB6E9B7BFB7711E04023BB76FB6EDB7BFB76FB6E1B7C3B77FB6E5B7C7B77FB6E67
:20A700009B7CBB77FB6EDB7CFB7700BF07F10C0319461820F5F766FE0C4B1B780133DAB267
:20A720000A4B1A70094B1B78032B40F28B81074B00221A702120F6F773FD83E182E100BFC5
:20A74000102F0020F5350020F6350020F735002002F0FAF90346002B7FD1C24B1B7803F07D
:20A760000203DBB2002B78D11F20F6F77FFD034683F00103DBB2002B6FD02F20F6F776FDC5
:20A78000034683F00103DBB2002B66D00420F5F767FF034603F00103D9B2B24A937861F36F
:20A7A000410393700320F5F75BFF034603F00103D9B2AC4A937861F3820393700120FEF72B
:20A7C00045FF0346C3F30D039AB2A64BC2F30A014C01598801F01F01084621460143598018
:20A7E000D20A92B202F0070202F007001A7922F00702114602460A431A71FEF743FF0346A0
:20A8000023F07F42974BD1B200200143D971120A92B200210A431A810020FEF717FF034674
:20A82000C3F30D039AB28F4BC2F30C01CC00998801F007010846214601439980520B92B2D1
:20A8400002F0010202F001009A7922F00102114602460A439A71FFF70BFA1F20F6F706FDC7
:20A860000346002B0FD002F06FF90346002B0AD12F20F6F7FBFC034683F00103DBB2002B31
:20A8800001D0FFF701FB2F20F6F7F0FC0346002B00F0DB801F20F6F7E9FC034683F001033D
:20A8A000DBB2002B00F0D18002F04EF90346002B40F0CB80FFF706FBC7E002F045F9034660
:20A8C000002B40F0C580674B1B7803F00203DBB2002B40F0BD801F20F6F7C8FC034683F0CA
:20A8E0000103DBB2002B00F0B3802F20F6F7BEFC034683F00103DBB2002B00F0A980FFF7FC
:20A900003DFAA5E0574B1B7803F00103DBB2002B2BD0554B1B780133DAB2534B1A70524BE4
:20A920001B781D2B07D9504B1E221A704D4A137843F0020313704C4B1B78072B1DD9FEF7D3
:20A94000FBFE0346012B18D1464A137823F001031370444A137823F002031370424B002288
:20A960001A700020FAF7DAF807E03F4B00221A703C4A137823F00203137002F0E5F8034689
:20A98000002B68D1374B1B7803F00203DBB2002B61D11F20F6F76AFC034683F00103DBB27D
:20A9A000002B58D02F20F6F761FC034683F00103DBB2002B4FD0FFF733F9FFF711F92B4B7C
:20A9C00040F207721A60294B00221A71274B00225A71264B08229A710822002124480CF079
:20A9E000F3FF082223492248F5F786FF224B40F229721A60204B00221A711F4B00225A71D1
:20AA00001D4B02229A71082200211C480CF0DCFF02221B491948F5F76FFF174B01229A7344
:20AA20001248FEF7C9FF1448FEF7E0FF13E002F08BF80346002B11D1FEF79AFD0EE000BFD8
:20AA4000FFF789BB00BFFFF786BB00BFFFF783BB00BFFFF780BB00BFFFF77DBB00BFFFF741
:20AA60007ABB00BFB4350020CA350020CC350020D8350020EC080020E0350020EC350020E2
:20AA8000F408002080B582B000AF78600B467B805A4B1B78042B00F29E8001A252F823F0E9
:20AAA000B5AA0100C7AA010015AB010025AB01006DAB01007B681B78652B40F092804F4B37
:20AAC00001221A708DE07B681B78022B03D14C4B02229A711AE07B681B78032B03D1484B1A
:20AAE00003229A7112E07B681B78042B03D1444B04229A710AE07B681B78052B03D1404B0C
:20AB000005229A7102E03E4B06229A713B4B02221A7069E07B681A783A4B1A70374B0322BD
:20AB20001A7061E07B681A78374B1A70354B1B781AB2354B1B781BB21B021BB213431BB2FD
:20AB40007B802F4A7B88A2F8C4327B8803337B807B88B3F52F7F05D901237B80274B0022D0
:20AB60001A7041E0254B04221A703DE07B88013B7A6813441B78822B27D17B88033B7B8001
:20AB80007B88B3F52F7F1AD81D4BB3F8C4321A4679681E480CF028FF184B00221A70012364
:20ABA0007B801B4B5B68002B1DD0194B58680023002218490AF0C0F8F6F74EFA13E00F4B5B
:20ABC00000221A7001237B800DE00C4B00221A7001237B8007E0094B00221A7001237B8095
:20ABE00002E000BF00E000BF7B881A4679680020F6F7FCF900BF0837BD4680BDB93900207F
:20AC000000360020BA390020BB39002007360020F83500200636002090B5ADF53D7D02AF5F
:20AC200007F53A73A3F53973186007F53A73A3F5337318464FF430731A4600210CF0C4FE45
:20AC40000023A7F8E6320023A7F8DE320023A7F8E432002387F8E332C64B5B6807F11C01D0
:20AC60004FF0FF3218460AF01FF90346012BF3D107F53A73A3F53373B3F8BE32042B08D929
:20AC800007F53A73A3F53373B3F8BE32053BA7F8E43207F53A73A3F533731B78023B032B58
:20ACA00000F2C38201A252F823F000BFBDAC010049AD0100C7AE010015B10100AE4B0122E4
:20ACC0005A70AE4B00221A70AD4B00221A702620F6F7A6FA00F0CEFB07F11C0301338822E0
:20ACE0001946A848F5F708FEA64800F01BFB0346002B00F09C821920F6F7B8FA034683F009
:20AD00000103DBB2002B1CD09B4B93F810039A4B93F81113984B93F81343974B93F81433FB
:20AD2000954A92F815230192009323467D22FBF711FAFBF7DBF91920F6F74EFA1A20F6F7EC
:20AD40004BFA00F053FB72E2FEF7F6FC0346012B02D100F0C1FD72E20020FDF783F8874B8A
:20AD600000221A70012001F0FBFE07F53A73A3F53373B3F8BE320D2B00F25B8207F53A73EA
:20AD8000A3F5387300221A7107F53A73A3F533735B781A4607F53A73A3F533739B781B0292
:20ADA0001A4307F53A73A3F53373DB781B041A4307F53A73A3F533731B791B0613431A462E
:20ADC00007F53A73A3F538731A6007F53A73A3F533735A7907F53A73A3F538739A7107F560
:20ADE0003A73A3F5387300225A7107F53A73A3F538739B791A4607F11C03991D07F1080346
:20AE00000C331846F5F778FD07F53A73A3F538731B6840F2FA72934218D007F53A73A3F529
:20AE200038731B6840F2FB7293420FD007F53A73A3F538731B6840F2C17293421BD107F500
:20AE40003A73A3F538731B7B042B14D107F10803184601F025FA07F53A73A3F538731B6878
:20AE600040F2C172934218D107F1080319461820F5F7B8FA11E007F53A73A3F538731B6817
:20AE800040F2C172934202D1012001F04DFE07F1080319461820F5F7A5FA07F53A73A3F5E2
:20AEA00038731B6840F2C172934240F0C28107F53A73A3F538731B7B002B40F0BA8102207D
:20AEC00001F032FEB5E10020FCF7CCFF2B4B00221A70012001F028FE012001F041FE07F536
:20AEE0003A73A3F533735B781A4607F53A73A3F533739B781B021A4307F53A73A3F53373D9
:20AF0000DB781B041A4307F53A73A3F533731B791B0613431A4607F53A73A3F538731A60AA
:20AF200007F53A73A3F533735A7907F53A73A3F538739A7107F53A73A3F5387300221A71C7
:20AF400007F53A73A3F5387300225A710E4B05221A80B7F8E432DB08A7F8E632B7F8E432DA
:20AF600003F00703A7F8DE3265E0002387F8E33227E000BFF835002000360020BD390020AA
:20AF8000BC390020C8380020BE390020AE4B1B885A1C91B2AC4A1180194697F8E33207F58A
:20AFA0003A72A2F533720A44517807F53A72A2F5387213440A461A7397F8E332013387F81E
:20AFC000E33297F8E332072BE0D907F53A73A3F538731B6840F2FA72934218D007F53A735A
:20AFE000A3F538731B6840F2FB7293420FD007F53A73A3F538731B6840F2C17293420CD1B2
:20B0000007F53A73A3F538731B7B042B05D107F10803184601F044F905E007F108031946D3
:20B020001820F5F7DFF9B7F8E632013BA7F8E63203200AF0C3FCB7F8E632002B95D1B7F877
:20B04000DE32002B00F0F780B7F8DE32DAB207F53A73A3F538739A71002387F8E3321AE05B
:20B06000794B1B885A1C91B2774A1180194697F8E33207F53A72A2F533720A44517807F564
:20B080003A72A2F5387213440A461A7397F8E332013387F8E33297F8E3329BB2B7F8DE2283
:20B0A0009A42DDD80023A7F8DE3207F53A73A3F538731B6840F2FA72934218D007F53A73BA
:20B0C000A3F538731B6840F2FB7293420FD007F53A73A3F538731B6840F2C17293420FD1CE
:20B0E00007F53A73A3F538731B7B042B08D1574B586807F108010023002209F00DFD05E036
:20B1000007F1080319461820F5F76CF905200AF055FC90E007F53A73A3F53373B3F8BE32E2
:20B12000002B00F08A806922002149480CF04CFC07F53A73A3F533735B7887F8DD3297F892
:20B14000DD32032B67D801A252F823F05DB101007DB101009DB10100BDB1010007F53A73CE
:20B16000A3F53373B3F8BE32012B56D907F53A73A3F533739A78364B1A704EE007F53A73C0
:20B18000A3F53373B3F8BE32012B48D907F53A73A3F533739A782E4B5A7040E007F53A7384
:20B1A000A3F53373B3F8BE32012B3AD907F53A73A3F533739A78264B9A7032E007F53A7348
:20B1C000A3F53373B3F8BE32012B2CD907F53A73A3F533739A781E4BDA7007F53A73A3F578
:20B1E0003373B3F8BE32023BA7F8E032B7F8E032002B18D0B7F8E032642B02D96423A7F8FB
:20B20000E032B7F8E02207F11C030333194611480CF0EAFB07E000BF0FE000BF0DE000BF85
:20B220000BE000BF09E000BF07E000BF14E500BF12E500BF10E500BF0EE500BF0CE507F555
:20B240003B77BD4690BD00BFBE3900202C300020503900205439002080B500AF2620F6F72D
:20B2600005F80346002B4ED1284B1B78DBB20133DAB2264B1A70264B1B78DBB2002B0DD156
:20B28000224B1B78DBB2092B08D9214B01221A70012220490020F5F7A9FE35E01C4B1B78A5
:20B2A000DBB2012B30D1194B1B78DBB2132B2BD9174B02221A702620F5F78EFF164B1B784B
:20B2C00023F00203DAB2144B1A70134B1B7823F01003DAB2104B1A70104B1B7823F0020353
:20B2E000DAB20E4B1A700D4B1B7823F01003DAB20A4B1A700A4B00225A7001220549002091
:20B30000F5F774FE00E000BF80BD00BFBD390020BC390020073600201830002020300020D4
:20B320000036002080B483B000AF78607B6893F84830002B1AD17B6893F84930002B15D1D5
:20B340007B6893F84A30002B10D17B6893F84B30002B0BD17B6893F84C30002B06D17B683A
:20B3600093F84D30002B01D1002339E07B6893F84930002B04D07B6893F849300C2B01D9AE
:20B3800000232DE07B6893F84830002B04D07B6893F848301F2B01D9002321E07B6893F8FC
:20B3A0004B30172B01D900231AE07B6893F84C303B2B01D9002313E07B6893F84D303B2B48
:20B3C00001D900230CE07B6893F84930022B06D17B6893F848301D2B01D9002300E001236A
:20B3E00018460C37BD465DF8047B704780B584B000AFFAF74DFF0346FB73FAF755FF034684
:20B40000BB731B4B93F813337B73194B93F814333B73FB7B9BB21A461201D31A9B009AB2EB
:20B42000BB7B9BB213447B817B7B9BB21A461201D31A9B009AB23B7B9BB213443B817A8993
:20B440003B899A4204D97A893B89D31A9BB203E03A897B89D31A9BB2FB80FB88012B02D985
:20B460001920F5F7DDFE00BF1037BD4680BD00BF0036002098B500AF254B1B7843F002033A
:20B48000DAB2234B1A70234B1B7843F00203DAB2204B1A70204B93F81633002B0ED11C4BBE
:20B4A0001B7843F01003DAB2194B1A70194B1B7843F01003DAB2174B1A7012E0164B93F8A6
:20B4C0001633012B0DD1124B1B7823F01003DAB20F4B1A700F4B1B7823F01003DAB20D4B9C
:20B4E0001A7000F029F80346002B0ED000F024F80346062B09D800F01FF803465C1E00F03E
:20B500004BF803461A46054B1A5500BF98BD00BF183000202030002000360020F80800205F
:20B5200080B400AF034B93F8C8321846BD465DF8047B70470036002080B400AF034B93F857
:20B5400017331846BD465DF8047B70470036002080B400AF034B93F8CC321846BD465DF8EF
:20B56000047B70470036002080B400AF034B93F8C9321846BD465DF8047B70470036002046
:20B5800080B400AF034B93F8CB321846BD465DF8047B70470036002080B400AF034B93F8F4
:20B5A000CA321846BD465DF8047B70470036002080B400AF034B93F8CE321846BD465DF8DB
:20B5C000047B70470036002080B400AF034B93F8CD321846BD465DF8047B704700360020E2
:20B5E00080B400AF064BD3E9B42343EC172BB0EE470AF0EE670ABD465DF8047B704700BF88
:20B600000036002080B400AF064BD3E9B62343EC172BB0EE470AF0EE670ABD465DF8047B85
:20B62000704700BF0036002080B400AF024B1846BD465DF8047B70471F39002080B400AFC7
:20B64000024B1846BD465DF8047B70472F39002080B400AF024B1846BD465DF8047B70470D
:20B660001839002080B400AF034BD3F848331846BD465DF8047B70470036002080B400AFBD
:20B68000034B1B781846BD465DF8047B704700BF5039002080B584B000AF78600023FB73F4
:20B6A000384B5B6807F10F014FF0FF32184609F0FBFB0346012BF3D1FB7B013B042B57D836
:20B6C00001A252F823F000BFDDB6010005B7010071B7010029B701004DB70100FDF7A6FFB2
:20B6E0000346002B04D001F02FFA0346002B04D0FEF7DCF90346052B3CD100F0FFF9FFF772
:20B70000ABFD37E0FDF792FF0346002B04D001F01BFA0346002B04D0FEF7C8F90346052B20
:20B720002AD100F0EDFA27E0FDF780FF0346002B04D001F009FA0346002B04D0FEF7B6F995
:20B740000346052B1AD100F081FB17E0FDF76EFF0346002B04D001F0F7F90346002B04D050
:20B76000FEF7A4F90346052B0AD100F0F1FB07E000BF95E700BF93E700BF91E700BF8FE740
:20B7800000BF8DE7C039002080B584B000AF78600023FB817B689B7906339AB24C4B1A8021
:20B7A000FB895A1CFA811A464A4B65219954FB895A1CFA811A46474B02219954444B198805
:20B7C000FB895A1CFA811A46C9B2424B9954404B1B881B0A99B2FB895A1CFA811A46C9B2B1
:20B7E0003C4B99547B681968FB895A1CFA811A46C9B2384B99547B681B68190AFB895A1C2E
:20B80000FA811A46C9B2334B99547B681B68190CFB895A1CFA811A46C9B22E4B99547B6843
:20B820001B68190EFB895A1CFA811A46C9B2294B9954FB895A1CFA811A467B689979254B73
:20B84000995400237B730CE07A7BFB89591CF98119467B6813441A7B1E4B5A547B7B013327
:20B860007B737B689B797A7B9A42EDD300233B7309E0FB895A1CFA811A46164B0021995454
:20B880003B7B01333B733B7B002BF2D0FB895A1CFA811A460F4B00219954FB895A1CFA81BB
:20B8A0001A460C4B00219954FB895A1CFA811A46084B82219954FB891A4606490020F5F7CC
:20B8C0002BFB0023FB8100BF1037BD4680BD00BF4C3D0020C839002080B582B000AF00239B
:20B8E000FB802C4B02221A80FB885A1CFA801A46294B65219954FB885A1CFA801A46264B9A
:20B9000004219954234B1988FB885A1CFA801A46C9B2214B99541F4B1B881B0A99B2FB885F
:20B920005A1CFA801A46C9B21B4B9954FB885A1CFA801A46184BFF219954FB885A1CFA8033
:20B940001A46154BFF219954FB885A1CFA801A46114B00219954FB885A1CFA801A460E4BB1
:20B9600000219954FB885A1CFA801A460A4B82219954FB881A4608490020F5F7CDFA0121D8
:20B98000642008F05FF90023FB8000BF0837BD4680BD00BF4C3D0020C839002080B586B003
:20B9A00000AF0023FB823B4600221A605A609A60DA601A614F4B68221A80FB8A5A1CFA827D
:20B9C0001A464D4B65219954FB8A5A1CFA821A46494B01219954474B1988FB8A5A1CFA82D8
:20B9E0001A46C9B2444B9954424B1B881B0A99B2FB8A5A1CFA821A46C9B23F4B9954002364
:20BA00007B7553E07A7D3B4611461846FDF778FF3968FB8A5A1CFA821A46C9B2364B99540A
:20BA20003B68190AFB8A5A1CFA821A46C9B2324B99543B68190CFB8A5A1CFA821A46C9B26A
:20BA40002D4B99543B68190EFB8A5A1CFA821A46C9B2294B9954FB8A5A1CFA821A46B979FB
:20BA6000254B995400233B751AE0BB793A7D9A420CD23A7DFB8A591CF982194602F118035E
:20BA80003B4413F80C2C1C4B5A5406E0FB8A5A1CFA821A46184B002199543B7D01333B7505
:20BAA0003B7D072BE1D97B7D01337B757B7D072BA8D9FB8A5A1CFA821A460F4B00219954DC
:20BAC000FB8A5A1CFA821A460B4B00219954FB8A5A1CFA821A46084B82219954FB8A1A468C
:20BAE00005490020F5F718FA0023FB8200BF1837BD4680BD4C3D0020C839002080B58CB0B1
:20BB000000AF0423FB8507F1140300221A605A609A60DA601A61002387F82D3060E097F8ED
:20BB20002D2007F1140311461846FDF7CBFE7B69002B50D07969FB8D5A1CFA851A46C9B2CE
:20BB40006D4B99547B69190AFB8D5A1CFA851A46C9B2694B99547B69190CFB8D5A1CFA85BA
:20BB60001A46C9B2644B99547B69190EFB8D5A1CFA851A46C9B2604B9954FB8D5A1CFA85D6
:20BB80001A46B97E5C4B9954002387F82C301EE0BB7E97F82C209A420DD297F82C20FB8D4C
:20BBA000591CF985194602F130033B4413F8102C514B5A5406E0FB8D5A1CFA851A464E4BA1
:20BBC0000021995497F82C30013387F82C3097F82C30072BDCD997F82D30013387F82D308F
:20BBE00097F82D30112B9AD93B4600221A605A609A60DA601A613B461846FEF759F839685E
:20BC0000FB8D5A1CFA851A46C9B23B4B99543B68190AFB8D5A1CFA851A46C9B2364B9954CD
:20BC20003B68190CFB8D5A1CFA851A46C9B2324B99543B68190EFB8D5A1CFA851A46C9B258
:20BC40002D4B9954FB8D5A1CFA851A46B9792A4B9954002387F82B3011E097F82B20FB8DBE
:20BC6000591CF985194602F130033B4413F8242C214B5A5497F82B30013387F82B3097F8D1
:20BC80002B30072BE9D9FB8D043B9AB21B4B1A80194B65221A70184B01225A70174B1B8878
:20BCA000DAB2154B9A70154B1B881B0A9BB2DAB2114BDA70FB8D5A1CFA851A460E4B002190
:20BCC0009954FB8D5A1CFA851A460B4B00219954FB8D5A1CFA851A46074B82219954FB8DEF
:20BCE0001A4605490020F5F717F90023FB8500BF3037BD4680BD00BFC83900204C3D0020E8
:20BD000080B586B000AF0423FB823B4600221A605A609A60DA601A6100237B7556E07A7D9F
:20BD20003B4611461846FDF7EBFD3B68002B4AD03968FB8A5A1CFA821A46C9B2414B99549D
:20BD40003B68190AFB8A5A1CFA821A46C9B23D4B99543B68190CFB8A5A1CFA821A46C9B23C
:20BD6000384B99543B68190EFB8A5A1CFA821A46C9B2344B9954FB8A5A1CFA821A46B979C2
:20BD8000304B995400233B751AE0BB793A7D9A420CD23A7DFB8A591CF982194602F1180330
:20BDA0003B4413F80C2C274B5A5406E0FB8A5A1CFA821A46234B002199543B7D01333B75CC
:20BDC0003B7D072BE1D97B7D01337B757B7D212BA5D9FB8A043B9AB21B4B1A80194B6522E6
:20BDE0001A70184B01225A70174B1B88DAB2154B9A70154B1B881B0A9BB2DAB2114BDA70C7
:20BE0000FB8A5A1CFA821A460E4B00219954FB8A5A1CFA821A460B4B00219954FB8A5A1CAE
:20BE2000FA821A46074B82219954FB8A1A4605490020F5F771F80023FB8200BF1837BD46EB
:20BE400080BD00BFC83900204C3D002080B586B000AF0023FB823B4600221A605A609A6091
:20BE6000DA601A61384B75221A80FB8A5A1CFA821A46364B65219954FB8A5A1CFA821A46B7
:20BE8000324B01219954304B1988FB8A5A1CFA821A46C9B22D4B99542B4B1B881B0A99B2BA
:20BEA000FB8A5A1CFA821A46C9B2284B995400237B7526E07A7D3B4611461846FDF73EFD5B
:20BEC0003B68002B1AD0FB8A204A13443A681A60FB8A0433FB82FB8A5A1CFA821A46B97906
:20BEE0001A4B9954FB8A194A13441A4607F10C0303CB10605160FB8A0833FB827B7D0133F2
:20BF00007B757B7D082BD5D9FB8A5A1CFA821A460E4B00219954FB8A5A1CFA821A460B4BED
:20BF200000219954FB8A5A1CFA821A46074B82219954FB8A1A4605490020F4F7EDFF00BF51
:20BF40001837BD4680BD00BF4C3D0020C839002080B586B000AF0023FB823B4600221A60F2
:20BF60005A609A60DA601A61384B41221A80FB8A5A1CFA821A46364B65219954FB8A5A1C12
:20BF8000FA821A46324B01219954304B1988FB8A5A1CFA821A46C9B22D4B99542B4B1B884D
:20BFA0001B0A99B2FB8A5A1CFA821A46C9B2284B995400237B7526E07A7D3B461146184619
:20BFC000FDF7DAFC3B68002B1AD0FB8A204A13443A681A60FB8A0433FB82FB8A5A1CFA82CD
:20BFE0001A46B9791A4B9954FB8A194A13441A4607F10C0303CB10605160FB8A0833FB828B
:20C000007B7D01337B757B7D042BD5D9FB8A5A1CFA821A460E4B00219954FB8A5A1CFA827A
:20C020001A460B4B00219954FB8A5A1CFA821A46074B82219954FB8A1A4605490020F4F745
:20C040006BFF00BF1837BD4680BD00BF4C3D0020C839002080B58CB000AF78607B68002B99
:20C0600001D1032393E007F108032022002118460BF0AAFC0023FB850D23BB85FB8D5A1CDF
:20C08000FA8530333B44652203F8282CFB8D5A1CFA8530333B44052203F8282CFB8D5A1C96
:20C0A000FA85BA8DD2B230333B4403F8282CBB8D1B0A9AB2FB8D591CF985D2B230333B446B
:20C0C00003F8282C7B681A68FB8D591CF985D2B230333B4403F8282C7B681B681A0AFB8D6A
:20C0E000591CF985D2B230333B4403F8282C7B681B681A0CFB8D591CF985D2B230333B442B
:20C1000003F8282C7B681B681A0EFB8D591CF985D2B230333B4403F8282CFB8D5A1CFA8595
:20C1200019467B689A7901F130033B4403F8282CFB8D07F10802D0187B680C33082219469A
:20C140000BF052FCFB8D0833FB85FB8D5A1CFA8530333B44002203F8282CFB8D5A1CFA8506
:20C1600030333B44002203F8282CFB8D5A1CFA8530333B44822203F8282CFA8D07F1080390
:20C1800019460020F4F7C8FE0346BB62BB6A18463037BD4680BDFFFF80B400AFBFF34F8F6E
:20C1A00000BF064BDB6803F4E0620449044B1343CB60BFF34F8F00BF00BFFDE700ED00E017
:20C1C0000400FA0580B485B000AF786039600023FB600023FB72FB68DB43FB601FE07B6807
:20C1E0005A1C7A601B781A46FB685340FB600823FB7209E0FB685A08FB6803F00103594270
:20C200000C4B0B405340FB60FB7A013BDBB2FB7297F90B30002BEDDA3B68013B3B603B6809
:20C22000002BDCD1FB68DB4318461437BD465DF8047B70472083B8ED80B582B000AF786038
:20C24000084611461A460346FB700B46BB7013467B70114AFB7813730F4ABB7853730E4A67
:20C260007B6813600C4B02229A710C4B1B78012B03D10948FFF788FA0AE0FB78082B02D1CC
:20C280000548FFF781FA7B7803491846F4F7AAF800BF0837BD4680BD503D002088450020DE
:20C2A00080B582B000AF78607B681B6840F2FB72934231D040F2FB7293427DD840F2FA724E
:20C2C00093420CD040F2FA72934275D840F26662934225D040F2C172934226D06CE07B68CA
:20C2E0001B7B002B02D100F073F867E07B681B7B012B03D1786800F0A3F85FE07B681B7B6C
:20C30000032B02D100F060FA58E07B681B7B042B54D100F03FFB51E0786800F09FF950E0DA
:20C32000FDF75EFCFDF77CFC4BE07B681B7B002B03D0012000F0F8FB17E07B681B7B002B02
:20C3400013D1022000F0F0FB204B40F2C2721A601E4B02229A711D4B00221A731B4BAA22D0
:20C360005A731A491820F4F73DF87B681B7B042B26D17B685B7BAA2B22D1144B40F2C27250
:20C380001A60124B02229A71104B04221A730F4BAA225A73012000F0C7FB0C491820F4F74B
:20C3A00021F8FFF7FBFA4FF47A71322007F04AFC0648FFF7E9F903E000BF02E000BF00E073
:20C3C00000BF00BF0837BD4680BD00BFBC45002080B500AF144B40F2FC721A60124B05229F
:20C3E0009A71114B00221A73104BAA221A700F4B79225A8004220D490D48F4F77DFA0D4B1C
:20C400001B78012B03D10848FFF7BEF903E006491820F3F7E7FF084B00221A70074B0122DE
:20C420001A7000BF80BD00BFBC4500208C450020C945002088450020643D00202830002051
:20C4400080B582B000AF78607B685A7B7C4B9A7414227C490020F9F71DFC0346002B40F099
:20C46000E380784B1B78002B48D1774B4FF401221A60764B4FF401221A60754B4FF4412216
:20C480001A607B689B7B1A467B68DB7B1B021A447B681B7C1B041A447B685B7C1B061344EC
:20C4A0001A46674BC3F80A20674B1B68684A126811461846F9F74EFC0346002B16D1654B2A
:20C4C00000221A60644B00221A605D4B01221A705B4B00225A705A4BAA22DA741823AA22C8
:20C4E000012140F2FC70FFF7A7FEA4E01823FF22012140F2FC70FFF79FFE9CE0514B5B78C3
:20C50000002B48D1504B4FF480521A604F4B4FF480521A604E4B4FF480221A607B689B7B93
:20C520001A467B68DB7B1B021A447B681B7C1B041A447B685B7C1B0613441A46404BC3F818
:20C540000220414B1B68424A126811461846F9F701FC0346002B16D13E4B00221A603E4BF9
:20C5600000221A60364B00221A70354B01225A70334BAA22DA741823AA22012140F2FC7026
:20C58000FFF75AFE57E01823FF22012140F2FC70FFF752FE4FE02C4B4FF480521A602B4B09
:20C5A0004FF480521A602A4B4FF480221A607B689B7B1A467B68DB7B1B021A447B681B7C91
:20C5C0001B041A447B685B7C1B0613441A461C4BC3F802201C4B1B681D4A12681146184688
:20C5E000F9F7B8FB0346002B16D11A4B00221A60194B00221A60124B00221A70104B0122B5
:20C600005A700F4BAA22DA741823AA22012140F2FC70FFF711FE0EE01823FF22012140F272
:20C62000FC70FFF709FE06E01823FF22012140F2FC70FFF701FE00BF0837BD4680BD00BF9D
:20C6400090450020A44500200009002004090020080900207C3D0020803D002080B582B038
:20C6600000AF78604F4B1B684F4A98187B6803F10C017B689B791A46F4F73EF97B689B7979
:20C680001A46484B1B681344464A13607B689B791A46464B1B681344444A1360414B1B68F8
:20C6A000B3F5806F7AD3424B1B684FF480623E491846F9F7B3FA0346002B68D13D4B1B6827
:20C6C0004FF480623C491846F9F7E4FA0346002B55D14FF4806234493748F4F72CF9034670
:20C6E000002B44D1354B40F2FC721A60334B05229A712C4B00221A60304B02221A734FF42E
:20C7000080612D48FFF75EFD03462D4A13602C4B1B681B0EDAB2294B1A74294B1B681B0C70
:20C72000DAB2264BDA73264B1B681B0ADAB2234B9A73234B1B68DAB2204B5A73214B1B78DB
:20C74000012B03D11D48FFF71FF803E01B491820F3F748FE164B1B6803F58063144A136028
:20C76000144B1B6803F58063124A136016E01823FF22022140F2FC70FFF75EFD0EE01823A0
:20C78000FF22022140F2FC70FFF756FD06E01823FF22022140F2FC70FFF74EFD00BF08372C
:20C7A000BD4680BD7C3D0020883D0020803D0020000900200409002088410020BC4500203E
:20C7C000843D00208845002080B582B000AF664A664B1A60664B1B68002B20D1654BD3F8CF
:20C7E0000220654B1B689A4206D0624BD3F80A20614B1B689A4207D11823AA22032140F250
:20C80000FC70FFF719FDABE01823FF22032140F2FC70FFF711FD584B00221A60A0E0574B92
:20C820001B68534A126850491846F9F7F7F90346002B40F08D80524B1B684D4A126851490B
:20C840001846F9F727FA0346002B79D1484B1B681A4645494B48F4F76EF80346002B7FD1FF
:20C86000494B40F2FC721A60474B05229A71404B1B6819464348FFF7A5FC0346434A13606E
:20C88000424B1B681B0EDAB23F4B1A743F4B1B681B0CDAB23C4BDA733C4B1B681B0ADAB26C
:20C8A000394B9A73394B1B68DAB2374B5A73384B1B78012B03D13448FEF766FF03E03249BB
:20C8C0001820F3F78FFD2D4B1A68294B1B6813442A4A13602A4B1A68254B1B681344284AC8
:20C8E000136000237B6002E07B6801337B607B684CF24F329342F7D91E4BD3F802201E4BED
:20C900001B689A4206D01B4BD3F80A201A4B1B689A420AD1164B00221A601823AA220321C0
:20C9200040F2FC70FFF788FC1AE01823FF22032140F2FC70FFF780FC0F4B00221A600FE070
:20C940001823FF22032140F2FC70FFF775FC07E01823FF22032140F2FC70FFF76DFCFFE708
:20C9600000BF0837BD4680BD883D0020B84500207C3D002090450020803D002000090020A3
:20C980000409002088410020BC450020843D00208845002080B588B000AF3A4B1B78012B32
:20C9A0000CD1394BD3F80230364AC2F80230364BD3F80630334AC2F806300FE0314B5B7880
:20C9C000012B0BD1304BD3F80A302E4AC2F80A302D4BD3F80E302B4AC2F80E304FF4805161
:20C9E0000020F9F7B7F90346002B3FD13B46142224491846F3F780FF142222492348F3F712
:20CA00007BFF3B46224A13603B46142219460020F9F704F90346002B20D114221A490020FB
:20CA2000F9F738F90346002B10D1142216491548F3F781FF0346002B1FD11823AA22042194
:20CA400040F2FC70FFF7F8FBFFF7A6FB1823FF22042140F2FC70FFF7EFFB0EE01823FF226F
:20CA6000042140F2FC70FFF7E7FB06E01823FF22042140F2FC70FFF7DFFB00BF2037BD462D
:20CA800080BD00BF90450020A4450020683D0020B845002080B582B000AF0023FB711422DF
:20CAA0001F490020F9F7F6F80346002B32D11C4BDB7CAA2B2ED14FF47A7200210320F8F7A5
:20CAC00071FE0346002B25D1142200211448F8F74DFF0346002B1DD1114BDB7CFF2B19D166
:20CAE0001823AA22082140F2FC70FFF7A5FB0D4B40F2C1721A600B4B02229A71094B0022A0
:20CB00001A73084BAA225A7306491820F3F76AFC0123FB71FB7918460837BD4680BD00BF25
:20CB2000A4450020BC45002080B483B000AF0346FB71044AFB79137000BF0C37BD465DF861
:20CB4000047B7047653D002080B400AF034B1B781846BD465DF8047B704700BF653D0020AC
:20CB600080B483B000AF0346FB71044AFB79137000BF0C37BD465DF8047B70478845002028
:20CB800080B400AF034B1B781846BD465DF8047B704700BF8845002080B500AFF9F7B2FDB6
:20CBA00000BF80BD80B582B000AF0346FB71FB79022B03D10349044803F012FA00BF0837A4
:20CBC000BD4680BD04950200F045002080B500AFFFF7E2FF0023184680BDFFFF80B400AFCB
:20CBE000044BDB681B0A03F007031846BD465DF8047B704700ED00E080B483B000AF034669
:20CC00003960FB7197F90730002B0ADB3B68DAB20C4997F907301201D2B20B4483F8002369
:20CC20000AE03B68DAB20849FB7903F00F03043B1201D2B20B441A7600BF0C37BD465DF802
:20CC4000047B704700E100E000ED00E080B483B000AF0346FB7197F90730002B09DB0D4A18
:20CC600097F90730134493F80033DBB21B09DBB209E0094AFB7903F00F03043B13441B7EB6
:20CC8000DBB21B09DBB218460C37BD465DF8047B704700BF00E100E000ED00E080B582B073
:20CCA00000AF78607B68013BB3F1807F01D301230FE00A4A7B68013B53600F214FF0FF3080
:20CCC000FFF79AFF054B00229A60044B07221A60002318460837BD4680BD00BF10E000E0D8
:20CCE00080B483B000AFEFF303837B607B683B603B88C3F308039BB2DBB2103BDBB25BB21A
:20CD000018460C37BD465DF8047B70471EF0040F0CBFEFF30880EFF309800149084700BFCB
:20CD200001CE010080B400AF62B600BFBFF36F8F00BFEFF3148C2CF0040C8CF31488BFF37F
:20CD40006F8F02DF00BEFDE7104B1968EFF309821EF0100F08BF22ED108A22E9F04FEFF340
:20CD60000B8342F8043D0A604FF0100080F31188BFF34F8FBFF36F8F09F038F94FF000003C
:20CD800080F3118800F004B800BF00004CEB0020084801680A6802CA81F30B88B2E8F04FEE
:20CDA0001EF0100F08BFB2EC108A82F30988704700BF00004CEB002080B584B000AFEFF37A
:20CDC00011837B607B68FB601023BB60BB6883F3118800BF08F0EEFF0346002B03D0074BE9
:20CDE0004FF080525A60FB683B603B6883F3118800BF00BF1037BD4680BD00BF00ED00E027
:20CE000080B584B000AF78607B689B69FB60FB68023B1B78FB72FB7A022B03D1FFF7B8FF1D
:20CE200000BF09E0FB7A032B06D9054B054A4FF47E71054806F0FCFE00BF1037BD4680BD74
:20CE4000D0950200CC960200E495020080B485B000AFF860B9607A603B60FB68043BFB6091
:20CE6000FB684FF080721A60FB68043BFB607B6823F00102FB681A60FB68043BFB60114A79
:20CE8000FB681A60FB68143BFB603A68FB681A60FB68043BFB60FB686FF002021A60FB6889
:20CEA000203BFB60FB68043BFB60BB6803F12802FB681A60FB6818461437BD465DF8047BBE
:20CEC000704700BFC9CE010080B400AF00BE00BFFDE7FFFF80B500AFFF216FF00100FFF7A8
:20CEE0008BFE00F073F8064B5B68054A43F040435360FFF717FF09F079F80023184680BD4E
:20CF000030EF00E080B584B000AFEFF311837B607B68FB601023BB60BB6883F3118800BF2C
:20CF20000E4B1B6801330D4A13600C4B1B68012B0FD10B4AFB6813600A4B5B68C3F308032D
:20CF4000002B06D0084B094A40F2A441084806F06FFE00BF1037BD4680BD00BFBC47002038
:20CF6000C047002000ED00E00C960200E0960200E495020080B582B000AF0F4B1B68002B08
:20CF800006D10E4B0E4A40F2AD410E4806F050FE094B1B68013B084A1360074B1B68002B77
:20CFA00006D1094B1B687B607B6883F3118800BF00BF0837BD4680BDBC47002054960200EA
:20CFC000F4960200E4950200C047002080B500AF054B1B68054AA2FB03239B091846FFF762
:20CFE0005DFE00BF80BD00BF9C490020D34D621080B582B000AFFFF773FE0346FB7197F9C2
:20D000000730002B0FDB97F907301846FFF71EFE38603B68002B06D10B4B0C4A40F20F6102
:20D020000B4806F005FEFFF7D9FD0346032B06D9084B064A40F22161054806F0F9FD00BF33
:20D040000837BD4680BD00BF6896020008970200E4950200A096020080B586B000AF78604C
:20D0600039607B687B613968786900F070F838613B69002B01D03B6932E03B681B791A4AF4
:20D08000DB01DBB293713B681B781A46174B9B5C03F00303FB603B685B781B01DBB2FA685F
:20D0A0001343FB603B689B781B0303F44053FA681343FB603B68DB781B0203F44073FA682F
:20D0C0001343FB60084BFA6892B25A803B685B79054ADB01DBB213727B69054A1A60002348
:20D0E00018461837BD4680BD00340840289702005444570080B483B000AF7860064B0022B6
:20D100001A70054BFF221A70002318460C37BD465DF8047B704700BF0034084080B483B096
:20D1200000AF78603960062318460C37BD465DF8047B704780B483B000AF78600B46FB70CD
:20D14000062318460C37BD465DF8047B704780B483B000AF78603960002318460C37BD4629
:20D160005DF8047B704780B483B000AFEFF303837B607B683B603B88C3F308039BB2DBB2EF
:20D18000103BDBB25BB218460C37BD465DF8047B7047FFFF80B483B000AF03463960FB7119
:20D1A00097F9073004493A6841F8232000BF0C37BD465DF8047B70471048002080B483B0CE
:20D1C00000AF0346FB7197F90730044A52F8233018460C37BD465DF8047B70471048002092
:20D1E00080B483B000AF0346FB710B4997F9073003F1C00251F8223023F4803341F82230A3
:20D20000054A97F90730C03352F8233000BF0C37BD465DF8047B70470060004080B584B0CF
:20D2200000AF0346FB7197F907301846FFF7D8FFBFF35F8F00BF97F90730FB60FB6803F0C1
:20D240001F02074997F907305B09012000FA02F2603341F8232000BF1037BD4680BD00BF0F
:20D2600000E100E080B584B000AF0346B9607A60FB73BB68DAB2094997F90F301201D2B2C4
:20D280000B4483F8002397F90F3079681846FFF781FF00BF1037BD4680BD00BF00E100E057
:20D2A00080B485B000AF0346FB7197F90730FB60FB6803F01F020749FB685B09012000FAD6
:20D2C00002F241F8232000BF1437BD465DF8047B704700BF00E100E080B582B000AF034667
:20D2E000FB7197F907301846FFF798FF97F907301846FFF7D5FF00BF0837BD4680BDFFFFE5
:20D3000080B485B000AF0346FB7197F90730FB60FB6803F01F020B4997F907305B09012007
:20D3200000FA02F2203341F82320BFF34F8F00BFBFF36F8F00BF00BF1437BD465DF8047B91
:20D34000704700BF00E100E080B584B000AF0346B9607A60FB7397F90F307A68B9681846A4
:20D36000FFF780FF97F90F301846FFF7B5FF00BF1037BD4680BDFFFF80B584B000AF78602D
:20D3800039600023FB607B68BB60386800F06CF8F860FB68002B01D0FB6822E0BB683A68A3
:20D3A0005A603B689A69BB685A623B68DA69BB68DA62BB6800229A62BB685B681B7803F537
:20D3C000800303F58D531B021A46BB689A60B86800F0A6F8B86800F0F1F9BB68034A1A60C6
:20D3E000FB6818461037BD4680BD00BF4950535280B586B002AFF860B9607A60FB70FB78A3
:20D4000000937B68BA680021F86800F07BFA034618461037BD4680BD80B586B002AFF860EC
:20D42000B9607A60FB70FB7800937B680022B968F86800F067FA034618461037BD4680BD83
:20D4400080B586B002AFF860B9607A603B603B7E00933B687A68B968F86800F053FA0346F2
:20D4600018461037BD4680BD80B586B000AF786000237B617B681B693B617B681B7803F565
:20D48000800303F58D531B020433FB603B69002B19D03B695B681B684FF000621A603B6921
:20D4A0005B681B68FA689A603B699B681B683A6910683A6952681146984778617B69002B0A
:20D4C00001D07B6928E07B685B69BB60BB68002B21D0BB685B681B684FF400221A60BB6823
:20D4E0005B681B68FA685A60BB689B681B68BA681068BA6852681146984778617B69002B8D
:20D5000009D03B69002B06D03B699B681B6A3A691268104698477B6918461837BD4680BD3E
:20D5200080B491B000AF78600023FB6300233B620023BB6300237B6300233B630023FB622B
:20D540000023BB6200237B620023FB61FB6B43F08003FB63FB6B43F02003FB63FB6B43F0DF
:20D560001003FB637B685B685B7A002B01D1082300E00023FA6B1343FB637B685B685B7A00
:20D58000002B01D1102300E000237A6B13437B637B685B689B7A1A467B6A13437B627B6829
:20D5A0005B68DB7A5B007A6A13437B627B685B685B7B1B037A6A13437B627B685B681B6906
:20D5C000002B03D0FB6B43F02003FB637B685B681B6ABB61BB691B78002B14D17B685B687F
:20D5E0001B78002B0AD17B685B685B7A002B01D1802300E000237A6A13437B62FB6B23F0E4
:20D600000103FB6303E0FB6B43F00103FB63BB695B78DB01DB431A46FB6B1340FB63BB693E
:20D620005B785A00BB695B785B0113431A46FB6B1343FB633B6A23F00F033B62BB699B78FC
:20D640001A46BB69DB7802FA03F33A6A13433B627B6A23F070037B62BB69DB781B017A6AAB
:20D6600013437B62BB691B79002B0BD0BB6B43F02003BB63BB691B79022B03D1BB6B43F00D
:20D680001003BB63BB695B79002B0BD07B6B43F001037B63BB695B79012B03D17B6B43F04F
:20D6A00002037B63BB699B791A46FB691343FB61BB691B7AC3F30103DBB29B007A6A134304
:20D6C0007B627B685B685B7A002B0CD17B6A43F460437B62BB695B7A3B63BB699B7AFB6221
:20D6E000BB69DB7ABB6200237B61EFF310833B613B697B610123FB60FB6883F3108800BF55
:20D700002D4B5A687B685B681B78C3F11303012101FA03F3DB43284913404B60264B5B68F8
:20D720007B69BB60BB6883F3108800BF7B689B68DB787B689B680022DA707B689B68FA6B24
:20D74000D2B21A707B689B683A6AD2B25A707B689B68BA6BD2B29A707B689B68BA69D279F6
:20D760009A727B689B683A6BD2B21A737B689B68FA6AD2B25A737B689B68BA6AD2B29A73CB
:20D780007B689B687A6BD2B2DA737B689B687A6A92B21A827B689B68FA69D2B283F82020BB
:20D7A0007B689B68102283F8212000BF4437BD465DF8047B704700BF0040084080B582B01F
:20D7C00000AF78607B685B6893F90230002B0ADB7B685B6893F902007B685B689B797A687E
:20D7E0001946FFF7B1FD7B685B6893F90130002B0ADB7B685B6893F901007B685B685B7906
:20D800007A681946FFF7A0FD7B685B6893F904007B685B681B7A7A681946FFF795FD7B6817
:20D820005B6893F903007B685B68DB797A681946FFF718FD00BF0837BD4680BD80B487B0A7
:20D8400000AF78607B689B68DB7ADBB27B617B689B681B8A9BB2FB607B6893F820300F2B72
:20D8600008D97B6923F040037B617B6943F020037B610DE07B6893F82030072B04D87B69FE
:20D8800043F040037B6103E07B6923F060037B617B6893F820303B613B690F2B04D93B6964
:20D8A00001339B08053B3B61FB6823F47063FB603B691B02FA681343FB607B689B687A6970
:20D8C000D2B2DA727B689B68FA6892B21A8200BF1C37BD465DF8047B704780B483B000AF9A
:20D8E00078607B689B681B78DAB27B689B6842F06002D2B21A7000BF0C37BD465DF8047BEA
:20D900007047FFFF80B588B000AFF860B9607A603B60FB68FB61FB699B681B78DBB203F017
:20D920004003002B01D0082306E1FB69BA68DA60FB697A681A61FB6900225A61FB6900224E
:20D940009A61FB693A68DA61FB6997F8282083F82020FB695B685B69002B6DD0FB693A683C
:20D960009A61FB6993F820300F2B0AD9FB695B685B695B681A68D378022161F30513D37003
:20D9800018E0FB6993F82030072B09D8FB695B685B695B681A68D37823F03003D37009E050
:20D9A000FB695B685B695B681A68D378012161F30513D370FB695B685B695B681A689378E0
:20D9C000022161F383039370FB695B685B695B681B683A6892B2DA81FB695B685B695B6827
:20D9E0001B687A689A607B68002B0FD1FB695B685B695B681A68937823F00C039370FB6916
:20DA00005B685B695B681B684D4A9A60FB695B685B699B685B68FA69526852691068FA6944
:20DA2000526852695268126811469847B861BB69002B01D0BB697FE0FB695B681B69002B75
:20DA400073D0FB693A685A61FB6993F820300F2B0AD9FB695B681B695B681A68D378022108
:20DA600061F30513D37018E0FB6993F82030072B09D8FB695B681B695B681A68D37823F05F
:20DA80003003D37009E0FB695B681B695B681A68D378012161F30513D370FB695B681B6970
:20DAA0005B681A68D378022161F38303D370FB695B681B695B681B683A6892B2DA81FB6900
:20DAC0005B681B695B681B68BA685A60BB68002B0FD1FB695B681B695B681A68D37823F061
:20DAE0000C03D370FB695B681B695B681B68154A5A60FB699A68137823F020031370FB69BC
:20DB00005B681B699B685B68FA69526812691068FA6952681269526812681146984778610D
:20DB20007B69002B01D07B6906E0F869FFF786FEF869FFF7D2FE002318462037BD4680BD21
:20DB4000C4470020C847002080B485B000AF78607B689B69FB607B68DB69FA689A4234D0D0
:20DB60007B681B69002B03D17B689B685B6827E07B6893F820300F2B09D97B689A687B68ED
:20DB80001969FB689B000B4452681A6018E07B6893F82030072B09D87B689A687B6819696F
:20DBA000FB680B441279D2B21A7009E07B689A687B681969FB685B000B44928892B21A80E2
:20DBC000FB685A1C7B689A6100E000BF1437BD465DF8047B704780B485B000AF78607B6843
:20DBE0005B69FB607B68DB69FA689A4233D07B68DB68002B04D17B689B6800225A6025E0B1
:20DC00007B6893F820300F2B09D97B68DA68FB689B001A447B689B6812685A6016E07B68B6
:20DC200093F82030072B08D87B68DA68FB681A447B689B6812781A7108E07B68DA68FB68A6
:20DC40005B001A447B689B6812889A80FB685A1C7B685A6100E000BF1437BD465DF8047B39
:20DC6000704790B587B000AF78600B46FB707B689B6A7B617B69002B03D107F108037B61A8
:20DC800005E07A6907F1080307CA83E807007B685B681B781A467B691A607B69FA781A719E
:20DCA0007B68DA6A7B699A607B685B6A786998477B689B6A002B08D07B689B6A1C4607F1CA
:20DCC000080393E8070084E8070000BF1C37BD4690BD80B582B000AFFFF745FA0346FB71E2
:20DCE00097F907301846FFF77BFA97F907301846FFF764FA38603868FFF726FF3B689A6922
:20DD00003B68DB699A4206D13B685B6893F903301846FFF7C5FA00BF0837BD4680BD80B5BE
:20DD200084B000AFFFF71FFA0346FB7397F90F301846FFF755FA97F90F301846FFF73EFA6D
:20DD4000B860BB685B681B6A7B607B68002B1ED07B685B78012B1AD1BB685A69BB68DB694F
:20DD6000013B9A4207D1BB685B6893F903301846FFF7B2FA0BE0BB685B681B69002B06D0B8
:20DD8000BB685B6893F903301846FFF789FAB868FFF721FF00BF1037BD4680BD80B582B024
:20DDA00000AFFFF7E0F90346FB7197F907301846FFF716FA97F907301846FFF7FFF938605A
:20DDC0003B689B68DB78C3F34003DBB2002B04D03B685B685B7A012B28D197F90730184640
:20DDE000FFF78EFA3B685B6893F90230002B06DB3B685B6893F902301846FFF781FA3B68DF
:20DE00009A68137823F0400313703B685B6893F90230002B06DB3B685B6893F902301846EA
:20DE2000FFF75AFA01213868FFF71BFF00BF0837BD4680BD80B584B000AFFFF794F90346A4
:20DE4000FB7397F90F301846FFF7B8F9B860BB685B6893F90230002B06DBBB685B6893F946
:20DE600002301846FFF74CFABB689A68137823F040031370BB685B6893F90230002B06DB9D
:20DE8000BB685B6893F902301846FFF725FABB689B68DB78FB71BB689B680022DA70FB7980
:20DEA00003F00803DBB2002B03D00521B868FFF7D8FEFB7903F00103DBB2002B03D00421AC
:20DEC000B868FFF7CEFEFB7903F00403DBB2002B09D0FB7903F01003DBB2002B03D0082133
:20DEE000B868FFF7BEFE97F90F301846FFF778F900BF1037BD4680BD80B483B000AFEFF37E
:20DF000003837B607B683B603B88C3F308039BB2DBB2103BDBB25BB218460C37BD465DF8E6
:20DF2000047B704780B483B000AF03463960FB7197F9073004493A6841F8232000BF0C3713
:20DF4000BD465DF8047B70471048002080B483B000AF0346FB7197F90730044A52F823303E
:20DF600018460C37BD465DF8047B70471048002080B483B000AF0346FB710B4997F9073014
:20DF800003F1C00251F8223023F4803341F82230054A97F90730C03352F8233000BF0C3733
:20DFA000BD465DF8047B70470060004080B584B000AF0346FB7197F907301846FFF7D8FF74
:20DFC000BFF35F8F00BF97F90730FB60FB6803F01F02074997F907305B09012000FA02F2BF
:20DFE000603341F8232000BF1037BD4680BD00BF00E100E080B584B000AF0346B9607A60F8
:20E00000FB73BB68DAB2094997F90F301201D2B20B4483F8002397F90F3079681846FFF73A
:20E0200081FF00BF1037BD4680BD00BF00E100E080B485B000AF0346FB7197F90730FB60AB
:20E04000FB6803F01F020749FB685B09012000FA02F241F8232000BF1437BD465DF8047BC6
:20E06000704700BF00E100E080B582B000AF0346FB7197F907301846FFF798FF97F9073025
:20E080001846FFF7D5FF00BF0837BD4680BDFFFF80B485B000AF0346FB7197F90730FB602D
:20E0A000FB6803F01F020B4997F907305B09012000FA02F2203341F82320BFF34F8F00BF3D
:20E0C000BFF36F8F00BF00BF1437BD465DF8047B704700BF00E100E080B58AB000AF7860C3
:20E0E00039607B687B623B681B781A460123934003F00603002B0AD03B68DB695B681B78FC
:20E1000003F00803DBB2002B01D00323CAE03B681B7803F5800303F58C531B021A467B6ABE
:20E120001A627B6A00221A707B6A3A68DA613B685A697B6A5A623B689A697B6ADA627B6A5D
:20E1400000229A627A6A9378012161F3010393703B685B78002B05D17A6A9378022161F358
:20E16000010393703968786A00F0C1F9786A00F006F900233B62EFF31083FB60FB683B620A
:20E1800001233B613B6983F3108800BF474B5A683B681B7819464FF00043CB40DB4343492E
:20E1A00013404B60414B5B683B6A7B617B6983F3108800BF7B6A1B6A00229A707B6A1B6AE0
:20E1C00000221A717B6A1B6A00225A727B6A1B6A00229A727B6A1B6A0022DA727B6A1B6A60
:20E1E00000225A833B681B781A46012303FA02F240F219231340002B03D07B6A1B6A4022EA
:20E20000DA747B6A1B6A06221A773968786A00F0C0F87B6A0022DA607B6A00221A617B6ABA
:20E2200000225A617B6A00229A613B68DB69FB61FB691B7803F00303BB61BB6943F0100346
:20E24000BB617B6ADB6993F905301846FFF70CFF7B6ADB6993F90B301846FFF705FFBB69ED
:20E2600043F04003BB617B6ADB6993F907301846FFF7FAFE7B6ADB6993F909301846FFF792
:20E28000F3FEBB6943F02003BB617B6A1B6ABA69D2B29A70FB695A897B6A1A817B6A044AE2
:20E2A0005A60002318462837BD4680BD004008405549435380B487B000AFF860B9607A6063
:20E2C000FB687B6100233B617B69BA685A617B697A689A613B6918461C37BD465DF8047B92
:20E2E000704780B487B000AFF860B9607A60FB687B617B691B6A9B78DAB27B691B6A02F060
:20E300007B02D2B29A707B699B78C3F30103DBB21A467B689A1A7B691A617B699B78C3F3B1
:20E320000103DBB21A46BB681A447B69DA607B691B6A9B78DAB27B691B6A62F07F02D2B285
:20E340009A707B699B7803F00303DBB2022B0AD1BB681B887A69126A6FEAC3536FEAD3531B
:20E360009BB2D38104E07B691B6ABA681278DA70002318461C37BD465DF8047B704780B423
:20E3800083B000AF786000BF0C37BD465DF8047B704780B586B000AF786039603B681B7872
:20E3A0001A46012303FA02F240F219231340002B04D07B681B6A4FF478429A823B689B78F1
:20E3C0001A013B68DB78DB0013437B61F2233B613B685B78032B04D17B6943F040037B61BF
:20E3E00007E03B685B78002B03D13B6923F010033B617B681B6A7A69D2B21A707B681B6A9A
:20E400003A69D2B29A713B68DB69BB60BB681B7B082B04D17B681B6A0A225A7309E0BB689A
:20E420001B7B5B00DAB27B681B6A02F00202D2B25A730023FB60BB685B78DB01DBB2FA6871
:20E440001343FB60BB689B785B0103F02003FA681343FB607B681B6A00221A72BB681B7884
:20E46000022B03D0BB681B78032B11D17B681B6AFF225A70BB681B78022B03D1FB6843F036
:20E480001003FB607B681B6AFA68D2B2DA710DE07B681B6AFA68D2B2DA717B681A6ABB6865
:20E4A0005B681946104600F04FF800BF00BF1837BD4680BD80B582B000AF78600B46FB70F6
:20E4C0001346BB7097F902301846FFF7E1FD97F902301846FFF74CFDF97897F902307A6850
:20E4E0001846FFF787FD00BF0837BD4680BD80B582B000AF786039603B68997A3B6893F99A
:20E500000B301A467868FFF7D5FF3B6819793B6893F905301A467868FFF7CCFF3B68997967
:20E520003B6893F907301A467868FFF7C3FF3B68197A3B6893F909301A467868FFF7BAFFF0
:20E5400000BF0837BD4680BD80B483B000AF786039603B689A787B685A703B685B78C3F368
:20E560000103D9B27A68137861F3010313703B68DA787B689A747B68DB79DBB223F05C03A8
:20E58000DAB23B681B7803F05C03DBB21343DAB27B68DA7100BF0C37BD465DF8047B70473A
:20E5A00090B58BB000AFF860B9601346FB71FB689B6A7B627B6A002B03D107F114037B62E1
:20E5C00005E07B6A07F114040FCB84E80F00FB68DB691B781A467B6A1A607B6ABA689A6012
:20E5E0007B6AFA791A71FB68DA6A7B6ADA60FB685B6A786A9847FB689B6A002B07D0FB68BC
:20E600009B6A1C4607F114030FCB84E80F0000BF2C37BD4690BD80B584B000AFFFF76CFC47
:20E620000346FB7397F90F301846FFF7A1FC97F90F301846FFF78AFCB860BB68DB691B69B7
:20E64000002B30D1BB681B69002B2CD0BB689B7803F00303DBB2022B0BD1BB68DB681B88F2
:20E66000BA68126A6FEAC3536FEAD3539BB2D38105E0BB68DA68BB681B6A1278DA70BB6884
:20E680001B69BA689278C2F30102D2B29A1ABB681A61BB68DB68BA689278C2F30102D2B26E
:20E6A0001A44BB68DA60BB681B69002B1BD1BB681B6A9B78FB71FB7943F00403FB71FB792C
:20E6C00003F07F03FB71BB681B6AFA799A70BB680022DA60BB685B6A002B04D0802200210B
:20E6E000B868FFF75DFF00BF1037BD4680BD80B584B000AFFFF700FC0346FB7397F90F30D2
:20E700001846FFF735FC97F90F301846FFF71EFCB860BB689B7803F00303DBB2022B07D15E
:20E72000BB681B6A1B8A9BB2C3F308037B6004E0BB681B6A5B79DBB27B60BB689B69002B89
:20E740000AD1BB685B6A002B33D07B6804221946B868FFF725FF2CE0BB685869BB689B7800
:20E76000C3F30103DBB21A463B1D194609F03CF9BB685B69BA689278C2F30102D2B21A4460
:20E78000BB685A61BB689B69BA689278C2F30102D2B29A1ABB689A61BB689B69002B08D10F
:20E7A000BB685B6A002B04D001220021B868FFF7F7FE00BF1037BD4680BD80B582B000AFC7
:20E7C000FFF79AFB0346FB7197F907301846FFF7BDFB38603B681B6A9B78DAB23B681B6A9F
:20E7E00002F07B02D2B29A703868FFF7C8FD3B685B6A002B04D0022200213868FFF7D0FEB1
:20E8000097F907301846FFF7B3FB00BF0837BD4680BD80B584B000AFFFF76EFB0346BB7204
:20E8200097F90A301846FFF791FB78600023FB607B689B7803F00303DBB2022B07D17B6874
:20E840001B6A1B8A9BB2C3F30803FB6004E07B681B6A5B79DBB2FB607B681B6A1B79DBB294
:20E8600003F03803FB72FB7A03F01003002B0BD07B681B6A1B7FC3F30003DBB2002B03D135
:20E88000FB7A43F04003FB727B681B6A1B79DAB27B681B6A22F03802D2B21A717868FFF7FF
:20E8A0006EFD7B685B6A002B05D0FB7A1A46F9687868FFF775FE97F90A301846FFF758FB55
:20E8C00000BF1037BD4680BD80B483B000AFEFF303837B607B683B603B88C3F308039BB24A
:20E8E000DBB2103BDBB25BB218460C37BD465DF8047B704780B483B000AF03463960FB7113
:20E9000097F9073004493A6841F8232000BF0C37BD465DF8047B70471048002080B483B056
:20E9200000AF0346FB7197F90730044A52F8233018460C37BD465DF8047B7047104800201A
:20E9400080B483B000AF0346FB710B4997F9073003F1C00251F8223023F4803341F822302B
:20E96000054A97F90730C03352F8233000BF0C37BD465DF8047B70470060004080B584B058
:20E9800000AF0346FB7197F907301846FFF7D8FFBFF35F8F00BF97F90730FB60FB6803F04A
:20E9A0001F02074997F907305B09012000FA02F2603341F8232000BF1037BD4680BD00BF98
:20E9C00000E100E080B584B000AF0346B9607A60FB73BB68DAB2094997F90F301201D2B24D
:20E9E0000B4483F8002397F90F3079681846FFF781FF00BF1037BD4680BD00BF00E100E0E0
:20EA000080B485B000AF0346FB7197F90730FB60FB6803F01F020749FB685B09012000FA5E
:20EA200002F241F8232000BF1437BD465DF8047B704700BF00E100E080B582B000AF0346EF
:20EA4000FB7197F907301846FFF798FF97F907301846FFF7D5FF00BF0837BD4680BDFFFF6D
:20EA600080B485B000AF0346FB7197F90730FB60FB6803F01F020B4997F907305B09012090
:20EA800000FA02F2203341F82320BFF34F8F00BFBFF36F8F00BF00BF1437BD465DF8047B1A
:20EAA000704700BF00E100E080B584B000AF0346B9607A60FB7397F90F307A68B96818462D
:20EAC000FFF780FF97F90F301846FFF7B5FF00BF1037BD4680BDFFFF80B584B000AF7860B6
:20EAE00039607B68FB600023BB603B681B7803F5800303F58C531B021A46FB689A60FB683C
:20EB00003A685A603B689A69FB681A623B68DA69FB689A62FB6800225A62F86800F020F925
:20EB2000B860BB68002B01D0BB682AE0F86800F043F83B6893F901003B685B79FA6819467E
:20EB4000FFF7B2FF3B6893F902003B689B79FA681946FFF7A9FF3B6893F903003B68DB799E
:20EB6000FA681946FFF7A0FF3B6893F904003B681B7AFA681946FFF797FFFB68034A1A605D
:20EB8000BB6818461037BD4680BD00BF5349435380B586B000AFF860B9607A60FB70FB6849
:20EBA0007B617B680022B968786900F03BF9034618461837BD4680BD80B48FB000AF78601E
:20EBC0007B685B683B623B6A1B6AFB618023BB6100237B63E2233B630023FB62FF23BB624A
:20EBE00000237B62FB695B78C3F30103DBB21A46BB691343BB61FB699B785BB2002B06DA12
:20EC00007B6A43F004037B62FB699B78BB623B6A5B7A012B0BD1FB6A43F00403FB62FB6A81
:20EC200043F00103FB627B6B43F002037B633B6A9B7A012B08D13B6ADB7A002B10D1FB6A1A
:20EC400043F04003FB620BE0FB6A43F08003FB623B6ADB7A012B03D1FB6A43F04003FB624C
:20EC60003B6A5B7B002B03D13B6B43F008033B6300237B61EFF31083BB60BB687B610123E6
:20EC8000FB60FB6883F3108800BF344B5A683B6A1B7819464FF00043CB40DB432F4913409B
:20ECA0004B602E4B5B687B693B613B6983F3108800BF7B689B6800229A707B689B681B79F0
:20ECC0007B689B6884221A717B689B684FF478429A827B689B68BA69D2B21A707B689B6821
:20ECE0007A6BD2B29A707B689B683A6BD2B29A717B689B68FA6912785A707B689B68BA6AE0
:20ED0000D2B29A747B689B687A6AD2B2DA717B689B68FA6AD2B25A737B689B6800221A7299
:20ED20007B689B6800225A727B689B6800229A727B689B680022DA727B689B6800225A83B2
:20ED40007B689B684022DA747B689B6802221A7700BF3C37BD465DF8047B7047004008403A
:20ED600080B586B000AF786000237B617B685B683B613B695B69002B1ED03B695B69FB601C
:20ED8000FB685B681B684FF400221A607B689A68FB685B681B6805325A60FB689B681B6883
:20EDA000FA681068FA6852681146984778617B69002B01D07B6930E03B691B69002B2BD02C
:20EDC0003B691B69BB60BB685B681B684FF000621A607B689A68BB685B681B6803329A60EF
:20EDE000BB689B681B68BA681068BA6852681146984778617B69002B0ED03B695B69002B65
:20EE000008D03B695B699B681B6A3A6952691268104698477B6900E07B6918461837BD46C5
:20EE200080BDFFFF90B589B000AFF860B9607A603B60FB689B689B78DBB203F03003002B2D
:20EE400001D0082370E0FB683A68DA61FB6800225A61FB6800229A61FB68BA68DA60FB6844
:20EE60007A681A61FB685B681B69002B39D0FB683A685A61FB685B681B69FB61FB695B686A
:20EE80001B683A6892B2DA81BB68002B0CD1FB695B681A68D37823F00C03D370FB695B6803
:20EEA0001B68234A5A600CE0FB695B681A68D378022161F38303D370FB695B681B68BA68BC
:20EEC0005A60FB699B685B68FA691068FA695268126811469847B861BB69002B01D0BB6949
:20EEE00022E0FB685B685B69002B19D07B68002B16D0FB683A689A61FB685B685B697B6158
:20EF00007B699B689C687B6918683B689BB27A680021A04738613B69002B01D03B6903E008
:20EF2000F86800F007F8002318462437BD4690BDCC47002080B584B000AF78602023FB6095
:20EF40007B681B69002B09D07B685B681B69002B04D17B685B685B69002B03D0FB6843F01E
:20EF60008003FB607B681B69002B03D0FB6843F05003FB607B689B689B78D9B2FB68DAB297
:20EF80007B689B680A43D2B29A707B685B681B69002B25D17B685B685B69002B20D17B68FC
:20EFA0001B69002B1CD07B685B6893F901301846FFF756FD786800F017F87B685B685B7A52
:20EFC000012B06D17B68DB69012B02D9786800F00BF87B685B6893F901301846FFF710FD69
:20EFE00000BF1037BD4680BD80B483B000AF78607B685A697B68DB699A4216D27B68DB6826
:20F00000002B09D07B68DA687B685B691A447B689B681278DA7003E07B689B680022DA70D3
:20F020007B685B695A1C7B685A6100BF0C37BD465DF8047B704790B587B000AF78600B4631
:20F04000FB707B685B6A7B617B69002B03D107F108037B6105E07A6907F1080307CA83E8F8
:20F0600007007B685B681B781A467B691A607B69FA781A717B689A6A7B699A607B681B6A84
:20F08000786998477B685B6A002B08D07B685B6A1C4607F1080393E8070084E8070000BF44
:20F0A0001C37BD4690BD80B582B000AFFFF70CFC0346FB7197F907301846FFF741FC97F9FC
:20F0C00007301846FFF72AFC38603868FFF78CFF3B685A693B68DB699A4210D13B681B6995
:20F0E000002B0CD13B689B689B78DBB203F07B03DAB23B689B6842F00402D2B29A7000BF9A
:20F100000837BD4680BD90B583B000AFFFF7DCFB0346FB7197F907301846FFF711FC97F90F
:20F1200007301846FFF7FAFB38603868FFF75CFF3B689A693B68DB699A420CD23B689A68DA
:20F140003B6819693B689B695C1C386884610B445279D2B21A703B689A693B68DB699A4255
:20F160000CD13B689B689B78DBB203F03B03DAB23B689B6842F00402D2B29A7000BF0C3741
:20F18000BD4690BD80B582B000AFFFF79DFB0346FB7197F907301846FFF7C0FB38603B68B5
:20F1A0009B689B78DAB23B689B6802F00302D2B29A7001213868FFF73EFF97F90730184668
:20F1C000FFF7BEFB00BF0837BD4680BD80B582B000AFFFF779FB0346FB7197F907301846E8
:20F1E000FFF79CFB38603B689B689B78DAB23B689B6802F00302D2B29A703B689B681B7940
:20F200003B689B6884221A7104213868FFF713FF97F907301846FFF793FB00BF0837BD46A0
:20F2200080BDFFFF80B483B000AF0346FB7197F90730002B0DDB0A4A97F907305B0952F825
:20F240002320FB7903F01F0322FA03F303F0010300E0002318460C37BD465DF8047B7047A7
:20F2600000E100E080B483B000AFEFF303837B607B683B603B88C3F308039BB2DBB2103B4D
:20F28000DBB25BB218460C37BD465DF8047B704780B483B000AF03463960FB7197F907307A
:20F2A00004493A6841F8232000BF0C37BD465DF8047B70471048002080B483B000AF03467C
:20F2C000FB7197F90730044A52F8233018460C37BD465DF8047B70471048002080B483B002
:20F2E00000AF0346FB710B4997F9073003F1C00251F8223023F4803341F82230054A97F90A
:20F300000730C03352F8233000BF0C37BD465DF8047B70470060004080B584B000AF034695
:20F32000FB7197F907301846FFF7D8FFBFF35F8F00BF97F90730FB60FB6803F01F02074927
:20F3400097F907305B09012000FA02F2603341F8232000BF1037BD4680BD00BF00E100E09E
:20F3600080B584B000AF0346B9607A60FB73BB68DAB2094997F90F301201D2B20B4483F89A
:20F38000002397F90F3079681846FFF781FF00BF1037BD4680BD00BF00E100E080B485B097
:20F3A00000AF0346FB7197F90730FB60FB6803F01F020749FB685B09012000FA02F241F8F1
:20F3C000232000BF1437BD465DF8047B704700BF00E100E080B582B000AF0346FB7197F977
:20F3E00007301846FFF798FF97F907301846FFF7D5FF00BF0837BD4680BDFFFF80B485B057
:20F4000000AF0346FB7197F90730FB60FB6803F01F020B4997F907305B09012000FA02F261
:20F42000203341F82320BFF34F8F00BFBFF36F8F00BF00BF1437BD465DF8047B704700BFE8
:20F4400000E100E080B584B000AF786039607B68FB600023BB60FB683A685A603B685A69C1
:20F46000FB68DA603B689A69FB685A61FB6800221A61FB6800221A723968F86800F03EF9F2
:20F480003968F86800F0A4F9FB68034A1A60BB6818461037BD4680BD4354520090B585B049
:20F4A00000AF786039600023FB607B68BB60002000F0E6F83B681B68DBB22C4C184600F049
:20F4C0008FFA0346A3703B685B68DBB2274C184600F086FA034623713B689B68DBB21846A5
:20F4E00000F07EFA03461A46204B02F03F02D2B29A713B689B69DBB21C4C184600F070FA7A
:20F50000034623723B68DB68DBB2184C184600F067FA0346A3723B681B69DBB20133DBB2B4
:20F52000124C184600F05CFA034623733B685B69DBB2643BDBB2184600F052FA03461A4687
:20F540000A4BDA81BB685B681B78002B05D1BB685B689B68184600F0ADF9012000F090F80B
:20F56000FB6818461437BD4690BD00BF0030084080B586B000AF786039607B687B6100238B
:20F580003B617B695B6893F911301846FFF74AFEF860FB68002B0AD10221012000F04CF985
:20F5A0007B695B6893F911301846FFF713FF7B6900221A72314B9B78DBB2184600F036FA45
:20F5C00003461A463B681A602C4B1B79DBB2184600F02CFA03461A463B685A60274B9B79CD
:20F5E000DBB203F03F03DBB2184600F01FFA03461A463B689A60214B1B7ADBB2184600F033
:20F6000015FA03461A463B689A611C4B9B7ADBB2184600F00BFA03461A463B68DA60174B50
:20F620001B7BDBB2184600F001FA03465A1E3B681A61124BDB899BB2DBB2184600F0F6F9A7
:20F64000034603F164023B685A617B691B7ADBB2002BACD1FB68002B0AD10221002000F05F
:20F66000EBF87B695B6893F911301846FFF7C6FE3B6918461837BD4680BD00BF0030084053
:20F6800080B483B000AF0346FB710E4AFB7903F00103D9B292F8243061F3000382F824304E
:20F6A000084B93F82430C3F30003DBB21A46FB799A42F5D100BF00BF0C37BD465DF8047BC4
:20F6C000704700BF0030084080B400AF0A4A92F8243043F0020382F82430074B93F82430F0
:20F6E000C3F34003DBB2002BF7D100BF00BFBD465DF8047B704700BF0030084080B584B0E5
:20F7000000AF786039607B685B68304A1B7882F828300121C82004F095FA0020FFF7B0FFF2
:20F720007B685B681B78012B07D1284B00225A853B685A68254B92B29A85244B002283F8D4
:20F740002420224B93F82430C3F3C013DBB2002BF7D1FFF7B9FF1D4B002283F822201B4BB5
:20F7600093F82230DBB2002BF9D1184A92F8243043F0400382F82430144B93F82430C3F3B2
:20F780008013DBB2012BF7D10023FB7316E00F49FB7B03F1200211F8123023F0800301F810
:20F7A00012300A4AFB7B203312F81330C3F3C013DBB2002BF5D1FB7B0133FB73FB7B002BDD
:20F7C000E5D000BF00BF1037BD4680BD0030084080B582B000AF786039603B6893F90F3002
:20F7E000002B08DB3B6893F90F003B689B7B7A681946FFF7B5FD3B6893F90D30002B08DBA1
:20F800003B6893F90D003B681B7B7A681946FFF7A7FD3B6893F91130002B08DB3B6893F9EB
:20F8200011003B681B7C7A681946FFF799FD00BF0837BD4680BDFFFF80B483B000AF034615
:20F840000A46FB711346BB71FB79002B14D0184B93F82230DAB21649BB791343DBB281F829
:20F860002230134B93F82230DAB2BB791340DBB2BA799A42F5D114E00D4B93F82230DAB2D1
:20F88000BB79DB43DBB20A491340DBB281F82230074B93F82230DAB2BB791340DBB2002B91
:20F8A000F6D100BF0C37BD465DF8047B704700BF0030084080B485B000AF78600023FB7339
:20F8C0007B681B78BB737B685B787B737B689B783B737B685B68BB60334B93F82430C3F368
:20F8E0000013DBB21A46BB7B93421ED02E4B002283F82E202C4B93F82E30DBB2002BF9D1C9
:20F90000294ABB7B03F00103D9B292F8243061F3041382F82430244B93F82430C3F300138E
:20F92000DBB21A46BB7B9A42F5D1BB7B012B1ED11D4B93F82430C3F34013DBB21A467B7B7E
:20F94000934214D0184A7B7B03F00103D9B292F8243061F3451382F82430134B93F824307F
:20F96000C3F34013DBB21A467B7B9A42F5D13B7B9B01DAB2BB68DBB203F03F03DBB2134353
:20F98000FB73094AFB7B82F82E30074B93F82E30DBB2FA7B9A42F8D100BF00BF1437BD46AA
:20F9A0005DF8047B704700BF0030084080B582B000AFFFF757FC0346FB7197F9073018464C
:20F9C000FFF77AFC38603B6801221A7297F907301846FFF783FC00BF0837BD4680BDFFFFFB
:20F9E00080B483B000AF0346FB71FB790E4AA2FB0323DB08DBB25BB21B0158B2FA790A4B42
:20FA0000A3FB0213D9080B469B000B445B00D31ADBB25BB203435BB2DBB218460C37BD46B1
:20FA20005DF8047B704700BFCDCCCCCC80B483B000AF0346FB71FB791B09DBB21A46920069
:20FA400013445B00DAB2FB7903F00F03DBB21344DBB218460C37BD465DF8047B7047FFFF51
:20FA600080B584B000AF786039607B68FB60FB683A685A60386800F029F8B860BB68002BE9
:20FA800001D0BB6803E0FB68034A1A60002318461037BD4680BD00BF4D504C5280B584B0FA
:20FAA00000AF78607B68FB6000F008FA012004F09BFAF86800F040F9B860012004F044FAF1
:20FAC000BB6818461037BD4680BDFFFF80B586B000AF786000237B6100233B610023FB60F2
:20FAE000012004F081FA00F0E9F97B681B78002B00F0D1807B681B78042B6BD17B68D3E942
:20FB000008237149D3B281F802347B68D3E908014FF000024FF00003020A42EA01620B0AF1
:20FB20006949D3B281F803347B68D3E908014FF000024FF00003020C42EA01420B0C624974
:20FB4000D3B281F804347B68D3E908014FF000024FF00003020E42EA01220B0E5A49D3B2A4
:20FB600081F805347B68D3E90A235749D3B281F80A347B68D3E90A014FF000024FF00003FE
:20FB8000020A42EA01620B0A4F49D3B281F80B347B68D3E90A014FF000024FF00003020CA5
:20FBA00042EA01420B0C4849D3B281F80C34FB6843F08003FB607B689B7F03F00303FA6824
:20FBC0001343FB607B685B7F9B0103F04003FA681343FB607B681B78032B3AD17B68D3E984
:20FBE0000423134301D101237B617B68D3E9042335491346C1F898307B68D3E904014FF0B5
:20FC000000024FF000030A0000232F491346C1F888307B681B7F5B007A6913437B617B6861
:20FC20005B8B2A4AC3F3080399B2B2F8003261F30803A2F800327B681A8B234BD2B283F862
:20FC400094207B681B8B1B0A9AB21F4BD2B283F895204FF480433B613B6943F400433B617C
:20FC60007B681B78002B7B681B78012B7B68D3E9022316491346C1F8A0317B68D3E9020199
:20FC80004FF000024FF000030A0000230F491346C1F8A43102E04FF480433B610A4B3A69F9
:20FCA00092B29A81084B7A69D2B283F89220064BFA68D2B283F80024012004F045F90023B2
:20FCC00018461837BD4680BD00E001400060004080B483B000AF78607B68002B01D0052381
:20FCE0001CE0114B1B78DBB2012B01D0052315E00E4B1B78DBB2012B01D005230EE00C4B8F
:20FD00001B78DBB2012B01D0052307E0094B1B78DBB2012B01D0052300E0002318460C377A
:20FD2000BD465DF8047B704738E0014032E001402AE001404AE0014080B588B000AF7860DF
:20FD40000023FB615A4B3B610023BB6100237B61584BFB60584B9B89C3F3C033DBB2012B7E
:20FD600062D1554B93F82630DBB2BB603B691B78DBB203F00303FB614F4B93F8AA30C3F359
:20FD80000003DBB2BB614C4B93F80034C3F3C013DBB2002B13D1484B93F89230C3F30003A3
:20FDA000DBB2012B07D1B868FFF792FF0346002B01D0052377E0002004F016F925E00020FF
:20FDC00004F012F93C4A92F80E3423F0010382F80E34394B93F80634374B002283F806246D
:20FDE000354B93F80734344B002283F80724324B93F80834304B002283F808242E4B93F8EA
:20FE000009342D4B002283F80924FB681B78DBB2DB0903F001037B61FB681B78DBB203F0B3
:20FE20007F03DAB2FB681A707B685B681B78032B09D1214A92F8923043F0800382F89230DD
:20FE40001D4B93F89230BFF34F8F00BF30BF1A4A92F8923023F0800382F89230164B9B89A8
:20FE6000C3F3C033DBB2012B1CD100F027F8FB69DBB203F00303DAB23B691A70BB69DBB2CF
:20FE80000D4A03F00103DBB282F8AA30FB681B78DAB27B69DBB21343DAB2FB681A70002051
:20FEA00004F052F8002318462037BD4680BD00BFA0E0014040E0014000E0014080B400AF07
:20FEC000064B93F8AA30C3F30013DBB2002BF7D100BF00BFBD465DF8047B704700E00140F6
:20FEE00080B483B000AF0346FB800A49FB881B0A9BB21A46FB88DBB21201134451F823306A
:20FF0000C3F34003DBB218460C37BD465DF8047B704700BF0008084080B485B000AF0023E2
:20FF2000FB60EFF310837B607B68FB600123BB60BB6883F3108800BF0D4B1B68002B05D1CD
:20FF40000C4B0022DA700B4B4022DA70084B1B680133074A1360FB683B603B6883F310885F
:20FF600000BF00BF1437BD465DF8047B704700BF0C480020000D084080B485B000AF002367
:20FF8000FB60EFF310837B607B68FB600123BB60BB6883F3108800BF0F4B1B68002B04D06D
:20FFA0000D4B1B68013B0C4A13600B4B1B68002B05D10A4B0022DA70084B8022DA70FB6824
:20FFC0003B603B6883F3108800BF00BF1437BD465DF8047B704700BF0C480020000D0840F6
:20FFE00080B584B000AF786039607B68FB60FB68044A1A60386800F052F80023184610376D
:020000040002F8
:20000000BD4680BD54524F5080B584B000AFF8600B467A607B817B891846FFF761FF0346C3
:20002000DAB27B681A70002318461037BD4680BD80B487B000AF78600B467B8013467B703D
:200040000023FB820023BB827B8823F0FF037B827B88DBB23B823B8A012202FA03F3FB81E8
:200060007B78002B02D1FB89BB8201E0FB89FB827B8A1B0A9BB2DBB25B0103F1804303F5DD
:200080000023BB60BB8A1A04FB8A1A43BB689A60002318461C37BD465DF8047B704780B529
:2000A00084B000AF7860786800F060F87B68BB60FFF732FF0023FB8111E0BB685A68FB893F
:2000C000DB0013449888BB685A68FB89DB0013441B68194600F00EF8FB890133FB81BB6804
:2000E0001B88FA899A42E8D3FFF746FF00BF1037BD4680BD80B483B000AF03463960FB804F
:200100003B6803F48033002B1CD01749FB881B0A9BB21A46FB88DBB212011A4451F82230AA
:2001200023F4803341F822300F48FB881B0A9BB21946FB88DBB23A6822F4803209010B44EC
:2001400040F823200849FB881B0A9BB21A46FB88DBB2120113443A6841F8232000BF0C37E4
:20016000BD465DF8047B70470008084080B588B000AF7860594B7B61594B3B610023FB616E
:200180009FE00023BB6195E07B685A68FB69DB0013449A885349BB6931F813309A4240F097
:2001A00086807B685A68FB69DB0013441B6803F0F853FB60FB68B3F1807F03D0FB68B3F102
:2001C000106F39D17B6993F8BB34DAB20121BB6901FA03F3DBB21340DBB2002B13D10120D8
:2001E00003F002FF7B6993F8BB34DAB20121BB6901FA03F3DBB21343DAB27B6983F8BB243D
:20020000012003F0A1FE3B69BA69203213F81230C3F3C013DBB2002B49D13A69BB6903F1AF
:20022000200112F8113043F0800302F811300121C82003F007FD3AE07B6993F8BB34DAB25C
:200240000121BB6901FA03F3DBB21340DBB2002B15D0012003F0C8FE7B6993F8BB34DAB226
:200260000121BB6901FA03F3DBB2DB43DBB21340DAB27B6983F8BB24012003F065FE3B69D7
:20028000BA69203213F81230C3F3C013DBB2002B0DD03A69BB6903F1200112F8113023F044
:2002A000800302F811300121C82003F0CBFCBB690133BB61BB69022B7FF666AFFB690133D5
:2002C000FB617B681B881A46FB699342FFF459AF00BF00BF2037BD4680BD00BF00E00140B3
:2002E000003008403097020080B483B000AFEFF303837B607B683B603B88C3F308039BB215
:20030000DBB2103BDBB25BB218460C37BD465DF8047B704780B483B000AF03463960FB71D8
:2003200097F9073004493A6841F8232000BF0C37BD465DF8047B70471048002080B483B01C
:2003400000AF0346FB7197F90730044A52F8233018460C37BD465DF8047B704710480020E0
:2003600080B483B000AF0346FB710B4997F9073003F1C00251F8223023F4803341F82230F1
:20038000054A97F90730C03352F8233000BF0C37BD465DF8047B70470060004080B584B01E
:2003A00000AF0346FB7197F907301846FFF7D8FFBFF35F8F00BF97F90730FB60FB6803F010
:2003C0001F02074997F907305B09012000FA02F2603341F8232000BF1037BD4680BD00BF5E
:2003E00000E100E080B584B000AF0346B9607A60FB73BB68DAB2094997F90F301201D2B213
:200400000B4483F8002397F90F3079681846FFF781FF00BF1037BD4680BD00BF00E100E0A5
:2004200080B485B000AF0346FB7197F90730FB60FB6803F01F020749FB685B09012000FA24
:2004400002F241F8232000BF1437BD465DF8047B704700BF00E100E080B582B000AF0346B5
:20046000FB7197F907301846FFF798FF97F907301846FFF7D5FF00BF0837BD4680BDFFFF33
:2004800080B485B000AF0346FB7197F90730FB60FB6803F01F020B4997F907305B09012056
:2004A00000FA02F2203341F82320BFF34F8F00BFBFF36F8F00BF00BF1437BD465DF8047BE0
:2004C000704700BF00E100E080B586B000AF786039607B687B613B6893F902207B691A71DB
:2004E0002A4A7B6993F90430C03352F823303B61264A7B6993F90430C033002142F8231023
:200500003B689A687B699A603B68DA687B69DA603B681A787B695A717B695B79FB731B4AE6
:20052000FB7B0021D1543B681B791B01BB733B685B79DB01DAB2BB7B1343BB733B68DA78F0
:20054000BB7B1343BB731149FB7BBA7BCA540F497B6993F90430C0333A6941F823207B69CC
:2005600093F90430002B08DB7B6993F904003B685B787A691946FFF735FF7B69044A1A60AB
:20058000002318461837BD4680BD00BF006000405543490080B584B000AF78607B68FB60DD
:2005A000FB6893F904301846FFF756FF002318461037BD4680BD80B584B000AF78607B6894
:2005C000FB60FB6893F90430002B0CDBFB6893F904301846FFF754FFFB6893F9043000217D
:2005E0001846FFF797FEFB6800221A60002318461037BD4680BDFFFF80B586B000AFFFF7FD
:2006000073FE0346BB7597F916301846FFF796FE38610023FB753B695B79FB73174AFB7B49
:20062000D35CC3F30103DBB2BB73BB7B032B02D10123FB7504E097F916301846FFF790FEAF
:200640003B69002B0ED03B699B68002B0AD03B695B79BB603B69DB687B603B699B683A1DEE
:2006600010469847FB7D002B04D097F916301846FFF776FE00BF1837BD4680BD0060004042
:2006800080B483B000AFEFF303837B607B683B603B88C3F308039BB2DBB2103BDBB25BB240
:2006A00018460C37BD465DF8047B704780B487B000AF0346FB710E4B1B6A7B61FB797A692B
:2006C00022FA03F303F007033B617B691B0E03F00703FB60074B1A68FB689A403B6922FA39
:2006E00003F318461C37BD465DF8047B704700BF00E001409C49002080B483B000AF034681
:200700003960FB7197F9073004493A6841F8232000BF0C37BD465DF8047B7047104800209A
:2007200080B483B000AF0346FB7197F90730044A52F8233018460C37BD465DF8047B70470D
:200740001048002080B483B000AF0346FB710B4997F9073003F1C00251F8223023F4803320
:2007600041F82230054A97F90730C03352F8233000BF0C37BD465DF8047B70470060004018
:2007800080B584B000AF0346FB7197F907301846FFF7D8FFBFF35F8F00BF97F90730FB6019
:2007A000FB6803F01F02074997F907305B09012000FA02F2603341F8232000BF1037BD4620
:2007C00080BD00BF00E100E080B584B000AF0346B9607A60FB73BB68DAB2094997F90F30CA
:2007E0001201D2B20B4483F8002397F90F3079681846FFF781FF00BF1037BD4680BD00BFEC
:2008000000E100E080B485B000AF0346FB7197F90730FB60FB6803F01F020749FB685B099A
:20082000012000FA02F241F8232000BF1437BD465DF8047B704700BF00E100E080B582B0AE
:2008400000AF0346FB7197F907301846FFF798FF97F907301846FFF7D5FF00BF0837BD4692
:2008600080BD80B584B000AF0346B9607A60FB7397F90F307A68B9681846FFF7A5FF97F91F
:200880000F301846FFF7DAFF00BF1037BD4680BD80B584B000AF786039607B68FB603B683C
:2008A0001B7C1A46012303FA02F2FB68DA603968F86800F009F93968F86800F037F9FB6818
:2008C000034A1A60002318461037BD4680BD00BF5450470080B485B000AF78607B68FB6071
:2008E000FB689B68FA68D2689A60002318461437BD465DF8047B704780B485B000AF7860B2
:200900007B68FB60FB689B68FA68D2685A60002318461437BD465DF8047B704780B485B01A
:2009200000AF78607B68FB60FB689B68FA68D268DA60002318461437BD465DF8047B70475C
:2009400080B58CB000AFF860B9607A607B6803F003037B62FB683B624FF0FF337B61002303
:20096000BB6107F114027B68B968386A00F053FA386A00F09EF8F8613B6A9B681B6BFB625E
:20098000BB69002B29D10223BB627B6803F00803002B01D00423BB627B6803F00203002BA5
:2009A00011D03B6A99687A69BB6A12339B000B445A603B6A9968BB6A01337A6912339B00FD
:2009C0000B445A6009E03B6A99687A6ABB6A13447A6912339B000B445A607B6803F040033A
:2009E000002B07D03B6A9B681A6C3B6A9B6842F480021A647B6A012B08D0FB6A23F4403311
:200A0000FB62BB691B04FA6A1343FB627B68022B09D1BB69002B06D007F114020123B968BD
:200A2000386A00F0F8F97B6A002B08D0FB6A23F04073FB62BB691B06FA6A1343FB623B6AC2
:200A40009B68FA6A1A63FB6943F425431946386A00F024F8002318463037BD4680BD80B545
:200A600086B000AF786039607B687B617B699B685B6E3B613B690133FB603B68FA689A60E3
:200A8000786900F03DFA02463B685A603B6801221A70002318461837BD4680BD80B483B0E2
:200AA00000AF7860396000BF0C37BD465DF8047B704780B483B000AF7860002318460C37D4
:200AC000BD465DF8047B704780B485B000AF786039607B683A685A607B6801221A747B6849
:200AE000DB6803F00603002B02D07B6800221A743B681B7C1A460C4B13441B02FB60FA6805
:200B00007B689A603B685A697B685A613B689A697B68DA617B6800229A6100BF1437BD4623
:200B20005DF8047B704700BF9016400080B592B000AF786039603B68DB69BB6300237B63E8
:200B4000EFF31083BB61BB697B6301237B617B6983F3108800BF934B1A693B681B7C194657
:200B60004FF00043CB40DB438E4913400B618D4B1B697B6B3B613B6983F3108800BF7B6802
:200B80009B684FF425421A607B689B680022DA627B689B680022DA637B689B6800229A649F
:200BA0003B681B7A3B633B6BDB057B643B685B68013BFB623B681B78032B03D17B6C43F4A5
:200BC00080337B647B689B687A6CDA62786800F0EBF87B689B68BA6B9269DA617B689B68A1
:200BE000BA6BD2691A627B689B68FA6A9A667B689B68FA6A5A660023BB62BB6B9B6B3B64BA
:200C00004FF0FF33BB600023FB603B681B78002B06D13B685B685B08013B7B627B6ABB60B0
:200C20003B681B78012B07D93B68D96807F108020023786800F0EFF87B689B68BA685A65EB
:200C40007B689B68BA689A653B681B78032B07D97B689B68BA68DA657B689B68BA681A667A
:200C6000FB681B04BA6A1343BB62FB681B06BA6A1343BB62BB6B9B6B002B1ED1BB6B1B7841
:200C8000002B0AD0BB6B5B781946386800F04FF938623A6C3B6A13433B64BB6B9B78002BE1
:200CA0000BD0BB6BDB781946386800F040F9F861FB691B043A6C13433B64786800F062F916
:200CC0007B689B6800229A637B689B680022C3F88820BB6B9B6B002B0DD1BB6B93F820306E
:200CE0005B033A6C13433B64BB6B93F821305B073A6C13433B644FF4AA03FB63BB6B93F8FD
:200D00003030002B02D04FF4A003FB637B689B68FA6B1A643B681B78012B07D17B689B6849
:200D20000022DA647B689B6800221A657B689B683A6C5A637B689B68BA6A42F003021A63C5
:200D40007B689B68BA6A42F001021A637B689B687A68D268DA604AF201517868FFF79EFE9B
:200D60003B6893F912003B685B7C7A68194600F03CF8BB6B93F92400BB6B93F822307A6898
:200D8000194600F032F8BB6B93F92500BB6B93F823307A68194600F028F800BF4837BD466D
:200DA00080BD00BF0040084080B483B000AF78607B689B684FF000421A617B689B684FF0BA
:200DC00000425A617B689B684FF000429A617B689B6800225A627B689B6800229A6200BF2D
:200DE0000C37BD465DF8047B704780B584B000AF0346B9607A60FB7397F90F30002B06DB85
:200E000097F90F307A68B9681846FFF72AFD00BF1037BD4680BD80B48BB000AFF860B960B0
:200E20007A603B60FB689B689B6EFB61FB690133FB61BB68002B0CBF01230023FB76BA688B
:200E4000FB699A422CBF01230023BB76FB7E002B02D1BB7E002B44D03B6803F00103002B3B
:200E600007D1FB689B685B6BC3F30403DBB27B6206E0FB689B685B6BC3F30443DBB27B62CE
:200E8000FB685B681B78032B09D97B6A03F01003002B0CBF0123002387F8233008E07B6AC2
:200EA00003F00C03042B0CBF0123002387F82330FB7E002B06D097F8233083F00103DBB2BD
:200EC000002B06D1BB7E002B07D097F82330002B03D07B6802225A600CE07B6803225A6086
:200EE00008E0BB687B617B69013B7B617B687A691A6000BF00BF2C37BD465DF8047B704760
:200F000080B584B000AF78607B689B68DB6AC3F3C353DBB2FB730020FFF7C8FBB860FB7B88
:200F2000BA6822FA03F318461037BD4680BD80B485B000AF78600B46FB70FB789A01FB786B
:200F40001B01134343F48073BB600923FB607B681B78022B0BD07B681B78032B02D1032338
:200F6000FB6004E0FB78002B01D10623FB60BA68FB681343BB60BB6818461437BD465DF824
:200F8000047B704780B485B000AF78607B685B68DB69FB60FB6893F8303003F00103DBB214
:200FA000002B05D0FB689A6A7B689B68013ADA64FB6893F8303003F00203DBB2002B05D098
:200FC000FB68DA6A7B689B68013A1A6500BF1437BD465DF8047B704790B589B000AFF860AD
:200FE0000B467A60FB72FB689B69FB61FB69002B03D107F11003FB6105E0FA6907F1100379
:2010000007CA83E80700FB69FA7A1A71FB697A689A60FB68DA69FB691A60FB685B69F869DE
:201020009847FB689B69002B08D0FB689B691C4607F1100393E8070084E8070000BF243784
:20104000BD4690BD80B584B000AFFFF719FB0346FB7397F90F301846FFF774FB97F90F3006
:201060001846FFF75DFBB860BB685B681B78012B20D1B868FFF71DFD7860BB689B68BA68C6
:20108000D2689A60BB689B6800229A64BB689B680022DA64BB689B6800221A657B6843F46F
:2010A00025431946B868FFF7F9FC97F90F301846FFF766FBBB685B69002B04D000220021B1
:2010C000B868FFF789FF00BF1037BD4680BD80B483B000AFEFF303837B607B683B603B8892
:2010E000C3F308039BB2DBB2103BDBB25BB218460C37BD465DF8047B7047FFFF80B487B0D8
:2011000000AF0346FB710E4B1B6A7B61FB797A6922FA03F303F007033B617B691B0E03F0AF
:201120000703FB60074B1A68FB689A403B6922FA03F318461C37BD465DF8047B704700BF85
:2011400000E001409C49002080B400AF094B0122A3F80421074BB3F804319BB2002BF9D1DB
:20116000044B0122A3F8002100BFBD465DF8047B704700BF00C0014080B483B000AF0346D5
:201180003960FB7197F9073004493A6841F8232000BF0C37BD465DF8047B70471048002010
:2011A00080B483B000AF0346FB7197F90730044A52F8233018460C37BD465DF8047B704783
:2011C0001048002080B483B000AF0346FB710B4997F9073003F1C00251F8223023F4803396
:2011E00041F82230054A97F90730C03352F8233000BF0C37BD465DF8047B7047006000408E
:2012000080B584B000AF0346FB7197F907301846FFF7D8FFBFF35F8F00BF97F90730FB608E
:20122000FB6803F01F02074997F907305B09012000FA02F2603341F8232000BF1037BD4695
:2012400080BD00BF00E100E080B584B000AF0346B9607A60FB73BB68DAB2094997F90F303F
:201260001201D2B20B4483F8002397F90F3079681846FFF781FF00BF1037BD4680BD00BF61
:2012800000E100E080B485B000AF0346FB7197F90730FB60FB6803F01F020749FB685B0910
:2012A000012000FA02F241F8232000BF1437BD465DF8047B704700BF00E100E080B582B024
:2012C00000AF0346FB7197F907301846FFF798FF97F907301846FFF7D5FF00BF0837BD4608
:2012E00080BDFFFF80B485B000AF0346FB7197F90730FB60FB6803F01F020B4997F9073032
:201300005B09012000FA02F2203341F82320BFF34F8F00BFBFF36F8F00BF00BF1437BD46C0
:201320005DF8047B704700BF00E100E080B584B000AF0346B9607A60FB7397F90F307A682F
:20134000B9681846FFF780FF97F90F301846FFF7B5FF00BF1037BD4680BDFFFF80B584B015
:2013600000AF786039607B68FB600023BB60FB683A685A603B681B78002B23D03B685A6859
:20138000FB681A643B68DA68FB689A64FB6800225A64184B01221A763B6893F911003B68EA
:2013A0001B7CFA681946FFF7C1FF124B98221A753B6893F913003B689B7CFA681946FFF7C6
:2013C000B5FF05E00B4B00221A760A4B00221A75F86800F0B1FAB860BB68002B01D0BB6811
:2013E00003E0FB68044A1A60BB6818461037BD4680BD00BF00E07F404E45504F80B586B0DC
:2014000000AFF860B9607A603B60FB683B6100237B613B685A083B699A633B69BA681A6350
:201420003B697A685A633B69002283F83C207B68B3F1006F04D2386906F06EFF786103E040
:20144000386900F0C2F978617B6918461837BD4680BD80B588B000AFF860B9607A60FB68CC
:201460007B610023FB617B69002283F83C20BB68B3F1006F19D20023BB61BB68B3F5803F4A
:2014800006D2BB6823F4FF5323F01F03BB6105E0BB6823F4FF4323F07F03BB617A68B96981
:2014A000786906F041FFF8610EE0BB6823F03F033B617A683969786900F0DAFAF861FB69D4
:2014C000002B01D0FB6900E0FB6918462037BD4680BD80B588B000AFF860B9607A603B6071
:2014E000FB687B610023FB61BB68B3F1006F1DD27B69002283F83C203B6800221A70BB68BA
:201500003B610023BB610CE03A69BB6913441B78FF2B03D03B6801221A700EE0BB690133C0
:20152000BB61BA697B689A42EED306E03B687A68B968786900F090F9F861FB691846203794
:20154000BD4680BD80B483B000AF786039600B4BB3F884309BB203F08103002B03D13B68A9
:2015600000221A7002E03B6801221A70002318460C37BD465DF8047B704700BF00E07F40DD
:2015800080B487B000AFF860B9601346FB80FB687B6100233B6106233B613B6918461C37D4
:2015A000BD465DF8047B704780B487B000AFF860B9607A60FB687B6100233B6106233B6175
:2015C0003B6918461C37BD465DF8047B704780B485B000AF78607B68FB600023BB60062393
:2015E000BB60BB6818461437BD465DF8047B704780B584B000AF78607B68FB60F86806F0F2
:201600009FFE034618461037BD4680BD80B584B000AF78600B46FB701346BB707B68FB6091
:201620000023BB60BA78FB781946F86806F080FEB860BB6818461037BD4680BD80B485B00B
:2016400000AF78607B68FB600023BB600623BB60BB6818461437BD465DF8047B704780B5B4
:2016600084B000AF78607B68FB60F86800F064F9034618461037BD4680BDFFFF80B483B031
:2016800000AF786039603B68094A92E8030083E803003B68074A083392E8030083E803002F
:2016A000002318460C37BD465DF8047B704700BF58970200700A002080B584B000AF78609E
:2016C0007B68FB600023BB60FB6800221A60FB685B6893F91130002B06DBFB685B6893F9DE
:2016E00011301846FFF7FEFD0B4B00221A76FB685B6893F91330002B06DBFB685B6893F99F
:2017000013301846FFF7EEFD034B00221A75BB6818461037BD4680BD00E07F4080B487B036
:2017200000AFF860B9607A603B60FB687B617B69BA681A647B697A689A647B693A685A6449
:20174000002318461C37BD465DF8047B704780B485B000AF78600B46FB700623FB60FB6894
:2017600018461437BD465DF8047B704780B485B000AF78600B46FB700623FB60FB68184641
:201780001437BD465DF8047B704780B487B000AFF8600B467A60FB7206237B617B6918461F
:2017A0001C37BD465DF8047B704780B487B000AFF860B9607A603B6006237B617B69184601
:2017C0001C37BD465DF8047B704780B586B000AF786000237B61786800F088FA78617B6928
:2017E000002B01D07B6932E07B685B681B78002B06D07B68012283F83C2000233B6102E03F
:201800007B68DB683B613A690421786806F080FD78617B685B681B78002B01D07B6916E003
:2018200018224FF48051786906F06EFD78617B689B6B002B02D07B69002BE4D006F07CFD27
:20184000F8607B69002B01D1FB687B617B6918461837BD4680BDFFFF80B588B000AFF860CD
:20186000B9607A603B60F86800F040FAF861FB69002B01D0FB6957E02D4B002283F8D020F7
:201880002B4ABB681363BA687B681344284A013B5363284B71221A70264BD0221A70FB689A
:2018A0005B681B78002B08D0FB68032283F83C203B6802221A70002336E0FB685B697A68DD
:2018C0009208013202FB03F3BB6108E0BB69002B02D11423FB610AE0BB69013BBB61144BCA
:2018E000D3F88030C3F3C033DBB2012BEED14FF4FC720021F86906F007FDF8610C4B93F8E4
:20190000D430DBB2012B03D13B6801221A7002E03B6800221A7006F00FFD7861FB69002B4B
:2019200001D17B69FB61FB6918462037BD4680BD00E07F4000007E4080B586B000AF7860ED
:201940007B68002283F83C201C20FFF7D7FB78611820FFF7D3FB38613E4B012283F81624D8
:201960007B693D4A934202D84FF4FB736EE07B6903F5742303F23F23384AA2FB03239B0C98
:20198000FB603B6903F5742303F23F23334AA2FB03239B0CBB60FB689BB2314A03F5F053FA
:2019A0009BB2A2F8E430BB6843F6B85202FB03F32C4AA2FB03239A087B689A60BB6840F6C2
:2019C000D86202FB03F3274AA2FB03239A087B68DA60BB685B00234AA2FB03239A087B68B4
:2019E0001A61BB68542202FB03F31E4AA2FB03239A087B685A61BB684FF4FA2202FB03F300
:201A0000184AA2FB03239A087B689A61BB6844F2506202FB03F3134AA2FB03239A087B687E
:201A20005A62BB68104A02FB03F30E4AA2FB03239A087B681A62BB680C4A02FB03F3094A9F
:201A4000A2FB03239A087B68DA61002318461837BD4680BD00E00140FF083D0083DE1B43CF
:201A600000E07F40ABAAAAAA80DE0F00A0F7030080B588B000AFF860B9607A600023FB6131
:201A8000FB68BA681A63FB687A689A63F86800F02DF9F861FB69002B02D04FF4FA7336E00C
:201AA000FB685B681B78002B06D0FB68022283F83C200023BB6102E0FB685B6ABB61164B48
:201AC0000122A3F8E020BA694021F86806F028FCF861FB685B681B78002B01D0FB6916E0E2
:201AE00019224FF40051F86906F00EFCF861FB689B6B002B02D0FB69002BE4D006F01CFCA6
:201B00007861FB69002B01D17B69FB61FB6918462037BD4680BD00BF00E07F4080B584B02B
:201B200000AFFFF7D4FA0346BB7397F90E301846FFF736FBB8601E4B1B7CDBB27B601C4B81
:201B4000D3F880201B4B13403B607B6803F00803002B02D00423FB7319E07B6803F0800301
:201B6000002B02D00523FB7311E07B6803F01003002B0AD03B6803F44053002B02D007239F
:201B8000FB7304E00623FB7301E00723FB73B86806F0D6FB97F90E301846FFF713FBFB7B56
:201BA0001946B86800F06EF800BF1037BD4680BD00E07F404070F00080B584B000AF002390
:201BC000FB73FFF784FA03467B7397F90D301846FFF7E6FAB86097F90D301846FFF7F2FAC6
:201BE000BB6893F83C30012B17D1BB689B6B002B0ED000220421B86806F08AFB78607B68E8
:201C0000002B2BD0B86806F09BFB0723BB7325E00123BB730123FB7320E0BB6893F83C3097
:201C2000022B0ED1BB689B6B002B05D000224021B86806F075FB11E00023BB730123FB7392
:201C40000CE00123FB730E4B93F8D430DBB2012B02D10323BB7301E00223BB73FB7B002B69
:201C60000AD006F069FBBB68002283F83C20BB7B1946B86800F006F800BF1037BD4680BD2B
:201C800000E07F4080B586B000AF78600B46FB707B685B6C7B617B69002B03D107F10C0387
:201CA0007B6106E07A6907F10C0392E8030083E803007B69FA781A707B689A6C7B695A6026
:201CC0007B681B6C786998477B685B6C002B08D07B685B6C1A4607F10C0393E8030082E834
:201CE000030000BF1837BD4680BDFFFF80B584B000AF78600023FB604FF49643BB607B680D
:201D00005B681B78002B0DD07B685B6893F911301846FFF7D3FA7B685B6893F913301846FE
:201D2000FFF7CCFA0C4B4AF68022A3F8842008E0BB68002B02D14FF4FA7309E0BB68013B6E
:201D4000BB60054BB3F884309BB2802BF0D1FB6818461037BD4680BD00E07F4080B586B0AE
:201D600000AF786039607B687B6100F07DF93B685B683B613B691B78FB7397F90F30002B7D
:201D800001DA0B2319E097F90F300E4A52F82330002B01D0082310E07B69FA7B1A713B68DF
:201DA0001B68002B05D03B681B681946786900F09BF97B69044A1A60002318461837BD4637
:201DC00080BD00BF000000200043544480B584B000AF786039607B68FB60FB6893F9043022
:201DE000184600F0EFF9F86800F0D2F93968F86800F07AF9F86800F01DF90346002B01D083
:201E0000132300E0002318461037BD4680BDFFFF80B588B000AFF860B9607A607B80FB68E1
:201E2000FB61FB691B79FB7697F91B301F4A52F823307B6197F91B30184600F0C3F9F869DA
:201E400000F0A6F91A4B08221A74BB68002B02D0BA687B695A607B68002B02D07A687B6950
:201E60009A607B69DB7823F03F03DBB2802B03D17B697A889A8109E07B69DB7823F03F035A
:201E8000DBB2002B02D17B697A88DA81084B18221A74F86900F0CEF80346002B01D01323C9
:201EA00000E0002318462037BD4680BD000000200054004080B483B000AF78600B46FB70CC
:201EC000062318460C37BD465DF8047B704780B483B000AF7860062318460C37BD465DF89A
:201EE000047B704780B584B000AF78607B68FB60F86800F09FF8034618461037BD4680BD69
:201F000080B584B000AF78607B68FB60FB6893F90430184600F056F9002318461037BD4608
:201F200080BDFFFF80B485B000AF786039607B68FB60FB6893F904301A461F4B53F8223015
:201F4000BB603B6800221A603B6800225A60BB68DB7823F03F03DBB2002B1BD03B684FF454
:201F600080729A60BB68DB899BB2DAB23B68DA60BB68DB7823F03F03DBB2802B14D13B68AD
:201F80004FF480321A60BB689B899BB21A463B685A6009E03B684FF480329A60BB68DB897F
:201FA0009BB21A463B68DA60002318461437BD465DF8047B704700BF0000002080B485B0F5
:201FC00000AFF860B9607A603B60062318461437BD465DF8047B704780B485B000AFF8609C
:201FE000B9607A603B60062318461437BD465DF8047B704780B586B000AF78607B687B6142
:2020000000233B617B691B79FB7397F90F30184600F0D8F897F90F30054A002142F8231082
:202020007B6900221A603B6918461837BD4680BD0000002080B483B000AF786009497B684C
:2020400093F9043003F1C00251F8223043F0807341F82230002318460C37BD465DF8047B23
:20206000704700BF0060004080B584B000AF1A4B1B7883F00103DBB2002B29D0164B01228E
:202080001A700023FB60EFF310833B603B68FB6001237B607B6883F3108800BF0F4B1B689E
:2020A0000E4A23F4800313600C4B1B68FB68BB60BB6883F3108800BF4FF4C072002108488D
:2020C00005F082FC074B064A5A61064B01221A7300BF1037BD4680BDCD470020004008402D
:2020E000000000200054004080B582B000AF78603960386800F016F8084B08221A747B6819
:2021000093F904301946064A3B6842F82130034B18221A7400BF0837BD4680BD005400403A
:202120000000002080B485B000AF78600023FB60FB681B017A681344DB7823F03F03DBB224
:20214000002B12D0FB681B017A681344DB899BB2FB72FB7A99B2FB681B017A6813440A46D4
:20216000114609020A4492B2DA81FB685A1CFA601B017A6813449B7823F03F03DBB2002B68
:20218000D6D100BF00BF1437BD465DF8047B704780B485B000AF78607B6893F9043043F477
:2021A0000043FB60064BDB899BB21A46FB689342F8D000BF00BF1437BD465DF8047B7047C8
:2021C0000054004080B483B000AF0346FB71084997F9073003F1C00251F8223023F0807331
:2021E00041F8223000BF0C37BD465DF8047B70470060004080B485B000AF786039607B68B8
:20220000FB600C4AFB6813603B681A68FB689A603B685A68FB68DA60FB6800225A60FB6811
:20222000054A1A60002318461437BD465DF8047B704700BFD04700204347430080B588B04B
:2022400000AFF8600B467A60FB72FB68FB610023BB6100233B61FB7A052B02D0FB7A062B05
:202260000DD107F1100307F11402F97A786800F0B7F9B861BB69002B01D0BB6929E0FB7A99
:20228000184600F0F5F803461A46FB7A1146184600F006F90346002B02D140F2931318E02A
:2022A000012000F01AF8FB7A052B02D0FB7A062B06D13B6907F11402F97A786800F0CEF94B
:2022C000FB7A0021184600F019F9012000F01AF8002318462037BD4680BD80B582B000AFB7
:2022E0000346FB71012001F07FFEFB79012B05D1002001F043FB002001F076FE00BF083752
:20230000BD4680BD80B582B000AF0346FB71FB79012B07D1002001F017FE064B1B6A1846E0
:2023200000F07AF8012001F00FFE00BF0837BD4680BD00BF00E0014080B483B000AF786010
:202340001A4B1B68B3F5004F01D0002327E0184B93F83630DBB2002B17D0154B93F838305D
:20236000DBB2002B11D0124B93F83230DBB2002B0BD00F4B93F82A30DBB2002B05D00C4BC4
:2023800093F84A30DBB2002B01D1002307E07B6803F0EE43002B01D0002300E0012318461C
:2023A0000C37BD465DF8047B704700BF9C49002000E0014080B485B000AF78600B46FB70BB
:2023C000FB78002B0BD07B68FB60FB6803F0443323F480030E4A934201D0002311E00D4B75
:2023E00093F82A30DBB2002B05D10A4B93F84A30DBB2002B01D0012300E0002303F0010369
:20240000DBB218461437BD465DF8047B704700BF4444044400E0014080B584B000AF786058
:20242000104B93F84030FB737868FFF785FF0346002B03D0042001F0A1FA0FE0FB7B1946C3
:202440007868FFF7B7FF0346002B07D0064B1B68064A934202D8032001F090FA00BF10372E
:20246000BD4680BD00E001409C49002040420F0080B483B000AF0346FB71FB79074A52F88B
:2024800023301B78DBB2002B0CBF01230023DBB218460C37BD465DF8047B7047E89702004F
:2024A00080B487B000AF03460A46FB711346BB7116237B61FB7901229A407B691340002B90
:2024C00001D0012312E00C4B93F83C30DBB23B61FB793A6922FA03F303F00103FB60BB79EF
:2024E000FA689A420CBF01230023DBB218461C37BD465DF8047B704700E0014080B483B038
:2025000000AF03460A46FB711346BB71FB790A4A52F82330BA791A70FB79074A52F82330FE
:202520001B78DBB2BA799A42F6D100BF00BF0C37BD465DF8047B7047E897020080B489B068
:2025400000AFF8600B467A60FB72114BFB61FB681B78002B01D10F4BFB61FB685B88013301
:20256000FA6902FB03F35B08BB61FB685B7801337B61BA697B69B2FBF3F33B617B683A6984
:202580001A60002318462437BD465DF8047B704700366E01002D310180B487B000AF786061
:2025A0000023FB827B681B78002B01D10123FB827B685B88BB827B685B787B82BB8A1B024F
:2025C00003F47C52FB8A1B011A437B8A1343FB60FB6818461C37BD465DF8047B7047FFFFE2
:2025E00080B588B000AFF8607A603B600B46FB72F868FFF7D1FFB861FB7A052B02D1154B1D
:20260000FB6101E0144BFB61FB691B889BB21A46BB69934209D0FB7A1846FFF729FF034602
:20262000002B02D040F291130FE0FB7A7A681946F868FFF783FF78617B69002B01D07B69AD
:2026400003E03B68BA691A60002318462037BD4680BD00BF28E0014048E0014080B584B065
:2026600000AFF8607A603B600B46FB72FB7A052B04D1094B3A6892B21A8504E0064B3A68F6
:2026800092B2A3F84820FB7A7968184601F0B0F900BF1037BD4680BD00E0014080B483B0D7
:2026A00000AF0346FB7197F90730002B0CDBFB7903F01F02074997F907305B09012000FABF
:2026C00002F2403341F8232000BF0C37BD465DF8047B704700E100E080B483B000AFEFF3CE
:2026E00003837B607B683B603B88C3F308039BB2DBB2103BDBB25BB218460C37BD465DF8BF
:20270000047B704780B483B000AF03463960FB7197F9073004493A6841F8232000BF0C37EB
:20272000BD465DF8047B70471048002080B483B000AF0346FB7197F90730044A52F8233016
:2027400018460C37BD465DF8047B70471048002080B483B000AF0346FB710B4997F90730EC
:2027600003F1C00251F8223023F4803341F82230054A97F90730C03352F8233000BF0C370B
:20278000BD465DF8047B70470060004080B584B000AF0346FB7197F907301846FFF7D8FF4C
:2027A000BFF35F8F00BF97F90730FB60FB6803F01F02074997F907305B09012000FA02F297
:2027C000603341F8232000BF1037BD4680BD00BF00E100E080B584B000AF0346B9607A60D0
:2027E000FB73BB68DAB2094997F90F301201D2B20B4483F8002397F90F3079681846FFF713
:2028000081FF00BF1037BD4680BD00BF00E100E080B485B000AF0346FB7197F90730FB6083
:20282000FB6803F01F020749FB685B09012000FA02F241F8232000BF1437BD465DF8047B9E
:20284000704700BF00E100E080B582B000AF0346FB7197F907301846FFF798FF97F90730FD
:202860001846FFF7D5FF00BF0837BD4680BD80B584B000AF0346B9607A60FB7397F90F3061
:202880007A68B9681846FFF7A5FF97F90F301846FFF7DAFF00BF1037BD4680BD80B590B086
:2028A00000AF786039607B68BB6200237B623B681B693B623B681B6803F58023A8331B037A
:2028C000FB61BB6AFA695A600023BB61EFF310833B613B69BB610123FB60FB6883F310885A
:2028E00000BF8F4B5A683B681B68C3F10203012101FA03F3DB438A4913404B60884B5B6806
:20290000BB69BB60BB6883F3108800BFBB6A3A681A603B689A68BB6ADA613B68DA68BB6A38
:202920005A62BB6A00221A623B6A1A78BB6A1A7600220121B86A00F083FB3B6A1B7B1BB250
:202940005B001AB23B6A1B7D1BB2DB001BB213431BB243F4E0731BB29AB2FB69A3F8402871
:202960003B685B687B617B691B68013B1A046D4B13407A695268013A12071A437B699B6814
:20298000013B1B021A437B69DB68013B1B031343BA6A127E1A43FB69C3F8442800220221C9
:2029A000B86A00F04DFBFB69802283F85028FB6903F500734FF400720021184605F004F8D0
:2029C0000023FB632CE03B6A9A68FB6BDB0013449B79002B16D13B6A1B69FA6B9A4211D2B8
:2029E000FB6B20331B01FA69D1183B6A9A68FB6BDB0013441A46386A00F0F6F8402387F8B5
:202A00003B3002E0002387F83B30FA69FB6B134403F5026397F83B201A70FB6B0133FB6373
:202A2000FB6B1F2BCFD900237B6300233B632BE03B6A5A683B6B9B0013441B686FF06042EE
:202A400093421ED23B6A5A683B6B9B0013441B68FB623B6A1B7B002B04D1FB6A9A04324B17
:202A60001340FB62FB693A6B02F58072F96A43F822103B6B9B000F2202FA03F37A6B134345
:202A80007B633B6B01333B633B6A1B699B083A6B9A42CDD37B6BDA43FB69C3F82824002263
:202AA0000021B86A00F0CCFAFA69B2F8403843F02003A2F84038FB69B3F84038C3F34013A0
:202AC000DBB2002BF7D13B6893F915003B681B7DBA6A1946FFF7CBFE3B6893F916003B68CD
:202AE0001B7DBA6A1946FFF7C2FE3B6893F917003B681B7DBA6A1946FFF7B9FEFB693E2290
:202B000083F84C28FB694FF0FF32C3F82C24BB6A064A9A607B6A18464037BD4680BD00BFBF
:202B2000004008400000FF030000FC1F4E41435280B58AB000AFF860B9607A60FB68BB61E4
:202B4000BB691B681B697B61BB695B683B613A69BB68134403F502631B78C3F3C013DBB2C8
:202B6000002B02D04EF663233AE0BB6820331B013A6913447A681946786900F035F87B68C6
:202B80009B7903F00F03D9B23A69BB6820331B011A44938861F3030393807B689B797B62A2
:202BA000BB6820331B013A69134406333B627B680C33FB6107E0FA69531CFB613B6A591C06
:202BC000396212781A707B6A5A1E7A62002BF2D13A69BB68134403F5026380221A70002356
:202BE00018462837BD4680BD80B489B000AFF860B9607A60FB681B7BFB750023FB61FB7D11
:202C0000002B06D0FB7D022B0AD17B681B79002B06D17B681B689A04114B1340BB610EE0FD
:202C2000FB7D022B06D17B681B79012B02D14FF00043FB617B681B6823F06043BB617B68A9
:202C40005B799B073B61FA693B691A43BB691A43BB681A6000BF2437BD465DF8047B704738
:202C60000000FC1F80B489B000AFF860B9607A60FB685B68BB61BA69BB6820331B01134484
:202C80001B687B617B699B0F03F00103DAB27B685A71FB681B681B693B613B691B7BB969B4
:202CA000BA68203212010A441268C2F3C072D2B21343DBB203F00103DAB27B681A717B68A3
:202CC0001B79002B06D17B699B0CC3F30A027B681A6004E07B6923F060427B681A60BA69B7
:202CE000BB6820331B0113449B88C3F30303DBB21A467B689A717B689B79082B02D97B6849
:202D000008229A710023FB6112E0BA69BB681B011A44FB69134403F206231B78D9B27A6874
:202D2000FB6913440C330A461A70FB690133FB617B689B791A46FB699342E6D3BA69BB683C
:202D4000134403F5026344221A707B6800229A6000BF2437BD465DF8047B7047B0B58EB085
:202D600000AF786039607B681B6A7B637B6B002B02D13B687B6317E07B6B07F10C041D4640
:202D80000FCD0FC40FCD0FC495E8030084E803007A6B3B6814461D460FCD0FC40FCD0FC443
:202DA00095E8030084E803007B68DB69786B98477B681B6A002B0CD07B681B6A1D4607F109
:202DC0000C040FCC0FC50FCC0FC594E8030085E8030000BF3837BD46B0BD80B590B000AFD4
:202DE000FFF77AFC03461846FFF7B2FCFFF774FC034687F83B3097F93B301846FFF796FCA2
:202E000078633B4628220021184604F0DDFD0023FB637B6B5B683B633B6B93F84D38DBB2B4
:202E2000BB803B6B002283F84D283B6BB3F84238C3F30013DBB2002B22D0BB8843F02003C8
:202E40009BB2BB803B6B93F8533887F82F303B6B022283F853283B6B93F85238C3F3040318
:202E6000DBB2FB633B6B97F82F2083F853283A6BFB6B134403F50262137823F00403137007
:202E80007B6B1B681B683B607B6B5B6A3B61FB6BFB603B461946786BFFF760FF7B6B1B6822
:202EA0001B69BB623B6BB3F84238C3F30013DBB2002B0AD0BB6A1B7D002B06D07B6B1B6824
:202EC00093F915301846FFF7E9FB00BF4037BD4680BD80B590B000AFFFF7FEFB03461846B9
:202EE000FFF736FCFFF7F8FB034687F83F3097F93F301846FFF71AFCB8634FF480633B8124
:202F0000BB6B5B687B637B6B93F8533887F833307B6B002283F853287B6B93F85238C3F35D
:202F20000403DBB2FB627B6B97F8332083F853283B1D14331A46F96AB86BFFF793FEFB6A71
:202F40003B61BB6B1B681B687B60BB6B5B6A7B613B1D1946B86BFFF701FF7B6BB3F842382C
:202F6000C3F30003DBB2002B04D097F93F301846FFF794FB00BF4037BD4680BD80B590B03F
:202F800000AFFFF7A9FB03461846FFF7E1FBFFF7A3FB034687F83F3097F93F301846FFF751
:202FA000C5FBB86300233B81BB6B5B687B637B6B93F8533887F833307B6B012283F85328B3
:202FC0007B6B93F85238C3F30403DBB2FB627B6B97F8332083F853287A6BFB6A134403F5F8
:202FE000026300221A707A6BFB6A134403F5026300221A70FB6A3B613B8943F400639BB26A
:203000003B81BB6B1B681B687B60BB6B5B6A7B613B1D1946B86BFFF7A1FE7B6BB3F84238AC
:20302000C3F34003DBB2002B06D0BB6B1B6893F917301846FFF732FB00BF4037BD4680BD96
:2030400080B584B000AF78600B46FB701346BB707B685B68FB607B685B7BBA789A420DD09B
:203060000221786800F032F8FB68BA7883F858287B68BA785A737B6802221A737B681B7BB4
:20308000FA789A421ED0FB78052B13D10221786800F01CF8FA68B2F8403843F48063A2F82E
:2030A0004038FB68B3F84238C3F38023DBB2012BF7D104E0FB781946786800F007F87B68CE
:2030C000FA781A7300BF1037BD4680BD80B485B000AF78600B46FB707B685B68FB60FA689C
:2030E000B2F8403823F48063A2F84038FB7803F00303D9B2FA68B2F8403861F30923A2F80D
:203100004038FB68B3F842389BB203F4E062FB781B029A42F5D100BF00BF1437BD465DF8D6
:20312000047B704780B487B000AF0346FB710E4B1B6A7B61FB797A6922FA03F303F007036A
:203140003B617B691B0E03F00703FB60074B1A68FB689A403B6922FA03F318461C37BD46F3
:203160005DF8047B704700BF00E001409C49002080B483B000AF03463960FB7197F90730B4
:2031800004493A6841F8232000BF0C37BD465DF8047B70471048002080B483B000AF03465D
:2031A000FB710B4997F9073003F1C00251F8223023F4803341F82230054A97F90730C033D9
:2031C00052F8233000BF0C37BD465DF8047B70470060004080B584B000AF0346FB7197F9C5
:2031E00007301846FFF7D8FFBFF35F8F00BF97F90730FB60FB6803F01F02074997F907305E
:203200005B09012000FA02F2603341F8232000BF1037BD4680BD00BF00E100E080B584B0FD
:2032200000AF0346B9607A60FB73BB68DAB2094997F90F301201D2B20B4483F8002397F951
:203240000F3079681846FFF793FF00BF1037BD4680BD00BF00E100E080B485B000AF034641
:20326000FB7197F90730FB60FB6803F01F020749FB685B09012000FA02F241F8232000BFE8
:203280001437BD465DF8047B704700BF00E100E080B582B000AF0346FB7197F907301846E5
:2032A000FFF798FF97F907301846FFF7D5FF00BF0837BD4680BD80B584B000AF0346B960DA
:2032C0007A60FB7397F90F307A68B9681846FFF7A5FF97F90F301846FFF7DAFF00BF1037DA
:2032E000BD4680BD80B586B000AF786039607B687B613B685B693B617B693A685A603B685E
:20330000DA687B699A613B681A697B691A627B690022DA614FF40073FB603B681B881A460E
:20332000FB6802FB03F303F1804303F5B8131A467B691A603968786900F09EF83B6893F9C8
:2033400006003B685B7A7A69194600F0C5FA3B6893F907003B689B7A7A69194600F0BCFA28
:203360003B6993F907003B695B7A7A69194600F0B3FA3B6993F908003B699B7A7A6919468B
:2033800000F0AAFA7B6900221A617B69034A9A60002318461837BD4680BD00BF4344415204
:2033A00080B586B000AF786039603B687B617B683B610023FB607969386900F09BF97B691B
:2033C0001A683B691A61FB6818461837BD4680BD80B485B000AF78607B68FB60FB681B68E8
:2033E000FA68928A1A80002318461437BD465DF8047B704780B485B000AF78607B68FB602D
:20340000FB681B6800221A80002318461437BD465DF8047B704780B485B000AF7860396027
:203420007B68FB60FB681B681B88C3F3C033DBB21A463B681A70002318461437BD465DF8DE
:20344000047B704780B487B000AFF8600B467A60FB72FB687B617B691B6897F90B20103289
:2034600033F812309AB27B681A80002318461C37BD465DF8047B704780B48DB000AF7860BC
:2034800039603B685B697B623B689B785B03FB62FB6A43F41073FB627B6A9B78002B02D16C
:2034A0004FF4807300E00023FA6A1343FB627B6A9B783F2B02D04FF4007300E00023FA6A6B
:2034C0001343FB627B6A1B79002B04D0FB6A43F08003FB6207E07B6A9B783F2B03D1FB6AC7
:2034E00043F40043FB62FB6A9AB27B689A827B6A9B781B0203F47C527B6ADB7803F03F03FE
:2035000013433B620023FB613B68DB785B00FA691343FB613B681B79DB03FA691343FB61A9
:203520007B6A5B785B01FA691343FB617B6A1B78BB6100237B61EFF310833B613B697B613E
:203540000123FB60FB6883F3108800BF214BDA683B681B88C3F11003012101FA03F3DB43D0
:203560001C491340CB601B4BDB687B69BB60BB6883F3108800BFFB6A99B27B681A6847F67E
:20358000FF530B409BB213807B681B683A6A92B21A827B681B68FA6992B2DA817B681B68F6
:2035A000BA69D2B21A73002387F82B307B6A9B79012B02D1012387F82B307B681B6897F8EF
:2035C0002B2083F8D02000BF3437BD465DF8047B704700BF0040084080B586B000AF786044
:2035E00039600023FB6007F10C03184600F05AF83B681A683B685B6813433B6100237B6191
:203600003B6903F00053002B1ED0FA687B681B68D2B283F8DE203B681B6803F00053002B4B
:2036200004D07B6943F480737B6103E07B6943F480637B613B689B6803F00053002B03D025
:203640007B6943F001037B613B6903F08043002B1ED0FA687B681B68D2B283F8DF203B6897
:203660001B6803F08043002B04D07B6943F400737B6103E07B6943F400637B613B689B68C5
:2036800003F08043002B03D07B6943F002037B617B681B687A6992B25A8200BF1837BD4604
:2036A00080BDFFFF80B584B000AF78600420FFF739FDB860BB680D4AA2FB03239B0941F263
:2036C000360202FB03F30A4AA2FB03239B0C0133FB60FB68062B01D80723FB607B68FA683B
:2036E0001A6000BF1037BD4680BD00BFD34D621083DE1B4380B58CB000AF786039603B68C6
:203700001B6823F0C043BB627B685B685B697B623B685B6823F0C0433B623B689B6823F0DA
:20372000C043FB617B681B68BA6A92B29A807B681B683A6A92B29A827B681B68FA6992B2CB
:203740001A81BB6A1A0C7B681B6892B2DA803B6A1A0C7B681B6892B2DA82FB691A0C7B6841
:203760001B6892B25A8139687868FFF735FF3B68DB68BB610023FB85BB69002B70D0BB69A4
:203780001B89FB85BB691B8903F40063002B4BD07B681B68BA691289A3F890207B681B68C8
:2037A000BA695289A3F89C207B681B68BA699289A3F89E20BB691B687B617B681B687A69EB
:2037C00092B2A3F894207B691B0C9AB27B681B6822F4C04292B2A3F896207B695B0FDAB212
:2037E0007B681B6802F00302D2B283F89220BB695B683B617B681B683A6992B2A3F8982098
:203800003B691B0C9AB27B681B6822F4C04292B2A3F89A203B695B0FDAB27B681B6802F088
:203820000302D2B283F89320BB691B8903F40073002B15D0BB69997CBB69DA7C7B681B6876
:203840000A43D2B283F8A6207B681B68BA69D289A3F8A8207B681B68BA69128AA3F8AA2085
:203860007B681B68FA8DA3F890207B681B683A68128AA3F880207B6A1B79002B22D07B68B8
:203880001B681B889BB2FB60FB6823F01F03BA6ABA60BA68002A01D1202203E0BA68B2FA73
:2038A00082F2D2B29B1A1F33FB607B681B68FA6892B21A807B689A8AFB689BB213439AB2AF
:2038C0007B689A827B68034ADA6000BF3037BD4680BD00BF4344415280B582B000AF0346E1
:2038E0003A60FB710B46BB7197F90730002B06DBB97997F907303A681846FFF7DCFC00BFEC
:203900000837BD4680BDFFFF80B400AF094B0122A3F80421074BB3F804319BB2002BF9D19C
:20392000044B0122A3F8002100BFBD465DF8047B704700BF00C0014080B483B000AF0346ED
:20394000FB710D4B93F8A030C3F30013DBB2002BF7D1094AFB7982F8A030074B93F8A03041
:20396000C3F30013DBB2002BF7D100BF00BF0C37BD465DF8047B704700E0014080B582B027
:2039800000AF0346FB71FB79042B14D1174B93F8AA30C3F30013DBB2002BF7D1134B0122AA
:2039A00083F8AA20114B93F8AA30C3F30013DBB2002BF7D115E00D4B93F8AA30C3F300133D
:2039C000DBB2002BF7D1094B002283F8AA20074B93F8AA30DBB2002BF9D1FB791846FFF7AB
:2039E000ABFF00BF0837BD4680BD00BF00E0014080B483B000AF786039607B68052B04D190
:203A00003B681B68064A536103E03B681B68044A936100BF0C37BD465DF8047B704700BFE2
:203A2000080B002080B483B000AF0D4B93F82630DBB27B600A4B1B6A1B0E03F007033B6001
:203A4000084A7B6852F823203B6822FA03F3064A136000BF0C37BD465DF8047B704700BFDD
:203A600000E00140080B00209C49002080B500AF0B4B012283F81C210A4B0B4A1A62094B5E
:203A8000052283F82620FFF7CDFF084BF1221A73064B00221A72054BF0221A7300BF80BD9F
:203AA00000C0014000E00140111202200020004080B500AF0B4B0C4A1A600A4B0B4A5A60D1
:203AC000084B4FF400429A60064B094ADA60054B4FF400421A61034B064A5A61FFF7A2FFF6
:203AE00000BF80BD080B0020002D310100127A0000366E0100E1F50580B500AF1B4B4AF2A6
:203B00000352A3F8FE23FFF7FFFEFFF7D1FF174B002283F81324154B092283F8A22000F0ED
:203B200031F8124B002283F83620104B93F83C30C3F30003DBB2012BF7D10C4B41F21132B3
:203B40001A850A4B002283F82A20084B93F83C30C3F34013DBB2012BF7D1FFF787FF034BEC
:203B60004FF42542A3F8FE2300BF80BD00E0014080B483B000AF786000BF0C37BD465DF87A
:203B8000047B704780B500AF184B93F88034DBB2002B07D1154B93F88134C3F30103DBB2F2
:203BA000012B1CD0114B93F88034DBB2002B0DD10E4B012283F880240121C82000F042F8ED
:203BC0000A4B93F88034DBB2012BF9D1074B022283F88124054B002283F8802404E04FF480
:203BE0007A70FFF7C5FF00BF00BF80BD00E0014080B500AF074B002283F82820012000F019
:203C0000F3F9054B002283F8BB24012000F09CF900BF80BD0030084000E0014080B483B04A
:203C200000AF786000BF0C37BD465DF8047B704780B485B000AFF860B9607A603B6000BEB1
:203C400000BFFDE72DE9B04F90B000AFF861B9610023FB63FB69BA6902FB03F3BB63504B96
:203C60001B687B634F4A7B6BB2FBF3F33B63BB6B00223B617A61D7E904234FF000004FF00F
:203C80000001590141EAD261500102460B463969B2EB0108796963EB01094FF000024FF07F
:203CA00000034FEA890343EA98734FEA880290469946D7E904120B4618EB03033B60134668
:203CC00049EB03037B604FF000024FF00003D7E900894946CB00414643EA51734146CA00E0
:203CE000C7E90A23D7E90A23012B08D2BA6A3B6BB2FBF3F37B627B6A9B08FB6344E03B6B0A
:203D00009B00BA6BB2FBF3F3BB63BB6B0022BB60FA60D7E9028942464B464FF000004FF093
:203D20000001590141EAD261500102460B464146541A494663EB01054FF000024FF0000385
:203D4000AB0043EA9473A20014461D46434614EB030A4B4645EB030B4FF000024FF000033E
:203D60004FEACB0343EA5A734FEACA0292469B46C7E90AABD7E90A23012B02D2BB6AFB63AF
:203D800002E04FF0FF33FB63FB6B002B02D0F86B00F00AF800BF4037BD46BDE8B08F00BFDE
:203DA0009C49002000CA9A3BA0F101000028FBD1704700BF80B582B000AF0346FB71FB7924
:203DC000074A52F82330002B06D0FB79044A52F82330FA791046984700BF0837BD4680BDAF
:203DE000D447002080B582B000AF144BB3F82031BB80124BB3F840319AB2BB8813407B8086
:203E00000023FB710EE07A88FB7922FA03F303F00103002B03D0FB791846FFF7CBFFFB79A2
:203E20000133FB71FB790D2BEDD9044A7B88A2F8303100BF0837BD4680BD00BF0060004087
:203E400080B58AB000AF032000F0CEF8394B6FF0FF029A643B1D0C22FF21184603F0B4FDE1
:203E600000237B6221E0344A7B6A32F81330002B18D07B6A5B097B617B6A03F01F033B61A3
:203E80007B699B0028333B4453F8242C01213B6901FA03F3DB431A407B699B0028333B44A6
:203EA00043F8242C7B6A01337B627B6A5F2BDAD9224BBB6100233B6218E03B6A9B00BA69BB
:203EC0001A443B6A9B0028333B4453F8243C13601B493B6A9B0028333B4453F8242C3B6A8E
:203EE000A03341F823203B6A01333B623B6A022BE3D9032000F028F80023FB6112E00E4A73
:203F0000FB6932F81330002B09D00B4AFB6932F813300C4A1946FB69C03342F82310FB69C9
:203F20000133FB61FB695F2BE9D900BF00BF2837BD4680BD0080004010950200708000408D
:203F400000E100E00060004080B487B000AF0346FB7100237B61EFF31083FB60FB687B6123
:203F600001233B613B6983F3108800BFFB791A4A32F813309BB2002B09D0FB79164A32F87C
:203F8000132092B2013A91B2134A22F81310FB79114A32F813309BB2002B11D10F4BB3F8F7
:203FA000FE339AB20E4B13439AB2FB790D4931F81330DB439BB2094913409BB2A1F8FE332C
:203FC0007B69BB60BB6883F3108800BF00BF1C37BD465DF8047B70479049002000E0014038
:203FE00000A5FFFF0498020080B487B000AF0346FB7100237B61EFF31083FB60FB687B61A3
:2040000001233B613B6983F3108800BFFB79164A32F813309BB2002B0FD1144BB3F8FE339B
:204020009AB2FB79124931F8133013439AB20F49104B13439BB2A1F8FE33FB790A4A32F845
:20404000132092B2013291B2074A22F813107B69BB60BB6883F3108800BF00BF1C37BD46E1
:204060005DF8047B704700BF9049002000E001400498020000A5FFFF80B584B000AF7860AB
:204080007B68FB60144B1B68002B02D1124B134A1A60114B1B68BB60FB68033323F0030322
:2040A000FB600D4B1A68FB6813440D4A934207D903F092FC03460C221A604FF0FF3306E03C
:2040C000054B1A68FB681344034A1360BB6818461037BD4680BD00BF98490020A0EE00201E
:2040E000A0EE002080B500AF00F00CF8F8F76EFD00BFFDE780B400AF00BE00BFBD465DF885
:20410000047B704780B584B000AF3A4B4FF47002C3F88820374B384A9A600020F8F742FD68
:20412000FFF7EAFC0120F8F73DFD334B1B68A3F500633B603B6883F30A8800BF2F4A304B64
:20414000D31A1A4600212E4803F03EFC2D4A2E4BD31A1A462D492C4803F046FC2C4A2D4B04
:20416000D31A9B107B600023FB6007E0294AFB6852F823309847FB680133FB60FA687B68DE
:204180009A42F3DBFFF74EFCFFF732FD0320FFF72BFF0023BB6009E01F4ABB6808334FF69A
:2041A000FF7122F81310BB680133BB60BB68052BF2D90320FFF7C8FE0320FFF715FF174B54
:2041C00000225A60154B00229A60144B0022DA60124B00221A610320FFF7B6FE0220F8F7F4
:2041E000E1FCFFF72DFE0020FFF718FD00BF1037BD4680BD00ED00E0000001009CEE0020D8
:20420000280B0020D00A00208001002010A60200CC0A0020C80A0020000D084000000E406D
:2042200080B588B000AF786000237B617B68002B22D00823DB437A689A421BD808227B6884
:2042400013447B607B6803F00703002B14D07B6803F00703C3F108033B613B69DB437A685E
:204260009A4204D87A683B6913447B6004E000237B6001E000237B6001F066FC624B1B688A
:20428000002B01D100F048F97B68002BC0F2A9807B68002B00F0A5805C4B1B687A689A42FC
:2042A00000F29F805A4BBB61594B1B68FB61FB69584A934203D3FB69574A934218D9574B8B
:2042C000574AF5215748FFF7B3FCFB69BB61FB691B68FB61FB694F4A934203D3FB694E4A7C
:2042E000934205D94D4B4E4AFB214E48FFF7A0FCFB695B687A689A4203D9FB691B68002BC4
:20430000E3D1414B1B68FA699A426AD0BB691B68082213447B617B693E4A934203D37B6962
:204320003D4A934206D9404B3D4A40F205113D48FFF77EFCFB691A68BB691A60FB695B6848
:204340007A689A4206D9394B354A40F20D113548FFF76EFCFB695A687B68D21A08235B0015
:204360009A421FD9FA697B681344FB60FB6803F00703002B06D02E4B294A4FF48B71294874
:20438000FFF756FCFB695A687B68D21AFB685A60FB697A685A60BB691A68FB681A60BB691C
:2043A000FA681A60194B1A68FB695B68D31A174A1360164B1A681F4B1B689A4203D2134B74
:2043C0001B681C4A1360FB695B6843F00042FB695A60FB6900221A60174B1B680133164A4E
:2043E000136001F0BFFB7B6903F00703002B06D0124B0B4A40F257110A48FFF719FC7B6930
:2044000018462037BD4680BDA8E90020ACE90020A0E90020A04900209FE900200C98020041
:204420005C9B020080980200C09802003499020068990200B0E90020B4E900209C99020090
:2044400080B584B000AF78607B68FB607B68002B4CD008235B42FA681344FB60FB68BB60AA
:20446000BB68244A934203D3BB68234A934206D9224B234A4FF4B5712248FFF7D9FBBB6822
:204480005B68002B06DB204B1D4A40F26B111D48FFF7CEFBBB681B68002B06D01B4B184A3A
:2044A0004FF4B6711748FFF7C3FBBB685B68002B1CDABB681B68002B18D1BB685B6823F0C5
:2044C0000042BB685A6001F03FFBBB685A68104B1B6813440E4A1360B86800F077F80D4BD6
:2044E0001B6801330B4A136001F03CFB00BF1037BD4680BDA04900209FE90020D8990200AB
:204500006C9B020080980200489A0200BC9A0200ACE90020B8E9002080B485B000AF4FF46B
:204520002043BB60244BFB60FB6803F00703002B0CD0FB680733FB60FB6823F00703FB60F9
:20454000BA68FB68D31A1C4A1344BB60FB681B4A13601A4B00225A60FA68BB6813447B60DE
:2045600008227B689B1A7B607B6823F007037B607B68134A1360124B1B6800225A60104BF9
:204580001B6800221A60FB683B603B687A68D21A3B685A600A4B1A683B681A603B685B68D6
:2045A000084A13603B685B68074A136000BF1437BD465DF8047B7047A0490020A0E90020C2
:2045C000A8E90020B0E90020ACE9002080B584B000AF7860304BFB6002E0FB681B68FB60D3
:2045E000FB681B687A689A42F7D8FB682A4A93420ED0FB68294A934203D3FB68284A934293
:2046000006D9284B284A4FF4FD712848FFF710FBFB68BB60FB685B68BA6813447A689A42D9
:2046200008D1FB685A687B685B681A44FB685A60FB687B607B68BB607B685B68BA681A44F9
:20464000FB681B689A4218D1FB681A68184B1B689A420DD07B685A68FB681B685B681A447F
:204660007B685A60FB681B681A687B681A6008E00F4B1A687B681A6003E0FB681A687B680C
:204680001A60FA687B689A4202D0FB687A681A6000BF1037BD4680BDA0E90020A0490020F6
:2046A0009FE90020E49A0200789B020080980200A8E9002080B483B000AF78607B6803F12D
:2046C00008027B685A607B684FF0FF329A607B6803F108027B68DA607B6803F108027B6824
:2046E0001A617B6800221A6000BF0C37BD465DF8047B704780B483B000AF78607B6800223D
:204700001A6100BF0C37BD465DF8047B704780B485B000AF786039603B681B68BB60BB68A1
:20472000B3F1FF3F03D17B681B69FB600CE07B680833FB6002E0FB685B68FB60FB685B6813
:204740001B68BA689A42F6D2FB685A683B685A603B685B683A689A603B68FA689A60FB682A
:204760003A685A603B687A681A617B681B685A1C7B681A6000BF1437BD465DF8047B70470C
:2047800080B485B000AF78607B681B69FB607B685B687A6892689A607B689B687A68526869
:2047A0005A60FB685B687A689A4203D17B689A68FB685A607B6800221A61FB681B685A1EA7
:2047C000FB681A60FB681B6818461437BD465DF8047B704780B584B000AF78603960012332
:2047E000FB607B68BB60BB68002B06D13C4B3D4A40F237113C48FFF71BFABB68002B5ED0A8
:20480000BB68DB6B002B5AD0BB681A6CBB68DB6B0021A3FB0223002B00D001210B46002B4B
:204820004DD1F8F76FFBBB681A68BB68DB6BB968096C01FB03F31A44BB689A60BB680022AB
:204840009A63BB681A68BB685A60BB681A68BB68DB6B013BB968096C01FB03F31A44BB6886
:20486000DA60BB68FF2283F84420BB68FF2283F845203B68002B15D1BB681B69002B1BD046
:20488000BB681033184601F07DFC0346002B13D0164B4FF080525A60BFF34F8F00BFBFF366
:2048A0006F8F09E0BB6810331846FFF703FFBB6824331846FFF7FEFEF8F75CFB01E0002341
:2048C000FB60FB68002B06D1094B064A4FF4B6710548FFF7ADF9FB6818461037BD4680BDD9
:2048E000949B0200089F02009C9B020000ED00E0C89B020080B58AB002AFF860B960134689
:20490000FB710023FB61FB68002B2ED00021BA68FB68A3FB0223002B00D001210B46002B1E
:2049200023D1FB68BA6802FB03F313F14D0F1CD8FB68BA6802FB03F3BB61BB694C33184622
:20494000FFF76EFCF861FB69002B18D0FB697B617B694C337B61FA79FB69009313467A6902
:20496000B968F86800F016F809E0FB69002B06D1054B064A40F22A210548FFF759F9FB6953
:2049800018462037BD4680BDEC9B02001C9F02009C9B020080B584B000AFF860B9607A6040
:2049A000FB70BB68002B03D1BB69BA691A6002E0BB697A681A60BB69FA68DA63BB69BA683E
:2049C0001A640121B869FFF705FFBB6900229A6400BF1037BD4680BD80B582B000AF7860A4
:2049E0007B68002B0ED07B6800229A607B6800221A607B680022DA600023002200217868C8
:204A000000F08AF800BF0837BD4680BD80B586B000AF0346FB7101237B6100233B61FB79E4
:204A20001A4639697869FFF765FFF860F868FFF7D3FFFB6818461837BD4680BD90B585B0EF
:204A400000AF78607B68BB60BB68002B06D1134B134A40F2FB211348FFF7EAF8BB689C6849
:204A600001F0A6FD03469C4211D1BB68DB685A1EBB68DA60BB68DB68002B05D100230022B2
:204A80000021B86800F048F80123FB6001E00023FB60FB6818461437BD4690BDF89B0200D6
:204AA000309F02009C9B020090B585B000AF786039607B68BB60BB68002B06D1134B144A73
:204AC00040F237311348FFF7B3F8BB689C6801F06FFD03469C4207D1BB68DB685A1CBB68BE
:204AE000DA600123FB600CE03968B86800F0B6FAF860FB68002B04D0BB68DB685A1CBB68F7
:204B0000DA60FB6818461437BD4690BDF89B02004C9F02009C9B020080B58AB000AFF860CE
:204B2000B9607A603B6000237B62FB683B623B6A002B06D1794B7A4A40F2B6317948FFF7E8
:204B400077F8BB68002B0AD13B6A1B6C002B06D0754B734A40F2B7317248FFF769F83B6845
:204B6000022B0AD13B6ADB6B012B06D06F4B6C4A4FF46E716B48FFF75BF801F029FD034652
:204B8000002B00D009E07B68002B06D0684B644A40F2BB316348FFF74BF8F8F7B3F93B6AAA
:204BA0009A6B3B6ADB6B9A4202D33B68022B49D13B6A9B6BFB613A68B968386A00F062FBB1
:204BC000B8613B6A9B6C002B15D03B68022B02D1FB69002B32D1386A00F0F4FC0346002BD5
:204BE0002CD0544B4FF080525A60BFF34F8F00BFBFF36F8F22E03B6A5B6A002B11D03B6A33
:204C00002433184601F0BEFA0346002B16D0494B4FF080525A60BFF34F8F00BFBFF36F8F7E
:204C20000CE0BB69002B09D0424B4FF080525A60BFF34F8F00BFBFF36F8F00BFF8F79AF9C8
:204C4000012366E07B68002B03D1F8F793F900235FE07B6A002B06D107F11003184601F0EA
:204C60006BFB01237B62F8F785F900F06DFFF8F749F93B6A93F844305BB2B3F1FF3F03D16C
:204C80003B6A002283F844203B6A93F845305BB2B3F1FF3F03D13B6A002283F84520F8F770
:204CA00069F93A1D07F110031146184601F05AFB0346002B25D1386A00F0E9FB0346002BE1
:204CC00019D03B6A10337A681146184601F0ECF9386A00F067FB00F045FF0346002B7FF487
:204CE0005CAF144B4FF080525A60BFF34F8F00BFBFF36F8F0CE0386A00F054FB00F032FF92
:204D00004BE7386A00F04EFB00F02CFF002300E043E718462837BD4680BD00BF949B020051
:204D2000689F02009C9B0200089C0200609C0200B09C020000ED00E080B58EB000AFF860F8
:204D4000B9607A603B60FB683B633B6B002B06D14F4B504A40F291414F48FEF769FFBB68CD
:204D6000002B0AD13B6B1B6C002B06D04B4B494A40F292414848FEF75BFF3B68022B0AD147
:204D80003B6BDB6B012B06D0454B424A40F293414148FEF74DFFF8F72BF9EFF31183BB6194
:204DA000BB69FB621023FB61FB6983F3118800BF3B6B9A6B3B6BDB6B9A4202D33B68022B99
:204DC00059D13B6B93F8453087F82B303B6B9B6B7B623A68B968386B00F054FA97F92B3011
:204DE000B3F1FF3F29D13B6B9B6C002B12D03B68022B02D17B6A002B3AD1386B00F0E2FBEF
:204E00000346002B34D07B68002B31D07B6801221A602DE03B6B5B6A002B29D03B6B2433F2
:204E2000184601F0AFF90346002B21D07B68002B1ED07B6801221A601AE000F0AFFF386268
:204E400097F92B303A6A9A4212D997F92B307F2B06D1144B0F4A40F21F510F48FEF7E8FE04
:204E600097F82B300133DBB25AB23B6B83F8452001237B6301E000237B63FB6A7B617B69EC
:204E800083F3118800BF7B6B18463837BD4680BD949B02007C9F02009C9B0200089C020024
:204EA000609C0200049D020080B58AB000AFF860B9607A6000237B62FB683B623B6A002B18
:204EC00006D1604B604A40F2EA516048FEF7B0FEBB68002B0AD13B6A1B6C002B06D05C4BF1
:204EE000594A40F2EE515948FEF7A2FE01F070FB0346002B00D009E07B68002B06D0554B5B
:204F0000514A40F2F3515148FEF792FEF7F7FAFF3B6A9B6BFB61FB69002B21D0B968386A31
:204F200000F01AFAFB695A1E3B6A9A633B6A1B69002B11D03B6A1033184601F023F903461E
:204F4000002B09D0444B4FF080525A60BFF34F8F00BFBFF36F8F00BFF8F70CF801236CE0D2
:204F60007B68002B03D1F8F705F8002365E07B6A002B06D107F11403184601F0DDF90123BC
:204F80007B62F7F7F7FF00F0DFFDF7F7BBFF3B6A93F844305BB2B3F1FF3F03D13B6A0022AE
:204FA00083F844203B6A93F845305BB2B3F1FF3F03D13B6A002283F84520F7F7DBFF3A1DE4
:204FC00007F114031146184601F0CCF90346002B24D1386A00F045FA0346002B18D03B6A1C
:204FE00024337A681146184601F05EF8386A00F0D9F900F0B7FD0346002B87D1164B4FF008
:2050000080525A60BFF34F8F00BFBFF36F8F13E0386A00F0C7F900F0A5FD77E7386A00F03E
:20502000C1F900F09FFD386A00F01BFA0346002B3FF46CAF002300E068E718462837BD46AF
:2050400080BD00BFA89D0200989F02009C9B0200B49D0200B09C020000ED00E080B58AB0BE
:2050600000AF7860396000237B627B68FB6100233B62FB69002B06D1704B714A40F284611E
:205080007048FEF7D5FDFB691B6C002B06D06E4B6B4A4FF4D1616B48FEF7CAFD01F098FAD0
:2050A0000346002B00D009E03B68002B06D0674B634A40F28D616348FEF7BAFDF7F722FF3A
:2050C000FB699B6BBB61BB69002B26D0BB695A1EFB699A63FB691B68002B04D101F06CFCC8
:2050E0000246FB699A60FB691B69002B11D0FB691033184601F046F80346002B09D0544BF6
:205100004FF080525A60BFF34F8F00BFBFF36F8F00BFF7F72FFF01238CE03B68002B03D1B8
:20512000F7F728FF002385E07B6A002B06D107F10C03184601F000F901237B62F7F71AFF94
:2051400000F002FDF7F7DEFEFB6993F844305BB2B3F1FF3F03D1FB69002283F84420FB69A7
:2051600093F845305BB2B3F1FF3F03D1FB69002283F84520F7F7FEFE3A4607F10C0311463E
:20518000184601F0EFF80346002B33D1F86900F068F90346002B27D0FB691B68002B09D158
:2051A000F7F7B0FEFB699B68184601F02FFA3862F7F7E0FEFB6924333A681146184600F00C
:2051C00073FFF86900F0EEF800F0CCFC0346002B7FF474AF1E4B4FF080525A60BFF34F8FA0
:2051E00000BFBFF36F8F24E0F86900F0DBF800F0B9FC63E7F86900F0D5F800F0B3FCF8690B
:2052000000F02FF90346002B3FF458AF3B6A002B0DD0F7F777FEF86900F01CF87861FB6916
:205220009B687969184601F01BFBF7F7A3FE002300E043E718462837BD4680BDA89D020024
:20524000A89F02009C9B0200289D0200B09C020000ED00E080B485B000AF78607B685B6A52
:20526000002B06D07B681B6B1B68C3F10F03FB6001E00023FB60FB6818461437BD465DF85D
:20528000047B704780B586B000AFF860B9607A6000237B61FB689B6B3B61FB681B6C002B5A
:2052A0000DD1FB681B68002B4DD1FB689B68184601F03EFA7861FB6800229A6043E07B6896
:2052C000002B19D1FB685868FB681B6C1A46B96802F08AFBFB685A68FB681B6C1A44FB68E4
:2052E0005A60FB685A68FB689B689A422BD3FB681A68FB685A6026E0FB68D868FB681B6CFA
:205300001A46B96802F070FBFB68DA68FB681B6C5B421A44FB68DA60FB68DA68FB681B68FD
:205320009A4207D2FB689A68FB681B6C5B421A44FB68DA607B68022B05D13B69002B02D04A
:205340003B69013B3B613B695A1CFB689A637B6918461837BD4680BD80B582B000AF786098
:2053600039607B681B6C002B18D07B68DA687B681B6C1A447B68DA607B68DA687B689B6802
:205380009A4203D37B681A687B68DA607B68D9687B681B6C1A46386802F026FB00BF08373A
:2053A000BD4680BD80B584B000AF7860F7F7AAFD7B6893F84530FB731EE07B689B6C002BC4
:2053C00008D0786800F0FEF80346002B10D001F02FF80DE07B685B6A002B12D07B682433E7
:2053E000184600F0CFFE0346002B01D001F020F8FB7B013BDBB2FB7397F90F30002BDCDCE5
:2054000000E000BF7B68FF2283F84520F7F7B2FDF7F778FD7B6893F84430BB7311E07B6825
:205420001B69002B12D07B681033184600F0AAFE0346002B01D000F0FBFFBB7B013BDBB291
:20544000BB7397F90E30002BE9DC00E000BF7B68FF2283F84420F7F78DFD00BF1037BD465D
:2054600080BD80B584B000AF7860F7F74BFD7B689B6B002B02D10123FB6001E00023FB6004
:20548000F7F778FDFB6818461037BD4680BD80B584B000AF7860F7F735FD7B689A6B7B6886
:2054A000DB6B9A4202D10123FB6001E00023FB60F7F760FDFB6818461037BD4680BDFFFF88
:2054C00080B584B000AF786039600023BB607B68002B06D11D4B1E4A40F6CD311D48FEF7C2
:2054E000A7FB3B68002B24D00023FB601EE01A4AFB68DB0013445B687A689A4205D1FB6819
:20550000DB00154A1344BB6013E0BB68002B0AD1114AFB6852F83330002B04D1FB68DB001A
:205520000D4A1344BB60FB680133FB60FB68312BDDD9BB68002B05D0BB683A681A60BB68B6
:205540007A685A6000BF1037BD4680BDA49E0200BC9F02009C9B0200BCE9002080B586B05F
:2055600000AFF860B9607A60FB687B61F7F7CAFC7B6993F844305BB2B3F1FF3F03D17B69B4
:20558000002283F844207B6993F845305BB2B3F1FF3F03D17B69002283F84520F7F7EAFCA9
:2055A0007B699B6B002B06D17B6924337A68B968184600F09FFD7869FFF7F4FE00BF183700
:2055C000BD4680BD80B586B000AF78607B689B6C3B6100237B613B69002B06D12B4B2C4A82
:2055E00040F6FC412B48FEF723FB3B699A6B3B69DB6B9A4206D3284B254A40F6FD412548A7
:20560000FEF716FB3B699A6B3B69DB6B9A4238D23B6993F84530FB733B1D0022194638697F
:20562000FFF730FE786197F90F30B3F1FF3F0ED13B695B6A002B24D03B692433184600F00C
:20564000A1FD0346002B1CD001237B6119E000F0A5FBB86097F90F30BA689A4211D997F964
:205660000F307F2B06D10D4B094A40F61D510948FEF7DEFAFB7B0133DBB25AB23B6983F89B
:2056800045207B6918461837BD4680BDAC9E0200D09F02009C9B0200C09E0200049D0200DB
:2056A00080B58AB004AFF860B9607A603B607B689B001846FEF7B4FD38613B69002B13D015
:2056C0006C20FEF7ADFD78617B69002B08D06C220021786902F078F97B693A691A6305E003
:2056E0003869FEF7ADFE01E000237B617B69002B0DD0002303937B6902937B6A01933B6A4D
:2057000000933B687A68B968F86800F029F87B6918461837BD4680BD80B588B002AFF86098
:20572000B9607A603B607B6A01933B6A00933B687A68B968F868FFF7B3FF38613B69002B14
:2057400005D0386900F0A2F801237B6102E04FF0FF337B617B6918461837BD4680BDFFFF4B
:2057600080B586B000AFF860B9607A603B60BB6A186B7B689B001A46A52102F025F9BB6AA8
:205780001A6B7B6803F18043013B9B0013443B613B6923F007033B613B6903F00703002BF7
:2057A00006D0364B364A40F22E713648FEF740FABB6A3A695A64BB68002B20D000237B61D1
:2057C00014E0BA687B69134493F90010BA6A7B69134434330A461A70BA687B69134493F953
:2057E0000030002B06D07B6901337B617B690F2BE7D900E000BFBB6A002283F843203B6A3D
:205800000E2B06D9204B1E4A40F264711D48FEF70FFA3B6A0E2B01D90E233B62BB6A3A6AE4
:20582000DA62BB6A3A6A9A64BB6A04331846FEF761FFBB6A18331846FEF75CFFBB6ABA6AEF
:205840001A613B6AC3F10F02BB6A9A61BB6ABA6A5A62BB6A196B3B68FA683869F7F7F6FA11
:205860000246BB6A1A607B6A002B02D07B6ABA6A1A6000BF1837BD4680BD00BFF09F02003E
:2058800078A3020034A0020060A0020080B584B000AF7860F7F736FB414B1B680133404A37
:2058A0001360404B1B68002B09D13E4A7B6813603B4B1B68012B10D100F0E0FD0DE03A4B2F
:2058C0001B68002B09D1374B1B68DA6A7B68DB6A9A4202D8334A7B681360344B1B68013310
:2058E000324A13607B68DA6A314B1B689A4203D97B68DB6A2E4A13607B68DA6A2D491346D2
:205900009B0013449B000B4404331B68FB607B68FA689A60FB689A687B68DA60FB689B686F
:205920007A6804325A607B681A1DFB689A607B68DA6A13469B0013449B001E4A1A447B6868
:205940005A617B68DA6A1B4913469B0013449B000B441B687A68D26A591C164813469B0064
:2059600013449B0003441960F7F704FB0E4B1B68002B10D00B4B1B68DA6A7B68DB6A9A4280
:2059800009D20D4B4FF080525A60BFF34F8F00BFBFF36F8F00BF00BF1037BD4680BD00BF46
:2059A000ECEC00204CEB0020F8EC002008ED0020F4EC002050EB002000ED00E080B584B0EE
:2059C00000AF78600023FB607B68002B13D000F0BBF8114B1B68012B06D0104B104A40F662
:2059E0008E111048FEF724F90021786800F0FCFF00F0B8F8F860FB68002B09D10A4B4FF0BE
:205A000080525A60BFF34F8F00BFBFF36F8F00BF00BF1037BD4680BD14ED0020BCA0020077
:205A200090A3020034A0020000ED00E080B58AB002AF0123FB6100233B6100237B6113E03D
:205A40001D4A7B69134493F900103A467B6913440A461A703A467B69134493F90030002BD1
:205A600006D07B6901337B617B690F2BE8DD00E000BF0023BB6115E0104B3B61BB699B00F0
:205A80000F4A13443946019300230093002380223869FFF741FEF861FB69002B06D0BB6910
:205AA0000133BB61BB69002BE6DD00E000BFFB6918462037BD4680BD08A102004964020032
:205AC00010ED002080B582B000AFFFF7AFFF78607B68012B02D100F0F7FF78607B68012B68
:205AE00012D101233B603B6883F3108800BF0F4B4FF0FF321A600E4B01221A600D4B0022E0
:205B00001A60F7F7E7F90AE07B68B3F1FF3F06D1094B0A4A40F6A9610948FEF789F8094BB4
:205B20001B6800BF0837BD4680BD00BF0CED0020F8EC0020F0EC002010A102009CA30200D8
:205B400034A00200EC9F020080B400AF044B1B680133034A136000BFBD465DF8047B7047EC
:205B600014ED002080B588B000AF0023FB610023BB61F7F7C7F900233B61744B1B68002B50
:205B800006D1734B734A40F68B717348FEF750F86E4B1B68013B6D4A13606C4B1B68002B82
:205BA00040F0CD806D4B1B68002B00F0C8808FE06B4BDB68DB68FB61FB699B6AFB60FB699B
:205BC000DB69FA69126A9A60FB691B6AFA69D2695A60FB685A68FB6918339A4203D1FB697F
:205BE0001A6AFB685A60FB6900229A62FB681B685A1EFB681A60FB695B69BB60FB699B689D
:205C0000FA69D2689A60FB69DB68FA6992685A60BB685A68FB6904339A4203D1FB69DA6859
:205C2000BB685A60FB6900225A61BB681B685A1EBB681A60FB69DA6A4A4B1B689A4203D913
:205C4000FB69DB6A474A1360FB69DA6A464913469B0013449B000B4404331B687B60FB6932
:205C60007A689A607B689A68FB69DA607B689B68FA6904325A60FB691A1D7B689A60FB69B0
:205C8000DA6A13469B0013449B00374A1A44FB695A61FB69DA6A344913469B0013449B00D1
:205CA0000B441B68FA69D26A591C2F4813469B0013449B0003441960FB69DA6A2B4B1B6840
:205CC000DB6A9A4204D92A4A3B69012142F82310234B1B68002B7FF46BAFFB69002B01D016
:205CE00000F04AFC234B1B687B617B69002B12D000F060F80346002B04D01D4A3B690121F3
:205D000042F823107B69013B7B617B69002BEFD1184B00221A60164A3B6952F82330002B80
:205D20000DD00123BB61114B1B68134B4FF080525A60BFF34F8F00BFBFF36F8F00BFF7F792
:205D400019F9BB6918462037BD4680BD14ED002024A10200B0A3020034A00200ECEC00200D
:205D6000ACEC0020F4EC002050EB00204CEB002000ED0020FCEC002000ED00E080B483B070
:205D800000AF054B1B687B607B6818460C37BD465DF8047B704700BFF0EC002080B400AFF6
:205DA000034B1B681846BD465DF8047B704700BFECEC002080B588B000AF0023FB617D4B0C
:205DC0001B68002B40F0EB807B4B1B680133BB61794ABB691360BB69002B1CD1774B1B6806
:205DE0001B68002B06D0764B764A41F25F217648FDF71EFF714B1B687B61744B1B686F4A06
:205E00001360724A7B691360714B1B680133704A136000F0B1FB6F4B1B68BA699A42C0F0D4
:205E2000A980664B1B681B68002B04D1694B4FF0FF321A609EE0614B1B68DB68DB683B6115
:205E40003B695B68FB60BA69FB689A4203D2614AFB6813608EE03B695B69BB603B699B6830
:205E60003A69D2689A603B69DB683A6992685A60BB685A683B6904339A4203D13B69DA68B7
:205E8000BB685A603B6900225A61BB681B685A1EBB681A603B699B6A002B1ED03B699B6A7E
:205EA0007B603B69DB693A69126A9A603B691B6A3A69D2695A607B685A683B6918339A42D5
:205EC00003D13B691A6A7B685A603B6900229A627B681B685A1E7B681A603B69DA6A3E4BBB
:205EE0001B689A4203D93B69DB6A3B4A13603B69DA6A3A4913469B0013449B000B440433AF
:205F00001B683B603B693A689A603B689A683B69DA603B689B683A6904325A603B691A1D8C
:205F20003B689A603B69DA6A13469B0013449B002A4A1A443B695A613B69DA6A2749134614
:205F40009B0013449B000B441B683A69D26A591C224813469B0013449B00034419603B69DA
:205F6000DA6A1F4B1B68DB6A9A427FF65AAF0123FB6156E71A4B1B68DA6A184913469B0013
:205F800013449B000B441B68012B01D90123FB61144B1B68002B07D00123FB6104E0124B12
:205FA0001B680133104A1360FB6918462037BD4680BD00BF14ED0020F0EC0020A4EC002078
:205FC00074A10200C0A3020034A00200A8EC002004ED00200CED0020F4EC002050EB002036
:205FE0004CEB002000ED0020FCEC002080B582B000AF254B1B68002B03D0244B01221A6022
:206000003EE0224B00221A60214B1B687B600CE07B68002B06D11F4B1F4A41F2FA311F4826
:20602000FDF706FE7B68013B7B601D497A6813469B0013449B000B441B68002BE8D07A68A9
:2060400013469B0013449B00154A13443B603B685B685A683B685A603B685A683B68083341
:206060009A4203D13B68DA683B685A603B685B68DB680C4A1360064A7B681360094B1B683F
:2060800000BF0837BD4680BD14ED002000ED0020F4EC0020ECA10200D4A3020034A00200B6
:2060A00050EB00204CEB002080B582B000AF786039607B68002B06D10A4B0B4A4FF4A451E0
:2060C0000A48FDF7B5FD0A4B1B68183319467868FEF71DFB0121386800F086FC00BF083727
:2060E000BD4680BDFCA10200E8A3020034A002004CEB002080B586B000AFF860B9607A60A2
:20610000FB68002B06D11B4B1B4A41F2BE411B48FDF78EFDFB685B687B61194B1B687A696F
:20612000DA61174B1B687A6992681A62144B1A687B699B6818325A60114B1B6803F118022D
:206140007B699A600E4B1B68FA689A62FB681B685A1CFB681A607B68002B02D04FF0FF339D
:20616000BB607968B86800F03FFC00BF1837BD4680BD00BFFCA1020000A4020034A00200B0
:206180004CEB002080B588B000AF78607B68DB68DB68BB61BB69002B06D15E4B5E4A41F285
:2061A000F5415E48FDF744FDBB699B6A7B61BB69DB69BA69126A9A60BB691B6ABA69D269C1
:2061C0005A607B695A68BB6918339A4203D1BB691A6A7B695A60BB6900229A627B691B6851
:2061E0005A1E7B691A604E4B1B68002B61D1BB695B69FB60BB699B68BA69D2689A60BB696B
:20620000DB68BA6992685A60FB685A68BB6904339A4203D1BB69DA68FB685A60BB6900226B
:206220005A61FB681B685A1EFB681A60BB69DA6A3C4B1B689A4203D9BB69DB6A394A1360DF
:20624000BB69DA6A384913469B0013449B000B4404331B68BB60BB69BA689A60BB689A68E6
:20626000BB69DA60BB689B68BA6904325A60BB691A1DBB689A60BB69DA6A13469B0013445C
:206280009B00294A1A44BB695A61BB69DA6A264913469B0013449B000B441B68BA69D26AC5
:2062A000591C214813469B0013449B00034419601BE01E4B5B683B61BB693A69DA613B69F1
:2062C0009A68BB691A623B699B68BA6918325A60BB6903F118023B699A60BB69134A9A6201
:2062E000124B1B680133114A1360BB69DA6A104B1B68DB6A9A4205D90123FB610D4B01227C
:206300001A6001E00023FB61FB6918462037BD4680BD00BF34A2020020A4020034A0020017
:2063200014ED0020F4EC002050EB0020ACEC00204CEB002000ED002080B483B000AF7860D7
:20634000064B1A687B681A60054B1A687B685A6000BF0C37BD465DF8047B704704ED0020FD
:20636000F0EC002080B586B000AF786039607B68002B06D1284B294A41F2A5512848FDF73E
:2063800057FC3B68002B06D1264B244A41F2A6512348FDF74DFCF6F7B5FD234B1B683B6128
:2063A0007B685B683A69D31AFB603B681B68B3F1FF3F02D100237B6126E07B681A681B4BA1
:2063C0001B689A420AD07B685B683A699A4205D301237B613B6800221A6015E03B681B682D
:2063E000FA689A420BD23B681A68FB68D21A3B681A607868FFF7A0FF00237B6104E03B68F6
:2064000000221A6001237B61F6F7B4FD7B6918461837BD4680BD00BF44A202003CA40200E8
:2064200034A0020050A20200F0EC002004ED002080B400AF034B01221A6000BFBD465DF8A0
:20644000047B704700ED002080B582B000AF786000F054F8074B1B68012BF9D9064B4FF06C
:2064600080525A60BFF34F8F00BFBFF36F8F00BFEEE700BF50EB002000ED00E080B582B0AF
:2064800000AF00237B600CE07A6813469B0013449B00124A13441846FEF70CF97B68013379
:2064A0007B607B680E2BEFD90D48FEF703F90D48FEF700F90C48FEF7FDF80C48FEF7FAF81B
:2064C0000B48FEF7F7F80B4B054A1A600A4B054A1A6000BF0837BD4680BD00BF50EB0020F0
:2064E0007CEC002090EC0020ACEC0020C0EC0020D8EC0020A4EC0020A8EC002080B582B045
:2065000000AF19E0F6F7FEFC104BDB68DB687B607B6804331846FEF733F90D4B1B68013B80
:206520000B4A13600B4B1B68013B0A4A1360F6F721FD786800F010F8064B1B68002BE1D123
:2065400000BF00BF0837BD4680BD00BFC0EC0020ECEC0020D4EC002080B582B000AF7860ED
:206560007B681B6B1846FDF76BFF7868FDF768FF00BF0837BD4680BD80B400AF0A4B1B68C2
:206580001B68002B04D1094B4FF0FF321A6005E0054B1B68DB681B68044A136000BFBD4639
:2065A0005DF8047B704700BFA4EC00200CED002080B483B000AF054B1B687B607B681846C3
:2065C0000C37BD465DF8047B704700BF4CEB002080B483B000AF0B4B1B68002B02D10123C3
:2065E0007B6008E0084B1B68002B02D102237B6001E000237B607B6818460C37BD465DF849
:20660000047B7047F8EC002014ED002080B586B000AF78607B683B6100237B617B68002BA1
:206620007BD03B69DA6A3F4B1B68DB6A9A426BD23B699B69002B06DB3A4B1B68DB6AC3F107
:206640000F023B699A613B6959693B69DA6A13469B0013449B00344A134499424CD13B69E5
:2066600004331846FEF78CF82E4B1B68DA6A3B69DA623B69DA6A2D4B1B689A4203D93B69AD
:20668000DB6A2A4A13603B69DA6A274913469B0013449B000B4404331B68FB603B69FA6826
:2066A0009A60FB689A683B69DA60FB689B683A6904325A603B691A1DFB689A603B69DA6A84
:2066C00013469B0013449B00174A1A443B695A613B69DA6A144913469B0013449B000B443C
:2066E0001B683A69D26A591C0F4813469B0013449B000344196004E00A4B1B68DA6A3B6922
:20670000DA6201237B6108E03B699A6C054B1B68DB6A9A4201D201237B617B691846183753
:20672000BD4680BD4CEB002050EB0020F4EC002080B586B000AF78607B683B6100237B61F7
:206740007B68002B78D03F4B1B683A699A4206D03D4B3E4A41F628213D48FDF769FA3B6971
:20676000DB6C002B06D13B4B384A41F629213848FDF75EFA3B69DB6C5A1E3B69DA643B6992
:20678000DA6A3B699B6C9A4256D03B69DB6C002B52D13B6904331846FDF7F2FF3B699A6C07
:2067A0003B69DA623B69DB6AC3F10F023B699A613B69DA6A284B1B689A4203D93B69DB6A2D
:2067C000254A13603B69DA6A244913469B0013449B000B4404331B68FB603B69FA689A6038
:2067E000FB689A683B69DA60FB689B683A6904325A603B691A1DFB689A603B69DA6A1346E4
:206800009B0013449B00154A1A443B695A613B69DA6A124913469B0013449B000B441B68D4
:206820003A69D26A591C0D4813469B0013449B000344196001237B617B6918461837BD4675
:2068400080BD00BF4CEB002078A2020054A4020034A0020090A20200F4EC002050EB00206A
:2068600080B588B000AF786039607B68BB6101237B617B68002B00F08D80BB69DB6C002BEB
:2068800006D1464B464A41F686214648FDF7D0F9BB699B6C3A689A4202D93B68FB6102E072
:2068A000BB699B6CFB61BB69DB6AFA699A4271D0BB69DB6C7A699A426CD13B4B1B68BA69D5
:2068C0009A4206D1394B364A41F6A1213548FDF7AFF9BB69DB6A3B61BB69FA69DA62BB6903
:2068E0009B69002B04DBFB69C3F10F02BB699A61BB6959693A6913469B0013449B002C4A5D
:206900001344994246D1BB6904331846FDF738FFBB69DA6A274B1B689A4203D9BB69DB6ACC
:20692000244A1360BB69DA6A214913469B0013449B000B4404331B68FB60BB69FA689A60DA
:20694000FB689A68BB69DA60FB689B68BA6904325A60BB691A1DFB689A60BB69DA6A134682
:206960009B0013449B00124A1A44BB695A61BB69DA6A0F4913469B0013449B000B441B6879
:20698000BA69D26A591C0A4813469B0013449B000344196000BF2037BD4680BD90A20200A1
:2069A0006CA4020034A002004CEB0020A8A2020050EB0020F4EC002080B483B000AF094B87
:2069C0001B687B607B68002B04D07B68DB6C5A1C7B68DA647B6818460C37BD465DF8047B5B
:2069E000704700BF4CEB002080B588B000AF786039602F4B1B68FB612E4B1B68BB612E4B53
:206A00001B687B612D4B1B6804331846FDF7B8FE7B68B3F1FF3F24D13B68002B21D0284BF1
:206A20005B683B61254B1B683A699A60234B1B683A699268DA60214B1A683B699B680432D4
:206A40005A601E4B1B681A1D3B699A601B4B1B681B4A5A611A4B1B680133194A136000BF01
:206A600022E0FA697B681344FB60144B1B68FA685A60FA68FB699A4207D2104B1B6804338E
:206A800019467869FDF743FE0EE00C4B1B6804331946B869FDF73BFE0A4B1B68FA689A42BF
:206AA00002D2084AFB68136000BF2037BD4680BDF0EC0020A4EC0020A8EC00204CEB0020CD
:206AC000D8EC00200CED002080B584B002AF00237B6000F0B3FA0F4B1B68002B0AD00E4BC9
:206AE000019303230093002380220C490C48FEF713FE78607B68002B06D10A4B0A4A4FF42C
:206B0000A3710A48FDF794F87B6818460837BD4680BD00BF48ED00204CED002090A402002C
:206B20008D6C020098A402008CA50200A0A4020080B588B002AFF860B9607A603B60282057
:206B4000FDF76EFB78617B69002B0DD07B69002283F824207B6901933B6A00933B687A6819
:206B6000B968F86800F006F87B6918461837BD4680BDFFFF80B584B000AFF860B9607A6074
:206B80003B60BB68002B06D1144B154A40F2A9111448FDF74DF800F051FAFB69FA681A607B
:206BA000FB69BA689A61FB693A68DA61FB69BA691A62FB6904331846FDF79CFD7B68002B7C
:206BC00008D0FB6993F8243043F00403DAB2FB6983F8242000BF1037BD4680BDCCA40200F9
:206BE000A4A50200A0A4020080B584B000AFF860B9607A6008E0FB689B69BA681344BB60BE
:206C0000FB681B6AF8689847FB689A69BB68D118BB687A68F86800F0E1F80346002BEAD17E
:206C200000BF00BF1037BD4680BDFFFF80B584B000AF78603960144B1B68DB68DB68FB6005
:206C4000FB6804331846FDF79BFDFB6893F8243003F00403002B05D03A687968F868FFF79B
:206C6000C3FF08E0FB6893F8243023F00103DAB2FB6883F82420FB681B6AF868984700BF7D
:206C80001037BD4680BD00BF40ED002080B584B000AF786007F10803184600F05BF8F86075
:206CA000BB681946F86800F005F800F0D9F800BFF0E7FFFF80B584B000AF78603960FEF732
:206CC00043FF07F10803184600F068F8F860BB68002B31D13B68002B0AD17A68FB689A424F
:206CE00006D8FEF73FFFF9687868FFF79FFF26E03B68002B08D0144B1B681B68002B01D1A0
:206D0000012300E000233B60104B18687A68FB68D31A3A681946FEF721FCFEF723FF034631
:206D2000002B0CD10A4B4FF080525A60BFF34F8F00BFBFF36F8F02E0FEF714FFFFE700BF9D
:206D40001037BD4680BD00BF44ED002048ED002000ED00E080B485B000AF78600E4B1B68AE
:206D60001B68002B01D1012200E000227B681A607B681B68002B05D1074B1B68DB681B680F
:206D8000FB6001E00023FB60FB6818461437BD465DF8047B704700BF40ED002080B584B02A
:206DA00000AF7860FEF7EAFFF8600B4B1B68FA689A4205D200F01CF97B6801221A6002E0C1
:206DC0007B6800221A60044AFB681360FB6818461037BD4680BD00BF50ED002080B586B041
:206DE00000AFF860B9607A603B6000237B61FB68BA685A60FB68FA681A61BA687B689A429F
:206E000012D87A683B68D21AFB689B699A4202D301237B611BE0104B1A68FB68043319462E
:206E20001046FDF774FC12E07A683B689A4206D2BA683B689A4202D301237B6107E0074BBE
:206E40001A68FB68043319461046FDF760FC7B6918461837BD4680BD44ED002040ED0020A2
:206E600080B586B000AF3B1D00221A605A609A60A5E07B68002BC0F2A280FB687B617B69C6
:206E80005B69002B04D07B6904331846FDF778FC3B461846FFF782FF38617B68013B082B0D
:206EA00000F28A8001A252F823F000BFD16E0200D16E0200396F02004D6F02008F6F02002D
:206EC000D16E0200D16E0200396F02004D6F02007B6993F8243043F00103DAB27B6983F8E3
:206EE0002420BA687B699B69D118BB683A697869FFF774FF0346002B60D07B6993F82430E4
:206F000003F00403002B09D0BA687B699B6913443A6919467869FFF767FE08E07B6993F87D
:206F2000243023F00103DAB27B6983F824207B691B6A7869984741E07B6993F8243023F097
:206F40000103DAB27B6983F8242038E07B6993F8243043F00103DAB27B6983F82420BA689B
:206F60007B699A617B699B69002B06D11C4B1D4A4FF482611C48FCF75BFE7B699A693B6919
:206F8000D1183B693A697869FFF728FF17E07B6993F8243003F00203002B03D17869FDF73D
:206FA0004FFA0CE07B6993F8243023F00103DAB27B6983F8242002E000BF00E000BF0B4BFD
:206FC0001B68391D00221846FDF76EFF0346002B7FF44FAF00BF00BF1837BD4680BD00BF46
:206FE0005CA50200BCA50200A0A4020048ED002080B582B000AF09E00E4B1B68DB681B68EF
:207000003B604FF0FF313868FFF710FE094B1B681B68002BF0D1074B1B687B60064B1B68F8
:20702000044A1360044A7B68136000BF0837BD4680BD00BF40ED002044ED002080B500AF6C
:20704000F5F760FF124B1B68002B1DD11148FDF731FB1148FDF72EFB104B0E4A1A60104B75
:207060000D4A1A6000220C210A20FDF743FC0346074A1360064B1B68002B05D0044B1B68E0
:2070800008491846FEF71CFAF5F774FF00BF80BD48ED002018ED00202CED002040ED0020DB
:2070A00044ED002084A5020081F0004102E000BF83F0004330B54FEA41044FEA430594EAE9
:2070C000050F08BF90EA020F1FBF54EA000C55EA020C7FEA645C7FEA655C00F0E2804FEAF7
:2070E0005454D4EB5555B8BF6D420CDD2C4480EA020281EA030382EA000083EA010180EADC
:20710000020281EA0303362D88BF30BD11F0004F4FEA01314FF4801C4CEA113102D04042FD
:2071200061EB410113F0004F4FEA03334CEA133302D0524263EB430394EA050F00F0A780E1
:20714000A4F10104D5F1200E0DDB02FA0EFC22FA05F2801841F1000103FA0EF2801843FA03
:2071600005F359410EE0A5F120050EF1200E012A03FA0EFC28BF4CF0020C43FA05F3C01837
:2071800051EBE37101F0004507D54FF0000EDCF1000C7EEB00006EEB0101B1F5801F1BD330
:2071A000B1F5001F0CD349085FEA30004FEA3C0C04F101044FEA445212F5800F80F09A80F7
:2071C000BCF1004F08BF5FEA500C50F1000041EB045141EA050130BD5FEA4C0C404141EB19
:2071E0000101013C28BFB1F5801FE9D291F0000F04BF01460020B1FA81F308BF2033A3F1E2
:207200000B03B3F120020CDA0C3208DD02F1140CC2F10C0201FA0CF021FA02F10CE002F1D9
:207220001402D8BFC2F1200C01FA02F120FA0CFCDCBF41EA0C019040E41AA2BF01EB04516F
:20724000294330BD6FEA04041F3C1CDA0C340EDC04F11404C4F1200220FA04F001FA02F317
:2072600040EA030021FA04F345EA030130BDC4F10C04C4F1200220FA02F001FA04F340EAEB
:207280000300294630BD21FA04F0294630BD94F0000F83F4801306BF81F480110134013D49
:2072A0004EE77FEA645C18BF7FEA655C29D094EA050F08BF90EA020F05D054EA000C04BFB0
:2072C0001946104630BD91EA030F1EBF0021002030BD5FEA545C05D14000494128BF41F0C3
:2072E000004130BD14F580043CBF01F5801130BD01F0004545F0FE4141F470014FF00000D5
:2073000030BD7FEA645C1ABF194610467FEA655C1CBF0B46024650EA013406BF52EA033583
:2073200091EA030F41F4002130BD00BF90F0000F04BF0021704730B54FF4806404F132045D
:207340004FF000054FF0000150E700BF90F0000F04BF0021704730B54FF4806404F1320452
:2073600010F0004548BF40424FF000013EE700BF42004FEAE2014FEA31014FEA02701FBFC9
:2073800012F07F4393F07F4F81F06051704732F07F4208BF704793F07F4F04BF41F4002134
:2073A000704730B54FF4607401F0004521F000411CE700BF50EA010208BF704730B54FF0F1
:2073C00000050AE050EA010208BF704730B511F0004502D5404261EB41014FF4806404F1D5
:2073E00032045FEA915C3FF4D8AE4FF003025FEADC0C18BF03325FEADC0C18BF033202EBBD
:20740000DC02C2F1200300FA03FC20FA02F001FA03FE40EA0E0021FA02F11444BDE600BFB7
:2074200070B54FF0FF0C4CF4E06C1CEA11541DBF1CEA135594EA0C0F95EA0C0F00F0DEF8A3
:207440002C4481EA030621EA4C5123EA4C5350EA013518BF52EA033541F4801143F48013A9
:2074600038D0A0FB02CE4FF00005E1FB02E506F00042E0FB03E54FF00006E1FB03569CF091
:20748000000F18BF4EF0010EA4F1FF04B6F5007F64F5407404D25FEA4E0E6D4146EB060684
:2074A00042EAC62141EA55514FEAC52040EA5E504FEACE2EB4F1FD0C88BFBCF5E06F1ED8D2
:2074C000BEF1004F08BF5FEA500E50F1000041EB045170BD06F0004646EA010140EA0200B7
:2074E00081EA0301B4EB5C04C2BFD4EB0C0541EA045170BD41F480114FF0000E013C00F3DD
:20750000AB8014F1360FDEBF002001F0004170BDC4F10004203C35DA0C341BDC04F1140472
:20752000C4F1200500FA05F320FA04F001FA05F240EA020001F0004221F0004110EBD37090
:2075400021FA04F642EB06015EEA430E08BF20EAD37070BDC4F10C04C4F1200500FA04F378
:2075600020FA05F001FA04F240EA020001F0004110EBD37041F100015EEA430E08BF20EAD2
:20758000D37070BDC4F1200500FA05F24EEA020E20FA04F301FA05F243EA020321FA04F024
:2075A00001F0004121FA04F220EA020000EBD3705EEA430E08BF20EAD37070BD94F0000FE1
:2075C0000FD101F00046400041EB010111F4801F08BF013CF7D041EA060195F0000F18BF1A
:2075E000704703F00046520043EB030313F4801F08BF013DF7D043EA0603704794EA0C0F1D
:207600000CEA135518BF95EA0C0F0CD050EA410618BF52EA4306D1D181EA030101F000419F
:207620004FF0000070BD50EA410606BF1046194652EA430619D094EA0C0F02D150EA013698
:2076400013D195EA0C0F05D152EA03361CBF104619460AD181EA030101F0004141F0FE41E5
:2076600041F470014FF0000070BD41F0FE4141F4780170BD70B54FF0FF0C4CF4E06C1CEAAC
:2076800011541DBF1CEA135594EA0C0F95EA0C0F00F0A7F8A4EB050481EA030E52EA0335F1
:2076A0004FEA013100F088804FEA03334FF0805545EA131343EA12634FEA022245EA11153B
:2076C00045EA10654FEA00260EF000419D4208BF964244F1FD0404F5407402D25B084FEA97
:2076E0003202B61A65EB03055B084FEA32024FF480104FF4002CB6EB020E75EB030E22BF19
:20770000B61A754640EA0C005B084FEA3202B6EB020E75EB030E22BFB61A754640EA5C00C4
:207720005B084FEA3202B6EB020E75EB030E22BFB61A754640EA9C005B084FEA3202B6EBB4
:20774000020E75EB030E22BFB61A754640EADC0055EA060E18D04FEA051545EA16754FEAB5
:2077600006164FEAC30343EA52734FEAC2025FEA1C1CC0D111F4801F0BD141EA00014FF002
:2077800000004FF0004CB6E711F4801F04BF01430020B4F1FD0C88BFBCF5E06F3FF6AFAE6F
:2077A000B5EB030C04BFB6EB020C5FEA500C50F1000041EB045170BD0EF0004E4EEA11314E
:2077C00014EB5C04C2BFD4EB0C0541EA045170BD41F480114FF0000E013C90E645EA060E43
:2077E0008DE60CEA135594EA0C0F08BF95EA0C0F3FF43BAF94EA0C0F0AD150EA01347FF44B
:2078000034AF95EA0C0F7FF425AF104619462CE795EA0C0F06D152EA03353FF4FDAE1046C3
:20782000194622E750EA410618BF52EA43067FF4C5AE50EA41047FF40DAF52EA43057FF478
:20784000EBAE12E74FEA4102B2F1E04324BFB3F5001CDCF1FE5C0DD901F0004C4FEAC00268
:207860004CEA5070B2F1004F40EB830008BF20F00100704711F0804F21D113F13872BCBFF8
:2078800001F00040704741F480114FEA5252C2F11802C2F1200C10FA0CF320FA02F018BFC5
:2078A00040F001004FEAC1234FEAD32303FA0CFC40EA0C0023FA02F34FEA4303CCE77FEA63
:2078C000625307D150EA01331EBF4FF0FE4040F44000704701F0004040F0FE4040F4000055
:2078E000704700BFD0B500220B4B06460F46FFF797FD00F015F80446FFF718FD0022074B24
:20790000FFF78EFD02460B4630463946FFF7D0FB00F006F82146D0BD0000F03D0000F04157
:207920004A0011D212F5001211D20DD56FF47873B3EB62520ED44FEAC12343F0004343EAFA
:20794000505323FA02F070474FF00000704750EA013002D14FF0FF3070474FF0000070476F
:207960000CB4184B30B50C1E9DB01D6808DA8B234FF0FF302B601DB0BDE8304002B070472F
:207980004FF402730290069002A9ADF8143014BF04F1FF332346209A2846049307934FF672
:2079A000FF73ADF8163021AB019300F07FF9431CBCBF8B232B60002CDDD0029B00221A706D
:2079C000D9E700BF780A002002440346934200D1704703F8011BF9E7014B1868704700BF61
:2079E000780A0020704770470A44431E914200D1704710B511F8014B914203F8014FF9D16B
:207A000010BDFFFF38B50546002941D051F8043C0C1F002BB8BFE41800F0E0F81D4A13682D
:207A200033B9636014602846BDE8384000F0DCB8A34208D9206821188B4201BF19685B68BC
:207A400009182160EDE71A465B680BB1A342FAD911685018A0420BD12068014450181160D4
:207A60008342E0D118685B68084453601060DAE702D90C232B60D6E7206821188B4202BF7C
:207A800019685B680918636008BF21605460CAE738BD00BF98EE002070B50F4E0C46054698
:207AA000316811B900F0A8FB30602146284600F0A3FB431C03D14FF0FF34204670BDC41CC5
:207AC00024F00304A042F8D0211A284600F094FB0130F2D1EFE700BF94EE00202DE9F8433D
:207AE000CD1C064625F0030508350C2D38BF0C25002D01DBA94204D90C2333600020BDE83E
:207B0000F883DFF8D48000F069F8D8F800301C4644BB29463046FFF7BFFF431C044658D1A2
:207B2000D8F800402746002F43D1002C4BD023683946304604EB030900F05EFB814542D1A1
:207B4000216830466D1A2946FFF7A6FF01303AD023682B442360D8F800305A6862BBC8F83E
:207B600000700FE02268521B20D40B2A17D96119A342256018BF5960636808BFC8F80010C0
:207B800062514B60304600F02FF804F10B00231D20F00700C21A1CBF1B1AA350AFE7626864
:207BA000A3420CBFC8F800205A60EBE723466468AEE73C467F68B6E71A465B68A342FBD105
:207BC00000235360DEE70C233046336000F00CF894E70560D6E700BF98EE00200148FFF79D
:207BE00001BF00BF90EE00200148FFF7FCBE00BF90EE00202DE9F0471F468E6882460C4650
:207C0000BE4290460B682DD8B1F90C2012F4906F26D06569096905EB4505A3EB01097B1C9C
:207C200005EBD5754B446D109D4238BF1D46530527D52946FFF752FF064660B34A46216942
:207C4000FFF7D2FEA38923F4906343F08003A38126614E446561A5EB090526603E46A560C2
:207C6000BE4200D93E4632464146206800F0AAFAA36800209B1BA360236833442360BDE87E
:207C8000F0872A4600F0D6FA06460028E0D121695046FFF7B7FE0C234FF0FF30CAF80030BE
:207CA000A38943F04003A381E9E7FFFF2DE9F04F98468B899DB007461B060D46144610D59C
:207CC0000B6973B94021FFF709FF2860286130B90C233B604FF0FF301DB0BDE8F08F40231F
:207CE0006B610023CDF80C804FF00109DFF8A081099320238DF8293030238DF82A302346AB
:207D00009A4613F8012B0AB1252AF9D1BAEB040B0BD05B46224629463846FFF76BFF013062
:207D200000F0A780099A5A4409929AF80030002B00F09F8000234FF0FF320AF1010A049324
:207D400007938DF853301A93CDE90523544605224F4814F8011B00F05FFA049AD8B9D00628
:207D600044BF20238DF85330110744BF2B238DF853309AF800302A2B15D0079A54460020ED
:207D80004FF00A0C214611F8013B303B092B4BD9B0B1079214E0A0EB0803A24609FA03F3BA
:207DA00013430493D2E7039B191D1B68002B0391BBBF5B4242F0020207930793B8BF049279
:207DC00023782E2B0AD163782A2B32D1039B02341A1D1B6843EAE37303920593DFF8C0A02C
:207DE00003222178504600F017FA38B1A0EB0A004022049B013482401343049314F8011BA3
:207E0000062224488DF8281000F006FA002836D0214B1BBB039B073323F0070308330393EB
:207E2000099B334409936AE70CFB02320C460120A8E7002301344FF00A0C194605932046F3
:207E400010F8012B303A092A03D9002BC6D00591C4E70CFB012104460123F0E703AB2A46E7
:207E600004A9384600930D4BAFF30080421C0646D6D1AB895B063FF52DAF09982CE703AB72
:207E80002A4604A938460093044B00F07DF8EDE7D7A50200E1A5020000000000F57B0200B4
:207EA000DDA502002DE9F047164698468A6807460B690C46DDF820909342B8BF13463360F5
:207EC00091F843200AB1013333602368990642BF336802333360256815F0060506D104F13D
:207EE000190AE36832689B1AAB422BDC94F843302268003B18BF0123920630D404F143023C
:207F000041463846C847013023D023681A3454F80A2C03F00603042B0ABF54F80E5C0025FF
:207F200033684FF0000608BFED1A54F8123C08BF25EAE5759342C4BF9B1AED18B5421AD1D5
:207F4000002008E00123524641463846C847013003D14FF0FF30BDE8F0870135C1E7E118E3
:207F60005A1C30200233224481F8430094F8451082F84310C2E70123224641463846C847ED
:207F80000130E6D00136D9E72DE9FF470F7E914680460C46782F9A460C9E01F1430207D8E4
:207FA000622F0AD8002F00F0D180582F00F0B88004F1420684F842703AE0A7F16303152B6C
:207FC000F6D801A151F823F02180020035800200B17F0200B17F0200B17F0200B17F0200B3
:207FE00035800200B17F0200B17F0200B17F0200B17F0200338102005F800200ED800200FC
:20800000B17F0200B17F020055810200B17F02005F800200B17F0200B17F0200F580020036
:2080200033681A1D1B68326004F1420684F8423001239CE033682068191D3160060601D5C2
:208040001D6803E04506FBD5B3F90050002D03DA2D236D4284F8433058480A2311E0216862
:208060003368080653F8045B02D4490648BFADB26F2F3360514814BF0A230823002184F890
:2080800043106668002EA66005DB21682E4321F0040121604BD01646B5FBF3F103FB1157A9
:2080A000C75D06F8017D2F460D46BB42F4D9082B0BD12368DF0708D5236961689942DEBF64
:2080C000302306F8013C06F1FF36921B22614B4603AA21464046CDF800A0FFF7E3FE01301E
:2080E0004AD14FF0FF3004B0BDE8F087236843F02003236078273248236884F845701F06C9
:20810000316851F8045B02D45F0648BFADB23160D90744BF43F0200323601DB11023ADE79B
:208120002648E9E7236823F020032360F6E71646BDE733682568181D616930602E061B6872
:2081400001D5196002E06806FBD51980002316462361BCE7336800211A1D32601E6862689C
:20816000304600F059F808B1801B606063682361002384F84330AAE7236932464946404629
:20818000D0470130ADD023689B0713D4E068039B9842B8BF1846A6E7012332464946404633
:2081A000D04701309DD00135E36803995B1AAB42F2DCEBE7002504F11906F5E7E8A5020047
:2081C000F9A50200884210B501EB020402D98442234607D8431EA14208D011F8012B03F849
:2081E000012FF8E7024401468A4200D110BD13F8014D02F8014DF7E738B50023054D04464E
:2082000008462B60FBF738FF431C02D12B6803B1236038BD8CEE0020C9B20346024410B502
:208220009342184601D1002003E0047801338C42F6D110BD2DE9F041074614460D4621B909
:208240001146BDE8F041FFF749BC2AB92546FFF7D9FB2846BDE8F08100F01AF88442064646
:2082600002D8B4EB500FF4D821463846FFF736FC804608B94546ECE7B4422246294628BFB4
:208280003246FFF7B1FB29463846FFF7BBFBF1E751F8043C181F002BBCBF0B58C0187047FB
:2082A00000000805352E382E300000004275696C7420776974682052656E6573617320418A
:2082C0006476616E63656420466C657869626C6520536F667477617265205061636B6167AC
:2082E000652076657273696F6E20352E382E3000F8B500BFF8BC08BC9E467047F8B500BFEF
:20830000F8BC08BC9E4670475FF800F0A10400205FF800F0A90300205FF800F019060020A5
:208320005FF800F0350300205FF800F07D0600205FF800F0190800205FF800F08101002043
:208340005FF800F0F90100204454555F43414E5F54785F5461736B004454555F55415254F9
:208360005F54785F5461736B000000004454555F446973705F5461736B0000004454555FC6
:20838000554152545F52785F5461736B000000004454555F43414E5F52785F5461736B004D
:2083A000537754696D65725F5461736B00FFFFFF4F044F054F0644024400400640054004AE
:2083C0000501050205034F0744014D004504470447004804480148054701480047054802BD
:2083E000480647024703480724074A00470747064403440744064405440443004301430204
:208400004303410340073F033F023F013F003F043F053F063F073E033E013E023E063E072E
:208420000B050A03090308034803070306033E043E050504040004040B040B060B070500D9
:208440004B004E003E0046004307FFFF6500002001006600002001006700002001006800BA
:20846000002001006900002001006A00002001006B00002001006C00002001006D00002020
:2084800001006E00002001006F000020010070000020010071000020010072000020010006
:2084A00073000220020074000220020075000023010076000021010077000021010078004B
:2084C000002001007900002001007A00002001007B00002001007C00002001007D00002070
:2084E00001007E00002001007F00030000008000032200008100022002008200030000008B
:208500008300002001008400030000008500030000008600022002008700002001008800CE
:20852000002001008900030000008A00002001008B00030000008C00002001008D000020FB
:2085400001008E00022002008F00002001009000002001009100002001009200022002009F
:208560009300002001009400002001009500002001009600030000009700002301009800F0
:2085800000230100C90000200100CA0000200100CB0003000000CC0003000000CD00030075
:2085A0000000CE0004000000CF0004000000D00003000000D10003000000D200030000009A
:2085C000D30003000000D40000220100D50003000000D60003000000D70003000000D8006B
:2085E00003000000D90003000000DA0003000000DB0003000000DC00030000002D010400D0
:2086000000002E01000001002F01000001003001000001003101030000003201010001005D
:208620003301010001003401002301003501040000003601002001003701030000003801A5
:20864000000001003901002401003A01002301003B01000001003C01040000003D0103009C
:2086600000003E01002001003F01002001004001030000004101030000004201030000006A
:208680004301030000004401002001004501012001004601002401004701002001004801A7
:2086A000040000004901002301004A01002001004B01002301004C01002001004D01002090
:2086C00001004E01012301004F0100230100500100000100510100000100520104000000B5
:2086E000530104000000540103000000550103000000560103000000570103000000580163
:20870000030000005901030000005A01030000005B01030000005C01030000005D0103007B
:2087200000005E010300000090010400000091010400000092010400000093010126010059
:208740009401040000009501010001003F0006005B004F0066006D007D0007007F006F00B4
:2087600000007F00FF031E00F706BF069E07BD07FD071F02FF079F070000FFFF3F09060111
:208780001B060F0426062D063D0601113F06270637068F1439008F10390231023D043606DC
:2087A00089101E0030233800760176203F0033063F2033264D0481103E003009362840291A
:2087C000401109090800000000090006390037003300FFFF0D00D5000E006B007F00FF00A5
:2087E0003D01D703B101AE01EA02FFFFFF011E02EF043F049E05BB05FB051F00FF05BF0576
:20880000FF07000019000D00170013001F00FFFF49035D033F003D0023017E03FF03FFFF18
:20882000D7063D027F00FF005F02FF0F303132333435363738394142434445464748494A6B
:208840004B4C4D4E4F505152535455565758595A5F202F2D4B044B054B064B074B034B0139
:208860004B024A044A054A064A074A034A014A0249044905490649074903490149024E0719
:208880004E064E054E044E014E034E024D074D064D054D044D014D034D020A040A050A068B
:2088A0000A070A020A000A01090409050906090709020900090108040805080608070802EE
:2088C0000800080107040705070607070702070007010604060506060607060206000601FA
:2088E000420442054206420742034202430643054304420042014000400140024003410726
:208900004106410241014100410441054500450145024503460746064603460246014604EA
:2089200046054C004C014C024C034C074C064507450645054C044C0505070403040105056D
:208940000506040204070303030704050406030103020306020601000204000002010202B0
:20896000020302070205020001010103010700030001010401020105010600022503260663
:20898000260425042401240325072506250224022501240025052500270728032800260054
:2089A00026052607260327062802260228012601270527042A072A022A0029002905290702
:2089C000290329022A0629062A05290429012A042B032C072C042B042A012A032B072B02B6
:2089E0002C062B062C052B052B012B002D032E062E042D042C012C032D072D062D022C0275
:208A00002D012C002D052D002F072F032F002E002E052E072E032F062F022E022F012E014A
:208A20002F052F0431073102310030003005300730033002310630063105300430013104F5
:208A40003203330733043204310131033207320233063206330532053201320034033506B0
:208A6000350434043301330334073406340233023401330034053400360736033600350085
:208A8000350535073503360636023502360135013605360438073802380037003705370739
:208AA0003703370238063706380537043701380439033A073A0439043801380339073902F5
:208AC0003A0639063A053905390139003B033C063C043B043A013A033B073B063B023A02B4
:208AE0003B013A003B053B003D073D033D003C003C053C073C033D063D023C023D013C018A
:208B00003D053D0423042204220622032303230123002305220023022201230723062202C2
:208B2000210020002003210722072205210121052104210220012103210620021F001E00FE
:208B40001E021F072007200520041F011F0420061F051F031F021F061E041D041D071D03E3
:208B60001E031E011E051D011D001E061D051E071D021D061C041B041B061B031C031C01F0
:208B80001C001C051B001C021B011C071C061B021A00190019031A071B071B051A011A05F5
:208BA0001A041A0219011A031A0619021800170017021807190719051904180118041906F3
:208BC0001805180318021806170416041607160317031701170516011600170616051707E9
:208BE0001602160615041404140614031503150115001505140015021401150715061402F5
:208C00001300120012031307140714051301130513041302120113031306120211001000FD
:208C200010021107120712051204110111041206110511031102110610040F040F070F03E2
:208C40001003100110050F010F0010060F0510070F020F060E040D040D060D030E030E01EF
:208C60000E000E050D000E020D010E070E060D020C000B000B030C070D070D050C010C05F4
:208C80000C040C020B010C030C060B02574149542035205345434F4E445300004B455920BA
:208CA0004F464620414E4400484947482054454D5045524154555245202D2056454849437C
:208CC0004C45204E4545445320544F20434F4F4C20444F574E000000414E442057414954E4
:208CE0002033204D494E00005455524E204F4E20534C45455000000053455256494345204D
:208D000043454E5445520000434F4E54414354005448452056454849434C4500504C454163
:208D200053452043484152474500000046524F4D2056454849434C4500000000535441593C
:208D40002041574159000000484947482054454D50000000434841524745520020212223C9
:208D600024252627282B2C2D2E2F30313233000053484152454400004C495645204C4F43A9
:208D80004154494F4E00000043414E43454C4C45440000004C4F434154494F4E2053484188
:208DA00052450000544845524D414C205249534B00000000454D455247454E435900000017
:208DC000414C4552540000004F56455248454154494E4700383039313233383033380000D5
:208DE00043414C4C20535550504F5254000000005245504C5547204348415247455200000F
:208E00004C4F434B2049535355450000434F4D504C45544500000000555044415445000064
:208E200041435449564500004C494D50204D4F4445000000454E41424C45440053454154E7
:208E40002F43484152474500464F5257415244204153534953540000505245535320500030
:208E600052455645525345204153534953540000544F205348555420444F574E0000000080
:208E80004B4559204F464600335320544F20454E41424C4500000000484F4C4420534554AB
:208EA00020464F5200000000544F2043484152474500000025303264202530326420414D9A
:208EC0000000000025303264202530326420504D0000000046554C4C2043484152474520C2
:208EE000425900005455524E204F4E20504F574552000000544F20554E504C554700000086
:208F00004B4559204F4E0000544F2053574954434820545249500000505245535320534572
:208F20004C000000335320544F2052455345540048494C4C20484F4C440000005345525649
:208F400049434500424F4F4B205550434F4D494E470000004F564552445545004445544557
:208F60004354454400000000574154455220454E54525900335320544F2044495341424C84
:208F8000450000005354414E44425900554E415641494C41424C450044495341424C45203F
:208FA000494E20002573256453000000444541435449564154454400414354495641544517
:208FC0004400000053484152494E475F20202020200000005550444154494E472020202066
:208FE00020000000FF00FD8100C0FD90A5B0C8E7FCE9F0F8E00040FF2033FF000000000045
:209000000000000000000000002627282B2C2DFF0000000000000000000026272C2DFF00B3
:209020000000000000000000000000262DFF0000000000000000000000000000252EFF008C
:209040000000000000000000000000000024252E2FFF000000000000000000000000232424
:20906000252E2F30FF00000000000000000000222324252E2F3031FF0000000000000000F4
:2090800021222324252E2F303132FF00000000000021222324252627283231302F2E2D2CC5
:2090A0002BFFFFFF0409000105000104000004000002000000000301000302005258315F27
:2090C00044545500BC900200060C160003010000995E010000000000000000000000000031
:2090E0000000000000000000010100000000000000000000FF000000E8900200FFDFFFDF39
:209100000C150000000000000000000000000000000000000000000000000000000000002E
:20912000000000000000000000000000000000000000FFFFDFDF0000000000000000000073
:209140000000000000000000000000000000000080F0FA020000000040787D010202140055
:20916000750E01000000000010910200FFFFFFFF0400000000000000400000000000000088
:2091800000000000000000000000000000010000400000000000000040000000000000004E
:2091A0000000000000000000000000000000000000000000000000000000000000000000AF
:2091C00000000000000000000000FFFFDFDF000000000000000000000000000000000000D3
:2091E000000000000000000020A107000000000090D00300010213004D0E010000000000D2
:20920000A89102000100000000000000000000000000000000000000000000000000000012
:20922000000000000000FFFFDFDF0000000000000000000000000000000000000000000072
:209240000200000050C300000000000050C3000004FFDF000000000000000000049202006C
:209260000608030301010000000000000000000000000000000000000000000000000000D8
:209280000000000001110112884600207492020070970200000100000C0900200F00FFFF67
:2092A00000000000FFFF000000020000010D020E020F0210000000000000000075100100E7
:2092C000000000009492020001000000000000010000000000090A0B0C0202020200000032
:2092E000010000000000000000000000550D010000000000C892020005FFFFFF1009002073
:20930000F892020034470020FC920200BC97020006FFFFFF20090020109302003C470020AD
:2093200014930200BC970200010000FF030506070802020202000000010000001C93020058
:2093400004930200F10B0100000000002893020000000000400900206009002000000000C8
:209360002000000000000000000000000000000000000000300900207104010000000000FE
:20938000509302000200010200013F3F000001DFDFFFFFFF00000000000FDFDF00FFFF00DD
:2093A00000000000000000008893020000000000000000000080000001000000000000000F
:2093C0000200000000800000030000000000000004000000008000000D00000000800000F7
:2093E0000E000000008000000F0000000000010400010000000001040101000000000000C3
:20940000020100000500000003010000000000000401000000000000050100000400000031
:209420000601000004000000070100000000010008010000000401060901000000040106EF
:209440000A010000000001060B010000050400000C010000050000000D01000000000100C4
:209460000102000000000103050200000400000006020000040000000702000005040000BC
:2094800008020000000001000C020000000001000D0200000000010000030000104000004F
:2094A000010300000000000002030000050400000303000005040000040300000400000080
:2094C00000040000000001100104000000000110020400000400000007040000000C01053A
:2094E00008040000000C010509040000000C01050A040000050C00000B04000004000000FD
:20950000000500002B000000AC93020000000000A100A400A500A200A300920193019401EF
:209520009501C401C501C801C701800181018201830131003000CF00D8005600070000000A
:2095400000000000000000000000000000000000000000000000000000000000000000000B
:209560000000000000000000000000000000000000000000000000000000000000000000EB
:209580000000000000000000000000000000000000000000000000000000000000000000CB
:2095A0000000000000000000000000000000000000000000000000000000000000000000AB
:2095C0000000000000000000000000000000000075635356434E756D626572203C3D203372
:2095E000000000002E2E2F72612F6673702F7372632F726D5F6672656572746F735F706F09
:2096000072742F706F72742E630000002828285343425F54797065202A29202828307845BE
:2096200030303045303030554C29202B20307830443030554C2920292D3E4943535220261F
:2096400020283078314646554C202929203D3D20300000007578437269746963616C4E6595
:209660007374696E67000000756C43757272656E745072696F72697479203E3D202828286C
:2096800028312929203C3C202838202D2034292929203E3E202838202D2034290000000005
:2096A0005F5F4E5649435F4765745072696F7269747947726F7570696E672829203C3D2086
:2096C0002838202D203429202D20310076506F727453564348616E646C65725F4300FFFF5D
:2096E00076506F7274456E746572437269746963616C00FF76506F72744578697443726954
:20970000746963616C00FFFF76506F727456616C6964617465496E7465727275707450726A
:20972000696F7269747900FFFFFF00FF010203FF020403040404FFFF00000000FFFF000077
:20974000002000008000000000000100FFFF07000080000080000000020000003897020090
:2097600000000008FF1F000840000000040000005D130200FD13020053140200D3140200A1
:209780007D160200B916020045150200A9150200CF15020081150200F11502005F1602004A
:2097A0000D1602003D1602001D1702004F1702006D1702008B170200AB1702005D1D020027
:2097C000CD1D0200111E0200E51E0200011F0200B51E0200CF1E0200251F0200F51F020025
:2097E000BD1F0200D91F020036E0014038E0014090E4014032E0014080E401402AE00140E9
:209800004AE0014001000200080010002820282075696E74385F74202A2029202820707884
:20982000426C6F636B2029203E3D202628207563486561705B2030205D202920292026264F
:20984000202820282075696E74385F74202A20292028207078426C6F636B2029203C3D20BD
:209860002628207563486561705B2028343039363029202D2031205D2029202900000000A8
:209880002E2E2F72612F6177732F4672656552544F532F4672656552544F532F536F757226
:2098A00063652F706F727461626C652F4D656D4D616E672F686561705F342E630000000096
:2098C0002820282075696E74385F74202A2029202820707652657475726E2029203E3D20C8
:2098E0002628207563486561705B2030205D20292029202626202820282075696E74385F77
:2099000074202A2029202820707652657475726E2029203C3D202628207563486561705B51
:209920002028343039363029202D2031205D202920290000282028207078426C6F636B2D76
:209940003E78426C6F636B53697A652029203C2028207857616E74656453697A65202920DF
:2099600029203D3D2030000028202820282073697A655F7420292070784E6577426C6F6373
:209980006B4C696E6B2029202620282030783030303720292029203D3D203000282028205C
:2099A000282073697A655F74202920707652657475726E2029202620282073697A655F747D
:2099C000202920282030783030303720292029203D3D2030000000002820282075696E749B
:2099E000385F74202A202920282070784C696E6B2029203E3D202628207563486561705BC8
:209A00002030205D20292029202626202820282075696E74385F74202A202920282070781D
:209A20004C696E6B2029203C3D202628207563486561705B2028343039363029202D203165
:209A4000205D20292029000028202820282070784C696E6B2D3E78426C6F636B53697A6540
:209A6000202920262028202820282073697A655F74202920312029203C3C20282028207333
:209A8000697A656F66282073697A655F742029202A202820282073697A655F742029203861
:209AA00020292029202D203120292029202920213D2030202920213D2030000070784C6919
:209AC0006E6B2D3E70784E65787446726565426C6F636B203D3D202828766F6964202A291F
:209AE000302900002820282075696E74385F74202A202920282070784974657261746F7285
:209B00002029203E3D202628207563486561705B2030205D202920292026262028202820A7
:209B200075696E74385F74202A202920282070784974657261746F722029203C3D202628DD
:209B4000207563486561705B2028343039363029202D2031205D2029202900FF7076506F6F
:209B600072744D616C6C6F6300FFFFFF76506F72744672656500FFFF707276496E736572B6
:209B800074426C6F636B496E746F467265654C69737400FF70785175657565002E2E2F72C5
:209BA000612F6177732F4672656552544F532F4672656552544F532F536F757263652F7198
:209BC000756575652E6300007852657475726E20213D20282028202820426173655479701A
:209BE000655F7420292030202920290070784E65775175657565000070784D7574657800F0
:209C00007848616E646C6500212820282070764974656D546F5175657565203D3D20282888
:209C2000766F6964202A2930292029202626202820707851756575652D3E75784974656DB5
:209C400053697A6520213D2028205542617365547970655F742029203055202920290000BE
:209C6000212820282078436F7079506F736974696F6E203D3D202820282042617365547939
:209C800070655F742029203220292029202626202820707851756575652D3E75784C656EB7
:209CA00067746820213D203120292029000000002128202820785461736B47657453636806
:209CC0006564756C657253746174652829203D3D202820282042617365547970655F742057
:209CE00029203020292029202626202820785469636B73546F5761697420213D20302029A0
:209D00002029000028206354784C6F636B202920213D2028202820696E74385F74202920C4
:209D20003132372029000000707851756575652D3E75784974656D53697A65203D3D2030E7
:209D4000000000002128202820707851756575652D3E706348656164203D3D202828766FC6
:209D60006964202A2930292029202626202820707851756575652D3E752E7853656D6170C4
:209D8000686F72652E784D75746578486F6C64657220213D202828766F6964202A29302992
:209DA000202920290000000028207078517565756520290021282028202820707642756697
:209DC0006665722029203D3D202828766F6964202A29302920292026262028202820707828
:209DE000517565756520292D3E75784974656D53697A6520213D2028205542617365547910
:209E000070655F7420292030552029202900000021282028207076427566666572203D3D8F
:209E2000202828766F6964202A2930292029202626202820707851756575652D3E75784989
:209E400074656D53697A6520213D2028205542617365547970655F7420292030552029209F
:209E60002900000028206352784C6F636B202920213D2028202820696E74385F7420292085
:209E80003132372029000000707851756575652D3E75784974656D53697A6520213D2030A2
:209EA00000000000785175657565000070785175657565536574436F6E7461696E65720069
:209EC00070785175657565536574436F6E7461696E65722D3E75784D6573736167657357DF
:209EE000616974696E67203C2070785175657565536574436F6E7461696E65722D3E757856
:209F00004C656E67746800FF78517565756547656E65726963526573657400FF7851756501
:209F2000756547656E6572696343726561746500785175657565476976654D7574657852C9
:209F4000656375727369766500FFFFFF78517565756554616B654D75746578526563757288
:209F60007369766500FFFFFF78517565756547656E6572696353656E6400FFFF78517565C8
:209F8000756547656E6572696353656E6446726F6D49535200FFFFFF7851756575655265ED
:209FA000636569766500FFFF78517565756553656D6170686F726554616B65007651756550
:209FC0007565416464546F5265676973747279007072764E6F7469667951756575655365F4
:209FE00074436F6E7461696E657200FF0E00000028202820282075696E7433325F74202924
:20A00000207078546F704F66537461636B202620282075696E7433325F74202920282030D3
:20A02000783030303720292029203D3D20305520290000002E2E2F72612F6177732F467208
:20A04000656552544F532F4672656552544F532F536F757263652F7461736B732E6300006F
:20A0600075785072696F72697479203C202831352900000075785363686564756C6572537F
:20A08000757370656E646564203D3D2030000000707850726576696F757357616B655469F4
:20A0A0006D65000028207854696D65496E6372656D656E74203E20305520290075785363EB
:20A0C000686564756C657253757370656E646564203D3D203155000075784E65775072696A
:20A0E0006F72697479203C202831352900000000785461736B000000785461736B546F52CB
:20A100006573756D6500000049444C45000000007852657475726E20213D2028202D3120A6
:20A120002900000075785363686564756C657253757370656E64656420213D20305500009C
:20A14000707854434200000075785363686564756C657253757370656E646564203D3D204D
:20A1600028205542617365547970655F7420292030550000282028202820282070784465B3
:20A180006C617965645461736B4C69737420292D3E75784E756D6265724F664974656D73C0
:20A1A000203D3D2028205542617365547970655F74202920302029203F20282028204261C4
:20A1C0007365547970655F74202920312029203A202820282042617365547970655F742035
:20A1E0002920302029202920290000007578546F705072696F7269747900000070784576E6
:20A20000656E744C6973740075785363686564756C657253757370656E64656420213D2086
:20A2200028205542617365547970655F74202920305500007078556E626C6F636B656454D0
:20A2400043420000707854696D654F757400000070785469636B73546F576169740000008C
:20A26000707854434220213D202828766F6964202A293029000000007078544342203D3D56
:20A2800020707843757272656E7454434200000070785443422D3E75784D757465786573F6
:20A2A00048656C6400000000707854434220213D20707843757272656E745443420000001E
:20A2C0007578496E646578546F576169744F6E203C202831290000007578496E646578544D
:20A2E0006F4E6F74696679203C20283129000000785461736B546F4E6F7469667900000031
:20A30000785469636B436F756E74203D3D2028205469636B547970655F7420292030000096
:20A320002820282026282070785443422D3E784576656E744C6973744974656D20292029BC
:20A340002D3E7078436F6E7461696E65722029203D3D202828766F6964202A293029000036
:20A360007578496E646578546F436C656172203C2028312900FFFFFF707276496E697469FE
:20A38000616C6973654E65775461736B00FFFFFF765461736B44656C617900FF7654617360
:20A3A0006B53746172745363686564756C657200785461736B526573756D65416C6C00FFF1
:20A3C000785461736B496E6372656D656E745469636B00FF765461736B5377697463684385
:20A3E0006F6E7465787400FF765461736B506C6163654F6E4576656E744C69737400FFFF75
:20A40000765461736B506C6163654F6E4576656E744C6973745265737472696374656400DA
:20A42000785461736B52656D6F766546726F6D4576656E744C69737400FFFFFF78546173D4
:20A440006B436865636B466F7254696D654F757400FFFFFF785461736B5072696F726974D4
:20A4600079446973696E686572697400765461736B5072696F72697479446973696E686521
:20A48000726974416674657254696D656F757400546D7220537663007852657475726E001D
:20A4A0002E2E2F72612F6177732F4672656552544F532F4672656552544F532F536F7572FA
:20A4C00063652F74696D6572732E630028207854696D6572506572696F64496E5469636BFA
:20A4E00073203E20302029007854696D6572000078436F6D6D616E644944203C20282028C9
:20A500002042617365547970655F7420292036202900000078436F6D6D616E644944203E21
:20A520003D202820282042617365547970655F74202920362029000028207854696D657295
:20A540005461736B48616E646C6520213D202828766F6964202A2930292029002820707837
:20A5600054696D65722D3E7854696D6572506572696F64496E5469636B73203E20302029E7
:20A5800000000000546D725100FFFFFF7854696D657243726561746554696D657254617344
:20A5A0006B00FFFF707276496E697469616C6973654E657754696D657200FFFF70727650FE
:20A5C000726F636573735265636569766564436F6D6D616E647300232D302B2000686C4CA8
:20A5E000006566674546470030313233343536373839414243444546003031323334353650
:20A6000037383961626364656600FFFF0000000080B584B000AF0023FB6000237B60194B47
:20A62000B3F884309BB23B604FF49643BB60154B4FF42A42A3F8842008E0BB68002B02D145
:20A640004FF4FA73FB60BB68013BBB600D4BB3F884309BB2002BF0D13B68012B06D1094B8B
:20A660004DF60112A3F8442000F07EFB7B6840F2F512934201D17B68FB60FB681846103713
:20A68000BD4680BD00E07F4080B584B000AF78607B685B681B78002B0DD07B685B6893F978
:20A6A0001130184600F05CFB7B685B6893F91330184600F055FB124BB3F884309BB2002B6D
:20A6C00002D1786800F044FB00F01CF8F86000F049F8B860FB68002B01D1BB68FB60FFF71F
:20A6E00097FFB860FB68002B01D1BB68FB607B68002283F83C20FB6818461037BD4680BDAA
:20A7000000E07F4080B483B000AF4FF496437B60124BB3221A7007E07B68002B01D11423D3
:20A7200015E07B68013B7B600D4BD3F88030C3F3C033DBB2012BEFD1094B1B7CC3F3001381
:20A74000DBB2002B02D040F2F51300E0002318460C37BD465DF8047B704700BF00007E4086
:20A7600000E07F4080B483B000AF4FF496437B60124B50221A7007E07B68002B01D11423D6
:20A7800015E07B68013B7B600D4BD3F88030C3F3C033DBB2012BEFD1094B1B7CC3F3001321
:20A7A000DBB2002B02D040F2F51300E0002318460C37BD465DF8047B704700BF00007E4026
:20A7C00000E07F4080B485B000AFF860B9607A60174AFB681B6B1363164B20221A70154B2A
:20A7E000D0221A70FB681A6BBB681A44FB681A63FB689B6B5A1EFB689A637B68002B10D065
:20A8000007E07B68002B01D114230BE07B68013B7B60074BD3F88030C3F3C033DBB2012B26
:20A82000EFD1002318461437BD465DF8047B704700E07F4000007E4080B588B000AFF8602D
:20A84000B9607A607B68002B06D1FB685B6893F91130184600F084FA334AFB685B6B136345
:20A86000324BE8221A70BB685B08BB6102237B612E4BBA69D2B21A700023FB612CE0FB688C
:20A880001B6B1A46294B12881A80FB681B693B6106E03B695A1E3A61002B01D114233FE0B7
:20A8A000214BD3F88030C3F38023DBB2012BF0D0FB681A6B7B691A44FB681A63FB685A6BAD
:20A8C0007B691A44FB685A63FB689B6B5A1EFB689A63FB690133FB61FA69BB699A42CED3DD
:20A8E000124BD0221A707B68002B11D007E07B68002B01D1142313E07B68013B7B600A4B50
:20A90000D3F88030C3F3C033DBB2012BEFD106E0FB685B6893F91130184600F01DFA002339
:20A9200018462037BD4680BD00E07F4000007E4080B586B000AFF860B9607A6000237B6161
:20A94000174B1B7CC3F30013DBB2012B0FD1144BD3F88030C3F38033DBB2012B04D1104B70
:20A960001B7C0F4B00221A7440F2F5137B610C4BD3F88020BB681340002B01D07B687B612D
:20A98000FB68002B01D0FB687B617B69002B01D0FFF7B8FE7B6918461837BD4680BD00BFFD
:20A9A00000E07F4080B489B000AFF860B9607A60FB689B693B610823FB7608237B611A4A87
:20A9C000BB681363194B40221A70184AFB7E13700023FB6109E0FB695B007A681344134A73
:20A9E0001B881380FB690133FB61FA697B699A42F1D30E4BD0221A7007E03B69002B01D1E9
:20AA000014230BE03B69013B3B61074BD3F88030C3F3C033DBB2012BEFD1002318462437CD
:20AA2000BD465DF8047B704700E07F4000007E4080B485B000AFF860B9607A60194B4FF61F
:20AA4000FF721A80174B4FF6FF725A807B689AB2FB689BB2DB039BB213439BB243F4F043E2
:20AA60009AB2104BDA80BB689BB26FEA43536FEA53539AB20B4B9A800A4B4FF6FF721A8115
:20AA8000084B4FF6FF725A81064B4FF6FF729A81044B4FF6FF72DA8100BF1437BD465DF8EE
:20AAA000047B7047600A002080B584B000AF78600023FB60786800F07BF8F860FB68002B3F
:20AAC00010D0FB681EE07B689B681A4680217868FFF7B2FEF86018224FF4A041F868FFF7BC
:20AAE00027FFF8607B689B6B002B02D0FB68002BE9D0FFF78DFDB860FB68002B01D1BB6890
:20AB0000FB60FB6818461037BD4680BD80B588B000AFF860B9607A600023FB61FB68BA6827
:20AB20001A63FB687A689A63F86800F041F8F861FB69002B01D0FB6933E01C4B0122A3F878
:20AB4000E0201EE0FB681B6BB3F5803F06D2FB68DB69BB614FF400537B6105E0FB681B6ACD
:20AB6000BB614FF400437B61BA697969F868FFF729FEF86119224FF4C041F869FFF7D8FED0
:20AB8000F861FB689B6B002B02D0FB69002BD9D0FFF73EFD3861FB69002B01D13B69FB6193
:20ABA000FB6918462037BD4680BD00BF00E07F4080B584B000AF78600023FB604FF4964354
:20ABC000BB607B685B681B78002B0DD07B685B6893F91130184600F0C3F87B685B6893F96B
:20ABE0001330184600F0BCF80F4B4FF45942A3F844200D4B4AF60122A3F8842008E0BB68D4
:20AC0000002B02D14FF4FA7309E0BB68013BBB60054BB3F884309BB2012BF0D1FB68184679
:20AC20001037BD4680BD00BF00E07F4080B588B000AFF860B9607A60184BD3F8DC30C3F3D8
:20AC4000C073DBB2BB61F868FFF7B2FFF861FB69002B01D0FB691CE0BB68590B7B685B0B28
:20AC60001A46B869FFF7E4FE0D4A0E49F868FFF799FEF86118220021F869FFF759FEF86125
:20AC8000FFF7C6FC7861FB69002B01D17B69FB61FB6918462037BD4680BD00BF00E07F40CB
:20ACA000600A002030A1000180B584B000AF78600B46FB701346BB707868FFF779FFF86062
:20ACC000FB68002B01D0FB6833E0BB78002B08D0FB789BB2194A43F4CC439BB2A2F8E83001
:20ACE0001EE01022FF21164800F02EF8FB789BB203F001039BB2002B02D14FF6FF7201E0F7
:20AD000047F6FF720E4BDA800D4A0E497868FFF749FEF86018220021F868FFF709FEF8609F
:20AD2000FFF776FCB860FB68002B01D1BB68FB60FB6818461037BD4680BD00BF00E07F400F
:20AD4000600A002030A100015FF800F0C97902005FF800F0ED1C02005FF800F085120200DA
:20AD60005FF800F0E51202005FF800F049110200E00040000003010026020700441905003B
:20AD8000002E364303000000FFFFFFFFFFFF000000100000001000000000040040000200A9
:20ADA000000008000000000000000000000000000000100800000000000000000000000073
:20ADC0000500000006000000030000000300000020070000C0070000F0070000FF07000077
:20ADE00040070000FF0F0000000000000007000020000000000000003000000000000000A7
:20AE0000200000000000000030000000000000004001000000000000500100000000000050
:20AE200050010000000000004001000000000000300200000000000040020000000000000C
:20AE40006002000000000000800200000000000051020000000000008B030000000000002D
:20AE600066060000000000006606000000000000400000000000000070000000000000004A
:20AE80004000000000000000700000000000000004040000000000000404000000000000F2
:20AEA000040400000000000004040000000000000000000000000100000000000000010080
:20AEC000000000000000010000000000000001000007000000000000000700000000000062
:20AEE00000070000000000000007000000000000FFFF000000000000000000000000000046
:20AF000001000000609702007C0A00200000000054ED0020BCED002024EE00200000000035
:20AF2000000000000000000000000000000000000000000000000000000000000000000011
:20AF40000000000000000000000000000000000000000000000000002D02010005020100B9
:020000040100F9
:10A10000FFFFFFFFFFFFFFFFFFFFFFFFFFFFFFFF5F
:04A13400FFFFFFFF2B
:20A20000FFFCFFFFFFFFFFFFFFFFFFFFFFFFFFFFFFFFFFFFFFFFFFFFFFFFFFFFFFFFFFFF61
:20A22000FFFFFFFFFFFFFFFFFFFFFFFFFFFFFFFFFFFFFFFFFFFFFFFFFFFFFFFFFFFFFFFF3E
:20A24000FFFFFFFFFFFFFFFFFFFFFFFFFFFFFFFFFFFFFFFFFFFFFFFFFFFFFFFFFFFFFFFF1E
:20A26000FFFFFFFFFFFFFFFFFFFFFFFFFFFFFFFFFFFFFFFFFFFFFFFFFFFFFFFFFFFFFFFFFE
:20A28000F8F8FFFFFFFFFFFFFFFFFFFFFFFFFFFFFFFFFFFFFFFFFFFFFFFFFFFFFFFFFFFFEC
:20A2A000FFFFFFFFFFFFFFFFFFFFFFFFFFFFFFFFFFFFFFFFFFFFFFFFFFFFFFFFFFFFFFFFBE
:10A2C000FFFFFFFFFFFFFFFFFFFFFFFFFFFFFFFF9E
:04000005000081591D
:00000001FF
