:020000040000FA
:20000000D84B002059810000C57E00006981000069810000698100006981000069810000EE
:20002000000000000000000000000000698100006981000000000000698100006981000018
:20004000277600001F770000C97700001F770000C9770000494D0000714C0000154E0000A1
:200060006D4E000057430000A343000021440000B944000099670000FD6600009F5C000085
:20008000595300009F5C0000000000000000000000000000000000000000000000000000B9
:2000A000000000000000000000000000000000000000000000000000000000000000000040
:2000C000000000000000000000000000000000000000000000000000000000000000000020
:2000E000000000000000000000000000000000000000000000000000000000000000000000
:200100000000000000000000000000000000000000000000000000000000000000000000DF
:200120000000000000000000000000000000000000000000000000000000000000000000BF
:2001400000000000000000000000000000000000000000000000000000000000000000009F
:2001600000000000000000000000000000000000000000000000000000000000000000007F
:2001800000000000000000000000000000000000000000000000000000000000000000005F
:2001A00000000000000000000000000000000000000000000000000000000000000000003F
:2001C0000348044B834202D0034B03B118477047AC080020AC08002000000000064B07498D
:2001E000C91A891048BF0131491003D0044B0BB101481847704700BFAC080020AC0800204D
:200200000000000010B5064C237843B9FFF7D8FF044B13B10448AFF300800123237010BD5E
:20022000C808002000000000E486000008B5054B1BB105490548AFF30080BDE80840FFF7EB
:20024000CDBF00BF00000000CC080020E486000080B582B000AF0023FB710C490C4806F0B1
:200260006DFB0346FB7100220321094806F08AFB0346FB710749084806F0D6FE0346FB717B
:20028000FB7918460837BD4680BD00BF78830000E844002098840000D445002080B584B049
:2002A00000AF786039600023FB603A680021054807F056F8F860FB68DBB218461037BD465B
:2002C00080BD00BFD445002080B584B000AF786039600023FB733A687968054807F09CF874
:2002E0000346FB73FB7B18461037BD4680BD00BFD445002080B582B000AF0023FB71054802
:2003000006F0DCFF0346FB71FB7918460837BD4680BD00BFD445002080B582B000AF786020
:200320007B689B88B3F5804F65D0B3F5804F67DCB3F5005F5FD0B3F5005F61DCB3F5805F50
:2003400059D0B3F5805F5BDCB3F5006F29D0B3F5006F55DCB3F5806F27D0B3F5806F4FDC0E
:20036000B3F5007F47D0B3F5007F49DCB3F5807F41D0B3F5807F43DC202B0FDC022B3FDBF8
:20038000023B224A22FA03F303F00103002B14BF01230023DBB2002B2DD131E0802B2AD0FA
:2003A0002EE01B4B01221A702BE01A4B01221A707B68143314221946174800F051FA164B45
:2003C0001B6840F2FA7293420BD0134B1B6840F2FB72934205D0104B1B6840F2C17293420A
:2003E00002D10E4B00221A707B68143319460C4801F04EFB05E07B689A880A4B1A8000E055
:2004000000BF00BF0837BD4680BD00BF45400040F8080020F9080020E4080020683A00204C
:20042000C00B0020FA08002080B582B000AF0749074804F0DBFD78600021032000F00AF820
:200440007B68DBB218460837BD4680BD70850000F844002080B584B000AF03460A46FB71E1
:200460001346BB71FA79124913465B0013440B441B781BB21B0219B2FA790D4813465B000B
:200480001344034401331B781BB20B431BB29BB27B817B899BB2BA791946064804F0BAFDEA
:2004A000F860FB68DBB218461037BD4680BD00BF68830000F844002080B582B000AF0023D0
:2004C000FB71084B9B681B68064A126805494968104698470346FB71FB7918460837BD4610
:2004E00080BD00BFF483000090B587B000AF786039600023FB7572B600BF154B9B689B680D
:20050000134A10683A687968984738613B69002B02D0FB7D0133FB750D4B9B68DC680C4B58
:20052000186807F10F033A687968A04738613B69002B02D1FB7B002B02D0FB7D0133FB75FD
:2005400062B600BFFB7D18461C37BD4690BD00BFF483000090B589B000AFF860B9607A609D
:200560000023FB6100237B837B68DB097A6802F07F02002A01D0012200E0002213447B606D
:2005800000237B76FB68B3F5802F03D905237B767B7E3DE072B600BF0023FB6131E0FB68A8
:2005A0001D4A934224D81D4B9B685C681B4B18687B8BBA68134419468023FA68A04778614B
:2005C0007B69002B02D07B7E01337B767B7E002B08D1FB688033FB607B8B80337B830023D4
:2005E0007B760BE005237B7662B600BF7B7E0FE005237B7662B600BF7B7E09E0FB690133DD
:20060000FB61FA697B689A42C9D362B600BF7B7E18462437BD4690BD80FF0300F4830000EE
:2006200080B584B000AF786039600123FB730023BB603A687B68D31ADB0BBB60B9687868ED
:20064000FFF752FF0346002B02D10023FB7301E00223FB73FB7B18461037BD4680BDFFFFAE
:2006600080B487B000AFF860B9607A6000237B610023FB747B68DB097A6802F07F02002A3E
:2006800001D0012200E0002213447B60FB68B3F5802F03D20523FB74FB7C1DE000237B6199
:2006A00015E0FB680F4A93420AD9FA687B699B00B9680B4412681A60FB680433FB6003E0B4
:2006C0000523FB74FB7C07E07B6901337B617A697B689A42E5D3FB7C18461C37BD465DF857
:2006E000047B70477FFF030080B582B000AF0023BB7100F05DF80346BB710623FB71274820
:2007000001F07EF9264801F053FA012000F0C4F900F01EFB03461A46224B1A7000F002FB61
:20072000BB79002B24D101F06FFF0346FB7100F00FFB03461A461B4B1A701A4B1B78032B98
:2007400005D1194BDB7CAA2B01D10623FB71FB79052B02D102F054F81CE0FB79042B04D1A3
:2007600002F0A8F802F0B4F814E002F0B1F811E00E4B1B78DBB2012BFAD100F0D3FA0B4B46
:2007800000221A700423FF220B2140F2FC7001F0FFFEEDE70837BD4680BD00BFC00B0020B0
:2007A000DC3200207D0B0020543C0020800B002080B582B000AF0023FB71FFF735FE0346F1
:2007C000FB71FFF779FE0346FB71FFF741FD03461A46FB791344FB7100F04AF903461A469B
:2007E000FB791344FB7100F07DF803461A46FB791344FB71002000F0A3F903461A46FB79B4
:200800001344FB7113490020FFF75EFD11490120FFF75AFD10490220FFF756FD0F49032041
:20082000FFF752FD00F09BFD03461A46FB791344FB7100F057FA03461A46FB791344FB71EA
:2008400000F070FA02F0F4FDFB7918460837BD4680BD00BFFC0800201009002024090020A1
:2008600080B487B000AFF860B9607A6000237B610AE0BA687B691A44F9687B690B441278A8
:200880001A707B6901337B617A697B689A42F0D300BF00BF1C37BD465DF8047B704780B4E2
:2008A00087B000AFF860B9607A6000237B610EE0FA687B6913441A78B9687B690B441B7804
:2008C0009A4201D0012307E07B6901337B617A697B689A42ECD3002318461C37BD465DF8DF
:2008E000047B704780B582B000AF0023FB710549054803F01FF80346FB71FB7918460837B2
:20090000BD4680BD208400007445002080B584B000AF786039600023BB73114B00221A7038
:200920000A23FB7307233A6879680E4803F052F80346BB7307E04FF47A71012007F0F2F94D
:20094000FB7B013BFB73064B1B78DBB2002B02D1FB7B002BEFD1BB7B18461037BD4680BD8C
:200960007E0B00207445002080B584B000AF786039600023BB73114B00221A703223FB7350
:2009800007233A6879680E4803F010F80346BB7307E04FF47A71012007F0C4F9FB7B013B46
:2009A000FB73064B1B78DBB2002B02D1FB7B002BEFD1BB7B18461037BD4680BD7E0B002035
:2009C0007445002080B588B002AFF860B9607A600023BB753223FB75072300937B68BA68FB
:2009E000F9680D4803F00AF80346BB7507E04FF47A71012007F096F9FB7D013BFB75074BA1
:200A00001B78DBB2002B02D1FB7D002BEFD1BB7D18461837BD4680BD744500207E0B0020AE
:200A200080B582B000AF0023FB71054802F0FAFF0346FB71FB7918460837BD4680BD00BF14
:200A40007445002080B485B000AF78600023FB737B681B79012B02D1044B01221A7000BF0B
:200A60001437BD465DF8047B704700BF7E0B002080B582B000AF0023FB710549054804F001
:200A8000B3FD0346FB71FB7918460837BD4680BDC08300000045002080B584B000AF034697
:200AA000FB710023FB73FB79012B05D1074804F0CFFD0346FB7304E0044804F0B7FD0346DC
:200AC000FB73FB7B18461037BD4680BD0045002080B483B000AF78600D4B01221A700D4B9D
:200AE0001B78DBB20133DAB20A4B1A70094B1B78DBB2092B05D9074B00221A70064B01223F
:200B00001A7000BF0C37BD465DF8047B704700BF7F0B0020810B0020800B002080B582B094
:200B200000AF0023FB71054804F0A4FD0346FB71FB7918460837BD4680BD00BF004500206B
:200B400080B584B000AF0346FB710023FB73FB79002B02D0012B0ED014E00D490D4803F02A
:200B6000FDFD0346FB730C4B1B881A460B49002000F068F806E00649064803F0EFFD0346FB
:200B8000FB7300BFFB7B18461037BD4680BD00BF58840000A4450020480700203C39002025
:200BA00080B586B000AF0346B9607A60FB730023FB750023BB82FB7B002B02D0012B19D0F6
:200BC00034E000237B8210E07B8ABA681344012219461A4803F0B3FE0346FB7501210520EB
:200BE00007F0A0F87B8A01337B827B8A7A689A42EAD81BE07A68B968104803F0A0FE03467B
:200C0000FB7507E0BB8A0533BB824FF47A71052007F088F80A4B1B78DBB283F00103DBB280
:200C2000002B02D0BB8A182BECD900BF044B00221A70FB7D18461837BD4680BDA445002042
:200C4000820B002080B586B000AF0346B9607A60FB730023FB75FB7B002B02D0012B08D019
:200C60000FE07A68B9680B4803F052FE0346FB7507E07A68B968074803F04AFE0346FB7506
:200C800000BF054B00221A70FB7D18461837BD4680BD00BFA4450020830B002080B582B057
:200CA00000AF78607B681B79042B10D0042B10DC012B02D0022B06D00BE0084B01221A7020
:200CC00001F07AF806E0064B01221A7002E000BF00E000BF00BF0837BD4680BD830B0020A1
:200CE000820B002080B582B000AF0023FB710A4A136923F0020313610849094802F08AFC2C
:200D00000346002B02D0FB790133FB71FB7918460837BD4680BD00BF00B0014000840000F4
:200D20006445002080B582B000AF0023FB71074802F0BEFC0346002B02D0FB790133FB71F0
:200D4000FB7918460837BD4680BD00BF6445002080B582B000AF0423FB71204B93F81034D7
:200D6000C3F30003DBB2002B06D01C4B002283F810240123FB712BE0184BB3F8C030C3F3A5
:200D80004003DBB2002B12D0144B0022A3F8C0200023BB71BB1D1946114802F09DFCBB79DC
:200DA00019460F4802F0A4FC0323FB7110E00B4BB3F8C030C3F38003DBB2002B06D0074B5F
:200DC0000022A3F8C0200223FB7101E00423FB71FB7918460837BD4680BD00BF00E0014040
:200DE0006445002080B588B000AF786039600023FB770023BB6107F10C0300221A605A606C
:200E00001A819F233B7200237B720023BB720023FB7200210020FFF71DFB07F10C0107F18C
:200E2000080304221846FFF7CDFD0346FB7701210020FFF70FFB7B7B1A04BB7B1B021343A9
:200E4000FA7B13431A46424B1A60414B1B689BB244F21A0293421FD844F21102934269D38C
:200E6000A3F58043113B092B64D801A252F823F0270F0000190F00000B0F0000FD0E0000D8
:200E8000EF0E0000E10E0000D30E0000C30E0000B30E0000A30E000047F21802934210D03A
:200EA00048E07B680A221A703B684FF480621A6049E07B6809221A703B684FF400721A609C
:200EC00041E07B6808221A703B684FF480721A6039E07B6807221A703B6880221A6032E088
:200EE0007B6806221A703B6840221A602BE07B6805221A703B6820221A6024E07B680422D3
:200F00001A703B6810221A601DE07B6803221A703B6808221A6016E07B6802221A703B68F8
:200F200004221A600FE07B6801221A703B6802221A6008E07B6800221A703B6800221A609B
:200F40000123FB7700BFFB7F18462037BD4680BD840B002080B588B000AF78600023FB7795
:200F600007F1180300221A601A714B233B7600210020FFF76FFA07F1080107F118030D2235
:200F80001846FFF71FFD01210020FFF763FA07F108030533082219467868FFF761FCFB7FDB
:200FA00018462037BD4680BD80B584B000AF03463960FB710023FB7300210020FFF74AFACA
:200FC000FB79012B0AD10523FB7207F10C0107F10B0302221846FFF7F5FC1AE0FB79022BF2
:200FE0000AD13523FB7207F10C0107F10B0302221846FFF7E7FC0CE0FB79032B09D115234B
:20100000FB7207F10C0107F10B0302221846FFF7D9FC01210020FFF71DFA7A7B3B681A709A
:20102000FB7B18461037BD4680BD80B582B000AF0023FB7106233B7100210020FFF70AFAA0
:201040003B1D01211846FFF761FC0346FB7101210020FFF7FFF9FB7918460837BD4680BD2F
:2010600080B582B000AF0023FB710423BB7100210020FFF7EFF9BB1D01211846FFF746FCC9
:201080000346FB7101210020FFF7E4F9FB7918460837BD4680BD80B584B000AF034639603B
:2010A000FB711346BB710023FB7307F1080300221A601A710123BB73BB79002B09D03B6857
:2010C0001A0EBB7B591CB973D2B210333B4403F8082C3B681A0CBB7B591CB973D2B2103335
:2010E0003B4403F8082C3B681A0ABB7B591CB973D2B210333B4403F8082CBB7B5A1CBA7356
:201100003A68D2B210333B4403F8082C00210020FFF7A0F9FB79032B1DD0032B27DC012BFC
:2011200002D0022B0BD022E0C7233B7207F1080301211846FFF7EAFB0346FB731BE0D82331
:201140003B72BA7B07F1080311461846FFF7DEFB0346FB730FE020233B72BA7B07F1080358
:2011600011461846FFF7D2FB0346FB7303E0FB7B0133FB7300BF01210020FFF76BF9FB7B74
:2011800018461037BD4680BD80B586B000AF78600023FB750123BB750523FB727B684FF4D6
:2011A0007A7202FB03F33B6100210020FFF752F907F10C0107F10B0302221846FFF702FCB1
:2011C0000346FB7501210020FFF744F94FF47A71282006F0A7FD00237B607B7B03F00103E6
:2011E000002B02D07B68002BDED000210020FFF731F907F10C0107F10B0302221846FFF752
:20120000E1FB0346FB7501210020FFF723F97B7B03F00103002B03D0FB7D0133FB7501E0FD
:201220000023FB75FB7D18461837BD4680BD80B584B000AF786039600023FB73002100205B
:20124000FFF708F939687868FFF760FB0346FB7301210020FFF7FEF8FB7B18461037BD46C2
:2012600080BD80B586B000AFF860B9607A603B600023BB750023FB7500210020FFF7EAF832
:20128000B968F868FFF742FB0346BB750121386806F048FDBB7D002B05D139687868FFF774
:2012A00063FB0346FB7501210020FFF7D3F8FB7D18461837BD4680BD80B584B000AF7860BF
:2012C00039600023FB733868FFF75EFFFFF7ADFE39687868FFF7ABFF0346FB733868FFF7E2
:2012E00053FFFFF7BDFEFB7B18461037BD4680BD80B584B000AF396011461A460346FB7173
:201300000B46BB711346BB800023FB73FFF78DFE03461A46FB7B1344FB73BB881846FFF72F
:2013200033FF03461A46FB7B1344FB73BA79FB7939681846FFF7AFFE03461A46FB7B1344D8
:20134000FB73BB881846FFF71FFF03461A46FB7B1344FB73FB7B18461037BD4680BD80B5F6
:2013600082B000AF0023FB7100F010F800F022F80346FB71FB79002B03D000F01BF8034688
:20138000FB71FB7918460837BD4680BD80B500AF00210020FFF75EF801210020FFF75AF895
:2013A00001210220FFF756F801210120FFF752F800BF80BD80B582B000AF0023FB71474BEF
:2013C000012283F82F2000233B603A46BB1D11461846FFF707FD0346002B07D03F4B002264
:2013E00083F82F20FB790133DBB273E03B4BD3F81B30B3F5807F04D9384B012283F82E200C
:2014000003E0364B002283F82E20344B00225A72002242F001029A72304B0022DA730022A1
:2014200042F010021A7400225A7400229A742B4BD3F813301B01294AC2F81330274BD3F86D
:201440001330264AD2F80F2002FB03F3234AB2F8092092B2B3FBF2F3204AC2F80B301F4B0D
:20146000D3F80F301B011D4AC2F81F301B4BD3F813301A4AD2F80F2002FB03F39B0A174A0C
:20148000C2F827301648FFF765FD03461A46FB791344FB7113490120FFF786FD03461A4606
:2014A000FB791344FB7110490220FFF77DFD03461A46FB791344FB710C490320FFF774FD4B
:2014C00003461A46FB791344FB71044B002283F82F20FB7918460837BD4680BD880B0020ED
:2014E000890B0020B30B0020B40B0020B50B002080B584B000AF03463960FB711346BB80A1
:201500000023FB7300BF0F4B93F82F30002BFAD10C4B012283F82F200A4B93F82E20BB888C
:20152000F8793968FFF7E4FE03461A46FB7B1344FB73044B002283F82F20FB7B1846103787
:20154000BD4680BD880B002080B5CAB000AF07F59473A3F58E73186007F59473A3F5907388
:20156000196007F59473A3F592731A600023A7F82631032387F823314E4B93F82E30002B19
:201580001ED0B7F826315A1CA7F826211A46022107F59473A3F58A73995407F59473A3F558
:2015A00090731B68190EB7F826315A1CA7F826211A46C9B207F59473A3F58A7399540BE0D1
:2015C000B7F826315A1CA7F826211A46022107F59473A3F58A73995407F59473A3F5907303
:2015E0001B68190CB7F826315A1CA7F826211A46C9B207F59473A3F58A73995407F594737E
:20160000A3F590731B68190AB7F826315A1CA7F826211A46C9B207F59473A3F58A739954C7
:20162000B7F826315A1CA7F826211A4607F59473A3F590731B68D9B207F59473A3F58A73A4
:2016400099540023A7F8243118E0B7F8243107F59472A2F58E7212681A44B7F82631591C9E
:20166000A7F826111946127807F59473A3F58A735A54B7F824310133A7F82431B7F8243135
:2016800007F59472A2F5927212689A42DDD8B7F8262107F1140311461846FFF70DFE03469E
:2016A00087F8233197F82331184607F59477BD4680BD00BF880B002080B5D0B000AF07F5FD
:2016C000A073A3F59A73186007F5A073A3F59C73196007F5A073A3F59E731A600023A7F8B7
:2016E0003E31032387F83D31454B93F82E30002B1ED0B7F83E315A1CA7F83E211A460B21B8
:2017000007F5A073A3F59873995407F5A073A3F59C731B68190EB7F83E315A1CA7F83E2138
:201720001A46C9B207F5A073A3F5987399540BE0B7F83E315A1CA7F83E211A460B2107F52A
:20174000A073A3F59873995407F5A073A3F59C731B68190CB7F83E315A1CA7F83E211A4696
:20176000C9B207F5A073A3F59873995407F5A073A3F59C731B68190AB7F83E315A1CA7F8C0
:201780003E211A46C9B207F5A073A3F598739954B7F83E315A1CA7F83E211A4607F5A0736F
:2017A000A3F59C731B68D9B207F5A073A3F598739954B7F83E315A1CA7F83E211A4607F5E7
:2017C000A073A3F5987300219954B7F83E1107F5A073A3F59E7307F5A072A2F59A7207F1E6
:2017E00010001B681268FFF73CFD034687F83D3197F83D31184607F5A077BD4680BD00BF0A
:20180000880B002080B584B000AF78600023FB734FF47A7279680320FFF76AFE0346002B8F
:2018200008D0FB7B0133FB73054B1B8801339AB2034B1A80FB7B18461037BD4680BD00BF43
:20184000B80B002080B586B000AFF860B9607A6000237B740023FB8200237B7500237B825B
:201860007B68C3F1FF1303F57F43FA689A4204D97B7C01337B747B7C2CE07B681B0AFB8248
:201880007B68DBB2002B02D0FB8A0133FB8200237B7519E07B8ABA68D0187A8AFB681344CC
:2018A0004FF480721946FFF74FFE0346002B04D07B7C01337B747B7C0CE07B8A03F580731C
:2018C0007B827B7D01337B757B7D9BB2FA8A9A42E0D87B7C18461837BD4680BD80B586B043
:2018E00000AFF860B9607A600023BB7400233B820023FB820023BB820023FB747B68C3F193
:20190000FF1303F57F43FA689A4204D9BB7C0133BB74BB7C3FE07B681B0A3B827B68DBB2BB
:20192000002B01D07B68FB740023FB8219E0BB8ABA68D018BA8AFB6813444FF480721946DF
:20194000FFF7BAFE0346002B04D0BB7C0133BB74BB7C20E0BB8A03F58073BB82FB8A01339A
:20196000FB82FA8A3B8A9A42E1D3FB7C002B11D0BB8ABA68D018BA8AFB681344FA7C19466C
:20198000FFF79AFE0346002B04D0BB7C0133BB74BB7C00E0BB7C18461837BD4680BDFFFF9E
:2019A00080B584B000AF786039600023FB730023BB7317E07868FFF725FF0346002B04D182
:2019C0007B6803F580537B600AE00123BB73FB7B0133FB73094B5B8801339AB2074B5A8047
:2019E000FFF7A0F97A683B689A4202D2BB7B002BE0D0FB7B18461037BD4680BDB80B0020D4
:201A000080B483B000AF78607B6803F500531A460023C2F810377B6803F500531A46002375
:201A2000C2F814377B6803F500531A460023C2F8183700BF0C37BD465DF8047B704780B423
:201A400083B000AF78607B6803F50053D3F81837002B0CBF01230023DBB218460C37BD4616
:201A60005DF8047B704780B483B000AF78607B6803F50053D3F81837B3F5FA7F0CBF012395
:201A80000023DBB218460C37BD465DF8047B7047B0B582B000AF786039607868FFF7E3FFF8
:201AA0000346002B01D0002333E07B6803F50053D3F81027796813469B0013449B00CA18D2
:201AC0003B6814461D460FCD0FC42B6823607B6803F50053D3F810375A1C104B83FB02133D
:201AE0005911D317CB1A4FF4FA7101FB03F3D31A7A6802F50052C2F810377B6803F50053C6
:201B0000D3F8183701337A6802F50052C2F81837012318460837BD46B0BD00BFD34D6210C1
:201B2000B0B582B000AF786039607868FFF787FF0346002B01D0002333E07B6803F50053E9
:201B4000D3F814273868796813469B0013449B000B4404461D460FCD0FC42B6823607B6874
:201B600003F50053D3F814375A1C104B83FB02135911D317CB1A4FF4FA7101FB03F3D31ADA
:201B80007A6802F50052C2F814377B6803F50053D3F81837013B7A6802F50052C2F818375D
:201BA000012318460837BD46B0BD00BFD34D621080B483B000AF78607B680022C3F8902342
:201BC0007B680022C3F894237B680022C3F8982300BF0C37BD465DF8047B704780B483B01C
:201BE00000AF78607B68D3F89833002B0CBF01230023DBB218460C37BD465DF8047B7047EC
:201C000080B483B000AF78607B68D3F89833032B0CBF01230023DBB218460C37BD465DF897
:201C2000047B704780B582B000AF786039607868FFF7E6FF0346002B01D0002328E07B68D9
:201C4000D3F890337A684FF4987101FB03F31A443B68104619464FF498731A4606F022FB5F
:201C60007B68D3F89033591C0B4B83FB0132CB17D21A13465B001344CA1A7B68C3F8902369
:201C80007B68D3F898335A1C7B68C3F89823012318460837BD4680BD5655555580B582B03F
:201CA00000AF786039607868FFF798FF0346002B01D0002327E07B68D3F8943338687A6831
:201CC0004FF4987101FB03F3134419464FF498731A4606F0E7FA7B68D3F89433591C0C4B4A
:201CE00083FB0132CB17D21A13465B001344CA1A7B68C3F894237B68D3F898335A1E7B684D
:201D0000C3F89823012318460837BD4680BD00BF5655555580B582B000AF78607B681B68E4
:201D200040F2C172934206D0B3F5F86F0DD9A3F2FA73012B09D8094B00221A70084B00221A
:201D40001A60786800F022FE03E0064B01221A7000BF00BF0837BD4680BD00BF503C0020D0
:201D6000844400208C36002080B500AF10491148FFF7D6FE0346002B18D00D48FFF7CAFFC9
:201D80000C4B03F50053D3F81837002B0ED1094B03F50053D3F81027064B03F50053D3F875
:201DA00014379A4202D00348FFF72AFE00BF80BD78360020C00B002080B500AF564B1B78F4
:201DC000042B00F2988001A252F823F0E11D0000F31D0000291E0000391E0000911E00006F
:201DE0004E4B1B78652B40F08D804B4B01221A7088E04A4B1B78022B03D1494B02221A70D4
:201E00000EE0464B1B78032B03D1454B03221A7006E0424B1B78042B02D1414B04221A702B
:201E20003D4B02221A706EE03C4B1A783D4B1A70394B03221A7066E0384B1A783A4B1A7056
:201E4000384B1B781AB2384B1B781BB21B021BB213431BB29AB2354B1A80344B1A88304BAE
:201E6000A3F82E21314B1B8803339AB22F4B1A802E4B1B88B3F5967F06D92C4B01221A80D7
:201E8000254B00221A703EE0234B04221A703AE0264B1B88013B214AD35C822B24D1234BD6
:201EA0001B88033B9AB2214B1A80204B1B88B3F5FA7F12D81A4BB3F82E311A4617491C4843
:201EC000FEF7CEFC144B00221A70184B01221A8013491848FFF7A6FE15E00F4B00221A70C7
:201EE000124B01221A800EE00B4B00221A700F4B01221A8007E0084B00221A700B4B012262
:201F00001A8000E000BF094B1B881A4603490020FEF798FE00BF80BDD83600203C3900207B
:201F2000DC360020693A00206A3A002048070020DD360020DC32002080B58AB000AF786022
:201F40000023FB8400237B847B68B3F82E31053B3B84002387F825307B681B78042B73D0F2
:201F6000042B00F33181022B02D0032B11D02BE19A4B01221A709A4B00221A70994B00224A
:201F80001A707B680133482219469748FEF768FC1FE1964B00221A70954B00221A60954BB6
:201FA00001221A707B68B3F82E310D2B00F20E8100233B747B685B781A467B689B781B02D3
:201FC0001A437B68DB781B041A437B681B791B061343FB607B685B79BB7400237B747B68CE
:201FE000991DBB7C1A4607F10C030C331846FEF737FCFB6840F2FA7293420CD0FB6840F281
:20200000FB72934207D0FB6840F2C172934213D13B7E042B10D107F10C03184600F0B6FC56
:20202000FB6840F2C17293420DD107F10C0319460420FEF733F906E007F10C03194604200A
:20204000FEF72CF9C2E0C1E0684B00221A70684B00221A60674B01221A707B685B781A4600
:202060007B689B781B021A437B68DB781B041A437B681B791B061343FB607B685B79BB740F
:202080005D4B05221A803B8CDB08FB843B8C03F007037B84594B1A883B8C13449AB2574B99
:2020A0001A8042E0002387F8253014E0524B1B885A1C91B2504A1180194697F825307A6830
:2020C0000A44527828333B4403F8102C97F82530013387F8253097F82530072BE6D9FB8C8F
:2020E000013BFB84FB6840F2FA7293420CD0FB6840F2FB72934207D0FB6840F2C172934228
:2021000008D13B7E042B05D107F10C03184600F03DFC05E007F10C0319460420FEF7BEF880
:202120004FF47A71052005F0FDFDFB8C002BB9D17B8C002B4CD07B8CDBB2BB74002387F86E
:20214000253014E02C4B1B885A1C91B22A4A1180194697F825307A680A44527828333B4447
:2021600003F8102C97F82530013387F8253097F825309BB27A8C9A42E4D800237B84FB68E8
:2021800040F2FA7293420CD0FB6840F2FB72934207D0FB6840F2C172934209D13B7E042BE3
:2021A00006D107F10C0319461548FFF771FC05E007F10C0319460420FEF770F84FF47A7128
:2021C000052005F0AFFD03E000BF02E000BF00E000BF00BF2837BD4680BD00BF6B3A002075
:2021E0006D3A00206C3A002090360020503C002084440020683A0020703A00206E3A002084
:20220000C00B002080B500AF0D490E48FFF746FD0346002B12D00A48FFF78EFE094BD3F8C1
:202220009833002B0AD1074BD3F89023054BD3F894339A4202D00348FFF7BAFC00BF80BD7A
:202240000C380020DC32002080B584B000AF7860654B00221A807B689B7906339AB2634B66
:202260001A80614B1B885A1C91B25F4A11801A465F4B652199545C4B1B885A1C91B25A4A5E
:2022800011801A465A4B02219954584B1988564B1B885A1C90B2544A10801A46C9B2544BB0
:2022A0009954524B1B881B0A99B24F4B1B885A1C90B24D4A10801A46C9B24D4B99547B6822
:2022C0001968494B1B885A1C90B2474A10801A46C9B2474B99547B681B68190A424B1B885A
:2022E0005A1C90B2404A10801A46C9B2404B99547B681B68190C3C4B1B885A1C90B23A4AC8
:2023000010801A46C9B23A4B99547B681B68190E354B1B885A1C90B2334A10801A46C9B290
:20232000334B9954304B1B885A1C91B22E4A11801A467B6899792E4B99540023FB730FE017
:20234000FA7B294B1B88591C88B22749088019467B6813441A7B264B5A54FB7B0133FB73E5
:202360007B689B79FA7B9A42EAD30023BB730CE01D4B1B885A1C91B21B4A11801A461C4B9A
:2023800000219954BB7B0133BB73BB7B002BEFD0154B1B885A1C91B2134A11801A46144B0E
:2023A00000219954104B1B885A1C91B20E4A11801A460F4B002199540B4B1B885A1C91B2F5
:2023C000094A11801A460A4B82219954064B1B881A4607490020FEF7E3FB034B00221A8033
:2023E00000BF1037BD4680BD363C0020383C0020743A002080B483B000AF0346FB7197F948
:202400000730002B12DBFB7903F01F020A4997F907305B09012000FA02F2203341F8232089
:20242000BFF34F8F00BFBFF36F8F00BF00BF0C37BD465DF8047B704700E100E080B483B026
:2024400000AF0346FB7197F90730002B0CDBFB7903F01F02074997F907305B09012000FA21
:2024600002F2603341F8232000BF0C37BD465DF8047B704700E100E080B400AFBFF34F8F95
:2024800000BF064BDB6803F4E0620449044B1343CB60BFF34F8F00BF00BFFDE700ED00E0D4
:2024A0000400FA0580B485B000AF786039600023FB600023FB72FB68DB43FB601FE07B68C4
:2024C0005A1C7A601B781A46FB685340FB600823FB7209E0FB685A08FB6803F0010359422D
:2024E0000C4B0B405340FB60FB7A013BDBB2FB7297F90B30002BEDDA3B68013B3B603B68C7
:20250000002BDCD1FB68DB4318461437BD465DF8047B70472083B8ED80B485B000AF7860F3
:2025200039600023FB600023FB72FB68DB43FB6021E07B681B78DBB21A46FB685340FB6063
:202540007B6801337B600823FB7209E0FB685A08FB6803F0010359420C4B0B405340FB60BE
:20256000FB7A013BDBB2FB7297F90B30002BEDDA3B68013B3B603B68002BDAD1FB68DB437F
:2025800018461437BD465DF8047B70472083B8ED80B582B000AF7860084611461A46034680
:2025A000FB700B46BB7013467B70144AFB781373124ABB785373124B1A78104B9A730F4A94
:2025C0007B6813600D4B03229A710E4B1B78DBB2012B03D10948FFF737FE0AE0FB78082B98
:2025E00002D10648FFF730FE7B7804491846FDF755FE00BF0837BD4680BD00BF3C3C00201C
:202600007C0B0020683A002080B582B000AF00237B600623FB70142213490020FFF75EF9AA
:202620000346002B1AD1104B9B7CAA2B14D10423AA22042140F2FC70FFF7AAFF00237B60BC
:2026400002E07B6801337B607B6842F20F729342F7D90523FB7001E00423FB70FB78184692
:202660000837BD4680BD00BF543C002080B584B000AF0623FB7300233B600023BB6000239E
:202680007B605C4B9B7CAA2B67D14FF480510020FFF786F90346002B57D1574B1A78554B7B
:2026A0001A70554B5A78534B5A70524BFF229A74504BAA22DA74504BD3F806304D4AC2F848
:2026C00006304D4BD3F802304A4AC2F802304A4BD3F80E30474AC2F80E30474BD3F80A30F1
:2026E000444AC2F80A30142242490020FFF7AAF80346002B21D114223F490020FFF7EEF8BF
:202700000346002B11D114223B493A48FEF7C7F80346002B01D1FFF7AFFE0423FF22082119
:2027200040F2FC70FFF734FF5FE00423FF22082140F2FC70FFF72CFF57E00423FF220821BB
:2027400040F2FC70FFF724FF4FE00423FF22082140F2FC70FFF71CFF47E0264BDB7CAA2BAF
:2027600034D1142224490020FFF7B8F80346002B18D1214B1B78002B08D11F4BD3F8023024
:20278000BB601D4BD3F806307B600BE01A4B5B78002B07D1184BD3F80A30BB60164BD3F805
:2027A0000E307B60B9684FF48030FFF7B5FE38603A687B689A4206D1FEF7B4FA00F0FEFEE4
:2027C00000F078FE11E00223FB730EE04FF480331A680A4B1340B3F1005F04D100F06AFED1
:2027E0000323FB7301E00223FB73FB7B18461037BD4680BD543C0020A04400200000FE2F95
:2028000080B500AFFEF78EFAFFF7AEFAFFF7FAFC224B1B680A2B15D9214B00221A701F4B38
:2028200000221A601F4B00221A601F4B00221A600423FF220A2140F2FC70FFF7A9FE1B4BDC
:2028400001221A70194B1B78012B15D1184B1B78DBB2012BD6D1164B00221A700F4B0022E3
:202860001A600F4B01221A700423FF22092140F2FC70FFF78DFEC5E7094B1B78012BC1D1F5
:202880000B4B1B78DBB2012BBCD1044B1B680133024A1360064B00221A70B3E784440020C5
:2028A00080440020683C00206C3C0020503C0020800B002080B582B000AF0623FB71FFF7B0
:2028C000D5FE0323FB71FB7918460837BD4680BD80B500AF274B01221A70FEF723FA254BBD
:2028E0001B78012B15D1244B1B78DBB2012B21D1214B00221A70214B00221A60204B0122D8
:202900001A700423FF22092140F2FC70FFF740FE10E01B4B1B78012B0CD1174B1B78DBB275
:20292000012B07D1154B1B680133144A1360124B00221A70FFF718FAFFF764FC0F4B1B6867
:20294000322BCAD90E4B00221A700C4B00221A600C4B00221A600C4B00221A600423FF2251
:202960000A2140F2FC70FFF713FE024B01221A70B3E700BF503C0020800B002084440020F5
:2029800080440020683C00206C3C002080B588B000AF78607B681B6840F2FB72934250D0D9
:2029A00040F2FB72934200F2948040F2FA7293420DD040F2FA72934200F28B8040F26662E3
:2029C000934242D040F2C172934257D081E07B681B7B002B02D100F051F97CE07B681B7BC8
:2029E000012B03D1786800F07DF974E07B681B7B032B02D100F044FB6DE07B681B7B042B9F
:202A000002D100F07BFC66E07B681B7B052B02D100F0F2FC5FE07B681B7B062B02D100F030
:202A200067F858E07B681B7B072B03D1786800F00FFC50E07B681B7B082B4CD1FFF716FEA2
:202A400049E0786800F05CFA48E040F22373FB600823BB7407F10C030C330822214918464A
:202A6000FDF7FEFE07F10C0319460420FDF716FC07F10C031846FFF7E7FB2FE07B681B7B11
:202A8000002B03D0184B01221A7002E0164B00221A707B681B7B042B1FD17B685B7BAA2B13
:202AA0001BD1124B40F2C2721A60104B02229A710E4B04221A730D4BAA225A730A4B0122EE
:202AC0001A700A490420FDF7E9FB0848FFF7BCFB03E000BF02E000BF00E000BF00BF203728
:202AE000BD4680BDDC440020513C0020B844002080B584B000AF4FF48053FB604FF480330E
:202B0000BB6000237B60142257490020FEF7E6FE0346002B40F08F80534B1B78002B14D1D9
:202B20004FF48053FB604FF48033BB604F4BD3F802307B604D4BD3F802304D4A13604B4B6C
:202B4000D3F806304B4A136075E0474B5B78002B71D14FF40123FB604FF48033BB60434BE4
:202B6000D3F80A307B60414BD3F80A30404A13603E4BD3F80E303F4A13605CE07B68B3F592
:202B8000806F2ED34FF480623B49F868FEF7A6FE0346002B1DD14FF480623749B868FDF788
:202BA000D9FC0346002B0CD1FB6803F58063FB60BB6803F58063BB607B68A3F580637B6004
:202BC00039E00423FF22062140F2FC70FFF7E0FC34E00423FF22062140F2FC70FFF7D8FC12
:202BE0002CE07A682449F868FEF778FE0346002B1AD17A682049B868FDF7ACFC0346002BD5
:202C00000AD1FA687B681344FB60BA687B681344BB6000237B600EE00423FF22062140F2DE
:202C2000FC70FFF7B5FC06E00423FF22062140F2FC70FFF7ADFC7B68002B9FD17B68002B63
:202C400007D10423AA22062140F2FC70FFF7A0FC06E00423FF22062140F2FC70FFF798FCD5
:202C600000BF1037BD4680BDA0440020543C0020743C0020783C00208040002080B500AFF2
:202C8000134B40F2FC721A60114B05229A71104B00221A730F4BAA221A700E4B79225A80A6
:202CA00004220C490C48FDF7DBFD0C4B1B78DBB2012B03D10648FFF7C7FA03E004490420A9
:202CC000FDF7ECFA064B00221A7000BF80BD00BFB844002088440020C5440020683A00206F
:202CE000503C002080B582B000AF78607B685A7B7C4B9A7414227C490020FEF7EFFD034668
:202D0000002B40F0E380784B1B78002B48D1774B4FF401221A60764B4FF401221A60754B58
:202D20004FF441221A607B689B7B1A467B68DB7B1B021A447B681B7C1B041A447B685B7CB5
:202D40001B0613441A46674BC3F80A20674B1B68684A126811461846FEF722FE0346002B65
:202D600016D1654B00221A60644B00221A605D4B01221A705B4B00225A705A4BAA22DA742F
:202D80000423AA22012140F2FC70FFF701FCA4E00423FF22012140F2FC70FFF7F9FB9CE09B
:202DA000514B5B78002B48D1504B4FF480521A604F4B4FF480521A604E4B4FF480221A6015
:202DC0007B689B7B1A467B68DB7B1B021A447B681B7C1B041A447B685B7C1B0613441A465D
:202DE000404BC3F80220414B1B68424A126811461846FEF7D5FD0346002B16D13E4B0022D4
:202E00001A603E4B00221A60364B00221A70354B01225A70334BAA22DA740423AA220121CC
:202E200040F2FC70FFF7B4FB57E00423FF22012140F2FC70FFF7ACFB4FE02C4B4FF48052B8
:202E40001A602B4B4FF480521A602A4B4FF480221A607B689B7B1A467B68DB7B1B021A4412
:202E60007B681B7C1B041A447B685B7C1B0613441A461C4BC3F802201C4B1B681D4A1268BA
:202E800011461846FEF78CFD0346002B16D11A4B00221A60194B00221A60124B00221A709A
:202EA000104B01225A700F4BAA22DA740423AA22012140F2FC70FFF76BFB0EE00423FF2211
:202EC000012140F2FC70FFF763FB06E00423FF22012140F2FC70FFF75BFB00BF0837BD46A3
:202EE00080BD00BF8C440020A04400204C0700205007002054070020683C00206C3C0020F1
:202F000080B582B000AF7860534B1B68534A98187B6803F10C017B689B791A46FDF7A0FC8A
:202F20007B689B791A464C4B1B6813444A4A13607B689B791A464A4B1B681344484A1360F7
:202F4000454B1B68B3F5806FC0F08280454B1B684FF4806241491846FEF774FC0346002B1C
:202F60006FD1414B1B684FF4806240491846FEF7B5FC0346002B5CD14FF4806237493B4887
:202F8000FDF78DFC0346002B4BD1394B40F2FC721A60374B05229A712F4B00221A60344B3D
:202FA00002221A734FF480613048FFF77BFA0346304A13602F4B1B681B0EDAB22C4B1A746C
:202FC0002C4B1B681B0CDAB2294BDA73294B1B681B0ADAB2264B9A73264B1B68DAB2244B6E
:202FE0005A73254B1B78DBB2012B09D1234B1B8801339AB2214B1A801D48FFF725F903E07B
:203000001B490420FDF74AF9164B1B6803F58063144A1360144B1B6803F58063124A1360D5
:2030200016E00423FF22022140F2FC70FFF7B0FA0EE00423FF22022140F2FC70FFF7A8FA62
:2030400006E00423FF22022140F2FC70FFF7A0FA00BF0837BD4680BD683C0020803C002013
:203060006C3C00204C0700205007002080400020B8440020703C0020683A0020E4440020CC
:2030800080B582B000AF674A674B1A60674B1B68002B20D1664BD3F80220664B1B689A423E
:2030A00006D0634BD3F80A20624B1B689A4207D10423AA22032140F2FC70FFF769FAADE018
:2030C0000423FF22032140F2FC70FFF761FA594B00221A60A2E0584B1B68544A12685149FB
:2030E0001846FEF7AFFB0346002B40F08F80534B1B684E4A126852491846FEF7EFFB0346CC
:20310000002B7BD1494B1B681A4646494C48FDF7C6FB0346002B40F081804A4B40F2FC720F
:203120001A60484B05229A71404B1B6819464448FFF7B8F90346444A1360434B1B681B0E2C
:20314000DAB2404B1A74404B1B681B0CDAB23D4BDA733D4B1B681B0ADAB23A4B9A733A4B61
:203160001B68DAB2374B5A73384B1B78DBB2012B03D13448FFF768F803E032490420FDF706
:203180008DF82D4B1A68294B1B6813442A4A13602A4B1A68254B1B681344284A1360002332
:2031A0007B6002E07B6801337B607B684CF24F329342F7D91E4BD3F802201E4B1B689A42FB
:2031C00006D01B4BD3F80A201A4B1B689A420AD1164B00221A600423AA22032140F2FC706D
:2031E000FFF7D6F91AE00423FF22032140F2FC70FFF7CEF90F4B00221A600FE00423FF221C
:20320000032140F2FC70FFF7C3F907E00423FF22032140F2FC70FFF7BBF9FFE700BF0837BB
:20322000BD4680BD803C0020B4440020683C00208C4400206C3C00204C07002050070020F4
:2032400080400020B8440020703C0020683A002080B584B000AF7860244B40F2FC721A606B
:20326000224B02229A717B685B7B1A467B689B7B1B021A447B68DB7B1B041A447B681B7CF5
:203280001B061344FB601A4B1B78002B04D1184AFB68C2F8063007E0154B5B78002B03D195
:2032A000134AFB68C2F80E30124B1B6819464FF48030FFF731F903460F4A13600E4B1B6813
:2032C000FA689A4207D10423AA22072140F2FC70FFF75EF906E00423FF22072140F2FC70DE
:2032E000FFF756F900BF1037BD4680BDB8440020A0440020743C00207C3C002080B588B00E
:2033000000AF394B1B78012B0CD1384BD3F80230354AC2F80230354BD3F80630324AC2F83C
:2033200006300FE0304B5B78012B0BD12F4BD3F80A302D4AC2F80A302C4BD3F80E302A4A34
:20334000C2F80E304FF480510020FEF729FB0346002B3ED13B46142223491846FDF780FAB6
:20336000142221492248FDF77BFA3B46214A13603B46142219460020FEF764FA0346002B7E
:203380001FD1142219490020FEF7A8FA0346002B0FD1142215491448FDF781FA0346002BC7
:2033A0001ED10423AA22042140F2FC70FFF7F0F816E00423FF22042140F2FC70FFF7E8F8B3
:2033C0000EE00423FF22042140F2FC70FFF7E0F806E00423FF22042140F2FC70FFF7D8F86F
:2033E00000BF2037BD4680BD8C440020A0440020543C0020B444002080B500AF4FF4A021D3
:203400004FF48030FDF70CF90346002B07D10423AA22052140F2FC70FFF7BAF806E0042308
:20342000FF22052140F2FC70FFF7B2F800BF80BD80B500AF0E221D494FF44820FDF710F9E9
:203440000346002B30D1194B1B78012B20D1174B5A79174B1A70154B9A79154B5A70134BC7
:20346000DA79134B9A70114B1A7A114BDA700F4B5A7A0F4B1A710D4B9A7A0D4B5A710B4B03
:20348000DA7A0B4B9A71094B1A7B094BDA710BE0074BFF221A70064B01225A71044B022255
:2034A0009A71034B0022DA7100BF80BDCC440020DC44002080B586B000AF3A4BBB6072B6F8
:2034C00000BF394B00229A8000BF374B9B889BB2002BFAD1344B00229A8200BF324B9B8AA8
:2034E0009BB2002BFAD1314B00221A604FF0FF30FEF780FF4FF0FF30FEF7A0FF00237B618E
:2035000008E02B4A7B69C033002142F823107B6901337B617B695F2BF3D900233B6110E00C
:20352000244A3B6920334FF0FF3142F82310214A3B6960334FF0FF3142F823103B690133F4
:203540003B613B69072BEBD90023FB6007E0184AFB68134400221A70FB680133FB60FB68B3
:203560000F2BF4D900233B603B6883F31488BFF36F8F00BF00BF104B4FF480329A60BFF3A7
:203580004F8F00BF4FF480331B687B607B6883F3088800BFBB681B68984700BF1837BD46FC
:2035A00080BD00BF04000100000D004010E000E00060004000E100E000ED00E080B500AFDB
:2035C000FDF72EFAFDF7AAFAFCF794FE00BF80BD80B500AFFDF788F800BF80BD80B582B0FB
:2035E00000AF0346FB71FB79022B03D10349044801F0FCFC00BF0837BD4680BD708500003E
:20360000F844002080B500AFFFF7E2FF0023184680BDFFFF80B586B000AF786039607B6869
:203620007B613968786900F070F838613B69002B01D03B6932E03B681B791A4ADB01DBB2E1
:2036400093713B681B781A46174B9B5C03F00303FB603B685B781B01DBB2FA681343FB60F1
:203660003B689B781B0303F44053FA681343FB603B68DB781B0203F44073FA681343FB6009
:20368000084BFA6892B25A803B685B79054ADB01DBB213727B69054A1A6000231846183726
:2036A000BD4680BD003408403C8600005444570080B483B000AF7860064B00221A70054B62
:2036C000FF221A70002318460C37BD465DF8047B704700BF0034084080B483B000AF7860C4
:2036E0003960062318460C37BD465DF8047B704780B483B000AF78600B46FB7006231846A8
:203700000C37BD465DF8047B704780B483B000AF78603960002318460C37BD465DF8047BB6
:20372000704780B483B000AFEFF303837B607B683B603B88C3F308039BB2DBB2103BDBB2C5
:203740005BB218460C37BD465DF8047B7047FFFF80B483B000AF03463960FB7197F9073004
:2037600004493A6841F8232000BF0C37BD465DF8047B70474C46002080B483B000AF03463D
:20378000FB7197F90730044A52F8233018460C37BD465DF8047B70474C46002080B483B0C3
:2037A00000AF0346FB710B4997F9073003F1C00251F8223023F4803341F82230054A97F905
:2037C0000730C03352F8233000BF0C37BD465DF8047B70470060004080B584B000AF034691
:2037E000FB7197F907301846FFF7D8FFBFF35F8F00BF97F90730FB60FB6803F01F02074923
:2038000097F907305B09012000FA02F2603341F8232000BF1037BD4680BD00BF00E100E099
:2038200080B584B000AF0346B9607A60FB73BB68DAB2094997F90F301201D2B20B4483F895
:20384000002397F90F3079681846FFF781FF00BF1037BD4680BD00BF00E100E080B485B092
:2038600000AF0346FB7197F90730FB60FB6803F01F020749FB685B09012000FA02F241F8EC
:20388000232000BF1437BD465DF8047B704700BF00E100E080B582B000AF0346FB7197F972
:2038A00007301846FFF798FF97F907301846FFF7D5FF00BF0837BD4680BDFFFF80B485B052
:2038C00000AF0346FB7197F90730FB60FB6803F01F020B4997F907305B09012000FA02F25D
:2038E000203341F82320BFF34F8F00BFBFF36F8F00BF00BF1437BD465DF8047B704700BFE4
:2039000000E100E080B584B000AF0346B9607A60FB7397F90F307A68B9681846FFF780FF7F
:2039200097F90F301846FFF7B5FF00BF1037BD4680BDFFFF80B584B000AF786039600023C0
:20394000FB607B68BB60386800F0CFF8F860FB68002B01D0FB6822E0BB683A685A603B6879
:203960009A69BB685A623B68DA69BB68DA62BB6800229A62BB685B681B7803F5800303F5F3
:203980008D531B021A46BB689A60B86800F00AF9B86800F055FABB68034A1A60FB68184690
:2039A0001037BD4680BD00BF4950535280B586B002AFF860B9607A60FB70FB7800937B68C8
:2039C000BA680021F86800F0DFFA034618461037BD4680BD80B586B002AFF860B9607A60E6
:2039E000FB70FB7800937B680022B968F86800F0CBFA034618461037BD4680BD80B586B082
:203A000002AFF860B9607A603B603B7E00933B687A68B968F86800F0B7FA0346184610372E
:203A2000BD4680BD80B584B000AF78607B68FB60FB6800221A60FB685B685B69002B0AD02A
:203A4000FB685B685B699B681B6AFA6852685269126810469847FB685B681B69002B0AD0BF
:203A6000FB685B681B699B681B6AFA6852681269126810469847FB685B6893F90230002BBF
:203A800006DBFB685B6893F902301846FFF716FFFB685B6893F90130002B06DBFB685B68E3
:203AA00093F901301846FFF709FFFB685B6893F903301846FFF702FFFB685B6893F90430CD
:203AC0001846FFF7FBFEFB689A68137823F040031370FB689B68DB78FB689B680022DA7045
:203AE000002318461037BD4680BD80B586B000AF786000237B617B681B693B617B681B7854
:203B000003F5800303F58D531B020433FB603B69002B19D03B695B681B684FF000621A60E6
:203B20003B695B681B68FA689A603B699B681B683A6910683A6952681146984778617B69AA
:203B4000002B01D07B6928E07B685B69BB60BB68002B21D0BB685B681B684FF400221A6034
:203B6000BB685B681B68FA685A60BB689B681B68BA681068BA6852681146984778617B69AE
:203B8000002B09D03B69002B06D03B699B681B6A3A691268104698477B6918461837BD466A
:203BA00080BDFFFF80B491B000AF78600023FB6300233B620023BB6300237B6300233B638A
:203BC0000023FB620023BB6200237B620023FB61FB6B43F08003FB63FB6B43F02003FB6312
:203BE000FB6B43F01003FB637B685B685B7A002B01D1082300E00023FA6B1343FB637B6819
:203C00005B685B7A002B01D1102300E000237A6B13437B637B685B689B7A1A467B6A13436A
:203C20007B627B685B68DB7A5B007A6A13437B627B685B685B7B1B037A6A13437B627B68A6
:203C40005B681B69002B03D0FB6B43F02003FB637B685B681B6ABB61BB691B78002B14D1F7
:203C60007B685B681B78002B0AD17B685B685B7A002B01D1802300E000237A6A13437B62D0
:203C8000FB6B23F00103FB6303E0FB6B43F00103FB63BB695B78DB01DB431A46FB6B134061
:203CA000FB63BB695B785A00BB695B785B0113431A46FB6B1343FB633B6A23F00F033B62CB
:203CC000BB699B781A46BB69DB7802FA03F33A6A13433B627B6A23F070037B62BB69DB788E
:203CE0001B017A6A13437B62BB691B79002B0BD0BB6B43F02003BB63BB691B79022B03D180
:203D0000BB6B43F01003BB63BB695B79002B0BD07B6B43F001037B63BB695B79012B03D128
:203D20007B6B43F002037B63BB699B791A46FB691343FB61BB691B7AC3F30103DBB29B003E
:203D40007A6A13437B627B685B685B7A002B0CD17B6A43F460437B62BB695B7A3B63BB6972
:203D60009B7AFB62BB69DB7ABB6200237B61EFF310833B613B697B610123FB60FB6883F353
:203D8000108800BF2D4B5A687B685B681B78C3F11303012101FA03F3DB43284913404B60EF
:203DA000264B5B687B69BB60BB6883F3108800BF7B689B68DB787B689B680022DA707B6872
:203DC0009B68FA6BD2B21A707B689B683A6AD2B25A707B689B68BA6BD2B29A707B689B6816
:203DE000BA69D2799A727B689B683A6BD2B21A737B689B68FA6AD2B25A737B689B68BA6A08
:203E0000D2B29A737B689B687A6BD2B2DA737B689B687A6A92B21A827B689B68FA69D2B2FE
:203E200083F820207B689B68102283F8212000BF4437BD465DF8047B704700BF00400840E4
:203E400080B582B000AF78607B685B6893F90230002B0ADB7B685B6893F902007B685B6826
:203E60009B797A681946FFF74DFD7B685B6893F90130002B0ADB7B685B6893F901007B6824
:203E80005B685B797A681946FFF73CFD7B685B6893F904007B685B681B7A7A681946FFF773
:203EA00031FD7B685B6893F903007B685B68DB797A681946FFF7B4FC00BF0837BD4680BD80
:203EC00080B487B000AF78607B689B68DB7ADBB27B617B689B681B8A9BB2FB607B6893F8AB
:203EE00020300F2B08D97B6923F040037B617B6943F020037B610DE07B6893F82030072B4E
:203F000004D87B6943F040037B6103E07B6923F060037B617B6893F820303B613B690F2B3E
:203F200004D93B6901339B08053B3B61FB6823F47063FB603B691B02FA681343FB607B68EE
:203F40009B687A69D2B2DA727B689B68FA6892B21A8200BF1C37BD465DF8047B704780B4AF
:203F600083B000AF78607B689B681B78DAB27B689B6842F06002D2B21A7000BF0C37BD46F5
:203F80005DF8047B7047FFFF80B588B000AFF860B9607A603B60FB68FB61FB699B681B78DD
:203FA000DBB203F04003002B01D0082306E1FB69BA68DA60FB697A681A61FB6900225A616E
:203FC000FB6900229A61FB693A68DA61FB6997F8282083F82020FB695B685B69002B6DD0D6
:203FE000FB693A689A61FB6993F820300F2B0AD9FB695B685B695B681A68D378022161F372
:204000000513D37018E0FB6993F82030072B09D8FB695B685B695B681A68D37823F030033A
:20402000D37009E0FB695B685B695B681A68D378012161F30513D370FB695B685B695B685A
:204040001A689378022161F383039370FB695B685B695B681B683A6892B2DA81FB695B683A
:204060005B695B681B687A689A607B68002B0FD1FB695B685B695B681A68937823F00C030F
:204080009370FB695B685B695B681B684D4A9A60FB695B685B699B685B68FA6952685269D2
:2040A0001068FA69526852695268126811469847B861BB69002B01D0BB697FE0FB695B6863
:2040C0001B69002B73D0FB693A685A61FB6993F820300F2B0AD9FB695B681B695B681A68E1
:2040E000D378022161F30513D37018E0FB6993F82030072B09D8FB695B681B695B681A6869
:20410000D37823F03003D37009E0FB695B681B695B681A68D378012161F30513D370FB6972
:204120005B681B695B681A68D378022161F38303D370FB695B681B695B681B683A6892B291
:20414000DA81FB695B681B695B681B68BA685A60BB68002B0FD1FB695B681B695B681A6819
:20416000D37823F00C03D370FB695B681B695B681B68154A5A60FB699A68137823F020035E
:204180001370FB695B681B699B685B68FA69526812691068FA6952681269526812681146F8
:2041A000984778617B69002B01D07B6906E0F869FFF786FEF869FFF7D2FE002318462037C3
:2041C000BD4680BDFC4500200046002080B485B000AF78607B689B69FB607B68DB69FA681D
:2041E0009A4234D07B681B69002B03D17B689B685B6827E07B6893F820300F2B09D97B680C
:204200009A687B681969FB689B000B4452681A6018E07B6893F82030072B09D87B689A6808
:204220007B681969FB680B441279D2B21A7009E07B689A687B681969FB685B000B44928874
:2042400092B21A80FB685A1C7B689A6100E000BF1437BD465DF8047B704780B485B000AF39
:2042600078607B685B69FB607B68DB69FA689A4233D07B68DB68002B04D17B689B680022CE
:204280005A6025E07B6893F820300F2B09D97B68DA68FB689B001A447B689B6812685A60EA
:2042A00016E07B6893F82030072B08D87B68DA68FB681A447B689B6812781A7108E07B688C
:2042C000DA68FB685B001A447B689B6812889A80FB685A1C7B685A6100E000BF1437BD4682
:2042E0005DF8047B704790B587B000AF78600B46FB707B689B6A7B617B69002B03D107F1D5
:2043000008037B6105E07A6907F1080307CA83E807007B685B681B781A467B691A607B69CD
:20432000FA781A717B68DA6A7B699A607B685B6A786998477B689B6A002B08D07B689B6A40
:204340001C4607F1080393E8070084E8070000BF1C37BD4690BD80B582B000AFFFF7E1F9BB
:204360000346FB7197F907301846FFF717FA97F907301846FFF700FA38603868FFF726FFF4
:204380003B689A693B68DB699A4206D13B685B6893F903301846FFF761FA00BF0837BD4608
:2043A00080BD80B584B000AFFFF7BBF90346FB7397F90F301846FFF7F1F997F90F3018460D
:2043C000FFF7DAF9B860BB685B681B6A7B607B68002B1ED07B685B78012B1AD1BB685A6907
:2043E000BB68DB69013B9A4207D1BB685B6893F903301846FFF74EFA0BE0BB685B681B69D0
:20440000002B06D0BB685B6893F903301846FFF725FAB868FFF721FF00BF1037BD4680BD07
:2044200080B582B000AFFFF77CF90346FB7197F907301846FFF7B2F997F907301846FFF765
:204440009BF938603B689B68DB78C3F34003DBB2002B04D03B685B685B7A012B28D197F9C2
:2044600007301846FFF72AFA3B685B6893F90230002B06DB3B685B6893F902301846FFF7E5
:204480001DFA3B689A68137823F0400313703B685B6893F90230002B06DB3B685B6893F9DA
:2044A00002301846FFF7F6F901213868FFF71BFF00BF0837BD4680BD80B584B000AFFFF769
:2044C00030F90346FB7397F90F301846FFF754F9B860BB685B6893F90230002B06DBBB68A1
:2044E0005B6893F902301846FFF7E8F9BB689A68137823F040031370BB685B6893F90230D9
:20450000002B06DBBB685B6893F902301846FFF7C1F9BB689B68DB78FB71BB689B680022B0
:20452000DA70FB7903F00803DBB2002B03D00521B868FFF7D8FEFB7903F00103DBB2002BFF
:2045400003D00421B868FFF7CEFEFB7903F00403DBB2002B09D0FB7903F01003DBB2002B50
:2045600003D00821B868FFF7BEFE97F90F301846FFF714F900BF1037BD4680BD80B483B090
:2045800000AFEFF303837B607B683B603B88C3F308039BB2DBB2103BDBB25BB218460C37C7
:2045A000BD465DF8047B704780B483B000AF03463960FB7197F9073004493A6841F82320D7
:2045C00000BF0C37BD465DF8047B70474C46002080B483B000AF0346FB7197F90730044AB9
:2045E00052F8233018460C37BD465DF8047B70474C46002080B483B000AF0346FB710B491E
:2046000097F9073003F1C00251F8223023F4803341F82230054A97F90730C03352F8233087
:2046200000BF0C37BD465DF8047B70470060004080B584B000AF0346FB7197F90730184658
:20464000FFF7D8FFBFF35F8F00BF97F90730FB60FB6803F01F02074997F907305B090120F9
:2046600000FA02F2603341F8232000BF1037BD4680BD00BF00E100E080B584B000AF034616
:20468000B9607A60FB73BB68DAB2094997F90F301201D2B20B4483F8002397F90F307968B5
:2046A0001846FFF781FF00BF1037BD4680BD00BF00E100E080B485B000AF0346FB7197F903
:2046C0000730FB60FB6803F01F020749FB685B09012000FA02F241F8232000BF1437BD4622
:2046E0005DF8047B704700BF00E100E080B582B000AF0346FB7197F907301846FFF798FF32
:2047000097F907301846FFF7D5FF00BF0837BD4680BDFFFF80B485B000AF0346FB7197F911
:204720000730FB60FB6803F01F020B4997F907305B09012000FA02F2203341F82320BFF361
:204740004F8F00BFBFF36F8F00BF00BF1437BD465DF8047B704700BF00E100E080B58AB0C6
:2047600000AF786039607B687B623B681B7803F5800303F58C531B021A467B6A1A627B6A0E
:2047800000221A707B6A3A68DA613B685A697B6A5A623B689A697B6ADA627B6A00229A62DA
:2047A0007A6A9378012161F3010393703B685B78002B05D17A6A9378022161F301039370A9
:2047C0003968786A00F0C0F9786A00F006F900233B62EFF31083FB60FB683B6201233B618C
:2047E0003B6983F3108800BF474B5A683B681B7819464FF00043CB40DB43434913404B602A
:20480000414B5B683B6A7B617B6983F3108800BF7B6A1B6A00229A707B6A1B6A00221A716A
:204820007B6A1B6A00225A727B6A1B6A00229A727B6A1B6A0022DA727B6A1B6A00225A8347
:204840003B681B781A4640F21923D34003F00103002B03D07B6A1B6A4022DA747B6A1B6AC8
:2048600006221A773968786A00F0C1F87B6A0022DA607B6A00221A617B6A00225A617B6AE9
:2048800000229A613B68DB69FB61FB691B7803F00303BB61BB6943F01003BB617B6ADB69FD
:2048A00093F905301846FFF721FF7B6ADB6993F90B301846FFF71AFFBB6943F04003BB61B0
:2048C0007B6ADB6993F907301846FFF70FFF7B6ADB6993F909301846FFF708FFBB6943F0EA
:2048E0002003BB617B6A1B6ABA69D2B29A70FB695A897B6A1A817B6A044A5A600023184629
:204900002837BD4680BD00BF004008405549435380B487B000AFF860B9607A60FB687B61D9
:2049200000233B617B69BA685A617B697A689A613B6918461C37BD465DF8047B704780B41F
:2049400087B000AFF860B9607A60FB687B617B691B6A9B78DAB27B691B6A02F07B02D2B283
:204960009A707B699B78C3F30103DBB21A467B689A1A7B691A617B699B78C3F30103DBB25B
:204980001A46BB681A447B69DA607B691B6A9B78DAB27B691B6A62F07F02D2B29A707B6962
:2049A0009B7803F00303DBB2022B0AD1BB681B887A69126A6FEAC3536FEAD3539BB2D381A2
:2049C00004E07B691B6ABA681278DA70002318461C37BD465DF8047B704780B483B000AF1C
:2049E000786000BF0C37BD465DF8047B704780B586B000AF786039603B681B781A4640F2FC
:204A00001923D34003F00103002B04D07B681B6A4FF478429A823B689B781A013B68DB7809
:204A2000DB0013437B61F2233B613B685B78032B04D17B6943F040037B6107E03B685B78AC
:204A4000002B03D13B6923F010033B617B681B6A7A69D2B21A707B681B6A3A69D2B29A71FE
:204A60003B68DB69BB60BB681B7B082B04D17B681B6A0A225A7309E0BB681B7B5B00DAB289
:204A80007B681B6A02F00202D2B25A730023FB60BB685B78DB01DBB2FA681343FB60BB6854
:204AA0009B785B0103F02003FA681343FB607B681B6A00221A72BB681B78022B03D0BB686F
:204AC0001B78032B11D17B681B6AFF225A70BB681B78022B03D1FB6843F01003FB607B6842
:204AE0001B6AFA68D2B2DA710DE07B681B6AFA68D2B2DA717B681A6ABB685B681946104678
:204B000000F04FF800BF00BF1837BD4680BD80B582B000AF78600B46FB701346BB7097F993
:204B200002301846FFF7F6FD97F902301846FFF761FDF97897F902307A681846FFF79CFD86
:204B400000BF0837BD4680BD80B582B000AF786039603B68997A3B6893F90B301A46786830
:204B6000FFF7D5FF3B6819793B6893F905301A467868FFF7CCFF3B6899793B6893F90730B6
:204B80001A467868FFF7C3FF3B68197A3B6893F909301A467868FFF7BAFF00BF0837BD468F
:204BA00080BD80B483B000AF786039603B689A787B685A703B685B78C3F30103D9B27A6832
:204BC000137861F3010313703B68DA787B689A747B68DB79DBB223F05C03DAB23B681B7891
:204BE00003F05C03DBB21343DAB27B68DA7100BF0C37BD465DF8047B704790B58BB000AF07
:204C0000F860B9601346FB71FB689B6A7B627B6A002B03D107F114037B6205E07B6A07F187
:204C200014040FCB84E80F00FB68DB691B781A467B6A1A607B6ABA689A607B6AFA791A712A
:204C4000FB68DA6A7B6ADA60FB685B6A786A9847FB689B6A002B07D0FB689B6A1C4607F179
:204C600014030FCB84E80F0000BF2C37BD4690BD80B584B000AFFFF781FC0346FB7397F984
:204C80000F301846FFF7B6FC97F90F301846FFF79FFCB860BB68DB691B69002B30D1BB68BF
:204CA0001B69002B2CD0BB689B7803F00303DBB2022B0BD1BB68DB681B88BA68126A6FEA84
:204CC000C3536FEAD3539BB2D38105E0BB68DA68BB681B6A1278DA70BB681B69BA68927805
:204CE000C2F30102D2B29A1ABB681A61BB68DB68BA689278C2F30102D2B21A44BB68DA609D
:204D0000BB681B69002B1BD1BB681B6A9B78FB71FB7943F00403FB71FB7903F07F03FB713F
:204D2000BB681B6AFA799A70BB680022DA60BB685B6A002B04D080220021B868FFF75DFFB3
:204D400000BF1037BD4680BD80B584B000AFFFF715FC0346FB7397F90F301846FFF74AFCCE
:204D600097F90F301846FFF733FCB860BB689B7803F00303DBB2022B07D1BB681B6A1B8ABB
:204D80009BB2C3F308037B6004E0BB681B6A5B79DBB27B60BB689B69002B0AD1BB685B6A4D
:204DA000002B33D07B6804221946B868FFF725FF2CE0BB685869BB689B78C3F30103DBB2B6
:204DC0001A463B1D194603F06DFABB685B69BA689278C2F30102D2B21A44BB685A61BB68B4
:204DE0009B69BA689278C2F30102D2B29A1ABB689A61BB689B69002B08D1BB685B6A002B37
:204E000004D001220021B868FFF7F7FE00BF1037BD4680BD80B582B000AFFFF7AFFB03462A
:204E2000FB7197F907301846FFF7D2FB38603B681B6A9B78DAB23B681B6A02F07B02D2B2A4
:204E40009A703868FFF7C9FD3B685B6A002B04D0022200213868FFF7D0FE97F907301846B7
:204E6000FFF7C8FB00BF0837BD4680BD80B584B000AFFFF783FB0346BB7297F90A30184611
:204E8000FFF7A6FB78600023FB607B689B7803F00303DBB2022B07D17B681B6A1B8A9BB24A
:204EA000C3F30803FB6004E07B681B6A5B79DBB2FB607B681B6A1B79DBB203F03803FB72AA
:204EC000FB7A03F01003002B0BD07B681B6A1B7FC3F30003DBB2002B03D1FB7A43F040031F
:204EE000FB727B681B6A1B79DAB27B681B6A22F03802D2B21A717868FFF76FFD7B685B6A10
:204F0000002B05D0FB7A1A46F9687868FFF775FE97F90A301846FFF76DFB00BF1037BD4683
:204F200080BDFFFF80B485B000AF0023FB60EFF310837B607B68FB600123BB60BB6883F33A
:204F4000108800BF0D4B1B68002B05D10C4B0022DA700B4B4022DA70084B1B680133074AFE
:204F60001360FB683B603B6883F3108800BF00BF1437BD465DF8047B704700BF484600204B
:204F8000000D084080B485B000AF0023FB60EFF310837B607B68FB600123BB60BB6883F3C0
:204FA000108800BF0F4B1B68002B04D00D4B1B68013B0C4A13600B4B1B68002B05D10A4BAF
:204FC0000022DA70084B8022DA70FB683B603B6883F3108800BF00BF1437BD465DF8047BD7
:204FE000704700BF48460020000D084080B584B000AF786039607B68FB60FB68044A1A6046
:20500000386800F03EF8002318461037BD4680BD54524F5080B487B000AF78600B467B803F
:2050200013467B700023FB820023BB827B8823F0FF037B827B88DBB23B823B8A012202FAE6
:2050400003F3FB817B78002B02D1FB89BB8201E0FB89FB827B8A1B0A9BB2DBB25B0103F1F6
:20506000804303F50023BB60BB8A1A04FB8A1A43BB689A60002318461C37BD465DF8047B2A
:20508000704780B584B000AF7860786800F060F87B68BB60FFF746FF0023FB8111E0BB6855
:2050A0005A68FB89DB0013449888BB685A68FB89DB0013441B68194600F00EF8FB8901332D
:2050C000FB81BB681B88FA899A42E8D3FFF75AFF00BF1037BD4680BD80B483B000AF034680
:2050E0003960FB803B6803F48033002B1CD01749FB881B0A9BB21A46FB88DBB212011A4402
:2051000051F8223023F4803341F822300F48FB881B0A9BB21946FB88DBB23A6822F480327A
:2051200009010B4440F823200849FB881B0A9BB21A46FB88DBB2120113443A6841F823205D
:2051400000BF0C37BD465DF8047B70470008084080B588B000AF7860594B7B61594B3B61BB
:205160000023FB619FE00023BB6195E07B685A68FB69DB0013449A885349BB6931F81330F4
:205180009A4240F086807B685A68FB69DB0013441B6803F0F853FB60FB68B3F1807F03D0CD
:2051A000FB68B3F1106F39D17B6993F8BB34DAB20121BB6901FA03F3DBB21340DBB2002BA6
:2051C00013D1012002F080FF7B6993F8BB34DAB20121BB6901FA03F3DBB21343DAB27B69E5
:2051E00083F8BB24012002F01FFF3B69BA69203213F81230C3F3C013DBB2002B49D13A69C0
:20520000BB6903F1200112F8113043F0800302F811300121C82002F085FD3AE07B6993F812
:20522000BB34DAB20121BB6901FA03F3DBB21340DBB2002B15D0012002F046FF7B6993F878
:20524000BB34DAB20121BB6901FA03F3DBB2DB43DBB21340DAB27B6983F8BB24012002F034
:20526000E3FE3B69BA69203213F81230C3F3C013DBB2002B0DD03A69BB6903F1200112F8E3
:20528000113023F0800302F811300121C82002F049FDBB690133BB61BB69022B7FF666AF6B
:2052A000FB690133FB617B681B881A46FB699342FFF459AF00BF00BF2037BD4680BD00BF0C
:2052C00000E00140003008404486000080B483B000AFEFF303837B607B683B603B88C3F31B
:2052E00008039BB2DBB2103BDBB25BB218460C37BD465DF8047B704780B483B000AF034656
:20530000FB7197F90730044A52F8233018460C37BD465DF8047B70474C46002080B483B027
:2053200000AF0346FB710B4997F9073003F1C00251F8223023F4803341F82230054A97F969
:205340000730C03352F8233000BF0C37BD465DF8047B70470060004080B584B000AFFFF748
:20536000B5FF0346BB7397F90E301846FFF7C4FFB8600023FB73174ABB685B79D35CC3F337
:205380000103DBB2032B02D10123FB7304E097F90E301846FFF7C2FFBB68002B0ED0BB68D3
:2053A0009B68002B0AD0BB685B797B60BB68DB683B60BB689B683A4610469847FB7B002B96
:2053C00004D097F90E301846FFF7A8FF00BF1037BD4680BD0060004080B483B000AFEFF352
:2053E00003837B607B683B603B88C3F308039BB2DBB2103BDBB25BB218460C37BD465DF892
:20540000047B704780B483B000AF03463960FB7197F9073004493A6841F8232000BF0C37BE
:20542000BD465DF8047B70474C46002080B483B000AF0346FB7197F90730044A52F82330AF
:2054400018460C37BD465DF8047B70474C46002080B483B000AF0346FB710B4997F9073085
:2054600003F1C00251F8223023F4803341F82230054A97F90730C03352F8233000BF0C37DE
:20548000BD465DF8047B70470060004080B584B000AF0346FB7197F907301846FFF7D8FF1F
:2054A000BFF35F8F00BF97F90730FB60FB6803F01F02074997F907305B09012000FA02F26A
:2054C000603341F8232000BF1037BD4680BD00BF00E100E080B584B000AF0346B9607A60A3
:2054E000FB73BB68DAB2094997F90F301201D2B20B4483F8002397F90F3079681846FFF7E6
:2055000081FF00BF1037BD4680BD00BF00E100E080B485B000AF0346FB7197F90730FB6056
:20552000FB6803F01F020749FB685B09012000FA02F241F8232000BF1437BD465DF8047B71
:20554000704700BF00E100E080B582B000AF0346FB7197F907301846FFF798FF97F90730D0
:205560001846FFF7D5FF00BF0837BD4680BDFFFF80B485B000AF0346FB7197F90730FB60D8
:20558000FB6803F01F020B4997F907305B09012000FA02F2203341F82320BFF34F8F00BFE8
:2055A000BFF36F8F00BF00BF1437BD465DF8047B704700BF00E100E080B584B000AF034603
:2055C000B9607A60FB7397F90F307A68B9681846FFF780FF97F90F301846FFF7B5FF00BF2F
:2055E0001037BD4680BDFFFF80B584B000AF786039607B68FB603B681B7C1A46012303FAA4
:2056000002F2FB68DA603968F86800F085F83968F86800F0B3F8FB68034A1A600023184644
:205620001037BD4680BD00BF5450470080B485B000AF78607B68FB60FB689B68FA68D26809
:205640009A60002318461437BD465DF8047B704780B485B000AF78607B68FB60FB689B6862
:20566000FA68D2685A60002318461437BD465DF8047B704780B586B000AF78607B687B61C9
:2056800000233B617B695B68DB69FB607B695B6893F91230184600F0D4F9FB6893F9243032
:2056A000184600F0CEF9FB6893F92530184600F0C8F97B6900221A60786900F021F8B86000
:2056C0007B699B687A69D2689A607B699B6800225A63BB6843F425431946786900F005F817
:2056E0003B6918461837BD4680BD80B483B000AF7860396000BF0C37BD465DF8047B704702
:2057000080B483B000AF7860002318460C37BD465DF8047B7047FFFF80B485B000AF78605B
:2057200039607B683A685A607B6801221A747B68DB6803F00603002B02D07B6800221A744B
:205740003B681B7C1A460C4B13441B02FB60FA687B689A603B685A697B685A613B689A69A0
:205760007B68DA617B6800229A6100BF1437BD465DF8047B704700BF9016400080B594B055
:2057800000AF786039603B68DB693B640023FB63EFF31083BB61BB69FB6301237B617B69EB
:2057A00083F3108800BF954B1A693B681B7C19464FF00043CB40DB43904913400B618F4B03
:2057C0001B69FB6B3B613B6983F3108800BF7B689B684FF425421A607B689B680022DA6284
:2057E0007B689B680022DA637B689B6800229A643B681B7ABB63BB6BDB05FB643B685B683D
:20580000013B7B633B681B78032B03D1FB6C43F48033FB647B689B68FA6CDA62786800F02E
:20582000EFF87B689B683A6C9269DA617B689B683A6CD2691A627B689B687A6B9A667B68CE
:205840009B687A6B5A6600233B633B6C9B6BBB644FF0FF33BB600023FB603B681B78002BA8
:2058600006D13B685B685B08013BFB62FB6ABB603B681B78012B07D93B68D96807F1080247
:205880000023786800F00BF97B689B68BA685A657B689B68BA689A653B681B78032B07D9FF
:2058A0007B689B68BA68DA657B689B68BA681A66FB681B043A6B13433B63FB681B063A6BD5
:2058C00013433B633B6C9B6B002B1ED13B6C1B78002B0AD03B6C5B781946386800F054F918
:2058E000B862BA6CBB6A1343BB643B6C9B78002B0BD03B6CDB781946386800F045F978620D
:205900007B6A1B04BA6C1343BB64786800F067F900233B620023FB617B689B683A6A9A63F2
:205920007B689B68FA69C3F888203B6C9B6B002B0DD13B6C93F820305B03BA6C1343BB648A
:205940003B6C93F821305B07BA6C1343BB644FF4AA037B643B6C93F83030002B02D04FF426
:20596000A0037B647B689B687A6C1A643B681B78012B07D17B689B680022DA647B689B68F5
:2059800000221A657B689B687A68D268DA607B689B68BA6C5A637B689B683A6B42F003029F
:2059A0001A637B689B683A6B42F001021A634AF201517868FFF799FE3B6893F912003B684E
:2059C0005B7C7A68194600F054F83B6C93F924003B6C93F822307A68194600F04AF83B6C7E
:2059E00093F925003B6C93F823307A68194600F040F800BF5037BD4680BD00BF004008403B
:205A000080B483B000AF78607B689B684FF000421A617B689B684FF000425A617B689B68AE
:205A20004FF000429A617B689B6800225A627B689B6800229A6200BF0C37BD465DF8047B49
:205A4000704780B582B000AF0346FB7197F90730002B0ADB97F907301846FFF789FD97F9BC
:205A6000073000211846FFF7CDFC00BF0837BD4680BD80B584B000AF0346B9607A60FB73B1
:205A800097F90F30002B06DB97F90F307A68B9681846FFF791FD00BF1037BD4680BD80B4FD
:205AA0008BB000AFF860B9607A603B60FB689B689B6EFB61FB690133FB61BB68002B0CBF3E
:205AC00001230023FB76BA68FB699A422CBF01230023BB76FB7E002B02D1BB7E002B44D05A
:205AE0003B6803F00103002B07D1FB689B685B6BC3F30403DBB27B6206E0FB689B685B6BA4
:205B0000C3F30443DBB27B62FB685B681B78032B09D97B6A03F01003002B0CBF012300232D
:205B200087F8233008E07B6A03F00C03042B0CBF0123002387F82330FB7E002B06D097F8A8
:205B4000233083F00103DBB2002B06D1BB7E002B07D097F82330002B03D07B6802225A6010
:205B60000CE07B6803225A6008E0BB687B617B69013B7B617B687A691A6000BF00BF2C3773
:205B8000BD465DF8047B704780B485B000AF78600B46FB70FB789A01FB781B01134343F4A1
:205BA0008073BB600923FB607B681B78022B0BD07B681B78032B02D10323FB6004E0FB7883
:205BC000002B01D10623FB60BA68FB681343BB60BB6818461437BD465DF8047B704780B4C0
:205BE00085B000AF78607B685B68DB69FB60FB6893F8303003F00103DBB2002B05D0FB686F
:205C00009A6A7B689B68013ADA64FB6893F8303003F00203DBB2002B05D0FB68DA6A7B68C4
:205C20009B68013A1A6500BF1437BD465DF8047B704790B589B000AFF8600B467A60FB72F2
:205C4000FB689B69FB61FB69002B03D107F11003FB6105E0FA6907F1100307CA83E8070021
:205C6000FB69FA7A1A71FB697A689A60FB68DA69FB691A60FB685B69F8699847FB689B692F
:205C8000002B08D0FB689B691C4607F1100393E8070084E8070000BF2437BD4690BD80B599
:205CA00084B000AFFFF798FB0346FB7397F90F301846FFF7CDFB97F90F301846FFF7B6FB02
:205CC000B860BB685B681B78012B20D1B868FFF717FD7860BB689B68BA68D2689A60BB6875
:205CE0009B6800229A64BB689B680022DA64BB689B6800221A657B6843F425431946B86833
:205D0000FFF7F3FC97F90F301846FFF7BFFBBB685B69002B04D000220021B868FFF789FFFA
:205D200000BF1037BD4680BD80B483B000AFEFF303837B607B683B603B88C3F308039BB275
:205D4000DBB2103BDBB25BB218460C37BD465DF8047B704780B487B000AF0346FB710E4B7A
:205D60001B6A7B61FB797A6922FA03F303F007033B617B691B0E03F00703FB60074B1A6887
:205D8000FB689A403B6922FA03F318461C37BD465DF8047B704700BF00E00140D4470020B6
:205DA00080B400AF094B0122A3F80421074BB3F804319BB2002BF9D1044B0122A3F8002127
:205DC00000BFBD465DF8047B704700BF00C0014080B483B000AF03463960FB7197F907308B
:205DE00004493A6841F8232000BF0C37BD465DF8047B70474C46002080B483B000AF034697
:205E0000FB7197F90730044A52F8233018460C37BD465DF8047B70474C46002080B483B01C
:205E200000AF0346FB710B4997F9073003F1C00251F8223023F4803341F82230054A97F95E
:205E40000730C03352F8233000BF0C37BD465DF8047B70470060004080B584B000AF0346EA
:205E6000FB7197F907301846FFF7D8FFBFF35F8F00BF97F90730FB60FB6803F01F0207497C
:205E800097F907305B09012000FA02F2603341F8232000BF1037BD4680BD00BF00E100E0F3
:205EA00080B584B000AF0346B9607A60FB73BB68DAB2094997F90F301201D2B20B4483F8EF
:205EC000002397F90F3079681846FFF781FF00BF1037BD4680BD00BF00E100E080B485B0EC
:205EE00000AF0346FB7197F90730FB60FB6803F01F020749FB685B09012000FA02F241F846
:205F0000232000BF1437BD465DF8047B704700BF00E100E080B582B000AF0346FB7197F9CB
:205F200007301846FFF798FF97F907301846FFF7D5FF00BF0837BD4680BDFFFF80B485B0AB
:205F400000AF0346FB7197F90730FB60FB6803F01F020B4997F907305B09012000FA02F2B6
:205F6000203341F82320BFF34F8F00BFBFF36F8F00BF00BF1437BD465DF8047B704700BF3D
:205F800000E100E080B584B000AF0346B9607A60FB7397F90F307A68B9681846FFF780FFD9
:205FA00097F90F301846FFF7B5FF00BF1037BD4680BDFFFF80B584B000AF786039607B685A
:205FC000FB600023BB60FB683A685A603B681B78002B23D03B685A68FB689A633B68DA686B
:205FE000FB681A64FB680022DA63184B01221A763B6893F911003B681B7CFA681946FFF7B7
:20600000C1FF124B98221A753B6893F913003B689B7CFA681946FFF7B5FF05E00B4B002256
:206020001A760A4B00221A75F86800F073FAB860BB68002B01D0BB6803E0FB68044A1A60A5
:20604000BB6818461037BD4680BD00BF00E07F404E45504F80B586B000AFF860B9607A6043
:206060003B60FB683B6100237B613B685A083B691A633B69BA689A623B697A68DA623B6939
:20608000002283F834207B68B3F1006F04D2386902F062F9786103E0386900F084F97861B2
:2060A0007B6918461837BD4680BD80B588B000AFF860B9607A60FB687B610023FB617B6906
:2060C000002283F83420BB68B3F1006F19D20023BB61BB68B3F5803F06D2BB6823F4FF5381
:2060E00023F01F03BB6105E0BB6823F4FF4323F07F03BB617A68B969786902F031F9F861E3
:206100000EE0BB6823F03F033B617A683969786900F09EFAF861FB69002B01D0FB6900E093
:20612000FB6918462037BD4680BD80B588B000AFF860B9607A603B60FB687B610023FB6146
:20614000BB68B3F1006F1DD27B69002283F834203B6800221A70BB683B610023BB610CE00C
:206160003A69BB6913441B78FF2B03D03B6801221A700EE0BB690133BB61BA697B689A42DD
:20618000EED306E03B687A68B968786900F052F9F861FB6918462037BD4680BD80B483B07D
:2061A00000AF786039600B4BB3F884309BB203F08103002B03D13B6800221A7002E03B6873
:2061C00001221A70002318460C37BD465DF8047B704700BF00E07F4080B487B000AFF860F0
:2061E000B9601346FB80FB687B6100233B6106233B613B6918461C37BD465DF8047B70470C
:2062000080B487B000AFF860B9607A60FB687B6100233B6106233B613B6918461C37BD46FE
:206220005DF8047B704780B485B000AF78607B68FB600023BB600623BB60BB681846143757
:20624000BD465DF8047B704780B584B000AF78607B68FB60F86802F067F8034618461037E3
:20626000BD4680BD80B584B000AF78600B46FB701346BB707B68FB600023BB60BA78FB788D
:206280001946F86802F054F8B860BB6818461037BD4680BD80B485B000AF78607B68FB60B3
:2062A0000023BB600623BB60BB6818461437BD465DF8047B704780B584B000AF78607B682F
:2062C000FB60F86800F026F9034618461037BD4680BDFFFF80B483B000AF786039603B689E
:2062E000094A92E8030083E803003B68074A083392E8030083E80300002318460C37BD467F
:206300005DF8047B704700BF6C8600009C08002080B584B000AF78607B68FB600023BB6011
:20632000FB6800221A60FB685B6893F91130002B06DBFB685B6893F911301846FFF7FEFD1D
:206340000B4B00221A76FB685B6893F91330002B06DBFB685B6893F913301846FFF7EEFD00
:20636000034B00221A75BB6818461037BD4680BD00E07F4080B487B000AFF860B9607A6012
:206380003B60FB687B617B69BA689A637B697A681A647B693A68DA63002318461C37BD4642
:2063A0005DF8047B704780B586B000AF786000237B61786800F08AFA78617B69002B01D054
:2063C0007B6932E07B685B681B78002B06D07B68012283F8342000233B6102E07B68DB68F1
:2063E0003B613A690421786801F0AEFF78617B685B681B78002B01D07B6916E018224FF456
:206400008051786901F0A4FF78617B681B6B002B02D07B69002BE4D001F08EFFF8607B697A
:20642000002B01D1FB687B617B6918461837BD4680BDFFFF80B588B000AFF860B9607A60EA
:206440003B60F86800F042FAF861FB69002B01D0FB6957E02D4B002283F8D0202B4ABB6824
:206460001363BA687B681344284A013B5363284B71221A70264BD0221A70FB685B681B78B0
:20648000002B08D0FB68032283F834203B6802221A70002336E0FB685B697A689208013242
:2064A00002FB03F3BB6108E0BB69002B02D11423FB610AE0BB69013BBB61144BD3F88030F0
:2064C000C3F3C033DBB2012BEED14FF4FC720021F86901F03DFFF8610C4B93F8D430DBB26F
:2064E000012B03D13B6801221A7002E03B6800221A7001F021FF7861FB69002B01D17B69EC
:20650000FB61FB6918462037BD4680BD00E07F4000007E4080B586B000AF78607B68002272
:2065200083F83420424B012283F816241C20FFF711FC78611820FFF70DFC38617B693D4AD4
:20654000934202D84FF4FB736DE07B6903F5742303F23F23384AA2FB03239B0CFB603B69D9
:2065600003F5742303F23F23334AA2FB03239B0CBB60FB689BB2314A03F5F0539BB2A2F8E6
:20658000E430BB6843F6B85202FB03F32C4AA2FB03239A087B689A60BB6840F6D86202FB46
:2065A00003F3274AA2FB03239A087B68DA60BB685B00234AA2FB03239A087B681A61BB6821
:2065C000542202FB03F31E4AA2FB03239A087B685A61BB681B4A02FB03F3194AA2FB032346
:2065E0009A087B689A61BB6844F2506202FB03F3134AA2FB03239A087B685A62BB68124A3D
:2066000002FB03F30E4AA2FB03239A087B681A62BB680E4A02FB03F3094AA2FB03239A0845
:206620007B68DA61002318461837BD4680BD00BF00E00140FF083D0083DE1B4300E07F40AA
:20664000ABAAAAAA38AF040080DE0F00A0F7030080B588B000AFF860B9607A600023FB61B9
:20666000FB68BA689A62FB687A681A63F86800F02DF9F861FB69002B02D04FF4FA7336E0E1
:20668000FB685B681B78002B06D0FB68022283F834200023BB6102E0FB685B6ABB61164B24
:2066A0000122A3F8E020BA694021F86801F048FEF861FB685B681B78002B01D0FB6916E099
:2066C00019224FF40051F86901F042FEF861FB681B6B002B02D0FB69002BE4D001F02CFEBC
:2066E0007861FB69002B01D17B69FB61FB6918462037BD4680BD00BF00E07F4080B584B000
:2067000000AFFFF711FB0346BB7397F90E301846FFF772FBB8601E4B1B7CDBB27B601C4BDB
:20672000D3F880201B4B13403B607B6803F00803002B02D00423FB7319E07B6803F08003D5
:20674000002B02D00523FB7311E07B6803F01003002B0AD03B6803F44053002B02D0072373
:20676000FB7304E00623FB7301E00723FB73B86801F0DAFD97F90E301846FFF74FFBFB7BED
:206780001946B86800F06EF800BF1037BD4680BD00E07F404070F00080B584B000AF002364
:2067A000FB73FFF7C1FA03467B7397F90D301846FFF722FBB86097F90D301846FFF72EFBE3
:2067C000BB6893F83430012B17D1BB681B6B002B0ED000220421B86801F0B6FD78607B681B
:2067E000002B2BD0B86801F09FFD0723BB7325E00123BB730123FB7320E0BB6893F8343073
:20680000022B0ED1BB681B6B002B05D000224021B86801F095FD11E00023BB730123FB73C9
:206820000CE00123FB730E4B93F8D430DBB2012B02D10323BB7301E00223BB73FB7B002B3D
:206840000AD001F079FDBB68002283F83420BB7B1946B86800F006F800BF1037BD4680BDFA
:2068600000E07F4080B586B000AF78600B46FB707B68DB6B7B617B69002B03D107F10C03DC
:206880007B6106E07A6907F10C0392E8030083E803007B69FA781A707B681A6C7B695A607A
:2068A0007B689B6B786998477B68DB6B002B08D07B68DB6B1A4607F10C0393E8030082E88B
:2068C000030000BF1837BD4680BDFFFF80B584B000AF78600023FB604FF49643BB607B68E1
:2068E0005B681B78002B0DD07B685B6893F911301846FFF70FFB7B685B6893F91330184696
:20690000FFF708FB0C4B4AF68022A3F8842008E0BB68002B02D14FF4FA7309E0BB68013B05
:20692000BB60054BB3F884309BB2802BF0D1FB6818461037BD4680BD00E07F4080B485B084
:2069400000AF786039607B68FB600C4AFB6813603B681A68FB689A603B685A68FB68DA6029
:20696000FB6800225A60FB68054A1A60002318461437BD465DF8047B704700BF0446002029
:206980004347430080B588B000AFF8600B467A60FB72FB68FB610023BB61FB7A052B02D0A9
:2069A000FB7A062B0DD107F1100307F11402F97A786800F0B5F9B861BB69002B01D0BB69EC
:2069C00029E0FB7A184600F0F5F803461A46FB7A1146184600F006F90346002B02D140F2C3
:2069E000931318E0012000F01AF8FB7A052B02D0FB7A062B06D13B6907F11402F97A7868DD
:206A000000F0CCF9FB7A0021184600F019F9012000F01AF8002318462037BD4680BD80B55B
:206A200082B000AF0346FB71012001F04DFBFB79012B05D1002000F0D5FF002001F044FBBC
:206A400000BF0837BD4680BD80B582B000AF0346FB71FB79012B07D1002001F0E5FA064B74
:206A60001B6A184600F07AF8012001F0DDFA00BF0837BD4680BD00BF00E0014080B483B063
:206A800000AF78601A4B1B68B3F5004F01D0002327E0184B93F83630DBB2002B17D0154B42
:206AA00093F83830DBB2002B11D0124B93F83230DBB2002B0BD00F4B93F82A30DBB2002B76
:206AC00005D00C4B93F84A30DBB2002B01D1002307E07B6803F0EE43002B01D0002300E0EB
:206AE000012318460C37BD465DF8047B704700BFD447002000E0014080B485B000AF786038
:206B00000B46FB70FB78002B0BD07B68FB60FB6803F0443323F480030E4A934201D000237A
:206B200011E00D4B93F82A30DBB2002B05D10A4B93F84A30DBB2002B01D0012300E000238F
:206B400003F00103DBB218461437BD465DF8047B704700BF4444044400E0014080B584B061
:206B600000AF7860104B93F84030FB737868FFF785FF0346002B03D0042000F033FF0FE0F4
:206B8000FB7B19467868FFF7B7FF0346002B07D0064B1B68064A934202D8032000F022FF42
:206BA00000BF1037BD4680BD00E00140D447002040420F0080B483B000AF0346FB71FB7963
:206BC000074A52F823301B78DBB2002B0CBF01230023DBB218460C37BD465DF8047B7047AE
:206BE000C086000080B487B000AF03460A46FB711346BB7116237B61FB7901229A407B6941
:206C00001340002B01D0012312E00C4B93F83C30DBB23B61FB793A6922FA03F303F0010378
:206C2000FB60BB79FA689A420CBF01230023DBB218461C37BD465DF8047B704700E0014088
:206C400080B483B000AF03460A46FB711346BB71FB790A4A52F82330BA791A70FB79074AAD
:206C600052F823301B78DBB2BA799A42F6D100BF00BF0C37BD465DF8047B7047C0860000EC
:206C800080B489B000AFF8600B467A60FB72114BFB61FB681B78002B01D10E4BFB61FB6825
:206CA0005B880133FA6902FB03F35B08BB61FB685B7801337B61BA697B69B2FBF3F33B616C
:206CC0007B683A691A60002318462437BD465DF8047B7047002D310180B487B000AF7860F9
:206CE0000023FB827B681B78002B01D10123FB827B685B88BB827B685B787B82BB8A1B02C8
:206D000003F47C52FB8A1B011A437B8A1343FB60FB6818461C37BD465DF8047B7047FFFF5A
:206D200080B588B000AFF8607A603B600B46FB72F868FFF7D1FFB861FB7A052B02D1154B95
:206D4000FB6101E0144BFB61FB691B889BB21A46BB69934209D0FB7A1846FFF72BFF034679
:206D6000002B02D040F291130FE0FB7A7A681946F868FFF785FF78617B69002B01D07B6924
:206D800003E03B68BA691A60002318462037BD4680BD00BF28E0014048E0014080B584B0DE
:206DA00000AFF8607A603B600B46FB72FB7A052B04D1094B3A6892B21A8504E0064B3A686F
:206DC00092B2A3F84820FB7A7968184600F044FE00BF1037BD4680BD00E0014080B483B0B8
:206DE00000AF0346FB7197F90730002B0CDBFB7903F01F02074997F907305B09012000FA38
:206E000002F2403341F8232000BF0C37BD465DF8047B704700E100E080B483B000AFEFF346
:206E200003837B607B683B603B88C3F308039BB2DBB2103BDBB25BB218460C37BD465DF837
:206E4000047B704780B483B000AF03463960FB7197F9073004493A6841F8232000BF0C3764
:206E6000BD465DF8047B70474C46002080B483B000AF0346FB7197F90730044A52F8233055
:206E800018460C37BD465DF8047B70474C46002080B483B000AF0346FB710B4997F907302B
:206EA00003F1C00251F8223023F4803341F82230054A97F90730C03352F8233000BF0C3784
:206EC000BD465DF8047B70470060004080B584B000AF0346FB7197F907301846FFF7D8FFC5
:206EE000BFF35F8F00BF97F90730FB60FB6803F01F02074997F907305B09012000FA02F210
:206F0000603341F8232000BF1037BD4680BD00BF00E100E080B584B000AF0346B9607A6048
:206F2000FB73BB68DAB2094997F90F301201D2B20B4483F8002397F90F3079681846FFF78B
:206F400081FF00BF1037BD4680BD00BF00E100E080B485B000AF0346FB7197F90730FB60FC
:206F6000FB6803F01F020749FB685B09012000FA02F241F8232000BF1437BD465DF8047B17
:206F8000704700BF00E100E080B582B000AF0346FB7197F907301846FFF798FF97F9073076
:206FA0001846FFF7D5FF00BF0837BD4680BDFFFF80B485B000AF0346FB7197F90730FB607E
:206FC000FB6803F01F020B4997F907305B09012000FA02F2203341F82320BFF34F8F00BF8E
:206FE000BFF36F8F00BF00BF1437BD465DF8047B704700BF00E100E080B584B000AF0346A9
:20700000B9607A60FB7397F90F307A68B9681846FFF780FF97F90F301846FFF7B5FF00BFD4
:207020001037BD4680BDFFFF80B590B000AF786039607B68BB6200237B623B681B693B6272
:207040003B681B6803F58023A8331B03FB61BB6AFA695A600023BB61EFF310833B613B69E4
:20706000BB610123FB60FB6883F3108800BF8F4B5A683B681B68C3F10203012101FA03F3B7
:20708000DB438A4913404B60884B5B68BB69BB60BB6883F3108800BFBB6A3A681A603B6858
:2070A0009A68BB6ADA613B68DA68BB6A5A62BB6A00221A623B6A1A78BB6A1A7600220121B5
:2070C000B86A00F0E3FB3B6A1B7B1BB25B001AB23B6A1B7D1BB2DB001BB213431BB243F485
:2070E000E0731BB29AB2FB69A3F840283B685B687B617B691B68013B1A046D4B13407A69CC
:207100005268013A12071A437B699B68013B1B021A437B69DB68013B1B031343BA6A127EDC
:207120001A43FB69C3F8442800220221B86A00F0ADFBFB69802283F85028FB6903F50073A0
:207140004FF400720021184601F0A4F80023FB632CE03B6A9A68FB6BDB0013449B79002B63
:2071600016D13B6A1B69FA6B9A4211D2FB6B20331B01FA69D1183B6A9A68FB6BDB0013447B
:207180001A46386A00F056F9402387F83B3002E0002387F83B30FA69FB6B134403F50263F5
:2071A00097F83B201A70FB6B0133FB63FB6B1F2BCFD900237B6300233B632BE03B6A5A68D7
:2071C0003B6B9B0013441B686FF0604293421ED23B6A5A683B6B9B0013441B68FB623B6A4A
:2071E0001B7B002B04D1FB6A9A04324B1340FB62FB693A6B02F58072F96A43F822103B6B61
:207200009B000F2202FA03F37A6B13437B633B6B01333B633B6A1B699B083A6B9A42CDD332
:207220007B6BDA43FB69C3F8282400220021B86A00F02CFBFA69B2F8403843F02003A2F8EF
:207240004038FB69B3F84038C3F34013DBB2002BF7D13B6893F915003B681B7DBA6A1946A4
:20726000FFF7CAFE3B6893F916003B681B7DBA6A1946FFF7C1FE3B6893F917003B681B7D17
:20728000BA6A1946FFF7B8FEFB693E2283F84C28FB694FF0FF32C3F82C24BB6A064A9A60BE
:2072A0007B6A18464037BD4680BD00BF004008400000FF030000FC1F4E41435280B588B0DF
:2072C00000AF78607B68FB61FB6900229A60FB691B6893F915301846FFF76AFEFB691B680D
:2072E00093F916301846FFF763FEFB691B6893F917301846FFF75CFEFB695B68BB61BB6938
:20730000002283F84C28BB690022C3F82C2400237B61EFF31083BB60BB687B610123FB60FE
:20732000FB6883F3108800BF0C4B5A68FB691B681B68C3F10203012101FA03F30749134328
:207340004B60064B5B687B693B613B6983F3108800BF002318462037BD4680BD00400840DD
:2073600080B58AB000AFF860B9607A60FB68BB61BB691B681B697B61BB695B683B613A69F8
:20738000BB68134403F502631B78C3F3C013DBB2002B02D04EF663233AE0BB6820331B01FA
:2073A0003A6913447A681946786900F043F87B689B7903F00F03D9B23A69BB6820331B01CA
:2073C0001A44938861F3030393807B689B797B62BB6820331B013A69134406333B627B68AE
:2073E0000C33FB6107E0FA69531CFB613B6A591C396212781A707B6A5A1E7A62002BF2D1ED
:207400003A69BB68134403F5026380221A70002318462837BD4680BD80B485B000AFF86036
:20742000B9607A60062318461437BD465DF8047B7047FFFF80B489B000AFF860B9607A6094
:20744000FB681B7BFB750023FB61FB7D002B06D0FB7D022B0AD17B681B79002B06D17B68EF
:207460001B689A04114B1340BB610EE0FB7D022B06D17B681B79012B02D14FF00043FB6162
:207480007B681B6823F06043BB617B685B799B073B61FA693B691A43BB691A43BB681A603D
:2074A00000BF2437BD465DF8047B70470000FC1F80B489B000AFF860B9607A60FB685B687C
:2074C000BB61BA69BB6820331B0113441B687B617B699B0F03F00103DAB27B685A71FB6803
:2074E0001B681B693B613B691B7BB969BA68203212010A441268C2F3C072D2B21343DBB2F0
:2075000003F00103DAB27B681A717B681B79002B06D17B699B0CC3F30A027B681A6004E073
:207520007B6923F060427B681A60BA69BB6820331B0113449B88C3F30303DBB21A467B689A
:207540009A717B689B79082B02D97B6808229A710023FB6112E0BA69BB681B011A44FB696E
:20756000134403F206231B78D9B27A68FB6913440C330A461A70FB690133FB617B689B79D7
:207580001A46FB699342E6D3BA69BB68134403F5026344221A707B6800229A6000BF243796
:2075A000BD465DF8047B7047B0B58EB000AF786039607B681B6A7B637B6B002B02D13B68AD
:2075C0007B6317E07B6B07F10C041D460FCD0FC40FCD0FC495E8030084E803007A6B3B68B0
:2075E00014461D460FCD0FC40FCD0FC495E8030084E803007B68DB69786B98477B681B6A30
:20760000002B0CD07B681B6A1D4607F10C040FCC0FC50FCC0FC594E8030085E8030000BF84
:207620003837BD46B0BD80B590B000AFFFF7F4FB03461846FFF72CFCFFF7EEFB034687F8F6
:207640003B3097F93B301846FFF710FC78633B4628220021184600F01DFE0023FB637B6BCD
:207660005B683B633B6B93F84D38DBB2BB803B6B002283F84D283B6BB3F84238C3F30013DF
:20768000DBB2002B22D0BB8843F020039BB2BB803B6B93F8533887F82F303B6B022283F840
:2076A00053283B6B93F85238C3F30403DBB2FB633B6B97F82F2083F853283A6BFB6B134410
:2076C00003F50262137823F0040313707B6B1B681B683B607B6B5B6A3B61FB6BFB603B4616
:2076E0001946786BFFF760FF7B6B1B681B69BB623B6BB3F84238C3F30013DBB2002B0AD0C3
:20770000BB6A1B7D002B06D07B6B1B6893F915301846FFF763FB00BF4037BD4680BD80B514
:2077200090B000AFFFF778FB03461846FFF7B0FBFFF772FB034687F83F3097F93F301846B2
:20774000FFF794FBB8634FF480633B81BB6B5B687B637B6B93F8533887F833307B6B0022FA
:2077600083F853287B6B93F85238C3F30403DBB2FB627B6B97F8332083F853283B1D143314
:207780001A46F96AB86BFFF793FEFB6A3B61BB6B1B681B687B60BB6B5B6A7B613B1D1946F6
:2077A000B86BFFF701FF7B6BB3F84238C3F30003DBB2002B04D097F93F301846FFF70EFB04
:2077C00000BF4037BD4680BD80B590B000AFFFF723FB03461846FFF75BFBFFF71DFB0346B1
:2077E00087F83F3097F93F301846FFF73FFBB86300233B81BB6B5B687B637B6B93F8533851
:2078000087F833307B6B012283F853287B6B93F85238C3F30403DBB2FB627B6B97F833201D
:2078200083F853287A6BFB6A134403F5026300221A707A6BFB6A134403F5026300221A70FE
:20784000FB6A3B613B8943F400639BB23B81BB6B1B681B687B60BB6B5B6A7B613B1D19463B
:20786000B86BFFF7A1FE7B6BB3F84238C3F34003DBB2002B06D0BB6B1B6893F917301846E4
:20788000FFF7ACFA00BF4037BD4680BD80B584B000AF78600B46FB701346BB707B685B6800
:2078A000FB607B685B7BBA789A420DD00221786800F032F8FB68BA7883F858287B68BA7807
:2078C0005A737B6802221A737B681B7BFA789A421ED0FB78052B13D10221786800F01CF804
:2078E000FA68B2F8403843F48063A2F84038FB68B3F84238C3F38023DBB2012BF7D104E092
:20790000FB781946786800F007F87B68FA781A7300BF1037BD4680BD80B485B000AF7860AE
:207920000B46FB707B685B68FB60FA68B2F8403823F48063A2F84038FB7803F00303D9B203
:20794000FA68B2F8403861F30923A2F84038FB68B3F842389BB203F4E062FB781B029A4297
:20796000F5D100BF00BF1437BD465DF8047B704780B400AF094B0122A3F80421074BB3F8D3
:2079800004319BB2002BF9D1044B0122A3F8002100BFBD465DF8047B704700BF00C0014035
:2079A00080B483B000AF0346FB710D4B93F8A030C3F30013DBB2002BF7D1094AFB7982F8BF
:2079C000A030074B93F8A030C3F30013DBB2002BF7D100BF00BF0C37BD465DF8047B704792
:2079E00000E0014080B582B000AF0346FB71FB79042B14D1174B93F8AA30C3F30013DBB2F6
:207A0000002BF7D1134B012283F8AA20114B93F8AA30C3F30013DBB2002BF7D115E00D4B56
:207A200093F8AA30C3F30013DBB2002BF7D1094B002283F8AA20074B93F8AA30DBB2002B6E
:207A4000F9D1FB791846FFF7ABFF00BF0837BD4680BD00BF00E0014080B483B000AF7860DE
:207A600039607B68052B04D13B681B68064A536103E03B681B68044A936100BF0C37BD460B
:207A80005DF8047B704700BFAC08002080B483B000AF0D4B93F82630DBB27B600A4B1B6A37
:207AA0001B0E03F007033B60084A7B6852F823203B6822FA03F3064A136000BF0C37BD46C6
:207AC0005DF8047B704700BF00E00140AC080020D447002080B500AF0B4B012283F81C2117
:207AE0000A4B0B4A1A62094B052283F82620FFF7CDFF084BF1221A73064B00221A72054B20
:207B0000F0221A7300BF80BD00C0014000E00140111202200020004080B500AF0B4B0C4A73
:207B20001A600A4B0B4A5A60084B4FF400429A60064B074ADA60054B4FF400421A61034B1B
:207B4000054A5A61FFF7A2FF00BF80BDAC080020002D310100127A0000E1F50580B500AF0A
:207B60001B4B4AF20352A3F8FE23FFF701FFFFF7D3FF174B002283F81324154B092283F858
:207B8000A22000F031F8124B002283F83620104B93F83C30C3F30003DBB2012BF7D10C4BD7
:207BA00041F211321A850A4B002283F82A20084B93F83C30C3F34013DBB2012BF7D1FFF7AA
:207BC00089FF034B4FF42542A3F8FE2300BF80BD00E0014080B483B000AF786000BF0C375C
:207BE000BD465DF8047B704780B500AF184B93F88034DBB2002B07D1154B93F88134C3F38B
:207C00000103DBB2002B1CD0114B93F88034DBB2002B0DD10E4B012283F880240121C820E6
:207C200000F080F80A4B93F88034DBB2012BF9D1074B002283F88124054B002283F88024A0
:207C400004E04FF47A70FFF7C5FF00BF00BF80BD00E0014080B582B000AF2B4B002283F854
:207C600028200121C82000F05DF8274B002283F82420254B93F82430DBB2002BF9D1224ADD
:207C800092F8243043F0020382F824301E4B93F82430C3F34003DBB2002BF7D11A4B0022B8
:207CA00083F82220184B93F82230DBB2002BF9D10023FB7116E01449FB7903F1200211F8D0
:207CC000123023F0800301F812300F4AFB79203312F81330C3F3C013DBB2002BF5D1FB79A9
:207CE0000133FB71FB79002BE5D0012000F0ECF9064B002283F8BB24012000F095F900BF6F
:207D00000837BD4680BD00BF0030084000E0014080B483B000AF786000BF0C37BD465DF844
:207D2000047B70472DE9B04F90B000AFF861B9610023FB63FB69BA6902FB03F3BB63504BE2
:207D40001B687B634F4A7B6BB2FBF3F33B63BB6B00223B617A61D7E904234FF000004FF0EE
:207D60000001590141EAD261500102460B463969B2EB0108796963EB01094FF000024FF05E
:207D800000034FEA890343EA98734FEA880290469946D7E904120B4618EB03033B60134647
:207DA00049EB03037B604FF000024FF00003D7E900894946CB00414643EA51734146CA00BF
:207DC000C7E90A23D7E90A23012B08D2BA6A3B6BB2FBF3F37B627B6A9B08FB6344E03B6BE9
:207DE0009B00BA6BB2FBF3F3BB63BB6B0022BB60FA60D7E9028942464B464FF000004FF073
:207E00000001590141EAD261500102460B464146541A494663EB01054FF000024FF0000364
:207E2000AB0043EA9473A20014461D46434614EB030A4B4645EB030B4FF000024FF000031D
:207E40004FEACB0343EA5A734FEACA0292469B46C7E90AABD7E90A23012B02D2BB6AFB638E
:207E600002E04FF0FF33FB63FB6B002B02D0F86B00F00AF800BF4037BD46BDE8B08F00BFBD
:207E8000D447002000CA9A3BA0F101000028FBD1704700BF80B582B000AF0346FB71FB79CD
:207EA000074A52F82330002B06D0FB79044A52F82330FA791046984700BF0837BD4680BD8E
:207EC0000846002080B582B000AF144BB3F82031BB80124BB3F840319AB2BB8813407B8032
:207EE0000023FB710EE07A88FB7922FA03F303F00103002B03D0FB791846FFF7CBFFFB7982
:207F00000133FB71FB790F2BEDD9044A7B88A2F8303100BF0837BD4680BD00BF0060004064
:207F200080B58AB000AF032000F0CEF8394B6FF0FF029A643B1D0C22FF21184600F0AAF9D1
:207F400000237B6221E0344A7B6A32F81330002B18D07B6A5B097B617B6A03F01F033B6182
:207F60007B699B0028333B4453F8242C01213B6901FA03F3DB431A407B699B0028333B4485
:207F800043F8242C7B6A01337B627B6A5F2BDAD9224BBB6100233B6218E03B6A9B00BA699A
:207FA0001A443B6A9B0028333B4453F8243C13601B493B6A9B0028333B4453F8242C3B6A6D
:207FC000A03341F823203B6A01333B623B6A022BE3D9032000F028F80023FB6112E00E4A52
:207FE000FB6932F81330002B09D00B4AFB6932F813300C4A1946FB69C03342F82310FB69A9
:208000000133FB61FB695F2BE9D900BF00BF2837BD4680BD008000407C8500007080004012
:2080200000E100E00060004080B487B000AF0346FB7100237B61EFF31083FB60FB687B6102
:2080400001233B613B6983F3108800BFFB791A4A32F813309BB2002B09D0FB79164A32F85B
:20806000132092B2013A91B2134A22F81310FB79114A32F813309BB2002B11D10F4BB3F8D6
:20808000FE339AB20E4B13439AB2FB790D4931F81330DB439BB2094913409BB2A1F8FE330B
:2080A0007B69BB60BB6883F3108800BF00BF1C37BD465DF8047B7047CC47002000E00140DD
:2080C00000A5FFFFDC86000080B487B000AF0346FB7100237B61EFF31083FB60FB687B61BE
:2080E00001233B613B6983F3108800BFFB79164A32F813309BB2002B0FD1144BB3F8FE337B
:208100009AB2FB79124931F8133013439AB20F49104B13439BB2A1F8FE33FB790A4A32F824
:20812000132092B2013291B2074A22F813107B69BB60BB6883F3108800BF00BF1C37BD46C0
:208140005DF8047B704700BFCC47002000E00140DC86000000A5FFFF80B500AF00F00CF8A4
:20816000FBF750FA00BFFDE780B400AF00BE00BFBD465DF8047B704780B584B000AF3A4B95
:208180004FF47002C3F88820374B384A9A600020FBF724FAFFF7E2FC0120FBF71FFA334B1B
:2081A0001B68A3F580633B603B6883F30A8800BF2F4A304BD31A1A4600212E4800F06AF892
:2081C0002D4A2E4BD31A1A462D492C4800F06AF82C4A2D4BD31A9B107B600023FB6007E060
:2081E000294AFB6852F823309847FB680133FB60FA687B689A42F3DBFFF748FCFFF72AFDF5
:208200000320FFF761FF0023BB6009E01F4ABB6808334FF6FF7122F81310BB680133BB6093
:20822000BB68052BF2D90320FFF7FEFE0320FFF74BFF174B00225A60154B00229A60144B8F
:208240000022DA60124B00221A610320FFF7ECFE0220FBF7C3F9FFF763FE0020FFF758FD33
:2082600000BF1037BD4680BD00ED00E000000000D8470020C8080020AC08002000000020C8
:20828000E8860000A8080020A4080020000D084000000E4002440346934200D1704703F84A
:2082A000011BF9E70A44431E914200D1704710B511F8014B914203F8014FF9D110BDFFFFEB
:2082C00000000305352E332E300000004275696C7420776974682052656E65736173204174
:2082E0006476616E63656420466C657869626C6520536F667477617265205061636B61678C
:20830000652076657273696F6E20352E332E3000F8B500BFF8BC08BC9E467047F8B500BFD3
:20832000F8BC08BC9E4670475FF800F0790000205FF800F0810600205FF800F001000020F4
:208340005FF800F0B50100205FF800F0290200205FF800F0190300205FF800F089040020F7
:208360005FF800F0ED040020010C00030400030300040000010700FF000000000000000080
:208380000000000000000000000000000000000000000000000000000000000000000000DD
:2083A000000000000000FFFFDFDF0000000000000000000000000000000000000000000001
:2083C00000000000404B4C0000000000A025260001021100D10A00000000000084830000E5
:2083E00000000000000000000000000000000000010D010E20450020E0830000848600006E
:20840000060803030101000000000000000000000000000000000000000000010000000045
:2084200000090A0B0C03030303000000010000000000000000000000450A000000000000B6
:208440001484000000010000580700200F00FFFF00000000FFFF00000002000001050106EA
:208460000107010800000000000000009D0C00000000000044840000000000006C070020E7
:208480008C0700200000000020000000000000000000000000000000000000005C07002086
:2084A000190300000000000078840000020001020000010400010000000001040101000092
:2084C000040000000601000004000000070100000000010008010000000401060901000066
:2084E000000401060A010000000001060B010000050000000C010000040000000D0100002F
:20850000000001030502000004000000060200000400000007020000050000000802000028
:20852000000001000C020000000001000D020000000001000003000004000000030300000E
:208540000400000004030000050000000004000000000110010400000000011002040000DA
:208560000400000007040000040000000005000018000000B084000000000000A100A40052
:20858000A500A200A3008001810182018301C401C501C801C70131003000EA000400CF00AD
:2085A0000000000000000000000000000000000000000000000000000000000000000000BB
:2085C00000000000000000000000000000000000000000000000000000000000000000009B
:2085E00000000000000000000000000000000000000000000000000000000000000000007B
:2086000000000000000000000000000000000000000000000000000000000000000000005A
:2086200000000000000000000000000000000000000000000000000000000000FFFF00FF3D
:20864000010203FF020403040404FFFF00000000FFFF000000200000800000000000010063
:20866000FFFF07000080000080000000020000004C86000000000008FF1F000840000000B3
:2086800004000000B55F000055600000AB6000002B610000D5620000116300009D610000CD
:2086A0000162000027620000D961000049620000B76200006562000095620000756300003A
:2086C00036E0014038E0014090E4014032E0014080E401402AE001404AE001400100020084
:2086E000080010000000000080B584B000AF0023FB6000237B60194BB3F884309BB23B6023
:208700004FF49643BB60154B4FF42A42A3F8842008E0BB68002B02D14FF4FA73FB60BB689D
:20872000013BBB600D4BB3F884309BB2002BF0D13B68012B06D1094B4DF60112A3F84420A3
:2087400000F066FB7B6840F2F512934201D17B68FB60FB6818461037BD4680BD00E07F40E0
:2087600080B584B000AF78607B685B681B78002B0DD07B685B6893F91130184600F04CFBC0
:208780007B685B6893F91330184600F045FB124BB3F884309BB2002B02D1786800F040FBC4
:2087A00000F01CF8F86000F049F8B860FB68002B01D1BB68FB60FFF797FFB860FB68002B04
:2087C00001D1BB68FB607B68002283F83420FB6818461037BD4680BD00E07F4080B483B027
:2087E00000AF4FF496437B60124BB3221A7007E07B68002B01D1142315E07B68013B7B602A
:208800000D4BD3F88030C3F3C033DBB2012BEFD1094B1B7CC3F30013DBB2002B02D040F2F3
:20882000F51300E0002318460C37BD465DF8047B704700BF00007E4000E07F4080B483B07B
:2088400000AF4FF496437B60124B50221A7007E07B68002B01D1142315E07B68013B7B602C
:208860000D4BD3F88030C3F3C033DBB2012BEFD1094B1B7CC3F30013DBB2002B02D040F293
:20888000F51300E0002318460C37BD465DF8047B704700BF00007E4000E07F4080B485B019
:2088A00000AFF860B9607A60174AFB689B6A1363164B20221A70154BD0221A70FB689A6A0F
:2088C000BB681A44FB689A62FB681B6B5A1EFB681A637B68002B10D007E07B68002B01D1C2
:2088E00014230BE07B68013B7B60074BD3F88030C3F3C033DBB2012BEFD1002318461437A1
:20890000BD465DF8047B704700E07F4000007E4080B586B000AFF860B9607A607B68002BF9
:2089200006D1FB685B6893F91130184600F074FA314AFB68DB6A1363304BE8221A70BB68E6
:208940005A082E4BD2B21A7000237B612AE0FB681B693B61FB689B6A1A46284B12881A8033
:2089600006E03B695A1E3A61002B01D114233EE0214BD3F88030C3F38023DBB2012BF0D04F
:20898000FB689B6A9A1CFB689A62FB68DB6A9A1CFB68DA62FB681B6B5A1EFB681A637B6938
:2089A00001337B61BB685B087A699A42CFD3134BD0221A707B68002B11D007E07B68002B02
:2089C00001D1142313E07B68013B7B600A4BD3F88030C3F3C033DBB2012BEFD106E0FB6866
:2089E0005B6893F91130184600F01EFA002318461837BD4680BD00BF00E07F4000007E4055
:208A000080B586B000AFF860B9607A6000237B61174B1B7CC3F30013DBB2012B0FD1144B38
:208A2000D3F88030C3F38033DBB2012B04D1104B1B7C0F4B00221A7440F2F5137B610C4B5B
:208A4000D3F88020BB681340002B01D07B687B61FB68002B01D0FB687B617B69002B01D0FC
:208A6000FFF7BCFE7B6918461837BD4680BD00BF00E07F4080B485B000AF786039607B68AB
:208A80009B69BB60194A3B681363194B40221A70174B08221A700023FB6008E0144A1549B3
:208AA000FB6831F813301380FB680133FB60FB68072BF3D90E4BD0221A7007E0BB68002BF7
:208AC00001D114230BE0BB68013BBB60074BD3F88030C3F3C033DBB2012BEFD100231846B8
:208AE0001437BD465DF8047B704700BF00E07F4000007E408C08002080B485B000AFF8605D
:208B0000B9607A60194B4FF6FF721A80174B4FF6FF725A807B689AB2FB689BB2DB039BB2B2
:208B200013439BB243F4F0439AB2104BDA80BB689BB26FEA43536FEA53539AB20B4B9A800D
:208B40000A4B4FF6FF721A81084B4FF6FF725A81064B4FF6FF729A81044B4FF6FF72DA8109
:208B600000BF1437BD465DF8047B70478C08002080B584B000AF78600023FB60786800F06B
:208B80007BF8F860FB68002B10D0FB681EE07B689B681A4680217868FFF7BAFEF860182234
:208BA0004FF4A041F868FFF72BFFF8607B681B6B002B02D0FB68002BE9D0FFF795FDB8606C
:208BC000FB68002B01D1BB68FB60FB6818461037BD4680BD80B588B000AFF860B9607A6008
:208BE0000023FB61FB68BA689A62FB687A681A63F86800F041F8F861FB69002B01D0FB690D
:208C000033E01C4B0122A3F8E0201EE0FB689B6AB3F5803F06D2FB68DB69BB614FF400531E
:208C20007B6105E0FB681B6ABB614FF400437B61BA697969F868FFF731FEF86119224FF4AC
:208C4000C041F869FFF7DCFEF861FB681B6B002B02D0FB69002BD9D0FFF746FD3861FB6935
:208C6000002B01D13B69FB61FB6918462037BD4680BD00BF00E07F4080B584B000AF786050
:208C80000023FB604FF49643BB607B685B681B78002B0DD07B685B6893F91130184600F01D
:208CA000BBF87B685B6893F91330184600F0B4F80F4B4FF45942A3F844200D4B4AF60122A0
:208CC000A3F8842008E0BB68002B02D14FF4FA7309E0BB68013BBB60054BB3F884309BB23D
:208CE000012BF0D1FB6818461037BD4680BD00BF00E07F4080B588B000AFF860B9607A607A
:208D0000174BD3F8DC30C3F3C073DBB2BB61F868FFF7B2FFF861FB69002B01D0FB691BE069
:208D2000BB68590B7B685B0B1A46B869FFF7E4FE0C49F868FFF79EFEF86118220021F869AE
:208D4000FFF75EFEF861FFF7CFFC7861FB69002B01D17B69FB61FB6918462037BD4680BDD4
:208D600000E07F4030A1000180B584B000AF78600B46FB701346BB707868FFF77DFFF860A8
:208D8000FB68002B01D0FB6832E0BB78002B08D0FB789BB2184A43F4CC439BB2A2F8E83062
:208DA0001DE01022FF21154800F02EF8FB789BB203F001039BB2002B02D14FF6FF7201E058
:208DC00047F6FF720D4BDA800D497868FFF752FEF86018220021F868FFF712FEF860FFF750
:208DE00083FCB860FB68002B01D1BB68FB60FB6818461037BD4680BD00E07F408C08002063
:208E000030A10001000000005FF800F0958200005FF800F0A15D00005FF800F03D5F0000FA
:208E20005FF800F0CD6800005FF800F0DD5E0000010000000010000000100000000004000F
:208E40004000020005000000060000000300000003000000FFFFFF1FFFFFFF1F0000000087
:208E600000000000000000000000000000000000000000000000000000000100FA070000F0
:208E800000000000FB07000000000000FC07000000000000000000000000010000000000CC
:208EA0000000010000000000000001000000000000000100000000000000000000000000AF
:208EC000000000000000000000000000000000000000000000000000000000000000000092
:208EE000000000000000000000000000000000000000000000000000000000000000000072
:208F0000000000000000000000000000000000000000000000000000000000000000000051
:208F2000000000000000000000000000000000000000000000000000000000000000000031
:208F4000000000000000000000000000000000000000000000000000000000000000000011
:208F60000000000000000000000000000000000000000000FFFF00000000000000000000F3
:148F80000000000001000000748600002D02000005020000AC
:020000040001F9
:2000000008F3002039310200392E0200650501004931020049310200493102004931020095
:2000200000000000000000000000000061BD010049310200000000009DBD01000DBE0100FE
:200040002F1E0200271F0200D11F0200271F0200D11F02005BE10100FBE00100D9E1010009
:2000600021E2010027CD010073CD0100F1CD010089CE010043D701006BD601000FD80100EA
:2000800067D801000D0C0200710B0200990002009900020001EA01004DF601000000000021
:2000A000000000000000000000000000000000000000000000000000000000000000000040
:2000C000000000000000000000000000000000000000000000000000000000000000000020
:2000E000000000000000000000000000000000000000000000000000000000000000000000
:200100000000000000000000000000000000000000000000000000000000000000000000DF
:200120000000000000000000000000000000000000000000000000000000000000000000BF
:2001400000000000000000000000000000000000000000000000000000000000000000009F
:2001600000000000000000000000000000000000000000000000000000000000000000007F
:2001800000000000000000000000000000000000000000000000000000000000000000005F
:2001A00000000000000000000000000000000000000000000000000000000000000000003F
:2001C0000348044B834202D0034B03B118477047D00A0020D00A002000000000064B074941
:2001E000C91A891048BF0131491003D0044B0BB101481847704700BFD00A0020D00A002001
:200200000000000010B5064C237843B9FFF7D8FF044B13B10448AFF300800123237010BD5E
:20022000280B0020000000000496020008B5054B1BB105490548AFF30080BDE80840FFF756
:20024000CDBF00BF000000002C0B00200496020080B586B000AF43F608033B6000237B6069
:200260000023BB600023FB6000233B820023BB740023FB740A490B4812F05EF80346FB7547
:20028000FB7D002B06D13B461946064812F0B2F80346FB75FB7D18461837BD4680BD00BF2D
:2002A0008C8302000044002080B586B000AF01233B712A4812F0B6F838613B69002B01D084
:2002C000274B43E00023FB750EE03B1D1946234812F0CBF838613B69002B02D13B79002B07
:2002E00006D0FB7D0133FB75FB7D052BEDD900E000BF3B79002B04D0184812F0A5F8184BEA
:2003000024E0BB1D1A460321144812F0C5F8134812F09AF8FB8807EE903AF8EEE77A9FED5E
:20032000117A27EE877ADFED106AC7EE267AC7ED037AD7ED037A9FED0D7A37EEC77AF2EEB6
:20034000046AC7EE267AC7ED027ABB6807EE903AB0EE670A1837BD4680BD00BF0044002007
:2003600000C079C400803B4500F07F450000FA4380B582B000AF1649164810F065FF03460F
:20038000FB71FB79002B01D0FB791CE000220021104810F07DFF0346FB71FB79002B01D0D5
:2003A000FB7910E00C490D4811F0A2FA0346FB71FB79002B03D10A4B01221A7002E0084B33
:2003C00000221A70FB7918460837BD4680BD00BFD48002004842002068830200D843002039
:2003E000440B002080B584B000AF786039600023FB73074B00229A703A687968054811F025
:20040000C1FB0346FB73FB7B18461037BD4680BD440B0020D843002080B483B000AF786076
:200420007B68002B06D0064B1B78002B02D0044A7B68936000BF0C37BD465DF8047B704743
:20044000440B002080B483B000AF0346FB71FB79002B14BF01230023DAB2044B5A7000BF45
:200460000C37BD465DF8047B704700BF440B002080B588B000AF786007F10C0300221A60E6
:200480005A609A60DA601A617B689B88B3F5804F59D0B3F5804F5BDCB3F5005F53D0B3F5CD
:2004A000005F55DCB3F5805F4DD0B3F5805F4FDCB3F5006F29D0B3F5006F49DCB3F5806F73
:2004C00027D0B3F5806F43DCB3F5007F3BD0B3F5007F3DDCB3F5807F35D0B3F5807F37DC97
:2004E000202B0FDC022B33DB023B1C4A22FA03F303F00103002B14BF01230023DBB2002BE2
:2005000021D125E0802B1ED022E0154B01229A701FE0134B01225A707B6803F1140107F18E
:200520000C031422184616F089FA0D4B9B6807F10C02104698477B6814331422002118461A
:2005400016F06CFA05E07B689A88054B9A8000E000BF00BF2037BD4680BD00BF4540004062
:20056000440B002080B400AF1EF0040F0CBFEFF30880EFF3098000F005B800BFBD465DF8A4
:20058000047B704780B483B000AF78601C4B1D4A1A607B681B681A4A53617B685B68184A69
:2005A00093617B689B68164AD3617B68DB68144A13627B681B69124A53627B685B69104A5B
:2005C00093607B689B690E4A53607B68DB690C4A13616B460A4AD3600B4BDB6A084A93622B
:2005E000094B9B6A064AD362074B5B6B044A1363054B9B6B024A536300BE00BFFDE700BFC9
:20060000D00A0020EFBEADDE00ED00E080B582B000AF054905480EF00DFD78607B68DBB2DA
:2006200018460837BD4680BDFC8402005842002080B584B000AF03460A46FB8013467B7130
:200640007A79FB88194605480EF01CFDF860FB68DBB218461037BD4680BD00BF58420020BB
:2006600080B584B000AF0346FB71FA79114913465B0013440B441B781BB21B0219B2FA79CB
:200680000C4813465B001344034401331B781BB20B431BB29BB2FB81FB899BB2064A1946BC
:2006A00006480EF0DBFC044B1B7818461037BD4680BD00BF9C800200500B0020584200203E
:2006C00080B582B000AF0023FB71084B9B681B68064A126805494968104698470346FB71E9
:2006E000FB7918460837BD4680BD00BF8082020090B587B000AF786039600023FB7572B68F
:2007000000BF154B9B689B68134A10683A687968984738613B69002B02D0FB7D0133FB7527
:200720000D4B9B68DC680C4B186807F10F033A687968A04738613B69002B02D1FB7B002BF3
:2007400002D0FB7D0133FB7562B600BFFB7D18461C37BD4690BD00BF8082020090B589B01A
:2007600000AFF860B9607A600023FB6100237B837B68DB097A6802F07F02002A01D00122A5
:2007800000E0002213447B6000237B76FB68B3F5002F03D905237B767B7E3DE072B600BFE5
:2007A0000023FB6131E0FB681D4A934224D81D4B9B685C681B4B18687B8BBA68134419461B
:2007C0008023FA68A04778617B69002B02D07B7E01337B767B7E002B08D1FB688033FB60E7
:2007E0007B8B80337B8300237B760BE005237B7662B600BF7B7E0FE005237B7662B600BF7B
:200800007B7E09E0FB690133FB61FA697B689A42C9D362B600BF7B7E18462437BD4690BD6B
:2008200080FF07008082020080B584B000AF786039600123FB730023BB603A687B68D31A63
:20084000DB09BB60B9687868FFF752FF0346002B02D10023FB7301E00223FB73FB7B184631
:200860001037BD4680BDFFFF80B487B000AFF860B9607A6000237B610023FB74FB68403B1F
:20088000FB607B68DB097A6802F07F02002A01D0012200E0002213447B60FB68B3F5002F55
:2008A00003D90523FB74FB7C1DE000237B6115E0FB68104A93420AD8FA687B699B00B968E7
:2008C0000B4412681A60FB680433FB6003E00523FB74FB7C07E07B6901337B617A697B684E
:2008E0009A42E5D3FB7C18461C37BD465DF8047B704700BF80FF070080B487B000AFF860F7
:20090000B9607A6000237B610AE0BA687B691A44F9687B690B4412781A707B6901337B61FB
:200920007A697B689A42F0D300BF00BF1C37BD465DF8047B704780B487B000AFF860B96068
:200940007A6000237B610EE0FA687B6913441A78B9687B690B441B789A4201D0012307E002
:200960007B6901337B617A697B689A42ECD3002318461C37BD465DF8047B704780B582B059
:2009800000AF0023FB71084908480EF0ABFF0346FB7106480EF0DAFF0346FB71FB7918466F
:2009A0000837BD4680BD00BF38820200C042002080B588B000AF0346FB710023FB77002392
:2009C000BB6100237B6100233B720023FB6000233B61FB79002B05D120480EF0A5FF034627
:2009E000FB7736E007F1080319461C480FF061F80346FB773B697B61FB797A6902FB03F3CC
:200A0000174AA2FB03235B09BB6114480EF08CFF0346FB7711480EF0ABFF0346FB7711497C
:200A20000E480EF05FFF0346FB770022B9690B480EF0B0FF0346FB77084B9B68BA69DA6493
:200A4000064B9B68BA695A6504480EF07FFF0346FB77FB7F18462037BD4680BDC04200204C
:200A60001F85EB513882020080B58AB000AF184918480DF011FD78627B6A002B01D0012311
:200A800021E03B4624220021184615F0C7FF1B237B601223BB600123FB6001233B6140F26A
:200AA000E9737B610323BB613B46194609480DF01FFD78627B6A002B01D0012303E0064B5F
:200AC00001221A70002318462837BD4680BD00BFE880020060420020510B002080B584B079
:200AE00000AF78600D4B1B7883F00103DBB2002B02D17B68002B01D101230AE07968084863
:200B00000DF0F6FCF860FB68002B01D1002300E0022318461037BD4680BD00BF510B0020E6
:200B20006042002080B584B000AF78600D4B1B7883F00103DBB2002B02D17B68002B01D136
:200B400001230AE0796808480DF03CFDF860FB68002B01D1002300E0022318461037BD4698
:200B600080BD00BF510B00206042002080B582B000AF0023FB71054905480CF0D7FF0346E0
:200B8000FB71FB7918460837BD4680BD24830200AC43002080B584B000AF78603960002334
:200BA000BB73114B00221A700A23FB7307233A6879680E480DF016F80346BB7307E04FF4B5
:200BC0007A71012012F068F8FB7B013BFB73064B1B78DBB2002B02D1FB7B002BEFD1BB7B81
:200BE00018461037BD4680BD520B0020AC43002080B483B000AF78607B681B79012B02D120
:200C0000044B01221A7000BF0C37BD465DF8047B704700BF520B002080B582B000AF0023D3
:200C2000FB71054905480BF0D1FB0346FB71FB7918460837BD4680BDCC8202006C430020C1
:200C400080B584B000AF786039600023BB73114B00221A700A23FB7307233A6879680E4814
:200C60000BF004FC0346BB7307E04FF47A71012012F012F8FB7B013BFB73064B1B78DBB22F
:200C8000002B02D1FB7B002BEFD1BB7B18461037BD4680BD530B00206C43002080B584B024
:200CA00000AF786039600023BB73114B00221A703223FB7307233A6879680E480BF0C2FB3D
:200CC0000346BB7307E04FF47A71012011F0E4FFFB7B013BFB73064B1B78DBB2002B02D1F4
:200CE000FB7B002BEFD1BB7B18461037BD4680BD530B00206C43002080B588B002AFF860B5
:200D0000B9607A600023BB753223FB75072300937B68BA68F9680D480BF0BCFB0346BB7525
:200D200007E04FF47A71012011F0B6FFFB7D013BFB75074B1B78DBB2002B02D1FB7D002B90
:200D4000EFD1BB7D18461837BD4680BD6C430020530B002080B483B000AF78607B681B79FC
:200D6000012B02D1044B01221A7000BF0C37BD465DF8047B704700BF530B002080B582B044
:200D800000AF0023FB710B490B480EF0ABFD0346DAB2FB791344FB71084909480EF0A2FD7D
:200DA0000346DAB2FB791344FB71FB7918460837BD4680BDDC810200A042002044810200AE
:200DC0007842002080B584B000AF0346FB710023FB73FB79012B0AD10C480EF0B7FD034611
:200DE000FB730B480EF0B2FD0346FB7309E007480EF09AFD0346FB7305480EF095FD034624
:200E0000FB73FB7B18461037BD4680BDA04200207842002080B483B000AF786039607B68C3
:200E2000002B08D03B68002B05D0064A7B681360054A3B68136000BF0C37BD465DF8047B28
:200E4000704700BF540B0020580B002080B582B000AF7860054B1B689847054B1B68013373
:200E6000034A136000BF0837BD4680BD540B00205C0B002080B582B000AF7860054B1B68AD
:200E80009847054B1B680133034A136000BF0837BD4680BD580B0020600B002080B584B0F7
:200EA00000AF0346FB710023FB73FB79002B02D0012B1DD023E0144914480CF037F9034682
:200EC000FB73134B0122A3F8C022114BB3F8C0321A461049002000F089F8FB7B002B03D1EE
:200EE0000B4B01221A700AE0094B00221A7006E0054906480CF01AF90346FB7300BFFB7B88
:200F000018461037BD4680BDA08202003C430020640B0020670B002080B586B000AF0346A5
:200F2000B9607A60FB730023FB750023BB82FB7B002B02D0012B19D033E000237B8210E0B2
:200F40007B8ABA681344012219461A480CF0F3F90346FB750121052011F09EFE7B8A013371
:200F60007B827B8A7A689A42EAD81AE07A68B96810480CF0E0F90346FB7507E0BB8A0533A8
:200F8000BB824FF47A71052011F086FE0A4B9B7883F00103DBB2002B02D0BB8A182BEDD985
:200FA00000BF054B00229A70FB7D18461837BD4680BD00BF3C430020640B002080B483B03D
:200FC00000AF78607B68002B07D0074B1B78002B03D0054A7B68C2F8C43200BF0C37BD46DB
:200FE0005DF8047B704700BF640B002080B586B000AF0346B9607A60FB730023FB75FB7B4B
:20100000002B02D0012B0DD019E07A68B96810480CF07AF90346FB757B689AB20D4BA3F82C
:20102000C0220CE07A68B96809480CF06DF90346FB757B689AB2074BA3F8C02200BF054B66
:2010400000225A70FB7D18461837BD4680BD00BF3C430020640B002080B400AF044B0122FD
:20106000A3F8C02200BFBD465DF8047B704700BF640B002080B582B000AF78607B681B79F3
:20108000042B20D0042B15DC012B02D0022B0DD010E00F4B01225A700D4BD3F8C4320C4A63
:2010A000B2F8C02211460B4898470DE0084B01229A7009E0064BB3F8C0321A460549002009
:2010C000FFF794FF00E000BF00BF0837BD4680BD640B0020670B002080B582B000AF002350
:2010E000FB710A4A136923F002031361084909480AF0DCFF0346002B02D0FB790133FB7157
:20110000FB7918460837BD4680BD00BF00B0014058820200E042002080B582B000AF002377
:20112000FB7107480BF010F80346002B02D0FB790133FB71FB7918460837BD4680BD00BF87
:20114000E042002080B582B000AF0423FB71204B93F81034C3F30003DBB2002B06D01C4BBC
:20116000002283F810240123FB712BE0184BB3F8C030C3F34003DBB2002B12D0144B0022F1
:20118000A3F8C0200023BB71BB1D194611480AF0EFFFBB7919460F480AF0F6FF0323FB71A2
:2011A00010E00B4BB3F8C030C3F38003DBB2002B06D0074B0022A3F8C0200223FB7101E026
:2011C0000423FB71FB7918460837BD4680BD00BF00E00140E042002080B485B000AF0346A8
:2011E000FB71FB79292B12D8FB795B09FB73FB7903F01F03BB73FB7B084A52F82310BB7B59
:2012000001229A40FB7B0A43044941F8232000BF1437BD465DF8047B704700BF2C0E002094
:2012200080B485B000AF0346FB71FB79292B14D8FB795B09FB73FB7903F01F03BB73FB7BBA
:20124000094A52F82310BB7B012202FA03F3DA43FB7B0A40044941F8232000BF1437BD46C0
:201260005DF8047B704700BF2C0E002080B485B000AF0346FB71FB79292B15D8FB795B0970
:20128000FB73FB7903F01F03BB73FB7B0A4A52F82320BB7B22FA03F303F00103002B14BF95
:2012A00001230023DBB200E0002318461437BD465DF8047B704700BF2C0E002080B584B09E
:2012C00002AF0023FB712E4B019303230093002380222C492C4813F049FA2C4B01930323E3
:2012E0000093002380222A492A4813F03FFA2A4B01930123009300234FF4C072274928483D
:2013000013F034FA274B01930223009300234FF400722549254813F029FA254B01930423DA
:20132000009300234FF400722249234813F01EFA134B1B68002B02D1FB790133FB71134B00
:201340001B68002B02D1FB790133FB71124B1B68002B02D1FB790133FB71124B1B68002BFB
:2013600002D1FB790133FB71114B1B68002B02D1FB790133FB71FB7918460837BD4680BD44
:2013800064340020A073020059920100E8370020B073020011A50100E42F0020C47302000D
:2013A000697001008C340020D4730200199C01001C300020E8730200F57B010080B582B0D3
:2013C00000AF0023FB7100220121142012F0BCFA03462C4A5360002201210A2012F0B4FA0F
:2013E0000346294A536000224FF43071142012F0ABFA0346254A536000220121142012F0B8
:20140000A3FA0346224A536000221421322012F09BFA03461F4A5360042012F021FB034697
:201420001C4A9360174B5B68002B02D1FB790133FB71154B5B68002B02D1FB790133FB71E7
:20144000134B5B68002B02D1FB790133FB710F4B5B68002B02D1FB790133FB710D4B5B680F
:20146000002B02D1FB790133FB710A4B9B68002B02D1FB790133FB71FB7918460837BD46DC
:2014800080BD00BFE42F0020E83700208C340020643400201C30002080B582B002AF0A4B6D
:2014A0000093002301220A21084814F06BFB0346074A9360064B9B68002B01D1012300E08C
:2014C00000231846BD4680BD55700100F8730200E42F002080B582B000AF0023FB71FFF74A
:2014E0006DFF0346002B02D0FB790133FB71FFF7D3FF0346002B02D0FB790133FB71FFF70E
:20150000DDFE0346002B02D0FB790133FB71FB7918460837BD4680BD80B588B000AF786051
:2015200001233B72324810F07DFFF861FB69002B01D0FB6957E00023FB7614E007F1080305
:2015400019462B4810F091FFF861FB69002B04D0274810F079FFFB6945E03B7A002B06D047
:20156000FB7E0133FB76FB7E052BE7D900E000BF3B7A002B31D107F10C031A460B211C486C
:2015800010F08AFF07F10C0302331A460C21184810F082FF07F10C0304331A460D211448F0
:2015A00010F07AFF00237B6113E07B695B0020333B4433F8143CB3F5006F8CBF012300238B
:2015C000D9B27B697A6813440A461A707B6901337B617B69022BE8DD01E01423FB610448FF
:2015E00010F032FFFB6918462037BD4680BD00BF004400202DE9F04385B002AF0023FB7180
:2016000062B600BFFFF788FD0AF06EFA0346002B04D1012140F20710FFF70AF8FFF77CFDFB
:2016200003F042F80120FFF7CDFB03F0F7FB03461A46FB791344FB7104F018F9012004F0BF
:2016400065F803461D46022004F060F803461E46032004F05BF803469846042004F056F86F
:2016600003469946052004F051F803461C46062004F04CF80346019300944B4642463146D6
:20168000284604F05FF90948FFF746FF0346002B03D12420FFF7A0FD02E02420FFF7C0FD0C
:2016A00000BF0C37BD46BDE8F08300BF340E002080B485B000AF0346FB710023FB600DE0B4
:2016C0000C4AFB68134493F9003097F907209A4201D1FB6807E0FB680133FB60FB68272BE8
:2016E000EEDD4FF0FF3318461437BD465DF8047B704700BF8478020080B483B000AF124B47
:201700001B780133DAB2104B1A700F4B1B78142B14D90D4B00221A700023FB710BE0FB7986
:201720000A4AD25CFB7982F00102D1B2074AD154FB790133FB71FB790A2BF0D900BF0C37BD
:20174000BD465DF8047B7047A10E0020880E002080B483B000AF0346FB71FB790A2B01D928
:20176000002302E0FB79044AD35C18460C37BD465DF8047B704700BF880E002080B489B062
:2017800000AFF860B9607A60FB68FB617B6800221A70FB68002B25D17B681B785A1CD1B20E
:2017A0007A6811709B00BA68134400221A6048E0F969264BA3FB0123DA0813469B0013442C
:2017C0005B00CA1A7B681B78591CC8B2796808709B00B9680B441A60FB691C4AA2FB0323FA
:2017E000DB08FB61FB69002BE2D10023BB6120E0BB699B00BA6813441B687B617B681B781C
:201800005A1EBB69D31A9B00BA681A44BB699B00B9680B4412681A607B681B785A1EBB69EF
:20182000D31A9B00BA6813447A691A60BB690133BB617B681B785B08DBB21A46BB69934217
:20184000D6DB2437BD465DF8047B7047CDCCCCCC80B483B000AF0346FB710B46BB7113461C
:201860007B717B79002B11D1FB79134AD35C5AB2BB79012101FA03F35BB2DB435BB213409D
:201880005AB2FB79D1B20C4AD1540EE0FB790A4AD35C5AB2BB79012101FA03F35BB213432F
:2018A0005AB2FB79D1B2044AD15400BF0C37BD465DF8047B704700BF380E002080B485B094
:2018C00000AF396011461A460346FB710B46BB7113467B710023FB813B7F063B0C2B00F2CF
:2018E000CE8001A252F823F0411901001D1901004D1901007F1A0100591901002919010051
:201900007F1A01007F1A01003519010065190100711901007D19010089190100FB795D4AE5
:2019200032F81330FB8135E0FB795B4A32F81330FB812FE0FB79594A32F81330FB8129E08F
:20194000FB79574A32F81330FB8123E0FB79554A32F81330FB811DE0FB79534A32F813300F
:20196000FB8117E0FB79514A32F81330FB8111E0FB794F4A32F81330FB810BE0FB794D4A1F
:2019800032F81330FB8105E0FB794B4A32F81330FB8100BF3A7EBB799A4272D23B68002BEE
:2019A00071D000237B7365E0FA897B7B42FA03F303F00103002B2CD03B7E7A7903FB02F229
:2019C0007B7B13445B003A6813441B781A463B4B9B5C5AB23B7E797903FB01F17B7B0B440A
:2019E0005B0039680B445B78194601238B405BB2134359B23B7E7A7903FB02F27B7B134422
:201A00005B003A6813441B781A46C9B22B4B99542DE03B7E7A7903FB02F27B7B13445B004E
:201A20003A6813441B781A46244B9B5C5AB23B7E797903FB01F17B7B0B445B0039680B441D
:201A40005B78194601238B405BB2DB435BB2134059B23B7E7A7903FB02F27B7B13445B0089
:201A60003A6813441B781A46C9B2144B99547B7B01337B737A7B7B799A4295D304E000BFCB
:201A800002E000BF00E000BF1437BD465DF8047B704700BFA4770200BC770200D4770200CF
:201AA000247802002C780200347802004478020078780200687802005C780200380E002066
:201AC00080B58AB002AF0346FB710B46BB7113467B7107F1100300221A605A609A60DA60DA
:201AE0000023FB73FB79052B12D97B79012B0FD10720FFF7BBFB034683F00103DBB2002B7B
:201B000012D0322003F07DF90720FFF765FB0BE00720FFF7ABFB0346002B05D00720FFF797
:201B20007FFB5A2003F06DF9FB7907F10F0207F110011846FFF722FEFB7B012B11D14B236C
:201B4000002100221846FFF783FE3B69D8B2072301930023009307230A223849FFF7AEFE52
:201B600010E04B23002101221846FFF771FE7B69D8B2072301930023009307230A222F4950
:201B8000FFF79CFE4A23002101221846FFF760FE07F1100310220021184614F03FFFBB7920
:201BA00007F10F0207F110011846FFF7E7FDFB7B012B16D13B69D8B20723019302230093AE
:201BC00007230A221D49FFF779FE7B69D8B2072301930123009307230A221849FFF76EFEE0
:201BE00015E03B69D8B2072301930123009307230A221249FFF762FE7B69D8B2072301931A
:201C00000223009307230A220C49FFF757FE7B79002B06D14723072101221846FFF718FE01
:201C200008E07B79012B05D14723062101221846FFF70EFE00BF2037BD4680BDAC78020036
:201C400080B582B000AF03460A46FB711346BB71FB79002B0FD0FB79142B0CD84823002143
:201C600001221846FFF7F4FD47200121BB791A46FFF7EEFDB6E0FB79142B15D9FB792D2BFB
:201C800012D84823002101221846FFF7E1FD4723012101221846FFF7DBFD48200521BB79DC
:201CA0001A46FFF7D5FD9DE0FB792D2B1BD9FB794B2B18D84823002101221846FFF7C8FD1D
:201CC0004723012101221846FFF7C2FD4823052101221846FFF7BCFD48200121BB791A4663
:201CE000FFF7B6FD7EE0FB794B2B21D9FB795F2B1ED84823002101221846FFF7A9FD4723F2
:201D0000012101221846FFF7A3FD4823052101221846FFF79DFD4823012101221846FFF7E4
:201D200097FD48200421BB791A46FFF791FD59E0FB795F2B27D9FB79632B24D848230021A9
:201D400001221846FFF784FD4723012101221846FFF77EFD4823052101221846FFF778FD90
:201D60004823012101221846FFF772FD4823042101221846FFF76CFD47200021BB791A4664
:201D8000FFF766FD2EE0FB79632B24D94823042101221846FFF75CFD48230121012218466F
:201DA000FFF756FD4823052101221846FFF750FD4723012101221846FFF74AFD48230021AF
:201DC00001221846FFF744FD4723002101221846FFF73EFD06E048200021BB791A46FFF715
:201DE00037FDFFE700BF0837BD4680BD80B58CB002AF0346FB710B46BB7113467B7107F1FA
:201E00000C0300221A605A609A60DA601A615A610023FB72002387F82730FB7907F10B02F1
:201E200007F10C011846FFF7A9FC7B79002B06D00420FFF78DFC034687F8273002E00123E7
:201E400087F8273097F82720FB7911461846FFF7F7FEBB79002B40F0BD8097F82730002BE5
:201E600056D1FB7A012B1AD14E23002100221846FFF7EEFC072301930423009307230A22EF
:201E800056490A20FFF71AFD072301930323009307230A2251490A20FFF710FD94E0FB7AEF
:201EA000022B1AD14E23002100221846FFF7D0FC072301930323009307230A2247490A20AF
:201EC000FFF7FCFC072301930423009307230A2242490A20FFF7F2FC76E04E2300210022A3
:201EE0001846FFF7B5FC072301930323009307230A223A490A20FFF7E1FC072301930423AB
:201F0000009307230A2235490A20FFF7D7FC5BE0FB7A012B1CD14E23002100221846FFF796
:201F200097FCFB68D8B2072301930423009307230A222A49FFF7C2FC3B69D8B20723019340
:201F40000323009307230A222449FFF7B7FC3BE0FB7A022B1CD14E23002100221846FFF7AA
:201F600077FCFB68D8B2072301930323009307230A221A49FFF7A2FC3B69D8B20723019351
:201F80000423009307230A221449FFF797FC1BE04E23002101221846FFF75AFC3B69D8B2C3
:201FA000072301930323009307230A220B49FFF785FC7B69D8B20723019304230093072379
:201FC0000A220649FFF77AFC4523042101221846FFF73EFC00BF2837BD4680BDAC78020058
:201FE00080B483B000AF0346FB80FB88642B02D9FB88742B05D9FB88772B04D9FB887E2BEC
:2020000001D8012300E0002303F00103DBB218460C37BD465DF8047B7047FFFF80B483B0A8
:2020200000AF0346FB71FB79042B17D801A252F823F000BF492001004D20010051200100A1
:202040005520010059200100012308E0022306E0032304E0042302E0052300E005231846D8
:202060000C37BD465DF8047B704700BFB0B586B000AF0023FB8200237B7504233B750023D9
:20208000FB740023BB7400237B7470E07B7C184606F090FD0346FB80FB88002B61D0FB881F
:2020A0001846FFF79DFF0346002B15D09B4B1B78012B0CD19A4B1B78012B05D9984B0222CC
:2020C0001A700123BB7407E00023BB7404E0934B01221A700023BB740023FB603DE09149B4
:2020E000FA6813465B0013445B000B441B88FA889A422FD18B49FA6813465B0013445B002C
:202100000B4402331B783A7D9A422CD3864B01221A708449FA6813465B0013445B000B44B4
:2021200002331B783B75FB88FB827E49FA6813465B0013445B000B4403331B78FB7479494F
:20214000FA6813465B0013445B000B4404331B787B7508E0FB680133FB60FB687F2BBED930
:2021600002E000BF00E000BF7B7C01337B747B7C042B8BD9FB7C002B02D16B4B00221A70A4
:20218000694B1B78002B00F0C580644B1B78002B05D0BB7C002B02D01C23FB740BE05F4BDF
:2021A0001B78002B07D0BB7C83F00103DBB2002B01D01923FB740524002506F045FC0346DA
:2021C0001A4629462046FFF743FBFB8A002B00F09C80FB7C002B00F098803B7D1846FFF724
:2021E0001DFF03467B727B7A013B50497A7A01F813207B7A013B4D4A5B001344FA7C5A70E9
:202200000023FB720023BB720FE0BB7A474A12F81330002B06D0BB7A444A5B0013445B7893
:20222000FB7205E0BB7A0133BB72BB7A042BECD9FB7A002B57D0FB7A9AB27B7A114618465B
:2022400001F066FB0346FB7201F09CFBFB7A193B062B42D801A252F823F000BF792201007F
:202260008722010095220100A3220100B1220100BF220100CD2201000E230D222C492D4846
:2022800001F088FE2AE000232E2200212A4801F081FE23E011230E222849294801F07AFE95
:2022A0001CE00F2308222749274801F073FE15E00C230E222549264801F06CFE0EE00D23DC
:2022C0000A222449244801F065FE07E00A2308222249234801F05EFE00E000BF124B002226
:2022E0001A7002F0B9F97B7D002B12D07B7D012B02D0022B07D007E02423072101221846DA
:20230000FFF7A6FA00E000BF03E0074B00221A7000E000BF00BF1837BD46B0BDAD0E0020AF
:20232000AE0E0020A4740200A60E0020940E0020E47C0200F47C0200047D0200347D020007
:20234000487D0200587D0200687D0200707D02007C7D02008C7D02009C7D0200A87D0200C1
:20236000B47D0200B0B500AF0E20FEF759FF0F20FEF756FF1020FEF753FF06F0D9FA034699
:20238000012B08D10120FFF7E3F90346002B02D00E20FEF721FF06F03BFB0346012B13D137
:2023A0000220FFF7D5F90346002B02D00F20FEF713FF242407250F20FEF758FF03461A4623
:2023C00029462046FFF744FA06F030FB0346012B13D10320FFF7BCF90346002B02D0102036
:2023E000FEF7FAFE242407251020FEF73FFF03461A4629462046FFF72BFA06F08BFA0346BC
:20240000012B0BD106F094FA0346002B06D1172001F000FB0E20FEF7DFFE11E006F088FA59
:202420000346012B03D1182001F0F4FA08E0172001F042FA182001F03FFA0E20FEF7F0FE7D
:20244000052402250E20FEF711FF03461A4629462046FFF7FDF9FFF709FE06F0D9FA034680
:20246000012B09D1042001F0D5FA4F23062101221846FFF7EDF905E0042001F01DFA0F203C
:20248000FEF7CEFE06F0D2FA0346012B03D1032001F0C0FA05E0032001F00EFA1020FEF77C
:2024A000BFFE4F2405251020FEF7E0FE03461A4629462046FFF7CCF900BFB0BD80B58CB0E9
:2024C00002AF03463960FB711346BB7107F10C0300221A605A609A60DA601A615A6100238E
:2024E000FB72002387F827303B68AB4AA2FB0323DB083B6007F10B0207F10C031946386892
:20250000FFF73CF90A23032100221846FFF7A0F90923032100221846FFF79AF90823032188
:2025200000221846FFF794F90723032100221846FFF78EF90623032100221846FFF788F909
:20254000BB79002B0CD00520FFF702F9034687F8273097F82730002B05D10A23FB7202E0A8
:20256000012387F82730FB79032B4AD801A252F823F000BF8525010095250100B32501009F
:20258000D12501000A20032197F827301A46FFF75FF937E00920032197F827301A46FFF7C2
:2025A00057F90820032197F827301A46FFF750F928E00920032197F827301A46FFF748F928
:2025C0000720032197F827301A46FFF741F919E00A23032101221846FFF73AF909230321F6
:2025E00001221846FFF734F90823032101221846FFF72EF90723032101221846FFF728F964
:2026000000E000BF0620032197F827301A46FFF71FF9FB7A012B3DD13E23002100221846CC
:20262000FFF716F9FB68D8B2072301930923009307230A225949FFF741F93B69D8B20723AB
:2026400001930823009307230A225449FFF736F97B69D8B2072301930723009307230A22D1
:202660004E49FFF72BF9BB69D8B2072301930623009307230A224949FFF720F9FB69D8B29C
:20268000072301930523009307230A224349FFF715F980E1FB7A022B3DD13E230021002226
:2026A0001846FFF7D5F8FB68D8B2072301930823009307230A223949FFF700F93B69D8B29B
:2026C000072301930923009307230A223349FFF7F5F87B69D8B207230193072300930723B5
:2026E0000A222E49FFF7EAF8BB69D8B2072301930623009307230A222849FFF7DFF8FB693F
:20270000D8B2072301930523009307230A222349FFF7D4F83FE1FB7A032B41D13E230021DB
:2027200000221846FFF794F8FB68D8B2072301930723009307230A221849FFF7BFF83B6927
:20274000D8B2072301930823009307230A221349FFF7B4F87B69D8B2072301930923009334
:2027600007230A220D49FFF7A9F8BB69D8B2072301930623009307230A220849FFF79EF8BB
:20278000FB69D8B2072301930523009307230A220249FFF793F8FEE0CDCCCCCCAC7802007B
:2027A000FB7A042B3DD13E23002100221846FFF74FF8FB68D8B20723019306230093072397
:2027C0000A227A49FFF77AF83B69D8B2072301930723009307230A227449FFF76FF87B69A5
:2027E000D8B2072301930823009307230A226F49FFF764F8BB69D8B2072301930923009348
:2028000007230A226949FFF759F8FB69D8B2072301930523009307230A226449FFF74EF8C3
:20282000B9E0FB7A052B3DD13E23002100221846FFF70EF8FB68D8B20723019305230093E8
:2028400007230A225949FFF739F83B69D8B2072301930623009307230A225449FFF72EF8A2
:202860007B69D8B2072301930723009307230A224E49FFF723F8BB69D8B2072301930823DA
:20288000009307230A224949FFF718F8FB69D8B2072301930923009307230A224349FFF774
:2028A0000DF878E0FB7A062B3DD13E23002101221846FEF7CDFF3B69D8B20723019305232F
:2028C000009307230A223949FEF7F8FF7B69D8B2072301930623009307230A223349FEF7F2
:2028E000EDFFBB69D8B2072301930723009307230A222E49FEF7E2FFFB69D8B20723019374
:202900000823009307230A222849FEF7D7FF3B6AD8B2072301930923009307230A222349F9
:20292000FEF7CCFF37E03E23002100221846FEF78FFF072301930523009307230A221B4908
:202940000A20FEF7BBFF072301930623009307230A2216490A20FEF7B1FF072301930723B8
:20296000009307230A2211490A20FEF7A7FF072301930823009307230A220C490A20FEF709
:202980009DFF072301930923009307230A2207490A20FEF793FF3E23042101221846FEF7CB
:2029A00057FF00BF2837BD4680BD00BFAC78020080B584B002AF0346FB711120FEF70CFC81
:2029C0003E23052101221846FEF742FFFB79013B052B00F2728101A252F823F0F5290100D5
:2029E000572A0100CD2A0100F92B0100432B0100BB2C01000B2000F05FFF0C2000F05CFFF1
:202A0000062301930023009306230122AD490020FEF754FF082301930023009308230122D6
:202A2000A9490020FEF74AFF0A230193002300930A230122A5490020FEF740FF0B230421EA
:202A400001221846FEF704FF0523042101221846FEF7FEFE32E10B2000F02EFF0C2000F0C7
:202A60002BFF06230193002300930623012295490120FEF723FF08230193002300930823B7
:202A8000012291490120FEF719FF0A230193002300930A2302228D490120FEF70FFF0A231C
:202AA0000193012300930A23022288490420FEF705FF0423002101221846FEF7C9FE0B23D9
:202AC000042101221846FEF7C3FEF7E00B2000F0F3FE0C2000F0F0FE06230193002300933A
:202AE0000623012277490120FEF7E8FE08230193002300930823012273490220FEF7DEFE5C
:202B00000A230193002300930A2302226F490220FEF7D4FE0A230193012300930A23022283
:202B20006A490520FEF7CAFE0B23042101221846FEF78EFE0423042101221846FEF788FE63
:202B4000BCE00620FEF704FE0346002B03D01120FEF742FB02E01120FEF762FB06230193F0
:202B6000002300930623012256490220FEF7A6FE0823019300230093082301225249032078
:202B8000FEF79CFE0A230193002300930A2302224E490320FEF792FE0A2301930123009327
:202BA0000A23022249490620FEF788FE1120FEF75DFB0346002B06D03E23012101221846C5
:202BC000FEF746FE05E03E23012100221846FEF73FFE0B23042101221846FEF739FE3E2341
:202BE000022101221846FEF733FE0B2000F064FE0C2000F00FFF61E00620FEF7A9FD034619
:202C0000002B03D01120FEF7E7FA02E01120FEF707FB062301930023009306230122294974
:202C20000220FEF74BFE08230193002300930823012225490320FEF741FE0A2301930023C8
:202C400000930A23022221490320FEF737FE0A230193012300930A2302221C490620FEF790
:202C60002DFE1120FEF702FB0346002B06D03E23072101221846FEF7EBFD05E03E23072167
:202C800000221846FEF7E4FD0B23042101221846FEF7DEFD3E23022101221846FEF7D8FD6B
:202CA0003E23062101221846FEF7D2FD0C2000F003FE0B2000F0AEFE00E000BF00BF0837C6
:202CC000BD4680BD907902009C790200AC79020080B58CB002AF786007F1100300221A60CA
:202CE0005A609A60DA601A615A610023FB7307F10F0207F1100319467868FEF73FFDFB7B25
:202D0000012B1CD14623002100221846FEF7A0FD3B69D8B20B230193032300930B23042201
:202D20002A49FEF7CBFD7B69D8B20B230193022300930B2304222549FEF7C0FD3BE0FB7B76
:202D4000022B1CD14623002100221846FEF780FD3B69D8B20B230193022300930B230422E1
:202D60001A49FEF7ABFD7B69D8B20B230193032300930B2304221549FEF7A0FD1BE04623C2
:202D8000002101221846FEF763FD7B69D8B20B230193022300930B2304220C49FEF78EFD2B
:202DA000BB69D8B20B230193032300930B2304220649FEF783FD4723052101221846FEF7CC
:202DC00047FD00BF2837BD4680BD00BF3879020080B58CB002AF0346FB800B467B71134663
:202DE0003B7107F10C0300221A605A609A60DA601A615A610023FB72002387F827307B79E3
:202E0000002B05D1FB88614AA2FB03235B09FB80FB8807F10B0207F10C011846FEF7AEFC57
:202E20003B79012B0CD10520FEF792FC034687F8273097F82730002B05D10423FB7202E0B1
:202E4000012387F82730FB7A013B032B7CD801A252F823F0652E01009F2E0100D92E0100DB
:202E6000132F01004323072100221846FEF7F0FCFB68D8B20B230193012300930B23042266
:202E80004349FEF71BFD3B69D8B20B230193002300930B2304223E49FEF710FD55E043237B
:202EA000072100221846FEF7D3FCFB68D8B20B230193002300930B2304223549FEF7FEFC80
:202EC0003B69D8B20B230193012300930B2304222F49FEF7F3FC38E0432307210122184674
:202EE000FEF7B6FC3B69D8B20B230193002300930B2304222649FEF7E1FC7B69D8B20B2354
:202F00000193012300930B2304222149FEF7D6FC1BE04323072100221846FEF799FC0B2320
:202F20000193002300930B23042219490A20FEF7C5FC0B230193012300930B230422144987
:202F40000A20FEF7BBFC00E000BF7B79002B0DD14120032197F827301A46FEF779FC402367
:202F6000072100221846FEF773FC0BE04123032100221846FEF76CFC4023072101221846E9
:202F8000FEF766FC00BF2837BD4680BD1F85EB5138790200B0B58AB000AF0346FB71444B57
:202FA00007F10C041D460FCD0FC42B682380002387F827301CE097F8273028333B4413F801
:202FC0001C3C1A463B4B13F8120097F8273028333B4413F81C3C374A5B0013445B7800224B
:202FE0001946FEF735FC97F82730013387F8273097F82730112BDED9FB790A2B0CD1442396
:20300000032100221846FEF723FC3E23032100221846FEF71DFC48E04423032101221846B1
:20302000FEF716FC3E23032101221846FEF710FCFB79092B38D8FA7913461B0113441E4A23
:2030400013443B621123FB77002387F826301CE097F826303A6A134493F900301A46154B86
:2030600013F8120097F826303A6A134493F90030104A5B0013445B7801221946FEF7E8FB5E
:2030800097F82630013387F8263097F82620FB7F9A420AD297F826303A6A134493F900309F
:2030A000B3F1FF3FD4D100E000BF2837BD46B0BDBC7D020008740200F07F0200B0B584B058
:2030C00000AF0346FB711320FEF7AAF81420FEF7A7F81220FEF7A4F8062000F0EDFB0F200A
:2030E00000F0EAFB102000F0E7FB112000F0E4FB122000F0E1FB132000F0DEFB05F0D4FB3B
:203100000346FB730B23072101221846FEF7A0FB4F23072101221846FEF79AFB472304215D
:2031200001221846FEF794FB02F072FC03461C4602F0B2FC03461D4602F0EAFC03461A46B2
:2031400029462046FEF7BCFCFB79032B02D0FB79042B06D1FB790133DBB21846FFF728FC52
:2031600005E005F0ADFB03461846FFF721FC05F033FC0346BB73FB7B052B03D80820FEF7DA
:203180002BF802E00820FEF74BF8BB7B012B68D1FB7B9BB2002201211846FFF719FE082095
:2031A000FEF764F803461A46FB7B01211846FEF71DFE0D2000F080FB152000F07DFB0E20AC
:2031C00000F07AFB4423012100221846FEF740FB48200321BB7B1A46FEF73AFB4F2307216B
:2031E00000221846FEF734FB4723042100221846FEF72EFBBB7B012B40F0BD80AA4B1B78A7
:203200001D2B0CD94823072101221846FEF720FBA54B1B780133DAB2A34B1A7005E0A24BD0
:203220001B780133DAB2A04B1A709F4B1B78632B10D94824062505F0DDFB03461A46294656
:203240002046FEF705FB0F2000F0E4FB964B6E221A7090E0944B1B780133DAB2924B1A7011
:2032600089E0914B00221A7005F006FB03461C4605F006FD03461A4600212046FFF7A8FDF9
:203280000820FDF7F3FF03461A46FB7B00211846FEF7ACFD854B1B78002B08D105F0D2FABC
:2032A0000346002219460020FFF708F963E07F4B1B78012B0ED1002005F0A8FA03461C4620
:2032C0000420FDF7D3FF03461A4621460120FFF7F5F850E0754B1B78022B0ED1012005F04B
:2032E00095FA03461C460420FDF7C0FF03461A4621460220FFF7E2F83DE06C4B1B78032B26
:2033000039D10420FDF7B2FF0346002B18D00720FEF71EFA0346002B03D01220FDF75CFF82
:2033200002E01220FDF77CFF0B2405251220FDF79DFF03461A4629462046FEF789FA12E007
:203340000B23052101221846FEF782FA0620FDF78DFF0346002B03D00D2000F05BFB02E0E5
:203360000D2000F0A9FA05F06DFA0346002219460020FFF7A3F805F073FA03461846FFF7B7
:20338000A7FC05F01BFB0346012B10D10A2000F041FB0820FEF7DCF90346002B03D0132067
:2033A000FDF71AFF09E01320FDF73AFF05E01320FDF736FF0A2000F07FFA40240425132023
:2033C000FDF754FF03461A4629462046FEF740FA05F0E6FA0346012B09D105230121012268
:2033E0001846FEF735FA162000F014FB02E0162000F062FA05F0C6FA0346012B0DD1092081
:20340000FEF7A6F90346002B03D01420FDF7E4FE0FE01420FDF704FF0BE005F0A5FA0346E5
:20342000012B03D11420FDF7D7FE02E01420FDF7F7FE052403251420FDF718FF03461A4657
:2034400029462046FEF704FA4D24002505F07EFA03461A4629462046FEF7FAF940240525AD
:203460000120FDF703FF03461A4629462046FEF7EFF9402406250320FDF7F8FE03461A4695
:2034800029462046FEF7E4F9442402250220FDF7EDFE03461A4629462046FEF7D9F900BFF1
:2034A0001037BD46B0BD00BFBE0E0020AB0E002080B485B000AFB9607A603B600346FB8166
:2034C000BB681A78FB892549A1FB03135B099BB2DBB21344DAB2BB681A707B681878FA89CF
:2034E0001E4BA3FB021359090B461B015B1A9B00D31A9BB2DBB20344DAB27B681A707B68E7
:203500001B783B2B0BD97B681B783C3BDAB27B681A70BB681B780133DAB2BB681A70BB68A2
:203520001B780C2B09D9BB681B780C3BDAB2BB681A703B6801221A7009E0BB681B78002B8F
:2035400005D1BB680C221A703B6800221A7000BF1437BD465DF8047B704700BF89888888F3
:20356000B0B584B000AF0346FB710023FB730023BB7300237B731520FDF752FE1420FDF7BA
:203580004FFE0B23072101221846FEF761F902F03FFA0346FB7302F07FFA0346BB7302F002
:2035A000B7FA03467B737A7BB97BFB7B1846FEF787FA05F0E7F90346012B0DD10920FEF76A
:2035C000C7F80346002B03D01420FDF705FE0FE01420FDF725FE0BE005F0C6F90346012B6C
:2035E00003D11420FDF7F8FD02E01420FDF718FE052403251420FDF739FE03461A462946F2
:203600002046FEF725F905F0E7F90346002B18D10A20FEF79DF80346002B03D01520FDF7DB
:20362000DBFD02E01520FDF7FBFD482403251520FDF71CFE03461A4629462046FEF708F964
:203640007EE005F0C9F90346002B03D01620FDF7C3FD02E01620FDF7E3FD4824032516206E
:20366000FDF704FE03461A4629462046FEF7F0F81620FDF7FBFD0346002B5ED08C4B1B78CB
:203680001D2B0CD94823072101221846FEF7E0F8874B1B780133DAB2854B1A7005E0844BE9
:2036A0001B780133DAB2824B1A70814B1B78632B3CD905F09FF90346002B0CD0062000F06B
:2036C000FBF84823062101221846FEF7C1F81520FDF782FD26E04823072100221846FEF780
:2036E000B7F80A20FEF734F80346002B03D01520FDF772FD02E01520FDF792FD48240325C3
:203700001520FDF7B3FD03461A4629462046FEF79FF80523002101221846FEF799F8062050
:2037200000F078F9624B6E221A7009E0604B1B780133DAB25E4B1A7002E05D4B00221A7011
:2037400005F0B2F803463B73FB79052B62D1594B00221A804723022101221846FEF778F829
:2037600005F048F90346002B1CD005F07DFA0346FB72FB7ABB2B05D0FB7A002B02D0FB7A7A
:20378000AB2B05D14723032101221846FEF760F84823022101221846FEF75AF8062000F0B5
:2037A0008BF826E04823072100221846FEF750F80A20FDF7CDFF0346002B03D01520FDF7D6
:2037C0000BFD02E01520FDF72BFD482403251520FDF74CFD03461A4629462046FEF738F805
:2037E0000523002101221846FEF732F8062000F011F93B7B012201211846FEF7F7FA3B7BCB
:20380000642B03D1132000F005F91CE0102000F001F918E03B7B002201211846FEF7E6FAE9
:20382000244B1B88B3F5FA7F07D3224B4FF4FF721A80122000F0EEF805E01E4B1B88013393
:203840009AB21C4B1A8005F03BF803461846FFF7AFF83B7B9BB2002201211846FFF7B8FA62
:2038600004F0FEFF03461846FFF732FA4F23072100221846FDF7ECFF472304210022184686
:20388000FDF7E6FF05F09AF80346012B09D10A2000F0C0F84023042101221846FDF7D8FFD3
:2038A00002E00A2000F008F800BF1037BD46B0BDBF0E0020C00E002080B485B000AF03465A
:2038C000FB800023FB7316E0FB7B104A5B0013445B781A46FB8893420AD1FB7B0B4A002112
:2038E00002F81310FB7B094A5B00134400225A70FB7B0133FB73FB7B042BE5D900BF00BF4B
:203900001437BD465DF8047B704700BF940E002080B485B000AF03460A46FB711346BB809C
:203920000023FB81FB79013B1549FA7901F81320FB79013BBA88D1B2114A5B0013440A4669
:203940005A7000237B7310E07B7B0D4A12F81330002B05D07B7B0A4A5B0013445B7808E04B
:203960000023FB817B7B01337B737B7B042BEBD9FB8918461437BD465DF8047B704700BF2D
:20398000940E002080B588B002AF204B3B610023FB7515E02020FDF78BFE78607B68B3F19C
:2039A000FF3F0AD07B68D8B20E230193FB7D00930E231C223969FDF781FFFB7D0133FB7511
:2039C000FB7D0D2BE6D9124BFB600023BB7515E02020FDF76DFEB860BB68B3F1FF3F0AD0E2
:2039E000BB68D8B20E230193BB7D00930E231C22F968FDF763FFBB7D0133BB75BB7D0D2B58
:203A0000E6D900BF00BF1837BD4680BDD4790200F079020090B595B002AF0346FB80FF23FF
:203A200087F84730BE4B1B7883F00103DBB2002B00F04382FB88DBB2013B172B46D801A2C1
:203A400052F823F0A53A0100A53A0100A53A0100A53A0100A53A0100AD3A0100AD3A0100D9
:203A6000A53A0100A53A0100AD3A0100B53A0100B53A0100B53A0100B53A0100BD3A0100E6
:203A8000BD3A0100BD3A0100BD3A0100BD3A0100B53A0100B53A0100C53A0100C53A010066
:203AA000C53A0100012387F8473010E0022387F847300CE0032387F8473008E0042387F84B
:203AC000473004E0052387F8473000E000BF97F84730FF2B00F0F181FA8897F8473011465D
:203AE0001846FFF715FF0346FB80FFF74BFFFB88DBB2013B172B00F2DB8101A252F823F07E
:203B0000613B0100FF3B0100193C0100273C0100353C0100433C0100E73C0100513C01006F
:203B2000CB3C0100D93C0100F53C0100033D0100113D0100A53D0100B33D0100C13D0100D2
:203B4000413E01004F3E01005D3E01006B3E0100793E0100873E0100953E0100A33E0100DD
:203B6000704B07F12C040FCB07C423806E4B1B78062B09D107230E226C496D4800F00AFA0B
:203B80006C4B01221A7098E100233B6409E03B6C083348333B445F2203F81C2C3B6C013322
:203BA0003B64614B1B781A463B6C9342EFDB07F12C010E230E225E4800F0ECF95E4B1B7844
:203BC0005A1CD1B25C4A1170322B40F273815A4B00221A70594B00221A70534B1B785A1CFA
:203BE000574B83FB021313449910D317C91A0B46DB005B1AD11ACAB24B4B1A705AE14A4BCB
:203C000000221A704D4B00221A700A230F224D494D4800F0BFF950E10D230A224B494C48CE
:203C200000F0B8F949E106230C224A494A4800F0B1F942E10B230B224849494800F0AAF970
:203C40003BE10F230B224749474800F0A3F934E1464B07F11C040FCB07C423800023FB63B7
:203C600009E0FB6B083348333B445F2203F82C2CFB6B0133FB633E4B1B781A46FB6B93423D
:203C8000EFDB07F11C0000230E22002100F082F92A4B1B785A1CD1B2284A1170092B40F20D
:203CA0000B81264B00221A70314B1B785A1C314B83FB02135910D317C91A0B469B000B4456
:203CC000D11ACAB22A4B1A70F6E0092307222A492A4800F05FF9F0E007230A22284929481E
:203CE00000F058F9E9E008230C222749274800F051F9E2E00F2308222549264800F04AF91B
:203D0000DBE00F2308222449224800F043F9D4E00D2308222149224800F03CF9CDE000BF16
:203D2000A60E0020BC7F0200A20E0020D07D0200D87D02009F0E0020C20E0020C30E00204E
:203D400093244992E87D0200F47D0200047E0200147E0200207E0200287E0200347E0200E3
:203D6000407E0200507E0200607E0200CC7F0200C40E0020676666666C7E0200787E020017
:203D8000807E0200887E0200947E02009C7E0200A87E0200B87E0200C07E0200D07E0200FB
:203DA000E07E02000D230D224549464800F0F2F883E00A2308224449444800F0EBF87CE04C
:203DC00007F1100300221A605A601A8101F020FE0346FB7301F060FE0346BB7301F098FED4
:203DE00003467B7304F054FD0346184607F10D0307F10E0207F10F01FFF75AFB7B7B002B1C
:203E00000BD1FB7B1A46BB7B07F11000009313462F4A0A2112F0CEFD0AE0FB7B1A46BB7B5F
:203E200007F11000009313462A4A0A2112F0C2FD07F110010A230F22274800F0ABF83CE0A9
:203E40000A2308222049214800F0A4F835E00A230E221D49214800F09DF82EE00A23072283
:203E60001F49204800F096F827E00F230A221E491E4800F08FF820E00C230D221C4911482F
:203E800000F088F819E007230A221A491A4800F081F812E008230E221849194800F07AF8C4
:203EA0000BE0082308221749144800F073F804E000BF02E000BF00E000BF4C37BD4690BDF5
:203EC000E87E0200F87E0200087F0200E07E0200147F0200247F0200347F0200447F020065
:203EE000547F0200607F0200687F0200787F0200847F0200807E0200907F02009C7F0200F7
:203F0000A47F0200B47F020080B588B002AF03463960FB711346BB7100237B613B68002B89
:203F20002DD0FB79012B02D1184B7B6104E0FB79022B26D1164B7B610023FB741AE0FB7C16
:203F40003A68134493F900301846FDF7B1FBF860FB68B3F1FF3F0AD0FB68D8B20E23019385
:203F6000FB7C00930E231C227969FDF7A7FCFB7C0133FB74FA7CBB799A42E0D302E000BF5B
:203F800000E000BF1837BD4680BD00BFD47902005C7B020080B588B000AFF860B960114628
:203FA0001A460B46FB711346BB71FB79002B02D0FB79013BFB71BB79002B02D0BB79013B31
:203FC000BB71FB68002B6FD0FB790E2B0FD87B4B00221A70794B00225A80784B00221A71B2
:203FE000FB791A46F9680120FFF78EFF65E0734B1B78002B08D1714B01221A706F4B002209
:204000005A806E4B00221A716C4B5B88952B0BD80E22F9680120FFF777FF684B5B8801333B
:204020009AB2664B5A8038E0644B5A88644BA3FB0213D9080B469B000B4499000B44D31AAD
:204040009BB2002B13D15D4B1B7903F10E02FB799A4206DA594B1B790133DAB2574B1A716F
:2040600005E0564B00221A71544B00225A80534B1B791A46FB681344FB61504B1B79FA7928
:20408000D31AFB76FB7E0E2B28BF0E23BB76BB7E1A46F9690120FFF737FF484B5B880133D5
:2040A0009AB2464B5A8008E0444B00221A70434B00225A80414B00221A71BB68002B6FD0D6
:2040C000BB790E2B0FD83F4B00221A703D4B00225A803C4B00221A71BB791A46B9680220C7
:2040E000FFF712FF65E0374B1B78002B08D1354B01221A70334B00225A80324B00221A718A
:20410000304B5B88952B0BD80E22B9680220FFF7FBFE2C4B5B8801339AB22A4B5A8038E0FB
:20412000284B5A88264BA3FB0213D9080B469B000B4499000B44D31A9BB2002B13D1214B4D
:204140001B7903F10E02BB799A4206DA1D4B1B790133DAB21B4B1A7105E01A4B00221A7133
:20416000184B00225A80174B1B791A46BB6813447B61144B1B79BA79D31AFB74FB7C0E2B02
:2041800028BF0E23BB74BB7C1A4679690220FFF7BBFE0C4B5B8801339AB20A4B5A8008E0BD
:2041A000084B00221A70074B00225A80054B00221A7100BF2037BD4680BD00BFB00E0020C2
:2041C0001F85EB51B80E002080B582B000AF0346FB712520FDF74AF8034683F00103DBB286
:2041E000002B00F0E7800420FCF73AFA0346002B02D0724B01221A70704B1B78002B24D0D5
:204200000420FCF72DFA0346002B1ED16B4B00221A706B4B00221A706A4B00221A8019208F
:20422000FCF7DAFF684B1B78002B02D11820FCF7D3FF0620FDF71AF80346002B05D00020DC
:2042400000F086FA0D20FFF737FB1920FDF70EF80346002B2ED01820FDF708F80346002B54
:2042600028D00220FFF728FB0120FFF725FB574B00221A70FB79022B0BD1554B1B785A1C60
:20428000D1B2534A1170012B0ED9514B00221A700AE04F4B1B785A1CD1B24D4A1170022BCD
:2042A00002D94B4B00221A701720FCF795FF1920FCF7B6FF434B1B8801339AB2414B1A806B
:2042C000404B1B88B3F5FA7F08D33E4B00221A803B4B01221A701820FCF7A2FF1720FCF746
:2042E000C5FF0346002B65D0394B1B78002B02D11720FCF795FF364B1B78032B0BD106203A
:20430000FCF7B4FF034683F00103DBB2002B02D00E20FFF77FFB0320FCF7A2F90346002BEA
:2043200008D02A4B1B780133DAB2284B1A70254B00221A80254B1B78952B25D90420FCF7DC
:204340006FFF224B00221A701720FCF769FF204B1B78012B02D1012004F0EAFE1C4B1B7850
:20436000022B02D1012004F0F9FE194B1B78032B06D10E20FFF7A0FA012000F0E9F919E08B
:204380001520FFF799FA15E0104B1B78002B0ED00420FCF721FF0E4B1B78032B03D015201A
:2043A000FFF738FB06E00E20FFF734FB02E00420FCF736FF00BF0837BD4680BDC50E00203C
:2043C000A00E0020A40E00209E0E0020C60E0020AB0E002080B500AF1720FCF747FF034607
:2043E00083F00103DBB2002B67D00620FCF73EFF034683F00103DBB2002B5ED0354B1B7848
:20440000032B5AD00320FCF72BF90346012B02D1314B01221A70304B1B78002B0ED003205F
:20442000FCF71EF90346002B08D12B4B00221A702A4B1B780133DAB2284B1A70274B1B7839
:20444000002B05D0264B1B780133DAB2244B1A70224B1B78022B22D92520FCF7BDFE1F4B1A
:204460001B78032B15D91F4B1B78002B03D01D4B1B78022B06D10220FFF7CCFA194B02222D
:204480001A700CE0164B00221A700120FFF7C2FA05E0134B00221A700120FFF7BBFA104BB0
:2044A0001B78632B13D92520FCF7BAFE0C4B00221A700A4B00221A7009E0084B00221A7013
:2044C0002520FCF7ADFE064B00221A7000BF00BF80BD00BFAB0E0020C70E00209E0E0020E8
:2044E000C80E00209F0E002080B483B000AF0346FB71044AFB79137000BF0C37BD465DF88F
:20450000047B7047AC0E002080B483B000AF0346FB71044AFB79137000BF0C37BD465DF821
:20452000047B7047AB0E002080B500AF1720FCF777FE0420FCF774FE0E4B00221A7000203B
:2045400000F006F90C4B00221A700C4B00221A800B4B1B78032B02D1094B00221A70152037
:20456000FFF7AAF90E20FFF7A7F90D20FFF7A4F900BF80BD9E0E0020A00E0020A40E0020B6
:20458000AB0E002080B400AF034B1B781846BD465DF8047B704700BF9F0E002080B400AF23
:2045A000034B1B781846BD465DF8047B704700BFA00E002080B500AF094B00221A70094B69
:2045C00000221A70084B00221A702520FCF728FE0120FFF771F90220FFF76EF900BF80BDD6
:2045E0009F0E00209E0E0020A20E002080B500AF0920FCF715FE0A20FCF712FE0B20FCF7F4
:204600000FFE0C20FCF70CFE064B00221A70064B00221A70054B00221A70054B00221A7072
:2046200000BF80BDA70E0020A80E0020A90E0020AA0E002080B500AF06220021044812F0A9
:20464000EDF906220021034812F0E8F900BF80BDB00E0020B80E002080B500AF0222002114
:204660000C4812F0DBF9022200210B4812F0D6F902220021094812F0D1F9022200210848B0
:2046800012F0CCF902220021064812F0C7F900BF80BD00BF940E0020960E0020980E0020F7
:2046A0009A0E00209C0E0020B0B586B000AF264B3C1D1D460FCD0FC42B681A462280023477
:2046C0001B0C23704023FB70012000F078FB4FF47A710A200EF0E0FA3B79184600F017FB8A
:2046E0004FF47A710A200EF0D7FA3B79184600F00EFB3B1D01330321184600F025FB3B1D12
:2047000004330F21184600F01FFB502200210F4812F084F9F81C50230C4A012100F02DFB4A
:204720004FF47A710A200EF0B7FAC823FB70FB78184600F0ECFA4FF47A710A200EF0ACFA79
:2047400000BF1837BD46B0BDDC7F0200380E002080B582B000AF0346FB71FB79002B03D0DB
:204760000620FCF739FD02E00620FCF759FDFB79184604F0C7FCFB79184604F025FD00BF69
:204780000837BD4680BDFFFF80B586B000AF786039600023FB7507F10C0300221A605A6021
:2047A0001A819F233B7200237B720023BB720023FB7200214FF48670FBF73AFF07F10C0175
:2047C00007F1080304221846FCF796FA0346FB7501214FF48670FBF72BFF7B7B1A04BB7B55
:2047E0001B021343FA7B13431A46464B1A60454B1B689BB248F21702934244D048F2170221
:20480000934271D844F21A0293421FD844F21102934269D3A3F58043113B092B64D801A248
:2048200052F823F0DB480100CD480100BF480100B1480100A3480100954801008748010045
:2048400077480100674801005748010047F21802934210D048E07B680A221A703B684FF499
:2048600080621A6049E07B6809221A703B684FF400721A6041E07B6808221A703B684FF4AB
:2048800080721A6039E07B6807221A703B6880221A6032E07B6806221A703B6840221A6018
:2048A0002BE07B6805221A703B6820221A6024E07B6804221A703B6810221A601DE07B6834
:2048C00003221A703B6808221A6016E07B6802221A703B6804221A600FE07B6801221A7099
:2048E0003B6802221A6008E07B6800221A703B6800221A600123FB7500BFFB7D1846183749
:20490000BD4680BDCC0E002080B588B000AF786007F1180300221A601A7107F1080300220A
:204920001A605A609A609A814B233B7600214FF48670FBF77DFE07F1080107F118030D2205
:204940001846FCF7D9F90346FB7701214FF48670FBF76EFEFB7F002B07D107F10803053308
:20496000082219467868FBF7C7FFFB7F18462037BD4680BD80B584B000AF03463960FB7141
:204980000123FB730023BB81FB79012B02D10523FB720DE0FB79022B02D13523FB7207E011
:2049A000FB79032B02D11523FB7201E0FB7B1AE000214FF48670FBF73BFE07F10C0107F10A
:2049C0000B0302221846FCF797F90346FB7301214FF48670FBF72CFEFB7B002B02D17A7B2D
:2049E0003B681A70FB7B18461037BD4680BD80B582B000AF0023FB7106233B7100214FF451
:204A00008670FBF715FE3B1D01211846FCF718F90346FB7101214FF48670FBF709FEFB7942
:204A200018460837BD4680BD80B582B000AF0023FB710423BB7100214FF48670FBF7F8FD60
:204A4000BB1D01211846FCF7FBF80346FB7101214FF48670FBF7ECFDFB7918460837BD4619
:204A600080BD80B584B000AF03463960FB711346BB710023FB7307F1080300221A601A7153
:204A80000123BB73BB79002B09D03B681A0EBB7B591CB973D2B210333B4403F8082C3B68D2
:204AA0001A0CBB7B591CB973D2B210333B4403F8082C3B681A0ABB7B591CB973D2B210331F
:204AC0003B4403F8082CBB7B5A1CBA733A68D2B210333B4403F8082C00214FF48670FBF7EC
:204AE000A7FDFB79032B1DD0032B27DC012B02D0022B0BD022E0C7233B7207F1080301218E
:204B00001846FCF79DF80346FB731BE0D8233B72BA7B07F1080311461846FCF791F80346A3
:204B2000FB730FE020233B72BA7B07F1080311461846FCF785F80346FB7303E0FB7B013387
:204B4000FB7300BF01214FF48670FBF771FDFB7B18461037BD4680BD80B584B000AF786022
:204B60000123FB730023BB810523FB7223E000214FF48670FBF75CFD07F10C0107F10B03FC
:204B800002221846FCF7B8F80346BB7301214FF48670FBF74DFDBB7B002B02D17B7BFB734A
:204BA00001E0BB7B13E04FF47A7101200EF074F87B68013B7B60FB7B03F00103002B02D0CE
:204BC0007B68002BD3D1FB7B03F00103DBB218461037BD4680BD80B584B000AF78603960BB
:204BE0000023FB7300214FF48670FBF721FD39687868FCF725F80346FB7301214FF4867017
:204C0000FBF716FDFB7B18461037BD4680BD80B586B000AFF860B9607A603B600023BB75E1
:204C20000023FB7500214FF48670FBF701FDB968F868FCF705F80346BB75012138680EF0ED
:204C40002BF8BB7D002B05D139687868FCF726F80346FB7501214FF48670FBF7E9FCFB7D03
:204C600018461837BD4680BD80B584B000AF786039600023FB733868FFF76EFFFFF7B7FE7F
:204C800039687868FFF7A7FF0346FB733868FFF763FFFFF7C9FEFB7B18461037BD4680BD30
:204CA00080B584B000AF396011461A460346FB710B46BB711346BB800023FB73FFF797FEAA
:204CC00003461A46FB7B1344FB73BB881846FFF743FF03461A46FB7B1344FB73BA79FB798C
:204CE00039681846FFF7BDFE03461A46FB7B1344FB73BB881846FFF72FFF03461A46FB7B3C
:204D00001344FB73FB7B18461037BD4680BD80B582B000AF0346FB71002140F20B40FBF718
:204D200087FCFB1D01211846FBF734FF012140F20B40FBF77DFC4FF47A7101200DF0ACFF32
:204D400000BF0837BD4680BD80B582B000AF78600B467B80002140F20B40FBF769FC7B88E3
:204D600019467868FBF716FF012140F20B40FBF75FFC00BF0837BD4680BD80B584B000AFAB
:204D8000F8607A601A460B467B8113463B81002140F20B40FBF74CFC7B891946F868FBF792
:204DA000F9FE3B8919467868FBF7F4FE012140F20B40FBF73DFC00BF1037BD4680BD80B5D0
:204DC00082B000AF0346FB71FB79002B03D10020FBF7EEFD11E05A20FBF7EAFD002140F236
:204DE0000B40FBF725FC4FF47A710A200DF054FF012140F20B40FBF71BFC00BF0837BD4604
:204E000080BD80B582B000AF0346FB71FB791846FBF7CEFD00BF0837BD4680BD80B582B056
:204E200000AF0023FB7100F010F800F027F80346FB71FB79002B03D000F020F80346FB7149
:204E4000FB7918460837BD4680BD80B500AF00214FF48670FBF7ECFB01214FF48670FBF79D
:204E6000E7FB012140F20330FBF7E2FB01214FF44170FBF7DDFB00BF80BDFFFF80B582B0B9
:204E800000AF0023FB71474B012283F82F2000233B603A46BB1D11461846FFF775FC0346DA
:204EA000002B07D03F4B002283F82F20FB790133DBB273E03B4BD3F81B30B3F5807F04D9D2
:204EC000384B012283F82E2003E0364B002283F82E20344B00225A72002242F001029A7244
:204EE000304B0022DA73002242F010021A7400225A7400229A742B4BD3F813301B01294AA1
:204F0000C2F81330274BD3F81330264AD2F80F2002FB03F3234AB2F8092092B2B3FBF2F3A1
:204F2000204AC2F80B301F4BD3F80F301B011D4AC2F81F301B4BD3F813301A4AD2F80F2041
:204F400002FB03F39B0A174AC2F827301648FFF7DBFC03461A46FB791344FB7113490120BF
:204F6000FFF708FD03461A46FB791344FB7110490220FFF7FFFC03461A46FB791344FB710A
:204F80000C490320FFF7F6FC03461A46FB791344FB71044B002283F82F20FB791846083785
:204FA000BD4680BDD00E0020D10E0020FB0E0020FC0E0020FD0E002080B584B000AF0346D5
:204FC0003960FB711346BB800023FB7300BF0F4B93F82F30002BFAD10C4B012283F82F206A
:204FE0000A4B93F82E20BB88F8793968FFF758FE03461A46FB7B1344FB73044B002283F812
:205000002F20FB7B18461037BD4680BDD00E002080B5CAB000AF07F59473A3F58E73186076
:2050200007F59473A3F59073196007F59473A3F592731A600023A7F82631032387F823312D
:205040004E4B93F82E30002B1ED0B7F826315A1CA7F826211A46022107F59473A3F58A7338
:20506000995407F59473A3F590731B68190EB7F826315A1CA7F826211A46C9B207F59473BB
:20508000A3F58A7399540BE0B7F826315A1CA7F826211A46022107F59473A3F58A73995439
:2050A00007F59473A3F590731B68190CB7F826315A1CA7F826211A46C9B207F59473A3F5D2
:2050C0008A73995407F59473A3F590731B68190AB7F826315A1CA7F826211A46C9B207F569
:2050E0009473A3F58A739954B7F826315A1CA7F826211A4607F59473A3F590731B68D9B2B9
:2051000007F59473A3F58A7399540023A7F8243118E0B7F8243107F59472A2F58E721268E4
:205120001A44B7F82631591CA7F826111946127807F59473A3F58A735A54B7F82431013359
:20514000A7F82431B7F8243107F59472A2F5927212689A42DDD8B7F8262107F11403114653
:205160001846FFF781FD034687F8233197F82331184607F59477BD4680BD00BFD00E0020FC
:2051800080B5D0B000AF07F5A073A3F59A73186007F5A073A3F59C73196007F5A073A3F5A9
:2051A0009E731A600023A7F83E31032387F83D31454B93F82E30002B1ED0B7F83E315A1CFA
:2051C000A7F83E211A460B2107F5A073A3F59873995407F5A073A3F59C731B68190EB7F897
:2051E0003E315A1CA7F83E211A46C9B207F5A073A3F5987399540BE0B7F83E315A1CA7F834
:205200003E211A460B2107F5A073A3F59873995407F5A073A3F59C731B68190CB7F83E3188
:205220005A1CA7F83E211A46C9B207F5A073A3F59873995407F5A073A3F59C731B68190A24
:20524000B7F83E315A1CA7F83E211A46C9B207F5A073A3F598739954B7F83E315A1CA7F80F
:205260003E211A4607F5A073A3F59C731B68D9B207F5A073A3F598739954B7F83E315A1C78
:20528000A7F83E211A4607F5A073A3F5987300219954B7F83E1107F5A073A3F59E7307F53E
:2052A000A072A2F59A7207F110001B681268FFF7AEFC034687F83D3197F83D31184607F507
:2052C000A077BD4680BD00BFD00E002080B582B000AF0023FB714FF47A7200210220FFF7AD
:2052E0006BFE0346002B08D0FB790133FB711D4B1B8801339AB21B4B1A800023BB8007E015
:20530000BB88BA88D1B2184AD154BB880133BB80BB88B3F5805FF3D300237B8018E07B88A3
:20532000114A134479884FF480721846FFF770FE0346002B08D0FB790133FB71094B5B882C
:2053400001339AB2074B5A807B8803F580737B807B88B3F5805FE2D3FB7918460837BD4665
:2053600080BD00BF000F0020080F002080B582B000AF0023FB710023BB8018E0BB88194A2A
:205380001344B9884FF480721846FFF7F9FE0346002B08D0FB790133FB71134B9B880133E0
:2053A0009AB2114B9A80BB8803F58073BB80BB88B3F5805FE2D34FF480520C490948FBF796
:2053C000BAFA0346002B08D0FB790133FB71064BDB8801339AB2044BDA80FB7918460837CB
:2053E000BD4680BD081F0020000F0020080F002080B584B000AF78600023FB734FF47A7210
:2054000079680320FFF7D8FD0346002B08D0FB7B0133FB73054B1B8801339AB2034B1A80FE
:20542000FB7B18461037BD4680BD00BF000F002080B588B000AFF860B9607A600023FB7727
:205440000023BB617B68C3F1FF1303F57F43FA689A4220D9012323E07A68BB69D31A7B617D
:205460007B69B3F5807F28BF4FF480733B61BA68BB69D018FA68BB6913443A691946FFF7E5
:20548000C7FD0346002B02D00123FB7707E0BA693B691344BB61BA697B689A42DCD3FB7F40
:2054A00018462037BD4680BD80B588B000AFF860B9607A6000237B760023FB820023FB833B
:2054C00000237B777B68C3F1FF1303F57F43FA689A4204D97B7E01337B767B7E3FE07B6820
:2054E0001B0AFB827B68DBB2002B01D07B687B7700237B8319E0FB8BBA68D018FA8BFB6837
:2055000013444FF480721946FFF73AFE0346002B04D07B7E01337B767B7E20E0FB8B03F595
:205520008073FB837B8B01337B837A8BFB8A9A42E1D37B7F002B11D0FB8BBA68D018FA8B8D
:20554000FB6813447A7F1946FFF71AFE0346002B04D07B7E01337B767B7E00E07B7E184695
:205560002037BD4680BDFFFF80B584B000AF786039600023FB730023BB7317E07868FFF75E
:2055800037FF0346002B04D17B6803F580537B600AE00123BB73FB7B0133FB73094B5B8878
:2055A00001339AB2074B5A80FBF7B6FD7A683B689A4202D2BB7B002BE0D0FB7B1846103739
:2055C000BD4680BD000F002080B483B000AF0346FB7197F90730002B0BDBFB7903F01F0231
:2055E000074997F907305B09012000FA02F241F8232000BF0C37BD465DF8047B704700BF56
:2056000000E100E080B483B000AF03463960FB7197F90730002B0ADB3B68DAB20C4997F97A
:2056200007301201D2B20B4483F800230AE03B68DAB20849FB7903F00F03043B1201D2B2F6
:205640000B441A7600BF0C37BD465DF8047B704700E100E000ED00E080B582B000AF0C210A
:205660001620FFF7CFFF1620FFF7AEFF0D490E4809F054FF78607B68002B01D07B680CE0D9
:20568000094809F0B1FF78607B68002B04D0064809F0BBFF7B6800E0002318460837BD46CF
:2056A00080BD00BFC08002003842002080B582B000AF78600020FBF7D9FD0346002B21D0D7
:2056C000002140F20620FAF7B3FF002140F20720FAF7AEFF002140F20D10FAF7A9FF00216C
:2056E0004FF48060FAF7A4FF002140F20710FAF79FFFFBF711FD1D20FBF76EFD0020FBF74E
:205700008FFD00E000BF0837BD4680BD80B485B000AF0346FB710023FB73FB79013B052BA1
:205720002AD801A252F823F041570100495701005157010061570100695701007157010041
:20574000114BDB7AFB7317E00F4B1B7BFB7313E00D4BB3F80D309BB2DBB26C3BFB730BE0C8
:20576000094B1B7AFB7307E0074B5B7AFB7303E0054B9B7AFB7300BFFB7B18461437BD46BF
:205780005DF8047B704700BF082F002080B483B000AF03460A46FB711346BB71FB79013B18
:2057A000052B2CD801A252F823F000BFC5570100CD570100D5570100E7570100EF57010001
:2057C000F7570100114ABB79D37218E00F4ABB79137314E0BB799BB203F26C739AB20B4BB0
:2057E000A3F80D200BE0094ABB79137207E0074ABB79537203E0054ABB79937200BF00BFD0
:205800000C37BD465DF8047B704700BF082F002080B483B000AF7860044A7B68136000BF50
:205820000C37BD465DF8047B704700BF082F002080B483B000AF03460A46FB711346BB80D2
:20584000FB79012B02D0022B04D007E0064ABB88938003E0044ABB88D38000BF00BF0C37C0
:20586000BD465DF8047B7047082F002080B582B000AF0523FB714FF4806205490548FAF7E8
:20588000F3FF0346FB71FB7918460837BD4680BD082F0020C0FB070080B582B000AF0523B9
:2058A000FB710B4B3B600B493868FAF7BDFF0346FB71FB79002B06D1802207493868FAF73C
:2058C0004DFF0346FB71FB7918460837BD4680BDC0FB070040FC0700082F002080B500AF36
:2058E0001748FBF71FF9164BDB68DBB219460120FFF74CFF124B1B69DBB219460220FFF768
:2059000045FF0F4B5B69DBB219460320FFF73EFF0B4B9B68DBB219460420FFF737FF084BFB
:205920005B68DBB219460520FFF730FF044B1B68DBB219460620FFF729FF00BF80BD00BFB1
:20594000882F002090B583B000AF0446084611461A462346FB710346BB710B467B7113461A
:205960003B71FB79FF2B42D0FB79002B3FD0FB791F2B3CD8FB79002B39D0BB79FF2B38D03D
:20598000BB79002B35D0BB790C2B32D8BB79002B2FD07B79FF2B2ED07B79002B2BD03B79E6
:2059A000FF2B2AD03B79172B27D83B7EFF2B26D03B7E3B2B23D83B7FFF2B22D03B7F3B2BE5
:2059C0001FD8FB79114AD360BB79104A13617B790E4A53613B790D4A93603B7E0B4A53600D
:2059E0003B7F0A4A13600948FBF778F80AE000BF08E000BF06E000BF04E000BF02E000BF3A
:205A000000E000BF0C37BD4690BD00BF882F002080B483B000AF0023FB71174B9B680C2B7D
:205A200008DD154B9B68DBB20C3BFB71134B01221A7019E0104B9B68002B05D10C23FB71E0
:205A40000E4B00221A700FE00B4B9B680C2B05D10C23FB71094B01221A7005E0064B9B6817
:205A6000FB71064B00221A70FB7918460C37BD465DF8047B704700BF882F0020AC2F002089
:205A800080B400AF034B9B68DBB21846BD465DF8047B7047882F002080B400AF034B5B688E
:205AA000DBB21846BD465DF8047B7047882F002080B400AF034B1B68DBB21846BD465DF89F
:205AC000047B7047882F002080B400AF034BDB68DBB21846BD465DF8047B7047882F0020F5
:205AE00080B400AF034B1B69DBB21846BD465DF8047B7047882F002080B400AF034B5B69AC
:205B0000DBB21846BD465DF8047B7047882F002080B400AF034B1B781846BD465DF8047B3C
:205B2000704700BFAC2F002080B500AFBE4B1B78002B40F0C98103F02FF8034607EE903AAD
:205B4000F8EE677AB94BC3ED007AB84BD3ED007A9FEDB77AF4EEC77AF1EE10FA40F3A381F3
:205B600003F002F80346184610F01AFCA6A3D3E9002310F07FFC02460B461046194610F08A
:205B80008BFE0346A94A936002F0FAFF0346184610F006FC9EA3D3E9002310F06BFC0246EA
:205BA0000B461046194610F077FE03469F4A5360A04B1B78002B07D19F4B4FF000021A605F
:205BC0009E4B4FF000021A60984B93ED017A974BD3ED027A67EE277A17EE900A10F0F2FBA3
:205BE0004FF00002964B10F045FC02460B461046194689A3D3E9002310F066FD02460B46ED
:205C00001046194610F048FE07EE100A8A4BD3ED007A77EE277A884BC3ED007A834B1B6817
:205C2000184610F0CFFB4FF00002854B10F022FC02460B461046194679A3D3E9002310F0C4
:205C400043FD02460B461046194610F025FE07EE100A7A4BD3ED007A77EE277A774BC3ED0D
:205C6000007A754BD3ED006A744B93ED007AC6EE877A744BC3ED007A724BD3ED007A9FEDE6
:205C8000727AF4EEC77AF1EE10FA03DD6D4B6F4A1A600CE06B4BD3ED007A9FED6D7AF4EE10
:205CA000C77AF1EE10FA02D5664B6A4A1A60614B1B78002B00F0E180624BD3ED007A9FEDD6
:205CC000667AF4EEC77AF1EE10FA03DB634B01221A70D2E05B4BD3ED007A9FED5F7AF4EEC6
:205CE000C77AF1EE10FA0DD5564BD3ED007A9FED5C7AF4EEC77AF1EE10FA03DB574B0222AB
:205D00001A70BAE04F4BD3ED007A9FED557AF4EEC77AF1EE10FA0DD54A4BD3ED007A9FEDE7
:205D2000517AF4EEC77AF1EE10FA03DB4B4B03221A70A2E0434BD3ED007A9FED4A7AF4EEED
:205D4000C77AF1EE10FA0DD53E4BD3ED007A9FED467AF4EEC77AF1EE10FA03DB3F4B04228E
:205D60001A708AE0374BD3ED007A9FED3F7AF4EEC77AF1EE10FA0DD5324BD3ED007A9FEDFD
:205D80003B7AF4EEC77AF1EE10FA03DB334B05221A7072E02B4BD3ED007A9FED347AF4EE17
:205DA000C77AF1EE10FA0DD5264BD3ED007A9FED307AF4EEC77AF1EE10FA03DB274B062272
:205DC0001A705AE01F4BD3ED007A9FED297AF4EEC77AF1EE10FA0BD51A4BD3ED007AF5EEBE
:205DE000C07AF1EE10FA03DB1C4B07221A7044E0144BD3ED007AF5EEC07AF1EE10FA39D5B7
:205E0000164B08221A7038E0FCA9F1D24D62503F7B14AE47E17A843F000000000020AC4001
:205E2000AE47E17A1C5E1341BC2F0020C42F00200000C842B82F0020B02F0020B42F002013
:205E40000000D03FC02F002000008C4200008C4200008CC200008CC200005C42E008002046
:205E600000004C4200003C4200002C4200001C4200000C42304B00221A70304B1B785A1C51
:205E8000D1B22E4A1170002B06D02C4B00221A702B4B00221A7017E0294B1B780133DAB282
:205EA000274B1A7010E0274BD3ED007AB7EE007AF4EEC77AF1EE10FA03D81F4B00221A702E
:205EC00002E01D4B03221A701F4B1B78002B18D1194B1A781D4B1B789A4206D21B4B1B781A
:205EE000013BDAB2194B1A700BE0134B1A78174B1B789A4205D9154B1B780133DAB2134B51
:205F00001A70114B1B785A1CD1B20F4A1170022B02D90D4B00221A700D4B1B785A1CD1B245
:205F20000B4A1170182B02D9094B00221A70074B1B78184680BD00BFE0080020B92F00201E
:205F4000B82F0020C42F0020BB2F0020BA2F0020BC2F002080B582B000AF0023FB7162B64C
:205F600000BF00F037F80346002B02D0FB790133FB71FBF7AFFA0346002B02D0FB79013360
:205F8000FB71FB79002B12D1FBF7C6F80D490E48FAF740FF0D48FAF73FFA0D48FBF70EF8BB
:205FA000002140F20D10FAF743FB0EF0B5FDFBF7B3F84FF47A714FF47A700CF06DFE00BF74
:205FC000F5E700BFF16E0100656D0100717B0100959A010080B582B000AF0023FB71FBF73F
:205FE0007BF803461A46FB791344FB71FAF70EFB03461A46FB791344FB71002140F20620FB
:20600000FAF716FB002140F20310FAF711FB002140F20740FAF70CFB72B600BFFAF7AEFC07
:2060200003461A46FB791344FB715A20FAF7C0FC03461A46FB791344FB71FAF799F90346AD
:206040001A46FB791344FB71FAF798FE03461A46FB791344FB71FAF7DFFD03461A46FB7958
:206060001344FB710020FAF719FF03461A46FB791344FB71FBF750F8FAF778FD03461A460B
:20608000FB791344FB71FAF7EFFC03461A46FB791344FB71FAF714FB03461A46FB79134499
:2060A000FB71FAF7D5F803461A46FB791344FB71FFF7D2FAFBF730F8064B002B05D0054B59
:2060C00004221946044810F0B9FCFB7918460837BD4680BDB4800200D02F002080B500AFB0
:2060E00064200EF095FC0120FEF769FE0A200EF08FFCC820FEF70BFE0A200EF089FC0020AA
:2061000003F000F8002003F05FF80920FBF764F800BF80BD80B500AF64200EF079FCC020FC
:20612000FEF7F5FD0A200EF073FC0020FEF747FE012003F049F802F087FDFEF78DFAFEF74B
:2061400079FAFEF753FA00BF80BDFFFF80B582B000AF78600B46FB701346BB707B681B78EC
:20616000FA789A4203D1324B1B78002B21D07B6802221A71786800F05DF87B681A787B68C2
:206180005A707B68FA781A70FB78022B02D0032B04D007E07B68BA789A7003E07B68BA78E4
:2061A0009A7000BF7B6800221A71214B00221A7039E07B681B78FA789A4234D1FB78022BEC
:2061C00002D0032B16D02EE07B689B78BA789A4226D07B6802221A71786800F057F97B683C
:2061E0009A787B68DA707B68BA789A707B6800221A7115E07B689B78BA789A4212D07B68F3
:2062000002221A71786800F09BFA7B689A787B68DA707B68BA789A707B6800221A7101E0B8
:2062200000BF00E000BF00BF0837BD4680BD00BFE908002080B582B000AF78607B681B788E
:20624000072B33D801A252F823F000BF6D620100756201007D620100856201008D620100E2
:20626000956201009D620100A5620100786800F023F81CE0786800F09BF818E0786800F00C
:2062800005F914E0786800F05BFA10E0786800F030FB0CE0786800F073FB08E0786800F01A
:2062A000CAFB04E0786800F024FC00E000BF00BF0837BD4680BD00BF80B582B000AF7860BB
:2062C0007B681B79022B11D0022B13DC002B02D0012B07D00EE0786800F012F87B6801224F
:2062E0001A7108E0786800F037F804E0786800F055F800E000BF00BF0837BD4680BDFFFF50
:2063000080B582B000AF78607B6800225A710F4B00221A700020FEF71BFAFFF7FBFEFEF7AB
:2063200003F90B4B1B78002B05D00A4B1B780133DAB2084B1A700820FDF7BEFA1320FDF7F8
:20634000BBFA00BF0837BD4680BD00BFAB0E0020AD0E0020AE0E002080B582B000AF78600D
:206360001D20FAF783FF0346002B13D01D20FAF757FF0020FAF754FF4FF4FA700EF048FB40
:20638000012140F20710FAF753F9012202217F2002F00CFE00BF0837BD4680BD80B582B0CF
:2063A00000AF7860FFF79AFE00BF0837BD4680BD80B582B000AF78607B681B79022B11D017
:2063C000022B13DC002B02D0012B07D00EE0786800F011F87B6801221A7108E0786800F091
:2063E00017F804E0786800F047F800E000BF00BF0837BD4680BD80B582B000AF7860FEF7DB
:206400002BF9FEF717F900BF0837BD4680BDFFFF80B582B000AF78607B685B79632B0CD800
:206420000B23062101221846FBF712FA7B685B790133DAB27B685A7119E00E4B00221A7065
:206440004423002100221846FBF702FA4423012101221846FBF7FCF902F004FB0120FCF750
:206460002DFE0720FDF728FA0920FDF725FA0837BD4680BDAC0E002080B483B000AF786031
:2064800000BF0C37BD465DF8047B704780B582B000AF78607B681B79002B02D0022B07D006
:2064A0000AE0786800F028F87B6801221A7103E0786800F035F800BF7B681B79012B17D147
:2064C0007B689B78022B0ED0022B10DC002B02D0012B04D00BE0786800F02CF808E07868FE
:2064E00000F092F804E0786800F0DCF800E000BF00BF0837BD4680BD80B582B000AF7860CF
:20650000064B1B78032B05D1044B00221A700020FEF71EF900BF0837BD4680BDAB0E002055
:2065200080B483B000AF786000BF0C37BD465DF8047B704780B582B000AF78607B681B7978
:20654000022B11D0022B13DC002B02D0012B07D00EE0786800F012F87B6801221A7108E0D0
:20656000786800F01FF804E0786800F043F800E000BF00BF0837BD4680BDFFFF80B582B003
:2065800000AF7860064B1B78032B05D1044B00221A700020FEF7DCF800BF0837BD4680BD6A
:2065A000AB0E002080B582B000AF78604423002101221846FBF74CF94423012100221846CB
:2065C000FBF746F90220FCF779FD02F0BFF90346012B03D10820FCF7DDFC04E0044B1B7852
:2065E0001846FCF7D7FC00BF0837BD4680BD00BFAC0E002080B483B000AF786000BF0C37B0
:20660000BD465DF8047B704780B582B000AF78607B681B79022B11D0022B13DC002B02D060
:20662000012B07D00EE0786800F011F87B6801221A7108E0786800F014F804E0786800F087
:2066400027F800E000BF00BF0837BD4680BD80B483B000AF786000BF0C37BD465DF8047B77
:20666000704780B582B000AF78604423002101221846FBF7EDF80320FCF720FD44230121D9
:2066800000221846FBF7E4F800BF0837BD4680BD80B483B000AF786000BF0C37BD465DF826
:2066A000047B704780B582B000AF78607B681B79022B11D0022B13DC002B02D0012B07D015
:2066C0000EE0786800F011F87B6801221A7108E0786800F014F804E0786800F027F800E0EB
:2066E00000BF00BF0837BD4680BD80B483B000AF786000BF0C37BD465DF8047B704780B5EA
:2067000082B000AF78604423002101221846FBF79FF80420FCF7D2FC442301210022184640
:20672000FBF796F800BF0837BD4680BD80B483B000AF786000BF0C37BD465DF8047B70471D
:2067400080B582B000AF78607B681B79002B02D0022B07D00AE0786800F01FF87B680122FC
:206760001A7103E0786800F024F800BF7B681B79012B0ED17B689B78002B02D0012B04D08B
:2067800007E0786800F01FF803E0786800F06DF800BF00BF0837BD4680BD80B582B000AF00
:2067A0007860FDF759FFFDF745FF00BF0837BD4680BD80B483B000AF786000BF0C37BD464C
:2067C0005DF8047B704780B582B000AF78607B681B79022B11D0022B13DC002B02D0012B76
:2067E00007D00EE0786800F011F87B6801221A7108E0786800F014F804E0786800F02BF8CF
:2068000000E000BF00BF0837BD4680BD80B483B000AF786000BF0C37BD465DF8047B70471D
:2068200080B582B000AF78607B685B79632B0CD80B23062101221846FBF70AF87B685B79C0
:206840000133DAB27B685A7102E00820FCF788FE0837BD4680BD80B483B000AF786000BF1B
:206860000C37BD465DF8047B704780B582B000AF78607B681B79022B11D0022B13DC002B8D
:2068800002D0012B07D00EE0786800F011F87B6801221A7108E0786800F016F804E0786841
:2068A00000F01DF800E000BF00BF0837BD4680BD80B582B000AF7860FDF7CEFEFDF7BAFE9C
:2068C00000BF0837BD4680BD80B582B000AF78600520FCF745FE00BF0837BD4680BD80B4BF
:2068E00083B000AF786000BF0C37BD465DF8047B704780B582B000AF78607B681B79022BBC
:2069000011D0022B13DC002B02D0012B07D00EE0786800F011F87B6801221A7108E078685A
:2069200000F014F804E0786800F020F800E000BF00BF0837BD4680BD80B483B000AF7860C4
:2069400000BF0C37BD465DF8047B704780B582B000AF78605022FF21034810F05FF800BFC6
:206960000837BD4680BD00BF380E002080B483B000AF786000BF0C37BD465DF8047B7047F5
:2069800080B582B000AF78607B681B79022B11D0022B13DC002B02D0012B07D00EE078689A
:2069A00000F011F87B6801221A7108E0786800F016F804E0786800F033F800E000BF00BF4A
:2069C0000837BD4680BD80B582B000AF7860FDF731FEFDF741FE00BF0837BD4680BDB0B551
:2069E00082B000AF78600820FDF714F80B23072101221846FAF72CFFFFF70AF803461C4620
:206A0000FFF74AF803461D46FFF782F803461A4629462046FBF754F800BF0837BD46B0BDF8
:206A200080B582B000AF78600820FCF745FF00BF0837BD4680BD80B582B000AF78607B68FA
:206A40001B79022B11D0022B13DC002B02D0012B07D00EE0786800F011F87B6801221A7120
:206A600008E0786800F016F804E0786800F036F800E000BF00BF0837BD4680BD80B582B02A
:206A800000AF7860FDF7D6FDFDF7E6FD00BF0837BD4680BDB0B582B000AF78600820FCF75A
:206AA0000BFF0920FCF7B6FF0B23072101221846FAF7CEFEFEF7ACFF03461C46FEF7ECFF3C
:206AC00003461D46FFF724F803461A4629462046FAF7F6FF00BF0837BD46B0BD80B582B0BF
:206AE00000AF78600920FCF7E7FE00BF0837BD4680BD80B582B000AF78607B681B79022B3E
:206B000011D0022B13DC002B02D0012B07D00EE0786800F011F87B6801221A7108E0786858
:206B200000F014F804E0786800F01AF800E000BF00BF0837BD4680BD80B582B000AF7860C8
:206B4000FFF7E8FA00BF0837BD4680BD80B483B000AF786000BF0C37BD465DF8047B7047A1
:206B600080B582B000AF7860FFF7B8FA00BF0837BD4680BDB0B584B000AF0346FB71FB79D0
:206B80000A2B50D801A252F823F000BFB96B0100C16B0100C96B0100D76B0100E56B0100BE
:206BA000016C01000F6C0100176C0100F36B0100276C01001F6C0100654B00221A7033E079
:206BC000634B01221A702FE0614B02221A70614B00221A7028E05E4B02221A705D4B01226F
:206BE0001A7021E05A4B02221A705A4B02221A701AE0574B03221A70564B00221A7013E0D9
:206C0000534B03221A70534B01221A700CE0504B04221A7008E04E4B05221A7004E04C4BF8
:206C200006221A7000E000BF0520FAF71FFB0346002B08D02920FAF719FB0346002B02D0F3
:206C4000434B07221A70424B1B78424A127819464148FFF77BFA5022002140480FF0DEFE74
:206C60000520F9F7FDFC0346002B03D00120FAF7B3FA02E00120FAF7D3FA0720F9F7F0FC3C
:206C80000346002B03D00320FAF7A6FA02E00320FAF7C6FA0620F9F7E3FC0346002B03D007
:206CA0000220FAF799FA02E00220FAF7B9FAFAF723FD294B1B78052B3CD0274B5B79632B5E
:206CC00038D9FB79FB73244B1B78022B14D1224B9B78022B0CD0022B10DC002B02D0012BE2
:206CE00003D00BE00223FB7305E00323FB7302E00423FB7300BF01E000BF00E000BF164BF4
:206D00001B78032B08D001F067FE0346002B03D1FB7B1846FDF758FA4F24042503F056FB42
:206D200003461A4629462046FAF792FDFDF752FBFBF718FB0848FFF77DFA5023074A02216B
:206D40000748FEF71AF800BF1037BD46B0BD00BFE32F0020E22F0020DC2F0020380E0020B4
:206D6000E508002080B582B000AF0023FB710023BB7100237B710123FB71574B5B68002BE3
:206D800006D0554B5868F91D002300220CF0FEFF1E20FAF76BFA0346002B11D11F20FAF74F
:206DA00065FA0346002B0BD12320FAF75FFA0346002B05D12220FAF759FA0346002B15D06E
:206DC0002120FAF753FA034683F00103DBB2002B0CD001237B71414B5B68002B06D03F4BF6
:206DE0005868791D002300220CF0D0FF3C4B1B889BB2C3F3080340F2FF12934216D10423CF
:206E0000BB71384B5B68002B06D0364B5868B91D002300220CF0BAFF314B1B889BB223F46B
:206E2000FF7323F001039AB22D4B1A802C4B1B889BB203F47853B3F5785F14D10523BB718A
:206E4000284B5B68002B06D0264B5868B91D002300220CF09BFF224B1B889BB223F47853DA
:206E60009AB21F4B1A80204B1B780133DAB21E4B1A701D4B1B78012B0FD91B4B00221A70F0
:206E80000223FB71144B5B68002B06D0124B5868F91D002300220CF079FF144B1B7801332C
:206EA000DAB2124B1A70114B1B78132B0FD90F4B00221A7002237B71084B5B68002B06D01C
:206EC000064B5868791D002300220CF05FFF00BF0837BD4680BD00BFE42F00206434002084
:206EE000F02F0020E8370020FF2F00200030002080B582B000AF0023FB710023BB7104235B
:206F00007B714C4B5B68002B06D04A4B5868791D002300220CF03AFF474B1B780133DAB2E0
:206F2000454B1A70444B1B78012B23D9434B1B889BB2012B07D1002140F20710F9F778FB9E
:206F40003E4B00221A803C4B00221A703C4B1B889BB201339AB23A4B1A800423BB71394BCC
:206F60005B68002B06D0374B5868B91D002300220CF00CFF344B1B780133DAB2324B1A7010
:206F8000314B1B78042B1CD92F4B00221A700523BB712C4B5B68002B06D02A4B5868B91DFE
:206FA000002300220CF0F2FE0123FB71274B5B68002B06D0254B5868F91D002300220CF053
:206FC000E5FE234B1B780133DAB2214B1A70204B1B780E2B29D91E4B00221A7005237B71B5
:206FE000144B5B68002B06D0124B5868791D002300220CF0CBFE0223FB71144B5B68002BD3
:2070000006D0124B5868F91D002300220CF0BEFE0623BB710B4B5B68002B06D0094B5868E7
:20702000B91D002300220CF0B1FE00BF0837BD4680BD00BFE42F002001300020F22F0020C8
:20704000F42F00206434002002300020E83700200330002080B483B000AF786000BF0C3761
:20706000BD465DF8047B704780B584B000AF786000237B730023FB73FAF7BCFA354B5B6806
:2070800007F10D014FF0FF3218460CF037FF0346012BF3D104F082FD0346FB737B7B013B55
:2070A000042B51D801A252F823F000BFC1700100E370010049710100357101003F71010020
:2070C000254B1B78022B03D0234B1B78012B3DD1FEF72AFD0346BB73BB7B1846FDF704FA59
:2070E00034E0FAF719F81D4B1B889BB23B2B05D91A4B00221A80002004F040FD00F0BEF9C5
:20710000154B1B781846FFF735FD2120FAF7AEF80346002B1CD00020FAF7A8F8034683F051
:207120000103DBB2002B13D0002002F063F800F04DF80DE0FB7B184600F090F809E0FB7B76
:20714000184600F0F5F804E000BF97E700BF95E700BF93E7E42F0020F62F0020F42F0020A4
:2071600080B483B000AF03460A46FB711346BB71FB79002B0FD1BB79082B0CD8BB7901224E
:2071800002FA03F39AB2104B1B889BB213439AB20D4B1A8012E0FB79012B0FD1BB79042BFD
:2071A0000CD8BB790933012202FA03F39AB2064B1B889BB213439AB2034B1A8000BF0C374D
:2071C000BD465DF8047B7047F02F002080B500AF0520F9F745FA0346002B06D01E4B1B7864
:2071E00043F02003DAB21C4B1A700620F9F738FA0346002B06D0184B1B7843F04003DAB232
:20720000154B1A700720F9F72BFA0346002B06D0114B1B7863F07F03DAB20F4B1A700420A6
:20722000F9F71EFA0346002B06D00B4B5B7843F00103DAB2084B5A700320F9F711FA03468C
:20724000002B06D0044B5B7843F00203DAB2024B5A7000BF80BD00BF1030002080B584B0AC
:2072600000AF0346FB71FEF739FBFB79002B3BD11720F9F7FBFF0346002B10D0FDF78EF9E6
:207280000346012B0BD11820F9F7F0FF034683F00103DBB2002B02D0FDF746F90CE0FDF729
:2072A0007DF90346012B07D10620F9F7DFFF0346002B01D0FDF738F9FDF764F90346FB73A5
:2072C000FB7B012B02D0FB7B022B2AD1174B1B785A1CD1B2154A1170052B22D9134B002223
:2072E0001A70FDF767F91CE0FB79022B19D10F4B1B780133DAB20D4B1A700C4B1B781D2B68
:2073000009D801F0F9FA0346012B04D001F064FB0346012B05D1054B00221A70002004F0B4
:207320002DFC00BF1037BD4680BD00BF0430002080B584B000AF0346FB71FB79002B7BD113
:207340001A20F9F793FF0346002B10D0464B1B8801339AB2444B1A80434B1B88B3F5B45F54
:2073600005D31A20F9F75CFF3F4B00221A801B20F9F77CFF0346002B15D01A20F9F776FFCC
:207380000346002B0FD01B20F9F74AFFFEF7A6FAFEF782FA1C20F9F71FFFFEF77DFB034620
:2073A0001A46324B1A701B20F9F760FF034683F00103DBB2002B26D01C20F9F757FF0346A3
:2073C000002B20D0FEF768FB0346FB73274B1B78FA7B9A4205D3254B1B78FA7BD31ADBB263
:2073E00006E0224B1B78FA7BD31ADBB23C33DBB2BB73BB7B0E2B06D91C20F9F711FFFEF70F
:207400006DFAFEF749FAF8F74FFFF0EE407A184BC3ED007A164BD3ED007A9FED167AF4EED2
:20742000C77AF1EE10FA03DD2620F9F7D5FE16E02620F9F7F5FE12E0FB79022B0FD10E4B4E
:207440001B780133DAB20C4B1A700B4B1B78012B05D9094B00221A70002004F08FFB00BFA8
:207460001037BD4680BD00BFFC2F0020F72F0020F82F0020000061C40530002080B500AF90
:2074800004F08CFB0346002B40F0CC800020F9F7EDFE0346002B03D0794B00221A70EDE002
:2074A0002020F9F7E3FE0346002B0AD0744B06221A70744B4FF416721A80734B00221A706E
:2074C000DCE02720F9F7D2FE0346002B00F09C802920F9F7CBFE034683F00103DBB2002BEF
:2074E00000F09280694B1B7883F00103DBB2002B78D0674B1B780133DAB2654B1A70654BDD
:207500001B78062B72D801A252F823F02975010045750100617501007D750100997501002A
:20752000B5750100D1750100554B00221A70584B1B78312B5CD9564B00221A70554B0122B6
:207540001A7055E04E4B06221A70514B1B78182B50D94F4B00221A704E4B02221A7049E0D0
:20756000474B00221A704A4B1B78182B44D9484B00221A70474B03221A703DE0404B0622F5
:207580001A70434B1B78182B38D9414B00221A70404B04221A7031E0394B00221A703C4BB1
:2075A0001B78182B2CD93A4B00221A70394B05221A7025E0324B06221A70354B1B78182B00
:2075C00020D9334B00221A70324B06221A7019E02B4B00221A702D4B01221A702920F9F7E0
:2075E000FBFD10E0264B00221A7047E000BF45E000BF43E000BF41E000BF3FE000BF3DE0FF
:2076000000BF3BE000BF39E001F068F903461A461B4B1A701B4B4FF416721A801A4B00227B
:207620001A702BE004F0BAFA0346012B1DD1154B1B8801339AB2134B1A80124B1B88042B00
:207640001CD9104B00221A800F4B1B78142B02D90D4B00221A700A4B07221A700A4B1B7823
:207660000133DAB2084B1A7008E004F097FA0346022B03D1024B0A221A70FFE700BF80BDD1
:20768000F62F0020EA080020FE2F002006300020073000200830002080B483B000AF0346E2
:2076A000FB71FB799AB2044B1A8000BF0C37BD465DF8047B704700BFF42F002080B586B0B8
:2076C00000AF78607B681B6840F26B22934240F0C3817B681B7B7F2B00F0B6817F2B00F3CE
:2076E000BB812F2B4ADC102BC0F2B681103B1F2B00F2B28101A252F823F000BF2B7A01008B
:20770000597A0100597A0100597A0100597A0100597A0100597A0100597A01000D7A010015
:20772000597A0100597A0100597A0100597A0100597A0100597A0100597A0100597A0100A9
:20774000597A01001178010085790100597A0100597A0100597A0100597A0100597A0100A8
:20776000597A0100597A0100597A0100597A0100597A0100597A010085770100442B00F0B5
:207780001D8169E17B685B7B022B37D0022B38DC002B1AD0012B34D100214FF40270F8F7C8
:2077A00047FF012140F20710F8F742FF40F6B8300DF02EF9002140F20710F8F739FF0122F2
:2077C00001212F2001F0F2FB21E001214FF40270F8F72EFF012140F20620F8F729FF4FF492
:2077E0007A700DF015F9002140F20620F8F720FF012200212F2001F0D9FB08E001F058FC88
:2078000005E0002212212F2001F0D0FB00BF23E17B685B7B013B052B00F2AC8001A252F830
:2078200023F000BF3D78010075790100577901005D790100657901006D7901007B689B7B6A
:20784000BB757B680F333B61BB7D102B21D13B691B781AB23B6901331B781BB21B021BB2AD
:2078600013431BB29AB27E4BA3F80F203B6902331A787B4B5A743B6903331A78784B9A74CA
:207880003B6904331A78764BDA74764B01221A7035E0BB7D202B1DD13B691A78704B1A75F8
:2078A0003B6901331B781A463B6902331B781B021A433B6903331B781B041A433B69043353
:2078C0001B781B061343664AC2F81530654B01225A7014E0BB7D302B11D13B691B781AB2E6
:2078E0003B6901331B781BB21B021BB213431BB29AB25B4BA3F819205A4B01229A70594B07
:207900001B78002B3CD0574B5B78002B38D0554B9B78002B34D0534B00229A70514B9A789B
:20792000504B5A704F4B5A784E4B1A70FDF7D6FFFDF7B2FF0346FB73FB7B002B05D1012294
:207940000121222001F032FB1AE000221021222001F02CFB14E001F07FFB12E01E20F9F77F
:207960003BFC0EE02220F9F737FC0AE02320F9F733FC06E000221221222001F017FB00E0D1
:2079800000BF69E07B685B7B022B10D1FDF76EFF0346FB75FB7D002B03D11F20F9F71CFC40
:2079A0000BE000221021232001F000FB05E000221221222001F0FAFA00BF4DE07B685B7B54
:2079C000002B07D0012B1AD100F07CF8786803F06DFB1AE02120F9F723FC01F021FC03464E
:2079E000012B08D101F02AFC03461D2B03D9002001F000FC09E0012001F0FCFB05E00022F8
:207A00001221222001F0D2FA00BF25E07B685B7B002B03D12020F9F7DFFB05E00022122174
:207A2000222001F0C3FA00BF16E07B685B7B002B03D12020F9F7F4FB05E00022122122204E
:207A400001F0B4FA00BF07E07B685B7B012B02D100F05EF800BF00BF00BF1837BD4680BD17
:207A6000082F00200C30002080B582B000AF0023FB71FDF72BFC03461A46FB791344FB71B3
:207A8000FDF774FC03461A46FB791344FB71FB79002B08D10A4B1B7843F00103DAB2084B2C
:207AA0001A70012307E0064B1B7823F00103DAB2034B1A70002318460837BD4680BD00BF13
:207AC0001030002080B500AF2120F9F785FBFFF7CBFF02F09FFC0346012B07D10B4B1B782E
:207AE00043F00403DAB2094B1A7006E0074B1B7823F00403DAB2054B1A70044B1B7843F082
:207B00000803DAB2014B1A7000BF80BD1030002080B500AF012201217F2001F047FA002082
:207B2000F9F75AFB4FF47A700CF072FF012140F20620F8F77DFD012140F20720F8F778FDA4
:207B4000012140F20D10F8F773FD01214FF48060F8F76EFD0449054806F0ACFF034806F03A
:207B6000C7FF00BF80BD00BF688102009842002080B584B000AF78600023FB607B68002B23
:207B800030D01A4B5B68002B2CD07B681B6840F2FA7293420BD07B681B6840F2FB72934208
:207BA00005D07B681B6840F2C172934202D1002004F000F80D4B586807F10C02002379684F
:207BC0000CF0E4F80020F8F73DFCFB68002B09D0074B4FF080525A60BFF34F8F00BFBFF300
:207BE0006F8F00BF00BF1037BD4680BD1C30002000ED00E080B588B000AF786007F10C034E
:207C000000221A605A609A60DA601A6140F23C420021DE480EF002FFDD4B5B6807F10C0179
:207C20004FF0FF3218460CF069F90346012BF3D101F034F8FB6840F2FD72934200F23E8534
:207C400040F2F372934251D240F2C272934200F01C8540F2C272934200F2308540F2C17282
:207C6000934200F0D18240F2C172934200F2268540F24172934200F0248340F2417293420A
:207C800000F21C8540F22472934200F21785B3F5E06F49D240F26662934200F0B58240F2EC
:207CA0006662934200F20A8540F20442934200F0EC8440F20442934200F2008540F28B3246
:207CC000934200F0E284B3F5637F80F0F784B3F5237F80F0F384B3F50D7F77D2752B00F2C4
:207CE0000D82202B80F0568100F0E8BCA3F2F3730A2B00F2E38401A252F823F08B86010034
:207D0000BD860100BD8601008B860100BD860100BD860100BD8601000982010009820100E5
:207D2000BD860100B3860100A3F5E063242B00F2C58401A252F823F01B820100338201000C
:207D40004B820100BD860100638201007B820100BD860100BD860100BD860100BD8601001D
:207D6000BD860100BD860100BD860100BD860100BD860100BD860100BD860100BD860100E3
:207D8000BD860100BD860100BD860100BD860100BD860100BD860100BD860100BD860100C3
:207DA000BD860100BD860100BD860100BD860100BD860100BD860100BD860100BD860100A3
:207DC000BD86010093820100AB820100A3F50D73572B00F2738401A252F823F0F98401001A
:207DE000BD8601000985010019850100BD86010029850100398501004985010059850100B1
:207E000069850100BD860100BD860100BD860100BD860100FB8301000B8401007985010055
:207E2000DB8201008985010099850100BD860100BD860100BD860100BD860100BD86010062
:207E4000BD8601000F810100B7810100BD860100BD860100BD860100BD860100BD860100C0
:207E6000BD860100BD860100BD860100BD860100BD860100BD860100BD860100BD860100E2
:207E8000BD860100BD860100BD860100BD860100A9850100B9850100C9850100D9850100B6
:207EA000E9850100F9850100BD860100BD860100BD860100BD860100A7860100BD86010052
:207EC000BD860100BD860100BD860100BD860100BD860100BD860100BD860100BD86010082
:207EE000BD860100BD860100BD860100BD860100BD860100BD860100BD860100BD86010062
:207F0000BD860100BD860100BD860100BD860100BD860100BD860100BD860100BD86010041
:207F2000BD860100BD860100BD860100BD860100BD860100BD8601008B860100A3F24113AE
:207F40000F2B00F2BB8301A252F823F0BB83010079860100BD8601003B840100D984010016
:207F6000CB8301003B860100DB830100BD86010009860100BD860100E9840100678601001D
:207F8000BD860100BD860100E9810100283000201C300020203B552B00F2908301A252F83D
:207FA00023F000BFF3820100BD860100BD860100BD860100BD860100BD860100BD860100E1
:207FC000BD860100BD860100BD860100BD860100BD860100BD860100BD860100BD86010081
:207FE000BD860100BD860100238301000B8301003B83010053830100BD860100BD860100A5
:20800000BD860100BD860100BD860100BD860100BD860100BD860100BD860100BD86010040
:20802000BD860100BD8601006B8301001B8401007B8301008B830100AB8301005186010014
:20804000BD860100BD860100BD860100BD860100BD860100BD860100BD860100BD86010000
:20806000BD860100BD860100BD860100BD860100BD860100BD860100BD860100BD860100E0
:20808000BD860100BD860100BD860100BD860100BD860100BD860100BD860100BD860100C0
:2080A000BD860100BD860100BD860100BD860100BD860100BD860100BD860100BD860100A0
:2080C000BD860100BD860100BD860100BD860100BD860100BD860100BD860100BD86010080
:2080E000BD860100BD860100BD860100BD860100BD860100BD8601002B840100B3F5A87F69
:2081000000F2DC82B3F5A07F3FF618AFD6E2CF4B01221A702720F9F783F80520F9F780F88E
:2081200007F10C030C3308221946C948F8F7E4FB07F10C0314221946C648F8F7DDFBC44B11
:208140005B68C3F317031846FDF762FBC04B1B88C3F30D039BB219460120FDF769FBBC4B3D
:208160005B88C3F30D039BB219460220FDF760FB022001F009F80346012B09D1B44B5B88F4
:20818000C3F30D039BB2002B02D1002000F0E6FF012000F0F9FF0346012B40F09182AC4B21
:2081A0001B88C3F30D039BB2002B40F08982002000F0BEFF84E2A54B01221A702720F9F79C
:2081C0002FF80520F9F72CF807F10C030C3308221946A148F8F790FB07F10C031422194671
:2081E0009E48F8F789FB6EE207F10C030C33082219469B48F8F780FB07F10C03142219461E
:208200009848F8F779FB5EE20020FFF745FA07F10C03184603F070F855E200210020FEF759
:208220009FFF07F10C03142219468F48F8F764FB49E201210020FEF793FF07F10C031422AE
:2082400019468A48F8F758FB3DE202210020FEF787FF07F10C03142219468548F8F74CFB2F
:2082600031E203210020FEF77BFF07F10C03142219468048F8F740FB25E204210020FEF769
:208280006FFF07F10C03142219467B48F8F734FB19E205210020FEF763FF07F10C0314221E
:2082A00019467648F8F728FB0DE206210020FEF757FF07F10C03142219467148F8F71CFBB3
:2082C00001E207210020FEF74BFF07F10C03142219466C48F8F710FBF5E108210020FEF7D6
:2082E0003FFF07F10C03142219466748F8F704FBE9E107F10C03142219466448F8F7FCFA10
:2083000000210120FEF72CFFDDE107F10C03142219465F48F8F7F0FA01210120FEF720FFCA
:20832000D1E107F10C03142219465A48F8F7E4FA02210120FEF714FFC5E107F10C03142251
:2083400019465548F8F7D8FA03210120FEF708FFB9E107F10C03142219465048F8F7CCFA9C
:2083600004210120FEF7FCFEADE107F10C03142219464B48F8F7C0FAA5E107F10C0314229F
:2083800019464848F8F7B8FA9DE107F10C03142219464548F8F7B0FA07F10C030C3308229D
:2083A00019464248F8F7A8FA8DE107F10C03142219463F48F8F7A0FA85E107F10C03142286
:2083C00019463C48F8F798FA7DE107F10C03142219463948F8F790FA75E107F10C031422B2
:2083E00019463648F8F788FA07F10C030C33082219463348F8F780FA65E107F10C031422F9
:2084000019463048F8F778FA5DE107F10C03142219462D48F8F770FA55E107F10C03142209
:2084200019462A48F8F768FA4DE107F10C03142219462748F8F760FA45E107F10C03142235
:2084400019462448F8F758FA3DE100BF19300020283000209431002030300020F4300020A9
:2084600038300020A83100204C3300206033002074330020883300209C330020B033002095
:20848000C4330020D8330020EC3300200034002014340020283400203C34002050340020EF
:2084A000683000207C3000209030002058300020A4300020B8300020CC300020E030002068
:2084C00050300020083100201C31002030310020443100205831002007F10C0314221946DB
:2084E0007B48F8F709FAEEE007F10C03142219467848F8F701FAE6E007F10C031422194651
:208500007548F8F7F9F9DEE007F10C03142219467248F8F7F1F9D6E007F10C03142219467E
:208520006F48F8F7E9F9CEE007F10C03142219466C48F8F7E1F9C6E007F10C0314221946AA
:208540006948F8F7D9F9BEE007F10C03142219466648F8F7D1F9B6E007F10C0314221946D6
:208560006348F8F7C9F9AEE007F10C03142219466048F8F7C1F9A6E007F10C031422194602
:208580005D48F8F7B9F99EE007F10C03142219465A48F8F7B1F996E007F10C03142219462E
:2085A0005748F8F7A9F98EE007F10C03142219465448F8F7A1F986E007F10C03142219465A
:2085C0005148F8F799F97EE007F10C03142219464E48F8F791F976E007F10C031422194686
:2085E0004B48F8F789F96EE007F10C03142219464848F8F781F966E007F10C0314221946B2
:208600004548F8F779F95EE0002002F015F807F10C03142219464148F8F76EF90822002149
:208620003F480EF0FBF9BB7C1A4607F10C030C3319463B48F8F760F945E0012001F0FCFF88
:2086400007F10C03142219463648F8F755F93AE0022001F0F1FF07F10C0314221946314891
:20866000F8F74AF92FE007F10C030C33082219462D48F8F741F926E007F10C030C330822D6
:2086800019462A48F8F738F91DE003F0A3FA0346012B17D132200CF0BBF907F10C03184698
:2086A00001F0E4FF0EE007F10C031846FFF706F809E03B7E1846FCF7A4FB04E000BF02E088
:2086C00000BF00E000BF00F0F7FAFFF7A5BA00BF6C31002080310020BC310020D03100208B
:2086E000E4310020F83100200C3200202032002034320020483200205C320020703200209C
:208700008432002098320020AC320020C0320020D4320020E8320020FC3200201033002078
:208720006030002024330020403000204830002080B500AF2A4B1B78DBB2002B06D0284BFD
:2087400000221A70274B00221A7046E0254B1B780133DAB2234B1A70224B1B78012B3CD92D
:208760000520F8F783FD034683F00103DBB2002B10D01D4B5B7B03F03C03DBB2002B09D00C
:208780002720F8F729FD0520F8F726FD2920F8F747FD15E00520F8F769FD034683F001039B
:2087A000DBB2002B0CD0104B5B7B03F03C03DBB2002B05D10520F8F70FFD2920F8F70CFDD3
:2087C00000F06CFA40F23C42002107480EF026F900F072FA034B00221A7000BF80BD00BFF5
:2087E000193000201A3000202830002080B400AF054B93F82930C3F34303DBB21846BD462D
:208800005DF8047B704700BF2830002080B483B000AF0346FB71FB79002B05D1084B1B8860
:20882000C3F30D039BB204E0054B5B88C3F30D039BB218460C37BD465DF8047B704700BF0D
:208840002830002080B400AF044B5B68C3F317031846BD465DF8047B704700BF28300020B8
:2088600080B400AF034BDB791846BD465DF8047B704700BF2830002080B400AF034B1B897B
:208880001846BD465DF8047B704700BF2830002080B400AF034B5B891846BD465DF8047B6B
:2088A000704700BF2830002080B400AF034B1B7B1846BD465DF8047B704700BF28300020E0
:2088C00080B400AF044B5B7BC3F30103DBB21846BD465DF8047B70472830002080B400AF02
:2088E000044B5B7BC3F38303DBB21846BD465DF8047B70472830002080B400AF044B1B7C5D
:20890000C3F30003DBB21846BD465DF8047B70472830002080B400AF044B1B7CC3F34003EB
:20892000DBB21846BD465DF8047B70472830002080B400AF044B1B7CC3F38003DBB2184659
:20894000BD465DF8047B70472830002080B400AF044B1B7CC3F3C003DBB21846BD465DF88C
:20896000047B70472830002080B400AF044B1B7CC3F30013DBB21846BD465DF8047B70473E
:208980002830002080B400AF044B1B7CC3F34013DBB21846BD465DF8047B7047283000209C
:2089A00080B400AF044B1B7CC3F3C013DBB21846BD465DF8047B70472830002080B400AF91
:2089C000044B5B7CC3F30003DBB21846BD465DF8047B70472830002080B400AF044B5B7CBE
:2089E000C3F38003DBB21846BD465DF8047B70472830002080B400AF044B5B7CC3F3C003CB
:208A0000DBB21846BD465DF8047B70472830002080B400AF044B5B7CC3F38013DBB2184628
:208A2000BD465DF8047B70472830002080B400AF044B5B7CC3F3C013DBB21846BD465DF85B
:208A4000047B70472830002080B400AF044B9B7CC3F30003DBB21846BD465DF8047B7047ED
:208A60002830002080B400AF00231846BD465DF8047B704780B582B000AF78600B46FB70E2
:208A800000F00CF9FA7813469B0013449B004033064A1344142219467868F7F72DFF00F0F0
:208AA0000BF900BF0837BD4680BD00BF2830002080B582B000AF78600B46FB7000F0EEF8BD
:208AC000FA7813469B0013449B0003F58473064A1344142219467868F7F70EFF00F0ECF864
:208AE00000BF0837BD4680BD2830002080B582B000AF78600B46FB7000F0D0F8FA78134693
:208B00009B0013449B0003F54873074A13440433142219467868F7F7EFFE00F0CDF800BF72
:208B20000837BD4680BD00BF2830002080B582B000AF78600B46FB7000F0B0F8FA78134672
:208B40009B0013449B0003F57673064A1344142219467868F7F7D0FE00F0AEF800BF08373B
:208B6000BD4680BD2830002080B400AF034B5B8B1846BD465DF8047B704700BF2830002003
:208B800080B400AF034BB3F918301846BD465DF8047B70472830002080B400AF044B5B8C33
:208BA000C3F30E039BB21846BD465DF8047B70472830002080B485B000AF0346FB7100234D
:208BC000FB81FB79042B35D801A252F823F000BFE58B0100F38B0100018C01000F8C010090
:208BE000278C0100174B1B8EC3F309039BB2FB8121E0144B1B6BC3F389239BB2FB811AE020
:208C0000104B5B8EC3F309139BB2FB8113E00D4B93F833209209D2B293F834309B0013434D
:208C20009BB2FB8107E0074B5B6BC3F309239BB2FB8100E000BFFB8918461437BD465DF89D
:208C4000047B70472830002080B500AF00F026F80822002103480DF0E1FE00F02DF800BF2E
:208C600080BD00BF5830002080B400AF034B93F83D301846BD465DF8047B704728300020C3
:208C800080B400AF044B1B7CC3F38013DBB21846BD465DF8047B70472830002080B500AFED
:208CA000044B9B684FF0FF3118460AF027FF00BF80BD00BF1C30002080B500AF034B9B6819
:208CC00018460AF0E5FE00BF80BD00BF1C30002080B586B000AF00233B7240F207737B60C1
:208CE0000823BB7200237B723B1D0C33082207491846F7F701FE3B1D19461820F7F772FB66
:208D0000034618461837BD4680BD00BFEC08002080B586B000AF00233B7240F224737B60BC
:208D200000237B720323BB720123BB743B1D0C33022207491846F7F7DFFD3B1D194619205A
:208D4000F7F750FB034618461837BD4680BD00BFF408002080B586B000AF00233B724FF49C
:208D6000A6737B6000237B720823BB723B1D0C33082207491846F7F7BFFD3B1D19461A208D
:208D8000F7F730FB034618461837BD4680BD00BF7234002080B586B000AF3B1D00221A60F1
:208DA0005A609A60DA601A6101F010FB034603F00103D9B2224A937A61F30003937201F0BD
:208DC0001DFB034603F00103D9B21D4A937A61F38203937201F02AFB034603F00103D9B27D
:208DE000174A937A61F34103937201F013FB034603F00703D9B2124A937A61F3471393727C
:208E000001F020FB03461A460D4BDA7200233B7240F26D237B6000237B720823BB723B1DCC
:208E20000C33082207491846F7F766FD3B1D19461A20F7F7D7FA034618461837BD4680BDE4
:208E4000703400207A34002090B587B000AF3B1D00221A605A609A60DA601A61FCF74CFEBB
:208E6000034603F03F03D9B2334A937C61F305039374FCF735FE034603F00F03D9B22E4A83
:208E8000538A61F389135382FCF71EFE034603F01F03D9B2284AD37C61F38603D374FCF760
:208EA000B7FD034603F01F03DAB2234B02F00101CC01D97C01F07F01084621460143D974D9
:208EC0005208D2B202F00F0202F00F001A7D22F00F02114602460A431A75FCF7DDFD034665
:208EE00003F03F03D9B2144A938A61F309139382FCF7DEFD034603F03F03D9B20E4A537DB3
:208F000061F38703537500233B7275237B6000237B720823BB723B1D0C3308220749184691
:208F2000F7F7EAFC3B1D19461A20F7F75BFA034618461C37BD4690BD703400207A3400204D
:208F400080B586B000AF154B1B68154A934220D100233B7240F22E437B6000237B72082366
:208F6000BB723B1D0C3304220E491846F7F7C4FC3B1D103304220C491846F7F7BDFC3B1D31
:208F800019461920F7F72EFA3822002103480DF045FD00BF1837BD4680BD00BFD00A002017
:208FA000EFBEADDED40A0020D80A002080B588B000AF0346FB710B46BB7113467B710023C3
:208FC0003B744FF41B73FB6000237B740823BB7407F10C030C330822002118460DF01EFD43
:208FE0007B79002B06D17F233B76FB797B76BB79BB7608E07B79012B05D1FB794033DBB20C
:209000003B76BB797B7607F10C0319461920F7F7E9F900BF2037BD4680BDFFFF80B586B04C
:2090200000AF00233B7240F26F237B6000237B720823BB72074A07F110031068516803C357
:209040003B1D19461B20F7F7CDF900BF1837BD4680BD00BF1030002080B586B000AF01F0F2
:209060004DFA786100233B714FF41B733B6000237B710823BB713B460C33082200211846C6
:209080000DF0CCFC62233B7303237B733B460E330622796918460DF0D1FC3B4619461B20B5
:2090A000F7F7A0F9034618461837BD4680BDFFFF80B586B000AF00233B724FF41B737B605F
:2090C00000237B720823BB723B1D0C330822002118460DF0A3FC6F233B7402237B74084AA5
:2090E00007F112031168196092889A803B1D19461B20F7F777F900BF1837BD4680BD00BFE0
:20910000F808002080B483B000AF0346FB71FB7903F00103D9B2054A937861F300039370BA
:2091200000BF0C37BD465DF8047B70477034002080B483B000AF0346FB71FB7903F00103A5
:20914000D9B2054A937961F38203937100BF0C37BD465DF8047B70477034002080B483B091
:2091600000AF0346FB71FB7903F00103D9B2054A937961F3C303937100BF0C37BD465DF8C2
:20918000047B70477034002080B483B000AF0346FB71FB79012B05D10A4B9B79C3F38003F2
:2091A000DBB209E0FB79022B05D1064B9B79C3F3C003DBB200E0032318460C37BD465DF858
:2091C000047B70477034002080B483B000AF0346FB71FB7903F00103D9B2054A137861F3A6
:2091E0000003137000BF0C37BD465DF8047B70477034002080B483B000AF0346FB71FB7956
:2092000083F00103D9B2054A137861F34103137000BF0C37BD465DF8047B70477034002003
:2092200080B400AF044B1B78C3F30003DBB21846BD465DF8047B70477034002080B400AF90
:20924000034B1B781846BD465DF8047B704700BF86340020FFFFFFFF90B59DB000AF786093
:20926000002387F85F30F7F76DFF03461A46CE4B1A70FFF765FECD4B5B6807F15F014FF04C
:20928000FF3218460AF03AFE0346012BF3D197F85F30013B052B00F2E88301A252F823F0ED
:2092A000B99201007598010097990100B59901004D9A0100479A01001E20F7F7D7FF0346BF
:2092C000002B00F0FC8007F1480300221A605A609A60DA601A614FF000024FF00003C7E97C
:2092E00018234FF41B73BB64622387F85430042387F85530082387F84E30AD4B1B78022BB0
:2093000000F0BA80022B00F3B283002B02D0012B59D0ACE301F0BAF851EC100BA0A3D3E9F3
:2093200000230DF0A7F802460B46104619460DF003FB02460B46C7E91823102387F8563069
:2093400097F8603087F85730D7E918014FF000024FF00003020A42EA01620B0AD3B287F8D8
:209360005830D7E918014FF000024FF00003020C42EA01420B0CD3B287F85930D7E918010F
:209380004FF000024FF00003020E42EA01220B0ED3B287F85A30D7E918014FF000024FF0EB
:2093A00000030A000023D3B287F85B3007F1480319461B20F7F716F87D4B1B780133DAB2FA
:2093C0007B4B1A704CE201F073F851EC100B74A3D3E900230DF04EF802460B4610461946D4
:2093E0000DF0AAFA02460B46C7E91823202387F8563097F8603087F85730D7E918014FF0C3
:2094000000024FF00003020A42EA01620B0AD3B287F85830D7E918014FF000024FF0000370
:20942000020C42EA01420B0CD3B287F85930D7E918014FF000024FF00003020E42EA012250
:209440000B0ED3B287F85A30D7E918014FF000024FF000030A000023D3B287F85B3007F155
:20946000480319461B20F6F7BDFF514B1B780133DAB24F4B1A70F3E1302387F85630FF23FD
:2094800087F8573000F0EAFF034687F8583000F0F1FF034687F85930002387F85A3000231D
:2094A00087F85B3007F1480319461A20F6F79AFF3F4B00221A701E20F7F7B2FED0E11F203E
:2094C000F7F7D4FE0346002B00F0AD8007F1340300221A605A609A60DA601A61002387F865
:2094E00038304FF41B737B63002387F83930082387F83A30632387F84030022387F84130AC
:209500002C4B1B78022B59D0022B74DC002B02D0012B20D06FE0102387F84230264BB3F8C6
:209520000F309BB2DBB287F84330234BB3F80F309BB21B0A9BB2DBB287F844301E4B5B7C49
:2095400087F845301C4B9B7C87F846301A4BDB7C87F847304FE0202387F84230164B1B7D96
:2095600087F84330144BD3F81530DBB287F84430114BD3F815301B0ADBB287F845300E4B9F
:20958000D3F815301B0CDBB287F846300A4BD3F815301B0EDBB287F847302CE0AFF30080D3
:2095A00000000000006AF8406C340020643400208734002088340020082F0020302387F8B1
:2095C0004230A84BB3F819309BB2DBB287F84330A44BB3F819309BB21B0A9BB2DBB287F8B8
:2095E0004430002387F84530002387F84630002387F8473000BF07F1340319461A20F6F73B
:20960000F1FE994B1B780133DAB2974B1A70964B1B78022B40F22B82934B00221A701F206F
:20962000F7F7FEFD23E22220F7F720FE0346002B00F0888007F1200300221A605A609A6017
:20964000DA601A6100F046FFB866002387F824304FF41B733B62002387F82530082387F8FD
:209660002630622387F82C30052387F82D307F4B1B78022B36D0022B4CDC002B02D0012B22
:2096800018D047E0102387F82E30BB6E1B7887F82F30BB6E5B7887F83030BB6E9B7887F87B
:2096A0003130BB6EDB7887F83230BB6E1B7987F833302FE0202387F82E30BB6E5B7987F8A2
:2096C0002F30BB6E9B7987F83030BB6EDB7987F83130BB6E1B7A87F83230BB6E5B7A87F896
:2096E000333017E0302387F82E30BB6E9B7A87F82F30BB6EDB7A87F83030BB6E1B7B87F829
:209700003130BB6E5B7B87F83230BB6E9B7B87F8333000BF07F1200319461A20F6F762FE27
:20972000524B1B780133DAB2504B1A704F4B1B78022B40F29C814D4B00221A702220F7F7F7
:209740006FFD94E12320F7F791FD0346002B00F08E8107F10C0300221A605A609A60DA6065
:209760001A6100F0C1FEF86600233B744FF41B73FB6000237B740823BB7462233B76062398
:209780007B763B4B1B78032B52D801A252F823F0A1970100C5970100E99701000D980100AA
:2097A0001023BB76FB6E1B78FB76FB6E5B783B77FB6E9B787B77FB6EDB78BB77FB6E1B7991
:2097C000FB7735E02023BB76FB6E5B79FB76FB6E9B793B77FB6EDB797B77FB6E1B7ABB77D2
:2097E000FB6E5B7AFB7723E03023BB76FB6E9B7AFB76FB6EDB7A3B77FB6E1B7B7B77FB6E79
:209800005B7BBB77FB6E9B7BFB7711E04023BB76FB6EDB7BFB76FB6E1B7C3B77FB6E5B7CA8
:209820007B77FB6E9B7CBB77FB6EDB7CFB7700BF07F10C0319461A20F6F7D4FD0C4B1B784B
:209840000133DAB20A4B1A70094B1B78032B40F20E81074B00221A702320F7F7E1FC06E1A0
:2098600005E100BF082F002088340020893400208A34002002F092F90346002B76D1834B4F
:209880001B7803F00203DBB2002B6FD12120F7F7EDFC034683F00103DBB2002B66D004205B
:2098A000F6F7DEFE034603F00103D9B2774A937861F3410393700320F6F7D2FE034603F091
:2098C0000103D9B2714A937861F3820393700120FEF79CFF0346C3F30D039AB26B4BC2F3E0
:2098E0000A014C01598801F01F010846214601435980D20A92B202F0070202F007001A79A5
:2099000022F00702114602460A431A71FEF79AFF034623F07F425D4BD1B200200143D97131
:20992000120A92B200210A431A810020FEF76EFF0346C3F30D039AB2544BC2F30C01CC00B4
:20994000998801F007010846214601439980520B92B202F0010202F001009A7922F001022A
:20996000114602460A439A71FFF7F4F92120F7F77DFC0346002B7CD002F010F90346002B36
:2099800077D1424B1B7803F00203DBB2002B70D0FFF744FB6DE002F001F90346002B6BD151
:2099A0003A4B1B7803F00203DBB2002B64D1FFF74BFA61E0354B1B7803F00103DBB2002B6C
:2099C00028D0334B1B780133DAB2314B1A70304B1B781D2B04D92D4A137843F002031370C8
:2099E0002B4B1B78072B1DD9FEF786FF0346012B18D1264A137823F001031370234A1378D1
:209A000023F002031370224B00221A700020FAF77BFD07E01E4B00221A701C4A137823F009
:209A20000203137002F0BAF80346002B27D1174B1B7803F00203DBB2002B20D1FFF768F9A1
:209A4000FFF746F91BE0FEF773FE1CE002F0A6F80346002B16D10D4B1B7803F00203DBB219
:209A6000002B0FD1FFF796F90CE000BF03E400BF01E400BFFFF7FFBB00BFFFF7FCBB00BF86
:209A8000FFF7F9BB00BFFFF7F6BB00BF703400208634002080B582B000AF78600B467B801F
:209AA000564B1B78042B00F2968001A252F823F0C59A0100D79A0100159B0100259B0100F7
:209AC0006D9B01007B681B78652B40F08A804B4B01221A7085E07B681B78022B03D1484B8B
:209AE00002229A7112E07B681B78032B03D1444B03229A710AE07B681B78042B03D1404B20
:209B000004229A7102E03E4B05229A713B4B02221A7069E07B681A783A4B1A70374B0322CF
:209B20001A7061E07B681A78374B1A70354B1B781AB2354B1B781BB21B021BB213431BB20D
:209B40007B802F4A7B88A2F8C4327B8803337B807B88B3F52F7F05D901237B80274B0022E0
:209B60001A7041E0254B04221A703DE07B88013B7A6813441B78822B27D17B88033B7B8011
:209B80007B88B3F52F7F1AD81D4BB3F8C4321A4679681E480CF052FF184B00221A7001234A
:209BA0007B801B4B5B68002B1DD0194B58680023002218490AF0EAF8F7F74EFA13E00F4B40
:209BC00000221A7001237B800DE00C4B00221A7001237B8007E0094B00221A7001237B80A5
:209BE00002E000BF00E000BF7B881A4679680020F7F7FCF900BF0837BD4680BDE037002069
:209C000098340020E1370020E23700209F3400208C3400209E34002090B5ADF53D7D02AFD0
:209C200007F53A73A3F53973186007F53A73A3F5327318464FF430731A4600210CF0EEFE2C
:209C40000023A7F8E6320023A7F8E0320023A7F8E432002387F8E332C34B5B6807F12001DD
:209C60004FF0FF3218460AF049F90346012BF3D107F53A73A3F53273B3F8BE32042B08D910
:209C800007F53A73A3F53273B3F8BE32053BA7F8E43207F53A73A3F532731B78042B00F0B6
:209CA0000D81042B00F32F82022B02D0032B46D029E2AE4B01225A70AD4B00221A70AD4B73
:209CC00000221A702820F7F7ABFA00F041FB07F12003013380221946A748F6F70DFEA648AC
:209CE00000F08EFA0346002B00F00F821A20F7F7BDFA034683F00103DBB2002B1CD09B4BCE
:209D000093F81003994B93F81113984B93F81343964B93F81433954A92F8152301920093D4
:209D200023467D22FBF70EFEFBF7D8FD1A20F7F753FA1B20F7F750FA00F0C6FAE5E1FEF703
:209D4000DBFD0346012B02D100F038FDE3E10020FDF7A2FC864B00221A70012001F02AFF90
:209D600007F53A73A3F53273B3F8BE320D2B00F2CE8107F53A73A3F5377300221A7107F555
:209D80003A73A3F532735B781A4607F53A73A3F532739B781B021A4307F53A73A3F532734D
:209DA000DB781B041A4307F53A73A3F532731B791B0613431A4607F53A73A3F537731A601E
:209DC00007F53A73A3F532735A7907F53A73A3F537739A7107F53A73A3F5377300225A71FC
:209DE00007F53A73A3F537739B791A4607F12003991D07F10C030C331846F6F77DFD07F52C
:209E00003A73A3F537731B6840F2FA72934218D007F53A73A3F537731B6840F2FB72934293
:209E20000FD007F53A73A3F537731B6840F2C17293421BD107F53A73A3F537731B7B042BFF
:209E400014D107F10C03184601F056FA07F53A73A3F537731B6840F2C172934218D107F1EE
:209E60000C0319461820F6F7BDFA11E007F53A73A3F537731B6840F2C172934202D101200B
:209E800001F07CFE07F10C0319461820F6F7AAFA07F53A73A3F537731B6840F2C172934280
:209EA00040F0358107F53A73A3F537731B7B002B40F02D81022001F061FE28E10020FDF7A3
:209EC000EBFB2B4B00221A70012001F057FE012001F070FE07F53A73A3F532735B781A467A
:209EE00007F53A73A3F532739B781B021A4307F53A73A3F53273DB781B041A4307F53A7391
:209F0000A3F532731B791B0613431A4607F53A73A3F537731A6007F53A73A3F532735A797B
:209F200007F53A73A3F537739A7107F53A73A3F5377300221A7107F53A73A3F53773002286
:209F40005A710E4B05221A80B7F8E432DB08A7F8E632B7F8E43203F00703A7F8E03264E006
:209F6000002387F8E33226E08C34002098340020E4370020E337002060370020E6370020EF
:209F8000674B1B885A1C91B2654A1180194697F8E33207F53A72A2F532720A44517807F57A
:209FA0003A72A2F5377213440A461A7397F8E332013387F8E33297F8E332072BE0D907F58A
:209FC0003A73A3F537731B6840F2FA72934218D007F53A73A3F537731B6840F2FB729342D2
:209FE0000FD007F53A73A3F537731B6840F2C17293420CD107F53A73A3F537731B7B042B4D
:20A0000005D107F10C03184601F076F905E007F10C0319461820F6F7E5F9B7F8E632013B54
:20A02000A7F8E63203200AF0F3FCB7F8E632002B96D1B7F8E032002B6BD0B7F8E032DAB290
:20A0400007F53A73A3F537739A71002387F8E3321AE0334B1B885A1C91B2314A1180194614
:20A0600097F8E33207F53A72A2F532720A44517807F53A72A2F5377213440A461A7397F897
:20A08000E332013387F8E33297F8E3329BB2B7F8E0229A42DDD80023A7F8E03207F53A7333
:20A0A000A3F537731B6840F2FA72934218D007F53A73A3F537731B6840F2FB7293420FD0BF
:20A0C00007F53A73A3F537731B6840F2C17293420FD107F53A73A3F537731B7B042B08D16F
:20A0E000104B586807F10C010023002209F03EFD05E007F10C0319461820F6F773F90520C6
:20A100000AF086FC05E000BFA6E500BFA4E500BFA2E500BFA0E507F53B77BD4690BD00BF05
:20A12000E63700201C30002080B500AF2820F7F79DF80346002B44D1234B1B78DBB201337C
:20A14000DAB2214B1A70214B1B78DBB2002B0FD11D4B1B78DBB2052B0AD900F03FF81B4BBE
:20A1600001221A7001221A490020F6F73FFF29E0164B1B78DBB2012B24D1134B1B78DBB238
:20A180000B2B1FD900F02AF8104B02221A702820F7F722F80F4B1B7823F00203DAB20D4B3D
:20A1A0001A700C4B1B7823F01003DAB2094B1A70094B00225A70012205490020F6F716FFC8
:20A1C00000E000BF80BD00BFE4370020E33700209F340020103000209834002080B500AF4C
:20A1E000012140F20620F6F723FA4FF47A700AF00FFC002140F20620F6F71AFA00BF80BD33
:20A2000080B483B000AF78607B6893F84830002B1AD17B6893F84930002B15D17B6893F8EE
:20A220004A30002B10D17B6893F84B30002B0BD17B6893F84C30002B06D17B6893F84D30D1
:20A24000002B01D1002339E07B6893F84930002B04D07B6893F849300C2B01D900232DE0B7
:20A260007B6893F84830002B04D07B6893F848301F2B01D9002321E07B6893F84B30172BA0
:20A2800001D900231AE07B6893F84C303B2B01D9002313E07B6893F84D303B2B01D9002339
:20A2A0000CE07B6893F84930022B06D17B6893F848301D2B01D9002300E0012318460C37F7
:20A2C000BD465DF8047B704780B584B000AFFBF7D7FB0346FB73FBF7DFFB0346BB731B4BB4
:20A2E00093F813337B73194B93F814333B73FB7B9BB21A461201D31A9B009AB2BB7B9BB22E
:20A3000013447B817B7B9BB21A461201D31A9B009AB23B7B9BB213443B817A893B899A42A7
:20A3200004D97A893B89D31A9BB203E03A897B89D31A9BB2FB80FB88012B02D91A20F6F72F
:20A340006FFF00BF1037BD4680BD00BF9834002098B500AF1A4B1B7843F00203DAB2184B83
:20A360001A70184B93F81633002B07D1144B1B7843F01003DAB2124B1A700BE0114B93F89C
:20A380001633012B06D10E4B1B7823F01003DAB20B4B1A7000F026F80346002B0ED000F0A3
:20A3A00021F80346062B09D800F01CF803465C1E00F048F803461A46034B1A5500BF98BDB8
:20A3C0001030002098340020F808002080B400AF034B93F8C8321846BD465DF8047B70476F
:20A3E0009834002080B400AF034B93F817331846BD465DF8047B70479834002080B400AFB0
:20A40000034B93F8CC321846BD465DF8047B70479834002080B400AF034B93F8C932184678
:20A42000BD465DF8047B70479834002080B400AF034B93F8CB321846BD465DF8047B7047FD
:20A440009834002080B400AF034B93F8CA321846BD465DF8047B70479834002080B400AF9D
:20A46000034B93F8CE321846BD465DF8047B70479834002080B400AF034B93F8CD32184612
:20A48000BD465DF8047B70479834002080B400AF064BD3E9B42343EC172BB0EE470AF0EE3D
:20A4A000670ABD465DF8047B704700BF9834002080B400AF064BD3E9B62343EC172BB0EE1A
:20A4C000470AF0EE670ABD465DF8047B704700BF9834002080B400AF024B1846BD465DF8BD
:20A4E000047B7047B737002080B400AF024B1846BD465DF8047B7047C737002080B400AFFB
:20A50000024B1846BD465DF8047B7047B037002080B584B000AF78600023BB730023FB7329
:20A52000434B5B6807F10E014FF0FF32184609F0E5FC0346012BF3D1BB7B013B042B6FD8FA
:20A5400001A252F823F000BF5DA501007BA5010021A60100C1A50100F1A50100FEF746F91E
:20A560000346002B06D001F019FB0346002B01D100F036FAFFF7D8FD59E0FEF737F90346B4
:20A58000002B4FD001F00AFB0346002B4AD100F0D7FA284B1B78032B44D10023FB7308E069
:20A5A000FB7B1833DBB2184600F0D4FCFB7B0133FB73FB7B082BF3D91E4B00221A7031E07C
:20A5C000FEF714F90346002B2ED001F0E7FA0346002B29D10023FB7306E0FB7B184600F08C
:20A5E00061FBFB7B0133FB73FB7B082BF5D91BE0FEF7FCF80346002B18D001F0CFFA03462D
:20A60000002B13D10023FB7306E0FB7B184600F0F5FBFB7B0133FB73FB7B042BF5D905E090
:20A6200000BF7DE700BF7BE700BF79E700BF77E7E8370020B439002080B483B000AF0346EF
:20A64000FB71FB79012202FA03F35AB2064B1B785BB213435BB2DAB2034B1A7000BF0C373F
:20A66000BD465DF8047B7047B439002080B584B000AF78600023FB817B689B7906339AB234
:20A680004C4B1A80FB895A1CFA811A464A4B65219954FB895A1CFA811A46474B0221995435
:20A6A000444B1988FB895A1CFA811A46C9B2424B9954404B1B881B0A99B2FB895A1CFA818D
:20A6C0001A46C9B23C4B99547B681968FB895A1CFA811A46C9B2384B99547B681B68190A7E
:20A6E000FB895A1CFA811A46C9B2334B99547B681B68190CFB895A1CFA811A46C9B22E4B4B
:20A7000099547B681B68190EFB895A1CFA811A46C9B2294B9954FB895A1CFA811A467B6856
:20A720009979254B995400237B730CE07A7BFB89591CF98119467B6813441A7B1E4B5A5400
:20A740007B7B01337B737B689B797A7B9A42EDD300233B7309E0FB895A1CFA811A46164B69
:20A76000002199543B7B01333B733B7B002BF2D0FB895A1CFA811A460F4B00219954FB89CF
:20A780005A1CFA811A460C4B00219954FB895A1CFA811A46084B82219954FB891A46064918
:20A7A0000020F6F7B9FB0023FB8100BF1037BD4680BD00BFB2390020F037002080B582B07B
:20A7C00000AF0023FB802C4B02221A80FB885A1CFA801A46294B65219954FB885A1CFA80CA
:20A7E0001A46264B04219954234B1988FB885A1CFA801A46C9B2214B99541F4B1B881B0A8E
:20A8000099B2FB885A1CFA801A46C9B21B4B9954FB885A1CFA801A46184BFF219954FB8886
:20A820005A1CFA801A46154BFF219954FB885A1CFA801A46114B00219954FB885A1CFA80AB
:20A840001A460E4B00219954FB885A1CFA801A460A4B82219954FB881A4608490020F6F738
:20A860005BFB0121642008F017FA0023FB8000BF0837BD4680BD00BFB2390020F0370020E6
:20A8800080B586B000AF0023FB823B4600221A605A609A60DA601A614F4B68221A80FB8A35
:20A8A0005A1CFA821A464D4B65219954FB8A5A1CFA821A46494B01219954474B1988FB8A09
:20A8C0005A1CFA821A46C9B2444B9954424B1B881B0A99B2FB8A5A1CFA821A46C9B23F4BB3
:20A8E000995400237B7553E07A7D3B4611461846FEF7DEF83968FB8A5A1CFA821A46C9B23A
:20A90000364B99543B68190AFB8A5A1CFA821A46C9B2324B99543B68190CFB8A5A1CFA8208
:20A920001A46C9B22D4B99543B68190EFB8A5A1CFA821A46C9B2294B9954FB8A5A1CFA82E3
:20A940001A46B979254B995400233B751AE0BB793A7D9A420CD23A7DFB8A591CF98219460B
:20A9600002F118033B4413F80C2C1C4B5A5406E0FB8A5A1CFA821A46184B002199543B7D0C
:20A9800001333B753B7D072BE1D97B7D01337B757B7D072BA8D9FB8A5A1CFA821A460F4B37
:20A9A00000219954FB8A5A1CFA821A460B4B00219954FB8A5A1CFA821A46084B8221995494
:20A9C000FB8A1A4605490020F6F7A6FA0023FB8200BF1837BD4680BDB2390020F037002057
:20A9E00080B586B000AF0023FB823B4600221A605A609A60DA601A614F4B82221A80FB8ABA
:20AA00005A1CFA821A464D4B65219954FB8A5A1CFA821A46494B01219954474B1988FB8AA7
:20AA20005A1CFA821A46C9B2444B9954424B1B881B0A99B2FB8A5A1CFA821A46C9B23F4B51
:20AA4000995400237B7553E07A7D3B4611461846FEF710F83968FB8A5A1CFA821A46C9B2A6
:20AA6000364B99543B68190AFB8A5A1CFA821A46C9B2324B99543B68190CFB8A5A1CFA82A7
:20AA80001A46C9B22D4B99543B68190EFB8A5A1CFA821A46C9B2294B9954FB8A5A1CFA8282
:20AAA0001A46B979254B995400233B751AE0BB793A7D9A420CD23A7DFB8A591CF9821946AA
:20AAC00002F118033B4413F80C2C1C4B5A5406E0FB8A5A1CFA821A46184B002199543B7DAB
:20AAE00001333B753B7D072BE1D97B7D01337B757B7D092BA8D9FB8A5A1CFA821A460F4BD4
:20AB000000219954FB8A5A1CFA821A460B4B00219954FB8A5A1CFA821A46084B8221995432
:20AB2000FB8A1A4605490020F6F7F6F90023FB8200BF1837BD4680BDB2390020F0370020A6
:20AB400080B586B000AF0023FB823B4600221A605A609A60DA601A61504B4FF49C721A802F
:20AB6000FB8A5A1CFA821A464D4B65219954FB8A5A1CFA821A464A4B01219954474B198845
:20AB8000FB8A5A1CFA821A46C9B2454B9954434B1B881B0A99B2FB8A5A1CFA821A46C9B2F3
:20ABA0003F4B995400237B7553E07A7D3B4611461846FDF77DFF3968FB8A5A1CFA821A46C3
:20ABC000C9B2374B99543B68190AFB8A5A1CFA821A46C9B2324B99543B68190CFB8A5A1C46
:20ABE000FA821A46C9B22E4B99543B68190EFB8A5A1CFA821A46C9B2294B9954FB8A5A1C20
:20AC0000FA821A46B979264B995400233B751AE0BB793A7D9A420CD23A7DFB8A591CF9822A
:20AC2000194602F118033B4413F80C2C1C4B5A5406E0FB8A5A1CFA821A46194B00219954A1
:20AC40003B7D01333B753B7D072BE1D97B7D01337B757B7D172BA8D9FB8A5A1CFA821A4606
:20AC60000F4B00219954FB8A5A1CFA821A460C4B00219954FB8A5A1CFA821A46084B822163
:20AC80009954FB8A1A4606490020F6F745F90023FB8200BF1837BD4680BD00BFB239002090
:20ACA000F037002080B588B000AF0346FB710023FB8307F1080300221A605A609A60DA604E
:20ACC0001A614C4B0D221A80FB8B5A1CFA831A46494B65219954FB8B5A1CFA831A46464B4F
:20ACE00001219954434B1988FB8B5A1CFA831A46C9B2414B99543F4B1B881B0A99B2FB8B26
:20AD00005A1CFA831A46C9B23B4B9954FA7907F1080311461846FDF7E9FEB968FB8B5A1CCF
:20AD2000FA831A46C9B2344B9954BB68190AFB8B5A1CFA831A46C9B22F4B9954BB68190C06
:20AD4000FB8B5A1CFA831A46C9B22B4B9954BB68190EFB8B5A1CFA831A46C9B2264B995440
:20AD6000FB8B5A1CFA831A46B97B234B995400237B771AE0BB7B7A7F9A420CD27A7FFB8BF4
:20AD8000591CF983194602F120033B4413F80C2C194B5A5406E0FB8B5A1CFA831A46164B59
:20ADA000002199547B7F01337B777B7F072BE1D9FB8B5A1CFA831A460F4B00219954FB8BB8
:20ADC0005A1CFA831A460C4B00219954FB8B5A1CFA831A46084B82219954FB8B1A460649CA
:20ADE0000020F6F799F80023FB8300BF2037BD4680BD00BFB2390020F037002080B588B040
:20AE000000AF0346FB710023FB8307F1080300221A605A609A60DA601A614C4B0D221A80C5
:20AE2000FB8B5A1CFA831A46494B65219954FB8B5A1CFA831A46464B01219954434B19888A
:20AE4000FB8B5A1CFA831A46C9B2414B99543F4B1B881B0A99B2FB8B5A1CFA831A46C9B234
:20AE60003B4B9954FA7907F1080311461846FDF75DFEB968FB8B5A1CFA831A46C9B2344BF1
:20AE80009954BB68190AFB8B5A1CFA831A46C9B22F4B9954BB68190CFB8B5A1CFA831A46A3
:20AEA000C9B22B4B9954BB68190EFB8B5A1CFA831A46C9B2264B9954FB8B5A1CFA831A46DF
:20AEC000B97B234B995400237B771AE0BB7B7A7F9A420CD27A7FFB8B591CF983194602F129
:20AEE00020033B4413F80C2C194B5A5406E0FB8B5A1CFA831A46164B002199547B7F0133FF
:20AF00007B777B7F072BE1D9FB8B5A1CFA831A460F4B00219954FB8B5A1CFA831A460C4BE8
:20AF200000219954FB8B5A1CFA831A46084B82219954FB8B1A4606490020F5F7EDFF0023F7
:20AF4000FB8300BF2037BD4680BD00BFB2390020F037002080B588B000AF0346FB71002318
:20AF6000FB8307F1080300221A605A609A60DA601A614C4B0D221A80FB8B5A1CFA831A4612
:20AF8000494B65219954FB8B5A1CFA831A46464B01219954434B1988FB8B5A1CFA831A4629
:20AFA000C9B2414B99543F4B1B881B0A99B2FB8B5A1CFA831A46C9B23B4B9954FA7907F1CE
:20AFC000080311461846FDF773FDB968FB8B5A1CFA831A46C9B2344B9954BB68190AFB8BA0
:20AFE0005A1CFA831A46C9B22F4B9954BB68190CFB8B5A1CFA831A46C9B22B4B9954BB68FA
:20B00000190EFB8B5A1CFA831A46C9B2264B9954FB8B5A1CFA831A46B97B234B99540023CC
:20B020007B771AE0BB7B7A7F9A420CD27A7FFB8B591CF983194602F120033B4413F80C2C94
:20B04000194B5A5406E0FB8B5A1CFA831A46164B002199547B7F01337B777B7F072BE1D9AA
:20B06000FB8B5A1CFA831A460F4B00219954FB8B5A1CFA831A460C4B00219954FB8B5A1C55
:20B08000FA831A46084B82219954FB8B1A4606490020F5F741FF0023FB8300BF2037BD46B5
:20B0A00080BD00BFB2390020F037002080B58CB000AF78607B68002B01D1032393E007F1D9
:20B0C00008032022002118460BF0A8FC0023FB850D23BB85FB8D5A1CFA8530333B4465220C
:20B0E00003F8282CFB8D5A1CFA8530333B44052203F8282CFB8D5A1CFA85BA8DD2B2303381
:20B100003B4403F8282CBB8D1B0A9AB2FB8D591CF985D2B230333B4403F8282C7B681A6813
:20B12000FB8D591CF985D2B230333B4403F8282C7B681B681A0AFB8D591CF985D2B23033F3
:20B140003B4403F8282C7B681B681A0CFB8D591CF985D2B230333B4403F8282C7B681B68FF
:20B160001A0EFB8D591CF985D2B230333B4403F8282CFB8D5A1CFA8519467B689A7901F1B3
:20B1800030033B4403F8282CFB8D07F10802D0187B680C33082219460BF050FCFB8D083387
:20B1A000FB85FB8D5A1CFA8530333B44002203F8282CFB8D5A1CFA8530333B44002203F8C3
:20B1C000282CFB8D5A1CFA8530333B44822203F8282CFA8D07F1080319460020F5F79CFE3A
:20B1E0000346BB62BB6A18463037BD4680BDFFFF80B400AFBFF34F8F00BF064BDB6803F404
:20B20000E0620449044B1343CB60BFF34F8F00BF00BFFDE700ED00E00400FA0580B485B0A4
:20B2200000AF786039600023FB600023FB72FB68DB43FB601FE07B685A1C7A601B781A46DF
:20B24000FB685340FB600823FB7209E0FB685A08FB6803F0010359420C4B0B405340FB60D2
:20B26000FB7A013BDBB2FB7297F90B30002BEDDA3B68013B3B603B68002BDCD1FB68DB43F0
:20B2800018461437BD465DF8047B70472083B8ED80B582B000AF7860084611461A460346F3
:20B2A000FB700B46BB7013467B70114AFB7813730F4ABB7853730E4A7B6813600C4B022294
:20B2C0009A710C4B1B78012B03D10948FFF7CEF90AE0FB78082B02D10548FFF7C7F97B7812
:20B2E00003491846F5F77EF800BF0837BD4680BDB8390020F041002080B582B000AF7860B4
:20B300007B681B6840F2FB72934231D040F2FB7293427BD840F2FA7293420CD040F2FA729E
:20B32000934273D840F26662934225D040F2C172934224D06AE07B681B7B002B02D100F04A
:20B3400071F865E07B681B7B012B03D1786800F0A1F85DE07B681B7B032B02D100F05EFA5E
:20B3600056E07B681B7B042B52D100F03DFB4FE0786800F09DF94EE0FDF7AAFC4BE07B6839
:20B380001B7B002B03D0012000F0F8FB17E07B681B7B002B13D1022000F0F0FB204B40F2FC
:20B3A000C2721A601E4B02229A711D4B00221A731B4BAA225A731A491820F5F713F87B68BC
:20B3C0001B7B042B26D17B685B7BAA2B22D1144B40F2C2721A60124B02229A71104B0422E4
:20B3E0001A730F4BAA225A73012000F0C7FB0C491820F4F7F7FFFFF743FA4FF47A713220D9
:20B4000007F04AFC0648FFF731F903E000BF02E000BF00E000BF00BF0837BD4680BD00BFA2
:20B420002442002080B500AF144B40F2FC721A60124B05229A71114B00221A73104BAA2268
:20B440001A700F4B79225A8004220D490D48F5F753FA0D4B1B78012B03D10848FFF706F959
:20B4600003E006491820F4F7BDFF084B00221A70074B01221A7000BF80BD00BF244200207C
:20B48000F441002031420020F0410020CC3900201830002080B582B000AF78607B685A7B40
:20B4A0007C4B9A7414227C490020F9F7FDFF0346002B40F0E380784B1B78002B48D1774B4D
:20B4C0004FF401221A60764B4FF401221A60754B4FF441221A607B689B7B1A467B68DB7B79
:20B4E0001B021A447B681B7C1B041A447B685B7C1B0613441A46674BC3F80A20674B1B687C
:20B50000684A126811461846FAF72EF80346002B16D1654B00221A60644B00221A605D4B99
:20B5200001221A705B4B00225A705A4BAA22DA741823AA22012140F2FC70FFF7A9FEA4E025
:20B540001823FF22012140F2FC70FFF7A1FE9CE0514B5B78002B48D1504B4FF480521A60E1
:20B560004F4B4FF480521A604E4B4FF480221A607B689B7B1A467B68DB7B1B021A447B68BA
:20B580001B7C1B041A447B685B7C1B0613441A46404BC3F80220414B1B68424A1268114631
:20B5A0001846F9F7E1FF0346002B16D13E4B00221A603E4B00221A60364B00221A70354B0B
:20B5C00001225A70334BAA22DA741823AA22012140F2FC70FFF75CFE57E01823FF2201211A
:20B5E00040F2FC70FFF754FE4FE02C4B4FF480521A602B4B4FF480521A602A4B4FF48022D1
:20B600001A607B689B7B1A467B68DB7B1B021A447B681B7C1B041A447B685B7C1B0613447A
:20B620001A461C4BC3F802201C4B1B681D4A126811461846F9F798FF0346002B16D11A4B9F
:20B6400000221A60194B00221A60124B00221A70104B01225A700F4BAA22DA741823AA2282
:20B66000012140F2FC70FFF713FE0EE01823FF22012140F2FC70FFF70BFE06E01823FF22B8
:20B68000012140F2FC70FFF703FE00BF0837BD4680BD00BFF84100200C4200200009002006
:20B6A0000409002008090020E4390020E839002080B582B000AF78604F4B1B684F4A98185A
:20B6C0007B6803F10C017B689B791A46F5F714F97B689B791A46484B1B681344464A13606F
:20B6E0007B689B791A46464B1B681344444A1360414B1B68B3F5806F7AD3424B1B684FF441
:20B7000080623E491846F9F793FE0346002B68D13D4B1B684FF480623C491846F9F7C4FE6F
:20B720000346002B55D14FF4806234493748F5F702F90346002B44D1354B40F2FC721A6044
:20B74000334B05229A712C4B00221A60304B02221A734FF480612D48FFF760FD03462D4A4E
:20B7600013602C4B1B681B0EDAB2294B1A74294B1B681B0CDAB2264BDA73264B1B681B0A24
:20B78000DAB2234B9A73234B1B68DAB2204B5A73214B1B78012B03D11D48FEF767FF03E04B
:20B7A0001B491820F4F71EFE164B1B6803F58063144A1360144B1B6803F58063124A1360CA
:20B7C00016E01823FF22022140F2FC70FFF760FD0EE01823FF22022140F2FC70FFF758FDAD
:20B7E00006E01823FF22022140F2FC70FFF750FD00BF0837BD4680BDE4390020F03900203F
:20B80000E83900200009002004090020F03D002024420020EC390020F041002080B582B0C1
:20B8200000AF664A664B1A60664B1B68002B20D1654BD3F80220654B1B689A4206D0624BFF
:20B84000D3F80A20614B1B689A4207D11823AA22032140F2FC70FFF71BFDABE01823FF2252
:20B86000032140F2FC70FFF713FD584B00221A60A0E0574B1B68534A126850491846F9F71E
:20B88000D7FD0346002B40F08D80524B1B684D4A126851491846F9F707FE0346002B79D147
:20B8A000484B1B681A4645494B48F5F744F80346002B7FD1494B40F2FC721A60474B05229E
:20B8C0009A71404B1B6819464348FFF7A7FC0346434A1360424B1B681B0EDAB23F4B1A74A6
:20B8E0003F4B1B681B0CDAB23C4BDA733C4B1B681B0ADAB2394B9A73394B1B68DAB2374B53
:20B900005A73384B1B78012B03D13448FEF7AEFE03E032491820F4F765FD2D4B1A68294BD6
:20B920001B6813442A4A13602A4B1A68254B1B681344284A136000237B6002E07B68013329
:20B940007B607B684CF24F329342F7D91E4BD3F802201E4B1B689A4206D01B4BD3F80A2076
:20B960001A4B1B689A420AD1164B00221A601823AA22032140F2FC70FFF78AFC1AE01823B1
:20B98000FF22032140F2FC70FFF782FC0F4B00221A600FE01823FF22032140F2FC70FFF757
:20B9A00077FC07E01823FF22032140F2FC70FFF76FFCFFE700BF0837BD4680BDF039002041
:20B9C00020420020E4390020F8410020E83900200009002004090020F03D002024420020E5
:20B9E000EC390020F041002080B588B000AF3A4B1B78012B0CD1394BD3F80230364AC2F8B9
:20BA00000230364BD3F80630334AC2F806300FE0314B5B78012B0BD1304BD3F80A302E4AC7
:20BA2000C2F80A302D4BD3F80E302B4AC2F80E304FF480510020F9F797FD0346002B3FD1E8
:20BA40003B46142224491846F4F756FF142222492348F4F751FF3B46224A13603B461422C6
:20BA600019460020F9F7E4FC0346002B20D114221A490020F9F718FD0346002B10D11422C9
:20BA800016491548F4F757FF0346002B1FD11823AA22042140F2FC70FFF7FAFBFFF7A8FBF7
:20BAA0001823FF22042140F2FC70FFF7F1FB0EE01823FF22042140F2FC70FFF7E9FB06E0B8
:20BAC0001823FF22042140F2FC70FFF7E1FB00BF2037BD4680BD00BFF84100200C42002099
:20BAE000D03900202042002080B582B000AF0023FB7114221F490020F9F7D6FC0346002B02
:20BB000032D11C4BDB7CAA2B2ED14FF47A7200210320F9F751FA0346002B25D11422002121
:20BB20001448F9F72DFB0346002B1DD1114BDB7CFF2B19D11823AA22082140F2FC70FFF7A4
:20BB4000A7FB0D4B40F2C1721A600B4B02229A71094B00221A73084BAA225A730649182011
:20BB6000F4F740FC0123FB71FB7918460837BD4680BD00BF0C4200202442002080B483B0A3
:20BB800000AF0346FB71044AFB79137000BF0C37BD465DF8047B7047CD39002080B400AF63
:20BBA000034B1B781846BD465DF8047B704700BFCD39002080B483B000AF0346FB71044ABA
:20BBC000FB79137000BF0C37BD465DF8047B7047F041002080B400AF034B1B781846BD4668
:20BBE0005DF8047B704700BFF041002080B500AFFAF7B0F900BF80BD80B582B000AF0346D1
:20BC0000FB71FB79022B03D10349044803F012FA00BF0837BD4680BDFC8402005842002032
:20BC200080B500AFFFF7E2FF0023184680BDFFFF80B400AF044BDB681B0A03F00703184698
:20BC4000BD465DF8047B704700ED00E080B483B000AF03463960FB7197F90730002B0ADB4E
:20BC60003B68DAB20C4997F907301201D2B20B4483F800230AE03B68DAB20849FB7903F024
:20BC80000F03043B1201D2B20B441A7600BF0C37BD465DF8047B704700E100E000ED00E0BF
:20BCA00080B483B000AF0346FB7197F90730002B09DB0D4A97F90730134493F80033DBB223
:20BCC0001B09DBB209E0094AFB7903F00F03043B13441B7EDBB21B09DBB218460C37BD46ED
:20BCE0005DF8047B704700BF00E100E000ED00E080B582B000AF78607B68013BB3F1807FBC
:20BD000001D301230FE00A4A7B68013B53600F214FF0FF30FFF79AFF054B00229A60044B2E
:20BD200007221A60002318460837BD4680BD00BF10E000E080B483B000AFEFF303837B6078
:20BD40007B683B603B88C3F308039BB2DBB2103BDBB25BB218460C37BD465DF8047B7047F3
:20BD60001EF0040F0CBFEFF30880EFF309800149084700BF55BE010080B400AF62B600BFDC
:20BD8000BFF36F8F00BFEFF3148C2CF0040C8CF31488BFF36F8F02DF00BEFDE7104B19685C
:20BDA000EFF309821EF0100F08BF22ED108A22E9F04FEFF30B8342F8043D0A604FF010008B
:20BDC00080F31188BFF34F8FBFF36F8F09F038F94FF0000080F3118800F004B800BF000037
:20BDE000B4E70020084801680A6802CA81F30B88B2E8F04F1EF0100F08BFB2EC108A82F310
:20BE00000988704700BF0000B4E7002080B584B000AFEFF311837B607B68FB601023BB606B
:20BE2000BB6883F3118800BF08F0EEFF0346002B03D0074B4FF080525A60FB683B603B6827
:20BE400083F3118800BF00BF1037BD4680BD00BF00ED00E080B584B000AF78607B689B696B
:20BE6000FB60FB68023B1B78FB72FB7A022B03D1FFF7B8FF00BF09E0FB7A032B06D9054B2A
:20BE8000054A4FF47E71054806F0FCFE00BF1037BD4680BDC8850200C4860200DC850200A0
:20BEA00080B485B000AFF860B9607A603B60FB68043BFB60FB684FF080721A60FB68043BD7
:20BEC000FB607B6823F00102FB681A60FB68043BFB60114AFB681A60FB68143BFB603A684D
:20BEE000FB681A60FB68043BFB60FB686FF002021A60FB68203BFB60FB68043BFB60BB68EF
:20BF000003F12802FB681A60FB6818461437BD465DF8047B704700BF1DBF010080B400AF0D
:20BF200000BE00BFFDE7FFFF80B500AFFF216FF00100FFF78BFE00F073F8064B5B68054A01
:20BF400043F040435360FFF717FF09F079F80023184680BD30EF00E080B584B000AFEFF34B
:20BF600011837B607B68FB601023BB60BB6883F3118800BF0E4B1B6801330D4A13600C4BA4
:20BF80001B68012B0FD10B4AFB6813600A4B5B68C3F30803002B06D0084B094A40F2A44150
:20BFA000084806F06FFE00BF1037BD4680BD00BF244400202844002000ED00E0048602005C
:20BFC000D8860200DC85020080B582B000AF0F4B1B68002B06D10E4B0E4A40F2AD410E4882
:20BFE00006F050FE094B1B68013B084A1360074B1B68002B06D1094B1B687B607B6883F343
:20C00000118800BF00BF0837BD4680BD244400204C860200EC860200DC85020028440020CB
:20C0200080B500AF054B1B68054AA2FB03239B091846FFF75DFE00BF80BD00BF04460020BF
:20C04000D34D621080B582B000AFFFF773FE0346FB7197F90730002B0FDB97F9073018461B
:20C06000FFF71EFE38603B68002B06D10B4B0C4A40F20F610B4806F005FEFFF7D9FD0346C2
:20C08000032B06D9084B064A40F22161054806F0F9FD00BF0837BD4680BD00BF608602001E
:20C0A00000870200DC8502009886020080B586B000AF786039607B687B613968786900F0B8
:20C0C00070F838613B69002B01D03B6932E03B681B791A4ADB01DBB293713B681B781A466B
:20C0E000174B9B5C03F00303FB603B685B781B01DBB2FA681343FB603B689B781B0303F496
:20C100004053FA681343FB603B68DB781B0203F44073FA681343FB60084BFA6892B25A80D6
:20C120003B685B79054ADB01DBB213727B69054A1A60002318461837BD4680BD0034084012
:20C14000208702005444570080B483B000AF7860064B00221A70054BFF221A7000231846E0
:20C160000C37BD465DF8047B704700BF0034084080B483B000AF78603960062318460C3762
:20C18000BD465DF8047B704780B483B000AF78600B46FB70062318460C37BD465DF8047BC6
:20C1A000704780B483B000AF78603960002318460C37BD465DF8047B704780B483B000AFD9
:20C1C000EFF303837B607B683B603B88C3F308039BB2DBB2103BDBB25BB218460C37BD46B7
:20C1E0005DF8047B7047FFFF80B483B000AF03463960FB7197F9073004493A6841F8232020
:20C2000000BF0C37BD465DF8047B70477844002080B483B000AF0346FB7197F90730044AD2
:20C2200052F8233018460C37BD465DF8047B70477844002080B483B000AF0346FB710B4937
:20C2400097F9073003F1C00251F8223023F4803341F82230054A97F90730C03352F82330CB
:20C2600000BF0C37BD465DF8047B70470060004080B584B000AF0346FB7197F9073018469C
:20C28000FFF7D8FFBFF35F8F00BF97F90730FB60FB6803F01F02074997F907305B0901203D
:20C2A00000FA02F2603341F8232000BF1037BD4680BD00BF00E100E080B584B000AF03465A
:20C2C000B9607A60FB73BB68DAB2094997F90F301201D2B20B4483F8002397F90F307968F9
:20C2E0001846FFF781FF00BF1037BD4680BD00BF00E100E080B485B000AF0346FB7197F947
:20C300000730FB60FB6803F01F020749FB685B09012000FA02F241F8232000BF1437BD4665
:20C320005DF8047B704700BF00E100E080B582B000AF0346FB7197F907301846FFF798FF75
:20C3400097F907301846FFF7D5FF00BF0837BD4680BDFFFF80B485B000AF0346FB7197F955
:20C360000730FB60FB6803F01F020B4997F907305B09012000FA02F2203341F82320BFF3A5
:20C380004F8F00BFBFF36F8F00BF00BF1437BD465DF8047B704700BF00E100E080B584B010
:20C3A00000AF0346B9607A60FB7397F90F307A68B9681846FFF780FF97F90F301846FFF75C
:20C3C000B5FF00BF1037BD4680BDFFFF80B584B000AF786039600023FB607B68BB603868C0
:20C3E00000F06CF8F860FB68002B01D0FB6822E0BB683A685A603B689A69BB685A623B6826
:20C40000DA69BB68DA62BB6800229A62BB685B681B7803F5800303F58D531B021A46BB68CD
:20C420009A60B86800F0A6F8B86800F0F1F9BB68034A1A60FB6818461037BD4680BD00BF69
:20C440004950535280B586B002AFF860B9607A60FB70FB7800937B68BA680021F86800F050
:20C460007BFA034618461037BD4680BD80B586B002AFF860B9607A60FB70FB7800937B685E
:20C480000022B968F86800F067FA034618461037BD4680BD80B586B002AFF860B9607A6013
:20C4A0003B603B7E00933B687A68B968F86800F053FA034618461037BD4680BD80B586B0B9
:20C4C00000AF786000237B617B681B693B617B681B7803F5800303F58D531B020433FB605B
:20C4E0003B69002B19D03B695B681B684FF000621A603B695B681B68FA689A603B699B6892
:20C500001B683A6910683A6952681146984778617B69002B01D07B6928E07B685B69BB6083
:20C52000BB68002B21D0BB685B681B684FF400221A60BB685B681B68FA685A60BB689B68C9
:20C540001B68BA681068BA6852681146984778617B69002B09D03B69002B06D03B699B689F
:20C560001B6A3A691268104698477B6918461837BD4680BD80B491B000AF78600023FB6396
:20C5800000233B620023BB6300237B6300233B630023FB620023BB6200237B620023FB6199
:20C5A000FB6B43F08003FB63FB6B43F02003FB63FB6B43F01003FB637B685B685B7A002B37
:20C5C00001D1082300E00023FA6B1343FB637B685B685B7A002B01D1102300E000237A6BAF
:20C5E00013437B637B685B689B7A1A467B6A13437B627B685B68DB7A5B007A6A13437B6267
:20C600007B685B685B7B1B037A6A13437B627B685B681B69002B03D0FB6B43F02003FB6327
:20C620007B685B681B6ABB61BB691B78002B14D17B685B681B78002B0AD17B685B685B7A32
:20C64000002B01D1802300E000237A6A13437B62FB6B23F00103FB6303E0FB6B43F00103C5
:20C66000FB63BB695B78DB01DB431A46FB6B1340FB63BB695B785A00BB695B785B011343FA
:20C680001A46FB6B1343FB633B6A23F00F033B62BB699B781A46BB69DB7802FA03F33A6A15
:20C6A00013433B627B6A23F070037B62BB69DB781B017A6A13437B62BB691B79002B0BD0D7
:20C6C000BB6B43F02003BB63BB691B79022B03D1BB6B43F01003BB63BB695B79002B0BD07F
:20C6E0007B6B43F001037B63BB695B79012B03D17B6B43F002037B63BB699B791A46FB694F
:20C700001343FB61BB691B7AC3F30103DBB29B007A6A13437B627B685B685B7A002B0CD132
:20C720007B6A43F460437B62BB695B7A3B63BB699B7AFB62BB69DB7ABB6200237B61EFF3B9
:20C7400010833B613B697B610123FB60FB6883F3108800BF2D4B5A687B685B681B78C3F154
:20C760001303012101FA03F3DB43284913404B60264B5B687B69BB60BB6883F3108800BFE0
:20C780007B689B68DB787B689B680022DA707B689B68FA6BD2B21A707B689B683A6AD2B2A7
:20C7A0005A707B689B68BA6BD2B29A707B689B68BA69D2799A727B689B683A6BD2B21A731A
:20C7C0007B689B68FA6AD2B25A737B689B68BA6AD2B29A737B689B687A6BD2B2DA737B68A4
:20C7E0009B687A6A92B21A827B689B68FA69D2B283F820207B689B68102283F8212000BF57
:20C800004437BD465DF8047B704700BF0040084080B582B000AF78607B685B6893F9023076
:20C82000002B0ADB7B685B6893F902007B685B689B797A681946FFF7B1FD7B685B6893F9E3
:20C840000130002B0ADB7B685B6893F901007B685B685B797A681946FFF7A0FD7B685B6870
:20C8600093F904007B685B681B7A7A681946FFF795FD7B685B6893F903007B685B68DB79F5
:20C880007A681946FFF718FD00BF0837BD4680BD80B487B000AF78607B689B68DB7ADBB254
:20C8A0007B617B689B681B8A9BB2FB607B6893F820300F2B08D97B6923F040037B617B6996
:20C8C00043F020037B610DE07B6893F82030072B04D87B6943F040037B6103E07B6923F05D
:20C8E00060037B617B6893F820303B613B690F2B04D93B6901339B08053B3B61FB6823F413
:20C900007063FB603B691B02FA681343FB607B689B687A69D2B2DA727B689B68FA6892B2F0
:20C920001A8200BF1C37BD465DF8047B704780B483B000AF78607B689B681B78DAB27B68E5
:20C940009B6842F06002D2B21A7000BF0C37BD465DF8047B7047FFFF80B588B000AFF86030
:20C96000B9607A603B60FB68FB61FB699B681B78DBB203F04003002B01D0082306E1FB693B
:20C98000BA68DA60FB697A681A61FB6900225A61FB6900229A61FB693A68DA61FB6997F884
:20C9A000282083F82020FB695B685B69002B6DD0FB693A689A61FB6993F820300F2B0AD9C4
:20C9C000FB695B685B695B681A68D378022161F30513D37018E0FB6993F82030072B09D8C0
:20C9E000FB695B685B695B681A68D37823F03003D37009E0FB695B685B695B681A68D378CF
:20CA0000012161F30513D370FB695B685B695B681A689378022161F383039370FB695B68E3
:20CA20005B695B681B683A6892B2DA81FB695B685B695B681B687A689A607B68002B0FD1B0
:20CA4000FB695B685B695B681A68937823F00C039370FB695B685B695B681B684D4A9A60B4
:20CA6000FB695B685B699B685B68FA69526852691068FA6952685269526812681146984773
:20CA8000B861BB69002B01D0BB697FE0FB695B681B69002B73D0FB693A685A61FB6993F811
:20CAA00020300F2B0AD9FB695B681B695B681A68D378022161F30513D37018E0FB6993F815
:20CAC0002030072B09D8FB695B681B695B681A68D37823F03003D37009E0FB695B681B699B
:20CAE0005B681A68D378012161F30513D370FB695B681B695B681A68D378022161F383039D
:20CB0000D370FB695B681B695B681B683A6892B2DA81FB695B681B695B681B68BA685A60D3
:20CB2000BB68002B0FD1FB695B681B695B681A68D37823F00C03D370FB695B681B695B68B9
:20CB40001B68154A5A60FB699A68137823F020031370FB695B681B699B685B68FA69526801
:20CB600012691068FA6952681269526812681146984778617B69002B01D07B6906E0F869DC
:20CB8000FFF786FEF869FFF7D2FE002318462037BD4680BD2C4400203044002080B485B04F
:20CBA00000AF78607B689B69FB607B68DB69FA689A4234D07B681B69002B03D17B689B68F7
:20CBC0005B6827E07B6893F820300F2B09D97B689A687B681969FB689B000B4452681A60E6
:20CBE00018E07B6893F82030072B09D87B689A687B681969FB680B441279D2B21A7009E0EE
:20CC00007B689A687B681969FB685B000B44928892B21A80FB685A1C7B689A6100E000BF6F
:20CC20001437BD465DF8047B704780B485B000AF78607B685B69FB607B68DB69FA689A42C4
:20CC400033D07B68DB68002B04D17B689B6800225A6025E07B6893F820300F2B09D97B6827
:20CC6000DA68FB689B001A447B689B6812685A6016E07B6893F82030072B08D87B68DA6811
:20CC8000FB681A447B689B6812781A7108E07B68DA68FB685B001A447B689B6812889A8015
:20CCA000FB685A1C7B685A6100E000BF1437BD465DF8047B704790B587B000AF78600B4631
:20CCC000FB707B689B6A7B617B69002B03D107F108037B6105E07A6907F1080307CA83E85C
:20CCE00007007B685B681B781A467B691A607B69FA781A717B68DA6A7B699A607B685B6AA8
:20CD0000786998477B689B6A002B08D07B689B6A1C4607F1080393E8070084E8070000BF67
:20CD20001C37BD4690BD80B582B000AFFFF745FA0346FB7197F907301846FFF77BFA97F930
:20CD400007301846FFF764FA38603868FFF726FF3B689A693B68DB699A4206D13B685B68F1
:20CD600093F903301846FFF7C5FA00BF0837BD4680BD80B584B000AFFFF71FFA0346FB73C5
:20CD800097F90F301846FFF755FA97F90F301846FFF73EFAB860BB685B681B6A7B607B6885
:20CDA000002B1ED07B685B78012B1AD1BB685A69BB68DB69013B9A4207D1BB685B6893F9DE
:20CDC00003301846FFF7B2FA0BE0BB685B681B69002B06D0BB685B6893F903301846FFF7D1
:20CDE00089FAB868FFF721FF00BF1037BD4680BD80B582B000AFFFF7E0F90346FB7197F90A
:20CE000007301846FFF716FA97F907301846FFF7FFF938603B689B68DB78C3F34003DBB24D
:20CE2000002B04D03B685B685B7A012B28D197F907301846FFF78EFA3B685B6893F90230CC
:20CE4000002B06DB3B685B6893F902301846FFF781FA3B689A68137823F0400313703B6827
:20CE60005B6893F90230002B06DB3B685B6893F902301846FFF75AFA01213868FFF71BFF87
:20CE800000BF0837BD4680BD80B584B000AFFFF794F90346FB7397F90F301846FFF7B8F92E
:20CEA000B860BB685B6893F90230002B06DBBB685B6893F902301846FFF74CFABB689A6847
:20CEC000137823F040031370BB685B6893F90230002B06DBBB685B6893F902301846FFF746
:20CEE00025FABB689B68DB78FB71BB689B680022DA70FB7903F00803DBB2002B03D0052179
:20CF0000B868FFF7D8FEFB7903F00103DBB2002B03D00421B868FFF7CEFEFB7903F00403BA
:20CF2000DBB2002B09D0FB7903F01003DBB2002B03D00821B868FFF7BEFE97F90F30184633
:20CF4000FFF778F900BF1037BD4680BD80B483B000AFEFF303837B607B683B603B88C3F3D4
:20CF600008039BB2DBB2103BDBB25BB218460C37BD465DF8047B704780B483B000AF034659
:20CF80003960FB7197F9073004493A6841F8232000BF0C37BD465DF8047B704778440020EE
:20CFA00080B483B000AF0346FB7197F90730044A52F8233018460C37BD465DF8047B7047C5
:20CFC0007844002080B483B000AF0346FB710B4997F9073003F1C00251F8223023F4803374
:20CFE00041F82230054A97F90730C03352F8233000BF0C37BD465DF8047B704700600040D0
:20D0000080B584B000AF0346FB7197F907301846FFF7D8FFBFF35F8F00BF97F90730FB60D0
:20D02000FB6803F01F02074997F907305B09012000FA02F2603341F8232000BF1037BD46D7
:20D0400080BD00BF00E100E080B584B000AF0346B9607A60FB73BB68DAB2094997F90F3081
:20D060001201D2B20B4483F8002397F90F3079681846FFF781FF00BF1037BD4680BD00BFA3
:20D0800000E100E080B485B000AF0346FB7197F90730FB60FB6803F01F020749FB685B0952
:20D0A000012000FA02F241F8232000BF1437BD465DF8047B704700BF00E100E080B582B066
:20D0C00000AF0346FB7197F907301846FFF798FF97F907301846FFF7D5FF00BF0837BD464A
:20D0E00080BDFFFF80B485B000AF0346FB7197F90730FB60FB6803F01F020B4997F9073074
:20D100005B09012000FA02F2203341F82320BFF34F8F00BFBFF36F8F00BF00BF1437BD4602
:20D120005DF8047B704700BF00E100E080B58AB000AF786039607B687B623B681B781A46FF
:20D140000123934003F00603002B0AD03B68DB695B681B7803F00803DBB2002B01D00323ED
:20D16000CAE03B681B7803F5800303F58C531B021A467B6A1A627B6A00221A707B6A3A6887
:20D18000DA613B685A697B6A5A623B689A697B6ADA627B6A00229A627A6A9378012161F31E
:20D1A000010393703B685B78002B05D17A6A9378022161F3010393703968786A00F0C1F957
:20D1C000786A00F006F900233B62EFF31083FB60FB683B6201233B613B6983F3108800BFBD
:20D1E000474B5A683B681B7819464FF00043CB40DB43434913404B60414B5B683B6A7B6141
:20D200007B6983F3108800BF7B6A1B6A00229A707B6A1B6A00221A717B6A1B6A00225A7258
:20D220007B6A1B6A00229A727B6A1B6A0022DA727B6A1B6A00225A833B681B781A4601235B
:20D2400003FA02F240F219231340002B03D07B6A1B6A4022DA747B6A1B6A06221A77396840
:20D26000786A00F0C0F87B6A0022DA607B6A00221A617B6A00225A617B6A00229A613B68FA
:20D28000DB69FB61FB691B7803F00303BB61BB6943F01003BB617B6ADB6993F90530184614
:20D2A000FFF70CFF7B6ADB6993F90B301846FFF705FFBB6943F04003BB617B6ADB6993F9BA
:20D2C00007301846FFF7FAFE7B6ADB6993F909301846FFF7F3FEBB6943F02003BB617B6A1D
:20D2E0001B6ABA69D2B29A70FB695A897B6A1A817B6A044A5A60002318462837BD4680BD24
:20D30000004008405549435380B487B000AFF860B9607A60FB687B6100233B617B69BA68E8
:20D320005A617B697A689A613B6918461C37BD465DF8047B704780B487B000AFF860B96003
:20D340007A60FB687B617B691B6A9B78DAB27B691B6A02F07B02D2B29A707B699B78C3F399
:20D360000103DBB21A467B689A1A7B691A617B699B78C3F30103DBB21A46BB681A447B69C3
:20D38000DA607B691B6A9B78DAB27B691B6A62F07F02D2B29A707B699B7803F00303DBB204
:20D3A000022B0AD1BB681B887A69126A6FEAC3536FEAD3539BB2D38104E07B691B6ABA6842
:20D3C0001278DA70002318461C37BD465DF8047B704780B483B000AF786000BF0C37BD4624
:20D3E0005DF8047B704780B586B000AF786039603B681B781A46012303FA02F240F21923FE
:20D400001340002B04D07B681B6A4FF478429A823B689B781A013B68DB78DB0013437B6165
:20D42000F2233B613B685B78032B04D17B6943F040037B6107E03B685B78002B03D13B698C
:20D4400023F010033B617B681B6A7A69D2B21A707B681B6A3A69D2B29A713B68DB69BB6015
:20D46000BB681B7B082B04D17B681B6A0A225A7309E0BB681B7B5B00DAB27B681B6A02F0A7
:20D480000202D2B25A730023FB60BB685B78DB01DBB2FA681343FB60BB689B785B0103F0C2
:20D4A0002003FA681343FB607B681B6A00221A72BB681B78022B03D0BB681B78032B11D1A4
:20D4C0007B681B6AFF225A70BB681B78022B03D1FB6843F01003FB607B681B6AFA68D2B2F0
:20D4E000DA710DE07B681B6AFA68D2B2DA717B681A6ABB685B681946104600F04FF800BF63
:20D5000000BF1837BD4680BD80B582B000AF78600B46FB701346BB7097F902301846FFF779
:20D52000E1FD97F902301846FFF74CFDF97897F902307A681846FFF787FD00BF0837BD46C0
:20D5400080BD80B582B000AF786039603B68997A3B6893F90B301A467868FFF7D5FF3B683A
:20D5600019793B6893F905301A467868FFF7CCFF3B6899793B6893F907301A467868FFF763
:20D58000C3FF3B68197A3B6893F909301A467868FFF7BAFF00BF0837BD4680BD80B483B097
:20D5A00000AF786039603B689A787B685A703B685B78C3F30103D9B27A68137861F3010369
:20D5C00013703B68DA787B689A747B68DB79DBB223F05C03DAB23B681B7803F05C03DBB20B
:20D5E0001343DAB27B68DA7100BF0C37BD465DF8047B704790B58BB000AFF860B960134692
:20D60000FB71FB689B6A7B627B6A002B03D107F114037B6205E07B6A07F114040FCB84E869
:20D620000F00FB68DB691B781A467B6A1A607B6ABA689A607B6AFA791A71FB68DA6A7B6A72
:20D64000DA60FB685B6A786A9847FB689B6A002B07D0FB689B6A1C4607F114030FCB84E81E
:20D660000F0000BF2C37BD4690BD80B584B000AFFFF76CFC0346FB7397F90F301846FFF7D9
:20D68000A1FC97F90F301846FFF78AFCB860BB68DB691B69002B30D1BB681B69002B2CD047
:20D6A000BB689B7803F00303DBB2022B0BD1BB68DB681B88BA68126A6FEAC3536FEAD35310
:20D6C0009BB2D38105E0BB68DA68BB681B6A1278DA70BB681B69BA689278C2F30102D2B2D4
:20D6E0009A1ABB681A61BB68DB68BA689278C2F30102D2B21A44BB68DA60BB681B69002B7D
:20D700001BD1BB681B6A9B78FB71FB7943F00403FB71FB7903F07F03FB71BB681B6AFA796C
:20D720009A70BB680022DA60BB685B6A002B04D080220021B868FFF75DFF00BF1037BD463B
:20D7400080BD80B584B000AFFFF700FC0346FB7397F90F301846FFF735FC97F90F3018464A
:20D76000FFF71EFCB860BB689B7803F00303DBB2022B07D1BB681B6A1B8A9BB2C3F3080365
:20D780007B6004E0BB681B6A5B79DBB27B60BB689B69002B0AD1BB685B6A002B33D07B68C0
:20D7A00004221946B868FFF725FF2CE0BB685869BB689B78C3F30103DBB21A463B1D194626
:20D7C00009F03CF9BB685B69BA689278C2F30102D2B21A44BB685A61BB689B69BA6892783D
:20D7E000C2F30102D2B29A1ABB689A61BB689B69002B08D1BB685B6A002B04D001220021C5
:20D80000B868FFF7F7FE00BF1037BD4680BD80B582B000AFFFF79AFB0346FB7197F907309A
:20D820001846FFF7BDFB38603B681B6A9B78DAB23B681B6A02F07B02D2B29A703868FFF7C2
:20D84000C8FD3B685B6A002B04D0022200213868FFF7D0FE97F907301846FFF7B3FB00BF6B
:20D860000837BD4680BD80B584B000AFFFF76EFB0346BB7297F90A301846FFF791FB7860BA
:20D880000023FB607B689B7803F00303DBB2022B07D17B681B6A1B8A9BB2C3F30803FB6013
:20D8A00004E07B681B6A5B79DBB2FB607B681B6A1B79DBB203F03803FB72FB7A03F01003C1
:20D8C000002B0BD07B681B6A1B7FC3F30003DBB2002B03D1FB7A43F04003FB727B681B6A3B
:20D8E0001B79DAB27B681B6A22F03802D2B21A717868FFF76EFD7B685B6A002B05D0FB7AE7
:20D900001A46F9687868FFF775FE97F90A301846FFF758FB00BF1037BD4680BD80B483B0DF
:20D9200000AFEFF303837B607B683B603B88C3F308039BB2DBB2103BDBB25BB218460C3793
:20D94000BD465DF8047B704780B483B000AF03463960FB7197F9073004493A6841F82320A3
:20D9600000BF0C37BD465DF8047B70477844002080B483B000AF0346FB7197F90730044A5B
:20D9800052F8233018460C37BD465DF8047B70477844002080B483B000AF0346FB710B49C0
:20D9A00097F9073003F1C00251F8223023F4803341F82230054A97F90730C03352F8233054
:20D9C00000BF0C37BD465DF8047B70470060004080B584B000AF0346FB7197F90730184625
:20D9E000FFF7D8FFBFF35F8F00BF97F90730FB60FB6803F01F02074997F907305B090120C6
:20DA000000FA02F2603341F8232000BF1037BD4680BD00BF00E100E080B584B000AF0346E2
:20DA2000B9607A60FB73BB68DAB2094997F90F301201D2B20B4483F8002397F90F30796881
:20DA40001846FFF781FF00BF1037BD4680BD00BF00E100E080B485B000AF0346FB7197F9CF
:20DA60000730FB60FB6803F01F020749FB685B09012000FA02F241F8232000BF1437BD46EE
:20DA80005DF8047B704700BF00E100E080B582B000AF0346FB7197F907301846FFF798FFFE
:20DAA00097F907301846FFF7D5FF00BF0837BD4680BDFFFF80B485B000AF0346FB7197F9DE
:20DAC0000730FB60FB6803F01F020B4997F907305B09012000FA02F2203341F82320BFF32E
:20DAE0004F8F00BFBFF36F8F00BF00BF1437BD465DF8047B704700BF00E100E080B584B099
:20DB000000AF0346B9607A60FB7397F90F307A68B9681846FFF780FF97F90F301846FFF7E4
:20DB2000B5FF00BF1037BD4680BDFFFF80B584B000AF786039607B68FB600023BB603B6845
:20DB40001B7803F5800303F58C531B021A46FB689A60FB683A685A603B689A69FB681A62C2
:20DB60003B68DA69FB689A62FB6800225A62F86800F020F9B860BB68002B01D0BB682AE052
:20DB8000F86800F043F83B6893F901003B685B79FA681946FFF7B2FF3B6893F902003B6817
:20DBA0009B79FA681946FFF7A9FF3B6893F903003B68DB79FA681946FFF7A0FF3B6893F944
:20DBC00004003B681B7AFA681946FFF797FFFB68034A1A60BB6818461037BD4680BD00BFCB
:20DBE0005349435380B586B000AFF860B9607A60FB70FB687B617B680022B968786900F0ED
:20DC00003BF9034618461837BD4680BD80B48FB000AF78607B685B683B623B6A1B6AFB61D7
:20DC20008023BB6100237B63E2233B630023FB62FF23BB6200237B62FB695B78C3F30103D1
:20DC4000DBB21A46BB691343BB61FB699B785BB2002B06DA7B6A43F004037B62FB699B783F
:20DC6000BB623B6A5B7A012B0BD1FB6A43F00403FB62FB6A43F00103FB627B6B43F00203F2
:20DC80007B633B6A9B7A012B08D13B6ADB7A002B10D1FB6A43F04003FB620BE0FB6A43F026
:20DCA0008003FB623B6ADB7A012B03D1FB6A43F04003FB623B6A5B7B002B03D13B6B43F0FF
:20DCC00008033B6300237B61EFF31083BB60BB687B610123FB60FB6883F3108800BF344BDF
:20DCE0005A683B6A1B7819464FF00043CB40DB432F4913404B602E4B5B687B693B613B694A
:20DD000083F3108800BF7B689B6800229A707B689B681B797B689B6884221A717B689B68AD
:20DD20004FF478429A827B689B68BA69D2B21A707B689B687A6BD2B29A707B689B683A6BCF
:20DD4000D2B29A717B689B68FA6912785A707B689B68BA6AD2B29A747B689B687A6AD2B2AD
:20DD6000DA717B689B68FA6AD2B25A737B689B6800221A727B689B6800225A727B689B686F
:20DD800000229A727B689B680022DA727B689B6800225A837B689B684022DA747B689B68A0
:20DDA00002221A7700BF3C37BD465DF8047B70470040084080B586B000AF786000237B6175
:20DDC0007B685B683B613B695B69002B1ED03B695B69FB60FB685B681B684FF400221A6035
:20DDE0007B689A68FB685B681B6805325A60FB689B681B68FA681068FA685268114698478F
:20DE000078617B69002B01D07B6930E03B691B69002B2BD03B691B69BB60BB685B681B685B
:20DE20004FF000621A607B689A68BB685B681B6803329A60BB689B681B68BA681068BA68E5
:20DE400052681146984778617B69002B0ED03B695B69002B08D03B695B699B681B6A3A690E
:20DE600052691268104698477B6900E07B6918461837BD4680BDFFFF90B589B000AFF86020
:20DE8000B9607A603B60FB689B689B78DBB203F03003002B01D0082370E0FB683A68DA6111
:20DEA000FB6800225A61FB6800229A61FB68BA68DA60FB687A681A61FB685B681B69002B4E
:20DEC00039D0FB683A685A61FB685B681B69FB61FB695B681B683A6892B2DA81BB68002B3A
:20DEE0000CD1FB695B681A68D37823F00C03D370FB695B681B68234A5A600CE0FB695B6808
:20DF00001A68D378022161F38303D370FB695B681B68BA685A60FB699B685B68FA69106869
:20DF2000FA695268126811469847B861BB69002B01D0BB6922E0FB685B685B69002B19D0B7
:20DF40007B68002B16D0FB683A689A61FB685B685B697B617B699B689C687B6918683B6815
:20DF60009BB27A680021A04738613B69002B01D03B6903E0F86800F007F80023184624377F
:20DF8000BD4690BD3444002080B584B000AF78602023FB607B681B69002B09D07B685B68FA
:20DFA0001B69002B04D17B685B685B69002B03D0FB6843F08003FB607B681B69002B03D09C
:20DFC000FB6843F05003FB607B689B689B78D9B2FB68DAB27B689B680A43D2B29A707B68E6
:20DFE0005B681B69002B25D17B685B685B69002B20D17B681B69002B1CD07B685B6893F983
:20E0000001301846FFF756FD786800F017F87B685B685B7A012B06D17B68DB69012B02D99D
:20E02000786800F00BF87B685B6893F901301846FFF710FD00BF1037BD4680BD80B483B09C
:20E0400000AF78607B685A697B68DB699A4216D27B68DB68002B09D07B68DA687B685B69B2
:20E060001A447B689B681278DA7003E07B689B680022DA707B685B695A1C7B685A6100BFD9
:20E080000C37BD465DF8047B704790B587B000AF78600B46FB707B685B6A7B617B69002B5D
:20E0A00003D107F108037B6105E07A6907F1080307CA83E807007B685B681B781A467B6922
:20E0C0001A607B69FA781A717B689A6A7B699A607B681B6A786998477B685B6A002B08D04D
:20E0E0007B685B6A1C4607F1080393E8070084E8070000BF1C37BD4690BD80B582B000AFA6
:20E10000FFF70CFC0346FB7197F907301846FFF741FC97F907301846FFF72AFC386038687B
:20E12000FFF78CFF3B685A693B68DB699A4210D13B681B69002B0CD13B689B689B78DBB2DF
:20E1400003F07B03DAB23B689B6842F00402D2B29A7000BF0837BD4680BD90B583B000AFF1
:20E16000FFF7DCFB0346FB7197F907301846FFF711FC97F907301846FFF7FAFB38603868AD
:20E18000FFF75CFF3B689A693B68DB699A420CD23B689A683B6819693B689B695C1C38685E
:20E1A00084610B445279D2B21A703B689A693B68DB699A420CD13B689B689B78DBB203F0D3
:20E1C0003B03DAB23B689B6842F00402D2B29A7000BF0C37BD4690BD80B582B000AFFFF7AB
:20E1E0009DFB0346FB7197F907301846FFF7C0FB38603B689B689B78DAB23B689B6802F087
:20E200000302D2B29A7001213868FFF73EFF97F907301846FFF7BEFB00BF0837BD4680BD64
:20E2200080B582B000AFFFF779FB0346FB7197F907301846FFF79CFB38603B689B689B78A6
:20E24000DAB23B689B6802F00302D2B29A703B689B681B793B689B6884221A710421386831
:20E26000FFF713FF97F907301846FFF793FB00BF0837BD4680BDFFFF80B483B000AF034652
:20E28000FB7197F90730002B0DDB0A4A97F907305B0952F82320FB7903F01F0322FA03F391
:20E2A00003F0010300E0002318460C37BD465DF8047B704700E100E080B483B000AFEFF37C
:20E2C00003837B607B683B603B88C3F308039BB2DBB2103BDBB25BB218460C37BD465DF823
:20E2E000047B704780B483B000AF03463960FB7197F9073004493A6841F8232000BF0C3750
:20E30000BD465DF8047B70477844002080B483B000AF0346FB7197F90730044A52F8233016
:20E3200018460C37BD465DF8047B70477844002080B483B000AF0346FB710B4997F90730EC
:20E3400003F1C00251F8223023F4803341F82230054A97F90730C03352F8233000BF0C376F
:20E36000BD465DF8047B70470060004080B584B000AF0346FB7197F907301846FFF7D8FFB0
:20E38000BFF35F8F00BF97F90730FB60FB6803F01F02074997F907305B09012000FA02F2FB
:20E3A000603341F8232000BF1037BD4680BD00BF00E100E080B584B000AF0346B9607A6034
:20E3C000FB73BB68DAB2094997F90F301201D2B20B4483F8002397F90F3079681846FFF777
:20E3E00081FF00BF1037BD4680BD00BF00E100E080B485B000AF0346FB7197F90730FB60E8
:20E40000FB6803F01F020749FB685B09012000FA02F241F8232000BF1437BD465DF8047B02
:20E42000704700BF00E100E080B582B000AF0346FB7197F907301846FFF798FF97F9073061
:20E440001846FFF7D5FF00BF0837BD4680BDFFFF80B485B000AF0346FB7197F90730FB6069
:20E46000FB6803F01F020B4997F907305B09012000FA02F2203341F82320BFF34F8F00BF79
:20E48000BFF36F8F00BF00BF1437BD465DF8047B704700BF00E100E080B584B000AF786005
:20E4A00039607B68FB600023BB60FB683A685A603B685A69FB68DA603B689A69FB685A61C1
:20E4C000FB6800221A61FB6800221A723968F86800F03EF93968F86800F0A4F9FB68034AC5
:20E4E0001A60BB6818461037BD4680BD4354520090B585B000AF786039600023FB607B68B6
:20E50000BB60002000F0E6F83B681B68DBB22C4C184600F08FFA0346A3703B685B68DBB2A1
:20E52000274C184600F086FA034623713B689B68DBB2184600F07EFA03461A46204B02F0BE
:20E540003F02D2B29A713B689B69DBB21C4C184600F070FA034623723B68DB68DBB2184CE2
:20E56000184600F067FA0346A3723B681B69DBB20133DBB2124C184600F05CFA0346237338
:20E580003B685B69DBB2643BDBB2184600F052FA03461A460A4BDA81BB685B681B78002BC4
:20E5A00005D1BB685B689B68184600F0ADF9012000F090F8FB6818461437BD4690BD00BFF4
:20E5C0000030084080B586B000AF786039607B687B6100233B617B695B6893F911301846E8
:20E5E000FFF74AFEF860FB68002B0AD10221012000F04CF97B695B6893F911301846FFF7DB
:20E6000013FF7B6900221A72314B9B78DBB2184600F036FA03461A463B681A602C4B1B79EB
:20E62000DBB2184600F02CFA03461A463B685A60274B9B79DBB203F03F03DBB2184600F0B0
:20E640001FFA03461A463B689A60214B1B7ADBB2184600F015FA03461A463B689A611C4BC2
:20E660009B7ADBB2184600F00BFA03461A463B68DA60174B1B7BDBB2184600F001FA034608
:20E680005A1E3B681A61124BDB899BB2DBB2184600F0F6F9034603F164023B685A617B6927
:20E6A0001B7ADBB2002BACD1FB68002B0AD10221002000F0EBF87B695B6893F9113018463F
:20E6C000FFF7C6FE3B6918461837BD4680BD00BF0030084080B483B000AF0346FB710E4A95
:20E6E000FB7903F00103D9B292F8243061F3000382F82430084B93F82430C3F30003DBB2A9
:20E700001A46FB799A42F5D100BF00BF0C37BD465DF8047B704700BF0030084080B400AF1A
:20E720000A4A92F8243043F0020382F82430074B93F82430C3F34003DBB2002BF7D100BF38
:20E7400000BFBD465DF8047B704700BF0030084080B584B000AF786039607B685B68304A8C
:20E760001B7882F828300121C82004F095FA0020FFF7B0FF7B685B681B78012B07D1284B32
:20E7800000225A853B685A68254B92B29A85244B002283F82420224B93F82430C3F3C0131B
:20E7A000DBB2002BF7D1FFF7B9FF1D4B002283F822201B4B93F82230DBB2002BF9D1184ABD
:20E7C00092F8243043F0400382F82430144B93F82430C3F38013DBB2012BF7D10023FB737E
:20E7E00016E00F49FB7B03F1200211F8123023F0800301F812300A4AFB7B203312F81330B9
:20E80000C3F3C013DBB2002BF5D1FB7B0133FB73FB7B002BE5D000BF00BF1037BD4680BD7E
:20E820000030084080B582B000AF786039603B6893F90F30002B08DB3B6893F90F003B687C
:20E840009B7B7A681946FFF7B5FD3B6893F90D30002B08DB3B6893F90D003B681B7B7A68E8
:20E860001946FFF7A7FD3B6893F91130002B08DB3B6893F911003B681B7C7A681946FFF770
:20E8800099FD00BF0837BD4680BDFFFF80B483B000AF03460A46FB711346BB71FB79002B67
:20E8A00014D0184B93F82230DAB21649BB791343DBB281F82230134B93F82230DAB2BB796C
:20E8C0001340DBB2BA799A42F5D114E00D4B93F82230DAB2BB79DB43DBB20A491340DBB2BC
:20E8E00081F82230074B93F82230DAB2BB791340DBB2002BF6D100BF0C37BD465DF8047BB3
:20E90000704700BF0030084080B485B000AF78600023FB737B681B78BB737B685B787B7340
:20E920007B689B783B737B685B68BB60334B93F82430C3F30013DBB21A46BB7B93421ED066
:20E940002E4B002283F82E202C4B93F82E30DBB2002BF9D1294ABB7B03F00103D9B292F8BC
:20E96000243061F3041382F82430244B93F82430C3F30013DBB21A46BB7B9A42F5D1BB7BF8
:20E98000012B1ED11D4B93F82430C3F34013DBB21A467B7B934214D0184A7B7B03F0010321
:20E9A000D9B292F8243061F3451382F82430134B93F82430C3F34013DBB21A467B7B9A426F
:20E9C000F5D13B7B9B01DAB2BB68DBB203F03F03DBB21343FB73094AFB7B82F82E30074B6A
:20E9E00093F82E30DBB2FA7B9A42F8D100BF00BF1437BD465DF8047B704700BF00300840F9
:20EA000080B582B000AFFFF757FC0346FB7197F907301846FFF77AFC38603B6801221A7267
:20EA200097F907301846FFF783FC00BF0837BD4680BDFFFF80B483B000AF0346FB71FB79C1
:20EA40000E4AA2FB0323DB08DBB25BB21B0158B2FA790A4BA3FB0213D9080B469B000B4461
:20EA60005B00D31ADBB25BB203435BB2DBB218460C37BD465DF8047B704700BFCDCCCCCCB5
:20EA800080B483B000AF0346FB71FB791B09DBB21A46920013445B00DAB2FB7903F00F03DD
:20EAA000DBB21344DBB218460C37BD465DF8047B7047FFFF80B584B000AF786039607B684C
:20EAC000FB60FB683A685A60386800F029F8B860BB68002B01D0BB6803E0FB68034A1A6004
:20EAE000002318461037BD4680BD00BF4D504C5280B584B000AF78607B68FB6000F008FAF4
:20EB0000012004F09BFAF86800F040F9B860012004F044FABB6818461037BD4680BDFFFF51
:20EB200080B586B000AF786000237B6100233B610023FB60012004F081FA00F0E9F97B6862
:20EB40001B78002B00F0D1807B681B78042B6BD17B68D3E908237149D3B281F802347B683A
:20EB6000D3E908014FF000024FF00003020A42EA01620B0A6949D3B281F803347B68D3E917
:20EB800008014FF000024FF00003020C42EA01420B0C6249D3B281F804347B68D3E90801CC
:20EBA0004FF000024FF00003020E42EA01220B0E5A49D3B281F805347B68D3E90A23574914
:20EBC000D3B281F80A347B68D3E90A014FF000024FF00003020A42EA01620B0A4F49D3B2FF
:20EBE00081F80B347B68D3E90A014FF000024FF00003020C42EA01420B0C4849D3B281F80D
:20EC00000C34FB6843F08003FB607B689B7F03F00303FA681343FB607B685B7F9B0103F0EB
:20EC20004003FA681343FB607B681B78032B3AD17B68D3E90423134301D101237B617B68FE
:20EC4000D3E9042335491346C1F898307B68D3E904014FF000024FF000030A0000232F49AD
:20EC60001346C1F888307B681B7F5B007A6913437B617B685B8B2A4AC3F3080399B2B2F8EA
:20EC8000003261F30803A2F800327B681A8B234BD2B283F894207B681B8B1B0A9AB21F4B0A
:20ECA000D2B283F895204FF480433B613B6943F400433B617B681B78002B7B681B78012B01
:20ECC0007B68D3E9022316491346C1F8A0317B68D3E902014FF000024FF000030A000023DC
:20ECE0000F491346C1F8A43102E04FF480433B610A4B3A6992B29A81084B7A69D2B283F8C5
:20ED00009220064BFA68D2B283F80024012004F045F9002318461837BD4680BD00E00140E7
:20ED20000060004080B483B000AF78607B68002B01D005231CE0114B1B78DBB2012B01D0C9
:20ED4000052315E00E4B1B78DBB2012B01D005230EE00C4B1B78DBB2012B01D0052307E087
:20ED6000094B1B78DBB2012B01D0052300E0002318460C37BD465DF8047B704738E001406F
:20ED800032E001402AE001404AE0014080B588B000AF78600023FB615A4B3B610023BB6177
:20EDA00000237B61584BFB60584B9B89C3F3C033DBB2012B62D1554B93F82630DBB2BB60D1
:20EDC0003B691B78DBB203F00303FB614F4B93F8AA30C3F30003DBB2BB614C4B93F8003463
:20EDE000C3F3C013DBB2002B13D1484B93F89230C3F30003DBB2012B07D1B868FFF792FF1D
:20EE00000346002B01D0052377E0002004F016F925E0002004F012F93C4A92F80E3423F082
:20EE2000010382F80E34394B93F80634374B002283F80624354B93F80734344B002283F81E
:20EE40000724324B93F80834304B002283F808242E4B93F809342D4B002283F80924FB6819
:20EE60001B78DBB2DB0903F001037B61FB681B78DBB203F07F03DAB2FB681A707B685B68A4
:20EE80001B78032B09D1214A92F8923043F0800382F892301D4B93F89230BFF34F8F00BF2A
:20EEA00030BF1A4A92F8923023F0800382F89230164B9B89C3F3C033DBB2012B1CD100F01D
:20EEC00027F8FB69DBB203F00303DAB23B691A70BB69DBB20D4A03F00103DBB282F8AA308F
:20EEE000FB681B78DAB27B69DBB21343DAB2FB681A70002004F052F8002318462037BD4617
:20EF000080BD00BFA0E0014040E0014000E0014080B400AF064B93F8AA30C3F30013DBB2C3
:20EF2000002BF7D100BF00BFBD465DF8047B704700E0014080B483B000AF0346FB800A4984
:20EF4000FB881B0A9BB21A46FB88DBB21201134451F82330C3F34003DBB218460C37BD461C
:20EF60005DF8047B704700BF0008084080B485B000AF0023FB60EFF310837B607B68FB60D3
:20EF80000123BB60BB6883F3108800BF0D4B1B68002B05D10C4B0022DA700B4B4022DA70A1
:20EFA000084B1B680133074A1360FB683B603B6883F3108800BF00BF1437BD465DF8047B34
:20EFC000704700BF74440020000D084080B485B000AF0023FB60EFF310837B607B68FB606A
:20EFE0000123BB60BB6883F3108800BF0F4B1B68002B04D00D4B1B68013B0C4A13600B4BD0
:20F000001B68002B05D10A4B0022DA70084B8022DA70FB683B603B6883F3108800BF00BF3F
:20F020001437BD465DF8047B704700BF74440020000D084080B584B000AF786039607B689F
:20F04000FB60FB68044A1A60386800F052F8002318461037BD4680BD54524F5080B584B09A
:20F0600000AFF8600B467A607B817B891846FFF761FF0346DAB27B681A70002318461037A0
:20F08000BD4680BD80B487B000AF78600B467B8013467B700023FB820023BB827B8823F098
:20F0A000FF037B827B88DBB23B823B8A012202FA03F3FB817B78002B02D1FB89BB8201E01B
:20F0C000FB89FB827B8A1B0A9BB2DBB25B0103F1804303F50023BB60BB8A1A04FB8A1A439D
:20F0E000BB689A60002318461C37BD465DF8047B704780B584B000AF7860786800F060F879
:20F100007B68BB60FFF732FF0023FB8111E0BB685A68FB89DB0013449888BB685A68FB8916
:20F12000DB0013441B68194600F00EF8FB890133FB81BB681B88FA899A42E8D3FFF746FF76
:20F1400000BF1037BD4680BD80B483B000AF03463960FB803B6803F48033002B1CD0174932
:20F16000FB881B0A9BB21A46FB88DBB212011A4451F8223023F4803341F822300F48FB88EF
:20F180001B0A9BB21946FB88DBB23A6822F4803209010B4440F823200849FB881B0A9BB20A
:20F1A0001A46FB88DBB2120113443A6841F8232000BF0C37BD465DF8047B70470008084077
:20F1C00080B588B000AF7860594B7B61594B3B610023FB619FE00023BB6195E07B685A6824
:20F1E000FB69DB0013449A885349BB6931F813309A4240F086807B685A68FB69DB001344DE
:20F200001B6803F0F853FB60FB68B3F1807F03D0FB68B3F1106F39D17B6993F8BB34DAB27F
:20F220000121BB6901FA03F3DBB21340DBB2002B13D1012003F002FF7B6993F8BB34DAB21C
:20F240000121BB6901FA03F3DBB21343DAB27B6983F8BB24012003F0A1FE3B69BA692032FE
:20F2600013F81230C3F3C013DBB2002B49D13A69BB6903F1200112F8113043F0800302F80F
:20F2800011300121C82003F007FD3AE07B6993F8BB34DAB20121BB6901FA03F3DBB2134011
:20F2A000DBB2002B15D0012003F0C8FE7B6993F8BB34DAB20121BB6901FA03F3DBB2DB430B
:20F2C000DBB21340DAB27B6983F8BB24012003F065FE3B69BA69203213F81230C3F3C0131E
:20F2E000DBB2002B0DD03A69BB6903F1200112F8113023F0800302F811300121C82003F084
:20F30000CBFCBB690133BB61BB69022B7FF666AFFB690133FB617B681B881A46FB699342C4
:20F32000FFF459AF00BF00BF2037BD4680BD00BF00E00140003008402887020080B483B04D
:20F3400000AFEFF303837B607B683B603B88C3F308039BB2DBB2103BDBB25BB218460C3759
:20F36000BD465DF8047B704780B483B000AF03463960FB7197F9073004493A6841F8232069
:20F3800000BF0C37BD465DF8047B70477844002080B483B000AF0346FB7197F90730044A21
:20F3A00052F8233018460C37BD465DF8047B70477844002080B483B000AF0346FB710B4986
:20F3C00097F9073003F1C00251F8223023F4803341F82230054A97F90730C03352F823301A
:20F3E00000BF0C37BD465DF8047B70470060004080B584B000AF0346FB7197F907301846EB
:20F40000FFF7D8FFBFF35F8F00BF97F90730FB60FB6803F01F02074997F907305B0901208B
:20F4200000FA02F2603341F8232000BF1037BD4680BD00BF00E100E080B584B000AF0346A8
:20F44000B9607A60FB73BB68DAB2094997F90F301201D2B20B4483F8002397F90F30796847
:20F460001846FFF781FF00BF1037BD4680BD00BF00E100E080B485B000AF0346FB7197F995
:20F480000730FB60FB6803F01F020749FB685B09012000FA02F241F8232000BF1437BD46B4
:20F4A0005DF8047B704700BF00E100E080B582B000AF0346FB7197F907301846FFF798FFC4
:20F4C00097F907301846FFF7D5FF00BF0837BD4680BDFFFF80B485B000AF0346FB7197F9A4
:20F4E0000730FB60FB6803F01F020B4997F907305B09012000FA02F2203341F82320BFF3F4
:20F500004F8F00BFBFF36F8F00BF00BF1437BD465DF8047B704700BF00E100E080B586B05C
:20F5200000AF786039607B687B613B6893F902207B691A712A4A7B6993F90430C03352F8D7
:20F5400023303B61264A7B6993F90430C033002142F823103B689A687B699A603B68DA68BF
:20F560007B69DA603B681A787B695A717B695B79FB731B4AFB7B0021D1543B681B791B01EF
:20F58000BB733B685B79DB01DAB2BB7B1343BB733B68DA78BB7B1343BB731149FB7BBA7BF0
:20F5A000CA540F497B6993F90430C0333A6941F823207B6993F90430002B08DB7B6993F9FD
:20F5C00004003B685B787A691946FFF735FF7B69044A1A60002318461837BD4680BD00BFCA
:20F5E000006000405543490080B584B000AF78607B68FB60FB6893F904301846FFF756FF90
:20F60000002318461037BD4680BD80B584B000AF78607B68FB60FB6893F90430002B0CDB7F
:20F62000FB6893F904301846FFF754FFFB6893F9043000211846FFF797FEFB6800221A60D4
:20F64000002318461037BD4680BDFFFF80B586B000AFFFF773FE0346BB7597F91630184676
:20F66000FFF796FE38610023FB753B695B79FB73174AFB7BD35CC3F30103DBB2BB73BB7B3D
:20F68000032B02D10123FB7504E097F916301846FFF790FE3B69002B0ED03B699B68002BBA
:20F6A0000AD03B695B79BB603B69DB687B603B699B683A1D10469847FB7D002B04D097F9E1
:20F6C00016301846FFF776FE00BF1837BD4680BD0060004080B483B000AFEFF303837B60D5
:20F6E0007B683B603B88C3F308039BB2DBB2103BDBB25BB218460C37BD465DF8047B70471A
:20F7000080B487B000AF0346FB710E4B1B6A7B61FB797A6922FA03F303F007033B617B697A
:20F720001B0E03F00703FB60074B1A68FB689A403B6922FA03F318461C37BD465DF8047BF9
:20F74000704700BF00E001400446002080B483B000AF03463960FB7197F9073004493A688E
:20F7600041F8232000BF0C37BD465DF8047B70477844002080B483B000AF0346FB7197F946
:20F780000730044A52F8233018460C37BD465DF8047B70477844002080B483B000AF0346DD
:20F7A000FB710B4997F9073003F1C00251F8223023F4803341F82230054A97F90730C03313
:20F7C00052F8233000BF0C37BD465DF8047B70470060004080B584B000AF0346FB7197F9FF
:20F7E00007301846FFF7D8FFBFF35F8F00BF97F90730FB60FB6803F01F02074997F9073098
:20F800005B09012000FA02F2603341F8232000BF1037BD4680BD00BF00E100E080B584B037
:20F8200000AF0346B9607A60FB73BB68DAB2094997F90F301201D2B20B4483F8002397F98B
:20F840000F3079681846FFF781FF00BF1037BD4680BD00BF00E100E080B485B000AF03468D
:20F86000FB7197F90730FB60FB6803F01F020749FB685B09012000FA02F241F8232000BF22
:20F880001437BD465DF8047B704700BF00E100E080B582B000AF0346FB7197F9073018461F
:20F8A000FFF798FF97F907301846FFF7D5FF00BF0837BD4680BD80B584B000AF0346B96014
:20F8C0007A60FB7397F90F307A68B9681846FFF7A5FF97F90F301846FFF7DAFF00BF103714
:20F8E000BD4680BD80B584B000AF786039607B68FB603B681B7C1A46012303FA02F2FB68EF
:20F90000DA603968F86800F009F93968F86800F037F9FB68034A1A60002318461037BD46A4
:20F9200080BD00BF5450470080B485B000AF78607B68FB60FB689B68FA68D2689A60002393
:20F9400018461437BD465DF8047B704780B485B000AF78607B68FB60FB689B68FA68D26840
:20F960005A60002318461437BD465DF8047B704780B485B000AF78607B68FB60FB689B68DF
:20F98000FA68D268DA60002318461437BD465DF8047B704780B58CB000AFF860B9607A60CC
:20F9A0007B6803F003037B62FB683B624FF0FF337B610023BB6107F114027B68B968386A4E
:20F9C00000F053FA386A00F09EF8F8613B6A9B681B6BFB62BB69002B29D10223BB627B6870
:20F9E00003F00803002B01D00423BB627B6803F00203002B11D03B6A99687A69BB6A1233EF
:20FA00009B000B445A603B6A9968BB6A01337A6912339B000B445A6009E03B6A99687A6A04
:20FA2000BB6A13447A6912339B000B445A607B6803F04003002B07D03B6A9B681A6C3B6A90
:20FA40009B6842F480021A647B6A012B08D0FB6A23F44033FB62BB691B04FA6A1343FB62DE
:20FA60007B68022B09D1BB69002B06D007F114020123B968386A00F0F8F97B6A002B08D0B9
:20FA8000FB6A23F04073FB62BB691B06FA6A1343FB623B6A9B68FA6A1A63FB6943F42543F6
:20FAA0001946386A00F024F8002318463037BD4680BD80B586B000AF786039607B687B61C7
:20FAC0007B699B685B6E3B613B690133FB603B68FA689A60786900F03DFA02463B685A60FB
:20FAE0003B6801221A70002318461837BD4680BD80B483B000AF7860396000BF0C37BD461A
:20FB00005DF8047B704780B483B000AF7860002318460C37BD465DF8047B704780B485B0B1
:20FB200000AF786039607B683A685A607B6801221A747B68DB6803F00603002B02D07B68D0
:20FB400000221A743B681B7C1A460C4B13441B02FB60FA687B689A603B685A697B685A61F2
:20FB60003B689A697B68DA617B6800229A6100BF1437BD465DF8047B704700BF9016400084
:20FB800080B592B000AF786039603B68DB69BB6300237B63EFF31083BB61BB697B63012311
:20FBA0007B617B6983F3108800BF934B1A693B681B7C19464FF00043CB40DB438E491340E9
:20FBC0000B618D4B1B697B6B3B613B6983F3108800BF7B689B684FF425421A607B689B687A
:20FBE0000022DA627B689B680022DA637B689B6800229A643B681B7A3B633B6BDB057B6421
:20FC00003B685B68013BFB623B681B78032B03D17B6C43F480337B647B689B687A6CDA62F5
:20FC2000786800F0EBF87B689B68BA6B9269DA617B689B68BA6BD2691A627B689B68FA6AC4
:20FC40009A667B689B68FA6A5A660023BB62BB6B9B6B3B644FF0FF33BB600023FB603B68E2
:20FC60001B78002B06D13B685B685B08013B7B627B6ABB603B681B78012B07D93B68D968E7
:20FC800007F108020023786800F0EFF87B689B68BA685A657B689B68BA689A653B681B7884
:20FCA000032B07D97B689B68BA68DA657B689B68BA681A66FB681B04BA6A1343BB62FB68EB
:20FCC0001B06BA6A1343BB62BB6B9B6B002B1ED1BB6B1B78002B0AD0BB6B5B781946386870
:20FCE00000F04FF938623A6C3B6A13433B64BB6B9B78002B0BD0BB6BDB781946386800F04B
:20FD000040F9F861FB691B043A6C13433B64786800F062F97B689B6800229A637B689B681D
:20FD20000022C3F88820BB6B9B6B002B0DD1BB6B93F820305B033A6C13433B64BB6B93F85E
:20FD400021305B073A6C13433B644FF4AA03FB63BB6B93F83030002B02D04FF4A003FB63B5
:20FD60007B689B68FA6B1A643B681B78012B07D17B689B680022DA647B689B6800221A65B3
:20FD80007B689B683A6C5A637B689B68BA6A42F003021A637B689B68BA6A42F001021A63A0
:20FDA0007B689B687A68D268DA604AF201517868FFF79EFE3B6893F912003B685B7C7A686A
:20FDC000194600F03CF8BB6B93F92400BB6B93F822307A68194600F032F8BB6B93F9250095
:20FDE000BB6B93F823307A68194600F028F800BF4837BD4680BD00BF0040084080B483B082
:20FE000000AF78607B689B684FF000421A617B689B684FF000425A617B689B684FF00042F0
:20FE20009A617B689B6800225A627B689B6800229A6200BF0C37BD465DF8047B704780B53A
:20FE400084B000AF0346B9607A60FB7397F90F30002B06DB97F90F307A68B9681846FFF714
:20FE60002AFD00BF1037BD4680BD80B48BB000AFF860B9607A603B60FB689B689B6EFB6146
:20FE8000FB690133FB61BB68002B0CBF01230023FB76BA68FB699A422CBF01230023BB76D8
:20FEA000FB7E002B02D1BB7E002B44D03B6803F00103002B07D1FB689B685B6BC3F30403CD
:20FEC000DBB27B6206E0FB689B685B6BC3F30443DBB27B62FB685B681B78032B09D97B6A91
:20FEE00003F01003002B0CBF0123002387F8233008E07B6A03F00C03042B0CBF01230023DD
:20FF000087F82330FB7E002B06D097F8233083F00103DBB2002B06D1BB7E002B07D097F8E3
:20FF20002330002B03D07B6802225A600CE07B6803225A6008E0BB687B617B69013B7B611E
:20FF40007B687A691A6000BF00BF2C37BD465DF8047B704780B584B000AF78607B689B681C
:20FF6000DB6AC3F3C353DBB2FB730020FFF7C8FBB860FB7BBA6822FA03F318461037BD4632
:20FF800080BD80B485B000AF78600B46FB70FB789A01FB781B01134343F48073BB60092314
:20FFA000FB607B681B78022B0BD07B681B78032B02D10323FB6004E0FB78002B01D10623F3
:20FFC000FB60BA68FB681343BB60BB6818461437BD465DF8047B704780B485B000AF786086
:20FFE0007B685B68DB69FB60FB6893F8303003F00103DBB2002B05D0FB689A6A7B689B689D
:020000040002F8
:20000000013ADA64FB6893F8303003F00203DBB2002B05D0FB68DA6A7B689B68013A1A654D
:2000200000BF1437BD465DF8047B704790B589B000AFF8600B467A60FB72FB689B69FB6148
:20004000FB69002B03D107F11003FB6105E0FA6907F1100307CA83E80700FB69FA7A1A71DD
:20006000FB697A689A60FB68DA69FB691A60FB685B69F8699847FB689B69002B08D0FB6888
:200080009B691C4607F1100393E8070084E8070000BF2437BD4690BD80B584B000AFFFF782
:2000A00019FB0346FB7397F90F301846FFF774FB97F90F301846FFF75DFBB860BB685B686A
:2000C0001B78012B20D1B868FFF71DFD7860BB689B68BA68D2689A60BB689B6800229A64A6
:2000E000BB689B680022DA64BB689B6800221A657B6843F425431946B868FFF7F9FC97F937
:200100000F301846FFF766FBBB685B69002B04D000220021B868FFF789FF00BF1037BD461B
:2001200080BD80B483B000AFEFF303837B607B683B603B88C3F308039BB2DBB2103BDBB275
:200140005BB218460C37BD465DF8047B7047FFFF80B487B000AF0346FB710E4B1B6A7B61DC
:20016000FB797A6922FA03F303F007033B617B691B0E03F00703FB60074B1A68FB689A4007
:200180003B6922FA03F318461C37BD465DF8047B704700BF00E001400446002080B400AF3D
:2001A000094B0122A3F80421074BB3F804319BB2002BF9D1044B0122A3F8002100BFBD46A4
:2001C0005DF8047B704700BF00C0014080B483B000AF03463960FB7197F9073004493A68BA
:2001E00041F8232000BF0C37BD465DF8047B70477844002080B483B000AF0346FB7197F9BC
:200200000730044A52F8233018460C37BD465DF8047B70477844002080B483B000AF034652
:20022000FB710B4997F9073003F1C00251F8223023F4803341F82230054A97F90730C03388
:2002400052F8233000BF0C37BD465DF8047B70470060004080B584B000AF0346FB7197F974
:2002600007301846FFF7D8FFBFF35F8F00BF97F90730FB60FB6803F01F02074997F907300D
:200280005B09012000FA02F2603341F8232000BF1037BD4680BD00BF00E100E080B584B0AD
:2002A00000AF0346B9607A60FB73BB68DAB2094997F90F301201D2B20B4483F8002397F901
:2002C0000F3079681846FFF781FF00BF1037BD4680BD00BF00E100E080B485B000AF034603
:2002E000FB7197F90730FB60FB6803F01F020749FB685B09012000FA02F241F8232000BF98
:200300001437BD465DF8047B704700BF00E100E080B582B000AF0346FB7197F90730184694
:20032000FFF798FF97F907301846FFF7D5FF00BF0837BD4680BDFFFF80B485B000AF0346A4
:20034000FB7197F90730FB60FB6803F01F020B4997F907305B09012000FA02F2203341F87E
:200360002320BFF34F8F00BFBFF36F8F00BF00BF1437BD465DF8047B704700BF00E100E064
:2003800080B584B000AF0346B9607A60FB7397F90F307A68B9681846FFF780FF97F90F3027
:2003A0001846FFF7B5FF00BF1037BD4680BDFFFF80B584B000AF786039607B68FB60002307
:2003C000BB60FB683A685A603B681B78002B23D03B685A68FB681A643B68DA68FB689A6463
:2003E000FB6800225A64184B01221A763B6893F911003B681B7CFA681946FFF7C1FF124B56
:2004000098221A753B6893F913003B689B7CFA681946FFF7B5FF05E00B4B00221A760A4BEA
:2004200000221A75F86800F0B1FAB860BB68002B01D0BB6803E0FB68044A1A60BB68184627
:200440001037BD4680BD00BF00E07F404E45504F80B586B000AFF860B9607A603B60FB6822
:200460003B6100237B613B685A083B699A633B69BA681A633B697A685A633B69002283F874
:200480003C207B68B3F1006F04D2386906F070FF786103E0386900F0C2F978617B6918460B
:2004A0001837BD4680BD80B588B000AFF860B9607A60FB687B610023FB617B69002283F807
:2004C0003C20BB68B3F1006F19D20023BB61BB68B3F5803F06D2BB6823F4FF5323F01F033D
:2004E000BB6105E0BB6823F4FF4323F07F03BB617A68B969786906F04FFFF8610EE0BB683B
:2005000023F03F033B617A683969786900F0DAFAF861FB69002B01D0FB6900E0FB69184602
:200520002037BD4680BD80B588B000AFF860B9607A603B60FB687B610023FB61BB68B3F19D
:20054000006F1DD27B69002283F83C203B6800221A70BB683B610023BB610CE03A69BB6960
:2005600013441B78FF2B03D03B6801221A700EE0BB690133BB61BA697B689A42EED306E059
:200580003B687A68B968786900F090F9F861FB6918462037BD4680BD80B483B000AF7860BB
:2005A00039600B4BB3F884309BB203F08103002B03D13B6800221A7002E03B6801221A70A9
:2005C000002318460C37BD465DF8047B704700BF00E07F4080B487B000AFF860B960134687
:2005E000FB80FB687B6100233B6106233B613B6918461C37BD465DF8047B704780B487B06F
:2006000000AFF860B9607A60FB687B6100233B6106233B613B6918461C37BD465DF8047BF1
:20062000704780B485B000AF78607B68FB600023BB600623BB60BB6818461437BD465DF82F
:20064000047B704780B584B000AF78607B68FB60F86806F091FE034618461037BD4680BD23
:2006600080B584B000AF78600B46FB701346BB707B68FB600023BB60BA78FB781946F8686A
:2006800006F082FEB860BB6818461037BD4680BD80B485B000AF78607B68FB600023BB6058
:2006A0000623BB60BB6818461437BD465DF8047B704780B584B000AF78607B68FB60F8680E
:2006C00000F064F9034618461037BD4680BDFFFF80B483B000AF786039603B68094A92E8AA
:2006E000030083E803003B68074A083392E8030083E80300002318460C37BD465DF8047BD4
:20070000704700BF50870200700A002080B584B000AF78607B68FB600023BB60FB680022FF
:200720001A60FB685B6893F91130002B06DBFB685B6893F911301846FFF7FEFD0B4B002286
:200740001A76FB685B6893F91330002B06DBFB685B6893F913301846FFF7EEFD034B002264
:200760001A75BB6818461037BD4680BD00E07F4080B487B000AFF860B9607A603B60FB68E0
:200780007B617B69BA681A647B697A689A647B693A685A64002318461C37BD465DF8047B46
:2007A000704780B485B000AF78600B46FB700623FB60FB6818461437BD465DF8047B7047B8
:2007C00080B485B000AF78600B46FB700623FB60FB6818461437BD465DF8047B704780B41B
:2007E00087B000AFF8600B467A60FB7206237B617B6918461C37BD465DF8047B704780B4C7
:2008000087B000AFF860B9607A603B6006237B617B6918461C37BD465DF8047B704780B5AF
:2008200086B000AF786000237B61786800F088FA78617B69002B01D07B6932E07B685B6855
:200840001B78002B06D07B68012283F83C2000233B6102E07B68DB683B613A69042178681C
:2008600006F096FD78617B685B681B78002B01D07B6916E018224FF48051786906F074FD71
:2008800078617B689B6B002B02D07B69002BE4D006F066FDF8607B69002B01D1FB687B6105
:2008A0007B6918461837BD4680BDFFFF80B588B000AFF860B9607A603B60F86800F040FADD
:2008C000F861FB69002B01D0FB6957E02D4B002283F8D0202B4ABB681363BA687B68134455
:2008E000284A013B5363284B71221A70264BD0221A70FB685B681B78002B08D0FB680322D3
:2009000083F83C203B6802221A70002336E0FB685B697A689208013202FB03F3BB6108E0A9
:20092000BB69002B02D11423FB610AE0BB69013BBB61144BD3F88030C3F3C033DBB2012B60
:20094000EED14FF4FC720021F86906F00DFDF8610C4B93F8D430DBB2012B03D13B68012213
:200960001A7002E03B6800221A7006F0F9FC7861FB69002B01D17B69FB61FB69184620373E
:20098000BD4680BD00E07F4000007E4080B586B000AF78607B68002283F83C201C20FFF7BA
:2009A000D7FB78611820FFF7D3FB38613E4B012283F816247B693D4A934202D84FF4FB73CB
:2009C0006EE07B6903F5742303F23F23384AA2FB03239B0CFB603B6903F5742303F23F232E
:2009E000334AA2FB03239B0CBB60FB689BB2314A03F5F0539BB2A2F8E430BB6843F6B8522E
:200A000002FB03F32C4AA2FB03239A087B689A60BB6840F6D86202FB03F3274AA2FB032371
:200A20009A087B68DA60BB685B00234AA2FB03239A087B681A61BB68542202FB03F31E4A55
:200A4000A2FB03239A087B685A61BB684FF4FA2202FB03F3184AA2FB03239A087B689A6179
:200A6000BB6844F2506202FB03F3134AA2FB03239A087B685A62BB68104A02FB03F30E4A4F
:200A8000A2FB03239A087B681A62BB680C4A02FB03F3094AA2FB03239A087B68DA6100232D
:200AA00018461837BD4680BD00E00140FF083D0083DE1B4300E07F40ABAAAAAA80DE0F0070
:200AC000A0F7030080B588B000AFF860B9607A600023FB61FB68BA681A63FB687A689A6352
:200AE000F86800F02DF9F861FB69002B02D04FF4FA7336E0FB685B681B78002B06D0FB68E3
:200B0000022283F83C200023BB6102E0FB685B6ABB61164B0122A3F8E020BA694021F86872
:200B200006F02EFCF861FB685B681B78002B01D0FB6916E019224FF40051F86906F014FCF7
:200B4000F861FB689B6B002B02D0FB69002BE4D006F006FC7861FB69002B01D17B69FB6121
:200B6000FB6918462037BD4680BD00BF00E07F4080B584B000AFFFF7D4FA0346BB7397F9DB
:200B80000E301846FFF736FBB8601E4B1B7CDBB27B601C4BD3F880201B4B13403B607B6809
:200BA00003F00803002B02D00423FB7319E07B6803F08003002B02D00523FB7311E07B68EC
:200BC00003F01003002B0AD03B6803F44053002B02D00723FB7304E00623FB7301E00723C2
:200BE000FB73B86806F0C8FB97F90E301846FFF713FBFB7B1946B86800F06EF800BF10372D
:200C0000BD4680BD00E07F404070F00080B584B000AF0023FB73FFF784FA03467B7397F971
:200C20000D301846FFF7E6FAB86097F90D301846FFF7F2FABB6893F83C30012B17D1BB68CD
:200C40009B6B002B0ED000220421B86806F0A0FB78607B68002B2BD0B86806F08DFB0723E4
:200C6000BB7325E00123BB730123FB7320E0BB6893F83C30022B0ED1BB689B6B002B05D00E
:200C800000224021B86806F07BFB11E00023BB730123FB730CE00123FB730E4B93F8D4300B
:200CA000DBB2012B02D10323BB7301E00223BB73FB7B002B0AD006F053FBBB68002283F8A1
:200CC0003C20BB7B1946B86800F006F800BF1037BD4680BD00E07F4080B586B000AF78603E
:200CE0000B46FB707B685B6C7B617B69002B03D107F10C037B6106E07A6907F10C0392E8A2
:200D0000030083E803007B69FA781A707B689A6C7B695A607B681B6C786998477B685B6C27
:200D2000002B08D07B685B6C1A4607F10C0393E8030082E8030000BF1837BD4680BDFFFF68
:200D400080B584B000AF78600023FB604FF49643BB607B685B681B78002B0DD07B685B6807
:200D600093F911301846FFF7D3FA7B685B6893F913301846FFF7CCFA0C4B4AF68022A3F822
:200D8000842008E0BB68002B02D14FF4FA7309E0BB68013BBB60054BB3F884309BB2802BEC
:200DA000F0D1FB6818461037BD4680BD00E07F4080B586B000AF786039607B687B6100F051
:200DC0007DF93B685B683B613B691B78FB7397F90F30002B01DA0B2319E097F90F300E4AD3
:200DE00052F82330002B01D0082310E07B69FA7B1A713B681B68002B05D03B681B681946B0
:200E0000786900F09BF97B69044A1A60002318461837BD4680BD00BF0000002000435444F7
:200E200080B584B000AF786039607B68FB60FB6893F90430184600F0EFF9F86800F0D2F977
:200E40003968F86800F07AF9F86800F01DF90346002B01D0132300E0002318461037BD46A2
:200E600080BDFFFF80B588B000AFF860B9607A607B80FB68FB61FB691B79FB7697F91B30D2
:200E80001F4A52F823307B6197F91B30184600F0C3F9F86900F0A6F91A4B08221A74BB685B
:200EA000002B02D0BA687B695A607B68002B02D07A687B699A607B69DB7823F03F03DBB2BC
:200EC000802B03D17B697A889A8109E07B69DB7823F03F03DBB2002B02D17B697A88DA8151
:200EE000084B18221A74F86900F0CEF80346002B01D0132300E0002318462037BD4680BD4D
:200F0000000000200054004080B483B000AF78600B46FB70062318460C37BD465DF8047BD2
:200F2000704780B483B000AF7860062318460C37BD465DF8047B704780B584B000AF7860C4
:200F40007B68FB60F86800F09FF8034618461037BD4680BD80B584B000AF78607B68FB6010
:200F6000FB6893F90430184600F056F9002318461037BD4680BDFFFF80B485B000AF7860BB
:200F800039607B68FB60FB6893F904301A461F4B53F82230BB603B6800221A603B680022D1
:200FA0005A60BB68DB7823F03F03DBB2002B1BD03B684FF480729A60BB68DB899BB2DAB2D7
:200FC0003B68DA60BB68DB7823F03F03DBB2802B14D13B684FF480321A60BB689B899BB2A6
:200FE0001A463B685A6009E03B684FF480329A60BB68DB899BB21A463B68DA600023184627
:201000001437BD465DF8047B704700BF0000002080B485B000AFF860B9607A603B600623F1
:2010200018461437BD465DF8047B704780B485B000AFF860B9607A603B60062318461437A9
:20104000BD465DF8047B704780B586B000AF78607B687B6100233B617B691B79FB7397F91C
:201060000F30184600F0D8F897F90F30054A002142F823107B6900221A603B691846183796
:20108000BD4680BD0000002080B483B000AF786009497B6893F9043003F1C00251F82230BC
:2010A00043F0807341F82230002318460C37BD465DF8047B704700BF0060004080B584B065
:2010C00000AF1A4B1B7883F00103DBB2002B29D0164B01221A700023FB60EFF310833B60A5
:2010E0003B68FB6001237B607B6883F3108800BF0F4B1B680E4A23F4800313600C4B1B6827
:20110000FB68BB60BB6883F3108800BF4FF4C0720021084805F082FC074B064A5A61064B5A
:2011200001221A7300BF1037BD4680BD3544002000400840000000200054004080B582B07D
:2011400000AF78603960386800F016F8084B08221A747B6893F904301946064A3B6842F897
:201160002130034B18221A7400BF0837BD4680BD005400400000002080B485B000AF786026
:201180000023FB60FB681B017A681344DB7823F03F03DBB2002B12D0FB681B017A6813441F
:2011A000DB899BB2FB72FB7A99B2FB681B017A6813440A46114609020A4492B2DA81FB6897
:2011C0005A1CFA601B017A6813449B7823F03F03DBB2002BD6D100BF00BF1437BD465DF802
:2011E000047B704780B485B000AF78607B6893F9043043F40043FB60064BDB899BB21A46EF
:20120000FB689342F8D000BF00BF1437BD465DF8047B70470054004080B483B000AF034684
:20122000FB71084997F9073003F1C00251F8223023F0807341F8223000BF0C37BD465DF8EE
:20124000047B70470060004080B485B000AF786039607B68FB600C4AFB6813603B681A68A0
:20126000FB689A603B685A68FB68DA60FB6800225A60FB68054A1A60002318461437BD46D5
:201280005DF8047B704700BF384400204347430080B588B000AFF8600B467A60FB72FB682C
:2012A000FB610023BB6100233B61FB7A052B02D0FB7A062B0DD107F1100307F11402F97A4D
:2012C000786800F0B7F9B861BB69002B01D0BB6929E0FB7A184600F0F5F803461A46FB7A5A
:2012E0001146184600F006F90346002B02D140F2931318E0012000F01AF8FB7A052B02D099
:20130000FB7A062B06D13B6907F11402F97A786800F0CEF9FB7A0021184600F019F901207D
:2013200000F01AF8002318462037BD4680BD80B582B000AF0346FB71012001F07FFEFB79C5
:20134000012B05D1002001F043FB002001F076FE00BF0837BD4680BD80B582B000AF03461A
:20136000FB71FB79012B07D1002001F017FE064B1B6A184600F07AF8012001F00FFE00BFEF
:201380000837BD4680BD00BF00E0014080B483B000AF78601A4B1B68B3F5004F01D000232D
:2013A00027E0184B93F83630DBB2002B17D0154B93F83830DBB2002B11D0124B93F83230FD
:2013C000DBB2002B0BD00F4B93F82A30DBB2002B05D00C4B93F84A30DBB2002B01D10023A5
:2013E00007E07B6803F0EE43002B01D0002300E0012318460C37BD465DF8047B704700BFEE
:201400000446002000E0014080B485B000AF78600B46FB70FB78002B0BD07B68FB60FB687B
:2014200003F0443323F480030E4A934201D0002311E00D4B93F82A30DBB2002B05D10A4B76
:2014400093F84A30DBB2002B01D0012300E0002303F00103DBB218461437BD465DF8047BD3
:20146000704700BF4444044400E0014080B584B000AF7860104B93F84030FB737868FFF77B
:2014800085FF0346002B03D0042001F0A1FA0FE0FB7B19467868FFF7B7FF0346002B07D036
:2014A000064B1B68064A934202D8032001F090FA00BF1037BD4680BD00E0014004460020EA
:2014C00040420F0080B483B000AF0346FB71FB79074A52F823301B78DBB2002B0CBF012314
:2014E0000023DBB218460C37BD465DF8047B7047E087020080B487B000AF03460A46FB7185
:201500001346BB7116237B61FB7901229A407B691340002B01D0012312E00C4B93F83C3029
:20152000DBB23B61FB793A6922FA03F303F00103FB60BB79FA689A420CBF01230023DBB2F6
:2015400018461C37BD465DF8047B704700E0014080B483B000AF03460A46FB711346BB718B
:20156000FB790A4A52F82330BA791A70FB79074A52F823301B78DBB2BA799A42F6D100BF32
:2015800000BF0C37BD465DF8047B7047E087020080B489B000AFF8600B467A60FB72114BEA
:2015A000FB61FB681B78002B01D10F4BFB61FB685B880133FA6902FB03F35B08BB61FB6874
:2015C0005B7801337B61BA697B69B2FBF3F33B617B683A691A60002318462437BD465DF8BE
:2015E000047B704700366E01002D310180B487B000AF78600023FB827B681B78002B01D1AC
:201600000123FB827B685B88BB827B685B787B82BB8A1B0203F47C52FB8A1B011A437B8A49
:201620001343FB60FB6818461C37BD465DF8047B7047FFFF80B588B000AFF8607A603B6070
:201640000B46FB72F868FFF7D1FFB861FB7A052B02D1154BFB6101E0144BFB61FB691B88B6
:201660009BB21A46BB69934209D0FB7A1846FFF729FF0346002B02D040F291130FE0FB7A7A
:201680007A681946F868FFF783FF78617B69002B01D07B6903E03B68BA691A6000231846F0
:2016A0002037BD4680BD00BF28E0014048E0014080B584B000AFF8607A603B600B46FB727F
:2016C000FB7A052B04D1094B3A6892B21A8504E0064B3A6892B2A3F84820FB7A79681846E5
:2016E00001F0B0F900BF1037BD4680BD00E0014080B483B000AF0346FB7197F90730002B2C
:201700000CDBFB7903F01F02074997F907305B09012000FA02F2403341F8232000BF0C37DF
:20172000BD465DF8047B704700E100E080B483B000AFEFF303837B607B683B603B88C3F30A
:2017400008039BB2DBB2103BDBB25BB218460C37BD465DF8047B704780B483B000AF034631
:201760003960FB7197F9073004493A6841F8232000BF0C37BD465DF8047B704778440020C6
:2017800080B483B000AF0346FB7197F90730044A52F8233018460C37BD465DF8047B70479D
:2017A0007844002080B483B000AF0346FB710B4997F9073003F1C00251F8223023F480334C
:2017C00041F82230054A97F90730C03352F8233000BF0C37BD465DF8047B704700600040A8
:2017E00080B584B000AF0346FB7197F907301846FFF7D8FFBFF35F8F00BF97F90730FB60A9
:20180000FB6803F01F02074997F907305B09012000FA02F2603341F8232000BF1037BD46AF
:2018200080BD00BF00E100E080B584B000AF0346B9607A60FB73BB68DAB2094997F90F3059
:201840001201D2B20B4483F8002397F90F3079681846FFF781FF00BF1037BD4680BD00BF7B
:2018600000E100E080B485B000AF0346FB7197F90730FB60FB6803F01F020749FB685B092A
:20188000012000FA02F241F8232000BF1437BD465DF8047B704700BF00E100E080B582B03E
:2018A00000AF0346FB7197F907301846FFF798FF97F907301846FFF7D5FF00BF0837BD4622
:2018C00080BD80B584B000AF0346B9607A60FB7397F90F307A68B9681846FFF7A5FF97F9AF
:2018E0000F301846FFF7DAFF00BF1037BD4680BD80B590B000AF786039607B68BB6200237E
:201900007B623B681B693B623B681B6803F58023A8331B03FB61BB6AFA695A600023BB618F
:20192000EFF310833B613B69BB610123FB60FB6883F3108800BF8F4B5A683B681B68C3F1B1
:201940000203012101FA03F3DB438A4913404B60884B5B68BB69BB60BB6883F3108800BFBB
:20196000BB6A3A681A603B689A68BB6ADA613B68DA68BB6A5A62BB6A00221A623B6A1A7861
:20198000BB6A1A7600220121B86A00F083FB3B6A1B7B1BB25B001AB23B6A1B7D1BB2DB00AA
:2019A0001BB213431BB243F4E0731BB29AB2FB69A3F840283B685B687B617B691B68013B48
:2019C0001A046D4B13407A695268013A12071A437B699B68013B1B021A437B69DB68013B90
:2019E0001B031343BA6A127E1A43FB69C3F8442800220221B86A00F04DFBFB69802283F8B7
:201A00005028FB6903F500734FF400720021184605F004F80023FB632CE03B6A9A68FB6BC0
:201A2000DB0013449B79002B16D13B6A1B69FA6B9A4211D2FB6B20331B01FA69D1183B6A3B
:201A40009A68FB6BDB0013441A46386A00F0F6F8402387F83B3002E0002387F83B30FA696D
:201A6000FB6B134403F5026397F83B201A70FB6B0133FB63FB6B1F2BCFD900237B63002364
:201A80003B632BE03B6A5A683B6B9B0013441B686FF0604293421ED23B6A5A683B6B9B00AD
:201AA00013441B68FB623B6A1B7B002B04D1FB6A9A04324B1340FB62FB693A6B02F5807292
:201AC000F96A43F822103B6B9B000F2202FA03F37A6B13437B633B6B01333B633B6A1B6918
:201AE0009B083A6B9A42CDD37B6BDA43FB69C3F8282400220021B86A00F0CCFAFA69B2F88C
:201B0000403843F02003A2F84038FB69B3F84038C3F34013DBB2002BF7D13B6893F9150091
:201B20003B681B7DBA6A1946FFF7CBFE3B6893F916003B681B7DBA6A1946FFF7C2FE3B68CC
:201B400093F917003B681B7DBA6A1946FFF7B9FEFB693E2283F84C28FB694FF0FF32C3F835
:201B60002C24BB6A064A9A607B6A18464037BD4680BD00BF004008400000FF030000FC1F48
:201B80004E41435280B58AB000AFF860B9607A60FB68BB61BB691B681B697B61BB695B684B
:201BA0003B613A69BB68134403F502631B78C3F3C013DBB2002B02D04EF663233AE0BB6862
:201BC00020331B013A6913447A681946786900F035F87B689B7903F00F03D9B23A69BB6810
:201BE00020331B011A44938861F3030393807B689B797B62BB6820331B013A6913440633F7
:201C00003B627B680C33FB6107E0FA69531CFB613B6A591C396212781A707B6A5A1E7A6292
:201C2000002BF2D13A69BB68134403F5026380221A70002318462837BD4680BD80B489B083
:201C400000AFF860B9607A60FB681B7BFB750023FB61FB7D002B06D0FB7D022B0AD17B68C6
:201C60001B79002B06D17B681B689A04114B1340BB610EE0FB7D022B06D17B681B79012BF2
:201C800002D14FF00043FB617B681B6823F06043BB617B685B799B073B61FA693B691A4302
:201CA000BB691A43BB681A6000BF2437BD465DF8047B70470000FC1F80B489B000AFF860CF
:201CC000B9607A60FB685B68BB61BA69BB6820331B0113441B687B617B699B0F03F00103DF
:201CE000DAB27B685A71FB681B681B693B613B691B7BB969BA68203212010A441268C2F344
:201D0000C072D2B21343DBB203F00103DAB27B681A717B681B79002B06D17B699B0CC3F37F
:201D20000A027B681A6004E07B6923F060427B681A60BA69BB6820331B0113449B88C3F37B
:201D40000303DBB21A467B689A717B689B79082B02D97B6808229A710023FB6112E0BA69F1
:201D6000BB681B011A44FB69134403F206231B78D9B27A68FB6913440C330A461A70FB69B5
:201D80000133FB617B689B791A46FB699342E6D3BA69BB68134403F5026344221A707B689D
:201DA00000229A6000BF2437BD465DF8047B7047B0B58EB000AF786039607B681B6A7B6356
:201DC0007B6B002B02D13B687B6317E07B6B07F10C041D460FCD0FC40FCD0FC495E8030078
:201DE00084E803007A6B3B6814461D460FCD0FC40FCD0FC495E8030084E803007B68DB69BB
:201E0000786B98477B681B6A002B0CD07B681B6A1D4607F10C040FCC0FC50FCC0FC594E8E4
:201E2000030085E8030000BF3837BD46B0BD80B590B000AFFFF77AFC03461846FFF7B2FCB6
:201E4000FFF774FC034687F83B3097F93B301846FFF796FC78633B4628220021184604F0EF
:201E6000DDFD0023FB637B6B5B683B633B6B93F84D38DBB2BB803B6B002283F84D283B6BE4
:201E8000B3F84238C3F30013DBB2002B22D0BB8843F020039BB2BB803B6B93F8533887F84E
:201EA0002F303B6B022283F853283B6B93F85238C3F30403DBB2FB633B6B97F82F2083F8A1
:201EC00053283A6BFB6B134403F50262137823F0040313707B6B1B681B683B607B6B5B6A6F
:201EE0003B61FB6BFB603B461946786BFFF760FF7B6B1B681B69BB623B6BB3F84238C3F3E2
:201F00000013DBB2002B0AD0BB6A1B7D002B06D07B6B1B6893F915301846FFF7E9FB00BF2D
:201F20004037BD4680BD80B590B000AFFFF7FEFB03461846FFF736FCFFF7F8FB034687F857
:201F40003F3097F93F301846FFF71AFCB8634FF480633B81BB6B5B687B637B6B93F85338E9
:201F600087F833307B6B002283F853287B6B93F85238C3F30403DBB2FB627B6B97F8332017
:201F800083F853283B1D14331A46F96AB86BFFF793FEFB6A3B61BB6B1B681B687B60BB6B11
:201FA0005B6A7B613B1D1946B86BFFF701FF7B6BB3F84238C3F30003DBB2002B04D097F9D0
:201FC0003F301846FFF794FB00BF4037BD4680BD80B590B000AFFFF7A9FB03461846FFF7DE
:201FE000E1FBFFF7A3FB034687F83F3097F93F301846FFF7C5FBB86300233B81BB6B5B6844
:202000007B637B6B93F8533887F833307B6B012283F853287B6B93F85238C3F30403DBB2C0
:20202000FB627B6B97F8332083F853287A6BFB6A134403F5026300221A707A6BFB6A13443A
:2020400003F5026300221A70FB6A3B613B8943F400639BB23B81BB6B1B681B687B60BB6BE2
:202060005B6A7B613B1D1946B86BFFF7A1FE7B6BB3F84238C3F34003DBB2002B06D0BB6B98
:202080001B6893F917301846FFF732FB00BF4037BD4680BD80B584B000AF78600B46FB7047
:2020A0001346BB707B685B68FB607B685B7BBA789A420DD00221786800F032F8FB68BA7845
:2020C00083F858287B68BA785A737B6802221A737B681B7BFA789A421ED0FB78052B13D153
:2020E0000221786800F01CF8FA68B2F8403843F48063A2F84038FB68B3F84238C3F3802348
:20210000DBB2012BF7D104E0FB781946786800F007F87B68FA781A7300BF1037BD4680BD91
:2021200080B485B000AF78600B46FB707B685B68FB60FA68B2F8403823F48063A2F8403862
:20214000FB7803F00303D9B2FA68B2F8403861F30923A2F84038FB68B3F842389BB203F4A6
:20216000E062FB781B029A42F5D100BF00BF1437BD465DF8047B704780B487B000AF034631
:20218000FB710E4B1B6A7B61FB797A6922FA03F303F007033B617B691B0E03F00703FB60B2
:2021A000074B1A68FB689A403B6922FA03F318461C37BD465DF8047B704700BF00E0014039
:2021C0000446002080B483B000AF03463960FB7197F9073004493A6841F8232000BF0C37FD
:2021E000BD465DF8047B70477844002080B483B000AF0346FB710B4997F9073003F1C002D9
:2022000051F8223023F4803341F82230054A97F90730C03352F8233000BF0C37BD465DF8CE
:20222000047B70470060004080B584B000AF0346FB7197F907301846FFF7D8FFBFF35F8F69
:2022400000BF97F90730FB60FB6803F01F02074997F907305B09012000FA02F2603341F8D0
:20226000232000BF1037BD4680BD00BF00E100E080B584B000AF0346B9607A60FB73BB6870
:20228000DAB2094997F90F301201D2B20B4483F8002397F90F3079681846FFF793FF00BFB8
:2022A0001037BD4680BD00BF00E100E080B485B000AF0346FB7197F90730FB60FB6803F0D2
:2022C0001F020749FB685B09012000FA02F241F8232000BF1437BD465DF8047B704700BFE4
:2022E00000E100E080B582B000AF0346FB7197F907301846FFF798FF97F907301846FFF785
:20230000D5FF00BF0837BD4680BD80B584B000AF0346B9607A60FB7397F90F307A68B96817
:202320001846FFF7A5FF97F90F301846FFF7DAFF00BF1037BD4680BD80B586B000AF786071
:2023400039607B687B613B685B693B617B693A685A603B68DA687B699A613B681A697B6914
:202360001A627B690022DA614FF40073FB603B681B881A46FB6802FB03F303F1804303F5E4
:20238000B8131A467B691A603968786900F09EF83B6893F906003B685B7A7A69194600F0CD
:2023A000C5FA3B6893F907003B689B7A7A69194600F0BCFA3B6993F907003B695B7A7A69F5
:2023C000194600F0B3FA3B6993F908003B699B7A7A69194600F0AAFA7B6900221A617B69D5
:2023E000034A9A60002318461837BD4680BD00BF4344415280B586B000AF786039603B687F
:202400007B617B683B610023FB607969386900F09BF97B691A683B691A61FB681846183747
:20242000BD4680BD80B485B000AF78607B68FB60FB681B68FA68928A1A8000231846143764
:20244000BD465DF8047B704780B485B000AF78607B68FB60FB681B6800221A80002318469D
:202460001437BD465DF8047B704780B485B000AF786039607B68FB60FB681B681B88C3F37D
:20248000C033DBB21A463B681A70002318461437BD465DF8047B704780B487B000AFF86063
:2024A0000B467A60FB72FB687B617B691B6897F90B20103233F812309AB27B681A80002388
:2024C00018461C37BD465DF8047B704780B48DB000AF786039603B685B697B623B689B7832
:2024E0005B03FB62FB6A43F41073FB627B6A9B78002B02D14FF4807300E00023FA6A1343BC
:20250000FB627B6A9B783F2B02D04FF4007300E00023FA6A1343FB627B6A1B79002B04D0E2
:20252000FB6A43F08003FB6207E07B6A9B783F2B03D1FB6A43F40043FB62FB6A9AB27B6836
:202540009A827B6A9B781B0203F47C527B6ADB7803F03F0313433B620023FB613B68DB78B0
:202560005B00FA691343FB613B681B79DB03FA691343FB617B6A5B785B01FA691343FB6198
:202580007B6A1B78BB6100237B61EFF310833B613B697B610123FB60FB6883F3108800BF68
:2025A000214BDA683B681B88C3F11003012101FA03F3DB431C491340CB601B4BDB687B69BF
:2025C000BB60BB6883F3108800BFFB6A99B27B681A6847F6FF530B409BB213807B681B68BB
:2025E0003A6A92B21A827B681B68FA6992B2DA817B681B68BA69D2B21A73002387F82B3058
:202600007B6A9B79012B02D1012387F82B307B681B6897F82B2083F8D02000BF3437BD46EC
:202620005DF8047B704700BF0040084080B586B000AF786039600023FB6007F10C0318465A
:2026400000F05AF83B681A683B685B6813433B6100237B613B6903F00053002B1ED0FA6857
:202660007B681B68D2B283F8DE203B681B6803F00053002B04D07B6943F480737B6103E0BF
:202680007B6943F480637B613B689B6803F00053002B03D07B6943F001037B613B6903F0E8
:2026A0008043002B1ED0FA687B681B68D2B283F8DF203B681B6803F08043002B04D07B69B9
:2026C00043F400737B6103E07B6943F400637B613B689B6803F08043002B03D07B6943F0C6
:2026E00002037B617B681B687A6992B25A8200BF1837BD4680BDFFFF80B584B000AF786054
:202700000420FFF739FDB860BB680D4AA2FB03239B0941F2360202FB03F30A4AA2FB0323FB
:202720009B0C0133FB60FB68062B01D80723FB607B68FA681A6000BF1037BD4680BD00BFAD
:20274000D34D621083DE1B4380B58CB000AF786039603B681B6823F0C043BB627B685B6898
:202760005B697B623B685B6823F0C0433B623B689B6823F0C043FB617B681B68BA6A92B2B9
:202780009A807B681B683A6A92B29A827B681B68FA6992B21A81BB6A1A0C7B681B6892B218
:2027A000DA803B6A1A0C7B681B6892B2DA82FB691A0C7B681B6892B25A8139687868FFF768
:2027C00035FF3B68DB68BB610023FB85BB69002B70D0BB691B89FB85BB691B8903F4006327
:2027E000002B4BD07B681B68BA691289A3F890207B681B68BA695289A3F89C207B681B6803
:20280000BA699289A3F89E20BB691B687B617B681B687A6992B2A3F894207B691B0C9AB26B
:202820007B681B6822F4C04292B2A3F896207B695B0FDAB27B681B6802F00302D2B283F84F
:202840009220BB695B683B617B681B683A6992B2A3F898203B691B0C9AB27B681B6822F410
:20286000C04292B2A3F89A203B695B0FDAB27B681B6802F00302D2B283F89320BB691B894C
:2028800003F40073002B15D0BB69997CBB69DA7C7B681B680A43D2B283F8A6207B681B682D
:2028A000BA69D289A3F8A8207B681B68BA69128AA3F8AA207B681B68FA8DA3F890207B6892
:2028C0001B683A68128AA3F880207B6A1B79002B22D07B681B681B889BB2FB60FB6823F03F
:2028E0001F03BA6ABA60BA68002A01D1202203E0BA68B2FA82F2D2B29B1A1F33FB607B682A
:202900001B68FA6892B21A807B689A8AFB689BB213439AB27B689A827B68034ADA6000BF73
:202920003037BD4680BD00BF4344415280B582B000AF03463A60FB710B46BB7197F907306E
:20294000002B06DBB97997F907303A681846FFF7DCFC00BF0837BD4680BDFFFF80B400AF85
:20296000094B0122A3F80421074BB3F804319BB2002BF9D1044B0122A3F8002100BFBD46BC
:202980005DF8047B704700BF00C0014080B483B000AF0346FB710D4B93F8A030C3F30013A5
:2029A000DBB2002BF7D1094AFB7982F8A030074B93F8A030C3F30013DBB2002BF7D100BFD1
:2029C00000BF0C37BD465DF8047B704700E0014080B582B000AF0346FB71FB79042B14D1F3
:2029E000174B93F8AA30C3F30013DBB2002BF7D1134B012283F8AA20114B93F8AA30C3F38A
:202A00000013DBB2002BF7D115E00D4B93F8AA30C3F30013DBB2002BF7D1094B002283F837
:202A2000AA20074B93F8AA30DBB2002BF9D1FB791846FFF7ABFF00BF0837BD4680BD00BF24
:202A400000E0014080B483B000AF786039607B68052B04D13B681B68064A536103E03B6836
:202A60001B68044A936100BF0C37BD465DF8047B704700BF080B002080B483B000AF0D4BA1
:202A800093F82630DBB27B600A4B1B6A1B0E03F007033B60084A7B6852F823203B6822FAD1
:202AA00003F3064A136000BF0C37BD465DF8047B704700BF00E00140080B00200446002050
:202AC00080B500AF0B4B012283F81C210A4B0B4A1A62094B052283F82620FFF7CDFF084B6A
:202AE000F1221A73064B00221A72054BF0221A7300BF80BD00C0014000E0014011120220E5
:202B00000020004080B500AF0B4B0C4A1A600A4B0B4A5A60084B4FF400429A60064B094A71
:202B2000DA60054B4FF400421A61034B064A5A61FFF7A2FF00BF80BD080B0020002D31018D
:202B400000127A0000366E0100E1F50580B500AF1B4B4AF20352A3F8FE23FFF7FFFEFFF7E9
:202B6000D1FF174B002283F81324154B092283F8A22000F031F8124B002283F83620104BC3
:202B800093F83C30C3F30003DBB2012BF7D10C4B41F211321A850A4B002283F82A20084B09
:202BA00093F83C30C3F34013DBB2012BF7D1FFF787FF034B4FF42542A3F8FE2300BF80BD68
:202BC00000E0014080B483B000AF786000BF0C37BD465DF8047B704780B500AF184B93F884
:202BE0008034DBB2002B07D1154B93F88134C3F30103DBB2012B1CD0114B93F88034DBB26A
:202C0000002B0DD10E4B012283F880240121C82000F042F80A4B93F88034DBB2012BF9D1C5
:202C2000074B022283F88124054B002283F8802404E04FF47A70FFF7C5FF00BF00BF80BDE7
:202C400000E0014080B500AF074B002283F82820012000F0F3F9054B002283F8BB2401204E
:202C600000F09CF900BF80BD0030084000E0014080B483B000AF786000BF0C37BD465DF8F2
:202C8000047B704780B485B000AFF860B9607A603B6000BE00BFFDE72DE9B04F90B000AF9B
:202CA000F861B9610023FB63FB69BA6902FB03F3BB63504B1B687B634F4A7B6BB2FBF3F37A
:202CC0003B63BB6B00223B617A61D7E904234FF000004FF00001590141EAD26150010246E0
:202CE0000B463969B2EB0108796963EB01094FF000024FF000034FEA890343EA98734FEA48
:202D0000880290469946D7E904120B4618EB03033B60134649EB03037B604FF000024FF0BB
:202D20000003D7E900894946CB00414643EA51734146CA00C7E90A23D7E90A23012B08D254
:202D4000BA6A3B6BB2FBF3F37B627B6A9B08FB6344E03B6B9B00BA6BB2FBF3F3BB63BB6BF2
:202D60000022BB60FA60D7E9028942464B464FF000004FF00001590141EAD2615001024688
:202D80000B464146541A494663EB01054FF000024FF00003AB0043EA9473A20014461D4649
:202DA000434614EB030A4B4645EB030B4FF000024FF000034FEACB0343EA5A734FEACA0226
:202DC00092469B46C7E90AABD7E90A23012B02D2BB6AFB6302E04FF0FF33FB63FB6B002B23
:202DE00002D0F86B00F00AF800BF4037BD46BDE8B08F00BF0446002000CA9A3BA0F1010035
:202E00000028FBD1704700BF80B582B000AF0346FB71FB79074A52F82330002B06D0FB79A6
:202E2000044A52F82330FA791046984700BF0837BD4680BD3C44002080B582B000AF144BAC
:202E4000B3F82031BB80124BB3F840319AB2BB8813407B800023FB710EE07A88FB7922FAD6
:202E600003F303F00103002B03D0FB791846FFF7CBFFFB790133FB71FB790D2BEDD9044A01
:202E80007B88A2F8303100BF0837BD4680BD00BF0060004080B58AB000AF032000F0CEF8A0
:202EA000394B6FF0FF029A643B1D0C22FF21184603F0B4FD00237B6221E0344A7B6A32F8FA
:202EC0001330002B18D07B6A5B097B617B6A03F01F033B617B699B0028333B4453F8242CED
:202EE00001213B6901FA03F3DB431A407B699B0028333B4443F8242C7B6A01337B627B6AE4
:202F00005F2BDAD9224BBB6100233B6218E03B6A9B00BA691A443B6A9B0028333B4453F80D
:202F2000243C13601B493B6A9B0028333B4453F8242C3B6AA03341F823203B6A01333B623B
:202F40003B6A022BE3D9032000F028F80023FB6112E00E4AFB6932F81330002B09D00B4ABD
:202F6000FB6932F813300C4A1946FB69C03342F82310FB690133FB61FB695F2BE9D900BFA4
:202F800000BF2837BD4680BD00800040088502007080004000E100E00060004080B487B088
:202FA00000AF0346FB7100237B61EFF31083FB60FB687B6101233B613B6983F3108800BF6E
:202FC000FB791A4A32F813309BB2002B09D0FB79164A32F8132092B2013A91B2134A22F8F1
:202FE0001310FB79114A32F813309BB2002B11D10F4BB3F8FE339AB20E4B13439AB2FB7927
:203000000D4931F81330DB439BB2094913409BB2A1F8FE337B69BB60BB6883F3108800BFD8
:2030200000BF1C37BD465DF8047B7047F845002000E0014000A5FFFFFC87020080B487B0DF
:2030400000AF0346FB7100237B61EFF31083FB60FB687B6101233B613B6983F3108800BFCD
:20306000FB79164A32F813309BB2002B0FD1144BB3F8FE339AB2FB79124931F8133013439F
:203080009AB20F49104B13439BB2A1F8FE33FB790A4A32F8132092B2013291B2074A22F87A
:2030A00013107B69BB60BB6883F3108800BF00BF1C37BD465DF8047B704700BFF845002042
:2030C00000E00140FC87020000A5FFFF80B584B000AF78607B68FB60144B1B68002B02D199
:2030E000124B134A1A60114B1B68BB60FB68033323F00303FB600D4B1A68FB6813440D4AAA
:20310000934207D903F092FC03460C221A604FF0FF3306E0054B1A68FB681344034A1360E5
:20312000BB6818461037BD4680BD00BF0046002008EB002008EB002080B500AF00F00CF864
:20314000F8F76EFD00BFFDE780B400AF00BE00BFBD465DF8047B704780B584B000AF3A4BE7
:203160004FF47002C3F88820374B384A9A600020F8F742FDFFF7EAFC0120F8F73DFD334B47
:203180001B68A3F500633B603B6883F30A8800BF2F4A304BD31A1A4600212E4803F03EFCA7
:2031A0002D4A2E4BD31A1A462D492C4803F046FC2C4A2D4BD31A9B107B600023FB6007E0ED
:2031C000294AFB6852F823309847FB680133FB60FA687B689A42F3DBFFF74EFCFFF732FD57
:2031E0000320FFF72BFF0023BB6009E01F4ABB6808334FF6FF7122F81310BB680133BB603A
:20320000BB68052BF2D90320FFF7C8FE0320FFF715FF174B00225A60154B00229A60144B6B
:203220000022DA60124B00221A610320FFF7B6FE0220F8F7E1FCFFF72DFE0020FFF718FD31
:2032400000BF1037BD4680BD00ED00E00000010004EB0020280B0020D00A0020800100205D
:2032600008960200CC0A0020C80A0020000D084000000E4080B588B000AF786000237B6130
:203280007B68002B22D00823DB437A689A421BD808227B6813447B607B6803F00703002BEA
:2032A00014D07B6803F00703C3F108033B613B69DB437A689A4204D87A683B6913447B60DB
:2032C00004E000237B6001E000237B6001F066FC624B1B68002B01D100F048F97B68002B6E
:2032E000C0F2A9807B68002B00F0A5805C4B1B687A689A4200F29F805A4BBB61594B1B68EF
:20330000FB61FB69584A934203D3FB69574A934218D9574B574AF5215748FFF7B3FCFB69D4
:20332000BB61FB691B68FB61FB694F4A934203D3FB694E4A934205D94D4B4E4AFB214E48F5
:20334000FFF7A0FCFB695B687A689A4203D9FB691B68002BE3D1414B1B68FA699A426AD0CC
:20336000BB691B68082213447B617B693E4A934203D37B693D4A934206D9404B3D4A40F2CF
:2033800005113D48FFF77EFCFB691A68BB691A60FB695B687A689A4206D9394B354A40F2A5
:2033A0000D113548FFF76EFCFB695A687B68D21A08235B009A421FD9FA697B681344FB60CB
:2033C000FB6803F00703002B06D02E4B294A4FF48B712948FFF756FCFB695A687B68D21AB3
:2033E000FB685A60FB697A685A60BB691A68FB681A60BB69FA681A60194B1A68FB695B6820
:20340000D31A174A1360164B1A681F4B1B689A4203D2134B1B681C4A1360FB695B6843F056
:203420000042FB695A60FB6900221A60174B1B680133164A136001F0BFFB7B6903F00703B4
:20344000002B06D0124B0B4A40F257110A48FFF719FC7B6918462037BD4680BD10E60020D3
:2034600014E6002008E600200846002007E6002004880200548B020078880200B8880200F6
:203480002C8902006089020018E600201CE600209489020080B584B000AF78607B68FB60FD
:2034A0007B68002B4CD008235B42FA681344FB60FB68BB60BB68244A934203D3BB68234ABC
:2034C000934206D9224B234A4FF4B5712248FFF7D9FBBB685B68002B06DB204B1D4A40F2CB
:2034E0006B111D48FFF7CEFBBB681B68002B06D01B4B184A4FF4B6711748FFF7C3FBBB681D
:203500005B68002B1CDABB681B68002B18D1BB685B6823F00042BB685A6001F03FFBBB68A7
:203520005A68104B1B6813440E4A1360B86800F077F80D4B1B6801330B4A136001F03CFB4B
:2035400000BF1037BD4680BD0846002007E60020D0890200648B020078880200408A020090
:20356000B48A020014E6002020E6002080B485B000AF4FF42043BB60244BFB60FB6803F0D2
:203580000703002B0CD0FB680733FB60FB6823F00703FB60BA68FB68D31A1C4A1344BB60FD
:2035A000FB681B4A13601A4B00225A60FA68BB6813447B6008227B689B1A7B607B6823F045
:2035C00007037B607B68134A1360124B1B6800225A60104B1B6800221A60FB683B603B687C
:2035E0007A68D21A3B685A600A4B1A683B681A603B685B68084A13603B685B68074A136057
:2036000000BF1437BD465DF8047B70470846002008E6002010E6002018E6002014E6002048
:2036200080B584B000AF7860304BFB6002E0FB681B68FB60FB681B687A689A42F7D8FB68CB
:203640002A4A93420ED0FB68294A934203D3FB68284A934206D9284B284A4FF4FD71284833
:20366000FFF710FBFB68BB60FB685B68BA6813447A689A4208D1FB685A687B685B681A446C
:20368000FB685A60FB687B607B68BB607B685B68BA681A44FB681B689A4218D1FB681A681B
:2036A000184B1B689A420DD07B685A68FB681B685B681A447B685A60FB681B681A687B68D7
:2036C0001A6008E00F4B1A687B681A6003E0FB681A687B681A60FA687B689A4202D0FB68D4
:2036E0007A681A6000BF1037BD4680BD08E600200846002007E60020DC8A0200708B02003A
:203700007888020010E6002080B483B000AF78607B6803F108027B685A607B684FF0FF32D2
:203720009A607B6803F108027B68DA607B6803F108027B681A617B6800221A6000BF0C37D1
:20374000BD465DF8047B704780B483B000AF78607B6800221A6100BF0C37BD465DF8047B94
:20376000704780B485B000AF786039603B681B68BB60BB68B3F1FF3F03D17B681B69FB602D
:203780000CE07B680833FB6002E0FB685B68FB60FB685B681B68BA689A42F6D2FB685A68CD
:2037A0003B685A603B685B683A689A603B68FA689A60FB683A685A603B687A681A617B6809
:2037C0001B685A1C7B681A6000BF1437BD465DF8047B704780B485B000AF78607B681B69A4
:2037E000FB607B685B687A6892689A607B689B687A6852685A60FB685B687A689A4203D1FE
:203800007B689A68FB685A607B6800221A61FB681B685A1EFB681A60FB681B68184614375C
:20382000BD465DF8047B704780B584B000AF786039600123FB607B68BB60BB68002B06D1CF
:203840003C4B3D4A40F237113C48FFF71BFABB68002B5ED0BB68DB6B002B5AD0BB681A6C6E
:20386000BB68DB6B0021A3FB0223002B00D001210B46002B4DD1F8F76FFBBB681A68BB6823
:20388000DB6BB968096C01FB03F31A44BB689A60BB6800229A63BB681A68BB685A60BB68F8
:2038A0001A68BB68DB6B013BB968096C01FB03F31A44BB68DA60BB68FF2283F84420BB6858
:2038C000FF2283F845203B68002B15D1BB681B69002B1BD0BB681033184601F07DFC0346FF
:2038E000002B13D0164B4FF080525A60BFF34F8F00BFBFF36F8F09E0BB6810331846FFF7EC
:2039000003FFBB6824331846FFF7FEFEF8F75CFB01E00023FB60FB68002B06D1094B064A2D
:203920004FF4B6710548FFF7ADF9FB6818461037BD4680BD8C8B0200008F0200948B020021
:2039400000ED00E0C08B020080B58AB002AFF860B9601346FB710023FB61FB68002B2ED0EC
:203960000021BA68FB68A3FB0223002B00D001210B46002B23D1FB68BA6802FB03F313F1D5
:203980004D0F1CD8FB68BA6802FB03F3BB61BB694C331846FFF76EFCF861FB69002B18D012
:2039A000FB697B617B694C337B61FA79FB69009313467A69B968F86800F016F809E0FB6916
:2039C000002B06D1054B064A40F22A210548FFF759F9FB6918462037BD4680BDE48B020069
:2039E000148F0200948B020080B584B000AFF860B9607A60FB70BB68002B03D1BB69BA69CA
:203A00001A6002E0BB697A681A60BB69FA68DA63BB69BA681A640121B869FFF705FFBB69E2
:203A200000229A6400BF1037BD4680BD80B582B000AF78607B68002B0ED07B6800229A6047
:203A40007B6800221A607B680022DA60002300220021786800F08AF800BF0837BD4680BDB2
:203A600080B586B000AF0346FB7101237B6100233B61FB791A4639697869FFF765FFF860AF
:203A8000F868FFF7D3FFFB6818461837BD4680BD90B585B000AF78607B68BB60BB68002B61
:203AA00006D1134B134A40F2FB211348FFF7EAF8BB689C6801F0A6FD03469C4211D1BB680C
:203AC000DB685A1EBB68DA60BB68DB68002B05D1002300220021B86800F048F80123FB6032
:203AE00001E00023FB60FB6818461437BD4690BDF08B0200288F0200948B020090B585B03A
:203B000000AF786039607B68BB60BB68002B06D1134B144A40F237311348FFF7B3F8BB68ED
:203B20009C6801F06FFD03469C4207D1BB68DB685A1CBB68DA600123FB600CE03968B868C0
:203B400000F0B6FAF860FB68002B04D0BB68DB685A1CBB68DA60FB6818461437BD4690BD76
:203B6000F08B0200448F0200948B020080B58AB000AFF860B9607A603B6000237B62FB686B
:203B80003B623B6A002B06D1794B7A4A40F2B6317948FFF777F8BB68002B0AD13B6A1B6CC5
:203BA000002B06D0754B734A40F2B7317248FFF769F83B68022B0AD13B6ADB6B012B06D0C4
:203BC0006F4B6C4A4FF46E716B48FFF75BF801F029FD0346002B00D009E07B68002B06D02F
:203BE000684B644A40F2BB316348FFF74BF8F8F7B3F93B6A9A6B3B6ADB6B9A4202D33B68DE
:203C0000022B49D13B6A9B6BFB613A68B968386A00F062FBB8613B6A9B6C002B15D03B682C
:203C2000022B02D1FB69002B32D1386A00F0F4FC0346002B2CD0544B4FF080525A60BFF3E4
:203C40004F8F00BFBFF36F8F22E03B6A5B6A002B11D03B6A2433184601F0BEFA0346002B28
:203C600016D0494B4FF080525A60BFF34F8F00BFBFF36F8F0CE0BB69002B09D0424B4FF020
:203C800080525A60BFF34F8F00BFBFF36F8F00BFF8F79AF9012366E07B68002B03D1F8F71D
:203CA00093F900235FE07B6A002B06D107F11003184601F06BFB01237B62F8F785F900F011
:203CC0006DFFF8F749F93B6A93F844305BB2B3F1FF3F03D13B6A002283F844203B6A93F80A
:203CE00045305BB2B3F1FF3F03D13B6A002283F84520F8F769F93A1D07F11003114618467D
:203D000001F05AFB0346002B25D1386A00F0E9FB0346002B19D03B6A10337A6811461846A1
:203D200001F0ECF9386A00F067FB00F045FF0346002B7FF45CAF144B4FF080525A60BFF3B7
:203D40004F8F00BFBFF36F8F0CE0386A00F054FB00F032FF4BE7386A00F04EFB00F02CFF00
:203D6000002300E043E718462837BD4680BD00BF8C8B0200608F0200948B0200008C0200A1
:203D8000588C0200A88C020000ED00E080B58EB000AFF860B9607A603B60FB683B633B6B8B
:203DA000002B06D14F4B504A40F291414F48FEF769FFBB68002B0AD13B6B1B6C002B06D07E
:203DC0004B4B494A40F292414848FEF75BFF3B68022B0AD13B6BDB6B012B06D0454B424A21
:203DE00040F293414148FEF74DFFF8F72BF9EFF31183BB61BB69FB621023FB61FB6983F364
:203E0000118800BF3B6B9A6B3B6BDB6B9A4202D33B68022B59D13B6B93F8453087F82B3088
:203E20003B6B9B6B7B623A68B968386B00F054FA97F92B30B3F1FF3F29D13B6B9B6C002BB6
:203E400012D03B68022B02D17B6A002B3AD1386B00F0E2FB0346002B34D07B68002B31D0CB
:203E60007B6801221A602DE03B6B5B6A002B29D03B6B2433184601F0AFF90346002B21D0CD
:203E80007B68002B1ED07B6801221A601AE000F0AFFF386297F92B303A6A9A4212D997F98E
:203EA0002B307F2B06D1144B0F4A40F21F510F48FEF7E8FE97F82B300133DBB25AB23B6B3D
:203EC00083F8452001237B6301E000237B63FB6A7B617B6983F3118800BF7B6B1846383778
:203EE000BD4680BD8C8B0200748F0200948B0200008C0200588C0200FC8C020080B58AB0D6
:203F000000AFF860B9607A6000237B62FB683B623B6A002B06D1604B604A40F2EA51604896
:203F2000FEF7B0FEBB68002B0AD13B6A1B6C002B06D05C4B594A40F2EE515948FEF7A2FE97
:203F400001F070FB0346002B00D009E07B68002B06D0554B514A40F2F3515148FEF792FE25
:203F6000F7F7FAFF3B6A9B6BFB61FB69002B21D0B968386A00F01AFAFB695A1E3B6A9A638E
:203F80003B6A1B69002B11D03B6A1033184601F023F90346002B09D0444B4FF080525A60F2
:203FA000BFF34F8F00BFBFF36F8F00BFF8F70CF801236CE07B68002B03D1F8F705F80023EF
:203FC00065E07B6A002B06D107F11403184601F0DDF901237B62F7F7F7FF00F0DFFDF7F7E2
:203FE000BBFF3B6A93F844305BB2B3F1FF3F03D13B6A002283F844203B6A93F845305BB248
:20400000B3F1FF3F03D13B6A002283F84520F7F7DBFF3A1D07F114031146184601F0CCF9AA
:204020000346002B24D1386A00F045FA0346002B18D03B6A24337A681146184601F05EF810
:20404000386A00F0D9F900F0B7FD0346002B87D1164B4FF080525A60BFF34F8F00BFBFF35F
:204060006F8F13E0386A00F0C7F900F0A5FD77E7386A00F0C1F900F09FFD386A00F01BFA8E
:204080000346002B3FF46CAF002300E068E718462837BD4680BD00BFA08D0200908F020000
:2040A000948B0200AC8D0200A88C020000ED00E080B58AB000AF7860396000237B627B682F
:2040C000FB6100233B62FB69002B06D1704B714A40F284617048FEF7D5FDFB691B6C002B3C
:2040E00006D06E4B6B4A4FF4D1616B48FEF7CAFD01F098FA0346002B00D009E03B68002B1A
:2041000006D0674B634A40F28D616348FEF7BAFDF7F722FFFB699B6BBB61BB69002B26D019
:20412000BB695A1EFB699A63FB691B68002B04D101F06CFC0246FB699A60FB691B69002B89
:2041400011D0FB691033184601F046F80346002B09D0544B4FF080525A60BFF34F8F00BF44
:20416000BFF36F8F00BFF7F72FFF01238CE03B68002B03D1F7F728FF002385E07B6A002BD5
:2041800006D107F10C03184601F000F901237B62F7F71AFF00F002FDF7F7DEFEFB6993F849
:2041A00044305BB2B3F1FF3F03D1FB69002283F84420FB6993F845305BB2B3F1FF3F03D13C
:2041C000FB69002283F84520F7F7FEFE3A4607F10C031146184601F0EFF80346002B33D103
:2041E000F86900F068F90346002B27D0FB691B68002B09D1F7F7B0FEFB699B68184601F064
:204200002FFA3862F7F7E0FEFB6924333A681146184600F073FFF86900F0EEF800F0CCFCAC
:204220000346002B7FF474AF1E4B4FF080525A60BFF34F8F00BFBFF36F8F24E0F86900F0EC
:20424000DBF800F0B9FC63E7F86900F0D5F800F0B3FCF86900F02FF90346002B3FF458AFB8
:204260003B6A002B0DD0F7F777FEF86900F01CF87861FB699B687969184601F01BFBF7F754
:20428000A3FE002300E043E718462837BD4680BDA08D0200A08F0200948B0200208D020023
:2042A000A88C020000ED00E080B485B000AF78607B685B6A002B06D07B681B6B1B68C3F1C2
:2042C0000F03FB6001E00023FB60FB6818461437BD465DF8047B704780B586B000AFF86006
:2042E000B9607A6000237B61FB689B6B3B61FB681B6C002B0DD1FB681B68002B4DD1FB6842
:204300009B68184601F03EFA7861FB6800229A6043E07B68002B19D1FB685868FB681B6C93
:204320001A46B96802F08AFBFB685A68FB681B6C1A44FB685A60FB685A68FB689B689A4294
:204340002BD3FB681A68FB685A6026E0FB68D868FB681B6C1A46B96802F070FBFB68DA6847
:20436000FB681B6C5B421A44FB68DA60FB68DA68FB681B689A4207D2FB689A68FB681B6C2C
:204380005B421A44FB68DA607B68022B05D13B69002B02D03B69013B3B613B695A1CFB6805
:2043A0009A637B6918461837BD4680BD80B582B000AF786039607B681B6C002B18D07B6848
:2043C000DA687B681B6C1A447B68DA607B68DA687B689B689A4203D37B681A687B68DA6077
:2043E0007B68D9687B681B6C1A46386802F026FB00BF0837BD4680BD80B584B000AF7860EE
:20440000F7F7AAFD7B6893F84530FB731EE07B689B6C002B08D0786800F0FEF80346002B91
:2044200010D001F02FF80DE07B685B6A002B12D07B682433184600F0CFFE0346002B01D048
:2044400001F020F8FB7B013BDBB2FB7397F90F30002BDCDC00E000BF7B68FF2283F8452071
:20446000F7F7B2FDF7F778FD7B6893F84430BB7311E07B681B69002B12D07B681033184643
:2044800000F0AAFE0346002B01D000F0FBFFBB7B013BDBB2BB7397F90E30002BE9DC00E08A
:2044A00000BF7B68FF2283F84420F7F78DFD00BF1037BD4680BD80B584B000AF7860F7F7BE
:2044C0004BFD7B689B6B002B02D10123FB6001E00023FB60F7F778FDFB6818461037BD4661
:2044E00080BD80B584B000AF7860F7F735FD7B689A6B7B68DB6B9A4202D10123FB6001E04F
:204500000023FB60F7F760FDFB6818461037BD4680BDFFFF80B584B000AF786039600023E0
:20452000BB607B68002B06D11D4B1E4A40F6CD311D48FEF7A7FB3B68002B24D00023FB603B
:204540001EE01A4AFB68DB0013445B687A689A4205D1FB68DB00154A1344BB6013E0BB68E8
:20456000002B0AD1114AFB6852F83330002B04D1FB68DB000D4A1344BB60FB680133FB60D1
:20458000FB68312BDDD9BB68002B05D0BB683A681A60BB687A685A6000BF1037BD4680BD3F
:2045A0009C8E0200B48F0200948B020024E6002080B586B000AFF860B9607A60FB687B619B
:2045C000F7F7CAFC7B6993F844305BB2B3F1FF3F03D17B69002283F844207B6993F84530B8
:2045E0005BB2B3F1FF3F03D17B69002283F84520F7F7EAFC7B699B6B002B06D17B69243317
:204600007A68B968184600F09FFD7869FFF7F4FE00BF1837BD4680BD80B586B000AF7860A4
:204620007B689B6C3B6100237B613B69002B06D12B4B2C4A40F6FC412B48FEF723FB3B69C6
:204640009A6B3B69DB6B9A4206D3284B254A40F6FD412548FEF716FB3B699A6B3B69DB6B5A
:204660009A4238D23B6993F84530FB733B1D002219463869FFF730FE786197F90F30B3F158
:20468000FF3F0ED13B695B6A002B24D03B692433184600F0A1FD0346002B1CD001237B612E
:2046A00019E000F0A5FBB86097F90F30BA689A4211D997F90F307F2B06D10D4B094A40F671
:2046C0001D510948FEF7DEFAFB7B0133DBB25AB23B6983F845207B6918461837BD4680BDB6
:2046E000A48E0200C88F0200948B0200B88E0200FC8C020080B58AB004AFF860B9607A60CD
:204700003B607B689B001846FEF7B4FD38613B69002B13D06C20FEF7ADFD78617B69002B1E
:2047200008D06C220021786902F078F97B693A691A6305E03869FEF7ADFE01E000237B61A4
:204740007B69002B0DD0002303937B6902937B6A01933B6A00933B687A68B968F86800F094
:2047600029F87B6918461837BD4680BD80B588B002AFF860B9607A603B607B6A01933B6A25
:2047800000933B687A68B968F868FFF7B3FF38613B69002B05D0386900F0A2F801237B6170
:2047A00002E04FF0FF337B617B6918461837BD4680BDFFFF80B586B000AFF860B9607A6096
:2047C0003B60BB6A186B7B689B001A46A52102F025F9BB6A1A6B7B6803F18043013B9B00C7
:2047E00013443B613B6923F007033B613B6903F00703002B06D0364B364A40F22E71364877
:20480000FEF740FABB6A3A695A64BB68002B20D000237B6114E0BA687B69134493F90010B9
:20482000BA6A7B69134434330A461A70BA687B69134493F90030002B06D07B6901337B61CA
:204840007B690F2BE7D900E000BFBB6A002283F843203B6A0E2B06D9204B1E4A40F264711F
:204860001D48FEF70FFA3B6A0E2B01D90E233B62BB6A3A6ADA62BB6A3A6A9A64BB6A043327
:204880001846FEF761FFBB6A18331846FEF75CFFBB6ABA6A1A613B6AC3F10F02BB6A9A61F9
:2048A000BB6ABA6A5A62BB6A196B3B68FA683869F7F7F6FA0246BB6A1A607B6A002B02D0FD
:2048C0007B6ABA6A1A6000BF1837BD4680BD00BFE88F0200709302002C9002005890020022
:2048E00080B584B000AF7860F7F736FB414B1B680133404A1360404B1B68002B09D13E4ACE
:204900007B6813603B4B1B68012B10D100F0E0FD0DE03A4B1B68002B09D1374B1B68DA6A1B
:204920007B68DB6A9A4202D8334A7B681360344B1B680133324A13607B68DA6A314B1B687B
:204940009A4203D97B68DB6A2E4A13607B68DA6A2D4913469B0013449B000B4404331B6800
:20496000FB607B68FA689A60FB689A687B68DA60FB689B687A6804325A607B681A1DFB6866
:204980009A607B68DA6A13469B0013449B001E4A1A447B685A617B68DA6A1B4913469B002D
:2049A00013449B000B441B687A68D26A591C164813469B0013449B0003441960F7F704FBAF
:2049C0000E4B1B68002B10D00B4B1B68DA6A7B68DB6A9A4209D20D4B4FF080525A60BFF31F
:2049E0004F8F00BFBFF36F8F00BF00BF1037BD4680BD00BF54E90020B4E7002060E9002025
:204A000070E900205CE90020B8E7002000ED00E080B584B000AF78600023FB607B68002BB0
:204A200013D000F0BBF8114B1B68012B06D0104B104A40F68E111048FEF724F9002178681A
:204A400000F0FCFF00F0B8F8F860FB68002B09D10A4B4FF080525A60BFF34F8F00BFBFF3EA
:204A60006F8F00BF00BF1037BD4680BD7CE90020B4900200889302002C90020000ED00E0C0
:204A800080B58AB002AF0123FB6100233B6100237B6113E01D4A7B69134493F900103A4607
:204AA0007B6913440A461A703A467B69134493F90030002B06D07B6901337B617B690F2B57
:204AC000E8DD00E000BF0023BB6115E0104B3B61BB699B000F4A134439460193002300930F
:204AE000002380223869FFF741FEF861FB69002B06D0BB690133BB61BB69002BE6DD00E0F7
:204B000000BFFB6918462037BD4680BD009102009D54020078E9002080B582B000AFFFF76A
:204B2000AFFF78607B68012B02D100F0F7FF78607B68012B12D101233B603B6883F31088ED
:204B400000BF0F4B4FF0FF321A600E4B01221A600D4B00221A60F7F7E7F90AE07B68B3F129
:204B6000FF3F06D1094B0A4A40F6A9610948FEF789F8094B1B6800BF0837BD4680BD00BF9D
:204B800074E9002060E9002058E9002008910200949302002C900200E48F020080B400AFF4
:204BA000044B1B680133034A136000BFBD465DF8047B70477CE9002080B588B000AF00231E
:204BC000FB610023BB61F7F7C7F900233B61744B1B68002B06D1734B734A40F68B71734821
:204BE000FEF750F86E4B1B68013B6D4A13606C4B1B68002B40F0CD806D4B1B68002B00F09E
:204C0000C8808FE06B4BDB68DB68FB61FB699B6AFB60FB69DB69FA69126A9A60FB691B6A17
:204C2000FA69D2695A60FB685A68FB6918339A4203D1FB691A6AFB685A60FB6900229A6211
:204C4000FB681B685A1EFB681A60FB695B69BB60FB699B68FA69D2689A60FB69DB68FA69CE
:204C600092685A60BB685A68FB6904339A4203D1FB69DA68BB685A60FB6900225A61BB6869
:204C80001B685A1EBB681A60FB69DA6A4A4B1B689A4203D9FB69DB6A474A1360FB69DA6AAF
:204CA000464913469B0013449B000B4404331B687B60FB697A689A607B689A68FB69DA60D8
:204CC0007B689B68FA6904325A60FB691A1D7B689A60FB69DA6A13469B0013449B00374A14
:204CE0001A44FB695A61FB69DA6A344913469B0013449B000B441B68FA69D26A591C2F48CF
:204D000013469B0013449B0003441960FB69DA6A2B4B1B68DB6A9A4204D92A4A3B69012114
:204D200042F82310234B1B68002B7FF46BAFFB69002B01D000F04AFC234B1B687B617B6916
:204D4000002B12D000F060F80346002B04D01D4A3B69012142F823107B69013B7B617B693C
:204D6000002BEFD1184B00221A60164A3B6952F82330002B0DD00123BB61114B1B68134B23
:204D80004FF080525A60BFF34F8F00BFBFF36F8F00BFF7F719F9BB6918462037BD4680BD71
:204DA0007CE900201C910200A89302002C90020054E9002014E900205CE90020B8E7002026
:204DC000B4E7002068E9002064E9002000ED00E080B483B000AF054B1B687B607B68184668
:204DE0000C37BD465DF8047B704700BF58E9002080B400AF034B1B681846BD465DF8047BD9
:204E0000704700BF54E9002080B588B000AF0023FB617D4B1B68002B40F0EB807B4B1B68CA
:204E20000133BB61794ABB691360BB69002B1CD1774B1B681B68002B06D0764B764A41F20F
:204E40005F217648FDF71EFF714B1B687B61744B1B686F4A1360724A7B691360714B1B6828
:204E60000133704A136000F0B1FB6F4B1B68BA699A42C0F0A980664B1B681B68002B04D169
:204E8000694B4FF0FF321A609EE0614B1B68DB68DB683B613B695B68FB60BA69FB689A4281
:204EA00003D2614AFB6813608EE03B695B69BB603B699B683A69D2689A603B69DB683A69A3
:204EC00092685A60BB685A683B6904339A4203D13B69DA68BB685A603B6900225A61BB6847
:204EE0001B685A1EBB681A603B699B6A002B1ED03B699B6A7B603B69DB693A69126A9A60D3
:204F00003B691B6A3A69D2695A607B685A683B6918339A4203D13B691A6A7B685A603B6923
:204F200000229A627B681B685A1E7B681A603B69DA6A3E4B1B689A4203D93B69DB6A3B4AFE
:204F400013603B69DA6A3A4913469B0013449B000B4404331B683B603B693A689A603B6806
:204F60009A683B69DA603B689B683A6904325A603B691A1D3B689A603B69DA6A13469B00C4
:204F800013449B002A4A1A443B695A613B69DA6A274913469B0013449B000B441B683A693B
:204FA000D26A591C224813469B0013449B00034419603B69DA6A1F4B1B68DB6A9A427FF6C5
:204FC0005AAF0123FB6156E71A4B1B68DA6A184913469B0013449B000B441B68012B01D9C0
:204FE0000123FB61144B1B68002B07D00123FB6104E0124B1B680133104A1360FB69184646
:205000002037BD4680BD00BF7CE9002058E900200CE900206C910200B89302002C90020035
:2050200010E900206CE9002074E900205CE90020B8E70020B4E7002068E9002064E90020A8
:2050400080B582B000AF254B1B68002B03D0244B01221A603EE0224B00221A60214B1B6827
:205060007B600CE07B68002B06D11F4B1F4A41F2FA311F48FDF706FE7B68013B7B601D4994
:205080007A6813469B0013449B000B441B68002BE8D07A6813469B0013449B00154A134415
:2050A0003B603B685B685A683B685A603B685A683B6808339A4203D13B68DA683B685A609B
:2050C0003B685B68DB680C4A1360064A7B681360094B1B6800BF0837BD4680BD7CE900201E
:2050E00068E900205CE90020E4910200CC9302002C900200B8E70020B4E7002080B582B063
:2051000000AF786039607B68002B06D10A4B0B4A4FF4A4510A48FDF7B5FD0A4B1B6818338D
:2051200019467868FEF71DFB0121386800F086FC00BF0837BD4680BDF4910200E0930200B5
:205140002C900200B4E7002080B586B000AFF860B9607A60FB68002B06D11B4B1B4A41F20E
:20516000BE411B48FDF78EFDFB685B687B61194B1B687A69DA61174B1B687A6992681A6209
:20518000144B1A687B699B6818325A60114B1B6803F118027B699A600E4B1B68FA689A623E
:2051A000FB681B685A1CFB681A607B68002B02D04FF0FF33BB607968B86800F03FFC00BF5F
:2051C0001837BD4680BD00BFF4910200F89302002C900200B4E7002080B588B000AF786000
:2051E0007B68DB68DB68BB61BB69002B06D15E4B5E4A41F2F5415E48FDF744FDBB699B6A46
:205200007B61BB69DB69BA69126A9A60BB691B6ABA69D2695A607B695A68BB6918339A42FF
:2052200003D1BB691A6A7B695A60BB6900229A627B691B685A1E7B691A604E4B1B68002B8E
:2052400061D1BB695B69FB60BB699B68BA69D2689A60BB69DB68BA6992685A60FB685A68F8
:20526000BB6904339A4203D1BB69DA68FB685A60BB6900225A61FB681B685A1EFB681A6064
:20528000BB69DA6A3C4B1B689A4203D9BB69DB6A394A1360BB69DA6A384913469B00134451
:2052A0009B000B4404331B68BB60BB69BA689A60BB689A68BB69DA60BB689B68BA690432ED
:2052C0005A60BB691A1DBB689A60BB69DA6A13469B0013449B00294A1A44BB695A61BB697A
:2052E000DA6A264913469B0013449B000B441B68BA69D26A591C214813469B0013449B0020
:20530000034419601BE01E4B5B683B61BB693A69DA613B699A68BB691A623B699B68BA69F8
:2053200018325A60BB6903F118023B699A60BB69134A9A62124B1B680133114A1360BB6916
:20534000DA6A104B1B68DB6A9A4205D90123FB610D4B01221A6001E00023FB61FB69184695
:205360002037BD4680BD00BF2C920200189402002C9002007CE900205CE90020B8E7002002
:2053800014E90020B4E7002068E9002080B483B000AF7860064B1A687B681A60054B1A68D4
:2053A0007B685A6000BF0C37BD465DF8047B70476CE9002058E9002080B586B000AF7860F8
:2053C00039607B68002B06D1284B294A41F2A5512848FDF757FC3B68002B06D1264B244A05
:2053E00041F2A6512348FDF74DFCF6F7B5FD234B1B683B617B685B683A69D31AFB603B687B
:205400001B68B3F1FF3F02D100237B6126E07B681A681B4B1B689A420AD07B685B683A6902
:205420009A4205D301237B613B6800221A6015E03B681B68FA689A420BD23B681A68FB68BB
:20544000D21A3B681A607868FFF7A0FF00237B6104E03B6800221A6001237B61F6F7B4FD0E
:205460007B6918461837BD4680BD00BF3C920200349402002C9002004892020058E9002007
:205480006CE9002080B400AF034B01221A6000BFBD465DF8047B704768E9002080B582B0A4
:2054A00000AF786000F054F8074B1B68012BF9D9064B4FF080525A60BFF34F8F00BFBFF339
:2054C0006F8F00BFEEE700BFB8E7002000ED00E080B582B000AF00237B600CE07A681346B4
:2054E0009B0013449B00124A13441846FEF70CF97B6801337B607B680E2BEFD90D48FEF7F4
:2055000003F90D48FEF700F90C48FEF7FDF80C48FEF7FAF80B48FEF7F7F80B4B054A1A607D
:205520000A4B054A1A6000BF0837BD4680BD00BFB8E70020E4E80020F8E8002014E9002088
:2055400028E9002040E900200CE9002010E9002080B582B000AF19E0F6F7FEFC104BDB680F
:20556000DB687B607B6804331846FEF733F90D4B1B68013B0B4A13600B4B1B68013B0A4A2C
:205580001360F6F721FD786800F010F8064B1B68002BE1D100BF00BF0837BD4680BD00BF48
:2055A00028E9002054E900203CE9002080B582B000AF78607B681B6B1846FDF76BFF786825
:2055C000FDF768FF00BF0837BD4680BD80B400AF0A4B1B681B68002B04D1094B4FF0FF3230
:2055E0001A6005E0054B1B68DB681B68044A136000BFBD465DF8047B704700BF0CE90020D1
:2056000074E9002080B483B000AF054B1B687B607B6818460C37BD465DF8047B704700BF78
:20562000B4E7002080B483B000AF0B4B1B68002B02D101237B6008E0084B1B68002B02D107
:2056400002237B6001E000237B607B6818460C37BD465DF8047B704760E900207CE900206B
:2056600080B586B000AF78607B683B6100237B617B68002B7BD03B69DA6A3F4B1B68DB6A27
:205680009A426BD23B699B69002B06DB3A4B1B68DB6AC3F10F023B699A613B6959693B6982
:2056A000DA6A13469B0013449B00344A134499424CD13B6904331846FEF78CF82E4B1B6845
:2056C000DA6A3B69DA623B69DA6A2D4B1B689A4203D93B69DB6A2A4A13603B69DA6A2749E3
:2056E00013469B0013449B000B4404331B68FB603B69FA689A60FB689A683B69DA60FB68BA
:205700009B683A6904325A603B691A1DFB689A603B69DA6A13469B0013449B00174A1A442E
:205720003B695A613B69DA6A144913469B0013449B000B441B683A69D26A591C0F48134609
:205740009B0013449B000344196004E00A4B1B68DA6A3B69DA6201237B6108E03B699A6C8A
:20576000054B1B68DB6A9A4201D201237B617B6918461837BD4680BDB4E70020B8E7002017
:205780005CE9002080B586B000AF78607B683B6100237B617B68002B78D03F4B1B683A692E
:2057A0009A4206D03D4B3E4A41F628213D48FDF769FA3B69DB6C002B06D13B4B384A41F69F
:2057C00029213848FDF75EFA3B69DB6C5A1E3B69DA643B69DA6A3B699B6C9A4256D03B6935
:2057E000DB6C002B52D13B6904331846FDF7F2FF3B699A6C3B69DA623B69DB6AC3F10F02BE
:205800003B699A613B69DA6A284B1B689A4203D93B69DB6A254A13603B69DA6A24491346DA
:205820009B0013449B000B4404331B68FB603B69FA689A60FB689A683B69DA60FB689B68CE
:205840003A6904325A603B691A1DFB689A603B69DA6A13469B0013449B00154A1A443B694E
:205860005A613B69DA6A124913469B0013449B000B441B683A69D26A591C0D4813469B00D5
:2058800013449B000344196001237B617B6918461837BD4680BD00BFB4E700207092020007
:2058A0004C9402002C900200889202005CE90020B8E7002080B588B000AF786039607B6898
:2058C000BB6101237B617B68002B00F08D80BB69DB6C002B06D1464B464A41F686214648A7
:2058E000FDF7D0F9BB699B6C3A689A4202D93B68FB6102E0BB699B6CFB61BB69DB6AFA6933
:205900009A4271D0BB69DB6C7A699A426CD13B4B1B68BA699A4206D1394B364A41F6A12127
:205920003548FDF7AFF9BB69DB6A3B61BB69FA69DA62BB699B69002B04DBFB69C3F10F022B
:20594000BB699A61BB6959693A6913469B0013449B002C4A1344994246D1BB690433184641
:20596000FDF738FFBB69DA6A274B1B689A4203D9BB69DB6A244A1360BB69DA6A2149134672
:205980009B0013449B000B4404331B68FB60BB69FA689A60FB689A68BB69DA60FB689B686D
:2059A000BA6904325A60BB691A1DFB689A60BB69DA6A13469B0013449B00124A1A44BB69F0
:2059C0005A61BB69DA6A0F4913469B0013449B000B441B68BA69D26A591C0A4813469B007A
:2059E00013449B000344196000BF2037BD4680BD88920200649402002C900200B4E7002010
:205A0000A0920200B8E700205CE9002080B483B000AF094B1B687B607B68002B04D07B68A1
:205A2000DB6C5A1C7B68DA647B6818460C37BD465DF8047B704700BFB4E7002080B588B08F
:205A400000AF786039602F4B1B68FB612E4B1B68BB612E4B1B687B612D4B1B68043318464D
:205A6000FDF7B8FE7B68B3F1FF3F24D13B68002B21D0284B5B683B61254B1B683A699A60A1
:205A8000234B1B683A699268DA60214B1A683B699B6804325A601E4B1B681A1D3B699A60F8
:205AA0001B4B1B681B4A5A611A4B1B680133194A136000BF22E0FA697B681344FB60144BD3
:205AC0001B68FA685A60FA68FB699A4207D2104B1B68043319467869FDF743FE0EE00C4BDD
:205AE0001B6804331946B869FDF73BFE0A4B1B68FA689A4202D2084AFB68136000BF203717
:205B0000BD4680BD58E900200CE9002010E90020B4E7002040E9002074E9002080B584B0CC
:205B200002AF00237B6000F0B3FA0F4B1B68002B0AD00E4B019303230093002380220C4977
:205B40000C48FEF713FE78607B68002B06D10A4B0A4A4FF4A3710A48FDF794F87B6818461B
:205B60000837BD4680BD00BFB0E90020B4E9002088940200E15C02009094020084950200D3
:205B80009894020080B588B002AFF860B9607A603B602820FDF76EFB78617B69002B0DD069
:205BA0007B69002283F824207B6901933B6A00933B687A68B968F86800F006F87B6918463A
:205BC0001837BD4680BDFFFF80B584B000AFF860B9607A603B60BB68002B06D1144B154A57
:205BE00040F2A9111448FDF74DF800F051FAFB69FA681A60FB69BA689A61FB693A68DA61E7
:205C0000FB69BA691A62FB6904331846FDF79CFD7B68002B08D0FB6993F8243043F0040398
:205C2000DAB2FB6983F8242000BF1037BD4680BDC49402009C9502009894020080B584B04B
:205C400000AFF860B9607A6008E0FB689B69BA681344BB60FB681B6AF8689847FB689A69DA
:205C6000BB68D118BB687A68F86800F0E1F80346002BEAD100BF00BF1037BD4680BDFFFFB8
:205C800080B584B000AF78603960144B1B68DB68DB68FB60FB6804331846FDF79BFDFB68D1
:205CA00093F8243003F00403002B05D03A687968F868FFF7C3FF08E0FB6893F8243023F033
:205CC0000103DAB2FB6883F82420FB681B6AF868984700BF1037BD4680BD00BFA8E9002035
:205CE00080B584B000AF786007F10803184600F05BF8F860BB681946F86800F005F800F0F9
:205D0000D9F800BFF0E7FFFF80B584B000AF78603960FEF743FF07F10803184600F068F8AD
:205D2000F860BB68002B31D13B68002B0AD17A68FB689A4206D8FEF73FFFF9687868FFF7A9
:205D40009FFF26E03B68002B08D0144B1B681B68002B01D1012300E000233B60104B1868FA
:205D60007A68FB68D31A3A681946FEF721FCFEF723FF0346002B0CD10A4B4FF080525A6056
:205D8000BFF34F8F00BFBFF36F8F02E0FEF714FFFFE700BF1037BD4680BD00BFACE900207A
:205DA000B0E9002000ED00E080B485B000AF78600E4B1B681B68002B01D1012200E00022EC
:205DC0007B681A607B681B68002B05D1074B1B68DB681B68FB6001E00023FB60FB681846E9
:205DE0001437BD465DF8047B704700BFA8E9002080B584B000AF7860FEF7EAFFF8600B4BDE
:205E00001B68FA689A4205D200F01CF97B6801221A6002E07B6800221A60044AFB681360E0
:205E2000FB6818461037BD4680BD00BFB8E9002080B586B000AFF860B9607A603B60002377
:205E40007B61FB68BA685A60FB68FA681A61BA687B689A4212D87A683B68D21AFB689B6944
:205E60009A4202D301237B611BE0104B1A68FB68043319461046FDF774FC12E07A683B686F
:205E80009A4206D2BA683B689A4202D301237B6107E0074B1A68FB68043319461046FDF7DA
:205EA00060FC7B6918461837BD4680BDACE90020A8E9002080B586B000AF3B1D00221A6041
:205EC0005A609A60A5E07B68002BC0F2A280FB687B617B695B69002B04D07B690433184648
:205EE000FDF778FC3B461846FFF782FF38617B68013B082B00F28A8001A252F823F000BF3E
:205F0000255F0200255F02008D5F0200A15F0200E35F0200255F0200255F02008D5F020047
:205F2000A15F02007B6993F8243043F00103DAB27B6983F82420BA687B699B69D118BB6820
:205F40003A697869FFF774FF0346002B60D07B6993F8243003F00403002B09D0BA687B69E9
:205F60009B6913443A6919467869FFF767FE08E07B6993F8243023F00103DAB27B6983F8DB
:205F800024207B691B6A7869984741E07B6993F8243023F00103DAB27B6983F8242038E052
:205FA0007B6993F8243043F00103DAB27B6983F82420BA687B699A617B699B69002B06D1CD
:205FC0001C4B1D4A4FF482611C48FCF75BFE7B699A693B69D1183B693A697869FFF728FF64
:205FE00017E07B6993F8243003F00203002B03D17869FDF74FFA0CE07B6993F8243023F010
:206000000103DAB27B6983F8242002E000BF00E000BF0B4B1B68391D00221846FDF76EFFFD
:206020000346002B7FF44FAF00BF00BF1837BD4680BD00BF54950200B4950200989402004B
:20604000B0E9002080B582B000AF09E00E4B1B68DB681B683B604FF0FF313868FFF710FE38
:20606000094B1B681B68002BF0D1074B1B687B60064B1B68044A1360044A7B68136000BF32
:206080000837BD4680BD00BFA8E90020ACE9002080B500AFF5F760FF124B1B68002B1DD134
:2060A0001148FDF731FB1148FDF72EFB104B0E4A1A60104B0D4A1A6000220C210A20FDF72B
:2060C00043FC0346074A1360064B1B68002B05D0044B1B6808491846FEF71CFAF5F774FFB5
:2060E00000BF80BDB0E9002080E9002094E90020A8E90020ACE900207C95020081F000419A
:2061000002E000BF83F0004330B54FEA41044FEA430594EA050F08BF90EA020F1FBF54EA44
:20612000000C55EA020C7FEA645C7FEA655C00F0E2804FEA5454D4EB5555B8BF6D420CDD08
:206140002C4480EA020281EA030382EA000083EA010180EA020281EA0303362D88BF30BD9F
:2061600011F0004F4FEA01314FF4801C4CEA113102D0404261EB410113F0004F4FEA03336A
:206180004CEA133302D0524263EB430394EA050F00F0A780A4F10104D5F1200E0DDB02FA6E
:2061A0000EFC22FA05F2801841F1000103FA0EF2801843FA05F359410EE0A5F120050EF1EB
:2061C000200E012A03FA0EFC28BF4CF0020C43FA05F3C01851EBE37101F0004507D54FF040
:2061E000000EDCF1000C7EEB00006EEB0101B1F5801F1BD3B1F5001F0CD349085FEA300053
:206200004FEA3C0C04F101044FEA445212F5800F80F09A80BCF1004F08BF5FEA500C50F16B
:20622000000041EB045141EA050130BD5FEA4C0C404141EB0101013C28BFB1F5801FE9D24B
:2062400091F0000F04BF01460020B1FA81F308BF2033A3F10B03B3F120020CDA0C3208DDDA
:2062600002F1140CC2F10C0201FA0CF021FA02F10CE002F11402D8BFC2F1200C01FA02F1EC
:2062800020FA0CFCDCBF41EA0C019040E41AA2BF01EB0451294330BD6FEA04041F3C1CDA8E
:2062A0000C340EDC04F11404C4F1200220FA04F001FA02F340EA030021FA04F345EA030160
:2062C00030BDC4F10C04C4F1200220FA02F001FA04F340EA0300294630BD21FA04F0294630
:2062E00030BD94F0000F83F4801306BF81F480110134013D4EE77FEA645C18BF7FEA655C77
:2063000029D094EA050F08BF90EA020F05D054EA000C04BF1946104630BD91EA030F1EBFB2
:206320000021002030BD5FEA545C05D14000494128BF41F0004130BD14F580043CBF01F5D2
:20634000801130BD01F0004545F0FE4141F470014FF0000030BD7FEA645C1ABF194610468C
:206360007FEA655C1CBF0B46024650EA013406BF52EA033591EA030F41F4002130BD00BF48
:2063800090F0000F04BF0021704730B54FF4806404F132044FF000054FF0000150E700BF22
:2063A00090F0000F04BF0021704730B54FF4806404F1320410F0004548BF40424FF000016E
:2063C0003EE700BF42004FEAE2014FEA31014FEA02701FBF12F07F4393F07F4F81F0605150
:2063E000704732F07F4208BF704793F07F4F04BF41F40021704730B54FF4607401F0004532
:2064000021F000411CE700BF50EA010208BF704730B54FF000050AE050EA010208BF7047DF
:2064200030B511F0004502D5404261EB41014FF4806404F132045FEA915C3FF4D8AE4FF0CA
:2064400003025FEADC0C18BF03325FEADC0C18BF033202EBDC02C2F1200300FA03FC20FA09
:2064600002F001FA03FE40EA0E0021FA02F11444BDE600BF70B54FF0FF0C4CF4E06C1CEA2D
:2064800011541DBF1CEA135594EA0C0F95EA0C0F00F0DEF82C4481EA030621EA4C5123EABB
:2064A0004C5350EA013518BF52EA033541F4801143F4801338D0A0FB02CE4FF00005E1FB5F
:2064C00002E506F00042E0FB03E54FF00006E1FB03569CF0000F18BF4EF0010EA4F1FF0409
:2064E000B6F5007F64F5407404D25FEA4E0E6D4146EB060642EAC62141EA55514FEAC520FD
:2065000040EA5E504FEACE2EB4F1FD0C88BFBCF5E06F1ED8BEF1004F08BF5FEA500E50F1D6
:20652000000041EB045170BD06F0004646EA010140EA020081EA0301B4EB5C04C2BFD4EB65
:206540000C0541EA045170BD41F480114FF0000E013C00F3AB8014F1360FDEBF002001F017
:20656000004170BDC4F10004203C35DA0C341BDC04F11404C4F1200500FA05F320FA04F06B
:2065800001FA05F240EA020001F0004221F0004110EBD37021FA04F642EB06015EEA430E38
:2065A00008BF20EAD37070BDC4F10C04C4F1200500FA04F320FA05F001FA04F240EA0200DE
:2065C00001F0004110EBD37041F100015EEA430E08BF20EAD37070BDC4F1200500FA05F273
:2065E0004EEA020E20FA04F301FA05F243EA020321FA04F001F0004121FA04F220EA0200C0
:2066000000EBD3705EEA430E08BF20EAD37070BD94F0000F0FD101F00046400041EB01015A
:2066200011F4801F08BF013CF7D041EA060195F0000F18BF704703F00046520043EB0303D8
:2066400013F4801F08BF013DF7D043EA0603704794EA0C0F0CEA135518BF95EA0C0F0CD097
:2066600050EA410618BF52EA4306D1D181EA030101F000414FF0000070BD50EA410606BF48
:206680001046194652EA430619D094EA0C0F02D150EA013613D195EA0C0F05D152EA033631
:2066A0001CBF104619460AD181EA030101F0004141F0FE4141F470014FF0000070BD41F01B
:2066C000FE4141F4780170BD70B54FF0FF0C4CF4E06C1CEA11541DBF1CEA135594EA0C0F57
:2066E00095EA0C0F00F0A7F8A4EB050481EA030E52EA03354FEA013100F088804FEA033317
:206700004FF0805545EA131343EA12634FEA022245EA111545EA10654FEA00260EF000417A
:206720009D4208BF964244F1FD0404F5407402D25B084FEA3202B61A65EB03055B084FEA90
:2067400032024FF480104FF4002CB6EB020E75EB030E22BFB61A754640EA0C005B084FEA63
:206760003202B6EB020E75EB030E22BFB61A754640EA5C005B084FEA3202B6EB020E75EBF0
:20678000030E22BFB61A754640EA9C005B084FEA3202B6EB020E75EB030E22BFB61A754658
:2067A00040EADC0055EA060E18D04FEA051545EA16754FEA06164FEAC30343EA52734FEA0C
:2067C000C2025FEA1C1CC0D111F4801F0BD141EA00014FF000004FF0004CB6E711F4801F2C
:2067E00004BF01430020B4F1FD0C88BFBCF5E06F3FF6AFAEB5EB030C04BFB6EB020C5FEA81
:20680000500C50F1000041EB045170BD0EF0004E4EEA113114EB5C04C2BFD4EB0C0541EA8C
:20682000045170BD41F480114FF0000E013C90E645EA060E8DE60CEA135594EA0C0F08BF9C
:2068400095EA0C0F3FF43BAF94EA0C0F0AD150EA01347FF434AF95EA0C0F7FF425AF104611
:2068600019462CE795EA0C0F06D152EA03353FF4FDAE1046194622E750EA410618BF52EA91
:2068800043067FF4C5AE50EA41047FF40DAF52EA43057FF4EBAE12E74FEA4102B2F1E04350
:2068A00024BFB3F5001CDCF1FE5C0DD901F0004C4FEAC0024CEA5070B2F1004F40EB830056
:2068C00008BF20F00100704711F0804F21D113F13872BCBF01F00040704741F480114FEA57
:2068E0005252C2F11802C2F1200C10FA0CF320FA02F018BF40F001004FEAC1234FEAD323DF
:2069000003FA0CFC40EA0C0023FA02F34FEA4303CCE77FEA625307D150EA01331EBF4FF078
:20692000FE4040F44000704701F0004040F0FE4040F40000704700BFD0B500220B4B06465C
:206940000F46FFF797FD00F015F80446FFF718FD0022074BFFF78EFD02460B463046394683
:20696000FFF7D0FB00F006F82146D0BD0000F03D0000F0414A0011D212F5001211D20DD50B
:206980006FF47873B3EB62520ED44FEAC12343F0004343EA505323FA02F070474FF000000D
:2069A000704750EA013002D14FF0FF3070474FF0000070470CB4184B30B50C1E9DB01D68C3
:2069C00008DA8B234FF0FF302B601DB0BDE8304002B070474FF402730290069002A9ADF8B3
:2069E000143014BF04F1FF332346209A2846049307934FF6FF73ADF8163021AB019300F0A5
:206A00007FF9431CBCBF8B232B60002CDDD0029B00221A70D9E700BF780A00200244034619
:206A2000934200D1704703F8011BF9E7014B1868704700BF780A0020704770470A44431E01
:206A4000914200D1704710B511F8014B914203F8014FF9D110BDFFFF38B50546002941D09C
:206A600051F8043C0C1F002BB8BFE41800F0E0F81D4A136833B9636014602846BDE838406C
:206A800000F0DCB8A34208D9206821188B4201BF19685B6809182160EDE71A465B680BB1C5
:206AA000A342FAD911685018A0420BD120680144501811608342E0D118685B680844536021
:206AC0001060DAE702D90C232B60D6E7206821188B4202BF19685B680918636008BF216074
:206AE0005460CAE738BD00BF00EB002070B50F4E0C460546316811B900F0A8FB3060214666
:206B0000284600F0A3FB431C03D14FF0FF34204670BDC41C24F00304A042F8D0211A2846F3
:206B200000F094FB0130F2D1EFE700BFFCEA00202DE9F843CD1C064625F0030508350C2D2E
:206B400038BF0C25002D01DBA94204D90C2333600020BDE8F883DFF8D48000F069F8D8F8EE
:206B600000301C4644BB29463046FFF7BFFF431C044658D1D8F800402746002F43D1002C2D
:206B80004BD023683946304604EB030900F05EFB814542D1216830466D1A2946FFF7A6FFAD
:206BA00001303AD023682B442360D8F800305A6862BBC8F800700FE02268521B20D40B2AFF
:206BC00017D96119A342256018BF5960636808BFC8F8001062514B60304600F02FF804F10F
:206BE0000B00231D20F00700C21A1CBF1B1AA350AFE76268A3420CBFC8F800205A60EBE7D8
:206C000023466468AEE73C467F68B6E71A465B68A342FBD100235360DEE70C2330463360FD
:206C200000F00CF894E70560D6E700BF00EB00200148FFF701BF00BFF8EA00200148FFF7FA
:206C4000FCBE00BFF8EA00202DE9F0471F468E6882460C46BE4290460B682DD8B1F90C20D3
:206C600012F4906F26D06569096905EB4505A3EB01097B1C05EBD5754B446D109D4238BF54
:206C80001D46530527D52946FFF752FF064660B34A462169FFF7D2FEA38923F4906343F0DF
:206CA0008003A38126614E446561A5EB090526603E46A560BE4200D93E46324641462068BD
:206CC00000F0AAFAA36800209B1BA360236833442360BDE8F0872A4600F0D6FA06460028F7
:206CE000E0D121695046FFF7B7FE0C234FF0FF30CAF80030A38943F04003A381E9E7FFFFF5
:206D00002DE9F04F98468B899DB007461B060D46144610D50B6973B94021FFF709FF286058
:206D2000286130B90C233B604FF0FF301DB0BDE8F08F40236B610023CDF80C804FF00109CC
:206D4000DFF8A081099320238DF8293030238DF82A3023469A4613F8012B0AB1252AF9D1F8
:206D6000BAEB040B0BD05B46224629463846FFF76BFF013000F0A780099A5A4409929AF878
:206D80000030002B00F09F8000234FF0FF320AF1010A049307938DF853301A93CDE905232C
:206DA000544605224F4814F8011B00F05FFA049AD8B9D00644BF20238DF85330110744BF9C
:206DC0002B238DF853309AF800302A2B15D0079A544600204FF00A0C214611F8013B303B9A
:206DE000092B4BD9B0B1079214E0A0EB0803A24609FA03F313430493D2E7039B191D1B68D9
:206E0000002B0391BBBF5B4242F0020207930793B8BF049223782E2B0AD163782A2B32D123
:206E2000039B02341A1D1B6843EAE37303920593DFF8C0A003222178504600F017FA38B19F
:206E4000A0EB0A004022049B013482401343049314F8011B062224488DF8281000F006FA4F
:206E6000002836D0214B1BBB039B073323F0070308330393099B334409936AE70CFB023299
:206E80000C460120A8E7002301344FF00A0C19460593204610F8012B303A092A03D9002B0E
:206EA000C6D00591C4E70CFB012104460123F0E703AB2A4604A9384600930D4BAFF3008037
:206EC000421C0646D6D1AB895B063FF52DAF09982CE703AB2A4604A938460093044B00F0ED
:206EE0007DF8EDE7CF950200D995020000000000496C0200D59502002DE9F04716469846C9
:206F00008A6807460B690C46DDF820909342B8BF1346336091F843200AB1013333602368B6
:206F2000990642BF336802333360256815F0060506D104F1190AE36832689B1AAB422BDC34
:206F400094F843302268003B18BF0123920630D404F1430241463846C847013023D02368D9
:206F60001A3454F80A2C03F00603042B0ABF54F80E5C002533684FF0000608BFED1A54F878
:206F8000123C08BF25EAE5759342C4BF9B1AED18B5421AD1002008E00123524641463846B6
:206FA000C847013003D14FF0FF30BDE8F0870135C1E7E1185A1C30200233224481F843003F
:206FC00094F8451082F84310C2E70123224641463846C8470130E6D00136D9E72DE9FF4780
:206FE0000F7E914680460C46782F9A460C9E01F1430207D8622F0AD8002F00F0D180582F64
:2070000000F0B88004F1420684F842703AE0A7F16303152BF6D801A151F823F075700200D2
:20702000897002000570020005700200057002000570020089700200057002000570020090
:20704000057002000570020087710200B3700200417102000570020005700200A971020065
:2070600005700200B370020005700200057002004971020033681A1D1B68326004F14206A6
:2070800084F8423001239CE033682068191D3160060601D51D6803E04506FBD5B3F9005017
:2070A000002D03DA2D236D4284F8433058480A2311E021683368080653F8045B02D4490619
:2070C00048BFADB26F2F3360514814BF0A230823002184F843106668002EA66005DB2168FA
:2070E0002E4321F0040121604BD01646B5FBF3F103FB1157C75D06F8017D2F460D46BB42B2
:20710000F4D9082B0BD12368DF0708D5236961689942DEBF302306F8013C06F1FF36921B11
:2071200022614B4603AA21464046CDF800A0FFF7E3FE01304AD14FF0FF3004B0BDE8F087DB
:20714000236843F02003236078273248236884F845701F06316851F8045B02D45F0648BF4E
:20716000ADB23160D90744BF43F0200323601DB11023ADE72648E9E7236823F0200323604C
:20718000F6E71646BDE733682568181D616930602E061B6801D5196002E06806FBD519809C
:2071A000002316462361BCE7336800211A1D32601E686268304600F059F808B1801B606089
:2071C00063682361002384F84330AAE72369324649464046D0470130ADD023689B0713D4CB
:2071E000E068039B9842B8BF1846A6E70123324649464046D04701309DD00135E3680399EA
:207200005B1AAB42F2DCEBE7002504F11906F5E7E0950200F1950200884210B501EB0204D7
:2072200002D98442234607D8431EA14208D011F8012B03F8012FF8E7024401468A4200D1E0
:2072400010BD13F8014D02F8014DF7E738B50023054D044608462B60FBF738FF431C02D102
:207260002B6803B1236038BDF4EA0020C9B20346024410B59342184601D1002003E00478FE
:2072800001338C42F6D110BD2DE9F041074614460D4621B91146BDE8F041FFF749BC2AB932
:2072A0002546FFF7D9FB2846BDE8F08100F01AF88442064602D8B4EB500FF4D82146384678
:2072C000FFF736FC804608B94546ECE7B4422246294628BF3246FFF7B1FB29463846FFF7F0
:2072E000BBFBF1E751F8043C181F002BBCBF0B58C018704700000805352E382E30000000A2
:207300004275696C7420776974682052656E6573617320416476616E63656420466C6578BB
:2073200069626C6520536F667477617265205061636B6167652076657273696F6E20352ED1
:20734000382E3000F8B500BFF8BC08BC9E467047F8B500BFF8BC08BC9E467047FFFFFFFF9D
:207360005FF800F0810100205FF800F0A10400205FF800F0190600205FF800F0F901002031
:207380005FF800F0350300205FF800F0190800205FF800F0A90300205FF800F07D060020C9
:2073A0004454555F43414E5F54785F5461736B004454555F554152545F54785F5461736BED
:2073C000000000004454555F446973705F5461736B0000004454555F554152545F52785FCF
:2073E0005461736B000000004454555F43414E5F52785F5461736B00537754696D65725F97
:207400005461736B00FFFFFF4F044F054F06440244004006400540040501050205034F071C
:2074200044014D0045044704470048044801480547014800470548024806470247034807A7
:2074400024074A0047074706440344074406440544044300430143024303410340073F03D0
:207460003F023F013F003F043F053F063F073E033E013E023E063E070B050A0309030803BD
:207480004803070306033E043E050504040004040B040B060B0705004B004E003E004600A0
:2074A0004307FFFF6500001901006600001901006700001901006800001901006900001900
:2074C00001006A00001901006B00001901006C00001901006D00001901006E00001901000D
:2074E0006F000019010070000019010071000019010072000019010073000219020074005E
:20750000021902007500001C01007600001A01007700001A01007800001901007900001975
:2075200001007A00001901007B00001901007C00001901007D00001901007E00001901005C
:207540007F00030000008000031B00008100021902008200030000008300001901008400C7
:2075600003000000850003000000860002190200870000190100880000190100890003000E
:2075800000008A00001901008B00030000008C00001901008D00001901008E0002190200C1
:2075A0008F00001901009000001901009100001901009200021902009300001901009400DD
:2075C000001901009500001901009600030000009700001C01009800001C0100C9000019FE
:2075E0000100CA0000190100CB0003000000CC0003000000CD0003000000CE000400000067
:20760000CF0004000000D00003000000D10003000000D20003000000D30003000000D40071
:20762000001B0100D50003000000D60003000000D70003000000D80003000000D9000300EC
:207640000000DA0003000000DB0003000000DC00030000002D01040000002E01000001002E
:207660002F01000001003001000001003101030000003201010001003301010001003401D2
:20768000001C01003501040000003601001901003701030000003801000001003901001D76
:2076A00001003A01001C01003B01000001003C01040000003D01030000003E010019010059
:2076C0003F01001901004001030000004101030000004201030000004301030000004401F5
:2076E000001901004501011901004601001D01004701001901004801040000004901001C95
:2077000001004A01001901004B01001C01004C01001901004D01001901004E01011C01005E
:207720004F01001C0100500100000100510100000100520104000000530104000000540133
:2077400003000000550103000000560103000000570103000000580103000000590103005F
:2077600000005A01030000005B01030000005C01030000005D01030000005E010300000029
:207780009001040000009101040000009201040000009301011F0100940104000000950143
:2077A000010001003F0006005B004F0066006D007D0007007F006F0000007F00FF031E00F4
:2077C000F706BF069E07BD07FD071F02FF079F070000FFFF3F0906011B060F0426062D06CD
:2077E0003D0601113F06270637068F1439008F10390231023D04360689101E0030233800DD
:20780000760176203F0033063F2033264D0481103E003009362840294011090908000000A0
:2078200000090006390037003300FFFF0D00D5000E006B007F00FF003D01D703B101AE0146
:20784000EA02FFFFFF011E02EF043F049E05BB05FB051F00FF05BF05FF07000019000D0072
:20786000170013001F00FFFF49035D033F003D0023017E03FF03FFFFD7063D027F00FF005A
:207880005F02FF0F303132333435363738394142434445464748494A4B4C4D4E4F50515241
:2078A000535455565758595A5F202F2D4B044B054B064B074B034B014B024A044A054A0623
:2078C0004A074A034A014A0249044905490649074903490149024E074E064E054E044E01BB
:2078E0004E034E024D074D064D054D044D014D034D020A040A050A060A070A020A000A0151
:207900000904090509060907090209000901080408050806080708020800080107040705A7
:207920000706070707020700070106040605060606070602060006014204420542064207B3
:207940004203420243064305430442004201400040014002400341074106410241014100E6
:2079600041044105450045014502450346074606460346024601460446054C004C014C0275
:207980004C034C074C064507450645054C044C05050704030401050505060402040703032D
:2079A00003070405040603010302030602060100020400000201020202030207020502006B
:2079C00001010103010700030001010401020105010600022503260626042504240124038B
:2079E0002507250625022402250124002505250027072803280026002605260726032706F5
:207A00002802260228012601270527042A072A022A00290029052907290329022A062906A9
:207A20002A05290429012A042B032C072C042B042A012A032B072B022C062B062C052B0557
:207A40002B012B002D032E062E042D042C012C032D072D062D022C022D012C002D052D002F
:207A60002F072F032F002E002E052E072E032F062F022E022F012E012F052F0431073102E1
:207A800031003000300530073003300231063006310530043001310432033307330432049B
:207AA000310131033207320233063206330532053201320034033506350434043301330361
:207AC000340734063402330234013300340534003607360336003500350535073503360626
:207AE0003602350236013501360536043807380238003700370537073703370238063706E5
:207B0000380537043701380439033A073A04390438013803390739023A0639063A05390596
:207B2000390139003B033C063C043B043A013A033B073B063B023A023B013A003B053B006E
:207B40003D073D033D003C003C053C073C033D063D023C023D013C013D053D04230422045A
:207B60002206220323032301230023052200230222012307230622022100200020032107B6
:207B800022072205210121052104210220012103210620021F001E001E021F0720072005A8
:207BA00020041F011F0420061F051F031F021F061E041D041D071D031E031E011E051D01A4
:207BC0001D001E061D051E071D021D061C041B041B061B031C031C011C001C051B001C02AB
:207BE0001B011C071C061B021A00190019031A071B071B051A011A051A041A0219011A03AA
:207C00001A06190218001700170218071907190519041801180419061805180318021806A3
:207C20001704160416071603170317011705160116001706160517071602160615041404A3
:207C40001406140315031501150015051400150214011507150614021300120012031307B5
:207C60001407140513011305130413021201130313061202110010001002110712071205A7
:207C80001204110111041206110511031102110610040F040F070F031003100110050F01A3
:207CA0000F0010060F0510070F020F060E040D040D060D030E030E010E000E050D000E02AA
:207CC0000D010E070E060D020C000B000B030C070D070D050C010C050C040C020B010C03A9
:207CE0000C060B02464F522035205345434F4E44530000004B4559204F46462057414954C1
:207D000000000000484947482054454D5045524154555245202D2056454849434C45204EFA
:207D20004545445320544F20434F4F4C20444F574E0000005245535441525420494E20338B
:207D4000204D494E000000005455524E204F4E20534C45455000000053455256494345204F
:207D600043454E5445520000434F4E54414354005448452056454849434C4500504C454113
:207D800053452043484152474500000046524F4D2056454849434C450000000053544159EC
:207DA0002041574159000000484947482054454D5000000043484152474552002021222379
:207DC00024252627282B2C2D2E2F30313233000053484152454400004C495645204C4F4359
:207DE0004154494F4E00000043414E43454C4C45440000004C4F434154494F4E2053484138
:207E000052450000544845524D414C205249534B00000000454D455247454E4359000000C6
:207E2000414C4552540000004F56455248454154494E470038303931323338303338000084
:207E400043414C4C20535550504F5254000000005245504C554720434841524745520000BE
:207E60004C4F434B2049535355450000434F4D504C45544500000000555044415445000014
:207E800041435449564500004C494D50204D4F4445000000454E41424C4544005345415497
:207EA0002F43484152474500464F52574152442041535349535400005052455353205000E0
:207EC00052455645525345204153534953540000544F205348555420444F574E0000000030
:207EE0004B4559204F464600335320544F20454E4741474500000000484F4C44205345545B
:207F000020464F5200000000544F2043484152474500000025303264202530326420414D49
:207F20000000000025303264202530326420504D0000000046554C4C204348415247452071
:207F4000425900005455524E204F4E20504F574552000000544F20554E504C554700000035
:207F60004B4559204F4E0000544F2053574954434820545249500000505245535320534522
:207F80004C000000335320544F2052455345540048494C4C20484F4C4400000053455256F9
:207FA00049434500424F4F4B205550434F4D494E470000004F5645524455450053484152FB
:207FC000494E475F20202020200000005550444154494E472020202020000000FF00FD814B
:207FE00000C0FD90A5B0C8E7FCE9F0F8E00040FF2033FF00000000000000000000000000F2
:20800000002627282B2C2DFF0000000000000000000026272C2DFF000000000000000000C3
:20802000000000262DFF0000000000000000000000000000252EFF0000000000000000009C
:20804000000000000024252E2FFF0000000000000000000000002324252E2F30FF00000083
:2080600000000000000000222324252E2F3031FF000000000000000021222324252E2F3079
:208080003132FF00000000000021222324252627283231302F2E2D2C2BFFFFFF04090001DB
:2080A00005000104000004000002000000000301000302005258315F44545500B48002004A
:2080C000060C160003010000AD560100000000000000000000000000000000000000000070
:2080E000010100000000000000000000FF000000E0800200FFDFFFDF0C1500000000000040
:2081000000000000000000000000000000000000000000000000000000000000000000005F
:2081200000000000000000000000FFFFDFDF00000000000000000000000000000000000083
:20814000000000000000000080F0FA020000000040787D0102021400750E010000000000E1
:2081600008810200FFFFFFFF02000000000000004000000000000000000000000000000036
:2081800000000000000100004000000000000000400000000000000000000000000000005E
:2081A0000000000000000000000000000000000000000000000000000000000000000000BF
:2081C0000000FFFFDFDF0000000000000000000000000000000000000000000000000000E3
:2081E00020A107000000000090D00300010213004D0E010000000000A081020001000000BE
:20820000000000000000000000000000000000000000000000000000000000000000FFFF60
:20822000DFDF000000000000000000000000000000000000000000000200000050C300006B
:208240000000000050C3000004FFDF000000000000000000FC810200060803030101000094
:208260000000000000000000000000000000000000000000000000000000000001110112D9
:20828000F04200206C82020068870200000100000C0900200F00FFFF00000000FFFF00006A
:2082A00000020000010D020E020F0210000000000000000075100100000000008C820200E5
:2082C00001000000000000010000000000090A0B0C02020202000000010000000000000069
:2082E00000000000550D010000000000C082020005FFFFFF10090020F08202009C43002029
:20830000F4820200B487020006FFFFFF2009002008830200A44300200C830200B4870200FA
:20832000010000FF0305060708020202020000000100000014830200FC820200F10B010001
:20834000000000002083020000000000400900206009002000000000200000000000000066
:2083600000000000000000000000000030090020710401000000000048830200020001025C
:2083800000013F3F000001DFDFFFFFFF00000000000FDFDF00FFFF000000000000000000D7
:2083A0008083020000000000000000000080000001000000000000000200000000800000B5
:2083C000030000000000000004000000008000000D000000008000000E00000000800000FB
:2083E0000F0000000000010400010000000001040101000000000000020100000500000059
:2084000003010000000000000401000000000000050100000400000006010000040000003E
:208420000701000000000100080100000004010609010000000401060A01000000000106F8
:208440000B010000050400000C010000050000000D010000000001000102000000000103DF
:208460000502000004000000060200000400000007020000050400000802000000000100C8
:208480000C020000000001000D020000000001000003000010400000010300000000000066
:2084A00002030000050400000303000005040000040300000400000000040000000001107F
:2084C0000104000000000110020400000400000007040000000C010508040000000C010541
:2084E00009040000000C01050A040000050C00000B04000004000000000500002B000000FB
:20850000A483020000000000A100A400A500A200A3009201930194019501C401C501C8015D
:20852000C701800181018201830131003000CF00D800560007000000000000000000000004
:2085400000000000000000000000000000000000000000000000000000000000000000001B
:208560000000000000000000000000000000000000000000000000000000000000000000FB
:208580000000000000000000000000000000000000000000000000000000000000000000DB
:2085A0000000000000000000000000000000000000000000000000000000000000000000BB
:2085C000000000000000000075635356434E756D626572203C3D2033000000002E2E2F7285
:2085E000612F6673702F7372632F726D5F6672656572746F735F706F72742F706F72742E0E
:20860000630000002828285343425F54797065202A2920282830784530303045303030551C
:208620004C29202B20307830443030554C2920292D3E4943535220262028307831464655E7
:208640004C202929203D3D20300000007578437269746963616C4E657374696E6700000082
:20866000756C43757272656E745072696F72697479203E3D2028282828312929203C3C203E
:208680002838202D2034292929203E3E202838202D203429000000005F5F4E5649435F47E4
:2086A00065745072696F7269747947726F7570696E672829203C3D202838202D20342920E0
:2086C0002D20310076506F727453564348616E646C65725F4300FFFF76506F7274456E7475
:2086E0006572437269746963616C00FF76506F727445786974437269746963616C00FFFF9B
:2087000076506F727456616C6964617465496E746572727570745072696F7269747900FFE6
:20872000FFFF00FF010203FF020403040404FFFF00000000FFFF0000002000008000000086
:2087400000000100FFFF07000080000080000000020000003087020000000008FF1F00082A
:208760004000000004000000B103020051040200A704020027050200D10602000D070200DE
:2087800099050200FD05020023060200D505020045060200B3060200610602009106020024
:2087A00071070200A3070200C1070200DF070200FF070200B10D0200210E0200650E020073
:2087C000390F0200550F0200090F0200230F0200790F020049100200111002002D10020054
:2087E00036E0014038E0014090E4014032E0014080E401402AE001404AE001400100020063
:20880000080010002820282075696E74385F74202A20292028207078426C6F636B202920AE
:208820003E3D202628207563486561705B2030205D20292029202626202820282075696EB7
:2088400074385F74202A20292028207078426C6F636B2029203C3D20262820756348656175
:20886000705B2028343039363029202D2031205D20292029000000002E2E2F72612F6177A7
:20888000732F4672656552544F532F4672656552544F532F536F757263652F706F7274617E
:2088A000626C652F4D656D4D616E672F686561705F342E63000000002820282075696E7473
:2088C000385F74202A2029202820707652657475726E2029203E3D202628207563486561D4
:2088E000705B2030205D20292029202626202820282075696E74385F74202A20292028206C
:20890000707652657475726E2029203C3D202628207563486561705B20283430393630295C
:20892000202D2031205D202920290000282028207078426C6F636B2D3E78426C6F636B5306
:20894000697A652029203C2028207857616E74656453697A6520292029203D3D20300000D0
:2089600028202820282073697A655F7420292070784E6577426C6F636B4C696E6B20292034
:208980002620282030783030303720292029203D3D20300028202820282073697A655F74F8
:2089A000202920707652657475726E2029202620282073697A655F742029202820307830DA
:2089C00030303720292029203D3D2030000000002820282075696E74385F74202A20292076
:2089E000282070784C696E6B2029203E3D202628207563486561705B2030205D2029202937
:208A0000202626202820282075696E74385F74202A202920282070784C696E6B2029203C59
:208A20003D202628207563486561705B2028343039363029202D2031205D20292029000099
:208A400028202820282070784C696E6B2D3E78426C6F636B53697A65202920262028202840
:208A600020282073697A655F74202920312029203C3C202820282073697A656F662820738A
:208A8000697A655F742029202A202820282073697A655F742029203820292029202D203119
:208AA00020292029202920213D2030202920213D2030000070784C696E6B2D3E70784E657A
:208AC000787446726565426C6F636B203D3D202828766F6964202A29302900002820282025
:208AE00075696E74385F74202A202920282070784974657261746F722029203E3D2026282C
:208B0000207563486561705B2030205D20292029202626202820282075696E74385F74201E
:208B20002A202920282070784974657261746F722029203C3D202628207563486561705B07
:208B40002028343039363029202D2031205D2029202900FF7076506F72744D616C6C6F6312
:208B600000FFFFFF76506F72744672656500FFFF707276496E73657274426C6F636B496EEE
:208B8000746F467265654C69737400FF70785175657565002E2E2F72612F6177732F467229
:208BA000656552544F532F4672656552544F532F536F757263652F71756575652E63000025
:208BC0007852657475726E20213D2028202820282042617365547970655F7420292030207E
:208BE0002920290070784E65775175657565000070784D75746578007848616E646C65002D
:208C0000212820282070764974656D546F5175657565203D3D202828766F6964202A293007
:208C2000292029202626202820707851756575652D3E75784974656D53697A6520213D20E1
:208C400028205542617365547970655F742029203055202920290000212820282078436F2C
:208C60007079506F736974696F6E203D3D202820282042617365547970655F7420292032E1
:208C800020292029202626202820707851756575652D3E75784C656E67746820213D2031F8
:208CA00020292029000000002128202820785461736B4765745363686564756C65725374E0
:208CC0006174652829203D3D202820282042617365547970655F7420292030202920292084
:208CE0002626202820785469636B73546F5761697420213D20302029202900002820635493
:208D0000784C6F636B202920213D2028202820696E74385F74202920313237202900000039
:208D2000707851756575652D3E75784974656D53697A65203D3D2030000000002128202849
:208D400020707851756575652D3E706348656164203D3D202828766F6964202A29302920AE
:208D600029202626202820707851756575652D3E752E7853656D6170686F72652E784D7577
:208D8000746578486F6C64657220213D202828766F6964202A293029202920290000000026
:208DA0002820707851756575652029002128202820282070764275666665722029203D3D19
:208DC000202828766F6964202A293029202920262620282028207078517565756520292DDD
:208DE0003E75784974656D53697A6520213D2028205542617365547970655F74202920305A
:208E0000552029202900000021282028207076427566666572203D3D202828766F6964209E
:208E20002A2930292029202626202820707851756575652D3E75784974656D53697A6520DA
:208E4000213D2028205542617365547970655F74202920305520292029000000282063528A
:208E6000784C6F636B202920213D2028202820696E74385F742029203132372029000000D8
:208E8000707851756575652D3E75784974656D53697A6520213D20300000000078517565F2
:208EA0007565000070785175657565536574436F6E7461696E6572007078517565756553DC
:208EC0006574436F6E7461696E65722D3E75784D6573736167657357616974696E67203C57
:208EE0002070785175657565536574436F6E7461696E65722D3E75784C656E67746800FFDD
:208F000078517565756547656E65726963526573657400FF78517565756547656E6572693E
:208F20006343726561746500785175657565476976654D75746578526563757273697665A7
:208F400000FFFFFF78517565756554616B654D7574657852656375727369766500FFFFFF4A
:208F600078517565756547656E6572696353656E6400FFFF78517565756547656E65726958
:208F80006353656E6446726F6D49535200FFFFFF7851756575655265636569766500FFFF27
:208FA00078517565756553656D6170686F726554616B6500765175657565416464546F5272
:208FC00065676973747279007072764E6F746966795175657565536574436F6E7461696EBC
:208FE000657200FF0E00000028202820282075696E7433325F742029207078546F704F6684
:20900000537461636B202620282075696E7433325F7420292028203078303030372029202B
:2090200029203D3D20305520290000002E2E2F72612F6177732F4672656552544F532F4639
:2090400072656552544F532F536F757263652F7461736B732E63000075785072696F7269A4
:209060007479203C202831352900000075785363686564756C657253757370656E64656499
:20908000203D3D2030000000707850726576696F757357616B6554696D6500002820785476
:2090A000696D65496E6372656D656E74203E20305520290075785363686564756C657253A5
:2090C000757370656E646564203D3D203155000075784E65775072696F72697479203C2003
:2090E0002831352900000000785461736B000000785461736B546F526573756D650000006F
:2091000049444C45000000007852657475726E20213D2028202D3120290000007578536309
:20912000686564756C657253757370656E64656420213D20305500007078544342000000B7
:2091400075785363686564756C657253757370656E646564203D3D202820554261736554B2
:209160007970655F74202920305500002820282028202820707844656C61796564546173F8
:209180006B4C69737420292D3E75784E756D6265724F664974656D73203D3D20282055426E
:2091A000617365547970655F74202920302029203F202820282042617365547970655F7420
:2091C000202920312029203A202820282042617365547970655F7420292030202920292067
:2091E000290000007578546F705072696F7269747900000070784576656E744C697374003E
:2092000075785363686564756C657253757370656E64656420213D2028205542617365540D
:209220007970655F74202920305500007078556E626C6F636B656454434200007078546922
:209240006D654F757400000070785469636B73546F57616974000000707854434220213D87
:20926000202828766F6964202A293029000000007078544342203D3D20707843757272659C
:209280006E7454434200000070785443422D3E75784D75746578657348656C640000000092
:2092A000707854434220213D20707843757272656E745443420000007578496E6465785472
:2092C0006F576169744F6E203C202831290000007578496E646578546F4E6F74696679208E
:2092E0003C20283129000000785461736B546F4E6F74696679000000785469636B436F751F
:209300006E74203D3D2028205469636B547970655F74202920300000282028202628207062
:20932000785443422D3E784576656E744C6973744974656D202920292D3E7078436F6E7453
:2093400061696E65722029203D3D202828766F6964202A29302900007578496E64657854F4
:209360006F436C656172203C2028312900FFFFFF707276496E697469616C6973654E65770F
:209380005461736B00FFFFFF765461736B44656C617900FF765461736B5374617274536379
:2093A000686564756C657200785461736B526573756D65416C6C00FF785461736B496E630B
:2093C00072656D656E745469636B00FF765461736B537769746368436F6E7465787400FF19
:2093E000765461736B506C6163654F6E4576656E744C69737400FFFF765461736B506C6100
:2094000063654F6E4576656E744C6973745265737472696374656400785461736B52656DE1
:209420006F766546726F6D4576656E744C69737400FFFFFF785461736B436865636B466F15
:209440007254696D654F757400FFFFFF785461736B5072696F72697479446973696E6865A5
:2094600072697400765461736B5072696F72697479446973696E686572697441667465722D
:2094800054696D656F757400546D7220537663007852657475726E002E2E2F72612F617709
:2094A000732F4672656552544F532F4672656552544F532F536F757263652F74696D657257
:2094C000732E630028207854696D6572506572696F64496E5469636B73203E2030202900B8
:2094E0007854696D6572000078436F6D6D616E644944203C2028202820426173655479706B
:20950000655F7420292036202900000078436F6D6D616E644944203E3D2028202820426179
:209520007365547970655F74202920362029000028207854696D65725461736B48616E6427
:209540006C6520213D202828766F6964202A2930292029002820707854696D65722D3E7871
:2095600054696D6572506572696F64496E5469636B73203E2030202900000000546D725157
:2095800000FFFFFF7854696D657243726561746554696D65725461736B00FFFF70727649CE
:2095A0006E697469616C6973654E657754696D657200FFFF70727650726F636573735265D2
:2095C000636569766564436F6D6D616E647300232D302B2000686C4C0065666745464700FA
:2095E0003031323334353637383941424344454600303132333435363738396162636465CD
:209600006600FFFF0000000080B584B000AF0023FB6000237B60194BB3F884309BB23B60A7
:209620004FF49643BB60154B4FF42A42A3F8842008E0BB68002B02D14FF4FA73FB60BB686E
:20964000013BBB600D4BB3F884309BB2002BF0D13B68012B06D1094B4DF60112A3F8442074
:2096600000F076FB7B6840F2F512934201D17B68FB60FB6818461037BD4680BD00E07F40A1
:2096800080B584B000AF78607B685B681B78002B0DD07B685B6893F91130184600F054FB89
:2096A0007B685B6893F91330184600F04DFB124BB3F884309BB2002B02D1786800F04CFB81
:2096C00000F01CF8F86000F049F8B860FB68002B01D1BB68FB60FFF797FFB860FB68002BD5
:2096E00001D1BB68FB607B68002283F83C20FB6818461037BD4680BD00E07F4080B483B0F0
:2097000000AF4FF496437B60124BB3221A7007E07B68002B01D1142315E07B68013B7B60FA
:209720000D4BD3F88030C3F3C033DBB2012BEFD1094B1B7CC3F30013DBB2002B02D040F2C4
:20974000F51300E0002318460C37BD465DF8047B704700BF00007E4000E07F4080B483B04C
:2097600000AF4FF496437B60124B50221A7007E07B68002B01D1142315E07B68013B7B60FD
:209780000D4BD3F88030C3F3C033DBB2012BEFD1094B1B7CC3F30013DBB2002B02D040F264
:2097A000F51300E0002318460C37BD465DF8047B704700BF00007E4000E07F4080B485B0EA
:2097C00000AFF860B9607A60174AFB681B6B1363164B20221A70154BD0221A70FB681A6BDE
:2097E000BB681A44FB681A63FB689B6B5A1EFB689A637B68002B10D007E07B68002B01D112
:2098000014230BE07B68013B7B60074BD3F88030C3F3C033DBB2012BEFD100231846143771
:20982000BD465DF8047B704700E07F4000007E4080B588B000AFF860B9607A607B68002BC8
:2098400006D1FB685B6893F91130184600F07CFA334AFB685B6B1363324BE8221A70BB682A
:209860005B08BB6102237B612E4BBA69D2B21A700023FB612CE0FB681B6B1A46294B1288DC
:209880001A80FB681B693B6106E03B695A1E3A61002B01D114233FE0214BD3F88030C3F31E
:2098A0008023DBB2012BF0D0FB681A6B7B691A44FB681A63FB685A6B7B691A44FB685A63F8
:2098C000FB689B6B5A1EFB689A63FB690133FB61FA69BB699A42CED3124BD0221A707B6893
:2098E000002B11D007E07B68002B01D1142313E07B68013B7B600A4BD3F88030C3F3C033F8
:20990000DBB2012BEFD106E0FB685B6893F91130184600F025FA002318462037BD4680BD70
:2099200000E07F4000007E4080B586B000AFF860B9607A6000237B61174B1B7CC3F30013A4
:20994000DBB2012B0FD1144BD3F88030C3F38033DBB2012B04D1104B1B7C0F4B00221A74A1
:2099600040F2F5137B610C4BD3F88020BB681340002B01D07B687B61FB68002B01D0FB681C
:209980007B617B69002B01D0FFF7B8FE7B6918461837BD4680BD00BF00E07F4080B489B0C3
:2099A00000AFF860B9607A60FB689B693B610823FB7608237B611A4ABB681363194B402244
:2099C0001A70184AFB7E13700023FB6109E0FB695B007A681344134A1B881380FB69013314
:2099E000FB61FA697B699A42F1D30E4BD0221A7007E03B69002B01D114230BE03B69013BC5
:209A00003B61074BD3F88030C3F3C033DBB2012BEFD1002318462437BD465DF8047B704751
:209A200000E07F4000007E4080B485B000AFF860B9607A60194B4FF6FF721A80174B4FF60B
:209A4000FF725A807B689AB2FB689BB2DB039BB213439BB243F4F0439AB2104BDA80BB6880
:209A60009BB26FEA43536FEA53539AB20B4B9A800A4B4FF6FF721A81084B4FF6FF725A8165
:209A8000064B4FF6FF729A81044B4FF6FF72DA8100BF1437BD465DF8047B7047600A002022
:209AA00080B584B000AF78600023FB60786800F07BF8F860FB68002B10D0FB681EE07B68EB
:209AC0009B681A4680217868FFF7B2FEF86018224FF4A041F868FFF727FFF8607B689B6B89
:209AE000002B02D0FB68002BE9D0FFF78DFDB860FB68002B01D1BB68FB60FB6818461037A4
:209B0000BD4680BD80B588B000AFF860B9607A600023FB61FB68BA681A63FB687A689A63DB
:209B2000F86800F041F8F861FB69002B01D0FB6933E01C4B0122A3F8E0201EE0FB681B6B60
:209B4000B3F5803F06D2FB68DB69BB614FF400537B6105E0FB681B6ABB614FF400437B6146
:209B6000BA697969F868FFF729FEF86119224FF4C041F869FFF7D8FEF861FB689B6B002B71
:209B800002D0FB69002BD9D0FFF73EFD3861FB69002B01D13B69FB61FB6918462037BD4674
:209BA00080BD00BF00E07F4080B584B000AF78600023FB604FF49643BB607B685B681B782C
:209BC000002B0DD07B685B6893F91130184600F0BBF87B685B6893F91330184600F0B4F89A
:209BE0000F4B4FF45942A3F844200D4B4AF60122A3F8842008E0BB68002B02D14FF4FA737B
:209C000009E0BB68013BBB60054BB3F884309BB2012BF0D1FB6818461037BD4680BD00BFF1
:209C200000E07F4080B588B000AFF860B9607A60184BD3F8DC30C3F3C073DBB2BB61F868F2
:209C4000FFF7B2FFF861FB69002B01D0FB691CE0BB68590B7B685B0B1A46B869FFF7E4FE1B
:209C60000D4A0E49F868FFF799FEF86118220021F869FFF759FEF861FFF7C6FC7861FB6999
:209C8000002B01D17B69FB61FB6918462037BD4680BD00BF00E07F40600A002030A1000174
:209CA00080B584B000AF78600B46FB701346BB707868FFF779FFF860FB68002B01D0FB680C
:209CC00033E0BB78002B08D0FB789BB2194A43F4CC439BB2A2F8E8301EE01022FF21164825
:209CE00000F02EF8FB789BB203F001039BB2002B02D14FF6FF7201E047F6FF720E4BDA8054
:209D00000D4A0E497868FFF749FEF86018220021F868FFF709FEF860FFF776FCB860FB682D
:209D2000002B01D1BB68FB60FB6818461037BD4680BD00BF00E07F40600A002030A10001A6
:209D40005FF800F01D6A02005FF800F0390302005FF800F09D0102005FF800F0410D020030
:209D60005FF800F0D902020003000000E00040000001260244190500002E04430300000099
:209D8000FFFFFFFFFFFF00000010000000100000000004004000020000000800000000005B
:209DA000000000000000000000001008000000000000000000000000050000000600000080
:209DC000030000000300000020070000C0070000F0070000FF07000040070000FF0F00003D
:209DE0000000000000070000200000000000000030000000000000002000000000000000EC
:209E000030000000000000004001000000000000500100000000000050010000000000002F
:209E200040010000000000003002000000000000400200000000000060020000000000000B
:209E400080020000000000008B030000000000008B030000000000006606000000000000F8
:209E6000660600000000000040000000000000007000000000000000400000000000000086
:209E800070000000000000000404000000000000040400000000000004040000000000003A
:209EA000040400000000000000000000000001000000000000000100000000000000010097
:209EC00000000000000001000007000000000000000700000000000000070000000000006C
:209EE0000007000000000000FFFF000000000000000000000000000001000000588702007B
:209F00007C0A002000000000BCE9002024EA00208CEA002000000000000000000000000012
:209F2000000000000000000000000000000000000000000000000000000000000000000021
:189F4000000000000000000000000000000000002D02010005020100D1
:020000040100F9
:10A10000FFFFFFFFFFFFFFFFFFFFFFFFFFFFFFFF5F
:04A13400FFFFFFFF2B
:20A20000FFFCFFFFFFFFFFFFFFFFFFFFFFFFFFFFFFFFFFFFFFFFFFFFFFFFFFFFFFFFFFFF61
:20A22000FFFFFFFFFFFFFFFFFFFFFFFFFFFFFFFFFFFFFFFFFFFFFFFFFFFFFFFFFFFFFFFF3E
:20A24000FFFFFFFFFFFFFFFFFFFFFFFFFFFFFFFFFFFFFFFFFFFFFFFFFFFFFFFFFFFFFFFF1E
:20A26000FFFFFFFFFFFFFFFFFFFFFFFFFFFFFFFFFFFFFFFFFFFFFFFFFFFFFFFFFFFFFFFFFE
:20A28000F8F8FFFFFFFFFFFFFFFFFFFFFFFFFFFFFFFFFFFFFFFFFFFFFFFFFFFFFFFFFFFFEC
:20A2A000FFFFFFFFFFFFFFFFFFFFFFFFFFFFFFFFFFFFFFFFFFFFFFFFFFFFFFFFFFFFFFFFBE
:10A2C000FFFFFFFFFFFFFFFFFFFFFFFFFFFFFFFF9E
:04000005000081591D
:00000001FF
