:020000040000FA
:20000000D84B002059810000C57E00006981000069810000698100006981000069810000EE
:20002000000000000000000000000000698100006981000000000000698100006981000018
:20004000277600001F770000C97700001F770000C9770000494D0000714C0000154E0000A1
:200060006D4E000057430000A343000021440000B944000099670000FD6600009F5C000085
:20008000595300009F5C0000000000000000000000000000000000000000000000000000B9
:2000A000000000000000000000000000000000000000000000000000000000000000000040
:2000C000000000000000000000000000000000000000000000000000000000000000000020
:2000E000000000000000000000000000000000000000000000000000000000000000000000
:200100000000000000000000000000000000000000000000000000000000000000000000DF
:200120000000000000000000000000000000000000000000000000000000000000000000BF
:2001400000000000000000000000000000000000000000000000000000000000000000009F
:2001600000000000000000000000000000000000000000000000000000000000000000007F
:2001800000000000000000000000000000000000000000000000000000000000000000005F
:2001A00000000000000000000000000000000000000000000000000000000000000000003F
:2001C0000348044B834202D0034B03B118477047AC080020AC08002000000000064B07498D
:2001E000C91A891048BF0131491003D0044B0BB101481847704700BFAC080020AC0800204D
:200200000000000010B5064C237843B9FFF7D8FF044B13B10448AFF300800123237010BD5E
:20022000C808002000000000E486000008B5054B1BB105490548AFF30080BDE80840FFF7EB
:20024000CDBF00BF00000000CC080020E486000080B582B000AF0023FB710C490C4806F0B1
:200260006DFB0346FB7100220321094806F08AFB0346FB710749084806F0D6FE0346FB717B
:20028000FB7918460837BD4680BD00BF78830000E844002098840000D445002080B584B049
:2002A00000AF786039600023FB603A680021054807F056F8F860FB68DBB218461037BD465B
:2002C00080BD00BFD445002080B584B000AF786039600023FB733A687968054807F09CF874
:2002E0000346FB73FB7B18461037BD4680BD00BFD445002080B582B000AF0023FB71054802
:2003000006F0DCFF0346FB71FB7918460837BD4680BD00BFD445002080B582B000AF786020
:200320007B689B88B3F5804F65D0B3F5804F67DCB3F5005F5FD0B3F5005F61DCB3F5805F50
:2003400059D0B3F5805F5BDCB3F5006F29D0B3F5006F55DCB3F5806F27D0B3F5806F4FDC0E
:20036000B3F5007F47D0B3F5007F49DCB3F5807F41D0B3F5807F43DC202B0FDC022B3FDBF8
:20038000023B224A22FA03F303F00103002B14BF01230023DBB2002B2DD131E0802B2AD0FA
:2003A0002EE01B4B01221A702BE01A4B01221A707B68143314221946174800F051FA164B45
:2003C0001B6840F2FA7293420BD0134B1B6840F2FB72934205D0104B1B6840F2C17293420A
:2003E00002D10E4B00221A707B68143319460C4801F04EFB05E07B689A880A4B1A8000E055
:2004000000BF00BF0837BD4680BD00BF45400040F8080020F9080020E4080020683A00204C
:20042000C00B0020FA08002080B582B000AF0749074804F0DBFD78600021032000F00AF820
:200440007B68DBB218460837BD4680BD70850000F844002080B584B000AF03460A46FB71E1
:200460001346BB71FA79124913465B0013440B441B781BB21B0219B2FA790D4813465B000B
:200480001344034401331B781BB20B431BB29BB27B817B899BB2BA791946064804F0BAFDEA
:2004A000F860FB68DBB218461037BD4680BD00BF68830000F844002080B582B000AF0023D0
:2004C000FB71084B9B681B68064A126805494968104698470346FB71FB7918460837BD4610
:2004E00080BD00BFF483000090B587B000AF786039600023FB7572B600BF154B9B689B680D
:20050000134A10683A687968984738613B69002B02D0FB7D0133FB750D4B9B68DC680C4B58
:20052000186807F10F033A687968A04738613B69002B02D1FB7B002B02D0FB7D0133FB75FD
:2005400062B600BFFB7D18461C37BD4690BD00BFF483000090B589B000AFF860B9607A609D
:200560000023FB6100237B837B68DB097A6802F07F02002A01D0012200E0002213447B606D
:2005800000237B76FB68B3F5802F03D905237B767B7E3DE072B600BF0023FB6131E0FB68A8
:2005A0001D4A934224D81D4B9B685C681B4B18687B8BBA68134419468023FA68A04778614B
:2005C0007B69002B02D07B7E01337B767B7E002B08D1FB688033FB607B8B80337B830023D4
:2005E0007B760BE005237B7662B600BF7B7E0FE005237B7662B600BF7B7E09E0FB690133DD
:20060000FB61FA697B689A42C9D362B600BF7B7E18462437BD4690BD80FF0300F4830000EE
:2006200080B584B000AF786039600123FB730023BB603A687B68D31ADB0BBB60B9687868ED
:20064000FFF752FF0346002B02D10023FB7301E00223FB73FB7B18461037BD4680BDFFFFAE
:2006600080B487B000AFF860B9607A6000237B610023FB747B68DB097A6802F07F02002A3E
:2006800001D0012200E0002213447B60FB68B3F5802F03D20523FB74FB7C1DE000237B6199
:2006A00015E0FB680F4A93420AD9FA687B699B00B9680B4412681A60FB680433FB6003E0B4
:2006C0000523FB74FB7C07E07B6901337B617A697B689A42E5D3FB7C18461C37BD465DF857
:2006E000047B70477FFF030080B582B000AF0023BB7100F05DF80346BB710623FB71274820
:2007000001F07EF9264801F053FA012000F0C4F900F01EFB03461A46224B1A7000F002FB61
:20072000BB79002B24D101F06FFF0346FB7100F00FFB03461A461B4B1A701A4B1B78032B98
:2007400005D1194BDB7CAA2B01D10623FB71FB79052B02D102F054F81CE0FB79042B04D1A3
:2007600002F0A8F802F0B4F814E002F0B1F811E00E4B1B78DBB2012BFAD100F0D3FA0B4B46
:2007800000221A700423FF220B2140F2FC7001F0FFFEEDE70837BD4680BD00BFC00B0020B0
:2007A000DC3200207D0B0020543C0020800B002080B582B000AF0023FB71FFF735FE0346F1
:2007C000FB71FFF779FE0346FB71FFF741FD03461A46FB791344FB7100F04AF903461A469B
:2007E000FB791344FB7100F07DF803461A46FB791344FB71002000F0A3F903461A46FB79B4
:200800001344FB7113490020FFF75EFD11490120FFF75AFD10490220FFF756FD0F49032041
:20082000FFF752FD00F09BFD03461A46FB791344FB7100F057FA03461A46FB791344FB71EA
:2008400000F070FA02F0F4FDFB7918460837BD4680BD00BFFC0800201009002024090020A1
:2008600080B487B000AFF860B9607A6000237B610AE0BA687B691A44F9687B690B441278A8
:200880001A707B6901337B617A697B689A42F0D300BF00BF1C37BD465DF8047B704780B4E2
:2008A00087B000AFF860B9607A6000237B610EE0FA687B6913441A78B9687B690B441B7804
:2008C0009A4201D0012307E07B6901337B617A697B689A42ECD3002318461C37BD465DF8DF
:2008E000047B704780B582B000AF0023FB710549054803F01FF80346FB71FB7918460837B2
:20090000BD4680BD208400007445002080B584B000AF786039600023BB73114B00221A7038
:200920000A23FB7307233A6879680E4803F052F80346BB7307E04FF47A71012007F0F2F94D
:20094000FB7B013BFB73064B1B78DBB2002B02D1FB7B002BEFD1BB7B18461037BD4680BD8C
:200960007E0B00207445002080B584B000AF786039600023BB73114B00221A703223FB7350
:2009800007233A6879680E4803F010F80346BB7307E04FF47A71012007F0C4F9FB7B013B46
:2009A000FB73064B1B78DBB2002B02D1FB7B002BEFD1BB7B18461037BD4680BD7E0B002035
:2009C0007445002080B588B002AFF860B9607A600023BB753223FB75072300937B68BA68FB
:2009E000F9680D4803F00AF80346BB7507E04FF47A71012007F096F9FB7D013BFB75074BA1
:200A00001B78DBB2002B02D1FB7D002BEFD1BB7D18461837BD4680BD744500207E0B0020AE
:200A200080B582B000AF0023FB71054802F0FAFF0346FB71FB7918460837BD4680BD00BF14
:200A40007445002080B485B000AF78600023FB737B681B79012B02D1044B01221A7000BF0B
:200A60001437BD465DF8047B704700BF7E0B002080B582B000AF0023FB710549054804F001
:200A8000B3FD0346FB71FB7918460837BD4680BDC08300000045002080B584B000AF034697
:200AA000FB710023FB73FB79012B05D1074804F0CFFD0346FB7304E0044804F0B7FD0346DC
:200AC000FB73FB7B18461037BD4680BD0045002080B483B000AF78600D4B01221A700D4B9D
:200AE0001B78DBB20133DAB20A4B1A70094B1B78DBB2092B05D9074B00221A70064B01223F
:200B00001A7000BF0C37BD465DF8047B704700BF7F0B0020810B0020800B002080B582B094
:200B200000AF0023FB71054804F0A4FD0346FB71FB7918460837BD4680BD00BF004500206B
:200B400080B584B000AF0346FB710023FB73FB79002B02D0012B0ED014E00D490D4803F02A
:200B6000FDFD0346FB730C4B1B881A460B49002000F068F806E00649064803F0EFFD0346FB
:200B8000FB7300BFFB7B18461037BD4680BD00BF58840000A4450020480700203C39002025
:200BA00080B586B000AF0346B9607A60FB730023FB750023BB82FB7B002B02D0012B19D0F6
:200BC00034E000237B8210E07B8ABA681344012219461A4803F0B3FE0346FB7501210520EB
:200BE00007F0A0F87B8A01337B827B8A7A689A42EAD81BE07A68B968104803F0A0FE03467B
:200C0000FB7507E0BB8A0533BB824FF47A71052007F088F80A4B1B78DBB283F00103DBB280
:200C2000002B02D0BB8A182BECD900BF044B00221A70FB7D18461837BD4680BDA445002042
:200C4000820B002080B586B000AF0346B9607A60FB730023FB75FB7B002B02D0012B08D019
:200C60000FE07A68B9680B4803F052FE0346FB7507E07A68B968074803F04AFE0346FB7506
:200C800000BF054B00221A70FB7D18461837BD4680BD00BFA4450020830B002080B582B057
:200CA00000AF78607B681B79042B10D0042B10DC012B02D0022B06D00BE0084B01221A7020
:200CC00001F07AF806E0064B01221A7002E000BF00E000BF00BF0837BD4680BD830B0020A1
:200CE000820B002080B582B000AF0023FB710A4A136923F0020313610849094802F08AFC2C
:200D00000346002B02D0FB790133FB71FB7918460837BD4680BD00BF00B0014000840000F4
:200D20006445002080B582B000AF0023FB71074802F0BEFC0346002B02D0FB790133FB71F0
:200D4000FB7918460837BD4680BD00BF6445002080B582B000AF0423FB71204B93F81034D7
:200D6000C3F30003DBB2002B06D01C4B002283F810240123FB712BE0184BB3F8C030C3F3A5
:200D80004003DBB2002B12D0144B0022A3F8C0200023BB71BB1D1946114802F09DFCBB79DC
:200DA00019460F4802F0A4FC0323FB7110E00B4BB3F8C030C3F38003DBB2002B06D0074B5F
:200DC0000022A3F8C0200223FB7101E00423FB71FB7918460837BD4680BD00BF00E0014040
:200DE0006445002080B588B000AF786039600023FB770023BB6107F10C0300221A605A606C
:200E00001A819F233B7200237B720023BB720023FB7200210020FFF71DFB07F10C0107F18C
:200E2000080304221846FFF7CDFD0346FB7701210020FFF70FFB7B7B1A04BB7B1B021343A9
:200E4000FA7B13431A46424B1A60414B1B689BB244F21A0293421FD844F21102934269D38C
:200E6000A3F58043113B092B64D801A252F823F0270F0000190F00000B0F0000FD0E0000D8
:200E8000EF0E0000E10E0000D30E0000C30E0000B30E0000A30E000047F21802934210D03A
:200EA00048E07B680A221A703B684FF480621A6049E07B6809221A703B684FF400721A609C
:200EC00041E07B6808221A703B684FF480721A6039E07B6807221A703B6880221A6032E088
:200EE0007B6806221A703B6840221A602BE07B6805221A703B6820221A6024E07B680422D3
:200F00001A703B6810221A601DE07B6803221A703B6808221A6016E07B6802221A703B68F8
:200F200004221A600FE07B6801221A703B6802221A6008E07B6800221A703B6800221A609B
:200F40000123FB7700BFFB7F18462037BD4680BD840B002080B588B000AF78600023FB7795
:200F600007F1180300221A601A714B233B7600210020FFF76FFA07F1080107F118030D2235
:200F80001846FFF71FFD01210020FFF763FA07F108030533082219467868FFF761FCFB7FDB
:200FA00018462037BD4680BD80B584B000AF03463960FB710023FB7300210020FFF74AFACA
:200FC000FB79012B0AD10523FB7207F10C0107F10B0302221846FFF7F5FC1AE0FB79022BF2
:200FE0000AD13523FB7207F10C0107F10B0302221846FFF7E7FC0CE0FB79032B09D115234B
:20100000FB7207F10C0107F10B0302221846FFF7D9FC01210020FFF71DFA7A7B3B681A709A
:20102000FB7B18461037BD4680BD80B582B000AF0023FB7106233B7100210020FFF70AFAA0
:201040003B1D01211846FFF761FC0346FB7101210020FFF7FFF9FB7918460837BD4680BD2F
:2010600080B582B000AF0023FB710423BB7100210020FFF7EFF9BB1D01211846FFF746FCC9
:201080000346FB7101210020FFF7E4F9FB7918460837BD4680BD80B584B000AF034639603B
:2010A000FB711346BB710023FB7307F1080300221A601A710123BB73BB79002B09D03B6857
:2010C0001A0EBB7B591CB973D2B210333B4403F8082C3B681A0CBB7B591CB973D2B2103335
:2010E0003B4403F8082C3B681A0ABB7B591CB973D2B210333B4403F8082CBB7B5A1CBA7356
:201100003A68D2B210333B4403F8082C00210020FFF7A0F9FB79032B1DD0032B27DC012BFC
:2011200002D0022B0BD022E0C7233B7207F1080301211846FFF7EAFB0346FB731BE0D82331
:201140003B72BA7B07F1080311461846FFF7DEFB0346FB730FE020233B72BA7B07F1080358
:2011600011461846FFF7D2FB0346FB7303E0FB7B0133FB7300BF01210020FFF76BF9FB7B74
:2011800018461037BD4680BD80B586B000AF78600023FB750123BB750523FB727B684FF4D6
:2011A0007A7202FB03F33B6100210020FFF752F907F10C0107F10B0302221846FFF702FCB1
:2011C0000346FB7501210020FFF744F94FF47A71282006F0A7FD00237B607B7B03F00103E6
:2011E000002B02D07B68002BDED000210020FFF731F907F10C0107F10B0302221846FFF752
:20120000E1FB0346FB7501210020FFF723F97B7B03F00103002B03D0FB7D0133FB7501E0FD
:201220000023FB75FB7D18461837BD4680BD80B584B000AF786039600023FB73002100205B
:20124000FFF708F939687868FFF760FB0346FB7301210020FFF7FEF8FB7B18461037BD46C2
:2012600080BD80B586B000AFF860B9607A603B600023BB750023FB7500210020FFF7EAF832
:20128000B968F868FFF742FB0346BB750121386806F048FDBB7D002B05D139687868FFF774
:2012A00063FB0346FB7501210020FFF7D3F8FB7D18461837BD4680BD80B584B000AF7860BF
:2012C00039600023FB733868FFF75EFFFFF7ADFE39687868FFF7ABFF0346FB733868FFF7E2
:2012E00053FFFFF7BDFEFB7B18461037BD4680BD80B584B000AF396011461A460346FB7173
:201300000B46BB711346BB800023FB73FFF78DFE03461A46FB7B1344FB73BB881846FFF72F
:2013200033FF03461A46FB7B1344FB73BA79FB7939681846FFF7AFFE03461A46FB7B1344D8
:20134000FB73BB881846FFF71FFF03461A46FB7B1344FB73FB7B18461037BD4680BD80B5F6
:2013600082B000AF0023FB7100F010F800F022F80346FB71FB79002B03D000F01BF8034688
:20138000FB71FB7918460837BD4680BD80B500AF00210020FFF75EF801210020FFF75AF895
:2013A00001210220FFF756F801210120FFF752F800BF80BD80B582B000AF0023FB71474BEF
:2013C000012283F82F2000233B603A46BB1D11461846FFF707FD0346002B07D03F4B002264
:2013E00083F82F20FB790133DBB273E03B4BD3F81B30B3F5807F04D9384B012283F82E200C
:2014000003E0364B002283F82E20344B00225A72002242F001029A72304B0022DA730022A1
:2014200042F010021A7400225A7400229A742B4BD3F813301B01294AC2F81330274BD3F86D
:201440001330264AD2F80F2002FB03F3234AB2F8092092B2B3FBF2F3204AC2F80B301F4B0D
:20146000D3F80F301B011D4AC2F81F301B4BD3F813301A4AD2F80F2002FB03F39B0A174A0C
:20148000C2F827301648FFF765FD03461A46FB791344FB7113490120FFF786FD03461A4606
:2014A000FB791344FB7110490220FFF77DFD03461A46FB791344FB710C490320FFF774FD4B
:2014C00003461A46FB791344FB71044B002283F82F20FB7918460837BD4680BD880B0020ED
:2014E000890B0020B30B0020B40B0020B50B002080B584B000AF03463960FB711346BB80A1
:201500000023FB7300BF0F4B93F82F30002BFAD10C4B012283F82F200A4B93F82E20BB888C
:20152000F8793968FFF7E4FE03461A46FB7B1344FB73044B002283F82F20FB7B1846103787
:20154000BD4680BD880B002080B5CAB000AF07F59473A3F58E73186007F59473A3F5907388
:20156000196007F59473A3F592731A600023A7F82631032387F823314E4B93F82E30002B19
:201580001ED0B7F826315A1CA7F826211A46022107F59473A3F58A73995407F59473A3F558
:2015A00090731B68190EB7F826315A1CA7F826211A46C9B207F59473A3F58A7399540BE0D1
:2015C000B7F826315A1CA7F826211A46022107F59473A3F58A73995407F59473A3F5907303
:2015E0001B68190CB7F826315A1CA7F826211A46C9B207F59473A3F58A73995407F594737E
:20160000A3F590731B68190AB7F826315A1CA7F826211A46C9B207F59473A3F58A739954C7
:20162000B7F826315A1CA7F826211A4607F59473A3F590731B68D9B207F59473A3F58A73A4
:2016400099540023A7F8243118E0B7F8243107F59472A2F58E7212681A44B7F82631591C9E
:20166000A7F826111946127807F59473A3F58A735A54B7F824310133A7F82431B7F8243135
:2016800007F59472A2F5927212689A42DDD8B7F8262107F1140311461846FFF70DFE03469E
:2016A00087F8233197F82331184607F59477BD4680BD00BF880B002080B5D0B000AF07F5FD
:2016C000A073A3F59A73186007F5A073A3F59C73196007F5A073A3F59E731A600023A7F8B7
:2016E0003E31032387F83D31454B93F82E30002B1ED0B7F83E315A1CA7F83E211A460B21B8
:2017000007F5A073A3F59873995407F5A073A3F59C731B68190EB7F83E315A1CA7F83E2138
:201720001A46C9B207F5A073A3F5987399540BE0B7F83E315A1CA7F83E211A460B2107F52A
:20174000A073A3F59873995407F5A073A3F59C731B68190CB7F83E315A1CA7F83E211A4696
:20176000C9B207F5A073A3F59873995407F5A073A3F59C731B68190AB7F83E315A1CA7F8C0
:201780003E211A46C9B207F5A073A3F598739954B7F83E315A1CA7F83E211A4607F5A0736F
:2017A000A3F59C731B68D9B207F5A073A3F598739954B7F83E315A1CA7F83E211A4607F5E7
:2017C000A073A3F5987300219954B7F83E1107F5A073A3F59E7307F5A072A2F59A7207F1E6
:2017E00010001B681268FFF73CFD034687F83D3197F83D31184607F5A077BD4680BD00BF0A
:20180000880B002080B584B000AF78600023FB734FF47A7279680320FFF76AFE0346002B8F
:2018200008D0FB7B0133FB73054B1B8801339AB2034B1A80FB7B18461037BD4680BD00BF43
:20184000B80B002080B586B000AFF860B9607A6000237B740023FB8200237B7500237B825B
:201860007B68C3F1FF1303F57F43FA689A4204D97B7C01337B747B7C2CE07B681B0AFB8248
:201880007B68DBB2002B02D0FB8A0133FB8200237B7519E07B8ABA68D0187A8AFB681344CC
:2018A0004FF480721946FFF74FFE0346002B04D07B7C01337B747B7C0CE07B8A03F580731C
:2018C0007B827B7D01337B757B7D9BB2FA8A9A42E0D87B7C18461837BD4680BD80B586B043
:2018E00000AFF860B9607A600023BB7400233B820023FB820023BB820023FB747B68C3F193
:20190000FF1303F57F43FA689A4204D9BB7C0133BB74BB7C3FE07B681B0A3B827B68DBB2BB
:20192000002B01D07B68FB740023FB8219E0BB8ABA68D018BA8AFB6813444FF480721946DF
:20194000FFF7BAFE0346002B04D0BB7C0133BB74BB7C20E0BB8A03F58073BB82FB8A01339A
:20196000FB82FA8A3B8A9A42E1D3FB7C002B11D0BB8ABA68D018BA8AFB681344FA7C19466C
:20198000FFF79AFE0346002B04D0BB7C0133BB74BB7C00E0BB7C18461837BD4680BDFFFF9E
:2019A00080B584B000AF786039600023FB730023BB7317E07868FFF725FF0346002B04D182
:2019C0007B6803F580537B600AE00123BB73FB7B0133FB73094B5B8801339AB2074B5A8047
:2019E000FFF7A0F97A683B689A4202D2BB7B002BE0D0FB7B18461037BD4680BDB80B0020D4
:201A000080B483B000AF78607B6803F500531A460023C2F810377B6803F500531A46002375
:201A2000C2F814377B6803F500531A460023C2F8183700BF0C37BD465DF8047B704780B423
:201A400083B000AF78607B6803F50053D3F81837002B0CBF01230023DBB218460C37BD4616
:201A60005DF8047B704780B483B000AF78607B6803F50053D3F81837B3F5FA7F0CBF012395
:201A80000023DBB218460C37BD465DF8047B7047B0B582B000AF786039607868FFF7E3FFF8
:201AA0000346002B01D0002333E07B6803F50053D3F81027796813469B0013449B00CA18D2
:201AC0003B6814461D460FCD0FC42B6823607B6803F50053D3F810375A1C104B83FB02133D
:201AE0005911D317CB1A4FF4FA7101FB03F3D31A7A6802F50052C2F810377B6803F50053C6
:201B0000D3F8183701337A6802F50052C2F81837012318460837BD46B0BD00BFD34D6210C1
:201B2000B0B582B000AF786039607868FFF787FF0346002B01D0002333E07B6803F50053E9
:201B4000D3F814273868796813469B0013449B000B4404461D460FCD0FC42B6823607B6874
:201B600003F50053D3F814375A1C104B83FB02135911D317CB1A4FF4FA7101FB03F3D31ADA
:201B80007A6802F50052C2F814377B6803F50053D3F81837013B7A6802F50052C2F818375D
:201BA000012318460837BD46B0BD00BFD34D621080B483B000AF78607B680022C3F8902342
:201BC0007B680022C3F894237B680022C3F8982300BF0C37BD465DF8047B704780B483B01C
:201BE00000AF78607B68D3F89833002B0CBF01230023DBB218460C37BD465DF8047B7047EC
:201C000080B483B000AF78607B68D3F89833032B0CBF01230023DBB218460C37BD465DF897
:201C2000047B704780B582B000AF786039607868FFF7E6FF0346002B01D0002328E07B68D9
:201C4000D3F890337A684FF4987101FB03F31A443B68104619464FF498731A4606F022FB5F
:201C60007B68D3F89033591C0B4B83FB0132CB17D21A13465B001344CA1A7B68C3F8902369
:201C80007B68D3F898335A1C7B68C3F89823012318460837BD4680BD5655555580B582B03F
:201CA00000AF786039607868FFF798FF0346002B01D0002327E07B68D3F8943338687A6831
:201CC0004FF4987101FB03F3134419464FF498731A4606F0E7FA7B68D3F89433591C0C4B4A
:201CE00083FB0132CB17D21A13465B001344CA1A7B68C3F894237B68D3F898335A1E7B684D
:201D0000C3F89823012318460837BD4680BD00BF5655555580B582B000AF78607B681B68E4
:201D200040F2C172934206D0B3F5F86F0DD9A3F2FA73012B09D8094B00221A70084B00221A
:201D40001A60786800F022FE03E0064B01221A7000BF00BF0837BD4680BD00BF503C0020D0
:201D6000844400208C36002080B500AF10491148FFF7D6FE0346002B18D00D48FFF7CAFFC9
:201D80000C4B03F50053D3F81837002B0ED1094B03F50053D3F81027064B03F50053D3F875
:201DA00014379A4202D00348FFF72AFE00BF80BD78360020C00B002080B500AF564B1B78F4
:201DC000042B00F2988001A252F823F0E11D0000F31D0000291E0000391E0000911E00006F
:201DE0004E4B1B78652B40F08D804B4B01221A7088E04A4B1B78022B03D1494B02221A70D4
:201E00000EE0464B1B78032B03D1454B03221A7006E0424B1B78042B02D1414B04221A702B
:201E20003D4B02221A706EE03C4B1A783D4B1A70394B03221A7066E0384B1A783A4B1A7056
:201E4000384B1B781AB2384B1B781BB21B021BB213431BB29AB2354B1A80344B1A88304BAE
:201E6000A3F82E21314B1B8803339AB22F4B1A802E4B1B88B3F5967F06D92C4B01221A80D7
:201E8000254B00221A703EE0234B04221A703AE0264B1B88013B214AD35C822B24D1234BD6
:201EA0001B88033B9AB2214B1A80204B1B88B3F5FA7F12D81A4BB3F82E311A4617491C4843
:201EC000FEF7CEFC144B00221A70184B01221A8013491848FFF7A6FE15E00F4B00221A70C7
:201EE000124B01221A800EE00B4B00221A700F4B01221A8007E0084B00221A700B4B012262
:201F00001A8000E000BF094B1B881A4603490020FEF798FE00BF80BDD83600203C3900207B
:201F2000DC360020693A00206A3A002048070020DD360020DC32002080B58AB000AF786022
:201F40000023FB8400237B847B68B3F82E31053B3B84002387F825307B681B78042B73D0F2
:201F6000042B00F33181022B02D0032B11D02BE19A4B01221A709A4B00221A70994B00224A
:201F80001A707B680133482219469748FEF768FC1FE1964B00221A70954B00221A60954BB6
:201FA00001221A707B68B3F82E310D2B00F20E8100233B747B685B781A467B689B781B02D3
:201FC0001A437B68DB781B041A437B681B791B061343FB607B685B79BB7400237B747B68CE
:201FE000991DBB7C1A4607F10C030C331846FEF737FCFB6840F2FA7293420CD0FB6840F281
:20200000FB72934207D0FB6840F2C172934213D13B7E042B10D107F10C03184600F0B6FC56
:20202000FB6840F2C17293420DD107F10C0319460420FEF733F906E007F10C03194604200A
:20204000FEF72CF9C2E0C1E0684B00221A70684B00221A60674B01221A707B685B781A4600
:202060007B689B781B021A437B68DB781B041A437B681B791B061343FB607B685B79BB740F
:202080005D4B05221A803B8CDB08FB843B8C03F007037B84594B1A883B8C13449AB2574B99
:2020A0001A8042E0002387F8253014E0524B1B885A1C91B2504A1180194697F825307A6830
:2020C0000A44527828333B4403F8102C97F82530013387F8253097F82530072BE6D9FB8C8F
:2020E000013BFB84FB6840F2FA7293420CD0FB6840F2FB72934207D0FB6840F2C172934228
:2021000008D13B7E042B05D107F10C03184600F03DFC05E007F10C0319460420FEF7BEF880
:202120004FF47A71052005F0FDFDFB8C002BB9D17B8C002B4CD07B8CDBB2BB74002387F86E
:20214000253014E02C4B1B885A1C91B22A4A1180194697F825307A680A44527828333B4447
:2021600003F8102C97F82530013387F8253097F825309BB27A8C9A42E4D800237B84FB68E8
:2021800040F2FA7293420CD0FB6840F2FB72934207D0FB6840F2C172934209D13B7E042BE3
:2021A00006D107F10C0319461548FFF771FC05E007F10C0319460420FEF770F84FF47A7128
:2021C000052005F0AFFD03E000BF02E000BF00E000BF00BF2837BD4680BD00BF6B3A002075
:2021E0006D3A00206C3A002090360020503C002084440020683A0020703A00206E3A002084
:20220000C00B002080B500AF0D490E48FFF746FD0346002B12D00A48FFF78EFE094BD3F8C1
:202220009833002B0AD1074BD3F89023054BD3F894339A4202D00348FFF7BAFC00BF80BD7A
:202240000C380020DC32002080B584B000AF7860654B00221A807B689B7906339AB2634B66
:202260001A80614B1B885A1C91B25F4A11801A465F4B652199545C4B1B885A1C91B25A4A5E
:2022800011801A465A4B02219954584B1988564B1B885A1C90B2544A10801A46C9B2544BB0
:2022A0009954524B1B881B0A99B24F4B1B885A1C90B24D4A10801A46C9B24D4B99547B6822
:2022C0001968494B1B885A1C90B2474A10801A46C9B2474B99547B681B68190A424B1B885A
:2022E0005A1C90B2404A10801A46C9B2404B99547B681B68190C3C4B1B885A1C90B23A4AC8
:2023000010801A46C9B23A4B99547B681B68190E354B1B885A1C90B2334A10801A46C9B290
:20232000334B9954304B1B885A1C91B22E4A11801A467B6899792E4B99540023FB730FE017
:20234000FA7B294B1B88591C88B22749088019467B6813441A7B264B5A54FB7B0133FB73E5
:202360007B689B79FA7B9A42EAD30023BB730CE01D4B1B885A1C91B21B4A11801A461C4B9A
:2023800000219954BB7B0133BB73BB7B002BEFD0154B1B885A1C91B2134A11801A46144B0E
:2023A00000219954104B1B885A1C91B20E4A11801A460F4B002199540B4B1B885A1C91B2F5
:2023C000094A11801A460A4B82219954064B1B881A4607490020FEF7E3FB034B00221A8033
:2023E00000BF1037BD4680BD363C0020383C0020743A002080B483B000AF0346FB7197F948
:202400000730002B12DBFB7903F01F020A4997F907305B09012000FA02F2203341F8232089
:20242000BFF34F8F00BFBFF36F8F00BF00BF0C37BD465DF8047B704700E100E080B483B026
:2024400000AF0346FB7197F90730002B0CDBFB7903F01F02074997F907305B09012000FA21
:2024600002F2603341F8232000BF0C37BD465DF8047B704700E100E080B400AFBFF34F8F95
:2024800000BF064BDB6803F4E0620449044B1343CB60BFF34F8F00BF00BFFDE700ED00E0D4
:2024A0000400FA0580B485B000AF786039600023FB600023FB72FB68DB43FB601FE07B68C4
:2024C0005A1C7A601B781A46FB685340FB600823FB7209E0FB685A08FB6803F0010359422D
:2024E0000C4B0B405340FB60FB7A013BDBB2FB7297F90B30002BEDDA3B68013B3B603B68C7
:20250000002BDCD1FB68DB4318461437BD465DF8047B70472083B8ED80B485B000AF7860F3
:2025200039600023FB600023FB72FB68DB43FB6021E07B681B78DBB21A46FB685340FB6063
:202540007B6801337B600823FB7209E0FB685A08FB6803F0010359420C4B0B405340FB60BE
:20256000FB7A013BDBB2FB7297F90B30002BEDDA3B68013B3B603B68002BDAD1FB68DB437F
:2025800018461437BD465DF8047B70472083B8ED80B582B000AF7860084611461A46034680
:2025A000FB700B46BB7013467B70144AFB781373124ABB785373124B1A78104B9A730F4A94
:2025C0007B6813600D4B03229A710E4B1B78DBB2012B03D10948FFF737FE0AE0FB78082B98
:2025E00002D10648FFF730FE7B7804491846FDF755FE00BF0837BD4680BD00BF3C3C00201C
:202600007C0B0020683A002080B582B000AF00237B600623FB70142213490020FFF75EF9AA
:202620000346002B1AD1104B9B7CAA2B14D10423AA22042140F2FC70FFF7AAFF00237B60BC
:2026400002E07B6801337B607B6842F20F729342F7D90523FB7001E00423FB70FB78184692
:202660000837BD4680BD00BF543C002080B584B000AF0623FB7300233B600023BB6000239E
:202680007B605C4B9B7CAA2B67D14FF480510020FFF786F90346002B57D1574B1A78554B7B
:2026A0001A70554B5A78534B5A70524BFF229A74504BAA22DA74504BD3F806304D4AC2F848
:2026C00006304D4BD3F802304A4AC2F802304A4BD3F80E30474AC2F80E30474BD3F80A30F1
:2026E000444AC2F80A30142242490020FFF7AAF80346002B21D114223F490020FFF7EEF8BF
:202700000346002B11D114223B493A48FEF7C7F80346002B01D1FFF7AFFE0423FF22082119
:2027200040F2FC70FFF734FF5FE00423FF22082140F2FC70FFF72CFF57E00423FF220821BB
:2027400040F2FC70FFF724FF4FE00423FF22082140F2FC70FFF71CFF47E0264BDB7CAA2BAF
:2027600034D1142224490020FFF7B8F80346002B18D1214B1B78002B08D11F4BD3F8023024
:20278000BB601D4BD3F806307B600BE01A4B5B78002B07D1184BD3F80A30BB60164BD3F805
:2027A0000E307B60B9684FF48030FFF7B5FE38603A687B689A4206D1FEF7B4FA00F0FEFEE4
:2027C00000F078FE11E00223FB730EE04FF480331A680A4B1340B3F1005F04D100F06AFED1
:2027E0000323FB7301E00223FB73FB7B18461037BD4680BD543C0020A04400200000FE2F95
:2028000080B500AFFEF78EFAFFF7AEFAFFF7FAFC224B1B680A2B15D9214B00221A701F4B38
:2028200000221A601F4B00221A601F4B00221A600423FF220A2140F2FC70FFF7A9FE1B4BDC
:2028400001221A70194B1B78012B15D1184B1B78DBB2012BD6D1164B00221A700F4B0022E3
:202860001A600F4B01221A700423FF22092140F2FC70FFF78DFEC5E7094B1B78012BC1D1F5
:202880000B4B1B78DBB2012BBCD1044B1B680133024A1360064B00221A70B3E784440020C5
:2028A00080440020683C00206C3C0020503C0020800B002080B582B000AF0623FB71FFF7B0
:2028C000D5FE0323FB71FB7918460837BD4680BD80B500AF274B01221A70FEF723FA254BBD
:2028E0001B78012B15D1244B1B78DBB2012B21D1214B00221A70214B00221A60204B0122D8
:202900001A700423FF22092140F2FC70FFF740FE10E01B4B1B78012B0CD1174B1B78DBB275
:20292000012B07D1154B1B680133144A1360124B00221A70FFF718FAFFF764FC0F4B1B6867
:20294000322BCAD90E4B00221A700C4B00221A600C4B00221A600C4B00221A600423FF2251
:202960000A2140F2FC70FFF713FE024B01221A70B3E700BF503C0020800B002084440020F5
:2029800080440020683C00206C3C002080B588B000AF78607B681B6840F2FB72934250D0D9
:2029A00040F2FB72934200F2948040F2FA7293420DD040F2FA72934200F28B8040F26662E3
:2029C000934242D040F2C172934257D081E07B681B7B002B02D100F051F97CE07B681B7BC8
:2029E000012B03D1786800F07DF974E07B681B7B032B02D100F044FB6DE07B681B7B042B9F
:202A000002D100F07BFC66E07B681B7B052B02D100F0F2FC5FE07B681B7B062B02D100F030
:202A200067F858E07B681B7B072B03D1786800F00FFC50E07B681B7B082B4CD1FFF716FEA2
:202A400049E0786800F05CFA48E040F22373FB600823BB7407F10C030C330822214918464A
:202A6000FDF7FEFE07F10C0319460420FDF716FC07F10C031846FFF7E7FB2FE07B681B7B11
:202A8000002B03D0184B01221A7002E0164B00221A707B681B7B042B1FD17B685B7BAA2B13
:202AA0001BD1124B40F2C2721A60104B02229A710E4B04221A730D4BAA225A730A4B0122EE
:202AC0001A700A490420FDF7E9FB0848FFF7BCFB03E000BF02E000BF00E000BF00BF203728
:202AE000BD4680BDDC440020513C0020B844002080B584B000AF4FF48053FB604FF480330E
:202B0000BB6000237B60142257490020FEF7E6FE0346002B40F08F80534B1B78002B14D1D9
:202B20004FF48053FB604FF48033BB604F4BD3F802307B604D4BD3F802304D4A13604B4B6C
:202B4000D3F806304B4A136075E0474B5B78002B71D14FF40123FB604FF48033BB60434BE4
:202B6000D3F80A307B60414BD3F80A30404A13603E4BD3F80E303F4A13605CE07B68B3F592
:202B8000806F2ED34FF480623B49F868FEF7A6FE0346002B1DD14FF480623749B868FDF788
:202BA000D9FC0346002B0CD1FB6803F58063FB60BB6803F58063BB607B68A3F580637B6004
:202BC00039E00423FF22062140F2FC70FFF7E0FC34E00423FF22062140F2FC70FFF7D8FC12
:202BE0002CE07A682449F868FEF778FE0346002B1AD17A682049B868FDF7ACFC0346002BD5
:202C00000AD1FA687B681344FB60BA687B681344BB6000237B600EE00423FF22062140F2DE
:202C2000FC70FFF7B5FC06E00423FF22062140F2FC70FFF7ADFC7B68002B9FD17B68002B63
:202C400007D10423AA22062140F2FC70FFF7A0FC06E00423FF22062140F2FC70FFF798FCD5
:202C600000BF1037BD4680BDA0440020543C0020743C0020783C00208040002080B500AFF2
:202C8000134B40F2FC721A60114B05229A71104B00221A730F4BAA221A700E4B79225A80A6
:202CA00004220C490C48FDF7DBFD0C4B1B78DBB2012B03D10648FFF7C7FA03E004490420A9
:202CC000FDF7ECFA064B00221A7000BF80BD00BFB844002088440020C5440020683A00206F
:202CE000503C002080B582B000AF78607B685A7B7C4B9A7414227C490020FEF7EFFD034668
:202D0000002B40F0E380784B1B78002B48D1774B4FF401221A60764B4FF401221A60754B58
:202D20004FF441221A607B689B7B1A467B68DB7B1B021A447B681B7C1B041A447B685B7CB5
:202D40001B0613441A46674BC3F80A20674B1B68684A126811461846FEF722FE0346002B65
:202D600016D1654B00221A60644B00221A605D4B01221A705B4B00225A705A4BAA22DA742F
:202D80000423AA22012140F2FC70FFF701FCA4E00423FF22012140F2FC70FFF7F9FB9CE09B
:202DA000514B5B78002B48D1504B4FF480521A604F4B4FF480521A604E4B4FF480221A6015
:202DC0007B689B7B1A467B68DB7B1B021A447B681B7C1B041A447B685B7C1B0613441A465D
:202DE000404BC3F80220414B1B68424A126811461846FEF7D5FD0346002B16D13E4B0022D4
:202E00001A603E4B00221A60364B00221A70354B01225A70334BAA22DA740423AA220121CC
:202E200040F2FC70FFF7B4FB57E00423FF22012140F2FC70FFF7ACFB4FE02C4B4FF48052B8
:202E40001A602B4B4FF480521A602A4B4FF480221A607B689B7B1A467B68DB7B1B021A4412
:202E60007B681B7C1B041A447B685B7C1B0613441A461C4BC3F802201C4B1B681D4A1268BA
:202E800011461846FEF78CFD0346002B16D11A4B00221A60194B00221A60124B00221A709A
:202EA000104B01225A700F4BAA22DA740423AA22012140F2FC70FFF76BFB0EE00423FF2211
:202EC000012140F2FC70FFF763FB06E00423FF22012140F2FC70FFF75BFB00BF0837BD46A3
:202EE00080BD00BF8C440020A04400204C0700205007002054070020683C00206C3C0020F1
:202F000080B582B000AF7860534B1B68534A98187B6803F10C017B689B791A46FDF7A0FC8A
:202F20007B689B791A464C4B1B6813444A4A13607B689B791A464A4B1B681344484A1360F7
:202F4000454B1B68B3F5806FC0F08280454B1B684FF4806241491846FEF774FC0346002B1C
:202F60006FD1414B1B684FF4806240491846FEF7B5FC0346002B5CD14FF4806237493B4887
:202F8000FDF78DFC0346002B4BD1394B40F2FC721A60374B05229A712F4B00221A60344B3D
:202FA00002221A734FF480613048FFF77BFA0346304A13602F4B1B681B0EDAB22C4B1A746C
:202FC0002C4B1B681B0CDAB2294BDA73294B1B681B0ADAB2264B9A73264B1B68DAB2244B6E
:202FE0005A73254B1B78DBB2012B09D1234B1B8801339AB2214B1A801D48FFF725F903E07B
:203000001B490420FDF74AF9164B1B6803F58063144A1360144B1B6803F58063124A1360D5
:2030200016E00423FF22022140F2FC70FFF7B0FA0EE00423FF22022140F2FC70FFF7A8FA62
:2030400006E00423FF22022140F2FC70FFF7A0FA00BF0837BD4680BD683C0020803C002013
:203060006C3C00204C0700205007002080400020B8440020703C0020683A0020E4440020CC
:2030800080B582B000AF674A674B1A60674B1B68002B20D1664BD3F80220664B1B689A423E
:2030A00006D0634BD3F80A20624B1B689A4207D10423AA22032140F2FC70FFF769FAADE018
:2030C0000423FF22032140F2FC70FFF761FA594B00221A60A2E0584B1B68544A12685149FB
:2030E0001846FEF7AFFB0346002B40F08F80534B1B684E4A126852491846FEF7EFFB0346CC
:20310000002B7BD1494B1B681A4646494C48FDF7C6FB0346002B40F081804A4B40F2FC720F
:203120001A60484B05229A71404B1B6819464448FFF7B8F90346444A1360434B1B681B0E2C
:20314000DAB2404B1A74404B1B681B0CDAB23D4BDA733D4B1B681B0ADAB23A4B9A733A4B61
:203160001B68DAB2374B5A73384B1B78DBB2012B03D13448FFF768F803E032490420FDF706
:203180008DF82D4B1A68294B1B6813442A4A13602A4B1A68254B1B681344284A1360002332
:2031A0007B6002E07B6801337B607B684CF24F329342F7D91E4BD3F802201E4B1B689A42FB
:2031C00006D01B4BD3F80A201A4B1B689A420AD1164B00221A600423AA22032140F2FC706D
:2031E000FFF7D6F91AE00423FF22032140F2FC70FFF7CEF90F4B00221A600FE00423FF221C
:20320000032140F2FC70FFF7C3F907E00423FF22032140F2FC70FFF7BBF9FFE700BF0837BB
:20322000BD4680BD803C0020B4440020683C00208C4400206C3C00204C07002050070020F4
:2032400080400020B8440020703C0020683A002080B584B000AF7860244B40F2FC721A606B
:20326000224B02229A717B685B7B1A467B689B7B1B021A447B68DB7B1B041A447B681B7CF5
:203280001B061344FB601A4B1B78002B04D1184AFB68C2F8063007E0154B5B78002B03D195
:2032A000134AFB68C2F80E30124B1B6819464FF48030FFF731F903460F4A13600E4B1B6813
:2032C000FA689A4207D10423AA22072140F2FC70FFF75EF906E00423FF22072140F2FC70DE
:2032E000FFF756F900BF1037BD4680BDB8440020A0440020743C00207C3C002080B588B00E
:2033000000AF394B1B78012B0CD1384BD3F80230354AC2F80230354BD3F80630324AC2F83C
:2033200006300FE0304B5B78012B0BD12F4BD3F80A302D4AC2F80A302C4BD3F80E302A4A34
:20334000C2F80E304FF480510020FEF729FB0346002B3ED13B46142223491846FDF780FAB6
:20336000142221492248FDF77BFA3B46214A13603B46142219460020FEF764FA0346002B7E
:203380001FD1142219490020FEF7A8FA0346002B0FD1142215491448FDF781FA0346002BC7
:2033A0001ED10423AA22042140F2FC70FFF7F0F816E00423FF22042140F2FC70FFF7E8F8B3
:2033C0000EE00423FF22042140F2FC70FFF7E0F806E00423FF22042140F2FC70FFF7D8F86F
:2033E00000BF2037BD4680BD8C440020A0440020543C0020B444002080B500AF4FF4A021D3
:203400004FF48030FDF70CF90346002B07D10423AA22052140F2FC70FFF7BAF806E0042308
:20342000FF22052140F2FC70FFF7B2F800BF80BD80B500AF0E221D494FF44820FDF710F9E9
:203440000346002B30D1194B1B78012B20D1174B5A79174B1A70154B9A79154B5A70134BC7
:20346000DA79134B9A70114B1A7A114BDA700F4B5A7A0F4B1A710D4B9A7A0D4B5A710B4B03
:20348000DA7A0B4B9A71094B1A7B094BDA710BE0074BFF221A70064B01225A71044B022255
:2034A0009A71034B0022DA7100BF80BDCC440020DC44002080B586B000AF3A4BBB6072B6F8
:2034C00000BF394B00229A8000BF374B9B889BB2002BFAD1344B00229A8200BF324B9B8AA8
:2034E0009BB2002BFAD1314B00221A604FF0FF30FEF780FF4FF0FF30FEF7A0FF00237B618E
:2035000008E02B4A7B69C033002142F823107B6901337B617B695F2BF3D900233B6110E00C
:20352000244A3B6920334FF0FF3142F82310214A3B6960334FF0FF3142F823103B690133F4
:203540003B613B69072BEBD90023FB6007E0184AFB68134400221A70FB680133FB60FB68B3
:203560000F2BF4D900233B603B6883F31488BFF36F8F00BF00BF104B4FF480329A60BFF3A7
:203580004F8F00BF4FF480331B687B607B6883F3088800BFBB681B68984700BF1837BD46FC
:2035A00080BD00BF04000100000D004010E000E00060004000E100E000ED00E080B500AFDB
:2035C000FDF72EFAFDF7AAFAFCF794FE00BF80BD80B500AFFDF788F800BF80BD80B582B0FB
:2035E00000AF0346FB71FB79022B03D10349044801F0FCFC00BF0837BD4680BD708500003E
:20360000F844002080B500AFFFF7E2FF0023184680BDFFFF80B586B000AF786039607B6869
:203620007B613968786900F070F838613B69002B01D03B6932E03B681B791A4ADB01DBB2E1
:2036400093713B681B781A46174B9B5C03F00303FB603B685B781B01DBB2FA681343FB60F1
:203660003B689B781B0303F44053FA681343FB603B68DB781B0203F44073FA681343FB6009
:20368000084BFA6892B25A803B685B79054ADB01DBB213727B69054A1A6000231846183726
:2036A000BD4680BD003408403C8600005444570080B483B000AF7860064B00221A70054B62
:2036C000FF221A70002318460C37BD465DF8047B704700BF0034084080B483B000AF7860C4
:2036E0003960062318460C37BD465DF8047B704780B483B000AF78600B46FB7006231846A8
:203700000C37BD465DF8047B704780B483B000AF78603960002318460C37BD465DF8047BB6
:20372000704780B483B000AFEFF303837B607B683B603B88C3F308039BB2DBB2103BDBB2C5
:203740005BB218460C37BD465DF8047B7047FFFF80B483B000AF03463960FB7197F9073004
:2037600004493A6841F8232000BF0C37BD465DF8047B70474C46002080B483B000AF03463D
:20378000FB7197F90730044A52F8233018460C37BD465DF8047B70474C46002080B483B0C3
:2037A00000AF0346FB710B4997F9073003F1C00251F8223023F4803341F82230054A97F905
:2037C0000730C03352F8233000BF0C37BD465DF8047B70470060004080B584B000AF034691
:2037E000FB7197F907301846FFF7D8FFBFF35F8F00BF97F90730FB60FB6803F01F02074923
:2038000097F907305B09012000FA02F2603341F8232000BF1037BD4680BD00BF00E100E099
:2038200080B584B000AF0346B9607A60FB73BB68DAB2094997F90F301201D2B20B4483F895
:20384000002397F90F3079681846FFF781FF00BF1037BD4680BD00BF00E100E080B485B092
:2038600000AF0346FB7197F90730FB60FB6803F01F020749FB685B09012000FA02F241F8EC
:20388000232000BF1437BD465DF8047B704700BF00E100E080B582B000AF0346FB7197F972
:2038A00007301846FFF798FF97F907301846FFF7D5FF00BF0837BD4680BDFFFF80B485B052
:2038C00000AF0346FB7197F90730FB60FB6803F01F020B4997F907305B09012000FA02F25D
:2038E000203341F82320BFF34F8F00BFBFF36F8F00BF00BF1437BD465DF8047B704700BFE4
:2039000000E100E080B584B000AF0346B9607A60FB7397F90F307A68B9681846FFF780FF7F
:2039200097F90F301846FFF7B5FF00BF1037BD4680BDFFFF80B584B000AF786039600023C0
:20394000FB607B68BB60386800F0CFF8F860FB68002B01D0FB6822E0BB683A685A603B6879
:203960009A69BB685A623B68DA69BB68DA62BB6800229A62BB685B681B7803F5800303F5F3
:203980008D531B021A46BB689A60B86800F00AF9B86800F055FABB68034A1A60FB68184690
:2039A0001037BD4680BD00BF4950535280B586B002AFF860B9607A60FB70FB7800937B68C8
:2039C000BA680021F86800F0DFFA034618461037BD4680BD80B586B002AFF860B9607A60E6
:2039E000FB70FB7800937B680022B968F86800F0CBFA034618461037BD4680BD80B586B082
:203A000002AFF860B9607A603B603B7E00933B687A68B968F86800F0B7FA0346184610372E
:203A2000BD4680BD80B584B000AF78607B68FB60FB6800221A60FB685B685B69002B0AD02A
:203A4000FB685B685B699B681B6AFA6852685269126810469847FB685B681B69002B0AD0BF
:203A6000FB685B681B699B681B6AFA6852681269126810469847FB685B6893F90230002BBF
:203A800006DBFB685B6893F902301846FFF716FFFB685B6893F90130002B06DBFB685B68E3
:203AA00093F901301846FFF709FFFB685B6893F903301846FFF702FFFB685B6893F90430CD
:203AC0001846FFF7FBFEFB689A68137823F040031370FB689B68DB78FB689B680022DA7045
:203AE000002318461037BD4680BD80B586B000AF786000237B617B681B693B617B681B7854
:203B000003F5800303F58D531B020433FB603B69002B19D03B695B681B684FF000621A60E6
:203B20003B695B681B68FA689A603B699B681B683A6910683A6952681146984778617B69AA
:203B4000002B01D07B6928E07B685B69BB60BB68002B21D0BB685B681B684FF400221A6034
:203B6000BB685B681B68FA685A60BB689B681B68BA681068BA6852681146984778617B69AE
:203B8000002B09D03B69002B06D03B699B681B6A3A691268104698477B6918461837BD466A
:203BA00080BDFFFF80B491B000AF78600023FB6300233B620023BB6300237B6300233B638A
:203BC0000023FB620023BB6200237B620023FB61FB6B43F08003FB63FB6B43F02003FB6312
:203BE000FB6B43F01003FB637B685B685B7A002B01D1082300E00023FA6B1343FB637B6819
:203C00005B685B7A002B01D1102300E000237A6B13437B637B685B689B7A1A467B6A13436A
:203C20007B627B685B68DB7A5B007A6A13437B627B685B685B7B1B037A6A13437B627B68A6
:203C40005B681B69002B03D0FB6B43F02003FB637B685B681B6ABB61BB691B78002B14D1F7
:203C60007B685B681B78002B0AD17B685B685B7A002B01D1802300E000237A6A13437B62D0
:203C8000FB6B23F00103FB6303E0FB6B43F00103FB63BB695B78DB01DB431A46FB6B134061
:203CA000FB63BB695B785A00BB695B785B0113431A46FB6B1343FB633B6A23F00F033B62CB
:203CC000BB699B781A46BB69DB7802FA03F33A6A13433B627B6A23F070037B62BB69DB788E
:203CE0001B017A6A13437B62BB691B79002B0BD0BB6B43F02003BB63BB691B79022B03D180
:203D0000BB6B43F01003BB63BB695B79002B0BD07B6B43F001037B63BB695B79012B03D128
:203D20007B6B43F002037B63BB699B791A46FB691343FB61BB691B7AC3F30103DBB29B003E
:203D40007A6A13437B627B685B685B7A002B0CD17B6A43F460437B62BB695B7A3B63BB6972
:203D60009B7AFB62BB69DB7ABB6200237B61EFF310833B613B697B610123FB60FB6883F353
:203D8000108800BF2D4B5A687B685B681B78C3F11303012101FA03F3DB43284913404B60EF
:203DA000264B5B687B69BB60BB6883F3108800BF7B689B68DB787B689B680022DA707B6872
:203DC0009B68FA6BD2B21A707B689B683A6AD2B25A707B689B68BA6BD2B29A707B689B6816
:203DE000BA69D2799A727B689B683A6BD2B21A737B689B68FA6AD2B25A737B689B68BA6A08
:203E0000D2B29A737B689B687A6BD2B2DA737B689B687A6A92B21A827B689B68FA69D2B2FE
:203E200083F820207B689B68102283F8212000BF4437BD465DF8047B704700BF00400840E4
:203E400080B582B000AF78607B685B6893F90230002B0ADB7B685B6893F902007B685B6826
:203E60009B797A681946FFF74DFD7B685B6893F90130002B0ADB7B685B6893F901007B6824
:203E80005B685B797A681946FFF73CFD7B685B6893F904007B685B681B7A7A681946FFF773
:203EA00031FD7B685B6893F903007B685B68DB797A681946FFF7B4FC00BF0837BD4680BD80
:203EC00080B487B000AF78607B689B68DB7ADBB27B617B689B681B8A9BB2FB607B6893F8AB
:203EE00020300F2B08D97B6923F040037B617B6943F020037B610DE07B6893F82030072B4E
:203F000004D87B6943F040037B6103E07B6923F060037B617B6893F820303B613B690F2B3E
:203F200004D93B6901339B08053B3B61FB6823F47063FB603B691B02FA681343FB607B68EE
:203F40009B687A69D2B2DA727B689B68FA6892B21A8200BF1C37BD465DF8047B704780B4AF
:203F600083B000AF78607B689B681B78DAB27B689B6842F06002D2B21A7000BF0C37BD46F5
:203F80005DF8047B7047FFFF80B588B000AFF860B9607A603B60FB68FB61FB699B681B78DD
:203FA000DBB203F04003002B01D0082306E1FB69BA68DA60FB697A681A61FB6900225A616E
:203FC000FB6900229A61FB693A68DA61FB6997F8282083F82020FB695B685B69002B6DD0D6
:203FE000FB693A689A61FB6993F820300F2B0AD9FB695B685B695B681A68D378022161F372
:204000000513D37018E0FB6993F82030072B09D8FB695B685B695B681A68D37823F030033A
:20402000D37009E0FB695B685B695B681A68D378012161F30513D370FB695B685B695B685A
:204040001A689378022161F383039370FB695B685B695B681B683A6892B2DA81FB695B683A
:204060005B695B681B687A689A607B68002B0FD1FB695B685B695B681A68937823F00C030F
:204080009370FB695B685B695B681B684D4A9A60FB695B685B699B685B68FA6952685269D2
:2040A0001068FA69526852695268126811469847B861BB69002B01D0BB697FE0FB695B6863
:2040C0001B69002B73D0FB693A685A61FB6993F820300F2B0AD9FB695B681B695B681A68E1
:2040E000D378022161F30513D37018E0FB6993F82030072B09D8FB695B681B695B681A6869
:20410000D37823F03003D37009E0FB695B681B695B681A68D378012161F30513D370FB6972
:204120005B681B695B681A68D378022161F38303D370FB695B681B695B681B683A6892B291
:20414000DA81FB695B681B695B681B68BA685A60BB68002B0FD1FB695B681B695B681A6819
:20416000D37823F00C03D370FB695B681B695B681B68154A5A60FB699A68137823F020035E
:204180001370FB695B681B699B685B68FA69526812691068FA6952681269526812681146F8
:2041A000984778617B69002B01D07B6906E0F869FFF786FEF869FFF7D2FE002318462037C3
:2041C000BD4680BDFC4500200046002080B485B000AF78607B689B69FB607B68DB69FA681D
:2041E0009A4234D07B681B69002B03D17B689B685B6827E07B6893F820300F2B09D97B680C
:204200009A687B681969FB689B000B4452681A6018E07B6893F82030072B09D87B689A6808
:204220007B681969FB680B441279D2B21A7009E07B689A687B681969FB685B000B44928874
:2042400092B21A80FB685A1C7B689A6100E000BF1437BD465DF8047B704780B485B000AF39
:2042600078607B685B69FB607B68DB69FA689A4233D07B68DB68002B04D17B689B680022CE
:204280005A6025E07B6893F820300F2B09D97B68DA68FB689B001A447B689B6812685A60EA
:2042A00016E07B6893F82030072B08D87B68DA68FB681A447B689B6812781A7108E07B688C
:2042C000DA68FB685B001A447B689B6812889A80FB685A1C7B685A6100E000BF1437BD4682
:2042E0005DF8047B704790B587B000AF78600B46FB707B689B6A7B617B69002B03D107F1D5
:2043000008037B6105E07A6907F1080307CA83E807007B685B681B781A467B691A607B69CD
:20432000FA781A717B68DA6A7B699A607B685B6A786998477B689B6A002B08D07B689B6A40
:204340001C4607F1080393E8070084E8070000BF1C37BD4690BD80B582B000AFFFF7E1F9BB
:204360000346FB7197F907301846FFF717FA97F907301846FFF700FA38603868FFF726FFF4
:204380003B689A693B68DB699A4206D13B685B6893F903301846FFF761FA00BF0837BD4608
:2043A00080BD80B584B000AFFFF7BBF90346FB7397F90F301846FFF7F1F997F90F3018460D
:2043C000FFF7DAF9B860BB685B681B6A7B607B68002B1ED07B685B78012B1AD1BB685A6907
:2043E000BB68DB69013B9A4207D1BB685B6893F903301846FFF74EFA0BE0BB685B681B69D0
:20440000002B06D0BB685B6893F903301846FFF725FAB868FFF721FF00BF1037BD4680BD07
:2044200080B582B000AFFFF77CF90346FB7197F907301846FFF7B2F997F907301846FFF765
:204440009BF938603B689B68DB78C3F34003DBB2002B04D03B685B685B7A012B28D197F9C2
:2044600007301846FFF72AFA3B685B6893F90230002B06DB3B685B6893F902301846FFF7E5
:204480001DFA3B689A68137823F0400313703B685B6893F90230002B06DB3B685B6893F9DA
:2044A00002301846FFF7F6F901213868FFF71BFF00BF0837BD4680BD80B584B000AFFFF769
:2044C00030F90346FB7397F90F301846FFF754F9B860BB685B6893F90230002B06DBBB68A1
:2044E0005B6893F902301846FFF7E8F9BB689A68137823F040031370BB685B6893F90230D9
:20450000002B06DBBB685B6893F902301846FFF7C1F9BB689B68DB78FB71BB689B680022B0
:20452000DA70FB7903F00803DBB2002B03D00521B868FFF7D8FEFB7903F00103DBB2002BFF
:2045400003D00421B868FFF7CEFEFB7903F00403DBB2002B09D0FB7903F01003DBB2002B50
:2045600003D00821B868FFF7BEFE97F90F301846FFF714F900BF1037BD4680BD80B483B090
:2045800000AFEFF303837B607B683B603B88C3F308039BB2DBB2103BDBB25BB218460C37C7
:2045A000BD465DF8047B704780B483B000AF03463960FB7197F9073004493A6841F82320D7
:2045C00000BF0C37BD465DF8047B70474C46002080B483B000AF0346FB7197F90730044AB9
:2045E00052F8233018460C37BD465DF8047B70474C46002080B483B000AF0346FB710B491E
:2046000097F9073003F1C00251F8223023F4803341F82230054A97F90730C03352F8233087
:2046200000BF0C37BD465DF8047B70470060004080B584B000AF0346FB7197F90730184658
:20464000FFF7D8FFBFF35F8F00BF97F90730FB60FB6803F01F02074997F907305B090120F9
:2046600000FA02F2603341F8232000BF1037BD4680BD00BF00E100E080B584B000AF034616
:20468000B9607A60FB73BB68DAB2094997F90F301201D2B20B4483F8002397F90F307968B5
:2046A0001846FFF781FF00BF1037BD4680BD00BF00E100E080B485B000AF0346FB7197F903
:2046C0000730FB60FB6803F01F020749FB685B09012000FA02F241F8232000BF1437BD4622
:2046E0005DF8047B704700BF00E100E080B582B000AF0346FB7197F907301846FFF798FF32
:2047000097F907301846FFF7D5FF00BF0837BD4680BDFFFF80B485B000AF0346FB7197F911
:204720000730FB60FB6803F01F020B4997F907305B09012000FA02F2203341F82320BFF361
:204740004F8F00BFBFF36F8F00BF00BF1437BD465DF8047B704700BF00E100E080B58AB0C6
:2047600000AF786039607B687B623B681B7803F5800303F58C531B021A467B6A1A627B6A0E
:2047800000221A707B6A3A68DA613B685A697B6A5A623B689A697B6ADA627B6A00229A62DA
:2047A0007A6A9378012161F3010393703B685B78002B05D17A6A9378022161F301039370A9
:2047C0003968786A00F0C0F9786A00F006F900233B62EFF31083FB60FB683B6201233B618C
:2047E0003B6983F3108800BF474B5A683B681B7819464FF00043CB40DB43434913404B602A
:20480000414B5B683B6A7B617B6983F3108800BF7B6A1B6A00229A707B6A1B6A00221A716A
:204820007B6A1B6A00225A727B6A1B6A00229A727B6A1B6A0022DA727B6A1B6A00225A8347
:204840003B681B781A4640F21923D34003F00103002B03D07B6A1B6A4022DA747B6A1B6AC8
:2048600006221A773968786A00F0C1F87B6A0022DA607B6A00221A617B6A00225A617B6AE9
:2048800000229A613B68DB69FB61FB691B7803F00303BB61BB6943F01003BB617B6ADB69FD
:2048A00093F905301846FFF721FF7B6ADB6993F90B301846FFF71AFFBB6943F04003BB61B0
:2048C0007B6ADB6993F907301846FFF70FFF7B6ADB6993F909301846FFF708FFBB6943F0EA
:2048E0002003BB617B6A1B6ABA69D2B29A70FB695A897B6A1A817B6A044A5A600023184629
:204900002837BD4680BD00BF004008405549435380B487B000AFF860B9607A60FB687B61D9
:2049200000233B617B69BA685A617B697A689A613B6918461C37BD465DF8047B704780B41F
:2049400087B000AFF860B9607A60FB687B617B691B6A9B78DAB27B691B6A02F07B02D2B283
:204960009A707B699B78C3F30103DBB21A467B689A1A7B691A617B699B78C3F30103DBB25B
:204980001A46BB681A447B69DA607B691B6A9B78DAB27B691B6A62F07F02D2B29A707B6962
:2049A0009B7803F00303DBB2022B0AD1BB681B887A69126A6FEAC3536FEAD3539BB2D381A2
:2049C00004E07B691B6ABA681278DA70002318461C37BD465DF8047B704780B483B000AF1C
:2049E000786000BF0C37BD465DF8047B704780B586B000AF786039603B681B781A4640F2FC
:204A00001923D34003F00103002B04D07B681B6A4FF478429A823B689B781A013B68DB7809
:204A2000DB0013437B61F2233B613B685B78032B04D17B6943F040037B6107E03B685B78AC
:204A4000002B03D13B6923F010033B617B681B6A7A69D2B21A707B681B6A3A69D2B29A71FE
:204A60003B68DB69BB60BB681B7B082B04D17B681B6A0A225A7309E0BB681B7B5B00DAB289
:204A80007B681B6A02F00202D2B25A730023FB60BB685B78DB01DBB2FA681343FB60BB6854
:204AA0009B785B0103F02003FA681343FB607B681B6A00221A72BB681B78022B03D0BB686F
:204AC0001B78032B11D17B681B6AFF225A70BB681B78022B03D1FB6843F01003FB607B6842
:204AE0001B6AFA68D2B2DA710DE07B681B6AFA68D2B2DA717B681A6ABB685B681946104678
:204B000000F04FF800BF00BF1837BD4680BD80B582B000AF78600B46FB701346BB7097F993
:204B200002301846FFF7F6FD97F902301846FFF761FDF97897F902307A681846FFF79CFD86
:204B400000BF0837BD4680BD80B582B000AF786039603B68997A3B6893F90B301A46786830
:204B6000FFF7D5FF3B6819793B6893F905301A467868FFF7CCFF3B6899793B6893F90730B6
:204B80001A467868FFF7C3FF3B68197A3B6893F909301A467868FFF7BAFF00BF0837BD468F
:204BA00080BD80B483B000AF786039603B689A787B685A703B685B78C3F30103D9B27A6832
:204BC000137861F3010313703B68DA787B689A747B68DB79DBB223F05C03DAB23B681B7891
:204BE00003F05C03DBB21343DAB27B68DA7100BF0C37BD465DF8047B704790B58BB000AF07
:204C0000F860B9601346FB71FB689B6A7B627B6A002B03D107F114037B6205E07B6A07F187
:204C200014040FCB84E80F00FB68DB691B781A467B6A1A607B6ABA689A607B6AFA791A712A
:204C4000FB68DA6A7B6ADA60FB685B6A786A9847FB689B6A002B07D0FB689B6A1C4607F179
:204C600014030FCB84E80F0000BF2C37BD4690BD80B584B000AFFFF781FC0346FB7397F984
:204C80000F301846FFF7B6FC97F90F301846FFF79FFCB860BB68DB691B69002B30D1BB68BF
:204CA0001B69002B2CD0BB689B7803F00303DBB2022B0BD1BB68DB681B88BA68126A6FEA84
:204CC000C3536FEAD3539BB2D38105E0BB68DA68BB681B6A1278DA70BB681B69BA68927805
:204CE000C2F30102D2B29A1ABB681A61BB68DB68BA689278C2F30102D2B21A44BB68DA609D
:204D0000BB681B69002B1BD1BB681B6A9B78FB71FB7943F00403FB71FB7903F07F03FB713F
:204D2000BB681B6AFA799A70BB680022DA60BB685B6A002B04D080220021B868FFF75DFFB3
:204D400000BF1037BD4680BD80B584B000AFFFF715FC0346FB7397F90F301846FFF74AFCCE
:204D600097F90F301846FFF733FCB860BB689B7803F00303DBB2022B07D1BB681B6A1B8ABB
:204D80009BB2C3F308037B6004E0BB681B6A5B79DBB27B60BB689B69002B0AD1BB685B6A4D
:204DA000002B33D07B6804221946B868FFF725FF2CE0BB685869BB689B78C3F30103DBB2B6
:204DC0001A463B1D194603F06DFABB685B69BA689278C2F30102D2B21A44BB685A61BB68B4
:204DE0009B69BA689278C2F30102D2B29A1ABB689A61BB689B69002B08D1BB685B6A002B37
:204E000004D001220021B868FFF7F7FE00BF1037BD4680BD80B582B000AFFFF7AFFB03462A
:204E2000FB7197F907301846FFF7D2FB38603B681B6A9B78DAB23B681B6A02F07B02D2B2A4
:204E40009A703868FFF7C9FD3B685B6A002B04D0022200213868FFF7D0FE97F907301846B7
:204E6000FFF7C8FB00BF0837BD4680BD80B584B000AFFFF783FB0346BB7297F90A30184611
:204E8000FFF7A6FB78600023FB607B689B7803F00303DBB2022B07D17B681B6A1B8A9BB24A
:204EA000C3F30803FB6004E07B681B6A5B79DBB2FB607B681B6A1B79DBB203F03803FB72AA
:204EC000FB7A03F01003002B0BD07B681B6A1B7FC3F30003DBB2002B03D1FB7A43F040031F
:204EE000FB727B681B6A1B79DAB27B681B6A22F03802D2B21A717868FFF76FFD7B685B6A10
:204F0000002B05D0FB7A1A46F9687868FFF775FE97F90A301846FFF76DFB00BF1037BD4683
:204F200080BDFFFF80B485B000AF0023FB60EFF310837B607B68FB600123BB60BB6883F33A
:204F4000108800BF0D4B1B68002B05D10C4B0022DA700B4B4022DA70084B1B680133074AFE
:204F60001360FB683B603B6883F3108800BF00BF1437BD465DF8047B704700BF484600204B
:204F8000000D084080B485B000AF0023FB60EFF310837B607B68FB600123BB60BB6883F3C0
:204FA000108800BF0F4B1B68002B04D00D4B1B68013B0C4A13600B4B1B68002B05D10A4BAF
:204FC0000022DA70084B8022DA70FB683B603B6883F3108800BF00BF1437BD465DF8047BD7
:204FE000704700BF48460020000D084080B584B000AF786039607B68FB60FB68044A1A6046
:20500000386800F03EF8002318461037BD4680BD54524F5080B487B000AF78600B467B803F
:2050200013467B700023FB820023BB827B8823F0FF037B827B88DBB23B823B8A012202FAE6
:2050400003F3FB817B78002B02D1FB89BB8201E0FB89FB827B8A1B0A9BB2DBB25B0103F1F6
:20506000804303F50023BB60BB8A1A04FB8A1A43BB689A60002318461C37BD465DF8047B2A
:20508000704780B584B000AF7860786800F060F87B68BB60FFF746FF0023FB8111E0BB6855
:2050A0005A68FB89DB0013449888BB685A68FB89DB0013441B68194600F00EF8FB8901332D
:2050C000FB81BB681B88FA899A42E8D3FFF75AFF00BF1037BD4680BD80B483B000AF034680
:2050E0003960FB803B6803F48033002B1CD01749FB881B0A9BB21A46FB88DBB212011A4402
:2051000051F8223023F4803341F822300F48FB881B0A9BB21946FB88DBB23A6822F480327A
:2051200009010B4440F823200849FB881B0A9BB21A46FB88DBB2120113443A6841F823205D
:2051400000BF0C37BD465DF8047B70470008084080B588B000AF7860594B7B61594B3B61BB
:205160000023FB619FE00023BB6195E07B685A68FB69DB0013449A885349BB6931F81330F4
:205180009A4240F086807B685A68FB69DB0013441B6803F0F853FB60FB68B3F1807F03D0CD
:2051A000FB68B3F1106F39D17B6993F8BB34DAB20121BB6901FA03F3DBB21340DBB2002BA6
:2051C00013D1012002F080FF7B6993F8BB34DAB20121BB6901FA03F3DBB21343DAB27B69E5
:2051E00083F8BB24012002F01FFF3B69BA69203213F81230C3F3C013DBB2002B49D13A69C0
:20520000BB6903F1200112F8113043F0800302F811300121C82002F085FD3AE07B6993F812
:20522000BB34DAB20121BB6901FA03F3DBB21340DBB2002B15D0012002F046FF7B6993F878
:20524000BB34DAB20121BB6901FA03F3DBB2DB43DBB21340DAB27B6983F8BB24012002F034
:20526000E3FE3B69BA69203213F81230C3F3C013DBB2002B0DD03A69BB6903F1200112F8E3
:20528000113023F0800302F811300121C82002F049FDBB690133BB61BB69022B7FF666AF6B
:2052A000FB690133FB617B681B881A46FB699342FFF459AF00BF00BF2037BD4680BD00BF0C
:2052C00000E00140003008404486000080B483B000AFEFF303837B607B683B603B88C3F31B
:2052E00008039BB2DBB2103BDBB25BB218460C37BD465DF8047B704780B483B000AF034656
:20530000FB7197F90730044A52F8233018460C37BD465DF8047B70474C46002080B483B027
:2053200000AF0346FB710B4997F9073003F1C00251F8223023F4803341F82230054A97F969
:205340000730C03352F8233000BF0C37BD465DF8047B70470060004080B584B000AFFFF748
:20536000B5FF0346BB7397F90E301846FFF7C4FFB8600023FB73174ABB685B79D35CC3F337
:205380000103DBB2032B02D10123FB7304E097F90E301846FFF7C2FFBB68002B0ED0BB68D3
:2053A0009B68002B0AD0BB685B797B60BB68DB683B60BB689B683A4610469847FB7B002B96
:2053C00004D097F90E301846FFF7A8FF00BF1037BD4680BD0060004080B483B000AFEFF352
:2053E00003837B607B683B603B88C3F308039BB2DBB2103BDBB25BB218460C37BD465DF892
:20540000047B704780B483B000AF03463960FB7197F9073004493A6841F8232000BF0C37BE
:20542000BD465DF8047B70474C46002080B483B000AF0346FB7197F90730044A52F82330AF
:2054400018460C37BD465DF8047B70474C46002080B483B000AF0346FB710B4997F9073085
:2054600003F1C00251F8223023F4803341F82230054A97F90730C03352F8233000BF0C37DE
:20548000BD465DF8047B70470060004080B584B000AF0346FB7197F907301846FFF7D8FF1F
:2054A000BFF35F8F00BF97F90730FB60FB6803F01F02074997F907305B09012000FA02F26A
:2054C000603341F8232000BF1037BD4680BD00BF00E100E080B584B000AF0346B9607A60A3
:2054E000FB73BB68DAB2094997F90F301201D2B20B4483F8002397F90F3079681846FFF7E6
:2055000081FF00BF1037BD4680BD00BF00E100E080B485B000AF0346FB7197F90730FB6056
:20552000FB6803F01F020749FB685B09012000FA02F241F8232000BF1437BD465DF8047B71
:20554000704700BF00E100E080B582B000AF0346FB7197F907301846FFF798FF97F90730D0
:205560001846FFF7D5FF00BF0837BD4680BDFFFF80B485B000AF0346FB7197F90730FB60D8
:20558000FB6803F01F020B4997F907305B09012000FA02F2203341F82320BFF34F8F00BFE8
:2055A000BFF36F8F00BF00BF1437BD465DF8047B704700BF00E100E080B584B000AF034603
:2055C000B9607A60FB7397F90F307A68B9681846FFF780FF97F90F301846FFF7B5FF00BF2F
:2055E0001037BD4680BDFFFF80B584B000AF786039607B68FB603B681B7C1A46012303FAA4
:2056000002F2FB68DA603968F86800F085F83968F86800F0B3F8FB68034A1A600023184644
:205620001037BD4680BD00BF5450470080B485B000AF78607B68FB60FB689B68FA68D26809
:205640009A60002318461437BD465DF8047B704780B485B000AF78607B68FB60FB689B6862
:20566000FA68D2685A60002318461437BD465DF8047B704780B586B000AF78607B687B61C9
:2056800000233B617B695B68DB69FB607B695B6893F91230184600F0D4F9FB6893F9243032
:2056A000184600F0CEF9FB6893F92530184600F0C8F97B6900221A60786900F021F8B86000
:2056C0007B699B687A69D2689A607B699B6800225A63BB6843F425431946786900F005F817
:2056E0003B6918461837BD4680BD80B483B000AF7860396000BF0C37BD465DF8047B704702
:2057000080B483B000AF7860002318460C37BD465DF8047B7047FFFF80B485B000AF78605B
:2057200039607B683A685A607B6801221A747B68DB6803F00603002B02D07B6800221A744B
:205740003B681B7C1A460C4B13441B02FB60FA687B689A603B685A697B685A613B689A69A0
:205760007B68DA617B6800229A6100BF1437BD465DF8047B704700BF9016400080B594B055
:2057800000AF786039603B68DB693B640023FB63EFF31083BB61BB69FB6301237B617B69EB
:2057A00083F3108800BF954B1A693B681B7C19464FF00043CB40DB43904913400B618F4B03
:2057C0001B69FB6B3B613B6983F3108800BF7B689B684FF425421A607B689B680022DA6284
:2057E0007B689B680022DA637B689B6800229A643B681B7ABB63BB6BDB05FB643B685B683D
:20580000013B7B633B681B78032B03D1FB6C43F48033FB647B689B68FA6CDA62786800F02E
:20582000EFF87B689B683A6C9269DA617B689B683A6CD2691A627B689B687A6B9A667B68CE
:205840009B687A6B5A6600233B633B6C9B6BBB644FF0FF33BB600023FB603B681B78002BA8
:2058600006D13B685B685B08013BFB62FB6ABB603B681B78012B07D93B68D96807F1080247
:205880000023786800F00BF97B689B68BA685A657B689B68BA689A653B681B78032B07D9FF
:2058A0007B689B68BA68DA657B689B68BA681A66FB681B043A6B13433B63FB681B063A6BD5
:2058C00013433B633B6C9B6B002B1ED13B6C1B78002B0AD03B6C5B781946386800F054F918
:2058E000B862BA6CBB6A1343BB643B6C9B78002B0BD03B6CDB781946386800F045F978620D
:205900007B6A1B04BA6C1343BB64786800F067F900233B620023FB617B689B683A6A9A63F2
:205920007B689B68FA69C3F888203B6C9B6B002B0DD13B6C93F820305B03BA6C1343BB648A
:205940003B6C93F821305B07BA6C1343BB644FF4AA037B643B6C93F83030002B02D04FF426
:20596000A0037B647B689B687A6C1A643B681B78012B07D17B689B680022DA647B689B68F5
:2059800000221A657B689B687A68D268DA607B689B68BA6C5A637B689B683A6B42F003029F
:2059A0001A637B689B683A6B42F001021A634AF201517868FFF799FE3B6893F912003B684E
:2059C0005B7C7A68194600F054F83B6C93F924003B6C93F822307A68194600F04AF83B6C7E
:2059E00093F925003B6C93F823307A68194600F040F800BF5037BD4680BD00BF004008403B
:205A000080B483B000AF78607B689B684FF000421A617B689B684FF000425A617B689B68AE
:205A20004FF000429A617B689B6800225A627B689B6800229A6200BF0C37BD465DF8047B49
:205A4000704780B582B000AF0346FB7197F90730002B0ADB97F907301846FFF789FD97F9BC
:205A6000073000211846FFF7CDFC00BF0837BD4680BD80B584B000AF0346B9607A60FB73B1
:205A800097F90F30002B06DB97F90F307A68B9681846FFF791FD00BF1037BD4680BD80B4FD
:205AA0008BB000AFF860B9607A603B60FB689B689B6EFB61FB690133FB61BB68002B0CBF3E
:205AC00001230023FB76BA68FB699A422CBF01230023BB76FB7E002B02D1BB7E002B44D05A
:205AE0003B6803F00103002B07D1FB689B685B6BC3F30403DBB27B6206E0FB689B685B6BA4
:205B0000C3F30443DBB27B62FB685B681B78032B09D97B6A03F01003002B0CBF012300232D
:205B200087F8233008E07B6A03F00C03042B0CBF0123002387F82330FB7E002B06D097F8A8
:205B4000233083F00103DBB2002B06D1BB7E002B07D097F82330002B03D07B6802225A6010
:205B60000CE07B6803225A6008E0BB687B617B69013B7B617B687A691A6000BF00BF2C3773
:205B8000BD465DF8047B704780B485B000AF78600B46FB70FB789A01FB781B01134343F4A1
:205BA0008073BB600923FB607B681B78022B0BD07B681B78032B02D10323FB6004E0FB7883
:205BC000002B01D10623FB60BA68FB681343BB60BB6818461437BD465DF8047B704780B4C0
:205BE00085B000AF78607B685B68DB69FB60FB6893F8303003F00103DBB2002B05D0FB686F
:205C00009A6A7B689B68013ADA64FB6893F8303003F00203DBB2002B05D0FB68DA6A7B68C4
:205C20009B68013A1A6500BF1437BD465DF8047B704790B589B000AFF8600B467A60FB72F2
:205C4000FB689B69FB61FB69002B03D107F11003FB6105E0FA6907F1100307CA83E8070021
:205C6000FB69FA7A1A71FB697A689A60FB68DA69FB691A60FB685B69F8699847FB689B692F
:205C8000002B08D0FB689B691C4607F1100393E8070084E8070000BF2437BD4690BD80B599
:205CA00084B000AFFFF798FB0346FB7397F90F301846FFF7CDFB97F90F301846FFF7B6FB02
:205CC000B860BB685B681B78012B20D1B868FFF717FD7860BB689B68BA68D2689A60BB6875
:205CE0009B6800229A64BB689B680022DA64BB689B6800221A657B6843F425431946B86833
:205D0000FFF7F3FC97F90F301846FFF7BFFBBB685B69002B04D000220021B868FFF789FFFA
:205D200000BF1037BD4680BD80B483B000AFEFF303837B607B683B603B88C3F308039BB275
:205D4000DBB2103BDBB25BB218460C37BD465DF8047B704780B487B000AF0346FB710E4B7A
:205D60001B6A7B61FB797A6922FA03F303F007033B617B691B0E03F00703FB60074B1A6887
:205D8000FB689A403B6922FA03F318461C37BD465DF8047B704700BF00E00140D4470020B6
:205DA00080B400AF094B0122A3F80421074BB3F804319BB2002BF9D1044B0122A3F8002127
:205DC00000BFBD465DF8047B704700BF00C0014080B483B000AF03463960FB7197F907308B
:205DE00004493A6841F8232000BF0C37BD465DF8047B70474C46002080B483B000AF034697
:205E0000FB7197F90730044A52F8233018460C37BD465DF8047B70474C46002080B483B01C
:205E200000AF0346FB710B4997F9073003F1C00251F8223023F4803341F82230054A97F95E
:205E40000730C03352F8233000BF0C37BD465DF8047B70470060004080B584B000AF0346EA
:205E6000FB7197F907301846FFF7D8FFBFF35F8F00BF97F90730FB60FB6803F01F0207497C
:205E800097F907305B09012000FA02F2603341F8232000BF1037BD4680BD00BF00E100E0F3
:205EA00080B584B000AF0346B9607A60FB73BB68DAB2094997F90F301201D2B20B4483F8EF
:205EC000002397F90F3079681846FFF781FF00BF1037BD4680BD00BF00E100E080B485B0EC
:205EE00000AF0346FB7197F90730FB60FB6803F01F020749FB685B09012000FA02F241F846
:205F0000232000BF1437BD465DF8047B704700BF00E100E080B582B000AF0346FB7197F9CB
:205F200007301846FFF798FF97F907301846FFF7D5FF00BF0837BD4680BDFFFF80B485B0AB
:205F400000AF0346FB7197F90730FB60FB6803F01F020B4997F907305B09012000FA02F2B6
:205F6000203341F82320BFF34F8F00BFBFF36F8F00BF00BF1437BD465DF8047B704700BF3D
:205F800000E100E080B584B000AF0346B9607A60FB7397F90F307A68B9681846FFF780FFD9
:205FA00097F90F301846FFF7B5FF00BF1037BD4680BDFFFF80B584B000AF786039607B685A
:205FC000FB600023BB60FB683A685A603B681B78002B23D03B685A68FB689A633B68DA686B
:205FE000FB681A64FB680022DA63184B01221A763B6893F911003B681B7CFA681946FFF7B7
:20600000C1FF124B98221A753B6893F913003B689B7CFA681946FFF7B5FF05E00B4B002256
:206020001A760A4B00221A75F86800F073FAB860BB68002B01D0BB6803E0FB68044A1A60A5
:20604000BB6818461037BD4680BD00BF00E07F404E45504F80B586B000AFF860B9607A6043
:206060003B60FB683B6100237B613B685A083B691A633B69BA689A623B697A68DA623B6939
:20608000002283F834207B68B3F1006F04D2386902F062F9786103E0386900F084F97861B2
:2060A0007B6918461837BD4680BD80B588B000AFF860B9607A60FB687B610023FB617B6906
:2060C000002283F83420BB68B3F1006F19D20023BB61BB68B3F5803F06D2BB6823F4FF5381
:2060E00023F01F03BB6105E0BB6823F4FF4323F07F03BB617A68B969786902F031F9F861E3
:206100000EE0BB6823F03F033B617A683969786900F09EFAF861FB69002B01D0FB6900E093
:20612000FB6918462037BD4680BD80B588B000AFF860B9607A603B60FB687B610023FB6146
:20614000BB68B3F1006F1DD27B69002283F834203B6800221A70BB683B610023BB610CE00C
:206160003A69BB6913441B78FF2B03D03B6801221A700EE0BB690133BB61BA697B689A42DD
:20618000EED306E03B687A68B968786900F052F9F861FB6918462037BD4680BD80B483B07D
:2061A00000AF786039600B4BB3F884309BB203F08103002B03D13B6800221A7002E03B6873
:2061C00001221A70002318460C37BD465DF8047B704700BF00E07F4080B487B000AFF860F0
:2061E000B9601346FB80FB687B6100233B6106233B613B6918461C37BD465DF8047B70470C
:2062000080B487B000AFF860B9607A60FB687B6100233B6106233B613B6918461C37BD46FE
:206220005DF8047B704780B485B000AF78607B68FB600023BB600623BB60BB681846143757
:20624000BD465DF8047B704780B584B000AF78607B68FB60F86802F067F8034618461037E3
:20626000BD4680BD80B584B000AF78600B46FB701346BB707B68FB600023BB60BA78FB788D
:206280001946F86802F054F8B860BB6818461037BD4680BD80B485B000AF78607B68FB60B3
:2062A0000023BB600623BB60BB6818461437BD465DF8047B704780B584B000AF78607B682F
:2062C000FB60F86800F026F9034618461037BD4680BDFFFF80B483B000AF786039603B689E
:2062E000094A92E8030083E803003B68074A083392E8030083E80300002318460C37BD467F
:206300005DF8047B704700BF6C8600009C08002080B584B000AF78607B68FB600023BB6011
:20632000FB6800221A60FB685B6893F91130002B06DBFB685B6893F911301846FFF7FEFD1D
:206340000B4B00221A76FB685B6893F91330002B06DBFB685B6893F913301846FFF7EEFD00
:20636000034B00221A75BB6818461037BD4680BD00E07F4080B487B000AFF860B9607A6012
:206380003B60FB687B617B69BA689A637B697A681A647B693A68DA63002318461C37BD4642
:2063A0005DF8047B704780B586B000AF786000237B61786800F08AFA78617B69002B01D054
:2063C0007B6932E07B685B681B78002B06D07B68012283F8342000233B6102E07B68DB68F1
:2063E0003B613A690421786801F0AEFF78617B685B681B78002B01D07B6916E018224FF456
:206400008051786901F0A4FF78617B681B6B002B02D07B69002BE4D001F08EFFF8607B697A
:20642000002B01D1FB687B617B6918461837BD4680BDFFFF80B588B000AFF860B9607A60EA
:206440003B60F86800F042FAF861FB69002B01D0FB6957E02D4B002283F8D0202B4ABB6824
:206460001363BA687B681344284A013B5363284B71221A70264BD0221A70FB685B681B78B0
:20648000002B08D0FB68032283F834203B6802221A70002336E0FB685B697A689208013242
:2064A00002FB03F3BB6108E0BB69002B02D11423FB610AE0BB69013BBB61144BD3F88030F0
:2064C000C3F3C033DBB2012BEED14FF4FC720021F86901F03DFFF8610C4B93F8D430DBB26F
:2064E000012B03D13B6801221A7002E03B6800221A7001F021FF7861FB69002B01D17B69EC
:20650000FB61FB6918462037BD4680BD00E07F4000007E4080B586B000AF78607B68002272
:2065200083F83420424B012283F816241C20FFF711FC78611820FFF70DFC38617B693D4AD4
:20654000934202D84FF4FB736DE07B6903F5742303F23F23384AA2FB03239B0CFB603B69D9
:2065600003F5742303F23F23334AA2FB03239B0CBB60FB689BB2314A03F5F0539BB2A2F8E6
:20658000E430BB6843F6B85202FB03F32C4AA2FB03239A087B689A60BB6840F6D86202FB46
:2065A00003F3274AA2FB03239A087B68DA60BB685B00234AA2FB03239A087B681A61BB6821
:2065C000542202FB03F31E4AA2FB03239A087B685A61BB681B4A02FB03F3194AA2FB032346
:2065E0009A087B689A61BB6844F2506202FB03F3134AA2FB03239A087B685A62BB68124A3D
:2066000002FB03F30E4AA2FB03239A087B681A62BB680E4A02FB03F3094AA2FB03239A0845
:206620007B68DA61002318461837BD4680BD00BF00E00140FF083D0083DE1B4300E07F40AA
:20664000ABAAAAAA38AF040080DE0F00A0F7030080B588B000AFF860B9607A600023FB61B9
:20666000FB68BA689A62FB687A681A63F86800F02DF9F861FB69002B02D04FF4FA7336E0E1
:20668000FB685B681B78002B06D0FB68022283F834200023BB6102E0FB685B6ABB61164B24
:2066A0000122A3F8E020BA694021F86801F048FEF861FB685B681B78002B01D0FB6916E099
:2066C00019224FF40051F86901F042FEF861FB681B6B002B02D0FB69002BE4D001F02CFEBC
:2066E0007861FB69002B01D17B69FB61FB6918462037BD4680BD00BF00E07F4080B584B000
:2067000000AFFFF711FB0346BB7397F90E301846FFF772FBB8601E4B1B7CDBB27B601C4BDB
:20672000D3F880201B4B13403B607B6803F00803002B02D00423FB7319E07B6803F08003D5
:20674000002B02D00523FB7311E07B6803F01003002B0AD03B6803F44053002B02D0072373
:20676000FB7304E00623FB7301E00723FB73B86801F0DAFD97F90E301846FFF74FFBFB7BED
:206780001946B86800F06EF800BF1037BD4680BD00E07F404070F00080B584B000AF002364
:2067A000FB73FFF7C1FA03467B7397F90D301846FFF722FBB86097F90D301846FFF72EFBE3
:2067C000BB6893F83430012B17D1BB681B6B002B0ED000220421B86801F0B6FD78607B681B
:2067E000002B2BD0B86801F09FFD0723BB7325E00123BB730123FB7320E0BB6893F8343073
:20680000022B0ED1BB681B6B002B05D000224021B86801F095FD11E00023BB730123FB73C9
:206820000CE00123FB730E4B93F8D430DBB2012B02D10323BB7301E00223BB73FB7B002B3D
:206840000AD001F079FDBB68002283F83420BB7B1946B86800F006F800BF1037BD4680BDFA
:2068600000E07F4080B586B000AF78600B46FB707B68DB6B7B617B69002B03D107F10C03DC
:206880007B6106E07A6907F10C0392E8030083E803007B69FA781A707B681A6C7B695A607A
:2068A0007B689B6B786998477B68DB6B002B08D07B68DB6B1A4607F10C0393E8030082E88B
:2068C000030000BF1837BD4680BDFFFF80B584B000AF78600023FB604FF49643BB607B68E1
:2068E0005B681B78002B0DD07B685B6893F911301846FFF70FFB7B685B6893F91330184696
:20690000FFF708FB0C4B4AF68022A3F8842008E0BB68002B02D14FF4FA7309E0BB68013B05
:20692000BB60054BB3F884309BB2802BF0D1FB6818461037BD4680BD00E07F4080B485B084
:2069400000AF786039607B68FB600C4AFB6813603B681A68FB689A603B685A68FB68DA6029
:20696000FB6800225A60FB68054A1A60002318461437BD465DF8047B704700BF0446002029
:206980004347430080B588B000AFF8600B467A60FB72FB68FB610023BB61FB7A052B02D0A9
:2069A000FB7A062B0DD107F1100307F11402F97A786800F0B5F9B861BB69002B01D0BB69EC
:2069C00029E0FB7A184600F0F5F803461A46FB7A1146184600F006F90346002B02D140F2C3
:2069E000931318E0012000F01AF8FB7A052B02D0FB7A062B06D13B6907F11402F97A7868DD
:206A000000F0CCF9FB7A0021184600F019F9012000F01AF8002318462037BD4680BD80B55B
:206A200082B000AF0346FB71012001F04DFBFB79012B05D1002000F0D5FF002001F044FBBC
:206A400000BF0837BD4680BD80B582B000AF0346FB71FB79012B07D1002001F0E5FA064B74
:206A60001B6A184600F07AF8012001F0DDFA00BF0837BD4680BD00BF00E0014080B483B063
:206A800000AF78601A4B1B68B3F5004F01D0002327E0184B93F83630DBB2002B17D0154B42
:206AA00093F83830DBB2002B11D0124B93F83230DBB2002B0BD00F4B93F82A30DBB2002B76
:206AC00005D00C4B93F84A30DBB2002B01D1002307E07B6803F0EE43002B01D0002300E0EB
:206AE000012318460C37BD465DF8047B704700BFD447002000E0014080B485B000AF786038
:206B00000B46FB70FB78002B0BD07B68FB60FB6803F0443323F480030E4A934201D000237A
:206B200011E00D4B93F82A30DBB2002B05D10A4B93F84A30DBB2002B01D0012300E000238F
:206B400003F00103DBB218461437BD465DF8047B704700BF4444044400E0014080B584B061
:206B600000AF7860104B93F84030FB737868FFF785FF0346002B03D0042000F033FF0FE0F4
:206B8000FB7B19467868FFF7B7FF0346002B07D0064B1B68064A934202D8032000F022FF42
:206BA00000BF1037BD4680BD00E00140D447002040420F0080B483B000AF0346FB71FB7963
:206BC000074A52F823301B78DBB2002B0CBF01230023DBB218460C37BD465DF8047B7047AE
:206BE000C086000080B487B000AF03460A46FB711346BB7116237B61FB7901229A407B6941
:206C00001340002B01D0012312E00C4B93F83C30DBB23B61FB793A6922FA03F303F0010378
:206C2000FB60BB79FA689A420CBF01230023DBB218461C37BD465DF8047B704700E0014088
:206C400080B483B000AF03460A46FB711346BB71FB790A4A52F82330BA791A70FB79074AAD
:206C600052F823301B78DBB2BA799A42F6D100BF00BF0C37BD465DF8047B7047C0860000EC
:206C800080B489B000AFF8600B467A60FB72114BFB61FB681B78002B01D10E4BFB61FB6825
:206CA0005B880133FA6902FB03F35B08BB61FB685B7801337B61BA697B69B2FBF3F33B616C
:206CC0007B683A691A60002318462437BD465DF8047B7047002D310180B487B000AF7860F9
:206CE0000023FB827B681B78002B01D10123FB827B685B88BB827B685B787B82BB8A1B02C8
:206D000003F47C52FB8A1B011A437B8A1343FB60FB6818461C37BD465DF8047B7047FFFF5A
:206D200080B588B000AFF8607A603B600B46FB72F868FFF7D1FFB861FB7A052B02D1154B95
:206D4000FB6101E0144BFB61FB691B889BB21A46BB69934209D0FB7A1846FFF72BFF034679
:206D6000002B02D040F291130FE0FB7A7A681946F868FFF785FF78617B69002B01D07B6924
:206D800003E03B68BA691A60002318462037BD4680BD00BF28E0014048E0014080B584B0DE
:206DA00000AFF8607A603B600B46FB72FB7A052B04D1094B3A6892B21A8504E0064B3A686F
:206DC00092B2A3F84820FB7A7968184600F044FE00BF1037BD4680BD00E0014080B483B0B8
:206DE00000AF0346FB7197F90730002B0CDBFB7903F01F02074997F907305B09012000FA38
:206E000002F2403341F8232000BF0C37BD465DF8047B704700E100E080B483B000AFEFF346
:206E200003837B607B683B603B88C3F308039BB2DBB2103BDBB25BB218460C37BD465DF837
:206E4000047B704780B483B000AF03463960FB7197F9073004493A6841F8232000BF0C3764
:206E6000BD465DF8047B70474C46002080B483B000AF0346FB7197F90730044A52F8233055
:206E800018460C37BD465DF8047B70474C46002080B483B000AF0346FB710B4997F907302B
:206EA00003F1C00251F8223023F4803341F82230054A97F90730C03352F8233000BF0C3784
:206EC000BD465DF8047B70470060004080B584B000AF0346FB7197F907301846FFF7D8FFC5
:206EE000BFF35F8F00BF97F90730FB60FB6803F01F02074997F907305B09012000FA02F210
:206F0000603341F8232000BF1037BD4680BD00BF00E100E080B584B000AF0346B9607A6048
:206F2000FB73BB68DAB2094997F90F301201D2B20B4483F8002397F90F3079681846FFF78B
:206F400081FF00BF1037BD4680BD00BF00E100E080B485B000AF0346FB7197F90730FB60FC
:206F6000FB6803F01F020749FB685B09012000FA02F241F8232000BF1437BD465DF8047B17
:206F8000704700BF00E100E080B582B000AF0346FB7197F907301846FFF798FF97F9073076
:206FA0001846FFF7D5FF00BF0837BD4680BDFFFF80B485B000AF0346FB7197F90730FB607E
:206FC000FB6803F01F020B4997F907305B09012000FA02F2203341F82320BFF34F8F00BF8E
:206FE000BFF36F8F00BF00BF1437BD465DF8047B704700BF00E100E080B584B000AF0346A9
:20700000B9607A60FB7397F90F307A68B9681846FFF780FF97F90F301846FFF7B5FF00BFD4
:207020001037BD4680BDFFFF80B590B000AF786039607B68BB6200237B623B681B693B6272
:207040003B681B6803F58023A8331B03FB61BB6AFA695A600023BB61EFF310833B613B69E4
:20706000BB610123FB60FB6883F3108800BF8F4B5A683B681B68C3F10203012101FA03F3B7
:20708000DB438A4913404B60884B5B68BB69BB60BB6883F3108800BFBB6A3A681A603B6858
:2070A0009A68BB6ADA613B68DA68BB6A5A62BB6A00221A623B6A1A78BB6A1A7600220121B5
:2070C000B86A00F0E3FB3B6A1B7B1BB25B001AB23B6A1B7D1BB2DB001BB213431BB243F485
:2070E000E0731BB29AB2FB69A3F840283B685B687B617B691B68013B1A046D4B13407A69CC
:207100005268013A12071A437B699B68013B1B021A437B69DB68013B1B031343BA6A127EDC
:207120001A43FB69C3F8442800220221B86A00F0ADFBFB69802283F85028FB6903F50073A0
:207140004FF400720021184601F0A4F80023FB632CE03B6A9A68FB6BDB0013449B79002B63
:2071600016D13B6A1B69FA6B9A4211D2FB6B20331B01FA69D1183B6A9A68FB6BDB0013447B
:207180001A46386A00F056F9402387F83B3002E0002387F83B30FA69FB6B134403F50263F5
:2071A00097F83B201A70FB6B0133FB63FB6B1F2BCFD900237B6300233B632BE03B6A5A68D7
:2071C0003B6B9B0013441B686FF0604293421ED23B6A5A683B6B9B0013441B68FB623B6A4A
:2071E0001B7B002B04D1FB6A9A04324B1340FB62FB693A6B02F58072F96A43F822103B6B61
:207200009B000F2202FA03F37A6B13437B633B6B01333B633B6A1B699B083A6B9A42CDD332
:207220007B6BDA43FB69C3F8282400220021B86A00F02CFBFA69B2F8403843F02003A2F8EF
:207240004038FB69B3F84038C3F34013DBB2002BF7D13B6893F915003B681B7DBA6A1946A4
:20726000FFF7CAFE3B6893F916003B681B7DBA6A1946FFF7C1FE3B6893F917003B681B7D17
:20728000BA6A1946FFF7B8FEFB693E2283F84C28FB694FF0FF32C3F82C24BB6A064A9A60BE
:2072A0007B6A18464037BD4680BD00BF004008400000FF030000FC1F4E41435280B588B0DF
:2072C00000AF78607B68FB61FB6900229A60FB691B6893F915301846FFF76AFEFB691B680D
:2072E00093F916301846FFF763FEFB691B6893F917301846FFF75CFEFB695B68BB61BB6938
:20730000002283F84C28BB690022C3F82C2400237B61EFF31083BB60BB687B610123FB60FE
:20732000FB6883F3108800BF0C4B5A68FB691B681B68C3F10203012101FA03F30749134328
:207340004B60064B5B687B693B613B6983F3108800BF002318462037BD4680BD00400840DD
:2073600080B58AB000AFF860B9607A60FB68BB61BB691B681B697B61BB695B683B613A69F8
:20738000BB68134403F502631B78C3F3C013DBB2002B02D04EF663233AE0BB6820331B01FA
:2073A0003A6913447A681946786900F043F87B689B7903F00F03D9B23A69BB6820331B01CA
:2073C0001A44938861F3030393807B689B797B62BB6820331B013A69134406333B627B68AE
:2073E0000C33FB6107E0FA69531CFB613B6A591C396212781A707B6A5A1E7A62002BF2D1ED
:207400003A69BB68134403F5026380221A70002318462837BD4680BD80B485B000AFF86036
:20742000B9607A60062318461437BD465DF8047B7047FFFF80B489B000AFF860B9607A6094
:20744000FB681B7BFB750023FB61FB7D002B06D0FB7D022B0AD17B681B79002B06D17B68EF
:207460001B689A04114B1340BB610EE0FB7D022B06D17B681B79012B02D14FF00043FB6162
:207480007B681B6823F06043BB617B685B799B073B61FA693B691A43BB691A43BB681A603D
:2074A00000BF2437BD465DF8047B70470000FC1F80B489B000AFF860B9607A60FB685B687C
:2074C000BB61BA69BB6820331B0113441B687B617B699B0F03F00103DAB27B685A71FB6803
:2074E0001B681B693B613B691B7BB969BA68203212010A441268C2F3C072D2B21343DBB2F0
:2075000003F00103DAB27B681A717B681B79002B06D17B699B0CC3F30A027B681A6004E073
:207520007B6923F060427B681A60BA69BB6820331B0113449B88C3F30303DBB21A467B689A
:207540009A717B689B79082B02D97B6808229A710023FB6112E0BA69BB681B011A44FB696E
:20756000134403F206231B78D9B27A68FB6913440C330A461A70FB690133FB617B689B79D7
:207580001A46FB699342E6D3BA69BB68134403F5026344221A707B6800229A6000BF243796
:2075A000BD465DF8047B7047B0B58EB000AF786039607B681B6A7B637B6B002B02D13B68AD
:2075C0007B6317E07B6B07F10C041D460FCD0FC40FCD0FC495E8030084E803007A6B3B68B0
:2075E00014461D460FCD0FC40FCD0FC495E8030084E803007B68DB69786B98477B681B6A30
:20760000002B0CD07B681B6A1D4607F10C040FCC0FC50FCC0FC594E8030085E8030000BF84
:207620003837BD46B0BD80B590B000AFFFF7F4FB03461846FFF72CFCFFF7EEFB034687F8F6
:207640003B3097F93B301846FFF710FC78633B4628220021184600F01DFE0023FB637B6BCD
:207660005B683B633B6B93F84D38DBB2BB803B6B002283F84D283B6BB3F84238C3F30013DF
:20768000DBB2002B22D0BB8843F020039BB2BB803B6B93F8533887F82F303B6B022283F840
:2076A00053283B6B93F85238C3F30403DBB2FB633B6B97F82F2083F853283A6BFB6B134410
:2076C00003F50262137823F0040313707B6B1B681B683B607B6B5B6A3B61FB6BFB603B4616
:2076E0001946786BFFF760FF7B6B1B681B69BB623B6BB3F84238C3F30013DBB2002B0AD0C3
:20770000BB6A1B7D002B06D07B6B1B6893F915301846FFF763FB00BF4037BD4680BD80B514
:2077200090B000AFFFF778FB03461846FFF7B0FBFFF772FB034687F83F3097F93F301846B2
:20774000FFF794FBB8634FF480633B81BB6B5B687B637B6B93F8533887F833307B6B0022FA
:2077600083F853287B6B93F85238C3F30403DBB2FB627B6B97F8332083F853283B1D143314
:207780001A46F96AB86BFFF793FEFB6A3B61BB6B1B681B687B60BB6B5B6A7B613B1D1946F6
:2077A000B86BFFF701FF7B6BB3F84238C3F30003DBB2002B04D097F93F301846FFF70EFB04
:2077C00000BF4037BD4680BD80B590B000AFFFF723FB03461846FFF75BFBFFF71DFB0346B1
:2077E00087F83F3097F93F301846FFF73FFBB86300233B81BB6B5B687B637B6B93F8533851
:2078000087F833307B6B012283F853287B6B93F85238C3F30403DBB2FB627B6B97F833201D
:2078200083F853287A6BFB6A134403F5026300221A707A6BFB6A134403F5026300221A70FE
:20784000FB6A3B613B8943F400639BB23B81BB6B1B681B687B60BB6B5B6A7B613B1D19463B
:20786000B86BFFF7A1FE7B6BB3F84238C3F34003DBB2002B06D0BB6B1B6893F917301846E4
:20788000FFF7ACFA00BF4037BD4680BD80B584B000AF78600B46FB701346BB707B685B6800
:2078A000FB607B685B7BBA789A420DD00221786800F032F8FB68BA7883F858287B68BA7807
:2078C0005A737B6802221A737B681B7BFA789A421ED0FB78052B13D10221786800F01CF804
:2078E000FA68B2F8403843F48063A2F84038FB68B3F84238C3F38023DBB2012BF7D104E092
:20790000FB781946786800F007F87B68FA781A7300BF1037BD4680BD80B485B000AF7860AE
:207920000B46FB707B685B68FB60FA68B2F8403823F48063A2F84038FB7803F00303D9B203
:20794000FA68B2F8403861F30923A2F84038FB68B3F842389BB203F4E062FB781B029A4297
:20796000F5D100BF00BF1437BD465DF8047B704780B400AF094B0122A3F80421074BB3F8D3
:2079800004319BB2002BF9D1044B0122A3F8002100BFBD465DF8047B704700BF00C0014035
:2079A00080B483B000AF0346FB710D4B93F8A030C3F30013DBB2002BF7D1094AFB7982F8BF
:2079C000A030074B93F8A030C3F30013DBB2002BF7D100BF00BF0C37BD465DF8047B704792
:2079E00000E0014080B582B000AF0346FB71FB79042B14D1174B93F8AA30C3F30013DBB2F6
:207A0000002BF7D1134B012283F8AA20114B93F8AA30C3F30013DBB2002BF7D115E00D4B56
:207A200093F8AA30C3F30013DBB2002BF7D1094B002283F8AA20074B93F8AA30DBB2002B6E
:207A4000F9D1FB791846FFF7ABFF00BF0837BD4680BD00BF00E0014080B483B000AF7860DE
:207A600039607B68052B04D13B681B68064A536103E03B681B68044A936100BF0C37BD460B
:207A80005DF8047B704700BFAC08002080B483B000AF0D4B93F82630DBB27B600A4B1B6A37
:207AA0001B0E03F007033B60084A7B6852F823203B6822FA03F3064A136000BF0C37BD46C6
:207AC0005DF8047B704700BF00E00140AC080020D447002080B500AF0B4B012283F81C2117
:207AE0000A4B0B4A1A62094B052283F82620FFF7CDFF084BF1221A73064B00221A72054B20
:207B0000F0221A7300BF80BD00C0014000E00140111202200020004080B500AF0B4B0C4A73
:207B20001A600A4B0B4A5A60084B4FF400429A60064B074ADA60054B4FF400421A61034B1B
:207B4000054A5A61FFF7A2FF00BF80BDAC080020002D310100127A0000E1F50580B500AF0A
:207B60001B4B4AF20352A3F8FE23FFF701FFFFF7D3FF174B002283F81324154B092283F858
:207B8000A22000F031F8124B002283F83620104B93F83C30C3F30003DBB2012BF7D10C4BD7
:207BA00041F211321A850A4B002283F82A20084B93F83C30C3F34013DBB2012BF7D1FFF7AA
:207BC00089FF034B4FF42542A3F8FE2300BF80BD00E0014080B483B000AF786000BF0C375C
:207BE000BD465DF8047B704780B500AF184B93F88034DBB2002B07D1154B93F88134C3F38B
:207C00000103DBB2002B1CD0114B93F88034DBB2002B0DD10E4B012283F880240121C820E6
:207C200000F080F80A4B93F88034DBB2012BF9D1074B002283F88124054B002283F88024A0
:207C400004E04FF47A70FFF7C5FF00BF00BF80BD00E0014080B582B000AF2B4B002283F854
:207C600028200121C82000F05DF8274B002283F82420254B93F82430DBB2002BF9D1224ADD
:207C800092F8243043F0020382F824301E4B93F82430C3F34003DBB2002BF7D11A4B0022B8
:207CA00083F82220184B93F82230DBB2002BF9D10023FB7116E01449FB7903F1200211F8D0
:207CC000123023F0800301F812300F4AFB79203312F81330C3F3C013DBB2002BF5D1FB79A9
:207CE0000133FB71FB79002BE5D0012000F0ECF9064B002283F8BB24012000F095F900BF6F
:207D00000837BD4680BD00BF0030084000E0014080B483B000AF786000BF0C37BD465DF844
:207D2000047B70472DE9B04F90B000AFF861B9610023FB63FB69BA6902FB03F3BB63504BE2
:207D40001B687B634F4A7B6BB2FBF3F33B63BB6B00223B617A61D7E904234FF000004FF0EE
:207D60000001590141EAD261500102460B463969B2EB0108796963EB01094FF000024FF05E
:207D800000034FEA890343EA98734FEA880290469946D7E904120B4618EB03033B60134647
:207DA00049EB03037B604FF000024FF00003D7E900894946CB00414643EA51734146CA00BF
:207DC000C7E90A23D7E90A23012B08D2BA6A3B6BB2FBF3F37B627B6A9B08FB6344E03B6BE9
:207DE0009B00BA6BB2FBF3F3BB63BB6B0022BB60FA60D7E9028942464B464FF000004FF073
:207E00000001590141EAD261500102460B464146541A494663EB01054FF000024FF0000364
:207E2000AB0043EA9473A20014461D46434614EB030A4B4645EB030B4FF000024FF000031D
:207E40004FEACB0343EA5A734FEACA0292469B46C7E90AABD7E90A23012B02D2BB6AFB638E
:207E600002E04FF0FF33FB63FB6B002B02D0F86B00F00AF800BF4037BD46BDE8B08F00BFBD
:207E8000D447002000CA9A3BA0F101000028FBD1704700BF80B582B000AF0346FB71FB79CD
:207EA000074A52F82330002B06D0FB79044A52F82330FA791046984700BF0837BD4680BD8E
:207EC0000846002080B582B000AF144BB3F82031BB80124BB3F840319AB2BB8813407B8032
:207EE0000023FB710EE07A88FB7922FA03F303F00103002B03D0FB791846FFF7CBFFFB7982
:207F00000133FB71FB790F2BEDD9044A7B88A2F8303100BF0837BD4680BD00BF0060004064
:207F200080B58AB000AF032000F0CEF8394B6FF0FF029A643B1D0C22FF21184600F0AAF9D1
:207F400000237B6221E0344A7B6A32F81330002B18D07B6A5B097B617B6A03F01F033B6182
:207F60007B699B0028333B4453F8242C01213B6901FA03F3DB431A407B699B0028333B4485
:207F800043F8242C7B6A01337B627B6A5F2BDAD9224BBB6100233B6218E03B6A9B00BA699A
:207FA0001A443B6A9B0028333B4453F8243C13601B493B6A9B0028333B4453F8242C3B6A6D
:207FC000A03341F823203B6A01333B623B6A022BE3D9032000F028F80023FB6112E00E4A52
:207FE000FB6932F81330002B09D00B4AFB6932F813300C4A1946FB69C03342F82310FB69A9
:208000000133FB61FB695F2BE9D900BF00BF2837BD4680BD008000407C8500007080004012
:2080200000E100E00060004080B487B000AF0346FB7100237B61EFF31083FB60FB687B6102
:2080400001233B613B6983F3108800BFFB791A4A32F813309BB2002B09D0FB79164A32F85B
:20806000132092B2013A91B2134A22F81310FB79114A32F813309BB2002B11D10F4BB3F8D6
:20808000FE339AB20E4B13439AB2FB790D4931F81330DB439BB2094913409BB2A1F8FE330B
:2080A0007B69BB60BB6883F3108800BF00BF1C37BD465DF8047B7047CC47002000E00140DD
:2080C00000A5FFFFDC86000080B487B000AF0346FB7100237B61EFF31083FB60FB687B61BE
:2080E00001233B613B6983F3108800BFFB79164A32F813309BB2002B0FD1144BB3F8FE337B
:208100009AB2FB79124931F8133013439AB20F49104B13439BB2A1F8FE33FB790A4A32F824
:20812000132092B2013291B2074A22F813107B69BB60BB6883F3108800BF00BF1C37BD46C0
:208140005DF8047B704700BFCC47002000E00140DC86000000A5FFFF80B500AF00F00CF8A4
:20816000FBF750FA00BFFDE780B400AF00BE00BFBD465DF8047B704780B584B000AF3A4B95
:208180004FF47002C3F88820374B384A9A600020FBF724FAFFF7E2FC0120FBF71FFA334B1B
:2081A0001B68A3F580633B603B6883F30A8800BF2F4A304BD31A1A4600212E4800F06AF892
:2081C0002D4A2E4BD31A1A462D492C4800F06AF82C4A2D4BD31A9B107B600023FB6007E060
:2081E000294AFB6852F823309847FB680133FB60FA687B689A42F3DBFFF748FCFFF72AFDF5
:208200000320FFF761FF0023BB6009E01F4ABB6808334FF6FF7122F81310BB680133BB6093
:20822000BB68052BF2D90320FFF7FEFE0320FFF74BFF174B00225A60154B00229A60144B8F
:208240000022DA60124B00221A610320FFF7ECFE0220FBF7C3F9FFF763FE0020FFF758FD33
:2082600000BF1037BD4680BD00ED00E000000000D8470020C8080020AC08002000000020C8
:20828000E8860000A8080020A4080020000D084000000E4002440346934200D1704703F84A
:2082A000011BF9E70A44431E914200D1704710B511F8014B914203F8014FF9D110BDFFFFEB
:2082C00000000305352E332E300000004275696C7420776974682052656E65736173204174
:2082E0006476616E63656420466C657869626C6520536F667477617265205061636B61678C
:20830000652076657273696F6E20352E332E3000F8B500BFF8BC08BC9E467047F8B500BFD3
:20832000F8BC08BC9E4670475FF800F0790000205FF800F0810600205FF800F001000020F4
:208340005FF800F0B50100205FF800F0290200205FF800F0190300205FF800F089040020F7
:208360005FF800F0ED040020010C00030400030300040000010700FF000000000000000080
:208380000000000000000000000000000000000000000000000000000000000000000000DD
:2083A000000000000000FFFFDFDF0000000000000000000000000000000000000000000001
:2083C00000000000404B4C0000000000A025260001021100D10A00000000000084830000E5
:2083E00000000000000000000000000000000000010D010E20450020E0830000848600006E
:20840000060803030101000000000000000000000000000000000000000000010000000045
:2084200000090A0B0C03030303000000010000000000000000000000450A000000000000B6
:208440001484000000010000580700200F00FFFF00000000FFFF00000002000001050106EA
:208460000107010800000000000000009D0C00000000000044840000000000006C070020E7
:208480008C0700200000000020000000000000000000000000000000000000005C07002086
:2084A000190300000000000078840000020001020000010400010000000001040101000092
:2084C000040000000601000004000000070100000000010008010000000401060901000066
:2084E000000401060A010000000001060B010000050000000C010000040000000D0100002F
:20850000000001030502000004000000060200000400000007020000050000000802000028
:20852000000001000C020000000001000D020000000001000003000004000000030300000E
:208540000400000004030000050000000004000000000110010400000000011002040000DA
:208560000400000007040000040000000005000018000000B084000000000000A100A40052
:20858000A500A200A3008001810182018301C401C501C801C70131003000EA000400CF00AD
:2085A0000000000000000000000000000000000000000000000000000000000000000000BB
:2085C00000000000000000000000000000000000000000000000000000000000000000009B
:2085E00000000000000000000000000000000000000000000000000000000000000000007B
:2086000000000000000000000000000000000000000000000000000000000000000000005A
:2086200000000000000000000000000000000000000000000000000000000000FFFF00FF3D
:20864000010203FF020403040404FFFF00000000FFFF000000200000800000000000010063
:20866000FFFF07000080000080000000020000004C86000000000008FF1F000840000000B3
:2086800004000000B55F000055600000AB6000002B610000D5620000116300009D610000CD
:2086A0000162000027620000D961000049620000B76200006562000095620000756300003A
:2086C00036E0014038E0014090E4014032E0014080E401402AE001404AE001400100020084
:2086E000080010000000000080B584B000AF0023FB6000237B60194BB3F884309BB23B6023
:208700004FF49643BB60154B4FF42A42A3F8842008E0BB68002B02D14FF4FA73FB60BB689D
:20872000013BBB600D4BB3F884309BB2002BF0D13B68012B06D1094B4DF60112A3F84420A3
:2087400000F066FB7B6840F2F512934201D17B68FB60FB6818461037BD4680BD00E07F40E0
:2087600080B584B000AF78607B685B681B78002B0DD07B685B6893F91130184600F04CFBC0
:208780007B685B6893F91330184600F045FB124BB3F884309BB2002B02D1786800F040FBC4
:2087A00000F01CF8F86000F049F8B860FB68002B01D1BB68FB60FFF797FFB860FB68002B04
:2087C00001D1BB68FB607B68002283F83420FB6818461037BD4680BD00E07F4080B483B027
:2087E00000AF4FF496437B60124BB3221A7007E07B68002B01D1142315E07B68013B7B602A
:208800000D4BD3F88030C3F3C033DBB2012BEFD1094B1B7CC3F30013DBB2002B02D040F2F3
:20882000F51300E0002318460C37BD465DF8047B704700BF00007E4000E07F4080B483B07B
:2088400000AF4FF496437B60124B50221A7007E07B68002B01D1142315E07B68013B7B602C
:208860000D4BD3F88030C3F3C033DBB2012BEFD1094B1B7CC3F30013DBB2002B02D040F293
:20888000F51300E0002318460C37BD465DF8047B704700BF00007E4000E07F4080B485B019
:2088A00000AFF860B9607A60174AFB689B6A1363164B20221A70154BD0221A70FB689A6A0F
:2088C000BB681A44FB689A62FB681B6B5A1EFB681A637B68002B10D007E07B68002B01D1C2
:2088E00014230BE07B68013B7B60074BD3F88030C3F3C033DBB2012BEFD1002318461437A1
:20890000BD465DF8047B704700E07F4000007E4080B586B000AFF860B9607A607B68002BF9
:2089200006D1FB685B6893F91130184600F074FA314AFB68DB6A1363304BE8221A70BB68E6
:208940005A082E4BD2B21A7000237B612AE0FB681B693B61FB689B6A1A46284B12881A8033
:2089600006E03B695A1E3A61002B01D114233EE0214BD3F88030C3F38023DBB2012BF0D04F
:20898000FB689B6A9A1CFB689A62FB68DB6A9A1CFB68DA62FB681B6B5A1EFB681A637B6938
:2089A00001337B61BB685B087A699A42CFD3134BD0221A707B68002B11D007E07B68002B02
:2089C00001D1142313E07B68013B7B600A4BD3F88030C3F3C033DBB2012BEFD106E0FB6866
:2089E0005B6893F91130184600F01EFA002318461837BD4680BD00BF00E07F4000007E4055
:208A000080B586B000AFF860B9607A6000237B61174B1B7CC3F30013DBB2012B0FD1144B38
:208A2000D3F88030C3F38033DBB2012B04D1104B1B7C0F4B00221A7440F2F5137B610C4B5B
:208A4000D3F88020BB681340002B01D07B687B61FB68002B01D0FB687B617B69002B01D0FC
:208A6000FFF7BCFE7B6918461837BD4680BD00BF00E07F4080B485B000AF786039607B68AB
:208A80009B69BB60194A3B681363194B40221A70174B08221A700023FB6008E0144A1549B3
:208AA000FB6831F813301380FB680133FB60FB68072BF3D90E4BD0221A7007E0BB68002BF7
:208AC00001D114230BE0BB68013BBB60074BD3F88030C3F3C033DBB2012BEFD100231846B8
:208AE0001437BD465DF8047B704700BF00E07F4000007E408C08002080B485B000AFF8605D
:208B0000B9607A60194B4FF6FF721A80174B4FF6FF725A807B689AB2FB689BB2DB039BB2B2
:208B200013439BB243F4F0439AB2104BDA80BB689BB26FEA43536FEA53539AB20B4B9A800D
:208B40000A4B4FF6FF721A81084B4FF6FF725A81064B4FF6FF729A81044B4FF6FF72DA8109
:208B600000BF1437BD465DF8047B70478C08002080B584B000AF78600023FB60786800F06B
:208B80007BF8F860FB68002B10D0FB681EE07B689B681A4680217868FFF7BAFEF860182234
:208BA0004FF4A041F868FFF72BFFF8607B681B6B002B02D0FB68002BE9D0FFF795FDB8606C
:208BC000FB68002B01D1BB68FB60FB6818461037BD4680BD80B588B000AFF860B9607A6008
:208BE0000023FB61FB68BA689A62FB687A681A63F86800F041F8F861FB69002B01D0FB690D
:208C000033E01C4B0122A3F8E0201EE0FB689B6AB3F5803F06D2FB68DB69BB614FF400531E
:208C20007B6105E0FB681B6ABB614FF400437B61BA697969F868FFF731FEF86119224FF4AC
:208C4000C041F869FFF7DCFEF861FB681B6B002B02D0FB69002BD9D0FFF746FD3861FB6935
:208C6000002B01D13B69FB61FB6918462037BD4680BD00BF00E07F4080B584B000AF786050
:208C80000023FB604FF49643BB607B685B681B78002B0DD07B685B6893F91130184600F01D
:208CA000BBF87B685B6893F91330184600F0B4F80F4B4FF45942A3F844200D4B4AF60122A0
:208CC000A3F8842008E0BB68002B02D14FF4FA7309E0BB68013BBB60054BB3F884309BB23D
:208CE000012BF0D1FB6818461037BD4680BD00BF00E07F4080B588B000AFF860B9607A607A
:208D0000174BD3F8DC30C3F3C073DBB2BB61F868FFF7B2FFF861FB69002B01D0FB691BE069
:208D2000BB68590B7B685B0B1A46B869FFF7E4FE0C49F868FFF79EFEF86118220021F869AE
:208D4000FFF75EFEF861FFF7CFFC7861FB69002B01D17B69FB61FB6918462037BD4680BDD4
:208D600000E07F4030A1000180B584B000AF78600B46FB701346BB707868FFF77DFFF860A8
:208D8000FB68002B01D0FB6832E0BB78002B08D0FB789BB2184A43F4CC439BB2A2F8E83062
:208DA0001DE01022FF21154800F02EF8FB789BB203F001039BB2002B02D14FF6FF7201E058
:208DC00047F6FF720D4BDA800D497868FFF752FEF86018220021F868FFF712FEF860FFF750
:208DE00083FCB860FB68002B01D1BB68FB60FB6818461037BD4680BD00E07F408C08002063
:208E000030A10001000000005FF800F0958200005FF800F0A15D00005FF800F03D5F0000FA
:208E20005FF800F0CD6800005FF800F0DD5E0000010000000010000000100000000004000F
:208E40004000020005000000060000000300000003000000FFFFFF1FFFFFFF1F0000000087
:208E600000000000000000000000000000000000000000000000000000000100FA070000F0
:208E800000000000FB07000000000000FC07000000000000000000000000010000000000CC
:208EA0000000010000000000000001000000000000000100000000000000000000000000AF
:208EC000000000000000000000000000000000000000000000000000000000000000000092
:208EE000000000000000000000000000000000000000000000000000000000000000000072
:208F0000000000000000000000000000000000000000000000000000000000000000000051
:208F2000000000000000000000000000000000000000000000000000000000000000000031
:208F4000000000000000000000000000000000000000000000000000000000000000000011
:208F60000000000000000000000000000000000000000000FFFF00000000000000000000F3
:148F80000000000001000000748600002D02000005020000AC
:020000040001F9
:20000000A8F60020CD400200CD3D020065050100DD400200DD400200DD400200DD40020020
:20002000000000000000000000000000F5CC0100DD4002000000000031CD0100A1CD010071
:20004000C32D0200BB2E0200652F0200BB2E0200652F0200EFF001008FF001006DF10100ED
:20006000B5F10100BBDC010007DD010085DD01001DDE0100D7E60100FFE50100A3E70100CF
:20008000FBE70100A11B0200051B02002D1002002D10020095F90100E105020000000000A8
:2000A000000000000000000000000000000000000000000000000000000000000000000040
:2000C000000000000000000000000000000000000000000000000000000000000000000020
:2000E000000000000000000000000000000000000000000000000000000000000000000000
:200100000000000000000000000000000000000000000000000000000000000000000000DF
:200120000000000000000000000000000000000000000000000000000000000000000000BF
:2001400000000000000000000000000000000000000000000000000000000000000000009F
:2001600000000000000000000000000000000000000000000000000000000000000000007F
:2001800000000000000000000000000000000000000000000000000000000000000000005F
:2001A00000000000000000000000000000000000000000000000000000000000000000003F
:2001C0000348044B834202D0034B03B118477047D00A0020D00A002000000000064B074941
:2001E000C91A891048BF0131491003D0044B0BB101481847704700BFD00A0020D00A002001
:200200000000000010B5064C237843B9FFF7D8FF044B13B10448AFF300800123237010BD5E
:20022000280B002000000000E4A5020008B5054B1BB105490548AFF30080BDE80840FFF767
:20024000CDBF00BF000000002C0B0020E4A5020080B586B000AF43F608033B6000237B607A
:200260000023BB600023FB6000233B820023BB740023FB740A490B4813F028F80346FB757C
:20028000FB7D002B06D13B461946064813F07CF80346FB75FB7D18461837BD4680BD00BF62
:2002A0006C930200A047002080B586B000AF01233B712A4813F080F838613B69002B01D026
:2002C000274B43E00023FB750EE03B1D1946234813F095F838613B69002B02D13B79002B3C
:2002E00006D0FB7D0133FB75FB7D052BEDD900E000BF3B79002B04D0184813F06FF8184B1F
:2003000024E0BB1D1A460321144813F08FF8134813F064F8FB8807EE903AF8EEE77A9FEDC8
:20032000117A27EE877ADFED106AC7EE267AC7ED037AD7ED037A9FED0D7A37EEC77AF2EEB6
:20034000046AC7EE267AC7ED027ABB6807EE903AB0EE670A1837BD4680BD00BFA047002064
:2003600000C079C400803B4500F07F450000FA4380B582B000AF1649164811F02FFF034644
:20038000FB71FB79002B01D0FB791CE000220021104811F047FF0346FB71FB79002B01D00A
:2003A000FB7910E00C490D4812F06CFA0346FB71FB79002B03D10A4B01221A7002E0084B68
:2003C00000221A70FB7918460837BD4680BD00BFB8900200E845002048930200784700200E
:2003E000440B002080B584B000AF786039600023FB73074B00229A703A687968054812F024
:200400008BFB0346FB73FB7B18461037BD4680BD440B00207847002080B483B000AF786008
:200420007B68002B06D0064B1B78002B02D0044A7B68936000BF0C37BD465DF8047B704743
:20044000440B002080B483B000AF0346FB71FB79002B14BF01230023DAB2044B5A7000BF45
:200460000C37BD465DF8047B704700BF440B002080B588B000AF786007F10C0300221A60E6
:200480005A609A60DA601A617B689B88B3F5804F59D0B3F5804F5BDCB3F5005F53D0B3F5CD
:2004A000005F55DCB3F5805F4DD0B3F5805F4FDCB3F5006F29D0B3F5006F49DCB3F5806F73
:2004C00027D0B3F5806F43DCB3F5007F3BD0B3F5007F3DDCB3F5807F35D0B3F5807F37DC97
:2004E000202B0FDC022B33DB023B1C4A22FA03F303F00103002B14BF01230023DBB2002BE2
:2005000021D125E0802B1ED022E0154B01229A701FE0134B01225A707B6803F1140107F18E
:200520000C031422184617F053FA0D4B9B6807F10C02104698477B6814331422002118464F
:2005400017F036FA05E07B689A88054B9A8000E000BF00BF2037BD4680BD00BF4540004097
:20056000440B002080B400AF1EF0040F0CBFEFF30880EFF3098000F005B800BFBD465DF8A4
:20058000047B704780B483B000AF78601C4B1D4A1A607B681B681A4A53617B685B68184A69
:2005A00093617B689B68164AD3617B68DB68144A13627B681B69124A53627B685B69104A5B
:2005C00093607B689B690E4A53607B68DB690C4A13616B460A4AD3600B4BDB6A084A93622B
:2005E000094B9B6A064AD362074B5B6B044A1363054B9B6B024A536300BE00BFFDE700BFC9
:20060000D00A0020EFBEADDE00ED00E080B582B000AF054905480FF0D7FC78607B68DBB210
:2006200018460837BD4680BDDC940200F845002080B584B000AF03460A46FB8013467B719D
:200640007A79FB88194605480FF0E6FCF860FB68DBB218461037BD4680BD00BFF84500204E
:2006600080B584B000AF0346FB71FA79114913465B0013440B441B781BB21B0219B2FA79CB
:200680000C4813465B001344034401331B781BB20B431BB29BB2FB81FB899BB2064A1946BC
:2006A00006480FF0A5FC044B1B7818461037BD4680BD00BF80900200500B0020F8450020DC
:2006C00080B582B000AF0023FB71084B9B681B68064A126805494968104698470346FB71E9
:2006E000FB7918460837BD4680BD00BF6092020090B587B000AF786039600023FB7572B69F
:2007000000BF154B9B689B68134A10683A687968984738613B69002B02D0FB7D0133FB7527
:200720000D4B9B68DC680C4B186807F10F033A687968A04738613B69002B02D1FB7B002BF3
:2007400002D0FB7D0133FB7562B600BFFB7D18461C37BD4690BD00BF6092020090B589B02A
:2007600000AFF860B9607A600023FB6100237B837B68DB097A6802F07F02002A01D00122A5
:2007800000E0002213447B6000237B76FB68B3F5002F03D905237B767B7E3DE072B600BFE5
:2007A0000023FB6131E0FB681D4A934224D81D4B9B685C681B4B18687B8BBA68134419461B
:2007C0008023FA68A04778617B69002B02D07B7E01337B767B7E002B08D1FB688033FB60E7
:2007E0007B8B80337B8300237B760BE005237B7662B600BF7B7E0FE005237B7662B600BF7B
:200800007B7E09E0FB690133FB61FA697B689A42C9D362B600BF7B7E18462437BD4690BD6B
:2008200080FF07006092020080B584B000AF786039600123FB730023BB603A687B68D31A73
:20084000DB09BB60B9687868FFF752FF0346002B02D10023FB7301E00223FB73FB7B184631
:200860001037BD4680BDFFFF80B487B000AFF860B9607A6000237B610023FB74FB68403B1F
:20088000FB607B68DB097A6802F07F02002A01D0012200E0002213447B60FB68B3F5002F55
:2008A00003D90523FB74FB7C1DE000237B6115E0FB68104A93420AD8FA687B699B00B968E7
:2008C0000B4412681A60FB680433FB6003E00523FB74FB7C07E07B6901337B617A697B684E
:2008E0009A42E5D3FB7C18461C37BD465DF8047B704700BF80FF070080B487B000AFF860F7
:20090000B9607A6000237B610AE0BA687B691A44F9687B690B4412781A707B6901337B61FB
:200920007A697B689A42F0D300BF00BF1C37BD465DF8047B704780B487B000AFF860B96068
:200940007A6000237B610EE0FA687B6913441A78B9687B690B441B789A4201D0012307E002
:200960007B6901337B617A697B689A42ECD3002318461C37BD465DF8047B704780B582B059
:2009800000AF0023FB71084908480FF075FF0346FB7106480FF0A4FF0346FB71FB791846D9
:2009A0000837BD4680BD00BF189202006046002080B588B000AF0346FB710023FB770023FE
:2009C000BB6100237B6100233B720023FB6000233B61FB79002B05D120480FF06FFF03465C
:2009E000FB7736E007F1080319461C4810F02BF80346FB773B697B61FB797A6902FB03F301
:200A0000174AA2FB03235B09BB6114480FF056FF0346FB7711480FF075FF0346FB771149E6
:200A20000E480FF029FF0346FB770022B9690B480FF07AFF0346FB77084B9B68BA69DA64FD
:200A4000064B9B68BA695A6504480FF049FF0346FB77FB7F18462037BD4680BD60460020DD
:200A60001F85EB511892020080B58AB000AF184918480EF0DBFC78627B6A002B01D0012357
:200A800021E03B4624220021184616F091FF1B237B601223BB600123FB6001233B6140F29F
:200AA000E9737B610323BB613B46194609480EF0E9FC78627B6A002B01D0012303E0064B95
:200AC00001221A70002318462837BD4680BD00BFCC90020000460020510B002080B584B0E1
:200AE00000AF78600D4B1B7883F00103DBB2002B02D17B68002B01D101230AE07968084863
:200B00000EF0C0FCF860FB68002B01D1002300E0022318461037BD4680BD00BF510B00201B
:200B20000046002080B584B000AF78600D4B1B7883F00103DBB2002B02D17B68002B01D192
:200B400001230AE0796808480EF006FDF860FB68002B01D1002300E0022318461037BD46CD
:200B600080BD00BF510B00200046002080B582B000AF0023FB71054905480DF0A1FF034671
:200B8000FB71FB7918460837BD4680BD049302004C47002080B584B000AF786039600023A0
:200BA000BB73114B00221A700A23FB7307233A6879680E480DF0E0FF0346BB7307E04FF4E4
:200BC0007A71012013F032F8FB7B013BFB73064B1B78DBB2002B02D1FB7B002BEFD1BB7BB6
:200BE00018461037BD4680BD520B00204C47002080B483B000AF78607B681B79012B02D17C
:200C0000044B01221A7000BF0C37BD465DF8047B704700BF520B002080B582B000AF0023D3
:200C2000FB71054905480CF09BFB0346FB71FB7918460837BD4680BDAC9202000C47002062
:200C400080B584B000AF786039600023BB73114B00221A700A23FB7307233A6879680E4814
:200C60000CF0CEFB0346BB7307E04FF47A71012012F0DCFFFB7B013BFB73064B1B78DBB294
:200C8000002B02D1FB7B002BEFD1BB7B18461037BD4680BD530B00200C47002080B584B080
:200CA00000AF786039600023BB73114B00221A703223FB7307233A6879680E480CF08CFB72
:200CC0000346BB7307E04FF47A71012012F0AEFFFB7B013BFB73064B1B78DBB2002B02D129
:200CE000FB7B002BEFD1BB7B18461037BD4680BD530B00200C47002080B588B002AFF86011
:200D0000B9607A600023BB753223FB75072300937B68BA68F9680D480CF086FB0346BB755A
:200D200007E04FF47A71012012F080FFFB7D013BFB75074B1B78DBB2002B02D1FB7D002BC5
:200D4000EFD1BB7D18461837BD4680BD0C470020530B002080B483B000AF78607B681B7958
:200D6000012B02D1044B01221A7000BF0C37BD465DF8047B704700BF530B002080B582B044
:200D800000AF0023FB710B490B480FF075FD0346DAB2FB791344FB71084909480FF06CFDE7
:200DA0000346DAB2FB791344FB71FB7918460837BD4680BDBC910200404600202891020026
:200DC0001846002080B584B000AF0346FB710023FB73FB79012B0AD10C480FF081FD0346A2
:200DE000FB730B480FF07CFD0346FB7309E007480FF064FD0346FB7305480FF05FFD0346C3
:200E0000FB73FB7B18461037BD4680BD404600201846002080B483B000AF786039607B687B
:200E2000002B08D03B68002B05D0064A7B681360054A3B68136000BF0C37BD465DF8047B28
:200E4000704700BF540B0020580B002080B582B000AF7860054B1B689847054B1B68013373
:200E6000034A136000BF0837BD4680BD540B00205C0B002080B582B000AF7860054B1B68AD
:200E80009847054B1B680133034A136000BF0837BD4680BD580B0020600B002080B584B0F7
:200EA00000AF0346FB710023FB73FB79002B02D0012B1DD023E0144914480DF001F90346B7
:200EC000FB73134B0122A3F8C022114BB3F8C0321A461049002000F089F8FB7B002B03D1EE
:200EE0000B4B01221A700AE0094B00221A7006E0054906480DF0E4F80346FB7300BFFB7BBE
:200F000018461037BD4680BD80920200DC460020640B0020670B002080B586B000AF034612
:200F2000B9607A60FB730023FB750023BB82FB7B002B02D0012B19D033E000237B8210E0B2
:200F40007B8ABA681344012219461A480DF0BDF90346FB750121052012F068FE7B8A0133DB
:200F60007B827B8A7A689A42EAD81AE07A68B96810480DF0AAF90346FB7507E0BB8A0533DD
:200F8000BB824FF47A71052012F050FE0A4B9B7883F00103DBB2002B02D0BB8A182BEDD9BA
:200FA00000BF054B00229A70FB7D18461837BD4680BD00BFDC460020640B002080B483B09A
:200FC00000AF78607B68002B07D0074B1B78002B03D0054A7B68C2F8C43200BF0C37BD46DB
:200FE0005DF8047B704700BF640B002080B586B000AF0346B9607A60FB730023FB75FB7B4B
:20100000002B02D0012B0DD019E07A68B96810480DF044F90346FB757B689AB20D4BA3F861
:20102000C0220CE07A68B96809480DF037F90346FB757B689AB2074BA3F8C02200BF054B9B
:2010400000225A70FB7D18461837BD4680BD00BFDC460020640B002080B400AF044B01225A
:20106000A3F8C02200BFBD465DF8047B704700BF640B002080B582B000AF78607B681B79F3
:20108000042B20D0042B15DC012B02D0022B0DD010E00F4B01225A700D4BD3F8C4320C4A63
:2010A000B2F8C02211460B4898470DE0084B01229A7009E0064BB3F8C0321A460549002009
:2010C000FFF794FF00E000BF00BF0837BD4680BD640B0020670B002080B582B000AF002350
:2010E000FB710A4A136923F002031361084909480BF0A6FF0346002B02D0FB790133FB718C
:20110000FB7918460837BD4680BD00BF00B00140389202008046002080B582B000AF0023E3
:20112000FB7107480BF0DAFF0346002B02D0FB790133FB71FB7918460837BD4680BD00BFB6
:201140008046002080B582B000AF0423FB71204B93F81034C3F30003DBB2002B06D01C4B18
:20116000002283F810240123FB712BE0184BB3F8C030C3F34003DBB2002B12D0144B0022F1
:20118000A3F8C0200023BB71BB1D194611480BF0B9FFBB7919460F480BF0C0FF0323FB710C
:2011A00010E00B4BB3F8C030C3F38003DBB2002B06D0074B0022A3F8C0200223FB7101E026
:2011C0000423FB71FB7918460837BD4680BD00BF00E001408046002080B485B000AF034604
:2011E000FB71FB792E2B12D8FB795B09FB73FB7903F01F03BB73FB7B084A52F82310BB7B54
:2012000001229A40FB7B0A43044941F8232000BF1437BD465DF8047B704700BF2C0E002094
:2012200080B485B000AF0346FB71FB792E2B14D8FB795B09FB73FB7903F01F03BB73FB7BB5
:20124000094A52F82310BB7B012202FA03F3DA43FB7B0A40044941F8232000BF1437BD46C0
:201260005DF8047B704700BF2C0E002080B485B000AF0346FB71FB792E2B15D8FB795B096B
:20128000FB73FB7903F01F03BB73FB7B0A4A52F82320BB7B22FA03F303F00103002B14BF95
:2012A00001230023DBB200E0002318461437BD465DF8047B704700BF2C0E002080B584B09E
:2012C00002AF0023FB712E4B019303230093002380222C492C4814F013FA2C4B0193032318
:2012E0000093002380222A492A4814F009FA2A4B01930123009300234FF4C0722749284872
:2013000014F0FEF9274B01930223009300234FF400722549254814F0F3F9254B0193042346
:20132000009300234FF400722249234814F0E8F9134B1B68002B02D1FB790133FB71134B36
:201340001B68002B02D1FB790133FB71124B1B68002B02D1FB790133FB71124B1B68002BFB
:2013600002D1FB790133FB71114B1B68002B02D1FB790133FB71FB7918460837BD4680BD44
:20138000AC35002030830200B9A00100C83900204083020081B60100E82F0020548302000F
:2013A0004D760100FC3500206483020005AC010028300020788302009584010080B582B087
:2013C00000AF0023FB7100220121142013F086FA03462C4A5360002201210A2013F07EFA79
:2013E0000346294A536000224FF43071142013F075FA0346254A536000220121142013F0EC
:201400006DFA0346224A536000221421322013F065FA03461F4A5360042013F0EBFA034638
:201420001C4A9360174B5B68002B02D1FB790133FB71154B5B68002B02D1FB790133FB71E7
:20144000134B5B68002B02D1FB790133FB710F4B5B68002B02D1FB790133FB710D4B5B680F
:20146000002B02D1FB790133FB710A4B9B68002B02D1FB790133FB71FB7918460837BD46DC
:2014800080BD00BFE82F0020C8390020FC350020AC3500202830002080B582B002AF0A4BC1
:2014A0000093002301220A21084815F035FB0346074A9360064B9B68002B01D1012300E0C1
:2014C00000231846BD4680BD3976010088830200E82F002080B582B000AF0023FB71FFF7BC
:2014E0006DFF0346002B02D0FB790133FB71FFF7D3FF0346002B02D0FB790133FB71FFF70E
:20150000DDFE0346002B02D0FB790133FB71FB7918460837BD4680BD80B588B000AF786051
:2015200001233B72324811F047FFF861FB69002B01D0FB6957E00023FB7614E007F108033A
:2015400019462B4811F05BFFF861FB69002B04D0274811F043FFFB6945E03B7A002B06D0B1
:20156000FB7E0133FB76FB7E052BE7D900E000BF3B7A002B31D107F10C031A460B211C486C
:2015800011F054FF07F10C0302331A460C21184811F04CFF07F10C0304331A460D2114485A
:2015A00011F044FF00237B6113E07B695B0020333B4433F8143CB3F5006F8CBF01230023C0
:2015C000D9B27B697A6813440A461A707B6901337B617B69022BE8DD01E01423FB610448FF
:2015E00011F0FCFEFB6918462037BD4680BD00BFA04700202DE9F04385B002AF0023FB7113
:2016000062B600BFFFF788FD0BF038FA0346002B04D1012140F20710FFF70AF8FFF77CFD30
:2016200003F026FB0120FFF7CDFB03F07BFF03461A46FB791344FB7104F0AEFC05F0CCF813
:20164000012004F0C1FB03461D46022004F0BCFB03461E46032004F0B7FB0346984604207F
:2016600004F0B2FB03469946052004F0ADFB03461C46062004F0A8FB0346019300944B4676
:2016800042463146284604F0F3FC04F01FFC0948FFF742FF0346002B03D12220FFF79CFD4A
:2016A00002E02220FFF7BCFD00BF0C37BD46BDE8F08300BF340E002080B485B000AF0346B8
:2016C000FB710023FB600DE00C4AFB68134493F9003097F907209A4201D1FB6807E0FB6855
:2016E0000133FB60FB68272BEEDD4FF0FF3318461437BD465DF8047B704700BF14880200D6
:2017000080B483B000AF124B1B780133DAB2104B1A700F4B1B78142B14D90D4B00221A7001
:201720000023FB710BE0FB790A4AD25CFB7982F00102D1B2074AD154FB790133FB71FB79CF
:201740000B2BF0D900BF0C37BD465DF8047B7047A10E0020880E002080B483B000AF034616
:20176000FB71FB790B2B01D9002302E0FB79044AD35C18460C37BD465DF8047B704700BF95
:20178000880E002080B489B000AFF860B9607A60FB68FB617B6800221A70FB68002B25D15A
:2017A0007B681B785A1CD1B27A6811709B00BA68134400221A6048E0F969264BA3FB0123EA
:2017C000DA0813469B0013445B00CA1A7B681B78591CC8B2796808709B00B9680B441A605A
:2017E000FB691C4AA2FB0323DB08FB61FB69002BE2D10023BB6120E0BB699B00BA68134464
:201800001B687B617B681B785A1EBB69D31A9B00BA681A44BB699B00B9680B4412681A602C
:201820007B681B785A1EBB69D31A9B00BA6813447A691A60BB690133BB617B681B785B08EB
:20184000DBB21A46BB699342D6DB2437BD465DF8047B7047CDCCCCCC80B483B000AF034678
:20186000FB710B46BB7113467B717B79002B11D1FB79134AD35C5AB2BB79012101FA03F3E6
:201880005BB2DB435BB213405AB2FB79D1B20C4AD1540EE0FB790A4AD35C5AB2BB790121F8
:2018A00001FA03F35BB213435AB2FB79D1B2044AD15400BF0C37BD465DF8047B704700BF0F
:2018C000380E002080B485B000AF396011461A460346FB710B46BB7113467B710023FB8124
:2018E0003B7F063B0C2B00F2CE8001A252F823F0491901002519010055190100871A0100C3
:201900006119010031190100871A0100871A01003D1901006D1901007919010085190100AD
:2019200091190100FB795D4A32F81330FB8135E0FB795B4A32F81330FB812FE0FB79594ABB
:2019400032F81330FB8129E0FB79574A32F81330FB8123E0FB79554A32F81330FB811DE09B
:20196000FB79534A32F81330FB8117E0FB79514A32F81330FB8111E0FB794F4A32F8133013
:20198000FB810BE0FB794D4A32F81330FB8105E0FB794B4A32F81330FB8100BF3A7EBB796A
:2019A0009A4272D23B68002B71D000237B7365E0FA897B7B42FA03F303F00103002B2CD0D9
:2019C0003B7E7A7903FB02F27B7B13445B003A6813441B781A463B4B9B5C5AB23B7E7979A1
:2019E00003FB01F17B7B0B445B0039680B445B78194601238B405BB2134359B23B7E7A792C
:201A000003FB02F27B7B13445B003A6813441B781A46C9B22B4B99542DE03B7E7A7903FBAB
:201A200002F27B7B13445B003A6813441B781A46244B9B5C5AB23B7E797903FB01F17B7B1B
:201A40000B445B0039680B445B78194601238B405BB2DB435BB2134059B23B7E7A7903FB8B
:201A600002F27B7B13445B003A6813441B781A46C9B2144B99547B7B01337B737A7B7B7916
:201A80009A4295D304E000BF02E000BF00E000BF1437BD465DF8047B704700BF34870200CA
:201AA0004C87020064870200B4870200BC870200C4870200D487020008880200F887020025
:201AC000EC870200380E002080B58AB002AF0346FB710B46BB7113467B7107F11003002267
:201AE0001A605A609A60DA600023FB73FB79052B12D97B79012B0FD10620FFF7B7FB034647
:201B000083F00103DBB2002B12D0322003F0FDFC0620FFF761FB0BE00620FFF7A7FB03460C
:201B2000002B05D00620FFF77BFB5A2003F0EDFCFB7907F10F0207F110011846FFF722FEC3
:201B4000FB7B012B11D14B23002100221846FFF783FE3B69D8B207230193002300930723AF
:201B60000A223849FFF7AEFE10E04B23002101221846FFF771FE7B69D8B207230193002362
:201B8000009307230A222F49FFF79CFE4A23002101221846FFF760FE07F110031022002193
:201BA000184615F005FFBB7907F10F0207F110011846FFF7E7FDFB7B012B16D13B69D8B289
:201BC000072301930223009307230A221D49FFF779FE7B69D8B20723019301230093072359
:201BE0000A221849FFF76EFE15E03B69D8B2072301930123009307230A221249FFF762FE57
:201C00007B69D8B2072301930223009307230A220C49FFF757FE7B79002B06D14723072162
:201C200001221846FFF718FE08E07B79012B05D14723062101221846FFF70EFE00BF20370F
:201C4000BD4680BD3C88020080B582B000AF03460A46FB711346BB71FB79002B0FD0FB79EC
:201C6000142B0CD84823002101221846FFF7F4FD47200121BB791A46FFF7EEFDB6E0FB7945
:201C8000142B15D9FB792D2B12D84823002101221846FFF7E1FD4723012101221846FFF77D
:201CA000DBFD48200521BB791A46FFF7D5FD9DE0FB792D2B1BD9FB794B2B18D848230021BF
:201CC00001221846FFF7C8FD4723012101221846FFF7C2FD4823052101221846FFF7BCFD45
:201CE00048200121BB791A46FFF7B6FD7EE0FB794B2B21D9FB795F2B1ED848230021012238
:201D00001846FFF7A9FD4723012101221846FFF7A3FD4823052101221846FFF79DFD482319
:201D2000012101221846FFF797FD48200421BB791A46FFF791FD59E0FB795F2B27D9FB7926
:201D4000632B24D84823002101221846FFF784FD4723012101221846FFF77EFD4823052166
:201D600001221846FFF778FD4823012101221846FFF772FD4823042101221846FFF76CFD94
:201D800047200021BB791A46FFF766FD2EE0FB79632B24D94823042101221846FFF75CFD61
:201DA0004823012101221846FFF756FD4823052101221846FFF750FD47230121012218466A
:201DC000FFF74AFD4823002101221846FFF744FD4723002101221846FFF73EFD06E04820F7
:201DE0000021BB791A46FFF737FDFFE700BF0837BD4680BD80B58CB002AF0346FB710B46B8
:201E0000BB7113467B7107F10C0300221A605A609A60DA601A615A610023FB72002387F858
:201E20002730FB7907F10B0207F10C011846FFF7A9FC7B79002B06D00420FFF78DFC0346F3
:201E400087F8273002E0012387F8273097F82720FB7911461846FFF7F7FEBB79002B40F057
:201E6000BD8097F82730002B56D1FB7A012B1AD14E23002100221846FFF7EEFC07230193B1
:201E80000423009307230A2256490A20FFF71AFD072301930323009307230A2251490A20CB
:201EA000FFF710FD94E0FB7A022B1AD14E23002100221846FFF7D0FC0723019303230093D3
:201EC00007230A2247490A20FFF7FCFC072301930423009307230A2242490A20FFF7F2FC9D
:201EE00076E04E23002100221846FFF7B5FC072301930323009307230A223A490A20FFF763
:201F0000E1FC072301930423009307230A2235490A20FFF7D7FC5BE0FB7A012B1CD14E236B
:201F2000002100221846FFF797FCFB68D8B2072301930423009307230A222A49FFF7C2FC95
:201F40003B69D8B2072301930323009307230A222449FFF7B7FC3BE0FB7A022B1CD14E2355
:201F6000002100221846FFF777FCFB68D8B2072301930323009307230A221A49FFF7A2FCA6
:201F80003B69D8B2072301930423009307230A221449FFF797FC1BE04E2300210122184651
:201FA000FFF75AFC3B69D8B2072301930323009307230A220B49FFF785FC7B69D8B2072377
:201FC00001930423009307230A220649FFF77AFC4523042101221846FFF73EFC00BF283746
:201FE000BD4680BD3C88020080B483B000AF0346FB80FB88642B02D9FB88742B05D9FB8891
:20200000772B04D9FB887E2B01D8012300E0002303F00103DBB218460C37BD465DF8047B19
:202020007047FFFF80B483B000AF0346FB71FB79042B17D801A252F823F000BF512001005D
:2020400055200100592001005D20010061200100012308E0022306E0032304E0042302E066
:20206000052300E0052318460C37BD465DF8047B704700BFB0B586B000AF0023FB82002335
:202080007B7504233B750023FB740023BB7400237B7470E07B7C184607F0A6FC0346FB8081
:2020A000FB88002B61D0FB881846FFF79DFF0346002B15D09D4B1B78012B0CD19C4B1B7877
:2020C000012B05D99A4B02221A700123BB7407E00023BB7404E0954B01221A700023BB7414
:2020E0000023FB603DE09349FA6813465B0013445B000B441B88FA889A422FD18D49FA6819
:2021000013465B0013445B000B4402331B783A7D9A422CD3884B01221A708649FA681346A6
:202120005B0013445B000B4402331B783B75FB88FB828049FA6813465B0013445B000B44EB
:2021400003331B78FB747B49FA6813465B0013445B000B4404331B787B7508E0FB68013333
:20216000FB60FB687F2BBED902E000BF00E000BF7B7C01337B747B7C042B8BD9FB7C002BDA
:2021800002D16D4B00221A706B4B1B78002B00F0C880664B1B78002B05D0BB7C002B02D0E4
:2021A0002123FB740BE0614B1B78002B07D0BB7C83F00103DBB2002B01D01E23FB74052430
:2021C000002507F0CDFA03461A4629462046FFF743FBFB8A002B00F09F80FB7C002B00F019
:2021E0009B803B7D1846FFF71DFF03467B727B7A013B52497A7A01F813207B7A013B4F4AB0
:202200005B001344FA7C5A700023FB720023BB720FE0BB7A494A12F81330002B06D0BB7AB2
:20222000464A5B0013445B78FB7205E0BB7A0133BB72BB7A042BECD9FB7A002B54D0FB7A3F
:202240009AB27B7A1146184601F054FC0346FB7201F08AFCFB7A1E3B062B42D801A252F814
:2022600023F000BF812201008F2201009D220100AB220100B9220100C7220100D5220100EA
:202280000F230C222E492F4802F01AF82AE000232E2200212C4802F013F823E00F230E2278
:2022A0002A492B4802F00CF81CE00F2308222949294802F005F815E00C230E2227492848E4
:2022C00001F0FEFF0EE00D230A222649264801F0F7FF07E00A2308222449254801F0F0FF0A
:2022E00000E000BF02F06AFC7B7D002B18D07B7D012B02D0022B07D00DE024230721012263
:202300001846FFF7A9FA06E00523002101221846FFF7A2FA00BF03E0074B00221A7000E004
:2023200000BF00BF1837BD46B0BD00BFAD0E0020AE0E002034840200A60E0020940E00209A
:20234000748C0200848C0200908C0200C08C0200D08C0200E08C0200F08C0200F88C02002D
:20236000048D0200148D0200248D0200308D02003C8D0200B0B500AF0D20FEF751FF0E2036
:20238000FEF74EFF0F20FEF74BFF07F06BF90346012B08D10120FFF7DFF90346002B02D0AF
:2023A0000D20FEF719FF07F0BFF90346012B13D10220FFF7D1F90346002B02D00E20FEF790
:2023C0000BFF242407250E20FEF750FF03461A4629462046FFF740FA07F0B4F90346012B46
:2023E00013D10320FFF7B8F90346002B02D00F20FEF7F2FE242407250F20FEF737FF0346BE
:202400001A4629462046FFF727FA07F01DF90346012B0BD107F026F90346002B06D11C2075
:2024200001F0EAFB0D20FEF7D7FE11E007F01AF90346012B03D11D2001F0DEFB08E01C2060
:2024400001F02CFB1D2001F029FB0D20FEF7E8FE052402250D20FEF709FF03461A46294678
:202460002046FFF7F9F9FFF705FE07F05DF90346012B09D1042001F0BFFB4F2305210122EF
:202480001846FFF7E9F905E0042001F007FB0E20FEF7C6FE07F056F90346012B03D1032071
:2024A00001F0AAFB05E0032001F0F8FA0F20FEF7B7FE4F2406250F20FEF7D8FE03461A4681
:2024C00029462046FFF7C8F900BFB0BD80B58CB002AF03463960FB711346BB7107F10C0348
:2024E00000221A605A609A60DA601A615A610023FB72002387F827303B68AB4AA2FB032338
:20250000DB083B6007F10B0207F10C0319463868FFF738F90A23032100221846FFF79CF9AF
:202520000923032100221846FFF796F90823032100221846FFF790F907230321002218462A
:20254000FFF78AF90623032100221846FFF784F9BB79002B0CD00520FFF7FEF8034687F8AE
:20256000273097F82730002B05D10A23FB7202E0012387F82730FB79032B4AD801A252F8F6
:2025800023F000BF95250100A5250100C3250100E12501000A20032197F827301A46FFF769
:2025A0005BF937E00920032197F827301A46FFF753F90820032197F827301A46FFF74CF90E
:2025C00028E00920032197F827301A46FFF744F90720032197F827301A46FFF73DF919E077
:2025E0000A23032101221846FFF736F90923032101221846FFF730F9082303210122184624
:20260000FFF72AF90723032101221846FFF724F900E000BF0620032197F827301A46FFF79A
:202620001BF9FB7A012B3DD13E23002100221846FFF712F9FB68D8B207230193092300936A
:2026400007230A225949FFF73DF93B69D8B2072301930823009307230A225449FFF732F998
:202660007B69D8B2072301930723009307230A224E49FFF727F9BB69D8B2072301930623D9
:20268000009307230A224949FFF71CF9FB69D8B2072301930523009307230A224349FFF775
:2026A00011F980E1FB7A022B3DD13E23002100221846FFF7D1F8FB68D8B207230193082368
:2026C000009307230A223949FFF7FCF83B69D8B2072301930923009307230A223349FFF732
:2026E000F1F87B69D8B2072301930723009307230A222E49FFF7E6F8BB69D8B207230193FB
:202700000623009307230A222849FFF7DBF8FB69D8B2072301930523009307230A22234944
:20272000FFF7D0F83FE1FB7A032B41D13E23002100221846FFF790F8FB68D8B207230193DB
:202740000723009307230A221849FFF7BBF83B69D8B2072301930823009307230A22134900
:20276000FFF7B0F87B69D8B2072301930923009307230A220D49FFF7A5F8BB69D8B20723B9
:2027800001930623009307230A220849FFF79AF8FB69D8B2072301930523009307230A22FD
:2027A0000249FFF78FF8FEE0CDCCCCCC3C880200FB7A042B3DD13E23002100221846FFF7D2
:2027C0004BF8FB68D8B2072301930623009307230A227A49FFF776F83B69D8B207230193E6
:2027E0000723009307230A227449FFF76BF87B69D8B2072301930823009307230A226F49B8
:20280000FFF760F8BB69D8B2072301930923009307230A226949FFF755F8FB69D8B20723DC
:2028200001930523009307230A226449FFF74AF8B9E0FB7A052B3DD13E23002100221846C0
:20284000FFF70AF8FB68D8B2072301930523009307230A225949FFF735F83B69D8B20723A7
:2028600001930623009307230A225449FFF72AF87B69D8B2072301930723009307230A22BE
:202880004E49FFF71FF8BB69D8B2072301930823009307230A224949FFF714F8FB69D8B292
:2028A000072301930923009307230A224349FFF709F878E0FB7A062B3DD13E230021012211
:2028C0001846FEF7C9FF3B69D8B2072301930523009307230A223949FEF7F4FF7B69D8B208
:2028E000072301930623009307230A223349FEF7E9FFBB69D8B2072301930723009307235C
:202900000A222E49FEF7DEFFFB69D8B2072301930823009307230A222849FEF7D3FF3B6AA5
:20292000D8B2072301930923009307230A222349FEF7C8FF37E03E23002100221846FEF704
:202940008BFF072301930523009307230A221B490A20FEF7B7FF0723019306230093072341
:202960000A2216490A20FEF7ADFF072301930723009307230A2211490A20FEF7A3FF0723EB
:2029800001930823009307230A220C490A20FEF799FF072301930923009307230A22074960
:2029A0000A20FEF78FFF3E23042101221846FEF753FF00BF2837BD4680BD00BF3C88020039
:2029C00080B584B002AF0346FB711020FEF704FC3E23052101221846FEF73EFFFB79013B19
:2029E000052B00F2728101A252F823F0052A0100672A0100DD2A0100092C0100532B010043
:202A0000CB2C01000B2001F049F80C2001F046F8062301930023009306230122AD49002031
:202A2000FEF750FF082301930023009308230122A9490020FEF746FF0A23019300230093CC
:202A40000A230122A5490020FEF73CFF0B23042101221846FEF700FF052304210122184652
:202A6000FEF7FAFE32E10B2001F018F80C2001F015F8062301930023009306230122954963
:202A80000120FEF71FFF08230193002300930823012291490120FEF715FF0A230193002357
:202AA00000930A2302228D490120FEF70BFF0A230193012300930A23022288490420FEF789
:202AC00001FF0423002101221846FEF7C5FE0B23042101221846FEF7BFFEF7E00B2000F0FD
:202AE000DDFF0C2000F0DAFF06230193002300930623012277490120FEF7E4FE08230193CF
:202B0000002300930823012273490220FEF7DAFE0A230193002300930A2302226F49022064
:202B2000FEF7D0FE0A230193012300930A2302226A490520FEF7C6FE0B23042101221846A4
:202B4000FEF78AFE0423042101221846FEF784FEBCE00620FEF700FE0346002B03D0102088
:202B6000FEF73AFB02E01020FEF75AFB06230193002300930623012256490220FEF7A2FEBA
:202B800008230193002300930823012252490320FEF798FE0A230193002300930A23022261
:202BA0004E490320FEF78EFE0A230193012300930A23022249490620FEF784FE1020FEF7BD
:202BC00055FB0346002B06D03E23012101221846FEF742FE05E03E23012100221846FEF745
:202BE0003BFE0B23042101221846FEF735FE3E23022101221846FEF72FFE0B2000F04EFF11
:202C00000C2000F0F9FF61E00620FEF7A5FD0346002B03D01020FEF7DFFA02E01020FEF756
:202C2000FFFA06230193002300930623012229490220FEF747FE082301930023009308236E
:202C4000012225490320FEF73DFE0A230193002300930A23022221490320FEF733FE0A23E8
:202C60000193012300930A2302221C490620FEF729FE1020FEF7FAFA0346002B06D03E234D
:202C8000072101221846FEF7E7FD05E03E23072100221846FEF7E0FD0B230421012218461E
:202CA000FEF7DAFD3E23022101221846FEF7D4FD3E23062101221846FEF7CEFD0C2000F098
:202CC000EDFE0B2000F098FF00E000BF00BF0837BD4680BD208902002C8902003C89020051
:202CE00080B58CB002AF786007F1100300221A605A609A60DA601A615A610023FB7307F186
:202D00000F0207F1100319467868FEF73BFDFB7B012B1CD14623002100221846FEF79CFD04
:202D20003B69D8B20B230193032300930B2304222A49FEF7C7FD7B69D8B20B230193022315
:202D400000930B2304222549FEF7BCFD3BE0FB7B022B1CD14623002100221846FEF77CFD4D
:202D60003B69D8B20B230193022300930B2304221A49FEF7A7FD7B69D8B20B230193032305
:202D800000930B2304221549FEF79CFD1BE04623002101221846FEF75FFD7B69D8B20B236D
:202DA0000193022300930B2304220C49FEF78AFDBB69D8B20B230193032300930B23042225
:202DC0000649FEF77FFD4723052101221846FEF743FD00BF2837BD4680BD00BFC88802007E
:202DE00080B58CB002AF0346FB800B467B7113463B7107F10C0300221A605A609A60DA601A
:202E00001A615A610023FB72002387F827307B79002B05D1FB88614AA2FB03235B09FB802E
:202E2000FB8807F10B0207F10C011846FEF7AAFC3B79012B0CD10520FEF78EFC034687F8E3
:202E4000273097F82730002B05D10423FB7202E0012387F82730FB7A013B032B7CD801A2EE
:202E600052F823F0752E0100AF2E0100E92E0100232F01004323072100221846FEF7ECFC1D
:202E8000FB68D8B20B230193012300930B2304224349FEF717FD3B69D8B20B2301930023D0
:202EA00000930B2304223E49FEF70CFD55E04323072100221846FEF7CFFCFB68D8B20B2388
:202EC0000193002300930B2304223549FEF7FAFC3B69D8B20B230193012300930B230422F0
:202EE0002F49FEF7EFFC38E04323072101221846FEF7B2FC3B69D8B20B230193002300930A
:202F00000B2304222649FEF7DDFC7B69D8B20B230193012300930B2304222149FEF7D2FCB8
:202F20001BE04323072100221846FEF795FC0B230193002300930B23042219490A20FEF7B5
:202F4000C1FC0B230193012300930B23042214490A20FEF7B7FC00E000BF7B79002B0DD11C
:202F60004120032197F827301A46FEF775FC4023072100221846FEF76FFC0BE04123032142
:202F800000221846FEF768FC4023072101221846FEF762FC00BF2837BD4680BD1F85EB51BB
:202FA000C8880200B0B58AB000AF0346FB71444B07F10C041D460FCD0FC42B6823800023BA
:202FC00087F827301CE097F8273028333B4413F81C3C1A463B4B13F8120097F827302833B8
:202FE0003B4413F81C3C374A5B0013445B7800221946FEF731FC97F82730013387F8273056
:2030000097F82730112BDED9FB790A2B0CD14423032100221846FEF71FFC3E23032100228F
:203020001846FEF719FC48E04423032101221846FEF712FC3E23032101221846FEF70CFCEE
:20304000FB79092B38D8FA7913461B0113441E4A13443B621123FB77002387F826301CE083
:2030600097F826303A6A134493F900301A46154B13F8120097F826303A6A134493F900303B
:20308000104A5B0013445B7801221946FEF7E4FB97F82630013387F8263097F82620FB7FBE
:2030A0009A420AD297F826303A6A134493F90030B3F1FF3FD4D100E000BF2837BD46B0BDC7
:2030C000448D020098830200D48F0200B0B584B000AF0346FB711220FEF7A2F81320FEF7B5
:2030E0009FF81120FEF79CF8062000F0D7FC152000F0D4FC162000F0D1FC172000F0CEFCBD
:20310000182000F0CBFC192000F0C8FC06F066FA03467B730B23072101221846FEF79CFBE3
:203120004F23072101221846FEF796FB4723042101221846FEF790FB03F000F803461C46C8
:2031400003F040F803461D4603F048F803461A4629462046FEF7B8FCFB79032B02D0FB7956
:20316000042B06D1FB790133DBB21846FFF728FC05E006F03FFA03461846FFF721FC06F0D8
:20318000B7FA03463B737B7B052B03D80720FEF723F802E00720FEF743F83B7B012B68D1FB
:2031A0007B7B9BB2002201211846FFF719FE0720FEF75CF803461A467B7B01211846FEF799
:2031C00019FE0D2000F06AFC1B2000F067FC0E2000F064FC4423012100221846FEF73CFB14
:2031E000482003213B7B1A46FEF736FB4F23072100221846FEF730FB4723042100221846BE
:20320000FEF72AFB3B7B012B40F0CA80D04B1B781D2B0CD94823072101221846FEF71CFB3D
:20322000CB4B1B780133DAB2C94B1A7005E0C84B1B780133DAB2C64B1A70C54B1B78632B70
:2032400010D94824062506F061FA03461A4629462046FEF701FB152000F0CEFCBC4B6E22A8
:203260001A709DE0BA4B1B780133DAB2B84B1A7096E0B74B00221A7006F098F903461C460C
:2032800006F018FC03461A4600212046FFF7A8FD0720FDF7EBFF03461A467B7B0021184636
:2032A000FEF7A8FDAB4B1B78002B08D106F064F90346002219460020FFF708F970E0A54B73
:2032C0001B78012B0ED1002006F03AF903461C460320FDF7CBFF03461A4621460120FFF754
:2032E000F5F85DE09B4B1B78022B0ED1012006F027F903461C460320FDF7B8FF03461A46C6
:2033000021460220FFF7E2F84AE0924B1B78032B3AD10320FDF7AAFF0346002B18D007203E
:20332000FEF71AFA0346002B03D01120FDF754FF02E01120FDF774FF0B2405251120FDF7CD
:2033400095FF03461A4629462046FEF785FA12E00B23052101221846FEF77EFA0520FDF79A
:2033600085FF0346002B03D00D2000F045FC02E00D2000F093FB06F0FFF8034600221946E0
:203380000020FFF7A3F80BE0724B1B78042B07D106F0F2F80346002219460020FFF796F8EC
:2033A00006F0F8F803461846FFF79AFC06F092F90346012B10D10A2000F01EFC0820FEF7CC
:2033C000CBF90346002B03D01220FDF705FF09E01220FDF725FF05E01220FDF721FF0A2030
:2033E00000F05CFB402404251220FDF73FFF03461A4629462046FEF72FFA06F0BFF9034602
:20340000FB720023FB730023BB73524B1B78022B00F2A880FB7A042B00F2A08001A252F843
:2034200023F000BF393401006B340100A1340100D73401000D350100474B00221A700F201A
:2034400000F02CFB122000F029FB132000F026FB142000F023FB2A20FDF7E2FE2C20FDF72B
:20346000DFFE2B20FDF7DCFE7CE00123FB733A4B00221A70122000F0BFFB0F2000F00EFB33
:20348000132000F00BFB142000F008FB2B20FDF7C7FE2C20FDF7C4FE2A20FDF79DFE61E0BC
:2034A0000123BB732C4B00221A700F2000F0A4FB122000F0F3FA132000F0F0FA142000F099
:2034C000EDFA2A20FDF788FE2C20FDF7A9FE2B20FDF7A6FE46E00123BB731F4B00221A70E9
:2034E0002A20FDF779FE2B20FDF776FE2C20FDF797FE122000F0D2FA0F2000F0CFFA132086
:2035000000F07AFB142000F0C9FA2BE00123FB732B20FDF785FE2A20FDF782FE2C20FDF702
:203520005BFE0D4B1B78FF2B05D00B4B1B780133DAB2094B1A70122000F0B0FA0F2000F0D6
:20354000ADFA132000F0AAFA142000F055FB09E0BE0E0020AB0E0020AF0E0020444B00224D
:203560001A7000BF434B1B78042B0DD10123BB730023FB730320FDF779FE0346002B03D01C
:203580000123FB730023BB73FB7B002B0BD0052401250B20FEF7E0F803461A462946204607
:2035A000FEF75AF905E005200121BB7B1A46FEF753F906F081F80346012B0DD10920FEF7E0
:2035C000CBF80346002B03D01320FDF705FE0FE01320FDF725FE0BE006F060F80346012BD0
:2035E00003D11320FDF7F8FD02E01320FDF718FE214B1B781846FFF7D5FC05240325132014
:20360000FDF734FE03461A4629462046FEF724F94D24002506F034F803461A4629462046BE
:20362000FEF71AF9402405250020FDF71FFE03461A4629462046FEF70FF940240625022097
:20364000FDF714FE03461A4629462046FEF704F9442402250120FDF709FE03461A46294631
:203660002046FEF7F9F800BF1037BD46B0BD00BFAF0E0020AB0E0020AC0E002080B487B0CE
:2036800000AF3B600346FB710B46BB711346BB80FA7913461B019B1A9B001A46BB791344F7
:2036A0007B61BB887A6913443B613B69234AA2FB03235909224BA3FB01231A0913465B00D9
:2036C0001344DB00CA1A1346FB7339691B4BA3FB01235A0913461B019B1A9B00CA1AD2B2B3
:2036E0003B6A1A70FB7B002B06D13B680C221A707B6A00221A701BE0FB7B0C2B06D13B6815
:203700000C221A707B6A01221A7011E0FB7B0C2B08D9FB7B0C3BDAB23B681A707B6A012262
:203720001A7005E03B68FA7B1A707B6A00221A7000BF1C37BD465DF8047B70478988888826
:20374000ABAAAAAAB0B584B000AF0346FB710023FB730023BB7300237B731420FDF760FD4B
:203760001320FDF75DFD0B23072101221846FEF773F802F0E3FC0346FB7302F023FD0346AE
:20378000BB7302F02BFD03467B737A7BB97BFB7B1846FEF799F905F08FFF0346012B0DD150
:2037A0000920FDF7D9FF0346002B03D01320FDF713FD0FE01320FDF733FD0BE005F06EFF03
:2037C0000346012B03D11320FDF706FD02E01320FDF726FD052403251320FDF747FD034645
:2037E0001A4629462046FEF737F805F081FF0346002B18D10A20FDF7AFFF0346002B03D08B
:203800001420FDF7E9FC02E01420FDF709FD482403251420FDF72AFD03461A46294620462A
:20382000FEF71AF87EE005F063FF0346002B03D01520FDF7D1FC02E01520FDF7F1FC48242B
:2038400003251520FDF712FD03461A4629462046FEF702F81520FDF709FD0346002B5ED0CA
:203860008C4B1B781D2B0CD94823072101221846FDF7F2FF874B1B780133DAB2854B1A7039
:2038800005E0844B1B780133DAB2824B1A70814B1B78632B3CD905F039FF0346002B0CD04B
:2038A000062000F0FBF84823062101221846FDF7D3FF1420FDF790FC26E0482307210022B7
:2038C0001846FDF7C9FF0A20FDF746FF0346002B03D01420FDF780FC02E01420FDF7A0FCDA
:2038E000482403251420FDF7C1FC03461A4629462046FDF7B1FF0523002101221846FDF76F
:20390000ABFF062000F078F9624B6E221A7009E0604B1B780133DAB25E4B1A7002E05D4B0B
:2039200000221A7005F05AFE03463B73FB79052B62D1594B00221A80472302210122184652
:20394000FDF78AFF05F0E2FE0346002B1CD006F0A5F80346FB72FB7ABB2B05D0FB7A002B9C
:2039600002D0FB7AAB2B05D14723032101221846FDF772FF4823022101221846FDF76CFF72
:20398000062000F08BF826E04823072100221846FDF762FF0A20FDF7DFFE0346002B03D0DE
:2039A0001420FDF719FC02E01420FDF739FC482403251420FDF75AFC03461A4629462046FB
:2039C000FDF74AFF0523002101221846FDF744FF062000F011F93B7B012201211846FEF73B
:2039E00009FA3B7B642B03D1192000F005F91CE0162000F001F918E03B7B00220121184618
:203A0000FEF7F8F9244B1B88B3F5FA7F07D3224B4FF4FF721A80182000F0EEF805E01E4B9C
:203A20001B8801339AB21C4B1A8005F0E3FD03461846FEF7C5FF3B7B9BB200220121184688
:203A4000FFF7CEF905F0A6FD03461846FFF748F94F23072100221846FDF7FEFE472304219A
:203A600000221846FDF7F8FE05F034FE0346012B09D10A2000F0C0F840230421012218468B
:203A8000FDF7EAFE02E00A2000F008F800BF1037BD46B0BDBF0E0020C00E002080B485B094
:203AA00000AF0346FB800023FB7316E0FB7B104A5B0013445B781A46FB8893420AD1FB7BAE
:203AC0000B4A002102F81310FB7B094A5B00134400225A70FB7B0133FB73FB7B042BE5D971
:203AE00000BF00BF1437BD465DF8047B704700BF940E002080B485B000AF03460A46FB71D1
:203B00001346BB800023FB81FB79013B1549FA7901F81320FB79013BBA88D1B2114A5B009A
:203B200013440A465A7000237B7310E07B7B0D4A12F81330002B05D07B7B0A4A5B0013447D
:203B40005B7808E00023FB817B7B01337B737B7B042BEBD9FB8918461437BD465DF8047B06
:203B6000704700BF940E002080B588B002AF204B3B610023FB7515E02020FDF79DFD7860BA
:203B80007B68B3F1FF3F0AD07B68D8B20E230193FB7D00930E231C223969FDF793FEFB7D3B
:203BA0000133FB75FB7D0D2BE6D9124BFB600023BB7515E02020FDF77FFDB860BB68B3F163
:203BC000FF3F0AD0BB68D8B20E230193BB7D00930E231C22F968FDF775FEBB7D0133BB75BD
:203BE000BB7D0D2BE6D900BF00BF1837BD4680BD64890200EC8A020090B599B002AF03469A
:203C0000FB80FF2387F85730C64B1B7883F00103DBB2002B00F0C482FB88DBB2013B242B5D
:203C200060D801A252F823F0BD3C0100BD3C0100BD3C0100BD3C0100BD3C0100C53C010068
:203C4000D53C0100BD3C0100BD3C0100D53C0100D53C0100D53C0100CD3C0100CD3C010014
:203C6000D53C0100CD3C0100CD3C0100CD3C0100CD3C0100CD3C0100C53C0100C53C0100FC
:203C8000C53C0100C53C0100C53C0100CD3C0100CD3C0100DD3C0100DD3C0100E53C0100B4
:203CA000E53C0100E53C0100E53C0100E53C0100E53C0100E53C0100BD3C0100012387F89B
:203CC000573010E0022387F857300CE0032387F8573008E0042387F8573004E0052387F88A
:203CE000573000E000BF97F85730FF2B00F05882FA8897F8573011461846FFF7FBFE03460F
:203D0000FB80FFF731FFFB88DBB2013B242B00F2428201A252F823F0AD3D01004B3E01003C
:203D2000653E0100733E0100813E01008F3E0100933F01009D3E0100173F0100853F0100D4
:203D4000A13F0100AF3F0100BD3F0100CB3F0100C5400100FD4001000B410100194101009F
:203D60002741010035410100D93F0100E73F01007F4001008D4001009B400100A9400100CF
:203D8000B7400100D3400100E14001009741010097410100974101009741010097410100B8
:203DA0009741010097410100EF4001005E4B07F138040FCB07C423805C4B1B78062B09D1B7
:203DC00007230E225A495B4800F07AFA5A4B01221A70E5E100233B6509E03B6D08335833AD
:203DE0003B445F2203F8202C3B6D01333B654F4B1B781A463B6D9342EFDB07F138010E23CA
:203E00000E224C4800F05CFA4C4B1B785A1CD1B24A4A1170322B40F2C081484B00221A7051
:203E2000474B00221A70414B1B785A1C454B83FB021313449910D317C91A0B46DB005B1A1E
:203E4000D11ACAB2394B1A70A7E1384B00221A703B4B00221A700A230F223B493B4800F0AF
:203E60002FFA9DE10D230A2239493A4800F028FA96E106230C223849384800F021FA8FE1DF
:203E80000B230B223649374800F01AFA88E10F230B223549354800F013FA81E1344B07F12C
:203EA00028040FCB07C423800023FB6409E0FB6C083358333B445F2203F8302CFB6C013304
:203EC000FB642C4B1B781A46FB6C9342EFDB07F1280000230E22002100F0F2F9184B1B78AE
:203EE0005A1CD1B2164A1170092B40F25881144B00221A701F4B1B785A1C1F4B83FB02132E
:203F00005910D317C91A0B469B000B44D11ACAB2184B1A7043E1092307221849184800F0B2
:203F2000CFF93DE1A60E0020A08F0200A20E0020588D0200608D02009F0E0020C20E002033
:203F4000C30E002093244992708D02007C8D02008C8D02009C8D0200A88D0200B08D020018
:203F6000BC8D0200C88D0200D88D0200E88D0200B08F0200C40E002067666666F48D020072
:203F8000008E020007230A228749884800F098F906E108230C228649864800F091F9FFE0E4
:203FA0000F2308228449854800F08AF9F8E00F2308228349814800F083F9F1E00D23082238
:203FC0008049814800F07CF9EAE00D230D227F497F4800F075F9E3E00A2308227D497A4832
:203FE00000F06EF9DCE007F11C0300221A605A601A810023FB760023BB7600237B7602F0B8
:20400000D5F8034687F84A3002F0DCF8034687F8493005F0D7FA03461C4607F11B0297F875
:20402000491097F84A0007F11903019307F11A03009313462246FFF721FB7B7E002B0BD12B
:20404000FB7E1A46BB7E07F11C0000931346624A0A2113F079FC0AE0FB7E1A46BB7E07F10B
:204060001C00009313465D4A0A2113F06DFC07F11C010A230F225A4800F022F990E00A233D
:2040800008225449504800F01BF989E00A230E225049544800F014F982E00A230722524972
:2040A000524800F00DF97BE00F230A225049514800F006F974E00C230D224F49444800F0D0
:2040C000FFF86DE007230A2237494C4800F0F8F866E008230E224A494A4800F0F1F85FE074
:2040E000082308224849464800F0EAF858E009230C224649464800F0E3F851E00D230D2270
:204100003249334800F0DCF84AE00E230D2241492F4800F0D5F843E008230A223E4937481D
:2041200000F0CEF83CE00C230A223C49334800F0C7F835E03A4B1B78FA2B25D8384B1B783E
:20414000013B384A82FB03121211DB179B1ADBB2053387F84B3097F84B30002B02D101235A
:2041600087F84B3097F84B3007F1080000932E4B2E4A0F2113F0E8FB07F108010F230A2242
:204180001E4800F09DF80BE00C230A2228491B4800F096F804E000BF02E000BF00E000BFB9
:2041A0005C37BD4690BD00BF088E0200108E02001C8E0200248E0200308E0200408E020035
:2041C000488E0200588E0200688E0200708E0200808E0200908E02009C8E0200AC8E02008F
:2041E000BC8E0200CC8E0200DC8E0200E88E0200F08E0200008F02000C8F0200188F0200DC
:20420000248F02002C8F02003C8F0200448F0200508F02005C8F02006C8F0200748F0200BA
:20422000AF0E00201F85EB51808F02008C8F0200948F020080B588B002AF03463960FB7102
:204240001346BB7100237B613B68002B2DD0FB79012B02D1184B7B6104E0FB79022B26D1E1
:20426000164B7B610023FB741AE0FB7C3A68134493F900301846FDF71FFAF860FB68B3F17F
:20428000FF3F0AD0FB68D8B20E230193FB7C00930E231C227969FDF715FBFB7C0133FB74DB
:2042A000FA7CBB799A42E0D302E000BF00E000BF1837BD4680BD00BF64890200EC8A0200D0
:2042C00080B588B000AFF860B96011461A460B46FB711346BB71FB790F2B02D1FB79013B27
:2042E000FB71BB790F2B02D1BB79013BBB71FB68002B6FD0FB790E2B0FD87B4B00221A70A2
:20430000794B00225A80784B00221A71FB791A46F9680120FFF78EFF65E0734B1B78002BD3
:2043200008D1714B01221A706F4B00225A806E4B00221A716C4B5B88952B0BD80E22F96851
:204340000120FFF777FF684B5B8801339AB2664B5A8038E0644B5A88644BA3FB0213D90843
:204360000B469B000B4499000B44D31A9BB2002B13D15D4B1B7903F10E02FB799A4206DA61
:20438000594B1B790133DAB2574B1A7105E0564B00221A71544B00225A80534B1B791A4698
:2043A000FB681344FB61504B1B79FA79D31AFB76FB7E0E2B28BF0E23BB76BB7E1A46F969F1
:2043C0000120FFF737FF484B5B8801339AB2464B5A8008E0444B00221A70434B00225A8082
:2043E000414B00221A71BB68002B6FD0BB790E2B0FD83F4B00221A703D4B00225A803C4B62
:2044000000221A71BB791A46B9680220FFF712FF65E0374B1B78002B08D1354B01221A7086
:20442000334B00225A80324B00221A71304B5B88952B0BD80E22B9680220FFF7FBFE2C4BFE
:204440005B8801339AB22A4B5A8038E0284B5A88264BA3FB0213D9080B469B000B44990064
:204460000B44D31A9BB2002B13D1214B1B7903F10E02BB799A4206DA1D4B1B790133DAB2F4
:204480001B4B1A7105E01A4B00221A71184B00225A80174B1B791A46BB6813447B61144BCA
:2044A0001B79BA79D31AFB74FB7C0E2B28BF0E23BB74BB7C1A4679690220FFF7BBFE0C4B41
:2044C0005B8801339AB20A4B5A8008E0084B00221A70074B00225A80054B00221A7100BF59
:2044E0002037BD4680BD00BFB00E00201F85EB51B80E002080B584B000AF0346FB712320B2
:20450000FCF7B4FE034683F00103DBB2002B00F0DC810420FCF7A4F80346002B02D0AD4B40
:2045200001221A70AB4B1B78002B27D00420FCF797F80346002B21D1A64B00221A70A64B89
:2045400000221A70A54B00221A801820FCF744FEA34B1B78002B02D11720FCF73DFE05208D
:20456000FCF784FE0346002B08D00520FCF758FE002005F0F7FC0D20FFF790FA1820FCF72C
:2045800075FE0346002B71D01720FCF76FFE0346002B6BD00220FFF781FA0120FFF77EFA8B
:2045A000904B00221A7005F0E9F80346FB73FB7B032B04D0FB7B042B01D0012300E00023D2
:2045C000BB73BB7B03F00103BB73FB79022B1AD1854B1B78022B0ED0022B10DC002B02D042
:2045E000012B04D00BE0804B01221A7038E07E4B02221A7034E07C4B00221A7030E07A4B6D
:2046000000221A702CE0784B1B787B73764B1B780133DAB2744B1A707B7B032B16D1724B79
:204620001B78042B12D1BB7B83F00103DBB2002B0CD02C20FCF71AFE034683F00103DBB2F0
:20464000002B0DD02B20FCF7C7FD09E0664B1B78042B05D9644B00221A702B20FCF7E0FDA0
:204660001620FCF7B9FD1820FCF7DAFD5B4B1B8801339AB2594B1A80584B1B88B3F5FA7FEB
:2046800008D3564B00221A80534B01221A701720FCF7C6FD2B20FCF7E9FD0346002B03D03F
:2046A0001320FFF7A9FA02E01320FFF7F7F91620FCF7DCFD0346002B00F007814A4B1B781D
:2046C000002B02D11620FCF7ABFD474B1B78032B0BD10520FCF7CAFD034683F00103DBB2B0
:2046E000002B02D00E20FFF787FA3F4B1B78042B38D105F043F80346032B33D02820FCF7DE
:20470000B5FD0346002B12D01120FFF775FA1020FFF7C4F91220FFF7C1F90F20FFF7BEF95A
:204720001420FFF7BBF91320FFF7B8F91AE02820FCF79CFD034683F00103DBB2002B11D09A
:204740001020FFF759FA1120FFF7A8F91220FFF7A5F90F20FFF7A2F91420FFF79FF913209D
:20476000FFF79CF90320FBF77BFF0346002B08D01C4B1B780133DAB21A4B1A70174B0022A6
:204780001A80184B1B78952B5ED90320FCF748FD144B00221A701620FCF742FD124B1B78D4
:2047A000012B02D1012005F0F3FB0F4B1B78022B02D1012005F002FC0B4B1B78032B15D1F8
:2047C0000E20FFF76BF90520FCF706FD012005F0C9FB12E0C50E0020A00E0020A40E0020D7
:2047E0009E0E0020C60E0020AB0E0020394B1B78042B02D01B20FFF751F9364B1B78042B4A
:2048000063D11120FFF74AF91020FFF747F92820FCF72CFD0346002B03D02820FCF700FDB1
:204820000BE02820FCF722FD034683F00103DBB2002B02D02820FCF7CFFC2920FCF7CCFCDF
:20484000244B00221A7040E0234B1B78002B39D00320FCF7C1FC1F4B1B78032B03D10E20E8
:20486000FFF7CAF931E01B4B1B78042B26D12820FCF7FCFC0346002B08D004F07FFF034615
:20488000032B03D01120FFF7B7F90BE02820FCF7EDFC034683F00103DBB2002B02D01020B7
:2048A000FFF7AAF904F06AFF0346032B0DD10320FCF7B6FC084B00221A7006E01B20FFF7CF
:2048C0009BF902E00320FCF7ABFC00BF1037BD4680BD00BFAB0E0020C60E002080B500AFEF
:2048E0001620FCF7C3FC034683F00103DBB2002B67D00520FCF7BAFC034683F00103DBB206
:20490000002B5ED0354B1B78032B5AD00320FBF7A7FE0346012B02D1314B01221A70304B2D
:204920001B78002B0ED00320FBF79AFE0346002B08D12B4B00221A702A4B1B780133DAB2F7
:20494000284B1A70274B1B78002B05D0264B1B780133DAB2244B1A70224B1B78022B22D970
:204960002320FCF739FC1F4B1B78032B15D91F4B1B78002B03D01D4B1B78022B06D1022097
:20498000FFF73AF9194B02221A700CE0164B00221A700120FFF730F905E0134B00221A70B4
:2049A0000120FFF729F9104B1B78632B13D92320FCF736FC0C4B00221A700A4B00221A70EA
:2049C00009E0084B00221A702320FCF729FC064B00221A7000BF00BF80BD00BFAB0E002044
:2049E000C70E00209E0E0020C80E00209F0E002080B500AF2D20FCF739FC0346002B03D093
:204A00002520FFF7F9F802E02520FFF747F800BF80BDFFFF80B483B000AF0346FB71044AFB
:204A2000FB79137000BF0C37BD465DF8047B7047AC0E002080B400AF034B1B781846BD46F0
:204A40005DF8047B704700BFAC0E002080B483B000AF0346FB71044AFB79137000BF0C3720
:204A6000BD465DF8047B7047AB0E002080B500AF1620FCF7D5FB0320FCF7D2FB2B20FCF7D1
:204A8000CFFB154B00221A70144B00221A70144B00221A80134B1B78032B03D0114B1B7839
:204AA000042B02D10F4B00221A701B20FEF7F6FF0E20FEF7F3FF0D20FEF7F0FF1020FEF77E
:204AC000EDFF1120FEF7EAFF1220FEF7E7FF1320FEF7E4FF00BF80BD9E0E0020A00E00202D
:204AE000A40E0020AB0E002080B400AF034B1B781846BD465DF8047B704700BF9F0E0020CF
:204B000080B400AF034B1B781846BD465DF8047B704700BFA00E002080B500AF094B0022FE
:204B20001A70094B00221A70084B00221A702320FCF776FB0120FEF7B1FF0220FEF7AEFFBB
:204B400000BF80BD9F0E00209E0E0020A20E002080B500AF0820FCF763FB0920FCF760FB1C
:204B60000A20FCF75DFB0B20FCF75AFB064B00221A70064B00221A70054B00221A70054B07
:204B800000221A7000BF80BDA70E0020A80E0020A90E0020AA0E002080B500AF06220021E6
:204BA000044812F005FF06220021034812F000FF00BF80BDB00E0020B80E002080B500AF6A
:204BC000022200210C4812F0F3FE022200210B4812F0EEFE02220021094812F0E9FE022220
:204BE0000021084812F0E4FE02220021064812F0DFFE00BF80BD00BF940E0020960E0020AD
:204C0000980E00209A0E00209C0E002080B400AF034B00221A7000BFBD465DF8047B704712
:204C2000A60E002080B500AF5022FF21024812F0BFFE00BF80BD00BF380E002080B500AF1C
:204C400050220021024812F0B3FE00BF80BD00BF380E002080B500AF5023034A0221034891
:204C600000F00FFC00BF80BD380E0020E1080020B0B586B000AF264B3C1D1D460FCD0FC4A8
:204C80002B681A46228002341B0C23704023FB70012000F018FC4FF47A710A200EF0C6FF81
:204CA0003B79184600F0B7FB4FF47A710A200EF0BDFF3B79184600F0AEFB3B1D01330321D3
:204CC000184600F0C5FB3B1D04330F21184600F0BFFB502200210F4812F06AFEF81C502324
:204CE0000C4A012100F0CDFB4FF47A710A200EF09DFFC823FB70FB78184600F08CFB4FF4B1
:204D00007A710A200EF092FF00BF1837BD46B0BDC08F0200380E002080B500AF642010F052
:204D200041FE012000F0CFFB0A2010F03BFEC82000F071FB0A2010F035FE0520FCF770FAD3
:204D40000820FCF749FA00BF80BD80B500AF642010F028FEC02000F05EFB0A2010F022FEF8
:204D6000002000F0B0FB04F089FEFFF727FFFFF713FFFFF7EDFE00BF80BDFFFF80B582B097
:204D800000AF1923BB800023FB713F4B1B8801339AB23D4B1A803D4B1B78052B5FD801A26A
:204DA00052F823F0BD4D0100D94D0100F54D0100114E01002D4E0100494E0100FFF732FF86
:204DC000314B1B88BA889A4250D82F4B00221A802E4B01221A7049E0FFF730FF2A4B1B88AC
:204DE000BA889A4244D8284B00221A80274B02221A703DE0FFF716FF234B1B88BA889A42D3
:204E000038D8214B00221A80204B03221A7031E0FFF714FF1C4B1B88BA889A422CD81A4B95
:204E200000221A80194B04221A7025E0FFF7FAFE154B1B88BA889A4220D8134B00221A807C
:204E4000124B05221A7019E0FFF7F8FE0123FB710E4B00221A700C4B00221A800FE00B4B72
:204E600000221A70084B00221A8008E000BF06E000BF04E000BF02E000BF00E000BFFB79D4
:204E800018460837BD4680BDCA0E0020CC0E002080B586B000AF786039600023FB7507F12D
:204EA0000C0300221A605A601A819F233B7200237B720023BB720023FB7200214FF4867039
:204EC000FBF7B6FB07F10C0107F1080304221846FBF712FF0346FB7501214FF48670FBF79A
:204EE000A7FB7B7B1A04BB7B1B021343FA7B13431A46464B1A60454B1B689BB248F217026A
:204F0000934244D048F21702934271D844F21A0293421FD844F21102934269D3A3F5804364
:204F2000113B092B64D801A252F823F0E34F0100D54F0100C74F0100B94F0100AB4F010042
:204F40009D4F01008F4F01007F4F01006F4F01005F4F010047F21802934210D048E07B6835
:204F60000A221A703B684FF480621A6049E07B6809221A703B684FF400721A6041E07B68A2
:204F800008221A703B684FF480721A6039E07B6807221A703B6880221A6032E07B68062280
:204FA0001A703B6840221A602BE07B6805221A703B6820221A6024E07B6804221A703B68B0
:204FC00010221A601DE07B6803221A703B6808221A6016E07B6802221A703B6804221A6085
:204FE0000FE07B6801221A703B6802221A6008E07B6800221A703B6800221A600123FB75A7
:2050000000BFFB7D18461837BD4680BDD00E002080B588B000AF786007F1180300221A60CB
:205020001A7107F1080300221A605A609A609A814B233B7600214FF48670FBF7F9FA07F121
:20504000080107F118030D221846FBF755FE0346FB7701214FF48670FBF7EAFAFB7F002BD1
:2050600007D107F108030533082219467868FBF743FCFB7F18462037BD4680BD80B584B0AB
:2050800000AF03463960FB710123FB730023BB81FB79012B02D10523FB720DE0FB79022B8C
:2050A00002D13523FB7207E0FB79032B02D11523FB7201E0FB7B1AE000214FF48670FBF7BA
:2050C000B7FA07F10C0107F10B0302221846FBF713FE0346FB7301214FF48670FBF7A8FAE9
:2050E000FB7B002B02D17A7B3B681A70FB7B18461037BD4680BD80B582B000AF0023FB711A
:2051000006233B7100214FF48670FBF791FA3B1D01211846FBF794FD0346FB7101214FF46E
:205120008670FBF785FAFB7918460837BD4680BD80B582B000AF0023FB710423BB7100219E
:205140004FF48670FBF774FABB1D01211846FBF777FD0346FB7101214FF48670FBF768FA94
:20516000FB7918460837BD4680BD80B584B000AF03463960FB711346BB710023FB7307F16A
:20518000080300221A601A710123BB73BB79002B09D03B681A0EBB7B591CB973D2B21033EA
:2051A0003B4403F8082C3B681A0CBB7B591CB973D2B210333B4403F8082C3B681A0ABB7B2F
:2051C000591CB973D2B210333B4403F8082CBB7B5A1CBA733A68D2B210333B4403F8082CC9
:2051E00000214FF48670FBF723FAFB79032B1DD0032B27DC012B02D0022B0BD022E0C72394
:205200003B7207F1080301211846FBF719FD0346FB731BE0D8233B72BA7B07F1080311466D
:205220001846FBF70DFD0346FB730FE020233B72BA7B07F1080311461846FBF701FD034658
:20524000FB7303E0FB7B0133FB7300BF01214FF48670FBF7EDF9FB7B18461037BD4680BD98
:2052600080B584B000AF78600123FB730023BB810523FB7223E000214FF48670FBF7D8F998
:2052800007F10C0107F10B0302221846FBF734FD0346BB7301214FF48670FBF7C9F9BB7BA2
:2052A000002B02D17B7BFB7301E0BB7B13E04FF47A7101200EF0BAFC7B68013B7B60FB7B0F
:2052C00003F00103002B02D07B68002BD3D1FB7B03F00103DBB218461037BD4680BD80B514
:2052E00084B000AF786039600023FB7300214FF48670FBF79DF939687868FBF7A1FC03468E
:20530000FB7301214FF48670FBF792F9FB7B18461037BD4680BD80B586B000AFF860B96061
:205320007A603B600023BB750023FB7500214FF48670FBF77DF9B968F868FBF781FC034617
:20534000BB75012138680EF071FCBB7D002B05D139687868FBF7A2FC0346FB7501214FF488
:205360008670FBF765F9FB7D18461837BD4680BD80B584B000AF786039600023FB733868C8
:20538000FFF76EFFFFF7B7FE39687868FFF7A7FF0346FB733868FFF763FFFFF7C9FEFB7B00
:2053A00018461037BD4680BD80B584B000AF396011461A460346FB710B46BB711346BB80DA
:2053C0000023FB73FFF797FE03461A46FB7B1344FB73BB881846FFF743FF03461A46FB7BD5
:2053E0001344FB73BA79FB7939681846FFF7BDFE03461A46FB7B1344FB73BB881846FFF716
:205400002FFF03461A46FB7B1344FB73FB7B18461037BD4680BD80B582B000AF0346FB7154
:20542000002140F20B40FBF703F9FB1D01211846FBF7B0FB012140F20B40FBF7F9F84FF4E6
:205440007A7101200EF0F2FB00BF0837BD4680BD80B582B000AF78600B467B80002140F28A
:205460000B40FBF7E5F87B8819467868FBF792FB012140F20B40FBF7DBF800BF0837BD46EC
:2054800080BD80B584B000AFF8607A601A460B467B8113463B81002140F20B40FBF7C8F873
:2054A0007B891946F868FBF775FB3B8919467868FBF770FB012140F20B40FBF7B9F800BF66
:2054C0001037BD4680BD80B582B000AF0346FB71FB79002B03D10020FBF76AFA11E05A2026
:2054E000FBF766FA002140F20B40FBF7A1F84FF47A710A200EF09AFB012140F20B40FBF7B5
:2055000097F800BF0837BD4680BD80B582B000AF0346FB71FB791846FBF74AFA00BF0837ED
:20552000BD4680BD80B582B000AF0023FB7100F010F800F027F80346FB71FB79002B03D058
:2055400000F020F80346FB71FB7918460837BD4680BD80B500AF00214FF48670FBF768F8AD
:2055600001214FF48670FBF763F8012140F20330FBF75EF801214FF44170FBF759F800BF9C
:2055800080BDFFFF80B582B000AF0023FB71474B012283F82F2000233B603A46BB1D11463F
:2055A0001846FFF775FC0346002B07D03F4B002283F82F20FB790133DBB273E03B4BD3F88C
:2055C0001B30B3F5807F04D9384B012283F82E2003E0364B002283F82E20344B00225A72D1
:2055E000002242F001029A72304B0022DA73002242F010021A7400225A7400229A742B4BD4
:20560000D3F813301B01294AC2F81330274BD3F81330264AD2F80F2002FB03F3234AB2F8FD
:20562000092092B2B3FBF2F3204AC2F80B301F4BD3F80F301B011D4AC2F81F301B4BD3F8DA
:2056400013301A4AD2F80F2002FB03F39B0A174AC2F827301648FFF7DBFC03461A46FB7958
:205660001344FB7113490120FFF708FD03461A46FB791344FB7110490220FFF7FFFC03465A
:205680001A46FB791344FB710C490320FFF7F6FC03461A46FB791344FB71044B002283F847
:2056A0002F20FB7918460837BD4680BDD40E0020D50E0020FF0E0020000F0020010F0020B9
:2056C00080B584B000AF03463960FB711346BB800023FB7300BF0F4B93F82F30002BFAD146
:2056E0000C4B012283F82F200A4B93F82E20BB88F8793968FFF758FE03461A46FB7B134421
:20570000FB73044B002283F82F20FB7B18461037BD4680BDD40E002080B5CAB000AF07F529
:205720009473A3F58E73186007F59473A3F59073196007F59473A3F592731A600023A7F85E
:205740002631032387F823314E4B93F82E30002B1ED0B7F826315A1CA7F826211A46022179
:2057600007F59473A3F58A73995407F59473A3F590731B68190EB7F826315A1CA7F82621FA
:205780001A46C9B207F59473A3F58A7399540BE0B7F826315A1CA7F826211A46022107F5DD
:2057A0009473A3F58A73995407F59473A3F590731B68190CB7F826315A1CA7F826211A4658
:2057C000C9B207F59473A3F58A73995407F59473A3F590731B68190AB7F826315A1CA7F86A
:2057E00026211A46C9B207F59473A3F58A739954B7F826315A1CA7F826211A4607F594733D
:20580000A3F590731B68D9B207F59473A3F58A7399540023A7F8243118E0B7F8243107F54B
:205820009472A2F58E7212681A44B7F82631591CA7F826111946127807F59473A3F58A7321
:205840005A54B7F824310133A7F82431B7F8243107F59472A2F5927212689A42DDD8B7F813
:20586000262107F1140311461846FFF781FD034687F8233197F82331184607F59477BD4642
:2058800080BD00BFD40E002080B5D0B000AF07F5A073A3F59A73186007F5A073A3F59C73C4
:2058A000196007F5A073A3F59E731A600023A7F83E31032387F83D31454B93F82E30002B55
:2058C0001ED0B7F83E315A1CA7F83E211A460B2107F5A073A3F59873995407F5A073A3F576
:2058E0009C731B68190EB7F83E315A1CA7F83E211A46C9B207F5A073A3F5987399540BE0F8
:20590000B7F83E315A1CA7F83E211A460B2107F5A073A3F59873995407F5A073A3F59C7314
:205920001B68190CB7F83E315A1CA7F83E211A46C9B207F5A073A3F59873995407F5A073A4
:20594000A3F59C731B68190AB7F83E315A1CA7F83E211A46C9B207F5A073A3F598739954EE
:20596000B7F83E315A1CA7F83E211A4607F5A073A3F59C731B68D9B207F5A073A3F59873BF
:205980009954B7F83E315A1CA7F83E211A4607F5A073A3F5987300219954B7F83E1107F56E
:2059A000A073A3F59E7307F5A072A2F59A7207F110001B681268FFF7AEFC034687F83D319F
:2059C00097F83D31184607F5A077BD4680BD00BFD40E002080B582B000AF0023FB714FF470
:2059E0007A7200210220FFF76BFE0346002B08D0FB790133FB711D4B1B8801339AB21B4BC8
:205A00001A800023BB8007E0BB88BA88D1B2184AD154BB880133BB80BB88B3F5805FF3D3D6
:205A200000237B8018E07B88114A134479884FF480721846FFF770FE0346002B08D0FB79E3
:205A40000133FB71094B5B8801339AB2074B5A807B8803F580737B807B88B3F5805FE2D39B
:205A6000FB7918460837BD4680BD00BF040F00200C0F002080B582B000AF0023FB710023E0
:205A8000BB8018E0BB88194A1344B9884FF480721846FFF7F9FE0346002B08D0FB79013321
:205AA000FB71134B9B8801339AB2114B9A80BB8803F58073BB80BB88B3F5805FE2D34FF4D8
:205AC00080520C490948FAF736FF0346002B08D0FB790133FB71064BDB8801339AB2044B45
:205AE000DA80FB7918460837BD4680BD0C1F0020040F00200C0F002080B584B000AF786052
:205B00000023FB734FF47A7279680320FFF7D8FD0346002B08D0FB7B0133FB73054B1B889F
:205B200001339AB2034B1A80FB7B18461037BD4680BD00BF040F002080B588B000AFF8603C
:205B4000B9607A600023FB770023BB617B68C3F1FF1303F57F43FA689A4220D9012323E0BD
:205B60007A68BB69D31A7B617B69B3F5807F28BF4FF480733B61BA68BB69D018FA68BB695E
:205B800013443A691946FFF7C7FD0346002B02D00123FB7707E0BA693B691344BB61BA69D2
:205BA0007B689A42DCD3FB7F18462037BD4680BD80B588B000AFF860B9607A6000237B768D
:205BC0000023FB820023FB8300237B777B68C3F1FF1303F57F43FA689A4204D97B7E0133C4
:205BE0007B767B7E3FE07B681B0AFB827B68DBB2002B01D07B687B7700237B8319E0FB8B36
:205C0000BA68D018FA8BFB6813444FF480721946FFF73AFE0346002B04D07B7E01337B7613
:205C20007B7E20E0FB8B03F58073FB837B8B01337B837A8BFB8A9A42E1D37B7F002B11D024
:205C4000FB8BBA68D018FA8BFB6813447A7F1946FFF71AFE0346002B04D07B7E01337B76A9
:205C60007B7E00E07B7E18462037BD4680BDFFFF80B584B000AF786039600023FB73002322
:205C8000BB7317E07868FFF737FF0346002B04D17B6803F580537B600AE00123BB73FB7B4F
:205CA0000133FB73094B5B8801339AB2074B5A80FBF732FA7A683B689A4202D2BB7B002BAB
:205CC000E0D0FB7B18461037BD4680BD040F002080B483B000AF0346FB7197F90730002BC9
:205CE0000BDBFB7903F01F02074997F907305B09012000FA02F241F8232000BF0C37BD462B
:205D00005DF8047B704700BF00E100E080B483B000AF03463960FB7197F90730002B0ADB3D
:205D20003B68DAB20C4997F907301201D2B20B4483F800230AE03B68DAB20849FB7903F0C3
:205D40000F03043B1201D2B20B441A7600BF0C37BD465DF8047B704700E100E000ED00E05E
:205D600080B582B000AF0C211620FFF7CFFF1620FFF7AEFF0D490E480AF09AFB78607B6817
:205D8000002B01D07B680CE009480AF0F7FB78607B68002B04D006480AF001FC7B6800E039
:205DA000002318460837BD4680BD00BFA4900200D845002080B483B000AF786000BF0C37C1
:205DC000BD465DF8047B704780B485B000AF0346FB710023FB73FB79013B052B2AD801A252
:205DE00052F823F0FD5D0100055E01000D5E01001D5E0100255E01002D5E0100114BDB7ADE
:205E0000FB7317E00F4B1B7BFB7313E00D4BB3F80D309BB2DBB26C3BFB730BE0094B1B7AC9
:205E2000FB7307E0074B5B7AFB7303E0054B9B7AFB7300BFFB7B18461437BD465DF8047B0D
:205E4000704700BF0C2F002080B483B000AF03460A46FB711346BB71FB79013B052B2CD8ED
:205E600001A252F823F000BF815E0100895E0100915E0100A35E0100AB5E0100B35E01008D
:205E8000114ABB79D37218E00F4ABB79137314E0BB799BB203F26C739AB20B4BA3F80D2070
:205EA0000BE0094ABB79137207E0074ABB79537203E0054ABB79937200BF00BF0C37BD468B
:205EC0005DF8047B704700BF0C2F002080B500AF124BDB7BFF2B15D0104BDB7B012B03D1C6
:205EE0002820FBF779F916E00C4BDB7B002B03D12820FBF795F90EE02820FBF76DF900F00E
:205F00000FF808E0054BDB7BFF2B04D12820FBF763F900F005F800BF80BD00BF0C2F002054
:205F200080B500AF2820FBF7A1F903461A46024BDA7300BF80BD00BF0C2F002080B483B0E9
:205F400000AF7860044A7B68136000BF0C37BD465DF8047B704700BF0C2F002080B483B005
:205F600000AF03460A46FB711346BB80FB79012B02D0022B04D007E0064ABB88938003E0F6
:205F8000044ABB88D38000BF00BF0C37BD465DF8047B70470C2F002080B582B000AF052335
:205FA000FB714FF4806205490548FAF75DFC0346FB71FB7918460837BD4680BD0C2F00200A
:205FC000C0FB070080B582B000AF0523FB710B4B3B600B493868FAF727FC0346FB71FB7933
:205FE000002B06D1802207493868FAF7B7FB0346FB71FB7918460837BD4680BDC0FB0700A2
:2060000040FC07000C2F002080B500AF1748FAF789FD164BDB68DBB219460120FFF714FF6E
:20602000124B1B69DBB219460220FFF70DFF0F4B5B69DBB219460320FFF706FF0B4B9B68EE
:20604000DBB219460420FFF7FFFE084B5B68DBB219460520FFF7F8FE044B1B68DBB219466C
:206060000620FFF7F1FE00BF80BD00BF8C2F002090B583B000AF0446084611461A462346A0
:20608000FB710346BB710B467B7113463B71FB79FF2B42D0FB79002B3FD0FB791F2B3CD8AD
:2060A000FB79002B39D0BB79FF2B38D0BB79002B35D0BB790C2B32D8BB79002B2FD07B79A7
:2060C000FF2B2ED07B79002B2BD03B79FF2B2AD03B79172B27D83B7EFF2B26D03B7E3B2BB9
:2060E00023D83B7FFF2B22D03B7F3B2B1FD8FB79114AD360BB79104A13617B790E4A5361B4
:206100003B790D4A93603B7E0B4A53603B7F0A4A13600948FAF7E2FC0AE000BF08E000BFCF
:2061200006E000BF04E000BF02E000BF00E000BF0C37BD4690BD00BF8C2F002080B483B043
:2061400000AF0023FB71174B9B680C2B08DD154B9B68DBB20C3BFB71134B01221A7019E0D9
:20616000104B9B68002B05D10C23FB710E4B00221A700FE00B4B9B680C2B05D10C23FB7130
:20618000094B01221A7005E0064B9B68FB71064B00221A70FB7918460C37BD465DF8047B70
:2061A000704700BF8C2F0020B02F002080B400AF034B9B68DBB21846BD465DF8047B7047E2
:2061C0008C2F002080B400AF034B5B68DBB21846BD465DF8047B70478C2F002080B400AFB9
:2061E000034B1B781846BD465DF8047B704700BFB02F0020FFFFFFFF80B500AFC24B1B7894
:20620000002B40F0CB8103F09DFB034607EE903AF8EEE77ABD4BC3ED007ABC4BD3ED007A8A
:206220009FEDBB7AF4EEC77AF1EE10FA40F3B38103F0EEF90346022B40F0AD8103F06AFB24
:206240000346184611F076F8A7A3D3E9002311F0DBF802460B461046194611F0E7FA0346B2
:20626000AA4A936003F062FB0346184611F062F89FA3D3E9002311F0C7F802460B46104615
:20628000194611F0D3FA0346A04A5360A14B1B78002B07D1A04B4FF000021A609F4B4FF09A
:2062A00000021A60994B93ED017A984BD3ED027A67EE277A17EE900A11F04EF84FF0000247
:2062C000974B11F0A1F802460B46104619468AA3D3E9002311F0C2F902460B4610461946DE
:2062E00011F0A4FA07EE100A8B4BD3ED007A77EE277A894BC3ED007A844B1B68184611F02B
:206300002BF84FF00002864B11F07EF802460B46104619467AA3D3E9002311F09FF90246A6
:206320000B461046194611F081FA07EE100A7B4BD3ED007A77EE277A784BC3ED007A764B18
:20634000D3ED006A754B93ED007AC6EE877A754BC3ED007A734BD3ED007A9FED737AF4EE67
:20636000C77AF1EE10FA03DD6E4B704A1A600CE06C4BD3ED007A9FED6E7AF4EEC77AF1EED3
:2063800010FA02D5674B6B4A1A60624B1B78002B00F0EB80634BD3ED007A9FED677AF4EE3E
:2063A000C77AF1EE10FA03DB644B01221A70D4E05C4BD3ED007A9FED607AF4EEC77AF1EE7C
:2063C00010FA0DD5574BD3ED007A9FED5D7AF4EEC77AF1EE10FA03DB584B02221A70BCE0BB
:2063E000504BD3ED007A9FED567AF4EEC77AF1EE10FA0DD54B4BD3ED007A9FED527AF4EE74
:20640000C77AF1EE10FA03DB4C4B03221A70A4E0444BD3ED007A9FED4B7AF4EEC77AF1EE8E
:2064200010FA0DD53F4BD3ED007A9FED477AF4EEC77AF1EE10FA03DB404B04221A708CE0CE
:20644000384BD3ED007A9FED407AF4EEC77AF1EE10FA0DD5334BD3ED007A9FED3C7AF4EE6F
:20646000C77AF1EE10FA03DB344B05221A7074E02C4BD3ED007A9FED357AF4EEC77AF1EEA2
:2064800010FA0DD5274BD3ED007A9FED317AF4EEC77AF1EE10FA03DB284B06221A705CE0E2
:2064A000204BD3ED007A9FED2A7AF4EEC77AF1EE10FA0BD51B4BD3ED007AF5EEC07AF1EE7F
:2064C00010FA03DB1D4B07221A7046E0154BD3ED007AF5EEC07AF1EE10FA3BD5174B082257
:2064E0001A703AE0AFF30080FCA9F1D24D62503F7B14AE47E17A843F000000000020AC4082
:20650000AE47E17A1C5E1341C02F0020C82F002000009643BC2F0020B42F0020B82F002049
:206520000000D03FC42F002000008C4200008C4200008CC200008CC200005C42E508002056
:2065400000004C4200003C4200002C4200001C4200000C422D4B00221A7003F091F803462C
:20656000012B02D1294B08221A70294B1B785A1CD1B2274A1170002B06D0254B00221A70E5
:20658000244B00221A7009E0224B1B780133DAB2204B1A7002E01D4B00221A701E4B1B7850
:2065A000002B18D1194B1A781C4B1B789A4206D21A4B1B78013BDAB2184B1A700BE0134B2D
:2065C0001A78164B1B789A4205D9144B1B780133DAB2124B1A70104B1B785A1CD1B20E4AA3
:2065E0001170022B02D90C4B00221A700C4B1B785A1CD1B20A4A1170182B02D9084B0022C4
:206600001A70064B1B78184680BD00BFE5080020BD2F0020BC2F0020BF2F0020BE2F002073
:20662000C02F002080B400AF084BD3ED007AB2EE047A67EE877AFDEEE77A17EE903A1BB27F
:206640001846BD465DF8047B704700BFC42F002080B582B000AF0023FB7162B600BF00F010
:2066600037F80346002B02D0FB790133FB71FAF731FF0346002B02D0FB790133FB71FB79A2
:20668000002B12D1FAF748FD0D490E48FAF7C2FB0D48F9F7C1FE0D48FAF790FC002140F233
:2066A0000D10F9F7C5FF0FF001FAFAF735FD4FF47A714FF47A700DF0B9FA00BFF5E700BF87
:2066C000D17401009D7201001184010071AA010080B582B000AF0023FB71FAF7FDFC0346DA
:2066E0001A46FB791344FB71F9F790FF03461A46FB791344FB71002140F20620F9F798FFA4
:20670000002140F20310F9F793FF002140F20740F9F78EFF72B600BFFAF730F903461A46D0
:20672000FB791344FB715A20FAF742F903461A46FB791344FB71F9F71BFE03461A46FB7976
:206740001344FB71FAF71AFB03461A46FB791344FB71FAF761FA03461A46FB791344FB7164
:206760000020FAF79BFB03461A46FB791344FB71FAF7D2FCFAF7FAF903461A46FB7913447B
:20678000FB71FAF771F903461A46FB791344FB71F9F796FF03461A46FB791344FB71F9F7FD
:2067A00057FD03461A46FB791344FB71FFF7D8FAFAF7B2FC064B002B05D0054B0422194618
:2067C000044811F005F9FB7918460837BD4680BD98900200D42F002080B500AF05220021A4
:2067E0000C4811F0E5F80B4B00225A70094B00221A70084B00221A71064B00229A70054B58
:206800000022DA70044B01221A70044B00221A7000BF80BDE02F0020E6080020E52F0020A8
:2068200080B485B000AF03460A46FB711346BB710023FB73244B1B78FA799A4202D00123DE
:20684000FB7318E0FB79022B02D0032B08D012E01D4B9B78BA799A420AD00123FB7307E08A
:20686000194B9B78BA799A4204D00123FB7301E000BF00E000BFFB7B002B1BD0134B0122E0
:206880001A70114B1A78104B5A700F4B9A780E4BDA700D4AFB791370FB79022B02D0032B5D
:2068A00004D00BE0084ABB79937007E0064ABB79937003E0054B00221A7000BF00BF14377A
:2068C000BD465DF8047B7047E02F0020E52F002080B582B000AF78607B681B78072B5AD8FF
:2068E00001A252F823F000BF0969010011690100396901007169010019690100216901005F
:206900002969010031690100786800F013F943E0786800F051F93FE0786800F0BCFA3BE070
:20692000786800F0D6FA37E0786800F010FB33E0786800F047FB2FE0786800F08BF97B685A
:206940009B78022B0ED0022B10DC002B02D0012B04D00BE0786800F0A1F908E0786800F0F6
:20696000D8F904E0786800F0FFF900E000BF13E0786800F024FA7B689B78002B02D0012BFB
:2069800004D007E0786800F036FA03E0786800F061FA00BF00E000BF00BF0837BD4680BD92
:2069A00080B582B000AF78607B681B78072B54D801A252F823F000BFD9690100E1690100C8
:2069C000096A01003B6A0100E9690100F1690100F9690100016A0100786800F0D9F83DE062
:2069E000786800F0FEF839E0786800F05EFA35E0786800F080FA31E0786800F0B4FA2DE095
:206A0000786800F0FBFA29E07B689B78022B0ED0022B10DC002B02D0012B04D00BE07868C6
:206A200000F056F908E0786800F07DF904E0786800F0A4F900E000BF10E07B689B78002BE8
:206A400002D0012B04D007E0786800F0DEF903E0786800F00BFA00BF00E000BF00BF0837C2
:206A6000BD4680BD80B582B000AF78607B685B78072B5AD801A252F823F000BF9D6A010007
:206A8000A56A0100CD6A0100056B0100AD6A0100B56A0100BD6A0100C56A0100786800F0DD
:206AA00081F843E0786800F0CBF83FE0786800F006FA3BE0786800F03FFA37E0786800F0AD
:206AC00076FA33E0786800F0D9FA2FE07B68DB78022B0ED0022B10DC002B02D0012B04D02A
:206AE0000BE0786800F00BF908E0786800F032F904E0786800F059F900E000BF786800F07F
:206B0000C3F813E07B68DB78002B02D0012B04D007E0786800F094F903E0786800F0B1F9F3
:206B200000BF786800F05DF900E000BF00BF0837BD4680BD80B582B000AF78607B680022A0
:206B40001A71104B00221A700520FAF769FB012003F06AFAFEF7F9F8FDF788FF0A4B1B7868
:206B6000002B05D0094B1B780133DAB2074B1A700820FCF793FF1920FCF790FF00BF08372C
:206B8000BD4680BDAB0E0020AD0E0020AE0E002080B483B000AF786000BF0C37BD465DF8DD
:206BA000047B704780B582B000AF7860FEF7B4F800BF0837BD4680BD80B582B000AF7860E4
:206BC000FDF7FCFFFDF7E8FF0520FAF729FB002003F0C8F9002003F027FA00BF0837BD46A8
:206BE00080BD80B582B000AF78607B681B79642B0CD80B23062101221846FAF72DFE7B68AB
:206C00001B790133DAB27B681A7116E04423002100221846FAF720FE44230121012218469B
:206C2000FAF71AFE02F0B8FD0120FCF74FFA0720FCF734FF0920FCF731FF0837BD4680BD2F
:206C400080B483B000AF786000BF0C37BD465DF8047B704780B582B000AF7860094B1B78E1
:206C6000032B0BD1074B00221A700520FAF7D8FA002003F077F9002003F0D6F900BF0837C1
:206C8000BD4680BDAB0E002080B483B000AF786000BF0C37BD465DF8047B704780B582B0F6
:206CA00000AF7860094B1B78032B0BD1074B00221A700520FAF7B4FA002003F053F900201B
:206CC00003F0B2F900BF0837BD4680BDAB0E002080B582B000AF7860442300210122184608
:206CE000FAF7BAFD4423012100221846FAF7B4FD0220FCF7EBF900BF0837BD4680BD80B4D6
:206D000083B000AF786000BF0C37BD465DF8047B704780B483B000AF786000BF0C37BD4636
:206D20005DF8047B704780B582B000AF78604423002101221846FAF78FFD0320FCF7C6F97F
:206D40004423012100221846FAF786FD00BF0837BD4680BD80B483B000AF786000BF0C3788
:206D6000BD465DF8047B704780B483B000AF786000BF0C37BD465DF8047B704780B582B0A0
:206D800000AF78604423002101221846FAF764FD0420FCF79BF94423012100221846FAF76C
:206DA0005BFD00BF0837BD4680BD80B483B000AF786000BF0C37BD465DF8047B704780B58A
:206DC00082B000AF7860FDF7F9FEFDF7E5FE0520FAF726FA002003F027F900BF0837BD46CE
:206DE00080BD80B483B000AF786000BF0C37BD465DF8047B704780B483B000AF786000BF2B
:206E00000C37BD465DF8047B704780B582B000AF78607B681B79642B0CD80B230621012251
:206E20001846FAF719FD7B681B790133DAB27B681A7102E00820FCF785FC0837BD4680BD4B
:206E400080B483B000AF786000BF0C37BD465DF8047B704780B582B000AF7860FDF7AEFE26
:206E6000FDF79AFE00BF0837BD4680BD80B582B000AF78600520FCF765FC00BF0837BD46E0
:206E800080BD80B483B000AF786000BF0C37BD465DF8047B704780B483B000AF786000BF8A
:206EA0000C37BD465DF8047B704780B582B000AF7860FDF7B7FE00BF0837BD4680BD80B4F8
:206EC00083B000AF786000BF0C37BD465DF8047B704780B582B000AF7860FDF75DFEFDF737
:206EE0006DFE0520FAF79CF9002003F03BF800BF0837BD4680BDB0B582B000AF78600820B2
:206F0000FCF77AFE0B23072101221846FAF7A4FCFFF714F903461C46FFF754F903461D4601
:206F2000FFF75CF903461A4629462046FAF7CCFD00BF0837BD46B0BD80B582B000AF786072
:206F40000820FCF7ABFD00BF0837BD4680BD80B582B000AF7860FDF71FFEFDF72FFE00BF51
:206F60000837BD4680BDB0B582B000AF78600820FCF794FD0920FCF73FFE0B2307210122F6
:206F80001846FAF769FCFFF7D9F803461C46FFF719F903461D46FFF721F903461A462946EF
:206FA0002046FAF791FD00BF0837BD46B0BD80B582B000AF78600920FCF770FD00BF083709
:206FC000BD4680BD80B582B000AF78607B6800221A71084B00221A70FDF7B7FE0520FAF735
:206FE0001FF9FDF743FD044B00221A7000BF0837BD4680BDAB0E0020E62F002080B582B097
:2070000000AF786002F0ACFC0346012B2AD10420F9F726FB0346002B05D10320F9F720FB32
:207020000346002B0BD0144B1B7883F00103DBB2002B04D0FDF770FE0F4B01221A700E4B4A
:207040001B78002B08D0FDF799FE0346012B0ED1094B00221A700AE0074B00221A70FDF7DF
:2070600074FE04E0044B00221A70FDF76EFE00BF0837BD4680BD00BFE62F002080B582B0C6
:2070800000AF7860FDF748FE034B00221A7000BF0837BD4680BD00BFE62F0020B0B584B06A
:2070A00000AF0346FB717A4B1B78FB730023BB73FB790A2B40D801A252F823F0E97001003A
:2070C000EF700100F5700100FF700100097101001D710100277101002D71010013710100B3
:2070E00039710100337101000023FB7327E00123FB7324E00223FB730023BB731FE002230A
:20710000FB730123BB731AE00223FB730223BB7315E00323FB730023BB7310E00323FB7371
:207120000123BB730BE00423FB7308E00523FB7305E00623FB7302E00023FB7300BF04202D
:20714000FAF794F80346002B1ED02720FAF78EF80346002B18D005F0EBFC0346002B13D102
:207160001F20FAF783F8034683F00103DBB2002B0AD02E20FAF77AF8034683F00103DBB214
:20718000002B01D00723FB73FB7B052B02D0FB7B062B01D1FDF73AFDBA7BFB7B11461846DF
:2071A000FFF73EFBFDF74AFD3A4B1B78002B02D03748FFF757FC384B1B78002B03D1354BF3
:2071C0001B78002B05D03248FFF782FB324B00221A702F48FFF7E4FB0520F9F741FA034621
:2071E000002B03D00020F9F7F7FF02E00020FAF717F80720F9F734FA0346002B03D00120DC
:20720000F9F7EAFF02E00120FAF70AF80620F9F727FA0346002B03D00220F9F7DDFF02E051
:207220000220F9F7FDFFFAF76BFA194B1B78052B28D0174B1B78072B24D0154B1B78002B92
:2072400020D0134B1B79632B1CD9114B1B78032B08D002F04DFA0346002B03D1FB79184681
:20726000FDF748F94F24042504F050F903461A4629462046FAF7F0FAFDF7BAFBFDF72EFBE1
:20728000FBF778F8FDF7E6FC00BF1037BD46B0BDE02F0020E52F0020E608002080B582B068
:2072A00000AF0023BB7100237B7100233B7102F037F90346FB710123BB717C4B5B68002B16
:2072C00006D07A4B5868B91D002300220DF028FD01233B71764B5B68002B06D0744B586842
:2072E000391D002300220DF01BFD724B1B780133DAB2704B1A706F4B1B78052B39D16D4B4A
:2073000000221A701C20F9F7B1FF0346002B11D11D20F9F7ABFF0346002B0BD12120F9F737
:20732000A5FF0346002B05D12020F9F79FFF0346002B1ED01F20F9F799FF034683F00103A8
:20734000DBB2002B15D02E20F9F790FF034683F00103DBB2002B0CD002233B71544B5B683C
:20736000002B06D0524B5868391D002300220DF0D7FC514B1B7883F00103DBB2002B2BD0EB
:207380004E4B1B889BB203F07F037F2B24D104237B714B4B5B68002B06D0494B5868791DF9
:2073A000002300220DF0BCFC05237B71444B5B68002B06D0424B5868791D002300220DF047
:2073C000AFFC3D4B01221A703C4B1B889BB223F07F039AB2394B1A803A4B1B78DBB2FA793F
:2073E0009A422BD0354B1B889BB203F07F037F2B24D104237B71324B5B68002B06D0304B63
:207400005868791D002300220DF08AFC05237B712B4B5B68002B06D0294B5868791D002313
:2074200000220DF07DFC274AFB791370234B1B889BB223F07F039AB2204B1A80224B1B7808
:207440000133DAB2204B1A701F4B1B78012B0FD91D4B00221A700223BB71144B5B68002BB4
:2074600006D0124B5868B91D002300220DF058FC164B1B780133DAB2144B1A70134B1B781F
:20748000132B0FD9114B00221A7003233B71084B5B68002B06D0064B5868391D0023002229
:2074A0000DF03EFC00BF0837BD4680BDE82F0020AC3500200730002006300020F42F00202F
:2074C000C8390020EA080020083000200930002080B582B000AF0023FB710023BB710423AD
:2074E0007B714E4B5B68002B06D04C4B5868791D002300220DF014FC0423BB71484B5B685B
:20750000002B06D0464B5868B91D002300220DF007FC444B1B780133DAB2424B1A70414B79
:207520001B78012B0FD93F4B00221A700523BB713B4B5B68002B06D0394B5868B91D002393
:2075400000220DF0EDFB384B1B780133DAB2364B1A70354B1B78042B1CD9334B00221A70E2
:207560000623BB712E4B5B68002B06D02C4B5868B91D002300220DF0D3FB0123FB712B4B56
:207580005B68002B06D0294B5868F91D002300220DF0C6FB264B1B780133DAB2244B1A701D
:2075A000234B1B780E2B35D9224B1B78DBB20133DAB2204B1A701E4B00221A7005237B7118
:2075C000164B5B68002B06D0144B5868791D002300220DF0A5FB0223FB71144B5B68002B11
:2075E00006D0124B5868F91D002300220DF098FB05F09EFA0346002B0CD10723BB71084B26
:207600005B68002B06D0064B5868B91D002300220DF086FB00BF0837BD4680BDE82F002087
:20762000AC3500200A3000200B300020C83900200C300020F62F002080B483B000AF7860E4
:2076400000BF0C37BD465DF8047B704780B584B000AF786000237B730023FB73F9F7CAFF4F
:207660003A4B5B6807F10D014FF0FF3218460DF00FFC0346012BF3D105F05AFA0346FB73AD
:207680007B7B013B042B5DD801A252F823F000BFA5760100B77601004577010031770100E5
:2076A0003B770100FEF7A8FD0346BB73BB7B1846FDF7B0F949E0F9F72FFD254B1B78DBB200
:2076C000132B05D9224B00221A70002005F020FA00F080FA1F4B1B781846FFF7DFFC1F2071
:2076E000F9F7C4FD0346002B0DD02E20F9F7BEFD034683F00103DBB2002B04D0002002F031
:20770000A9FC00F05FF82E20F9F7B0FD0346002B1AD01F20F9F7AAFD034683F00103DBB211
:20772000002B11D0002002F095FC00F0BBF80BE0FB7B184600F026F907E0FB7B184600F07E
:20774000A3F902E000BF8BE700BF89E7E82F0020F62F0020F72F002080B483B000AF03462A
:207760000A46FB711346BB71FB79002B0FD1BB79082B0CD8BB79012202FA03F39AB2104B0E
:207780001B889BB213439AB20D4B1A8012E0FB79012B0FD1BB79042B0CD8BB790933012219
:2077A00002FA03F39AB2064B1B889BB213439AB2034B1A8000BF0C37BD465DF8047B704730
:2077C000F42F002080B500AF0520F8F749FF0346002B07D0324B1B7843F02003DAB2304B6E
:2077E0001A7006E02E4B1B7823F02003DAB22C4B1A700620F8F734FF0346002B07D0284B44
:207800001B7843F04003DAB2254B1A7006E0244B1B7823F04003DAB2214B1A700720F8F703
:207820001FFF0346002B07D01D4B1B7863F07F03DAB21B4B1A7006E0194B1B7803F07F0341
:20784000DAB2174B1A700420F8F70AFF0346002B07D0134B5B7843F00103DAB2104B5A7030
:2078600006E00F4B5B7823F00103DAB20C4B5A700320F8F7F5FE0346002B07D0084B5B78BB
:2078800043F00203DAB2064B5A7006E0044B5B7823F00203DAB2024B5A7000BF80BD00BF8B
:2078A0001430002080B500AF0520F8F7D9FE0346002B07D0324B1B7843F02003DAB2304BDD
:2078C0001A7006E02E4B1B7823F02003DAB22C4B1A700620F8F7C4FE0346002B07D0284BD4
:2078E0001B7843F04003DAB2254B1A7006E0244B1B7823F04003DAB2214B1A700720F8F723
:20790000AFFE0346002B07D01D4B1B7863F07F03DAB21B4B1A7006E0194B1B7803F07F03D1
:20792000DAB2174B1A700420F8F79AFE0346002B07D0134B5B7843F00103DAB2104B5A70C0
:2079400006E00F4B5B7823F00103DAB20C4B5A700320F8F785FE0346002B07D0084B5B784A
:2079600043F00203DAB2064B5A7006E0044B5B7823F00203DAB2024B5A7000BF80BD00BFAA
:207980001C30002080B584B000AF0346FB71FEF73BFBFB79002B53D11620F9F767FC0346EE
:2079A000002B10D0FDF7ACF80346012B0BD11720F9F75CFC034683F00103DBB2002B02D00A
:2079C000FDF754F824E0FDF79BF80346012B0BD10520F9F74BFC0346002B05D0FDF746F8B4
:2079E0000520F9F71DFC13E0FDF78AF80346012B0ED12920F9F73AFC0346002B08D0292098
:207A0000F9F70EFCFEF78CFAFEF7DCFAFDF72EF8FDF76AF80346FB73FB7B012B02D0FB7B15
:207A2000022B2AD1174B1B785A1CD1B2154A1170052B22D9134B00221A70FDF76DF81CE0C6
:207A4000FB79022B19D10F4B1B780133DAB20D4B1A700C4B1B781D2B09D801F0E7FD0346DB
:207A6000012B04D001F044FE0346012B05D1054B00221A70002005F04BF800BF1037BD462B
:207A800080BD00BF0D30002080B584B000AF0346FB71FB79002B7BD11920F9F7E7FB034681
:207AA000002B10D0464B1B8801339AB2444B1A80434B1B88B3F5B45F05D31920F9F7B0FB46
:207AC0003F4B00221A801A20F9F7D0FB0346002B15D01920F9F7CAFB0346002B0FD01A2097
:207AE000F9F79EFBFEF790FAFEF76CFA1B20F9F773FBFEF767FB03461A46324B1A701A2049
:207B0000F9F7B4FB034683F00103DBB2002B26D01B20F9F7ABFB0346002B20D0FEF752FBE1
:207B20000346FB73274B1B78FA7B9A4205D3254B1B78FA7BD31ADBB206E0224B1B78FA7B13
:207B4000D31ADBB23C33DBB2BB73BB7B0E2B06D91B20F9F765FBFEF757FAFEF733FAF8F751
:207B6000A3FBF0EE407A184BC3ED007A164BD3ED007A9FED167AF4EEC77AF1EE10FA03DD9F
:207B80002420F9F729FB16E02420F9F749FB12E0FB79022B0FD10E4B1B780133DAB20C4BA9
:207BA0001A700B4B1B78012B05D9094B00221A70002004F0ADFF00BF1037BD4680BD00BF83
:207BC00000300020F82F0020FC2F0020000061C40E30002080B500AF04F0AAFF0346002B4B
:207BE00040F0CB801E20F9F741FB0346002B0AD0794B06221A70794B4FF416721A80784BF0
:207C000000221A70E5E02520F9F730FB0346002B00F09C802720F9F729FB034683F00103F8
:207C2000DBB2002B00F092806E4B1B7883F00103DBB2002B78D06C4B1B780133DAB26A4B08
:207C40001A706A4B1B78062B72D801A252F823F06D7C0100897C0100A57C0100C17C010087
:207C6000DD7C0100F97C0100157D01005A4B00221A705D4B1B78312B5CD95B4B00221A7032
:207C80005A4B01221A7055E0534B06221A70564B1B78182B50D9544B00221A70534B022260
:207CA0001A7049E04C4B00221A704F4B1B78182B44D94D4B00221A704C4B03221A703DE09A
:207CC000454B06221A70484B1B78182B38D9464B00221A70454B04221A7031E03E4B0022AF
:207CE0001A70414B1B78182B2CD93F4B00221A703E4B05221A7025E0374B06221A703A4B65
:207D00001B78182B20D9384B00221A70374B06221A7019E0304B00221A70324B01221A70E7
:207D20002720F9F759FA10E02B4B00221A7050E000BF4EE000BF4CE000BF4AE000BF48E0CF
:207D400000BF46E000BF44E000BF42E001F060FC03461A46204B1A70204B4FF416721A80BF
:207D60001F4B00221A70204B00221A701F4B00221A701C4B00221A702BE004F0D9FE03468E
:207D8000012B1DD1154B1B8801339AB2134B1A80124B1B88042B1CD9104B00221A80104BB8
:207DA0001B78142B02D90E4B00221A700A4B07221A700B4B1B780133DAB2094B1A7008E09A
:207DC00004F0B6FE0346022B03D1034B0A221A70FFE700BF80BD00BFF72F0020E8080020B6
:207DE0000230002005300020033000200430002080B483B000AF0346FB71044AFB79137025
:207E000000BF0C37BD465DF8047B7047F62F002080B400AF044B1B6807EE903AB0EE670A0A
:207E2000BD465DF8047B7047FC2F0020B0B588B002AF78607B681B6840F26B22934240F019
:207E400031827B681B7B9F2B58D09F2B00F32A827F2B00F01F827F2B00F324822F2B49DC9E
:207E6000102BC0F21F82103B1F2B00F21B8201A252F823F077820100A5820100A582010006
:207E8000A5820100A5820100A5820100A5820100A582010059820100A5820100A5820100EE
:207EA000A5820100A5820100A5820100A5820100A5820100A5820100A5820100AF7F01007B
:207EC0001D810100A5820100A5820100A5820100A5820100A5820100A5820100A5820100EB
:207EE000A5820100A5820100A5820100A5820100237F0100442B00F02D81D3E17B68587BC8
:207F00007B68997B7B68DC7B7B681D7C7B685B7C7A68927C019200932B462246FEF7A8F876
:207F2000C0E17B685B7B022B37D0022B38DC002B1AD0012B34D100214FF40270F8F778FBF4
:207F4000012140F20710F8F773FB40F6B8300DF029FD002140F20710F8F76AFB0122012115
:207F60002F2001F0EBFE21E001214FF40270F8F75FFB012140F20620F8F75AFB4FF47A70CC
:207F80000DF010FD002140F20620F8F751FB012200212F2001F0D2FE08E001F08BFF05E087
:207FA000002212212F2001F0C9FE00BF7AE17B685B7B013B052B00F2A98001A252F823F00B
:207FC000D97F01000D810100EF800100F5800100FD800100058101007B689B7BBB757B68C2
:207FE0000F333B61BB7D102B20D13B691B781AB23B6901331B781BB21B021BB213431BB2F7
:208000009AB2AA4B1A823B6902331A78A74B9A743B6903331A78A54BDA743B6904331A7801
:20802000A24B1A75A24B01221A7034E0BB7D202B1DD13B691A789D4B5A753B6901331B784D
:208040001A463B6902331B781B021A433B6903331B781B041A433B6904331B781B0613430C
:20806000924AC2F81630924B01225A7013E0BB7D302B10D13B691B781AB23B6901331B7885
:208080001BB21B021BB213431BB29AB2874B5A83874B01229A70864B1B78002B3CD0844BA2
:2080A0005B78002B38D0824B9B78002B34D0804B00229A707E4B9A787D4B5A707C4B5A78AE
:2080C0007B4B1A70FDF7A0FFFDF77CFF0346FB73FB7B002B05D101220121222001F02EFE7C
:2080E0001AE000221021222001F028FE14E001F0B5FE12E01C20F9F76FF80EE02020F9F79F
:208100006BF80AE02120F9F767F806E000221221222001F013FE00E000BFC3E07B685B7B08
:20812000022B10D1FDF738FF0346FB75FB7D002B03D11D20F9F750F80BE0002210212320E0
:2081400001F0FCFD05E000221221222001F0F6FD00BFA7E07B685B7B032B76D801A252F86D
:2081600023F000BFAF81010075810100E3810100178201001F20F9F779F8034683F00103A6
:20818000DBB2002B0DD0082200214A480FF010FC00F0D2F8786803F053FF1F20F9F71CF840
:2081A00059E000221021222001F0C8FD53E01F20F9F736F801F064FF0346012B08D101F018
:2081C0006DFF03461D2B03D9002001F043FF02E0012001F03FFF0822002136480FF0E8FB96
:2081E00039E02E20F9F742F8034683F00103DBB2002B0AD0082200212F480FF0D9FB00F017
:208200009BF82E20F8F7E8FF25E000221021222001F094FD1FE02E20F9F702F801F030FF34
:208220000346012B08D101F039FF03461D2B03D9002001F00FFF02E0012001F00BFF082213
:2082400000211D480FF0B4FB05E000221221222001F074FD00BF25E07B685B7B002B03D190
:208260001E20F8F7B9FF05E000221221222001F065FD00BF16E07B685B7B002B03D11E209F
:20828000F8F7CEFF05E000221221222001F056FD00BF07E07B685B7B012B02D100F086F896
:2082A00000BF00BF00BF1837BD46B0BD0C2F002010300020143000201C30002080B582B0D0
:2082C00000AF0023FB71FDF785FB03461A46FB791344FB71FDF7CEFB03461A46FB791344DB
:2082E000FB71FB79002B0FD1114B1B7843F00103DAB20F4B1A700F4B1B7843F00103DAB24D
:208300000C4B1A7001230EE0094B1B7823F00103DAB2074B1A70074B1B7823F00103DAB27C
:20832000044B1A70002318460837BD4680BD00BF143000201C30002080B500AFFFF7BEFF3E
:2083400003F008F90346012B0ED1164B1B7843F00403DAB2134B1A70134B1B7843F0040308
:20836000DAB2114B1A700DE00E4B1B7823F00403DAB20C4B1A700C4B1B7823F00403DAB29B
:20838000094B1A70074B1B7843F00803DAB2054B1A70054B1B7843F00803DAB2024B1A70F2
:2083A00000BF80BD143000201C30002080B500AF012201217F2001F0C1FC64200DF0F2FA0E
:2083C000FCF7C3FC012140F20740F8F731F9012140F20620F8F72CF9012140F20720F8F73F
:2083E00027F9012140F20D10F8F722F901214FF48060F8F71DF90449044807F025FB03489D
:2084000007F040FB00BF80BD489102003846002080B584B000AF78600023FB607B68002B39
:2084200030D01A4B5B68002B2CD07B681B6840F2FA7293420BD07B681B6840F2FB7293425F
:2084400005D07B681B6840F2C172934202D1002004F07AFB0D4B586807F10C020023796829
:208460000CF05EFC0020F7F7EDFFFB68002B09D0074B4FF080525A60BFF34F8F00BFBFF327
:208480006F8F00BF00BF1037BD4680BD2830002000ED00E080B588B000AF786007F10C0399
:2084A00000221A605A609A60DA601A614FF4AE6200216A480FF07CFA694B5B6807F10C01A0
:2084C0004FF0FF3218460CF0E3FC0346012BF3D101F0FEFAFB6840F2FD72934200F26B8714
:2084E00040F2F37293424AD240F2C272934200F03A8740F2C272934200F25D8740F2C17292
:20850000934200F08F8440F2C172934200F2538740F24172934200F0B28440F241729342E3
:2085200000F2498740F22372934200F24487B3F5E06F43D240F26662934200F0738440F22C
:208540006662934200F2378740F20442934200F00A8740F20442934200F22D8740F28B321E
:20856000934200F00087B3F5637F80F02487752B00F2CC83202B80F0158300F01CBFA3F276
:20858000F3730A2B00F2178701A252F823F000BF67930100B7930100B79301006793010065
:2085A000B7930100B7930100B7930100258E0100258E0100B793010097930100A3F5E06321
:2085C000232B00F2F88601A252F823F0378E01004F8E0100C78E0100B7930100B79301004D
:2085E000AF8E0100B7930100B7930100B7930100B7930100B7930100B7930100B793010030
:20860000B7930100B7930100B7930100B7930100B7930100B7930100B7930100B793010002
:20862000B7930100B7930100B7930100B7930100B7930100B7930100B7930100B7930100E2
:20864000B7930100B7930100B7930100B7930100B7930100B7930100678E010034300020DE
:2086600028300020A3F24113B3F5A57F00F2A38601A252F823F000BFA78F010055930100D3
:20868000B793010093910100A3910100B78F0100B3910100C78F0100B7930100379001003F
:2086A000B7930100C391010043930100B7930100B7930100058E0100B7930100B793010083
:2086C000B7930100B7930100B7930100B7930100B7930100B7930100B7930100B793010042
:2086E000B7930100B7930100B7930100B7930100B7930100B7930100B7930100B793010022
:20870000B7930100B7930100B7930100B7930100B7930100B7930100B7930100B793010001
:20872000B7930100B7930100B7930100B7930100B7930100B7930100B7930100B7930100E1
:20874000B7930100B7930100B7930100B7930100B7930100B7930100B7930100B7930100C1
:20876000B7930100B7930100B7930100B7930100B7930100B7930100B7930100B7930100A1
:20878000B7930100B7930100B7930100B7930100B7930100B7930100B7930100B793010081
:2087A000B7930100B7930100B7930100B7930100B7930100B7930100B7930100B793010061
:2087C000B7930100B7930100B7930100B7930100B7930100B7930100B7930100B793010041
:2087E000B7930100B7930100B7930100B7930100B7930100B7930100B7930100B793010021
:20880000B7930100B7930100B7930100B7930100B7930100B7930100B7930100B793010000
:20882000B7930100B7930100B7930100B7930100B7930100B7930100B7930100B7930100E0
:20884000B7930100B7930100B7930100B7930100B7930100B7930100B7930100B7930100C0
:20886000B7930100B7930100B7930100B7930100B7930100B7930100B7930100B7930100A0
:20888000B7930100B7930100B7930100B7930100B7930100B7930100B7930100B793010080
:2088A000B7930100B7930100B7930100B7930100B7930100B7930100B7930100B793010060
:2088C000B7930100B7930100B7930100B7930100B7930100B7930100B7930100B793010040
:2088E000B7930100B7930100B7930100B7930100B7930100B7930100B7930100B793010020
:20890000B7930100B7930100B7930100B7930100B7930100B7930100B7930100B7930100FF
:20892000B7930100B7930100B7930100B7930100B7930100B7930100B7930100B7930100DF
:20894000B7930100B7930100B7930100B7930100B7930100B7930100B7930100B7930100BF
:20896000B7930100B7930100B7930100B7930100B7930100B7930100B7930100B79301009F
:20898000B7930100B7930100B7930100B7930100B7930100B7930100B7930100B79301007F
:2089A000B7930100B7930100B7930100B7930100B7930100B7930100B7930100B79301005F
:2089C000B7930100B7930100B7930100B7930100B7930100B7930100B7930100B79301003F
:2089E000B7930100B7930100B7930100B7930100B7930100B7930100B7930100B79301001F
:208A0000B7930100B7930100B7930100B7930100B7930100B7930100B7930100B7930100FE
:208A2000B7930100B7930100B7930100B7930100B7930100B7930100D3910100E78F010098
:208A4000E3910100F3910100B79301000392010053920100279001006392010073920100A1
:208A60008392010093920100A3920100B7930100B7930100B7930100978E0100F78F0100F6
:208A800007900100B392010017900100C3920100D3920100B7930100B7930100B7930100B3
:208AA000B793010013920100239201001F8D0100CD8D0100B793010021910100B7930100BE
:208AC000B7930100B7930100B7930100B7930100B7930100B7930100B7930100B79301003E
:208AE000B7930100B7930100B7930100B7930100B7930100B7930100E3920100F3920100B8
:208B000003930100139301002393010033930100B7930100B793010043920100019101009A
:208B20008B930100B7930100F19001003191010041910100B7930100B7930100B7930100D2
:208B4000B7930100B7930100B7930100B7930100B7930100B7930100B7930100B7930100BD
:208B6000B7930100B7930100A1930100B7930100B7930100B7930100B7930100B7930100B3
:208B8000B7930100B7930100B7930100B7930100B7930100B7930100B7930100B79301007D
:208BA00067930100203B552B00F2058401A252F823F000BFDF8E0100B7930100B7930100A1
:208BC000B7930100B7930100B7930100B7930100B7930100B7930100B7930100B79301003D
:208BE000B7930100B7930100B7930100B7930100B7930100B79301000F8F0100F78E01008E
:208C0000278F01003F8F0100B793010033920100B7930100B7930100B7930100B793010091
:208C2000B7930100B7930100B7930100B7930100B7930100B7930100578F010051910100A8
:208C4000678F0100778F0100978F010073910100B793010011910100B7930100B793010066
:208C6000B7930100B7930100B7930100B7930100B7930100B7930100B7930100B79301009C
:208C8000B7930100B7930100B7930100B7930100B7930100B7930100B7930100B79301007C
:208CA000B7930100B7930100B7930100B7930100B7930100B7930100B7930100B79301005C
:208CC000B7930100B7930100B7930100B7930100B7930100B7930100B7930100B79301003C
:208CE000B7930100B7930100B7930100B7930100B7930100B7930100B7930100B79301001C
:208D0000B7930100B793010083910100B3F5237F80F05183B3F5A07F3FF6A4AC4BE3D14B84
:208D200001221A702520F8F77BFA0420F8F778FA2720F8F775FA07F10C030C3308221946E4
:208D4000C948F7F7D9FD07F10C0314221946C748F7F7D2FDC44B5B68C3F317031846FDF7E2
:208D6000EDF8C14B1B88C3F30D039BB219460120FDF7F4F8BC4B5B88C3F30D039BB2194690
:208D80000220FDF7EBF8022001F02EF90346012B09D1B54B5B88C3F30D039BB2002B02D15D
:208DA000002001F00BF9012001F01EF90346012B40F00383AC4B1B88C3F30D039BB2002B72
:208DC00040F0FB82002001F0E3F8F6E2A54B01221A702520F8F724FA0420F8F721FA2720BE
:208DE000F8F71EFA07F10C030C3308221946A048F7F782FD07F10C03142219469D48F7F7D9
:208E00007BFDDBE207F10C030C33082219469A48F7F772FD07F10C03142219469748F7F7A6
:208E20006BFDCBE20020FEF7E3FF07F10C03184603F02CFAC2E200210020FEF78DFC07F14D
:208E40000C03142219468E48F7F756FDB6E201210020FEF781FC07F10C031422194689489E
:208E6000F7F74AFDAAE203210020FEF775FC07F10C03142219468448F7F73EFD9EE2052150
:208E80000020FEF769FC07F10C03142219467F48F7F732FD92E206210020FEF75DFC07F1D7
:208EA0000C03142219467A48F7F726FD86E207210020FEF751FC07F10C03142219467548F0
:208EC000F7F71AFD7AE208210020FEF745FC07F10C03142219467048F7F70EFD6EE207F11D
:208EE0000C03142219466D48F7F706FD00210120FEF732FC62E207F10C0314221946684833
:208F0000F7F7FAFC01210120FEF726FC56E207F10C03142219466348F7F7EEFC0221012078
:208F2000FEF71AFC4AE207F10C03142219465E48F7F7E2FC03210120FEF70EFC3EE207F190
:208F40000C03142219465948F7F7D6FC04210120FEF702FC32E207F10C0314221946544887
:208F6000F7F7CAFC2AE207F10C03142219465148F7F7C2FC22E207F10C03142219464E481A
:208F8000F7F7BAFC07F10C030C33082219464B48F7F7B2FC12E207F10C031422194648480F
:208FA000F7F7AAFC0AE207F10C03142219464548F7F7A2FC02E207F10C0314221946424872
:208FC000F7F79AFCFAE107F10C03142219463F48F7F792FC07F10C030C33082219463C4840
:208FE000F7F78AFCEAE107F10C03142219463948F7F782FCE2E107F10C03142219463648CC
:20900000F7F77AFCDAE107F10C03142219463348F7F772FCD2E107F10C03142219463048F7
:20902000F7F76AFCCAE107F10C03142219462D48F7F762FCC2E107F10C03142219462A4823
:20904000F7F75AFC0822002128480EF0B1FCBB7C1A4607F10C030C3319462448F7F74CFC88
:20906000ACE100BF2530002034300020643400203C30002080310020443000207834002036
:209080008C340020A0340020C8340020F034002004350020183500202C35002040350020C0
:2090A00054350020683500207C350020903500207C30002090300020A43000206430002040
:2090C000B8300020CC300020E0300020F43000205C300020083100201C3100203031002005
:2090E00044310020583100206C3100206C30002007F10C0314221946B248F7F7FDFB5DE1FF
:2091000007F10C0314221946AF48F7F7F5FB55E107F10C0314221946AC48F7F7EDFB4DE114
:2091200007F10C0314221946A948F7F7E5FB45E107F10C0314221946A648F7F7DDFB3DE140
:2091400007F10C0314221946A348F7F7D5FB35E107F10C0314221946A048F7F7CDFBBB7C43
:209160001A4607F10C030C3319469D48F7F7C4FB24E107F10C03142219469A48F7F7BCFB30
:209180001CE107F10C03142219469748F7F7B4FB14E107F10C03142219469448F7F7ACFBB8
:2091A0000CE107F10C03142219469148F7F7A4FB04E107F10C03142219468E48F7F79CFBE4
:2091C000FCE007F10C03142219468B48F7F794FBF4E007F10C03142219468848F7F78CFB12
:2091E000ECE007F10C03142219468548F7F784FBE4E007F10C03142219468248F7F77CFB3E
:20920000DCE007F10C03142219467F48F7F774FBD4E007F10C03142219467C48F7F76CFB69
:20922000CCE007F10C03142219467948F7F764FBC4E007F10C03142219467648F7F75CFB95
:20924000BCE007F10C03142219467348F7F754FBB4E007F10C03142219467048F7F74CFBC1
:20926000ACE007F10C03142219466D48F7F744FBA4E007F10C03142219466A48F7F73CFBED
:209280009CE007F10C03142219466748F7F734FB94E007F10C03142219466448F7F72CFB19
:2092A0008CE007F10C03142219466148F7F724FB84E007F10C03142219465E48F7F71CFB45
:2092C0007CE007F10C03142219465B48F7F714FB74E007F10C03142219465848F7F70CFB71
:2092E0006CE007F10C03142219465548F7F704FB64E007F10C03142219465248F7F7FCFA9E
:209300005CE007F10C03142219464F48F7F7F4FA54E007F10C03142219464C48F7F7ECFACA
:209320004CE007F10C03142219464948F7F7E4FA44E007F10C03142219464648F7F7DCFAF6
:209340003CE007F10C030C33082219464248F7F7D3FA33E007F10C030C33082219463F4874
:20936000F7F7CAFA2AE003F0FFFB0346012B08D132200CF017FB07F10C03184602F0FAF94C
:209380001CE00020FEF734FD18E007F10C031846FEF74CFD12E03B7E1846FCF7B6F80DE059
:2093A00007F10C030C33082219462D48F7F7A4FA00F0F6FA02E000BF00E000BF00F096FB3C
:2093C000FFF77AB894310020A8310020BC310020D0310020E4310020F83100200C3200207D
:2093E000A43500202032002034320020483200205C320020703200208432002098320020B2
:20940000AC320020C0320020D4320020E8320020FC32002010330020243300203833002029
:209420004C3300206033002074330020883300209C330020B0330020C4330020D833002004
:20944000EC3300200034002014340020283400203C340020503400204C3000205430002021
:209460007430002080B500AF2A4B1B78DBB2002B06D0284B00221A70274B00221A7046E04B
:20948000254B1B780133DAB2234B1A70224B1B78012B3CD90420F7F7E9FE034683F0010317
:2094A000DBB2002B10D01D4B5B7B03F03C03DBB2002B09D02520F7F78FFE0420F7F78CFEB7
:2094C0002720F7F7ADFE15E00420F7F7CFFE034683F00103DBB2002B0CD0104B5B7B03F060
:2094E0003C03DBB2002B05D10420F7F775FE2720F7F772FE00F0ECFA4FF4AE6200210748DC
:209500000EF056FA00F0F2FA034B00221A7000BF80BD00BF253000202630002034300020FD
:2095200080B400AF054B93F82930C3F34303DBB21846BD465DF8047B704700BF343000205C
:2095400080B483B000AF0346FB71FB79002B05D1084B1B88C3F30D039BB204E0054B5B88AB
:20956000C3F30D039BB218460C37BD465DF8047B704700BF3430002080B400AF044B5B6871
:20958000C3F317031846BD465DF8047B704700BF3430002080B400AF034BDB791846BD46E6
:2095A0005DF8047B704700BF3430002080B400AF034B1B891846BD465DF8047B704700BF5D
:2095C0003430002080B400AF034B5B891846BD465DF8047B704700BF3430002080B400AFE0
:2095E000034B1B7B1846BD465DF8047B704700BF3430002080B400AF044B5B7BC3F3010396
:20960000DBB21846BD465DF8047B70473430002080B400AF044B5B7BC3F38303DBB218461E
:20962000BD465DF8047B70473430002080B400AF044B1B7CC3F30003DBB21846BD465DF853
:20964000047B70473430002080B400AF044B1B7CC3F34003DBB21846BD465DF8047B704715
:209660003430002080B400AF044B1B7CC3F38003DBB21846BD465DF8047B70473430002067
:2096800080B400AF044B1B7CC3F3C003DBB21846BD465DF8047B70473430002080B400AFA8
:2096A000044B1B7CC3F30013DBB21846BD465DF8047B70473430002080B400AF044B1B7C35
:2096C000C3F34013DBB21846BD465DF8047B70473430002080B400AF044B5B7CC3F30003C2
:2096E000DBB21846BD465DF8047B70473430002080B400AF044B5B7CC3F38003DBB2184640
:20970000BD465DF8047B70473430002080B400AF044B5B7CC3F3C003DBB21846BD465DF872
:20972000047B70473430002080B400AF044B5B7CC3F38013DBB21846BD465DF8047B7047A4
:209740003430002080B400AF044B5B7CC3F3C013DBB21846BD465DF8047B704734300020F6
:2097600080B400AF044B9B7CC3F30003DBB21846BD465DF8047B70473430002080B400AF07
:20978000044B9B7CC3F34203DBB21846BD465DF8047B70473430002080B400AF054B93F8AD
:2097A0002C30C3F30013DBB21846BD465DF8047B704700BF3430002080B582B000AF7860DA
:2097C0000B46FB7000F084F9FA7813469B0013449B004833064A1344142219467868F7F783
:2097E0008BF800F083F900BF0837BD4680BD00BF3430002080B582B000AF78600B46FB704F
:2098000000F066F9FA7813469B0013449B0003F5EC73064A1344142219467868F7F76CF8DC
:2098200000F064F900BF0837BD4680BD3430002080B582B000AF78600B46FB7000F048F93E
:20984000FA7813469B0013449B0003F58B63064A1344142219467868F7F74EF800F046F94B
:2098600000BF0837BD4680BD3430002080B582B000AF78600B46FB7000F02AF9FA7813469E
:209880009B0013449B0003F5A163074A13440433142219467868F7F72FF800F027F900BF07
:2098A0000837BD4680BD00BF3430002080B582B000AF78607B68002B0CD002210020FDF7D7
:2098C0004BFF00F005F9142279680448F7F714F800F00CF900BF0837BD4680BDB4340020B8
:2098E00080B582B000AF78607B68002B0CD004210020FDF731FF00F0EBF8142279680448F1
:20990000F6F7FAFF00F0F2F800BF0837BD4680BDDC34002080B400AF034B5B8B1846BD46A1
:209920005DF8047B704700BF3430002080B400AF034BB3F918301846BD465DF8047B704748
:209940003430002080B400AF044B5B8C43F30E031BB21846BD465DF8047B704734300020E6
:2099600080B483B000AF0D4B7B600123FB700223BB70FB787A6813441B7B7B707A78BB786D
:2099800042FA03F3DBB203F001033B703B7818460C37BD465DF8047B704700BFCC300020A9
:2099A00080B582B000AF094B7B607B681B887B807B88002B03D02D20F7F70EFC02E02D206C
:2099C000F7F72EFC00BF0837BD4680BD7430002080B400AF034B9B781846BD465DF8047BF4
:2099E000704700BFA435002080B485B000AF0346FB710023FB81FB79042B35D801A252F8EF
:209A000023F000BF199A0100279A0100359A0100439A01005B9A0100174B1B8EC3F309038D
:209A20009BB2FB8121E0144B1B6BC3F389239BB2FB811AE0104B5B8EC3F309139BB2FB8173
:209A400013E00D4B93F833209209D2B293F834309B0013439BB2FB8107E0074B5B6BC3F360
:209A600009239BB2FB8100E000BFFB8918461437BD465DF8047B70473430002080B500AF2F
:209A800000F026F80822002103480DF091FF00F02DF800BF80BD00BF6430002080B400AF2E
:209AA000034B93F83D301846BD465DF8047B70473430002080B400AF044B1B7CC3F38013DE
:209AC000DBB21846BD465DF8047B70473430002080B500AF044B9B684FF0FF3118460AF08C
:209AE000D7FF00BF80BD00BF2830002080B500AF034B9B6818460AF095FF00BF80BD00BF81
:209B00002830002080B586B000AF00233B7240F207737B600823BB7200237B723B1D0C335D
:209B2000082207491846F6F7E7FE3B1D19461820F6F758FC034618461837BD4680BD00BF56
:209B4000EC08002080B586B000AF00233B7240F229737B6000237B720323BB723B1D0C3364
:209B60000822002118460DF023FF0123BB743B1D0C33022206491846F6F7BEFE3B1D194602
:209B80001920F6F72FFC034618461837BD4680BDF408002080B586B000AF00233B724FF4F5
:209BA000A6737B6000237B720823BB723B1D0C33082207491846F6F79FFE3B1D19461A205F
:209BC000F6F710FC034618461837BD4680BD00BFBA35002080B584B000AF786007F1080395
:209BE00000221A605A6001F091FC034603F00103DAB23B7A62F300033B7201F09FFC034636
:209C000003F00103DAB23B7A62F382033B7201F0ADFC034603F00103DAB23B7A62F34103D1
:209C20003B7201F097FC034603F00703DAB23B7A62F347133B7201F0A5FC03467B7201F057
:209C400007FD0346C7F80A3001F00EFD034603F00103DAB2BB7B62F30003BB732820F7F704
:209C600005FB03461A46BB7B62F34103BB737B6800221A717B6840F26D221A607B6800228B
:209C80005A717B6808229A717B680C3307F1080108221846F6F730FE00BF1037BD4680BDD5
:209CA00080B586B000AF3B1D00221A605A609A60DA601A613B1D1846FFF78CFF3B1D19463F
:209CC0001A20F6F78FFB034618461837BD4680BD80B586B000AF154B1B68154A934220D17B
:209CE00000233B7240F22E437B6000237B720823BB723B1D0C3304220E491846F6F7FCFD56
:209D00003B1D103304220C491846F6F7F5FD3B1D19461920F6F766FB3822002103480DF0EF
:209D200047FE00BF1837BD4680BD00BFD00A0020EFBEADDED40A0020D80A002080B588B032
:209D400000AF0346FB710B46BB7113467B7100233B744FF41B73FB6000237B740823BB7473
:209D600007F10C030C330822002118460DF020FE7B79002B06D17F233B76FB797B76BB79F7
:209D8000BB7608E07B79012B05D1FB794033DBB23B76BB797B7607F10C0319461920F6F7DE
:209DA00021FB00BF2037BD4680BDFFFF80B586B000AF00233B7240F26F237B6000237B729A
:209DC0000823BB72074A07F110031068516803C33B1D19461B20F6F705FB00BF1837BD46E8
:209DE00080BD00BF1430002080B588B000AF00233B7240F26F237B6000237B720823BB7210
:209E0000FEF706F887ED070AD7ED077A9FED117A67EE877AFDEEE77A17EE903A7B837B8BF9
:209E2000DAB20D4B9A70B7F91A301B121BB2DAB2094BDA70084A07F110031068516803C3C2
:209E40003B1D19461B20F6F7CDFA00BF2037BD4680BD00BF0000C8421C30002080B586B066
:209E600000AF01F0EBFB786100233B714FF41B733B6000237B710823BB713B460C330822F8
:209E8000002118460DF094FD62233B7303237B733B460E330622796918460DF099FD3B4630
:209EA00019461B20F6F79EFA034618461837BD4680BDFFFF80B586B000AF00233B724FF422
:209EC0001B737B6000237B720823BB723B1D0C330822002118460DF06BFD6F233B740223A6
:209EE0007B74084A07F112031168196092889A803B1D19461B20F6F775FA00BF1837BD468F
:209F000080BD00BFF808002080B586B000AF00233B7140F2FF233B6000237B710823BB71E7
:209F20003B460C330822002118460DF041FDFAF781FD03463B73FCF775FB0346FB82FB8A69
:209F4000DBB27B73B7F916301B121BB2DBB2BB733B4619461B20F6F745FA00BF1837BD4683
:209F600080BDFFFF80B483B000AF0346FB71FB7903F00103D9B2054A937861F30003937031
:209F800000BF0C37BD465DF8047B7047B835002080B483B000AF0346FB71FB7903F00103EE
:209FA000D9B2054A937961F38203937100BF0C37BD465DF8047B7047B835002080B483B0DA
:209FC00000AF0346FB71FB7903F00103D9B2054A937961F3C303937100BF0C37BD465DF854
:209FE000047B7047B835002080B483B000AF0346FB71FB79012B05D10A4B9B79C3F380033B
:20A00000DBB209E0FB79022B05D1064B9B79C3F3C003DBB200E0032318460C37BD465DF8E9
:20A02000047B7047B835002080B483B000AF0346FB71FB7903F00103D9B2054A137861F3EE
:20A040000003137000BF0C37BD465DF8047B7047B835002080B483B000AF0346FB71FB799E
:20A0600083F00103D9B2054A137861F34103137000BF0C37BD465DF8047B7047B83500204C
:20A0800080B400AF044B1B78C3F30003DBB21846BD465DF8047B7047B835002080B400AFD9
:20A0A000034B1B781846BD465DF8047B704700BFCE350020FFFFFFFF90B59DB000AF7860DC
:20A0C000002387F85F30F7F73DF803461A46D04B1A70FFF7FDFDCF4B5B6807F15F014FF07A
:20A0E000FF3218460AF0D4FE0346012BF3D197F85F30013B062B00F2968401A252F823F035
:20A100001DA1010069A1010023A701008DA80100D7A8010027AA01000DAA010002F008FD73
:20A120000346002B40F08284BB4B1B7803F00203DBB2002B40F07A841F20F7F797F80346F9
:20A1400083F00103DBB2002B00F070842E20F7F78DF8034683F00103DBB2002B00F06684D9
:20A16000FFF7D2FE00F062BC1C20F7F77FF80346002B00F0FD8007F1480300221A605A60F0
:20A180009A60DA601A614FF000024FF00003C7E918234FF41B73BB64622387F85430042303
:20A1A00087F85530082387F84E309C4B1B78022B00F0BB80022B00F33C84002B03D0012B97
:20A1C0005AD000F036BC01F001FA51EC100B8EA3D3E900230DF018F902460B4610461946C3
:20A1E0000DF074FB02460B46C7E91823102387F8563097F8603087F85730D7E918014FF0FA
:20A2000000024FF00003020A42EA01620B0AD3B287F85830D7E918014FF000024FF0000362
:20A22000020C42EA01420B0CD3B287F85930D7E918014FF000024FF00003020E42EA012242
:20A240000B0ED3B287F85A30D7E918014FF000024FF000030A000023D3B287F85B3007F147
:20A26000480319461B20F6F7BDF86C4B1B780133DAB26A4B1A7053E201F0BAF951EC100BDD
:20A2800061A3D3E900230DF0BFF802460B46104619460DF01BFB02460B46C7E918232023FF
:20A2A00087F8563097F8603087F85730D7E918014FF000024FF00003020A42EA01620B0A68
:20A2C000D3B287F85830D7E918014FF000024FF00003020C42EA01420B0CD3B287F8593075
:20A2E000D7E918014FF000024FF00003020E42EA01220B0ED3B287F85A30D7E918014FF0E4
:20A3000000024FF000030A000023D3B287F85B3007F1480319461B20F6F764F83F4B1B78FA
:20A320000133DAB23D4B1A70FAE1302387F85630FF2387F8573001F031F9034687F8583085
:20A3400001F038F9034687F85930002387F85A30002387F85B3007F1480319461A20F6F768
:20A3600041F82E4B00221A701C20F6F759FFD7E11D20F6F77BFF0346002B00F0AB8007F11B
:20A38000340300221A605A609A60DA601A61002387F838304FF41B737B63002387F83930BD
:20A3A000082387F83A30632387F84030022387F841301B4B1B78022B59D0022B72DC002B0A
:20A3C00002D0012B30D06DE0102387F84230154B1B8A9BB2DBB287F84330124B1B8A9BB2EE
:20A3E0001B0A9BB2DBB287F844300E4B9B7C87F845300C4BDB7C87F846300A4B1B7D87F8F8
:20A4000047304FE0AFF3008000000000006AF840B4350020AC350020B8350020F83500206E
:20A42000F93500200C2F0020202387F84230A34B5B7D87F84330A14BD3F81630DBB287F87E
:20A4400044309E4BD3F816301B0ADBB287F845309A4BD3F816301B0CDBB287F84630974B67
:20A46000D3F816301B0EDBB287F847301AE0302387F84230914B5B8B9BB2DBB287F8433053
:20A480008E4B5B8B9BB21B0A9BB2DBB287F84430002387F84530002387F84630002387F8ED
:20A4A000473000BF07F1340319461A20F5F79AFF834B1B780133DAB2814B1A70804B1B7844
:20A4C000022B40F2B6827E4B00221A701D20F6F7A7FEAEE22020F6F7C9FE0346002B00F0B9
:20A4E000888007F1200300221A605A609A60DA601A6101F08FF8B866002387F824304FF465
:20A500001B733B62002387F82530082387F82630622387F82C30052387F82D30694B1B786E
:20A52000022B36D0022B4CDC002B02D0012B18D047E0102387F82E30BB6E1B7887F82F30B1
:20A54000BB6E5B7887F83030BB6E9B7887F83130BB6EDB7887F83230BB6E1B7987F8333008
:20A560002FE0202387F82E30BB6E5B7987F82F30BB6E9B7987F83030BB6EDB7987F8313058
:20A58000BB6E1B7A87F83230BB6E5B7A87F8333017E0302387F82E30BB6E9B7A87F82F30F9
:20A5A000BB6EDB7A87F83030BB6E1B7B87F83130BB6E5B7B87F83230BB6E9B7B87F833309E
:20A5C00000BF07F1200319461A20F5F70BFF3D4B1B780133DAB23B4B1A703A4B1B78022BE2
:20A5E00040F22782374B00221A702020F6F718FE1FE22120F6F73AFE0346002B00F01982A9
:20A6000007F10C0300221A605A609A60DA601A6101F00AF8F86600233B744FF41B73FB60DF
:20A6200000237B740823BB7462233B7606237B76254B1B78032B5BD801A252F823F000BF3B
:20A6400051A6010075A6010099A60100CDA601001023BB76FB6E1B78FB76FB6E5B783B7773
:20A66000FB6E9B787B77FB6EDB78BB77FB6E1B79FB773DE02023BB76FB6E5B79FB76FB6E67
:20A680009B793B77FB6EDB797B77FB6E1B7ABB77FB6E5B7AFB772BE03023BB76FB6E9B7A58
:20A6A000FB76FB6EDB7A3B77FB6E1B7B7B77FB6E5B7BBB77FB6E9B7BFB7719E00C2F002012
:20A6C000F9350020FA350020FB3500204023BB76FB6EDB7BFB76FB6E1B7C3B77FB6E5B7CD7
:20A6E0007B77FB6E9B7CBB77FB6EDB7CFB7700BF07F10C0319461A20F5F774FE8F4B1B785A
:20A700000133DAB28D4B1A708C4B1B78032B40F290818A4B00221A702120F6F781FD88E1A6
:20A7200087E102F005FA0346002B7FD1844B1B7803F00203DBB2002B78D11F20F6F796FDE2
:20A74000034683F00103DBB2002B6FD02E20F6F78DFD034683F00103DBB2002B66D00420AB
:20A76000F5F77EFF034603F00103D9B2744A937861F3410393700320F5F772FF034603F085
:20A780000103D9B26E4A937861F3820393700120FEF7D6FE0346C3F30D039AB2684BC2F3DE
:20A7A0000A014C01598801F01F010846214601435980D20A92B202F0070202F007001A79D6
:20A7C00022F00702114602460A431A71FEF7D4FE034623F07F425A4BD1B200200143D9712D
:20A7E000120A92B200210A431A810020FEF7A8FE0346C3F30D039AB2514BC2F30C01CC00B0
:20A80000998801F007010846214601439980520B92B202F0010202F001009A7922F001025B
:20A82000114602460A439A71FFF7B4F91F20F6F71DFD0346002B0FD002F07AF90346002B0C
:20A840000AD12E20F6F712FD034683F00103DBB2002B01D0FFF7AAFA2E20F6F707FD034668
:20A86000002B00F0E9801F20F6F700FD034683F00103DBB2002B00F0DF8002F059F90346D7
:20A88000002B40F0D980FFF7AFFAD5E002F050F90346002B40F0D380294B1B7803F002037F
:20A8A000DBB2002B40F0CB801F20F6F7DFFC034683F00103DBB2002B00F0C1802E20F6F77A
:20A8C000D5FC034683F00103DBB2002B00F0B780FFF7E6F9B3E01A4B1B7803F00103DBB224
:20A8E000002B31D0174B1B780133DAB2154B1A70144B1B781D2B07D9124B1E221A70104AF2
:20A90000137843F0020313700E4B1B78072B23D9FEF78CFE0346012B1ED1094A137823F003
:20A9200001031370064A137823F002031370054B00221A700020FAF789F80DE0FB3500204F
:20A94000B8350020CE350020414B00221A70414A137823F00203137002F0EAF80346002B96
:20A9600070D13C4B1B7803F00203DBB2002B69D11F20F6F77BFC034683F00103DBB2002B77
:20A9800060D02E20F6F772FC034683F00103DBB2002B57D0FFF7D6F8FFF7B4F82E4B40F22E
:20A9A00007721A602C4B00221A712B4B00225A71294B08229A710822002128480CF0F8FFC6
:20A9C000082227492548F5F797FF264B40F229721A60244B00221A71224B00225A71214B54
:20A9E00002229A71082200211F480CF0E1FF02221E491D48F5F780FF1A4B01229A7316484C
:20AA0000FEF754FF1748FEF76BFF1BE0FEF788FD0346002B19D002F08BF80346002B14D190
:20AA2000FEF720FD11E000BFFFF755BB00BFFFF752BB00BFFFF74FBB00BFFFF74CBB00BF52
:20AA4000FFF749BB00BFFFF746BB00BFFFF743BBCE350020B8350020D0350020DC3500200D
:20AA6000EC080020E4350020F0350020F408002080B582B000AF78600B467B805A4B1B78B6
:20AA8000042B00F29E8001A252F823F0A1AA0100B3AA010001AB010011AB010059AB01005E
:20AAA0007B681B78652B40F092804F4B01221A708DE07B681B78022B03D14C4B02229A715D
:20AAC0001AE07B681B78032B03D1484B03229A7112E07B681B78042B03D1444B04229A7116
:20AAE0000AE07B681B78052B03D1404B05229A7102E03E4B06229A713B4B02221A7069E01A
:20AB00007B681A783A4B1A70374B03221A7061E07B681A78374B1A70354B1B781AB2354B5F
:20AB20001B781BB21B021BB213431BB27B802F4A7B88A2F8C4327B8803337B807B88B3F5C2
:20AB40002F7F05D901237B80274B00221A7041E0254B04221A703DE07B88013B7A68134456
:20AB60001B78822B27D17B88033B7B807B88B3F52F7F1AD81D4BB3F8C4321A4679681E4866
:20AB80000CF026FF184B00221A7001237B801B4B5B68002B1DD0194B58680023002218495B
:20ABA0000AF0BEF8F6F758FA13E00F4B00221A7001237B800DE00C4B00221A7001237B807F
:20ABC00007E0094B00221A7001237B8002E000BF00E000BF7B881A4679680020F6F706FADE
:20ABE00000BF0837BD4680BDC139002008360020C2390020C33900200F360020FC350020B2
:20AC00000E36002090B5ADF53D7D02AF07F53A73A3F53973186007F53A73A3F533731846D4
:20AC20004FF430731A4600210CF0C2FE0023A7F8E6320023A7F8DE320023A7F8E43200234A
:20AC400087F8E332C64B5B6807F11C014FF0FF3218460AF01DF90346012BF3D107F53A73B7
:20AC6000A3F53373B3F8BE32042B08D907F53A73A3F53373B3F8BE32053BA7F8E43207F578
:20AC80003A73A3F533731B78023B032B00F2C38201A252F823F000BFA9AC010035AD01009C
:20ACA000B3AE010001B10100AE4B01225A70AE4B00221A70AD4B00221A702620F6F7B0FA73
:20ACC00000F0CEFB07F11C03013388221946A848F5F712FEA64800F01BFB0346002B00F023
:20ACE0009C821920F6F7C2FA034683F00103DBB2002B1CD09B4B93F810039A4B93F81113D8
:20AD0000984B93F81343974B93F81433954A92F815230192009323467D22FBF7A9F9FBF766
:20AD200073F91920F6F758FA1A20F6F755FA00F053FB72E2FEF77AFC0346012B02D100F084
:20AD4000C1FD72E20020FDF753F8874B00221A70012001F0F9FE07F53A73A3F53373B3F869
:20AD6000BE320D2B00F25B8207F53A73A3F5387300221A7107F53A73A3F533735B781A4629
:20AD800007F53A73A3F533739B781B021A4307F53A73A3F53373DB781B041A4307F53A73E0
:20ADA000A3F533731B791B0613431A4607F53A73A3F538731A6007F53A73A3F533735A79CA
:20ADC00007F53A73A3F538739A7107F53A73A3F5387300225A7107F53A73A3F538739B79A3
:20ADE0001A4607F11C03991D07F108030C331846F5F782FD07F53A73A3F538731B6840F27A
:20AE0000FA72934218D007F53A73A3F538731B6840F2FB7293420FD007F53A73A3F538735B
:20AE20001B6840F2C17293421BD107F53A73A3F538731B7B042B14D107F10803184601F081
:20AE400025FA07F53A73A3F538731B6840F2C172934218D107F1080319461820F5F7C2FAFF
:20AE600011E007F53A73A3F538731B6840F2C172934202D1012001F04BFE07F108031946A8
:20AE80001820F5F7AFFA07F53A73A3F538731B6840F2C172934240F0C28107F53A73A3F588
:20AEA00038731B7B002B40F0BA81022001F030FEB5E10020FCF79CFF2B4B00221A700120F3
:20AEC00001F026FE012001F03FFE07F53A73A3F533735B781A4607F53A73A3F533739B78FA
:20AEE0001B021A4307F53A73A3F53373DB781B041A4307F53A73A3F533731B791B06134330
:20AF00001A4607F53A73A3F538731A6007F53A73A3F533735A7907F53A73A3F538739A71BA
:20AF200007F53A73A3F5387300221A7107F53A73A3F5387300225A710E4B05221A80B7F8D6
:20AF4000E432DB08A7F8E632B7F8E43203F00703A7F8DE3265E0002387F8E33227E000BF0E
:20AF6000FC35002008360020C5390020C4390020D0380020C6390020AE4B1B885A1C91B24B
:20AF8000AC4A1180194697F8E33207F53A72A2F533720A44517807F53A72A2F538721344EC
:20AFA0000A461A7397F8E332013387F8E33297F8E332072BE0D907F53A73A3F538731B684A
:20AFC00040F2FA72934218D007F53A73A3F538731B6840F2FB7293420FD007F53A73A3F513
:20AFE00038731B6840F2C17293420CD107F53A73A3F538731B7B042B05D107F10803184624
:20B0000001F044F905E007F1080319461820F5F7E9F9B7F8E632013BA7F8E63203200AF0DE
:20B02000C1FCB7F8E632002B95D1B7F8DE32002B00F0F780B7F8DE32DAB207F53A73A3F51E
:20B0400038739A71002387F8E3321AE0794B1B885A1C91B2774A1180194697F8E33207F518
:20B060003A72A2F533720A44517807F53A72A2F5387213440A461A7397F8E332013387F85D
:20B08000E33297F8E3329BB2B7F8DE229A42DDD80023A7F8DE3207F53A73A3F538731B6829
:20B0A00040F2FA72934218D007F53A73A3F538731B6840F2FB7293420FD007F53A73A3F532
:20B0C00038731B6840F2C17293420FD107F53A73A3F538731B7B042B08D1574B586807F144
:20B0E00008010023002209F00BFD05E007F1080319461820F5F776F905200AF053FC90E049
:20B1000007F53A73A3F53373B3F8BE32002B00F08A806922002149480CF04AFC07F53A7360
:20B12000A3F533735B7887F8DD3297F8DD32032B67D801A252F823F049B1010069B101004F
:20B1400089B10100A9B1010007F53A73A3F53373B3F8BE32012B56D907F53A73A3F5337395
:20B160009A78364B1A704EE007F53A73A3F53373B3F8BE32012B48D907F53A73A3F53373CE
:20B180009A782E4B5A7040E007F53A73A3F53373B3F8BE32012B3AD907F53A73A3F5337392
:20B1A0009A78264B9A7032E007F53A73A3F53373B3F8BE32012B2CD907F53A73A3F5337356
:20B1C0009A781E4BDA7007F53A73A3F53373B3F8BE32023BA7F8E032B7F8E032002B18D066
:20B1E000B7F8E032642B02D96423A7F8E032B7F8E02207F11C030333194611480CF0E8FB57
:20B2000007E000BF0FE000BF0DE000BF0BE000BF09E000BF07E000BF14E500BF12E500BFC8
:20B2200010E500BF0EE500BF0CE507F53B77BD4690BD00BFC63900202830002058390020B2
:20B240005C39002080B500AF2620F6F70FF80346002B4ED1284B1B78DBB20133DAB2264BC4
:20B260001A70264B1B78DBB2002B0DD1224B1B78DBB2092B08D9214B01221A700122204963
:20B280000020F5F7B3FE35E01C4B1B78DBB2012B30D1194B1B78DBB2132B2BD9174B0222DC
:20B2A0001A702620F5F798FF164B1B7823F00203DAB2144B1A70134B1B7823F01003DAB217
:20B2C000104B1A70104B1B7823F00203DAB20E4B1A700D4B1B7823F01003DAB20A4B1A7098
:20B2E0000A4B00225A70012205490020F5F77EFE00E000BF80BD00BFC5390020C43900203E
:20B300000F360020143000201C3000200836002080B483B000AF78607B6893F84830002B9B
:20B320001AD17B6893F84930002B15D17B6893F84A30002B10D17B6893F84B30002B0BD146
:20B340007B6893F84C30002B06D17B6893F84D30002B01D1002339E07B6893F84930002BCB
:20B3600004D07B6893F849300C2B01D900232DE07B6893F84830002B04D07B6893F8483006
:20B380001F2B01D9002321E07B6893F84B30172B01D900231AE07B6893F84C303B2B01D919
:20B3A000002313E07B6893F84D303B2B01D900230CE07B6893F84930022B06D17B6893F8E4
:20B3C00048301D2B01D9002300E0012318460C37BD465DF8047B704780B584B000AFFAF774
:20B3E000E5FE0346FB73FAF7EDFE0346BB731B4B93F813337B73194B93F814333B73FB7BE1
:20B400009BB21A461201D31A9B009AB2BB7B9BB213447B817B7B9BB21A461201D31A9B0084
:20B420009AB23B7B9BB213443B817A893B899A4204D97A893B89D31A9BB203E03A897B897F
:20B44000D31A9BB2FB80FB88012B02D91920F5F7E7FE00BF1037BD4680BD00BF0836002040
:20B4600098B500AF254B1B7843F00203DAB2234B1A70234B1B7843F00203DAB2204B1A7057
:20B48000204B93F81633002B0ED11C4B1B7843F01003DAB2194B1A70194B1B7843F010036C
:20B4A000DAB2174B1A7012E0164B93F81633012B0DD1124B1B7823F01003DAB20F4B1A705D
:20B4C0000F4B1B7823F01003DAB20D4B1A7000F029F80346002B0ED000F024F80346062B02
:20B4E00009D800F01FF803465C1E00F04BF803461A46054B1A5500BF98BD00BF14300020CF
:20B500001C30002008360020F808002080B400AF034B93F8C8321846BD465DF8047B70479F
:20B520000836002080B400AF034B93F817331846BD465DF8047B70470836002080B400AF7A
:20B54000034B93F8CC321846BD465DF8047B70470836002080B400AF034B93F8C9321846B5
:20B56000BD465DF8047B70470836002080B400AF034B93F8CB321846BD465DF8047B70473A
:20B580000836002080B400AF034B93F8CA321846BD465DF8047B70470836002080B400AF68
:20B5A000034B93F8CE321846BD465DF8047B70470836002080B400AF034B93F8CD3218464F
:20B5C000BD465DF8047B70470836002080B400AF064BD3E9B42343EC172BB0EE470AF0EE7A
:20B5E000670ABD465DF8047B704700BF0836002080B400AF064BD3E9B62343EC172BB0EE57
:20B60000470AF0EE670ABD465DF8047B704700BF0836002080B400AF024B1846BD465DF8F9
:20B62000047B70472739002080B400AF024B1846BD465DF8047B70473739002080B400AFC5
:20B64000024B1846BD465DF8047B70472039002080B400AF034BD3F848331846BD465DF80B
:20B66000047B70470836002080B400AF034B1B781846BD465DF8047B704700BF5839002016
:20B6800080B584B000AF78600023FB73384B5B6807F10F014FF0FF32184609F0F9FB0346D7
:20B6A000012BF3D1FB7B013B042B57D801A252F823F000BFC9B60100F1B601005DB701008E
:20B6C00015B7010039B70100FDF72AFF0346002B04D001F02DFA0346002B04D0FEF778F981
:20B6E0000346052B3CD100F0FFF9FFF7ABFD37E0FDF716FF0346002B04D001F019FA034689
:20B70000002B04D0FEF764F90346052B2AD100F0EDFA27E0FDF704FF0346002B04D001F056
:20B7200007FA0346002B04D0FEF752F90346052B1AD100F081FB17E0FDF7F2FE0346002B61
:20B7400004D001F0F5F90346002B04D0FEF740F90346052B0AD100F0F1FB07E000BF95E76E
:20B7600000BF93E700BF91E700BF8FE700BF8DE7C839002080B584B000AF78600023FB8141
:20B780007B689B7906339AB24C4B1A80FB895A1CFA811A464A4B65219954FB895A1CFA81AA
:20B7A0001A46474B02219954444B1988FB895A1CFA811A46C9B2424B9954404B1B881B0A3A
:20B7C00099B2FB895A1CFA811A46C9B23C4B99547B681968FB895A1CFA811A46C9B2384B23
:20B7E00099547B681B68190AFB895A1CFA811A46C9B2334B99547B681B68190CFB895A1C93
:20B80000FA811A46C9B22E4B99547B681B68190EFB895A1CFA811A46C9B2294B9954FB89AA
:20B820005A1CFA811A467B689979254B995400237B730CE07A7BFB89591CF98119467B68BE
:20B8400013441A7B1E4B5A547B7B01337B737B689B797A7B9A42EDD300233B7309E0FB8907
:20B860005A1CFA811A46164B002199543B7B01333B733B7B002BF2D0FB895A1CFA811A46F8
:20B880000F4B00219954FB895A1CFA811A460C4B00219954FB895A1CFA811A46084B82213B
:20B8A0009954FB891A4606490020F5F735FB0023FB8100BF1037BD4680BD00BF543D0020D7
:20B8C000D039002080B582B000AF0023FB802C4B02221A80FB885A1CFA801A46294B652189
:20B8E0009954FB885A1CFA801A46264B04219954234B1988FB885A1CFA801A46C9B2214B3C
:20B9000099541F4B1B881B0A99B2FB885A1CFA801A46C9B21B4B9954FB885A1CFA801A4649
:20B92000184BFF219954FB885A1CFA801A46154BFF219954FB885A1CFA801A46114B002107
:20B940009954FB885A1CFA801A460E4B00219954FB885A1CFA801A460A4B82219954FB8885
:20B960001A4608490020F5F7D7FA0121642008F05DF90023FB8000BF0837BD4680BD00BFAA
:20B98000543D0020D039002080B586B000AF0023FB823B4600221A605A609A60DA601A618D
:20B9A0004F4B68221A80FB8A5A1CFA821A464D4B65219954FB8A5A1CFA821A46494B01215A
:20B9C0009954474B1988FB8A5A1CFA821A46C9B2444B9954424B1B881B0A99B2FB8A5A1CDE
:20B9E000FA821A46C9B23F4B995400237B7553E07A7D3B4611461846FDF7FCFE3968FB8AF2
:20BA00005A1CFA821A46C9B2364B99543B68190AFB8A5A1CFA821A46C9B2324B99543B68C6
:20BA2000190CFB8A5A1CFA821A46C9B22D4B99543B68190EFB8A5A1CFA821A46C9B2294B9A
:20BA40009954FB8A5A1CFA821A46B979254B995400233B751AE0BB793A7D9A420CD23A7D6A
:20BA6000FB8A591CF982194602F118033B4413F80C2C1C4B5A5406E0FB8A5A1CFA821A4650
:20BA8000184B002199543B7D01333B753B7D072BE1D97B7D01337B757B7D072BA8D9FB8AA9
:20BAA0005A1CFA821A460F4B00219954FB8A5A1CFA821A460B4B00219954FB8A5A1CFA821A
:20BAC0001A46084B82219954FB8A1A4605490020F5F722FA0023FB8200BF1837BD4680BDDA
:20BAE000543D0020D039002080B58CB000AF0423FB8507F1140300221A605A609A60DA600C
:20BB00001A61002387F82D3060E097F82D2007F1140311461846FDF74FFE7B69002B50D05B
:20BB20007969FB8D5A1CFA851A46C9B26D4B99547B69190AFB8D5A1CFA851A46C9B2694B13
:20BB400099547B69190CFB8D5A1CFA851A46C9B2644B99547B69190EFB8D5A1CFA851A4613
:20BB6000C9B2604B9954FB8D5A1CFA851A46B97E5C4B9954002387F82C301EE0BB7E97F846
:20BB80002C209A420DD297F82C20FB8D591CF985194602F130033B4413F8102C514B5A54B3
:20BBA00006E0FB8D5A1CFA851A464E4B0021995497F82C30013387F82C3097F82C30072B04
:20BBC000DCD997F82D30013387F82D3097F82D30132B9AD93B4600221A605A609A60DA600C
:20BBE0001A613B461846FDF7F5FF3968FB8D5A1CFA851A46C9B23B4B99543B68190AFB8D49
:20BC00005A1CFA851A46C9B2364B99543B68190CFB8D5A1CFA851A46C9B2324B99543B68B9
:20BC2000190EFB8D5A1CFA851A46C9B22D4B9954FB8D5A1CFA851A46B9792A4B995400238C
:20BC400087F82B3011E097F82B20FB8D591CF985194602F130033B4413F8242C214B5A544B
:20BC600097F82B30013387F82B3097F82B30072BE9D9FB8D043B9AB21B4B1A80194B6522F0
:20BC80001A70184B01225A70174B1B88DAB2154B9A70154B1B881B0A9BB2DAB2114BDA7028
:20BCA000FB8D5A1CFA851A460E4B00219954FB8D5A1CFA851A460B4B00219954FB8D5A1C01
:20BCC000FA851A46074B82219954FB8D1A4605490020F5F721F90023FB8500BF3037BD467B
:20BCE00080BD00BFD0390020543D002080B586B000AF0423FB823B4600221A605A609A60DF
:20BD0000DA601A6100237B7556E07A7D3B4611461846FDF76FFD3B68002B4AD03968FB8A8A
:20BD20005A1CFA821A46C9B2414B99543B68190AFB8A5A1CFA821A46C9B23D4B99543B688D
:20BD4000190CFB8A5A1CFA821A46C9B2384B99543B68190EFB8A5A1CFA821A46C9B2344B61
:20BD60009954FB8A5A1CFA821A46B979304B995400233B751AE0BB793A7D9A420CD23A7D3C
:20BD8000FB8A591CF982194602F118033B4413F80C2C274B5A5406E0FB8A5A1CFA821A4622
:20BDA000234B002199543B7D01333B753B7D072BE1D97B7D01337B757B7D1F2BA5D9FB8A66
:20BDC000043B9AB21B4B1A80194B65221A70184B01225A70174B1B88DAB2154B9A70154BB8
:20BDE0001B881B0A9BB2DAB2114BDA70FB8A5A1CFA821A460E4B00219954FB8A5A1CFA8247
:20BE00001A460B4B00219954FB8A5A1CFA821A46074B82219954FB8A1A4605490020F5F766
:20BE20007BF80023FB8200BF1837BD4680BD00BFD0390020543D002080B586B000AF0023CB
:20BE4000FB823B4600221A605A609A60DA601A61384B75221A80FB8A5A1CFA821A46364BD3
:20BE600065219954FB8A5A1CFA821A46324B01219954304B1988FB8A5A1CFA821A46C9B27E
:20BE80002D4B99542B4B1B881B0A99B2FB8A5A1CFA821A46C9B2284B995400237B7526E0E9
:20BEA0007A7D3B4611461846FDF7C2FC3B68002B1AD0FB8A204A13443A681A60FB8A0433CD
:20BEC000FB82FB8A5A1CFA821A46B9791A4B9954FB8A194A13441A4607F10C0303CB1060A6
:20BEE0005160FB8A0833FB827B7D01337B757B7D082BD5D9FB8A5A1CFA821A460E4B00210E
:20BF00009954FB8A5A1CFA821A460B4B00219954FB8A5A1CFA821A46074B82219954FB8ABB
:20BF20001A4605490020F4F7F7FF00BF1837BD4680BD00BF543D0020D039002080B586B000
:20BF400000AF0023FB823B4600221A605A609A60DA601A61384B41221A80FB8A5A1CFA8215
:20BF60001A46364B65219954FB8A5A1CFA821A46324B01219954304B1988FB8A5A1CFA8277
:20BF80001A46C9B22D4B99542B4B1B881B0A99B2FB8A5A1CFA821A46C9B2284B9954002303
:20BFA0007B7526E07A7D3B4611461846FDF75EFC3B68002B1AD0FB8A204A13443A681A60F6
:20BFC000FB8A0433FB82FB8A5A1CFA821A46B9791A4B9954FB8A194A13441A4607F10C0327
:20BFE00003CB10605160FB8A0833FB827B7D01337B757B7D042BD5D9FB8A5A1CFA821A464D
:20C000000E4B00219954FB8A5A1CFA821A460B4B00219954FB8A5A1CFA821A46074B8221B2
:20C020009954FB8A1A4605490020F4F775FF00BF1837BD4680BD00BF543D0020D03900207A
:20C0400080B58CB000AF78607B68002B01D1032393E007F108032022002118460BF0A8FC0C
:20C060000023FB850D23BB85FB8D5A1CFA8530333B44652203F8282CFB8D5A1CFA85303398
:20C080003B44052203F8282CFB8D5A1CFA85BA8DD2B230333B4403F8282CBB8D1B0A9AB279
:20C0A000FB8D591CF985D2B230333B4403F8282C7B681A68FB8D591CF985D2B230333B440A
:20C0C00003F8282C7B681B681A0AFB8D591CF985D2B230333B4403F8282C7B681B681A0CCB
:20C0E000FB8D591CF985D2B230333B4403F8282C7B681B681A0EFB8D591CF985D2B2303320
:20C100003B4403F8282CFB8D5A1CFA8519467B689A7901F130033B4403F8282CFB8D07F10C
:20C120000802D0187B680C33082219460BF050FCFB8D0833FB85FB8D5A1CFA8530333B4479
:20C14000002203F8282CFB8D5A1CFA8530333B44002203F8282CFB8D5A1CFA8530333B443F
:20C16000822203F8282CFA8D07F1080319460020F4F7D2FE0346BB62BB6A18463037BD46B5
:20C1800080BDFFFF80B400AFBFF34F8F00BF064BDB6803F4E0620449044B1343CB60BFF396
:20C1A0004F8F00BF00BFFDE700ED00E00400FA0580B485B000AF786039600023FB60002345
:20C1C000FB72FB68DB43FB601FE07B685A1C7A601B781A46FB685340FB600823FB7209E01F
:20C1E000FB685A08FB6803F0010359420C4B0B405340FB60FB7A013BDBB2FB7297F90B307F
:20C20000002BEDDA3B68013B3B603B68002BDCD1FB68DB4318461437BD465DF8047B70477F
:20C220002083B8ED80B582B000AF7860084611461A460346FB700B46BB7013467B70114AF4
:20C24000FB7813730F4ABB7853730E4A7B6813600C4B02229A710C4B1B78012B03D1094824
:20C26000FFF788FA0AE0FB78082B02D10548FFF781FA7B7803491846F4F7B4F800BF0837F3
:20C28000BD4680BD583D00209045002080B582B000AF78607B681B6840F2FB72934231D0EB
:20C2A00040F2FB7293427BD840F2FA7293420CD040F2FA72934273D840F26662934225D0E6
:20C2C00040F2C172934224D06AE07B681B7B002B02D100F071F865E07B681B7B012B03D158
:20C2E000786800F0A1F85DE07B681B7B032B02D100F05EFA56E07B681B7B042B52D100F0E5
:20C300003DFB4FE0786800F09DF94EE0FDF7FAFB4BE07B681B7B002B03D0012000F0F8FB93
:20C3200017E07B681B7B002B13D1022000F0F0FB204B40F2C2721A601E4B02229A711D4B36
:20C3400000221A731B4BAA225A731A491820F4F749F87B681B7B042B26D17B685B7BAA2B3B
:20C3600022D1144B40F2C2721A60124B02229A71104B04221A730F4BAA225A73012000F0ED
:20C38000C7FB0C491820F4F72DF8FFF7FDFA4FF47A71322007F04AFC0648FFF7EBF903E089
:20C3A00000BF02E000BF00E000BF00BF0837BD4680BD00BFC445002080B500AF144B40F2E3
:20C3C000FC721A60124B05229A71114B00221A73104BAA221A700F4B79225A8004220D49DF
:20C3E0000D48F4F789FA0D4B1B78012B03D10848FFF7C0F903E006491820F3F7F3FF084BF7
:20C4000000221A70074B01221A7000BF80BD00BFC445002094450020D14500209045002069
:20C420006C3D00202430002080B582B000AF78607B685A7B7C4B9A7414227C490020F9F739
:20C44000B7FB0346002B40F0E380784B1B78002B48D1774B4FF401221A60764B4FF40122C0
:20C460001A60754B4FF441221A607B689B7B1A467B68DB7B1B021A447B681B7C1B041A445E
:20C480007B685B7C1B0613441A46674BC3F80A20674B1B68684A126811461846F9F7E8FB8A
:20C4A0000346002B16D1654B00221A60644B00221A605D4B01221A705B4B00225A705A4BFE
:20C4C000AA22DA741823AA22012140F2FC70FFF7A9FEA4E01823FF22012140F2FC70FFF748
:20C4E000A1FE9CE0514B5B78002B48D1504B4FF480521A604F4B4FF480521A604E4B4FF43F
:20C5000080221A607B689B7B1A467B68DB7B1B021A447B681B7C1B041A447B685B7C1B0620
:20C5200013441A46404BC3F80220414B1B68424A126811461846F9F79BFB0346002B16D131
:20C540003E4B00221A603E4B00221A60364B00221A70354B01225A70334BAA22DA74182324
:20C56000AA22012140F2FC70FFF75CFE57E01823FF22012140F2FC70FFF754FE4FE02C4B9E
:20C580004FF480521A602B4B4FF480521A602A4B4FF480221A607B689B7B1A467B68DB7BA1
:20C5A0001B021A447B681B7C1B041A447B685B7C1B0613441A461C4BC3F802201C4B1B6849
:20C5C0001D4A126811461846F9F752FB0346002B16D11A4B00221A60194B00221A60124BCF
:20C5E00000221A70104B01225A700F4BAA22DA741823AA22012140F2FC70FFF713FE0EE017
:20C600001823FF22012140F2FC70FFF70BFE06E01823FF22012140F2FC70FFF703FE00BF47
:20C620000837BD4680BD00BF98450020AC450020000900200409002008090020843D002046
:20C64000883D002080B582B000AF78604F4B1B684F4A98187B6803F10C017B689B791A4666
:20C66000F4F74AF97B689B791A46484B1B681344464A13607B689B791A46464B1B68134403
:20C68000444A1360414B1B68B3F5806F7AD3424B1B684FF480623E491846F9F74DFA03460C
:20C6A000002B68D13D4B1B684FF480623C491846F9F77EFA0346002B55D14FF4806234495F
:20C6C0003748F4F738F90346002B44D1354B40F2FC721A60334B05229A712C4B00221A60D9
:20C6E000304B02221A734FF480612D48FFF760FD03462D4A13602C4B1B681B0EDAB2294BCC
:20C700001A74294B1B681B0CDAB2264BDA73264B1B681B0ADAB2234B9A73234B1B68DAB286
:20C72000204B5A73214B1B78012B03D11D48FFF721F803E01B491820F3F754FE164B1B68AF
:20C7400003F58063144A1360144B1B6803F58063124A136016E01823FF22022140F2FC708E
:20C76000FFF760FD0EE01823FF22022140F2FC70FFF758FD06E01823FF22022140F2FC700D
:20C78000FFF750FD00BF0837BD4680BD843D0020903D0020883D002000090020040900200F
:20C7A00090410020C44500208C3D00209045002080B582B000AF664A664B1A60664B1B685C
:20C7C000002B20D1654BD3F80220654B1B689A4206D0624BD3F80A20614B1B689A4207D136
:20C7E0001823AA22032140F2FC70FFF71BFDABE01823FF22032140F2FC70FFF713FD584B10
:20C8000000221A60A0E0574B1B68534A126850491846F9F791F90346002B40F08D80524B01
:20C820001B684D4A126851491846F9F7C1F90346002B79D1484B1B681A4645494B48F4F782
:20C840007AF80346002B7FD1494B40F2FC721A60474B05229A71404B1B6819464348FFF742
:20C86000A7FC0346434A1360424B1B681B0EDAB23F4B1A743F4B1B681B0CDAB23C4BDA735B
:20C880003C4B1B681B0ADAB2394B9A73394B1B68DAB2374B5A73384B1B78012B03D13448D8
:20C8A000FEF768FF03E032491820F3F79BFD2D4B1A68294B1B6813442A4A13602A4B1A68DE
:20C8C000254B1B681344284A136000237B6002E07B6801337B607B684CF24F329342F7D910
:20C8E0001E4BD3F802201E4B1B689A4206D01B4BD3F80A201A4B1B689A420AD1164B0022C7
:20C900001A601823AA22032140F2FC70FFF78AFC1AE01823FF22032140F2FC70FFF782FCCC
:20C920000F4B00221A600FE01823FF22032140F2FC70FFF777FC07E01823FF22032140F2F2
:20C94000FC70FFF76FFCFFE700BF0837BD4680BD903D0020C0450020843D002098450020F6
:20C96000883D0020000900200409002090410020C44500208C3D00209045002080B588B017
:20C9800000AF3A4B1B78012B0CD1394BD3F80230364AC2F80230364BD3F80630334AC2F821
:20C9A00006300FE0314B5B78012B0BD1304BD3F80A302E4AC2F80A302D4BD3F80E302B4A19
:20C9C000C2F80E304FF480510020F9F751F90346002B3FD13B46142224491846F3F78CFF76
:20C9E000142222492348F3F787FF3B46224A13603B46142219460020F9F79EF80346002B2B
:20CA000020D114221A490020F9F7D2F80346002B10D1142216491548F3F78DFF0346002B81
:20CA20001FD11823AA22042140F2FC70FFF7FAFBFFF7A8FB1823FF22042140F2FC70FFF7A3
:20CA4000F1FB0EE01823FF22042140F2FC70FFF7E9FB06E01823FF22042140F2FC70FFF708
:20CA6000E1FB00BF2037BD4680BD00BF98450020AC450020703D0020C045002080B582B05E
:20CA800000AF0023FB7114221F490020F9F790F80346002B32D11C4BDB7CAA2B2ED14FF4D6
:20CAA0007A7200210320F8F70BFE0346002B25D1142200211448F8F7E7FE0346002B1DD1FB
:20CAC000114BDB7CFF2B19D11823AA22082140F2FC70FFF7A7FB0D4B40F2C1721A600B4B9C
:20CAE00002229A71094B00221A73084BAA225A7306491820F3F776FC0123FB71FB791846D3
:20CB00000837BD4680BD00BFAC450020C445002080B483B000AF0346FB71044AFB7913708D
:20CB200000BF0C37BD465DF8047B70476D3D002080B400AF034B1B781846BD465DF8047BA2
:20CB4000704700BF6D3D002080B483B000AF0346FB71044AFB79137000BF0C37BD465DF82B
:20CB6000047B70479045002080B400AF034B1B781846BD465DF8047B704700BF9045002026
:20CB800080B500AFF9F764FD00BF80BD80B582B000AF0346FB71FB79022B03D1034904488C
:20CBA00003F012FA00BF0837BD4680BDDC940200F845002080B500AFFFF7E2FF002318462D
:20CBC00080BDFFFF80B400AF044BDB681B0A03F007031846BD465DF8047B704700ED00E0CA
:20CBE00080B483B000AF03463960FB7197F90730002B0ADB3B68DAB20C4997F9073012019C
:20CC0000D2B20B4483F800230AE03B68DAB20849FB7903F00F03043B1201D2B20B441A760B
:20CC200000BF0C37BD465DF8047B704700E100E000ED00E080B483B000AF0346FB7197F97B
:20CC40000730002B09DB0D4A97F90730134493F80033DBB21B09DBB209E0094AFB7903F07A
:20CC60000F03043B13441B7EDBB21B09DBB218460C37BD465DF8047B704700BF00E100E086
:20CC800000ED00E080B582B000AF78607B68013BB3F1807F01D301230FE00A4A7B68013BBD
:20CCA00053600F214FF0FF30FFF79AFF054B00229A60044B07221A60002318460837BD4673
:20CCC00080BD00BF10E000E080B483B000AFEFF303837B607B683B603B88C3F308039BB2E0
:20CCE000DBB2103BDBB25BB218460C37BD465DF8047B70471EF0040F0CBFEFF30880EFF35B
:20CD000009800149084700BFE9CD010080B400AF62B600BFBFF36F8F00BFEFF3148C2CF0B4
:20CD2000040C8CF31488BFF36F8F02DF00BEFDE7104B1968EFF309821EF0100F08BF22ED49
:20CD4000108A22E9F04FEFF30B8342F8043D0A604FF0100080F31188BFF34F8FBFF36F8FFF
:20CD600009F038F94FF0000080F3118800F004B800BF000054EB0020084801680A6802CA7D
:20CD800081F30B88B2E8F04F1EF0100F08BFB2EC108A82F30988704700BF000054EB0020AC
:20CDA00080B584B000AFEFF311837B607B68FB601023BB60BB6883F3118800BF08F0EEFFA8
:20CDC0000346002B03D0074B4FF080525A60FB683B603B6883F3118800BF00BF1037BD4677
:20CDE00080BD00BF00ED00E080B584B000AF78607B689B69FB60FB68023B1B78FB72FB7A23
:20CE0000022B03D1FFF7B8FF00BF09E0FB7A032B06D9054B054A4FF47E71054806F0FCFE2C
:20CE200000BF1037BD4680BDA8950200A4960200BC95020080B485B000AFF860B9607A607B
:20CE40003B60FB68043BFB60FB684FF080721A60FB68043BFB607B6823F00102FB681A6059
:20CE6000FB68043BFB60114AFB681A60FB68143BFB603A68FB681A60FB68043BFB60FB6891
:20CE80006FF002021A60FB68203BFB60FB68043BFB60BB6803F12802FB681A60FB681846C0
:20CEA0001437BD465DF8047B704700BFB1CE010080B400AF00BE00BFFDE7FFFF80B500AF34
:20CEC000FF216FF00100FFF78BFE00F073F8064B5B68054A43F040435360FFF717FF09F027
:20CEE00079F80023184680BD30EF00E080B584B000AFEFF311837B607B68FB601023BB600F
:20CF0000BB6883F3118800BF0E4B1B6801330D4A13600C4B1B68012B0FD10B4AFB68136035
:20CF20000A4B5B68C3F30803002B06D0084B094A40F2A441084806F06FFE00BF1037BD469E
:20CF400080BD00BFC4470020C847002000ED00E0E4950200B8960200BC95020080B582B029
:20CF600000AF0F4B1B68002B06D10E4B0E4A40F2AD410E4806F050FE094B1B68013B084A53
:20CF80001360074B1B68002B06D1094B1B687B607B6883F3118800BF00BF0837BD4680BDA6
:20CFA000C44700202C960200CC960200BC950200C847002080B500AF054B1B68054AA2FBF9
:20CFC00003239B091846FFF75DFE00BF80BD00BFA4490020D34D621080B582B000AFFFF772
:20CFE00073FE0346FB7197F90730002B0FDB97F907301846FFF71EFE38603B68002B06D1BB
:20D000000B4B0C4A40F20F610B4806F005FEFFF7D9FD0346032B06D9084B064A40F22161FD
:20D02000054806F0F9FD00BF0837BD4680BD00BF40960200E0960200BC9502007896020007
:20D0400080B586B000AF786039607B687B613968786900F070F838613B69002B01D03B69CF
:20D0600032E03B681B791A4ADB01DBB293713B681B781A46174B9B5C03F00303FB603B68B0
:20D080005B781B01DBB2FA681343FB603B689B781B0303F44053FA681343FB603B68DB789A
:20D0A0001B0203F44073FA681343FB60084BFA6892B25A803B685B79054ADB01DBB213720F
:20D0C0007B69054A1A60002318461837BD4680BD00340840009702005444570080B483B028
:20D0E00000AF7860064B00221A70054BFF221A70002318460C37BD465DF8047B704700BFA0
:20D100000034084080B483B000AF78603960062318460C37BD465DF8047B704780B483B04D
:20D1200000AF78600B46FB70062318460C37BD465DF8047B704780B483B000AF78603960CD
:20D14000002318460C37BD465DF8047B704780B483B000AFEFF303837B607B683B603B88E3
:20D16000C3F308039BB2DBB2103BDBB25BB218460C37BD465DF8047B7047FFFF80B483B09B
:20D1800000AF03463960FB7197F9073004493A6841F8232000BF0C37BD465DF8047B7047D0
:20D1A0001848002080B483B000AF0346FB7197F90730044A52F8233018460C37BD465DF879
:20D1C000047B70471848002080B483B000AF0346FB710B4997F9073003F1C00251F8223062
:20D1E00023F4803341F82230054A97F90730C03352F8233000BF0C37BD465DF8047B7047A4
:20D200000060004080B584B000AF0346FB7197F907301846FFF7D8FFBFF35F8F00BF97F9C0
:20D220000730FB60FB6803F01F02074997F907305B09012000FA02F2603341F8232000BF8D
:20D240001037BD4680BD00BF00E100E080B584B000AF0346B9607A60FB73BB68DAB2094904
:20D2600097F90F301201D2B20B4483F8002397F90F3079681846FFF781FF00BF1037BD46CE
:20D2800080BD00BF00E100E080B485B000AF0346FB7197F90730FB60FB6803F01F0207491B
:20D2A000FB685B09012000FA02F241F8232000BF1437BD465DF8047B704700BF00E100E004
:20D2C00080B582B000AF0346FB7197F907301846FFF798FF97F907301846FFF7D5FF00BF23
:20D2E0000837BD4680BDFFFF80B485B000AF0346FB7197F90730FB60FB6803F01F020B49F7
:20D3000097F907305B09012000FA02F2203341F82320BFF34F8F00BFBFF36F8F00BF00BF87
:20D320001437BD465DF8047B704700BF00E100E080B584B000AF0346B9607A60FB7397F942
:20D340000F307A68B9681846FFF780FF97F90F301846FFF7B5FF00BF1037BD4680BDFFFF9D
:20D3600080B584B000AF786039600023FB607B68BB60386800F06CF8F860FB68002B01D0FD
:20D38000FB6822E0BB683A685A603B689A69BB685A623B68DA69BB68DA62BB6800229A629E
:20D3A000BB685B681B7803F5800303F58D531B021A46BB689A60B86800F0A6F8B86800F049
:20D3C000F1F9BB68034A1A60FB6818461037BD4680BD00BF4950535280B586B002AFF860C0
:20D3E000B9607A60FB70FB7800937B68BA680021F86800F07BFA034618461037BD4680BDB0
:20D4000080B586B002AFF860B9607A60FB70FB7800937B680022B968F86800F067FA034614
:20D4200018461037BD4680BD80B586B002AFF860B9607A603B603B7E00933B687A68B96813
:20D44000F86800F053FA034618461037BD4680BD80B586B000AF786000237B617B681B69A9
:20D460003B617B681B7803F5800303F58D531B020433FB603B69002B19D03B695B681B68F6
:20D480004FF000621A603B695B681B68FA689A603B699B681B683A6910683A695268114632
:20D4A000984778617B69002B01D07B6928E07B685B69BB60BB68002B21D0BB685B681B687E
:20D4C0004FF400221A60BB685B681B68FA685A60BB689B681B68BA681068BA685268114672
:20D4E000984778617B69002B09D03B69002B06D03B699B681B6A3A691268104698477B6985
:20D5000018461837BD4680BD80B491B000AF78600023FB6300233B620023BB6300237B639F
:20D5200000233B630023FB620023BB6200237B620023FB61FB6B43F08003FB63FB6B43F0D8
:20D540002003FB63FB6B43F01003FB637B685B685B7A002B01D1082300E00023FA6B1343DF
:20D56000FB637B685B685B7A002B01D1102300E000237A6B13437B637B685B689B7A1A466B
:20D580007B6A13437B627B685B68DB7A5B007A6A13437B627B685B685B7B1B037A6A134332
:20D5A0007B627B685B681B69002B03D0FB6B43F02003FB637B685B681B6ABB61BB691B784E
:20D5C000002B14D17B685B681B78002B0AD17B685B685B7A002B01D1802300E000237A6AFA
:20D5E00013437B62FB6B23F00103FB6303E0FB6B43F00103FB63BB695B78DB01DB431A46EE
:20D60000FB6B1340FB63BB695B785A00BB695B785B0113431A46FB6B1343FB633B6A23F0C7
:20D620000F033B62BB699B781A46BB69DB7802FA03F33A6A13433B627B6A23F070037B625C
:20D64000BB69DB781B017A6A13437B62BB691B79002B0BD0BB6B43F02003BB63BB691B7910
:20D66000022B03D1BB6B43F01003BB63BB695B79002B0BD07B6B43F001037B63BB695B792E
:20D68000012B03D17B6B43F002037B63BB699B791A46FB691343FB61BB691B7AC3F301036D
:20D6A000DBB29B007A6A13437B627B685B685B7A002B0CD17B6A43F460437B62BB695B7A13
:20D6C0003B63BB699B7AFB62BB69DB7ABB6200237B61EFF310833B613B697B610123FB6071
:20D6E000FB6883F3108800BF2D4B5A687B685B681B78C3F11303012101FA03F3DB4328491B
:20D7000013404B60264B5B687B69BB60BB6883F3108800BF7B689B68DB787B689B680022A7
:20D72000DA707B689B68FA6BD2B21A707B689B683A6AD2B25A707B689B68BA6BD2B29A70D5
:20D740007B689B68BA69D2799A727B689B683A6BD2B21A737B689B68FA6AD2B25A737B684F
:20D760009B68BA6AD2B29A737B689B687A6BD2B2DA737B689B687A6A92B21A827B689B68C5
:20D78000FA69D2B283F820207B689B68102283F8212000BF4437BD465DF8047B704700BF8C
:20D7A0000040084080B582B000AF78607B685B6893F90230002B0ADB7B685B6893F902004B
:20D7C0007B685B689B797A681946FFF7B1FD7B685B6893F90130002B0ADB7B685B6893F905
:20D7E00001007B685B685B797A681946FFF7A0FD7B685B6893F904007B685B681B7A7A6887
:20D800001946FFF795FD7B685B6893F903007B685B68DB797A681946FFF718FD00BF0837A8
:20D82000BD4680BD80B487B000AF78607B689B68DB7ADBB27B617B689B681B8A9BB2FB60DF
:20D840007B6893F820300F2B08D97B6923F040037B617B6943F020037B610DE07B6893F868
:20D860002030072B04D87B6943F040037B6103E07B6923F060037B617B6893F820303B61A1
:20D880003B690F2B04D93B6901339B08053B3B61FB6823F47063FB603B691B02FA68134355
:20D8A000FB607B689B687A69D2B2DA727B689B68FA6892B21A8200BF1C37BD465DF8047B63
:20D8C000704780B483B000AF78607B689B681B78DAB27B689B6842F06002D2B21A7000BF57
:20D8E0000C37BD465DF8047B7047FFFF80B588B000AFF860B9607A603B60FB68FB61FB6934
:20D900009B681B78DBB203F04003002B01D0082306E1FB69BA68DA60FB697A681A61FB69BB
:20D9200000225A61FB6900229A61FB693A68DA61FB6997F8282083F82020FB695B685B6967
:20D94000002B6DD0FB693A689A61FB6993F820300F2B0AD9FB695B685B695B681A68D37887
:20D96000022161F30513D37018E0FB6993F82030072B09D8FB695B685B695B681A68D37810
:20D9800023F03003D37009E0FB695B685B695B681A68D378012161F30513D370FB695B68A2
:20D9A0005B695B681A689378022161F383039370FB695B685B695B681B683A6892B2DA81E1
:20D9C000FB695B685B695B681B687A689A607B68002B0FD1FB695B685B695B681A68937811
:20D9E00023F00C039370FB695B685B695B681B684D4A9A60FB695B685B699B685B68FA692C
:20DA0000526852691068FA69526852695268126811469847B861BB69002B01D0BB697FE01B
:20DA2000FB695B681B69002B73D0FB693A685A61FB6993F820300F2B0AD9FB695B681B6905
:20DA40005B681A68D378022161F30513D37018E0FB6993F82030072B09D8FB695B681B696F
:20DA60005B681A68D37823F03003D37009E0FB695B681B695B681A68D378012161F30513DB
:20DA8000D370FB695B681B695B681A68D378022161F38303D370FB695B681B695B681B68D7
:20DAA0003A6892B2DA81FB695B681B695B681B68BA685A60BB68002B0FD1FB695B681B697F
:20DAC0005B681A68D37823F00C03D370FB695B681B695B681B68154A5A60FB699A68137856
:20DAE00023F020031370FB695B681B699B685B68FA69526812691068FA695268126952689A
:20DB000012681146984778617B69002B01D07B6906E0F869FFF786FEF869FFF7D2FE0023AD
:20DB200018462037BD4680BDCC470020D047002080B485B000AF78607B689B69FB607B6871
:20DB4000DB69FA689A4234D07B681B69002B03D17B689B685B6827E07B6893F820300F2B31
:20DB600009D97B689A687B681969FB689B000B4452681A6018E07B6893F82030072B09D82F
:20DB80007B689A687B681969FB680B441279D2B21A7009E07B689A687B681969FB685B00FF
:20DBA0000B44928892B21A80FB685A1C7B689A6100E000BF1437BD465DF8047B704780B4BB
:20DBC00085B000AF78607B685B69FB607B68DB69FA689A4233D07B68DB68002B04D17B6816
:20DBE0009B6800225A6025E07B6893F820300F2B09D97B68DA68FB689B001A447B689B6800
:20DC000012685A6016E07B6893F82030072B08D87B68DA68FB681A447B689B6812781A7129
:20DC200008E07B68DA68FB685B001A447B689B6812889A80FB685A1C7B685A6100E000BF0B
:20DC40001437BD465DF8047B704790B587B000AF78600B46FB707B689B6A7B617B69002B59
:20DC600003D107F108037B6105E07A6907F1080307CA83E807007B685B681B781A467B6966
:20DC80001A607B69FA781A717B68DA6A7B699A607B685B6A786998477B689B6A002B08D0D1
:20DCA0007B689B6A1C4607F1080393E8070084E8070000BF1C37BD4690BD80B582B000AFAA
:20DCC000FFF745FA0346FB7197F907301846FFF77BFA97F907301846FFF764FA3860386819
:20DCE000FFF726FF3B689A693B68DB699A4206D13B685B6893F903301846FFF7C5FA00BFD2
:20DD00000837BD4680BD80B584B000AFFFF71FFA0346FB7397F90F301846FFF755FA97F9A4
:20DD20000F301846FFF73EFAB860BB685B681B6A7B607B68002B1ED07B685B78012B1AD1F1
:20DD4000BB685A69BB68DB69013B9A4207D1BB685B6893F903301846FFF7B2FA0BE0BB68D3
:20DD60005B681B69002B06D0BB685B6893F903301846FFF789FAB868FFF721FF00BF1037A3
:20DD8000BD4680BD80B582B000AFFFF7E0F90346FB7197F907301846FFF716FA97F90730B7
:20DDA0001846FFF7FFF938603B689B68DB78C3F34003DBB2002B04D03B685B685B7A012B9A
:20DDC00028D197F907301846FFF78EFA3B685B6893F90230002B06DB3B685B6893F9023053
:20DDE0001846FFF781FA3B689A68137823F0400313703B685B6893F90230002B06DB3B6878
:20DE00005B6893F902301846FFF75AFA01213868FFF71BFF00BF0837BD4680BD80B584B060
:20DE200000AFFFF794F90346FB7397F90F301846FFF7B8F9B860BB685B6893F90230002B3E
:20DE400006DBBB685B6893F902301846FFF74CFABB689A68137823F040031370BB685B6834
:20DE600093F90230002B06DBBB685B6893F902301846FFF725FABB689B68DB78FB71BB68B9
:20DE80009B680022DA70FB7903F00803DBB2002B03D00521B868FFF7D8FEFB7903F0010399
:20DEA000DBB2002B03D00421B868FFF7CEFEFB7903F00403DBB2002B09D0FB7903F0100357
:20DEC000DBB2002B03D00821B868FFF7BEFE97F90F301846FFF778F900BF1037BD4680BDE2
:20DEE00080B483B000AFEFF303837B607B683B603B88C3F308039BB2DBB2103BDBB25BB208
:20DF000018460C37BD465DF8047B704780B483B000AF03463960FB7197F9073004493A68B8
:20DF200041F8232000BF0C37BD465DF8047B70471848002080B483B000AF0346FB7197F9FA
:20DF40000730044A52F8233018460C37BD465DF8047B70471848002080B483B000AF034691
:20DF6000FB710B4997F9073003F1C00251F8223023F4803341F82230054A97F90730C0336B
:20DF800052F8233000BF0C37BD465DF8047B70470060004080B584B000AF0346FB7197F957
:20DFA00007301846FFF7D8FFBFF35F8F00BF97F90730FB60FB6803F01F02074997F90730F0
:20DFC0005B09012000FA02F2603341F8232000BF1037BD4680BD00BF00E100E080B584B090
:20DFE00000AF0346B9607A60FB73BB68DAB2094997F90F301201D2B20B4483F8002397F9E4
:20E000000F3079681846FFF781FF00BF1037BD4680BD00BF00E100E080B485B000AF0346E5
:20E02000FB7197F90730FB60FB6803F01F020749FB685B09012000FA02F241F8232000BF7A
:20E040001437BD465DF8047B704700BF00E100E080B582B000AF0346FB7197F90730184677
:20E06000FFF798FF97F907301846FFF7D5FF00BF0837BD4680BDFFFF80B485B000AF034687
:20E08000FB7197F90730FB60FB6803F01F020B4997F907305B09012000FA02F2203341F861
:20E0A0002320BFF34F8F00BFBFF36F8F00BF00BF1437BD465DF8047B704700BF00E100E047
:20E0C00080B58AB000AF786039607B687B623B681B781A460123934003F00603002B0AD063
:20E0E0003B68DB695B681B7803F00803DBB2002B01D00323CAE03B681B7803F5800303F5E3
:20E100008C531B021A467B6A1A627B6A00221A707B6A3A68DA613B685A697B6A5A623B6845
:20E120009A697B6ADA627B6A00229A627A6A9378012161F3010393703B685B78002B05D1D5
:20E140007A6A9378022161F3010393703968786A00F0C1F9786A00F006F900233B62EFF3B2
:20E160001083FB60FB683B6201233B613B6983F3108800BF474B5A683B681B7819464FF058
:20E180000043CB40DB43434913404B60414B5B683B6A7B617B6983F3108800BF7B6A1B6A9E
:20E1A00000229A707B6A1B6A00221A717B6A1B6A00225A727B6A1B6A00229A727B6A1B6AC2
:20E1C0000022DA727B6A1B6A00225A833B681B781A46012303FA02F240F219231340002BD1
:20E1E00003D07B6A1B6A4022DA747B6A1B6A06221A773968786A00F0C0F87B6A0022DA60A3
:20E200007B6A00221A617B6A00225A617B6A00229A613B68DB69FB61FB691B7803F0030385
:20E22000BB61BB6943F01003BB617B6ADB6993F905301846FFF70CFF7B6ADB6993F90B3003
:20E240001846FFF705FFBB6943F04003BB617B6ADB6993F907301846FFF7FAFE7B6ADB694F
:20E2600093F909301846FFF7F3FEBB6943F02003BB617B6A1B6ABA69D2B29A70FB695A899C
:20E280007B6A1A817B6A044A5A60002318462837BD4680BD004008405549435380B487B0CA
:20E2A00000AFF860B9607A60FB687B6100233B617B69BA685A617B697A689A613B691846E2
:20E2C0001C37BD465DF8047B704780B487B000AFF860B9607A60FB687B617B691B6A9B783D
:20E2E000DAB27B691B6A02F07B02D2B29A707B699B78C3F30103DBB21A467B689A1A7B6913
:20E300001A617B699B78C3F30103DBB21A46BB681A447B69DA607B691B6A9B78DAB27B6959
:20E320001B6A62F07F02D2B29A707B699B7803F00303DBB2022B0AD1BB681B887A69126A4D
:20E340006FEAC3536FEAD3539BB2D38104E07B691B6ABA681278DA70002318461C37BD4614
:20E360005DF8047B704780B483B000AF786000BF0C37BD465DF8047B704780B586B000AF7A
:20E38000786039603B681B781A46012303FA02F240F219231340002B04D07B681B6A4FF4F6
:20E3A00078429A823B689B781A013B68DB78DB0013437B61F2233B613B685B78032B04D189
:20E3C0007B6943F040037B6107E03B685B78002B03D13B6923F010033B617B681B6A7A69FA
:20E3E000D2B21A707B681B6A3A69D2B29A713B68DB69BB60BB681B7B082B04D17B681B6A4A
:20E400000A225A7309E0BB681B7B5B00DAB27B681B6A02F00202D2B25A730023FB60BB682A
:20E420005B78DB01DBB2FA681343FB60BB689B785B0103F02003FA681343FB607B681B6A6A
:20E4400000221A72BB681B78022B03D0BB681B78032B11D17B681B6AFF225A70BB681B7889
:20E46000022B03D1FB6843F01003FB607B681B6AFA68D2B2DA710DE07B681B6AFA68D2B2C3
:20E48000DA717B681A6ABB685B681946104600F04FF800BF00BF1837BD4680BD80B582B084
:20E4A00000AF78600B46FB701346BB7097F902301846FFF7E1FD97F902301846FFF74CFD42
:20E4C000F97897F902307A681846FFF787FD00BF0837BD4680BD80B582B000AF786039608A
:20E4E0003B68997A3B6893F90B301A467868FFF7D5FF3B6819793B6893F905301A46786819
:20E50000FFF7CCFF3B6899793B6893F907301A467868FFF7C3FF3B68197A3B6893F9093089
:20E520001A467868FFF7BAFF00BF0837BD4680BD80B483B000AF786039603B689A787B688F
:20E540005A703B685B78C3F30103D9B27A68137861F3010313703B68DA787B689A747B6825
:20E56000DB79DBB223F05C03DAB23B681B7803F05C03DBB21343DAB27B68DA7100BF0C3795
:20E58000BD465DF8047B704790B58BB000AFF860B9601346FB71FB689B6A7B627B6A002B33
:20E5A00003D107F114037B6205E07B6A07F114040FCB84E80F00FB68DB691B781A467B6AED
:20E5C0001A607B6ABA689A607B6AFA791A71FB68DA6A7B6ADA60FB685B6A786A9847FB68CB
:20E5E0009B6A002B07D0FB689B6A1C4607F114030FCB84E80F0000BF2C37BD4690BD80B53F
:20E6000084B000AFFFF76CFC0346FB7397F90F301846FFF7A1FC97F90F301846FFF78AFC99
:20E62000B860BB68DB691B69002B30D1BB681B69002B2CD0BB689B7803F00303DBB2022BF4
:20E640000BD1BB68DB681B88BA68126A6FEAC3536FEAD3539BB2D38105E0BB68DA68BB683B
:20E660001B6A1278DA70BB681B69BA689278C2F30102D2B29A1ABB681A61BB68DB68BA6858
:20E680009278C2F30102D2B21A44BB68DA60BB681B69002B1BD1BB681B6A9B78FB71FB7920
:20E6A00043F00403FB71FB7903F07F03FB71BB681B6AFA799A70BB680022DA60BB685B6AD3
:20E6C000002B04D080220021B868FFF75DFF00BF1037BD4680BD80B584B000AFFFF700FCB6
:20E6E0000346FB7397F90F301846FFF735FC97F90F301846FFF71EFCB860BB689B7803F091
:20E700000303DBB2022B07D1BB681B6A1B8A9BB2C3F308037B6004E0BB681B6A5B79DBB23E
:20E720007B60BB689B69002B0AD1BB685B6A002B33D07B6804221946B868FFF725FF2CE00D
:20E74000BB685869BB689B78C3F30103DBB21A463B1D194609F03CF9BB685B69BA68927800
:20E76000C2F30102D2B21A44BB685A61BB689B69BA689278C2F30102D2B29A1ABB689A61C0
:20E78000BB689B69002B08D1BB685B6A002B04D001220021B868FFF7F7FE00BF1037BD460F
:20E7A00080BD80B582B000AFFFF79AFB0346FB7197F907301846FFF7BDFB38603B681B6A33
:20E7C0009B78DAB23B681B6A02F07B02D2B29A703868FFF7C8FD3B685B6A002B04D002228F
:20E7E00000213868FFF7D0FE97F907301846FFF7B3FB00BF0837BD4680BD80B584B000AF75
:20E80000FFF76EFB0346BB7297F90A301846FFF791FB78600023FB607B689B7803F0030334
:20E82000DBB2022B07D17B681B6A1B8A9BB2C3F30803FB6004E07B681B6A5B79DBB2FB60C8
:20E840007B681B6A1B79DBB203F03803FB72FB7A03F01003002B0BD07B681B6A1B7FC3F35B
:20E860000003DBB2002B03D1FB7A43F04003FB727B681B6A1B79DAB27B681B6A22F0380275
:20E88000D2B21A717868FFF76EFD7B685B6A002B05D0FB7A1A46F9687868FFF775FE97F971
:20E8A0000A301846FFF758FB00BF1037BD4680BD80B483B000AFEFF303837B607B683B605A
:20E8C0003B88C3F308039BB2DBB2103BDBB25BB218460C37BD465DF8047B704780B483B05F
:20E8E00000AF03463960FB7197F9073004493A6841F8232000BF0C37BD465DF8047B704759
:20E900001848002080B483B000AF0346FB7197F90730044A52F8233018460C37BD465DF801
:20E92000047B70471848002080B483B000AF0346FB710B4997F9073003F1C00251F82230EA
:20E9400023F4803341F82230054A97F90730C03352F8233000BF0C37BD465DF8047B70472C
:20E960000060004080B584B000AF0346FB7197F907301846FFF7D8FFBFF35F8F00BF97F949
:20E980000730FB60FB6803F01F02074997F907305B09012000FA02F2603341F8232000BF16
:20E9A0001037BD4680BD00BF00E100E080B584B000AF0346B9607A60FB73BB68DAB209498D
:20E9C00097F90F301201D2B20B4483F8002397F90F3079681846FFF781FF00BF1037BD4657
:20E9E00080BD00BF00E100E080B485B000AF0346FB7197F90730FB60FB6803F01F020749A4
:20EA0000FB685B09012000FA02F241F8232000BF1437BD465DF8047B704700BF00E100E08C
:20EA200080B582B000AF0346FB7197F907301846FFF798FF97F907301846FFF7D5FF00BFAB
:20EA40000837BD4680BDFFFF80B485B000AF0346FB7197F90730FB60FB6803F01F020B497F
:20EA600097F907305B09012000FA02F2203341F82320BFF34F8F00BFBFF36F8F00BF00BF10
:20EA80001437BD465DF8047B704700BF00E100E080B584B000AF0346B9607A60FB7397F9CB
:20EAA0000F307A68B9681846FFF780FF97F90F301846FFF7B5FF00BF1037BD4680BDFFFF26
:20EAC00080B584B000AF786039607B68FB600023BB603B681B7803F5800303F58C531B028C
:20EAE0001A46FB689A60FB683A685A603B689A69FB681A623B68DA69FB689A62FB6800224B
:20EB00005A62F86800F020F9B860BB68002B01D0BB682AE0F86800F043F83B6893F90100B1
:20EB20003B685B79FA681946FFF7B2FF3B6893F902003B689B79FA681946FFF7A9FF3B680C
:20EB400093F903003B68DB79FA681946FFF7A0FF3B6893F904003B681B7AFA681946FFF7B7
:20EB600097FFFB68034A1A60BB6818461037BD4680BD00BF5349435380B586B000AFF8606A
:20EB8000B9607A60FB70FB687B617B680022B968786900F03BF9034618461837BD4680BD77
:20EBA00080B48FB000AF78607B685B683B623B6A1B6AFB618023BB6100237B63E2233B632F
:20EBC0000023FB62FF23BB6200237B62FB695B78C3F30103DBB21A46BB691343BB61FB699E
:20EBE0009B785BB2002B06DA7B6A43F004037B62FB699B78BB623B6A5B7A012B0BD1FB6A73
:20EC000043F00403FB62FB6A43F00103FB627B6B43F002037B633B6A9B7A012B08D13B6A04
:20EC2000DB7A002B10D1FB6A43F04003FB620BE0FB6A43F08003FB623B6ADB7A012B03D1DE
:20EC4000FB6A43F04003FB623B6A5B7B002B03D13B6B43F008033B6300237B61EFF310830C
:20EC6000BB60BB687B610123FB60FB6883F3108800BF344B5A683B6A1B7819464FF0004371
:20EC8000CB40DB432F4913404B602E4B5B687B693B613B6983F3108800BF7B689B680022A0
:20ECA0009A707B689B681B797B689B6884221A717B689B684FF478429A827B689B68BA69B1
:20ECC000D2B21A707B689B687A6BD2B29A707B689B683A6BD2B29A717B689B68FA691278E0
:20ECE0005A707B689B68BA6AD2B29A747B689B687A6AD2B2DA717B689B68FA6AD2B25A737A
:20ED00007B689B6800221A727B689B6800225A727B689B6800229A727B689B680022DA7223
:20ED20007B689B6800225A837B689B684022DA747B689B6802221A7700BF3C37BD465DF833
:20ED4000047B70470040084080B586B000AF786000237B617B685B683B613B695B69002B2F
:20ED60001ED03B695B69FB60FB685B681B684FF400221A607B689A68FB685B681B68053295
:20ED80005A60FB689B681B68FA681068FA6852681146984778617B69002B01D07B6930E0F7
:20EDA0003B691B69002B2BD03B691B69BB60BB685B681B684FF000621A607B689A68BB6836
:20EDC0005B681B6803329A60BB689B681B68BA681068BA6852681146984778617B69002B81
:20EDE0000ED03B695B69002B08D03B695B699B681B6A3A6952691268104698477B6900E009
:20EE00007B6918461837BD4680BDFFFF90B589B000AFF860B9607A603B60FB689B689B7897
:20EE2000DBB203F03003002B01D0082370E0FB683A68DA61FB6800225A61FB6800229A61A8
:20EE4000FB68BA68DA60FB687A681A61FB685B681B69002B39D0FB683A685A61FB685B686F
:20EE60001B69FB61FB695B681B683A6892B2DA81BB68002B0CD1FB695B681A68D37823F095
:20EE80000C03D370FB695B681B68234A5A600CE0FB695B681A68D378022161F38303D3702F
:20EEA000FB695B681B68BA685A60FB699B685B68FA691068FA695268126811469847B861E1
:20EEC000BB69002B01D0BB6922E0FB685B685B69002B19D07B68002B16D0FB683A689A61FA
:20EEE000FB685B685B697B617B699B689C687B6918683B689BB27A680021A04738613B69E6
:20EF0000002B01D03B6903E0F86800F007F8002318462437BD4690BDD447002080B584B04F
:20EF200000AF78602023FB607B681B69002B09D07B685B681B69002B04D17B685B685B69AD
:20EF4000002B03D0FB6843F08003FB607B681B69002B03D0FB6843F05003FB607B689B68B0
:20EF60009B78D9B2FB68DAB27B689B680A43D2B29A707B685B681B69002B25D17B685B6852
:20EF80005B69002B20D17B681B69002B1CD07B685B6893F901301846FFF756FD786800F039
:20EFA00017F87B685B685B7A012B06D17B68DB69012B02D9786800F00BF87B685B6893F991
:20EFC00001301846FFF710FD00BF1037BD4680BD80B483B000AF78607B685A697B68DB699E
:20EFE0009A4216D27B68DB68002B09D07B68DA687B685B691A447B689B681278DA7003E05C
:20F000007B689B680022DA707B685B695A1C7B685A6100BF0C37BD465DF8047B704790B50E
:20F0200087B000AF78600B46FB707B685B6A7B617B69002B03D107F108037B6105E07A6948
:20F0400007F1080307CA83E807007B685B681B781A467B691A607B69FA781A717B689A6AAB
:20F060007B699A607B681B6A786998477B685B6A002B08D07B685B6A1C4607F1080393E857
:20F08000070084E8070000BF1C37BD4690BD80B582B000AFFFF70CFC0346FB7197F9073004
:20F0A0001846FFF741FC97F907301846FFF72AFC38603868FFF78CFF3B685A693B68DB6978
:20F0C0009A4210D13B681B69002B0CD13B689B689B78DBB203F07B03DAB23B689B6842F029
:20F0E0000402D2B29A7000BF0837BD4680BD90B583B000AFFFF7DCFB0346FB7197F90730CE
:20F100001846FFF711FC97F907301846FFF7FAFB38603868FFF75CFF3B689A693B68DB6968
:20F120009A420CD23B689A683B6819693B689B695C1C386884610B445279D2B21A703B68DC
:20F140009A693B68DB699A420CD13B689B689B78DBB203F03B03DAB23B689B6842F004022B
:20F16000D2B29A7000BF0C37BD4690BD80B582B000AFFFF79DFB0346FB7197F90730184631
:20F18000FFF7C0FB38603B689B689B78DAB23B689B6802F00302D2B29A7001213868FFF7FE
:20F1A0003EFF97F907301846FFF7BEFB00BF0837BD4680BD80B582B000AFFFF779FB034637
:20F1C000FB7197F907301846FFF79CFB38603B689B689B78DAB23B689B6802F00302D2B213
:20F1E0009A703B689B681B793B689B6884221A7104213868FFF713FF97F907301846FFF70C
:20F2000093FB00BF0837BD4680BDFFFF80B483B000AF0346FB7197F90730002B0DDB0A4A2B
:20F2200097F907305B0952F82320FB7903F01F0322FA03F303F0010300E0002318460C37E0
:20F24000BD465DF8047B704700E100E080B483B000AFEFF303837B607B683B603B88C3F30F
:20F2600008039BB2DBB2103BDBB25BB218460C37BD465DF8047B704780B483B000AF034636
:20F280003960FB7197F9073004493A6841F8232000BF0C37BD465DF8047B70471848002027
:20F2A00080B483B000AF0346FB7197F90730044A52F8233018460C37BD465DF8047B7047A2
:20F2C0001848002080B483B000AF0346FB710B4997F9073003F1C00251F8223023F48033AD
:20F2E00041F82230054A97F90730C03352F8233000BF0C37BD465DF8047B704700600040AD
:20F3000080B584B000AF0346FB7197F907301846FFF7D8FFBFF35F8F00BF97F90730FB60AD
:20F32000FB6803F01F02074997F907305B09012000FA02F2603341F8232000BF1037BD46B4
:20F3400080BD00BF00E100E080B584B000AF0346B9607A60FB73BB68DAB2094997F90F305E
:20F360001201D2B20B4483F8002397F90F3079681846FFF781FF00BF1037BD4680BD00BF80
:20F3800000E100E080B485B000AF0346FB7197F90730FB60FB6803F01F020749FB685B092F
:20F3A000012000FA02F241F8232000BF1437BD465DF8047B704700BF00E100E080B582B043
:20F3C00000AF0346FB7197F907301846FFF798FF97F907301846FFF7D5FF00BF0837BD4627
:20F3E00080BDFFFF80B485B000AF0346FB7197F90730FB60FB6803F01F020B4997F9073051
:20F400005B09012000FA02F2203341F82320BFF34F8F00BFBFF36F8F00BF00BF1437BD46DF
:20F420005DF8047B704700BF00E100E080B584B000AF786039607B68FB600023BB60FB6859
:20F440003A685A603B685A69FB68DA603B689A69FB685A61FB6800221A61FB6800221A7278
:20F460003968F86800F03EF93968F86800F0A4F9FB68034A1A60BB6818461037BD4680BDA4
:20F480004354520090B585B000AF786039600023FB607B68BB60002000F0E6F83B681B6859
:20F4A000DBB22C4C184600F08FFA0346A3703B685B68DBB2274C184600F086FA0346237103
:20F4C0003B689B68DBB2184600F07EFA03461A46204B02F03F02D2B29A713B689B69DBB229
:20F4E0001C4C184600F070FA034623723B68DB68DBB2184C184600F067FA0346A3723B6887
:20F500001B69DBB20133DBB2124C184600F05CFA034623733B685B69DBB2643BDBB21846BA
:20F5200000F052FA03461A460A4BDA81BB685B681B78002B05D1BB685B689B68184600F085
:20F54000ADF9012000F090F8FB6818461437BD4690BD00BF0030084080B586B000AF7860E7
:20F5600039607B687B6100233B617B695B6893F911301846FFF74AFEF860FB68002B0AD1A3
:20F580000221012000F04CF97B695B6893F911301846FFF713FF7B6900221A72314B9B78F7
:20F5A000DBB2184600F036FA03461A463B681A602C4B1B79DBB2184600F02CFA03461A46C5
:20F5C0003B685A60274B9B79DBB203F03F03DBB2184600F01FFA03461A463B689A60214BE0
:20F5E0001B7ADBB2184600F015FA03461A463B689A611C4B9B7ADBB2184600F00BFA0346A0
:20F600001A463B68DA60174B1B7BDBB2184600F001FA03465A1E3B681A61124BDB899BB2F2
:20F62000DBB2184600F0F6F9034603F164023B685A617B691B7ADBB2002BACD1FB68002BC3
:20F640000AD10221002000F0EBF87B695B6893F911301846FFF7C6FE3B6918461837BD46D9
:20F6600080BD00BF0030084080B483B000AF0346FB710E4AFB7903F00103D9B292F824301F
:20F6800061F3000382F82430084B93F82430C3F30003DBB21A46FB799A42F5D100BF00BFD9
:20F6A0000C37BD465DF8047B704700BF0030084080B400AF0A4A92F8243043F0020382F87B
:20F6C0002430074B93F82430C3F34003DBB2002BF7D100BF00BFBD465DF8047B704700BF61
:20F6E0000030084080B584B000AF786039607B685B68304A1B7882F828300121C82004F086
:20F7000095FA0020FFF7B0FF7B685B681B78012B07D1284B00225A853B685A68254B92B2CB
:20F720009A85244B002283F82420224B93F82430C3F3C013DBB2002BF7D1FFF7B9FF1D4BEF
:20F74000002283F822201B4B93F82230DBB2002BF9D1184A92F8243043F0400382F8243081
:20F76000144B93F82430C3F38013DBB2012BF7D10023FB7316E00F49FB7B03F1200211F80D
:20F78000123023F0800301F812300A4AFB7B203312F81330C3F3C013DBB2002BF5D1FB7B6F
:20F7A0000133FB73FB7B002BE5D000BF00BF1037BD4680BD0030084080B582B000AF7860E6
:20F7C00039603B6893F90F30002B08DB3B6893F90F003B689B7B7A681946FFF7B5FD3B6891
:20F7E00093F90D30002B08DB3B6893F90D003B681B7B7A681946FFF7A7FD3B6893F9113072
:20F80000002B08DB3B6893F911003B681B7C7A681946FFF799FD00BF0837BD4680BDFFFF57
:20F8200080B483B000AF03460A46FB711346BB71FB79002B14D0184B93F82230DAB216497A
:20F84000BB791343DBB281F82230134B93F82230DAB2BB791340DBB2BA799A42F5D114E022
:20F860000D4B93F82230DAB2BB79DB43DBB20A491340DBB281F82230074B93F82230DAB22F
:20F88000BB791340DBB2002BF6D100BF0C37BD465DF8047B704700BF0030084080B485B032
:20F8A00000AF78600023FB737B681B78BB737B685B787B737B689B783B737B685B68BB6083
:20F8C000334B93F82430C3F30013DBB21A46BB7B93421ED02E4B002283F82E202C4B93F8B6
:20F8E0002E30DBB2002BF9D1294ABB7B03F00103D9B292F8243061F3041382F82430244B77
:20F9000093F82430C3F30013DBB21A46BB7B9A42F5D1BB7B012B1ED11D4B93F82430C3F32C
:20F920004013DBB21A467B7B934214D0184A7B7B03F00103D9B292F8243061F3451382F8FA
:20F940002430134B93F82430C3F34013DBB21A467B7B9A42F5D13B7B9B01DAB2BB68DBB2FA
:20F9600003F03F03DBB21343FB73094AFB7B82F82E30074B93F82E30DBB2FA7B9A42F8D17E
:20F9800000BF00BF1437BD465DF8047B704700BF0030084080B582B000AFFFF757FC034631
:20F9A000FB7197F907301846FFF77AFC38603B6801221A7297F907301846FFF783FC00BF07
:20F9C0000837BD4680BDFFFF80B483B000AF0346FB71FB790E4AA2FB0323DB08DBB25BB2D3
:20F9E0001B0158B2FA790A4BA3FB0213D9080B469B000B445B00D31ADBB25BB203435BB215
:20FA0000DBB218460C37BD465DF8047B704700BFCDCCCCCC80B483B000AF0346FB71FB79FB
:20FA20001B09DBB21A46920013445B00DAB2FB7903F00F03DBB21344DBB218460C37BD4657
:20FA40005DF8047B7047FFFF80B584B000AF786039607B68FB60FB683A685A60386800F007
:20FA600029F8B860BB68002B01D0BB6803E0FB68034A1A60002318461037BD4680BD00BF37
:20FA80004D504C5280B584B000AF78607B68FB6000F008FA012004F09BFAF86800F040F9D8
:20FAA000B860012004F044FABB6818461037BD4680BDFFFF80B586B000AF786000237B61E4
:20FAC00000233B610023FB60012004F081FA00F0E9F97B681B78002B00F0D1807B681B782F
:20FAE000042B6BD17B68D3E908237149D3B281F802347B68D3E908014FF000024FF00003B8
:20FB0000020A42EA01620B0A6949D3B281F803347B68D3E908014FF000024FF00003020C15
:20FB200042EA01420B0C6249D3B281F804347B68D3E908014FF000024FF00003020E42EAF7
:20FB400001220B0E5A49D3B281F805347B68D3E90A235749D3B281F80A347B68D3E90A013D
:20FB60004FF000024FF00003020A42EA01620B0A4F49D3B281F80B347B68D3E90A014FF094
:20FB800000024FF00003020C42EA01420B0C4849D3B281F80C34FB6843F08003FB607B6867
:20FBA0009B7F03F00303FA681343FB607B685B7F9B0103F04003FA681343FB607B681B7807
:20FBC000032B3AD17B68D3E90423134301D101237B617B68D3E9042335491346C1F89830E0
:20FBE0007B68D3E904014FF000024FF000030A0000232F491346C1F888307B681B7F5B0097
:20FC00007A6913437B617B685B8B2A4AC3F3080399B2B2F8003261F30803A2F800327B689C
:20FC20001A8B234BD2B283F894207B681B8B1B0A9AB21F4BD2B283F895204FF480433B6144
:20FC40003B6943F400433B617B681B78002B7B681B78012B7B68D3E9022316491346C1F872
:20FC6000A0317B68D3E902014FF000024FF000030A0000230F491346C1F8A43102E04FF4FD
:20FC800080433B610A4B3A6992B29A81084B7A69D2B283F89220064BFA68D2B283F80024F1
:20FCA000012004F045F9002318461837BD4680BD00E001400060004080B483B000AF786032
:20FCC0007B68002B01D005231CE0114B1B78DBB2012B01D0052315E00E4B1B78DBB2012BE6
:20FCE00001D005230EE00C4B1B78DBB2012B01D0052307E0094B1B78DBB2012B01D0052301
:20FD000000E0002318460C37BD465DF8047B704738E0014032E001402AE001404AE001404F
:20FD200080B588B000AF78600023FB615A4B3B610023BB6100237B61584BFB60584B9B890C
:20FD4000C3F3C033DBB2012B62D1554B93F82630DBB2BB603B691B78DBB203F00303FB61CC
:20FD60004F4B93F8AA30C3F30003DBB2BB614C4B93F80034C3F3C013DBB2002B13D1484B14
:20FD800093F89230C3F30003DBB2012B07D1B868FFF792FF0346002B01D0052377E0002041
:20FDA00004F016F925E0002004F012F93C4A92F80E3423F0010382F80E34394B93F80634AE
:20FDC000374B002283F80624354B93F80734344B002283F80724324B93F80834304B00226C
:20FDE00083F808242E4B93F809342D4B002283F80924FB681B78DBB2DB0903F001037B619F
:20FE0000FB681B78DBB203F07F03DAB2FB681A707B685B681B78032B09D1214A92F8923079
:20FE200043F0800382F892301D4B93F89230BFF34F8F00BF30BF1A4A92F8923023F0800397
:20FE400082F89230164B9B89C3F3C033DBB2012B1CD100F027F8FB69DBB203F00303DAB20D
:20FE60003B691A70BB69DBB20D4A03F00103DBB282F8AA30FB681B78DAB27B69DBB213432B
:20FE8000DAB2FB681A70002004F052F8002318462037BD4680BD00BFA0E0014040E0014092
:20FEA00000E0014080B400AF064B93F8AA30C3F30013DBB2002BF7D100BF00BFBD465DF869
:20FEC000047B704700E0014080B483B000AF0346FB800A49FB881B0A9BB21A46FB88DBB239
:20FEE0001201134451F82330C3F34003DBB218460C37BD465DF8047B704700BF0008084038
:20FF000080B485B000AF0023FB60EFF310837B607B68FB600123BB60BB6883F3108800BF8E
:20FF20000D4B1B68002B05D10C4B0022DA700B4B4022DA70084B1B680133074A1360FB68EF
:20FF40003B603B6883F3108800BF00BF1437BD465DF8047B704700BF14480020000D08406E
:20FF600080B485B000AF0023FB60EFF310837B607B68FB600123BB60BB6883F3108800BF2E
:20FF80000F4B1B68002B04D00D4B1B68013B0C4A13600B4B1B68002B05D10A4B0022DA700A
:20FFA000084B8022DA70FB683B603B6883F3108800BF00BF1437BD465DF8047B704700BF3D
:20FFC00014480020000D084080B584B000AF786039607B68FB60FB68044A1A60386800F0CE
:20FFE00052F8002318461037BD4680BD54524F5080B584B000AFF8600B467A607B817B89CF
:020000040002F8
:200000001846FFF761FF0346DAB27B681A70002318461037BD4680BD80B487B000AF7860F0
:200020000B467B8013467B700023FB820023BB827B8823F0FF037B827B88DBB23B823B8A09
:20004000012202FA03F3FB817B78002B02D1FB89BB8201E0FB89FB827B8A1B0A9BB2DBB277
:200060005B0103F1804303F50023BB60BB8A1A04FB8A1A43BB689A60002318461C37BD46FE
:200080005DF8047B704780B584B000AF7860786800F060F87B68BB60FFF732FF0023FB81F9
:2000A00011E0BB685A68FB89DB0013449888BB685A68FB89DB0013441B68194600F00EF821
:2000C000FB890133FB81BB681B88FA899A42E8D3FFF746FF00BF1037BD4680BD80B483B024
:2000E00000AF03463960FB803B6803F48033002B1CD01749FB881B0A9BB21A46FB88DBB2CB
:2001000012011A4451F8223023F4803341F822300F48FB881B0A9BB21946FB88DBB23A6821
:2001200022F4803209010B4440F823200849FB881B0A9BB21A46FB88DBB2120113443A6861
:2001400041F8232000BF0C37BD465DF8047B70470008084080B588B000AF7860594B7B61CF
:20016000594B3B610023FB619FE00023BB6195E07B685A68FB69DB0013449A885349BB6970
:2001800031F813309A4240F086807B685A68FB69DB0013441B6803F0F853FB60FB68B3F183
:2001A000807F03D0FB68B3F1106F39D17B6993F8BB34DAB20121BB6901FA03F3DBB21340DC
:2001C000DBB2002B13D1012003F002FF7B6993F8BB34DAB20121BB6901FA03F3DBB213436A
:2001E000DAB27B6983F8BB24012003F0A1FE3B69BA69203213F81230C3F3C013DBB2002BDB
:2002000049D13A69BB6903F1200112F8113043F0800302F811300121C82003F007FD3AE091
:200220007B6993F8BB34DAB20121BB6901FA03F3DBB21340DBB2002B15D0012003F0C8FE46
:200240007B6993F8BB34DAB20121BB6901FA03F3DBB2DB43DBB21340DAB27B6983F8BB2428
:20026000012003F065FE3B69BA69203213F81230C3F3C013DBB2002B0DD03A69BB6903F1C8
:20028000200112F8113023F0800302F811300121C82003F0CBFCBB690133BB61BB69022B98
:2002A0007FF666AFFB690133FB617B681B881A46FB699342FFF459AF00BF00BF2037BD46CE
:2002C00080BD00BF00E00140003008400897020080B483B000AFEFF303837B607B683B6011
:2002E0003B88C3F308039BB2DBB2103BDBB25BB218460C37BD465DF8047B704780B483B025
:2003000000AF03463960FB7197F9073004493A6841F8232000BF0C37BD465DF8047B70471E
:200320001848002080B483B000AF0346FB7197F90730044A52F8233018460C37BD465DF8C7
:20034000047B70471848002080B483B000AF0346FB710B4997F9073003F1C00251F82230B0
:2003600023F4803341F82230054A97F90730C03352F8233000BF0C37BD465DF8047B7047F2
:200380000060004080B584B000AF0346FB7197F907301846FFF7D8FFBFF35F8F00BF97F90F
:2003A0000730FB60FB6803F01F02074997F907305B09012000FA02F2603341F8232000BFDC
:2003C0001037BD4680BD00BF00E100E080B584B000AF0346B9607A60FB73BB68DAB2094953
:2003E00097F90F301201D2B20B4483F8002397F90F3079681846FFF781FF00BF1037BD461D
:2004000080BD00BF00E100E080B485B000AF0346FB7197F90730FB60FB6803F01F02074969
:20042000FB685B09012000FA02F241F8232000BF1437BD465DF8047B704700BF00E100E052
:2004400080B582B000AF0346FB7197F907301846FFF798FF97F907301846FFF7D5FF00BF71
:200460000837BD4680BDFFFF80B485B000AF0346FB7197F90730FB60FB6803F01F020B4945
:2004800097F907305B09012000FA02F2203341F82320BFF34F8F00BFBFF36F8F00BF00BFD6
:2004A0001437BD465DF8047B704700BF00E100E080B586B000AF786039607B687B613B68F6
:2004C00093F902207B691A712A4A7B6993F90430C03352F823303B61264A7B6993F90430A7
:2004E000C033002142F823103B689A687B699A603B68DA687B69DA603B681A787B695A7111
:200500007B695B79FB731B4AFB7B0021D1543B681B791B01BB733B685B79DB01DAB2BB7BFE
:200520001343BB733B68DA78BB7B1343BB731149FB7BBA7BCA540F497B6993F90430C03376
:200540003A6941F823207B6993F90430002B08DB7B6993F904003B685B787A691946FFF7A8
:2005600035FF7B69044A1A60002318461837BD4680BD00BF006000405543490080B584B0E2
:2005800000AF78607B68FB60FB6893F904301846FFF756FF002318461037BD4680BD80B58D
:2005A00084B000AF78607B68FB60FB6893F90430002B0CDBFB6893F904301846FFF754FF43
:2005C000FB6893F9043000211846FFF797FEFB6800221A60002318461037BD4680BDFFFFE9
:2005E00080B586B000AFFFF773FE0346BB7597F916301846FFF796FE38610023FB753B6973
:200600005B79FB73174AFB7BD35CC3F30103DBB2BB73BB7B032B02D10123FB7504E097F9DE
:2006200016301846FFF790FE3B69002B0ED03B699B68002B0AD03B695B79BB603B69DB68BF
:200640007B603B699B683A1D10469847FB7D002B04D097F916301846FFF776FE00BF183769
:20066000BD4680BD0060004080B483B000AFEFF303837B607B683B603B88C3F308039BB2F2
:20068000DBB2103BDBB25BB218460C37BD465DF8047B704780B487B000AF0346FB710E4B91
:2006A0001B6A7B61FB797A6922FA03F303F007033B617B691B0E03F00703FB60074B1A689E
:2006C000FB689A403B6922FA03F318461C37BD465DF8047B704700BF00E00140A4490020FB
:2006E00080B483B000AF03463960FB7197F9073004493A6841F8232000BF0C37BD465DF80A
:20070000047B70471848002080B483B000AF0346FB7197F90730044A52F8233018460C3705
:20072000BD465DF8047B70471848002080B483B000AF0346FB710B4997F9073003F1C0020F
:2007400051F8223023F4803341F82230054A97F90730C03352F8233000BF0C37BD465DF8A9
:20076000047B70470060004080B584B000AF0346FB7197F907301846FFF7D8FFBFF35F8F44
:2007800000BF97F90730FB60FB6803F01F02074997F907305B09012000FA02F2603341F8AB
:2007A000232000BF1037BD4680BD00BF00E100E080B584B000AF0346B9607A60FB73BB684B
:2007C000DAB2094997F90F301201D2B20B4483F8002397F90F3079681846FFF781FF00BFA5
:2007E0001037BD4680BD00BF00E100E080B485B000AF0346FB7197F90730FB60FB6803F0AD
:200800001F020749FB685B09012000FA02F241F8232000BF1437BD465DF8047B704700BFBE
:2008200000E100E080B582B000AF0346FB7197F907301846FFF798FF97F907301846FFF75F
:20084000D5FF00BF0837BD4680BD80B584B000AF0346B9607A60FB7397F90F307A68B968F2
:200860001846FFF7A5FF97F90F301846FFF7DAFF00BF1037BD4680BD80B584B000AF78604E
:2008800039607B68FB603B681B7C1A46012303FA02F2FB68DA603968F86800F009F93968A1
:2008A000F86800F037F9FB68034A1A60002318461037BD4680BD00BF5450470080B485B073
:2008C00000AF78607B68FB60FB689B68FA68D2689A60002318461437BD465DF8047B7047FD
:2008E00080B485B000AF78607B68FB60FB689B68FA68D2685A60002318461437BD465DF8EA
:20090000047B704780B485B000AF78607B68FB60FB689B68FA68D268DA600023184614376B
:20092000BD465DF8047B704780B58CB000AFF860B9607A607B6803F003037B62FB683B6205
:200940004FF0FF337B610023BB6107F114027B68B968386A00F053FA386A00F09EF8F86199
:200960003B6A9B681B6BFB62BB69002B29D10223BB627B6803F00803002B01D00423BB6240
:200980007B6803F00203002B11D03B6A99687A69BB6A12339B000B445A603B6A9968BB6A0E
:2009A00001337A6912339B000B445A6009E03B6A99687A6ABB6A13447A6912339B000B4436
:2009C0005A607B6803F04003002B07D03B6A9B681A6C3B6A9B6842F480021A647B6A012B25
:2009E00008D0FB6A23F44033FB62BB691B04FA6A1343FB627B68022B09D1BB69002B06D06A
:200A000007F114020123B968386A00F0F8F97B6A002B08D0FB6A23F04073FB62BB691B064B
:200A2000FA6A1343FB623B6A9B68FA6A1A63FB6943F425431946386A00F024F80023184685
:200A40003037BD4680BD80B586B000AF786039607B687B617B699B685B6E3B613B69013381
:200A6000FB603B68FA689A60786900F03DFA02463B685A603B6801221A700023184618374F
:200A8000BD4680BD80B483B000AF7860396000BF0C37BD465DF8047B704780B483B000AFE9
:200AA0007860002318460C37BD465DF8047B704780B485B000AF786039607B683A685A6044
:200AC0007B6801221A747B68DB6803F00603002B02D07B6800221A743B681B7C1A460C4BDF
:200AE00013441B02FB60FA687B689A603B685A697B685A613B689A697B68DA617B6800221B
:200B00009A6100BF1437BD465DF8047B704700BF9016400080B592B000AF786039603B6863
:200B2000DB69BB6300237B63EFF31083BB61BB697B6301237B617B6983F3108800BF934B30
:200B40001A693B681B7C19464FF00043CB40DB438E4913400B618D4B1B697B6B3B613B69B6
:200B600083F3108800BF7B689B684FF425421A607B689B680022DA627B689B680022DA6315
:200B80007B689B6800229A643B681B7A3B633B6BDB057B643B685B68013BFB623B681B78DF
:200BA000032B03D17B6C43F480337B647B689B687A6CDA62786800F0EBF87B689B68BA6BBD
:200BC0009269DA617B689B68BA6BD2691A627B689B68FA6A9A667B689B68FA6A5A660023A6
:200BE000BB62BB6B9B6B3B644FF0FF33BB600023FB603B681B78002B06D13B685B685B0802
:200C0000013B7B627B6ABB603B681B78012B07D93B68D96807F108020023786800F0EFF8B9
:200C20007B689B68BA685A657B689B68BA689A653B681B78032B07D97B689B68BA68DA655B
:200C40007B689B68BA681A66FB681B04BA6A1343BB62FB681B06BA6A1343BB62BB6B9B6BAC
:200C6000002B1ED1BB6B1B78002B0AD0BB6B5B781946386800F04FF938623A6C3B6A134331
:200C80003B64BB6B9B78002B0BD0BB6BDB781946386800F040F9F861FB691B043A6C1343FD
:200CA0003B64786800F062F97B689B6800229A637B689B680022C3F88820BB6B9B6B002BA3
:200CC0000DD1BB6B93F820305B033A6C13433B64BB6B93F821305B073A6C13433B644FF4FA
:200CE000AA03FB63BB6B93F83030002B02D04FF4A003FB637B689B68FA6B1A643B681B7898
:200D0000012B07D17B689B680022DA647B689B6800221A657B689B683A6C5A637B689B68D3
:200D2000BA6A42F003021A637B689B68BA6A42F001021A637B689B687A68D268DA604AF2A7
:200D400001517868FFF79EFE3B6893F912003B685B7C7A68194600F03CF8BB6B93F92400D9
:200D6000BB6B93F822307A68194600F032F8BB6B93F92500BB6B93F823307A68194600F009
:200D800028F800BF4837BD4680BD00BF0040084080B483B000AF78607B689B684FF0004219
:200DA0001A617B689B684FF000425A617B689B684FF000429A617B689B6800225A627B688D
:200DC0009B6800229A6200BF0C37BD465DF8047B704780B584B000AF0346B9607A60FB73A0
:200DE00097F90F30002B06DB97F90F307A68B9681846FFF72AFD00BF1037BD4680BD80B451
:200E00008BB000AFF860B9607A603B60FB689B689B6EFB61FB690133FB61BB68002B0CBF2A
:200E200001230023FB76BA68FB699A422CBF01230023BB76FB7E002B02D1BB7E002B44D046
:200E40003B6803F00103002B07D1FB689B685B6BC3F30403DBB27B6206E0FB689B685B6B90
:200E6000C3F30443DBB27B62FB685B681B78032B09D97B6A03F01003002B0CBF012300231A
:200E800087F8233008E07B6A03F00C03042B0CBF0123002387F82330FB7E002B06D097F895
:200EA000233083F00103DBB2002B06D1BB7E002B07D097F82330002B03D07B6802225A60FD
:200EC0000CE07B6803225A6008E0BB687B617B69013B7B617B687A691A6000BF00BF2C3760
:200EE000BD465DF8047B704780B584B000AF78607B689B68DB6AC3F3C353DBB2FB73002062
:200F0000FFF7C8FBB860FB7BBA6822FA03F318461037BD4680BD80B485B000AF78600B4630
:200F2000FB70FB789A01FB781B01134343F48073BB600923FB607B681B78022B0BD07B6826
:200F40001B78032B02D10323FB6004E0FB78002B01D10623FB60BA68FB681343BB60BB688B
:200F600018461437BD465DF8047B704780B485B000AF78607B685B68DB69FB60FB6893F817
:200F8000303003F00103DBB2002B05D0FB689A6A7B689B68013ADA64FB6893F8303003F066
:200FA0000203DBB2002B05D0FB68DA6A7B689B68013A1A6500BF1437BD465DF8047B7047C0
:200FC00090B589B000AFF8600B467A60FB72FB689B69FB61FB69002B03D107F11003FB6167
:200FE00005E0FA6907F1100307CA83E80700FB69FA7A1A71FB697A689A60FB68DA69FB69AE
:201000001A60FB685B69F8699847FB689B69002B08D0FB689B691C4607F1100393E807002F
:2010200084E8070000BF2437BD4690BD80B584B000AFFFF719FB0346FB7397F90F301846CD
:20104000FFF774FB97F90F301846FFF75DFBB860BB685B681B78012B20D1B868FFF71DFDD2
:201060007860BB689B68BA68D2689A60BB689B6800229A64BB689B680022DA64BB689B682A
:2010800000221A657B6843F425431946B868FFF7F9FC97F90F301846FFF766FBBB685B6958
:2010A000002B04D000220021B868FFF789FF00BF1037BD4680BD80B483B000AFEFF303838C
:2010C0007B607B683B603B88C3F308039BB2DBB2103BDBB25BB218460C37BD465DF8047BFC
:2010E0007047FFFF80B487B000AF0346FB710E4B1B6A7B61FB797A6922FA03F303F007034C
:201100003B617B691B0E03F00703FB60074B1A68FB689A403B6922FA03F318461C37BD4653
:201120005DF8047B704700BF00E00140A449002080B400AF094B0122A3F80421074BB3F820
:2011400004319BB2002BF9D1044B0122A3F8002100BFBD465DF8047B704700BF00C00140DD
:2011600080B483B000AF03463960FB7197F9073004493A6841F8232000BF0C37BD465DF87F
:20118000047B70471848002080B483B000AF0346FB7197F90730044A52F8233018460C377B
:2011A000BD465DF8047B70471848002080B483B000AF0346FB710B4997F9073003F1C00285
:2011C00051F8223023F4803341F82230054A97F90730C03352F8233000BF0C37BD465DF81F
:2011E000047B70470060004080B584B000AF0346FB7197F907301846FFF7D8FFBFF35F8FBA
:2012000000BF97F90730FB60FB6803F01F02074997F907305B09012000FA02F2603341F820
:20122000232000BF1037BD4680BD00BF00E100E080B584B000AF0346B9607A60FB73BB68C0
:20124000DAB2094997F90F301201D2B20B4483F8002397F90F3079681846FFF781FF00BF1A
:201260001037BD4680BD00BF00E100E080B485B000AF0346FB7197F90730FB60FB6803F022
:201280001F020749FB685B09012000FA02F241F8232000BF1437BD465DF8047B704700BF34
:2012A00000E100E080B582B000AF0346FB7197F907301846FFF798FF97F907301846FFF7D5
:2012C000D5FF00BF0837BD4680BDFFFF80B485B000AF0346FB7197F90730FB60FB6803F0B9
:2012E0001F020B4997F907305B09012000FA02F2203341F82320BFF34F8F00BFBFF36F8F71
:2013000000BF00BF1437BD465DF8047B704700BF00E100E080B584B000AF0346B9607A60A2
:20132000FB7397F90F307A68B9681846FFF780FF97F90F301846FFF7B5FF00BF1037BD46BA
:2013400080BDFFFF80B584B000AF786039607B68FB600023BB60FB683A685A603B681B7858
:20136000002B23D03B685A68FB681A643B68DA68FB689A64FB6800225A64184B01221A766A
:201380003B6893F911003B681B7CFA681946FFF7C1FF124B98221A753B6893F913003B68D1
:2013A0009B7CFA681946FFF7B5FF05E00B4B00221A760A4B00221A75F86800F0B1FAB860A5
:2013C000BB68002B01D0BB6803E0FB68044A1A60BB6818461037BD4680BD00BF00E07F4057
:2013E0004E45504F80B586B000AFF860B9607A603B60FB683B6100237B613B685A083B6914
:201400009A633B69BA681A633B697A685A633B69002283F83C207B68B3F1006F04D238693F
:2014200006F06AFF786103E0386900F0C2F978617B6918461837BD4680BD80B588B000AF7F
:20144000F860B9607A60FB687B610023FB617B69002283F83C20BB68B3F1006F19D2002362
:20146000BB61BB68B3F5803F06D2BB6823F4FF5323F01F03BB6105E0BB6823F4FF4323F09D
:201480007F03BB617A68B969786906F031FFF8610EE0BB6823F03F033B617A6839697869E3
:2014A00000F0DAFAF861FB69002B01D0FB6900E0FB6918462037BD4680BD80B588B000AFF6
:2014C000F860B9607A603B60FB687B610023FB61BB68B3F1006F1DD27B69002283F83C2066
:2014E0003B6800221A70BB683B610023BB610CE03A69BB6913441B78FF2B03D03B6801223F
:201500001A700EE0BB690133BB61BA697B689A42EED306E03B687A68B968786900F090F956
:20152000F861FB6918462037BD4680BD80B483B000AF786039600B4BB3F884309BB203F07D
:201540008103002B03D13B6800221A7002E03B6801221A70002318460C37BD465DF8047BEC
:20156000704700BF00E07F4080B487B000AFF860B9601346FB80FB687B6100233B610623D0
:201580003B613B6918461C37BD465DF8047B704780B487B000AFF860B9607A60FB687B6128
:2015A00000233B6106233B613B6918461C37BD465DF8047B704780B485B000AF78607B68F1
:2015C000FB600023BB600623BB60BB6818461437BD465DF8047B704780B584B000AF7860E4
:2015E0007B68FB60F86806F09FFE034618461037BD4680BD80B584B000AF78600B46FB70E0
:201600001346BB707B68FB600023BB60BA78FB781946F86806F074FEB860BB68184610371E
:20162000BD4680BD80B485B000AF78607B68FB600023BB600623BB60BB6818461437BD46EB
:201640005DF8047B704780B584B000AF78607B68FB60F86800F064F9034618461037BD4633
:2016600080BDFFFF80B483B000AF786039603B68094A92E8030083E803003B68074A083398
:2016800092E8030083E80300002318460C37BD465DF8047B704700BF30970200700A0020EB
:2016A00080B584B000AF78607B68FB600023BB60FB6800221A60FB685B6893F91130002BA1
:2016C00006DBFB685B6893F911301846FFF7FEFD0B4B00221A76FB685B6893F91330002BBF
:2016E00006DBFB685B6893F913301846FFF7EEFD034B00221A75BB6818461037BD4680BDCE
:2017000000E07F4080B487B000AFF860B9607A603B60FB687B617B69BA681A647B697A68A1
:201720009A647B693A685A64002318461C37BD465DF8047B704780B485B000AF78600B46C4
:20174000FB700623FB60FB6818461437BD465DF8047B704780B485B000AF78600B46FB7054
:201760000623FB60FB6818461437BD465DF8047B704780B487B000AFF8600B467A60FB7241
:2017800006237B617B6918461C37BD465DF8047B704780B487B000AFF860B9607A603B6021
:2017A00006237B617B6918461C37BD465DF8047B704780B586B000AF786000237B61786830
:2017C00000F088FA78617B69002B01D07B6932E07B685B681B78002B06D07B68012283F82D
:2017E0003C2000233B6102E07B68DB683B613A690421786806F088FD78617B685B681B78F5
:20180000002B01D07B6916E018224FF48051786906F086FD78617B689B6B002B02D07B69A7
:20182000002BE4D006F078FDF8607B69002B01D1FB687B617B6918461837BD4680BDFFFF17
:2018400080B588B000AFF860B9607A603B60F86800F040FAF861FB69002B01D0FB6957E0A8
:201860002D4B002283F8D0202B4ABB681363BA687B681344284A013B5363284B71221A7005
:20188000264BD0221A70FB685B681B78002B08D0FB68032283F83C203B6802221A700023CC
:2018A00036E0FB685B697A689208013202FB03F3BB6108E0BB69002B02D11423FB610AE0A6
:2018C000BB69013BBB61144BD3F88030C3F3C033DBB2012BEED14FF4FC720021F86906F068
:2018E0001FFDF8610C4B93F8D430DBB2012B03D13B6801221A7002E03B6800221A7006F089
:201900000BFD7861FB69002B01D17B69FB61FB6918462037BD4680BD00E07F4000007E408F
:2019200080B586B000AF78607B68002283F83C201C20FFF7D7FB78611820FFF7D3FB386167
:201940003E4B012283F816247B693D4A934202D84FF4FB736EE07B6903F5742303F23F2343
:20196000384AA2FB03239B0CFB603B6903F5742303F23F23334AA2FB03239B0CBB60FB6831
:201980009BB2314A03F5F0539BB2A2F8E430BB6843F6B85202FB03F32C4AA2FB03239A0815
:2019A0007B689A60BB6840F6D86202FB03F3274AA2FB03239A087B68DA60BB685B00234AE6
:2019C000A2FB03239A087B681A61BB68542202FB03F31E4AA2FB03239A087B685A61BB682A
:2019E0004FF4FA2202FB03F3184AA2FB03239A087B689A61BB6844F2506202FB03F3134A95
:201A0000A2FB03239A087B685A62BB68104A02FB03F30E4AA2FB03239A087B681A62BB6813
:201A20000C4A02FB03F3094AA2FB03239A087B68DA61002318461837BD4680BD00E0014056
:201A4000FF083D0083DE1B4300E07F40ABAAAAAA80DE0F00A0F7030080B588B000AFF860C0
:201A6000B9607A600023FB61FB68BA681A63FB687A689A63F86800F02DF9F861FB69002B52
:201A800002D04FF4FA7336E0FB685B681B78002B06D0FB68022283F83C200023BB6102E075
:201AA000FB685B6ABB61164B0122A3F8E020BA694021F86806F02CFCF861FB685B681B78AF
:201AC000002B01D0FB6916E019224FF40051F86906F026FCF861FB689B6B002B02D0FB6945
:201AE000002BE4D006F018FC7861FB69002B01D17B69FB61FB6918462037BD4680BD00BF6B
:201B000000E07F4080B584B000AFFFF7D4FA0346BB7397F90E301846FFF736FBB8601E4BFF
:201B20001B7CDBB27B601C4BD3F880201B4B13403B607B6803F00803002B02D00423FB730D
:201B400019E07B6803F08003002B02D00523FB7311E07B6803F01003002B0AD03B6803F427
:201B60004053002B02D00723FB7304E00623FB7301E00723FB73B86806F0D6FB97F90E3094
:201B80001846FFF713FBFB7B1946B86800F06EF800BF1037BD4680BD00E07F404070F00013
:201BA00080B584B000AF0023FB73FFF784FA03467B7397F90D301846FFF7E6FAB86097F928
:201BC0000D301846FFF7F2FABB6893F83C30012B17D1BB689B6B002B0ED000220421B868C1
:201BE00006F092FB78607B68002B2BD0B86806F09BFB0723BB7325E00123BB730123FB7394
:201C000020E0BB6893F83C30022B0ED1BB689B6B002B05D000224021B86806F079FB11E077
:201C20000023BB730123FB730CE00123FB730E4B93F8D430DBB2012B02D10323BB7301E09A
:201C40000223BB73FB7B002B0AD006F065FBBB68002283F83C20BB7B1946B86800F006F8A1
:201C600000BF1037BD4680BD00E07F4080B586B000AF78600B46FB707B685B6C7B617B6967
:201C8000002B03D107F10C037B6106E07A6907F10C0392E8030083E803007B69FA781A70C7
:201CA0007B689A6C7B695A607B681B6C786998477B685B6C002B08D07B685B6C1A4607F1C4
:201CC0000C0393E8030082E8030000BF1837BD4680BDFFFF80B584B000AF78600023FB6050
:201CE0004FF49643BB607B685B681B78002B0DD07B685B6893F911301846FFF7D3FA7B68F5
:201D00005B6893F913301846FFF7CCFA0C4B4AF68022A3F8842008E0BB68002B02D14FF453
:201D2000FA7309E0BB68013BBB60054BB3F884309BB2802BF0D1FB6818461037BD4680BD23
:201D400000E07F4080B586B000AF786039607B687B6100F07DF93B685B683B613B691B78FB
:201D6000FB7397F90F30002B01DA0B2319E097F90F300E4A52F82330002B01D0082310E01E
:201D80007B69FA7B1A713B681B68002B05D03B681B681946786900F09BF97B69044A1A60A3
:201DA000002318461837BD4680BD00BF000000200043544480B584B000AF786039607B68ED
:201DC000FB60FB6893F90430184600F0EFF9F86800F0D2F93968F86800F07AF9F86800F080
:201DE0001DF90346002B01D0132300E0002318461037BD4680BDFFFF80B588B000AFF860F8
:201E0000B9607A607B80FB68FB61FB691B79FB7697F91B301F4A52F823307B6197F91B3014
:201E2000184600F0C3F9F86900F0A6F91A4B08221A74BB68002B02D0BA687B695A607B68C8
:201E4000002B02D07A687B699A607B69DB7823F03F03DBB2802B03D17B697A889A8109E043
:201E60007B69DB7823F03F03DBB2002B02D17B697A88DA81084B18221A74F86900F0CEF8D8
:201E80000346002B01D0132300E0002318462037BD4680BD000000200054004080B483B0B4
:201EA00000AF78600B46FB70062318460C37BD465DF8047B704780B483B000AF7860062370
:201EC00018460C37BD465DF8047B704780B584B000AF78607B68FB60F86800F09FF8034675
:201EE00018461037BD4680BD80B584B000AF78607B68FB60FB6893F90430184600F056F90F
:201F0000002318461037BD4680BDFFFF80B485B000AF786039607B68FB60FB6893F90430D1
:201F20001A461F4B53F82230BB603B6800221A603B6800225A60BB68DB7823F03F03DBB209
:201F4000002B1BD03B684FF480729A60BB68DB899BB2DAB23B68DA60BB68DB7823F03F0391
:201F6000DBB2802B14D13B684FF480321A60BB689B899BB21A463B685A6009E03B684FF412
:201F800080329A60BB68DB899BB21A463B68DA60002318461437BD465DF8047B704700BF6B
:201FA0000000002080B485B000AFF860B9607A603B60062318461437BD465DF8047B7047A3
:201FC00080B485B000AFF860B9607A603B60062318461437BD465DF8047B704780B586B038
:201FE00000AF78607B687B6100233B617B691B79FB7397F90F30184600F0D8F897F90F303A
:20200000054A002142F823107B6900221A603B6918461837BD4680BD0000002080B483B04B
:2020200000AF786009497B6893F9043003F1C00251F8223043F0807341F8223000231846A1
:202040000C37BD465DF8047B704700BF0060004080B584B000AF1A4B1B7883F00103DBB23C
:20206000002B29D0164B01221A700023FB60EFF310833B603B68FB6001237B607B6883F34A
:20208000108800BF0F4B1B680E4A23F4800313600C4B1B68FB68BB60BB6883F3108800BF5F
:2020A0004FF4C0720021084805F082FC074B064A5A61064B01221A7300BF1037BD4680BD23
:2020C000D547002000400840000000200054004080B582B000AF78603960386800F016F863
:2020E000084B08221A747B6893F904301946064A3B6842F82130034B18221A7400BF083741
:20210000BD4680BD005400400000002080B485B000AF78600023FB60FB681B017A681344A5
:20212000DB7823F03F03DBB2002B12D0FB681B017A681344DB899BB2FB72FB7A99B2FB6864
:202140001B017A6813440A46114609020A4492B2DA81FB685A1CFA601B017A6813449B78F0
:2021600023F03F03DBB2002BD6D100BF00BF1437BD465DF8047B704780B485B000AF786064
:202180007B6893F9043043F40043FB60064BDB899BB21A46FB689342F8D000BF00BF14379C
:2021A000BD465DF8047B70470054004080B483B000AF0346FB71084997F9073003F1C00264
:2021C00051F8223023F0807341F8223000BF0C37BD465DF8047B70470060004080B485B03A
:2021E00000AF786039607B68FB600C4AFB6813603B681A68FB689A603B685A68FB68DA60D1
:20220000FB6800225A60FB68054A1A60002318461437BD465DF8047B704700BFD8470020FB
:202220004347430080B588B000AFF8600B467A60FB72FB68FB610023BB6100233B61FB7A93
:20224000052B02D0FB7A062B0DD107F1100307F11402F97A786800F0B7F9B861BB69002B84
:2022600001D0BB6929E0FB7A184600F0F5F803461A46FB7A1146184600F006F90346002B7A
:2022800002D140F2931318E0012000F01AF8FB7A052B02D0FB7A062B06D13B6907F11402D2
:2022A000F97A786800F0CEF9FB7A0021184600F019F9012000F01AF8002318462037BD4620
:2022C00080BD80B582B000AF0346FB71012001F07FFEFB79012B05D1002001F043FB002082
:2022E00001F076FE00BF0837BD4680BD80B582B000AF0346FB71FB79012B07D1002001F0E7
:2023000017FE064B1B6A184600F07AF8012001F00FFE00BF0837BD4680BD00BF00E00140D5
:2023200080B483B000AF78601A4B1B68B3F5004F01D0002327E0184B93F83630DBB2002BC9
:2023400017D0154B93F83830DBB2002B11D0124B93F83230DBB2002B0BD00F4B93F82A308E
:20236000DBB2002B05D00C4B93F84A30DBB2002B01D1002307E07B6803F0EE43002B01D0DD
:20238000002300E0012318460C37BD465DF8047B704700BFA449002000E0014080B485B091
:2023A00000AF78600B46FB70FB78002B0BD07B68FB60FB6803F0443323F480030E4A93428F
:2023C00001D0002311E00D4B93F82A30DBB2002B05D10A4B93F84A30DBB2002B01D0012346
:2023E00000E0002303F00103DBB218461437BD465DF8047B704700BF4444044400E001406F
:2024000080B584B000AF7860104B93F84030FB737868FFF785FF0346002B03D0042001F052
:20242000A1FA0FE0FB7B19467868FFF7B7FF0346002B07D0064B1B68064A934202D8032070
:2024400001F090FA00BF1037BD4680BD00E00140A449002040420F0080B483B000AF03469D
:20246000FB71FB79074A52F823301B78DBB2002B0CBF01230023DBB218460C37BD465DF8AB
:20248000047B7047C097020080B487B000AF03460A46FB711346BB7116237B61FB7901225D
:2024A0009A407B691340002B01D0012312E00C4B93F83C30DBB23B61FB793A6922FA03F359
:2024C00003F00103FB60BB79FA689A420CBF01230023DBB218461C37BD465DF8047B70475A
:2024E00000E0014080B483B000AF03460A46FB711346BB71FB790A4A52F82330BA791A70F9
:20250000FB79074A52F823301B78DBB2BA799A42F6D100BF00BF0C37BD465DF8047B704714
:20252000C097020080B489B000AFF8600B467A60FB72114BFB61FB681B78002B01D10F4B31
:20254000FB61FB685B880133FA6902FB03F35B08BB61FB685B7801337B61BA697B69B2FBD6
:20256000F3F33B617B683A691A60002318462437BD465DF8047B704700366E01002D31016B
:2025800080B487B000AF78600023FB827B681B78002B01D10123FB827B685B88BB827B68AF
:2025A0005B787B82BB8A1B0203F47C52FB8A1B011A437B8A1343FB60FB6818461C37BD4659
:2025C0005DF8047B7047FFFF80B588B000AFF8607A603B600B46FB72F868FFF7D1FFB8618C
:2025E000FB7A052B02D1154BFB6101E0144BFB61FB691B889BB21A46BB69934209D0FB7A10
:202600001846FFF729FF0346002B02D040F291130FE0FB7A7A681946F868FFF783FF7861CC
:202620007B69002B01D07B6903E03B68BA691A60002318462037BD4680BD00BF28E0014093
:2026400048E0014080B584B000AFF8607A603B600B46FB72FB7A052B04D1094B3A6892B2BA
:202660001A8504E0064B3A6892B2A3F84820FB7A7968184601F0B0F900BF1037BD4680BD09
:2026800000E0014080B483B000AF0346FB7197F90730002B0CDBFB7903F01F02074997F90D
:2026A00007305B09012000FA02F2403341F8232000BF0C37BD465DF8047B704700E100E030
:2026C00080B483B000AFEFF303837B607B683B603B88C3F308039BB2DBB2103BDBB25BB2E0
:2026E00018460C37BD465DF8047B704780B483B000AF03463960FB7197F9073004493A6891
:2027000041F8232000BF0C37BD465DF8047B70471848002080B483B000AF0346FB7197F9D2
:202720000730044A52F8233018460C37BD465DF8047B70471848002080B483B000AF034669
:20274000FB710B4997F9073003F1C00251F8223023F4803341F82230054A97F90730C03343
:2027600052F8233000BF0C37BD465DF8047B70470060004080B584B000AF0346FB7197F92F
:2027800007301846FFF7D8FFBFF35F8F00BF97F90730FB60FB6803F01F02074997F90730C8
:2027A0005B09012000FA02F2603341F8232000BF1037BD4680BD00BF00E100E080B584B068
:2027C00000AF0346B9607A60FB73BB68DAB2094997F90F301201D2B20B4483F8002397F9BC
:2027E0000F3079681846FFF781FF00BF1037BD4680BD00BF00E100E080B485B000AF0346BE
:20280000FB7197F90730FB60FB6803F01F020749FB685B09012000FA02F241F8232000BF52
:202820001437BD465DF8047B704700BF00E100E080B582B000AF0346FB7197F9073018464F
:20284000FFF798FF97F907301846FFF7D5FF00BF0837BD4680BD80B584B000AF0346B96044
:202860007A60FB7397F90F307A68B9681846FFF7A5FF97F90F301846FFF7DAFF00BF103744
:20288000BD4680BD80B590B000AF786039607B68BB6200237B623B681B693B623B681B6879
:2028A00003F58023A8331B03FB61BB6AFA695A600023BB61EFF310833B613B69BB610123B2
:2028C000FB60FB6883F3108800BF8F4B5A683B681B68C3F10203012101FA03F3DB438A49EE
:2028E00013404B60884B5B68BB69BB60BB6883F3108800BFBB6A3A681A603B689A68BB6A0A
:20290000DA613B68DA68BB6A5A62BB6A00221A623B6A1A78BB6A1A7600220121B86A00F0B1
:2029200083FB3B6A1B7B1BB25B001AB23B6A1B7D1BB2DB001BB213431BB243F4E0731BB2BE
:202940009AB2FB69A3F840283B685B687B617B691B68013B1A046D4B13407A695268013ADE
:2029600012071A437B699B68013B1B021A437B69DB68013B1B031343BA6A127E1A43FB69F8
:20298000C3F8442800220221B86A00F04DFBFB69802283F85028FB6903F500734FF40072F4
:2029A0000021184605F004F80023FB632CE03B6A9A68FB6BDB0013449B79002B16D13B6A10
:2029C0001B69FA6B9A4211D2FB6B20331B01FA69D1183B6A9A68FB6BDB0013441A46386AED
:2029E00000F0F6F8402387F83B3002E0002387F83B30FA69FB6B134403F5026397F83B2056
:202A00001A70FB6B0133FB63FB6B1F2BCFD900237B6300233B632BE03B6A5A683B6B9B0067
:202A200013441B686FF0604293421ED23B6A5A683B6B9B0013441B68FB623B6A1B7B002BB1
:202A400004D1FB6A9A04324B1340FB62FB693A6B02F58072F96A43F822103B6B9B000F223D
:202A600002FA03F37A6B13437B633B6B01333B633B6A1B699B083A6B9A42CDD37B6BDA43E3
:202A8000FB69C3F8282400220021B86A00F0CCFAFA69B2F8403843F02003A2F84038FB695F
:202AA000B3F84038C3F34013DBB2002BF7D13B6893F915003B681B7DBA6A1946FFF7CBFEA9
:202AC0003B6893F916003B681B7DBA6A1946FFF7C2FE3B6893F917003B681B7DBA6A194639
:202AE000FFF7B9FEFB693E2283F84C28FB694FF0FF32C3F82C24BB6A064A9A607B6A1846E5
:202B00004037BD4680BD00BF004008400000FF030000FC1F4E41435280B58AB000AFF86000
:202B2000B9607A60FB68BB61BB691B681B697B61BB695B683B613A69BB68134403F502631F
:202B40001B78C3F3C013DBB2002B02D04EF663233AE0BB6820331B013A6913447A6819461E
:202B6000786900F035F87B689B7903F00F03D9B23A69BB6820331B011A44938861F30303C8
:202B800093807B689B797B62BB6820331B013A69134406333B627B680C33FB6107E0FA6924
:202BA000531CFB613B6A591C396212781A707B6A5A1E7A62002BF2D13A69BB68134403F545
:202BC000026380221A70002318462837BD4680BD80B489B000AFF860B9607A60FB681B7BE4
:202BE000FB750023FB61FB7D002B06D0FB7D022B0AD17B681B79002B06D17B681B689A0470
:202C0000114B1340BB610EE0FB7D022B06D17B681B79012B02D14FF00043FB617B681B68C5
:202C200023F06043BB617B685B799B073B61FA693B691A43BB691A43BB681A6000BF243731
:202C4000BD465DF8047B70470000FC1F80B489B000AFF860B9607A60FB685B68BB61BA69FF
:202C6000BB6820331B0113441B687B617B699B0F03F00103DAB27B685A71FB681B681B69E3
:202C80003B613B691B7BB969BA68203212010A441268C2F3C072D2B21343DBB203F00103A8
:202CA000DAB27B681A717B681B79002B06D17B699B0CC3F30A027B681A6004E07B6923F01C
:202CC00060427B681A60BA69BB6820331B0113449B88C3F30303DBB21A467B689A717B684C
:202CE0009B79082B02D97B6808229A710023FB6112E0BA69BB681B011A44FB69134403F2B9
:202D000006231B78D9B27A68FB6913440C330A461A70FB690133FB617B689B791A46FB6907
:202D20009342E6D3BA69BB68134403F5026344221A707B6800229A6000BF2437BD465DF8AA
:202D4000047B7047B0B58EB000AF786039607B681B6A7B637B6B002B02D13B687B6317E0D8
:202D60007B6B07F10C041D460FCD0FC40FCD0FC495E8030084E803007A6B3B6814461D4670
:202D80000FCD0FC40FCD0FC495E8030084E803007B68DB69786B98477B681B6A002B0CD08E
:202DA0007B681B6A1D4607F10C040FCC0FC50FCC0FC594E8030085E8030000BF3837BD46C2
:202DC000B0BD80B590B000AFFFF77AFC03461846FFF7B2FCFFF774FC034687F83B3097F982
:202DE0003B301846FFF796FC78633B4628220021184604F0DDFD0023FB637B6B5B683B63C7
:202E00003B6B93F84D38DBB2BB803B6B002283F84D283B6BB3F84238C3F30013DBB2002B30
:202E200022D0BB8843F020039BB2BB803B6B93F8533887F82F303B6B022283F853283B6B7F
:202E400093F85238C3F30403DBB2FB633B6B97F82F2083F853283A6BFB6B134403F502627D
:202E6000137823F0040313707B6B1B681B683B607B6B5B6A3B61FB6BFB603B461946786BD8
:202E8000FFF760FF7B6B1B681B69BB623B6BB3F84238C3F30013DBB2002B0AD0BB6A1B7DF0
:202EA000002B06D07B6B1B6893F915301846FFF7E9FB00BF4037BD4680BD80B590B000AF05
:202EC000FFF7FEFB03461846FFF736FCFFF7F8FB034687F83F3097F93F301846FFF71AFCAB
:202EE000B8634FF480633B81BB6B5B687B637B6B93F8533887F833307B6B002283F8532832
:202F00007B6B93F85238C3F30403DBB2FB627B6B97F8332083F853283B1D14331A46F96AEF
:202F2000B86BFFF793FEFB6A3B61BB6B1B681B687B60BB6B5B6A7B613B1D1946B86BFFF748
:202F400001FF7B6BB3F84238C3F30003DBB2002B04D097F93F301846FFF794FB00BF403709
:202F6000BD4680BD80B590B000AFFFF7A9FB03461846FFF7E1FBFFF7A3FB034687F83F300F
:202F800097F93F301846FFF7C5FBB86300233B81BB6B5B687B637B6B93F8533887F833307F
:202FA0007B6B012283F853287B6B93F85238C3F30403DBB2FB627B6B97F8332083F85328B2
:202FC0007A6BFB6A134403F5026300221A707A6BFB6A134403F5026300221A70FB6A3B619C
:202FE0003B8943F400639BB23B81BB6B1B681B687B60BB6B5B6A7B613B1D1946B86BFFF7CC
:20300000A1FE7B6BB3F84238C3F34003DBB2002B06D0BB6B1B6893F917301846FFF732FB82
:2030200000BF4037BD4680BD80B584B000AF78600B46FB701346BB707B685B68FB607B6806
:203040005B7BBA789A420DD00221786800F032F8FB68BA7883F858287B68BA785A737B683D
:2030600002221A737B681B7BFA789A421ED0FB78052B13D10221786800F01CF8FA68B2F850
:20308000403843F48063A2F84038FB68B3F84238C3F38023DBB2012BF7D104E0FB78194674
:2030A000786800F007F87B68FA781A7300BF1037BD4680BD80B485B000AF78600B46FB706D
:2030C0007B685B68FB60FA68B2F8403823F48063A2F84038FB7803F00303D9B2FA68B2F85C
:2030E000403861F30923A2F84038FB68B3F842389BB203F4E062FB781B029A42F5D100BFC7
:2031000000BF1437BD465DF8047B704780B487B000AF0346FB710E4B1B6A7B61FB797A6937
:2031200022FA03F303F007033B617B691B0E03F00703FB60074B1A68FB689A403B6922FAAE
:2031400003F318461C37BD465DF8047B704700BF00E00140A449002080B483B000AF0346EE
:203160003960FB7197F9073004493A6841F8232000BF0C37BD465DF8047B70471848002008
:2031800080B483B000AF0346FB710B4997F9073003F1C00251F8223023F4803341F82230A3
:2031A000054A97F90730C03352F8233000BF0C37BD465DF8047B70470060004080B584B0D0
:2031C00000AF0346FB7197F907301846FFF7D8FFBFF35F8F00BF97F90730FB60FB6803F0C2
:2031E0001F02074997F907305B09012000FA02F2603341F8232000BF1037BD4680BD00BF10
:2032000000E100E080B584B000AF0346B9607A60FB73BB68DAB2094997F90F301201D2B2C4
:203220000B4483F8002397F90F3079681846FFF793FF00BF1037BD4680BD00BF00E100E045
:2032400080B485B000AF0346FB7197F90730FB60FB6803F01F020749FB685B09012000FAD6
:2032600002F241F8232000BF1437BD465DF8047B704700BF00E100E080B582B000AF034667
:20328000FB7197F907301846FFF798FF97F907301846FFF7D5FF00BF0837BD4680BD80B5AE
:2032A00084B000AF0346B9607A60FB7397F90F307A68B9681846FFF7A5FF97F90F3018468A
:2032C000FFF7DAFF00BF1037BD4680BD80B586B000AF786039607B687B613B685B693B618C
:2032E0007B693A685A603B68DA687B699A613B681A697B691A627B690022DA614FF400734D
:20330000FB603B681B881A46FB6802FB03F303F1804303F5B8131A467B691A60396878699C
:2033200000F09EF83B6893F906003B685B7A7A69194600F0C5FA3B6893F907003B689B7A7B
:203340007A69194600F0BCFA3B6993F907003B695B7A7A69194600F0B3FA3B6993F90800BE
:203360003B699B7A7A69194600F0AAFA7B6900221A617B69034A9A60002318461837BD463F
:2033800080BD00BF4344415280B586B000AF786039603B687B617B683B610023FB6079692E
:2033A000386900F09BF97B691A683B691A61FB6818461837BD4680BD80B485B000AF786023
:2033C0007B68FB60FB681B68FA68928A1A80002318461437BD465DF8047B704780B485B0EE
:2033E00000AF78607B68FB60FB681B6800221A80002318461437BD465DF8047B704780B4D8
:2034000085B000AF786039607B68FB60FB681B681B88C3F3C033DBB21A463B681A700023AA
:2034200018461437BD465DF8047B704780B487B000AFF8600B467A60FB72FB687B617B6928
:203440001B6897F90B20103233F812309AB27B681A80002318461C37BD465DF8047B704754
:2034600080B48DB000AF786039603B685B697B623B689B785B03FB62FB6A43F41073FB628A
:203480007B6A9B78002B02D14FF4807300E00023FA6A1343FB627B6A9B783F2B02D04FF46F
:2034A000007300E00023FA6A1343FB627B6A1B79002B04D0FB6A43F08003FB6207E07B6AC3
:2034C0009B783F2B03D1FB6A43F40043FB62FB6A9AB27B689A827B6A9B781B0203F47C52D5
:2034E0007B6ADB7803F03F0313433B620023FB613B68DB785B00FA691343FB613B681B7950
:20350000DB03FA691343FB617B6A5B785B01FA691343FB617B6A1B78BB6100237B61EFF31A
:2035200010833B613B697B610123FB60FB6883F3108800BF214BDA683B681B88C3F1100372
:20354000012101FA03F3DB431C491340CB601B4BDB687B69BB60BB6883F3108800BFFB6A5A
:2035600099B27B681A6847F6FF530B409BB213807B681B683A6A92B21A827B681B68FA692E
:2035800092B2DA817B681B68BA69D2B21A73002387F82B307B6A9B79012B02D1012387F85A
:2035A0002B307B681B6897F82B2083F8D02000BF3437BD465DF8047B704700BF0040084006
:2035C00080B586B000AF786039600023FB6007F10C03184600F05AF83B681A683B685B68B0
:2035E00013433B6100237B613B6903F00053002B1ED0FA687B681B68D2B283F8DE203B686F
:203600001B6803F00053002B04D07B6943F480737B6103E07B6943F480637B613B689B6895
:2036200003F00053002B03D07B6943F001037B613B6903F08043002B1ED0FA687B681B6814
:20364000D2B283F8DF203B681B6803F08043002B04D07B6943F400737B6103E07B6943F429
:2036600000637B613B689B6803F08043002B03D07B6943F002037B617B681B687A6992B22C
:203680005A8200BF1837BD4680BDFFFF80B584B000AF78600420FFF739FDB860BB680D4A30
:2036A000A2FB03239B0941F2360202FB03F30A4AA2FB03239B0C0133FB60FB68062B01D88B
:2036C0000723FB607B68FA681A6000BF1037BD4680BD00BFD34D621083DE1B4380B58CB0DF
:2036E00000AF786039603B681B6823F0C043BB627B685B685B697B623B685B6823F0C0438E
:203700003B623B689B6823F0C043FB617B681B68BA6A92B29A807B681B683A6A92B29A82A2
:203720007B681B68FA6992B21A81BB6A1A0C7B681B6892B2DA803B6A1A0C7B681B6892B21D
:20374000DA82FB691A0C7B681B6892B25A8139687868FFF735FF3B68DB68BB610023FB85AE
:20376000BB69002B70D0BB691B89FB85BB691B8903F40063002B4BD07B681B68BA691289E6
:20378000A3F890207B681B68BA695289A3F89C207B681B68BA699289A3F89E20BB691B687F
:2037A0007B617B681B687A6992B2A3F894207B691B0C9AB27B681B6822F4C04292B2A3F89D
:2037C00096207B695B0FDAB27B681B6802F00302D2B283F89220BB695B683B617B681B6862
:2037E0003A6992B2A3F898203B691B0C9AB27B681B6822F4C04292B2A3F89A203B695B0F53
:20380000DAB27B681B6802F00302D2B283F89320BB691B8903F40073002B15D0BB69997C92
:20382000BB69DA7C7B681B680A43D2B283F8A6207B681B68BA69D289A3F8A8207B681B68E9
:20384000BA69128AA3F8AA207B681B68FA8DA3F890207B681B683A68128AA3F880207B6A48
:203860001B79002B22D07B681B681B889BB2FB60FB6823F01F03BA6ABA60BA68002A01D1F2
:20388000202203E0BA68B2FA82F2D2B29B1A1F33FB607B681B68FA6892B21A807B689A8A2E
:2038A000FB689BB213439AB27B689A827B68034ADA6000BF3037BD4680BD00BF434441520E
:2038C00080B582B000AF03463A60FB710B46BB7197F90730002B06DBB97997F907303A6898
:2038E0001846FFF7DCFC00BF0837BD4680BDFFFF80B400AF094B0122A3F80421074BB3F849
:2039000004319BB2002BF9D1044B0122A3F8002100BFBD465DF8047B704700BF00C00140F5
:2039200080B483B000AF0346FB710D4B93F8A030C3F30013DBB2002BF7D1094AFB7982F87F
:20394000A030074B93F8A030C3F30013DBB2002BF7D100BF00BF0C37BD465DF8047B704752
:2039600000E0014080B582B000AF0346FB71FB79042B14D1174B93F8AA30C3F30013DBB2B6
:20398000002BF7D1134B012283F8AA20114B93F8AA30C3F30013DBB2002BF7D115E00D4B17
:2039A00093F8AA30C3F30013DBB2002BF7D1094B002283F8AA20074B93F8AA30DBB2002B2F
:2039C000F9D1FB791846FFF7ABFF00BF0837BD4680BD00BF00E0014080B483B000AF78609F
:2039E00039607B68052B04D13B681B68064A536103E03B681B68044A936100BF0C37BD46CC
:203A00005DF8047B704700BF080B002080B483B000AF0D4B93F82630DBB27B600A4B1B6A98
:203A20001B0E03F007033B60084A7B6852F823203B6822FA03F3064A136000BF0C37BD4686
:203A40005DF8047B704700BF00E00140080B0020A449002080B500AF0B4B012283F81C21A6
:203A60000A4B0B4A1A62094B052283F82620FFF7CDFF084BF1221A73064B00221A72054BE0
:203A8000F0221A7300BF80BD00C0014000E00140111202200020004080B500AF0B4B0C4A34
:203AA0001A600A4B0B4A5A60084B4FF400429A60064B094ADA60054B4FF400421A61034BDA
:203AC000064A5A61FFF7A2FF00BF80BD080B0020002D310100127A0000366E0100E1F505AA
:203AE00080B500AF1B4B4AF20352A3F8FE23FFF7FFFEFFF7D1FF174B002283F81324154BE0
:203B0000092283F8A22000F031F8124B002283F83620104B93F83C30C3F30003DBB2012B10
:203B2000F7D10C4B41F211321A850A4B002283F82A20084B93F83C30C3F34013DBB2012B09
:203B4000F7D1FFF787FF034B4FF42542A3F8FE2300BF80BD00E0014080B483B000AF786062
:203B600000BF0C37BD465DF8047B704780B500AF184B93F88034DBB2002B07D1154B93F8B4
:203B80008134C3F30103DBB2012B1CD0114B93F88034DBB2002B0DD10E4B012283F8802445
:203BA0000121C82000F042F80A4B93F88034DBB2012BF9D1074B022283F88124054B0022B2
:203BC00083F8802404E04FF47A70FFF7C5FF00BF00BF80BD00E0014080B500AF074B0022C7
:203BE00083F82820012000F0F3F9054B002283F8BB24012000F09CF900BF80BD003008401F
:203C000000E0014080B483B000AF786000BF0C37BD465DF8047B704780B485B000AFF86095
:203C2000B9607A603B6000BE00BFFDE72DE9B04F90B000AFF861B9610023FB63FB69BA6916
:203C400002FB03F3BB63504B1B687B634F4A7B6BB2FBF3F33B63BB6B00223B617A61D7E928
:203C600004234FF000004FF00001590141EAD261500102460B463969B2EB0108796963EB84
:203C800001094FF000024FF000034FEA890343EA98734FEA880290469946D7E904120B46FB
:203CA00018EB03033B60134649EB03037B604FF000024FF00003D7E900894946CB00414645
:203CC00043EA51734146CA00C7E90A23D7E90A23012B08D2BA6A3B6BB2FBF3F37B627B6AB3
:203CE0009B08FB6344E03B6B9B00BA6BB2FBF3F3BB63BB6B0022BB60FA60D7E902894246F8
:203D00004B464FF000004FF00001590141EAD261500102460B464146541A494663EB010519
:203D20004FF000024FF00003AB0043EA9473A20014461D46434614EB030A4B4645EB030B5E
:203D40004FF000024FF000034FEACB0343EA5A734FEACA0292469B46C7E90AABD7E90A23CF
:203D6000012B02D2BB6AFB6302E04FF0FF33FB63FB6B002B02D0F86B00F00AF800BF403721
:203D8000BD46BDE8B08F00BFA449002000CA9A3BA0F101000028FBD1704700BF80B582B06E
:203DA00000AF0346FB71FB79074A52F82330002B06D0FB79044A52F82330FA791046984735
:203DC00000BF0837BD4680BDDC47002080B582B000AF144BB3F82031BB80124BB3F840313D
:203DE0009AB2BB8813407B800023FB710EE07A88FB7922FA03F303F00103002B03D0FB7978
:203E00001846FFF7CBFFFB790133FB71FB790D2BEDD9044A7B88A2F8303100BF0837BD46B1
:203E200080BD00BF0060004080B58AB000AF032000F0CEF8394B6FF0FF029A643B1D0C2287
:203E4000FF21184603F0B4FD00237B6221E0344A7B6A32F81330002B18D07B6A5B097B6137
:203E60007B6A03F01F033B617B699B0028333B4453F8242C01213B6901FA03F3DB431A4089
:203E80007B699B0028333B4443F8242C7B6A01337B627B6A5F2BDAD9224BBB6100233B62DD
:203EA00018E03B6A9B00BA691A443B6A9B0028333B4453F8243C13601B493B6A9B00283312
:203EC0003B4453F8242C3B6AA03341F823203B6A01333B623B6A022BE3D9032000F028F89D
:203EE0000023FB6112E00E4AFB6932F81330002B09D00B4AFB6932F813300C4A1946FB69E5
:203F0000C03342F82310FB690133FB61FB695F2BE9D900BF00BF2837BD4680BD00800040C0
:203F2000E89402007080004000E100E00060004080B487B000AF0346FB7100237B61EFF3C2
:203F40001083FB60FB687B6101233B613B6983F3108800BFFB791A4A32F813309BB2002B46
:203F600009D0FB79164A32F8132092B2013A91B2134A22F81310FB79114A32F813309BB252
:203F8000002B11D10F4BB3F8FE339AB20E4B13439AB2FB790D4931F81330DB439BB20949A4
:203FA00013409BB2A1F8FE337B69BB60BB6883F3108800BF00BF1C37BD465DF8047B704708
:203FC0009849002000E0014000A5FFFFDC97020080B487B000AF0346FB7100237B61EFF3F7
:203FE0001083FB60FB687B6101233B613B6983F3108800BFFB79164A32F813309BB2002BAA
:204000000FD1144BB3F8FE339AB2FB79124931F8133013439AB20F49104B13439BB2A1F86D
:20402000FE33FB790A4A32F8132092B2013291B2074A22F813107B69BB60BB6883F31088B2
:2040400000BF00BF1C37BD465DF8047B704700BF9849002000E00140DC97020000A5FFFF08
:2040600080B584B000AF78607B68FB60144B1B68002B02D1124B134A1A60114B1B68BB6004
:20408000FB68033323F00303FB600D4B1A68FB6813440D4A934207D903F092FC03460C227B
:2040A0001A604FF0FF3306E0054B1A68FB681344034A1360BB6818461037BD4680BD00BF1C
:2040C000A0490020A8EE0020A8EE002080B500AF00F00CF8F8F76EFD00BFFDE780B400AFB3
:2040E00000BE00BFBD465DF8047B704780B584B000AF3A4B4FF47002C3F88820374B384AFC
:204100009A600020F8F742FDFFF7EAFC0120F8F73DFD334B1B68A3F500633B603B6883F381
:204120000A8800BF2F4A304BD31A1A4600212E4803F03EFC2D4A2E4BD31A1A462D492C4802
:2041400003F046FC2C4A2D4BD31A9B107B600023FB6007E0294AFB6852F823309847FB68AF
:204160000133FB60FA687B689A42F3DBFFF74EFCFFF732FD0320FFF72BFF0023BB6009E0F2
:204180001F4ABB6808334FF6FF7122F81310BB680133BB60BB68052BF2D90320FFF7C8FEF7
:2041A0000320FFF715FF174B00225A60154B00229A60144B0022DA60124B00221A61032040
:2041C000FFF7B6FE0220F8F7E1FCFFF72DFE0020FFF718FD00BF1037BD4680BD00ED00E0E8
:2041E00000000100A4EE0020280B0020D00A002080010020E8A50200CC0A0020C80A0020A7
:20420000000D084000000E4080B588B000AF786000237B617B68002B22D00823DB437A68DD
:204220009A421BD808227B6813447B607B6803F00703002B14D07B6803F00703C3F10803E2
:204240003B613B69DB437A689A4204D87A683B6913447B6004E000237B6001E000237B60ED
:2042600001F066FC624B1B68002B01D100F048F97B68002BC0F2A9807B68002B00F0A58081
:204280005C4B1B687A689A4200F29F805A4BBB61594B1B68FB61FB69584A934203D3FB69CC
:2042A000574A934218D9574B574AF5215748FFF7B3FCFB69BB61FB691B68FB61FB694F4A3A
:2042C000934203D3FB694E4A934205D94D4B4E4AFB214E48FFF7A0FCFB695B687A689A422B
:2042E00003D9FB691B68002BE3D1414B1B68FA699A426AD0BB691B68082213447B617B69AC
:204300003E4A934203D37B693D4A934206D9404B3D4A40F205113D48FFF77EFCFB691A6816
:20432000BB691A60FB695B687A689A4206D9394B354A40F20D113548FFF76EFCFB695A68C5
:204340007B68D21A08235B009A421FD9FA697B681344FB60FB6803F00703002B06D02E4B62
:20436000294A4FF48B712948FFF756FCFB695A687B68D21AFB685A60FB697A685A60BB699C
:204380001A68FB681A60BB69FA681A60194B1A68FB695B68D31A174A1360164B1A681F4BA3
:2043A0001B689A4203D2134B1B681C4A1360FB695B6843F00042FB695A60FB6900221A6055
:2043C000174B1B680133164A136001F0BFFB7B6903F00703002B06D0124B0B4A40F2571118
:2043E0000A48FFF719FC7B6918462037BD4680BDB0E90020B4E90020A8E90020A84900204F
:20440000A7E90020E4970200349B020058980200989802000C99020040990200B8E9002037
:20442000BCE900207499020080B584B000AF78607B68FB607B68002B4CD008235B42FA6826
:204440001344FB60FB68BB60BB68244A934203D3BB68234A934206D9224B234A4FF4B57169
:204460002248FFF7D9FBBB685B68002B06DB204B1D4A40F26B111D48FFF7CEFBBB681B68CC
:20448000002B06D01B4B184A4FF4B6711748FFF7C3FBBB685B68002B1CDABB681B68002BFE
:2044A00018D1BB685B6823F00042BB685A6001F03FFBBB685A68104B1B6813440E4A1360EB
:2044C000B86800F077F80D4B1B6801330B4A136001F03CFB00BF1037BD4680BDA849002007
:2044E000A7E90020B0990200449B020058980200209A0200949A0200B4E90020C0E900207C
:2045000080B485B000AF4FF42043BB60244BFB60FB6803F00703002B0CD0FB680733FB6099
:20452000FB6823F00703FB60BA68FB68D31A1C4A1344BB60FB681B4A13601A4B00225A60DA
:20454000FA68BB6813447B6008227B689B1A7B607B6823F007037B607B68134A1360124B1C
:204560001B6800225A60104B1B6800221A60FB683B603B687A68D21A3B685A600A4B1A68BF
:204580003B681A603B685B68084A13603B685B68074A136000BF1437BD465DF8047B704711
:2045A000A8490020A8E90020B0E90020B8E90020B4E9002080B584B000AF7860304BFB603C
:2045C00002E0FB681B68FB60FB681B687A689A42F7D8FB682A4A93420ED0FB68294A934210
:2045E00003D3FB68284A934206D9284B284A4FF4FD712848FFF710FBFB68BB60FB685B68B1
:20460000BA6813447A689A4208D1FB685A687B685B681A44FB685A60FB687B607B68BB6008
:204620007B685B68BA681A44FB681B689A4218D1FB681A68184B1B689A420DD07B685A6880
:20464000FB681B685B681A447B685A60FB681B681A687B681A6008E00F4B1A687B681A60D0
:2046600003E0FB681A687B681A60FA687B689A4202D0FB687A681A6000BF1037BD4680BD1D
:20468000A8E90020A8490020A7E90020BC9A0200509B020058980200B0E9002080B483B051
:2046A00000AF78607B6803F108027B685A607B684FF0FF329A607B6803F108027B68DA60AA
:2046C0007B6803F108027B681A617B6800221A6000BF0C37BD465DF8047B704780B483B025
:2046E00000AF78607B6800221A6100BF0C37BD465DF8047B704780B485B000AF786039609A
:204700003B681B68BB60BB68B3F1FF3F03D17B681B69FB600CE07B680833FB6002E0FB6813
:204720005B68FB60FB685B681B68BA689A42F6D2FB685A683B685A603B685B683A689A6068
:204740003B68FA689A60FB683A685A603B687A681A617B681B685A1C7B681A6000BF143758
:20476000BD465DF8047B704780B485B000AF78607B681B69FB607B685B687A6892689A607D
:204780007B689B687A6852685A60FB685B687A689A4203D17B689A68FB685A607B6800221E
:2047A0001A61FB681B685A1EFB681A60FB681B6818461437BD465DF8047B704780B584B0BD
:2047C00000AF786039600123FB607B68BB60BB68002B06D13C4B3D4A40F237113C48FFF715
:2047E0001BFABB68002B5ED0BB68DB6B002B5AD0BB681A6CBB68DB6B0021A3FB0223002B49
:2048000000D001210B46002B4DD1F8F76FFBBB681A68BB68DB6BB968096C01FB03F31A44BF
:20482000BB689A60BB6800229A63BB681A68BB685A60BB681A68BB68DB6B013BB968096CB7
:2048400001FB03F31A44BB68DA60BB68FF2283F84420BB68FF2283F845203B68002B15D1B0
:20486000BB681B69002B1BD0BB681033184601F07DFC0346002B13D0164B4FF080525A60CA
:20488000BFF34F8F00BFBFF36F8F09E0BB6810331846FFF703FFBB6824331846FFF7FEFEAA
:2048A000F8F75CFB01E00023FB60FB68002B06D1094B064A4FF4B6710548FFF7ADF9FB6894
:2048C00018461037BD4680BD6C9B0200E09E0200749B020000ED00E0A09B020080B58AB0E0
:2048E00002AFF860B9601346FB710023FB61FB68002B2ED00021BA68FB68A3FB0223002B32
:2049000000D001210B46002B23D1FB68BA6802FB03F313F14D0F1CD8FB68BA6802FB03F3F1
:20492000BB61BB694C331846FFF76EFCF861FB69002B18D0FB697B617B694C337B61FA7938
:20494000FB69009313467A69B968F86800F016F809E0FB69002B06D1054B064A40F22A2139
:204960000548FFF759F9FB6918462037BD4680BDC49B0200F49E0200749B020080B584B0DA
:2049800000AFF860B9607A60FB70BB68002B03D1BB69BA691A6002E0BB697A681A60BB6949
:2049A000FA68DA63BB69BA681A640121B869FFF705FFBB6900229A6400BF1037BD4680BDCD
:2049C00080B582B000AF78607B68002B0ED07B6800229A607B6800221A607B680022DA6040
:2049E000002300220021786800F08AF800BF0837BD4680BD80B586B000AF0346FB710123CE
:204A00007B6100233B61FB791A4639697869FFF765FFF860F868FFF7D3FFFB6818461837BA
:204A2000BD4680BD90B585B000AF78607B68BB60BB68002B06D1134B134A40F2FB211348AE
:204A4000FFF7EAF8BB689C6801F0A6FD03469C4211D1BB68DB685A1EBB68DA60BB68DB6819
:204A6000002B05D1002300220021B86800F048F80123FB6001E00023FB60FB681846143795
:204A8000BD4690BDD09B0200089F0200749B020090B585B000AF786039607B68BB60BB68E4
:204AA000002B06D1134B144A40F237311348FFF7B3F8BB689C6801F06FFD03469C4207D11F
:204AC000BB68DB685A1CBB68DA600123FB600CE03968B86800F0B6FAF860FB68002B04D017
:204AE000BB68DB685A1CBB68DA60FB6818461437BD4690BDD09B0200249F0200749B0200DE
:204B000080B58AB000AFF860B9607A603B6000237B62FB683B623B6A002B06D1794B7A4A62
:204B200040F2B6317948FFF777F8BB68002B0AD13B6A1B6C002B06D0754B734A40F2B73149
:204B40007248FFF769F83B68022B0AD13B6ADB6B012B06D06F4B6C4A4FF46E716B48FFF771
:204B60005BF801F029FD0346002B00D009E07B68002B06D0684B644A40F2BB316348FFF79A
:204B80004BF8F8F7B3F93B6A9A6B3B6ADB6B9A4202D33B68022B49D13B6A9B6BFB613A685E
:204BA000B968386A00F062FBB8613B6A9B6C002B15D03B68022B02D1FB69002B32D1386A39
:204BC00000F0F4FC0346002B2CD0544B4FF080525A60BFF34F8F00BFBFF36F8F22E03B6A75
:204BE0005B6A002B11D03B6A2433184601F0BEFA0346002B16D0494B4FF080525A60BFF376
:204C00004F8F00BFBFF36F8F0CE0BB69002B09D0424B4FF080525A60BFF34F8F00BFBFF3DA
:204C20006F8F00BFF8F79AF9012366E07B68002B03D1F8F793F900235FE07B6A002B06D125
:204C400007F11003184601F06BFB01237B62F8F785F900F06DFFF8F749F93B6A93F84430F5
:204C60005BB2B3F1FF3F03D13B6A002283F844203B6A93F845305BB2B3F1FF3F03D13B6ABE
:204C8000002283F84520F8F769F93A1D07F110031146184601F05AFB0346002B25D1386A58
:204CA00000F0E9FB0346002B19D03B6A10337A681146184601F0ECF9386A00F067FB00F08A
:204CC00045FF0346002B7FF45CAF144B4FF080525A60BFF34F8F00BFBFF36F8F0CE0386AE7
:204CE00000F054FB00F032FF4BE7386A00F04EFB00F02CFF002300E043E718462837BD463F
:204D000080BD00BF6C9B0200409F0200749B0200E09B0200389C0200889C020000ED00E056
:204D200080B58EB000AFF860B9607A603B60FB683B633B6B002B06D14F4B504A40F291418A
:204D40004F48FEF769FFBB68002B0AD13B6B1B6C002B06D04B4B494A40F292414848FEF755
:204D60005BFF3B68022B0AD13B6BDB6B012B06D0454B424A40F293414148FEF74DFFF8F765
:204D80002BF9EFF31183BB61BB69FB621023FB61FB6983F3118800BF3B6B9A6B3B6BDB6B84
:204DA0009A4202D33B68022B59D13B6B93F8453087F82B303B6B9B6B7B623A68B968386BD9
:204DC00000F054FA97F92B30B3F1FF3F29D13B6B9B6C002B12D03B68022B02D17B6A002B61
:204DE0003AD1386B00F0E2FB0346002B34D07B68002B31D07B6801221A602DE03B6B5B6AB9
:204E0000002B29D03B6B2433184601F0AFF90346002B21D07B68002B1ED07B6801221A6099
:204E20001AE000F0AFFF386297F92B303A6A9A4212D997F92B307F2B06D1144B0F4A40F294
:204E40001F510F48FEF7E8FE97F82B300133DBB25AB23B6B83F8452001237B6301E000236D
:204E60007B63FB6A7B617B6983F3118800BF7B6B18463837BD4680BD6C9B0200549F020070
:204E8000749B0200E09B0200389C0200DC9C020080B58AB000AFF860B9607A6000237B62CB
:204EA000FB683B623B6A002B06D1604B604A40F2EA516048FEF7B0FEBB68002B0AD13B6A70
:204EC0001B6C002B06D05C4B594A40F2EE515948FEF7A2FE01F070FB0346002B00D009E0D0
:204EE0007B68002B06D0554B514A40F2F3515148FEF792FEF7F7FAFF3B6A9B6BFB61FB69AD
:204F0000002B21D0B968386A00F01AFAFB695A1E3B6A9A633B6A1B69002B11D03B6A103313
:204F2000184601F023F90346002B09D0444B4FF080525A60BFF34F8F00BFBFF36F8F00BFA1
:204F4000F8F70CF801236CE07B68002B03D1F8F705F8002365E07B6A002B06D107F11403C2
:204F6000184601F0DDF901237B62F7F7F7FF00F0DFFDF7F7BBFF3B6A93F844305BB2B3F15E
:204F8000FF3F03D13B6A002283F844203B6A93F845305BB2B3F1FF3F03D13B6A002283F8AF
:204FA0004520F7F7DBFF3A1D07F114031146184601F0CCF90346002B24D1386A00F045FAB9
:204FC0000346002B18D03B6A24337A681146184601F05EF8386A00F0D9F900F0B7FD03464A
:204FE000002B87D1164B4FF080525A60BFF34F8F00BFBFF36F8F13E0386A00F0C7F900F0CE
:20500000A5FD77E7386A00F0C1F900F09FFD386A00F01BFA0346002B3FF46CAF002300E04C
:2050200068E718462837BD4680BD00BF809D0200709F0200749B02008C9D0200889C0200D3
:2050400000ED00E080B58AB000AF7860396000237B627B68FB6100233B62FB69002B06D18F
:20506000704B714A40F284617048FEF7D5FDFB691B6C002B06D06E4B6B4A4FF4D1616B48A2
:20508000FEF7CAFD01F098FA0346002B00D009E03B68002B06D0674B634A40F28D616348D6
:2050A000FEF7BAFDF7F722FFFB699B6BBB61BB69002B26D0BB695A1EFB699A63FB691B6886
:2050C000002B04D101F06CFC0246FB699A60FB691B69002B11D0FB691033184601F046F8A9
:2050E0000346002B09D0544B4FF080525A60BFF34F8F00BFBFF36F8F00BFF7F72FFF0123FB
:205100008CE03B68002B03D1F7F728FF002385E07B6A002B06D107F10C03184601F000F9AE
:2051200001237B62F7F71AFF00F002FDF7F7DEFEFB6993F844305BB2B3F1FF3F03D1FB6924
:20514000002283F84420FB6993F845305BB2B3F1FF3F03D1FB69002283F84520F7F7FEFED7
:205160003A4607F10C031146184601F0EFF80346002B33D1F86900F068F90346002B27D086
:20518000FB691B68002B09D1F7F7B0FEFB699B68184601F02FFA3862F7F7E0FEFB69243387
:2051A0003A681146184600F073FFF86900F0EEF800F0CCFC0346002B7FF474AF1E4B4FF095
:2051C00080525A60BFF34F8F00BFBFF36F8F24E0F86900F0DBF800F0B9FC63E7F86900F0DC
:2051E000D5F800F0B3FCF86900F02FF90346002B3FF458AF3B6A002B0DD0F7F777FEF869AB
:2052000000F01CF87861FB699B687969184601F01BFBF7F7A3FE002300E043E7184628378A
:20522000BD4680BD809D0200809F0200749B0200009D0200889C020000ED00E080B485B0E2
:2052400000AF78607B685B6A002B06D07B681B6B1B68C3F10F03FB6001E00023FB60FB684F
:2052600018461437BD465DF8047B704780B586B000AFF860B9607A6000237B61FB689B6B2A
:205280003B61FB681B6C002B0DD1FB681B68002B4DD1FB689B68184601F03EFA7861FB6827
:2052A00000229A6043E07B68002B19D1FB685868FB681B6C1A46B96802F08AFBFB685A688D
:2052C000FB681B6C1A44FB685A60FB685A68FB689B689A422BD3FB681A68FB685A6026E0FC
:2052E000FB68D868FB681B6C1A46B96802F070FBFB68DA68FB681B6C5B421A44FB68DA601C
:20530000FB68DA68FB681B689A4207D2FB689A68FB681B6C5B421A44FB68DA607B68022B56
:2053200005D13B69002B02D03B69013B3B613B695A1CFB689A637B6918461837BD4680BD2F
:2053400080B582B000AF786039607B681B6C002B18D07B68DA687B681B6C1A447B68DA603F
:205360007B68DA687B689B689A4203D37B681A687B68DA607B68D9687B681B6C1A46386860
:2053800002F026FB00BF0837BD4680BD80B584B000AF7860F7F7AAFD7B6893F84530FB73E6
:2053A0001EE07B689B6C002B08D0786800F0FEF80346002B10D001F02FF80DE07B685B6A3B
:2053C000002B12D07B682433184600F0CFFE0346002B01D001F020F8FB7B013BDBB2FB7370
:2053E00097F90F30002BDCDC00E000BF7B68FF2283F84520F7F7B2FDF7F778FD7B6893F80A
:205400004430BB7311E07B681B69002B12D07B681033184600F0AAFE0346002B01D000F034
:20542000FBFFBB7B013BDBB2BB7397F90E30002BE9DC00E000BF7B68FF2283F84420F7F717
:205440008DFD00BF1037BD4680BD80B584B000AF7860F7F74BFD7B689B6B002B02D101234B
:20546000FB6001E00023FB60F7F778FDFB6818461037BD4680BD80B584B000AF7860F7F7E9
:2054800035FD7B689A6B7B68DB6B9A4202D10123FB6001E00023FB60F7F760FDFB68184630
:2054A0001037BD4680BDFFFF80B584B000AF786039600023BB607B68002B06D11D4B1E4AEB
:2054C00040F6CD311D48FEF7A7FB3B68002B24D00023FB601EE01A4AFB68DB0013445B68A2
:2054E0007A689A4205D1FB68DB00154A1344BB6013E0BB68002B0AD1114AFB6852F8333082
:20550000002B04D1FB68DB000D4A1344BB60FB680133FB60FB68312BDDD9BB68002B05D0FA
:20552000BB683A681A60BB687A685A6000BF1037BD4680BD7C9E0200949F0200749B0200C5
:20554000C4E9002080B586B000AFF860B9607A60FB687B61F7F7CAFC7B6993F844305BB236
:20556000B3F1FF3F03D17B69002283F844207B6993F845305BB2B3F1FF3F03D17B690022E3
:2055800083F84520F7F7EAFC7B699B6B002B06D17B6924337A68B968184600F09FFD786962
:2055A000FFF7F4FE00BF1837BD4680BD80B586B000AF78607B689B6C3B6100237B613B699A
:2055C000002B06D12B4B2C4A40F6FC412B48FEF723FB3B699A6B3B69DB6B9A4206D3284B29
:2055E000254A40F6FD412548FEF716FB3B699A6B3B69DB6B9A4238D23B6993F84530FB73CA
:205600003B1D002219463869FFF730FE786197F90F30B3F1FF3F0ED13B695B6A002B24D0FB
:205620003B692433184600F0A1FD0346002B1CD001237B6119E000F0A5FBB86097F90F30B3
:20564000BA689A4211D997F90F307F2B06D10D4B094A40F61D510948FEF7DEFAFB7B0133FB
:20566000DBB25AB23B6983F845207B6918461837BD4680BD849E0200A89F0200749B0200BE
:20568000989E0200DC9C020080B58AB004AFF860B9607A603B607B689B001846FEF7B4FDCE
:2056A00038613B69002B13D06C20FEF7ADFD78617B69002B08D06C220021786902F078F9C1
:2056C0007B693A691A6305E03869FEF7ADFE01E000237B617B69002B0DD0002303937B6937
:2056E00002937B6A01933B6A00933B687A68B968F86800F029F87B6918461837BD4680BD7C
:2057000080B588B002AFF860B9607A603B607B6A01933B6A00933B687A68B968F868FFF7D8
:20572000B3FF38613B69002B05D0386900F0A2F801237B6102E04FF0FF337B617B691846DE
:205740001837BD4680BDFFFF80B586B000AFF860B9607A603B60BB6A186B7B689B001A4636
:20576000A52102F025F9BB6A1A6B7B6803F18043013B9B0013443B613B6923F007033B61E8
:205780003B6903F00703002B06D0364B364A40F22E713648FEF740FABB6A3A695A64BB683F
:2057A000002B20D000237B6114E0BA687B69134493F90010BA6A7B69134434330A461A7042
:2057C000BA687B69134493F90030002B06D07B6901337B617B690F2BE7D900E000BFBB6A19
:2057E000002283F843203B6A0E2B06D9204B1E4A40F264711D48FEF70FFA3B6A0E2B01D9F7
:205800000E233B62BB6A3A6ADA62BB6A3A6A9A64BB6A04331846FEF761FFBB6A1833184611
:20582000FEF75CFFBB6ABA6A1A613B6AC3F10F02BB6A9A61BB6ABA6A5A62BB6A196B3B6879
:20584000FA683869F7F7F6FA0246BB6A1A607B6A002B02D07B6ABA6A1A6000BF1837BD460A
:2058600080BD00BFC89F020050A302000CA0020038A0020080B584B000AF7860F7F736FB37
:20588000414B1B680133404A1360404B1B68002B09D13E4A7B6813603B4B1B68012B10D1C1
:2058A00000F0E0FD0DE03A4B1B68002B09D1374B1B68DA6A7B68DB6A9A4202D8334A7B689A
:2058C0001360344B1B680133324A13607B68DA6A314B1B689A4203D97B68DB6A2E4A13603F
:2058E0007B68DA6A2D4913469B0013449B000B4404331B68FB607B68FA689A60FB689A681D
:205900007B68DA60FB689B687A6804325A607B681A1DFB689A607B68DA6A13469B00134449
:205920009B001E4A1A447B685A617B68DA6A1B4913469B0013449B000B441B687A68D26A07
:20594000591C164813469B0013449B0003441960F7F704FB0E4B1B68002B10D00B4B1B6821
:20596000DA6A7B68DB6A9A4209D20D4B4FF080525A60BFF34F8F00BFBFF36F8F00BF00BF64
:205980001037BD4680BD00BFF4EC002054EB002000ED002010ED0020FCEC002058EB0020CD
:2059A00000ED00E080B584B000AF78600023FB607B68002B13D000F0BBF8114B1B68012B0D
:2059C00006D0104B104A40F68E111048FEF724F90021786800F0FCFF00F0B8F8F860FB68B6
:2059E000002B09D10A4B4FF080525A60BFF34F8F00BFBFF36F8F00BF00BF1037BD4680BD7E
:205A00001CED002094A0020068A302000CA0020000ED00E080B58AB002AF0123FB610023DC
:205A20003B6100237B6113E01D4A7B69134493F900103A467B6913440A461A703A467B69A1
:205A4000134493F90030002B06D07B6901337B617B690F2BE8DD00E000BF0023BB6115E088
:205A6000104B3B61BB699B000F4A13443946019300230093002380223869FFF741FEF86103
:205A8000FB69002B06D0BB690133BB61BB69002BE6DD00E000BFFB6918462037BD4680BD23
:205AA000E0A002003164020018ED002080B582B000AFFFF7AFFF78607B68012B02D100F044
:205AC000F7FF78607B68012B12D101233B603B6883F3108800BF0F4B4FF0FF321A600E4B3A
:205AE00001221A600D4B00221A60F7F7E7F90AE07B68B3F1FF3F06D1094B0A4A40F6A961D9
:205B00000948FEF789F8094B1B6800BF0837BD4680BD00BF14ED002000ED0020F8EC0020B8
:205B2000E8A0020074A302000CA00200C49F020080B400AF044B1B680133034A136000BF47
:205B4000BD465DF8047B70471CED002080B588B000AF0023FB610023BB61F7F7C7F90023E3
:205B60003B61744B1B68002B06D1734B734A40F68B717348FEF750F86E4B1B68013B6D4A71
:205B800013606C4B1B68002B40F0CD806D4B1B68002B00F0C8808FE06B4BDB68DB68FB610B
:205BA000FB699B6AFB60FB69DB69FA69126A9A60FB691B6AFA69D2695A60FB685A68FB69D6
:205BC00018339A4203D1FB691A6AFB685A60FB6900229A62FB681B685A1EFB681A60FB69A4
:205BE0005B69BB60FB699B68FA69D2689A60FB69DB68FA6992685A60BB685A68FB6904338A
:205C00009A4203D1FB69DA68BB685A60FB6900225A61BB681B685A1EBB681A60FB69DA6AAD
:205C20004A4B1B689A4203D9FB69DB6A474A1360FB69DA6A464913469B0013449B000B447B
:205C400004331B687B60FB697A689A607B689A68FB69DA607B689B68FA6904325A60FB694F
:205C60001A1D7B689A60FB69DA6A13469B0013449B00374A1A44FB695A61FB69DA6A34495F
:205C800013469B0013449B000B441B68FA69D26A591C2F4813469B0013449B00034419601B
:205CA000FB69DA6A2B4B1B68DB6A9A4204D92A4A3B69012142F82310234B1B68002B7FF40F
:205CC0006BAFFB69002B01D000F04AFC234B1B687B617B69002B12D000F060F80346002B9A
:205CE00004D01D4A3B69012142F823107B69013B7B617B69002BEFD1184B00221A60164A0C
:205D00003B6952F82330002B0DD00123BB61114B1B68134B4FF080525A60BFF34F8F00BFA3
:205D2000BFF36F8F00BFF7F719F9BB6918462037BD4680BD1CED0020FCA0020088A30200E7
:205D40000CA00200F4EC0020B4EC0020FCEC002058EB002054EB002008ED002004ED0020E5
:205D600000ED00E080B483B000AF054B1B687B607B6818460C37BD465DF8047B704700BFC1
:205D8000F8EC002080B400AF034B1B681846BD465DF8047B704700BFF4EC002080B588B033
:205DA00000AF0023FB617D4B1B68002B40F0EB807B4B1B680133BB61794ABB691360BB698D
:205DC000002B1CD1774B1B681B68002B06D0764B764A41F25F217648FDF71EFF714B1B68A0
:205DE0007B61744B1B686F4A1360724A7B691360714B1B680133704A136000F0B1FB6F4B50
:205E00001B68BA699A42C0F0A980664B1B681B68002B04D1694B4FF0FF321A609EE0614BA8
:205E20001B68DB68DB683B613B695B68FB60BA69FB689A4203D2614AFB6813608EE03B6931
:205E40005B69BB603B699B683A69D2689A603B69DB683A6992685A60BB685A683B690433E7
:205E60009A4203D13B69DA68BB685A603B6900225A61BB681B685A1EBB681A603B699B6ACA
:205E8000002B1ED03B699B6A7B603B69DB693A69126A9A603B691B6A3A69D2695A607B68C0
:205EA0005A683B6918339A4203D13B691A6A7B685A603B6900229A627B681B685A1E7B6839
:205EC0001A603B69DA6A3E4B1B689A4203D93B69DB6A3B4A13603B69DA6A3A4913469B005C
:205EE00013449B000B4404331B683B603B693A689A603B689A683B69DA603B689B683A6900
:205F000004325A603B691A1D3B689A603B69DA6A13469B0013449B002A4A1A443B695A611A
:205F20003B69DA6A274913469B0013449B000B441B683A69D26A591C224813469B00134448
:205F40009B00034419603B69DA6A1F4B1B68DB6A9A427FF65AAF0123FB6156E71A4B1B68CD
:205F6000DA6A184913469B0013449B000B441B68012B01D90123FB61144B1B68002B07D05A
:205F80000123FB6104E0124B1B680133104A1360FB6918462037BD4680BD00BF1CED00207B
:205FA000F8EC0020ACEC00204CA1020098A302000CA00200B0EC00200CED002014ED002055
:205FC000FCEC002058EB002054EB002008ED002004ED002080B582B000AF254B1B68002B9D
:205FE00003D0244B01221A603EE0224B00221A60214B1B687B600CE07B68002B06D11F4B96
:206000001F4A41F2FA311F48FDF706FE7B68013B7B601D497A6813469B0013449B000B44E3
:206020001B68002BE8D07A6813469B0013449B00154A13443B603B685B685A683B685A605C
:206040003B685A683B6808339A4203D13B68DA683B685A603B685B68DB680C4A1360064A49
:206060007B681360094B1B6800BF0837BD4680BD1CED002008ED0020FCEC0020C4A1020008
:20608000ACA302000CA0020058EB002054EB002080B582B000AF786039607B68002B06D1D3
:2060A0000A4B0B4A4FF4A4510A48FDF7B5FD0A4B1B68183319467868FEF71DFB01213868D5
:2060C00000F086FC00BF0837BD4680BDD4A10200C0A302000CA0020054EB002080B586B0BC
:2060E00000AFF860B9607A60FB68002B06D11B4B1B4A41F2BE411B48FDF78EFDFB685B683C
:206100007B61194B1B687A69DA61174B1B687A6992681A62144B1A687B699B6818325A6094
:20612000114B1B6803F118027B699A600E4B1B68FA689A62FB681B685A1CFB681A607B683E
:20614000002B02D04FF0FF33BB607968B86800F03FFC00BF1837BD4680BD00BFD4A1020006
:20616000D8A302000CA0020054EB002080B588B000AF78607B68DB68DB68BB61BB69002BCD
:2061800006D15E4B5E4A41F2F5415E48FDF744FDBB699B6A7B61BB69DB69BA69126A9A608D
:2061A000BB691B6ABA69D2695A607B695A68BB6918339A4203D1BB691A6A7B695A60BB69EF
:2061C00000229A627B691B685A1E7B691A604E4B1B68002B61D1BB695B69FB60BB699B6881
:2061E000BA69D2689A60BB69DB68BA6992685A60FB685A68BB6904339A4203D1BB69DA6874
:20620000FB685A60BB6900225A61FB681B685A1EFB681A60BB69DA6A3C4B1B689A4203D9FB
:20622000BB69DB6A394A1360BB69DA6A384913469B0013449B000B4404331B68BB60BB69E8
:20624000BA689A60BB689A68BB69DA60BB689B68BA6904325A60BB691A1DBB689A60BB69CA
:20626000DA6A13469B0013449B00294A1A44BB695A61BB69DA6A264913469B0013449B0087
:206280000B441B68BA69D26A591C214813469B0013449B00034419601BE01E4B5B683B6186
:2062A000BB693A69DA613B699A68BB691A623B699B68BA6918325A60BB6903F118023B69F2
:2062C0009A60BB69134A9A62124B1B680133114A1360BB69DA6A104B1B68DB6A9A4205D920
:2062E0000123FB610D4B01221A6001E00023FB61FB6918462037BD4680BD00BF0CA2020001
:20630000F8A302000CA002001CED0020FCEC002058EB0020B4EC002054EB002008ED00206A
:2063200080B483B000AF7860064B1A687B681A60054B1A687B685A6000BF0C37BD465DF876
:20634000047B70470CED0020F8EC002080B586B000AF786039607B68002B06D1284B294A94
:2063600041F2A5512848FDF757FC3B68002B06D1264B244A41F2A6512348FDF74DFCF6F7FA
:20638000B5FD234B1B683B617B685B683A69D31AFB603B681B68B3F1FF3F02D100237B6153
:2063A00026E07B681A681B4B1B689A420AD07B685B683A699A4205D301237B613B68002211
:2063C0001A6015E03B681B68FA689A420BD23B681A68FB68D21A3B681A607868FFF7A0FF07
:2063E00000237B6104E03B6800221A6001237B61F6F7B4FD7B6918461837BD4680BD00BF4D
:206400001CA2020014A402000CA0020028A20200F8EC00200CED002080B400AF034B012217
:206420001A6000BFBD465DF8047B704708ED002080B582B000AF786000F054F8074B1B6881
:20644000012BF9D9064B4FF080525A60BFF34F8F00BFBFF36F8F00BFEEE700BF58EB00206D
:2064600000ED00E080B582B000AF00237B600CE07A6813469B0013449B00124A1344184676
:20648000FEF70CF97B6801337B607B680E2BEFD90D48FEF703F90D48FEF700F90C48FEF75A
:2064A000FDF80C48FEF7FAF80B48FEF7F7F80B4B054A1A600A4B054A1A6000BF0837BD4637
:2064C00080BD00BF58EB002084EC002098EC0020B4EC0020C8EC0020E0EC0020ACEC0020F1
:2064E000B0EC002080B582B000AF19E0F6F7FEFC104BDB68DB687B607B6804331846FEF7C1
:2065000033F90D4B1B68013B0B4A13600B4B1B68013B0A4A1360F6F721FD786800F010F8B1
:20652000064B1B68002BE1D100BF00BF0837BD4680BD00BFC8EC0020F4EC0020DCEC002032
:2065400080B582B000AF78607B681B6B1846FDF76BFF7868FDF768FF00BF0837BD4680BDAF
:2065600080B400AF0A4B1B681B68002B04D1094B4FF0FF321A6005E0054B1B68DB681B6821
:20658000044A136000BFBD465DF8047B704700BFACEC002014ED002080B483B000AF054BEF
:2065A0001B687B607B6818460C37BD465DF8047B704700BF54EB002080B483B000AF0B4BE1
:2065C0001B68002B02D101237B6008E0084B1B68002B02D102237B6001E000237B607B68BD
:2065E00018460C37BD465DF8047B704700ED00201CED002080B586B000AF78607B683B61C5
:2066000000237B617B68002B7BD03B69DA6A3F4B1B68DB6A9A426BD23B699B69002B06DB1B
:206620003A4B1B68DB6AC3F10F023B699A613B6959693B69DA6A13469B0013449B00344AF7
:20664000134499424CD13B6904331846FEF78CF82E4B1B68DA6A3B69DA623B69DA6A2D4BB9
:206660001B689A4203D93B69DB6A2A4A13603B69DA6A274913469B0013449B000B4404334B
:206680001B68FB603B69FA689A60FB689A683B69DA60FB689B683A6904325A603B691A1D05
:2066A000FB689A603B69DA6A13469B0013449B00174A1A443B695A613B69DA6A14491346F3
:2066C0009B0013449B000B441B683A69D26A591C0F4813469B0013449B000344196004E026
:2066E0000A4B1B68DA6A3B69DA6201237B6108E03B699A6C054B1B68DB6A9A4201D2012321
:206700007B617B6918461837BD4680BD54EB002058EB0020FCEC002080B586B000AF786010
:206720007B683B6100237B617B68002B78D03F4B1B683A699A4206D03D4B3E4A41F6282193
:206740003D48FDF769FA3B69DB6C002B06D13B4B384A41F629213848FDF75EFA3B69DB6C30
:206760005A1E3B69DA643B69DA6A3B699B6C9A4256D03B69DB6C002B52D13B6904331846B8
:20678000FDF7F2FF3B699A6C3B69DA623B69DB6AC3F10F023B699A613B69DA6A284B1B685F
:2067A0009A4203D93B69DB6A254A13603B69DA6A244913469B0013449B000B4404331B6812
:2067C000FB603B69FA689A60FB689A683B69DA60FB689B683A6904325A603B691A1DFB68E4
:2067E0009A603B69DA6A13469B0013449B00154A1A443B695A613B69DA6A124913469B007E
:2068000013449B000B441B683A69D26A591C0D4813469B0013449B000344196001237B6165
:206820007B6918461837BD4680BD00BF54EB002050A202002CA402000CA0020068A20200E9
:20684000FCEC002058EB002080B588B000AF786039607B68BB6101237B617B68002B00F043
:206860008D80BB69DB6C002B06D1464B464A41F686214648FDF7D0F9BB699B6C3A689A42AB
:2068800002D93B68FB6102E0BB699B6CFB61BB69DB6AFA699A4271D0BB69DB6C7A699A42A2
:2068A0006CD13B4B1B68BA699A4206D1394B364A41F6A1213548FDF7AFF9BB69DB6A3B61A1
:2068C000BB69FA69DA62BB699B69002B04DBFB69C3F10F02BB699A61BB6959693A69134699
:2068E0009B0013449B002C4A1344994246D1BB6904331846FDF738FFBB69DA6A274B1B680B
:206900009A4203D9BB69DB6A244A1360BB69DA6A214913469B0013449B000B4404331B68B4
:20692000FB60BB69FA689A60FB689A68BB69DA60FB689B68BA6904325A60BB691A1DFB6882
:206940009A60BB69DA6A13469B0013449B00124A1A44BB695A61BB69DA6A0F4913469B00A2
:2069600013449B000B441B68BA69D26A591C0A4813469B0013449B000344196000BF203771
:20698000BD4680BD68A2020044A402000CA0020054EB002080A2020058EB0020FCEC002025
:2069A00080B483B000AF094B1B687B607B68002B04D07B68DB6C5A1C7B68DA647B6818462B
:2069C0000C37BD465DF8047B704700BF54EB002080B588B000AF786039602F4B1B68FB61E2
:2069E0002E4B1B68BB612E4B1B687B612D4B1B6804331846FDF7B8FE7B68B3F1FF3F24D1B3
:206A00003B68002B21D0284B5B683B61254B1B683A699A60234B1B683A699268DA60214B21
:206A20001A683B699B6804325A601E4B1B681A1D3B699A601B4B1B681B4A5A611A4B1B688B
:206A40000133194A136000BF22E0FA697B681344FB60144B1B68FA685A60FA68FB699A42D3
:206A600007D2104B1B68043319467869FDF743FE0EE00C4B1B6804331946B869FDF73BFE07
:206A80000A4B1B68FA689A4202D2084AFB68136000BF2037BD4680BDF8EC0020ACEC0020D2
:206AA000B0EC002054EB0020E0EC002014ED002080B584B002AF00237B6000F0B3FA0F4B9F
:206AC0001B68002B0AD00E4B019303230093002380220C490C48FEF713FE78607B68002B2E
:206AE00006D10A4B0A4A4FF4A3710A48FDF794F87B6818460837BD4680BD00BF50ED002011
:206B000054ED002068A40200756C020070A4020064A5020078A4020080B588B002AFF8606E
:206B2000B9607A603B602820FDF76EFB78617B69002B0DD07B69002283F824207B69019320
:206B40003B6A00933B687A68B968F86800F006F87B6918461837BD4680BDFFFF80B584B0D1
:206B600000AFF860B9607A603B60BB68002B06D1144B154A40F2A9111448FDF74DF800F02C
:206B800051FAFB69FA681A60FB69BA689A61FB693A68DA61FB69BA691A62FB6904331846AC
:206BA000FDF79CFD7B68002B08D0FB6993F8243043F00403DAB2FB6983F8242000BF103730
:206BC000BD4680BDA4A402007CA5020078A4020080B584B000AFF860B9607A6008E0FB683C
:206BE0009B69BA681344BB60FB681B6AF8689847FB689A69BB68D118BB687A68F86800F00F
:206C0000E1F80346002BEAD100BF00BF1037BD4680BDFFFF80B584B000AF78603960144B81
:206C20001B68DB68DB68FB60FB6804331846FDF79BFDFB6893F8243003F00403002B05D030
:206C40003A687968F868FFF7C3FF08E0FB6893F8243023F00103DAB2FB6883F82420FB6847
:206C60001B6AF868984700BF1037BD4680BD00BF48ED002080B584B000AF786007F1080303
:206C8000184600F05BF8F860BB681946F86800F005F800F0D9F800BFF0E7FFFF80B584B06E
:206CA00000AF78603960FEF743FF07F10803184600F068F8F860BB68002B31D13B68002B56
:206CC0000AD17A68FB689A4206D8FEF73FFFF9687868FFF79FFF26E03B68002B08D0144BC7
:206CE0001B681B68002B01D1012300E000233B60104B18687A68FB68D31A3A681946FEF7CC
:206D000021FCFEF723FF0346002B0CD10A4B4FF080525A60BFF34F8F00BFBFF36F8F02E0ED
:206D2000FEF714FFFFE700BF1037BD4680BD00BF4CED002050ED002000ED00E080B485B074
:206D400000AF78600E4B1B681B68002B01D1012200E000227B681A607B681B68002B05D167
:206D6000074B1B68DB681B68FB6001E00023FB60FB6818461437BD465DF8047B704700BF65
:206D800048ED002080B584B000AF7860FEF7EAFFF8600B4B1B68FA689A4205D200F01CF985
:206DA0007B6801221A6002E07B6800221A60044AFB681360FB6818461037BD4680BD00BFC7
:206DC00058ED002080B586B000AFF860B9607A603B6000237B61FB68BA685A60FB68FA684B
:206DE0001A61BA687B689A4212D87A683B68D21AFB689B699A4202D301237B611BE0104B6E
:206E00001A68FB68043319461046FDF774FC12E07A683B689A4206D2BA683B689A4202D39C
:206E200001237B6107E0074B1A68FB68043319461046FDF760FC7B6918461837BD4680BD27
:206E40004CED002048ED002080B586B000AF3B1D00221A605A609A60A5E07B68002BC0F27D
:206E6000A280FB687B617B695B69002B04D07B6904331846FDF778FC3B461846FFF782FFD3
:206E800038617B68013B082B00F28A8001A252F823F000BFB96E0200B96E0200216F020068
:206EA000356F0200776F0200B96E0200B96E0200216F0200356F02007B6993F8243043F0C4
:206EC0000103DAB27B6983F82420BA687B699B69D118BB683A697869FFF774FF0346002B08
:206EE00060D07B6993F8243003F00403002B09D0BA687B699B6913443A6919467869FFF767
:206F000067FE08E07B6993F8243023F00103DAB27B6983F824207B691B6A7869984741E0D1
:206F20007B6993F8243023F00103DAB27B6983F8242038E07B6993F8243043F00103DAB2AA
:206F40007B6983F82420BA687B699A617B699B69002B06D11C4B1D4A4FF482611C48FCF758
:206F60005BFE7B699A693B69D1183B693A697869FFF728FF17E07B6993F8243003F002034D
:206F8000002B03D17869FDF74FFA0CE07B6993F8243023F00103DAB27B6983F8242002E0FD
:206FA00000BF00E000BF0B4B1B68391D00221846FDF76EFF0346002B7FF44FAF00BF00BF00
:206FC0001837BD4680BD00BF34A5020094A5020078A4020050ED002080B582B000AF09E0D3
:206FE0000E4B1B68DB681B683B604FF0FF313868FFF710FE094B1B681B68002BF0D1074BA9
:207000001B687B60064B1B68044A1360044A7B68136000BF0837BD4680BD00BF48ED002087
:207020004CED002080B500AFF5F760FF124B1B68002B1DD11148FDF731FB1148FDF72EFBE0
:20704000104B0E4A1A60104B0D4A1A6000220C210A20FDF743FC0346074A1360064B1B684A
:20706000002B05D0044B1B6808491846FEF71CFAF5F774FF00BF80BD50ED002020ED00209F
:2070800034ED002048ED00204CED00205CA5020081F0004102E000BF83F0004330B54FEAD7
:2070A00041044FEA430594EA050F08BF90EA020F1FBF54EA000C55EA020C7FEA645C7FEA1F
:2070C000655C00F0E2804FEA5454D4EB5555B8BF6D420CDD2C4480EA020281EA030382EA89
:2070E000000083EA010180EA020281EA0303362D88BF30BD11F0004F4FEA01314FF4801C11
:207100004CEA113102D0404261EB410113F0004F4FEA03334CEA133302D0524263EB4303DE
:2071200094EA050F00F0A780A4F10104D5F1200E0DDB02FA0EFC22FA05F2801841F100014C
:2071400003FA0EF2801843FA05F359410EE0A5F120050EF1200E012A03FA0EFC28BF4CF0A0
:20716000020C43FA05F3C01851EBE37101F0004507D54FF0000EDCF1000C7EEB00006EEB6A
:207180000101B1F5801F1BD3B1F5001F0CD349085FEA30004FEA3C0C04F101044FEA445202
:2071A00012F5800F80F09A80BCF1004F08BF5FEA500C50F1000041EB045141EA050130BD67
:2071C0005FEA4C0C404141EB0101013C28BFB1F5801FE9D291F0000F04BF01460020B1FAD6
:2071E00081F308BF2033A3F10B03B3F120020CDA0C3208DD02F1140CC2F10C0201FA0CF0C5
:2072000021FA02F10CE002F11402D8BFC2F1200C01FA02F120FA0CFCDCBF41EA0C01904042
:20722000E41AA2BF01EB0451294330BD6FEA04041F3C1CDA0C340EDC04F11404C4F1200295
:2072400020FA04F001FA02F340EA030021FA04F345EA030130BDC4F10C04C4F1200220FA1B
:2072600002F001FA04F340EA0300294630BD21FA04F0294630BD94F0000F83F4801306BFD4
:2072800081F480110134013D4EE77FEA645C18BF7FEA655C29D094EA050F08BF90EA020F39
:2072A00005D054EA000C04BF1946104630BD91EA030F1EBF0021002030BD5FEA545C05D1E3
:2072C0004000494128BF41F0004130BD14F580043CBF01F5801130BD01F0004545F0FE41F8
:2072E00041F470014FF0000030BD7FEA645C1ABF194610467FEA655C1CBF0B46024650EA2D
:20730000013406BF52EA033591EA030F41F4002130BD00BF90F0000F04BF0021704730B561
:207320004FF4806404F132044FF000054FF0000150E700BF90F0000F04BF0021704730B572
:207340004FF4806404F1320410F0004548BF40424FF000013EE700BF42004FEAE2014FEA52
:2073600031014FEA02701FBF12F07F4393F07F4F81F06051704732F07F4208BF704793F080
:207380007F4F04BF41F40021704730B54FF4607401F0004521F000411CE700BF50EA0102CC
:2073A00008BF704730B54FF000050AE050EA010208BF704730B511F0004502D5404261EBB1
:2073C00041014FF4806404F132045FEA915C3FF4D8AE4FF003025FEADC0C18BF03325FEA60
:2073E000DC0C18BF033202EBDC02C2F1200300FA03FC20FA02F001FA03FE40EA0E0021FAA4
:2074000002F11444BDE600BF70B54FF0FF0C4CF4E06C1CEA11541DBF1CEA135594EA0C0F76
:2074200095EA0C0F00F0DEF82C4481EA030621EA4C5123EA4C5350EA013518BF52EA0335F9
:2074400041F4801143F4801338D0A0FB02CE4FF00005E1FB02E506F00042E0FB03E54FF0E8
:207460000006E1FB03569CF0000F18BF4EF0010EA4F1FF04B6F5007F64F5407404D25FEA24
:207480004E0E6D4146EB060642EAC62141EA55514FEAC52040EA5E504FEACE2EB4F1FD0CE8
:2074A00088BFBCF5E06F1ED8BEF1004F08BF5FEA500E50F1000041EB045170BD06F00046F8
:2074C00046EA010140EA020081EA0301B4EB5C04C2BFD4EB0C0541EA045170BD41F480111C
:2074E0004FF0000E013C00F3AB8014F1360FDEBF002001F0004170BDC4F10004203C35DA5A
:207500000C341BDC04F11404C4F1200500FA05F320FA04F001FA05F240EA020001F00042FC
:2075200021F0004110EBD37021FA04F642EB06015EEA430E08BF20EAD37070BDC4F10C04D3
:20754000C4F1200500FA04F320FA05F001FA04F240EA020001F0004110EBD37041F1000191
:207560005EEA430E08BF20EAD37070BDC4F1200500FA05F24EEA020E20FA04F301FA05F21B
:2075800043EA020321FA04F001F0004121FA04F220EA020000EBD3705EEA430E08BF20EAC3
:2075A000D37070BD94F0000F0FD101F00046400041EB010111F4801F08BF013CF7D041EAA9
:2075C000060195F0000F18BF704703F00046520043EB030313F4801F08BF013DF7D043EA24
:2075E0000603704794EA0C0F0CEA135518BF95EA0C0F0CD050EA410618BF52EA4306D1D108
:2076000081EA030101F000414FF0000070BD50EA410606BF1046194652EA430619D094EA76
:207620000C0F02D150EA013613D195EA0C0F05D152EA03361CBF104619460AD181EA030148
:2076400001F0004141F0FE4141F470014FF0000070BD41F0FE4141F4780170BD70B54FF0C7
:20766000FF0C4CF4E06C1CEA11541DBF1CEA135594EA0C0F95EA0C0F00F0A7F8A4EB050464
:2076800081EA030E52EA03354FEA013100F088804FEA03334FF0805545EA131343EA12631D
:2076A0004FEA022245EA111545EA10654FEA00260EF000419D4208BF964244F1FD0404F529
:2076C000407402D25B084FEA3202B61A65EB03055B084FEA32024FF480104FF4002CB6EB77
:2076E000020E75EB030E22BFB61A754640EA0C005B084FEA3202B6EB020E75EB030E22BF94
:20770000B61A754640EA5C005B084FEA3202B6EB020E75EB030E22BFB61A754640EA9C0034
:207720005B084FEA3202B6EB020E75EB030E22BFB61A754640EADC0055EA060E18D04FEA71
:20774000051545EA16754FEA06164FEAC30343EA52734FEAC2025FEA1C1CC0D111F4801F5C
:207760000BD141EA00014FF000004FF0004CB6E711F4801F04BF01430020B4F1FD0C88BFDA
:20778000BCF5E06F3FF6AFAEB5EB030C04BFB6EB020C5FEA500C50F1000041EB045170BDA2
:2077A0000EF0004E4EEA113114EB5C04C2BFD4EB0C0541EA045170BD41F480114FF0000E93
:2077C000013C90E645EA060E8DE60CEA135594EA0C0F08BF95EA0C0F3FF43BAF94EA0C0F32
:2077E0000AD150EA01347FF434AF95EA0C0F7FF425AF104619462CE795EA0C0F06D152EA93
:2078000003353FF4FDAE1046194622E750EA410618BF52EA43067FF4C5AE50EA41047FF4DF
:207820000DAF52EA43057FF4EBAE12E74FEA4102B2F1E04324BFB3F5001CDCF1FE5C0DD90D
:2078400001F0004C4FEAC0024CEA5070B2F1004F40EB830008BF20F00100704711F0804FFB
:2078600021D113F13872BCBF01F00040704741F480114FEA5252C2F11802C2F1200C10FAAC
:207880000CF320FA02F018BF40F001004FEAC1234FEAD32303FA0CFC40EA0C0023FA02F33C
:2078A0004FEA4303CCE77FEA625307D150EA01331EBF4FF0FE4040F44000704701F000407C
:2078C00040F0FE4040F40000704700BFD0B500220B4B06460F46FFF797FD00F015F8044621
:2078E000FFF718FD0022074BFFF78EFD02460B4630463946FFF7D0FB00F006F82146D0BD57
:207900000000F03D0000F0414A0011D212F5001211D20DD56FF47873B3EB62520ED44FEA43
:20792000C12343F0004343EA505323FA02F070474FF00000704750EA013002D14FF0FF30B5
:2079400070474FF0000070470CB4184B30B50C1E9DB01D6808DA8B234FF0FF302B601DB020
:20796000BDE8304002B070474FF402730290069002A9ADF8143014BF04F1FF332346209AF8
:207980002846049307934FF6FF73ADF8163021AB019300F07FF9431CBCBF8B232B60002C9F
:2079A000DDD0029B00221A70D9E700BF780A002002440346934200D1704703F8011BF9E7CD
:2079C000014B1868704700BF780A0020704770470A44431E914200D1704710B511F8014B31
:2079E000914203F8014FF9D110BDFFFF38B50546002941D051F8043C0C1F002BB8BFE41810
:207A000000F0E0F81D4A136833B9636014602846BDE8384000F0DCB8A34208D92068211803
:207A20008B4201BF19685B6809182160EDE71A465B680BB1A342FAD911685018A0420BD1C9
:207A400020680144501811608342E0D118685B68084453601060DAE702D90C232B60D6E745
:207A6000206821188B4202BF19685B680918636008BF21605460CAE738BD00BFA0EE002080
:207A800070B50F4E0C460546316811B900F0A8FB30602146284600F0A3FB431C03D14FF06C
:207AA000FF34204670BDC41C24F00304A042F8D0211A284600F094FB0130F2D1EFE700BFAA
:207AC0009CEE00202DE9F843CD1C064625F0030508350C2D38BF0C25002D01DBA94204D9EA
:207AE0000C2333600020BDE8F883DFF8D48000F069F8D8F800301C4644BB29463046FFF7CC
:207B0000BFFF431C044658D1D8F800402746002F43D1002C4BD023683946304604EB030953
:207B200000F05EFB814542D1216830466D1A2946FFF7A6FF01303AD023682B442360D8F80B
:207B400000305A6862BBC8F800700FE02268521B20D40B2A17D96119A342256018BF596073
:207B6000636808BFC8F8001062514B60304600F02FF804F10B00231D20F00700C21A1CBFAA
:207B80001B1AA350AFE76268A3420CBFC8F800205A60EBE723466468AEE73C467F68B6E771
:207BA0001A465B68A342FBD100235360DEE70C233046336000F00CF894E70560D6E700BFCE
:207BC000A0EE00200148FFF701BF00BF98EE00200148FFF7FCBE00BF98EE00202DE9F047E8
:207BE0001F468E6882460C46BE4290460B682DD8B1F90C2012F4906F26D06569096905EBC1
:207C00004505A3EB01097B1C05EBD5754B446D109D4238BF1D46530527D52946FFF752FF62
:207C2000064660B34A462169FFF7D2FEA38923F4906343F08003A38126614E446561A5EB86
:207C4000090526603E46A560BE4200D93E4632464146206800F0AAFAA36800209B1BA360AB
:207C6000236833442360BDE8F0872A4600F0D6FA06460028E0D121695046FFF7B7FE0C2314
:207C80004FF0FF30CAF80030A38943F04003A381E9E7FFFF2DE9F04F98468B899DB007460F
:207CA0001B060D46144610D50B6973B94021FFF709FF2860286130B90C233B604FF0FF30E0
:207CC0001DB0BDE8F08F40236B610023CDF80C804FF00109DFF8A081099320238DF8293012
:207CE00030238DF82A3023469A4613F8012B0AB1252AF9D1BAEB040B0BD05B4622462946F7
:207D00003846FFF76BFF013000F0A780099A5A4409929AF80030002B00F09F8000234FF003
:207D2000FF320AF1010A049307938DF853301A93CDE90523544605224F4814F8011B00F0D8
:207D40005FFA049AD8B9D00644BF20238DF85330110744BF2B238DF853309AF800302A2BEF
:207D600015D0079A544600204FF00A0C214611F8013B303B092B4BD9B0B1079214E0A0EB86
:207D80000803A24609FA03F313430493D2E7039B191D1B68002B0391BBBF5B4242F00202EE
:207DA00007930793B8BF049223782E2B0AD163782A2B32D1039B02341A1D1B6843EAE3736F
:207DC00003920593DFF8C0A003222178504600F017FA38B1A0EB0A004022049B0134824074
:207DE0001343049314F8011B062224488DF8281000F006FA002836D0214B1BBB039B0733E5
:207E000023F0070308330393099B334409936AE70CFB02320C460120A8E7002301344FF098
:207E20000A0C19460593204610F8012B303A092A03D9002BC6D00591C4E70CFB01210446AD
:207E40000123F0E703AB2A4604A9384600930D4BAFF30080421C0646D6D1AB895B063FF5B7
:207E60002DAF09982CE703AB2A4604A938460093044B00F07DF8EDE7AFA50200B9A5020058
:207E800000000000DD7B0200B5A502002DE9F047164698468A6807460B690C46DDF820901B
:207EA0009342B8BF1346336091F843200AB1013333602368990642BF336802333360256801
:207EC00015F0060506D104F1190AE36832689B1AAB422BDC94F843302268003B18BF012356
:207EE000920630D404F1430241463846C847013023D023681A3454F80A2C03F00603042BEE
:207F00000ABF54F80E5C002533684FF0000608BFED1A54F8123C08BF25EAE5759342C4BFED
:207F20009B1AED18B5421AD1002008E00123524641463846C847013003D14FF0FF30BDE8B5
:207F4000F0870135C1E7E1185A1C30200233224481F8430094F8451082F84310C2E701233B
:207F6000224641463846C8470130E6D00136D9E72DE9FF470F7E914680460C46782F9A4648
:207F80000C9E01F1430207D8622F0AD8002F00F0D180582F00F0B88004F1420684F8427024
:207FA0003AE0A7F16303152BF6D801A151F823F0098002001D800200997F0200997F02003F
:207FC000997F0200997F02001D800200997F0200997F0200997F0200997F02001B810200C8
:207FE00047800200D5800200997F0200997F02003D810200997F020047800200997F020070
:20800000997F0200DD80020033681A1D1B68326004F1420684F8423001239CE03368206812
:20802000191D3160060601D51D6803E04506FBD5B3F90050002D03DA2D236D4284F8433020
:2080400058480A2311E021683368080653F8045B02D4490648BFADB26F2F3360514814BF5E
:208060000A230823002184F843106668002EA66005DB21682E4321F0040121604BD01646CE
:20808000B5FBF3F103FB1157C75D06F8017D2F460D46BB42F4D9082B0BD12368DF0708D557
:2080A000236961689942DEBF302306F8013C06F1FF36921B22614B4603AA21464046CDF819
:2080C00000A0FFF7E3FE01304AD14FF0FF3004B0BDE8F087236843F0200323607827324822
:2080E000236884F845701F06316851F8045B02D45F0648BFADB23160D90744BF43F02003F3
:2081000023601DB11023ADE72648E9E7236823F020032360F6E71646BDE733682568181D8B
:20812000616930602E061B6801D5196002E06806FBD51980002316462361BCE733680021C4
:208140001A1D32601E686268304600F059F808B1801B606063682361002384F84330AAE749
:208160002369324649464046D0470130ADD023689B0713D4E068039B9842B8BF1846A6E7EB
:208180000123324649464046D04701309DD00135E36803995B1AAB42F2DCEBE7002504F140
:2081A0001906F5E7C0A50200D1A50200884210B501EB020402D98442234607D8431EA14237
:2081C00008D011F8012B03F8012FF8E7024401468A4200D110BD13F8014D02F8014DF7E712
:2081E00038B50023054D044608462B60FBF738FF431C02D12B6803B1236038BD94EE00203E
:20820000C9B20346024410B59342184601D1002003E0047801338C42F6D110BD2DE9F0412E
:20822000074614460D4621B91146BDE8F041FFF749BC2AB92546FFF7D9FB2846BDE8F081A6
:2082400000F01AF88442064602D8B4EB500FF4D821463846FFF736FC804608B94546ECE774
:20826000B4422246294628BF3246FFF7B1FB29463846FFF7BBFBF1E751F8043C181F002BD4
:20828000BCBF0B58C018704700000805352E382E300000004275696C74207769746820521D
:2082A000656E6573617320416476616E63656420466C657869626C6520536F6674776172B8
:2082C00065205061636B6167652076657273696F6E20352E382E3000F8B500BFF8BC08BC4A
:2082E0009E467047F8B500BFF8BC08BC9E4670475FF800F07D0600205FF800F019060020F4
:208300005FF800F0190800205FF800F0A90300205FF800F0350300205FF800F0810100203A
:208320005FF800F0A10400205FF800F0F90100204454555F43414E5F54785F5461736B0095
:208340004454555F554152545F54785F5461736B000000004454555F446973705F54617315
:208360006B0000004454555F554152545F52785F5461736B000000004454555F43414E5F72
:2083800052785F5461736B00537754696D65725F5461736B00FFFFFF4F044F054F06440225
:2083A00044004006400540040501050205034F0744014D00450447044700480448014805F0
:2083C0004701480047054802480647024703480724074A0047074706440344074406440512
:2083E00044044300430143024303410340073F033F023F013F003F043F053F063F073E0343
:208400003E013E023E063E070B050A03090308034803070306033E043E0505040400040428
:208420000B040B060B0705004B004E003E0046004307FFFF6500001E01006600001E010097
:208440006700001E01006800001E01006900001E01006A00001E01006B00001E01006C0008
:20846000001E01006D00001E01006E00001E01006F00001E01007000001E01007100001E18
:2084800001007200001E01007300021E02007400021E02007500002101007600001F0100F2
:2084A0007700001F01007800001E01007900001E01007A00001E01007B00001E01007C0047
:2084C000001E01007D00001E01007E00001E01007F00030000008000032000008100021E7E
:2084E00002008200030000008300001E01008400030000008500030000008600021E02009C
:208500008700001E01008800001E01008900030000008A00001E01008B00030000008C00BF
:20852000001E01008D00001E01008E00021E02008F00001E01009000001E01009100001EB4
:2085400001009200021E02009300001E01009400001E01009500001E0100960003000000B4
:20856000970000210100980000210100C900001E0100CA00001E0100CB0003000000CC001D
:2085800003000000CD0003000000CE0004000000CF0004000000D00003000000D1000300BC
:2085A0000000D20003000000D30003000000D40000200100D50003000000D600030000006A
:2085C000D70003000000D80003000000D90003000000DA0003000000DB0003000000DC0073
:2085E000030000002D01040000002E01000001002F0100000100300100000100310103007E
:2086000000003201010001003301010001003401002101003501040000003601001E010008
:208620003701030000003801000001003901002201003A01002101003B01000001003C0191
:20864000040000003D01030000003E01001E01003F01001E0100400103000000410103008F
:2086600000004201030000004301030000004401001E01004501011E010046010022010039
:208680004701001E01004801040000004901002101004A01001E01004B01002101004C0195
:2086A000001E01004D01001E01004E01012101004F010021010050010000010051010000A6
:2086C0000100520104000000530104000000540103000000550103000000560103000000DF
:2086E0005701030000005801030000005901030000005A01030000005B01030000005C014C
:20870000030000005D01030000005E010300000090010400000091010400000092010400D1
:2087200000009301012401009401040000009501010001003F0006005B004F0066006D008C
:208740007D0007007F006F0000007F00FF031E00F706BF069E07BD07FD071F02FF079F070C
:208760000000FFFF3F0906011B060F0426062D063D0601113F06270637068F1439008F109A
:20878000390231023D04360689101E0030233800760176203F0033063F2033264D0481108D
:2087A0003E00300936284029401109090800000000090006390037003300FFFF0D00D5007E
:2087C0000E006B007F00FF003D01D703B101AE01EA02FFFFFF011E02EF043F049E05BB0586
:2087E000FB051F00FF05BF05FF07000019000D00170013001F00FFFF49035D033F003D00F7
:2088000023017E03FF03FFFFD7063D027F00FF005F02FF0F3031323334353637383941421A
:20882000434445464748494A4B4C4D4E4F505152535455565758595A5F202F2D4B044B0562
:208840004B064B074B034B014B024A044A054A064A074A034A014A02490449054906490732
:208860004903490149024E074E064E054E044E014E034E024D074D064D054D044D014D03F1
:208880004D020A040A050A060A070A020A000A0109040905090609070902090009010804C6
:2088A000080508060807080208000801070407050706070707020700070106040605060608
:2088C000060706020600060142044205420642074203420243064305430442004201400032
:2088E00040014002400341074106410241014100410441054500450145024503460746061F
:20890000460346024601460446054C004C014C024C034C074C064507450645054C044C058D
:208920000507040304010505050604020407030303070405040603010302030602060100BB
:208940000204000002010202020302070205020001010103010700030001010401020105D3
:208960000106000225032606260425042401240325072506250224022501240025052500BE
:20898000270728032800260026052607260327062802260228012601270527042A072A022C
:2089A0002A00290029052907290329022A0629062A05290429012A042B032C072C042B04DC
:2089C0002A012A032B072B022C062B062C052B052B012B002D032E062E042D042C012C03A2
:2089E0002D072D062D022C022D012C002D052D002F072F032F002E002E052E072E032F0667
:208A00002F022E022F012E012F052F04310731023100300030053007300330023106300625
:208A20003105300430013104320333073304320431013103320732023306320633053205D7
:208A40003201320034033506350434043301330334073406340233023401330034053400AF
:208A6000360736033600350035053507350336063602350236013501360536043807380261
:208A800038003700370537073703370238063706380537043701380439033A073A0439041B
:208AA00038013803390739023A0639063A053905390139003B033C063C043B043A013A03E1
:208AC0003B073B063B023A023B013A003B053B003D073D033D003C003C053C073C033D06A6
:208AE0003D023C023D013C013D053D04230422042206220323032301230023052200230285
:208B000022012307230622022100200020032107220722052101210521042102200121030A
:208B2000210620021F001E001E021F072007200520041F011F0420061F051F031F021F0604
:208B40001E041D041D071D031E031E011E051D011D001E061D051E071D021D061C041B0404
:208B60001B061B031C031C011C001C051B001C021B011C071C061B021A00190019031A0716
:208B80001B071B051A011A051A041A0219011A031A06190218001700170218071907190508
:208BA000190418011804190618051803180218061704160416071603170317011705160104
:208BC00016001706160517071602160615041404140614031503150115001505140015020B
:208BE00014011507150614021300120012031307140714051301130513041302120113030A
:208C0000130612021100100010021107120712051204110111041206110511031102110603
:208C200010040F040F070F031003100110050F010F0010060F0510070F020F060E040D0403
:208C40000D060D030E030E010E000E050D000E020D010E070E060D020C000B000B030C0715
:208C60000D070D050C010C050C040C020B010C030C060B02574149542035205345434F4E36
:208C8000445300004B4559204F464620414E4400484947482054454D5045524154555245D8
:208CA000202D2056454849434C45204E4545445320544F20434F4F4C20444F574E00000050
:208CC000414E4420574149542033204D494E00005455524E204F4E20534C45455000000076
:208CE000534552564943452043454E5445520000434F4E5441435400544845205645484949
:208D0000434C4500504C454153452043484152474500000046524F4D2056454849434C45A7
:208D200000000000535441592041574159000000484947482054454D50000000434841520C
:208D4000474552002021222324252627282B2C2D2E2F303132330000534841524544000093
:208D60004C495645204C4F434154494F4E00000043414E43454C4C45440000004C4F4341B0
:208D800054494F4E2053484152450000544845524D414C205249534B00000000454D455277
:208DA00047454E4359000000414C4552540000004F56455248454154494E470038303931B7
:208DC000323338303338000043414C4C20535550504F5254000000005245504C55472043B0
:208DE00048415247455200004C4F434B2049535355450000434F4D504C455445000000008F
:208E0000555044415445000041435449564500004C494D50204D4F4445000000454E414246
:208E20004C454400534541542F43484152474500464F52574152442041535349535400004B
:208E4000505245535320500052455645525345204153534953540000544F205348555420DB
:208E6000444F574E000000004B4559204F464600335320544F20454E41424C4500000000C6
:208E8000484F4C442053455420464F5200000000544F204348415247450000002530326440
:208EA000202530326420414D0000000025303264202530326420504D0000000046554C4C13
:208EC0002043484152474520425900005455524E204F4E20504F574552000000544F205542
:208EE0004E504C55470000004B4559204F4E0000544F205357495443482054524950000052
:208F000050524553532053454C000000335320544F2052455345540048494C4C20484F4CA8
:208F2000440000005345525649434500424F4F4B205550434F4D494E470000004F564552F3
:208F400044554500444554454354454400000000574154455220454E5452590033532054C2
:208F60004F2044495341424C450000005354414E44425900554E415641494C41424C450055
:208F800044495341424C4520494E2000257325645300000044454143544956415445440074
:208FA00053484152494E475F20202020200000005550444154494E472020202020000000AA
:208FC000FF00FD8100C0FD90A5B0C8E7FCE9F0F8E00040FF2033FF00000000000000000085
:208FE00000000000002627282B2C2DFF0000000000000000000026272C2DFF0000000000D4
:2090000000000000000000262DFF0000000000000000000000000000252EFF0000000000AC
:2090200000000000000000000024252E2FFF0000000000000000000000002324252E2F3092
:20904000FF00000000000000000000222324252E2F3031FF0000000000000000212223243C
:20906000252E2F303132FF00000000000021222324252627283231302F2E2D2C2BFFFFFF47
:209080000409000105000104000004000002000000000301000302005258315F4454550082
:2090A00098900200060C160003010000B55D01000000000000000000000000000000000047
:2090C00000000000010100000000000000000000FF000000C4900200FFDFFFDF0C1500005C
:2090E000000000000000000000000000000000000000000000000000000000000000000070
:209100000000000000000000000000000000FFFFDFDF000000000000000000000000000093
:2091200000000000000000000000000080F0FA020000000040787D0102021400750E0100F1
:2091400000000000EC9002000400000000000000400000000000000000000000000000004D
:2091600000000000000100004000000000000000400000000000000000000000000000006E
:209180000000000000000000000000000000000000000000000000000000000000000000CF
:2091A0000000FFFFDFDF0000000000000000000000000000000000000000000000000000F3
:2091C00020A107000000000090D00300010213004D0E0100000000008091020001000000DE
:2091E000000000000000000000000000000000000000000000000000000000000000FFFF71
:20920000DFDF000000000000000000000000000000000000000000000200000050C300007B
:209220000000000050C3000004FFDF000000000000000000DC9102000608030301010000B4
:209240000000000000000000000000000000000000000000000000000000000001110112E9
:20926000904600204C92020048970200000100000C0900200F00FFFF00000000FFFF0000F6
:2092800000020000010D020E020F0210000000000000000075100100000000006C92020005
:2092A00001000000000000010000000000090A0B0C02020202000000010000000000000079
:2092C00000000000550D010000000000A092020005FFFFFF10090020D09202003C470020B5
:2092E000D49202009497020006FFFFFF20090020E892020044470020EC92020094970200B9
:20930000010000FF03050607080202020200000001000000F4920200DC920200F10B010032
:20932000000000000093020000000000400900206009002000000000200000000000000086
:2093400000000000000000000000000030090020710401000000000028930200020001027C
:2093600000013F3F000001DFDFFFFFFF00000000000FDFDF00FFFF000000000000000000E7
:209380006093020000000000000000000080000001000000000000000200000000800000D5
:2093A000030000000000000004000000008000000D000000008000000E000000008000000B
:2093C0000F0000000000010400010000000001040101000000000000020100000500000069
:2093E00003010000000000000401000000000000050100000400000006010000040000004F
:209400000701000000000100080100000004010609010000000401060A0100000000010608
:209420000B010000050400000C010000050000000D010000000001000102000000000103EF
:209440000502000004000000060200000400000007020000050400000802000000000100D8
:209460000C020000000001000D020000000001000003000010400000010300000000000076
:2094800002030000050400000303000005040000040300000400000000040000000001108F
:2094A0000104000000000110020400000400000007040000000C010508040000000C010551
:2094C00009040000000C01050A040000050C00000B04000004000000000500002B0000000B
:2094E0008493020000000000A100A400A500A200A3009201930194019501C401C501C8017E
:20950000C701800181018201830131003000CF00D800560007000000000000000000000014
:2095200000000000000000000000000000000000000000000000000000000000000000002B
:2095400000000000000000000000000000000000000000000000000000000000000000000B
:209560000000000000000000000000000000000000000000000000000000000000000000EB
:209580000000000000000000000000000000000000000000000000000000000000000000CB
:2095A000000000000000000075635356434E756D626572203C3D2033000000002E2E2F7295
:2095C000612F6673702F7372632F726D5F6672656572746F735F706F72742F706F72742E1E
:2095E000630000002828285343425F54797065202A2920282830784530303045303030552D
:209600004C29202B20307830443030554C2920292D3E4943535220262028307831464655F7
:209620004C202929203D3D20300000007578437269746963616C4E657374696E6700000092
:20964000756C43757272656E745072696F72697479203E3D2028282828312929203C3C204E
:209660002838202D2034292929203E3E202838202D203429000000005F5F4E5649435F47F4
:2096800065745072696F7269747947726F7570696E672829203C3D202838202D20342920F0
:2096A0002D20310076506F727453564348616E646C65725F4300FFFF76506F7274456E7485
:2096C0006572437269746963616C00FF76506F727445786974437269746963616C00FFFFAB
:2096E00076506F727456616C6964617465496E746572727570745072696F7269747900FFF7
:20970000FFFF00FF010203FF020403040404FFFF00000000FFFF0000002000008000000096
:2097200000000100FFFF07000080000080000000020000001097020000000008FF1F00084A
:20974000400000000400000045130200E51302003B140200BB14020065160200A116020019
:209760002D15020091150200B715020069150200D915020047160200F51502002516020017
:209780000517020037170200551702007317020093170200451D0200B51D0200F91D020065
:2097A000CD1E0200E91E02009D1E0200B71E02000D1F0200DD1F0200A51F0200C11F02004B
:2097C00036E0014038E0014090E4014032E0014080E401402AE001404AE001400100020073
:2097E000080010002820282075696E74385F74202A20292028207078426C6F636B202920BF
:209800003E3D202628207563486561705B2030205D20292029202626202820282075696EC7
:2098200074385F74202A20292028207078426C6F636B2029203C3D20262820756348656185
:20984000705B2028343039363029202D2031205D20292029000000002E2E2F72612F6177B7
:20986000732F4672656552544F532F4672656552544F532F536F757263652F706F7274618E
:20988000626C652F4D656D4D616E672F686561705F342E63000000002820282075696E7483
:2098A000385F74202A2029202820707652657475726E2029203E3D202628207563486561E4
:2098C000705B2030205D20292029202626202820282075696E74385F74202A20292028207C
:2098E000707652657475726E2029203C3D202628207563486561705B20283430393630296D
:20990000202D2031205D202920290000282028207078426C6F636B2D3E78426C6F636B5316
:20992000697A652029203C2028207857616E74656453697A6520292029203D3D20300000E0
:2099400028202820282073697A655F7420292070784E6577426C6F636B4C696E6B20292044
:209960002620282030783030303720292029203D3D20300028202820282073697A655F7408
:20998000202920707652657475726E2029202620282073697A655F742029202820307830EA
:2099A00030303720292029203D3D2030000000002820282075696E74385F74202A20292086
:2099C000282070784C696E6B2029203E3D202628207563486561705B2030205D2029202947
:2099E000202626202820282075696E74385F74202A202920282070784C696E6B2029203C6A
:209A00003D202628207563486561705B2028343039363029202D2031205D202920290000A9
:209A200028202820282070784C696E6B2D3E78426C6F636B53697A65202920262028202850
:209A400020282073697A655F74202920312029203C3C202820282073697A656F662820739A
:209A6000697A655F742029202A202820282073697A655F742029203820292029202D203129
:209A800020292029202920213D2030202920213D2030000070784C696E6B2D3E70784E658A
:209AA000787446726565426C6F636B203D3D202828766F6964202A29302900002820282035
:209AC00075696E74385F74202A202920282070784974657261746F722029203E3D2026283C
:209AE000207563486561705B2030205D20292029202626202820282075696E74385F74202F
:209B00002A202920282070784974657261746F722029203C3D202628207563486561705B17
:209B20002028343039363029202D2031205D2029202900FF7076506F72744D616C6C6F6322
:209B400000FFFFFF76506F72744672656500FFFF707276496E73657274426C6F636B496EFE
:209B6000746F467265654C69737400FF70785175657565002E2E2F72612F6177732F467239
:209B8000656552544F532F4672656552544F532F536F757263652F71756575652E63000035
:209BA0007852657475726E20213D2028202820282042617365547970655F7420292030208E
:209BC0002920290070784E65775175657565000070784D75746578007848616E646C65003D
:209BE000212820282070764974656D546F5175657565203D3D202828766F6964202A293018
:209C0000292029202626202820707851756575652D3E75784974656D53697A6520213D20F1
:209C200028205542617365547970655F742029203055202920290000212820282078436F3C
:209C40007079506F736974696F6E203D3D202820282042617365547970655F7420292032F1
:209C600020292029202626202820707851756575652D3E75784C656E67746820213D203108
:209C800020292029000000002128202820785461736B4765745363686564756C65725374F0
:209CA0006174652829203D3D202820282042617365547970655F7420292030202920292094
:209CC0002626202820785469636B73546F5761697420213D203020292029000028206354A3
:209CE000784C6F636B202920213D2028202820696E74385F7420292031323720290000004A
:209D0000707851756575652D3E75784974656D53697A65203D3D2030000000002128202859
:209D200020707851756575652D3E706348656164203D3D202828766F6964202A29302920BE
:209D400029202626202820707851756575652D3E752E7853656D6170686F72652E784D7587
:209D6000746578486F6C64657220213D202828766F6964202A293029202920290000000036
:209D80002820707851756575652029002128202820282070764275666665722029203D3D29
:209DA000202828766F6964202A293029202920262620282028207078517565756520292DED
:209DC0003E75784974656D53697A6520213D2028205542617365547970655F74202920306A
:209DE000552029202900000021282028207076427566666572203D3D202828766F696420AF
:209E00002A2930292029202626202820707851756575652D3E75784974656D53697A6520EA
:209E2000213D2028205542617365547970655F74202920305520292029000000282063529A
:209E4000784C6F636B202920213D2028202820696E74385F742029203132372029000000E8
:209E6000707851756575652D3E75784974656D53697A6520213D2030000000007851756502
:209E80007565000070785175657565536574436F6E7461696E6572007078517565756553EC
:209EA0006574436F6E7461696E65722D3E75784D6573736167657357616974696E67203C67
:209EC0002070785175657565536574436F6E7461696E65722D3E75784C656E67746800FFED
:209EE00078517565756547656E65726963526573657400FF78517565756547656E6572694F
:209F00006343726561746500785175657565476976654D75746578526563757273697665B7
:209F200000FFFFFF78517565756554616B654D7574657852656375727369766500FFFFFF5A
:209F400078517565756547656E6572696353656E6400FFFF78517565756547656E65726968
:209F60006353656E6446726F6D49535200FFFFFF7851756575655265636569766500FFFF37
:209F800078517565756553656D6170686F726554616B6500765175657565416464546F5282
:209FA00065676973747279007072764E6F746966795175657565536574436F6E7461696ECC
:209FC000657200FF0E00000028202820282075696E7433325F742029207078546F704F6694
:209FE000537461636B202620282075696E7433325F7420292028203078303030372029203C
:20A0000029203D3D20305520290000002E2E2F72612F6177732F4672656552544F532F4649
:20A0200072656552544F532F536F757263652F7461736B732E63000075785072696F7269B4
:20A040007479203C202831352900000075785363686564756C657253757370656E646564A9
:20A06000203D3D2030000000707850726576696F757357616B6554696D6500002820785486
:20A08000696D65496E6372656D656E74203E20305520290075785363686564756C657253B5
:20A0A000757370656E646564203D3D203155000075784E65775072696F72697479203C2013
:20A0C0002831352900000000785461736B000000785461736B546F526573756D650000007F
:20A0E00049444C45000000007852657475726E20213D2028202D312029000000757853631A
:20A10000686564756C657253757370656E64656420213D20305500007078544342000000C7
:20A1200075785363686564756C657253757370656E646564203D3D202820554261736554C2
:20A140007970655F74202920305500002820282028202820707844656C6179656454617308
:20A160006B4C69737420292D3E75784E756D6265724F664974656D73203D3D20282055427E
:20A18000617365547970655F74202920302029203F202820282042617365547970655F7430
:20A1A000202920312029203A202820282042617365547970655F7420292030202920292077
:20A1C000290000007578546F705072696F7269747900000070784576656E744C697374004E
:20A1E00075785363686564756C657253757370656E64656420213D2028205542617365541E
:20A200007970655F74202920305500007078556E626C6F636B656454434200007078546932
:20A220006D654F757400000070785469636B73546F57616974000000707854434220213D97
:20A24000202828766F6964202A293029000000007078544342203D3D2070784375727265AC
:20A260006E7454434200000070785443422D3E75784D75746578657348656C6400000000A2
:20A28000707854434220213D20707843757272656E745443420000007578496E6465785482
:20A2A0006F576169744F6E203C202831290000007578496E646578546F4E6F74696679209E
:20A2C0003C20283129000000785461736B546F4E6F74696679000000785469636B436F752F
:20A2E0006E74203D3D2028205469636B547970655F74202920300000282028202628207073
:20A30000785443422D3E784576656E744C6973744974656D202920292D3E7078436F6E7463
:20A3200061696E65722029203D3D202828766F6964202A29302900007578496E6465785404
:20A340006F436C656172203C2028312900FFFFFF707276496E697469616C6973654E65771F
:20A360005461736B00FFFFFF765461736B44656C617900FF765461736B5374617274536389
:20A38000686564756C657200785461736B526573756D65416C6C00FF785461736B496E631B
:20A3A00072656D656E745469636B00FF765461736B537769746368436F6E7465787400FF29
:20A3C000765461736B506C6163654F6E4576656E744C69737400FFFF765461736B506C6110
:20A3E00063654F6E4576656E744C6973745265737472696374656400785461736B52656DF2
:20A400006F766546726F6D4576656E744C69737400FFFFFF785461736B436865636B466F25
:20A420007254696D654F757400FFFFFF785461736B5072696F72697479446973696E6865B5
:20A4400072697400765461736B5072696F72697479446973696E686572697441667465723D
:20A4600054696D656F757400546D7220537663007852657475726E002E2E2F72612F617719
:20A48000732F4672656552544F532F4672656552544F532F536F757263652F74696D657267
:20A4A000732E630028207854696D6572506572696F64496E5469636B73203E2030202900C8
:20A4C0007854696D6572000078436F6D6D616E644944203C2028202820426173655479707B
:20A4E000655F7420292036202900000078436F6D6D616E644944203E3D202820282042618A
:20A500007365547970655F74202920362029000028207854696D65725461736B48616E6437
:20A520006C6520213D202828766F6964202A2930292029002820707854696D65722D3E7881
:20A5400054696D6572506572696F64496E5469636B73203E2030202900000000546D725167
:20A5600000FFFFFF7854696D657243726561746554696D65725461736B00FFFF70727649DE
:20A580006E697469616C6973654E657754696D657200FFFF70727650726F636573735265E2
:20A5A000636569766564436F6D6D616E647300232D302B2000686C4C00656667454647000A
:20A5C0003031323334353637383941424344454600303132333435363738396162636465DD
:20A5E0006600FFFF0000000080B584B000AF0023FB6000237B60194BB3F884309BB23B60B8
:20A600004FF49643BB60154B4FF42A42A3F8842008E0BB68002B02D14FF4FA73FB60BB687E
:20A62000013BBB600D4BB3F884309BB2002BF0D13B68012B06D1094B4DF60112A3F8442084
:20A6400000F07AFB7B6840F2F512934201D17B68FB60FB6818461037BD4680BD00E07F40AD
:20A6600080B584B000AF78607B685B681B78002B0DD07B685B6893F91130184600F050FB9D
:20A680007B685B6893F91330184600F049FB124BB3F884309BB2002B02D1786800F044FB9D
:20A6A00000F01CF8F86000F049F8B860FB68002B01D1BB68FB60FFF797FFB860FB68002BE5
:20A6C00001D1BB68FB607B68002283F83C20FB6818461037BD4680BD00E07F4080B483B000
:20A6E00000AF4FF496437B60124BB3221A7007E07B68002B01D1142315E07B68013B7B600B
:20A700000D4BD3F88030C3F3C033DBB2012BEFD1094B1B7CC3F30013DBB2002B02D040F2D4
:20A72000F51300E0002318460C37BD465DF8047B704700BF00007E4000E07F4080B483B05C
:20A7400000AF4FF496437B60124B50221A7007E07B68002B01D1142315E07B68013B7B600D
:20A760000D4BD3F88030C3F3C033DBB2012BEFD1094B1B7CC3F30013DBB2002B02D040F274
:20A78000F51300E0002318460C37BD465DF8047B704700BF00007E4000E07F4080B485B0FA
:20A7A00000AFF860B9607A60174AFB681B6B1363164B20221A70154BD0221A70FB681A6BEE
:20A7C000BB681A44FB681A63FB689B6B5A1EFB689A637B68002B10D007E07B68002B01D122
:20A7E00014230BE07B68013B7B60074BD3F88030C3F3C033DBB2012BEFD100231846143782
:20A80000BD465DF8047B704700E07F4000007E4080B588B000AFF860B9607A607B68002BD8
:20A8200006D1FB685B6893F91130184600F078FA334AFB685B6B1363324BE8221A70BB683E
:20A840005B08BB6102237B612E4BBA69D2B21A700023FB612CE0FB681B6B1A46294B1288EC
:20A860001A80FB681B693B6106E03B695A1E3A61002B01D114233FE0214BD3F88030C3F32E
:20A880008023DBB2012BF0D0FB681A6B7B691A44FB681A63FB685A6B7B691A44FB685A6308
:20A8A000FB689B6B5A1EFB689A63FB690133FB61FA69BB699A42CED3124BD0221A707B68A3
:20A8C000002B11D007E07B68002B01D1142313E07B68013B7B600A4BD3F88030C3F3C03308
:20A8E000DBB2012BEFD106E0FB685B6893F91130184600F01DFA002318462037BD4680BD89
:20A9000000E07F4000007E4080B586B000AFF860B9607A6000237B61174B1B7CC3F30013B4
:20A92000DBB2012B0FD1144BD3F88030C3F38033DBB2012B04D1104B1B7C0F4B00221A74B1
:20A9400040F2F5137B610C4BD3F88020BB681340002B01D07B687B61FB68002B01D0FB682C
:20A960007B617B69002B01D0FFF7B8FE7B6918461837BD4680BD00BF00E07F4080B489B0D3
:20A9800000AFF860B9607A60FB689B693B610823FB7608237B611A4ABB681363194B402254
:20A9A0001A70184AFB7E13700023FB6109E0FB695B007A681344134A1B881380FB69013324
:20A9C000FB61FA697B699A42F1D30E4BD0221A7007E03B69002B01D114230BE03B69013BD5
:20A9E0003B61074BD3F88030C3F3C033DBB2012BEFD1002318462437BD465DF8047B704762
:20AA000000E07F4000007E4080B485B000AFF860B9607A60194B4FF6FF721A80174B4FF61B
:20AA2000FF725A807B689AB2FB689BB2DB039BB213439BB243F4F0439AB2104BDA80BB6890
:20AA40009BB26FEA43536FEA53539AB20B4B9A800A4B4FF6FF721A81084B4FF6FF725A8175
:20AA6000064B4FF6FF729A81044B4FF6FF72DA8100BF1437BD465DF8047B7047600A002032
:20AA800080B584B000AF78600023FB60786800F07BF8F860FB68002B10D0FB681EE07B68FB
:20AAA0009B681A4680217868FFF7B2FEF86018224FF4A041F868FFF727FFF8607B689B6B99
:20AAC000002B02D0FB68002BE9D0FFF78DFDB860FB68002B01D1BB68FB60FB6818461037B4
:20AAE000BD4680BD80B588B000AFF860B9607A600023FB61FB68BA681A63FB687A689A63EC
:20AB0000F86800F041F8F861FB69002B01D0FB6933E01C4B0122A3F8E0201EE0FB681B6B70
:20AB2000B3F5803F06D2FB68DB69BB614FF400537B6105E0FB681B6ABB614FF400437B6156
:20AB4000BA697969F868FFF729FEF86119224FF4C041F869FFF7D8FEF861FB689B6B002B81
:20AB600002D0FB69002BD9D0FFF73EFD3861FB69002B01D13B69FB61FB6918462037BD4684
:20AB800080BD00BF00E07F4080B584B000AF78600023FB604FF49643BB607B685B681B783C
:20ABA000002B0DD07B685B6893F91130184600F0B7F87B685B6893F91330184600F0B0F8B2
:20ABC0000F4B4FF45942A3F844200D4B4AF60122A3F8842008E0BB68002B02D14FF4FA738B
:20ABE00009E0BB68013BBB60054BB3F884309BB2012BF0D1FB6818461037BD4680BD00BF02
:20AC000000E07F4080B588B000AFF860B9607A60184BD3F8DC30C3F3C073DBB2BB61F86802
:20AC2000FFF7B2FFF861FB69002B01D0FB691CE0BB68590B7B685B0B1A46B869FFF7E4FE2B
:20AC40000D4A0E49F868FFF799FEF86118220021F869FFF759FEF861FFF7C6FC7861FB69A9
:20AC6000002B01D17B69FB61FB6918462037BD4680BD00BF00E07F40600A002030A1000184
:20AC800080B584B000AF78600B46FB701346BB707868FFF779FFF860FB68002B01D0FB681C
:20ACA00033E0BB78002B08D0FB789BB2194A43F4CC439BB2A2F8E8301EE01022FF21164835
:20ACC00000F03EF8FB789BB203F001039BB2002B02D14FF6FF7201E047F6FF720E4BDA8054
:20ACE0000D4A0E497868FFF749FEF86018220021F868FFF709FEF860FFF776FCB860FB683E
:20AD0000002B01D1BB68FB60FB6818461037BD4680BD00BF00E07F40600A002030A10001B6
:20AD20005FF800F0CD1202005FF800F0D51C02005FF800F06D1202005FF800F0311102005E
:20AD40005FF800F0B1790200E0004000000301002602070044190500002E35430300000022
:20AD6000FFFFFFFFFFFF00000010000000100000000004004000020000000800000000006B
:20AD8000000000000000000000001008000000000000000000000000050000000600000090
:20ADA000030000000300000020070000C007000000070000FF07000040070000FF0F00003D
:20ADC0000000000000070000200000000000000030000000000000002000000000000000FC
:20ADE000300000000000000040010000000000005001000000000000500100000000000040
:20AE000040010000000000003002000000000000400200000000000060020000000000001B
:20AE2000800200000000000051020000000000008B03000000000000660600000000000043
:20AE4000660600000000000040000000000000007000000000000000400000000000000096
:20AE600070000000000000000404000000000000040400000000000004040000000000004A
:20AE80000404000000000000000000000000010000000000000001000000000000000100A7
:20AEA00000000000000001000007000000000000000700000000000000070000000000007C
:20AEC0000007000000000000FFFF000000000000000000000000000001000000389702009B
:20AEE0007C0A0020000000005CED0020C4ED00202CEE002000000000000000000000000038
:20AF0000000000000000000000000000000000000000000000000000000000000000000031
:18AF2000000000000000000000000000000000002D02010005020100E1
:020000040100F9
:10A10000FFFFFFFFFFFFFFFFFFFFFFFFFFFFFFFF5F
:04A13400FFFFFFFF2B
:20A20000FFFCFFFFFFFFFFFFFFFFFFFFFFFFFFFFFFFFFFFFFFFFFFFFFFFFFFFFFFFFFFFF61
:20A22000FFFFFFFFFFFFFFFFFFFFFFFFFFFFFFFFFFFFFFFFFFFFFFFFFFFFFFFFFFFFFFFF3E
:20A24000FFFFFFFFFFFFFFFFFFFFFFFFFFFFFFFFFFFFFFFFFFFFFFFFFFFFFFFFFFFFFFFF1E
:20A26000FFFFFFFFFFFFFFFFFFFFFFFFFFFFFFFFFFFFFFFFFFFFFFFFFFFFFFFFFFFFFFFFFE
:20A28000F8F8FFFFFFFFFFFFFFFFFFFFFFFFFFFFFFFFFFFFFFFFFFFFFFFFFFFFFFFFFFFFEC
:20A2A000FFFFFFFFFFFFFFFFFFFFFFFFFFFFFFFFFFFFFFFFFFFFFFFFFFFFFFFFFFFFFFFFBE
:10A2C000FFFFFFFFFFFFFFFFFFFFFFFFFFFFFFFF9E
:04000005000081591D
:00000001FF
