:020000040000FA
:20000000D84B002059810000C57E00006981000069810000698100006981000069810000EE
:20002000000000000000000000000000698100006981000000000000698100006981000018
:20004000277600001F770000C97700001F770000C9770000494D0000714C0000154E0000A1
:200060006D4E000057430000A343000021440000B944000099670000FD6600009F5C000085
:20008000595300009F5C0000000000000000000000000000000000000000000000000000B9
:2000A000000000000000000000000000000000000000000000000000000000000000000040
:2000C000000000000000000000000000000000000000000000000000000000000000000020
:2000E000000000000000000000000000000000000000000000000000000000000000000000
:200100000000000000000000000000000000000000000000000000000000000000000000DF
:200120000000000000000000000000000000000000000000000000000000000000000000BF
:2001400000000000000000000000000000000000000000000000000000000000000000009F
:2001600000000000000000000000000000000000000000000000000000000000000000007F
:2001800000000000000000000000000000000000000000000000000000000000000000005F
:2001A00000000000000000000000000000000000000000000000000000000000000000003F
:2001C0000348044B834202D0034B03B118477047AC080020AC08002000000000064B07498D
:2001E000C91A891048BF0131491003D0044B0BB101481847704700BFAC080020AC0800204D
:200200000000000010B5064C237843B9FFF7D8FF044B13B10448AFF300800123237010BD5E
:20022000C808002000000000E486000008B5054B1BB105490548AFF30080BDE80840FFF7EB
:20024000CDBF00BF00000000CC080020E486000080B582B000AF0023FB710C490C4806F0B1
:200260006DFB0346FB7100220321094806F08AFB0346FB710749084806F0D6FE0346FB717B
:20028000FB7918460837BD4680BD00BF78830000E844002098840000D445002080B584B049
:2002A00000AF786039600023FB603A680021054807F056F8F860FB68DBB218461037BD465B
:2002C00080BD00BFD445002080B584B000AF786039600023FB733A687968054807F09CF874
:2002E0000346FB73FB7B18461037BD4680BD00BFD445002080B582B000AF0023FB71054802
:2003000006F0DCFF0346FB71FB7918460837BD4680BD00BFD445002080B582B000AF786020
:200320007B689B88B3F5804F65D0B3F5804F67DCB3F5005F5FD0B3F5005F61DCB3F5805F50
:2003400059D0B3F5805F5BDCB3F5006F29D0B3F5006F55DCB3F5806F27D0B3F5806F4FDC0E
:20036000B3F5007F47D0B3F5007F49DCB3F5807F41D0B3F5807F43DC202B0FDC022B3FDBF8
:20038000023B224A22FA03F303F00103002B14BF01230023DBB2002B2DD131E0802B2AD0FA
:2003A0002EE01B4B01221A702BE01A4B01221A707B68143314221946174800F051FA164B45
:2003C0001B6840F2FA7293420BD0134B1B6840F2FB72934205D0104B1B6840F2C17293420A
:2003E00002D10E4B00221A707B68143319460C4801F04EFB05E07B689A880A4B1A8000E055
:2004000000BF00BF0837BD4680BD00BF45400040F8080020F9080020E4080020683A00204C
:20042000C00B0020FA08002080B582B000AF0749074804F0DBFD78600021032000F00AF820
:200440007B68DBB218460837BD4680BD70850000F844002080B584B000AF03460A46FB71E1
:200460001346BB71FA79124913465B0013440B441B781BB21B0219B2FA790D4813465B000B
:200480001344034401331B781BB20B431BB29BB27B817B899BB2BA791946064804F0BAFDEA
:2004A000F860FB68DBB218461037BD4680BD00BF68830000F844002080B582B000AF0023D0
:2004C000FB71084B9B681B68064A126805494968104698470346FB71FB7918460837BD4610
:2004E00080BD00BFF483000090B587B000AF786039600023FB7572B600BF154B9B689B680D
:20050000134A10683A687968984738613B69002B02D0FB7D0133FB750D4B9B68DC680C4B58
:20052000186807F10F033A687968A04738613B69002B02D1FB7B002B02D0FB7D0133FB75FD
:2005400062B600BFFB7D18461C37BD4690BD00BFF483000090B589B000AFF860B9607A609D
:200560000023FB6100237B837B68DB097A6802F07F02002A01D0012200E0002213447B606D
:2005800000237B76FB68B3F5802F03D905237B767B7E3DE072B600BF0023FB6131E0FB68A8
:2005A0001D4A934224D81D4B9B685C681B4B18687B8BBA68134419468023FA68A04778614B
:2005C0007B69002B02D07B7E01337B767B7E002B08D1FB688033FB607B8B80337B830023D4
:2005E0007B760BE005237B7662B600BF7B7E0FE005237B7662B600BF7B7E09E0FB690133DD
:20060000FB61FA697B689A42C9D362B600BF7B7E18462437BD4690BD80FF0300F4830000EE
:2006200080B584B000AF786039600123FB730023BB603A687B68D31ADB0BBB60B9687868ED
:20064000FFF752FF0346002B02D10023FB7301E00223FB73FB7B18461037BD4680BDFFFFAE
:2006600080B487B000AFF860B9607A6000237B610023FB747B68DB097A6802F07F02002A3E
:2006800001D0012200E0002213447B60FB68B3F5802F03D20523FB74FB7C1DE000237B6199
:2006A00015E0FB680F4A93420AD9FA687B699B00B9680B4412681A60FB680433FB6003E0B4
:2006C0000523FB74FB7C07E07B6901337B617A697B689A42E5D3FB7C18461C37BD465DF857
:2006E000047B70477FFF030080B582B000AF0023BB7100F05DF80346BB710623FB71274820
:2007000001F07EF9264801F053FA012000F0C4F900F01EFB03461A46224B1A7000F002FB61
:20072000BB79002B24D101F06FFF0346FB7100F00FFB03461A461B4B1A701A4B1B78032B98
:2007400005D1194BDB7CAA2B01D10623FB71FB79052B02D102F054F81CE0FB79042B04D1A3
:2007600002F0A8F802F0B4F814E002F0B1F811E00E4B1B78DBB2012BFAD100F0D3FA0B4B46
:2007800000221A700423FF220B2140F2FC7001F0FFFEEDE70837BD4680BD00BFC00B0020B0
:2007A000DC3200207D0B0020543C0020800B002080B582B000AF0023FB71FFF735FE0346F1
:2007C000FB71FFF779FE0346FB71FFF741FD03461A46FB791344FB7100F04AF903461A469B
:2007E000FB791344FB7100F07DF803461A46FB791344FB71002000F0A3F903461A46FB79B4
:200800001344FB7113490020FFF75EFD11490120FFF75AFD10490220FFF756FD0F49032041
:20082000FFF752FD00F09BFD03461A46FB791344FB7100F057FA03461A46FB791344FB71EA
:2008400000F070FA02F0F4FDFB7918460837BD4680BD00BFFC0800201009002024090020A1
:2008600080B487B000AFF860B9607A6000237B610AE0BA687B691A44F9687B690B441278A8
:200880001A707B6901337B617A697B689A42F0D300BF00BF1C37BD465DF8047B704780B4E2
:2008A00087B000AFF860B9607A6000237B610EE0FA687B6913441A78B9687B690B441B7804
:2008C0009A4201D0012307E07B6901337B617A697B689A42ECD3002318461C37BD465DF8DF
:2008E000047B704780B582B000AF0023FB710549054803F01FF80346FB71FB7918460837B2
:20090000BD4680BD208400007445002080B584B000AF786039600023BB73114B00221A7038
:200920000A23FB7307233A6879680E4803F052F80346BB7307E04FF47A71012007F0F2F94D
:20094000FB7B013BFB73064B1B78DBB2002B02D1FB7B002BEFD1BB7B18461037BD4680BD8C
:200960007E0B00207445002080B584B000AF786039600023BB73114B00221A703223FB7350
:2009800007233A6879680E4803F010F80346BB7307E04FF47A71012007F0C4F9FB7B013B46
:2009A000FB73064B1B78DBB2002B02D1FB7B002BEFD1BB7B18461037BD4680BD7E0B002035
:2009C0007445002080B588B002AFF860B9607A600023BB753223FB75072300937B68BA68FB
:2009E000F9680D4803F00AF80346BB7507E04FF47A71012007F096F9FB7D013BFB75074BA1
:200A00001B78DBB2002B02D1FB7D002BEFD1BB7D18461837BD4680BD744500207E0B0020AE
:200A200080B582B000AF0023FB71054802F0FAFF0346FB71FB7918460837BD4680BD00BF14
:200A40007445002080B485B000AF78600023FB737B681B79012B02D1044B01221A7000BF0B
:200A60001437BD465DF8047B704700BF7E0B002080B582B000AF0023FB710549054804F001
:200A8000B3FD0346FB71FB7918460837BD4680BDC08300000045002080B584B000AF034697
:200AA000FB710023FB73FB79012B05D1074804F0CFFD0346FB7304E0044804F0B7FD0346DC
:200AC000FB73FB7B18461037BD4680BD0045002080B483B000AF78600D4B01221A700D4B9D
:200AE0001B78DBB20133DAB20A4B1A70094B1B78DBB2092B05D9074B00221A70064B01223F
:200B00001A7000BF0C37BD465DF8047B704700BF7F0B0020810B0020800B002080B582B094
:200B200000AF0023FB71054804F0A4FD0346FB71FB7918460837BD4680BD00BF004500206B
:200B400080B584B000AF0346FB710023FB73FB79002B02D0012B0ED014E00D490D4803F02A
:200B6000FDFD0346FB730C4B1B881A460B49002000F068F806E00649064803F0EFFD0346FB
:200B8000FB7300BFFB7B18461037BD4680BD00BF58840000A4450020480700203C39002025
:200BA00080B586B000AF0346B9607A60FB730023FB750023BB82FB7B002B02D0012B19D0F6
:200BC00034E000237B8210E07B8ABA681344012219461A4803F0B3FE0346FB7501210520EB
:200BE00007F0A0F87B8A01337B827B8A7A689A42EAD81BE07A68B968104803F0A0FE03467B
:200C0000FB7507E0BB8A0533BB824FF47A71052007F088F80A4B1B78DBB283F00103DBB280
:200C2000002B02D0BB8A182BECD900BF044B00221A70FB7D18461837BD4680BDA445002042
:200C4000820B002080B586B000AF0346B9607A60FB730023FB75FB7B002B02D0012B08D019
:200C60000FE07A68B9680B4803F052FE0346FB7507E07A68B968074803F04AFE0346FB7506
:200C800000BF054B00221A70FB7D18461837BD4680BD00BFA4450020830B002080B582B057
:200CA00000AF78607B681B79042B10D0042B10DC012B02D0022B06D00BE0084B01221A7020
:200CC00001F07AF806E0064B01221A7002E000BF00E000BF00BF0837BD4680BD830B0020A1
:200CE000820B002080B582B000AF0023FB710A4A136923F0020313610849094802F08AFC2C
:200D00000346002B02D0FB790133FB71FB7918460837BD4680BD00BF00B0014000840000F4
:200D20006445002080B582B000AF0023FB71074802F0BEFC0346002B02D0FB790133FB71F0
:200D4000FB7918460837BD4680BD00BF6445002080B582B000AF0423FB71204B93F81034D7
:200D6000C3F30003DBB2002B06D01C4B002283F810240123FB712BE0184BB3F8C030C3F3A5
:200D80004003DBB2002B12D0144B0022A3F8C0200023BB71BB1D1946114802F09DFCBB79DC
:200DA00019460F4802F0A4FC0323FB7110E00B4BB3F8C030C3F38003DBB2002B06D0074B5F
:200DC0000022A3F8C0200223FB7101E00423FB71FB7918460837BD4680BD00BF00E0014040
:200DE0006445002080B588B000AF786039600023FB770023BB6107F10C0300221A605A606C
:200E00001A819F233B7200237B720023BB720023FB7200210020FFF71DFB07F10C0107F18C
:200E2000080304221846FFF7CDFD0346FB7701210020FFF70FFB7B7B1A04BB7B1B021343A9
:200E4000FA7B13431A46424B1A60414B1B689BB244F21A0293421FD844F21102934269D38C
:200E6000A3F58043113B092B64D801A252F823F0270F0000190F00000B0F0000FD0E0000D8
:200E8000EF0E0000E10E0000D30E0000C30E0000B30E0000A30E000047F21802934210D03A
:200EA00048E07B680A221A703B684FF480621A6049E07B6809221A703B684FF400721A609C
:200EC00041E07B6808221A703B684FF480721A6039E07B6807221A703B6880221A6032E088
:200EE0007B6806221A703B6840221A602BE07B6805221A703B6820221A6024E07B680422D3
:200F00001A703B6810221A601DE07B6803221A703B6808221A6016E07B6802221A703B68F8
:200F200004221A600FE07B6801221A703B6802221A6008E07B6800221A703B6800221A609B
:200F40000123FB7700BFFB7F18462037BD4680BD840B002080B588B000AF78600023FB7795
:200F600007F1180300221A601A714B233B7600210020FFF76FFA07F1080107F118030D2235
:200F80001846FFF71FFD01210020FFF763FA07F108030533082219467868FFF761FCFB7FDB
:200FA00018462037BD4680BD80B584B000AF03463960FB710023FB7300210020FFF74AFACA
:200FC000FB79012B0AD10523FB7207F10C0107F10B0302221846FFF7F5FC1AE0FB79022BF2
:200FE0000AD13523FB7207F10C0107F10B0302221846FFF7E7FC0CE0FB79032B09D115234B
:20100000FB7207F10C0107F10B0302221846FFF7D9FC01210020FFF71DFA7A7B3B681A709A
:20102000FB7B18461037BD4680BD80B582B000AF0023FB7106233B7100210020FFF70AFAA0
:201040003B1D01211846FFF761FC0346FB7101210020FFF7FFF9FB7918460837BD4680BD2F
:2010600080B582B000AF0023FB710423BB7100210020FFF7EFF9BB1D01211846FFF746FCC9
:201080000346FB7101210020FFF7E4F9FB7918460837BD4680BD80B584B000AF034639603B
:2010A000FB711346BB710023FB7307F1080300221A601A710123BB73BB79002B09D03B6857
:2010C0001A0EBB7B591CB973D2B210333B4403F8082C3B681A0CBB7B591CB973D2B2103335
:2010E0003B4403F8082C3B681A0ABB7B591CB973D2B210333B4403F8082CBB7B5A1CBA7356
:201100003A68D2B210333B4403F8082C00210020FFF7A0F9FB79032B1DD0032B27DC012BFC
:2011200002D0022B0BD022E0C7233B7207F1080301211846FFF7EAFB0346FB731BE0D82331
:201140003B72BA7B07F1080311461846FFF7DEFB0346FB730FE020233B72BA7B07F1080358
:2011600011461846FFF7D2FB0346FB7303E0FB7B0133FB7300BF01210020FFF76BF9FB7B74
:2011800018461037BD4680BD80B586B000AF78600023FB750123BB750523FB727B684FF4D6
:2011A0007A7202FB03F33B6100210020FFF752F907F10C0107F10B0302221846FFF702FCB1
:2011C0000346FB7501210020FFF744F94FF47A71282006F0A7FD00237B607B7B03F00103E6
:2011E000002B02D07B68002BDED000210020FFF731F907F10C0107F10B0302221846FFF752
:20120000E1FB0346FB7501210020FFF723F97B7B03F00103002B03D0FB7D0133FB7501E0FD
:201220000023FB75FB7D18461837BD4680BD80B584B000AF786039600023FB73002100205B
:20124000FFF708F939687868FFF760FB0346FB7301210020FFF7FEF8FB7B18461037BD46C2
:2012600080BD80B586B000AFF860B9607A603B600023BB750023FB7500210020FFF7EAF832
:20128000B968F868FFF742FB0346BB750121386806F048FDBB7D002B05D139687868FFF774
:2012A00063FB0346FB7501210020FFF7D3F8FB7D18461837BD4680BD80B584B000AF7860BF
:2012C00039600023FB733868FFF75EFFFFF7ADFE39687868FFF7ABFF0346FB733868FFF7E2
:2012E00053FFFFF7BDFEFB7B18461037BD4680BD80B584B000AF396011461A460346FB7173
:201300000B46BB711346BB800023FB73FFF78DFE03461A46FB7B1344FB73BB881846FFF72F
:2013200033FF03461A46FB7B1344FB73BA79FB7939681846FFF7AFFE03461A46FB7B1344D8
:20134000FB73BB881846FFF71FFF03461A46FB7B1344FB73FB7B18461037BD4680BD80B5F6
:2013600082B000AF0023FB7100F010F800F022F80346FB71FB79002B03D000F01BF8034688
:20138000FB71FB7918460837BD4680BD80B500AF00210020FFF75EF801210020FFF75AF895
:2013A00001210220FFF756F801210120FFF752F800BF80BD80B582B000AF0023FB71474BEF
:2013C000012283F82F2000233B603A46BB1D11461846FFF707FD0346002B07D03F4B002264
:2013E00083F82F20FB790133DBB273E03B4BD3F81B30B3F5807F04D9384B012283F82E200C
:2014000003E0364B002283F82E20344B00225A72002242F001029A72304B0022DA730022A1
:2014200042F010021A7400225A7400229A742B4BD3F813301B01294AC2F81330274BD3F86D
:201440001330264AD2F80F2002FB03F3234AB2F8092092B2B3FBF2F3204AC2F80B301F4B0D
:20146000D3F80F301B011D4AC2F81F301B4BD3F813301A4AD2F80F2002FB03F39B0A174A0C
:20148000C2F827301648FFF765FD03461A46FB791344FB7113490120FFF786FD03461A4606
:2014A000FB791344FB7110490220FFF77DFD03461A46FB791344FB710C490320FFF774FD4B
:2014C00003461A46FB791344FB71044B002283F82F20FB7918460837BD4680BD880B0020ED
:2014E000890B0020B30B0020B40B0020B50B002080B584B000AF03463960FB711346BB80A1
:201500000023FB7300BF0F4B93F82F30002BFAD10C4B012283F82F200A4B93F82E20BB888C
:20152000F8793968FFF7E4FE03461A46FB7B1344FB73044B002283F82F20FB7B1846103787
:20154000BD4680BD880B002080B5CAB000AF07F59473A3F58E73186007F59473A3F5907388
:20156000196007F59473A3F592731A600023A7F82631032387F823314E4B93F82E30002B19
:201580001ED0B7F826315A1CA7F826211A46022107F59473A3F58A73995407F59473A3F558
:2015A00090731B68190EB7F826315A1CA7F826211A46C9B207F59473A3F58A7399540BE0D1
:2015C000B7F826315A1CA7F826211A46022107F59473A3F58A73995407F59473A3F5907303
:2015E0001B68190CB7F826315A1CA7F826211A46C9B207F59473A3F58A73995407F594737E
:20160000A3F590731B68190AB7F826315A1CA7F826211A46C9B207F59473A3F58A739954C7
:20162000B7F826315A1CA7F826211A4607F59473A3F590731B68D9B207F59473A3F58A73A4
:2016400099540023A7F8243118E0B7F8243107F59472A2F58E7212681A44B7F82631591C9E
:20166000A7F826111946127807F59473A3F58A735A54B7F824310133A7F82431B7F8243135
:2016800007F59472A2F5927212689A42DDD8B7F8262107F1140311461846FFF70DFE03469E
:2016A00087F8233197F82331184607F59477BD4680BD00BF880B002080B5D0B000AF07F5FD
:2016C000A073A3F59A73186007F5A073A3F59C73196007F5A073A3F59E731A600023A7F8B7
:2016E0003E31032387F83D31454B93F82E30002B1ED0B7F83E315A1CA7F83E211A460B21B8
:2017000007F5A073A3F59873995407F5A073A3F59C731B68190EB7F83E315A1CA7F83E2138
:201720001A46C9B207F5A073A3F5987399540BE0B7F83E315A1CA7F83E211A460B2107F52A
:20174000A073A3F59873995407F5A073A3F59C731B68190CB7F83E315A1CA7F83E211A4696
:20176000C9B207F5A073A3F59873995407F5A073A3F59C731B68190AB7F83E315A1CA7F8C0
:201780003E211A46C9B207F5A073A3F598739954B7F83E315A1CA7F83E211A4607F5A0736F
:2017A000A3F59C731B68D9B207F5A073A3F598739954B7F83E315A1CA7F83E211A4607F5E7
:2017C000A073A3F5987300219954B7F83E1107F5A073A3F59E7307F5A072A2F59A7207F1E6
:2017E00010001B681268FFF73CFD034687F83D3197F83D31184607F5A077BD4680BD00BF0A
:20180000880B002080B584B000AF78600023FB734FF47A7279680320FFF76AFE0346002B8F
:2018200008D0FB7B0133FB73054B1B8801339AB2034B1A80FB7B18461037BD4680BD00BF43
:20184000B80B002080B586B000AFF860B9607A6000237B740023FB8200237B7500237B825B
:201860007B68C3F1FF1303F57F43FA689A4204D97B7C01337B747B7C2CE07B681B0AFB8248
:201880007B68DBB2002B02D0FB8A0133FB8200237B7519E07B8ABA68D0187A8AFB681344CC
:2018A0004FF480721946FFF74FFE0346002B04D07B7C01337B747B7C0CE07B8A03F580731C
:2018C0007B827B7D01337B757B7D9BB2FA8A9A42E0D87B7C18461837BD4680BD80B586B043
:2018E00000AFF860B9607A600023BB7400233B820023FB820023BB820023FB747B68C3F193
:20190000FF1303F57F43FA689A4204D9BB7C0133BB74BB7C3FE07B681B0A3B827B68DBB2BB
:20192000002B01D07B68FB740023FB8219E0BB8ABA68D018BA8AFB6813444FF480721946DF
:20194000FFF7BAFE0346002B04D0BB7C0133BB74BB7C20E0BB8A03F58073BB82FB8A01339A
:20196000FB82FA8A3B8A9A42E1D3FB7C002B11D0BB8ABA68D018BA8AFB681344FA7C19466C
:20198000FFF79AFE0346002B04D0BB7C0133BB74BB7C00E0BB7C18461837BD4680BDFFFF9E
:2019A00080B584B000AF786039600023FB730023BB7317E07868FFF725FF0346002B04D182
:2019C0007B6803F580537B600AE00123BB73FB7B0133FB73094B5B8801339AB2074B5A8047
:2019E000FFF7A0F97A683B689A4202D2BB7B002BE0D0FB7B18461037BD4680BDB80B0020D4
:201A000080B483B000AF78607B6803F500531A460023C2F810377B6803F500531A46002375
:201A2000C2F814377B6803F500531A460023C2F8183700BF0C37BD465DF8047B704780B423
:201A400083B000AF78607B6803F50053D3F81837002B0CBF01230023DBB218460C37BD4616
:201A60005DF8047B704780B483B000AF78607B6803F50053D3F81837B3F5FA7F0CBF012395
:201A80000023DBB218460C37BD465DF8047B7047B0B582B000AF786039607868FFF7E3FFF8
:201AA0000346002B01D0002333E07B6803F50053D3F81027796813469B0013449B00CA18D2
:201AC0003B6814461D460FCD0FC42B6823607B6803F50053D3F810375A1C104B83FB02133D
:201AE0005911D317CB1A4FF4FA7101FB03F3D31A7A6802F50052C2F810377B6803F50053C6
:201B0000D3F8183701337A6802F50052C2F81837012318460837BD46B0BD00BFD34D6210C1
:201B2000B0B582B000AF786039607868FFF787FF0346002B01D0002333E07B6803F50053E9
:201B4000D3F814273868796813469B0013449B000B4404461D460FCD0FC42B6823607B6874
:201B600003F50053D3F814375A1C104B83FB02135911D317CB1A4FF4FA7101FB03F3D31ADA
:201B80007A6802F50052C2F814377B6803F50053D3F81837013B7A6802F50052C2F818375D
:201BA000012318460837BD46B0BD00BFD34D621080B483B000AF78607B680022C3F8902342
:201BC0007B680022C3F894237B680022C3F8982300BF0C37BD465DF8047B704780B483B01C
:201BE00000AF78607B68D3F89833002B0CBF01230023DBB218460C37BD465DF8047B7047EC
:201C000080B483B000AF78607B68D3F89833032B0CBF01230023DBB218460C37BD465DF897
:201C2000047B704780B582B000AF786039607868FFF7E6FF0346002B01D0002328E07B68D9
:201C4000D3F890337A684FF4987101FB03F31A443B68104619464FF498731A4606F022FB5F
:201C60007B68D3F89033591C0B4B83FB0132CB17D21A13465B001344CA1A7B68C3F8902369
:201C80007B68D3F898335A1C7B68C3F89823012318460837BD4680BD5655555580B582B03F
:201CA00000AF786039607868FFF798FF0346002B01D0002327E07B68D3F8943338687A6831
:201CC0004FF4987101FB03F3134419464FF498731A4606F0E7FA7B68D3F89433591C0C4B4A
:201CE00083FB0132CB17D21A13465B001344CA1A7B68C3F894237B68D3F898335A1E7B684D
:201D0000C3F89823012318460837BD4680BD00BF5655555580B582B000AF78607B681B68E4
:201D200040F2C172934206D0B3F5F86F0DD9A3F2FA73012B09D8094B00221A70084B00221A
:201D40001A60786800F022FE03E0064B01221A7000BF00BF0837BD4680BD00BF503C0020D0
:201D6000844400208C36002080B500AF10491148FFF7D6FE0346002B18D00D48FFF7CAFFC9
:201D80000C4B03F50053D3F81837002B0ED1094B03F50053D3F81027064B03F50053D3F875
:201DA00014379A4202D00348FFF72AFE00BF80BD78360020C00B002080B500AF564B1B78F4
:201DC000042B00F2988001A252F823F0E11D0000F31D0000291E0000391E0000911E00006F
:201DE0004E4B1B78652B40F08D804B4B01221A7088E04A4B1B78022B03D1494B02221A70D4
:201E00000EE0464B1B78032B03D1454B03221A7006E0424B1B78042B02D1414B04221A702B
:201E20003D4B02221A706EE03C4B1A783D4B1A70394B03221A7066E0384B1A783A4B1A7056
:201E4000384B1B781AB2384B1B781BB21B021BB213431BB29AB2354B1A80344B1A88304BAE
:201E6000A3F82E21314B1B8803339AB22F4B1A802E4B1B88B3F5967F06D92C4B01221A80D7
:201E8000254B00221A703EE0234B04221A703AE0264B1B88013B214AD35C822B24D1234BD6
:201EA0001B88033B9AB2214B1A80204B1B88B3F5FA7F12D81A4BB3F82E311A4617491C4843
:201EC000FEF7CEFC144B00221A70184B01221A8013491848FFF7A6FE15E00F4B00221A70C7
:201EE000124B01221A800EE00B4B00221A700F4B01221A8007E0084B00221A700B4B012262
:201F00001A8000E000BF094B1B881A4603490020FEF798FE00BF80BDD83600203C3900207B
:201F2000DC360020693A00206A3A002048070020DD360020DC32002080B58AB000AF786022
:201F40000023FB8400237B847B68B3F82E31053B3B84002387F825307B681B78042B73D0F2
:201F6000042B00F33181022B02D0032B11D02BE19A4B01221A709A4B00221A70994B00224A
:201F80001A707B680133482219469748FEF768FC1FE1964B00221A70954B00221A60954BB6
:201FA00001221A707B68B3F82E310D2B00F20E8100233B747B685B781A467B689B781B02D3
:201FC0001A437B68DB781B041A437B681B791B061343FB607B685B79BB7400237B747B68CE
:201FE000991DBB7C1A4607F10C030C331846FEF737FCFB6840F2FA7293420CD0FB6840F281
:20200000FB72934207D0FB6840F2C172934213D13B7E042B10D107F10C03184600F0B6FC56
:20202000FB6840F2C17293420DD107F10C0319460420FEF733F906E007F10C03194604200A
:20204000FEF72CF9C2E0C1E0684B00221A70684B00221A60674B01221A707B685B781A4600
:202060007B689B781B021A437B68DB781B041A437B681B791B061343FB607B685B79BB740F
:202080005D4B05221A803B8CDB08FB843B8C03F007037B84594B1A883B8C13449AB2574B99
:2020A0001A8042E0002387F8253014E0524B1B885A1C91B2504A1180194697F825307A6830
:2020C0000A44527828333B4403F8102C97F82530013387F8253097F82530072BE6D9FB8C8F
:2020E000013BFB84FB6840F2FA7293420CD0FB6840F2FB72934207D0FB6840F2C172934228
:2021000008D13B7E042B05D107F10C03184600F03DFC05E007F10C0319460420FEF7BEF880
:202120004FF47A71052005F0FDFDFB8C002BB9D17B8C002B4CD07B8CDBB2BB74002387F86E
:20214000253014E02C4B1B885A1C91B22A4A1180194697F825307A680A44527828333B4447
:2021600003F8102C97F82530013387F8253097F825309BB27A8C9A42E4D800237B84FB68E8
:2021800040F2FA7293420CD0FB6840F2FB72934207D0FB6840F2C172934209D13B7E042BE3
:2021A00006D107F10C0319461548FFF771FC05E007F10C0319460420FEF770F84FF47A7128
:2021C000052005F0AFFD03E000BF02E000BF00E000BF00BF2837BD4680BD00BF6B3A002075
:2021E0006D3A00206C3A002090360020503C002084440020683A0020703A00206E3A002084
:20220000C00B002080B500AF0D490E48FFF746FD0346002B12D00A48FFF78EFE094BD3F8C1
:202220009833002B0AD1074BD3F89023054BD3F894339A4202D00348FFF7BAFC00BF80BD7A
:202240000C380020DC32002080B584B000AF7860654B00221A807B689B7906339AB2634B66
:202260001A80614B1B885A1C91B25F4A11801A465F4B652199545C4B1B885A1C91B25A4A5E
:2022800011801A465A4B02219954584B1988564B1B885A1C90B2544A10801A46C9B2544BB0
:2022A0009954524B1B881B0A99B24F4B1B885A1C90B24D4A10801A46C9B24D4B99547B6822
:2022C0001968494B1B885A1C90B2474A10801A46C9B2474B99547B681B68190A424B1B885A
:2022E0005A1C90B2404A10801A46C9B2404B99547B681B68190C3C4B1B885A1C90B23A4AC8
:2023000010801A46C9B23A4B99547B681B68190E354B1B885A1C90B2334A10801A46C9B290
:20232000334B9954304B1B885A1C91B22E4A11801A467B6899792E4B99540023FB730FE017
:20234000FA7B294B1B88591C88B22749088019467B6813441A7B264B5A54FB7B0133FB73E5
:202360007B689B79FA7B9A42EAD30023BB730CE01D4B1B885A1C91B21B4A11801A461C4B9A
:2023800000219954BB7B0133BB73BB7B002BEFD0154B1B885A1C91B2134A11801A46144B0E
:2023A00000219954104B1B885A1C91B20E4A11801A460F4B002199540B4B1B885A1C91B2F5
:2023C000094A11801A460A4B82219954064B1B881A4607490020FEF7E3FB034B00221A8033
:2023E00000BF1037BD4680BD363C0020383C0020743A002080B483B000AF0346FB7197F948
:202400000730002B12DBFB7903F01F020A4997F907305B09012000FA02F2203341F8232089
:20242000BFF34F8F00BFBFF36F8F00BF00BF0C37BD465DF8047B704700E100E080B483B026
:2024400000AF0346FB7197F90730002B0CDBFB7903F01F02074997F907305B09012000FA21
:2024600002F2603341F8232000BF0C37BD465DF8047B704700E100E080B400AFBFF34F8F95
:2024800000BF064BDB6803F4E0620449044B1343CB60BFF34F8F00BF00BFFDE700ED00E0D4
:2024A0000400FA0580B485B000AF786039600023FB600023FB72FB68DB43FB601FE07B68C4
:2024C0005A1C7A601B781A46FB685340FB600823FB7209E0FB685A08FB6803F0010359422D
:2024E0000C4B0B405340FB60FB7A013BDBB2FB7297F90B30002BEDDA3B68013B3B603B68C7
:20250000002BDCD1FB68DB4318461437BD465DF8047B70472083B8ED80B485B000AF7860F3
:2025200039600023FB600023FB72FB68DB43FB6021E07B681B78DBB21A46FB685340FB6063
:202540007B6801337B600823FB7209E0FB685A08FB6803F0010359420C4B0B405340FB60BE
:20256000FB7A013BDBB2FB7297F90B30002BEDDA3B68013B3B603B68002BDAD1FB68DB437F
:2025800018461437BD465DF8047B70472083B8ED80B582B000AF7860084611461A46034680
:2025A000FB700B46BB7013467B70144AFB781373124ABB785373124B1A78104B9A730F4A94
:2025C0007B6813600D4B03229A710E4B1B78DBB2012B03D10948FFF737FE0AE0FB78082B98
:2025E00002D10648FFF730FE7B7804491846FDF755FE00BF0837BD4680BD00BF3C3C00201C
:202600007C0B0020683A002080B582B000AF00237B600623FB70142213490020FFF75EF9AA
:202620000346002B1AD1104B9B7CAA2B14D10423AA22042140F2FC70FFF7AAFF00237B60BC
:2026400002E07B6801337B607B6842F20F729342F7D90523FB7001E00423FB70FB78184692
:202660000837BD4680BD00BF543C002080B584B000AF0623FB7300233B600023BB6000239E
:202680007B605C4B9B7CAA2B67D14FF480510020FFF786F90346002B57D1574B1A78554B7B
:2026A0001A70554B5A78534B5A70524BFF229A74504BAA22DA74504BD3F806304D4AC2F848
:2026C00006304D4BD3F802304A4AC2F802304A4BD3F80E30474AC2F80E30474BD3F80A30F1
:2026E000444AC2F80A30142242490020FFF7AAF80346002B21D114223F490020FFF7EEF8BF
:202700000346002B11D114223B493A48FEF7C7F80346002B01D1FFF7AFFE0423FF22082119
:2027200040F2FC70FFF734FF5FE00423FF22082140F2FC70FFF72CFF57E00423FF220821BB
:2027400040F2FC70FFF724FF4FE00423FF22082140F2FC70FFF71CFF47E0264BDB7CAA2BAF
:2027600034D1142224490020FFF7B8F80346002B18D1214B1B78002B08D11F4BD3F8023024
:20278000BB601D4BD3F806307B600BE01A4B5B78002B07D1184BD3F80A30BB60164BD3F805
:2027A0000E307B60B9684FF48030FFF7B5FE38603A687B689A4206D1FEF7B4FA00F0FEFEE4
:2027C00000F078FE11E00223FB730EE04FF480331A680A4B1340B3F1005F04D100F06AFED1
:2027E0000323FB7301E00223FB73FB7B18461037BD4680BD543C0020A04400200000FE2F95
:2028000080B500AFFEF78EFAFFF7AEFAFFF7FAFC224B1B680A2B15D9214B00221A701F4B38
:2028200000221A601F4B00221A601F4B00221A600423FF220A2140F2FC70FFF7A9FE1B4BDC
:2028400001221A70194B1B78012B15D1184B1B78DBB2012BD6D1164B00221A700F4B0022E3
:202860001A600F4B01221A700423FF22092140F2FC70FFF78DFEC5E7094B1B78012BC1D1F5
:202880000B4B1B78DBB2012BBCD1044B1B680133024A1360064B00221A70B3E784440020C5
:2028A00080440020683C00206C3C0020503C0020800B002080B582B000AF0623FB71FFF7B0
:2028C000D5FE0323FB71FB7918460837BD4680BD80B500AF274B01221A70FEF723FA254BBD
:2028E0001B78012B15D1244B1B78DBB2012B21D1214B00221A70214B00221A60204B0122D8
:202900001A700423FF22092140F2FC70FFF740FE10E01B4B1B78012B0CD1174B1B78DBB275
:20292000012B07D1154B1B680133144A1360124B00221A70FFF718FAFFF764FC0F4B1B6867
:20294000322BCAD90E4B00221A700C4B00221A600C4B00221A600C4B00221A600423FF2251
:202960000A2140F2FC70FFF713FE024B01221A70B3E700BF503C0020800B002084440020F5
:2029800080440020683C00206C3C002080B588B000AF78607B681B6840F2FB72934250D0D9
:2029A00040F2FB72934200F2948040F2FA7293420DD040F2FA72934200F28B8040F26662E3
:2029C000934242D040F2C172934257D081E07B681B7B002B02D100F051F97CE07B681B7BC8
:2029E000012B03D1786800F07DF974E07B681B7B032B02D100F044FB6DE07B681B7B042B9F
:202A000002D100F07BFC66E07B681B7B052B02D100F0F2FC5FE07B681B7B062B02D100F030
:202A200067F858E07B681B7B072B03D1786800F00FFC50E07B681B7B082B4CD1FFF716FEA2
:202A400049E0786800F05CFA48E040F22373FB600823BB7407F10C030C330822214918464A
:202A6000FDF7FEFE07F10C0319460420FDF716FC07F10C031846FFF7E7FB2FE07B681B7B11
:202A8000002B03D0184B01221A7002E0164B00221A707B681B7B042B1FD17B685B7BAA2B13
:202AA0001BD1124B40F2C2721A60104B02229A710E4B04221A730D4BAA225A730A4B0122EE
:202AC0001A700A490420FDF7E9FB0848FFF7BCFB03E000BF02E000BF00E000BF00BF203728
:202AE000BD4680BDDC440020513C0020B844002080B584B000AF4FF48053FB604FF480330E
:202B0000BB6000237B60142257490020FEF7E6FE0346002B40F08F80534B1B78002B14D1D9
:202B20004FF48053FB604FF48033BB604F4BD3F802307B604D4BD3F802304D4A13604B4B6C
:202B4000D3F806304B4A136075E0474B5B78002B71D14FF40123FB604FF48033BB60434BE4
:202B6000D3F80A307B60414BD3F80A30404A13603E4BD3F80E303F4A13605CE07B68B3F592
:202B8000806F2ED34FF480623B49F868FEF7A6FE0346002B1DD14FF480623749B868FDF788
:202BA000D9FC0346002B0CD1FB6803F58063FB60BB6803F58063BB607B68A3F580637B6004
:202BC00039E00423FF22062140F2FC70FFF7E0FC34E00423FF22062140F2FC70FFF7D8FC12
:202BE0002CE07A682449F868FEF778FE0346002B1AD17A682049B868FDF7ACFC0346002BD5
:202C00000AD1FA687B681344FB60BA687B681344BB6000237B600EE00423FF22062140F2DE
:202C2000FC70FFF7B5FC06E00423FF22062140F2FC70FFF7ADFC7B68002B9FD17B68002B63
:202C400007D10423AA22062140F2FC70FFF7A0FC06E00423FF22062140F2FC70FFF798FCD5
:202C600000BF1037BD4680BDA0440020543C0020743C0020783C00208040002080B500AFF2
:202C8000134B40F2FC721A60114B05229A71104B00221A730F4BAA221A700E4B79225A80A6
:202CA00004220C490C48FDF7DBFD0C4B1B78DBB2012B03D10648FFF7C7FA03E004490420A9
:202CC000FDF7ECFA064B00221A7000BF80BD00BFB844002088440020C5440020683A00206F
:202CE000503C002080B582B000AF78607B685A7B7C4B9A7414227C490020FEF7EFFD034668
:202D0000002B40F0E380784B1B78002B48D1774B4FF401221A60764B4FF401221A60754B58
:202D20004FF441221A607B689B7B1A467B68DB7B1B021A447B681B7C1B041A447B685B7CB5
:202D40001B0613441A46674BC3F80A20674B1B68684A126811461846FEF722FE0346002B65
:202D600016D1654B00221A60644B00221A605D4B01221A705B4B00225A705A4BAA22DA742F
:202D80000423AA22012140F2FC70FFF701FCA4E00423FF22012140F2FC70FFF7F9FB9CE09B
:202DA000514B5B78002B48D1504B4FF480521A604F4B4FF480521A604E4B4FF480221A6015
:202DC0007B689B7B1A467B68DB7B1B021A447B681B7C1B041A447B685B7C1B0613441A465D
:202DE000404BC3F80220414B1B68424A126811461846FEF7D5FD0346002B16D13E4B0022D4
:202E00001A603E4B00221A60364B00221A70354B01225A70334BAA22DA740423AA220121CC
:202E200040F2FC70FFF7B4FB57E00423FF22012140F2FC70FFF7ACFB4FE02C4B4FF48052B8
:202E40001A602B4B4FF480521A602A4B4FF480221A607B689B7B1A467B68DB7B1B021A4412
:202E60007B681B7C1B041A447B685B7C1B0613441A461C4BC3F802201C4B1B681D4A1268BA
:202E800011461846FEF78CFD0346002B16D11A4B00221A60194B00221A60124B00221A709A
:202EA000104B01225A700F4BAA22DA740423AA22012140F2FC70FFF76BFB0EE00423FF2211
:202EC000012140F2FC70FFF763FB06E00423FF22012140F2FC70FFF75BFB00BF0837BD46A3
:202EE00080BD00BF8C440020A04400204C0700205007002054070020683C00206C3C0020F1
:202F000080B582B000AF7860534B1B68534A98187B6803F10C017B689B791A46FDF7A0FC8A
:202F20007B689B791A464C4B1B6813444A4A13607B689B791A464A4B1B681344484A1360F7
:202F4000454B1B68B3F5806FC0F08280454B1B684FF4806241491846FEF774FC0346002B1C
:202F60006FD1414B1B684FF4806240491846FEF7B5FC0346002B5CD14FF4806237493B4887
:202F8000FDF78DFC0346002B4BD1394B40F2FC721A60374B05229A712F4B00221A60344B3D
:202FA00002221A734FF480613048FFF77BFA0346304A13602F4B1B681B0EDAB22C4B1A746C
:202FC0002C4B1B681B0CDAB2294BDA73294B1B681B0ADAB2264B9A73264B1B68DAB2244B6E
:202FE0005A73254B1B78DBB2012B09D1234B1B8801339AB2214B1A801D48FFF725F903E07B
:203000001B490420FDF74AF9164B1B6803F58063144A1360144B1B6803F58063124A1360D5
:2030200016E00423FF22022140F2FC70FFF7B0FA0EE00423FF22022140F2FC70FFF7A8FA62
:2030400006E00423FF22022140F2FC70FFF7A0FA00BF0837BD4680BD683C0020803C002013
:203060006C3C00204C0700205007002080400020B8440020703C0020683A0020E4440020CC
:2030800080B582B000AF674A674B1A60674B1B68002B20D1664BD3F80220664B1B689A423E
:2030A00006D0634BD3F80A20624B1B689A4207D10423AA22032140F2FC70FFF769FAADE018
:2030C0000423FF22032140F2FC70FFF761FA594B00221A60A2E0584B1B68544A12685149FB
:2030E0001846FEF7AFFB0346002B40F08F80534B1B684E4A126852491846FEF7EFFB0346CC
:20310000002B7BD1494B1B681A4646494C48FDF7C6FB0346002B40F081804A4B40F2FC720F
:203120001A60484B05229A71404B1B6819464448FFF7B8F90346444A1360434B1B681B0E2C
:20314000DAB2404B1A74404B1B681B0CDAB23D4BDA733D4B1B681B0ADAB23A4B9A733A4B61
:203160001B68DAB2374B5A73384B1B78DBB2012B03D13448FFF768F803E032490420FDF706
:203180008DF82D4B1A68294B1B6813442A4A13602A4B1A68254B1B681344284A1360002332
:2031A0007B6002E07B6801337B607B684CF24F329342F7D91E4BD3F802201E4B1B689A42FB
:2031C00006D01B4BD3F80A201A4B1B689A420AD1164B00221A600423AA22032140F2FC706D
:2031E000FFF7D6F91AE00423FF22032140F2FC70FFF7CEF90F4B00221A600FE00423FF221C
:20320000032140F2FC70FFF7C3F907E00423FF22032140F2FC70FFF7BBF9FFE700BF0837BB
:20322000BD4680BD803C0020B4440020683C00208C4400206C3C00204C07002050070020F4
:2032400080400020B8440020703C0020683A002080B584B000AF7860244B40F2FC721A606B
:20326000224B02229A717B685B7B1A467B689B7B1B021A447B68DB7B1B041A447B681B7CF5
:203280001B061344FB601A4B1B78002B04D1184AFB68C2F8063007E0154B5B78002B03D195
:2032A000134AFB68C2F80E30124B1B6819464FF48030FFF731F903460F4A13600E4B1B6813
:2032C000FA689A4207D10423AA22072140F2FC70FFF75EF906E00423FF22072140F2FC70DE
:2032E000FFF756F900BF1037BD4680BDB8440020A0440020743C00207C3C002080B588B00E
:2033000000AF394B1B78012B0CD1384BD3F80230354AC2F80230354BD3F80630324AC2F83C
:2033200006300FE0304B5B78012B0BD12F4BD3F80A302D4AC2F80A302C4BD3F80E302A4A34
:20334000C2F80E304FF480510020FEF729FB0346002B3ED13B46142223491846FDF780FAB6
:20336000142221492248FDF77BFA3B46214A13603B46142219460020FEF764FA0346002B7E
:203380001FD1142219490020FEF7A8FA0346002B0FD1142215491448FDF781FA0346002BC7
:2033A0001ED10423AA22042140F2FC70FFF7F0F816E00423FF22042140F2FC70FFF7E8F8B3
:2033C0000EE00423FF22042140F2FC70FFF7E0F806E00423FF22042140F2FC70FFF7D8F86F
:2033E00000BF2037BD4680BD8C440020A0440020543C0020B444002080B500AF4FF4A021D3
:203400004FF48030FDF70CF90346002B07D10423AA22052140F2FC70FFF7BAF806E0042308
:20342000FF22052140F2FC70FFF7B2F800BF80BD80B500AF0E221D494FF44820FDF710F9E9
:203440000346002B30D1194B1B78012B20D1174B5A79174B1A70154B9A79154B5A70134BC7
:20346000DA79134B9A70114B1A7A114BDA700F4B5A7A0F4B1A710D4B9A7A0D4B5A710B4B03
:20348000DA7A0B4B9A71094B1A7B094BDA710BE0074BFF221A70064B01225A71044B022255
:2034A0009A71034B0022DA7100BF80BDCC440020DC44002080B586B000AF3A4BBB6072B6F8
:2034C00000BF394B00229A8000BF374B9B889BB2002BFAD1344B00229A8200BF324B9B8AA8
:2034E0009BB2002BFAD1314B00221A604FF0FF30FEF780FF4FF0FF30FEF7A0FF00237B618E
:2035000008E02B4A7B69C033002142F823107B6901337B617B695F2BF3D900233B6110E00C
:20352000244A3B6920334FF0FF3142F82310214A3B6960334FF0FF3142F823103B690133F4
:203540003B613B69072BEBD90023FB6007E0184AFB68134400221A70FB680133FB60FB68B3
:203560000F2BF4D900233B603B6883F31488BFF36F8F00BF00BF104B4FF480329A60BFF3A7
:203580004F8F00BF4FF480331B687B607B6883F3088800BFBB681B68984700BF1837BD46FC
:2035A00080BD00BF04000100000D004010E000E00060004000E100E000ED00E080B500AFDB
:2035C000FDF72EFAFDF7AAFAFCF794FE00BF80BD80B500AFFDF788F800BF80BD80B582B0FB
:2035E00000AF0346FB71FB79022B03D10349044801F0FCFC00BF0837BD4680BD708500003E
:20360000F844002080B500AFFFF7E2FF0023184680BDFFFF80B586B000AF786039607B6869
:203620007B613968786900F070F838613B69002B01D03B6932E03B681B791A4ADB01DBB2E1
:2036400093713B681B781A46174B9B5C03F00303FB603B685B781B01DBB2FA681343FB60F1
:203660003B689B781B0303F44053FA681343FB603B68DB781B0203F44073FA681343FB6009
:20368000084BFA6892B25A803B685B79054ADB01DBB213727B69054A1A6000231846183726
:2036A000BD4680BD003408403C8600005444570080B483B000AF7860064B00221A70054B62
:2036C000FF221A70002318460C37BD465DF8047B704700BF0034084080B483B000AF7860C4
:2036E0003960062318460C37BD465DF8047B704780B483B000AF78600B46FB7006231846A8
:203700000C37BD465DF8047B704780B483B000AF78603960002318460C37BD465DF8047BB6
:20372000704780B483B000AFEFF303837B607B683B603B88C3F308039BB2DBB2103BDBB2C5
:203740005BB218460C37BD465DF8047B7047FFFF80B483B000AF03463960FB7197F9073004
:2037600004493A6841F8232000BF0C37BD465DF8047B70474C46002080B483B000AF03463D
:20378000FB7197F90730044A52F8233018460C37BD465DF8047B70474C46002080B483B0C3
:2037A00000AF0346FB710B4997F9073003F1C00251F8223023F4803341F82230054A97F905
:2037C0000730C03352F8233000BF0C37BD465DF8047B70470060004080B584B000AF034691
:2037E000FB7197F907301846FFF7D8FFBFF35F8F00BF97F90730FB60FB6803F01F02074923
:2038000097F907305B09012000FA02F2603341F8232000BF1037BD4680BD00BF00E100E099
:2038200080B584B000AF0346B9607A60FB73BB68DAB2094997F90F301201D2B20B4483F895
:20384000002397F90F3079681846FFF781FF00BF1037BD4680BD00BF00E100E080B485B092
:2038600000AF0346FB7197F90730FB60FB6803F01F020749FB685B09012000FA02F241F8EC
:20388000232000BF1437BD465DF8047B704700BF00E100E080B582B000AF0346FB7197F972
:2038A00007301846FFF798FF97F907301846FFF7D5FF00BF0837BD4680BDFFFF80B485B052
:2038C00000AF0346FB7197F90730FB60FB6803F01F020B4997F907305B09012000FA02F25D
:2038E000203341F82320BFF34F8F00BFBFF36F8F00BF00BF1437BD465DF8047B704700BFE4
:2039000000E100E080B584B000AF0346B9607A60FB7397F90F307A68B9681846FFF780FF7F
:2039200097F90F301846FFF7B5FF00BF1037BD4680BDFFFF80B584B000AF786039600023C0
:20394000FB607B68BB60386800F0CFF8F860FB68002B01D0FB6822E0BB683A685A603B6879
:203960009A69BB685A623B68DA69BB68DA62BB6800229A62BB685B681B7803F5800303F5F3
:203980008D531B021A46BB689A60B86800F00AF9B86800F055FABB68034A1A60FB68184690
:2039A0001037BD4680BD00BF4950535280B586B002AFF860B9607A60FB70FB7800937B68C8
:2039C000BA680021F86800F0DFFA034618461037BD4680BD80B586B002AFF860B9607A60E6
:2039E000FB70FB7800937B680022B968F86800F0CBFA034618461037BD4680BD80B586B082
:203A000002AFF860B9607A603B603B7E00933B687A68B968F86800F0B7FA0346184610372E
:203A2000BD4680BD80B584B000AF78607B68FB60FB6800221A60FB685B685B69002B0AD02A
:203A4000FB685B685B699B681B6AFA6852685269126810469847FB685B681B69002B0AD0BF
:203A6000FB685B681B699B681B6AFA6852681269126810469847FB685B6893F90230002BBF
:203A800006DBFB685B6893F902301846FFF716FFFB685B6893F90130002B06DBFB685B68E3
:203AA00093F901301846FFF709FFFB685B6893F903301846FFF702FFFB685B6893F90430CD
:203AC0001846FFF7FBFEFB689A68137823F040031370FB689B68DB78FB689B680022DA7045
:203AE000002318461037BD4680BD80B586B000AF786000237B617B681B693B617B681B7854
:203B000003F5800303F58D531B020433FB603B69002B19D03B695B681B684FF000621A60E6
:203B20003B695B681B68FA689A603B699B681B683A6910683A6952681146984778617B69AA
:203B4000002B01D07B6928E07B685B69BB60BB68002B21D0BB685B681B684FF400221A6034
:203B6000BB685B681B68FA685A60BB689B681B68BA681068BA6852681146984778617B69AE
:203B8000002B09D03B69002B06D03B699B681B6A3A691268104698477B6918461837BD466A
:203BA00080BDFFFF80B491B000AF78600023FB6300233B620023BB6300237B6300233B638A
:203BC0000023FB620023BB6200237B620023FB61FB6B43F08003FB63FB6B43F02003FB6312
:203BE000FB6B43F01003FB637B685B685B7A002B01D1082300E00023FA6B1343FB637B6819
:203C00005B685B7A002B01D1102300E000237A6B13437B637B685B689B7A1A467B6A13436A
:203C20007B627B685B68DB7A5B007A6A13437B627B685B685B7B1B037A6A13437B627B68A6
:203C40005B681B69002B03D0FB6B43F02003FB637B685B681B6ABB61BB691B78002B14D1F7
:203C60007B685B681B78002B0AD17B685B685B7A002B01D1802300E000237A6A13437B62D0
:203C8000FB6B23F00103FB6303E0FB6B43F00103FB63BB695B78DB01DB431A46FB6B134061
:203CA000FB63BB695B785A00BB695B785B0113431A46FB6B1343FB633B6A23F00F033B62CB
:203CC000BB699B781A46BB69DB7802FA03F33A6A13433B627B6A23F070037B62BB69DB788E
:203CE0001B017A6A13437B62BB691B79002B0BD0BB6B43F02003BB63BB691B79022B03D180
:203D0000BB6B43F01003BB63BB695B79002B0BD07B6B43F001037B63BB695B79012B03D128
:203D20007B6B43F002037B63BB699B791A46FB691343FB61BB691B7AC3F30103DBB29B003E
:203D40007A6A13437B627B685B685B7A002B0CD17B6A43F460437B62BB695B7A3B63BB6972
:203D60009B7AFB62BB69DB7ABB6200237B61EFF310833B613B697B610123FB60FB6883F353
:203D8000108800BF2D4B5A687B685B681B78C3F11303012101FA03F3DB43284913404B60EF
:203DA000264B5B687B69BB60BB6883F3108800BF7B689B68DB787B689B680022DA707B6872
:203DC0009B68FA6BD2B21A707B689B683A6AD2B25A707B689B68BA6BD2B29A707B689B6816
:203DE000BA69D2799A727B689B683A6BD2B21A737B689B68FA6AD2B25A737B689B68BA6A08
:203E0000D2B29A737B689B687A6BD2B2DA737B689B687A6A92B21A827B689B68FA69D2B2FE
:203E200083F820207B689B68102283F8212000BF4437BD465DF8047B704700BF00400840E4
:203E400080B582B000AF78607B685B6893F90230002B0ADB7B685B6893F902007B685B6826
:203E60009B797A681946FFF74DFD7B685B6893F90130002B0ADB7B685B6893F901007B6824
:203E80005B685B797A681946FFF73CFD7B685B6893F904007B685B681B7A7A681946FFF773
:203EA00031FD7B685B6893F903007B685B68DB797A681946FFF7B4FC00BF0837BD4680BD80
:203EC00080B487B000AF78607B689B68DB7ADBB27B617B689B681B8A9BB2FB607B6893F8AB
:203EE00020300F2B08D97B6923F040037B617B6943F020037B610DE07B6893F82030072B4E
:203F000004D87B6943F040037B6103E07B6923F060037B617B6893F820303B613B690F2B3E
:203F200004D93B6901339B08053B3B61FB6823F47063FB603B691B02FA681343FB607B68EE
:203F40009B687A69D2B2DA727B689B68FA6892B21A8200BF1C37BD465DF8047B704780B4AF
:203F600083B000AF78607B689B681B78DAB27B689B6842F06002D2B21A7000BF0C37BD46F5
:203F80005DF8047B7047FFFF80B588B000AFF860B9607A603B60FB68FB61FB699B681B78DD
:203FA000DBB203F04003002B01D0082306E1FB69BA68DA60FB697A681A61FB6900225A616E
:203FC000FB6900229A61FB693A68DA61FB6997F8282083F82020FB695B685B69002B6DD0D6
:203FE000FB693A689A61FB6993F820300F2B0AD9FB695B685B695B681A68D378022161F372
:204000000513D37018E0FB6993F82030072B09D8FB695B685B695B681A68D37823F030033A
:20402000D37009E0FB695B685B695B681A68D378012161F30513D370FB695B685B695B685A
:204040001A689378022161F383039370FB695B685B695B681B683A6892B2DA81FB695B683A
:204060005B695B681B687A689A607B68002B0FD1FB695B685B695B681A68937823F00C030F
:204080009370FB695B685B695B681B684D4A9A60FB695B685B699B685B68FA6952685269D2
:2040A0001068FA69526852695268126811469847B861BB69002B01D0BB697FE0FB695B6863
:2040C0001B69002B73D0FB693A685A61FB6993F820300F2B0AD9FB695B681B695B681A68E1
:2040E000D378022161F30513D37018E0FB6993F82030072B09D8FB695B681B695B681A6869
:20410000D37823F03003D37009E0FB695B681B695B681A68D378012161F30513D370FB6972
:204120005B681B695B681A68D378022161F38303D370FB695B681B695B681B683A6892B291
:20414000DA81FB695B681B695B681B68BA685A60BB68002B0FD1FB695B681B695B681A6819
:20416000D37823F00C03D370FB695B681B695B681B68154A5A60FB699A68137823F020035E
:204180001370FB695B681B699B685B68FA69526812691068FA6952681269526812681146F8
:2041A000984778617B69002B01D07B6906E0F869FFF786FEF869FFF7D2FE002318462037C3
:2041C000BD4680BDFC4500200046002080B485B000AF78607B689B69FB607B68DB69FA681D
:2041E0009A4234D07B681B69002B03D17B689B685B6827E07B6893F820300F2B09D97B680C
:204200009A687B681969FB689B000B4452681A6018E07B6893F82030072B09D87B689A6808
:204220007B681969FB680B441279D2B21A7009E07B689A687B681969FB685B000B44928874
:2042400092B21A80FB685A1C7B689A6100E000BF1437BD465DF8047B704780B485B000AF39
:2042600078607B685B69FB607B68DB69FA689A4233D07B68DB68002B04D17B689B680022CE
:204280005A6025E07B6893F820300F2B09D97B68DA68FB689B001A447B689B6812685A60EA
:2042A00016E07B6893F82030072B08D87B68DA68FB681A447B689B6812781A7108E07B688C
:2042C000DA68FB685B001A447B689B6812889A80FB685A1C7B685A6100E000BF1437BD4682
:2042E0005DF8047B704790B587B000AF78600B46FB707B689B6A7B617B69002B03D107F1D5
:2043000008037B6105E07A6907F1080307CA83E807007B685B681B781A467B691A607B69CD
:20432000FA781A717B68DA6A7B699A607B685B6A786998477B689B6A002B08D07B689B6A40
:204340001C4607F1080393E8070084E8070000BF1C37BD4690BD80B582B000AFFFF7E1F9BB
:204360000346FB7197F907301846FFF717FA97F907301846FFF700FA38603868FFF726FFF4
:204380003B689A693B68DB699A4206D13B685B6893F903301846FFF761FA00BF0837BD4608
:2043A00080BD80B584B000AFFFF7BBF90346FB7397F90F301846FFF7F1F997F90F3018460D
:2043C000FFF7DAF9B860BB685B681B6A7B607B68002B1ED07B685B78012B1AD1BB685A6907
:2043E000BB68DB69013B9A4207D1BB685B6893F903301846FFF74EFA0BE0BB685B681B69D0
:20440000002B06D0BB685B6893F903301846FFF725FAB868FFF721FF00BF1037BD4680BD07
:2044200080B582B000AFFFF77CF90346FB7197F907301846FFF7B2F997F907301846FFF765
:204440009BF938603B689B68DB78C3F34003DBB2002B04D03B685B685B7A012B28D197F9C2
:2044600007301846FFF72AFA3B685B6893F90230002B06DB3B685B6893F902301846FFF7E5
:204480001DFA3B689A68137823F0400313703B685B6893F90230002B06DB3B685B6893F9DA
:2044A00002301846FFF7F6F901213868FFF71BFF00BF0837BD4680BD80B584B000AFFFF769
:2044C00030F90346FB7397F90F301846FFF754F9B860BB685B6893F90230002B06DBBB68A1
:2044E0005B6893F902301846FFF7E8F9BB689A68137823F040031370BB685B6893F90230D9
:20450000002B06DBBB685B6893F902301846FFF7C1F9BB689B68DB78FB71BB689B680022B0
:20452000DA70FB7903F00803DBB2002B03D00521B868FFF7D8FEFB7903F00103DBB2002BFF
:2045400003D00421B868FFF7CEFEFB7903F00403DBB2002B09D0FB7903F01003DBB2002B50
:2045600003D00821B868FFF7BEFE97F90F301846FFF714F900BF1037BD4680BD80B483B090
:2045800000AFEFF303837B607B683B603B88C3F308039BB2DBB2103BDBB25BB218460C37C7
:2045A000BD465DF8047B704780B483B000AF03463960FB7197F9073004493A6841F82320D7
:2045C00000BF0C37BD465DF8047B70474C46002080B483B000AF0346FB7197F90730044AB9
:2045E00052F8233018460C37BD465DF8047B70474C46002080B483B000AF0346FB710B491E
:2046000097F9073003F1C00251F8223023F4803341F82230054A97F90730C03352F8233087
:2046200000BF0C37BD465DF8047B70470060004080B584B000AF0346FB7197F90730184658
:20464000FFF7D8FFBFF35F8F00BF97F90730FB60FB6803F01F02074997F907305B090120F9
:2046600000FA02F2603341F8232000BF1037BD4680BD00BF00E100E080B584B000AF034616
:20468000B9607A60FB73BB68DAB2094997F90F301201D2B20B4483F8002397F90F307968B5
:2046A0001846FFF781FF00BF1037BD4680BD00BF00E100E080B485B000AF0346FB7197F903
:2046C0000730FB60FB6803F01F020749FB685B09012000FA02F241F8232000BF1437BD4622
:2046E0005DF8047B704700BF00E100E080B582B000AF0346FB7197F907301846FFF798FF32
:2047000097F907301846FFF7D5FF00BF0837BD4680BDFFFF80B485B000AF0346FB7197F911
:204720000730FB60FB6803F01F020B4997F907305B09012000FA02F2203341F82320BFF361
:204740004F8F00BFBFF36F8F00BF00BF1437BD465DF8047B704700BF00E100E080B58AB0C6
:2047600000AF786039607B687B623B681B7803F5800303F58C531B021A467B6A1A627B6A0E
:2047800000221A707B6A3A68DA613B685A697B6A5A623B689A697B6ADA627B6A00229A62DA
:2047A0007A6A9378012161F3010393703B685B78002B05D17A6A9378022161F301039370A9
:2047C0003968786A00F0C0F9786A00F006F900233B62EFF31083FB60FB683B6201233B618C
:2047E0003B6983F3108800BF474B5A683B681B7819464FF00043CB40DB43434913404B602A
:20480000414B5B683B6A7B617B6983F3108800BF7B6A1B6A00229A707B6A1B6A00221A716A
:204820007B6A1B6A00225A727B6A1B6A00229A727B6A1B6A0022DA727B6A1B6A00225A8347
:204840003B681B781A4640F21923D34003F00103002B03D07B6A1B6A4022DA747B6A1B6AC8
:2048600006221A773968786A00F0C1F87B6A0022DA607B6A00221A617B6A00225A617B6AE9
:2048800000229A613B68DB69FB61FB691B7803F00303BB61BB6943F01003BB617B6ADB69FD
:2048A00093F905301846FFF721FF7B6ADB6993F90B301846FFF71AFFBB6943F04003BB61B0
:2048C0007B6ADB6993F907301846FFF70FFF7B6ADB6993F909301846FFF708FFBB6943F0EA
:2048E0002003BB617B6A1B6ABA69D2B29A70FB695A897B6A1A817B6A044A5A600023184629
:204900002837BD4680BD00BF004008405549435380B487B000AFF860B9607A60FB687B61D9
:2049200000233B617B69BA685A617B697A689A613B6918461C37BD465DF8047B704780B41F
:2049400087B000AFF860B9607A60FB687B617B691B6A9B78DAB27B691B6A02F07B02D2B283
:204960009A707B699B78C3F30103DBB21A467B689A1A7B691A617B699B78C3F30103DBB25B
:204980001A46BB681A447B69DA607B691B6A9B78DAB27B691B6A62F07F02D2B29A707B6962
:2049A0009B7803F00303DBB2022B0AD1BB681B887A69126A6FEAC3536FEAD3539BB2D381A2
:2049C00004E07B691B6ABA681278DA70002318461C37BD465DF8047B704780B483B000AF1C
:2049E000786000BF0C37BD465DF8047B704780B586B000AF786039603B681B781A4640F2FC
:204A00001923D34003F00103002B04D07B681B6A4FF478429A823B689B781A013B68DB7809
:204A2000DB0013437B61F2233B613B685B78032B04D17B6943F040037B6107E03B685B78AC
:204A4000002B03D13B6923F010033B617B681B6A7A69D2B21A707B681B6A3A69D2B29A71FE
:204A60003B68DB69BB60BB681B7B082B04D17B681B6A0A225A7309E0BB681B7B5B00DAB289
:204A80007B681B6A02F00202D2B25A730023FB60BB685B78DB01DBB2FA681343FB60BB6854
:204AA0009B785B0103F02003FA681343FB607B681B6A00221A72BB681B78022B03D0BB686F
:204AC0001B78032B11D17B681B6AFF225A70BB681B78022B03D1FB6843F01003FB607B6842
:204AE0001B6AFA68D2B2DA710DE07B681B6AFA68D2B2DA717B681A6ABB685B681946104678
:204B000000F04FF800BF00BF1837BD4680BD80B582B000AF78600B46FB701346BB7097F993
:204B200002301846FFF7F6FD97F902301846FFF761FDF97897F902307A681846FFF79CFD86
:204B400000BF0837BD4680BD80B582B000AF786039603B68997A3B6893F90B301A46786830
:204B6000FFF7D5FF3B6819793B6893F905301A467868FFF7CCFF3B6899793B6893F90730B6
:204B80001A467868FFF7C3FF3B68197A3B6893F909301A467868FFF7BAFF00BF0837BD468F
:204BA00080BD80B483B000AF786039603B689A787B685A703B685B78C3F30103D9B27A6832
:204BC000137861F3010313703B68DA787B689A747B68DB79DBB223F05C03DAB23B681B7891
:204BE00003F05C03DBB21343DAB27B68DA7100BF0C37BD465DF8047B704790B58BB000AF07
:204C0000F860B9601346FB71FB689B6A7B627B6A002B03D107F114037B6205E07B6A07F187
:204C200014040FCB84E80F00FB68DB691B781A467B6A1A607B6ABA689A607B6AFA791A712A
:204C4000FB68DA6A7B6ADA60FB685B6A786A9847FB689B6A002B07D0FB689B6A1C4607F179
:204C600014030FCB84E80F0000BF2C37BD4690BD80B584B000AFFFF781FC0346FB7397F984
:204C80000F301846FFF7B6FC97F90F301846FFF79FFCB860BB68DB691B69002B30D1BB68BF
:204CA0001B69002B2CD0BB689B7803F00303DBB2022B0BD1BB68DB681B88BA68126A6FEA84
:204CC000C3536FEAD3539BB2D38105E0BB68DA68BB681B6A1278DA70BB681B69BA68927805
:204CE000C2F30102D2B29A1ABB681A61BB68DB68BA689278C2F30102D2B21A44BB68DA609D
:204D0000BB681B69002B1BD1BB681B6A9B78FB71FB7943F00403FB71FB7903F07F03FB713F
:204D2000BB681B6AFA799A70BB680022DA60BB685B6A002B04D080220021B868FFF75DFFB3
:204D400000BF1037BD4680BD80B584B000AFFFF715FC0346FB7397F90F301846FFF74AFCCE
:204D600097F90F301846FFF733FCB860BB689B7803F00303DBB2022B07D1BB681B6A1B8ABB
:204D80009BB2C3F308037B6004E0BB681B6A5B79DBB27B60BB689B69002B0AD1BB685B6A4D
:204DA000002B33D07B6804221946B868FFF725FF2CE0BB685869BB689B78C3F30103DBB2B6
:204DC0001A463B1D194603F06DFABB685B69BA689278C2F30102D2B21A44BB685A61BB68B4
:204DE0009B69BA689278C2F30102D2B29A1ABB689A61BB689B69002B08D1BB685B6A002B37
:204E000004D001220021B868FFF7F7FE00BF1037BD4680BD80B582B000AFFFF7AFFB03462A
:204E2000FB7197F907301846FFF7D2FB38603B681B6A9B78DAB23B681B6A02F07B02D2B2A4
:204E40009A703868FFF7C9FD3B685B6A002B04D0022200213868FFF7D0FE97F907301846B7
:204E6000FFF7C8FB00BF0837BD4680BD80B584B000AFFFF783FB0346BB7297F90A30184611
:204E8000FFF7A6FB78600023FB607B689B7803F00303DBB2022B07D17B681B6A1B8A9BB24A
:204EA000C3F30803FB6004E07B681B6A5B79DBB2FB607B681B6A1B79DBB203F03803FB72AA
:204EC000FB7A03F01003002B0BD07B681B6A1B7FC3F30003DBB2002B03D1FB7A43F040031F
:204EE000FB727B681B6A1B79DAB27B681B6A22F03802D2B21A717868FFF76FFD7B685B6A10
:204F0000002B05D0FB7A1A46F9687868FFF775FE97F90A301846FFF76DFB00BF1037BD4683
:204F200080BDFFFF80B485B000AF0023FB60EFF310837B607B68FB600123BB60BB6883F33A
:204F4000108800BF0D4B1B68002B05D10C4B0022DA700B4B4022DA70084B1B680133074AFE
:204F60001360FB683B603B6883F3108800BF00BF1437BD465DF8047B704700BF484600204B
:204F8000000D084080B485B000AF0023FB60EFF310837B607B68FB600123BB60BB6883F3C0
:204FA000108800BF0F4B1B68002B04D00D4B1B68013B0C4A13600B4B1B68002B05D10A4BAF
:204FC0000022DA70084B8022DA70FB683B603B6883F3108800BF00BF1437BD465DF8047BD7
:204FE000704700BF48460020000D084080B584B000AF786039607B68FB60FB68044A1A6046
:20500000386800F03EF8002318461037BD4680BD54524F5080B487B000AF78600B467B803F
:2050200013467B700023FB820023BB827B8823F0FF037B827B88DBB23B823B8A012202FAE6
:2050400003F3FB817B78002B02D1FB89BB8201E0FB89FB827B8A1B0A9BB2DBB25B0103F1F6
:20506000804303F50023BB60BB8A1A04FB8A1A43BB689A60002318461C37BD465DF8047B2A
:20508000704780B584B000AF7860786800F060F87B68BB60FFF746FF0023FB8111E0BB6855
:2050A0005A68FB89DB0013449888BB685A68FB89DB0013441B68194600F00EF8FB8901332D
:2050C000FB81BB681B88FA899A42E8D3FFF75AFF00BF1037BD4680BD80B483B000AF034680
:2050E0003960FB803B6803F48033002B1CD01749FB881B0A9BB21A46FB88DBB212011A4402
:2051000051F8223023F4803341F822300F48FB881B0A9BB21946FB88DBB23A6822F480327A
:2051200009010B4440F823200849FB881B0A9BB21A46FB88DBB2120113443A6841F823205D
:2051400000BF0C37BD465DF8047B70470008084080B588B000AF7860594B7B61594B3B61BB
:205160000023FB619FE00023BB6195E07B685A68FB69DB0013449A885349BB6931F81330F4
:205180009A4240F086807B685A68FB69DB0013441B6803F0F853FB60FB68B3F1807F03D0CD
:2051A000FB68B3F1106F39D17B6993F8BB34DAB20121BB6901FA03F3DBB21340DBB2002BA6
:2051C00013D1012002F080FF7B6993F8BB34DAB20121BB6901FA03F3DBB21343DAB27B69E5
:2051E00083F8BB24012002F01FFF3B69BA69203213F81230C3F3C013DBB2002B49D13A69C0
:20520000BB6903F1200112F8113043F0800302F811300121C82002F085FD3AE07B6993F812
:20522000BB34DAB20121BB6901FA03F3DBB21340DBB2002B15D0012002F046FF7B6993F878
:20524000BB34DAB20121BB6901FA03F3DBB2DB43DBB21340DAB27B6983F8BB24012002F034
:20526000E3FE3B69BA69203213F81230C3F3C013DBB2002B0DD03A69BB6903F1200112F8E3
:20528000113023F0800302F811300121C82002F049FDBB690133BB61BB69022B7FF666AF6B
:2052A000FB690133FB617B681B881A46FB699342FFF459AF00BF00BF2037BD4680BD00BF0C
:2052C00000E00140003008404486000080B483B000AFEFF303837B607B683B603B88C3F31B
:2052E00008039BB2DBB2103BDBB25BB218460C37BD465DF8047B704780B483B000AF034656
:20530000FB7197F90730044A52F8233018460C37BD465DF8047B70474C46002080B483B027
:2053200000AF0346FB710B4997F9073003F1C00251F8223023F4803341F82230054A97F969
:205340000730C03352F8233000BF0C37BD465DF8047B70470060004080B584B000AFFFF748
:20536000B5FF0346BB7397F90E301846FFF7C4FFB8600023FB73174ABB685B79D35CC3F337
:205380000103DBB2032B02D10123FB7304E097F90E301846FFF7C2FFBB68002B0ED0BB68D3
:2053A0009B68002B0AD0BB685B797B60BB68DB683B60BB689B683A4610469847FB7B002B96
:2053C00004D097F90E301846FFF7A8FF00BF1037BD4680BD0060004080B483B000AFEFF352
:2053E00003837B607B683B603B88C3F308039BB2DBB2103BDBB25BB218460C37BD465DF892
:20540000047B704780B483B000AF03463960FB7197F9073004493A6841F8232000BF0C37BE
:20542000BD465DF8047B70474C46002080B483B000AF0346FB7197F90730044A52F82330AF
:2054400018460C37BD465DF8047B70474C46002080B483B000AF0346FB710B4997F9073085
:2054600003F1C00251F8223023F4803341F82230054A97F90730C03352F8233000BF0C37DE
:20548000BD465DF8047B70470060004080B584B000AF0346FB7197F907301846FFF7D8FF1F
:2054A000BFF35F8F00BF97F90730FB60FB6803F01F02074997F907305B09012000FA02F26A
:2054C000603341F8232000BF1037BD4680BD00BF00E100E080B584B000AF0346B9607A60A3
:2054E000FB73BB68DAB2094997F90F301201D2B20B4483F8002397F90F3079681846FFF7E6
:2055000081FF00BF1037BD4680BD00BF00E100E080B485B000AF0346FB7197F90730FB6056
:20552000FB6803F01F020749FB685B09012000FA02F241F8232000BF1437BD465DF8047B71
:20554000704700BF00E100E080B582B000AF0346FB7197F907301846FFF798FF97F90730D0
:205560001846FFF7D5FF00BF0837BD4680BDFFFF80B485B000AF0346FB7197F90730FB60D8
:20558000FB6803F01F020B4997F907305B09012000FA02F2203341F82320BFF34F8F00BFE8
:2055A000BFF36F8F00BF00BF1437BD465DF8047B704700BF00E100E080B584B000AF034603
:2055C000B9607A60FB7397F90F307A68B9681846FFF780FF97F90F301846FFF7B5FF00BF2F
:2055E0001037BD4680BDFFFF80B584B000AF786039607B68FB603B681B7C1A46012303FAA4
:2056000002F2FB68DA603968F86800F085F83968F86800F0B3F8FB68034A1A600023184644
:205620001037BD4680BD00BF5450470080B485B000AF78607B68FB60FB689B68FA68D26809
:205640009A60002318461437BD465DF8047B704780B485B000AF78607B68FB60FB689B6862
:20566000FA68D2685A60002318461437BD465DF8047B704780B586B000AF78607B687B61C9
:2056800000233B617B695B68DB69FB607B695B6893F91230184600F0D4F9FB6893F9243032
:2056A000184600F0CEF9FB6893F92530184600F0C8F97B6900221A60786900F021F8B86000
:2056C0007B699B687A69D2689A607B699B6800225A63BB6843F425431946786900F005F817
:2056E0003B6918461837BD4680BD80B483B000AF7860396000BF0C37BD465DF8047B704702
:2057000080B483B000AF7860002318460C37BD465DF8047B7047FFFF80B485B000AF78605B
:2057200039607B683A685A607B6801221A747B68DB6803F00603002B02D07B6800221A744B
:205740003B681B7C1A460C4B13441B02FB60FA687B689A603B685A697B685A613B689A69A0
:205760007B68DA617B6800229A6100BF1437BD465DF8047B704700BF9016400080B594B055
:2057800000AF786039603B68DB693B640023FB63EFF31083BB61BB69FB6301237B617B69EB
:2057A00083F3108800BF954B1A693B681B7C19464FF00043CB40DB43904913400B618F4B03
:2057C0001B69FB6B3B613B6983F3108800BF7B689B684FF425421A607B689B680022DA6284
:2057E0007B689B680022DA637B689B6800229A643B681B7ABB63BB6BDB05FB643B685B683D
:20580000013B7B633B681B78032B03D1FB6C43F48033FB647B689B68FA6CDA62786800F02E
:20582000EFF87B689B683A6C9269DA617B689B683A6CD2691A627B689B687A6B9A667B68CE
:205840009B687A6B5A6600233B633B6C9B6BBB644FF0FF33BB600023FB603B681B78002BA8
:2058600006D13B685B685B08013BFB62FB6ABB603B681B78012B07D93B68D96807F1080247
:205880000023786800F00BF97B689B68BA685A657B689B68BA689A653B681B78032B07D9FF
:2058A0007B689B68BA68DA657B689B68BA681A66FB681B043A6B13433B63FB681B063A6BD5
:2058C00013433B633B6C9B6B002B1ED13B6C1B78002B0AD03B6C5B781946386800F054F918
:2058E000B862BA6CBB6A1343BB643B6C9B78002B0BD03B6CDB781946386800F045F978620D
:205900007B6A1B04BA6C1343BB64786800F067F900233B620023FB617B689B683A6A9A63F2
:205920007B689B68FA69C3F888203B6C9B6B002B0DD13B6C93F820305B03BA6C1343BB648A
:205940003B6C93F821305B07BA6C1343BB644FF4AA037B643B6C93F83030002B02D04FF426
:20596000A0037B647B689B687A6C1A643B681B78012B07D17B689B680022DA647B689B68F5
:2059800000221A657B689B687A68D268DA607B689B68BA6C5A637B689B683A6B42F003029F
:2059A0001A637B689B683A6B42F001021A634AF201517868FFF799FE3B6893F912003B684E
:2059C0005B7C7A68194600F054F83B6C93F924003B6C93F822307A68194600F04AF83B6C7E
:2059E00093F925003B6C93F823307A68194600F040F800BF5037BD4680BD00BF004008403B
:205A000080B483B000AF78607B689B684FF000421A617B689B684FF000425A617B689B68AE
:205A20004FF000429A617B689B6800225A627B689B6800229A6200BF0C37BD465DF8047B49
:205A4000704780B582B000AF0346FB7197F90730002B0ADB97F907301846FFF789FD97F9BC
:205A6000073000211846FFF7CDFC00BF0837BD4680BD80B584B000AF0346B9607A60FB73B1
:205A800097F90F30002B06DB97F90F307A68B9681846FFF791FD00BF1037BD4680BD80B4FD
:205AA0008BB000AFF860B9607A603B60FB689B689B6EFB61FB690133FB61BB68002B0CBF3E
:205AC00001230023FB76BA68FB699A422CBF01230023BB76FB7E002B02D1BB7E002B44D05A
:205AE0003B6803F00103002B07D1FB689B685B6BC3F30403DBB27B6206E0FB689B685B6BA4
:205B0000C3F30443DBB27B62FB685B681B78032B09D97B6A03F01003002B0CBF012300232D
:205B200087F8233008E07B6A03F00C03042B0CBF0123002387F82330FB7E002B06D097F8A8
:205B4000233083F00103DBB2002B06D1BB7E002B07D097F82330002B03D07B6802225A6010
:205B60000CE07B6803225A6008E0BB687B617B69013B7B617B687A691A6000BF00BF2C3773
:205B8000BD465DF8047B704780B485B000AF78600B46FB70FB789A01FB781B01134343F4A1
:205BA0008073BB600923FB607B681B78022B0BD07B681B78032B02D10323FB6004E0FB7883
:205BC000002B01D10623FB60BA68FB681343BB60BB6818461437BD465DF8047B704780B4C0
:205BE00085B000AF78607B685B68DB69FB60FB6893F8303003F00103DBB2002B05D0FB686F
:205C00009A6A7B689B68013ADA64FB6893F8303003F00203DBB2002B05D0FB68DA6A7B68C4
:205C20009B68013A1A6500BF1437BD465DF8047B704790B589B000AFF8600B467A60FB72F2
:205C4000FB689B69FB61FB69002B03D107F11003FB6105E0FA6907F1100307CA83E8070021
:205C6000FB69FA7A1A71FB697A689A60FB68DA69FB691A60FB685B69F8699847FB689B692F
:205C8000002B08D0FB689B691C4607F1100393E8070084E8070000BF2437BD4690BD80B599
:205CA00084B000AFFFF798FB0346FB7397F90F301846FFF7CDFB97F90F301846FFF7B6FB02
:205CC000B860BB685B681B78012B20D1B868FFF717FD7860BB689B68BA68D2689A60BB6875
:205CE0009B6800229A64BB689B680022DA64BB689B6800221A657B6843F425431946B86833
:205D0000FFF7F3FC97F90F301846FFF7BFFBBB685B69002B04D000220021B868FFF789FFFA
:205D200000BF1037BD4680BD80B483B000AFEFF303837B607B683B603B88C3F308039BB275
:205D4000DBB2103BDBB25BB218460C37BD465DF8047B704780B487B000AF0346FB710E4B7A
:205D60001B6A7B61FB797A6922FA03F303F007033B617B691B0E03F00703FB60074B1A6887
:205D8000FB689A403B6922FA03F318461C37BD465DF8047B704700BF00E00140D4470020B6
:205DA00080B400AF094B0122A3F80421074BB3F804319BB2002BF9D1044B0122A3F8002127
:205DC00000BFBD465DF8047B704700BF00C0014080B483B000AF03463960FB7197F907308B
:205DE00004493A6841F8232000BF0C37BD465DF8047B70474C46002080B483B000AF034697
:205E0000FB7197F90730044A52F8233018460C37BD465DF8047B70474C46002080B483B01C
:205E200000AF0346FB710B4997F9073003F1C00251F8223023F4803341F82230054A97F95E
:205E40000730C03352F8233000BF0C37BD465DF8047B70470060004080B584B000AF0346EA
:205E6000FB7197F907301846FFF7D8FFBFF35F8F00BF97F90730FB60FB6803F01F0207497C
:205E800097F907305B09012000FA02F2603341F8232000BF1037BD4680BD00BF00E100E0F3
:205EA00080B584B000AF0346B9607A60FB73BB68DAB2094997F90F301201D2B20B4483F8EF
:205EC000002397F90F3079681846FFF781FF00BF1037BD4680BD00BF00E100E080B485B0EC
:205EE00000AF0346FB7197F90730FB60FB6803F01F020749FB685B09012000FA02F241F846
:205F0000232000BF1437BD465DF8047B704700BF00E100E080B582B000AF0346FB7197F9CB
:205F200007301846FFF798FF97F907301846FFF7D5FF00BF0837BD4680BDFFFF80B485B0AB
:205F400000AF0346FB7197F90730FB60FB6803F01F020B4997F907305B09012000FA02F2B6
:205F6000203341F82320BFF34F8F00BFBFF36F8F00BF00BF1437BD465DF8047B704700BF3D
:205F800000E100E080B584B000AF0346B9607A60FB7397F90F307A68B9681846FFF780FFD9
:205FA00097F90F301846FFF7B5FF00BF1037BD4680BDFFFF80B584B000AF786039607B685A
:205FC000FB600023BB60FB683A685A603B681B78002B23D03B685A68FB689A633B68DA686B
:205FE000FB681A64FB680022DA63184B01221A763B6893F911003B681B7CFA681946FFF7B7
:20600000C1FF124B98221A753B6893F913003B689B7CFA681946FFF7B5FF05E00B4B002256
:206020001A760A4B00221A75F86800F073FAB860BB68002B01D0BB6803E0FB68044A1A60A5
:20604000BB6818461037BD4680BD00BF00E07F404E45504F80B586B000AFF860B9607A6043
:206060003B60FB683B6100237B613B685A083B691A633B69BA689A623B697A68DA623B6939
:20608000002283F834207B68B3F1006F04D2386902F062F9786103E0386900F084F97861B2
:2060A0007B6918461837BD4680BD80B588B000AFF860B9607A60FB687B610023FB617B6906
:2060C000002283F83420BB68B3F1006F19D20023BB61BB68B3F5803F06D2BB6823F4FF5381
:2060E00023F01F03BB6105E0BB6823F4FF4323F07F03BB617A68B969786902F031F9F861E3
:206100000EE0BB6823F03F033B617A683969786900F09EFAF861FB69002B01D0FB6900E093
:20612000FB6918462037BD4680BD80B588B000AFF860B9607A603B60FB687B610023FB6146
:20614000BB68B3F1006F1DD27B69002283F834203B6800221A70BB683B610023BB610CE00C
:206160003A69BB6913441B78FF2B03D03B6801221A700EE0BB690133BB61BA697B689A42DD
:20618000EED306E03B687A68B968786900F052F9F861FB6918462037BD4680BD80B483B07D
:2061A00000AF786039600B4BB3F884309BB203F08103002B03D13B6800221A7002E03B6873
:2061C00001221A70002318460C37BD465DF8047B704700BF00E07F4080B487B000AFF860F0
:2061E000B9601346FB80FB687B6100233B6106233B613B6918461C37BD465DF8047B70470C
:2062000080B487B000AFF860B9607A60FB687B6100233B6106233B613B6918461C37BD46FE
:206220005DF8047B704780B485B000AF78607B68FB600023BB600623BB60BB681846143757
:20624000BD465DF8047B704780B584B000AF78607B68FB60F86802F067F8034618461037E3
:20626000BD4680BD80B584B000AF78600B46FB701346BB707B68FB600023BB60BA78FB788D
:206280001946F86802F054F8B860BB6818461037BD4680BD80B485B000AF78607B68FB60B3
:2062A0000023BB600623BB60BB6818461437BD465DF8047B704780B584B000AF78607B682F
:2062C000FB60F86800F026F9034618461037BD4680BDFFFF80B483B000AF786039603B689E
:2062E000094A92E8030083E803003B68074A083392E8030083E80300002318460C37BD467F
:206300005DF8047B704700BF6C8600009C08002080B584B000AF78607B68FB600023BB6011
:20632000FB6800221A60FB685B6893F91130002B06DBFB685B6893F911301846FFF7FEFD1D
:206340000B4B00221A76FB685B6893F91330002B06DBFB685B6893F913301846FFF7EEFD00
:20636000034B00221A75BB6818461037BD4680BD00E07F4080B487B000AFF860B9607A6012
:206380003B60FB687B617B69BA689A637B697A681A647B693A68DA63002318461C37BD4642
:2063A0005DF8047B704780B586B000AF786000237B61786800F08AFA78617B69002B01D054
:2063C0007B6932E07B685B681B78002B06D07B68012283F8342000233B6102E07B68DB68F1
:2063E0003B613A690421786801F0AEFF78617B685B681B78002B01D07B6916E018224FF456
:206400008051786901F0A4FF78617B681B6B002B02D07B69002BE4D001F08EFFF8607B697A
:20642000002B01D1FB687B617B6918461837BD4680BDFFFF80B588B000AFF860B9607A60EA
:206440003B60F86800F042FAF861FB69002B01D0FB6957E02D4B002283F8D0202B4ABB6824
:206460001363BA687B681344284A013B5363284B71221A70264BD0221A70FB685B681B78B0
:20648000002B08D0FB68032283F834203B6802221A70002336E0FB685B697A689208013242
:2064A00002FB03F3BB6108E0BB69002B02D11423FB610AE0BB69013BBB61144BD3F88030F0
:2064C000C3F3C033DBB2012BEED14FF4FC720021F86901F03DFFF8610C4B93F8D430DBB26F
:2064E000012B03D13B6801221A7002E03B6800221A7001F021FF7861FB69002B01D17B69EC
:20650000FB61FB6918462037BD4680BD00E07F4000007E4080B586B000AF78607B68002272
:2065200083F83420424B012283F816241C20FFF711FC78611820FFF70DFC38617B693D4AD4
:20654000934202D84FF4FB736DE07B6903F5742303F23F23384AA2FB03239B0CFB603B69D9
:2065600003F5742303F23F23334AA2FB03239B0CBB60FB689BB2314A03F5F0539BB2A2F8E6
:20658000E430BB6843F6B85202FB03F32C4AA2FB03239A087B689A60BB6840F6D86202FB46
:2065A00003F3274AA2FB03239A087B68DA60BB685B00234AA2FB03239A087B681A61BB6821
:2065C000542202FB03F31E4AA2FB03239A087B685A61BB681B4A02FB03F3194AA2FB032346
:2065E0009A087B689A61BB6844F2506202FB03F3134AA2FB03239A087B685A62BB68124A3D
:2066000002FB03F30E4AA2FB03239A087B681A62BB680E4A02FB03F3094AA2FB03239A0845
:206620007B68DA61002318461837BD4680BD00BF00E00140FF083D0083DE1B4300E07F40AA
:20664000ABAAAAAA38AF040080DE0F00A0F7030080B588B000AFF860B9607A600023FB61B9
:20666000FB68BA689A62FB687A681A63F86800F02DF9F861FB69002B02D04FF4FA7336E0E1
:20668000FB685B681B78002B06D0FB68022283F834200023BB6102E0FB685B6ABB61164B24
:2066A0000122A3F8E020BA694021F86801F048FEF861FB685B681B78002B01D0FB6916E099
:2066C00019224FF40051F86901F042FEF861FB681B6B002B02D0FB69002BE4D001F02CFEBC
:2066E0007861FB69002B01D17B69FB61FB6918462037BD4680BD00BF00E07F4080B584B000
:2067000000AFFFF711FB0346BB7397F90E301846FFF772FBB8601E4B1B7CDBB27B601C4BDB
:20672000D3F880201B4B13403B607B6803F00803002B02D00423FB7319E07B6803F08003D5
:20674000002B02D00523FB7311E07B6803F01003002B0AD03B6803F44053002B02D0072373
:20676000FB7304E00623FB7301E00723FB73B86801F0DAFD97F90E301846FFF74FFBFB7BED
:206780001946B86800F06EF800BF1037BD4680BD00E07F404070F00080B584B000AF002364
:2067A000FB73FFF7C1FA03467B7397F90D301846FFF722FBB86097F90D301846FFF72EFBE3
:2067C000BB6893F83430012B17D1BB681B6B002B0ED000220421B86801F0B6FD78607B681B
:2067E000002B2BD0B86801F09FFD0723BB7325E00123BB730123FB7320E0BB6893F8343073
:20680000022B0ED1BB681B6B002B05D000224021B86801F095FD11E00023BB730123FB73C9
:206820000CE00123FB730E4B93F8D430DBB2012B02D10323BB7301E00223BB73FB7B002B3D
:206840000AD001F079FDBB68002283F83420BB7B1946B86800F006F800BF1037BD4680BDFA
:2068600000E07F4080B586B000AF78600B46FB707B68DB6B7B617B69002B03D107F10C03DC
:206880007B6106E07A6907F10C0392E8030083E803007B69FA781A707B681A6C7B695A607A
:2068A0007B689B6B786998477B68DB6B002B08D07B68DB6B1A4607F10C0393E8030082E88B
:2068C000030000BF1837BD4680BDFFFF80B584B000AF78600023FB604FF49643BB607B68E1
:2068E0005B681B78002B0DD07B685B6893F911301846FFF70FFB7B685B6893F91330184696
:20690000FFF708FB0C4B4AF68022A3F8842008E0BB68002B02D14FF4FA7309E0BB68013B05
:20692000BB60054BB3F884309BB2802BF0D1FB6818461037BD4680BD00E07F4080B485B084
:2069400000AF786039607B68FB600C4AFB6813603B681A68FB689A603B685A68FB68DA6029
:20696000FB6800225A60FB68054A1A60002318461437BD465DF8047B704700BF0446002029
:206980004347430080B588B000AFF8600B467A60FB72FB68FB610023BB61FB7A052B02D0A9
:2069A000FB7A062B0DD107F1100307F11402F97A786800F0B5F9B861BB69002B01D0BB69EC
:2069C00029E0FB7A184600F0F5F803461A46FB7A1146184600F006F90346002B02D140F2C3
:2069E000931318E0012000F01AF8FB7A052B02D0FB7A062B06D13B6907F11402F97A7868DD
:206A000000F0CCF9FB7A0021184600F019F9012000F01AF8002318462037BD4680BD80B55B
:206A200082B000AF0346FB71012001F04DFBFB79012B05D1002000F0D5FF002001F044FBBC
:206A400000BF0837BD4680BD80B582B000AF0346FB71FB79012B07D1002001F0E5FA064B74
:206A60001B6A184600F07AF8012001F0DDFA00BF0837BD4680BD00BF00E0014080B483B063
:206A800000AF78601A4B1B68B3F5004F01D0002327E0184B93F83630DBB2002B17D0154B42
:206AA00093F83830DBB2002B11D0124B93F83230DBB2002B0BD00F4B93F82A30DBB2002B76
:206AC00005D00C4B93F84A30DBB2002B01D1002307E07B6803F0EE43002B01D0002300E0EB
:206AE000012318460C37BD465DF8047B704700BFD447002000E0014080B485B000AF786038
:206B00000B46FB70FB78002B0BD07B68FB60FB6803F0443323F480030E4A934201D000237A
:206B200011E00D4B93F82A30DBB2002B05D10A4B93F84A30DBB2002B01D0012300E000238F
:206B400003F00103DBB218461437BD465DF8047B704700BF4444044400E0014080B584B061
:206B600000AF7860104B93F84030FB737868FFF785FF0346002B03D0042000F033FF0FE0F4
:206B8000FB7B19467868FFF7B7FF0346002B07D0064B1B68064A934202D8032000F022FF42
:206BA00000BF1037BD4680BD00E00140D447002040420F0080B483B000AF0346FB71FB7963
:206BC000074A52F823301B78DBB2002B0CBF01230023DBB218460C37BD465DF8047B7047AE
:206BE000C086000080B487B000AF03460A46FB711346BB7116237B61FB7901229A407B6941
:206C00001340002B01D0012312E00C4B93F83C30DBB23B61FB793A6922FA03F303F0010378
:206C2000FB60BB79FA689A420CBF01230023DBB218461C37BD465DF8047B704700E0014088
:206C400080B483B000AF03460A46FB711346BB71FB790A4A52F82330BA791A70FB79074AAD
:206C600052F823301B78DBB2BA799A42F6D100BF00BF0C37BD465DF8047B7047C0860000EC
:206C800080B489B000AFF8600B467A60FB72114BFB61FB681B78002B01D10E4BFB61FB6825
:206CA0005B880133FA6902FB03F35B08BB61FB685B7801337B61BA697B69B2FBF3F33B616C
:206CC0007B683A691A60002318462437BD465DF8047B7047002D310180B487B000AF7860F9
:206CE0000023FB827B681B78002B01D10123FB827B685B88BB827B685B787B82BB8A1B02C8
:206D000003F47C52FB8A1B011A437B8A1343FB60FB6818461C37BD465DF8047B7047FFFF5A
:206D200080B588B000AFF8607A603B600B46FB72F868FFF7D1FFB861FB7A052B02D1154B95
:206D4000FB6101E0144BFB61FB691B889BB21A46BB69934209D0FB7A1846FFF72BFF034679
:206D6000002B02D040F291130FE0FB7A7A681946F868FFF785FF78617B69002B01D07B6924
:206D800003E03B68BA691A60002318462037BD4680BD00BF28E0014048E0014080B584B0DE
:206DA00000AFF8607A603B600B46FB72FB7A052B04D1094B3A6892B21A8504E0064B3A686F
:206DC00092B2A3F84820FB7A7968184600F044FE00BF1037BD4680BD00E0014080B483B0B8
:206DE00000AF0346FB7197F90730002B0CDBFB7903F01F02074997F907305B09012000FA38
:206E000002F2403341F8232000BF0C37BD465DF8047B704700E100E080B483B000AFEFF346
:206E200003837B607B683B603B88C3F308039BB2DBB2103BDBB25BB218460C37BD465DF837
:206E4000047B704780B483B000AF03463960FB7197F9073004493A6841F8232000BF0C3764
:206E6000BD465DF8047B70474C46002080B483B000AF0346FB7197F90730044A52F8233055
:206E800018460C37BD465DF8047B70474C46002080B483B000AF0346FB710B4997F907302B
:206EA00003F1C00251F8223023F4803341F82230054A97F90730C03352F8233000BF0C3784
:206EC000BD465DF8047B70470060004080B584B000AF0346FB7197F907301846FFF7D8FFC5
:206EE000BFF35F8F00BF97F90730FB60FB6803F01F02074997F907305B09012000FA02F210
:206F0000603341F8232000BF1037BD4680BD00BF00E100E080B584B000AF0346B9607A6048
:206F2000FB73BB68DAB2094997F90F301201D2B20B4483F8002397F90F3079681846FFF78B
:206F400081FF00BF1037BD4680BD00BF00E100E080B485B000AF0346FB7197F90730FB60FC
:206F6000FB6803F01F020749FB685B09012000FA02F241F8232000BF1437BD465DF8047B17
:206F8000704700BF00E100E080B582B000AF0346FB7197F907301846FFF798FF97F9073076
:206FA0001846FFF7D5FF00BF0837BD4680BDFFFF80B485B000AF0346FB7197F90730FB607E
:206FC000FB6803F01F020B4997F907305B09012000FA02F2203341F82320BFF34F8F00BF8E
:206FE000BFF36F8F00BF00BF1437BD465DF8047B704700BF00E100E080B584B000AF0346A9
:20700000B9607A60FB7397F90F307A68B9681846FFF780FF97F90F301846FFF7B5FF00BFD4
:207020001037BD4680BDFFFF80B590B000AF786039607B68BB6200237B623B681B693B6272
:207040003B681B6803F58023A8331B03FB61BB6AFA695A600023BB61EFF310833B613B69E4
:20706000BB610123FB60FB6883F3108800BF8F4B5A683B681B68C3F10203012101FA03F3B7
:20708000DB438A4913404B60884B5B68BB69BB60BB6883F3108800BFBB6A3A681A603B6858
:2070A0009A68BB6ADA613B68DA68BB6A5A62BB6A00221A623B6A1A78BB6A1A7600220121B5
:2070C000B86A00F0E3FB3B6A1B7B1BB25B001AB23B6A1B7D1BB2DB001BB213431BB243F485
:2070E000E0731BB29AB2FB69A3F840283B685B687B617B691B68013B1A046D4B13407A69CC
:207100005268013A12071A437B699B68013B1B021A437B69DB68013B1B031343BA6A127EDC
:207120001A43FB69C3F8442800220221B86A00F0ADFBFB69802283F85028FB6903F50073A0
:207140004FF400720021184601F0A4F80023FB632CE03B6A9A68FB6BDB0013449B79002B63
:2071600016D13B6A1B69FA6B9A4211D2FB6B20331B01FA69D1183B6A9A68FB6BDB0013447B
:207180001A46386A00F056F9402387F83B3002E0002387F83B30FA69FB6B134403F50263F5
:2071A00097F83B201A70FB6B0133FB63FB6B1F2BCFD900237B6300233B632BE03B6A5A68D7
:2071C0003B6B9B0013441B686FF0604293421ED23B6A5A683B6B9B0013441B68FB623B6A4A
:2071E0001B7B002B04D1FB6A9A04324B1340FB62FB693A6B02F58072F96A43F822103B6B61
:207200009B000F2202FA03F37A6B13437B633B6B01333B633B6A1B699B083A6B9A42CDD332
:207220007B6BDA43FB69C3F8282400220021B86A00F02CFBFA69B2F8403843F02003A2F8EF
:207240004038FB69B3F84038C3F34013DBB2002BF7D13B6893F915003B681B7DBA6A1946A4
:20726000FFF7CAFE3B6893F916003B681B7DBA6A1946FFF7C1FE3B6893F917003B681B7D17
:20728000BA6A1946FFF7B8FEFB693E2283F84C28FB694FF0FF32C3F82C24BB6A064A9A60BE
:2072A0007B6A18464037BD4680BD00BF004008400000FF030000FC1F4E41435280B588B0DF
:2072C00000AF78607B68FB61FB6900229A60FB691B6893F915301846FFF76AFEFB691B680D
:2072E00093F916301846FFF763FEFB691B6893F917301846FFF75CFEFB695B68BB61BB6938
:20730000002283F84C28BB690022C3F82C2400237B61EFF31083BB60BB687B610123FB60FE
:20732000FB6883F3108800BF0C4B5A68FB691B681B68C3F10203012101FA03F30749134328
:207340004B60064B5B687B693B613B6983F3108800BF002318462037BD4680BD00400840DD
:2073600080B58AB000AFF860B9607A60FB68BB61BB691B681B697B61BB695B683B613A69F8
:20738000BB68134403F502631B78C3F3C013DBB2002B02D04EF663233AE0BB6820331B01FA
:2073A0003A6913447A681946786900F043F87B689B7903F00F03D9B23A69BB6820331B01CA
:2073C0001A44938861F3030393807B689B797B62BB6820331B013A69134406333B627B68AE
:2073E0000C33FB6107E0FA69531CFB613B6A591C396212781A707B6A5A1E7A62002BF2D1ED
:207400003A69BB68134403F5026380221A70002318462837BD4680BD80B485B000AFF86036
:20742000B9607A60062318461437BD465DF8047B7047FFFF80B489B000AFF860B9607A6094
:20744000FB681B7BFB750023FB61FB7D002B06D0FB7D022B0AD17B681B79002B06D17B68EF
:207460001B689A04114B1340BB610EE0FB7D022B06D17B681B79012B02D14FF00043FB6162
:207480007B681B6823F06043BB617B685B799B073B61FA693B691A43BB691A43BB681A603D
:2074A00000BF2437BD465DF8047B70470000FC1F80B489B000AFF860B9607A60FB685B687C
:2074C000BB61BA69BB6820331B0113441B687B617B699B0F03F00103DAB27B685A71FB6803
:2074E0001B681B693B613B691B7BB969BA68203212010A441268C2F3C072D2B21343DBB2F0
:2075000003F00103DAB27B681A717B681B79002B06D17B699B0CC3F30A027B681A6004E073
:207520007B6923F060427B681A60BA69BB6820331B0113449B88C3F30303DBB21A467B689A
:207540009A717B689B79082B02D97B6808229A710023FB6112E0BA69BB681B011A44FB696E
:20756000134403F206231B78D9B27A68FB6913440C330A461A70FB690133FB617B689B79D7
:207580001A46FB699342E6D3BA69BB68134403F5026344221A707B6800229A6000BF243796
:2075A000BD465DF8047B7047B0B58EB000AF786039607B681B6A7B637B6B002B02D13B68AD
:2075C0007B6317E07B6B07F10C041D460FCD0FC40FCD0FC495E8030084E803007A6B3B68B0
:2075E00014461D460FCD0FC40FCD0FC495E8030084E803007B68DB69786B98477B681B6A30
:20760000002B0CD07B681B6A1D4607F10C040FCC0FC50FCC0FC594E8030085E8030000BF84
:207620003837BD46B0BD80B590B000AFFFF7F4FB03461846FFF72CFCFFF7EEFB034687F8F6
:207640003B3097F93B301846FFF710FC78633B4628220021184600F01DFE0023FB637B6BCD
:207660005B683B633B6B93F84D38DBB2BB803B6B002283F84D283B6BB3F84238C3F30013DF
:20768000DBB2002B22D0BB8843F020039BB2BB803B6B93F8533887F82F303B6B022283F840
:2076A00053283B6B93F85238C3F30403DBB2FB633B6B97F82F2083F853283A6BFB6B134410
:2076C00003F50262137823F0040313707B6B1B681B683B607B6B5B6A3B61FB6BFB603B4616
:2076E0001946786BFFF760FF7B6B1B681B69BB623B6BB3F84238C3F30013DBB2002B0AD0C3
:20770000BB6A1B7D002B06D07B6B1B6893F915301846FFF763FB00BF4037BD4680BD80B514
:2077200090B000AFFFF778FB03461846FFF7B0FBFFF772FB034687F83F3097F93F301846B2
:20774000FFF794FBB8634FF480633B81BB6B5B687B637B6B93F8533887F833307B6B0022FA
:2077600083F853287B6B93F85238C3F30403DBB2FB627B6B97F8332083F853283B1D143314
:207780001A46F96AB86BFFF793FEFB6A3B61BB6B1B681B687B60BB6B5B6A7B613B1D1946F6
:2077A000B86BFFF701FF7B6BB3F84238C3F30003DBB2002B04D097F93F301846FFF70EFB04
:2077C00000BF4037BD4680BD80B590B000AFFFF723FB03461846FFF75BFBFFF71DFB0346B1
:2077E00087F83F3097F93F301846FFF73FFBB86300233B81BB6B5B687B637B6B93F8533851
:2078000087F833307B6B012283F853287B6B93F85238C3F30403DBB2FB627B6B97F833201D
:2078200083F853287A6BFB6A134403F5026300221A707A6BFB6A134403F5026300221A70FE
:20784000FB6A3B613B8943F400639BB23B81BB6B1B681B687B60BB6B5B6A7B613B1D19463B
:20786000B86BFFF7A1FE7B6BB3F84238C3F34003DBB2002B06D0BB6B1B6893F917301846E4
:20788000FFF7ACFA00BF4037BD4680BD80B584B000AF78600B46FB701346BB707B685B6800
:2078A000FB607B685B7BBA789A420DD00221786800F032F8FB68BA7883F858287B68BA7807
:2078C0005A737B6802221A737B681B7BFA789A421ED0FB78052B13D10221786800F01CF804
:2078E000FA68B2F8403843F48063A2F84038FB68B3F84238C3F38023DBB2012BF7D104E092
:20790000FB781946786800F007F87B68FA781A7300BF1037BD4680BD80B485B000AF7860AE
:207920000B46FB707B685B68FB60FA68B2F8403823F48063A2F84038FB7803F00303D9B203
:20794000FA68B2F8403861F30923A2F84038FB68B3F842389BB203F4E062FB781B029A4297
:20796000F5D100BF00BF1437BD465DF8047B704780B400AF094B0122A3F80421074BB3F8D3
:2079800004319BB2002BF9D1044B0122A3F8002100BFBD465DF8047B704700BF00C0014035
:2079A00080B483B000AF0346FB710D4B93F8A030C3F30013DBB2002BF7D1094AFB7982F8BF
:2079C000A030074B93F8A030C3F30013DBB2002BF7D100BF00BF0C37BD465DF8047B704792
:2079E00000E0014080B582B000AF0346FB71FB79042B14D1174B93F8AA30C3F30013DBB2F6
:207A0000002BF7D1134B012283F8AA20114B93F8AA30C3F30013DBB2002BF7D115E00D4B56
:207A200093F8AA30C3F30013DBB2002BF7D1094B002283F8AA20074B93F8AA30DBB2002B6E
:207A4000F9D1FB791846FFF7ABFF00BF0837BD4680BD00BF00E0014080B483B000AF7860DE
:207A600039607B68052B04D13B681B68064A536103E03B681B68044A936100BF0C37BD460B
:207A80005DF8047B704700BFAC08002080B483B000AF0D4B93F82630DBB27B600A4B1B6A37
:207AA0001B0E03F007033B60084A7B6852F823203B6822FA03F3064A136000BF0C37BD46C6
:207AC0005DF8047B704700BF00E00140AC080020D447002080B500AF0B4B012283F81C2117
:207AE0000A4B0B4A1A62094B052283F82620FFF7CDFF084BF1221A73064B00221A72054B20
:207B0000F0221A7300BF80BD00C0014000E00140111202200020004080B500AF0B4B0C4A73
:207B20001A600A4B0B4A5A60084B4FF400429A60064B074ADA60054B4FF400421A61034B1B
:207B4000054A5A61FFF7A2FF00BF80BDAC080020002D310100127A0000E1F50580B500AF0A
:207B60001B4B4AF20352A3F8FE23FFF701FFFFF7D3FF174B002283F81324154B092283F858
:207B8000A22000F031F8124B002283F83620104B93F83C30C3F30003DBB2012BF7D10C4BD7
:207BA00041F211321A850A4B002283F82A20084B93F83C30C3F34013DBB2012BF7D1FFF7AA
:207BC00089FF034B4FF42542A3F8FE2300BF80BD00E0014080B483B000AF786000BF0C375C
:207BE000BD465DF8047B704780B500AF184B93F88034DBB2002B07D1154B93F88134C3F38B
:207C00000103DBB2002B1CD0114B93F88034DBB2002B0DD10E4B012283F880240121C820E6
:207C200000F080F80A4B93F88034DBB2012BF9D1074B002283F88124054B002283F88024A0
:207C400004E04FF47A70FFF7C5FF00BF00BF80BD00E0014080B582B000AF2B4B002283F854
:207C600028200121C82000F05DF8274B002283F82420254B93F82430DBB2002BF9D1224ADD
:207C800092F8243043F0020382F824301E4B93F82430C3F34003DBB2002BF7D11A4B0022B8
:207CA00083F82220184B93F82230DBB2002BF9D10023FB7116E01449FB7903F1200211F8D0
:207CC000123023F0800301F812300F4AFB79203312F81330C3F3C013DBB2002BF5D1FB79A9
:207CE0000133FB71FB79002BE5D0012000F0ECF9064B002283F8BB24012000F095F900BF6F
:207D00000837BD4680BD00BF0030084000E0014080B483B000AF786000BF0C37BD465DF844
:207D2000047B70472DE9B04F90B000AFF861B9610023FB63FB69BA6902FB03F3BB63504BE2
:207D40001B687B634F4A7B6BB2FBF3F33B63BB6B00223B617A61D7E904234FF000004FF0EE
:207D60000001590141EAD261500102460B463969B2EB0108796963EB01094FF000024FF05E
:207D800000034FEA890343EA98734FEA880290469946D7E904120B4618EB03033B60134647
:207DA00049EB03037B604FF000024FF00003D7E900894946CB00414643EA51734146CA00BF
:207DC000C7E90A23D7E90A23012B08D2BA6A3B6BB2FBF3F37B627B6A9B08FB6344E03B6BE9
:207DE0009B00BA6BB2FBF3F3BB63BB6B0022BB60FA60D7E9028942464B464FF000004FF073
:207E00000001590141EAD261500102460B464146541A494663EB01054FF000024FF0000364
:207E2000AB0043EA9473A20014461D46434614EB030A4B4645EB030B4FF000024FF000031D
:207E40004FEACB0343EA5A734FEACA0292469B46C7E90AABD7E90A23012B02D2BB6AFB638E
:207E600002E04FF0FF33FB63FB6B002B02D0F86B00F00AF800BF4037BD46BDE8B08F00BFBD
:207E8000D447002000CA9A3BA0F101000028FBD1704700BF80B582B000AF0346FB71FB79CD
:207EA000074A52F82330002B06D0FB79044A52F82330FA791046984700BF0837BD4680BD8E
:207EC0000846002080B582B000AF144BB3F82031BB80124BB3F840319AB2BB8813407B8032
:207EE0000023FB710EE07A88FB7922FA03F303F00103002B03D0FB791846FFF7CBFFFB7982
:207F00000133FB71FB790F2BEDD9044A7B88A2F8303100BF0837BD4680BD00BF0060004064
:207F200080B58AB000AF032000F0CEF8394B6FF0FF029A643B1D0C22FF21184600F0AAF9D1
:207F400000237B6221E0344A7B6A32F81330002B18D07B6A5B097B617B6A03F01F033B6182
:207F60007B699B0028333B4453F8242C01213B6901FA03F3DB431A407B699B0028333B4485
:207F800043F8242C7B6A01337B627B6A5F2BDAD9224BBB6100233B6218E03B6A9B00BA699A
:207FA0001A443B6A9B0028333B4453F8243C13601B493B6A9B0028333B4453F8242C3B6A6D
:207FC000A03341F823203B6A01333B623B6A022BE3D9032000F028F80023FB6112E00E4A52
:207FE000FB6932F81330002B09D00B4AFB6932F813300C4A1946FB69C03342F82310FB69A9
:208000000133FB61FB695F2BE9D900BF00BF2837BD4680BD008000407C8500007080004012
:2080200000E100E00060004080B487B000AF0346FB7100237B61EFF31083FB60FB687B6102
:2080400001233B613B6983F3108800BFFB791A4A32F813309BB2002B09D0FB79164A32F85B
:20806000132092B2013A91B2134A22F81310FB79114A32F813309BB2002B11D10F4BB3F8D6
:20808000FE339AB20E4B13439AB2FB790D4931F81330DB439BB2094913409BB2A1F8FE330B
:2080A0007B69BB60BB6883F3108800BF00BF1C37BD465DF8047B7047CC47002000E00140DD
:2080C00000A5FFFFDC86000080B487B000AF0346FB7100237B61EFF31083FB60FB687B61BE
:2080E00001233B613B6983F3108800BFFB79164A32F813309BB2002B0FD1144BB3F8FE337B
:208100009AB2FB79124931F8133013439AB20F49104B13439BB2A1F8FE33FB790A4A32F824
:20812000132092B2013291B2074A22F813107B69BB60BB6883F3108800BF00BF1C37BD46C0
:208140005DF8047B704700BFCC47002000E00140DC86000000A5FFFF80B500AF00F00CF8A4
:20816000FBF750FA00BFFDE780B400AF00BE00BFBD465DF8047B704780B584B000AF3A4B95
:208180004FF47002C3F88820374B384A9A600020FBF724FAFFF7E2FC0120FBF71FFA334B1B
:2081A0001B68A3F580633B603B6883F30A8800BF2F4A304BD31A1A4600212E4800F06AF892
:2081C0002D4A2E4BD31A1A462D492C4800F06AF82C4A2D4BD31A9B107B600023FB6007E060
:2081E000294AFB6852F823309847FB680133FB60FA687B689A42F3DBFFF748FCFFF72AFDF5
:208200000320FFF761FF0023BB6009E01F4ABB6808334FF6FF7122F81310BB680133BB6093
:20822000BB68052BF2D90320FFF7FEFE0320FFF74BFF174B00225A60154B00229A60144B8F
:208240000022DA60124B00221A610320FFF7ECFE0220FBF7C3F9FFF763FE0020FFF758FD33
:2082600000BF1037BD4680BD00ED00E000000000D8470020C8080020AC08002000000020C8
:20828000E8860000A8080020A4080020000D084000000E4002440346934200D1704703F84A
:2082A000011BF9E70A44431E914200D1704710B511F8014B914203F8014FF9D110BDFFFFEB
:2082C00000000305352E332E300000004275696C7420776974682052656E65736173204174
:2082E0006476616E63656420466C657869626C6520536F667477617265205061636B61678C
:20830000652076657273696F6E20352E332E3000F8B500BFF8BC08BC9E467047F8B500BFD3
:20832000F8BC08BC9E4670475FF800F0790000205FF800F0810600205FF800F001000020F4
:208340005FF800F0B50100205FF800F0290200205FF800F0190300205FF800F089040020F7
:208360005FF800F0ED040020010C00030400030300040000010700FF000000000000000080
:208380000000000000000000000000000000000000000000000000000000000000000000DD
:2083A000000000000000FFFFDFDF0000000000000000000000000000000000000000000001
:2083C00000000000404B4C0000000000A025260001021100D10A00000000000084830000E5
:2083E00000000000000000000000000000000000010D010E20450020E0830000848600006E
:20840000060803030101000000000000000000000000000000000000000000010000000045
:2084200000090A0B0C03030303000000010000000000000000000000450A000000000000B6
:208440001484000000010000580700200F00FFFF00000000FFFF00000002000001050106EA
:208460000107010800000000000000009D0C00000000000044840000000000006C070020E7
:208480008C0700200000000020000000000000000000000000000000000000005C07002086
:2084A000190300000000000078840000020001020000010400010000000001040101000092
:2084C000040000000601000004000000070100000000010008010000000401060901000066
:2084E000000401060A010000000001060B010000050000000C010000040000000D0100002F
:20850000000001030502000004000000060200000400000007020000050000000802000028
:20852000000001000C020000000001000D020000000001000003000004000000030300000E
:208540000400000004030000050000000004000000000110010400000000011002040000DA
:208560000400000007040000040000000005000018000000B084000000000000A100A40052
:20858000A500A200A3008001810182018301C401C501C801C70131003000EA000400CF00AD
:2085A0000000000000000000000000000000000000000000000000000000000000000000BB
:2085C00000000000000000000000000000000000000000000000000000000000000000009B
:2085E00000000000000000000000000000000000000000000000000000000000000000007B
:2086000000000000000000000000000000000000000000000000000000000000000000005A
:2086200000000000000000000000000000000000000000000000000000000000FFFF00FF3D
:20864000010203FF020403040404FFFF00000000FFFF000000200000800000000000010063
:20866000FFFF07000080000080000000020000004C86000000000008FF1F000840000000B3
:2086800004000000B55F000055600000AB6000002B610000D5620000116300009D610000CD
:2086A0000162000027620000D961000049620000B76200006562000095620000756300003A
:2086C00036E0014038E0014090E4014032E0014080E401402AE001404AE001400100020084
:2086E000080010000000000080B584B000AF0023FB6000237B60194BB3F884309BB23B6023
:208700004FF49643BB60154B4FF42A42A3F8842008E0BB68002B02D14FF4FA73FB60BB689D
:20872000013BBB600D4BB3F884309BB2002BF0D13B68012B06D1094B4DF60112A3F84420A3
:2087400000F066FB7B6840F2F512934201D17B68FB60FB6818461037BD4680BD00E07F40E0
:2087600080B584B000AF78607B685B681B78002B0DD07B685B6893F91130184600F04CFBC0
:208780007B685B6893F91330184600F045FB124BB3F884309BB2002B02D1786800F040FBC4
:2087A00000F01CF8F86000F049F8B860FB68002B01D1BB68FB60FFF797FFB860FB68002B04
:2087C00001D1BB68FB607B68002283F83420FB6818461037BD4680BD00E07F4080B483B027
:2087E00000AF4FF496437B60124BB3221A7007E07B68002B01D1142315E07B68013B7B602A
:208800000D4BD3F88030C3F3C033DBB2012BEFD1094B1B7CC3F30013DBB2002B02D040F2F3
:20882000F51300E0002318460C37BD465DF8047B704700BF00007E4000E07F4080B483B07B
:2088400000AF4FF496437B60124B50221A7007E07B68002B01D1142315E07B68013B7B602C
:208860000D4BD3F88030C3F3C033DBB2012BEFD1094B1B7CC3F30013DBB2002B02D040F293
:20888000F51300E0002318460C37BD465DF8047B704700BF00007E4000E07F4080B485B019
:2088A00000AFF860B9607A60174AFB689B6A1363164B20221A70154BD0221A70FB689A6A0F
:2088C000BB681A44FB689A62FB681B6B5A1EFB681A637B68002B10D007E07B68002B01D1C2
:2088E00014230BE07B68013B7B60074BD3F88030C3F3C033DBB2012BEFD1002318461437A1
:20890000BD465DF8047B704700E07F4000007E4080B586B000AFF860B9607A607B68002BF9
:2089200006D1FB685B6893F91130184600F074FA314AFB68DB6A1363304BE8221A70BB68E6
:208940005A082E4BD2B21A7000237B612AE0FB681B693B61FB689B6A1A46284B12881A8033
:2089600006E03B695A1E3A61002B01D114233EE0214BD3F88030C3F38023DBB2012BF0D04F
:20898000FB689B6A9A1CFB689A62FB68DB6A9A1CFB68DA62FB681B6B5A1EFB681A637B6938
:2089A00001337B61BB685B087A699A42CFD3134BD0221A707B68002B11D007E07B68002B02
:2089C00001D1142313E07B68013B7B600A4BD3F88030C3F3C033DBB2012BEFD106E0FB6866
:2089E0005B6893F91130184600F01EFA002318461837BD4680BD00BF00E07F4000007E4055
:208A000080B586B000AFF860B9607A6000237B61174B1B7CC3F30013DBB2012B0FD1144B38
:208A2000D3F88030C3F38033DBB2012B04D1104B1B7C0F4B00221A7440F2F5137B610C4B5B
:208A4000D3F88020BB681340002B01D07B687B61FB68002B01D0FB687B617B69002B01D0FC
:208A6000FFF7BCFE7B6918461837BD4680BD00BF00E07F4080B485B000AF786039607B68AB
:208A80009B69BB60194A3B681363194B40221A70174B08221A700023FB6008E0144A1549B3
:208AA000FB6831F813301380FB680133FB60FB68072BF3D90E4BD0221A7007E0BB68002BF7
:208AC00001D114230BE0BB68013BBB60074BD3F88030C3F3C033DBB2012BEFD100231846B8
:208AE0001437BD465DF8047B704700BF00E07F4000007E408C08002080B485B000AFF8605D
:208B0000B9607A60194B4FF6FF721A80174B4FF6FF725A807B689AB2FB689BB2DB039BB2B2
:208B200013439BB243F4F0439AB2104BDA80BB689BB26FEA43536FEA53539AB20B4B9A800D
:208B40000A4B4FF6FF721A81084B4FF6FF725A81064B4FF6FF729A81044B4FF6FF72DA8109
:208B600000BF1437BD465DF8047B70478C08002080B584B000AF78600023FB60786800F06B
:208B80007BF8F860FB68002B10D0FB681EE07B689B681A4680217868FFF7BAFEF860182234
:208BA0004FF4A041F868FFF72BFFF8607B681B6B002B02D0FB68002BE9D0FFF795FDB8606C
:208BC000FB68002B01D1BB68FB60FB6818461037BD4680BD80B588B000AFF860B9607A6008
:208BE0000023FB61FB68BA689A62FB687A681A63F86800F041F8F861FB69002B01D0FB690D
:208C000033E01C4B0122A3F8E0201EE0FB689B6AB3F5803F06D2FB68DB69BB614FF400531E
:208C20007B6105E0FB681B6ABB614FF400437B61BA697969F868FFF731FEF86119224FF4AC
:208C4000C041F869FFF7DCFEF861FB681B6B002B02D0FB69002BD9D0FFF746FD3861FB6935
:208C6000002B01D13B69FB61FB6918462037BD4680BD00BF00E07F4080B584B000AF786050
:208C80000023FB604FF49643BB607B685B681B78002B0DD07B685B6893F91130184600F01D
:208CA000BBF87B685B6893F91330184600F0B4F80F4B4FF45942A3F844200D4B4AF60122A0
:208CC000A3F8842008E0BB68002B02D14FF4FA7309E0BB68013BBB60054BB3F884309BB23D
:208CE000012BF0D1FB6818461037BD4680BD00BF00E07F4080B588B000AFF860B9607A607A
:208D0000174BD3F8DC30C3F3C073DBB2BB61F868FFF7B2FFF861FB69002B01D0FB691BE069
:208D2000BB68590B7B685B0B1A46B869FFF7E4FE0C49F868FFF79EFEF86118220021F869AE
:208D4000FFF75EFEF861FFF7CFFC7861FB69002B01D17B69FB61FB6918462037BD4680BDD4
:208D600000E07F4030A1000180B584B000AF78600B46FB701346BB707868FFF77DFFF860A8
:208D8000FB68002B01D0FB6832E0BB78002B08D0FB789BB2184A43F4CC439BB2A2F8E83062
:208DA0001DE01022FF21154800F02EF8FB789BB203F001039BB2002B02D14FF6FF7201E058
:208DC00047F6FF720D4BDA800D497868FFF752FEF86018220021F868FFF712FEF860FFF750
:208DE00083FCB860FB68002B01D1BB68FB60FB6818461037BD4680BD00E07F408C08002063
:208E000030A10001000000005FF800F0958200005FF800F0A15D00005FF800F03D5F0000FA
:208E20005FF800F0CD6800005FF800F0DD5E0000010000000010000000100000000004000F
:208E40004000020005000000060000000300000003000000FFFFFF1FFFFFFF1F0000000087
:208E600000000000000000000000000000000000000000000000000000000100FA070000F0
:208E800000000000FB07000000000000FC07000000000000000000000000010000000000CC
:208EA0000000010000000000000001000000000000000100000000000000000000000000AF
:208EC000000000000000000000000000000000000000000000000000000000000000000092
:208EE000000000000000000000000000000000000000000000000000000000000000000072
:208F0000000000000000000000000000000000000000000000000000000000000000000051
:208F2000000000000000000000000000000000000000000000000000000000000000000031
:208F4000000000000000000000000000000000000000000000000000000000000000000011
:208F60000000000000000000000000000000000000000000FFFF00000000000000000000F3
:148F80000000000001000000748600002D02000005020000AC
:020000040001F9
:2000000078CF0020F9D5010065D301003504010009D6010009D6010009D6010009D60100B7
:20002000000000000000000000000000C586010009D6010000000000018701007187010012
:2000400087CB010081CC010045CD010081CC010045CD0100BFAA01005FAA01003DAB01002E
:2000600085AB01008B960100D796010055970100ED970100A5A00100CD9F010071A1010087
:20008000C9A1010065B90100C9B8010091B6010091B60100000000000000000000000000C4
:2000A000000000000000000000000000000000000000000000000000000000000000000040
:2000C000000000000000000000000000000000000000000000000000000000000000000020
:2000E000000000000000000000000000000000000000000000000000000000000000000000
:200100000000000000000000000000000000000000000000000000000000000000000000DF
:200120000000000000000000000000000000000000000000000000000000000000000000BF
:2001400000000000000000000000000000000000000000000000000000000000000000009F
:2001600000000000000000000000000000000000000000000000000000000000000000007F
:2001800000000000000000000000000000000000000000000000000000000000000000005F
:2001A00000000000000000000000000000000000000000000000000000000000000000003F
:2001C0000348044B834202D0034B03B118477047640A0020640A002000000000064B074919
:2001E000C91A891048BF0131491003D0044B0BB101481847704700BF640A0020640A0020D9
:200200000000000010B5064C237843B9FFF7D8FF044B13B10448AFF300800123237010BD5E
:20022000B80A0020000000003C24020008B5054B1BB105490548AFF30080BDE80840FFF701
:20024000CDBF00BF00000000BC0A00203C24020080B582B000AF0023FB71114911480BF0B8
:200260009FFE0346FB71002200210E480BF0BCFE0346FB710C490D480CF0E6F90346FB71EF
:20028000FB79002B03D10A4B01221A7002E0084B00221A70FB7918460837BD4680BD00BFF8
:2002A0002C130200882000203C150200AC210020D40A002080B584B000AF7860396000234B
:2002C000FB73074B00229A703A68796805480CF005FB0346FB73FB7B18461037BD4680BD54
:2002E000D40A0020AC21002080B483B000AF78607B68002B06D0064B1B78002B02D0044A12
:200300007B68936000BF0C37BD465DF8047B7047D40A002080B483B000AF0346FB71FB793A
:20032000002B14BF01230023DAB2044B5A7000BF0C37BD465DF8047B704700BFD40A002086
:2003400080B588B000AF786007F10C0300221A605A609A60DA601A617B689B88B3F5804F20
:2003600059D0B3F5804F5BDCB3F5005F53D0B3F5005F55DCB3F5805F4DD0B3F5805F4FDCEE
:20038000B3F5006F29D0B3F5006F49DCB3F5806F27D0B3F5806F43DCB3F5007F3BD0B3F5F3
:2003A000007F3DDCB3F5807F35D0B3F5807F37DC202B0FDC022B33DB023B1C4A22FA03F319
:2003C00003F00103002B14BF01230023DBB2002B21D125E0802B1ED022E0154B01229A700A
:2003E0001FE0134B01225A707B6803F1140107F10C031422184610F065FC0D4B9B6807F178
:200400000C02104698477B68143314220021184610F050FC05E07B689A88054B9A8000E03A
:2004200000BF00BF2037BD4680BD00BF45400040D40A002080B400AF1EF0040F0CBFEFF374
:200440000880EFF3098000F005B800BFBD465DF8047B704780B483B000AF78601C4B1D4AF3
:200460001A607B681B681A4A53617B685B68184A93617B689B68164AD3617B68DB68144A8A
:2004800013627B681B69124A53627B685B69104A93607B689B690E4A53607B68DB690C4A0C
:2004A00013616B460A4AD3600B4BDB6A084A9362094B9B6A064AD362074B5B6B044A1363F4
:2004C000054B9B6B024A536300BE00BFFDE700BF640A0020EFBEADDE00ED00E080B582B0AA
:2004E00000AF054905480AF0F9FB78607B68DBB218460837BD4680BDAC1602009820002003
:2005000080B584B000AF03460A46FB8013467B717A79FB88194605480AF008FCF860FB688F
:20052000DBB218461037BD4680BD00BF9820002080B584B000AF0346FB71FA7911491346BF
:200540005B0013440B441B781BB21B0219B2FA790C4813465B001344034401331B781BB2A5
:200560000B431BB29BB2FB81FB899BB2064A194606480AF0C7FB044B1B7818461037BD4683
:2005800080BD00BF14130200E00A00209820002080B487B000AFF860B9607A6000237B61F0
:2005A0000AE0BA687B691A44F9687B690B4412781A707B6901337B617A697B689A42F0D3EC
:2005C00000BF00BF1C37BD465DF8047B704780B487B000AFF860B9607A6000237B610EE06A
:2005E000FA687B6913441A78B9687B690B441B789A4201D0012307E07B6901337B617A6956
:200600007B689A42ECD3002318461C37BD465DF8047B704780B582B000AF0023FB71084904
:2006200008480AF0E7FD0346FB7106480AF016FE0346FB71FB7918460837BD4680BD00BFB6
:200640002C140200E020002080B588B000AF0346FB710023FB770023BB6100237B61002371
:200660003B720023FB6000233B61FB79002B05D120480AF0E1FD0346FB7736E007F1080307
:2006800019461C480AF01BFE0346FB773B697B61FB797A6902FB03F3174AA2FB03235B0977
:2006A000BB6114480AF0C8FD0346FB7711480AF0E7FD0346FB7711490E480AF09BFD0346CB
:2006C000FB770122B9690B480AF0ECFD0346FB77084B9B68BA69DA64064B9B68BA695A6585
:2006E00004480AF0BBFD0346FB77FB7F18462037BD4680BDE02000201F85EB512C14020090
:2007000080B582B000AF0023FB710549054809F0BFFE0346FB71FB7918460837BD4680BDDD
:20072000F81402008021002080B584B000AF786039600023BB73114B00221A700A23FB736D
:2007400007233A6879680E4809F0FEFE0346BB7307E04FF47A7101200CF034FDFB7B013B15
:20076000FB73064B1B78DBB2002B02D1FB7B002BEFD1BB7B18461037BD4680BDE10A002015
:200780008021002080B483B000AF78607B681B79012B02D1044B01221A7000BF0C37BD4633
:2007A0005DF8047B704700BFE10A002080B582B000AF0023FB710549054808F0B9FA0346B0
:2007C000FB71FB7918460837BD4680BDA01402004021002080B584B000AF78603960002379
:2007E000BB73114B00221A700A23FB7307233A6879680E4808F0ECFA0346BB7307E04FF4A6
:200800007A7101200CF0DEFCFB7B013BFB73064B1B78DBB2002B02D1FB7B002BEFD1BB7BD0
:2008200018461037BD4680BDE20A00204021002080B584B000AF786039600023BB73114B10
:2008400000221A703223FB7307233A6879680E4808F0AAFA0346BB7307E04FF47A710120DD
:200860000CF0B0FCFB7B013BFB73064B1B78DBB2002B02D1FB7B002BEFD1BB7B1846103705
:20088000BD4680BDE20A00204021002080B588B002AFF860B9607A600023BB753223FB750A
:2008A000072300937B68BA68F9680D4808F0A4FA0346BB7507E04FF47A7101200CF082FC01
:2008C000FB7D013BFB75074B1B78DBB2002B02D1FB7D002BEFD1BB7D18461837BD4680BDFC
:2008E00040210020E20A002080B483B000AF78607B681B79012B02D1044B01221A7000BF4C
:200900000C37BD465DF8047B704700BFE20A002080B582B000AF0023FB710B490B480AF0F5
:2009200069FC0346DAB2FB791344FB71084909480AF060FC0346DAB2FB791344FB71FB79CE
:2009400018460837BD4680BDD0130200C020002074130200A020002080B584B000AF03460B
:20096000FB710023FB73FB79012B0AD10C480AF075FC0346FB730B480AF070FC0346FB7319
:2009800009E007480AF058FC0346FB7305480AF053FC0346FB73FB7B18461037BD4680BD72
:2009A000C0200020A020002080B483B000AF786039607B68002B08D03B68002B05D0064AF7
:2009C0007B681360054A3B68136000BF0C37BD465DF8047B704700BFE40A0020E80A0020ED
:2009E00080B582B000AF7860054B1B689847054B1B680133034A136000BF0837BD4680BD52
:200A0000E40A0020EC0A002080B582B000AF7860054B1B689847054B1B680133034A13604B
:200A200000BF0837BD4680BDE80A0020F00A002080B584B000AF0346FB710023FB73FB797A
:200A4000002B02D0012B1DD023E01449144809F01FF80346FB73134B0122A3F8C022114BA3
:200A6000B3F8C0321A461049002000F089F8FB7B002B03D10B4B01221A700AE0094B0022B7
:200A80001A7006E00549064809F002F80346FB7300BFFB7B18461037BD4680BD74140200FC
:200AA00010210020F40A0020F70A002080B586B000AF0346B9607A60FB730023FB7500232C
:200AC000BB82FB7B002B02D0012B19D033E000237B8210E07B8ABA681344012219461A48CC
:200AE00009F0DBF80346FB75012105200CF06AFB7B8A01337B827B8A7A689A42EAD81AE014
:200B00007A68B968104809F0C8F80346FB7507E0BB8A0533BB824FF47A7105200CF052FBCB
:200B20000A4B9B7883F00103DBB2002B02D0BB8A182BEDD900BF054B00229A70FB7D1846ED
:200B40001837BD4680BD00BF10210020F40A002080B483B000AF78607B68002B07D0074BB3
:200B60001B78002B03D0054A7B68C2F8C43200BF0C37BD465DF8047B704700BFF40A002095
:200B800080B586B000AF0346B9607A60FB730023FB75FB7B002B02D0012B0DD019E07A68A7
:200BA000B968104809F062F80346FB757B689AB20D4BA3F8C0220CE07A68B968094809F073
:200BC00055F80346FB757B689AB2074BA3F8C02200BF054B00225A70FB7D18461837BD46EE
:200BE00080BD00BF10210020F40A002080B400AF044B0122A3F8C02200BFBD465DF8047B22
:200C0000704700BFF40A002080B582B000AF78607B681B79042B20D0042B15DC012B02D09E
:200C2000022B0DD010E00F4B01225A700D4BD3F8C4320C4AB2F8C02211460B4898470DE002
:200C4000084B01229A7009E0064BB3F8C0321A4605490020FFF794FF00E000BF00BF083749
:200C6000BD4680BDF40A0020F70A002080B582B000AF0023FB710A4A136923F002031361F4
:200C80000849094807F0C4FE0346002B02D0FB790133FB71FB7918460837BD4680BD00BF8F
:200CA00000B001404C1402000021002080B582B000AF0023FB71074807F0F8FE0346002B4B
:200CC00002D0FB790133FB71FB7918460837BD4680BD00BF0021002080B582B000AF0423A0
:200CE000FB71204B93F81034C3F30003DBB2002B06D01C4B002283F810240123FB712BE034
:200D0000184BB3F8C030C3F34003DBB2002B12D0144B0022A3F8C0200023BB71BB1D1946C0
:200D2000114807F0D7FEBB7919460F4807F0DEFE0323FB7110E00B4BB3F8C030C3F3800325
:200D4000DBB2002B06D0074B0022A3F8C0200223FB7101E00423FB71FB7918460837BD46FD
:200D600080BD00BF00E001400021002080B584B002AF0023FB712E4B019303230093002383
:200D800080222C492C480DF0A1FE2C4B019303230093002380222A492A480DF097FE2A4BB7
:200DA00001930123009300234FF4C072274928480DF08CFE274B01930223009300234FF4C5
:200DC0000072254925480DF081FE254B01930423009300234FF40072224923480DF076FE6D
:200DE000134B1B68002B02D1FB790133FB71134B1B68002B02D1FB790133FB71124B1B682D
:200E0000002B02D1FB790133FB71124B1B68002B02D1FB790133FB71114B1B68002B02D1F1
:200E2000FB790133FB71FB7918460837BD4680BDE4120020680D02000967010030160020E9
:200E4000780D0200896F01008C0E00208C0D0200B1540100041300209C0D02007D6A0100ED
:200E6000AC0E0020B00D0200E556010080B582B000AF0023FB710022012114200CF050FF35
:200E800003462C4A5360002201210A200CF048FF0346294A536000224FF4307114200CF08A
:200EA0003FFF0346254A53600022012114200CF037FF0346224A53600022142132200CF0D2
:200EC0002FFF03461F4A536004200CF0B5FF03461C4A9360174B5B68002B02D1FB7901333E
:200EE000FB71154B5B68002B02D1FB790133FB71134B5B68002B02D1FB790133FB710F4BC4
:200F00005B68002B02D1FB790133FB710D4B5B68002B02D1FB790133FB710A4B9B68002B4C
:200F200002D1FB790133FB71FB7918460837BD4680BD00BF8C0E0020301600200413002063
:200F4000E4120020AC0E002080B582B002AF0A4B0093002301220A2108480EF0D7FF0346C3
:200F6000074A9360064B9B68002B01D1012300E000231846BD4680BD61540100C00D020092
:200F80008C0E002080B582B000AF0023FB71FFF76DFF0346002B02D0FB790133FB71FFF740
:200FA000D3FF0346002B02D0FB790133FB71FFF7DDFE0346002B02D0FB790133FB71FB7966
:200FC00018460837BD4680BD80B500AF62B600BFFFF76CFE07F03CFAFFF768FE02F07CFF23
:200FE0000120FFF7B9FC00BF80BDFFFF80B485B000AF0346FB710023FB600DE00C4AFB683A
:20100000134493F9003097F907209A4201D1FB6807E0FB680133FB60FB68242BEEDD4FF060
:20102000FF3318461437BD465DF8047B704700BF680E020080B489B000AFF860B9607A60A9
:20104000FB68FB617B6800221A70FB68002B25D17B681B785A1CD1B27A6811709B00BA682F
:20106000134400221A6048E0F969264BA3FB0123DA0813469B0013445B00CA1A7B681B78DE
:20108000591CC8B2796808709B00B9680B441A60FB691C4AA2FB0323DB08FB61FB69002B28
:2010A000E2D10023BB6120E0BB699B00BA6813441B687B617B681B785A1EBB69D31A9B000D
:2010C000BA681A44BB699B00B9680B4412681A607B681B785A1EBB69D31A9B00BA6813445A
:2010E0007A691A60BB690133BB617B681B785B08DBB21A46BB699342D6DB2437BD465DF8FC
:20110000047B7047CDCCCCCC80B483B000AF0346FB71FB79002B09D10C4B93F84F3023F0B0
:201120001003DAB2094B83F84F2008E0074B93F84F3043F01003DAB2044B83F84F2000BFC4
:201140000C37BD465DF8047B704700BFBC0D002080B483B000AF0346FB71FB79002B09D1D2
:201160000C4B93F8443023F00403DAB2094B83F8442008E0074B93F8443043F00403DAB241
:20118000044B83F8442000BF0C37BD465DF8047B704700BFBC0D002080B483B000AF03468A
:2011A000FB71FB79002B09D10C4B93F8443023F00103DAB2094B83F8442008E0074B93F859
:2011C000443043F00103DAB2044B83F8442000BF0C37BD465DF8047B704700BFBC0D002072
:2011E00080B483B000AF0346FB71FB79002B09D10C4B93F8403023F04003DAB2094B83F8A8
:20120000402008E0074B93F8403043F04003DAB2044B83F8402000BF0C37BD465DF8047B34
:20122000704700BFBC0D002080B483B000AF0346FB71FB79002B09D10C4B93F8403023F0A6
:201240002003DAB2094B83F8402008E0074B93F8403043F02003DAB2044B83F8402000BFB0
:201260000C37BD465DF8047B704700BFBC0D002080B483B000AF0346FB71FB79002B09D1B1
:201280000C4B93F8403023F01003DAB2094B83F8402008E0074B93F8403043F01003DAB214
:2012A000044B83F8402000BF0C37BD465DF8047B704700BFBC0D002080B483B000AF03466D
:2012C000FB71FB79002B07D11A4B5B7923F00403DAB2184B5A7127E0FB79012B07D1154B3F
:2012E0005B7943F00403DAB2124B5A711CE0FB79022B19D1104B1B7883F00103DAB20E4B5B
:201300001A700D4B1B78002B07D10A4BDB7A23F00403DAB2074BDA7206E0064BDB7A43F0A8
:201320000403DAB2034BDA7200BF0C37BD465DF8047B7047BC0D0020170E002080B483B05B
:2013400000AF0346FB71FB79002B07D10A4B5B7923F00803DAB2084B5A7106E0064B5B79B6
:2013600043F00803DAB2044B5A7100BF0C37BD465DF8047B704700BFBC0D002080B483B0EA
:2013800000AF0346FB71FB79002B09D10C4B93F84F3003F07F03DAB2094B83F84F2008E0E8
:2013A000074B93F84F3063F07F03DAB2044B83F84F2000BF0C37BD465DF8047B704700BFE8
:2013C000BC0D002080B483B000AF0346FB71FB79002B09D10C4B93F8443023F00203DAB2E6
:2013E000094B83F8442008E0074B93F8443043F00203DAB2044B83F8442000BF0C37BD468A
:201400005DF8047B704700BFBC0D002080B483B000AF0346FB71FB79002B09D10C4B93F873
:201420004D3023F00103DAB2094B83F84D2008E0074B93F84D3043F00103DAB2044B83F881
:201440004D2000BF0C37BD465DF8047B704700BFBC0D002080B483B000AF0346FB71FB79A8
:20146000002B09D10C4B93F8453023F01003DAB2094B83F8452008E0074B93F8453043F0BD
:201480001003DAB2044B83F8452000BF0C37BD465DF8047B704700BFBC0D002080B483B0DF
:2014A00000AF0346FB71FB79002B09D10C4B93F8473023F01003DAB2094B83F8472008E026
:2014C000074B93F8473043F01003DAB2044B83F8472000BF0C37BD465DF8047B704700BF66
:2014E000BC0D002080B483B000AF0346FB71FB79002B09D10C4B93F8473023F00103DAB2C3
:20150000094B83F8472008E0074B93F8473043F00103DAB2044B83F8472000BF0C37BD4660
:201520005DF8047B704700BFBC0D002080B483B000AF0346FB71FB79002B09D10C4B93F852
:20154000483023F01003DAB2094B83F8482008E0074B93F8483043F01003DAB2044B83F851
:20156000482000BF0C37BD465DF8047B704700BFBC0D002080B483B000AF0346FB71FB798C
:20158000002B09D10C4B93F8483023F00203DAB2094B83F8482008E0074B93F8483043F0A1
:2015A0000203DAB2044B83F8482000BF0C37BD465DF8047B704700BFBC0D002080B483B0C9
:2015C00000AF0346FB71FB79002B09D10C4B93F8483023F02003DAB2094B83F8482008E0F3
:2015E000074B93F8483043F02003DAB2044B83F8482000BF0C37BD465DF8047B704700BF33
:20160000BC0D002080B483B000AF0346FB71FB79002B09D10C4B93F8473023F00203DAB2A0
:20162000094B83F8472008E0074B93F8473043F00203DAB2044B83F8472000BF0C37BD463E
:201640005DF8047B704700BFBC0D002080B483B000AF0346FB71FB79002B09D10C4B93F831
:20166000483023F00103DAB2094B83F8482008E0074B93F8483043F00103DAB2044B83F84E
:20168000482000BF0C37BD465DF8047B704700BFBC0D002080B483B000AF0346FB71FB796B
:2016A000002B09D10C4B93F8473023F02003DAB2094B83F8472008E0074B93F8473043F065
:2016C0002003DAB2044B83F8472000BF0C37BD465DF8047B704700BFBC0D002080B483B08B
:2016E00000AF0346FB71FB79002B09D10C4B93F8483023F00403DAB2094B83F8482008E0EE
:20170000074B93F8483043F00403DAB2044B83F8482000BF0C37BD465DF8047B704700BF2D
:20172000BC0D002080B483B000AF0346FB71FB79002B09D10C4B93F8483023F04003DAB240
:20174000094B83F8482008E0074B93F8483043F04003DAB2044B83F8482000BF0C37BD46DC
:201760005DF8047B704700BFBC0D002080B483B000AF0346FB71FB79002B09D10C4B93F810
:20178000473023F00403DAB2094B83F8472008E0074B93F8473043F00403DAB2044B83F82A
:2017A000472000BF0C37BD465DF8047B704700BFBC0D002080B483B000AF0346FB71FB794B
:2017C000002B09D10C4B93F8483023F00803DAB2094B83F8482008E0074B93F8483043F059
:2017E0000803DAB2044B83F8482000BF0C37BD465DF8047B704700BFBC0D002080B483B081
:2018000000AF0346FB71FB79002B09D10C4B93F8483003F07F03DAB2094B83F8482008E071
:20182000074B93F8483063F07F03DAB2044B83F8482000BF0C37BD465DF8047B704700BF71
:20184000BC0D002080B483B000AF0346FB71FB79002B09D10C4B93F84A3023F00103DAB25C
:20186000094B83F84A2008E0074B93F84A3043F00103DAB2044B83F84A2000BF0C37BD46F4
:201880005DF8047B704700BFBC0D002080B483B000AF0346FB71FB79002B09D10C4B93F8EF
:2018A000473003F07F03DAB2094B83F8472008E0074B93F8473063F07F03DAB2044B83F813
:2018C000472000BF0C37BD465DF8047B704700BFBC0D002080B483B000AF0346FB71FB792A
:2018E000002B09D10C4B93F8473023F04003DAB2094B83F8472008E0074B93F8473043F003
:201900004003DAB2044B83F8472000BF0C37BD465DF8047B704700BFBC0D002080B483B028
:2019200000AF0346FB71FB79002B09D10C4B93F8443023F00803DAB2094B83F8442008E0AF
:20194000074B93F8443043F00803DAB2044B83F8442000BF0C37BD465DF8047B704700BFEF
:20196000BC0D002080B483B000AF0346FB71FB79002B09D10C4B93F8443003F07F03DAB2E3
:20198000094B83F8442008E0074B93F8443063F07F03DAB2044B83F8442000BF0C37BD4647
:2019A0005DF8047B704700BFBC0D002080B483B000AF0346FB71FB79002B09D10C4B93F8CE
:2019C000443023F04003DAB2094B83F8442008E0074B93F8443043F04003DAB2044B83F879
:2019E000442000BF0C37BD465DF8047B704700BFBC0D002080B483B000AF0346FB71FB790C
:201A0000002B09D10C4B93F8443023F02003DAB2094B83F8442008E0074B93F8443043F00A
:201A20002003DAB2044B83F8442000BF0C37BD465DF8047B704700BFBC0D002080B483B02A
:201A400000AF0346FB71FB79002B09D10C4B93F8443023F01003DAB2094B83F8442008E086
:201A6000074B93F8443043F01003DAB2044B83F8442000BF0C37BD465DF8047B704700BFC6
:201A8000BC0D002080B483B000AF0346FB71FB79002B09D10C4B93F8433023F00103DAB221
:201AA000094B83F8432008E0074B93F8433043F00103DAB2044B83F8432000BF0C37BD46C7
:201AC0005DF8047B704700BFBC0D002080B483B000AF0346FB71FB79002B09D10C4B93F8AD
:201AE000433023F00203DAB2094B83F8432008E0074B93F8433043F00203DAB2044B83F8D7
:201B0000432000BF0C37BD465DF8047B704700BFBC0D002080B483B000AF0346FB71FB79EB
:201B2000002B09D10C4B93F8433023F00403DAB2094B83F8432008E0074B93F8433043F008
:201B40000403DAB2044B83F8432000BF0C37BD465DF8047B704700BFBC0D002080B483B026
:201B600000AF0346FB71FB79002B09D10C4B93F8433023F00803DAB2094B83F8432008E06F
:201B8000074B93F8433043F00803DAB2044B83F8432000BF0C37BD465DF8047B704700BFAF
:201BA000BC0D002080B483B000AF0346FB71FB79002B09D10C4B93F8413023F00803DAB2FB
:201BC000094B83F8412008E0074B93F8413043F00803DAB2044B83F8412000BF0C37BD46A5
:201BE0005DF8047B704700BFBC0D002080B483B000AF0346FB71FB79002B09D10C4B93F88C
:201C0000403003F07F03DAB2094B83F8402008E0074B93F8403063F07F03DAB2044B83F8C4
:201C2000402000BF0C37BD465DF8047B704700BFBC0D002080B483B000AF0346FB71FB79CD
:201C4000002B09D10C4B93F83F3023F00803DAB2094B83F83F2008E0074B93F83F3043F0EF
:201C60000803DAB2044B83F83F2000BF0C37BD465DF8047B704700BFBC0D002080B483B005
:201C800000AF0346FB71FB79002B09D10C4B93F83F3023F00403DAB2094B83F83F2008E05A
:201CA000074B93F83F3043F00403DAB2044B83F83F2000BF0C37BD465DF8047B704700BF9A
:201CC000BC0D002080B483B000AF0346FB71FB79002B09D10C4B93F83F3023F00203DAB2E2
:201CE000094B83F83F2008E0074B93F83F3043F00203DAB2044B83F83F2000BF0C37BD4690
:201D00005DF8047B704700BFBC0D002080B483B000AF0346FB71FB79002B09D10C4B93F86A
:201D20003F3023F00103DAB2094B83F83F2008E0074B93F83F3043F00103DAB2044B83F8A2
:201D40003F2000BF0C37BD465DF8047B704700BFBC0D002080B483B000AF0346FB71FB79AD
:201D6000002B09D10C4B93F83F3023F01003DAB2094B83F83F2008E0074B93F83F3043F0C6
:201D80001003DAB2044B83F83F2000BF0C37BD465DF8047B704700BFBC0D002080B483B0DC
:201DA00000AF0346FB71FB79002B09D10C4B93F83F3023F02003DAB2094B83F83F2008E01D
:201DC000074B93F83F3043F02003DAB2044B83F83F2000BF0C37BD465DF8047B704700BF5D
:201DE000BC0D002080B483B000AF0346FB71FB79002B09D10C4B93F83F3023F04003DAB283
:201E0000094B83F83F2008E0074B93F83F3043F04003DAB2044B83F83F2000BF0C37BD4630
:201E20005DF8047B704700BFBC0D002080B483B000AF0346FB71FB79002B09D10C4B93F849
:201E40003F3003F07F03DAB2094B83F83F2008E0074B93F83F3063F07F03DAB2044B83F885
:201E60003F2000BF0C37BD465DF8047B704700BFBC0D002080B483B000AF0346FB71FB798C
:201E8000002B09D10C4B93F83E3023F00803DAB2094B83F83E2008E0074B93F83E3043F0B0
:201EA0000803DAB2044B83F83E2000BF0C37BD465DF8047B704700BFBC0D002080B483B0C4
:201EC00000AF0346FB71FB79002B09D10C4B93F83E3023F00203DAB2094B83F83E2008E01C
:201EE000074B93F83E3043F00203DAB2044B83F83E2000BF0C37BD465DF8047B704700BF5C
:201F0000BC0D002080B483B000AF0346FB71FB79002B09D10C4B93F83E3023F00403DAB29E
:201F2000094B83F83E2008E0074B93F83E3043F00403DAB2044B83F83E2000BF0C37BD464E
:201F40005DF8047B704700BFBC0D002080B483B000AF0346FB71FB79002B09D10C4B93F828
:201F60003E3023F04003DAB2094B83F83E2008E0074B93F83E3043F04003DAB2044B83F8E5
:201F80003E2000BF0C37BD465DF8047B704700BFBC0D002080B483B000AF0346FB71FB796C
:201FA000002B09D10C4B93F83E3003F07F03DAB2094B83F83E2008E0074B93F83E3063F018
:201FC0007F03DAB2044B83F83E2000BF0C37BD465DF8047B704700BFBC0D002080B483B02C
:201FE00000AF0346FB71FB79002B07D10A4BDB7A23F02003DAB2084BDA7206E0064BDB7A6F
:2020000043F02003DAB2044BDA7200BF0C37BD465DF8047B704700BFBC0D002080B483B0A4
:2020200000AF0346FB71FB79002B07D10A4B9B7A23F00803DAB2084B9A7206E0064B9B7A06
:2020400043F00803DAB2044B9A7200BF0C37BD465DF8047B704700BFBC0D002080B483B0BC
:2020600000AF0346FB71FB79002B07D10A4B5B7A23F00803DAB2084B5A7206E0064B5B7A86
:2020800043F00803DAB2044B5A7200BF0C37BD465DF8047B704700BFBC0D002080B483B0BC
:2020A00000AF0346FB71FB79002B07D10A4B1B7A23F00803DAB2084B1A7206E0064B1B7A06
:2020C00043F00803DAB2044B1A7200BF0C37BD465DF8047B704700BFBC0D002080B483B0BC
:2020E00000AF0346FB71FB79002B07D10A4BDB7923F00803DAB2084BDA7106E0064BDB7989
:2021000043F00803DAB2044BDA7100BF0C37BD465DF8047B704700BFBC0D002080B483B0BC
:2021200000AF0346FB71FB79002B07D10A4B9B7923F00803DAB2084B9A7106E0064B9B7908
:2021400043F00803DAB2044B9A7100BF0C37BD465DF8047B704700BFBC0D002080B483B0BC
:2021600000AF0346FB71FB79002B09D10C4B93F83E3023F01003DAB2094B83F83E2008E06B
:20218000074B93F83E3043F01003DAB2044B83F83E2000BF0C37BD465DF8047B704700BFAB
:2021A000BC0D002080B483B000AF0346FB71FB79002B09D10C4B93F83E3023F02003DAB2E0
:2021C000094B83F83E2008E0074B93F83E3043F02003DAB2044B83F83E2000BF0C37BD4690
:2021E0005DF8047B704700BFBC0D002080B483B000AF0346FB71FB79002B07D10A4B5B7941
:2022000023F01003DAB2084B5A7106E0064B5B7943F01003DAB2044B5A7100BF0C37BD46F2
:202220005DF8047B704700BFBC0D002080B483B000AF0346FB71FB79002B07D10A4B1B7940
:2022400023F00103DAB2084B1A7106E0064B1B7943F00103DAB2044B1A7100BF0C37BD4690
:202260005DF8047B704700BFBC0D002080B483B000AF0346FB71FB79002B07D10A4B1B7900
:2022800023F01003DAB2084B1A7106E0064B1B7943F01003DAB2044B1A7100BF0C37BD4632
:2022A0005DF8047B704700BFBC0D002080B483B000AF0346FB71FB79002B07D10A4BDB7AFF
:2022C00023F01003DAB2084BDA7206E0064BDB7A43F01003DAB2044BDA7200BF0C37BD46AF
:2022E0005DF8047B704700BFBC0D002080B483B000AF0346FB71FB79002B07D10A4BDB7ABF
:2023000023F04003DAB2084BDA7206E0064BDB7A43F04003DAB2044BDA7200BF0C37BD460E
:202320005DF8047B704700BFBC0D002080B483B000AF0346FB71FB79002B07D10A4BDB7A7E
:2023400003F07F03DAB2084BDA7206E0064BDB7A63F07F03DAB2044BDA7200BF0C37BD4650
:202360005DF8047B704700BFBC0D002080B483B000AF0346FB71FB79002B07D10A4B5B79BF
:2023800023F00103DAB2084B5A7106E0064B5B7943F00103DAB2044B5A7100BF0C37BD468F
:2023A0005DF8047B704700BFBC0D002080B485B000AF396011461A460346FB710B46BB7150
:2023C00013467B710023FB813B7F063B082B00F2AB8001A252F823F021240100FD23010067
:2023E0002D240100292501003924010009240100292501002925010015240100FB794E4ACC
:2024000032F81330FB811DE0FB794C4A32F81330FB8117E0FB794A4A32F81330FB8111E00A
:20242000FB79484A32F81330FB810BE0FB79464A32F81330FB8105E0FB79444A32F8133081
:20244000FB8100BF3A7EBB799A426FD200237B7365E0FA897B7B42FA03F303F00103002B15
:202460002CD03B7E7A7903FB02F27B7B13445B003A6813441B781A46354B9B5C5AB23B7EF2
:20248000797903FB01F17B7B0B445B0039680B445B78194601238B405BB2134359B23B7E82
:2024A0007A7903FB02F27B7B13445B003A6813441B781A46C9B2264B99542DE03B7E7A7911
:2024C00003FB02F27B7B13445B003A6813441B781A461F4B9B5C5AB23B7E797903FB01F16E
:2024E0007B7B0B445B0039680B445B78194601238B405BB2DB435BB2134059B23B7E7A79E9
:2025000003FB02F27B7B13445B003A6813441B781A46C9B20E4B99547B7B01337B737A7B67
:202520007B799A4295D302E000BF00E000BF1437BD465DF8047B7047D00D0200E80D020074
:20254000FC0D0200480E0200500E0200580E0200BC0D002080B58AB002AF0346FB710B4641
:20256000BB7113467B7107F1100300221A605A609A60DA600023FB73FB7907F10F0207F14F
:2025800010011846FEF756FDFB7B012B14D1444B93F84B3023F00103DAB2414B83F84B2053
:2025A0003B69D8B2072301930023009307230A223C49FFF7FBFE13E0394B93F84B3043F0FF
:2025C0000103DAB2364B83F84B207B69D8B2072301930023009307230A223249FFF7E6FE77
:2025E0000120FFF72FF907F110031022002118460EF060FBBB7907F10F0207F110011846E3
:20260000FEF718FDFB7B012B16D13B69D8B2072301930223009307230A222249FFF7C6FE08
:202620007B69D8B2072301930123009307230A221C49FFF7BBFE15E03B69D8B2072301936C
:202640000123009307230A221649FFF7AFFE7B69D8B2072301930223009307230A221149D7
:20266000FFF7A4FE7B79002B02D07B79022B01D1012300E00023DBB21846FFF707F97B79E2
:20268000012B02D07B79022B01D1012300E00023DBB21846FFF71EF900BF2037BD4680BDD4
:2026A000BC0D0020900E020080B582B000AF03460A46FB711346BB71FB79002B0AD0FB7904
:2026C000142B07D80120FEF7C1FFBB791846FEF799FF5AE0FB79142B0DD9FB792D2B0AD866
:2026E0000120FEF7B3FF0120FEF78CFFBB791846FEF764FF49E0FB792D2B10D9FB794B2BBF
:202700000DD80120FEF7A2FF0120FEF77BFF0120FEF754FFBB791846FEF72CFF35E0FB79E9
:202720004B2B13D9FB795F2B10D80120FEF78EFF0120FEF767FF0120FEF740FF0120FEF7C7
:2027400019FFBB791846FEF7F1FE1EE0FB795F2B16D9FB79642B13D80120FEF777FF012065
:20276000FEF750FF0120FEF729FF0120FEF702FF0120FEF7DBFEBB791846FEF7B3FE04E0B5
:20278000BB791846FEF762FF00BF00BF0837BD4680BDFFFF80B58CB002AF0346FB710B462E
:2027A000BB7113467B7107F1100300221A605A609A60DA601A615A610023FB73FB7907F1E0
:2027C0000F0207F110011846FEF734FC7B79002B12D07B4B1B785A1CD1B2794A11701D2B7D
:2027E0000DD9774B00221A70764B1B7883F00103DAB2744B1A7002E0724B01221A70714BDD
:202800001A78FB7911461846FFF74EFFBB79002B40F0D2806B4B1B78002B5FD1FB7B012B93
:202820001DD1694B93F84E3023F00103DAB2664B83F84E20072301930423009307230A22E2
:2028400062490A20FFF7B2FD072301930323009307230A225D490A20FFF7A8FDA3E0FB7BCD
:20286000022B1DD1584B93F84E3023F00103DAB2554B83F84E2007230193032300930723C4
:202880000A2252490A20FFF791FD072301930423009307230A224D490A20FFF787FD82E059
:2028A000494B93F84E3023F00103DAB2464B83F84E20072301930323009307230A22434905
:2028C0000A20FFF773FD072301930423009307230A223E490A20FFF769FD64E0FB7B012BA7
:2028E0001FD1394B93F84E3023F00103DAB2364B83F84E203B69D8B20723019304230093A8
:2029000007230A223149FFF751FD7B69D8B2072301930323009307230A222C49FFF746FDBA
:2029200041E0FB7B022B1FD1274B93F84E3023F00103DAB2244B83F84E203B69D8B2072315
:2029400001930323009307230A222049FFF72EFD7B69D8B2072301930423009307230A220E
:202960001A49FFF723FD1EE0174B93F84E3043F00103DAB2144B83F84E207B69D8B20723D2
:2029800001930323009307230A221049FFF70EFDBB69D8B2072301930423009307230A22BE
:2029A0000A49FFF703FD0120FEF7E8FC0120FEF775FD0120FEF74EFD00BF2837BD4680BD8D
:2029C000180E0020190E0020BC0D0020900E020080B58CB002AF03463960FB711346BB71EC
:2029E00007F1100300221A605A609A60DA601A615A610023FB733B689E4AA2FB0323DB084A
:202A00003B6007F10F0207F1100319463868FEF711FB0020FFF702FB0020FFF71FFB0020A4
:202A2000FFF73CFB0020FFF759FB0020FFF776FBBB79002B12D0904B1B785A1CD1B28E4AF8
:202A400011701D2B0DD98C4B00221A708B4B1B7883F00103DAB2894B1A7002E0874B0122A3
:202A60001A70FB79032B34D801A252F823F000BF812A01008D2A0100A32A0100B92A010049
:202A80007E4B1B781846FFF7C9FA23E07B4B1B781846FFF7E3FA794B1B781846FFF7FEFA93
:202AA00018E0764B1B781846FFF7D8FA734B1B781846FFF713FB0DE00120FFF7AFFA012023
:202AC000FFF7CCFA0120FFF7E9FA0120FFF706FB00E000BF0120FFF721FBFB7B012B40D1A3
:202AE000674B93F83E3023F00103DAB2644B83F83E203B69D8B2072301930923009307232B
:202B00000A226049FFF752FC7B69D8B2072301930823009307230A225A49FFF747FCBB695C
:202B2000D8B2072301930723009307230A225549FFF73CFCFB69D8B2072301930623009306
:202B400007230A224F49FFF731FC3B6AD8B2072301930523009307230A224A49FFF726FCBB
:202B60005AE1FB7B022B40D1454B93F83E3023F00103DAB2424B83F83E203B69D8B207237C
:202B800001930823009307230A223E49FFF70EFC7B69D8B2072301930923009307230A22C5
:202BA0003849FFF703FCBB69D8B2072301930723009307230A223349FFF7F8FBFB69D8B2CD
:202BC000072301930623009307230A222D49FFF7EDFB3B6AD8B207230193052300930723FF
:202BE0000A222849FFF7E2FB16E1FB7B032B4BD1234B93F83E3023F00103DAB2204B83F8BE
:202C00003E203B69D8B2072301930723009307230A221C49FFF7CAFB7B69D8B2072301930B
:202C20000823009307230A221649FFF7BFFBBB69D8B2072301930923009307230A22114996
:202C4000FFF7B4FBFB69D8B2072301930623009307230A220B49FFF7A9FB3B6AD8B20723CA
:202C600001930523009307230A220649FFF79EFBD2E000BFCDCCCCCC1A0E00201B0E00209E
:202C8000BC0D0020900E0200FB7B042B40D1664B93F83E3023F00103DAB2634B83F83E2021
:202CA0003B69D8B2072301930623009307230A225E49FFF77BFB7B69D8B2072301930723AD
:202CC000009307230A225949FFF770FBBB69D8B2072301930823009307230A225349FFF7F6
:202CE00065FBFB69D8B2072301930923009307230A224E49FFF75AFB3B6AD8B207230193E4
:202D00000523009307230A224849FFF74FFB83E0FB7B052B40D1444B93F83E3023F0010318
:202D2000DAB2414B83F83E203B69D8B2072301930523009307230A223C49FFF737FB7B6914
:202D4000D8B2072301930623009307230A223749FFF72CFBBB69D8B2072301930723009353
:202D600007230A223149FFF721FBFB69D8B2072301930823009307230A222C49FFF716FB35
:202D80003B6AD8B2072301930923009307230A222649FFF70BFB3FE0234B93F83E3043F00D
:202DA0000103DAB2204B83F83E207B69D8B2072301930523009307230A221C49FFF7F6FAB7
:202DC000BB69D8B2072301930623009307230A221649FFF7EBFAFB69D8B207230193072365
:202DE000009307230A221149FFF7E0FA3B6AD8B2072301930823009307230A220B49FFF775
:202E0000D5FA7B6AD8B2072301930923009307230A220649FFF7CAFA0120FFF79FF900BF2A
:202E20002837BD4680BD00BFBC0D0020900E020080B584B002AF0346FB710120FFF7B2F91A
:202E4000FB79013B052B00F23D8101A252F823F0692E0100B32E0100112F010017300100DF
:202E60006F2F0100C530010006230193002300930623012296490020FFF798FA08230193B8
:202E8000002300930823012292490020FFF78EFA0A230193002300930A2301228E490020F7
:202EA000FFF784FA0120FFF701FA0120FFF79EF909E1062301930023009306230122844968
:202EC0000120FFF773FA08230193002300930823012280490120FFF769FA0A230193002384
:202EE00000930A2302227C490120FFF75FFA0A230193012300930A23022277490420FFF716
:202F000055FA0120FFF792F90120FFF7CFF9DAE00623019300230093062301226C49012092
:202F2000FFF744FA08230193002300930823012268490220FFF73AFA0A2301930023009326
:202F40000A23022264490220FFF730FA0A230193012300930A2302225F490520FFF726FA85
:202F60000120FFF7A3F90120FFF780F9ABE05B4B1B780133DAB2594B1A70584B1B781D2BDE
:202F800009D9574B1B7883F00103DAB2544B1A70524B00221A700623019300230093062309
:202FA00001224B490220FFF701FA08230193002300930823012247490320FFF7F7F90A23BE
:202FC0000193002300930A23022243490320FFF7EDF90A230193012300930A2302223E497B
:202FE0000620FFF7E3F93E4B1B78002B03D00120FEF764FF02E00020FEF760FF0120FFF7D9
:2030000055F90120FEF77EFF0F2308223549364800F012FD57E0314B1B780133DAB22F4BF8
:203020001A702E4B1B781D2B09D92D4B1B7883F00103DAB22A4B1A70284B00221A7006237B
:203040000193002300930623012221490220FFF7ADF90823019300230093082301221D4989
:203060000320FFF7A3F90A230193002300930A23022219490320FFF799F90A2301930123E1
:2030800000930A23022214490620FFF78FF9144B1B78002B03D00120FEF77CFF02E00020C8
:2030A000FEF778FF0120FFF701F90120FEF72AFF0120FEF74BFF0F2308220C490A4800F001
:2030C000BBFC00E000BF00BF0837BD4680BD00BF740F0200800F0200900F02001C0E00209C
:2030E0001D0E0020C8120200D8120200E012020080B58CB002AF786007F1100300221A6028
:203100005A609A60DA601A615A610023FB7307F10F0207F1100319467868FDF78BFFFB7BB3
:20312000012B1FD1354B93F8463023F00103DAB2324B83F846203B69D8B20B2301930323DB
:2031400000930B2304222E49FFF730F97B69D8B20B230193022300930B2304222849FFF74F
:2031600025F941E0FB7B022B1FD1244B93F8463023F00103DAB2214B83F846203B69D8B2EF
:203180000B230193022300930B2304221C49FFF70DF97B69D8B20B230193032300930B23E9
:2031A00004221749FFF702F91EE0144B93F8463043F00103DAB2114B83F846207B69D8B2CC
:2031C0000B230193022300930B2304220C49FFF7EDF8BB69D8B20B230193032300930B239A
:2031E00004220749FFF7E2F80120FEF753FA0120FEF750FA00BF2837BD4680BDBC0D00207F
:203200001C0F020080B58CB002AF03460A46FB8013467B7107F1100300221A605A609A60AB
:20322000DA601A615A610023FB737B79002B05D1FB88464AA2FB03235B09FB80FB8807F168
:203240000F0207F110011846FDF7F4FEFB7B032B46D0032B64DC012B02D0022B20D05FE08E
:203260003B4B93F8433003F07F03DAB2384B83F843203B69D8B20B230193012300930B2393
:2032800004223449FFF792F87B69D8B20B230193002300930B2304222E49FFF787F840E0C5
:2032A0002B4B93F8433003F07F03DAB2284B83F843203B69D8B20B230193002300930B2374
:2032C00004222449FFF772F87B69D8B20B230193012300930B2304221E49FFF767F820E004
:2032E0001B4B93F8433063F07F03DAB2184B83F843207B69D8B20B230193002300930B23B4
:2033000004221449FFF752F8BB69D8B20B230193012300930B2304220E49FFF747F800E003
:2033200000BF7B79002B06D10120FEF73BFC0020FEF75CFC05E00020FEF734FC0120FEF7DE
:2033400055FC00BF2837BD4680BD00BF1F85EB51BC0D00201C0F020080B582B000AF0346AA
:20336000FB710120FEF7DAFA0120FEF783FD0020FEF7F8FA0020FEF719FB0020FEF73AFBE7
:203380000020FEF75BFB0020FEF77CFB0020FEF79DFB0020FEF7BEFB0020FEF7DFFB0020AC
:2033A000FEF744FD0020FEF71DFD0020FEF7F6FC0020FEF7CFFC0020FEF7A8FC0020FEF7F3
:2033C00081FC0020FEF75AFC0020FEF733FCFB79013B092B00F2D68001A252F823F000BFD6
:2033E000093401002F3401004934010057340100653401007F340100A5340100D7340100ED
:2034000015350100773501000120FEF75FFB0120FEF780FB0120FEF7A1FB0120FEF70AFCE5
:203420000120FEF72BFC0120FEF74CFCABE00120FEF74CFB0120FEF76DFB0120FEF71EFC5B
:203440000120FEF73FFC9EE00120FEF73FFB0120FEF738FC97E00120FEF714FB0120FEF751
:2034600055FC90E00120FEF7E9FA0120FEF70AFB0120FEF74BFC0120FEF76CFC83E0012018
:20348000FEF7B8FA0120FEF7D9FA0120FEF7FAFA0120FEF73BFC0120FEF75CFC0120FEF7C1
:2034A0007DFC70E00120FEF781FA0120FEF7A2FA0120FEF7C3FA0120FEF7E4FA0120FEF723
:2034C00025FC0120FEF746FC0120FEF767FC0120FEF788FC57E00120FEF744FA0120FEF7BF
:2034E00065FA0120FEF786FA0120FEF7A7FA0120FEF7C8FA0120FEF709FC0120FEF72AFCF1
:203500000120FEF74BFC0120FEF76CFC0120FEF78DFC38E00120FEF725FA0120FEF746FA8E
:203520000120FEF767FA0120FEF788FA0120FEF7A9FA0120FEF7CAFA0120FEF7EBFA0120CD
:20354000FEF70CFB0120FEF771FC0120FEF74AFC0120FEF723FC0120FEF7FCFB0120FEF738
:20356000D5FB0120FEF7AEFB0120FEF787FB0120FEF760FB07E00020FEF7D0F90020FEF7D9
:2035800079FC00E000BF00BF0837BD4680BD00BFB0B584B000AF0346FB7102F057FE03468D
:2035A000FB730120FEF7C2FE02F028FE03461C4602F032FE03461D4602F03AFE03461A4663
:2035C00029462046FEF7C6FFFB79032B02D0FB79042B06D1FB790133DBB21846FFF728FCC1
:2035E00005E002F0EFFD03461846FFF721FC02F0B3FE0346012B03D10220FDF75DFE05E00C
:2036000002F03CFE03461846FDF756FE02F0B2FE0346BB7302F0ACFD03467B73BB7B012B42
:203620000CBF01230023DAB27B7B012B0CBF01230023DBB21343DBB2002B17D002F0A8FE9E
:203640000346012B12D1FB7B9BB201211846FFF7D9FD02F065FE03461A46FB7B012118460F
:20366000FFF798F80020FDF7ADFE6BE002F014FE034600211846FFF7C5FD02F051FE0346AC
:203680001A46FB7B00211846FFF784F86A4B1B78002B09D102F00CFE0146684B1B781A462D
:2036A0000020FFF795F94AE0634B1B78012B0BD1002002F06BFD03461946604B1B781A4633
:2036C0000120FFF785F93AE05B4B1B78022B0BD1012002F05BFD03461946584B1B781A4650
:2036E0000220FFF775F92AE0534B1B78032B26D1524B1B78012B17D1514B1B785A1CD1B278
:203700004F4A11701D2B09D94E4B1B7883F00103DAB24C4B1A704A4B00221A70494B1B78AD
:203720001846FEF75BFC02E00120FEF757FC02F0BFFD0346002219460020FFF749F90120A3
:20374000FDF740FE7B7B012B17D13F4B1B781846FDF7E8FF3D4B1B785A1CD1B23B4A1170BD
:20376000272B36D9384B1B7883F00103DAB2364B1A70364B00221A702BE0BB7B1846FEF703
:2037800019F8BB7B012B24D1314B1B781D2B09D90120FEF733F82E4B1B780133DAB22C4B04
:2037A0001A7005E02A4B1B780133DAB2284B1A70274B1B78632B06D90120FDF7B3FF244B2D
:2037C0006E221A7005E0224B1B780133DAB2204B1A7002F047FD03461846FFF789FC02F0EB
:2037E00075FD03461846FDF7A9FD02F07DFD03461846FDF70BFE02F0F3FC0346DBB21846F1
:20380000FEF7B4FD134B1B781846FDF70DFD124B1B781846FDF7E4FC104B1B781846FDF753
:2038200097FC02F06FFD03461846FDF721FD00BF1037BD46B0BD00BF140E0020150E002024
:203840001E0E00201F0E0020200E0020210E0020220E0020110E0020130E0020120E002022
:20386000B0B584B000AF0346FB710023FB730120FEF75CFD02F0C2FC03461C4602F0CCFC36
:2038800003461D4602F0D4FC03461A4629462046FEF760FE02F0A4FC0346DBB21846FEF72E
:2038A00065FD02F065FC0346012B17D13D4B1B781846FDF77FFF3C4B1B785A1CD1B23A4A74
:2038C00011701D2B3AD9374B1B7883F00103DAB2344B1A70344B00221A702FE002F04AFD78
:2038E0000346FB73FB7B1846FDF764FFFB7B012B24D12E4B1B781D2B09D90120FDF77EFF87
:203900002A4B1B780133DAB2284B1A7005E0274B1B780133DAB2254B1A70244B1B78632BAE
:2039200006D90120FDF7FEFE204B6E221A7005E01E4B1B780133DAB21C4B1A7002F086FC0C
:203940000346BB73FB79052B0CD10120FDF70EFF0120FDF7C3FEBB7B012201211846FEF7A9
:2039600019FF05E0BB7B002201211846FEF712FF02F028FC03461846FFF75AFABB7B9BB2E2
:2039800001211846FFF73EFC02F06CFC03461846FFF7AEFB0020FDF781FD00BF1037BD463C
:2039A000B0BD00BF230E0020240E0020250E002080B588B002AF03463960FB711346BB71F4
:2039C00000237B613B68002B2DD0FB79012B02D1174B7B6104E0FB79022B01D1154B7B61D9
:2039E0000023FB741AE0FB7C3A68134493F900301846FDF7FBFAF860FB68B3F1FF3F0AD051
:203A0000FB68D8B20E230193FB7C00930E231C227969FEF7CBFCFB7C0133FB74FA7CBB7919
:203A20009A42E0D300E000BF1837BD4680BD00BFB80F02004011020080B584B000AFF8607E
:203A4000B96011461A460B46FB711346BB71FB68002B05D0FB791A46F9680120FFF7A8FFFE
:203A6000BB68002B05D0BB791A46B9680220FFF79FFF00BF1037BD4680BDFFFF80B483B00D
:203A800000AF0346FB71044AFB79137000BF0C37BD465DF8047B7047160E0020B0B582B012
:203AA00000AF0346FB7100F00BFA0420FCF740FD03461A46AF4B1B781344DAB2AD4B1A70BE
:203AC0000520FCF735FD03461A46AB4B1A700720FCF72EFD03461A46A84B1A700620FCF7EF
:203AE00027FD03461A46A64B1A70A24B1B78092B10D9A44B1B785A1CD1B2A24A11701D2BB1
:203B000002D9A04B00221A709F4B01221A70994B00221A709C4B1B78002B1BD00320FCF766
:203B200007FD03461A46994B1B781344DAB2974B1A70964B1B78952B09D9954B00221A7070
:203B4000924B00221A70904B00221A7002E0904B01221A70FB79092B00F28E8101A252F855
:203B600023F000BF8D3B0100B53B0100213C0100513C01006B3C0100E73C0100453D01007E
:203B8000B13D0100853C0100053E0100814B1B78002B40F07381804B00221A707D4B012220
:203BA0001A7000F08DF9C02000F0B9FC002000F00EFD63E1774B1B78002B0BD0012000F0B5
:203BC00006FDC82000F0ABFC0A200BF0F1F8714B00221A70704B1B78632B0CD80120FEF717
:203BE00085FB6D4B1B780133DAB26B4B1A706B4B00221A7047E1674B00221A700020FDF7FE
:203C0000CBFA0120FFF7C4FC02F020FB03461A46634BA3FB02239B08DAB2624B1A7032E168
:203C20000120FDF7B9FA0220FFF7B2FC0020FDF7C9FB02F059FB0346012B03D10820FFF771
:203C40008BFB20E1584B1B781846FFF785FB1AE10020FDF7B7FB0120FDF79EFA0320FFF74C
:203C600097FC0020FDF7AEFB0DE10020FDF7AAFB0120FDF791FA0420FFF78AFC0020FDF7F9
:203C8000A1FB00E100F01CF9424B1B78002B0BD0012000F09CFCC82000F041FC0A200BF099
:203CA00087F83C4B00221A703B4B1B78632B0CD80120FEF71BFB384B1B780133DAB2364B44
:203CC0001A70364B00221A70DDE0334B1B78002B00F0D68000F0F4F80820FFF7C1FD2F4BBC
:203CE00000221A70CCE02B4B1B78002B0BD0012000F06DFCC82000F012FC0A200BF058F888
:203D0000244B00221A70244B1B78632B0CD80120FEF7ECFA204B1B780133DAB21E4B1A7067
:203D20001E4B00221A70AEE01B4B1B78002B00F0A98000F0C5F80520FFF792FD174B0022C8
:203D40001A709FE0134B1B78002B0BD0012000F03EFCC82000F0E3FB0A200BF029F80D4BC4
:203D600000221A7000F0ACF85022FF210F480CF0A1FF88E0260E0020110E0020130E002042
:203D8000120E0020140E0020270E0020280E0020150E0020100E00200E0E00200F0E0020FC
:203DA000CDCCCCCC0D0E0020160E0020BC0D00203D4B1B78002B0BD0012000F008FCC8204C
:203DC00000F0ADFB0A200AF0F3FF374B00221A7000230D2200213548FFF72EFE0120FEF7DF
:203DE000A5FA02F00BFA03461C4602F015FA03461D4602F01DFA03461A4629462046FEF759
:203E0000A9FB40E02A4B1B8801339AB2284B1A80274B1B88B3F5FA7F09D3264B1B7883F0B0
:203E20000103DAB2234B1A70214B00221A80214B1B78002B11D0512201211F480CF03AFF96
:203E40000A200AF0B5FFC02000F069FB0A200AF0AFFF002000F0BBFB15E0012000F0B7FB06
:203E6000C82000F05CFB0A200AF0A2FF5122FF2111480CF01FFF06E000BF04E000BF02E01E
:203E800000BF00E000BF03F043F803461846FDF73BF95023084A0221084800F076FB00BF6F
:203EA0000837BD46B0BD00BF100E0020F01202002A0E00202C0E0020BC0D0020D9080020B6
:203EC00080B500AF5122002102480CF0F3FE00BF80BD00BFBC0D0020B0B586B000AF264BD4
:203EE0003C1D1D460FCD0FC42B681A46228002341B0C23704023FB70012000F068FB4FF44D
:203F00007A71012009F05EF93B79184600F007FB4FF47A71012009F055F93B79184600F0A9
:203F2000FEFA3B1D01330321184600F015FB3B1D04330F21184600F00FFB502200210F487A
:203F40000CF0B8FEF81C50230C4A012100F01DFB4FF47A710A2009F035F9C823FB70FB7860
:203F6000184600F0DCFA4FF47A710A2009F02AF900BF1837BD46B0BD00130200BC0D00202D
:203F800080B586B000AF786039600023FB7507F10C0300221A605A601A819F233B72002379
:203FA0007B720023BB720023FB7200214FF48670FCF7A6FA07F10C0107F1080304221846BB
:203FC000FCF764FC0346FB7501214FF48670FCF797FA7B7B1A04BB7B1B021343FA7B13436E
:203FE0001A46464B1A60454B1B689BB248F21702934244D048F21702934271D844F21A02F7
:2040000093421FD844F21102934269D3A3F58043113B092B64D801A252F823F0D34001004F
:20402000C5400100B7400100A94001009B4001008D4001007F4001006F4001005F400100DE
:204040004F40010047F21802934210D048E07B680A221A703B684FF480621A6049E07B68B9
:2040600009221A703B684FF400721A6041E07B6808221A703B684FF480721A6039E07B68B3
:2040800007221A703B6880221A6032E07B6806221A703B6840221A602BE07B6805221A70E9
:2040A0003B6820221A6024E07B6804221A703B6810221A601DE07B6803221A703B6808225F
:2040C0001A6016E07B6802221A703B6804221A600FE07B6801221A703B6802221A6008E0F4
:2040E0007B6800221A703B6800221A600123FB7500BFFB7D18461837BD4680BD300E0020DC
:2041000080B588B000AF78600023FB7707F1180300221A601A714B233B7600214FF4867063
:20412000FCF7EEF907F1080107F118030D221846FCF7ACFB01214FF48670FCF7E1F907F14A
:2041400008030533082219467868FCF721FAFB7F18462037BD4680BD80B584B000AF0346D5
:204160003960FB710023FB7300214FF48670FCF7C7F9FB79012B0AD10523FB7207F10C0187
:2041800007F10B0302221846FCF780FB1AE0FB79022B0AD13523FB7207F10C0107F10B03E3
:2041A00002221846FCF772FB0CE0FB79032B09D11523FB7207F10C0107F10B030222184683
:2041C000FCF764FB01214FF48670FCF799F97A7B3B681A70FB7B18461037BD4680BD80B5FB
:2041E00082B000AF0023FB7106233B7100214FF48670FCF785F93B1D01211846FCF7EAFA00
:204200000346FB7101214FF48670FCF779F9FB7918460837BD4680BD80B582B000AF00239F
:20422000FB710423BB7100214FF48670FCF768F9BB1D01211846FCF7CDFA0346FB71012128
:204240004FF48670FCF75CF9FB7918460837BD4680BD80B584B000AF03463960FB711346CD
:20426000BB710023FB7307F1080300221A601A710123BB73BB79002B09D03B681A0EBB7BCC
:20428000591CB973D2B210333B4403F8082C3B681A0CBB7B591CB973D2B210333B4403F827
:2042A000082C3B681A0ABB7B591CB973D2B210333B4403F8082CBB7B5A1CBA733A68D2B2B8
:2042C00010333B4403F8082C00214FF48670FCF717F9FB79032B1DD0032B27DC012B02D0D2
:2042E000022B0BD022E0C7233B7207F1080301211846FCF76FFA0346FB731BE0D8233B72E4
:20430000BA7B07F1080311461846FCF763FA0346FB730FE020233B72BA7B07F1080311463B
:204320001846FCF757FA0346FB7303E0FB7B0133FB7300BF01214FF48670FCF7E1F8FB7BCD
:2043400018461037BD4680BD80B584B000AF78600023FB730523FB7200214FF48670FCF715
:20436000CFF807F10C0107F10B0302221846FCF78DFA0346FB7301214FF48670FCF7C0F8B2
:204380004FF47A71282008F01DFF00237B607B7B03F00103002B02D07B68002BDCD00021D0
:2043A0004FF48670FCF7ACF807F10C0107F10B0302221846FCF76AFA0346FB7301214FF42D
:2043C0008670FCF79DF87B7B03F00103002B03D0FB7B0133FB7301E00023FB73FB7B184616
:2043E0001037BD4680BD80B584B000AF786039600023FB7300214FF48670FCF781F83968B5
:204400007868FCF7E7F90346FB7301214FF48670FCF776F8FB7B18461037BD4680BD80B5E6
:2044200086B000AFF860B9607A603B600023BB750023FB7500214FF48670FCF761F8B96804
:20444000F868FCF7C7F90346BB750121386808F0B9FEBB7D002B05D139687868FCF7E8F9D1
:204460000346FB7501214FF48670FCF749F8FB7D18461837BD4680BD80B584B000AF78609F
:2044800039600023FB733868FFF75EFFFFF7A7FE39687868FFF7A7FF0346FB733868FFF7FA
:2044A00053FFFFF7B9FEFB7B18461037BD4680BD80B584B000AF396011461A460346FB7185
:2044C0000B46BB711346BB800023FB73FFF787FE03461A46FB7B1344FB73BB881846FFF744
:2044E00033FF03461A46FB7B1344FB73BA79FB7939681846FFF7ADFE03461A46FB7B1344E9
:20450000FB73BB881846FFF71FFF03461A46FB7B1344FB73FB7B18461037BD4680BD80B504
:2045200082B000AF0346FB71002140F20B40FBF7E7FFFB1D01211846FCF7F6F8012140F2A2
:204540000B40FBF7DDFF4FF47A71012008F03AFE00BF0837BD4680BD80B582B000AF786097
:204560000B467B80002140F20B40FBF7C9FF7B8819467868FCF7D8F8012140F20B40FBF701
:20458000BFFF00BF0837BD4680BD80B584B000AFF8607A601A460B467B8113463B810021F2
:2045A00040F20B40FBF7ACFF7B891946F868FCF7BBF83B8919467868FCF7B6F8012140F280
:2045C0000B40FBF79DFF00BF1037BD4680BD80B582B000AF0346FB71FB79002B05D100215B
:2045E00040F20520FBF78CFF13E0012140F20520FBF786FF002140F20B40FBF781FF4FF4B1
:204600007A710A2008F0DEFD012140F20B40FBF777FF00BF0837BD4680BD80B582B000AF57
:204620000023FB7100F010F800F026F80346FB71FB79002B03D000F01FF80346FB71FB798E
:2046400018460837BD4680BD80B500AF00214FF48670FBF755FF01214FF48670FBF750FF5D
:20466000012140F20330FBF74BFF01214FF44170FBF746FF00BF80BD80B582B000AF0023F5
:20468000FB71474B012283F82F2000233B603A46BB1D11461846FFF773FC0346002B07D0B4
:2046A0003F4B002283F82F20FB790133DBB273E03B4BD3F81B30B3F5807F04D9384B012236
:2046C00083F82E2003E0364B002283F82E20344B00225A72002242F001029A72304B002255
:2046E000DA73002242F010021A7400225A7400229A742B4BD3F813301B01294AC2F8133049
:20470000274BD3F81330264AD2F80F2002FB03F3234AB2F8092092B2B3FBF2F3204AC2F882
:204720000B301F4BD3F80F301B011D4AC2F81F301B4BD3F813301A4AD2F80F2002FB03F37A
:204740009B0A174AC2F827301648FFF7D9FC03461A46FB791344FB7113490120FFF7FCFCCE
:2047600003461A46FB791344FB7110490220FFF7F3FC03461A46FB791344FB710C490320A1
:20478000FFF7EAFC03461A46FB791344FB71044B002283F82F20FB7918460837BD4680BDD1
:2047A000340E0020350E00205F0E0020600E0020610E002080B584B000AF03463960FB7124
:2047C0001346BB800023FB7300BF0F4B93F82F30002BFAD10C4B012283F82F200A4B93F897
:2047E0002E20BB88F8793968FFF762FE03461A46FB7B1344FB73044B002283F82F20FB7B2B
:2048000018461037BD4680BD340E002080B5CAB000AF07F59473A3F58E73186007F59473DC
:20482000A3F59073196007F59473A3F592731A600023A7F82631032387F823314E4B93F814
:204840002E30002B1ED0B7F826315A1CA7F826211A46022107F59473A3F58A73995407F57B
:204860009473A3F590731B68190EB7F826315A1CA7F826211A46C9B207F59473A3F58A7317
:2048800099540BE0B7F826315A1CA7F826211A46022107F59473A3F58A73995407F59473D3
:2048A000A3F590731B68190CB7F826315A1CA7F826211A46C9B207F59473A3F58A739954F3
:2048C00007F59473A3F590731B68190AB7F826315A1CA7F826211A46C9B207F59473A3F5BC
:2048E0008A739954B7F826315A1CA7F826211A4607F59473A3F590731B68D9B207F594735D
:20490000A3F58A7399540023A7F8243118E0B7F8243107F59472A2F58E7212681A44B7F8E2
:204920002631591CA7F826111946127807F59473A3F58A735A54B7F824310133A7F824317A
:20494000B7F8243107F59472A2F5927212689A42DDD8B7F8262107F1140311461846FFF7FB
:204960008BFD034687F8233197F82331184607F59477BD4680BD00BF340E002080B5D0B035
:2049800000AF07F5A073A3F59A73186007F5A073A3F59C73196007F5A073A3F59E731A60DB
:2049A0000023A7F83E31032387F83D31454B93F82E30002B1ED0B7F83E315A1CA7F83E218F
:2049C0001A460B2107F5A073A3F59873995407F5A073A3F59C731B68190EB7F83E315A1CB8
:2049E000A7F83E211A46C9B207F5A073A3F5987399540BE0B7F83E315A1CA7F83E211A4662
:204A00000B2107F5A073A3F59873995407F5A073A3F59C731B68190CB7F83E315A1CA7F83A
:204A20003E211A46C9B207F5A073A3F59873995407F5A073A3F59C731B68190AB7F83E3123
:204A40005A1CA7F83E211A46C9B207F5A073A3F598739954B7F83E315A1CA7F83E211A4676
:204A600007F5A073A3F59C731B68D9B207F5A073A3F598739954B7F83E315A1CA7F83E2141
:204A80001A4607F5A073A3F5987300219954B7F83E1107F5A073A3F59E7307F5A072A2F59B
:204AA0009A7207F110001B681268FFF7B8FC034687F83D3197F83D31184607F5A077BD4694
:204AC00080BD00BF340E002080B584B000AF78600023FB734FF47A7279680320FFF76AFE66
:204AE0000346002B08D0FB7B0133FB73054B1B8801339AB2034B1A80FB7B18461037BD46D9
:204B000080BD00BF640E002080B586B000AFF860B9607A6000237B740023FB8200237B75DD
:204B200000237B827B68C3F1FF1303F57F43FA689A4204D97B7C01337B747B7C2CE07B68D7
:204B40001B0AFB827B68DBB2002B02D0FB8A0133FB8200237B7519E07B8ABA68D0187A8AF1
:204B6000FB6813444FF480721946FFF74FFE0346002B04D07B7C01337B747B7C0CE07B8A5A
:204B800003F580737B827B7D01337B757B7D9BB2FA8A9A42E0D87B7C18461837BD4680BDD0
:204BA00080B586B000AFF860B9607A600023BB7400233B820023FB820023BB820023FB74CC
:204BC0007B68C3F1FF1303F57F43FA689A4204D9BB7C0133BB74BB7C3FE07B681B0A3B82A2
:204BE0007B68DBB2002B01D07B68FB740023FB8219E0BB8ABA68D018BA8AFB6813444FF4CE
:204C000080721946FFF7BAFE0346002B04D0BB7C0133BB74BB7C20E0BB8A03F58073BB820F
:204C2000FB8A0133FB82FA8A3B8A9A42E1D3FB7C002B11D0BB8ABA68D018BA8AFB68134495
:204C4000FA7C1946FFF79AFE0346002B04D0BB7C0133BB74BB7C00E0BB7C18461837BD4611
:204C600080BDFFFF80B584B000AF786039600023FB730023BB7317E07868FFF725FF034654
:204C8000002B04D17B6803F580537B600AE00123BB73FB7B0133FB73094B5B8801339AB280
:204CA000074B5A80FCF702F87A683B689A4202D2BB7B002BE0D0FB7B18461037BD4680BD3A
:204CC000640E0020FFFFFFFF80B500AFBE4B1B78002B40F0BB8101F0FDFB034607EE903A3E
:204CE000F8EE677AB94BC3ED007AB84BD3ED007A9FEDB77AF4EEC77AF1EE10FA40F3A38162
:204D000001F0D0FB034618460BF008FDA6A3D3E900230BF06DFD02460B46104619460BF05A
:204D200079FF0346A94A936001F0C8FB034618460BF0F4FC9EA3D3E900230BF059FD0246CD
:204D40000B46104619460BF065FF03469F4A5360A04B1B78002B07D19F4B4FF000021A60E3
:204D60009E4B4FF000021A60984B93ED017A974BD3ED027A67EE277A17EE900A0BF0E0FC27
:204D80004FF00002964B0BF033FD02460B461046194689A3D3E900230BF054FE02460B4687
:204DA000104619460BF036FF07EE100A8A4BD3ED007A77EE277A884BC3ED007A834B1B689C
:204DC00018460BF0BDFC4FF00002854B0BF010FD02460B461046194679A3D3E900230BF064
:204DE00031FE02460B46104619460BF013FF07EE100A7A4BD3ED007A77EE277A774BC3EDA3
:204E0000007A754BD3ED006A744B93ED007AC6EE877A744BC3ED007A724BD3ED007A9FED54
:204E2000727AF4EEC77AF1EE10FA03DD6D4B6F4A1A600CE06B4BD3ED007A9FED6D7AF4EE7E
:204E4000C77AF1EE10FA02D5664B6A4A1A60614B1B78002B00F0E180624BD3ED007A9FED44
:204E6000667AF4EEC77AF1EE10FA03DB634B01221A70D2E05B4BD3ED007A9FED5F7AF4EE34
:204E8000C77AF1EE10FA0DD5564BD3ED007A9FED5C7AF4EEC77AF1EE10FA03DB574B022219
:204EA0001A70BAE04F4BD3ED007A9FED557AF4EEC77AF1EE10FA0DD54A4BD3ED007A9FED56
:204EC000517AF4EEC77AF1EE10FA03DB4B4B03221A70A2E0434BD3ED007A9FED4A7AF4EE5C
:204EE000C77AF1EE10FA0DD53E4BD3ED007A9FED467AF4EEC77AF1EE10FA03DB3F4B0422FD
:204F00001A708AE0374BD3ED007A9FED3F7AF4EEC77AF1EE10FA0DD5324BD3ED007A9FED6B
:204F20003B7AF4EEC77AF1EE10FA03DB334B05221A7072E02B4BD3ED007A9FED347AF4EE85
:204F4000C77AF1EE10FA0DD5264BD3ED007A9FED307AF4EEC77AF1EE10FA03DB274B0622E0
:204F60001A705AE01F4BD3ED007A9FED297AF4EEC77AF1EE10FA0BD51A4BD3ED007AF5EE2C
:204F8000C07AF1EE10FA03DB1C4B07221A7044E0144BD3ED007AF5EEC07AF1EE10FA39D525
:204FA000164B08221A7038E0FCA9F1D24D62503F7B14AE47E17A843F000000000020AC4070
:204FC000AE47E17A1C5E1341780E0020800E00200000C842740E00206C0E0020700E00207B
:204FE0000000D03F7C0E002000008C4200008C4200008CC200008CC200005C42DB0800201F
:2050000000004C4200003C4200002C4200001C4200000C42294B00221A70294B1B785A1CCD
:20502000D1B2274A1170002B06D0254B00221A70244B00221A7009E0224B1B780133DAB21A
:20504000204B1A7002E01D4B03221A701E4B1B78002B18D1194B1A781C4B1B789A4206D2AE
:205060001A4B1B78013BDAB2184B1A700BE0134B1A78164B1B789A4205D9144B1B780133D4
:20508000DAB2124B1A70104B1B785A1CD1B20E4A1170022B02D90C4B00221A700C4B1B78E8
:2050A0005A1CD1B20A4A1170182B02D9084B00221A70064B1B78184680BD00BFDB080020C4
:2050C000750E0020740E0020770E0020760E0020780E002080B582B000AF0023FB7162B6DF
:2050E00000BF00F041F80346002B02D0FB790133FB71FBF747FF0346002B02D0FB79013348
:20510000FB71FB79002B1CD1012140F20710FBF7F7F9012000F092FAFBF7C8FDFBF7C6FD41
:205120000D490E48FBF740FC0D48FBF7DDF80D48FBF70EFD002140F20D10FBF7E1F909F0F2
:205140006FFEFBF7B3FD4FF47A714FF47A7008F039F800BFF5E700BF515301004152010029
:2051600061560100F968010080B582B000AF0023FB71FBF77BFD03461A46FB791344FB7126
:20518000FBF7ACF903461A46FB791344FB71002140F20620FBF7B4F9002140F20310FBF728
:2051A000AFF9002140F20740FBF7AAF9FBF732FA03461A46FB791344FB715A20FBF744FA70
:2051C00003461A46FB791344FB71FBF741F803461A46FB791344FB71FBF79AFB03461A46B4
:2051E000FB791344FB71FBF7E1FA03461A46FB791344FB710020FBF71BFC03461A46FB7985
:205200001344FB71FBF752FDFFF707FA03461A46FB791344FB71FBF773FA03461A46FB7937
:205220001344FB71002140F20520FBF769F972B600BFFBF73BFDFB7918460837BD4680BD7D
:2052400080B582B000AF0023FB710023BB7100237B710123FB71374B5B68002B06D0354BF5
:205260005868F91D0023002208F07CFF324B1B889BB240F2FF1293420FD10423BB712F4B6E
:205280005B68002B06D02D4B5868B91D0023002208F068FF284B00221A80294B1B78DBB2D5
:2052A0001F2B0FD10523BB71244B5B68002B06D0224B5868B91D0023002208F053FF204B40
:2052C00000221A701F4B1B780133DAB21D4B1A701C4B1B78042B0FD91A4B00221A7002232C
:2052E000FB71144B5B68002B06D0124B5868F91D0023002208F036FF134B1B780133DAB2C9
:20530000114B1A70104B1B78132B0FD90E4B00221A7001237B710D4B5B68002B06D00B4B0C
:205320005868791D0023002208F01CFF00BF0837BD4680BD8C0E0020980E0020301600209B
:205340009A0E0020A00E0020A10E0020E412002080B582B000AF0023FB710023BB71394B5A
:205360001B780133DAB2374B1A70364B1B78012B23D9354B1B889BB2012B07D1002140F2CB
:205380000710FBF7BDF8304B00221A802D4B00221A702E4B1B889BB201339AB22B4B1A80FB
:2053A0000223BB712A4B5B68002B06D0284B5868B91D0023002208F0D5FE264B1B78013312
:2053C000DAB2244B1A70234B1B78042B1CD9214B00221A700323BB711D4B5B68002B06D08D
:2053E0001B4B5868B91D0023002208F0BBFE0123FB71194B5B68002B06D0174B5868F91DCB
:205400000023002208F0AEFE144B1B780133DAB2124B1A70114B1B780E2B0FD90F4B00227E
:205420001A700223FB710C4B5B68002B06D00A4B5868F91D0023002208F094FE00BF08373E
:20544000BD4680BDA20E00209C0E00209E0E0020E4120020A30E002030160020A40E002087
:2054600080B584B000AF78600223FB730E4B1B8801339AB20C4B1A800B4B1B88012B0ED930
:20548000094B00221A80094B5B68002B07D0074B586807F10F010023002208F063FE00BF6C
:2054A0001037BD4680BD00BFA60E00208C0E002080B584B000AF786000237B73FBF784FDA4
:2054C000364B5B6807F10D014FF0FF32184608F001FF0346012BF3D100F030FF0346FB73AD
:2054E0007B7B042B54D801A252F823F09155010001550100195501009155010091550100E0
:20550000FB7B022B46D1FFF7DFFB0346BB73BB7B1846FEF7B3FA3DE0FBF7C8FB204B1B8874
:205520009BB23B2B05D91E4B00221A80002002F0D7FF02F0E5FF0346002B0BD1FB7B1846D3
:20554000FEF7ACFA174B4FF416721A80164B00221A7021E0134B1B8801339AB2114B1A8064
:20556000104B1B88042B17D90E4B00221A800E4B1B78142B02D90C4B00221A700720FEF7D4
:205580008DFA094B1B780133DAB2074B1A7003E000BF95E700BF93E700BF91E78C0E0020B9
:2055A0009E0E0020DC0800209B0E002080B483B000AF03460A46FB711346BB71FB79002B13
:2055C0000ED1BB79012202FA03F31AB2104B1B889BB21BB213431BB29AB20D4B1A8010E06E
:2055E000FB79012B0DD1BB79012202FA03F35AB2084B1B78DBB25BB213435BB2DAB2054B19
:205600001A7000BF0C37BD465DF8047B704700BF980E00209A0E002080B483B000AF0346C4
:20562000FB71FB799AB2044B1A8000BF0C37BD465DF8047B704700BF9E0E002080B483B0D3
:2056400000AF0346FB71FB799AB2044B1A8000BF0C37BD465DF8047B704700BF9C0E002024
:2056600080B584B000AF78600023FB607B68002B30D01A4B5B68002B2CD07B681B6840F2C7
:20568000FA7293420BD07B681B6840F2FB72934205D07B681B6840F2C172934202D10020AC
:2056A00002F03AFF0D4B586807F10C020023796808F058FD0020FAF72DFEFB68002B09D0AD
:2056C000074B4FF080525A60BFF34F8F00BFBFF36F8F00BF00BF1037BD4680BDAC0E0020CF
:2056E00000ED00E080B588B000AF786007F10C0300221A605A609A60DA601A61D34B5B68FC
:2057000007F10C014FF0FF32184608F0E3FD0346012BF3D100F0ECFEFB6840F2FB729342F4
:2057200000F2EF8440F2FA72934280F07E8240F2F672934200F0B78440F2F672934200F226
:20574000E08440F2F372934200F0AD8440F2F372934200F2D68440F2C272934200F0A3844E
:2057600040F2C272934200F2CC8440F2C172934200F05B8240F2C172934200F2C28440F201
:205780004172934200F0AE8240F24172934200F2B88440F22472934200F2B384B3F5E06FBC
:2057A00021D240F20442934200F07D8440F20442934200F2A68440F28B32934200F07384A4
:2057C000B3F5637F80F09D84B3F5237F80F09984B3F50C7F5AD8752B00F2EE81202B80F0B6
:2057E000378100F08EBCA3F5E063242B00F2898401A252F823F000BF3D5C0100555C010083
:205800006D5C010003610100855C01009D5C010003610100036101000361010003610100E9
:20582000036101000361010003610100036101000361010003610100036101000361010040
:20584000036101000361010003610100036101000361010003610100036101000361010020
:20586000036101000361010003610100036101000361010003610100036101000361010000
:2058800003610100B55C0100CD5C0100A3F231235A2B00F2368401A252F823F0CB5B010026
:2058A000EB5B01000B5C01007D5E0100036101008D5E01009D5E010003610100AD5E01009F
:2058C000BD5E0100CD5E0100DD5E0100ED5E01000361010003610100036101000361010064
:2058E0000D5E01001D5E0100FD5E0100FD5C01000D5F0100D15F01000361010003610100A2
:2059000003610100036101000361010003610100036101000361010003610100036101005F
:2059200003610100036101000361010003610100036101000361010003610100036101003F
:2059400003610100036101000361010003610100036101000361010003610100E15F010043
:20596000F15F010001600100116001002160010031600100036101000361010003610100BF
:2059800003610100C360010003610100036101000361010003610100036101000361010020
:2059A0000361010003610100036101000361010003610100036101000361010003610100BF
:2059C00003610100036101000361010003610100036101000361010003610100036101009F
:2059E00003610100036101000361010003610100036101000361010003610100036101007F
:205A000003610100A7600100A3F241130C2B00F2788301A252F823F0CD5D010095600100EB
:205A2000036101004D5E01005D5E0100DD5D010057600100ED5D0100036101004160010054
:205A4000036101006D5E010083600100AC0E0020203B552B00F2558301A252F823F000BFF3
:205A6000155D010003610100036101000361010003610100036101000361010003610100F0
:205A80000361010003610100036101000361010003610100036101000361010003610100DE
:205AA00003610100455D01002D5D01005D5D0100755D010003610100036101000361010096
:205AC00003610100036101000361010003610100036101000361010003610100036101009E
:205AE000036101008D5D01002D5E01009D5D0100AD5D0100BD5D01006D6001000361010076
:205B000003610100036101000361010003610100036101000361010003610100036101005D
:205B200003610100036101000361010003610100036101000361010003610100036101003D
:205B400003610100036101000361010003610100036101000361010003610100036101001D
:205B60000361010003610100036101000361010003610100036101000361010003610100FD
:205B80000361010003610100036101000361010003610100036101000361010003610100DD
:205BA00003610100036101000361010003610100036101003D5E0100B3F5A77F80F0A182EF
:205BC000B3F5A07F3FF620AF9BE207F10C030C3308221946D148FAF7DBFC07F10C03142290
:205BE0001946CF48FAF7D4FC90E207F10C030C3308221946CB48FAF7CBFC07F10C03142225
:205C00001946C948FAF7C4FC80E207F10C030C3308221946C548FAF7BBFC07F10C03142240
:205C20001946C348FAF7B4FC70E20020FFF7F4FC07F10C03184601F0F9FF67E20021002029
:205C4000FFF7B4FC07F10C0314221946B948FAF79FFC5BE201210020FFF7A8FC07F10C0355
:205C600014221946B448FAF793FC4FE202210020FFF79CFC07F10C0314221946AF48FAF78D
:205C800087FC43E203210020FFF790FC07F10C0314221946AA48FAF77BFC37E20421002042
:205CA000FFF784FC07F10C0314221946A548FAF76FFC2BE205210020FFF778FC07F10C03C5
:205CC00014221946A048FAF763FC1FE206210020FFF76CFC07F10C03142219469B48FAF7E1
:205CE00057FC13E207210020FFF760FC07F10C03142219469648FAF74BFC07E208210020DE
:205D0000FFF754FC07F10C03142219469148FAF73FFCFBE107F10C03142219468E48FAF75D
:205D200037FC00210120FFF741FCEFE107F10C03142219468948FAF72BFC01210120FFF72D
:205D400035FCE3E107F10C03142219468448FAF71FFC02210120FFF729FCD7E107F10C03BC
:205D6000142219467F48FAF713FC03210120FFF71DFCCBE107F10C03142219467A48FAF778
:205D800007FC04210120FFF711FCBFE107F10C03142219467548FAF7FBFBB7E107F10C0338
:205DA000142219467248FAF7F3FBAFE107F10C03142219466F48FAF7EBFBA7E107F10C036C
:205DC000142219466C48FAF7E3FB9FE107F10C03142219466948FAF7DBFB97E107F10C0398
:205DE000142219466648FAF7D3FB8FE107F10C03142219466348FAF7CBFB07F10C030C33ED
:205E0000082219466048FAF7C3FB7FE107F10C03142219465D48FAF7BBFB77E107F10C03FB
:205E2000142219465A48FAF7B3FB6FE107F10C03142219465748FAF7ABFB67E107F10C031B
:205E4000142219465448FAF7A3FB5FE107F10C03142219465148FAF79BFB57E107F10C0347
:205E6000142219464E48FAF793FB4FE107F10C03142219464B48FAF78BFB47E107F10C0373
:205E8000142219464848FAF783FB3FE107F10C03142219464548FAF77BFB37E107F10C039F
:205EA000142219464248FAF773FB2FE107F10C03142219463F48FAF76BFB27E107F10C03CB
:205EC000142219463C48FAF763FB1FE107F10C03142219463948FAF75BFB17E107F10C03F7
:205EE000142219463648FAF753FB0FE107F10C03142219463348FAF74BFB07E107F10C0323
:205F0000142219463048FAF743FBFFE007F10C03142219462D48FAF73BFBF7E0B80E002071
:205F200014100020C00E0020740F0020C80E002028100020CC110020E0110020F41100200B
:205F4000081200201C1200203012002044120020581200206C120020801200209412002041
:205F6000A8120020BC120020D0120020E80E0020FC0E0020100F0020240F0020380F00201E
:205F80004C0F0020600F0020E00E0020880F00209C0F0020B00F0020C40F0020D80F00208E
:205FA000EC0F0020001000203C1000205010002064100020781000208C100020A0100020E2
:205FC000B4100020C8100020DC100020F010002007F10C03142219464E48FAF7D9FA95E04E
:205FE00007F10C03142219464B48FAF7D1FA8DE007F10C03142219464848FAF7C9FA85E004
:2060000007F10C03142219464548FAF7C1FA7DE007F10C03142219464248FAF7B9FA75E02F
:2060200007F10C03142219463F48FAF7B1FA6DE007F10C03142219463C48FAF7A9FA65E05B
:20604000002001F035F807F10C03142219463848FAF79EFA5AE0012001F02AF807F10C03E8
:20606000142219463348FAF793FA4FE0022001F01FF807F10C03142219462E48FAF788FAB4
:2060800044E007F10C030C33082219462A48FAF77FFA3BE007F10C030C33082219462748D8
:2060A000FAF776FA32E002F047FA0346012B2AD1322008F07DFE07F10C03184601F012F8A5
:2060C00021E03B7E2F2B20D17B7E012B1DD100214FF40270FAF714FA012140F20710FAF777
:2060E0000FFA40F6B83008F063FE002140F20710FAF706FA3B7E7A7E1146184600F0DAFB9A
:2061000003E000BF02E000BF00E000BF00F0FEF9FFF7F4BA04110020181100202C11002037
:206120004011002054110020681100207C11002090110020A4110020D00E0020D80E002089
:2061400080B400AF00BFBD465DF8047B7047FFFF80B400AF054B93F82930C3F34303DBB271
:206160001846BD465DF8047B704700BFB80E002080B400AF044B5B7AC3F38013DBB2184653
:20618000BD465DF8047B7047B80E002080B483B000AF0346FB71FB79002B05D1084B1B8954
:2061A000C3F30D039BB204E0054B5B88C3F30D039BB218460C37BD465DF8047B704700BFB4
:2061C000B80E002080B400AF044B9B7CC3F34103DBB21846BD465DF8047B7047B80E002037
:2061E00080B400AF044BDB89C3F309039BB21846BD465DF8047B7047B80E002080B400AF45
:20620000044B1B7CC3F3C303DBB21846BD465DF8047B7047B80E002080B400AF034B5B7CB5
:206220001846BD465DF8047B704700BFB80E002080B400AF044B1B7CC3F3C013DBB2184690
:20624000BD465DF8047B7047B80E002080B400AF034B5B7B1846BD465DF8047B704700BF18
:20626000B80E002080B400AF034BDB791846BD465DF8047B704700BFB80E002080B400AF3F
:20628000044B9B7AC3F30013DBB21846BD465DF8047B7047B80E002080B400AF034B1B889E
:2062A0001846BD465DF8047B704700BFB80E002080B400AF044B5B68C3F317031846BD4627
:2062C0005DF8047B704700BFB80E002080B400AF044BDB7BC3F3C003DBB21846BD465DF84A
:2062E000047B7047B80E002080B400AF044B9B7AC3F34013DBB21846BD465DF8047B7047B9
:20630000B80E002080B400AF044B1B7CC3F38003DBB21846BD465DF8047B7047B80E002036
:2063200080B400AF044B1B7CC3F34003DBB21846BD465DF8047B7047B80E002080B400AF59
:20634000044BDB7BC3F30313DBB21846BD465DF8047B7047B80E002080B400AF044B9B7C24
:20636000C3F38013DBB21846BD465DF8047B7047B80E002080B400AF044BDB7BC3F38003B4
:20638000DBB21846BD465DF8047B7047B80E002080B400AF054B93F82930C3F34013DBB2F1
:2063A0001846BD465DF8047B704700BFB80E002080B582B000AF78600B46FB7000F098F822
:2063C000FA7813469B0013449B003033064A1344142219467868FAF7DBF800F097F800BFE4
:2063E0000837BD4680BD00BFB80E002080B582B000AF78600B46FB7000F07AF8FA781346A2
:206400009B0013449B00F833064A1344142219467868FAF7BDF800F079F800BF0837BD46A0
:2064200080BD00BFB80E002080B582B000AF78600B46FB7000F05CF8FA7813469B001344CF
:206440009B0003F54473074A13440433142219467868FAF79DF800F059F800BF0837BD46D6
:2064600080BD00BFB80E002080B582B000AF78600B46FB7000F03CF8FA7813469B001344AF
:206480009B0003F57273064A1344142219467868FAF77EF800F03AF800BF0837BD4680BDA1
:2064A000B80E002080B400AF034B5B8B1846BD465DF8047B704700BFB80E002080B400AF6B
:2064C000034BB3F918301846BD465DF8047B7047B80E002080B400AF044B5B8CC3F30E03C8
:2064E0009BB21846BD465DF8047B7047B80E002080B500AF044B9B684FF0FF31184607F083
:20650000E9FC00BF80BD00BFAC0E002080B500AF034B9B68184607F0A7FC00BF80BD00BF19
:20652000AC0E002080B586B000AF00233B7240F204737B600823BB7200237B723B1D0C3314
:20654000082207491846FAF723F83B1D19460420F9F7B0FE034618461837BD4680BD00BFE9
:20656000E008002080B586B000AF00233B7240F224737B6000237B720323BB720123BB74CF
:206580003B1D0C33022207491846FAF701F83B1D19460520F9F78EFE034618461837BD4657
:2065A00080BD00BFE808002080B586B000AF00233B724FF4A6737B6000237B720823BB7246
:2065C0003B1D0C33082207491846F9F7E1FF3B1D19460020F9F76EFE034618461837BD4650
:2065E00080BD00BFF112002080B586B000AF3B1D00221A605A609A60DA601A6100F088FC91
:20660000034603F00103D9B2224A537A61F30003537200F089FC034603F00103D9B21D4AB3
:20662000537A61F38203537200F096FC034603F00103D9B2174A537A61F34103537200F027
:206640007FFC034603F00703D9B2124A537A61F34713537200F08CFC03461A460D4B9A72CD
:2066600000233B7240F26D237B6000237B720823BB723B1D0C33082207491846F9F788FF5F
:206680003B1D19460020F9F715FE034618461837BD4680BDF0120020F912002080B586B032
:2066A00000AF154B1B68154A934220D100233B7240F22E437B6000237B720823BB723B1D15
:2066C0000C3304220E491846F9F762FF3B1D103304220C491846F9F75BFF3B1D19460020BA
:2066E000F9F7E8FD3822002103480AF0E3FA00BF1837BD4680BD00BF640A0020EFBEADDE55
:20670000680A00206C0A002090B585B000AF78600023FB73FAF7E0FA03461A46624B1A7014
:20672000FFF7BCFF614B5B6807F10F014FF0FF32184607F0CFFD0346012BF3D1FB7B013BB5
:20674000032B00F2A98001A252F823F05D6701006F680100896801008368010001F0D0FEB6
:206760000346002B40F09A800420F9F7E1FE034603F00103D9B24E4A537861F341035370DF
:206780000320F9F7D5FE034603F00103D9B2484A537861F3820353700120FFF7F7FC0346FC
:2067A000C3F30D039AB2424B02F007014C01597801F01F010846214601435970D10889B23B
:2067C000C9B2002001439970D20A92B202F0070202F00700DA7822F00702114602460A4364
:2067E000DA70FFF765FD034623F07F42304BD1B2002001439971110AC9B200200143D9712A
:20680000120CD2B200210A431A720020FFF7BEFC0346C3F30D039AB2254B02F01F01CC0063
:20682000D97801F00701084621460143D970510989B2C9B2002001431971520B92B202F03B
:20684000010202F001005A7922F00102114602460A435A71144B1B7803F03F03D9B2144A93
:20686000537961F387035371FFF79EFE16E001F047FE0346002B13D1FFF774FEFFF752FEE6
:206880000EE0FFF75DFC0EE001F03AFE0346002B08D1FFF7A9FE05E000BF43E700BF41E705
:2068A00000BF3FE700BF3DE7EC120020E4120020F012002080B588B000AF03460A46FB7199
:2068C0001346BB7100233B7440F26B23FB6000237B740823BB74FB794033DBB23B76BB7981
:2068E0007B7607F10C0319460020F9F7E3FC00BF2037BD4680BDFFFF80B582B000AF786010
:206900000B467B80564B1B78042B00F2968001A252F823F0296901003B69010079690100A5
:2069200089690100D16901007B681B78652B40F08A804B4B01221A7085E07B681B78022B9E
:2069400003D1484B02229A7112E07B681B78032B03D1444B03229A710AE07B681B78042BE9
:2069600003D1404B04229A7102E03E4B05229A713B4B02221A7069E07B681A783A4B1A70E9
:20698000374B03221A7061E07B681A78374B1A70354B1B781AB2354B1B781BB21B021BB25B
:2069A00013431BB27B802F4A7B88A2F8C4327B8803337B807B88B3F52F7F05D901237B8023
:2069C000274B00221A7041E0254B04221A703DE07B88013B7A6813441B78822B27D17B8888
:2069E000033B7B807B88B3F52F7F1AD81D4BB3F8C4321A4679681E480AF064F9184B002287
:206A00001A7001237B801B4B5B68002B1DD0194B586800230022184907F0A4FBFAF7E6F85D
:206A200013E00F4B00221A7001237B800DE00C4B00221A7001237B8007E0094B00221A7048
:206A400001237B8002E000BF00E000BF7B881A4679680020FAF794F800BF0837BD4680BDB8
:206A60002816002010130020291600202A16002017130020041300201613002080B5ADF515
:206A80003A7D00AF07F53A73A3F53973186007F53A73A3F5327318464FF430731A46002180
:206AA0000AF008F90023A7F8E6320023A7F8E2320023A7F8E032002387F8E532C94B5B68C7
:206AC00007F120014FF0FF32184607F003FC0346012BF3D107F53A73A3F53273B3F8BE321F
:206AE000053BA7F8E03207F53A73A3F532731B78042B00F0D980042B00F3FC81022B02D016
:206B0000032B12D0F6E1B84B01225A70B74B00221A70B74B00221A7007F120030133502281
:206B20001946B448F9F734FDE9E1FFF711FB0346002B02D000F07EFBE2E10020FEF76CFD1D
:206B4000AB4B00221A70012001F0E6FC07F53A73A3F53273B3F8BE320D2B00F2CD8107F5AA
:206B60003A73A3F5377300221A7107F53A73A3F532735B781A4607F53A73A3F532739B7867
:206B80001B021A4307F53A73A3F53273DB781B041A4307F53A73A3F532731B791B061343D5
:206BA0001A4607F53A73A3F537731A6007F53A73A3F532735A7907F53A73A3F537739A7161
:206BC00007F53A73A3F5377300225A7107F53A73A3F537739B791A4607F12003991D07F1B5
:206BE0000C030C331846F9F7D3FC07F53A73A3F537731B6840F2FA72934218D007F53A73B8
:206C0000A3F537731B6840F2FB7293420FD007F53A73A3F537731B6840F2C17293421BD1C8
:206C200007F53A73A3F537731B7B042B14D107F10C03184600F0FAFF07F53A73A3F5377386
:206C40001B6840F2C172934218D107F10C0319460420F9F72FFB11E007F53A73A3F537730E
:206C60001B6840F2C172934202D1012001F038FC07F10C0319460420F9F71CFB07F53A7304
:206C8000A3F537731B6840F2C172934240F0348107F53A73A3F537731B7B002B40F02C8187
:206CA000002001F01DFC27E10020FEF7B5FC504B00221A70012001F013FC012001F02CFC3A
:206CC00007F53A73A3F532735B781A4607F53A73A3F532739B781B021A4307F53A73A3F5E7
:206CE0003273DB781B041A4307F53A73A3F532731B791B0613431A4607F53A73A3F53773E4
:206D00001A6007F53A73A3F532735A7907F53A73A3F537739A7107F53A73A3F5377300223D
:206D20001A7107F53A73A3F5377300225A71324B05221A80B7F8E032DB08A7F8E632B7F8A8
:206D4000E03203F00703A7F8E23265E0002387F8E5321AE0284B1B885A1C91B2264A1180A9
:206D6000194697F8E53207F53A72A2F532720A44517807F53A72A2F5377213440A461A73F8
:206D800097F8E532013387F8E53297F8E532072BE0D907F53A73A3F537731B6840F2FA72E6
:206DA000934218D007F53A73A3F537731B6840F2FB7293420FD007F53A73A3F537731B68E7
:206DC00040F2C172934219D107F53A73A3F537731B7B042B12D107F10C03184600F026FF82
:206DE00012E000BF04130020101300202C1600202B160020D81500202E16002007F10C032D
:206E000019460420F9F756FAB7F8E632013BA7F8E632032007F0CCFFB7F8E632002B95D1B8
:206E2000B7F8E232002B69D0B7F8E232DAB207F53A73A3F537739A71002387F8E5321AE033
:206E4000314B1B885A1C91B22F4A1180194697F8E53207F53A72A2F532720A44517807F555
:206E60003A72A2F5377213440A461A7397F8E532013387F8E53297F8E5329BB2B7F8E222DC
:206E80009A42DDD80023A7F8E23207F53A73A3F537731B6840F2FA72934218D007F53A7319
:206EA000A3F537731B6840F2FB7293420FD007F53A73A3F537731B6840F2C17293420FD132
:206EC00007F53A73A3F537731B7B042B08D10F4B586807F10C010023002207F033F805E0BE
:206EE00007F10C0319460420F9F7E4F9052007F05FFF03E000BFE1E500BFDFE500BFDDE555
:206F000007F53A77BD4680BD2E160020AC0E002080B400AF034B93F8C8321846BD465DF8DA
:206F2000047B70471013002080B400AF034B93F8CC321846BD465DF8047B704710130020EF
:206F400080B400AF034B93F8C9321846BD465DF8047B70471013002080B400AF034B93F88F
:206F6000CB321846BD465DF8047B70471013002080B400AF034B93F8CA321846BD465DF877
:206F8000047B70471013002080B584B000AF78600023BB730023FB73434B5B6807F10E014E
:206FA0004FF0FF32184607F095F90346012BF3D1BB7B013B042B6DD801A252F823F000BFA0
:206FC000D56F0100EF6F0100957001003570010065700100FFF7BCF80346002B5CD001F050
:206FE0008FFA0346002B57D100F036FA54E0FFF7AFF80346002B51D001F082FA0346002B05
:207000004CD100F0D9FA294B1B78032B46D10023FB7308E0FB7B1833DBB2184600F0D6FC5D
:20702000FB7B0133FB73FB7B082BF3D91F4B00221A7033E0FFF78CF80346002B30D001F0BB
:207040005FFA0346002B2BD10023FB7306E0FB7B184600F063FBFB7B0133FB73FB7B082B0D
:20706000F5D91DE0FFF774F80346002B1AD001F047FA0346002B15D10023FB7306E0FB7B0C
:20708000184600F0F7FBFB7B0133FB73FB7B042BF5D907E000BF7FE700BF7DE700BF7BE7D5
:2070A00000BF79E700BF77E730160020FC17002080B483B000AF0346FB71FB79012202FA9D
:2070C00003F35AB2064B1B785BB213435BB2DAB2034B1A7000BF0C37BD465DF8047B704766
:2070E000FC17002080B584B000AF78600023FB817B689B7906339AB24C4B1A80FB895A1C27
:20710000FA811A464A4B65219954FB895A1CFA811A46474B02219954444B1988FB895A1CEB
:20712000FA811A46C9B2424B9954404B1B881B0A99B2FB895A1CFA811A46C9B23C4B99541D
:207140007B681968FB895A1CFA811A46C9B2384B99547B681B68190AFB895A1CFA811A46AD
:20716000C9B2334B99547B681B68190CFB895A1CFA811A46C9B22E4B99547B681B68190E5B
:20718000FB895A1CFA811A46C9B2294B9954FB895A1CFA811A467B689979254B99540023F4
:2071A0007B730CE07A7BFB89591CF98119467B6813441A7B1E4B5A547B7B01337B737B684D
:2071C0009B797A7B9A42EDD300233B7309E0FB895A1CFA811A46164B002199543B7B013322
:2071E0003B733B7B002BF2D0FB895A1CFA811A460F4B00219954FB895A1CFA811A460C4BD5
:2072000000219954FB895A1CFA811A46084B82219954FB891A4606490020F9F747FC0023FF
:20722000FB8100BF1037BD4680BD00BFFA1700203816002080B582B000AF0023FB802C4B03
:2072400002221A80FB885A1CFA801A46294B65219954FB885A1CFA801A46264B0421995460
:20726000234B1988FB885A1CFA801A46C9B2214B99541F4B1B881B0A99B2FB885A1CFA8068
:207280001A46C9B21B4B9954FB885A1CFA801A46184BFF219954FB885A1CFA801A46154B4A
:2072A000FF219954FB885A1CFA801A46114B00219954FB885A1CFA801A460E4B002199544A
:2072C000FB885A1CFA801A460A4B82219954FB881A4608490020F9F7E9FB0121642005F033
:2072E00071FF0023FB8000BF0837BD4680BD00BFFA1700203816002080B586B000AF0023A7
:20730000FB823B4600221A605A609A60DA601A614F4B68221A80FB8A5A1CFA821A464D4B3D
:2073200065219954FB8A5A1CFA821A46494B01219954474B1988FB8A5A1CFA821A46C9B2DB
:20734000444B9954424B1B881B0A99B2FB8A5A1CFA821A46C9B23F4B995400237B7553E002
:207360007A7D3B4611461846FFF740F83968FB8A5A1CFA821A46C9B2364B99543B68190A8B
:20738000FB8A5A1CFA821A46C9B2324B99543B68190CFB8A5A1CFA821A46C9B22D4B9954B2
:2073A0003B68190EFB8A5A1CFA821A46C9B2294B9954FB8A5A1CFA821A46B979254B9954EA
:2073C00000233B751AE0BB793A7D9A420CD23A7DFB8A591CF982194602F118033B4413F818
:2073E0000C2C1C4B5A5406E0FB8A5A1CFA821A46184B002199543B7D01333B753B7D072B8C
:20740000E1D97B7D01337B757B7D072BA8D9FB8A5A1CFA821A460F4B00219954FB8A5A1CB1
:20742000FA821A460B4B00219954FB8A5A1CFA821A46084B82219954FB8A1A4605490020FF
:20744000F9F734FB0023FB8200BF1837BD4680BDFA1700203816002080B586B000AF002343
:20746000FB823B4600221A605A609A60DA601A614F4B82221A80FB8A5A1CFA821A464D4BC2
:2074800065219954FB8A5A1CFA821A46494B01219954474B1988FB8A5A1CFA821A46C9B27A
:2074A000444B9954424B1B881B0A99B2FB8A5A1CFA821A46C9B23F4B995400237B7553E0A1
:2074C0007A7D3B4611461846FEF772FF3968FB8A5A1CFA821A46C9B2364B99543B68190AF2
:2074E000FB8A5A1CFA821A46C9B2324B99543B68190CFB8A5A1CFA821A46C9B22D4B995451
:207500003B68190EFB8A5A1CFA821A46C9B2294B9954FB8A5A1CFA821A46B979254B995488
:2075200000233B751AE0BB793A7D9A420CD23A7DFB8A591CF982194602F118033B4413F8B6
:207540000C2C1C4B5A5406E0FB8A5A1CFA821A46184B002199543B7D01333B753B7D072B2A
:20756000E1D97B7D01337B757B7D092BA8D9FB8A5A1CFA821A460F4B00219954FB8A5A1C4E
:20758000FA821A460B4B00219954FB8A5A1CFA821A46084B82219954FB8A1A46054900209E
:2075A000F9F784FA0023FB8200BF1837BD4680BDFA1700203816002080B586B000AF002393
:2075C000FB823B4600221A605A609A60DA601A61504B4FF49C721A80FB8A5A1CFA821A464B
:2075E0004D4B65219954FB8A5A1CFA821A464A4B01219954474B1988FB8A5A1CFA821A46FB
:20760000C9B2454B9954434B1B881B0A99B2FB8A5A1CFA821A46C9B23F4B995400237B75F5
:2076200053E07A7D3B4611461846FEF7DFFE3968FB8A5A1CFA821A46C9B2374B99543B6813
:20764000190AFB8A5A1CFA821A46C9B2324B99543B68190CFB8A5A1CFA821A46C9B22E4BB8
:2076600099543B68190EFB8A5A1CFA821A46C9B2294B9954FB8A5A1CFA821A46B979264B26
:20768000995400233B751AE0BB793A7D9A420CD23A7DFB8A591CF982194602F118033B4473
:2076A00013F80C2C1C4B5A5406E0FB8A5A1CFA821A46194B002199543B7D01333B753B7DEF
:2076C000072BE1D97B7D01337B757B7D172BA8D9FB8A5A1CFA821A460F4B00219954FB8A23
:2076E0005A1CFA821A460C4B00219954FB8A5A1CFA821A46084B82219954FB8A1A460649E5
:207700000020F9F7D3F90023FB8200BF1837BD4680BD00BFFA1700203816002080B588B0D4
:2077200000AF0346FB710023FB8307F1080300221A605A609A60DA601A614C4B0D221A80DC
:20774000FB8B5A1CFA831A46494B65219954FB8B5A1CFA831A46464B01219954434B1988A1
:20776000FB8B5A1CFA831A46C9B2414B99543F4B1B881B0A99B2FB8B5A1CFA831A46C9B24B
:207780003B4B9954FA7907F1080311461846FEF74BFEB968FB8B5A1CFA831A46C9B2344B19
:2077A0009954BB68190AFB8B5A1CFA831A46C9B22F4B9954BB68190CFB8B5A1CFA831A46BA
:2077C000C9B22B4B9954BB68190EFB8B5A1CFA831A46C9B2264B9954FB8B5A1CFA831A46F6
:2077E000B97B234B995400237B771AE0BB7B7A7F9A420CD27A7FFB8B591CF983194602F140
:2078000020033B4413F80C2C194B5A5406E0FB8B5A1CFA831A46164B002199547B7F013315
:207820007B777B7F072BE1D9FB8B5A1CFA831A460F4B00219954FB8B5A1CFA831A460C4BFF
:2078400000219954FB8B5A1CFA831A46084B82219954FB8B1A4606490020F9F727F90023D6
:20786000FB8300BF2037BD4680BD00BFFA1700203816002080B588B000AF0346FB710023E2
:20788000FB8307F1080300221A605A609A60DA601A614C4B0D221A80FB8B5A1CFA831A4629
:2078A000494B65219954FB8B5A1CFA831A46464B01219954434B1988FB8B5A1CFA831A4640
:2078C000C9B2414B99543F4B1B881B0A99B2FB8B5A1CFA831A46C9B23B4B9954FA7907F1E5
:2078E000080311461846FEF7BFFDB968FB8B5A1CFA831A46C9B2344B9954BB68190AFB8B6A
:207900005A1CFA831A46C9B22F4B9954BB68190CFB8B5A1CFA831A46C9B22B4B9954BB6810
:20792000190EFB8B5A1CFA831A46C9B2264B9954FB8B5A1CFA831A46B97B234B99540023E3
:207940007B771AE0BB7B7A7F9A420CD27A7FFB8B591CF983194602F120033B4413F80C2CAB
:20796000194B5A5406E0FB8B5A1CFA831A46164B002199547B7F01337B777B7F072BE1D9C1
:20798000FB8B5A1CFA831A460F4B00219954FB8B5A1CFA831A460C4B00219954FB8B5A1C6C
:2079A000FA831A46084B82219954FB8B1A4606490020F9F77BF80023FB8300BF2037BD4695
:2079C00080BD00BFFA1700203816002080B588B000AF0346FB710023FB8307F10803002275
:2079E0001A605A609A60DA601A614C4B0D221A80FB8B5A1CFA831A46494B65219954FB8BDE
:207A00005A1CFA831A46464B01219954434B1988FB8B5A1CFA831A46C9B2414B99543F4BED
:207A20001B881B0A99B2FB8B5A1CFA831A46C9B23B4B9954FA7907F1080311461846FEF74C
:207A4000D5FCB968FB8B5A1CFA831A46C9B2344B9954BB68190AFB8B5A1CFA831A46C9B2DA
:207A60002F4B9954BB68190CFB8B5A1CFA831A46C9B22B4B9954BB68190EFB8B5A1CFA83DD
:207A80001A46C9B2264B9954FB8B5A1CFA831A46B97B234B995400237B771AE0BB7B7A7F07
:207AA0009A420CD27A7FFB8B591CF983194602F120033B4413F80C2C194B5A5406E0FB8BE7
:207AC0005A1CFA831A46164B002199547B7F01337B777B7F072BE1D9FB8B5A1CFA831A4605
:207AE0000F4B00219954FB8B5A1CFA831A460C4B00219954FB8B5A1CFA831A46084B822111
:207B00009954FB8B1A4606490020F8F7CFFF0023FB8300BF2037BD4680BD00BFFA1700207F
:207B20003816002080B400AFBFF34F8F00BF064BDB6803F4E0620449044B1343CB60BFF309
:207B40004F8F00BF00BFFDE700ED00E00400FA0580B485B000AF786039600023FB600023EB
:207B6000FB72FB68DB43FB601FE07B685A1C7A601B781A46FB685340FB600823FB7209E0C5
:207B8000FB685A08FB6803F0010359420C4B0B405340FB60FB7A013BDBB2FB7297F90B3025
:207BA000002BEDDA3B68013B3B603B68002BDCD1FB68DB4318461437BD465DF8047B704726
:207BC0002083B8ED80B582B000AF7860084611461A460346FB700B46BB7013467B70114A9B
:207BE000FB7813730F4ABB7853730E4A7B6813600C4B02229A710C4B1B78012B03D10948CB
:207C0000FFF770FA0AE0FB78082B02D10548FFF769FA7B7803491846F8F74CFB00BF08372A
:207C2000BD4680BD001800203820002080B588B000AF78607B681B6840F2FB72934233D083
:207C400040F2FB72934200F2938040F2FA7293420DD040F2FA72934200F28A8040F26662F2
:207C6000934225D040F2C17293423AD080E07B681B7B002B02D100F089F87BE07B681B7BDA
:207C8000012B03D1786800F0B9F873E07B681B7B032B02D100F076FA6CE07B681B7B042B42
:207CA00068D100F055FB65E0786800F0B5F964E040F22373FB600823BB7407F10C030C3381
:207CC000082230491846F8F763FC07F10C0319460620F8F7EFFA07F10C031846FFF702FA9A
:207CE0004BE07B681B7B002B03D0012000F0F8FB17E07B681B7B002B13D1002000F0F0FB64
:207D0000214B40F2C2721A601F4B02229A711E4B00221A731C4BAA225A731B490620F8F7ED
:207D2000C9FA7B681B7B042B26D17B685B7BAA2B22D1154B40F2C2721A60134B02229A7193
:207D4000114B04221A73104BAA225A73012000F0C7FB0D490620F8F7ADFAFFF7CDFA4FF43B
:207D60007A71322005F02EFA0748FFF7BBF903E000BF02E000BF00E000BF00BF2037BD46B5
:207D800080BD00BF802000206C20002080B500AF144B40F2FC721A60124B05229A71114B33
:207DA00000221A73104BAA221A700F4B79225A8004220D490D48F8F7EBFB0D4B1B78012BD7
:207DC00003D10848FFF78EF903E006490620F8F771FA084B00221A70074B01221A7000BF93
:207DE00080BD00BF6C2000203C200020792000203820002014180020A80E002080B582B0A5
:207E000000AF78607B685A7B7C4B9A7414227C490020FCF7C5FE0346002B40F0E380784BB3
:207E20001B78002B48D1774B4FF401221A60764B4FF401221A60754B4FF441221A607B6865
:207E40009B7B1A467B68DB7B1B021A447B681B7C1B041A447B685B7C1B0613441A46674BBD
:207E6000C3F80A20674B1B68684A126811461846FCF7F8FE0346002B16D1654B00221A6077
:207E8000644B00221A605D4B01221A705B4B00225A705A4BAA22DA740623AA22012140F2A8
:207EA000FC70FFF78FFEA4E00623FF22012140F2FC70FFF787FE9CE0514B5B78002B48D19B
:207EC000504B4FF480521A604F4B4FF480521A604E4B4FF480221A607B689B7B1A467B681B
:207EE000DB7B1B021A447B681B7C1B041A447B685B7C1B0613441A46404BC3F80220414B34
:207F00001B68424A126811461846FCF7ABFE0346002B16D13E4B00221A603E4B00221A60E2
:207F2000364B00221A70354B01225A70334BAA22DA740623AA22012140F2FC70FFF742FE24
:207F400057E00623FF22012140F2FC70FFF73AFE4FE02C4B4FF480521A602B4B4FF48052F2
:207F60001A602A4B4FF480221A607B689B7B1A467B68DB7B1B021A447B681B7C1B041A44AF
:207F80007B685B7C1B0613441A461C4BC3F802201C4B1B681D4A126811461846FCF762FE38
:207FA0000346002B16D11A4B00221A60194B00221A60124B00221A70104B01225A700F4BBA
:207FC000AA22DA740623AA22012140F2FC70FFF7F9FD0EE00623FF22012140F2FC70FFF7F8
:207FE000F1FD06E00623FF22012140F2FC70FFF7E9FD00BF0837BD4680BD00BF402000204A
:2080000054200020EC080020F0080020F40800202C1800203018002080B582B000AF7860CA
:208020004F4B1B684F4A98187B6803F10C017B689B791A46F8F7ACFA7B689B791A46484B20
:208040001B681344464A13607B689B791A46464B1B681344444A1360414B1B68B3F5806FDA
:208060007AD3424B1B684FF480623E491846FCF74BFD0346002B68D13D4B1B684FF4806281
:208080003C491846FCF78CFD0346002B55D14FF4806234493748F8F79AFA0346002B44D1BA
:2080A000354B40F2FC721A60334B05229A712C4B00221A60304B02221A734FF480612D489E
:2080C000FFF746FD03462D4A13602C4B1B681B0EDAB2294B1A74294B1B681B0CDAB2264B68
:2080E000DA73264B1B681B0ADAB2234B9A73234B1B68DAB2204B5A73214B1B78012B03D15F
:208100001D48FEF7EFFF03E01B490620F8F7D2F8164B1B6803F58063144A1360144B1B687F
:2081200003F58063124A136016E00623FF22022140F2FC70FFF746FD0EE00623FF22022100
:2081400040F2FC70FFF73EFD06E00623FF22022140F2FC70FFF736FD00BF0837BD4680BDF8
:208160002C1800203818002030180020EC080020F0080020381C00206C200020341800200B
:208180003820002080B582B000AF664A664B1A60664B1B68002B20D1654BD3F80220654BD9
:2081A0001B689A4206D0624BD3F80A20614B1B689A4207D10623AA22032140F2FC70FFF758
:2081C00001FDABE00623FF22032140F2FC70FFF7F9FC584B00221A60A0E0574B1B68534A9E
:2081E000126850491846FCF78FFC0346002B40F08D80524B1B684D4A126851491846FCF7C3
:20820000CFFC0346002B79D1484B1B681A4645494B48F8F7DCF90346002B7FD1494B40F2F0
:20822000FC721A60474B05229A71404B1B6819464348FFF78DFC0346434A1360424B1B68C2
:208240001B0EDAB23F4B1A743F4B1B681B0CDAB23C4BDA733C4B1B681B0ADAB2394B9A7371
:20826000394B1B68DAB2374B5A73384B1B78012B03D13448FEF736FF03E032490620F8F7ED
:2082800019F82D4B1A68294B1B6813442A4A13602A4B1A68254B1B681344284A1360002355
:2082A0007B6002E07B6801337B607B684CF24F329342F7D91E4BD3F802201E4B1B689A42AA
:2082C00006D01B4BD3F80A201A4B1B689A420AD1164B00221A600623AA22032140F2FC701A
:2082E000FFF770FC1AE00623FF22032140F2FC70FFF768FC0F4B00221A600FE00623FF228D
:20830000032140F2FC70FFF75DFC07E00623FF22032140F2FC70FFF755FCFFE700BF08372E
:20832000BD4680BD38180020682000202C1800204020002030180020EC080020F00800206D
:20834000381C00206C200020341800203820002080B588B000AF3A4B1B78012B0CD1394B58
:20836000D3F80230364AC2F80230364BD3F80630334AC2F806300FE0314B5B78012B0BD15F
:20838000304BD3F80A302E4AC2F80A302D4BD3F80E302B4AC2F80E304FF480510020FCF7DC
:2083A00061FC0346002B3FD13B46142224491846F8F7EEF8142222492348F8F7E9F83B4628
:2083C000224A13603B46142219460020FCF79CFB0346002B20D114221A490020FCF7E0FB12
:2083E0000346002B10D1142216491548F8F7EFF80346002B1FD10623AA22042140F2FC7044
:20840000FFF7E0FBFFF78EFB0623FF22042140F2FC70FFF7D7FB0EE00623FF22042140F2A8
:20842000FC70FFF7CFFB06E00623FF22042140F2FC70FFF7C7FB00BF2037BD4680BD00BF50
:208440004020002054200020181800206820002080B582B000AF0023FB7114221E490020AE
:20846000FCF79EFB0346002B30D11B4BDB7CAA2B2CD14FF47A7200210320FCF79BF9034629
:20848000002B23D1142200211348FCF777FA0346002B1BD1104BDB7CFF2B17D10623AA228E
:2084A000082140F2FC70FFF78DFB0C4B40F2C1721A600A4B02229A71084B00221A73074B69
:2084C000AA225A7305490420F7F7F4FEFB7918460837BD4680BD00BF542000206C20002061
:2084E00080B483B000AF0346FB71044AFB79137000BF0C37BD465DF8047B7047151800208F
:2085000080B400AF034B1B781846BD465DF8047B704700BF1518002080B483B000AF034640
:20852000FB71044AFB79137000BF0C37BD465DF8047B70473820002080B400AF034B1B78BE
:208540001846BD465DF8047B704700BF3820002080B500AFFCF7BEFD00BF80BD80B582B003
:2085600000AF0346FB71FB79022B03D10349044802F0B4FB00BF0837BD4680BDAC160200E7
:208580009820002080B500AFFFF7E2FF0023184680BDFFFF80B400AF044BDB681B0A03F0FF
:2085A00007031846BD465DF8047B704700ED00E080B483B000AF03463960FB7197F90730CD
:2085C000002B0ADB3B68DAB20C4997F907301201D2B20B4483F800230AE03B68DAB2084952
:2085E000FB7903F00F03043B1201D2B20B441A7600BF0C37BD465DF8047B704700E100E0FC
:2086000000ED00E080B483B000AF0346FB7197F90730002B09DB0D4A97F90730134493F8EC
:208620000033DBB21B09DBB209E0094AFB7903F00F03043B13441B7EDBB21B09DBB2184649
:208640000C37BD465DF8047B704700BF00E100E000ED00E080B582B000AF78607B68013BEF
:20866000B3F1807F01D301230FE00A4A7B68013B53600F214FF0FF30FFF79AFF054B0022AB
:208680009A60044B07221A60002318460837BD4680BD00BF10E000E080B483B000AFEFF367
:2086A00003837B607B683B603B88C3F308039BB2DBB2103BDBB25BB218460C37BD465DF89F
:2086C000047B70471EF0040F0CBFEFF30880EFF309800149084700BFB987010080B400AF27
:2086E00062B600BFBFF36F8F00BFEFF3148C2CF0040C8CF31488BFF36F8F02DF00BEFDE738
:20870000104B1968EFF309821EF0100F08BF22ED108A22E9F04FEFF30B8342F8043D0A60D4
:208720004FF0100080F31188BFF34F8FBFF36F8F06F00CFE4FF0000080F3118800F004B8A7
:2087400000BF000064C50020084801680A6802CA81F30B88B2E8F04F1EF0100F08BFB2ECA8
:20876000108A82F30988704700BF000064C5002080B584B000AFEFF311837B607B68FB60F3
:208780001023BB60BB6883F3118800BF06F0C4FC0346002B03D0074B4FF080525A60FB681D
:2087A0003B603B6883F3118800BF00BF1037BD4680BD00BF00ED00E080B584B000AF7860EB
:2087C0007B689B69FB60FB68023B1B78FB72FB7A022B03D1FFF7B8FF00BF09E0FB7A032B49
:2087E00006D9054B054A4FF47E71054804F0E0FC00BF1037BD4680BD781702007418020047
:208800008C17020080B485B000AFF860B9607A603B60FB68043BFB60FB684FF080721A60AA
:20882000FB68043BFB607B6823F00102FB681A60FB68043BFB60114AFB681A60FB68143B7E
:20884000FB603A68FB681A60FB68043BFB60FB686FF002021A60FB68203BFB60FB68043B46
:20886000FB60BB6803F12802FB681A60FB6818461437BD465DF8047B704700BF818801001C
:2088800080B400AF00BE00BFFDE7FFFF80B500AFFF216FF00100FFF78BFE00F073F8064B07
:2088A0005B68054A43F040435360FFF717FF06F04DFD0023184680BD30EF00E080B584B0CB
:2088C00000AFEFF311837B607B68FB601023BB60BB6883F3118800BF0E4B1B6801330D4AB4
:2088E00013600C4B1B68012B0FD10B4AFB6813600A4B5B68C3F30803002B06D0084B094A74
:2089000040F2A441084804F053FC00BF1037BD4680BD00BFD4210020D821002000ED00E0AD
:20892000B4170200881802008C17020080B582B000AF0F4B1B68002B06D10E4B0E4A40F24B
:20894000AD410E4804F034FC094B1B68013B084A1360074B1B68002B06D1094B1B687B604E
:208960007B6883F3118800BF00BF0837BD4680BDD4210020FC1702009C1802008C17020083
:20898000D821002080B500AF054B1B68054AA2FB03239B091846FFF75DFE00BF80BD00BFE7
:2089A000B4230020D34D621080B582B000AFFFF773FE0346FB7197F90730002B0FDB97F990
:2089C00007301846FFF71EFE38603B68002B06D10B4B0C4A40F20F610B4804F0E9FBFFF744
:2089E000D9FD0346032B06D9084B064A40F22161054804F0DDFB00BF0837BD4680BD00BFDE
:208A000010180200B01802008C1702004818020080B586B000AF786039607B687B61396870
:208A2000786900F070F838613B69002B01D03B6932E03B681B791A4ADB01DBB293713B6863
:208A40001B781A46174B9B5C03F00303FB603B685B781B01DBB2FA681343FB603B689B788E
:208A60001B0303F44053FA681343FB603B68DB781B0203F44073FA681343FB60084BFA68B6
:208A800092B25A803B685B79054ADB01DBB213727B69054A1A60002318461837BD4680BD47
:208AA00000340840D01802005444570080B483B000AF7860064B00221A70054BFF221A707B
:208AC000002318460C37BD465DF8047B704700BF0034084080B483B000AF78603960062359
:208AE00018460C37BD465DF8047B704780B483B000AF78600B46FB70062318460C37BD46D0
:208B00005DF8047B704780B483B000AF78603960002318460C37BD465DF8047B704780B4BD
:208B200083B000AFEFF303837B607B683B603B88C3F308039BB2DBB2103BDBB25BB21846F1
:208B40000C37BD465DF8047B7047FFFF80B483B000AF03463960FB7197F9073004493A682C
:208B600041F8232000BF0C37BD465DF8047B70472C22002080B483B000AF0346FB7197F920
:208B80000730044A52F8233018460C37BD465DF8047B70472C22002080B483B000AF0346B7
:208BA000FB710B4997F9073003F1C00251F8223023F4803341F82230054A97F90730C0337F
:208BC00052F8233000BF0C37BD465DF8047B70470060004080B584B000AF0346FB7197F96B
:208BE00007301846FFF7D8FFBFF35F8F00BF97F90730FB60FB6803F01F02074997F9073004
:208C00005B09012000FA02F2603341F8232000BF1037BD4680BD00BF00E100E080B584B0A3
:208C200000AF0346B9607A60FB73BB68DAB2094997F90F301201D2B20B4483F8002397F9F7
:208C40000F3079681846FFF781FF00BF1037BD4680BD00BF00E100E080B485B000AF0346F9
:208C6000FB7197F90730FB60FB6803F01F020749FB685B09012000FA02F241F8232000BF8E
:208C80001437BD465DF8047B704700BF00E100E080B582B000AF0346FB7197F9073018468B
:208CA000FFF798FF97F907301846FFF7D5FF00BF0837BD4680BDFFFF80B485B000AF03469B
:208CC000FB7197F90730FB60FB6803F01F020B4997F907305B09012000FA02F2203341F875
:208CE0002320BFF34F8F00BFBFF36F8F00BF00BF1437BD465DF8047B704700BF00E100E05B
:208D000080B584B000AF0346B9607A60FB7397F90F307A68B9681846FFF780FF97F90F301D
:208D20001846FFF7B5FF00BF1037BD4680BDFFFF80B584B000AF786039600023FB607B68FD
:208D4000BB60386800F06CF8F860FB68002B01D0FB6822E0BB683A685A603B689A69BB68A0
:208D60005A623B68DA69BB68DA62BB6800229A62BB685B681B7803F5800303F58D531B02C8
:208D80001A46BB689A60B86800F0A6F8B86800F0F1F9BB68034A1A60FB6818461037BD46B9
:208DA00080BD00BF4950535280B586B002AFF860B9607A60FB70FB7800937B68BA6800217B
:208DC000F86800F07BFA034618461037BD4680BD80B586B002AFF860B9607A60FB70FB785B
:208DE00000937B680022B968F86800F067FA034618461037BD4680BD80B586B002AFF86067
:208E0000B9607A603B603B7E00933B687A68B968F86800F053FA034618461037BD4680BD07
:208E200080B586B000AF786000237B617B681B693B617B681B7803F5800303F58D531B0258
:208E40000433FB603B69002B19D03B695B681B684FF000621A603B695B681B68FA689A607D
:208E60003B699B681B683A6910683A6952681146984778617B69002B01D07B6928E07B6892
:208E80005B69BB60BB68002B21D0BB685B681B684FF400221A60BB685B681B68FA685A60E7
:208EA000BB689B681B68BA681068BA6852681146984778617B69002B09D03B69002B06D0F7
:208EC0003B699B681B6A3A691268104698477B6918461837BD4680BD80B491B000AF786047
:208EE0000023FB6300233B620023BB6300237B6300233B630023FB620023BB6200237B626E
:208F00000023FB61FB6B43F08003FB63FB6B43F02003FB63FB6B43F01003FB637B685B688E
:208F20005B7A002B01D1082300E00023FA6B1343FB637B685B685B7A002B01D1102300E08D
:208F400000237A6B13437B637B685B689B7A1A467B6A13437B627B685B68DB7A5B007A6A68
:208F600013437B627B685B685B7B1B037A6A13437B627B685B681B69002B03D0FB6B43F04C
:208F80002003FB637B685B681B6ABB61BB691B78002B14D17B685B681B78002B0AD17B6820
:208FA0005B685B7A002B01D1802300E000237A6A13437B62FB6B23F00103FB6303E0FB6B3B
:208FC00043F00103FB63BB695B78DB01DB431A46FB6B1340FB63BB695B785A00BB695B784C
:208FE0005B0113431A46FB6B1343FB633B6A23F00F033B62BB699B781A46BB69DB7802FAD4
:2090000003F33A6A13433B627B6A23F070037B62BB69DB781B017A6A13437B62BB691B7919
:20902000002B0BD0BB6B43F02003BB63BB691B79022B03D1BB6B43F01003BB63BB695B7955
:20904000002B0BD07B6B43F001037B63BB695B79012B03D17B6B43F002037B63BB699B79E3
:209060001A46FB691343FB61BB691B7AC3F30103DBB29B007A6A13437B627B685B685B7A4D
:20908000002B0CD17B6A43F460437B62BB695B7A3B63BB699B7AFB62BB69DB7ABB62002346
:2090A0007B61EFF310833B613B697B610123FB60FB6883F3108800BF2D4B5A687B685B68B4
:2090C0001B78C3F11303012101FA03F3DB43284913404B60264B5B687B69BB60BB6883F3C7
:2090E000108800BF7B689B68DB787B689B680022DA707B689B68FA6BD2B21A707B689B684F
:209100003A6AD2B25A707B689B68BA6BD2B29A707B689B68BA69D2799A727B689B683A6BD9
:20912000D2B21A737B689B68FA6AD2B25A737B689B68BA6AD2B29A737B689B687A6BD2B299
:20914000DA737B689B687A6A92B21A827B689B68FA69D2B283F820207B689B68102283F8FD
:20916000212000BF4437BD465DF8047B704700BF0040084080B582B000AF78607B685B680B
:2091800093F90230002B0ADB7B685B6893F902007B685B689B797A681946FFF7B1FD7B684B
:2091A0005B6893F90130002B0ADB7B685B6893F901007B685B685B797A681946FFF7A0FD9E
:2091C0007B685B6893F904007B685B681B7A7A681946FFF795FD7B685B6893F903007B683D
:2091E0005B68DB797A681946FFF718FD00BF0837BD4680BD80B487B000AF78607B689B68F6
:20920000DB7ADBB27B617B689B681B8A9BB2FB607B6893F820300F2B08D97B6923F040034A
:209220007B617B6943F020037B610DE07B6893F82030072B04D87B6943F040037B6103E06A
:209240007B6923F060037B617B6893F820303B613B690F2B04D93B6901339B08053B3B616C
:20926000FB6823F47063FB603B691B02FA681343FB607B689B687A69D2B2DA727B689B68F3
:20928000FA6892B21A8200BF1C37BD465DF8047B704780B483B000AF78607B689B681B7885
:2092A000DAB27B689B6842F06002D2B21A7000BF0C37BD465DF8047B7047FFFF80B588B09F
:2092C00000AFF860B9607A603B60FB68FB61FB699B681B78DBB203F04003002B01D0082356
:2092E00006E1FB69BA68DA60FB697A681A61FB6900225A61FB6900229A61FB693A68DA6103
:20930000FB6997F8282083F82020FB695B685B69002B6DD0FB693A689A61FB6993F82030C4
:209320000F2B0AD9FB695B685B695B681A68D378022161F30513D37018E0FB6993F820308C
:20934000072B09D8FB695B685B695B681A68D37823F03003D37009E0FB695B685B695B685F
:209360001A68D378012161F30513D370FB695B685B695B681A689378022161F38303937014
:20938000FB695B685B695B681B683A6892B2DA81FB695B685B695B681B687A689A607B686B
:2093A000002B0FD1FB695B685B695B681A68937823F00C039370FB695B685B695B681B6811
:2093C0004D4A9A60FB695B685B699B685B68FA69526852691068FA695268526952681268EF
:2093E00011469847B861BB69002B01D0BB697FE0FB695B681B69002B73D0FB693A685A61A1
:20940000FB6993F820300F2B0AD9FB695B681B695B681A68D378022161F30513D37018E0EB
:20942000FB6993F82030072B09D8FB695B681B695B681A68D37823F03003D37009E0FB69C9
:209440005B681B695B681A68D378012161F30513D370FB695B681B695B681A68D378022106
:2094600061F38303D370FB695B681B695B681B683A6892B2DA81FB695B681B695B681B68AC
:20948000BA685A60BB68002B0FD1FB695B681B695B681A68D37823F00C03D370FB695B68FB
:2094A0001B695B681B68154A5A60FB699A68137823F020031370FB695B681B699B685B68AE
:2094C000FA69526812691068FA6952681269526812681146984778617B69002B01D07B69DD
:2094E00006E0F869FFF786FEF869FFF7D2FE002318462037BD4680BDDC210020E02100202E
:2095000080B485B000AF78607B689B69FB607B68DB69FA689A4234D07B681B69002B03D14A
:209520007B689B685B6827E07B6893F820300F2B09D97B689A687B681969FB689B000B440A
:2095400052681A6018E07B6893F82030072B09D87B689A687B681969FB680B441279D2B203
:209560001A7009E07B689A687B681969FB685B000B44928892B21A80FB685A1C7B689A6172
:2095800000E000BF1437BD465DF8047B704780B485B000AF78607B685B69FB607B68DB693A
:2095A000FA689A4233D07B68DB68002B04D17B689B6800225A6025E07B6893F820300F2B85
:2095C00009D97B68DA68FB689B001A447B689B6812685A6016E07B6893F82030072B08D848
:2095E0007B68DA68FB681A447B689B6812781A7108E07B68DA68FB685B001A447B689B687B
:2096000012889A80FB685A1C7B685A6100E000BF1437BD465DF8047B704790B587B000AF7C
:2096200078600B46FB707B689B6A7B617B69002B03D107F108037B6105E07A6907F1080345
:2096400007CA83E807007B685B681B781A467B691A607B69FA781A717B68DA6A7B699A60EA
:209660007B685B6A786998477B689B6A002B08D07B689B6A1C4607F1080393E8070084E85C
:20968000070000BF1C37BD4690BD80B582B000AFFFF745FA0346FB7197F907301846FFF746
:2096A0007BFA97F907301846FFF764FA38603868FFF726FF3B689A693B68DB699A4206D129
:2096C0003B685B6893F903301846FFF7C5FA00BF0837BD4680BD80B584B000AFFFF71FFAED
:2096E0000346FB7397F90F301846FFF755FA97F90F301846FFF73EFAB860BB685B681B6A63
:209700007B607B68002B1ED07B685B78012B1AD1BB685A69BB68DB69013B9A4207D1BB6845
:209720005B6893F903301846FFF7B2FA0BE0BB685B681B69002B06D0BB685B6893F90330AC
:209740001846FFF789FAB868FFF721FF00BF1037BD4680BD80B582B000AFFFF7E0F9034688
:20976000FB7197F907301846FFF716FA97F907301846FFF7FFF938603B689B68DB78C3F3F8
:209780004003DBB2002B04D03B685B685B7A012B28D197F907301846FFF78EFA3B685B6891
:2097A00093F90230002B06DB3B685B6893F902301846FFF781FA3B689A68137823F0400366
:2097C00013703B685B6893F90230002B06DB3B685B6893F902301846FFF75AFA0121386848
:2097E000FFF71BFF00BF0837BD4680BD80B584B000AFFFF794F90346FB7397F90F3018469C
:20980000FFF7B8F9B860BB685B6893F90230002B06DBBB685B6893F902301846FFF74CFA9B
:20982000BB689A68137823F040031370BB685B6893F90230002B06DBBB685B6893F902304B
:209840001846FFF725FABB689B68DB78FB71BB689B680022DA70FB7903F00803DBB2002BF4
:2098600003D00521B868FFF7D8FEFB7903F00103DBB2002B03D00421B868FFF7CEFEFB7992
:2098800003F00403DBB2002B09D0FB7903F01003DBB2002B03D00821B868FFF7BEFE97F9AD
:2098A0000F301846FFF778F900BF1037BD4680BD80B483B000AFEFF303837B607B683B6087
:2098C0003B88C3F308039BB2DBB2103BDBB25BB218460C37BD465DF8047B704780B483B0AF
:2098E00000AF03463960FB7197F9073004493A6841F8232000BF0C37BD465DF8047B7047A9
:209900002C22002080B483B000AF0346FB7197F90730044A52F8233018460C37BD465DF863
:20992000047B70472C22002080B483B000AF0346FB710B4997F9073003F1C00251F822304C
:2099400023F4803341F82230054A97F90730C03352F8233000BF0C37BD465DF8047B70477C
:209960000060004080B584B000AF0346FB7197F907301846FFF7D8FFBFF35F8F00BF97F999
:209980000730FB60FB6803F01F02074997F907305B09012000FA02F2603341F8232000BF66
:2099A0001037BD4680BD00BF00E100E080B584B000AF0346B9607A60FB73BB68DAB20949DD
:2099C00097F90F301201D2B20B4483F8002397F90F3079681846FFF781FF00BF1037BD46A7
:2099E00080BD00BF00E100E080B485B000AF0346FB7197F90730FB60FB6803F01F020749F4
:209A0000FB685B09012000FA02F241F8232000BF1437BD465DF8047B704700BF00E100E0DC
:209A200080B582B000AF0346FB7197F907301846FFF798FF97F907301846FFF7D5FF00BFFB
:209A40000837BD4680BDFFFF80B485B000AF0346FB7197F90730FB60FB6803F01F020B49CF
:209A600097F907305B09012000FA02F2203341F82320BFF34F8F00BFBFF36F8F00BF00BF60
:209A80001437BD465DF8047B704700BF00E100E080B58AB000AF786039607B687B623B687B
:209AA0001B781A460123934003F00603002B0AD03B68DB695B681B7803F00803DBB2002BC8
:209AC00001D00323C9E03B681B7803F5800303F58C531B021A467B6A1A627B6A00221A70EF
:209AE0007B6A3A68DA613B685A697B6A5A623B689A697B6ADA627B6A00229A627A6A9378E4
:209B0000012161F3010393703B685B78002B05D17A6A9378022161F3010393703968786A61
:209B200000F0C0F9786A00F006F900233B62EFF31083FB60FB683B6201233B613B6983F341
:209B4000108800BF474B5A683B681B7819464FF00043CB40DB43434913404B60414B5B6841
:209B60003B6A7B617B6983F3108800BF7B6A1B6A00229A707B6A1B6A00221A717B6A1B6A9C
:209B800000225A727B6A1B6A00229A727B6A1B6A0022DA727B6A1B6A00225A833B681B78C8
:209BA0001A4640F21923D34003F00103002B03D07B6A1B6A4022DA747B6A1B6A06221A7792
:209BC0003968786A00F0C1F87B6A0022DA607B6A00221A617B6A00225A617B6A00229A61D2
:209BE0003B68DB69FB61FB691B7803F00303BB61BB6943F01003BB617B6ADB6993F90530A6
:209C00001846FFF70DFF7B6ADB6993F90B301846FFF706FFBB6943F04003BB617B6ADB69BC
:209C200093F907301846FFF7FBFE7B6ADB6993F909301846FFF7F4FEBB6943F02003BB614A
:209C40007B6A1B6ABA69D2B29A70FB695A897B6A1A817B6A044A5A60002318462837BD4652
:209C600080BD00BF004008405549435380B487B000AFF860B9607A60FB687B6100233B61C9
:209C80007B69BA685A617B697A689A613B6918461C37BD465DF8047B704780B487B000AF45
:209CA000F860B9607A60FB687B617B691B6A9B78DAB27B691B6A02F07B02D2B29A707B69C8
:209CC0009B78C3F30103DBB21A467B689A1A7B691A617B699B78C3F30103DBB21A46BB6813
:209CE0001A447B69DA607B691B6A9B78DAB27B691B6A62F07F02D2B29A707B699B7803F02C
:209D00000303DBB2022B0AD1BB681B887A69126A6FEAC3536FEAD3539BB2D38104E07B692C
:209D20001B6ABA681278DA70002318461C37BD465DF8047B704780B483B000AF786000BF99
:209D40000C37BD465DF8047B704780B586B000AF786039603B681B781A4640F21923D34090
:209D600003F00103002B04D07B681B6A4FF478429A823B689B781A013B68DB78DB00134374
:209D80007B61F2233B613B685B78032B04D17B6943F040037B6107E03B685B78002B03D12B
:209DA0003B6923F010033B617B681B6A7A69D2B21A707B681B6A3A69D2B29A713B68DB6963
:209DC000BB60BB681B7B082B04D17B681B6A0A225A7309E0BB681B7B5B00DAB27B681B6A55
:209DE00002F00202D2B25A730023FB60BB685B78DB01DBB2FA681343FB60BB689B785B019A
:209E000003F02003FA681343FB607B681B6A00221A72BB681B78022B03D0BB681B78032B69
:209E200011D17B681B6AFF225A70BB681B78022B03D1FB6843F01003FB607B681B6AFA6868
:209E4000D2B2DA710DE07B681B6AFA68D2B2DA717B681A6ABB685B681946104600F04FF874
:209E600000BF00BF1837BD4680BD80B582B000AF78600B46FB701346BB7097F90230184687
:209E8000FFF7E2FD97F902301846FFF74DFDF97897F902307A681846FFF788FD00BF0837A1
:209EA000BD4680BD80B582B000AF786039603B68997A3B6893F90B301A467868FFF7D5FFB1
:209EC0003B6819793B6893F905301A467868FFF7CCFF3B6899793B6893F907301A4678688D
:209EE000FFF7C3FF3B68197A3B6893F909301A467868FFF7BAFF00BF0837BD4680BD80B4AB
:209F000083B000AF786039603B689A787B685A703B685B78C3F30103D9B27A68137861F310
:209F2000010313703B68DA787B689A747B68DB79DBB223F05C03DAB23B681B7803F05C036A
:209F4000DBB21343DAB27B68DA7100BF0C37BD465DF8047B704790B58BB000AFF860B96034
:209F60001346FB71FB689B6A7B627B6A002B03D107F114037B6205E07B6A07F114040FCB53
:209F800084E80F00FB68DB691B781A467B6A1A607B6ABA689A607B6AFA791A71FB68DA6AC2
:209FA0007B6ADA60FB685B6A786A9847FB689B6A002B07D0FB689B6A1C4607F114030FCB7C
:209FC00084E80F0000BF2C37BD4690BD80B584B000AFFFF76DFC0346FB7397F90F30184639
:209FE000FFF7A2FC97F90F301846FFF78BFCB860BB68DB691B69002B30D1BB681B69002B22
:20A000002CD0BB689B7803F00303DBB2022B0BD1BB68DB681B88BA68126A6FEAC3536FEA10
:20A02000D3539BB2D38105E0BB68DA68BB681B6A1278DA70BB681B69BA689278C2F3010208
:20A04000D2B29A1ABB681A61BB68DB68BA689278C2F30102D2B21A44BB68DA60BB681B69FA
:20A06000002B1BD1BB681B6A9B78FB71FB7943F00403FB71FB7903F07F03FB71BB681B6A8B
:20A08000FA799A70BB680022DA60BB685B6A002B04D080220021B868FFF75DFF00BF1037A2
:20A0A000BD4680BD80B584B000AFFFF701FC0346FB7397F90F301846FFF736FC97F90F307A
:20A0C0001846FFF71FFCB860BB689B7803F00303DBB2022B07D1BB681B6A1B8A9BB2C3F3E8
:20A0E00008037B6004E0BB681B6A5B79DBB27B60BB689B69002B0AD1BB685B6A002B33D06F
:20A100007B6804221946B868FFF725FF2CE0BB685869BB689B78C3F30103DBB21A463B1D78
:20A12000194606F0CFFDBB685B69BA689278C2F30102D2B21A44BB685A61BB689B69BA682A
:20A140009278C2F30102D2B29A1ABB689A61BB689B69002B08D1BB685B6A002B04D00122B2
:20A160000021B868FFF7F7FE00BF1037BD4680BD80B582B000AFFFF79BFB0346FB7197F986
:20A1800007301846FFF7BEFB38603B681B6A9B78DAB23B681B6A02F07B02D2B29A70386857
:20A1A000FFF7C9FD3B685B6A002B04D0022200213868FFF7D0FE97F907301846FFF7B4FB09
:20A1C00000BF0837BD4680BD80B584B000AFFFF76FFB0346BB7297F90A301846FFF792FBA8
:20A1E00078600023FB607B689B7803F00303DBB2022B07D17B681B6A1B8A9BB2C3F308036D
:20A20000FB6004E07B681B6A5B79DBB2FB607B681B6A1B79DBB203F03803FB72FB7A03F04F
:20A220001003002B0BD07B681B6A1B7FC3F30003DBB2002B03D1FB7A43F04003FB727B6883
:20A240001B6A1B79DAB27B681B6A22F03802D2B21A717868FFF76FFD7B685B6A002B05D0AC
:20A26000FB7A1A46F9687868FFF775FE97F90A301846FFF759FB00BF1037BD4680BD80B473
:20A2800083B000AFEFF303837B607B683B603B88C3F308039BB2DBB2103BDBB25BB218467A
:20A2A0000C37BD465DF8047B7047FFFF80B483B000AF03463960FB7197F9073004493A68B5
:20A2C00041F8232000BF0C37BD465DF8047B70472C22002080B483B000AF0346FB7197F9A9
:20A2E0000730044A52F8233018460C37BD465DF8047B70472C22002080B483B000AF034640
:20A30000FB710B4997F9073003F1C00251F8223023F4803341F82230054A97F90730C03307
:20A3200052F8233000BF0C37BD465DF8047B70470060004080B584B000AF0346FB7197F9F3
:20A3400007301846FFF7D8FFBFF35F8F00BF97F90730FB60FB6803F01F02074997F907308C
:20A360005B09012000FA02F2603341F8232000BF1037BD4680BD00BF00E100E080B584B02C
:20A3800000AF0346B9607A60FB73BB68DAB2094997F90F301201D2B20B4483F8002397F980
:20A3A0000F3079681846FFF781FF00BF1037BD4680BD00BF00E100E080B485B000AF034682
:20A3C000FB7197F90730FB60FB6803F01F020749FB685B09012000FA02F241F8232000BF17
:20A3E0001437BD465DF8047B704700BF00E100E080B582B000AF0346FB7197F90730184614
:20A40000FFF798FF97F907301846FFF7D5FF00BF0837BD4680BDFFFF80B485B000AF034623
:20A42000FB7197F90730FB60FB6803F01F020B4997F907305B09012000FA02F2203341F8FD
:20A440002320BFF34F8F00BFBFF36F8F00BF00BF1437BD465DF8047B704700BF00E100E0E3
:20A4600080B584B000AF0346B9607A60FB7397F90F307A68B9681846FFF780FF97F90F30A6
:20A480001846FFF7B5FF00BF1037BD4680BDFFFF80B584B000AF786039607B68FB60002386
:20A4A000BB603B681B7803F5800303F58C531B021A46FB689A60FB683A685A603B689A69BA
:20A4C000FB681A623B68DA69FB689A62FB6800225A62F86800F020F9B860BB68002B01D077
:20A4E000BB682AE0F86800F043F83B6893F901003B685B79FA681946FFF7B2FF3B6893F966
:20A5000002003B689B79FA681946FFF7A9FF3B6893F903003B68DB79FA681946FFF7A0FFA4
:20A520003B6893F904003B681B7AFA681946FFF797FFFB68034A1A60BB6818461037BD466E
:20A5400080BD00BF5349435380B586B000AFF860B9607A60FB70FB687B617B680022B96898
:20A56000786900F03BF9034618461837BD4680BD80B48FB000AF78607B685B683B623B6ABE
:20A580001B6AFB618023BB6100237B63E2233B630023FB62FF23BB6200237B62FB695B7881
:20A5A000C3F30103DBB21A46BB691343BB61FB699B785BB2002B06DA7B6A43F004037B62D3
:20A5C000FB699B78BB623B6A5B7A012B0BD1FB6A43F00403FB62FB6A43F00103FB627B6B8A
:20A5E00043F002037B633B6A9B7A012B08D13B6ADB7A002B10D1FB6A43F04003FB620BE05D
:20A60000FB6A43F08003FB623B6ADB7A012B03D1FB6A43F04003FB623B6A5B7B002B03D116
:20A620003B6B43F008033B6300237B61EFF31083BB60BB687B610123FB60FB6883F310881A
:20A6400000BF344B5A683B6A1B7819464FF00043CB40DB432F4913404B602E4B5B687B6922
:20A660003B613B6983F3108800BF7B689B6800229A707B689B681B797B689B6884221A712A
:20A680007B689B684FF478429A827B689B68BA69D2B21A707B689B687A6BD2B29A707B6868
:20A6A0009B683A6BD2B29A717B689B68FA6912785A707B689B68BA6AD2B29A747B689B6844
:20A6C0007A6AD2B2DA717B689B68FA6AD2B25A737B689B6800221A727B689B6800225A72C4
:20A6E0007B689B6800229A727B689B680022DA727B689B6800225A837B689B684022DA7477
:20A700007B689B6802221A7700BF3C37BD465DF8047B70470040084080B586B000AF786064
:20A7200000237B617B685B683B613B695B69002B1ED03B695B69FB60FB685B681B684FF4A8
:20A7400000221A607B689A68FB685B681B6805325A60FB689B681B68FA681068FA685268FF
:20A760001146984778617B69002B01D07B6930E03B691B69002B2BD03B691B69BB60BB6842
:20A780005B681B684FF000621A607B689A68BB685B681B6803329A60BB689B681B68BA6810
:20A7A0001068BA6852681146984778617B69002B0ED03B695B69002B08D03B695B699B6873
:20A7C0001B6A3A6952691268104698477B6900E07B6918461837BD4680BDFFFF90B589B0D6
:20A7E00000AFF860B9607A603B60FB689B689B78DBB203F03003002B01D0082370E0FB68BE
:20A800003A68DA61FB6800225A61FB6800229A61FB68BA68DA60FB687A681A61FB685B68F6
:20A820001B69002B39D0FB683A685A61FB685B681B69FB61FB695B681B683A6892B2DA81AF
:20A84000BB68002B0CD1FB695B681A68D37823F00C03D370FB695B681B68234A5A600CE0B7
:20A86000FB695B681A68D378022161F38303D370FB695B681B68BA685A60FB699B685B68F4
:20A88000FA691068FA695268126811469847B861BB69002B01D0BB6922E0FB685B685B69C7
:20A8A000002B19D07B68002B16D0FB683A689A61FB685B685B697B617B699B689C687B69FB
:20A8C00018683B689BB27A680021A04738613B69002B01D03B6903E0F86800F007F80023EC
:20A8E00018462437BD4690BDE421002080B584B000AF78602023FB607B681B69002B09D031
:20A900007B685B681B69002B04D17B685B685B69002B03D0FB6843F08003FB607B681B69CA
:20A92000002B03D0FB6843F05003FB607B689B689B78D9B2FB68DAB27B689B680A43D2B2AB
:20A940009A707B685B681B69002B25D17B685B685B69002B20D17B681B69002B1CD07B68BB
:20A960005B6893F901301846FFF756FD786800F017F87B685B685B7A012B06D17B68DB692C
:20A98000012B02D9786800F00BF87B685B6893F901301846FFF710FD00BF1037BD4680BDD3
:20A9A00080B483B000AF78607B685A697B68DB699A4216D27B68DB68002B09D07B68DA68C9
:20A9C0007B685B691A447B689B681278DA7003E07B689B680022DA707B685B695A1C7B6883
:20A9E0005A6100BF0C37BD465DF8047B704790B587B000AF78600B46FB707B685B6A7B61C9
:20AA00007B69002B03D107F108037B6105E07A6907F1080307CA83E807007B685B681B782D
:20AA20001A467B691A607B69FA781A717B689A6A7B699A607B681B6A786998477B685B6AE2
:20AA4000002B08D07B685B6A1C4607F1080393E8070084E8070000BF1C37BD4690BD80B55A
:20AA600082B000AFFFF70BFC0346FB7197F907301846FFF741FC97F907301846FFF72AFCAA
:20AA800038603868FFF78CFF3B685A693B68DB699A4210D13B681B69002B0CD13B689B681E
:20AAA0009B78DBB203F07B03DAB23B689B6842F00402D2B29A7000BF0837BD4680BD90B50A
:20AAC00083B000AFFFF7DBFB0346FB7197F907301846FFF711FC97F907301846FFF7FAFBDB
:20AAE00038603868FFF75CFF3B689A693B68DB699A420CD23B689A683B6819693B689B6915
:20AB00005C1C386884610B445279D2B21A703B689A693B68DB699A420CD13B689B689B7811
:20AB2000DBB203F03B03DAB23B689B6842F00402D2B29A7000BF0C37BD4690BD80B582B0A6
:20AB400000AFFFF79CFB0346FB7197F907301846FFF7C0FB38603B689B689B78DAB23B68AE
:20AB60009B6802F00302D2B29A7001213868FFF73EFF97F907301846FFF7BEFB00BF083786
:20AB8000BD4680BD80B582B000AFFFF778FB0346FB7197F907301846FFF79CFB38603B6854
:20ABA0009B689B78DAB23B689B6802F00302D2B29A703B689B681B793B689B6884221A71B7
:20ABC00004213868FFF713FF97F907301846FFF793FB00BF0837BD4680BDFFFF80B483B05C
:20ABE00000AF0346FB800A49FB881B0A9BB21A46FB88DBB21201134451F82330C3F340032B
:20AC0000DBB218460C37BD465DF8047B704700BF0008084080B485B000AF0023FB60EFF3F1
:20AC200010837B607B68FB600123BB60BB6883F3108800BF0D4B1B68002B05D10C4B0022E4
:20AC4000DA700B4B4022DA70084B1B680133074A1360FB683B603B6883F3108800BF00BFAD
:20AC60001437BD465DF8047B704700BF28220020000D084080B485B000AF0023FB60EFF305
:20AC800010837B607B68FB600123BB60BB6883F3108800BF0F4B1B68002B04D00D4B1B6822
:20ACA000013B0C4A13600B4B1B68002B05D10A4B0022DA70084B8022DA70FB683B603B6814
:20ACC00083F3108800BF00BF1437BD465DF8047B704700BF28220020000D084080B584B028
:20ACE00000AF786039607B68FB60FB68044A1A60386800F052F8002318461037BD4680BDE9
:20AD000054524F5080B584B000AFF8600B467A607B817B891846FFF761FF0346DAB27B68E7
:20AD20001A70002318461037BD4680BD80B487B000AF78600B467B8013467B700023FB825F
:20AD40000023BB827B8823F0FF037B827B88DBB23B823B8A012202FA03F3FB817B78002BBD
:20AD600002D1FB89BB8201E0FB89FB827B8A1B0A9BB2DBB25B0103F1804303F50023BB6010
:20AD8000BB8A1A04FB8A1A43BB689A60002318461C37BD465DF8047B704780B584B000AFD7
:20ADA0007860786800F060F87B68BB60FFF732FF0023FB8111E0BB685A68FB89DB00134443
:20ADC0009888BB685A68FB89DB0013441B68194600F00EF8FB890133FB81BB681B88FA8963
:20ADE0009A42E8D3FFF746FF00BF1037BD4680BD80B483B000AF03463960FB803B6803F42E
:20AE00008033002B1CD01749FB881B0A9BB21A46FB88DBB212011A4451F8223023F48033CD
:20AE200041F822300F48FB881B0A9BB21946FB88DBB23A6822F4803209010B4440F823208E
:20AE40000849FB881B0A9BB21A46FB88DBB2120113443A6841F8232000BF0C37BD465DF85A
:20AE6000047B70470008084080B588B000AF7860594B7B61594B3B610023FB619FE0002377
:20AE8000BB6195E07B685A68FB69DB0013449A885349BB6931F813309A4240F086807B68A3
:20AEA0005A68FB69DB0013441B6803F0F853FB60FB68B3F1807F03D0FB68B3F1106F39D1B5
:20AEC0007B6993F8BB34DAB20121BB6901FA03F3DBB21340DBB2002B13D1012002F044FB83
:20AEE0007B6993F8BB34DAB20121BB6901FA03F3DBB21343DAB27B6983F8BB24012002F071
:20AF0000E3FA3B69BA69203213F81230C3F3C013DBB2002B49D13A69BB6903F1200112F8AD
:20AF2000113043F0800302F811300121C82002F049F93AE07B6993F8BB34DAB20121BB6957
:20AF400001FA03F3DBB21340DBB2002B15D0012002F00AFB7B6993F8BB34DAB20121BB693B
:20AF600001FA03F3DBB2DB43DBB21340DAB27B6983F8BB24012002F0A7FA3B69BA692032BE
:20AF800013F81230C3F3C013DBB2002B0DD03A69BB6903F1200112F8113023F0800302F88F
:20AFA00011300121C82002F00DF9BB690133BB61BB69022B7FF666AFFB690133FB617B6828
:20AFC0001B881A46FB699342FFF459AF00BF00BF2037BD4680BD00BF00E0014000300840CD
:20AFE000D818020080B483B000AFEFF303837B607B683B603B88C3F308039BB2DBB2103BDF
:20B00000DBB25BB218460C37BD465DF8047B704780B487B000AF0346FB710E4B1B6A7B61DE
:20B02000FB797A6922FA03F303F007033B617B691B0E03F00703FB60074B1A68FB689A4098
:20B040003B6922FA03F318461C37BD465DF8047B704700BF00E00140B423002080B483B0BD
:20B0600000AF03463960FB7197F9073004493A6841F8232000BF0C37BD465DF8047B704711
:20B080002C22002080B483B000AF0346FB7197F90730044A52F8233018460C37BD465DF8CC
:20B0A000047B70472C22002080B483B000AF0346FB710B4997F9073003F1C00251F82230B5
:20B0C00023F4803341F82230054A97F90730C03352F8233000BF0C37BD465DF8047B7047E5
:20B0E0000060004080B584B000AF0346FB7197F907301846FFF7D8FFBFF35F8F00BF97F902
:20B100000730FB60FB6803F01F02074997F907305B09012000FA02F2603341F8232000BFCE
:20B120001037BD4680BD00BF00E100E080B584B000AF0346B9607A60FB73BB68DAB2094945
:20B1400097F90F301201D2B20B4483F8002397F90F3079681846FFF781FF00BF1037BD460F
:20B1600080BD00BF00E100E080B485B000AF0346FB7197F90730FB60FB6803F01F0207495C
:20B18000FB685B09012000FA02F241F8232000BF1437BD465DF8047B704700BF00E100E045
:20B1A00080B582B000AF0346FB7197F907301846FFF798FF97F907301846FFF7D5FF00BF64
:20B1C0000837BD4680BD80B584B000AF0346B9607A60FB7397F90F307A68B9681846FFF708
:20B1E000A5FF97F90F301846FFF7DAFF00BF1037BD4680BD80B584B000AF786039607B68FD
:20B20000FB603B681B7C1A46012303FA02F2FB68DA603968F86800F087F83968F86800F026
:20B22000B5F8FB68034A1A60002318461037BD4680BD00BF5450470080B485B000AF786095
:20B240007B68FB60FB689B68FA68D2689A60002318461437BD465DF8047B704780B485B0F1
:20B2600000AF78607B68FB60FB689B68FA68D2685A60002318461437BD465DF8047B7047F3
:20B2800080B485B000AF78607B68FB60FB689B68FA68D268DA60002318461437BD465DF820
:20B2A000047B704780B485B000AFF860B9607A60062318461437BD465DF8047B704780B560
:20B2C00086B000AF786039607B687B617B699B685B6E3B613B690133FB603B68FA689A60DB
:20B2E000786900F05EF902463B685A603B6801221A70002318461837BD4680BD80B483B0BA
:20B3000000AF7860396000BF0C37BD465DF8047B704780B483B000AF7860002318460C37CB
:20B32000BD465DF8047B704780B485B000AF786039607B683A685A607B6801221A747B6840
:20B34000DB6803F00603002B02D07B6800221A743B681B7C1A460C4B13441B02FB60FA68FC
:20B360007B689A603B685A697B685A613B689A697B68DA617B6800229A6100BF1437BD461B
:20B380005DF8047B704700BF9016400080B58EB000AF786039603B68DB69BB6200237B62E6
:20B3A000EFF310837B617B697B6201233B613B6983F3108800BF5E4B1A693B681B7C194685
:20B3C0004FF00043CB40DB43594913400B61584B1B697B6AFB60FB6883F3108800BF7B68E7
:20B3E0009B684FF425421A607B689B680022DA627B689B680022DA637B689B6800229A6497
:20B400003B681B7A3B623B6ADB057B633B685B68013BFB613B681B78032B03D17B6B43F4A1
:20B4200080337B637B689B687A6BDA62786800F081F87B689B68BA6A9269DA617B689B6805
:20B44000BA6AD2691A627B689B68FA699A667B689B68FA695A660023BB61BB6A9B6B3B63B7
:20B46000786800F0B5F87B689B6800229A637B689B680022C3F88820BB6A9B6B002B0DD1AB
:20B48000BB6A93F820305B033A6B13433B63BB6A93F821305B073A6B13433B634FF4AA03C9
:20B4A000FB62BB6A93F83030002B02D04FF4A003FB627B689B68FA6A1A647B689B683A6B8C
:20B4C0005A637B689B68BA6942F003021A637B689B68BA6942F001021A637B689B687A686F
:20B4E000D268DA604AF201517868FFF707FF3B6893F912003B685B7C7A68194600F03BF84F
:20B50000BB6A93F92400BB6A93F822307A68194600F031F8BB6A93F92500BB6A93F8233021
:20B520007A68194600F027F800BF3837BD4680BD0040084080B483B000AF78607B689B68F1
:20B540004FF000421A617B689B684FF000425A617B689B684FF000429A617B689B68002263
:20B560005A627B689B6800229A6200BF0C37BD465DF8047B704780B584B000AF0346B96001
:20B580007A60FB7397F90F30002B06DB97F90F307A68B9681846FFF716FE00BF1037BD4645
:20B5A00080BD80B584B000AF78607B689B68DB6AC3F3C353DBB2FB730020FFF729FDB86018
:20B5C000FB7BBA6822FA03F318461037BD4680BD80B485B000AF78607B685B68DB69FB60A7
:20B5E000FB6893F8303003F00103DBB2002B05D0FB689A6A7B689B68013ADA64FB6893F8C5
:20B60000303003F00203DBB2002B05D0FB68DA6A7B689B68013A1A6500BF1437BD465DF89C
:20B62000047B704790B589B000AFF8600B467A60FB72FB689B69FB61FB69002B03D107F199
:20B640001003FB6105E0FA6907F1100307CA83E80700FB69FA7A1A71FB697A689A60FB68DF
:20B66000DA69FB691A60FB685B69F8699847FB689B69002B08D0FB689B691C4607F1100304
:20B6800093E8070084E8070000BF2437BD4690BD80B584B000AFFFF7A5FC0346FB7397F955
:20B6A0000F301846FFF700FD97F90F301846FFF7E9FCB860BB685B681B78012B20D1B86824
:20B6C000FFF727FE7860BB689B68BA68D2689A60BB689B6800229A64BB689B680022DA642F
:20B6E000BB689B6800221A657B6843F425431946B868FFF703FE97F90F301846FFF7F2FC7A
:20B70000BB685B69002B04D000220021B868FFF789FF00BF1037BD4680BD80B483B000AF06
:20B72000EFF303837B607B683B603B88C3F308039BB2DBB2103BDBB25BB218460C37BD4661
:20B740005DF8047B7047FFFF80B400AF094B0122A3F80421074BB3F804319BB2002BF9D1D2
:20B76000044B0122A3F8002100BFBD465DF8047B704700BF00C0014080B483B000AF03462F
:20B78000FB7197F90730044A52F8233018460C37BD465DF8047B70472C22002080B483B087
:20B7A00000AF0346FB710B4997F9073003F1C00251F8223023F4803341F82230054A97F985
:20B7C0000730C03352F8233000BF0C37BD465DF8047B70470060004080B584B000AF034611
:20B7E000FB7197F907301846FFF7D8FFBFF35F8F00BF97F90730FB60FB6803F01F020749A3
:20B8000097F907305B09012000FA02F2603341F8232000BF1037BD4680BD00BF00E100E019
:20B8200080B485B000AF0346FB7197F90730FB60FB6803F01F020749FB685B09012000FA70
:20B8400002F241F8232000BF1437BD465DF8047B704700BF00E100E080B582B000AF034601
:20B86000FB7197F907301846FFF7B6FF97F907301846FFF7D5FF00BF0837BD4680BDFFFF61
:20B8800080B485B000AF0346FB7197F90730FB60FB6803F01F020B4997F907305B090120A2
:20B8A00000FA02F2203341F82320BFF34F8F00BFBFF36F8F00BF00BF1437BD465DF8047B2C
:20B8C000704700BF00E100E080B584B000AFFFF724FF0346BB7397F90E301846FFF74CFF1C
:20B8E000B8601E4B1B7CDBB27B601C4BD3F880201B4B13403B607B6803F00803002B02D0C4
:20B900000423FB7319E07B6803F08003002B02D00523FB7311E07B6803F01003002B0AD0CE
:20B920003B6803F44053002B02D00723FB7304E00623FB7301E00723FB73B86805F00CFA36
:20B9400097F90E301846FFF729FFFB7B1946B86800F06EF800BF1037BD4680BD00E07F406D
:20B960004070F00080B584B000AF0023FB73FFF7D4FE03467B7397F90D301846FFF7FCFE64
:20B98000B86097F90D301846FFF708FFBB6893F83C30012B17D1BB689B6B002B0ED00022E5
:20B9A0000421B86805F0D0F978607B68002B2BD0B86805F0D1F90723BB7325E00123BB7315
:20B9C0000123FB7320E0BB6893F83C30022B0ED1BB689B6B002B05D000224021B86805F0EE
:20B9E000B7F911E00023BB730123FB730CE00123FB730E4B93F8D430DBB2012B02D10323AB
:20BA0000BB7301E00223BB73FB7B002B0AD005F0A7F9BB68002283F83C20BB7B1946B868E3
:20BA200000F006F800BF1037BD4680BD00E07F4080B586B000AF78600B46FB707B685B6CDB
:20BA40007B617B69002B03D107F10C037B6106E07A6907F10C0392E8030083E803007B69A5
:20BA6000FA781A707B689A6C7B695A607B681B6C786998477B685B6C002B08D07B685B6CC2
:20BA80001A4607F10C0393E8030082E8030000BF1837BD4680BDFFFF80B584B000AF786018
:20BAA0000023FB604FF49643BB607B685B681B78002B0DD07B685B6893F911301846FFF7C9
:20BAC000CBFE7B685B6893F913301846FFF7C4FE0C4B4AF68022A3F8842008E0BB68002B64
:20BAE00002D14FF4FA7309E0BB68013BBB60054BB3F884309BB2802BF0D1FB6818461037F0
:20BB0000BD4680BD00E07F4080B586B000AF786039607B687B6100F07DF93B685B683B6194
:20BB20003B691B78FB7397F90F30002B01DA0B2319E097F90F300E4A52F82330002B01D0A4
:20BB4000082310E07B69FA7B1A713B681B68002B05D03B681B681946786900F09BF97B69F2
:20BB6000044A1A60002318461837BD4680BD00BF000000200043544480B584B000AF786043
:20BB800039607B68FB60FB6893F90430184600F0EFF9F86800F0D2F93968F86800F07AF9F6
:20BBA000F86800F01DF90346002B01D0132300E0002318461037BD4680BDFFFF80B588B051
:20BBC00000AFF860B9607A607B80FB68FB61FB691B79FB7697F91B301F4A52F823307B618B
:20BBE00097F91B30184600F0C3F9F86900F0A6F91A4B08221A74BB68002B02D0BA687B692D
:20BC00005A607B68002B02D07A687B699A607B69DB7823F03F03DBB2802B03D17B697A884C
:20BC20009A8109E07B69DB7823F03F03DBB2002B02D17B697A88DA81084B18221A74F8692C
:20BC400000F0CEF80346002B01D0132300E0002318462037BD4680BD000000200054004007
:20BC600080B483B000AF78600B46FB70062318460C37BD465DF8047B704780B483B000AFAC
:20BC80007860062318460C37BD465DF8047B704780B584B000AF78607B68FB60F86800F0F6
:20BCA0009FF8034618461037BD4680BD80B584B000AF78607B68FB60FB6893F90430184610
:20BCC00000F056F9002318461037BD4680BDFFFF80B485B000AF786039607B68FB60FB68F5
:20BCE00093F904301A461F4B53F82230BB603B6800221A603B6800225A60BB68DB7823F0BB
:20BD00003F03DBB2002B1BD03B684FF480729A60BB68DB899BB2DAB23B68DA60BB68DB78B9
:20BD200023F03F03DBB2802B14D13B684FF480321A60BB689B899BB21A463B685A6009E045
:20BD40003B684FF480329A60BB68DB899BB21A463B68DA60002318461437BD465DF8047B9D
:20BD6000704700BF0000002080B485B000AFF860B9607A603B60062318461437BD465DF805
:20BD8000047B704780B485B000AFF860B9607A603B60062318461437BD465DF8047B70470F
:20BDA00080B586B000AF78607B687B6100233B617B691B79FB7397F90F30184600F0D8F840
:20BDC00097F90F30054A002142F823107B6900221A603B6918461837BD4680BD0000002086
:20BDE00080B483B000AF786009497B6893F9043003F1C00251F8223043F0807341F822305E
:20BE0000002318460C37BD465DF8047B704700BF0060004080B584B000AF1A4B1B7883F0EE
:20BE20000103DBB2002B29D0164B01221A700023FB60EFF310833B603B68FB6001237B60B4
:20BE40007B6883F3108800BF0F4B1B680E4A23F4800313600C4B1B68FB68BB60BB6883F3FF
:20BE6000108800BF4FF4C0720021084804F022FF074B064A5A61064B01221A7300BF10370C
:20BE8000BD4680BDE521002000400840000000200054004080B582B000AF786039603868D9
:20BEA00000F016F8084B08221A747B6893F904301946064A3B6842F82130034B18221A74E3
:20BEC00000BF0837BD4680BD005400400000002080B485B000AF78600023FB60FB681B0183
:20BEE0007A681344DB7823F03F03DBB2002B12D0FB681B017A681344DB899BB2FB72FB7A7C
:20BF000099B2FB681B017A6813440A46114609020A4492B2DA81FB685A1CFA601B017A684E
:20BF200013449B7823F03F03DBB2002BD6D100BF00BF1437BD465DF8047B704780B485B023
:20BF400000AF78607B6893F9043043F40043FB60064BDB899BB21A46FB689342F8D000BFC1
:20BF600000BF1437BD465DF8047B70470054004080B483B000AF0346FB71084997F90730B2
:20BF800003F1C00251F8223023F0807341F8223000BF0C37BD465DF8047B7047006000408F
:20BFA00080B485B000AF786039607B68FB600C4AFB6813603B681A68FB689A603B685A68A7
:20BFC000FB68DA60FB6800225A60FB68054A1A60002318461437BD465DF8047B704700BF40
:20BFE000E82100204347430080B588B000AFF8600B467A60FB72FB68FB610023BB6100231E
:20C000003B61FB7A052B02D0FB7A062B0DD107F1100307F11402F97A786800F0B7F9B86164
:20C02000BB69002B01D0BB6929E0FB7A184600F0F5F803461A46FB7A1146184600F006F941
:20C040000346002B02D140F2931318E0012000F01AF8FB7A052B02D0FB7A062B06D13B690E
:20C0600007F11402F97A786800F0CEF9FB7A0021184600F019F9012000F01AF8002318460E
:20C080002037BD4680BD80B582B000AF0346FB71012001F069FAFB79012B05D1002000F043
:20C0A0005FFF002001F060FA00BF0837BD4680BD80B582B000AF0346FB71FB79012B07D136
:20C0C000002001F001FA064B1B6A184600F07AF8012001F0F9F900BF0837BD4680BD00BFBD
:20C0E00000E0014080B483B000AF78601A4B1B68B3F5004F01D0002327E0184B93F8363003
:20C10000DBB2002B17D0154B93F83830DBB2002B11D0124B93F83230DBB2002B0BD00F4B5D
:20C1200093F82A30DBB2002B05D00C4B93F84A30DBB2002B01D1002307E07B6803F0EE4396
:20C14000002B01D0002300E0012318460C37BD465DF8047B704700BFB423002000E00140B6
:20C1600080B485B000AF78600B46FB70FB78002B0BD07B68FB60FB6803F0443323F48003F5
:20C180000E4A934201D0002311E00D4B93F82A30DBB2002B05D10A4B93F84A30DBB2002BB0
:20C1A00001D0012300E0002303F00103DBB218461437BD465DF8047B704700BF444404443D
:20C1C00000E0014080B584B000AF7860104B93F84030FB737868FFF785FF0346002B03D0E9
:20C1E000042000F0BDFE0FE0FB7B19467868FFF7B7FF0346002B07D0064B1B68064A9342DC
:20C2000002D8032000F0ACFE00BF1037BD4680BD00E00140B423002040420F0080B483B031
:20C2200000AF0346FB71FB79074A52F823301B78DBB2002B0CBF01230023DBB218460C37AD
:20C24000BD465DF8047B70470C19020080B487B000AF03460A46FB711346BB7116237B6170
:20C26000FB7901229A407B691340002B01D0012312E00C4B93F83C30DBB23B61FB793A6976
:20C2800022FA03F303F00103FB60BB79FA689A420CBF01230023DBB218461C37BD465DF820
:20C2A000047B704700E0014080B483B000AF03460A46FB711346BB71FB790A4A52F8233022
:20C2C000BA791A70FB79074A52F823301B78DBB2BA799A42F6D100BF00BF0C37BD465DF830
:20C2E000047B70470C19020080B489B000AFF8600B467A60FB72114BFB61FB681B78002BFC
:20C3000001D10F4BFB61FB685B880133FA6902FB03F35B08BB61FB685B7801337B61BA69DD
:20C320007B69B2FBF3F33B617B683A691A60002318462437BD465DF8047B704700366E01DB
:20C34000002D310180B487B000AF78600023FB827B681B78002B01D10123FB827B685B8812
:20C36000BB827B685B787B82BB8A1B0203F47C52FB8A1B011A437B8A1343FB60FB68184631
:20C380001C37BD465DF8047B7047FFFF80B588B000AFF8607A603B600B46FB72F868FFF7C1
:20C3A000D1FFB861FB7A052B02D1154BFB6101E0144BFB61FB691B889BB21A46BB69934217
:20C3C00009D0FB7A1846FFF729FF0346002B02D040F291130FE0FB7A7A681946F868FFF77C
:20C3E00083FF78617B69002B01D07B6903E03B68BA691A60002318462037BD4680BD00BF24
:20C4000028E0014048E0014080B584B000AFF8607A603B600B46FB72FB7A052B04D1094BF9
:20C420003A6892B21A8504E0064B3A6892B2A3F84820FB7A7968184600F0CCFD00BF1037E6
:20C44000BD4680BD00E0014080B483B000AF0346FB7197F90730002B0CDBFB7903F01F024F
:20C46000074997F907305B09012000FA02F2403341F8232000BF0C37BD465DF8047B7047B3
:20C4800000E100E080B483B000AFEFF303837B607B683B603B88C3F308039BB2DBB2103B5B
:20C4A000DBB25BB218460C37BD465DF8047B704780B483B000AF03463960FB7197F9073088
:20C4C00004493A6841F8232000BF0C37BD465DF8047B70472C22002080B483B000AF034694
:20C4E000FB7197F90730044A52F8233018460C37BD465DF8047B70472C22002080B483B01A
:20C5000000AF0346FB710B4997F9073003F1C00251F8223023F4803341F82230054A97F917
:20C520000730C03352F8233000BF0C37BD465DF8047B70470060004080B584B000AF0346A3
:20C54000FB7197F907301846FFF7D8FFBFF35F8F00BF97F90730FB60FB6803F01F02074935
:20C5600097F907305B09012000FA02F2603341F8232000BF1037BD4680BD00BF00E100E0AC
:20C5800080B584B000AF0346B9607A60FB73BB68DAB2094997F90F301201D2B20B4483F8A8
:20C5A000002397F90F3079681846FFF781FF00BF1037BD4680BD00BF00E100E080B485B0A5
:20C5C00000AF0346FB7197F90730FB60FB6803F01F020749FB685B09012000FA02F241F8FF
:20C5E000232000BF1437BD465DF8047B704700BF00E100E080B582B000AF0346FB7197F985
:20C6000007301846FFF798FF97F907301846FFF7D5FF00BF0837BD4680BD80B584B000AFB3
:20C620000346B9607A60FB7397F90F307A68B9681846FFF7A5FF97F90F301846FFF7DAFF8A
:20C6400000BF1037BD4680BD80B590B000AF786039607B68BB6200237B623B681B693B623B
:20C660003B681B6803F58023A8331B03FB61BB6AFA695A600023BB61EFF310833B613B696E
:20C68000BB610123FB60FB6883F3108800BF8F4B5A683B681B68C3F10203012101FA03F341
:20C6A000DB438A4913404B60884B5B68BB69BB60BB6883F3108800BFBB6A3A681A603B68E2
:20C6C0009A68BB6ADA613B68DA68BB6A5A62BB6A00221A623B6A1A78BB6A1A76002201213F
:20C6E000B86A00F091FB3B6A1B7B1BB25B001AB23B6A1B7D1BB2DB001BB213431BB243F461
:20C70000E0731BB29AB2FB69A3F840283B685B687B617B691B68013B1A046D4B13407A6955
:20C720005268013A12071A437B699B68013B1B021A437B69DB68013B1B031343BA6A127E66
:20C740001A43FB69C3F8442800220221B86A00F05BFBFB69802283F85028FB6903F500737C
:20C760004FF400720021184604F0A4FA0023FB632CE03B6A9A68FB6BDB0013449B79002BE8
:20C7800016D13B6A1B69FA6B9A4211D2FB6B20331B01FA69D1183B6A9A68FB6BDB00134405
:20C7A0001A46386A00F0F6F8402387F83B3002E0002387F83B30FA69FB6B134403F50263E0
:20C7C00097F83B201A70FB6B0133FB63FB6B1F2BCFD900237B6300233B632BE03B6A5A6861
:20C7E0003B6B9B0013441B686FF0604293421ED23B6A5A683B6B9B0013441B68FB623B6AD4
:20C800001B7B002B04D1FB6A9A04324B1340FB62FB693A6B02F58072F96A43F822103B6BEA
:20C820009B000F2202FA03F37A6B13437B633B6B01333B633B6A1B699B083A6B9A42CDD3BC
:20C840007B6BDA43FB69C3F8282400220021B86A00F0DAFAFA69B2F8403843F02003A2F8CC
:20C860004038FB69B3F84038C3F34013DBB2002BF7D13B6893F915003B681B7DBA6A19462E
:20C88000FFF7CBFE3B6893F916003B681B7DBA6A1946FFF7C2FE3B6893F917003B681B7D9F
:20C8A000BA6A1946FFF7B9FEFB693E2283F84C28FB694FF0FF32C3F82C24BB6A064A9A6047
:20C8C0007B6A18464037BD4680BD00BF004008400000FF030000FC1F4E41435280B58AB067
:20C8E00000AFF860B9607A60FB68BB61BB691B681B697B61BB695B683B613A69BB68134418
:20C9000003F502631B78C3F3C013DBB2002B02D04EF663233AE0BB6820331B013A691344A4
:20C920007A681946786900F035F87B689B7903F00F03D9B23A69BB6820331B011A44938883
:20C9400061F3030393807B689B797B62BB6820331B013A69134406333B627B680C33FB61B6
:20C9600007E0FA69531CFB613B6A591C396212781A707B6A5A1E7A62002BF2D13A69BB68EC
:20C98000134403F5026380221A70002318462837BD4680BD80B489B000AFF860B9607A6030
:20C9A000FB681B7BFB750023FB61FB7D002B06D0FB7D022B0AD17B681B79002B06D17B683A
:20C9C0001B689A04114B1340BB610EE0FB7D022B06D17B681B79012B02D14FF00043FB61AD
:20C9E0007B681B6823F06043BB617B685B799B073B61FA693B691A43BB691A43BB681A6088
:20CA000000BF2437BD465DF8047B70470000FC1F80B489B000AFF860B9607A60FB685B68C6
:20CA2000BB61BA69BB6820331B0113441B687B617B699B0F03F00103DAB27B685A71FB684D
:20CA40001B681B693B613B691B7BB969BA68203212010A441268C2F3C072D2B21343DBB23A
:20CA600003F00103DAB27B681A717B681B79002B06D17B699B0CC3F30A027B681A6004E0BE
:20CA80007B6923F060427B681A60BA69BB6820331B0113449B88C3F30303DBB21A467B68E5
:20CAA0009A717B689B79082B02D97B6808229A710023FB6112E0BA69BB681B011A44FB69B9
:20CAC000134403F206231B78D9B27A68FB6913440C330A461A70FB690133FB617B689B7922
:20CAE0001A46FB699342E6D3BA69BB68134403F5026344221A707B6800229A6000BF2437E1
:20CB0000BD465DF8047B7047B0B58EB000AF786039607B681B6A7B637B6B002B02D13B68F7
:20CB20007B6317E07B6B07F10C041D460FCD0FC40FCD0FC495E8030084E803007A6B3B68FA
:20CB400014461D460FCD0FC40FCD0FC495E8030084E803007B68DB69786B98477B681B6A7A
:20CB6000002B0CD07B681B6A1D4607F10C040FCC0FC50FCC0FC594E8030085E8030000BFCF
:20CB80003837BD46B0BD80B590B000AFFFF77AFC03461846FFF7B2FCFFF774FC034687F8AD
:20CBA0003B3097F93B301846FFF796FC78633B4628220021184604F07DF80023FB637B6B34
:20CBC0005B683B633B6B93F84D38DBB2BB803B6B002283F84D283B6BB3F84238C3F300132A
:20CBE000DBB2002B22D0BB8843F020039BB2BB803B6B93F8533887F82F303B6B022283F88B
:20CC000053283B6B93F85238C3F30403DBB2FB633B6B97F82F2083F853283A6BFB6B13445A
:20CC200003F50262137823F0040313707B6B1B681B683B607B6B5B6A3B61FB6BFB603B4660
:20CC40001946786BFFF760FF7B6B1B681B69BB623B6BB3F84238C3F30013DBB2002B0AD00D
:20CC6000BB6A1B7D002B06D07B6B1B6893F915301846FFF7E9FB00BF4037BD4680BDFFFF10
:20CC800080B58EB000AFFFF7FDFB03461846FFF735FCFFF7F7FB03461A46294B1A70284BB4
:20CCA00093F900301846FFF717FC78637B6B002B41D04FF48063BB807B6B5B683B633B6B06
:20CCC00093F8533887F82F303B6B002283F853283B6B93F85238C3F30403DBB2BB623B6BDA
:20CCE00097F82F2083F853283B4614331A46B96A786BFFF78DFEBB6AFB607B6B1B681B6845
:20CD00003B607B6B5B6A3B613B461946786BFFF7FBFE3B6BB3F84238C3F30003DBB2002B43
:20CD200005D0074B93F900301846FFF78DFB044B00221A7000E000BF3837BD4680BD00BF2C
:20CD4000EC21002080B590B000AFFFF79BFB03461846FFF7D3FBFFF795FB034687F83F30CE
:20CD600097F93F301846FFF7B7FBB86300233B81BB6B5B687B637B6B93F8533887F833300F
:20CD80007B6B012283F853287B6B93F85238C3F30403DBB2FB627B6B97F8332083F8532834
:20CDA0007A6BFB6A134403F5026300221A707A6BFB6A134403F5026300221A70FB6A3B611E
:20CDC0003B8943F400639BB23B81BB6B1B681B687B60BB6B5B6A7B613B1D1946B86BFFF74E
:20CDE00093FE7B6BB3F84238C3F34003DBB2002B06D0BB6B1B6893F917301846FFF724FB21
:20CE000000BF4037BD4680BD80B584B000AF78600B46FB701346BB707B685B68FB607B6888
:20CE20005B7BBA789A420DD00221786800F032F8FB68BA7883F858287B68BA785A737B68BF
:20CE400002221A737B681B7BFA789A421ED0FB78052B13D10221786800F01CF8FA68B2F8D2
:20CE6000403843F48063A2F84038FB68B3F84238C3F38023DBB2012BF7D104E0FB781946F6
:20CE8000786800F007F87B68FA781A7300BF1037BD4680BD80B485B000AF78600B46FB70EF
:20CEA0007B685B68FB60FA68B2F8403823F48063A2F84038FB7803F00303D9B2FA68B2F8DE
:20CEC000403861F30923A2F84038FB68B3F842389BB203F4E062FB781B029A42F5D100BF49
:20CEE00000BF1437BD465DF8047B704780B400AF094B0122A3F80421074BB3F804319BB201
:20CF0000002BF9D1044B0122A3F8002100BFBD465DF8047B704700BF00C0014080B483B07A
:20CF200000AF0346FB710D4B93F8A030C3F30013DBB2002BF7D1094AFB7982F8A030074B2E
:20CF400093F8A030C3F30013DBB2002BF7D100BF00BF0C37BD465DF8047B704700E00140BD
:20CF600080B582B000AF0346FB71FB79042B14D1174B93F8AA30C3F30013DBB2002BF7D14E
:20CF8000134B012283F8AA20114B93F8AA30C3F30013DBB2002BF7D115E00D4B93F8AA300F
:20CFA000C3F30013DBB2002BF7D1094B002283F8AA20074B93F8AA30DBB2002BF9D1FB79C0
:20CFC0001846FFF7ABFF00BF0837BD4680BD00BF00E0014080B483B000AF786039607B68CB
:20CFE000052B04D13B681B68064A536103E03B681B68044A936100BF0C37BD465DF8047BDE
:20D00000704700BF9C0A002080B483B000AF0D4B93F82630DBB27B600A4B1B6A1B0E03F027
:20D0200007033B60084A7B6852F823203B6822FA03F3064A136000BF0C37BD465DF8047B38
:20D04000704700BF00E001409C0A0020B423002080B500AF0B4B012283F81C210A4B0B4ABD
:20D060001A62094B052283F82620FFF7CDFF084BF1221A73064B00221A72054BF0221A7355
:20D0800000BF80BD00C0014000E00140111202200020004080B500AF0B4B0C4A1A600A4B6E
:20D0A0000B4A5A60084B4FF400429A60064B094ADA60054B00221A61034B074A5A61FFF774
:20D0C000A3FF00BF80BD00BF9C0A0020002D310100127A0000366E0100E1F50580B500AFDE
:20D0E0001B4B4AF20352A3F8FE23FFF7FFFEFFF7D1FF174B002283F81324154B092283F888
:20D10000A22000F027F8124B002283F83620104B93F83C30C3F30003DBB2012BF7D10C4B0B
:20D1200041F211321A850A4B002283F82A20084B93F83C30C3F34013DBB2012BF7D1FFF7D4
:20D1400087FF034B4FF42542A3F8FE2300BF80BD00E0014080B400AF044B012283F8802404
:20D1600000BFBD465DF8047B704700BF00E0014080B500AF074B002283F82820012000F056
:20D18000F3F9054B002283F8BB24012000F09CF900BF80BD0030084000E0014080B483B035
:20D1A00000AF786000BF0C37BD465DF8047B704780B485B000AFF860B9607A603B6000BE9C
:20D1C00000BFFDE72DE9B04F90B000AFF861B9610023FB63FB69BA6902FB03F3BB63504B81
:20D1E0001B687B634F4A7B6BB2FBF3F33B63BB6B00223B617A61D7E904234FF000004FF0FA
:20D200000001590141EAD261500102460B463969B2EB0108796963EB01094FF000024FF069
:20D2200000034FEA890343EA98734FEA880290469946D7E904120B4618EB03033B60134652
:20D2400049EB03037B604FF000024FF00003D7E900894946CB00414643EA51734146CA00CA
:20D26000C7E90A23D7E90A23012B08D2BA6A3B6BB2FBF3F37B627B6A9B08FB6344E03B6BF4
:20D280009B00BA6BB2FBF3F3BB63BB6B0022BB60FA60D7E9028942464B464FF000004FF07E
:20D2A0000001590141EAD261500102460B464146541A494663EB01054FF000024FF0000370
:20D2C000AB0043EA9473A20014461D46434614EB030A4B4645EB030B4FF000024FF0000329
:20D2E0004FEACB0343EA5A734FEACA0292469B46C7E90AABD7E90A23012B02D2BB6AFB639A
:20D3000002E04FF0FF33FB63FB6B002B02D0F86B00F00AF800BF4037BD46BDE8B08F00BFC8
:20D32000B423002000CA9A3BA0F101000028FBD1704700BF80B582B000AF0346FB71FB791C
:20D34000074A52F82330002B06D0FB79044A52F82330FA791046984700BF0837BD4680BD99
:20D36000F021002080B582B000AF144BB3F82031BB80124BB3F840319AB2BB8813407B807A
:20D380000023FB710EE07A88FB7922FA03F303F00103002B03D0FB791846FFF7CBFFFB798D
:20D3A0000133FB71FB790D2BEDD9044A7B88A2F8303100BF0837BD4680BD00BF0060004072
:20D3C00080B58AB000AF032000F0CEF8394B6FF0FF029A643B1D0C22FF21184603F06AFC17
:20D3E00000237B6221E0344A7B6A32F81330002B18D07B6A5B097B617B6A03F01F033B618E
:20D400007B699B0028333B4453F8242C01213B6901FA03F3DB431A407B699B0028333B4490
:20D4200043F8242C7B6A01337B627B6A5F2BDAD9224BBB6100233B6218E03B6A9B00BA69A5
:20D440001A443B6A9B0028333B4453F8243C13601B493B6A9B0028333B4453F8242C3B6A78
:20D46000A03341F823203B6A01333B623B6A022BE3D9032000F028F80023FB6112E00E4A5D
:20D48000FB6932F81330002B09D00B4AFB6932F813300C4A1946FB69C03342F82310FB69B4
:20D4A0000133FB61FB695F2BE9D900BF00BF2837BD4680BD00800040B8160200708000404F
:20D4C00000E100E00060004080B487B000AF0346FB7100237B61EFF31083FB60FB687B610E
:20D4E00001233B613B6983F3108800BFFB791A4A32F813309BB2002B09D0FB79164A32F867
:20D50000132092B2013A91B2134A22F81310FB79114A32F813309BB2002B11D10F4BB3F8E1
:20D52000FE339AB20E4B13439AB2FB790D4931F81330DB439BB2094913409BB2A1F8FE3316
:20D540007B69BB60BB6883F3108800BF00BF1C37BD465DF8047B7047AC23002000E001402C
:20D5600000A5FFFF2819020080B487B000AF0346FB7100237B61EFF31083FB60FB687B61E8
:20D5800001233B613B6983F3108800BFFB79164A32F813309BB2002B0FD1144BB3F8FE3386
:20D5A0009AB2FB79124931F8133013439AB20F49104B13439BB2A1F8FE33FB790A4A32F830
:20D5C000132092B2013291B2074A22F813107B69BB60BB6883F3108800BF00BF1C37BD46CC
:20D5E0005DF8047B704700BFAC23002000E001402819020000A5FFFF80B500AF00F00CF813
:20D60000FAF7C0FF00BFFDE780B400AF00BE00BFBD465DF8047B704780B584B000AF3A4B2C
:20D620004FF47002C3F88820374B384A9A600020FAF794FFFFF752FD0120FAF78FFF334BCD
:20D640001B68A3F500633B603B6883F30A8800BF2F4A304BD31A1A4600212E4803F02AFB57
:20D660002D4A2E4BD31A1A462D492C4803F02AFB2C4A2D4BD31A9B107B600023FB6007E0A5
:20D68000294AFB6852F823309847FB680133FB60FA687B689A42F3DBFFF7B6FCFFF768FD54
:20D6A0000320FFF761FF0023BB6009E01F4ABB6808334FF6FF7122F81310BB680133BB609F
:20D6C000BB68052BF2D90320FFF7FEFE0320FFF74BFF174B00225A60154B00229A60144B9B
:20D6E0000022DA60124B00221A610320FFF7ECFE0220FAF733FFFFF763FE0020FFF74EFDD4
:20D7000000BF1037BD4680BD00ED00E00000010074C70020B80A0020640A00208001002089
:20D7200040240200600A00205C0A0020000D084000000E4080B588B000AF786000237B61DD
:20D7400001F0C0FB564B1B68002B01D100F012F97B68002B22D00823DB437A689A421BD807
:20D7600008227B6813447B607B6803F00703002B14D07B6803F00703C3F108033B613B699C
:20D78000DB437A689A4204D87A683B6913447B6004E000237B6001E000237B607B68002B4A
:20D7A0006BDB7B68002B68D03E4B1B687A689A4263D83D4BBB613C4B1B68FB6104E0FB6986
:20D7C000BB61FB691B68FB61FB695B687A689A4203D9FB691B68002BF1D1314B1B68FA69F3
:20D7E0009A424AD0BB691B68082213447B61FB691A68BB691A60FB695A687B68D21A08238B
:20D800005B009A421AD9FA697B681344FB60FB6803F00703002B05D0244B254AEE2125482C
:20D82000FFF7C6FCFB695A687B68D21AFB685A60FB697A685A60F86800F0F8F8194B1A68F8
:20D84000FB695B68D31A174A1360164B1A681A4B1B689A4203D2134B1B68174A1360FB694B
:20D860005B6843F00042FB695A60FB6900221A60124B1B680133114A136001F031FB7B696F
:20D8800003F00703002B06D00D4B094A4FF497710848FFF78DFC7B6918462037BD4680BDEC
:20D8A000C0C30020C4C30020B8C30020301902007C1A020064190200C8C30020CCC30020C7
:20D8C000A419020080B584B000AF78607B68FB607B68002B3DD008235B42FA681344FB6064
:20D8E000FB68BB60BB685B68002B06DB1B4B1C4A40F241111B48FFF75BFCBB681B68002BE7
:20D9000006D0194B164A4FF4A1711648FFF750FCBB685B68002B1CDABB681B68002B18D1B7
:20D92000BB685B6823F00042BB685A6001F0CAFABB685A680D4B1B6813440C4A1360B8681A
:20D9400000F074F80A4B1B680133094A136001F0C7FA00BF1037BD4680BD00BFE0190200E7
:20D960008C1A020064190200541A0200C4C30020D0C3002080B485B000AF4FF42043BB60DD
:20D98000254BFB60FB6803F00703002B0CD0FB680733FB60FB6823F00703FB60BA68FB68FD
:20D9A000D31A1D4A1344BB60FB687B601B4A7B6813601A4B00225A607A68BB681344FB60B0
:20D9C0000822FB689B1AFB60FB6823F00703FB60FB68134A1360124B1B6800225A60104B85
:20D9E0001B6800221A607B683B603B68FA68D21A3B685A600A4B1A683B681A603B685B68E2
:20DA0000084A13603B685B68074A136000BF1437BD465DF8047B7047B8230020B8C30020E9
:20DA2000C0C30020C8C30020C4C3002080B485B000AF7860284BFB6002E0FB681B68FB6010
:20DA4000FB681B687A689A42F7D8FB68BB60FB685B68BA6813447A689A4208D1FB685A687A
:20DA60007B685B681A44FB685A60FB687B607B68BB607B685B68BA681A44FB681B689A4261
:20DA800018D1FB681A68154B1B689A420DD07B685A68FB681B685B681A447B685A60FB6870
:20DAA0001B681A687B681A6008E00C4B1A687B681A6003E0FB681A687B681A60FA687B687C
:20DAC0009A4202D0FB687A681A6000BF1437BD465DF8047B704700BFB8C30020C0C3002044
:20DAE00080B483B000AF78607B6803F108027B685A607B684FF0FF329A607B6803F108028C
:20DB00007B68DA607B6803F108027B681A617B6800221A6000BF0C37BD465DF8047B70479A
:20DB200080B483B000AF78607B6800221A6100BF0C37BD465DF8047B704780B485B000AFCF
:20DB4000786039603B681B68BB60BB68B3F1FF3F03D17B681B69FB600CE07B680833FB6013
:20DB600002E0FB685B68FB60FB685B681B68BA689A42F6D2FB685A683B685A603B685B68EB
:20DB80003A689A603B68FA689A60FB683A685A603B687A681A617B681B685A1C7B681A60F2
:20DBA00000BF1437BD465DF8047B704780B485B000AF78607B681B69FB607B685B687A6893
:20DBC00092689A607B689B687A6852685A60FB685B687A689A4203D17B689A68FB685A605B
:20DBE0007B6800221A61FB681B685A1EFB681A60FB681B6818461437BD465DF8047B70474D
:20DC000080B584B000AF786039600123FB607B68BB60BB68002B06D13C4B3D4A4FF4977180
:20DC20003C48FFF7C5FABB68002B5ED0BB68DB6B002B5AD0BB681A6CBB68DB6B0021A3FBA0
:20DC40000223002B00D001210B46002B4DD1FAF735FEBB681A68BB68DB6BB968096C01FB24
:20DC600003F31A44BB689A60BB6800229A63BB681A68BB685A60BB681A68BB68DB6B013B25
:20DC8000B968096C01FB03F31A44BB68DA60BB68FF2283F84420BB68FF2283F845203B6857
:20DCA000002B15D1BB681B69002B1BD0BB681033184601F043FC0346002B13D0164B4FF0AB
:20DCC00080525A60BFF34F8F00BFBFF36F8F09E0BB6810331846FFF703FFBB68243318463C
:20DCE000FFF7FEFEFAF722FE01E00023FB60FB68002B06D1094B064A40F263110548FFF7D0
:20DD000057FAFB6818461037BD4680BD981A02000C1E0200A01A020000ED00E0CC1A020019
:20DD200080B58AB002AFF860B9601346FB710023FB61FB68002B2ED00021BA68FB68A3FB3E
:20DD40000223002B00D001210B46002B23D1FB68BA6802FB03F313F14D0F1CD8FB68BA68C0
:20DD600002FB03F3BB61BB694C331846FFF7E2FCF861FB69002B18D0FB697B617B694C334C
:20DD80007B61FA79FB69009313467A69B968F86800F016F809E0FB69002B06D1054B064A93
:20DDA00040F215210548FFF703FAFB6918462037BD4680BDF01A0200201E0200A01A02005A
:20DDC00080B584B000AFF860B9607A60FB70BB68002B03D1BB69BA691A6002E0BB697A68AA
:20DDE0001A60BB69FA68DA63BB69BA681A640121B869FFF705FFBB6900229A6400BF10379B
:20DE0000BD4680BD80B582B000AF78607B68002B0ED07B6800229A607B6800221A607B6887
:20DE20000022DA60002300220021786800F08AF800BF0837BD4680BD80B586B000AF03462D
:20DE4000FB7101237B6100233B61FB791A4639697869FFF765FFF860F868FFF7D3FFFB6803
:20DE600018461837BD4680BD90B585B000AF78607B68BB60BB68002B06D1134B134A40F2A4
:20DE8000D2211348FFF794F9BB689C6801F06AFD03469C4211D1BB68DB685A1EBB68DA60EE
:20DEA000BB68DB68002B05D1002300220021B86800F048F80123FB6001E00023FB60FB6804
:20DEC00018461437BD4690BDFC1A0200341E0200A01A020090B585B000AF786039607B68A4
:20DEE000BB60BB68002B06D1134B144A40F20A311348FFF75DF9BB689C6801F033FD034681
:20DF00009C4207D1BB68DB685A1CBB68DA600123FB600CE03968B86800F0B6FAF860FB688B
:20DF2000002B04D0BB68DB685A1CBB68DA60FB6818461437BD4690BDFC1A0200501E0200C5
:20DF4000A01A020080B58AB000AFF860B9607A603B6000237B62FB683B623B6A002B06D15A
:20DF6000794B7A4A40F27D317948FFF721F9BB68002B0AD13B6A1B6C002B06D0754B734A95
:20DF800040F27E317248FFF713F93B68022B0AD13B6ADB6B012B06D06F4B6C4A40F27F31FA
:20DFA0006B48FFF705F901F0EDFC0346002B00D009E07B68002B06D0684B644A40F2823189
:20DFC0006348FFF7F5F8FAF779FC3B6A9A6B3B6ADB6B9A4202D33B68022B49D13B6A9B6B72
:20DFE000FB613A68B968386A00F062FBB8613B6A9B6C002B15D03B68022B02D1FB69002B0C
:20E0000032D1386A00F0F4FC0346002B2CD0544B4FF080525A60BFF34F8F00BFBFF36F8FA2
:20E0200022E03B6A5B6A002B11D03B6A2433184601F084FA0346002B16D0494B4FF08052A0
:20E040005A60BFF34F8F00BFBFF36F8F0CE0BB69002B09D0424B4FF080525A60BFF34F8F0B
:20E0600000BFBFF36F8F00BFFAF760FC012366E07B68002B03D1FAF759FC00235FE07B6A4C
:20E08000002B06D107F11003184601F02FFB01237B62FAF74BFC00F015FFFAF70FFC3B6A1C
:20E0A00093F844305BB2B3F1FF3F03D13B6A002283F844203B6A93F845305BB2B3F1FF3F64
:20E0C00003D13B6A002283F84520FAF72FFC3A1D07F110031146184601F01EFB0346002B14
:20E0E00025D1386A00F0E9FB0346002B19D03B6A10337A681146184601F0B2F9386A00F0AA
:20E1000067FB00F0EDFE0346002B7FF45CAF144B4FF080525A60BFF34F8F00BFBFF36F8FA7
:20E120000CE0386A00F054FB00F0DAFE4BE7386A00F04EFB00F0D4FE002300E043E71846F0
:20E140002837BD4680BD00BF981A02006C1E0200A01A02000C1B0200641B0200B41B0200EA
:20E1600000ED00E080B58EB000AFF860B9607A603B60FB683B633B6B002B06D14F4B504AED
:20E1800040F252414F48FFF713F8BB68002B0AD13B6B1B6C002B06D04B4B494A40F25341DC
:20E1A0004848FFF705F83B68022B0AD13B6BDB6B012B06D0454B424A40F254414148FEF7E2
:20E1C000F7FFFAF7F1FBEFF31183BB61BB69FB621023FB61FB6983F3118800BF3B6B9A6BED
:20E1E0003B6BDB6B9A4202D33B68022B59D13B6B93F8453087F82B303B6B9B6B7B623A68DD
:20E20000B968386B00F054FA97F92B30B3F1FF3F29D13B6B9B6C002B12D03B68022B02D1D8
:20E220007B6A002B3AD1386B00F0E2FB0346002B34D07B68002B31D07B6801221A602DE03F
:20E240003B6B5B6A002B29D03B6B2433184601F075F90346002B21D07B68002B1ED07B6831
:20E2600001221A601AE000F04BFF386297F92B303A6A9A4212D997F92B307F2B06D1144B12
:20E280000F4A40F2DD410F48FEF792FF97F82B300133DBB25AB23B6B83F8452001237B63B9
:20E2A00001E000237B63FB6A7B617B6983F3118800BF7B6B18463837BD4680BD981A0200E2
:20E2C000801E0200A01A02000C1B0200641B0200081C020080B58AB000AFF860B9607A60A9
:20E2E00000237B62FB683B623B6A002B06D1604B604A40F29D516048FEF75AFFBB68002BBE
:20E300000AD13B6A1B6C002B06D05C4B594A40F2A1515948FEF74CFF01F034FB0346002B12
:20E3200000D009E07B68002B06D0554B514A40F2A6515148FEF73CFFFAF7C0FA3B6A9B6BBD
:20E34000FB61FB69002B21D0B968386A00F01AFAFB695A1E3B6A9A633B6A1B69002B11D067
:20E360003B6A1033184601F0E9F80346002B09D0444B4FF080525A60BFF34F8F00BFBFF3DD
:20E380006F8F00BFFAF7D2FA01236CE07B68002B03D1FAF7CBFA002365E07B6A002B06D1AC
:20E3A00007F11403184601F0A1F901237B62FAF7BDFA00F087FDFAF781FA3B6A93F8443038
:20E3C0005BB2B3F1FF3F03D13B6A002283F844203B6A93F845305BB2B3F1FF3F03D13B6AC7
:20E3E000002283F84520FAF7A1FA3A1D07F114031146184601F090F90346002B24D1386AEF
:20E4000000F045FA0346002B18D03B6A24337A681146184601F024F8386A00F0D9F900F07D
:20E420005FFD0346002B87D1164B4FF080525A60BFF34F8F00BFBFF36F8F13E0386A00F004
:20E44000C7F900F04DFD77E7386A00F0C1F900F047FD386A00F01BFA0346002B3FF46CAF7B
:20E46000002300E068E718462837BD4680BD00BFAC1C02009C1E0200A01A0200B81C020076
:20E48000B41B020000ED00E080B58AB000AF7860396000237B627B68FB6100233B62FB69EC
:20E4A000002B06D1704B714A4FF4C6617048FEF77FFEFB691B6C002B06D06E4B6B4A40F2C4
:20E4C00034616B48FEF774FE01F05CFA0346002B00D009E03B68002B06D0674B634A40F2E4
:20E4E00039616348FEF764FEFAF7E8F9FB699B6BBB61BB69002B26D0BB695A1EFB699A63E6
:20E50000FB691B68002B04D101F02AFC0246FB699A60FB691B69002B11D0FB69103318465E
:20E5200001F00CF80346002B09D0544B4FF080525A60BFF34F8F00BFBFF36F8F00BFFAF780
:20E54000F5F901238CE03B68002B03D1FAF7EEF9002385E07B6A002B06D107F10C031846EF
:20E5600001F0C4F801237B62FAF7E0F900F0AAFCFAF7A4F9FB6993F844305BB2B3F1FF3FAD
:20E5800003D1FB69002283F84420FB6993F845305BB2B3F1FF3F03D1FB69002283F84520B5
:20E5A000FAF7C4F93A4607F10C031146184601F0B3F80346002B33D1F86900F068F9034662
:20E5C000002B27D0FB691B68002B09D1FAF776F9FB699B68184601F0F3F93862FAF7A6F901
:20E5E000FB6924333A681146184600F039FFF86900F0EEF800F074FC0346002B7FF474AF40
:20E600001E4B4FF080525A60BFF34F8F00BFBFF36F8F24E0F86900F0DBF800F061FC63E708
:20E62000F86900F0D5F800F05BFCF86900F02FF90346002B3FF458AF3B6A002B0DD0FAF7B0
:20E640003DF9F86900F01CF87861FB699B687969184601F0DBFAFAF769F9002300E043E759
:20E6600018462837BD4680BDAC1C0200AC1E0200A01A02002C1C0200B41B020000ED00E063
:20E6800080B485B000AF78607B685B6A002B06D07B681B6B1B68C3F10F03FB6001E00023D0
:20E6A000FB60FB6818461437BD465DF8047B704780B586B000AFF860B9607A6000237B6101
:20E6C000FB689B6B3B61FB681B6C002B0DD1FB681B68002B4DD1FB689B68184601F000FA64
:20E6E0007861FB6800229A6043E07B68002B19D1FB685868FB681B6C1A46B96802F0E2FA4B
:20E70000FB685A68FB681B6C1A44FB685A60FB685A68FB689B689A422BD3FB681A68FB68C2
:20E720005A6026E0FB68D868FB681B6C1A46B96802F0C8FAFB68DA68FB681B6C5B421A44CD
:20E74000FB68DA60FB68DA68FB681B689A4207D2FB689A68FB681B6C5B421A44FB68DA60F5
:20E760007B68022B05D13B69002B02D03B69013B3B613B695A1CFB689A637B69184618378B
:20E78000BD4680BD80B582B000AF786039607B681B6C002B18D07B68DA687B681B6C1A4448
:20E7A0007B68DA607B68DA687B689B689A4203D37B681A687B68DA607B68D9687B681B6C6F
:20E7C0001A46386802F07EFA00BF0837BD4680BD80B584B000AF7860FAF770F87B6893F8DA
:20E7E0004530FB731EE07B689B6C002B08D0786800F0FEF80346002B10D000F0F3FF0DE062
:20E800007B685B6A002B12D07B682433184600F095FE0346002B01D000F0E4FFFB7B013B5E
:20E82000DBB2FB7397F90F30002BDCDC00E000BF7B68FF2283F84520FAF778F8FAF73EF820
:20E840007B6893F84430BB7311E07B681B69002B12D07B681033184600F070FE0346002BED
:20E8600001D000F0BFFFBB7B013BDBB2BB7397F90E30002BE9DC00E000BF7B68FF2283F810
:20E880004420FAF753F800BF1037BD4680BD80B584B000AF7860FAF711F87B689B6B002B94
:20E8A00002D10123FB6001E00023FB60FAF73EF8FB6818461037BD4680BD80B584B000AF20
:20E8C0007860F9F7FBFF7B689A6B7B68DB6B9A4202D10123FB6001E00023FB60FAF726F8C9
:20E8E000FB6818461037BD4680BDFFFF80B584B000AF786039600023BB607B68002B06D126
:20E900001D4B1E4A40F619311D48FEF751FC3B68002B24D00023FB601EE01A4AFB68DB0020
:20E9200013445B687A689A4205D1FB68DB00154A1344BB6013E0BB68002B0AD1114AFB6840
:20E9400052F83330002B04D1FB68DB000D4A1344BB60FB680133FB60FB68312BDDD9BB6879
:20E96000002B05D0BB683A681A60BB687A685A6000BF1037BD4680BDA81D0200C01E0200AC
:20E98000A01A0200D4C3002080B586B000AFF860B9607A60FB687B61F9F790FF7B6993F872
:20E9A00044305BB2B3F1FF3F03D17B69002283F844207B6993F845305BB2B3F1FF3F03D194
:20E9C0007B69002283F84520F9F7B0FF7B699B6B002B06D17B6924337A68B968184600F03A
:20E9E00065FD7869FFF7F4FE00BF1837BD4680BD80B586B000AF78607B689B6C3B61002303
:20EA00007B613B69002B06D12B4B2C4A40F624412B48FEF7CDFB3B699A6B3B69DB6B9A424E
:20EA200006D3284B254A40F625412548FEF7C0FB3B699A6B3B69DB6B9A4238D23B6993F8BA
:20EA40004530FB733B1D002219463869FFF730FE786197F90F30B3F1FF3F0ED13B695B6A63
:20EA6000002B24D03B692433184600F067FD0346002B1CD001237B6119E000F041FBB8602D
:20EA800097F90F30BA689A4211D997F90F307F2B06D10D4B094A40F645410948FEF788FB3F
:20EAA000FB7B0133DBB25AB23B6983F845207B6918461837BD4680BDB01D0200D41E0200FB
:20EAC000A01A0200C41D0200081C020080B58CB004AFF860B9607A603B607B689B0018468B
:20EAE000FEF728FE78617B69002B13D07020FEF721FEF861FB69002B08D070220021F869B8
:20EB000002F0D8F8FB697A691A6305E07869FEF7D9FE01E00023FB61FB69002B13D00023E8
:20EB20000393FB690293FB6A0193BB6A00933B687A68B968F86800F00FF8F86900F0A2F8AD
:20EB40000123BB6102E04FF0FF33BB61BB6918462037BD4680BDFFFF80B586B000AFF8607D
:20EB6000B9607A603B60BB6A186B7B689B001A46A52102F09FF8BB6A1A6B7B6803F18043EE
:20EB8000013B9B0013443B613B6923F007033B613B6903F00703002B06D0364B364A40F279
:20EBA00061313648FEF704FBBB6A3A695A64BB68002B20D000237B6114E0BA687B6913443D
:20EBC00093F90010BA6A7B69134434330A461A70BA687B69134493F90030002B06D07B69FB
:20EBE00001337B617B690F2BE7D900E000BFBB6A002283F843203B6A0E2B06D9204B1E4AD3
:20EC000040F296311D48FEF7D3FA3B6A0E2B01D90E233B62BB6A3A6ADA62BB6A3A6A9A6482
:20EC2000BB6A04331846FEF77BFFBB6A18331846FEF776FFBB6ABA6A1A613B6AC3F10F0245
:20EC4000BB6A9A61BB6ABA6A5A62BB6A196B3B68FA683869F9F7D6FD0246BB6A1A607B6AB1
:20EC6000002B02D07B6ABA6A1A6000BF1837BD4680BD00BFF41E020024220200381F020052
:20EC8000641F020080B584B000AF7860F9F716FE404B1B6801333F4A13603F4B1B68002B85
:20ECA00009D13D4A7B6813603A4B1B68012B10D100F0BEFD0DE0394B1B68002B09D1364B63
:20ECC0001B68DA6A7B68DB6A9A4202D8324A7B681360334B1B680133314A13607B68DA6A73
:20ECE000304B1B689A4203D97B68DB6A2D4A13607B68DA6A2C4913469B0013449B000B447B
:20ED000004331B68FB607B68FA689A60FB689A687B68DA60FB689B687A6804325A607B6802
:20ED20001A1DFB689A607B68DA6A13469B0013449B001D4A1A447B685A617B68DA6A1A4945
:20ED400013469B0013449B000B441B68591C164813469B0013449B0003441960F9F7E6FDAF
:20ED60000E4B1B68002B10D00B4B1B68DA6A7B68DB6A9A4209D20D4B4FF080525A60BFF3DB
:20ED80004F8F00BFBFF36F8F00BF00BF1037BD4680BD00BF04C7002064C5002010C7002037
:20EDA00020C700200CC7002068C5002000ED00E080B584B000AF78600023FB607B68002BC3
:20EDC00013D0124B1B68002B06D0114B114A4FF4A4611148FEF7ECF900F074F800217868E0
:20EDE00000F0D2FF00F07CF8F860FB68002B09D10A4B4FF080525A60BFF34F8F00BFBFF30D
:20EE00006F8F00BF00BF1037BD4680BD2CC70020781F02003C220200381F020000ED00E0BD
:20EE200080B584B002AF1D4B019300230093002380221B491B48FFF749FE78607B68012B56
:20EE400002D101F02FF878607B68012B14D101233B603B6883F3108800BF134B4FF0FF32FE
:20EE60001A60124B01221A60114B00221A6001F001F8F9F70BFD0AE07B68B3F1FF3F06D1BE
:20EE80000C4B0D4A4FF402610C48FEF791F90C4B1B6800BF0837BD4680BD00BF28C7002065
:20EEA00000200200FDF7010024C7002010C7002008C700200820020048220200381F02005B
:20EEC000F01E020080B400AF044B1B680133034A136000BFBD465DF8047B70472CC7002019
:20EEE00080B586B000AF00237B6100233B61704B1B68002B06D16F4B6F4A40F693016F4806
:20EF0000FEF756F9F9F7DAFC694B1B68013B684A1360674B1B68002B40F0C380684B1B6846
:20EF2000002B00F0BE808BE0664BDB68DB687B617B699B6ABB607B69DB697A69126A9A6075
:20EF40007B691B6A7A69D2695A60BB685A687B6918339A4203D17B691A6ABB685A607B6983
:20EF600000229A62BB681B685A1EBB681A607B695B697B607B699B687A69D2689A607B6953
:20EF8000DB687A6992685A607B685A687B6904339A4203D17B69DA687B685A607B6900225E
:20EFA0005A617B681B685A1E7B681A607B69DA6A454B1B689A4203D97B69DB6A424A136040
:20EFC0007B69DA6A414913469B0013449B000B4404331B683B607B693A689A603B689A68D0
:20EFE0007B69DA603B689B687A6904325A607B691A1D3B689A607B69DA6A13469B0013444F
:20F000009B00324A1A447B695A617B69DA6A2F4913469B0013449B000B441B68591C2B489C
:20F0200013469B0013449B00034419607B69DA6A274B1B68DB6A9A4202D9264B01221A6003
:20F04000204B1B68002B7FF46FAF7B69002B01D000F06CFC204B1B68FB60FB68002B10D017
:20F0600000F05AF80346002B02D01A4B01221A60FB68013BFB60FB68002BF1D1164B002239
:20F080001A60144B1B68002B0BD001233B61134B4FF080525A60BFF34F8F00BFBFF36F8F26
:20F0A00000BFF9F743FC3B6918461837BD4680BD2CC700201C2002005C220200381F0200A7
:20F0C00004C70020C4C600200CC7002068C5002064C5002018C7002014C7002000ED00E04B
:20F0E00080B483B000AF054B1B687B607B6818460C37BD465DF8047B704700BF08C700208C
:20F1000080B400AF034B1B681846BD465DF8047B704700BF04C7002080B588B000AF002366
:20F12000FB617C4B1B68002B40F0E9807A4B1B680133BB61784ABB691360BB69002B1CD138
:20F14000764B1B681B68002B06D0754B754A40F6F4217548FEF72CF8704B1B687B61734B6F
:20F160001B686E4A1360714A7B691360704B1B6801336F4A136000F0D9FB6E4B1B68BA690E
:20F180009A42C0F0A780654B1B681B68002B04D1684B4FF0FF321A609CE0604B1B68DB687C
:20F1A000DB683B613B695B68FB60BA69FB689A4203D2604AFB6813608CE03B695B69BB6008
:20F1C0003B699B683A69D2689A603B69DB683A6992685A60BB685A683B6904339A4203D103
:20F1E0003B69DA68BB685A603B6900225A61BB681B685A1EBB681A603B699B6A002B1ED04E
:20F200003B699B6A7B603B69DB693A69126A9A603B691B6A3A69D2695A607B685A683B695F
:20F2200018339A4203D13B691A6A7B685A603B6900229A627B681B685A1E7B681A603B696D
:20F24000DA6A3D4B1B689A4203D93B69DB6A3A4A13603B69DA6A394913469B0013449B0077
:20F260000B4404331B683B603B693A689A603B689A683B69DA603B689B683A6904325A60EE
:20F280003B691A1D3B689A603B69DA6A13469B0013449B00294A1A443B695A613B69DA6A10
:20F2A000264913469B0013449B000B441B68591C224813469B0013449B00034419603B69FE
:20F2C000DA6A1F4B1B68DB6A9A427FF65CAF0123FB6158E71A4B1B68DA6A184913469B001C
:20F2E00013449B000B441B68012B01D90123FB61144B1B68002B07D00123FB6104E0124B1F
:20F300001B680133104A1360FB6918462037BD4680BD00BF2CC7002008C70020BCC60020AD
:20F32000502002006C220200381F0200C0C600201CC7002024C700200CC7002068C500207E
:20F3400064C5002018C7002014C7002080B582B000AF394B1B68002B03D0384B01221A602F
:20F3600066E0364B00221A6000F090FD0346344A1360334B1A68334B1B689A4209D9304B39
:20F380001A68304B1B68D11A2F4B1B685A6E0A445A662B4B1B682B4A13602B4B1B681A68D3
:20F3A000294B1B681B6B9A4208D8274B1A68264B1B6834331946104600F054FD234B1B68DE
:20F3C0007B600CE07B68002B06D1214B214A40F633412148FDF7ECFE7B68013B7B601F4957
:20F3E0007A6813469B0013449B000B441B68002BE8D07A6813469B0013449B00174A134410
:20F400003B603B685B685A683B685A603B685A683B6808339A4203D13B68DA683B685A6097
:20F420003B685B68DB68084A1360084A7B68136000BF0837BD4680BD2CC7002018C7002066
:20F4400034C7002030C7002064C500200CC70020C820020080220200381F020068C500200A
:20F4600080B582B000AF786039607B68002B06D10A4B0B4A40F64B410A48FDF799FE0A4B82
:20F480001B68183319467868FEF757FB0121386800F07AFC00BF0837BD4680BDD8200200B8
:20F4A00094220200381F020064C5002080B586B000AFF860B9607A60FB68002B06D11B4BC2
:20F4C0001B4A40F681411B48FDF772FEFB685B687B61194B1B687A69DA61174B1B687A6939
:20F4E00092681A62144B1A687B699B6818325A60114B1B6803F118027B699A600E4B1B6823
:20F50000FA689A62FB681B685A1CFB681A607B68002B02D04FF0FF33BB607968B86800F0F7
:20F5200033FC00BF1837BD4680BD00BFD8200200AC220200381F020064C5002080B588B0B6
:20F5400000AF78607B68DB68DB68BB61BB69002B06D15D4B5D4A40F6B1415D48FDF728FE43
:20F56000BB699B6A7B61BB69DB69BA69126A9A60BB691B6ABA69D2695A607B695A68BB69FA
:20F5800018339A4203D1BB691A6A7B695A60BB6900229A627B691B685A1E7B691A604D4B13
:20F5A0001B68002B5FD1BB695B69FB60BB699B68BA69D2689A60BB69DB68BA6992685A606E
:20F5C000FB685A68BB6904339A4203D1BB69DA68FB685A60BB6900225A61FB681B685A1E19
:20F5E000FB681A60BB69DA6A3B4B1B689A4203D9BB69DB6A384A1360BB69DA6A3749134666
:20F600009B0013449B000B4404331B68BB60BB69BA689A60BB689A68BB69DA60BB689B6850
:20F62000BA6904325A60BB691A1DBB689A60BB69DA6A13469B0013449B00284A1A44BB69FD
:20F640005A61BB69DA6A254913469B0013449B000B441B68591C214813469B0013449B009D
:20F66000034419601BE01E4B5B683B61BB693A69DA613B699A68BB691A623B699B68BA69F5
:20F6800018325A60BB6903F118023B699A60BB69134A9A62124B1B680133114A1360BB6913
:20F6A000DA6A104B1B68DB6A9A4205D90123FB610D4B01221A6001E00023FB61FB69184692
:20F6C0002037BD4680BD00BFE4200200CC220200381F02002CC700200CC7002068C5002032
:20F6E000C4C6002064C5002018C7002080B483B000AF7860064B1A687B681A60054B1A6828
:20F700007B685A6000BF0C37BD465DF8047B70471CC7002008C7002080B586B000AF7860D8
:20F7200039607B68002B06D1284B294A40F62C512848FDF73DFD3B68002B06D1264B244A90
:20F7400040F62D512348FDF733FDF9F7B7F8234B1B683B617B685B683A69D31AFB603B6806
:20F760001B68B3F1FF3F02D100237B6126E07B681A681B4B1B689A420AD07B685B683A69FF
:20F780009A4205D301237B613B6800221A6015E03B681B68FA689A420BD23B681A68FB68B8
:20F7A000D21A3B681A607868FFF7A0FF00237B6104E03B6800221A6001237B61F9F7B6F80B
:20F7C0007B6918461837BD4680BD00BFF4200200E8220200381F02000021020008C700200C
:20F7E0001CC7002080B400AF034B01221A6000BFBD465DF8047B704718C7002080B582B085
:20F8000000AF786000F054F8074B1B68012BF9D9064B4FF080525A60BFF34F8F00BFBFF335
:20F820006F8F00BFEEE700BF68C5002000ED00E080B582B000AF00237B600CE07A68134622
:20F840009B0013449B00124A13441846FEF748F97B6801337B607B680E2BEFD90D48FEF7B4
:20F860003FF90D48FEF73CF90C48FEF739F90C48FEF736F90B48FEF733F90B4B054A1A604B
:20F880000A4B054A1A6000BF0837BD4680BD00BF68C5002094C60020A8C60020C4C600204E
:20F8A000D8C60020F0C60020BCC60020C0C6002080B582B000AF19E0F9F700F8104BDB68D7
:20F8C000DB687B607B6804331846FEF76FF90D4B1B68013B0B4A13600B4B1B68013B0A4AED
:20F8E0001360F9F723F8786800F010F8064B1B68002BE1D100BF00BF0837BD4680BD00BF45
:20F90000D8C6002004C70020ECC6002080B582B000AF78607B681B6B1846FDF7D3FF786811
:20F92000FDF7D0FF00BF0837BD4680BD80B400AF0A4B1B681B68002B04D1094B4FF0FF32C4
:20F940001A6005E0054B1B68DB681B68044A136000BFBD465DF8047B704700BFBCC6002040
:20F9600024C7002080B483B000AF054B1B687B607B6818460C37BD465DF8047B704700BFE7
:20F9800064C5002080B483B000AF0B4B1B68002B02D101237B6008E0084B1B68002B02D176
:20F9A00002237B6001E000237B607B6818460C37BD465DF8047B704710C700202CC700204C
:20F9C00080B586B000AF78607B683B6100237B617B68002B79D03B69DA6A3E4B1B68DB6A27
:20F9E0009A4269D23B699B69002B06DB394B1B68DB6AC3F10F023B699A613B6959693B6982
:20FA0000DA6A13469B0013449B00334A134499424AD13B6904331846FEF7C8F82D4B1B6809
:20FA2000DA6A3B69DA623B69DA6A2C4B1B689A4203D93B69DB6A294A13603B69DA6A2649E2
:20FA400013469B0013449B000B4404331B68FB603B69FA689A60FB689A683B69DA60FB68B6
:20FA60009B683A6904325A603B691A1DFB689A603B69DA6A13469B0013449B00164A1A442C
:20FA80003B695A613B69DA6A134913469B0013449B000B441B68591C0F4813469B001344F4
:20FAA0009B000344196004E00A4B1B68DA6A3B69DA6201237B6108E03B699A6C054B1B68A6
:20FAC000DB6A9A4201D201237B617B6918461837BD4680BD64C5002068C500200CC70020D8
:20FAE00080B586B000AF78607B683B6100237B617B68002B76D03E4B1B683A699A4206D0E1
:20FB00003C4B3D4A41F28C013C48FDF751FB3B69DB6C002B06D13A4B374A41F28D01374820
:20FB2000FDF746FB3B69DB6C5A1E3B69DA643B69DA6A3B699B6C9A4254D03B69DB6C002BA2
:20FB400050D13B6904331846FEF730F83B699A6C3B69DA623B69DB6AC3F10F023B699A6157
:20FB60003B69DA6A274B1B689A4203D93B69DB6A244A13603B69DA6A234913469B00134487
:20FB80009B000B4404331B68FB603B69FA689A60FB689A683B69DA60FB689B683A690432E4
:20FBA0005A603B691A1DFB689A603B69DA6A13469B0013449B00144A1A443B695A613B69C6
:20FBC000DA6A114913469B0013449B000B441B68591C0D4813469B0013449B00034419605F
:20FBE00001237B617B6918461837BD4680BD00BF64C500202821020000230200381F020063
:20FC0000402102000CC7002068C5002080B588B000AF786039607B68BB6101237B617B68D2
:20FC2000002B00F08B80BB69DB6C002B06D1454B454A41F2DC014548FDF7BAFABB699B6CA2
:20FC40003A689A4202D93B68FB6102E0BB699B6CFB61BB69DB6AFA699A426FD0BB69DB6C91
:20FC60007A699A426AD13A4B1B68BA699A4206D1384B354A41F2F7013448FDF799FABB6958
:20FC8000DB6A3B61BB69FA69DA62BB699B69002B04DBFB69C3F10F02BB699A61BB69596960
:20FCA0003A6913469B0013449B002B4A1344994244D1BB6904331846FDF778FFBB69DA6A73
:20FCC000264B1B689A4203D9BB69DB6A234A1360BB69DA6A204913469B0013449B000B4429
:20FCE00004331B68FB60BB69FA689A60FB689A68BB69DA60FB689B68BA6904325A60BB690F
:20FD00001A1DFB689A60BB69DA6A13469B0013449B00114A1A44BB695A61BB69DA6A0E49AA
:20FD200013469B0013449B000B441B68591C0A4813469B0013449B000344196000BF203788
:20FD4000BD4680BD4021020018230200381F020064C500205821020068C500200CC7002066
:20FD600080B400AF074B1B68002B04D0054B1B68DA6C0132DA64034B1B681846BD465DF8BB
:20FD8000047B704764C5002080B586B000AF786039602E4B1B687B612D4B1B6804331846F1
:20FDA000FDF704FF7B68B3F1FF3F24D13B68002B21D0284B5B683B61254B1B683A699A6071
:20FDC000234B1B683A699268DA60214B1A683B699B6804325A601E4B1B681A1D3B699A6015
:20FDE0001B4B1B681B4A5A611A4B1B680133194A136000BF26E07A697B681344FB60144B6C
:20FE00001B68FA685A60FA687B699A4209D2124B1A680F4B1B68043319461046FDF78DFE1F
:20FE200010E00E4B1A680A4B1B68043319461046FDF783FE0A4B1B68FA689A4202D2084A82
:20FE4000FB68136000BF1837BD4680BD08C7002064C50020F0C60020C0C60020BCC6002028
:20FE600024C7002080B483B000AF7860396000BE00BFFDE780B400AF034B01221A6000BF02
:20FE8000BD465DF8047B7047001000E080B400AF034B5B681846BD465DF8047B704700BF45
:20FEA000001000E080B584B002AF00237B6000F0ADFA0F4B1B68002B0AD00E4B01930323AE
:20FEC0000093002380220C490C48FEF7FFFD78607B68002B06D10A4B0A4A40F219110A481C
:20FEE000FDF766F97B6818460837BD4680BD00BF68C700206CC700203C23020069000200C2
:20FF000044230200F02302004C23020080B588B002AFF860B9607A603B602820FDF70AFCAC
:20FF200078617B69002B0DD07B69002283F824207B6901933B6A00933B687A68B968F86881
:20FF400000F006F87B6918461837BD4680BDFFFF80B584B000AFF860B9607A603B60BB68C3
:20FF6000002B06D1144B154A40F26B111448FDF71FF900F04BFAFB69FA681A60FB69BA68B0
:20FF80009A61FB693A68DA61FB69BA691A62FB6904331846FDF7C4FD7B68002B08D0FB692A
:20FFA00093F8243043F00403DAB2FB6983F8242000BF1037BD4680BD782302000824020068
:20FFC0004C23020080B584B000AFF860B9607A6008E0FB689B69BA681344BB60FB681B6A82
:20FFE000F8689847FB689A69BB68D118BB687A68F86800F0E1F80346002BEAD100BF00BF75
:020000040002F8
:200000001037BD4680BDFFFF80B584B000AF78603960144B1B68DB68DB68FB60FB68043375
:200020001846FDF7C3FDFB6893F8243003F00403002B05D03A687968F868FFF7C3FF08E0EF
:20004000FB6893F8243023F00103DAB2FB6883F82420FB681B6AF868984700BF1037BD4669
:2000600080BD00BF60C7002080B584B000AF786007F10803184600F05BF8F860BB681946CF
:20008000F86800F005F800F0D9F800BFF0E7FFFF80B584B000AF78603960FEF713FF07F136
:2000A0000803184600F068F8F860BB68002B31D13B68002B0AD17A68FB689A4206D8FEF742
:2000C0000FFFF9687868FFF79FFF26E03B68002B08D0144B1B681B68002B01D1012300E02B
:2000E00000233B60104B18687A68FB68D31A3A681946FEF749FCFEF7F3FE0346002B0CD1C3
:200100000A4B4FF080525A60BFF34F8F00BFBFF36F8F02E0FEF7E4FEFFE700BF1037BD4618
:2001200080BD00BF64C7002068C7002000ED00E080B485B000AF78600E4B1B681B68002BE2
:2001400001D1012200E000227B681A607B681B68002B05D1074B1B68DB681B68FB6001E00D
:200160000023FB60FB6818461437BD465DF8047B704700BF60C7002080B584B000AF786071
:20018000FEF7AEFFF8600B4B1B68FA689A4205D200F016F97B6801221A6002E07B68002211
:2001A0001A60044AFB681360FB6818461037BD4680BD00BF70C7002080B586B000AFF860D1
:2001C000B9607A603B6000237B61FB68BA685A60FB68FA681A61BA687B689A4212D87A6866
:2001E0003B68D21AFB689B699A4202D301237B611BE0104B1A68FB68043319461046FDF73D
:200200009CFC12E07A683B689A4206D2BA683B689A4202D301237B6107E0074B1A68FB6887
:20022000043319461046FDF788FC7B6918461837BD4680BD64C7002060C7002080B586B08C
:2002400000AFA4E07B68002BC0F2A180FB687B617B695B69002B04D07B6904331846FDF737
:20026000A5FC3B461846FFF787FF38617B68013B082B00F2898001A252F823F0A1020200F7
:20028000A1020200090302001D0302005F030200A1020200A1020200090302001D030200AB
:2002A0007B6993F8243043F00103DAB27B6983F82420BA687B699B69D118BB683A6978697B
:2002C000FFF77AFF0346002B60D07B6993F8243003F00403002B09D0BA687B699B691344E9
:2002E0003A6919467869FFF76DFE08E07B6993F8243023F00103DAB27B6983F824207B69E5
:200300001B6A7869984741E07B6993F8243023F00103DAB27B6983F8242038E07B6993F8E7
:20032000243043F00103DAB27B6983F82420BA687B699A617B699B69002B06D11C4B1D4A4A
:200340004FF45D711C48FCF733FF7B699A693B69D1183B693A697869FFF72EFF17E07B6969
:2003600093F8243003F00203002B03D17869FDF7A9FA0CE07B6993F8243023F00103DAB2DD
:200380007B6983F8242002E000BF00E000BF0B4B1B68391D00221846FDF79CFF0346002BC8
:2003A0007FF450AF00BF00BF1837BD4680BD00BFC0230200202402004C23020068C7002014
:2003C00080B582B000AF09E00E4B1B68DB681B683B604FF0FF313868FFF716FE094B1B68F1
:2003E0001B68002BF0D1074B1B687B60064B1B68044A1360044A7B68136000BF0837BD46A4
:2004000080BD00BF60C7002064C7002080B500AFF8F754FA124B1B68002B1DD11148FDF7E7
:200420005FFB1148FDF75CFB104B0E4A1A60104B0D4A1A6000220C210A20FDF771FC034642
:20044000074A1360064B1B68002B05D0044B1B6808491846FEF74AFAF8F768FA00BF80BDFD
:2004600068C7002038C700204CC7002060C7002064C70020E823020081F0004102E000BFE9
:2004800083F0004330B54FEA41044FEA430594EA050F08BF90EA020F1FBF54EA000C55EA77
:2004A000020C7FEA645C7FEA655C00F0E2804FEA5454D4EB5555B8BF6D420CDD2C4480EA56
:2004C000020281EA030382EA000083EA010180EA020281EA0303362D88BF30BD11F0004F06
:2004E0004FEA01314FF4801C4CEA113102D0404261EB410113F0004F4FEA03334CEA13331B
:2005000002D0524263EB430394EA050F00F0A780A4F10104D5F1200E0DDB02FA0EFC22FAA0
:2005200005F2801841F1000103FA0EF2801843FA05F359410EE0A5F120050EF1200E012A94
:2005400003FA0EFC28BF4CF0020C43FA05F3C01851EBE37101F0004507D54FF0000EDCF19A
:20056000000C7EEB00006EEB0101B1F5801F1BD3B1F5001F0CD349085FEA30004FEA3C0C89
:2005800004F101044FEA445212F5800F80F09A80BCF1004F08BF5FEA500C50F1000041EB9D
:2005A000045141EA050130BD5FEA4C0C404141EB0101013C28BFB1F5801FE9D291F0000FC4
:2005C00004BF01460020B1FA81F308BF2033A3F10B03B3F120020CDA0C3208DD02F1140C34
:2005E000C2F10C0201FA0CF021FA02F10CE002F11402D8BFC2F1200C01FA02F120FA0CFCBA
:20060000DCBF41EA0C019040E41AA2BF01EB0451294330BD6FEA04041F3C1CDA0C340EDC62
:2006200004F11404C4F1200220FA04F001FA02F340EA030021FA04F345EA030130BDC4F1C4
:200640000C04C4F1200220FA02F001FA04F340EA0300294630BD21FA04F0294630BD94F03D
:20066000000F83F4801306BF81F480110134013D4EE77FEA645C18BF7FEA655C29D094EA4D
:20068000050F08BF90EA020F05D054EA000C04BF1946104630BD91EA030F1EBF00210020C5
:2006A00030BD5FEA545C05D14000494128BF41F0004130BD14F580043CBF01F5801130BD72
:2006C00001F0004545F0FE4141F470014FF0000030BD7FEA645C1ABF194610467FEA655CBD
:2006E0001CBF0B46024650EA013406BF52EA033591EA030F41F4002130BD00BF90F0000FC0
:2007000004BF0021704730B54FF4806404F132044FF000054FF0000150E700BF90F0000FFE
:2007200004BF0021704730B54FF4806404F1320410F0004548BF40424FF000013EE700BFF5
:2007400042004FEAE2014FEA31014FEA02701FBF12F07F4393F07F4F81F06051704732F037
:200760007F4208BF704793F07F4F04BF41F40021704730B54FF4607401F0004521F0004195
:200780001CE700BF50EA010208BF704730B54FF000050AE050EA010208BF704730B511F028
:2007A000004502D5404261EB41014FF4806404F132045FEA915C3FF4D8AE4FF003025FEA3F
:2007C000DC0C18BF03325FEADC0C18BF033202EBDC02C2F1200300FA03FC20FA02F001FA47
:2007E00003FE40EA0E0021FA02F11444BDE600BF70B54FF0FF0C4CF4E06C1CEA11541DBFB6
:200800001CEA135594EA0C0F95EA0C0F00F0DEF82C4481EA030621EA4C5123EA4C5350EAFF
:20082000013518BF52EA033541F4801143F4801338D0A0FB02CE4FF00005E1FB02E506F037
:200840000042E0FB03E54FF00006E1FB03569CF0000F18BF4EF0010EA4F1FF04B6F5007F98
:2008600064F5407404D25FEA4E0E6D4146EB060642EAC62141EA55514FEAC52040EA5E502B
:200880004FEACE2EB4F1FD0C88BFBCF5E06F1ED8BEF1004F08BF5FEA500E50F1000041EB5F
:2008A000045170BD06F0004646EA010140EA020081EA0301B4EB5C04C2BFD4EB0C0541EA32
:2008C000045170BD41F480114FF0000E013C00F3AB8014F1360FDEBF002001F0004170BDC2
:2008E000C4F10004203C35DA0C341BDC04F11404C4F1200500FA05F320FA04F001FA05F2C4
:2009000040EA020001F0004221F0004110EBD37021FA04F642EB06015EEA430E08BF20EA35
:20092000D37070BDC4F10C04C4F1200500FA04F320FA05F001FA04F240EA020001F0004159
:2009400010EBD37041F100015EEA430E08BF20EAD37070BDC4F1200500FA05F24EEA020E39
:2009600020FA04F301FA05F243EA020321FA04F001F0004121FA04F220EA020000EBD370B6
:200980005EEA430E08BF20EAD37070BD94F0000F0FD101F00046400041EB010111F4801FC1
:2009A00008BF013CF7D041EA060195F0000F18BF704703F00046520043EB030313F4801FB3
:2009C00008BF013DF7D043EA0603704794EA0C0F0CEA135518BF95EA0C0F0CD050EA410699
:2009E00018BF52EA4306D1D181EA030101F000414FF0000070BD50EA410606BF10461946F1
:200A000052EA430619D094EA0C0F02D150EA013613D195EA0C0F05D152EA03361CBF104691
:200A200019460AD181EA030101F0004141F0FE4141F470014FF0000070BD41F0FE4141F4B4
:200A4000780170BD70B54FF0FF0C4CF4E06C1CEA11541DBF1CEA135594EA0C0F95EA0C0F0D
:200A600000F0A7F8A4EB050481EA030E52EA03354FEA013100F088804FEA03334FF0805579
:200A800045EA131343EA12634FEA022245EA111545EA10654FEA00260EF000419D4208BFC5
:200AA000964244F1FD0404F5407402D25B084FEA3202B61A65EB03055B084FEA32024FF49C
:200AC00080104FF4002CB6EB020E75EB030E22BFB61A754640EA0C005B084FEA3202B6EBE2
:200AE000020E75EB030E22BFB61A754640EA5C005B084FEA3202B6EB020E75EB030E22BFB0
:200B0000B61A754640EA9C005B084FEA3202B6EB020E75EB030E22BFB61A754640EADC0020
:200B200055EA060E18D04FEA051545EA16754FEA06164FEAC30343EA52734FEAC2025FEAE1
:200B40001C1CC0D111F4801F0BD141EA00014FF000004FF0004CB6E711F4801F04BF01430E
:200B60000020B4F1FD0C88BFBCF5E06F3FF6AFAEB5EB030C04BFB6EB020C5FEA500C50F1C7
:200B8000000041EB045170BD0EF0004E4EEA113114EB5C04C2BFD4EB0C0541EA045170BD84
:200BA00041F480114FF0000E013C90E645EA060E8DE60CEA135594EA0C0F08BF95EA0C0F61
:200BC0003FF43BAF94EA0C0F0AD150EA01347FF434AF95EA0C0F7FF425AF104619462CE716
:200BE00095EA0C0F06D152EA03353FF4FDAE1046194622E750EA410618BF52EA43067FF424
:200C0000C5AE50EA41047FF40DAF52EA43057FF4EBAE12E74FEA4102B2F1E04324BFB3F55D
:200C2000001CDCF1FE5C0DD901F0004C4FEAC0024CEA5070B2F1004F40EB830008BF20F0E6
:200C40000100704711F0804F21D113F13872BCBF01F00040704741F480114FEA5252C2F1B3
:200C60001802C2F1200C10FA0CF320FA02F018BF40F001004FEAC1234FEAD32303FA0CFC0D
:200C800040EA0C0023FA02F34FEA4303CCE77FEA625307D150EA01331EBF4FF0FE4040F4E8
:200CA0004000704701F0004040F0FE4040F40000704700BF02440346934200D1704703F80D
:200CC000011BF9E70A44431E914200D1704710B511F8014B914203F8014FF9D110BDFFFF41
:200CE00000000605352E362E300000004275696C7420776974682052656E657361732041C4
:200D00006476616E63656420466C657869626C6520536F667477617265205061636B6167E1
:200D2000652076657273696F6E20352E362E3000F8B500BFF8BC08BC9E467047F8B500BF26
:200D4000F8BC08BC9E4670475FF800F0A90300205FF800F0350300205FF800F0F90100206D
:200D60005FF800F0810100204454555F43414E5F54785F5461736B004454555F55415254C7
:200D80005F54785F5461736B000000004454555F446973705F5461736B0000004454555F1C
:200DA000554152545F52785F5461736B000000004454555F43414E5F52785F5461736B00A3
:200DC000537754696D65725F5461736B00FFFFFF3F0006005B004F0066006D007D00070013
:200DE0007F006F000000FFFFFF031E00F706BF069E07BD07FD071F02FF079F073F0906019C
:200E00001B060F0426062D063D0601113F06270637068F1439008F10390231023D043606D5
:200E200089101E0030233800760176203F0033063F2033264D0481103E0030093628402913
:200E4000401109090800FFFF390037003300FFFF0D00D5000E006B007F00FF003D01D70397
:200E6000B101AE01EA02FFFF303132333435363738394142434445464748494A4B4C4D4E31
:200E80004F505152535455565758595A5FFFFFFF4B044B054B064B074B034B014B024A0489
:200EA0004A054A064A074A034A014A0249044905490649074903490149024E074E064E0547
:200EC0004E044E014E034E024D074D064D054D044D014D034D020A040A050A060A070A024F
:200EE0000A000A010904090509060907090209000901080408050806080708020800080134
:200F00000704070507060707070207000701060406050606060706020600060142044205B7
:200F2000420642074203420243064305430442004201400040014002400341074106410262
:200F40004101410041044105450045014502450346074606460346024601460446054C0017
:200F60004C014C024C034C074C064507450645054C044C050507040304010505050604022D
:200F80000407030303070405040603010302030602060100020400000201020202030207ED
:200FA000020502000101010301070003000101040102010501060002250326062604250458
:200FC000240124032507250625022402250124002505250027072803280026002605260789
:200FE000260327062802260228012601270527042A072A022A00290029052907290329023D
:201000002A0629062A05290429012A042B032C072C042B042A012A032B072B022C062B06E3
:201020002C052B052B012B002D032E062E042D042C012C032D072D062D022C022D012C00B7
:201040002D052D002F072F032F002E002E052E072E032F062F022E022F012E012F052F0477
:20106000310731023100300030053007300330023106300631053004300131043203330727
:201080003304320431013103320732023306320633053205320132003403350635043404E8
:2010A0003301330334073406340233023401330034053400360736033600350035053507BA
:2010C000350336063602350236013501360536043807380238003700370537073703370276
:2010E00038063706380537043701380439033A073A04390438013803390739023A06390623
:201100003A053905390139003B033C063C043B043A013A033B073B063B023A023B013A00F6
:201120003B053B003D073D033D003C003C053C073C033D063D023C023D013C013D053D04B6
:2011400023042204220622032303230123002305220023022201230723062202210020003E
:201160002003210722072205210121052104210220012103210620021F001E001E021F0733
:201180002007200520041F011F0420061F051F031F021F061E041D041D071D031E031E0123
:2011A0001E051D011D001E061D051E071D021D061C041B041B061B031C031C011C001C052D
:2011C0001B001C021B011C071C061B021A00190019031A071B071B051A011A051A041A0232
:2011E00019011A031A0619021800170017021807190719051904180118041906180518032F
:20120000180218061704160416071603170317011705160116001706160517071602160626
:2012200015041404140614031503150115001505140015021401150715061402130012003D
:20124000120313071407140513011305130413021201130313061202110010001002110732
:20126000120712051204110111041206110511031102110610040F040F070F031003100122
:2012800010050F010F0010060F0510070F020F060E040D040D060D030E030E010E000E052C
:2012A0000D000E020D010E070E060D020C000B000B030C070D070D050C010C050C040C0231
:2012C0000B010C030C060B02524556455253452041535349535400005052455353205000C4
:2012E000464F52574152442041535349535400005550444154494E475F5F5F5F000000000A
:20130000FF00FD8100C0FD90A5B0C8E7FCE9F0F8E00040FF040900010500010400000400F7
:201320000002000000000301000302000000000000000000000000000000000000000000A2
:201340000000000000000000000000000000000000000000000000000000FFFFDFDF0000D1
:2013600000000000000000000000000000000000000000000000000080F0FA020000000001
:2013800040787D0102021400090A010000000000381302000000000000000000000000009E
:2013A00000000000000000000000000000000000000000000000FFFFDFDF00000000000071
:2013C000000000000000000000000000000000000000000020A107000000000090D00300E2
:2013E00001021300E109010000000000941302000000000000000000000000000000000043
:20140000000000000000000000000000000000000000FFFFDFDF0000000000000000000010
:201420000000000000000000000000000200000050C3000000000000A861000004FFDF00AC
:201440000000000000000000F0130200060803030101000000000000000000000000000071
:2014600000010000F80800200F00FFFF00000000FFFF000000020000010D020E020F0210FD
:201480000000000000000000090C01000000000060140200010000000000000100000000BE
:2014A00000090A0B0C02020202000000010000000000000000000000E90801000000000007
:2014C0009414020005FFFFFFFC080020C414020070210020C8140200E018020006FFFFFFD6
:2014E0000C090020DC14020078210020E0140200E0180200010000FF0305060708020202F9
:201500000200000001000000E8140200D01402008507010000000000F4140200000000004D
:201520002C0900204C090020000000002000000000000000000000000000000000000000C1
:201540001C09002041030100000000001C1502000200010200000000000000000080000049
:20156000010000000000000002000000008000000300000000000000040000000080000061
:201580000D000000008000000E000000008000000F00000000000104000100000000010416
:2015A000010100000000000002010000050000000301000000000000040100000000000018
:2015C0000501000004000000060100000400000007010000000001000801000000040106D9
:2015E00009010000000401060A010000000001060B010000050400000C010000050000009D
:201600000D010000000001000102000005000000050200000400000006020000040000009C
:20162000070200000504000008020000000001000C020000000001000D020000000001006E
:20164000000300000000000001030000000000000203000005040000030300000504000066
:2016600004030000040000000004000000000110010400000000011002040000040000002A
:2016800007040000000C010508040000000C010509040000000C01050A040000050C0000D1
:2016A0000B04000004000000000500002B0000005415020000000000A100A400A500A200F0
:2016C000A3009201930194019501C401C501C801C701800181018201830131003000CF00BF
:2016E000D80000000000000000000000000000000000000000000000000000000000000012
:201700000000000000000000000000000000000000000000000000000000000000000000C9
:201720000000000000000000000000000000000000000000000000000000000000000000A9
:20174000000000000000000000000000000000000000000000000000000000000000000089
:2017600000000000000000000000000000000000000000000000000075635356434E756D75
:20178000626572203C3D2033000000002E2E2F72612F6673702F7372632F726D5F6672652D
:2017A0006572746F735F706F72742F706F72742E630000002828285343425F5479706520E2
:2017C0002A2920282830784530303045303030554C29202B20307830443030554C29202930
:2017E0002D3E49435352202620283078314646554C202929203D3D203000000075784372BB
:2018000069746963616C4E657374696E67000000756C43757272656E745072696F726974CD
:2018200079203E3D2028282828312929203C3C202838202D2034292929203E3E20283820E1
:201840002D203429000000005F5F4E5649435F4765745072696F7269747947726F75706999
:201860006E672829203C3D202838202D203429202D20310076506F727453564348616E643F
:201880006C65725F4300FFFF76506F7274456E746572437269746963616C00FF76506F727B
:2018A0007445786974437269746963616C00FFFF76506F727456616C6964617465496E7481
:2018C0006572727570745072696F7269747900FFFFFF00FF010203FF020403040404FFFFF0
:2018E00009BB010079BB0100BDBB010091BC0100ADBC010061BC01007BBC0100D1BC0100D9
:20190000A1BD010069BD010085BD010036E0014038E0014090E4014032E0014080E40140A1
:201920002AE001404AE00140010002000800100028202820282073697A655F742029207097
:20194000784E6577426C6F636B4C696E6B2029202620282030783030303720292029203D17
:201960003D2030002E2E2F72612F6177732F4672656552544F532F4672656552544F532FE1
:20198000536F757263652F706F727461626C652F4D656D4D616E672F686561705F342E638C
:2019A0000000000028202820282073697A655F74202920707652657475726E202920262043
:2019C000282073697A655F74202920282030783030303720292029203D3D20300000000095
:2019E00028202820282070784C696E6B2D3E78426C6F636B53697A65202920262028202811
:201A000020282073697A655F74202920312029203C3C202820282073697A656F662820735A
:201A2000697A655F742029202A202820282073697A655F742029203820292029202D2031E9
:201A400020292029202920213D2030202920213D2030000070784C696E6B2D3E70784E654A
:201A6000787446726565426C6F636B203D3D202828766F6964202A29302900FF7076506FE1
:201A800072744D616C6C6F6300FFFFFF76506F72744672656500FFFF707851756575650083
:201AA0002E2E2F72612F6177732F4672656552544F532F4672656552544F532F536F757284
:201AC00063652F71756575652E6300007852657475726E20213D20282028202820426173D5
:201AE00065547970655F7420292030202920290070784E65775175657565000070784D7520
:201B0000746578007848616E646C6500212820282070764974656D546F5175657565203D65
:201B20003D202828766F6964202A2930292029202626202820707851756575652D3E757818
:201B40004974656D53697A6520213D2028205542617365547970655F7420292030552029F9
:201B600020290000212820282078436F7079506F736974696F6E203D3D2028202820426116
:201B80007365547970655F742029203220292029202626202820707851756575652D3E752A
:201BA000784C656E67746820213D203120292029000000002128202820785461736B476582
:201BC000745363686564756C657253746174652829203D3D2028202820426173655479709E
:201BE000655F742029203020292029202626202820785469636B73546F5761697420213D62
:201C0000203020292029000028206354784C6F636B202920213D2028202820696E74385F89
:201C2000742029203132372029000000707851756575652D3E75784974656D53697A652055
:201C40003D3D2030000000002128202820707851756575652D3E706348656164203D3D20B2
:201C60002828766F6964202A2930292029202626202820707851756575652D3E752E7853B3
:201C8000656D6170686F72652E784D75746578486F6C64657220213D202828766F6964201C
:201CA0002A29302920292029000000002820707851756575652029002128202820282070FF
:201CC000764275666665722029203D3D202828766F6964202A293029202920262620282046
:201CE00028207078517565756520292D3E75784974656D53697A6520213D20282055426106
:201D00007365547970655F7420292030552029202900000021282028207076427566666577
:201D200072203D3D202828766F6964202A2930292029202626202820707851756575652D72
:201D40003E75784974656D53697A6520213D2028205542617365547970655F74202920306A
:201D6000552029202900000028206352784C6F636B202920213D2028202820696E74385F25
:201D8000742029203132372029000000707851756575652D3E75784974656D53697A6520F4
:201DA000213D203000000000785175657565000070785175657565536574436F6E74616981
:201DC0006E65720070785175657565536574436F6E7461696E65722D3E75784D65737361B1
:201DE00067657357616974696E67203C2070785175657565536574436F6E7461696E657299
:201E00002D3E75784C656E67746800FF78517565756547656E65726963526573657400FFCD
:201E200078517565756547656E6572696343726561746500785175657565476976654D754A
:201E400074657852656375727369766500FFFFFF78517565756554616B654D757465785215
:201E6000656375727369766500FFFFFF78517565756547656E6572696353656E6400FFFF3D
:201E800078517565756547656E6572696353656E6446726F6D49535200FFFFFF785175655C
:201EA00075655265636569766500FFFF78517565756553656D6170686F726554616B6500E1
:201EC000765175657565416464546F5265676973747279007072764E6F7469667951756566
:201EE0007565536574436F6E7461696E657200FF0E00000028202820282075696E7433322F
:201F00005F742029207078546F704F66537461636B202620282075696E7433325F742029D0
:201F200020282030783030303720292029203D3D2030554C202900002E2E2F72612F6177FF
:201F4000732F4672656552544F532F4672656552544F532F536F757263652F7461736B7327
:201F60002E63000075785072696F72697479203C2028313529000000757853636865647505
:201F80006C657253757370656E646564203D3D2028205542617365547970655F74202920A3
:201FA00030550000707850726576696F757357616B6554696D65000028207854696D6549A8
:201FC0006E6372656D656E74203E20305520290075784E65775072696F72697479203C2064
:201FE0002831352900000000785461736B000000785461736B546F526573756D65000000E0
:2020000049444C45000000007852657475726E20213D2028202D312029000000757853637A
:20202000686564756C657253757370656E64656420213D2028205542617365547970655F55
:20204000742029203055000070785443420000002820282028202820707844656C61796501
:20206000645461736B4C69737420292D3E75784E756D6265724F664974656D73203D3D2052
:2020800028205542617365547970655F74202920302029203F20282028204261736554797A
:2020A00070655F74202920312029203A202820282042617365547970655F742029203020E2
:2020C00029202920290000007578546F705072696F7269747900000070784576656E744C8D
:2020E000697374007078556E626C6F636B65645443420000707854696D654F757400000089
:2021000070785469636B73546F57616974000000707854434220213D202828766F69642000
:202120002A293029000000007078544342203D3D20707843757272656E74544342000000D4
:2021400070785443422D3E75784D75746578657348656C6400000000707854434220213DBF
:2021600020707843757272656E745443420000007578496E646578546F57616974203C20E2
:20218000283129007578496E646578546F4E6F74696679203C2028312900000078546173FE
:2021A0006B546F4E6F74696679000000785469636B436F756E74203D3D2028205469636BDF
:2021C000547970655F742029203000002820282026282070785443422D3E784576656E744D
:2021E0004C6973744974656D202920292D3E7078436F6E7461696E65722029203D3D202801
:2022000028766F6964202A29302900007578496E646578546F436C656172203C202831298B
:2022200000FFFFFF707276496E697469616C6973654E65775461736B00FFFFFF76546173E6
:202240006B44656C617900FF765461736B53746172745363686564756C65720078546173CF
:202260006B526573756D65416C6C00FF785461736B496E6372656D656E745469636B00FF30
:20228000765461736B537769746368436F6E7465787400FF765461736B506C6163654F6E34
:2022A0004576656E744C69737400FFFF765461736B506C6163654F6E4576656E744C6973AD
:2022C000745265737472696374656400785461736B52656D6F766546726F6D4576656E7462
:2022E0004C69737400FFFFFF785461736B436865636B466F7254696D654F757400FFFFFF71
:20230000785461736B5072696F72697479446973696E686572697400765461736B50726909
:202320006F72697479446973696E6865726974416674657254696D656F757400546D722027
:20234000537663007852657475726E002E2E2F72612F6177732F4672656552544F532F4613
:2023600072656552544F532F536F757263652F74696D6572732E630028207854696D657224
:20238000506572696F64496E5469636B73203E20302029007854696D6572000028207854A1
:2023A000696D65725461736B48616E646C6520213D202828766F6964202A293029202900DC
:2023C0002820707854696D65722D3E7854696D6572506572696F64496E5469636B73203E72
:2023E0002030202900000000546D725100FFFFFF7854696D657243726561746554696D6567
:20240000725461736B00FFFF707276496E697469616C6973654E657754696D657200FFFF2D
:2024200070727650726F636573735265636569766564436F6D6D616E647300FF000000000D
:2024400080B584B000AF0023FB6000237B60194BB3F884309BB23B604FF49643BB60154BA6
:202460004FF42A42A3F8842008E0BB68002B02D14FF4FA73FB60BB68013BBB600D4BB3F8DD
:2024800084309BB2002BF0D13B68012B06D1094B4DF60112A3F8442000F072FB7B6840F28E
:2024A000F512934201D17B68FB60FB6818461037BD4680BD00E07F4080B584B000AF786059
:2024C0007B685B681B78002B0DD07B685B6893F91130184600F058FB7B685B6893F9133032
:2024E000184600F051FB124BB3F884309BB2002B02D1786800F03CFB00F01CF8F86000F0E8
:2025000049F8B860FB68002B01D1BB68FB60FFF797FFB860FB68002B01D1BB68FB607B681F
:20252000002283F83C20FB6818461037BD4680BD00E07F4080B483B000AF4FF496437B60AE
:20254000124BB3221A7007E07B68002B01D1142315E07B68013B7B600D4BD3F88030C3F349
:20256000C033DBB2012BEFD1094B1B7CC3F30013DBB2002B02D040F2F51300E00023184616
:202580000C37BD465DF8047B704700BF00007E4000E07F4080B483B000AF4FF496437B6041
:2025A000124B50221A7007E07B68002B01D1142315E07B68013B7B600D4BD3F88030C3F34C
:2025C000C033DBB2012BEFD1094B1B7CC3F30013DBB2002B02D040F2F51300E000231846B6
:2025E0000C37BD465DF8047B704700BF00007E4000E07F4080B485B000AFF860B9607A608B
:20260000174AFB681B6B1363164B20221A70154BD0221A70FB681A6BBB681A44FB681A63A8
:20262000FB689B6B5A1EFB689A637B68002B10D007E07B68002B01D114230BE07B68013B63
:202640007B60074BD3F88030C3F3C033DBB2012BEFD1002318461437BD465DF8047B704756
:2026600000E07F4000007E4080B586B000AFF860B9607A607B68002B06D1FB685B6893F901
:202680001130184600F080FA314AFB685B6B1363304BE8221A70BB685A082E4BD2B21A70FC
:2026A00000237B612AE0FB681B693B61FB681B6B1A46284B12881A8006E03B695A1E3A6101
:2026C000002B01D114233EE0214BD3F88030C3F38023DBB2012BF0D0FB681B6B9A1CFB68ED
:2026E0001A63FB685B6B9A1CFB685A63FB689B6B5A1EFB689A637B6901337B61BB685B08A3
:202700007A699A42CFD3134BD0221A707B68002B11D007E07B68002B01D1142313E07B68BB
:20272000013B7B600A4BD3F88030C3F3C033DBB2012BEFD106E0FB685B6893F91130184659
:2027400000F01AFA002318461837BD4680BD00BF00E07F4000007E4080B586B000AFF860D7
:20276000B9607A6000237B61174B1B7CC3F30013DBB2012B0FD1144BD3F88030C3F38033C9
:20278000DBB2012B04D1104B1B7C0F4B00221A7440F2F5137B610C4BD3F88020BB68134061
:2027A000002B01D07B687B61FB68002B01D0FB687B617B69002B01D0FFF7BCFE7B691846EE
:2027C0001837BD4680BD00BF00E07F4080B489B000AFF860B9607A60FB689B693B61082377
:2027E000FB7608237B611A4ABB681363194B40221A70184AFB7E13700023FB6109E0FB69EA
:202800005B007A681344134A1B881380FB690133FB61FA697B699A42F1D30E4BD0221A70E1
:2028200007E03B69002B01D114230BE03B69013B3B61074BD3F88030C3F3C033DBB2012B43
:20284000EFD1002318462437BD465DF8047B704700E07F4000007E4080B485B000AFF86081
:20286000B9607A60194B4FF6FF721A80174B4FF6FF725A807B689AB2FB689BB2DB039BB2B5
:2028800013439BB243F4F0439AB2104BDA80BB689BB26FEA43536FEA53539AB20B4B9A8010
:2028A0000A4B4FF6FF721A81084B4FF6FF725A81064B4FF6FF729A81044B4FF6FF72DA810C
:2028C00000BF1437BD465DF8047B70474C0A002080B584B000AF78600023FB60786800F0AC
:2028E0007BF8F860FB68002B10D0FB681EE07B689B681A4680217868FFF7B6FEF86018223B
:202900004FF4A041F868FFF727FFF8607B689B6B002B02D0FB68002BE9D0FFF791FDB860F6
:20292000FB68002B01D1BB68FB60FB6818461037BD4680BD80B588B000AFF860B9607A600A
:202940000023FB61FB68BA681A63FB687A689A63F86800F041F8F861FB69002B01D0FB690E
:2029600033E01C4B0122A3F8E0201EE0FB681B6BB3F5803F06D2FB68DB69BB614FF40053A0
:202980007B6105E0FB681B6ABB614FF400437B61BA697969F868FFF72DFEF86119224FF4B3
:2029A000C041F869FFF7D8FEF861FB689B6B002B02D0FB69002BD9D0FFF742FD3861FB69C0
:2029C000002B01D13B69FB61FB6918462037BD4680BD00BF00E07F4080B584B000AF786053
:2029E0000023FB604FF49643BB607B685B681B78002B0DD07B685B6893F91130184600F020
:202A0000C3F87B685B6893F91330184600F0BCF80F4B4FF45942A3F844200D4B4AF6012292
:202A2000A3F8842008E0BB68002B02D14FF4FA7309E0BB68013BBB60054BB3F884309BB23F
:202A4000012BF0D1FB6818461037BD4680BD00BF00E07F4080B588B000AFF860B9607A607C
:202A6000184BD3F8DC30C3F3C073DBB2BB61F868FFF7B2FFF861FB69002B01D0FB691CE06A
:202A8000BB68590B7B685B0B1A46B869FFF7E4FE0D4A0E49F868FFF799FEF86118220021BE
:202AA000F869FFF759FEF861FFF7CAFC7861FB69002B01D17B69FB61FB6918462037BD46BD
:202AC00080BD00BF00E07F404C0A002030A1000180B584B000AF78600B46FB701346BB70E3
:202AE0007868FFF779FFF860FB68002B01D0FB6833E0BB78002B08D0FB789BB2194A43F4CB
:202B0000CC439BB2A2F8E8301EE01022FF21164800F03EF8FB789BB203F001039BB2002BA4
:202B200002D14FF6FF7201E047F6FF720E4BDA800D4A0E497868FFF749FEF860182200214C
:202B4000F868FFF709FEF860FFF77AFCB860FB68002B01D1BB68FB60FB6818461037BD4653
:202B600080BD00BF00E07F404C0A002030A100015FF800F099BA01005FF800F021B80100B6
:202B80005FF800F049B701005FF800F081B801005FF800F0B50C0200E00040032602000017
:202BA00044190400002E0141030000000010000000100000000004004000020000000800D3
:202BC0000000000000000000000000000000100800000000000000000000000005000000D8
:202BE000060000000300000003000000FF0F000000000000FF1F000000000000000000009D
:202C000000000000FF1F0000FF1F0000000000000000010011060000000000001206000048
:202C2000000000001306000000000000000000000000010000000000000001000000000079
:202C4000000000000000000000000000FA07000000000000FB07000000000000FC0700006E
:202C600000000000C10700000000000000000000000000000000000000000000000000008C
:202C8000000000000000000000000000000000000000000000000000000000000000000034
:202CA000000000000000000000000000000000000000000000000000000000000000000014
:202CC000000000000000000000000000180000000000000019000000000000001A000000A9
:202CE000000000001B000000000000001C000000000000001D000000000000001E00000062
:202D0000000000001F00000000000000FFFF00000000000000000000000000002D02010066
:042D200005020100A7
:020000040100F9
:10A10000FFFFFFFFFFFFFFFFFFFFFFFFFFFFFFFF5F
:04A13400FFFFFFFF2B
:20A20000FFFCFFFFFFFFFFFFFFFFFFFFFFFFFFFFFFFFFFFFFFFFFFFFFFFFFFFFFFFFFFFF61
:20A22000FFFFFFFFFFFFFFFFFFFFFFFFFFFFFFFFFFFFFFFFFFFFFFFFFFFFFFFFFFFFFFFF3E
:20A24000FFFFFFFFFFFFFFFFFFFFFFFFFFFFFFFFFFFFFFFFFFFFFFFFFFFFFFFFFFFFFFFF1E
:20A26000FFFFFFFFFFFFFFFFFFFFFFFFFFFFFFFFFFFFFFFFFFFFFFFFFFFFFFFFFFFFFFFFFE
:20A28000F8F8FFFFFFFFFFFFFFFFFFFFFFFFFFFFFFFFFFFFFFFFFFFFFFFFFFFFFFFFFFFFEC
:20A2A000FFFFFFFFFFFFFFFFFFFFFFFFFFFFFFFFFFFFFFFFFFFFFFFFFFFFFFFFFFFFFFFFBE
:10A2C000FFFFFFFFFFFFFFFFFFFFFFFFFFFFFFFF9E
:04000005000081591D
:00000001FF
