:020000040000FA
:20000000D84B002059810000C57E00006981000069810000698100006981000069810000EE
:20002000000000000000000000000000698100006981000000000000698100006981000018
:20004000277600001F770000C97700001F770000C9770000494D0000714C0000154E0000A1
:200060006D4E000057430000A343000021440000B944000099670000FD6600009F5C000085
:20008000595300009F5C0000000000000000000000000000000000000000000000000000B9
:2000A000000000000000000000000000000000000000000000000000000000000000000040
:2000C000000000000000000000000000000000000000000000000000000000000000000020
:2000E000000000000000000000000000000000000000000000000000000000000000000000
:200100000000000000000000000000000000000000000000000000000000000000000000DF
:200120000000000000000000000000000000000000000000000000000000000000000000BF
:2001400000000000000000000000000000000000000000000000000000000000000000009F
:2001600000000000000000000000000000000000000000000000000000000000000000007F
:2001800000000000000000000000000000000000000000000000000000000000000000005F
:2001A00000000000000000000000000000000000000000000000000000000000000000003F
:2001C0000348044B834202D0034B03B118477047AC080020AC08002000000000064B07498D
:2001E000C91A891048BF0131491003D0044B0BB101481847704700BFAC080020AC0800204D
:200200000000000010B5064C237843B9FFF7D8FF044B13B10448AFF300800123237010BD5E
:20022000C808002000000000E486000008B5054B1BB105490548AFF30080BDE80840FFF7EB
:20024000CDBF00BF00000000CC080020E486000080B582B000AF0023FB710C490C4806F0B1
:200260006DFB0346FB7100220321094806F08AFB0346FB710749084806F0D6FE0346FB717B
:20028000FB7918460837BD4680BD00BF78830000E844002098840000D445002080B584B049
:2002A00000AF786039600023FB603A680021054807F056F8F860FB68DBB218461037BD465B
:2002C00080BD00BFD445002080B584B000AF786039600023FB733A687968054807F09CF874
:2002E0000346FB73FB7B18461037BD4680BD00BFD445002080B582B000AF0023FB71054802
:2003000006F0DCFF0346FB71FB7918460837BD4680BD00BFD445002080B582B000AF786020
:200320007B689B88B3F5804F65D0B3F5804F67DCB3F5005F5FD0B3F5005F61DCB3F5805F50
:2003400059D0B3F5805F5BDCB3F5006F29D0B3F5006F55DCB3F5806F27D0B3F5806F4FDC0E
:20036000B3F5007F47D0B3F5007F49DCB3F5807F41D0B3F5807F43DC202B0FDC022B3FDBF8
:20038000023B224A22FA03F303F00103002B14BF01230023DBB2002B2DD131E0802B2AD0FA
:2003A0002EE01B4B01221A702BE01A4B01221A707B68143314221946174800F051FA164B45
:2003C0001B6840F2FA7293420BD0134B1B6840F2FB72934205D0104B1B6840F2C17293420A
:2003E00002D10E4B00221A707B68143319460C4801F04EFB05E07B689A880A4B1A8000E055
:2004000000BF00BF0837BD4680BD00BF45400040F8080020F9080020E4080020683A00204C
:20042000C00B0020FA08002080B582B000AF0749074804F0DBFD78600021032000F00AF820
:200440007B68DBB218460837BD4680BD70850000F844002080B584B000AF03460A46FB71E1
:200460001346BB71FA79124913465B0013440B441B781BB21B0219B2FA790D4813465B000B
:200480001344034401331B781BB20B431BB29BB27B817B899BB2BA791946064804F0BAFDEA
:2004A000F860FB68DBB218461037BD4680BD00BF68830000F844002080B582B000AF0023D0
:2004C000FB71084B9B681B68064A126805494968104698470346FB71FB7918460837BD4610
:2004E00080BD00BFF483000090B587B000AF786039600023FB7572B600BF154B9B689B680D
:20050000134A10683A687968984738613B69002B02D0FB7D0133FB750D4B9B68DC680C4B58
:20052000186807F10F033A687968A04738613B69002B02D1FB7B002B02D0FB7D0133FB75FD
:2005400062B600BFFB7D18461C37BD4690BD00BFF483000090B589B000AFF860B9607A609D
:200560000023FB6100237B837B68DB097A6802F07F02002A01D0012200E0002213447B606D
:2005800000237B76FB68B3F5802F03D905237B767B7E3DE072B600BF0023FB6131E0FB68A8
:2005A0001D4A934224D81D4B9B685C681B4B18687B8BBA68134419468023FA68A04778614B
:2005C0007B69002B02D07B7E01337B767B7E002B08D1FB688033FB607B8B80337B830023D4
:2005E0007B760BE005237B7662B600BF7B7E0FE005237B7662B600BF7B7E09E0FB690133DD
:20060000FB61FA697B689A42C9D362B600BF7B7E18462437BD4690BD80FF0300F4830000EE
:2006200080B584B000AF786039600123FB730023BB603A687B68D31ADB0BBB60B9687868ED
:20064000FFF752FF0346002B02D10023FB7301E00223FB73FB7B18461037BD4680BDFFFFAE
:2006600080B487B000AFF860B9607A6000237B610023FB747B68DB097A6802F07F02002A3E
:2006800001D0012200E0002213447B60FB68B3F5802F03D20523FB74FB7C1DE000237B6199
:2006A00015E0FB680F4A93420AD9FA687B699B00B9680B4412681A60FB680433FB6003E0B4
:2006C0000523FB74FB7C07E07B6901337B617A697B689A42E5D3FB7C18461C37BD465DF857
:2006E000047B70477FFF030080B582B000AF0023BB7100F05DF80346BB710623FB71274820
:2007000001F07EF9264801F053FA012000F0C4F900F01EFB03461A46224B1A7000F002FB61
:20072000BB79002B24D101F06FFF0346FB7100F00FFB03461A461B4B1A701A4B1B78032B98
:2007400005D1194BDB7CAA2B01D10623FB71FB79052B02D102F054F81CE0FB79042B04D1A3
:2007600002F0A8F802F0B4F814E002F0B1F811E00E4B1B78DBB2012BFAD100F0D3FA0B4B46
:2007800000221A700423FF220B2140F2FC7001F0FFFEEDE70837BD4680BD00BFC00B0020B0
:2007A000DC3200207D0B0020543C0020800B002080B582B000AF0023FB71FFF735FE0346F1
:2007C000FB71FFF779FE0346FB71FFF741FD03461A46FB791344FB7100F04AF903461A469B
:2007E000FB791344FB7100F07DF803461A46FB791344FB71002000F0A3F903461A46FB79B4
:200800001344FB7113490020FFF75EFD11490120FFF75AFD10490220FFF756FD0F49032041
:20082000FFF752FD00F09BFD03461A46FB791344FB7100F057FA03461A46FB791344FB71EA
:2008400000F070FA02F0F4FDFB7918460837BD4680BD00BFFC0800201009002024090020A1
:2008600080B487B000AFF860B9607A6000237B610AE0BA687B691A44F9687B690B441278A8
:200880001A707B6901337B617A697B689A42F0D300BF00BF1C37BD465DF8047B704780B4E2
:2008A00087B000AFF860B9607A6000237B610EE0FA687B6913441A78B9687B690B441B7804
:2008C0009A4201D0012307E07B6901337B617A697B689A42ECD3002318461C37BD465DF8DF
:2008E000047B704780B582B000AF0023FB710549054803F01FF80346FB71FB7918460837B2
:20090000BD4680BD208400007445002080B584B000AF786039600023BB73114B00221A7038
:200920000A23FB7307233A6879680E4803F052F80346BB7307E04FF47A71012007F0F2F94D
:20094000FB7B013BFB73064B1B78DBB2002B02D1FB7B002BEFD1BB7B18461037BD4680BD8C
:200960007E0B00207445002080B584B000AF786039600023BB73114B00221A703223FB7350
:2009800007233A6879680E4803F010F80346BB7307E04FF47A71012007F0C4F9FB7B013B46
:2009A000FB73064B1B78DBB2002B02D1FB7B002BEFD1BB7B18461037BD4680BD7E0B002035
:2009C0007445002080B588B002AFF860B9607A600023BB753223FB75072300937B68BA68FB
:2009E000F9680D4803F00AF80346BB7507E04FF47A71012007F096F9FB7D013BFB75074BA1
:200A00001B78DBB2002B02D1FB7D002BEFD1BB7D18461837BD4680BD744500207E0B0020AE
:200A200080B582B000AF0023FB71054802F0FAFF0346FB71FB7918460837BD4680BD00BF14
:200A40007445002080B485B000AF78600023FB737B681B79012B02D1044B01221A7000BF0B
:200A60001437BD465DF8047B704700BF7E0B002080B582B000AF0023FB710549054804F001
:200A8000B3FD0346FB71FB7918460837BD4680BDC08300000045002080B584B000AF034697
:200AA000FB710023FB73FB79012B05D1074804F0CFFD0346FB7304E0044804F0B7FD0346DC
:200AC000FB73FB7B18461037BD4680BD0045002080B483B000AF78600D4B01221A700D4B9D
:200AE0001B78DBB20133DAB20A4B1A70094B1B78DBB2092B05D9074B00221A70064B01223F
:200B00001A7000BF0C37BD465DF8047B704700BF7F0B0020810B0020800B002080B582B094
:200B200000AF0023FB71054804F0A4FD0346FB71FB7918460837BD4680BD00BF004500206B
:200B400080B584B000AF0346FB710023FB73FB79002B02D0012B0ED014E00D490D4803F02A
:200B6000FDFD0346FB730C4B1B881A460B49002000F068F806E00649064803F0EFFD0346FB
:200B8000FB7300BFFB7B18461037BD4680BD00BF58840000A4450020480700203C39002025
:200BA00080B586B000AF0346B9607A60FB730023FB750023BB82FB7B002B02D0012B19D0F6
:200BC00034E000237B8210E07B8ABA681344012219461A4803F0B3FE0346FB7501210520EB
:200BE00007F0A0F87B8A01337B827B8A7A689A42EAD81BE07A68B968104803F0A0FE03467B
:200C0000FB7507E0BB8A0533BB824FF47A71052007F088F80A4B1B78DBB283F00103DBB280
:200C2000002B02D0BB8A182BECD900BF044B00221A70FB7D18461837BD4680BDA445002042
:200C4000820B002080B586B000AF0346B9607A60FB730023FB75FB7B002B02D0012B08D019
:200C60000FE07A68B9680B4803F052FE0346FB7507E07A68B968074803F04AFE0346FB7506
:200C800000BF054B00221A70FB7D18461837BD4680BD00BFA4450020830B002080B582B057
:200CA00000AF78607B681B79042B10D0042B10DC012B02D0022B06D00BE0084B01221A7020
:200CC00001F07AF806E0064B01221A7002E000BF00E000BF00BF0837BD4680BD830B0020A1
:200CE000820B002080B582B000AF0023FB710A4A136923F0020313610849094802F08AFC2C
:200D00000346002B02D0FB790133FB71FB7918460837BD4680BD00BF00B0014000840000F4
:200D20006445002080B582B000AF0023FB71074802F0BEFC0346002B02D0FB790133FB71F0
:200D4000FB7918460837BD4680BD00BF6445002080B582B000AF0423FB71204B93F81034D7
:200D6000C3F30003DBB2002B06D01C4B002283F810240123FB712BE0184BB3F8C030C3F3A5
:200D80004003DBB2002B12D0144B0022A3F8C0200023BB71BB1D1946114802F09DFCBB79DC
:200DA00019460F4802F0A4FC0323FB7110E00B4BB3F8C030C3F38003DBB2002B06D0074B5F
:200DC0000022A3F8C0200223FB7101E00423FB71FB7918460837BD4680BD00BF00E0014040
:200DE0006445002080B588B000AF786039600023FB770023BB6107F10C0300221A605A606C
:200E00001A819F233B7200237B720023BB720023FB7200210020FFF71DFB07F10C0107F18C
:200E2000080304221846FFF7CDFD0346FB7701210020FFF70FFB7B7B1A04BB7B1B021343A9
:200E4000FA7B13431A46424B1A60414B1B689BB244F21A0293421FD844F21102934269D38C
:200E6000A3F58043113B092B64D801A252F823F0270F0000190F00000B0F0000FD0E0000D8
:200E8000EF0E0000E10E0000D30E0000C30E0000B30E0000A30E000047F21802934210D03A
:200EA00048E07B680A221A703B684FF480621A6049E07B6809221A703B684FF400721A609C
:200EC00041E07B6808221A703B684FF480721A6039E07B6807221A703B6880221A6032E088
:200EE0007B6806221A703B6840221A602BE07B6805221A703B6820221A6024E07B680422D3
:200F00001A703B6810221A601DE07B6803221A703B6808221A6016E07B6802221A703B68F8
:200F200004221A600FE07B6801221A703B6802221A6008E07B6800221A703B6800221A609B
:200F40000123FB7700BFFB7F18462037BD4680BD840B002080B588B000AF78600023FB7795
:200F600007F1180300221A601A714B233B7600210020FFF76FFA07F1080107F118030D2235
:200F80001846FFF71FFD01210020FFF763FA07F108030533082219467868FFF761FCFB7FDB
:200FA00018462037BD4680BD80B584B000AF03463960FB710023FB7300210020FFF74AFACA
:200FC000FB79012B0AD10523FB7207F10C0107F10B0302221846FFF7F5FC1AE0FB79022BF2
:200FE0000AD13523FB7207F10C0107F10B0302221846FFF7E7FC0CE0FB79032B09D115234B
:20100000FB7207F10C0107F10B0302221846FFF7D9FC01210020FFF71DFA7A7B3B681A709A
:20102000FB7B18461037BD4680BD80B582B000AF0023FB7106233B7100210020FFF70AFAA0
:201040003B1D01211846FFF761FC0346FB7101210020FFF7FFF9FB7918460837BD4680BD2F
:2010600080B582B000AF0023FB710423BB7100210020FFF7EFF9BB1D01211846FFF746FCC9
:201080000346FB7101210020FFF7E4F9FB7918460837BD4680BD80B584B000AF034639603B
:2010A000FB711346BB710023FB7307F1080300221A601A710123BB73BB79002B09D03B6857
:2010C0001A0EBB7B591CB973D2B210333B4403F8082C3B681A0CBB7B591CB973D2B2103335
:2010E0003B4403F8082C3B681A0ABB7B591CB973D2B210333B4403F8082CBB7B5A1CBA7356
:201100003A68D2B210333B4403F8082C00210020FFF7A0F9FB79032B1DD0032B27DC012BFC
:2011200002D0022B0BD022E0C7233B7207F1080301211846FFF7EAFB0346FB731BE0D82331
:201140003B72BA7B07F1080311461846FFF7DEFB0346FB730FE020233B72BA7B07F1080358
:2011600011461846FFF7D2FB0346FB7303E0FB7B0133FB7300BF01210020FFF76BF9FB7B74
:2011800018461037BD4680BD80B586B000AF78600023FB750123BB750523FB727B684FF4D6
:2011A0007A7202FB03F33B6100210020FFF752F907F10C0107F10B0302221846FFF702FCB1
:2011C0000346FB7501210020FFF744F94FF47A71282006F0A7FD00237B607B7B03F00103E6
:2011E000002B02D07B68002BDED000210020FFF731F907F10C0107F10B0302221846FFF752
:20120000E1FB0346FB7501210020FFF723F97B7B03F00103002B03D0FB7D0133FB7501E0FD
:201220000023FB75FB7D18461837BD4680BD80B584B000AF786039600023FB73002100205B
:20124000FFF708F939687868FFF760FB0346FB7301210020FFF7FEF8FB7B18461037BD46C2
:2012600080BD80B586B000AFF860B9607A603B600023BB750023FB7500210020FFF7EAF832
:20128000B968F868FFF742FB0346BB750121386806F048FDBB7D002B05D139687868FFF774
:2012A00063FB0346FB7501210020FFF7D3F8FB7D18461837BD4680BD80B584B000AF7860BF
:2012C00039600023FB733868FFF75EFFFFF7ADFE39687868FFF7ABFF0346FB733868FFF7E2
:2012E00053FFFFF7BDFEFB7B18461037BD4680BD80B584B000AF396011461A460346FB7173
:201300000B46BB711346BB800023FB73FFF78DFE03461A46FB7B1344FB73BB881846FFF72F
:2013200033FF03461A46FB7B1344FB73BA79FB7939681846FFF7AFFE03461A46FB7B1344D8
:20134000FB73BB881846FFF71FFF03461A46FB7B1344FB73FB7B18461037BD4680BD80B5F6
:2013600082B000AF0023FB7100F010F800F022F80346FB71FB79002B03D000F01BF8034688
:20138000FB71FB7918460837BD4680BD80B500AF00210020FFF75EF801210020FFF75AF895
:2013A00001210220FFF756F801210120FFF752F800BF80BD80B582B000AF0023FB71474BEF
:2013C000012283F82F2000233B603A46BB1D11461846FFF707FD0346002B07D03F4B002264
:2013E00083F82F20FB790133DBB273E03B4BD3F81B30B3F5807F04D9384B012283F82E200C
:2014000003E0364B002283F82E20344B00225A72002242F001029A72304B0022DA730022A1
:2014200042F010021A7400225A7400229A742B4BD3F813301B01294AC2F81330274BD3F86D
:201440001330264AD2F80F2002FB03F3234AB2F8092092B2B3FBF2F3204AC2F80B301F4B0D
:20146000D3F80F301B011D4AC2F81F301B4BD3F813301A4AD2F80F2002FB03F39B0A174A0C
:20148000C2F827301648FFF765FD03461A46FB791344FB7113490120FFF786FD03461A4606
:2014A000FB791344FB7110490220FFF77DFD03461A46FB791344FB710C490320FFF774FD4B
:2014C00003461A46FB791344FB71044B002283F82F20FB7918460837BD4680BD880B0020ED
:2014E000890B0020B30B0020B40B0020B50B002080B584B000AF03463960FB711346BB80A1
:201500000023FB7300BF0F4B93F82F30002BFAD10C4B012283F82F200A4B93F82E20BB888C
:20152000F8793968FFF7E4FE03461A46FB7B1344FB73044B002283F82F20FB7B1846103787
:20154000BD4680BD880B002080B5CAB000AF07F59473A3F58E73186007F59473A3F5907388
:20156000196007F59473A3F592731A600023A7F82631032387F823314E4B93F82E30002B19
:201580001ED0B7F826315A1CA7F826211A46022107F59473A3F58A73995407F59473A3F558
:2015A00090731B68190EB7F826315A1CA7F826211A46C9B207F59473A3F58A7399540BE0D1
:2015C000B7F826315A1CA7F826211A46022107F59473A3F58A73995407F59473A3F5907303
:2015E0001B68190CB7F826315A1CA7F826211A46C9B207F59473A3F58A73995407F594737E
:20160000A3F590731B68190AB7F826315A1CA7F826211A46C9B207F59473A3F58A739954C7
:20162000B7F826315A1CA7F826211A4607F59473A3F590731B68D9B207F59473A3F58A73A4
:2016400099540023A7F8243118E0B7F8243107F59472A2F58E7212681A44B7F82631591C9E
:20166000A7F826111946127807F59473A3F58A735A54B7F824310133A7F82431B7F8243135
:2016800007F59472A2F5927212689A42DDD8B7F8262107F1140311461846FFF70DFE03469E
:2016A00087F8233197F82331184607F59477BD4680BD00BF880B002080B5D0B000AF07F5FD
:2016C000A073A3F59A73186007F5A073A3F59C73196007F5A073A3F59E731A600023A7F8B7
:2016E0003E31032387F83D31454B93F82E30002B1ED0B7F83E315A1CA7F83E211A460B21B8
:2017000007F5A073A3F59873995407F5A073A3F59C731B68190EB7F83E315A1CA7F83E2138
:201720001A46C9B207F5A073A3F5987399540BE0B7F83E315A1CA7F83E211A460B2107F52A
:20174000A073A3F59873995407F5A073A3F59C731B68190CB7F83E315A1CA7F83E211A4696
:20176000C9B207F5A073A3F59873995407F5A073A3F59C731B68190AB7F83E315A1CA7F8C0
:201780003E211A46C9B207F5A073A3F598739954B7F83E315A1CA7F83E211A4607F5A0736F
:2017A000A3F59C731B68D9B207F5A073A3F598739954B7F83E315A1CA7F83E211A4607F5E7
:2017C000A073A3F5987300219954B7F83E1107F5A073A3F59E7307F5A072A2F59A7207F1E6
:2017E00010001B681268FFF73CFD034687F83D3197F83D31184607F5A077BD4680BD00BF0A
:20180000880B002080B584B000AF78600023FB734FF47A7279680320FFF76AFE0346002B8F
:2018200008D0FB7B0133FB73054B1B8801339AB2034B1A80FB7B18461037BD4680BD00BF43
:20184000B80B002080B586B000AFF860B9607A6000237B740023FB8200237B7500237B825B
:201860007B68C3F1FF1303F57F43FA689A4204D97B7C01337B747B7C2CE07B681B0AFB8248
:201880007B68DBB2002B02D0FB8A0133FB8200237B7519E07B8ABA68D0187A8AFB681344CC
:2018A0004FF480721946FFF74FFE0346002B04D07B7C01337B747B7C0CE07B8A03F580731C
:2018C0007B827B7D01337B757B7D9BB2FA8A9A42E0D87B7C18461837BD4680BD80B586B043
:2018E00000AFF860B9607A600023BB7400233B820023FB820023BB820023FB747B68C3F193
:20190000FF1303F57F43FA689A4204D9BB7C0133BB74BB7C3FE07B681B0A3B827B68DBB2BB
:20192000002B01D07B68FB740023FB8219E0BB8ABA68D018BA8AFB6813444FF480721946DF
:20194000FFF7BAFE0346002B04D0BB7C0133BB74BB7C20E0BB8A03F58073BB82FB8A01339A
:20196000FB82FA8A3B8A9A42E1D3FB7C002B11D0BB8ABA68D018BA8AFB681344FA7C19466C
:20198000FFF79AFE0346002B04D0BB7C0133BB74BB7C00E0BB7C18461837BD4680BDFFFF9E
:2019A00080B584B000AF786039600023FB730023BB7317E07868FFF725FF0346002B04D182
:2019C0007B6803F580537B600AE00123BB73FB7B0133FB73094B5B8801339AB2074B5A8047
:2019E000FFF7A0F97A683B689A4202D2BB7B002BE0D0FB7B18461037BD4680BDB80B0020D4
:201A000080B483B000AF78607B6803F500531A460023C2F810377B6803F500531A46002375
:201A2000C2F814377B6803F500531A460023C2F8183700BF0C37BD465DF8047B704780B423
:201A400083B000AF78607B6803F50053D3F81837002B0CBF01230023DBB218460C37BD4616
:201A60005DF8047B704780B483B000AF78607B6803F50053D3F81837B3F5FA7F0CBF012395
:201A80000023DBB218460C37BD465DF8047B7047B0B582B000AF786039607868FFF7E3FFF8
:201AA0000346002B01D0002333E07B6803F50053D3F81027796813469B0013449B00CA18D2
:201AC0003B6814461D460FCD0FC42B6823607B6803F50053D3F810375A1C104B83FB02133D
:201AE0005911D317CB1A4FF4FA7101FB03F3D31A7A6802F50052C2F810377B6803F50053C6
:201B0000D3F8183701337A6802F50052C2F81837012318460837BD46B0BD00BFD34D6210C1
:201B2000B0B582B000AF786039607868FFF787FF0346002B01D0002333E07B6803F50053E9
:201B4000D3F814273868796813469B0013449B000B4404461D460FCD0FC42B6823607B6874
:201B600003F50053D3F814375A1C104B83FB02135911D317CB1A4FF4FA7101FB03F3D31ADA
:201B80007A6802F50052C2F814377B6803F50053D3F81837013B7A6802F50052C2F818375D
:201BA000012318460837BD46B0BD00BFD34D621080B483B000AF78607B680022C3F8902342
:201BC0007B680022C3F894237B680022C3F8982300BF0C37BD465DF8047B704780B483B01C
:201BE00000AF78607B68D3F89833002B0CBF01230023DBB218460C37BD465DF8047B7047EC
:201C000080B483B000AF78607B68D3F89833032B0CBF01230023DBB218460C37BD465DF897
:201C2000047B704780B582B000AF786039607868FFF7E6FF0346002B01D0002328E07B68D9
:201C4000D3F890337A684FF4987101FB03F31A443B68104619464FF498731A4606F022FB5F
:201C60007B68D3F89033591C0B4B83FB0132CB17D21A13465B001344CA1A7B68C3F8902369
:201C80007B68D3F898335A1C7B68C3F89823012318460837BD4680BD5655555580B582B03F
:201CA00000AF786039607868FFF798FF0346002B01D0002327E07B68D3F8943338687A6831
:201CC0004FF4987101FB03F3134419464FF498731A4606F0E7FA7B68D3F89433591C0C4B4A
:201CE00083FB0132CB17D21A13465B001344CA1A7B68C3F894237B68D3F898335A1E7B684D
:201D0000C3F89823012318460837BD4680BD00BF5655555580B582B000AF78607B681B68E4
:201D200040F2C172934206D0B3F5F86F0DD9A3F2FA73012B09D8094B00221A70084B00221A
:201D40001A60786800F022FE03E0064B01221A7000BF00BF0837BD4680BD00BF503C0020D0
:201D6000844400208C36002080B500AF10491148FFF7D6FE0346002B18D00D48FFF7CAFFC9
:201D80000C4B03F50053D3F81837002B0ED1094B03F50053D3F81027064B03F50053D3F875
:201DA00014379A4202D00348FFF72AFE00BF80BD78360020C00B002080B500AF564B1B78F4
:201DC000042B00F2988001A252F823F0E11D0000F31D0000291E0000391E0000911E00006F
:201DE0004E4B1B78652B40F08D804B4B01221A7088E04A4B1B78022B03D1494B02221A70D4
:201E00000EE0464B1B78032B03D1454B03221A7006E0424B1B78042B02D1414B04221A702B
:201E20003D4B02221A706EE03C4B1A783D4B1A70394B03221A7066E0384B1A783A4B1A7056
:201E4000384B1B781AB2384B1B781BB21B021BB213431BB29AB2354B1A80344B1A88304BAE
:201E6000A3F82E21314B1B8803339AB22F4B1A802E4B1B88B3F5967F06D92C4B01221A80D7
:201E8000254B00221A703EE0234B04221A703AE0264B1B88013B214AD35C822B24D1234BD6
:201EA0001B88033B9AB2214B1A80204B1B88B3F5FA7F12D81A4BB3F82E311A4617491C4843
:201EC000FEF7CEFC144B00221A70184B01221A8013491848FFF7A6FE15E00F4B00221A70C7
:201EE000124B01221A800EE00B4B00221A700F4B01221A8007E0084B00221A700B4B012262
:201F00001A8000E000BF094B1B881A4603490020FEF798FE00BF80BDD83600203C3900207B
:201F2000DC360020693A00206A3A002048070020DD360020DC32002080B58AB000AF786022
:201F40000023FB8400237B847B68B3F82E31053B3B84002387F825307B681B78042B73D0F2
:201F6000042B00F33181022B02D0032B11D02BE19A4B01221A709A4B00221A70994B00224A
:201F80001A707B680133482219469748FEF768FC1FE1964B00221A70954B00221A60954BB6
:201FA00001221A707B68B3F82E310D2B00F20E8100233B747B685B781A467B689B781B02D3
:201FC0001A437B68DB781B041A437B681B791B061343FB607B685B79BB7400237B747B68CE
:201FE000991DBB7C1A4607F10C030C331846FEF737FCFB6840F2FA7293420CD0FB6840F281
:20200000FB72934207D0FB6840F2C172934213D13B7E042B10D107F10C03184600F0B6FC56
:20202000FB6840F2C17293420DD107F10C0319460420FEF733F906E007F10C03194604200A
:20204000FEF72CF9C2E0C1E0684B00221A70684B00221A60674B01221A707B685B781A4600
:202060007B689B781B021A437B68DB781B041A437B681B791B061343FB607B685B79BB740F
:202080005D4B05221A803B8CDB08FB843B8C03F007037B84594B1A883B8C13449AB2574B99
:2020A0001A8042E0002387F8253014E0524B1B885A1C91B2504A1180194697F825307A6830
:2020C0000A44527828333B4403F8102C97F82530013387F8253097F82530072BE6D9FB8C8F
:2020E000013BFB84FB6840F2FA7293420CD0FB6840F2FB72934207D0FB6840F2C172934228
:2021000008D13B7E042B05D107F10C03184600F03DFC05E007F10C0319460420FEF7BEF880
:202120004FF47A71052005F0FDFDFB8C002BB9D17B8C002B4CD07B8CDBB2BB74002387F86E
:20214000253014E02C4B1B885A1C91B22A4A1180194697F825307A680A44527828333B4447
:2021600003F8102C97F82530013387F8253097F825309BB27A8C9A42E4D800237B84FB68E8
:2021800040F2FA7293420CD0FB6840F2FB72934207D0FB6840F2C172934209D13B7E042BE3
:2021A00006D107F10C0319461548FFF771FC05E007F10C0319460420FEF770F84FF47A7128
:2021C000052005F0AFFD03E000BF02E000BF00E000BF00BF2837BD4680BD00BF6B3A002075
:2021E0006D3A00206C3A002090360020503C002084440020683A0020703A00206E3A002084
:20220000C00B002080B500AF0D490E48FFF746FD0346002B12D00A48FFF78EFE094BD3F8C1
:202220009833002B0AD1074BD3F89023054BD3F894339A4202D00348FFF7BAFC00BF80BD7A
:202240000C380020DC32002080B584B000AF7860654B00221A807B689B7906339AB2634B66
:202260001A80614B1B885A1C91B25F4A11801A465F4B652199545C4B1B885A1C91B25A4A5E
:2022800011801A465A4B02219954584B1988564B1B885A1C90B2544A10801A46C9B2544BB0
:2022A0009954524B1B881B0A99B24F4B1B885A1C90B24D4A10801A46C9B24D4B99547B6822
:2022C0001968494B1B885A1C90B2474A10801A46C9B2474B99547B681B68190A424B1B885A
:2022E0005A1C90B2404A10801A46C9B2404B99547B681B68190C3C4B1B885A1C90B23A4AC8
:2023000010801A46C9B23A4B99547B681B68190E354B1B885A1C90B2334A10801A46C9B290
:20232000334B9954304B1B885A1C91B22E4A11801A467B6899792E4B99540023FB730FE017
:20234000FA7B294B1B88591C88B22749088019467B6813441A7B264B5A54FB7B0133FB73E5
:202360007B689B79FA7B9A42EAD30023BB730CE01D4B1B885A1C91B21B4A11801A461C4B9A
:2023800000219954BB7B0133BB73BB7B002BEFD0154B1B885A1C91B2134A11801A46144B0E
:2023A00000219954104B1B885A1C91B20E4A11801A460F4B002199540B4B1B885A1C91B2F5
:2023C000094A11801A460A4B82219954064B1B881A4607490020FEF7E3FB034B00221A8033
:2023E00000BF1037BD4680BD363C0020383C0020743A002080B483B000AF0346FB7197F948
:202400000730002B12DBFB7903F01F020A4997F907305B09012000FA02F2203341F8232089
:20242000BFF34F8F00BFBFF36F8F00BF00BF0C37BD465DF8047B704700E100E080B483B026
:2024400000AF0346FB7197F90730002B0CDBFB7903F01F02074997F907305B09012000FA21
:2024600002F2603341F8232000BF0C37BD465DF8047B704700E100E080B400AFBFF34F8F95
:2024800000BF064BDB6803F4E0620449044B1343CB60BFF34F8F00BF00BFFDE700ED00E0D4
:2024A0000400FA0580B485B000AF786039600023FB600023FB72FB68DB43FB601FE07B68C4
:2024C0005A1C7A601B781A46FB685340FB600823FB7209E0FB685A08FB6803F0010359422D
:2024E0000C4B0B405340FB60FB7A013BDBB2FB7297F90B30002BEDDA3B68013B3B603B68C7
:20250000002BDCD1FB68DB4318461437BD465DF8047B70472083B8ED80B485B000AF7860F3
:2025200039600023FB600023FB72FB68DB43FB6021E07B681B78DBB21A46FB685340FB6063
:202540007B6801337B600823FB7209E0FB685A08FB6803F0010359420C4B0B405340FB60BE
:20256000FB7A013BDBB2FB7297F90B30002BEDDA3B68013B3B603B68002BDAD1FB68DB437F
:2025800018461437BD465DF8047B70472083B8ED80B582B000AF7860084611461A46034680
:2025A000FB700B46BB7013467B70144AFB781373124ABB785373124B1A78104B9A730F4A94
:2025C0007B6813600D4B03229A710E4B1B78DBB2012B03D10948FFF737FE0AE0FB78082B98
:2025E00002D10648FFF730FE7B7804491846FDF755FE00BF0837BD4680BD00BF3C3C00201C
:202600007C0B0020683A002080B582B000AF00237B600623FB70142213490020FFF75EF9AA
:202620000346002B1AD1104B9B7CAA2B14D10423AA22042140F2FC70FFF7AAFF00237B60BC
:2026400002E07B6801337B607B6842F20F729342F7D90523FB7001E00423FB70FB78184692
:202660000837BD4680BD00BF543C002080B584B000AF0623FB7300233B600023BB6000239E
:202680007B605C4B9B7CAA2B67D14FF480510020FFF786F90346002B57D1574B1A78554B7B
:2026A0001A70554B5A78534B5A70524BFF229A74504BAA22DA74504BD3F806304D4AC2F848
:2026C00006304D4BD3F802304A4AC2F802304A4BD3F80E30474AC2F80E30474BD3F80A30F1
:2026E000444AC2F80A30142242490020FFF7AAF80346002B21D114223F490020FFF7EEF8BF
:202700000346002B11D114223B493A48FEF7C7F80346002B01D1FFF7AFFE0423FF22082119
:2027200040F2FC70FFF734FF5FE00423FF22082140F2FC70FFF72CFF57E00423FF220821BB
:2027400040F2FC70FFF724FF4FE00423FF22082140F2FC70FFF71CFF47E0264BDB7CAA2BAF
:2027600034D1142224490020FFF7B8F80346002B18D1214B1B78002B08D11F4BD3F8023024
:20278000BB601D4BD3F806307B600BE01A4B5B78002B07D1184BD3F80A30BB60164BD3F805
:2027A0000E307B60B9684FF48030FFF7B5FE38603A687B689A4206D1FEF7B4FA00F0FEFEE4
:2027C00000F078FE11E00223FB730EE04FF480331A680A4B1340B3F1005F04D100F06AFED1
:2027E0000323FB7301E00223FB73FB7B18461037BD4680BD543C0020A04400200000FE2F95
:2028000080B500AFFEF78EFAFFF7AEFAFFF7FAFC224B1B680A2B15D9214B00221A701F4B38
:2028200000221A601F4B00221A601F4B00221A600423FF220A2140F2FC70FFF7A9FE1B4BDC
:2028400001221A70194B1B78012B15D1184B1B78DBB2012BD6D1164B00221A700F4B0022E3
:202860001A600F4B01221A700423FF22092140F2FC70FFF78DFEC5E7094B1B78012BC1D1F5
:202880000B4B1B78DBB2012BBCD1044B1B680133024A1360064B00221A70B3E784440020C5
:2028A00080440020683C00206C3C0020503C0020800B002080B582B000AF0623FB71FFF7B0
:2028C000D5FE0323FB71FB7918460837BD4680BD80B500AF274B01221A70FEF723FA254BBD
:2028E0001B78012B15D1244B1B78DBB2012B21D1214B00221A70214B00221A60204B0122D8
:202900001A700423FF22092140F2FC70FFF740FE10E01B4B1B78012B0CD1174B1B78DBB275
:20292000012B07D1154B1B680133144A1360124B00221A70FFF718FAFFF764FC0F4B1B6867
:20294000322BCAD90E4B00221A700C4B00221A600C4B00221A600C4B00221A600423FF2251
:202960000A2140F2FC70FFF713FE024B01221A70B3E700BF503C0020800B002084440020F5
:2029800080440020683C00206C3C002080B588B000AF78607B681B6840F2FB72934250D0D9
:2029A00040F2FB72934200F2948040F2FA7293420DD040F2FA72934200F28B8040F26662E3
:2029C000934242D040F2C172934257D081E07B681B7B002B02D100F051F97CE07B681B7BC8
:2029E000012B03D1786800F07DF974E07B681B7B032B02D100F044FB6DE07B681B7B042B9F
:202A000002D100F07BFC66E07B681B7B052B02D100F0F2FC5FE07B681B7B062B02D100F030
:202A200067F858E07B681B7B072B03D1786800F00FFC50E07B681B7B082B4CD1FFF716FEA2
:202A400049E0786800F05CFA48E040F22373FB600823BB7407F10C030C330822214918464A
:202A6000FDF7FEFE07F10C0319460420FDF716FC07F10C031846FFF7E7FB2FE07B681B7B11
:202A8000002B03D0184B01221A7002E0164B00221A707B681B7B042B1FD17B685B7BAA2B13
:202AA0001BD1124B40F2C2721A60104B02229A710E4B04221A730D4BAA225A730A4B0122EE
:202AC0001A700A490420FDF7E9FB0848FFF7BCFB03E000BF02E000BF00E000BF00BF203728
:202AE000BD4680BDDC440020513C0020B844002080B584B000AF4FF48053FB604FF480330E
:202B0000BB6000237B60142257490020FEF7E6FE0346002B40F08F80534B1B78002B14D1D9
:202B20004FF48053FB604FF48033BB604F4BD3F802307B604D4BD3F802304D4A13604B4B6C
:202B4000D3F806304B4A136075E0474B5B78002B71D14FF40123FB604FF48033BB60434BE4
:202B6000D3F80A307B60414BD3F80A30404A13603E4BD3F80E303F4A13605CE07B68B3F592
:202B8000806F2ED34FF480623B49F868FEF7A6FE0346002B1DD14FF480623749B868FDF788
:202BA000D9FC0346002B0CD1FB6803F58063FB60BB6803F58063BB607B68A3F580637B6004
:202BC00039E00423FF22062140F2FC70FFF7E0FC34E00423FF22062140F2FC70FFF7D8FC12
:202BE0002CE07A682449F868FEF778FE0346002B1AD17A682049B868FDF7ACFC0346002BD5
:202C00000AD1FA687B681344FB60BA687B681344BB6000237B600EE00423FF22062140F2DE
:202C2000FC70FFF7B5FC06E00423FF22062140F2FC70FFF7ADFC7B68002B9FD17B68002B63
:202C400007D10423AA22062140F2FC70FFF7A0FC06E00423FF22062140F2FC70FFF798FCD5
:202C600000BF1037BD4680BDA0440020543C0020743C0020783C00208040002080B500AFF2
:202C8000134B40F2FC721A60114B05229A71104B00221A730F4BAA221A700E4B79225A80A6
:202CA00004220C490C48FDF7DBFD0C4B1B78DBB2012B03D10648FFF7C7FA03E004490420A9
:202CC000FDF7ECFA064B00221A7000BF80BD00BFB844002088440020C5440020683A00206F
:202CE000503C002080B582B000AF78607B685A7B7C4B9A7414227C490020FEF7EFFD034668
:202D0000002B40F0E380784B1B78002B48D1774B4FF401221A60764B4FF401221A60754B58
:202D20004FF441221A607B689B7B1A467B68DB7B1B021A447B681B7C1B041A447B685B7CB5
:202D40001B0613441A46674BC3F80A20674B1B68684A126811461846FEF722FE0346002B65
:202D600016D1654B00221A60644B00221A605D4B01221A705B4B00225A705A4BAA22DA742F
:202D80000423AA22012140F2FC70FFF701FCA4E00423FF22012140F2FC70FFF7F9FB9CE09B
:202DA000514B5B78002B48D1504B4FF480521A604F4B4FF480521A604E4B4FF480221A6015
:202DC0007B689B7B1A467B68DB7B1B021A447B681B7C1B041A447B685B7C1B0613441A465D
:202DE000404BC3F80220414B1B68424A126811461846FEF7D5FD0346002B16D13E4B0022D4
:202E00001A603E4B00221A60364B00221A70354B01225A70334BAA22DA740423AA220121CC
:202E200040F2FC70FFF7B4FB57E00423FF22012140F2FC70FFF7ACFB4FE02C4B4FF48052B8
:202E40001A602B4B4FF480521A602A4B4FF480221A607B689B7B1A467B68DB7B1B021A4412
:202E60007B681B7C1B041A447B685B7C1B0613441A461C4BC3F802201C4B1B681D4A1268BA
:202E800011461846FEF78CFD0346002B16D11A4B00221A60194B00221A60124B00221A709A
:202EA000104B01225A700F4BAA22DA740423AA22012140F2FC70FFF76BFB0EE00423FF2211
:202EC000012140F2FC70FFF763FB06E00423FF22012140F2FC70FFF75BFB00BF0837BD46A3
:202EE00080BD00BF8C440020A04400204C0700205007002054070020683C00206C3C0020F1
:202F000080B582B000AF7860534B1B68534A98187B6803F10C017B689B791A46FDF7A0FC8A
:202F20007B689B791A464C4B1B6813444A4A13607B689B791A464A4B1B681344484A1360F7
:202F4000454B1B68B3F5806FC0F08280454B1B684FF4806241491846FEF774FC0346002B1C
:202F60006FD1414B1B684FF4806240491846FEF7B5FC0346002B5CD14FF4806237493B4887
:202F8000FDF78DFC0346002B4BD1394B40F2FC721A60374B05229A712F4B00221A60344B3D
:202FA00002221A734FF480613048FFF77BFA0346304A13602F4B1B681B0EDAB22C4B1A746C
:202FC0002C4B1B681B0CDAB2294BDA73294B1B681B0ADAB2264B9A73264B1B68DAB2244B6E
:202FE0005A73254B1B78DBB2012B09D1234B1B8801339AB2214B1A801D48FFF725F903E07B
:203000001B490420FDF74AF9164B1B6803F58063144A1360144B1B6803F58063124A1360D5
:2030200016E00423FF22022140F2FC70FFF7B0FA0EE00423FF22022140F2FC70FFF7A8FA62
:2030400006E00423FF22022140F2FC70FFF7A0FA00BF0837BD4680BD683C0020803C002013
:203060006C3C00204C0700205007002080400020B8440020703C0020683A0020E4440020CC
:2030800080B582B000AF674A674B1A60674B1B68002B20D1664BD3F80220664B1B689A423E
:2030A00006D0634BD3F80A20624B1B689A4207D10423AA22032140F2FC70FFF769FAADE018
:2030C0000423FF22032140F2FC70FFF761FA594B00221A60A2E0584B1B68544A12685149FB
:2030E0001846FEF7AFFB0346002B40F08F80534B1B684E4A126852491846FEF7EFFB0346CC
:20310000002B7BD1494B1B681A4646494C48FDF7C6FB0346002B40F081804A4B40F2FC720F
:203120001A60484B05229A71404B1B6819464448FFF7B8F90346444A1360434B1B681B0E2C
:20314000DAB2404B1A74404B1B681B0CDAB23D4BDA733D4B1B681B0ADAB23A4B9A733A4B61
:203160001B68DAB2374B5A73384B1B78DBB2012B03D13448FFF768F803E032490420FDF706
:203180008DF82D4B1A68294B1B6813442A4A13602A4B1A68254B1B681344284A1360002332
:2031A0007B6002E07B6801337B607B684CF24F329342F7D91E4BD3F802201E4B1B689A42FB
:2031C00006D01B4BD3F80A201A4B1B689A420AD1164B00221A600423AA22032140F2FC706D
:2031E000FFF7D6F91AE00423FF22032140F2FC70FFF7CEF90F4B00221A600FE00423FF221C
:20320000032140F2FC70FFF7C3F907E00423FF22032140F2FC70FFF7BBF9FFE700BF0837BB
:20322000BD4680BD803C0020B4440020683C00208C4400206C3C00204C07002050070020F4
:2032400080400020B8440020703C0020683A002080B584B000AF7860244B40F2FC721A606B
:20326000224B02229A717B685B7B1A467B689B7B1B021A447B68DB7B1B041A447B681B7CF5
:203280001B061344FB601A4B1B78002B04D1184AFB68C2F8063007E0154B5B78002B03D195
:2032A000134AFB68C2F80E30124B1B6819464FF48030FFF731F903460F4A13600E4B1B6813
:2032C000FA689A4207D10423AA22072140F2FC70FFF75EF906E00423FF22072140F2FC70DE
:2032E000FFF756F900BF1037BD4680BDB8440020A0440020743C00207C3C002080B588B00E
:2033000000AF394B1B78012B0CD1384BD3F80230354AC2F80230354BD3F80630324AC2F83C
:2033200006300FE0304B5B78012B0BD12F4BD3F80A302D4AC2F80A302C4BD3F80E302A4A34
:20334000C2F80E304FF480510020FEF729FB0346002B3ED13B46142223491846FDF780FAB6
:20336000142221492248FDF77BFA3B46214A13603B46142219460020FEF764FA0346002B7E
:203380001FD1142219490020FEF7A8FA0346002B0FD1142215491448FDF781FA0346002BC7
:2033A0001ED10423AA22042140F2FC70FFF7F0F816E00423FF22042140F2FC70FFF7E8F8B3
:2033C0000EE00423FF22042140F2FC70FFF7E0F806E00423FF22042140F2FC70FFF7D8F86F
:2033E00000BF2037BD4680BD8C440020A0440020543C0020B444002080B500AF4FF4A021D3
:203400004FF48030FDF70CF90346002B07D10423AA22052140F2FC70FFF7BAF806E0042308
:20342000FF22052140F2FC70FFF7B2F800BF80BD80B500AF0E221D494FF44820FDF710F9E9
:203440000346002B30D1194B1B78012B20D1174B5A79174B1A70154B9A79154B5A70134BC7
:20346000DA79134B9A70114B1A7A114BDA700F4B5A7A0F4B1A710D4B9A7A0D4B5A710B4B03
:20348000DA7A0B4B9A71094B1A7B094BDA710BE0074BFF221A70064B01225A71044B022255
:2034A0009A71034B0022DA7100BF80BDCC440020DC44002080B586B000AF3A4BBB6072B6F8
:2034C00000BF394B00229A8000BF374B9B889BB2002BFAD1344B00229A8200BF324B9B8AA8
:2034E0009BB2002BFAD1314B00221A604FF0FF30FEF780FF4FF0FF30FEF7A0FF00237B618E
:2035000008E02B4A7B69C033002142F823107B6901337B617B695F2BF3D900233B6110E00C
:20352000244A3B6920334FF0FF3142F82310214A3B6960334FF0FF3142F823103B690133F4
:203540003B613B69072BEBD90023FB6007E0184AFB68134400221A70FB680133FB60FB68B3
:203560000F2BF4D900233B603B6883F31488BFF36F8F00BF00BF104B4FF480329A60BFF3A7
:203580004F8F00BF4FF480331B687B607B6883F3088800BFBB681B68984700BF1837BD46FC
:2035A00080BD00BF04000100000D004010E000E00060004000E100E000ED00E080B500AFDB
:2035C000FDF72EFAFDF7AAFAFCF794FE00BF80BD80B500AFFDF788F800BF80BD80B582B0FB
:2035E00000AF0346FB71FB79022B03D10349044801F0FCFC00BF0837BD4680BD708500003E
:20360000F844002080B500AFFFF7E2FF0023184680BDFFFF80B586B000AF786039607B6869
:203620007B613968786900F070F838613B69002B01D03B6932E03B681B791A4ADB01DBB2E1
:2036400093713B681B781A46174B9B5C03F00303FB603B685B781B01DBB2FA681343FB60F1
:203660003B689B781B0303F44053FA681343FB603B68DB781B0203F44073FA681343FB6009
:20368000084BFA6892B25A803B685B79054ADB01DBB213727B69054A1A6000231846183726
:2036A000BD4680BD003408403C8600005444570080B483B000AF7860064B00221A70054B62
:2036C000FF221A70002318460C37BD465DF8047B704700BF0034084080B483B000AF7860C4
:2036E0003960062318460C37BD465DF8047B704780B483B000AF78600B46FB7006231846A8
:203700000C37BD465DF8047B704780B483B000AF78603960002318460C37BD465DF8047BB6
:20372000704780B483B000AFEFF303837B607B683B603B88C3F308039BB2DBB2103BDBB2C5
:203740005BB218460C37BD465DF8047B7047FFFF80B483B000AF03463960FB7197F9073004
:2037600004493A6841F8232000BF0C37BD465DF8047B70474C46002080B483B000AF03463D
:20378000FB7197F90730044A52F8233018460C37BD465DF8047B70474C46002080B483B0C3
:2037A00000AF0346FB710B4997F9073003F1C00251F8223023F4803341F82230054A97F905
:2037C0000730C03352F8233000BF0C37BD465DF8047B70470060004080B584B000AF034691
:2037E000FB7197F907301846FFF7D8FFBFF35F8F00BF97F90730FB60FB6803F01F02074923
:2038000097F907305B09012000FA02F2603341F8232000BF1037BD4680BD00BF00E100E099
:2038200080B584B000AF0346B9607A60FB73BB68DAB2094997F90F301201D2B20B4483F895
:20384000002397F90F3079681846FFF781FF00BF1037BD4680BD00BF00E100E080B485B092
:2038600000AF0346FB7197F90730FB60FB6803F01F020749FB685B09012000FA02F241F8EC
:20388000232000BF1437BD465DF8047B704700BF00E100E080B582B000AF0346FB7197F972
:2038A00007301846FFF798FF97F907301846FFF7D5FF00BF0837BD4680BDFFFF80B485B052
:2038C00000AF0346FB7197F90730FB60FB6803F01F020B4997F907305B09012000FA02F25D
:2038E000203341F82320BFF34F8F00BFBFF36F8F00BF00BF1437BD465DF8047B704700BFE4
:2039000000E100E080B584B000AF0346B9607A60FB7397F90F307A68B9681846FFF780FF7F
:2039200097F90F301846FFF7B5FF00BF1037BD4680BDFFFF80B584B000AF786039600023C0
:20394000FB607B68BB60386800F0CFF8F860FB68002B01D0FB6822E0BB683A685A603B6879
:203960009A69BB685A623B68DA69BB68DA62BB6800229A62BB685B681B7803F5800303F5F3
:203980008D531B021A46BB689A60B86800F00AF9B86800F055FABB68034A1A60FB68184690
:2039A0001037BD4680BD00BF4950535280B586B002AFF860B9607A60FB70FB7800937B68C8
:2039C000BA680021F86800F0DFFA034618461037BD4680BD80B586B002AFF860B9607A60E6
:2039E000FB70FB7800937B680022B968F86800F0CBFA034618461037BD4680BD80B586B082
:203A000002AFF860B9607A603B603B7E00933B687A68B968F86800F0B7FA0346184610372E
:203A2000BD4680BD80B584B000AF78607B68FB60FB6800221A60FB685B685B69002B0AD02A
:203A4000FB685B685B699B681B6AFA6852685269126810469847FB685B681B69002B0AD0BF
:203A6000FB685B681B699B681B6AFA6852681269126810469847FB685B6893F90230002BBF
:203A800006DBFB685B6893F902301846FFF716FFFB685B6893F90130002B06DBFB685B68E3
:203AA00093F901301846FFF709FFFB685B6893F903301846FFF702FFFB685B6893F90430CD
:203AC0001846FFF7FBFEFB689A68137823F040031370FB689B68DB78FB689B680022DA7045
:203AE000002318461037BD4680BD80B586B000AF786000237B617B681B693B617B681B7854
:203B000003F5800303F58D531B020433FB603B69002B19D03B695B681B684FF000621A60E6
:203B20003B695B681B68FA689A603B699B681B683A6910683A6952681146984778617B69AA
:203B4000002B01D07B6928E07B685B69BB60BB68002B21D0BB685B681B684FF400221A6034
:203B6000BB685B681B68FA685A60BB689B681B68BA681068BA6852681146984778617B69AE
:203B8000002B09D03B69002B06D03B699B681B6A3A691268104698477B6918461837BD466A
:203BA00080BDFFFF80B491B000AF78600023FB6300233B620023BB6300237B6300233B638A
:203BC0000023FB620023BB6200237B620023FB61FB6B43F08003FB63FB6B43F02003FB6312
:203BE000FB6B43F01003FB637B685B685B7A002B01D1082300E00023FA6B1343FB637B6819
:203C00005B685B7A002B01D1102300E000237A6B13437B637B685B689B7A1A467B6A13436A
:203C20007B627B685B68DB7A5B007A6A13437B627B685B685B7B1B037A6A13437B627B68A6
:203C40005B681B69002B03D0FB6B43F02003FB637B685B681B6ABB61BB691B78002B14D1F7
:203C60007B685B681B78002B0AD17B685B685B7A002B01D1802300E000237A6A13437B62D0
:203C8000FB6B23F00103FB6303E0FB6B43F00103FB63BB695B78DB01DB431A46FB6B134061
:203CA000FB63BB695B785A00BB695B785B0113431A46FB6B1343FB633B6A23F00F033B62CB
:203CC000BB699B781A46BB69DB7802FA03F33A6A13433B627B6A23F070037B62BB69DB788E
:203CE0001B017A6A13437B62BB691B79002B0BD0BB6B43F02003BB63BB691B79022B03D180
:203D0000BB6B43F01003BB63BB695B79002B0BD07B6B43F001037B63BB695B79012B03D128
:203D20007B6B43F002037B63BB699B791A46FB691343FB61BB691B7AC3F30103DBB29B003E
:203D40007A6A13437B627B685B685B7A002B0CD17B6A43F460437B62BB695B7A3B63BB6972
:203D60009B7AFB62BB69DB7ABB6200237B61EFF310833B613B697B610123FB60FB6883F353
:203D8000108800BF2D4B5A687B685B681B78C3F11303012101FA03F3DB43284913404B60EF
:203DA000264B5B687B69BB60BB6883F3108800BF7B689B68DB787B689B680022DA707B6872
:203DC0009B68FA6BD2B21A707B689B683A6AD2B25A707B689B68BA6BD2B29A707B689B6816
:203DE000BA69D2799A727B689B683A6BD2B21A737B689B68FA6AD2B25A737B689B68BA6A08
:203E0000D2B29A737B689B687A6BD2B2DA737B689B687A6A92B21A827B689B68FA69D2B2FE
:203E200083F820207B689B68102283F8212000BF4437BD465DF8047B704700BF00400840E4
:203E400080B582B000AF78607B685B6893F90230002B0ADB7B685B6893F902007B685B6826
:203E60009B797A681946FFF74DFD7B685B6893F90130002B0ADB7B685B6893F901007B6824
:203E80005B685B797A681946FFF73CFD7B685B6893F904007B685B681B7A7A681946FFF773
:203EA00031FD7B685B6893F903007B685B68DB797A681946FFF7B4FC00BF0837BD4680BD80
:203EC00080B487B000AF78607B689B68DB7ADBB27B617B689B681B8A9BB2FB607B6893F8AB
:203EE00020300F2B08D97B6923F040037B617B6943F020037B610DE07B6893F82030072B4E
:203F000004D87B6943F040037B6103E07B6923F060037B617B6893F820303B613B690F2B3E
:203F200004D93B6901339B08053B3B61FB6823F47063FB603B691B02FA681343FB607B68EE
:203F40009B687A69D2B2DA727B689B68FA6892B21A8200BF1C37BD465DF8047B704780B4AF
:203F600083B000AF78607B689B681B78DAB27B689B6842F06002D2B21A7000BF0C37BD46F5
:203F80005DF8047B7047FFFF80B588B000AFF860B9607A603B60FB68FB61FB699B681B78DD
:203FA000DBB203F04003002B01D0082306E1FB69BA68DA60FB697A681A61FB6900225A616E
:203FC000FB6900229A61FB693A68DA61FB6997F8282083F82020FB695B685B69002B6DD0D6
:203FE000FB693A689A61FB6993F820300F2B0AD9FB695B685B695B681A68D378022161F372
:204000000513D37018E0FB6993F82030072B09D8FB695B685B695B681A68D37823F030033A
:20402000D37009E0FB695B685B695B681A68D378012161F30513D370FB695B685B695B685A
:204040001A689378022161F383039370FB695B685B695B681B683A6892B2DA81FB695B683A
:204060005B695B681B687A689A607B68002B0FD1FB695B685B695B681A68937823F00C030F
:204080009370FB695B685B695B681B684D4A9A60FB695B685B699B685B68FA6952685269D2
:2040A0001068FA69526852695268126811469847B861BB69002B01D0BB697FE0FB695B6863
:2040C0001B69002B73D0FB693A685A61FB6993F820300F2B0AD9FB695B681B695B681A68E1
:2040E000D378022161F30513D37018E0FB6993F82030072B09D8FB695B681B695B681A6869
:20410000D37823F03003D37009E0FB695B681B695B681A68D378012161F30513D370FB6972
:204120005B681B695B681A68D378022161F38303D370FB695B681B695B681B683A6892B291
:20414000DA81FB695B681B695B681B68BA685A60BB68002B0FD1FB695B681B695B681A6819
:20416000D37823F00C03D370FB695B681B695B681B68154A5A60FB699A68137823F020035E
:204180001370FB695B681B699B685B68FA69526812691068FA6952681269526812681146F8
:2041A000984778617B69002B01D07B6906E0F869FFF786FEF869FFF7D2FE002318462037C3
:2041C000BD4680BDFC4500200046002080B485B000AF78607B689B69FB607B68DB69FA681D
:2041E0009A4234D07B681B69002B03D17B689B685B6827E07B6893F820300F2B09D97B680C
:204200009A687B681969FB689B000B4452681A6018E07B6893F82030072B09D87B689A6808
:204220007B681969FB680B441279D2B21A7009E07B689A687B681969FB685B000B44928874
:2042400092B21A80FB685A1C7B689A6100E000BF1437BD465DF8047B704780B485B000AF39
:2042600078607B685B69FB607B68DB69FA689A4233D07B68DB68002B04D17B689B680022CE
:204280005A6025E07B6893F820300F2B09D97B68DA68FB689B001A447B689B6812685A60EA
:2042A00016E07B6893F82030072B08D87B68DA68FB681A447B689B6812781A7108E07B688C
:2042C000DA68FB685B001A447B689B6812889A80FB685A1C7B685A6100E000BF1437BD4682
:2042E0005DF8047B704790B587B000AF78600B46FB707B689B6A7B617B69002B03D107F1D5
:2043000008037B6105E07A6907F1080307CA83E807007B685B681B781A467B691A607B69CD
:20432000FA781A717B68DA6A7B699A607B685B6A786998477B689B6A002B08D07B689B6A40
:204340001C4607F1080393E8070084E8070000BF1C37BD4690BD80B582B000AFFFF7E1F9BB
:204360000346FB7197F907301846FFF717FA97F907301846FFF700FA38603868FFF726FFF4
:204380003B689A693B68DB699A4206D13B685B6893F903301846FFF761FA00BF0837BD4608
:2043A00080BD80B584B000AFFFF7BBF90346FB7397F90F301846FFF7F1F997F90F3018460D
:2043C000FFF7DAF9B860BB685B681B6A7B607B68002B1ED07B685B78012B1AD1BB685A6907
:2043E000BB68DB69013B9A4207D1BB685B6893F903301846FFF74EFA0BE0BB685B681B69D0
:20440000002B06D0BB685B6893F903301846FFF725FAB868FFF721FF00BF1037BD4680BD07
:2044200080B582B000AFFFF77CF90346FB7197F907301846FFF7B2F997F907301846FFF765
:204440009BF938603B689B68DB78C3F34003DBB2002B04D03B685B685B7A012B28D197F9C2
:2044600007301846FFF72AFA3B685B6893F90230002B06DB3B685B6893F902301846FFF7E5
:204480001DFA3B689A68137823F0400313703B685B6893F90230002B06DB3B685B6893F9DA
:2044A00002301846FFF7F6F901213868FFF71BFF00BF0837BD4680BD80B584B000AFFFF769
:2044C00030F90346FB7397F90F301846FFF754F9B860BB685B6893F90230002B06DBBB68A1
:2044E0005B6893F902301846FFF7E8F9BB689A68137823F040031370BB685B6893F90230D9
:20450000002B06DBBB685B6893F902301846FFF7C1F9BB689B68DB78FB71BB689B680022B0
:20452000DA70FB7903F00803DBB2002B03D00521B868FFF7D8FEFB7903F00103DBB2002BFF
:2045400003D00421B868FFF7CEFEFB7903F00403DBB2002B09D0FB7903F01003DBB2002B50
:2045600003D00821B868FFF7BEFE97F90F301846FFF714F900BF1037BD4680BD80B483B090
:2045800000AFEFF303837B607B683B603B88C3F308039BB2DBB2103BDBB25BB218460C37C7
:2045A000BD465DF8047B704780B483B000AF03463960FB7197F9073004493A6841F82320D7
:2045C00000BF0C37BD465DF8047B70474C46002080B483B000AF0346FB7197F90730044AB9
:2045E00052F8233018460C37BD465DF8047B70474C46002080B483B000AF0346FB710B491E
:2046000097F9073003F1C00251F8223023F4803341F82230054A97F90730C03352F8233087
:2046200000BF0C37BD465DF8047B70470060004080B584B000AF0346FB7197F90730184658
:20464000FFF7D8FFBFF35F8F00BF97F90730FB60FB6803F01F02074997F907305B090120F9
:2046600000FA02F2603341F8232000BF1037BD4680BD00BF00E100E080B584B000AF034616
:20468000B9607A60FB73BB68DAB2094997F90F301201D2B20B4483F8002397F90F307968B5
:2046A0001846FFF781FF00BF1037BD4680BD00BF00E100E080B485B000AF0346FB7197F903
:2046C0000730FB60FB6803F01F020749FB685B09012000FA02F241F8232000BF1437BD4622
:2046E0005DF8047B704700BF00E100E080B582B000AF0346FB7197F907301846FFF798FF32
:2047000097F907301846FFF7D5FF00BF0837BD4680BDFFFF80B485B000AF0346FB7197F911
:204720000730FB60FB6803F01F020B4997F907305B09012000FA02F2203341F82320BFF361
:204740004F8F00BFBFF36F8F00BF00BF1437BD465DF8047B704700BF00E100E080B58AB0C6
:2047600000AF786039607B687B623B681B7803F5800303F58C531B021A467B6A1A627B6A0E
:2047800000221A707B6A3A68DA613B685A697B6A5A623B689A697B6ADA627B6A00229A62DA
:2047A0007A6A9378012161F3010393703B685B78002B05D17A6A9378022161F301039370A9
:2047C0003968786A00F0C0F9786A00F006F900233B62EFF31083FB60FB683B6201233B618C
:2047E0003B6983F3108800BF474B5A683B681B7819464FF00043CB40DB43434913404B602A
:20480000414B5B683B6A7B617B6983F3108800BF7B6A1B6A00229A707B6A1B6A00221A716A
:204820007B6A1B6A00225A727B6A1B6A00229A727B6A1B6A0022DA727B6A1B6A00225A8347
:204840003B681B781A4640F21923D34003F00103002B03D07B6A1B6A4022DA747B6A1B6AC8
:2048600006221A773968786A00F0C1F87B6A0022DA607B6A00221A617B6A00225A617B6AE9
:2048800000229A613B68DB69FB61FB691B7803F00303BB61BB6943F01003BB617B6ADB69FD
:2048A00093F905301846FFF721FF7B6ADB6993F90B301846FFF71AFFBB6943F04003BB61B0
:2048C0007B6ADB6993F907301846FFF70FFF7B6ADB6993F909301846FFF708FFBB6943F0EA
:2048E0002003BB617B6A1B6ABA69D2B29A70FB695A897B6A1A817B6A044A5A600023184629
:204900002837BD4680BD00BF004008405549435380B487B000AFF860B9607A60FB687B61D9
:2049200000233B617B69BA685A617B697A689A613B6918461C37BD465DF8047B704780B41F
:2049400087B000AFF860B9607A60FB687B617B691B6A9B78DAB27B691B6A02F07B02D2B283
:204960009A707B699B78C3F30103DBB21A467B689A1A7B691A617B699B78C3F30103DBB25B
:204980001A46BB681A447B69DA607B691B6A9B78DAB27B691B6A62F07F02D2B29A707B6962
:2049A0009B7803F00303DBB2022B0AD1BB681B887A69126A6FEAC3536FEAD3539BB2D381A2
:2049C00004E07B691B6ABA681278DA70002318461C37BD465DF8047B704780B483B000AF1C
:2049E000786000BF0C37BD465DF8047B704780B586B000AF786039603B681B781A4640F2FC
:204A00001923D34003F00103002B04D07B681B6A4FF478429A823B689B781A013B68DB7809
:204A2000DB0013437B61F2233B613B685B78032B04D17B6943F040037B6107E03B685B78AC
:204A4000002B03D13B6923F010033B617B681B6A7A69D2B21A707B681B6A3A69D2B29A71FE
:204A60003B68DB69BB60BB681B7B082B04D17B681B6A0A225A7309E0BB681B7B5B00DAB289
:204A80007B681B6A02F00202D2B25A730023FB60BB685B78DB01DBB2FA681343FB60BB6854
:204AA0009B785B0103F02003FA681343FB607B681B6A00221A72BB681B78022B03D0BB686F
:204AC0001B78032B11D17B681B6AFF225A70BB681B78022B03D1FB6843F01003FB607B6842
:204AE0001B6AFA68D2B2DA710DE07B681B6AFA68D2B2DA717B681A6ABB685B681946104678
:204B000000F04FF800BF00BF1837BD4680BD80B582B000AF78600B46FB701346BB7097F993
:204B200002301846FFF7F6FD97F902301846FFF761FDF97897F902307A681846FFF79CFD86
:204B400000BF0837BD4680BD80B582B000AF786039603B68997A3B6893F90B301A46786830
:204B6000FFF7D5FF3B6819793B6893F905301A467868FFF7CCFF3B6899793B6893F90730B6
:204B80001A467868FFF7C3FF3B68197A3B6893F909301A467868FFF7BAFF00BF0837BD468F
:204BA00080BD80B483B000AF786039603B689A787B685A703B685B78C3F30103D9B27A6832
:204BC000137861F3010313703B68DA787B689A747B68DB79DBB223F05C03DAB23B681B7891
:204BE00003F05C03DBB21343DAB27B68DA7100BF0C37BD465DF8047B704790B58BB000AF07
:204C0000F860B9601346FB71FB689B6A7B627B6A002B03D107F114037B6205E07B6A07F187
:204C200014040FCB84E80F00FB68DB691B781A467B6A1A607B6ABA689A607B6AFA791A712A
:204C4000FB68DA6A7B6ADA60FB685B6A786A9847FB689B6A002B07D0FB689B6A1C4607F179
:204C600014030FCB84E80F0000BF2C37BD4690BD80B584B000AFFFF781FC0346FB7397F984
:204C80000F301846FFF7B6FC97F90F301846FFF79FFCB860BB68DB691B69002B30D1BB68BF
:204CA0001B69002B2CD0BB689B7803F00303DBB2022B0BD1BB68DB681B88BA68126A6FEA84
:204CC000C3536FEAD3539BB2D38105E0BB68DA68BB681B6A1278DA70BB681B69BA68927805
:204CE000C2F30102D2B29A1ABB681A61BB68DB68BA689278C2F30102D2B21A44BB68DA609D
:204D0000BB681B69002B1BD1BB681B6A9B78FB71FB7943F00403FB71FB7903F07F03FB713F
:204D2000BB681B6AFA799A70BB680022DA60BB685B6A002B04D080220021B868FFF75DFFB3
:204D400000BF1037BD4680BD80B584B000AFFFF715FC0346FB7397F90F301846FFF74AFCCE
:204D600097F90F301846FFF733FCB860BB689B7803F00303DBB2022B07D1BB681B6A1B8ABB
:204D80009BB2C3F308037B6004E0BB681B6A5B79DBB27B60BB689B69002B0AD1BB685B6A4D
:204DA000002B33D07B6804221946B868FFF725FF2CE0BB685869BB689B78C3F30103DBB2B6
:204DC0001A463B1D194603F06DFABB685B69BA689278C2F30102D2B21A44BB685A61BB68B4
:204DE0009B69BA689278C2F30102D2B29A1ABB689A61BB689B69002B08D1BB685B6A002B37
:204E000004D001220021B868FFF7F7FE00BF1037BD4680BD80B582B000AFFFF7AFFB03462A
:204E2000FB7197F907301846FFF7D2FB38603B681B6A9B78DAB23B681B6A02F07B02D2B2A4
:204E40009A703868FFF7C9FD3B685B6A002B04D0022200213868FFF7D0FE97F907301846B7
:204E6000FFF7C8FB00BF0837BD4680BD80B584B000AFFFF783FB0346BB7297F90A30184611
:204E8000FFF7A6FB78600023FB607B689B7803F00303DBB2022B07D17B681B6A1B8A9BB24A
:204EA000C3F30803FB6004E07B681B6A5B79DBB2FB607B681B6A1B79DBB203F03803FB72AA
:204EC000FB7A03F01003002B0BD07B681B6A1B7FC3F30003DBB2002B03D1FB7A43F040031F
:204EE000FB727B681B6A1B79DAB27B681B6A22F03802D2B21A717868FFF76FFD7B685B6A10
:204F0000002B05D0FB7A1A46F9687868FFF775FE97F90A301846FFF76DFB00BF1037BD4683
:204F200080BDFFFF80B485B000AF0023FB60EFF310837B607B68FB600123BB60BB6883F33A
:204F4000108800BF0D4B1B68002B05D10C4B0022DA700B4B4022DA70084B1B680133074AFE
:204F60001360FB683B603B6883F3108800BF00BF1437BD465DF8047B704700BF484600204B
:204F8000000D084080B485B000AF0023FB60EFF310837B607B68FB600123BB60BB6883F3C0
:204FA000108800BF0F4B1B68002B04D00D4B1B68013B0C4A13600B4B1B68002B05D10A4BAF
:204FC0000022DA70084B8022DA70FB683B603B6883F3108800BF00BF1437BD465DF8047BD7
:204FE000704700BF48460020000D084080B584B000AF786039607B68FB60FB68044A1A6046
:20500000386800F03EF8002318461037BD4680BD54524F5080B487B000AF78600B467B803F
:2050200013467B700023FB820023BB827B8823F0FF037B827B88DBB23B823B8A012202FAE6
:2050400003F3FB817B78002B02D1FB89BB8201E0FB89FB827B8A1B0A9BB2DBB25B0103F1F6
:20506000804303F50023BB60BB8A1A04FB8A1A43BB689A60002318461C37BD465DF8047B2A
:20508000704780B584B000AF7860786800F060F87B68BB60FFF746FF0023FB8111E0BB6855
:2050A0005A68FB89DB0013449888BB685A68FB89DB0013441B68194600F00EF8FB8901332D
:2050C000FB81BB681B88FA899A42E8D3FFF75AFF00BF1037BD4680BD80B483B000AF034680
:2050E0003960FB803B6803F48033002B1CD01749FB881B0A9BB21A46FB88DBB212011A4402
:2051000051F8223023F4803341F822300F48FB881B0A9BB21946FB88DBB23A6822F480327A
:2051200009010B4440F823200849FB881B0A9BB21A46FB88DBB2120113443A6841F823205D
:2051400000BF0C37BD465DF8047B70470008084080B588B000AF7860594B7B61594B3B61BB
:205160000023FB619FE00023BB6195E07B685A68FB69DB0013449A885349BB6931F81330F4
:205180009A4240F086807B685A68FB69DB0013441B6803F0F853FB60FB68B3F1807F03D0CD
:2051A000FB68B3F1106F39D17B6993F8BB34DAB20121BB6901FA03F3DBB21340DBB2002BA6
:2051C00013D1012002F080FF7B6993F8BB34DAB20121BB6901FA03F3DBB21343DAB27B69E5
:2051E00083F8BB24012002F01FFF3B69BA69203213F81230C3F3C013DBB2002B49D13A69C0
:20520000BB6903F1200112F8113043F0800302F811300121C82002F085FD3AE07B6993F812
:20522000BB34DAB20121BB6901FA03F3DBB21340DBB2002B15D0012002F046FF7B6993F878
:20524000BB34DAB20121BB6901FA03F3DBB2DB43DBB21340DAB27B6983F8BB24012002F034
:20526000E3FE3B69BA69203213F81230C3F3C013DBB2002B0DD03A69BB6903F1200112F8E3
:20528000113023F0800302F811300121C82002F049FDBB690133BB61BB69022B7FF666AF6B
:2052A000FB690133FB617B681B881A46FB699342FFF459AF00BF00BF2037BD4680BD00BF0C
:2052C00000E00140003008404486000080B483B000AFEFF303837B607B683B603B88C3F31B
:2052E00008039BB2DBB2103BDBB25BB218460C37BD465DF8047B704780B483B000AF034656
:20530000FB7197F90730044A52F8233018460C37BD465DF8047B70474C46002080B483B027
:2053200000AF0346FB710B4997F9073003F1C00251F8223023F4803341F82230054A97F969
:205340000730C03352F8233000BF0C37BD465DF8047B70470060004080B584B000AFFFF748
:20536000B5FF0346BB7397F90E301846FFF7C4FFB8600023FB73174ABB685B79D35CC3F337
:205380000103DBB2032B02D10123FB7304E097F90E301846FFF7C2FFBB68002B0ED0BB68D3
:2053A0009B68002B0AD0BB685B797B60BB68DB683B60BB689B683A4610469847FB7B002B96
:2053C00004D097F90E301846FFF7A8FF00BF1037BD4680BD0060004080B483B000AFEFF352
:2053E00003837B607B683B603B88C3F308039BB2DBB2103BDBB25BB218460C37BD465DF892
:20540000047B704780B483B000AF03463960FB7197F9073004493A6841F8232000BF0C37BE
:20542000BD465DF8047B70474C46002080B483B000AF0346FB7197F90730044A52F82330AF
:2054400018460C37BD465DF8047B70474C46002080B483B000AF0346FB710B4997F9073085
:2054600003F1C00251F8223023F4803341F82230054A97F90730C03352F8233000BF0C37DE
:20548000BD465DF8047B70470060004080B584B000AF0346FB7197F907301846FFF7D8FF1F
:2054A000BFF35F8F00BF97F90730FB60FB6803F01F02074997F907305B09012000FA02F26A
:2054C000603341F8232000BF1037BD4680BD00BF00E100E080B584B000AF0346B9607A60A3
:2054E000FB73BB68DAB2094997F90F301201D2B20B4483F8002397F90F3079681846FFF7E6
:2055000081FF00BF1037BD4680BD00BF00E100E080B485B000AF0346FB7197F90730FB6056
:20552000FB6803F01F020749FB685B09012000FA02F241F8232000BF1437BD465DF8047B71
:20554000704700BF00E100E080B582B000AF0346FB7197F907301846FFF798FF97F90730D0
:205560001846FFF7D5FF00BF0837BD4680BDFFFF80B485B000AF0346FB7197F90730FB60D8
:20558000FB6803F01F020B4997F907305B09012000FA02F2203341F82320BFF34F8F00BFE8
:2055A000BFF36F8F00BF00BF1437BD465DF8047B704700BF00E100E080B584B000AF034603
:2055C000B9607A60FB7397F90F307A68B9681846FFF780FF97F90F301846FFF7B5FF00BF2F
:2055E0001037BD4680BDFFFF80B584B000AF786039607B68FB603B681B7C1A46012303FAA4
:2056000002F2FB68DA603968F86800F085F83968F86800F0B3F8FB68034A1A600023184644
:205620001037BD4680BD00BF5450470080B485B000AF78607B68FB60FB689B68FA68D26809
:205640009A60002318461437BD465DF8047B704780B485B000AF78607B68FB60FB689B6862
:20566000FA68D2685A60002318461437BD465DF8047B704780B586B000AF78607B687B61C9
:2056800000233B617B695B68DB69FB607B695B6893F91230184600F0D4F9FB6893F9243032
:2056A000184600F0CEF9FB6893F92530184600F0C8F97B6900221A60786900F021F8B86000
:2056C0007B699B687A69D2689A607B699B6800225A63BB6843F425431946786900F005F817
:2056E0003B6918461837BD4680BD80B483B000AF7860396000BF0C37BD465DF8047B704702
:2057000080B483B000AF7860002318460C37BD465DF8047B7047FFFF80B485B000AF78605B
:2057200039607B683A685A607B6801221A747B68DB6803F00603002B02D07B6800221A744B
:205740003B681B7C1A460C4B13441B02FB60FA687B689A603B685A697B685A613B689A69A0
:205760007B68DA617B6800229A6100BF1437BD465DF8047B704700BF9016400080B594B055
:2057800000AF786039603B68DB693B640023FB63EFF31083BB61BB69FB6301237B617B69EB
:2057A00083F3108800BF954B1A693B681B7C19464FF00043CB40DB43904913400B618F4B03
:2057C0001B69FB6B3B613B6983F3108800BF7B689B684FF425421A607B689B680022DA6284
:2057E0007B689B680022DA637B689B6800229A643B681B7ABB63BB6BDB05FB643B685B683D
:20580000013B7B633B681B78032B03D1FB6C43F48033FB647B689B68FA6CDA62786800F02E
:20582000EFF87B689B683A6C9269DA617B689B683A6CD2691A627B689B687A6B9A667B68CE
:205840009B687A6B5A6600233B633B6C9B6BBB644FF0FF33BB600023FB603B681B78002BA8
:2058600006D13B685B685B08013BFB62FB6ABB603B681B78012B07D93B68D96807F1080247
:205880000023786800F00BF97B689B68BA685A657B689B68BA689A653B681B78032B07D9FF
:2058A0007B689B68BA68DA657B689B68BA681A66FB681B043A6B13433B63FB681B063A6BD5
:2058C00013433B633B6C9B6B002B1ED13B6C1B78002B0AD03B6C5B781946386800F054F918
:2058E000B862BA6CBB6A1343BB643B6C9B78002B0BD03B6CDB781946386800F045F978620D
:205900007B6A1B04BA6C1343BB64786800F067F900233B620023FB617B689B683A6A9A63F2
:205920007B689B68FA69C3F888203B6C9B6B002B0DD13B6C93F820305B03BA6C1343BB648A
:205940003B6C93F821305B07BA6C1343BB644FF4AA037B643B6C93F83030002B02D04FF426
:20596000A0037B647B689B687A6C1A643B681B78012B07D17B689B680022DA647B689B68F5
:2059800000221A657B689B687A68D268DA607B689B68BA6C5A637B689B683A6B42F003029F
:2059A0001A637B689B683A6B42F001021A634AF201517868FFF799FE3B6893F912003B684E
:2059C0005B7C7A68194600F054F83B6C93F924003B6C93F822307A68194600F04AF83B6C7E
:2059E00093F925003B6C93F823307A68194600F040F800BF5037BD4680BD00BF004008403B
:205A000080B483B000AF78607B689B684FF000421A617B689B684FF000425A617B689B68AE
:205A20004FF000429A617B689B6800225A627B689B6800229A6200BF0C37BD465DF8047B49
:205A4000704780B582B000AF0346FB7197F90730002B0ADB97F907301846FFF789FD97F9BC
:205A6000073000211846FFF7CDFC00BF0837BD4680BD80B584B000AF0346B9607A60FB73B1
:205A800097F90F30002B06DB97F90F307A68B9681846FFF791FD00BF1037BD4680BD80B4FD
:205AA0008BB000AFF860B9607A603B60FB689B689B6EFB61FB690133FB61BB68002B0CBF3E
:205AC00001230023FB76BA68FB699A422CBF01230023BB76FB7E002B02D1BB7E002B44D05A
:205AE0003B6803F00103002B07D1FB689B685B6BC3F30403DBB27B6206E0FB689B685B6BA4
:205B0000C3F30443DBB27B62FB685B681B78032B09D97B6A03F01003002B0CBF012300232D
:205B200087F8233008E07B6A03F00C03042B0CBF0123002387F82330FB7E002B06D097F8A8
:205B4000233083F00103DBB2002B06D1BB7E002B07D097F82330002B03D07B6802225A6010
:205B60000CE07B6803225A6008E0BB687B617B69013B7B617B687A691A6000BF00BF2C3773
:205B8000BD465DF8047B704780B485B000AF78600B46FB70FB789A01FB781B01134343F4A1
:205BA0008073BB600923FB607B681B78022B0BD07B681B78032B02D10323FB6004E0FB7883
:205BC000002B01D10623FB60BA68FB681343BB60BB6818461437BD465DF8047B704780B4C0
:205BE00085B000AF78607B685B68DB69FB60FB6893F8303003F00103DBB2002B05D0FB686F
:205C00009A6A7B689B68013ADA64FB6893F8303003F00203DBB2002B05D0FB68DA6A7B68C4
:205C20009B68013A1A6500BF1437BD465DF8047B704790B589B000AFF8600B467A60FB72F2
:205C4000FB689B69FB61FB69002B03D107F11003FB6105E0FA6907F1100307CA83E8070021
:205C6000FB69FA7A1A71FB697A689A60FB68DA69FB691A60FB685B69F8699847FB689B692F
:205C8000002B08D0FB689B691C4607F1100393E8070084E8070000BF2437BD4690BD80B599
:205CA00084B000AFFFF798FB0346FB7397F90F301846FFF7CDFB97F90F301846FFF7B6FB02
:205CC000B860BB685B681B78012B20D1B868FFF717FD7860BB689B68BA68D2689A60BB6875
:205CE0009B6800229A64BB689B680022DA64BB689B6800221A657B6843F425431946B86833
:205D0000FFF7F3FC97F90F301846FFF7BFFBBB685B69002B04D000220021B868FFF789FFFA
:205D200000BF1037BD4680BD80B483B000AFEFF303837B607B683B603B88C3F308039BB275
:205D4000DBB2103BDBB25BB218460C37BD465DF8047B704780B487B000AF0346FB710E4B7A
:205D60001B6A7B61FB797A6922FA03F303F007033B617B691B0E03F00703FB60074B1A6887
:205D8000FB689A403B6922FA03F318461C37BD465DF8047B704700BF00E00140D4470020B6
:205DA00080B400AF094B0122A3F80421074BB3F804319BB2002BF9D1044B0122A3F8002127
:205DC00000BFBD465DF8047B704700BF00C0014080B483B000AF03463960FB7197F907308B
:205DE00004493A6841F8232000BF0C37BD465DF8047B70474C46002080B483B000AF034697
:205E0000FB7197F90730044A52F8233018460C37BD465DF8047B70474C46002080B483B01C
:205E200000AF0346FB710B4997F9073003F1C00251F8223023F4803341F82230054A97F95E
:205E40000730C03352F8233000BF0C37BD465DF8047B70470060004080B584B000AF0346EA
:205E6000FB7197F907301846FFF7D8FFBFF35F8F00BF97F90730FB60FB6803F01F0207497C
:205E800097F907305B09012000FA02F2603341F8232000BF1037BD4680BD00BF00E100E0F3
:205EA00080B584B000AF0346B9607A60FB73BB68DAB2094997F90F301201D2B20B4483F8EF
:205EC000002397F90F3079681846FFF781FF00BF1037BD4680BD00BF00E100E080B485B0EC
:205EE00000AF0346FB7197F90730FB60FB6803F01F020749FB685B09012000FA02F241F846
:205F0000232000BF1437BD465DF8047B704700BF00E100E080B582B000AF0346FB7197F9CB
:205F200007301846FFF798FF97F907301846FFF7D5FF00BF0837BD4680BDFFFF80B485B0AB
:205F400000AF0346FB7197F90730FB60FB6803F01F020B4997F907305B09012000FA02F2B6
:205F6000203341F82320BFF34F8F00BFBFF36F8F00BF00BF1437BD465DF8047B704700BF3D
:205F800000E100E080B584B000AF0346B9607A60FB7397F90F307A68B9681846FFF780FFD9
:205FA00097F90F301846FFF7B5FF00BF1037BD4680BDFFFF80B584B000AF786039607B685A
:205FC000FB600023BB60FB683A685A603B681B78002B23D03B685A68FB689A633B68DA686B
:205FE000FB681A64FB680022DA63184B01221A763B6893F911003B681B7CFA681946FFF7B7
:20600000C1FF124B98221A753B6893F913003B689B7CFA681946FFF7B5FF05E00B4B002256
:206020001A760A4B00221A75F86800F073FAB860BB68002B01D0BB6803E0FB68044A1A60A5
:20604000BB6818461037BD4680BD00BF00E07F404E45504F80B586B000AFF860B9607A6043
:206060003B60FB683B6100237B613B685A083B691A633B69BA689A623B697A68DA623B6939
:20608000002283F834207B68B3F1006F04D2386902F062F9786103E0386900F084F97861B2
:2060A0007B6918461837BD4680BD80B588B000AFF860B9607A60FB687B610023FB617B6906
:2060C000002283F83420BB68B3F1006F19D20023BB61BB68B3F5803F06D2BB6823F4FF5381
:2060E00023F01F03BB6105E0BB6823F4FF4323F07F03BB617A68B969786902F031F9F861E3
:206100000EE0BB6823F03F033B617A683969786900F09EFAF861FB69002B01D0FB6900E093
:20612000FB6918462037BD4680BD80B588B000AFF860B9607A603B60FB687B610023FB6146
:20614000BB68B3F1006F1DD27B69002283F834203B6800221A70BB683B610023BB610CE00C
:206160003A69BB6913441B78FF2B03D03B6801221A700EE0BB690133BB61BA697B689A42DD
:20618000EED306E03B687A68B968786900F052F9F861FB6918462037BD4680BD80B483B07D
:2061A00000AF786039600B4BB3F884309BB203F08103002B03D13B6800221A7002E03B6873
:2061C00001221A70002318460C37BD465DF8047B704700BF00E07F4080B487B000AFF860F0
:2061E000B9601346FB80FB687B6100233B6106233B613B6918461C37BD465DF8047B70470C
:2062000080B487B000AFF860B9607A60FB687B6100233B6106233B613B6918461C37BD46FE
:206220005DF8047B704780B485B000AF78607B68FB600023BB600623BB60BB681846143757
:20624000BD465DF8047B704780B584B000AF78607B68FB60F86802F067F8034618461037E3
:20626000BD4680BD80B584B000AF78600B46FB701346BB707B68FB600023BB60BA78FB788D
:206280001946F86802F054F8B860BB6818461037BD4680BD80B485B000AF78607B68FB60B3
:2062A0000023BB600623BB60BB6818461437BD465DF8047B704780B584B000AF78607B682F
:2062C000FB60F86800F026F9034618461037BD4680BDFFFF80B483B000AF786039603B689E
:2062E000094A92E8030083E803003B68074A083392E8030083E80300002318460C37BD467F
:206300005DF8047B704700BF6C8600009C08002080B584B000AF78607B68FB600023BB6011
:20632000FB6800221A60FB685B6893F91130002B06DBFB685B6893F911301846FFF7FEFD1D
:206340000B4B00221A76FB685B6893F91330002B06DBFB685B6893F913301846FFF7EEFD00
:20636000034B00221A75BB6818461037BD4680BD00E07F4080B487B000AFF860B9607A6012
:206380003B60FB687B617B69BA689A637B697A681A647B693A68DA63002318461C37BD4642
:2063A0005DF8047B704780B586B000AF786000237B61786800F08AFA78617B69002B01D054
:2063C0007B6932E07B685B681B78002B06D07B68012283F8342000233B6102E07B68DB68F1
:2063E0003B613A690421786801F0AEFF78617B685B681B78002B01D07B6916E018224FF456
:206400008051786901F0A4FF78617B681B6B002B02D07B69002BE4D001F08EFFF8607B697A
:20642000002B01D1FB687B617B6918461837BD4680BDFFFF80B588B000AFF860B9607A60EA
:206440003B60F86800F042FAF861FB69002B01D0FB6957E02D4B002283F8D0202B4ABB6824
:206460001363BA687B681344284A013B5363284B71221A70264BD0221A70FB685B681B78B0
:20648000002B08D0FB68032283F834203B6802221A70002336E0FB685B697A689208013242
:2064A00002FB03F3BB6108E0BB69002B02D11423FB610AE0BB69013BBB61144BD3F88030F0
:2064C000C3F3C033DBB2012BEED14FF4FC720021F86901F03DFFF8610C4B93F8D430DBB26F
:2064E000012B03D13B6801221A7002E03B6800221A7001F021FF7861FB69002B01D17B69EC
:20650000FB61FB6918462037BD4680BD00E07F4000007E4080B586B000AF78607B68002272
:2065200083F83420424B012283F816241C20FFF711FC78611820FFF70DFC38617B693D4AD4
:20654000934202D84FF4FB736DE07B6903F5742303F23F23384AA2FB03239B0CFB603B69D9
:2065600003F5742303F23F23334AA2FB03239B0CBB60FB689BB2314A03F5F0539BB2A2F8E6
:20658000E430BB6843F6B85202FB03F32C4AA2FB03239A087B689A60BB6840F6D86202FB46
:2065A00003F3274AA2FB03239A087B68DA60BB685B00234AA2FB03239A087B681A61BB6821
:2065C000542202FB03F31E4AA2FB03239A087B685A61BB681B4A02FB03F3194AA2FB032346
:2065E0009A087B689A61BB6844F2506202FB03F3134AA2FB03239A087B685A62BB68124A3D
:2066000002FB03F30E4AA2FB03239A087B681A62BB680E4A02FB03F3094AA2FB03239A0845
:206620007B68DA61002318461837BD4680BD00BF00E00140FF083D0083DE1B4300E07F40AA
:20664000ABAAAAAA38AF040080DE0F00A0F7030080B588B000AFF860B9607A600023FB61B9
:20666000FB68BA689A62FB687A681A63F86800F02DF9F861FB69002B02D04FF4FA7336E0E1
:20668000FB685B681B78002B06D0FB68022283F834200023BB6102E0FB685B6ABB61164B24
:2066A0000122A3F8E020BA694021F86801F048FEF861FB685B681B78002B01D0FB6916E099
:2066C00019224FF40051F86901F042FEF861FB681B6B002B02D0FB69002BE4D001F02CFEBC
:2066E0007861FB69002B01D17B69FB61FB6918462037BD4680BD00BF00E07F4080B584B000
:2067000000AFFFF711FB0346BB7397F90E301846FFF772FBB8601E4B1B7CDBB27B601C4BDB
:20672000D3F880201B4B13403B607B6803F00803002B02D00423FB7319E07B6803F08003D5
:20674000002B02D00523FB7311E07B6803F01003002B0AD03B6803F44053002B02D0072373
:20676000FB7304E00623FB7301E00723FB73B86801F0DAFD97F90E301846FFF74FFBFB7BED
:206780001946B86800F06EF800BF1037BD4680BD00E07F404070F00080B584B000AF002364
:2067A000FB73FFF7C1FA03467B7397F90D301846FFF722FBB86097F90D301846FFF72EFBE3
:2067C000BB6893F83430012B17D1BB681B6B002B0ED000220421B86801F0B6FD78607B681B
:2067E000002B2BD0B86801F09FFD0723BB7325E00123BB730123FB7320E0BB6893F8343073
:20680000022B0ED1BB681B6B002B05D000224021B86801F095FD11E00023BB730123FB73C9
:206820000CE00123FB730E4B93F8D430DBB2012B02D10323BB7301E00223BB73FB7B002B3D
:206840000AD001F079FDBB68002283F83420BB7B1946B86800F006F800BF1037BD4680BDFA
:2068600000E07F4080B586B000AF78600B46FB707B68DB6B7B617B69002B03D107F10C03DC
:206880007B6106E07A6907F10C0392E8030083E803007B69FA781A707B681A6C7B695A607A
:2068A0007B689B6B786998477B68DB6B002B08D07B68DB6B1A4607F10C0393E8030082E88B
:2068C000030000BF1837BD4680BDFFFF80B584B000AF78600023FB604FF49643BB607B68E1
:2068E0005B681B78002B0DD07B685B6893F911301846FFF70FFB7B685B6893F91330184696
:20690000FFF708FB0C4B4AF68022A3F8842008E0BB68002B02D14FF4FA7309E0BB68013B05
:20692000BB60054BB3F884309BB2802BF0D1FB6818461037BD4680BD00E07F4080B485B084
:2069400000AF786039607B68FB600C4AFB6813603B681A68FB689A603B685A68FB68DA6029
:20696000FB6800225A60FB68054A1A60002318461437BD465DF8047B704700BF0446002029
:206980004347430080B588B000AFF8600B467A60FB72FB68FB610023BB61FB7A052B02D0A9
:2069A000FB7A062B0DD107F1100307F11402F97A786800F0B5F9B861BB69002B01D0BB69EC
:2069C00029E0FB7A184600F0F5F803461A46FB7A1146184600F006F90346002B02D140F2C3
:2069E000931318E0012000F01AF8FB7A052B02D0FB7A062B06D13B6907F11402F97A7868DD
:206A000000F0CCF9FB7A0021184600F019F9012000F01AF8002318462037BD4680BD80B55B
:206A200082B000AF0346FB71012001F04DFBFB79012B05D1002000F0D5FF002001F044FBBC
:206A400000BF0837BD4680BD80B582B000AF0346FB71FB79012B07D1002001F0E5FA064B74
:206A60001B6A184600F07AF8012001F0DDFA00BF0837BD4680BD00BF00E0014080B483B063
:206A800000AF78601A4B1B68B3F5004F01D0002327E0184B93F83630DBB2002B17D0154B42
:206AA00093F83830DBB2002B11D0124B93F83230DBB2002B0BD00F4B93F82A30DBB2002B76
:206AC00005D00C4B93F84A30DBB2002B01D1002307E07B6803F0EE43002B01D0002300E0EB
:206AE000012318460C37BD465DF8047B704700BFD447002000E0014080B485B000AF786038
:206B00000B46FB70FB78002B0BD07B68FB60FB6803F0443323F480030E4A934201D000237A
:206B200011E00D4B93F82A30DBB2002B05D10A4B93F84A30DBB2002B01D0012300E000238F
:206B400003F00103DBB218461437BD465DF8047B704700BF4444044400E0014080B584B061
:206B600000AF7860104B93F84030FB737868FFF785FF0346002B03D0042000F033FF0FE0F4
:206B8000FB7B19467868FFF7B7FF0346002B07D0064B1B68064A934202D8032000F022FF42
:206BA00000BF1037BD4680BD00E00140D447002040420F0080B483B000AF0346FB71FB7963
:206BC000074A52F823301B78DBB2002B0CBF01230023DBB218460C37BD465DF8047B7047AE
:206BE000C086000080B487B000AF03460A46FB711346BB7116237B61FB7901229A407B6941
:206C00001340002B01D0012312E00C4B93F83C30DBB23B61FB793A6922FA03F303F0010378
:206C2000FB60BB79FA689A420CBF01230023DBB218461C37BD465DF8047B704700E0014088
:206C400080B483B000AF03460A46FB711346BB71FB790A4A52F82330BA791A70FB79074AAD
:206C600052F823301B78DBB2BA799A42F6D100BF00BF0C37BD465DF8047B7047C0860000EC
:206C800080B489B000AFF8600B467A60FB72114BFB61FB681B78002B01D10E4BFB61FB6825
:206CA0005B880133FA6902FB03F35B08BB61FB685B7801337B61BA697B69B2FBF3F33B616C
:206CC0007B683A691A60002318462437BD465DF8047B7047002D310180B487B000AF7860F9
:206CE0000023FB827B681B78002B01D10123FB827B685B88BB827B685B787B82BB8A1B02C8
:206D000003F47C52FB8A1B011A437B8A1343FB60FB6818461C37BD465DF8047B7047FFFF5A
:206D200080B588B000AFF8607A603B600B46FB72F868FFF7D1FFB861FB7A052B02D1154B95
:206D4000FB6101E0144BFB61FB691B889BB21A46BB69934209D0FB7A1846FFF72BFF034679
:206D6000002B02D040F291130FE0FB7A7A681946F868FFF785FF78617B69002B01D07B6924
:206D800003E03B68BA691A60002318462037BD4680BD00BF28E0014048E0014080B584B0DE
:206DA00000AFF8607A603B600B46FB72FB7A052B04D1094B3A6892B21A8504E0064B3A686F
:206DC00092B2A3F84820FB7A7968184600F044FE00BF1037BD4680BD00E0014080B483B0B8
:206DE00000AF0346FB7197F90730002B0CDBFB7903F01F02074997F907305B09012000FA38
:206E000002F2403341F8232000BF0C37BD465DF8047B704700E100E080B483B000AFEFF346
:206E200003837B607B683B603B88C3F308039BB2DBB2103BDBB25BB218460C37BD465DF837
:206E4000047B704780B483B000AF03463960FB7197F9073004493A6841F8232000BF0C3764
:206E6000BD465DF8047B70474C46002080B483B000AF0346FB7197F90730044A52F8233055
:206E800018460C37BD465DF8047B70474C46002080B483B000AF0346FB710B4997F907302B
:206EA00003F1C00251F8223023F4803341F82230054A97F90730C03352F8233000BF0C3784
:206EC000BD465DF8047B70470060004080B584B000AF0346FB7197F907301846FFF7D8FFC5
:206EE000BFF35F8F00BF97F90730FB60FB6803F01F02074997F907305B09012000FA02F210
:206F0000603341F8232000BF1037BD4680BD00BF00E100E080B584B000AF0346B9607A6048
:206F2000FB73BB68DAB2094997F90F301201D2B20B4483F8002397F90F3079681846FFF78B
:206F400081FF00BF1037BD4680BD00BF00E100E080B485B000AF0346FB7197F90730FB60FC
:206F6000FB6803F01F020749FB685B09012000FA02F241F8232000BF1437BD465DF8047B17
:206F8000704700BF00E100E080B582B000AF0346FB7197F907301846FFF798FF97F9073076
:206FA0001846FFF7D5FF00BF0837BD4680BDFFFF80B485B000AF0346FB7197F90730FB607E
:206FC000FB6803F01F020B4997F907305B09012000FA02F2203341F82320BFF34F8F00BF8E
:206FE000BFF36F8F00BF00BF1437BD465DF8047B704700BF00E100E080B584B000AF0346A9
:20700000B9607A60FB7397F90F307A68B9681846FFF780FF97F90F301846FFF7B5FF00BFD4
:207020001037BD4680BDFFFF80B590B000AF786039607B68BB6200237B623B681B693B6272
:207040003B681B6803F58023A8331B03FB61BB6AFA695A600023BB61EFF310833B613B69E4
:20706000BB610123FB60FB6883F3108800BF8F4B5A683B681B68C3F10203012101FA03F3B7
:20708000DB438A4913404B60884B5B68BB69BB60BB6883F3108800BFBB6A3A681A603B6858
:2070A0009A68BB6ADA613B68DA68BB6A5A62BB6A00221A623B6A1A78BB6A1A7600220121B5
:2070C000B86A00F0E3FB3B6A1B7B1BB25B001AB23B6A1B7D1BB2DB001BB213431BB243F485
:2070E000E0731BB29AB2FB69A3F840283B685B687B617B691B68013B1A046D4B13407A69CC
:207100005268013A12071A437B699B68013B1B021A437B69DB68013B1B031343BA6A127EDC
:207120001A43FB69C3F8442800220221B86A00F0ADFBFB69802283F85028FB6903F50073A0
:207140004FF400720021184601F0A4F80023FB632CE03B6A9A68FB6BDB0013449B79002B63
:2071600016D13B6A1B69FA6B9A4211D2FB6B20331B01FA69D1183B6A9A68FB6BDB0013447B
:207180001A46386A00F056F9402387F83B3002E0002387F83B30FA69FB6B134403F50263F5
:2071A00097F83B201A70FB6B0133FB63FB6B1F2BCFD900237B6300233B632BE03B6A5A68D7
:2071C0003B6B9B0013441B686FF0604293421ED23B6A5A683B6B9B0013441B68FB623B6A4A
:2071E0001B7B002B04D1FB6A9A04324B1340FB62FB693A6B02F58072F96A43F822103B6B61
:207200009B000F2202FA03F37A6B13437B633B6B01333B633B6A1B699B083A6B9A42CDD332
:207220007B6BDA43FB69C3F8282400220021B86A00F02CFBFA69B2F8403843F02003A2F8EF
:207240004038FB69B3F84038C3F34013DBB2002BF7D13B6893F915003B681B7DBA6A1946A4
:20726000FFF7CAFE3B6893F916003B681B7DBA6A1946FFF7C1FE3B6893F917003B681B7D17
:20728000BA6A1946FFF7B8FEFB693E2283F84C28FB694FF0FF32C3F82C24BB6A064A9A60BE
:2072A0007B6A18464037BD4680BD00BF004008400000FF030000FC1F4E41435280B588B0DF
:2072C00000AF78607B68FB61FB6900229A60FB691B6893F915301846FFF76AFEFB691B680D
:2072E00093F916301846FFF763FEFB691B6893F917301846FFF75CFEFB695B68BB61BB6938
:20730000002283F84C28BB690022C3F82C2400237B61EFF31083BB60BB687B610123FB60FE
:20732000FB6883F3108800BF0C4B5A68FB691B681B68C3F10203012101FA03F30749134328
:207340004B60064B5B687B693B613B6983F3108800BF002318462037BD4680BD00400840DD
:2073600080B58AB000AFF860B9607A60FB68BB61BB691B681B697B61BB695B683B613A69F8
:20738000BB68134403F502631B78C3F3C013DBB2002B02D04EF663233AE0BB6820331B01FA
:2073A0003A6913447A681946786900F043F87B689B7903F00F03D9B23A69BB6820331B01CA
:2073C0001A44938861F3030393807B689B797B62BB6820331B013A69134406333B627B68AE
:2073E0000C33FB6107E0FA69531CFB613B6A591C396212781A707B6A5A1E7A62002BF2D1ED
:207400003A69BB68134403F5026380221A70002318462837BD4680BD80B485B000AFF86036
:20742000B9607A60062318461437BD465DF8047B7047FFFF80B489B000AFF860B9607A6094
:20744000FB681B7BFB750023FB61FB7D002B06D0FB7D022B0AD17B681B79002B06D17B68EF
:207460001B689A04114B1340BB610EE0FB7D022B06D17B681B79012B02D14FF00043FB6162
:207480007B681B6823F06043BB617B685B799B073B61FA693B691A43BB691A43BB681A603D
:2074A00000BF2437BD465DF8047B70470000FC1F80B489B000AFF860B9607A60FB685B687C
:2074C000BB61BA69BB6820331B0113441B687B617B699B0F03F00103DAB27B685A71FB6803
:2074E0001B681B693B613B691B7BB969BA68203212010A441268C2F3C072D2B21343DBB2F0
:2075000003F00103DAB27B681A717B681B79002B06D17B699B0CC3F30A027B681A6004E073
:207520007B6923F060427B681A60BA69BB6820331B0113449B88C3F30303DBB21A467B689A
:207540009A717B689B79082B02D97B6808229A710023FB6112E0BA69BB681B011A44FB696E
:20756000134403F206231B78D9B27A68FB6913440C330A461A70FB690133FB617B689B79D7
:207580001A46FB699342E6D3BA69BB68134403F5026344221A707B6800229A6000BF243796
:2075A000BD465DF8047B7047B0B58EB000AF786039607B681B6A7B637B6B002B02D13B68AD
:2075C0007B6317E07B6B07F10C041D460FCD0FC40FCD0FC495E8030084E803007A6B3B68B0
:2075E00014461D460FCD0FC40FCD0FC495E8030084E803007B68DB69786B98477B681B6A30
:20760000002B0CD07B681B6A1D4607F10C040FCC0FC50FCC0FC594E8030085E8030000BF84
:207620003837BD46B0BD80B590B000AFFFF7F4FB03461846FFF72CFCFFF7EEFB034687F8F6
:207640003B3097F93B301846FFF710FC78633B4628220021184600F01DFE0023FB637B6BCD
:207660005B683B633B6B93F84D38DBB2BB803B6B002283F84D283B6BB3F84238C3F30013DF
:20768000DBB2002B22D0BB8843F020039BB2BB803B6B93F8533887F82F303B6B022283F840
:2076A00053283B6B93F85238C3F30403DBB2FB633B6B97F82F2083F853283A6BFB6B134410
:2076C00003F50262137823F0040313707B6B1B681B683B607B6B5B6A3B61FB6BFB603B4616
:2076E0001946786BFFF760FF7B6B1B681B69BB623B6BB3F84238C3F30013DBB2002B0AD0C3
:20770000BB6A1B7D002B06D07B6B1B6893F915301846FFF763FB00BF4037BD4680BD80B514
:2077200090B000AFFFF778FB03461846FFF7B0FBFFF772FB034687F83F3097F93F301846B2
:20774000FFF794FBB8634FF480633B81BB6B5B687B637B6B93F8533887F833307B6B0022FA
:2077600083F853287B6B93F85238C3F30403DBB2FB627B6B97F8332083F853283B1D143314
:207780001A46F96AB86BFFF793FEFB6A3B61BB6B1B681B687B60BB6B5B6A7B613B1D1946F6
:2077A000B86BFFF701FF7B6BB3F84238C3F30003DBB2002B04D097F93F301846FFF70EFB04
:2077C00000BF4037BD4680BD80B590B000AFFFF723FB03461846FFF75BFBFFF71DFB0346B1
:2077E00087F83F3097F93F301846FFF73FFBB86300233B81BB6B5B687B637B6B93F8533851
:2078000087F833307B6B012283F853287B6B93F85238C3F30403DBB2FB627B6B97F833201D
:2078200083F853287A6BFB6A134403F5026300221A707A6BFB6A134403F5026300221A70FE
:20784000FB6A3B613B8943F400639BB23B81BB6B1B681B687B60BB6B5B6A7B613B1D19463B
:20786000B86BFFF7A1FE7B6BB3F84238C3F34003DBB2002B06D0BB6B1B6893F917301846E4
:20788000FFF7ACFA00BF4037BD4680BD80B584B000AF78600B46FB701346BB707B685B6800
:2078A000FB607B685B7BBA789A420DD00221786800F032F8FB68BA7883F858287B68BA7807
:2078C0005A737B6802221A737B681B7BFA789A421ED0FB78052B13D10221786800F01CF804
:2078E000FA68B2F8403843F48063A2F84038FB68B3F84238C3F38023DBB2012BF7D104E092
:20790000FB781946786800F007F87B68FA781A7300BF1037BD4680BD80B485B000AF7860AE
:207920000B46FB707B685B68FB60FA68B2F8403823F48063A2F84038FB7803F00303D9B203
:20794000FA68B2F8403861F30923A2F84038FB68B3F842389BB203F4E062FB781B029A4297
:20796000F5D100BF00BF1437BD465DF8047B704780B400AF094B0122A3F80421074BB3F8D3
:2079800004319BB2002BF9D1044B0122A3F8002100BFBD465DF8047B704700BF00C0014035
:2079A00080B483B000AF0346FB710D4B93F8A030C3F30013DBB2002BF7D1094AFB7982F8BF
:2079C000A030074B93F8A030C3F30013DBB2002BF7D100BF00BF0C37BD465DF8047B704792
:2079E00000E0014080B582B000AF0346FB71FB79042B14D1174B93F8AA30C3F30013DBB2F6
:207A0000002BF7D1134B012283F8AA20114B93F8AA30C3F30013DBB2002BF7D115E00D4B56
:207A200093F8AA30C3F30013DBB2002BF7D1094B002283F8AA20074B93F8AA30DBB2002B6E
:207A4000F9D1FB791846FFF7ABFF00BF0837BD4680BD00BF00E0014080B483B000AF7860DE
:207A600039607B68052B04D13B681B68064A536103E03B681B68044A936100BF0C37BD460B
:207A80005DF8047B704700BFAC08002080B483B000AF0D4B93F82630DBB27B600A4B1B6A37
:207AA0001B0E03F007033B60084A7B6852F823203B6822FA03F3064A136000BF0C37BD46C6
:207AC0005DF8047B704700BF00E00140AC080020D447002080B500AF0B4B012283F81C2117
:207AE0000A4B0B4A1A62094B052283F82620FFF7CDFF084BF1221A73064B00221A72054B20
:207B0000F0221A7300BF80BD00C0014000E00140111202200020004080B500AF0B4B0C4A73
:207B20001A600A4B0B4A5A60084B4FF400429A60064B074ADA60054B4FF400421A61034B1B
:207B4000054A5A61FFF7A2FF00BF80BDAC080020002D310100127A0000E1F50580B500AF0A
:207B60001B4B4AF20352A3F8FE23FFF701FFFFF7D3FF174B002283F81324154B092283F858
:207B8000A22000F031F8124B002283F83620104B93F83C30C3F30003DBB2012BF7D10C4BD7
:207BA00041F211321A850A4B002283F82A20084B93F83C30C3F34013DBB2012BF7D1FFF7AA
:207BC00089FF034B4FF42542A3F8FE2300BF80BD00E0014080B483B000AF786000BF0C375C
:207BE000BD465DF8047B704780B500AF184B93F88034DBB2002B07D1154B93F88134C3F38B
:207C00000103DBB2002B1CD0114B93F88034DBB2002B0DD10E4B012283F880240121C820E6
:207C200000F080F80A4B93F88034DBB2012BF9D1074B002283F88124054B002283F88024A0
:207C400004E04FF47A70FFF7C5FF00BF00BF80BD00E0014080B582B000AF2B4B002283F854
:207C600028200121C82000F05DF8274B002283F82420254B93F82430DBB2002BF9D1224ADD
:207C800092F8243043F0020382F824301E4B93F82430C3F34003DBB2002BF7D11A4B0022B8
:207CA00083F82220184B93F82230DBB2002BF9D10023FB7116E01449FB7903F1200211F8D0
:207CC000123023F0800301F812300F4AFB79203312F81330C3F3C013DBB2002BF5D1FB79A9
:207CE0000133FB71FB79002BE5D0012000F0ECF9064B002283F8BB24012000F095F900BF6F
:207D00000837BD4680BD00BF0030084000E0014080B483B000AF786000BF0C37BD465DF844
:207D2000047B70472DE9B04F90B000AFF861B9610023FB63FB69BA6902FB03F3BB63504BE2
:207D40001B687B634F4A7B6BB2FBF3F33B63BB6B00223B617A61D7E904234FF000004FF0EE
:207D60000001590141EAD261500102460B463969B2EB0108796963EB01094FF000024FF05E
:207D800000034FEA890343EA98734FEA880290469946D7E904120B4618EB03033B60134647
:207DA00049EB03037B604FF000024FF00003D7E900894946CB00414643EA51734146CA00BF
:207DC000C7E90A23D7E90A23012B08D2BA6A3B6BB2FBF3F37B627B6A9B08FB6344E03B6BE9
:207DE0009B00BA6BB2FBF3F3BB63BB6B0022BB60FA60D7E9028942464B464FF000004FF073
:207E00000001590141EAD261500102460B464146541A494663EB01054FF000024FF0000364
:207E2000AB0043EA9473A20014461D46434614EB030A4B4645EB030B4FF000024FF000031D
:207E40004FEACB0343EA5A734FEACA0292469B46C7E90AABD7E90A23012B02D2BB6AFB638E
:207E600002E04FF0FF33FB63FB6B002B02D0F86B00F00AF800BF4037BD46BDE8B08F00BFBD
:207E8000D447002000CA9A3BA0F101000028FBD1704700BF80B582B000AF0346FB71FB79CD
:207EA000074A52F82330002B06D0FB79044A52F82330FA791046984700BF0837BD4680BD8E
:207EC0000846002080B582B000AF144BB3F82031BB80124BB3F840319AB2BB8813407B8032
:207EE0000023FB710EE07A88FB7922FA03F303F00103002B03D0FB791846FFF7CBFFFB7982
:207F00000133FB71FB790F2BEDD9044A7B88A2F8303100BF0837BD4680BD00BF0060004064
:207F200080B58AB000AF032000F0CEF8394B6FF0FF029A643B1D0C22FF21184600F0AAF9D1
:207F400000237B6221E0344A7B6A32F81330002B18D07B6A5B097B617B6A03F01F033B6182
:207F60007B699B0028333B4453F8242C01213B6901FA03F3DB431A407B699B0028333B4485
:207F800043F8242C7B6A01337B627B6A5F2BDAD9224BBB6100233B6218E03B6A9B00BA699A
:207FA0001A443B6A9B0028333B4453F8243C13601B493B6A9B0028333B4453F8242C3B6A6D
:207FC000A03341F823203B6A01333B623B6A022BE3D9032000F028F80023FB6112E00E4A52
:207FE000FB6932F81330002B09D00B4AFB6932F813300C4A1946FB69C03342F82310FB69A9
:208000000133FB61FB695F2BE9D900BF00BF2837BD4680BD008000407C8500007080004012
:2080200000E100E00060004080B487B000AF0346FB7100237B61EFF31083FB60FB687B6102
:2080400001233B613B6983F3108800BFFB791A4A32F813309BB2002B09D0FB79164A32F85B
:20806000132092B2013A91B2134A22F81310FB79114A32F813309BB2002B11D10F4BB3F8D6
:20808000FE339AB20E4B13439AB2FB790D4931F81330DB439BB2094913409BB2A1F8FE330B
:2080A0007B69BB60BB6883F3108800BF00BF1C37BD465DF8047B7047CC47002000E00140DD
:2080C00000A5FFFFDC86000080B487B000AF0346FB7100237B61EFF31083FB60FB687B61BE
:2080E00001233B613B6983F3108800BFFB79164A32F813309BB2002B0FD1144BB3F8FE337B
:208100009AB2FB79124931F8133013439AB20F49104B13439BB2A1F8FE33FB790A4A32F824
:20812000132092B2013291B2074A22F813107B69BB60BB6883F3108800BF00BF1C37BD46C0
:208140005DF8047B704700BFCC47002000E00140DC86000000A5FFFF80B500AF00F00CF8A4
:20816000FBF750FA00BFFDE780B400AF00BE00BFBD465DF8047B704780B584B000AF3A4B95
:208180004FF47002C3F88820374B384A9A600020FBF724FAFFF7E2FC0120FBF71FFA334B1B
:2081A0001B68A3F580633B603B6883F30A8800BF2F4A304BD31A1A4600212E4800F06AF892
:2081C0002D4A2E4BD31A1A462D492C4800F06AF82C4A2D4BD31A9B107B600023FB6007E060
:2081E000294AFB6852F823309847FB680133FB60FA687B689A42F3DBFFF748FCFFF72AFDF5
:208200000320FFF761FF0023BB6009E01F4ABB6808334FF6FF7122F81310BB680133BB6093
:20822000BB68052BF2D90320FFF7FEFE0320FFF74BFF174B00225A60154B00229A60144B8F
:208240000022DA60124B00221A610320FFF7ECFE0220FBF7C3F9FFF763FE0020FFF758FD33
:2082600000BF1037BD4680BD00ED00E000000000D8470020C8080020AC08002000000020C8
:20828000E8860000A8080020A4080020000D084000000E4002440346934200D1704703F84A
:2082A000011BF9E70A44431E914200D1704710B511F8014B914203F8014FF9D110BDFFFFEB
:2082C00000000305352E332E300000004275696C7420776974682052656E65736173204174
:2082E0006476616E63656420466C657869626C6520536F667477617265205061636B61678C
:20830000652076657273696F6E20352E332E3000F8B500BFF8BC08BC9E467047F8B500BFD3
:20832000F8BC08BC9E4670475FF800F0790000205FF800F0810600205FF800F001000020F4
:208340005FF800F0B50100205FF800F0290200205FF800F0190300205FF800F089040020F7
:208360005FF800F0ED040020010C00030400030300040000010700FF000000000000000080
:208380000000000000000000000000000000000000000000000000000000000000000000DD
:2083A000000000000000FFFFDFDF0000000000000000000000000000000000000000000001
:2083C00000000000404B4C0000000000A025260001021100D10A00000000000084830000E5
:2083E00000000000000000000000000000000000010D010E20450020E0830000848600006E
:20840000060803030101000000000000000000000000000000000000000000010000000045
:2084200000090A0B0C03030303000000010000000000000000000000450A000000000000B6
:208440001484000000010000580700200F00FFFF00000000FFFF00000002000001050106EA
:208460000107010800000000000000009D0C00000000000044840000000000006C070020E7
:208480008C0700200000000020000000000000000000000000000000000000005C07002086
:2084A000190300000000000078840000020001020000010400010000000001040101000092
:2084C000040000000601000004000000070100000000010008010000000401060901000066
:2084E000000401060A010000000001060B010000050000000C010000040000000D0100002F
:20850000000001030502000004000000060200000400000007020000050000000802000028
:20852000000001000C020000000001000D020000000001000003000004000000030300000E
:208540000400000004030000050000000004000000000110010400000000011002040000DA
:208560000400000007040000040000000005000018000000B084000000000000A100A40052
:20858000A500A200A3008001810182018301C401C501C801C70131003000EA000400CF00AD
:2085A0000000000000000000000000000000000000000000000000000000000000000000BB
:2085C00000000000000000000000000000000000000000000000000000000000000000009B
:2085E00000000000000000000000000000000000000000000000000000000000000000007B
:2086000000000000000000000000000000000000000000000000000000000000000000005A
:2086200000000000000000000000000000000000000000000000000000000000FFFF00FF3D
:20864000010203FF020403040404FFFF00000000FFFF000000200000800000000000010063
:20866000FFFF07000080000080000000020000004C86000000000008FF1F000840000000B3
:2086800004000000B55F000055600000AB6000002B610000D5620000116300009D610000CD
:2086A0000162000027620000D961000049620000B76200006562000095620000756300003A
:2086C00036E0014038E0014090E4014032E0014080E401402AE001404AE001400100020084
:2086E000080010000000000080B584B000AF0023FB6000237B60194BB3F884309BB23B6023
:208700004FF49643BB60154B4FF42A42A3F8842008E0BB68002B02D14FF4FA73FB60BB689D
:20872000013BBB600D4BB3F884309BB2002BF0D13B68012B06D1094B4DF60112A3F84420A3
:2087400000F066FB7B6840F2F512934201D17B68FB60FB6818461037BD4680BD00E07F40E0
:2087600080B584B000AF78607B685B681B78002B0DD07B685B6893F91130184600F04CFBC0
:208780007B685B6893F91330184600F045FB124BB3F884309BB2002B02D1786800F040FBC4
:2087A00000F01CF8F86000F049F8B860FB68002B01D1BB68FB60FFF797FFB860FB68002B04
:2087C00001D1BB68FB607B68002283F83420FB6818461037BD4680BD00E07F4080B483B027
:2087E00000AF4FF496437B60124BB3221A7007E07B68002B01D1142315E07B68013B7B602A
:208800000D4BD3F88030C3F3C033DBB2012BEFD1094B1B7CC3F30013DBB2002B02D040F2F3
:20882000F51300E0002318460C37BD465DF8047B704700BF00007E4000E07F4080B483B07B
:2088400000AF4FF496437B60124B50221A7007E07B68002B01D1142315E07B68013B7B602C
:208860000D4BD3F88030C3F3C033DBB2012BEFD1094B1B7CC3F30013DBB2002B02D040F293
:20888000F51300E0002318460C37BD465DF8047B704700BF00007E4000E07F4080B485B019
:2088A00000AFF860B9607A60174AFB689B6A1363164B20221A70154BD0221A70FB689A6A0F
:2088C000BB681A44FB689A62FB681B6B5A1EFB681A637B68002B10D007E07B68002B01D1C2
:2088E00014230BE07B68013B7B60074BD3F88030C3F3C033DBB2012BEFD1002318461437A1
:20890000BD465DF8047B704700E07F4000007E4080B586B000AFF860B9607A607B68002BF9
:2089200006D1FB685B6893F91130184600F074FA314AFB68DB6A1363304BE8221A70BB68E6
:208940005A082E4BD2B21A7000237B612AE0FB681B693B61FB689B6A1A46284B12881A8033
:2089600006E03B695A1E3A61002B01D114233EE0214BD3F88030C3F38023DBB2012BF0D04F
:20898000FB689B6A9A1CFB689A62FB68DB6A9A1CFB68DA62FB681B6B5A1EFB681A637B6938
:2089A00001337B61BB685B087A699A42CFD3134BD0221A707B68002B11D007E07B68002B02
:2089C00001D1142313E07B68013B7B600A4BD3F88030C3F3C033DBB2012BEFD106E0FB6866
:2089E0005B6893F91130184600F01EFA002318461837BD4680BD00BF00E07F4000007E4055
:208A000080B586B000AFF860B9607A6000237B61174B1B7CC3F30013DBB2012B0FD1144B38
:208A2000D3F88030C3F38033DBB2012B04D1104B1B7C0F4B00221A7440F2F5137B610C4B5B
:208A4000D3F88020BB681340002B01D07B687B61FB68002B01D0FB687B617B69002B01D0FC
:208A6000FFF7BCFE7B6918461837BD4680BD00BF00E07F4080B485B000AF786039607B68AB
:208A80009B69BB60194A3B681363194B40221A70174B08221A700023FB6008E0144A1549B3
:208AA000FB6831F813301380FB680133FB60FB68072BF3D90E4BD0221A7007E0BB68002BF7
:208AC00001D114230BE0BB68013BBB60074BD3F88030C3F3C033DBB2012BEFD100231846B8
:208AE0001437BD465DF8047B704700BF00E07F4000007E408C08002080B485B000AFF8605D
:208B0000B9607A60194B4FF6FF721A80174B4FF6FF725A807B689AB2FB689BB2DB039BB2B2
:208B200013439BB243F4F0439AB2104BDA80BB689BB26FEA43536FEA53539AB20B4B9A800D
:208B40000A4B4FF6FF721A81084B4FF6FF725A81064B4FF6FF729A81044B4FF6FF72DA8109
:208B600000BF1437BD465DF8047B70478C08002080B584B000AF78600023FB60786800F06B
:208B80007BF8F860FB68002B10D0FB681EE07B689B681A4680217868FFF7BAFEF860182234
:208BA0004FF4A041F868FFF72BFFF8607B681B6B002B02D0FB68002BE9D0FFF795FDB8606C
:208BC000FB68002B01D1BB68FB60FB6818461037BD4680BD80B588B000AFF860B9607A6008
:208BE0000023FB61FB68BA689A62FB687A681A63F86800F041F8F861FB69002B01D0FB690D
:208C000033E01C4B0122A3F8E0201EE0FB689B6AB3F5803F06D2FB68DB69BB614FF400531E
:208C20007B6105E0FB681B6ABB614FF400437B61BA697969F868FFF731FEF86119224FF4AC
:208C4000C041F869FFF7DCFEF861FB681B6B002B02D0FB69002BD9D0FFF746FD3861FB6935
:208C6000002B01D13B69FB61FB6918462037BD4680BD00BF00E07F4080B584B000AF786050
:208C80000023FB604FF49643BB607B685B681B78002B0DD07B685B6893F91130184600F01D
:208CA000BBF87B685B6893F91330184600F0B4F80F4B4FF45942A3F844200D4B4AF60122A0
:208CC000A3F8842008E0BB68002B02D14FF4FA7309E0BB68013BBB60054BB3F884309BB23D
:208CE000012BF0D1FB6818461037BD4680BD00BF00E07F4080B588B000AFF860B9607A607A
:208D0000174BD3F8DC30C3F3C073DBB2BB61F868FFF7B2FFF861FB69002B01D0FB691BE069
:208D2000BB68590B7B685B0B1A46B869FFF7E4FE0C49F868FFF79EFEF86118220021F869AE
:208D4000FFF75EFEF861FFF7CFFC7861FB69002B01D17B69FB61FB6918462037BD4680BDD4
:208D600000E07F4030A1000180B584B000AF78600B46FB701346BB707868FFF77DFFF860A8
:208D8000FB68002B01D0FB6832E0BB78002B08D0FB789BB2184A43F4CC439BB2A2F8E83062
:208DA0001DE01022FF21154800F02EF8FB789BB203F001039BB2002B02D14FF6FF7201E058
:208DC00047F6FF720D4BDA800D497868FFF752FEF86018220021F868FFF712FEF860FFF750
:208DE00083FCB860FB68002B01D1BB68FB60FB6818461037BD4680BD00E07F408C08002063
:208E000030A10001000000005FF800F0958200005FF800F0A15D00005FF800F03D5F0000FA
:208E20005FF800F0CD6800005FF800F0DD5E0000010000000010000000100000000004000F
:208E40004000020005000000060000000300000003000000FFFFFF1FFFFFFF1F0000000087
:208E600000000000000000000000000000000000000000000000000000000100FA070000F0
:208E800000000000FB07000000000000FC07000000000000000000000000010000000000CC
:208EA0000000010000000000000001000000000000000100000000000000000000000000AF
:208EC000000000000000000000000000000000000000000000000000000000000000000092
:208EE000000000000000000000000000000000000000000000000000000000000000000072
:208F0000000000000000000000000000000000000000000000000000000000000000000051
:208F2000000000000000000000000000000000000000000000000000000000000000000031
:208F4000000000000000000000000000000000000000000000000000000000000000000011
:208F60000000000000000000000000000000000000000000FFFF00000000000000000000F3
:148F80000000000001000000748600002D02000005020000AC
:020000040001F9
:20000000A0F60020CD420200CD3F020065050100DD420200DD420200DD420200DD4202001C
:20002000000000000000000000000000F5CE0100DD4202000000000031CF0100A1CF010069
:20004000C32F0200BB30020065310200BB30020065310200EFF201008FF201006DF30100DD
:20006000B5F30100BBDE010007DF010085DF01001DE00100D7E80100FFE70100A3E90100BF
:20008000FBE90100A11D0200051D02002D1202002D12020095FB0100E1070200000000009A
:2000A000000000000000000000000000000000000000000000000000000000000000000040
:2000C000000000000000000000000000000000000000000000000000000000000000000020
:2000E000000000000000000000000000000000000000000000000000000000000000000000
:200100000000000000000000000000000000000000000000000000000000000000000000DF
:200120000000000000000000000000000000000000000000000000000000000000000000BF
:2001400000000000000000000000000000000000000000000000000000000000000000009F
:2001600000000000000000000000000000000000000000000000000000000000000000007F
:2001800000000000000000000000000000000000000000000000000000000000000000005F
:2001A00000000000000000000000000000000000000000000000000000000000000000003F
:2001C0000348044B834202D0034B03B118477047D00A0020D00A002000000000064B074941
:2001E000C91A891048BF0131491003D0044B0BB101481847704700BFD00A0020D00A002001
:200200000000000010B5064C237843B9FFF7D8FF044B13B10448AFF300800123237010BD5E
:20022000280B002000000000DCA7020008B5054B1BB105490548AFF30080BDE80840FFF76D
:20024000CDBF00BF000000002C0B0020DCA7020080B586B000AF43F608033B6000237B6080
:200260000023BB600023FB6000233B820023BB740023FB740A490B4813F028F90346FB757B
:20028000FB7D002B06D13B461946064813F07CF90346FB75FB7D18461837BD4680BD00BF61
:2002A000649502009847002080B586B000AF01233B712A4813F080F938613B69002B01D033
:2002C000274B43E00023FB750EE03B1D1946234813F095F938613B69002B02D13B79002B3B
:2002E00006D0FB7D0133FB75FB7D052BEDD900E000BF3B79002B04D0184813F06FF9184B1E
:2003000024E0BB1D1A460321144813F08FF9134813F064F9FB8807EE903AF8EEE77A9FEDC6
:20032000117A27EE877ADFED106AC7EE267AC7ED037AD7ED037A9FED0D7A37EEC77AF2EEB6
:20034000046AC7EE267AC7ED027ABB6807EE903AB0EE670A1837BD4680BD00BF984700206C
:2003600000C079C400803B4500F07F450000FA4380B582B000AF1649164812F02FF803464A
:20038000FB71FB79002B01D0FB791CE000220021104812F047F80346FB71FB79002B01D010
:2003A000FB7910E00C490D4812F06CFB0346FB71FB79002B03D10A4B01221A7002E0084B67
:2003C00000221A70FB7918460837BD4680BD00BFAC920200E045002040950200704700202E
:2003E000440B002080B584B000AF786039600023FB73074B00229A703A687968054812F024
:200400008BFC0346FB73FB7B18461037BD4680BD440B00207047002080B483B000AF78600F
:200420007B68002B06D0064B1B78002B02D0044A7B68936000BF0C37BD465DF8047B704743
:20044000440B002080B483B000AF0346FB71FB79002B14BF01230023DAB2044B5A7000BF45
:200460000C37BD465DF8047B704700BF440B002080B588B000AF786007F10C0300221A60E6
:200480005A609A60DA601A617B689B88B3F5804F59D0B3F5804F5BDCB3F5005F53D0B3F5CD
:2004A000005F55DCB3F5805F4DD0B3F5805F4FDCB3F5006F29D0B3F5006F49DCB3F5806F73
:2004C00027D0B3F5806F43DCB3F5007F3BD0B3F5007F3DDCB3F5807F35D0B3F5807F37DC97
:2004E000202B0FDC022B33DB023B1C4A22FA03F303F00103002B14BF01230023DBB2002BE2
:2005000021D125E0802B1ED022E0154B01229A701FE0134B01225A707B6803F1140107F18E
:200520000C031422184617F053FB0D4B9B6807F10C02104698477B6814331422002118464E
:2005400017F036FB05E07B689A88054B9A8000E000BF00BF2037BD4680BD00BF4540004096
:20056000440B002080B400AF1EF0040F0CBFEFF30880EFF3098000F005B800BFBD465DF8A4
:20058000047B704780B483B000AF78601C4B1D4A1A607B681B681A4A53617B685B68184A69
:2005A00093617B689B68164AD3617B68DB68144A13627B681B69124A53627B685B69104A5B
:2005C00093607B689B690E4A53607B68DB690C4A13616B460A4AD3600B4BDB6A084A93622B
:2005E000094B9B6A064AD362074B5B6B044A1363054B9B6B024A536300BE00BFFDE700BFC9
:20060000D00A0020EFBEADDE00ED00E080B582B000AF054905480FF0D7FD78607B68DBB20F
:2006200018460837BD4680BDD4960200F045002080B584B000AF03460A46FB8013467B71AB
:200640007A79FB88194605480FF0E6FDF860FB68DBB218461037BD4680BD00BFF045002055
:2006600080B584B000AF0346FB71FA79114913465B0013440B441B781BB21B0219B2FA79CB
:200680000C4813465B001344034401331B781BB20B431BB29BB2FB81FB899BB2064A1946BC
:2006A00006480FF0A5FD044B1B7818461037BD4680BD00BF74920200500B0020F0450020ED
:2006C00080B582B000AF0023FB71084B9B681B68064A126805494968104698470346FB71E9
:2006E000FB7918460837BD4680BD00BF5894020090B587B000AF786039600023FB7572B6A5
:2007000000BF154B9B689B68134A10683A687968984738613B69002B02D0FB7D0133FB7527
:200720000D4B9B68DC680C4B186807F10F033A687968A04738613B69002B02D1FB7B002BF3
:2007400002D0FB7D0133FB7562B600BFFB7D18461C37BD4690BD00BF5894020090B589B030
:2007600000AFF860B9607A600023FB6100237B837B68DB097A6802F07F02002A01D00122A5
:2007800000E0002213447B6000237B76FB68B3F5002F03D905237B767B7E3DE072B600BFE5
:2007A0000023FB6131E0FB681D4A934224D81D4B9B685C681B4B18687B8BBA68134419461B
:2007C0008023FA68A04778617B69002B02D07B7E01337B767B7E002B08D1FB688033FB60E7
:2007E0007B8B80337B8300237B760BE005237B7662B600BF7B7E0FE005237B7662B600BF7B
:200800007B7E09E0FB690133FB61FA697B689A42C9D362B600BF7B7E18462437BD4690BD6B
:2008200080FF07005894020080B584B000AF786039600123FB730023BB603A687B68D31A79
:20084000DB09BB60B9687868FFF752FF0346002B02D10023FB7301E00223FB73FB7B184631
:200860001037BD4680BDFFFF80B487B000AFF860B9607A6000237B610023FB74FB68403B1F
:20088000FB607B68DB097A6802F07F02002A01D0012200E0002213447B60FB68B3F5002F55
:2008A00003D90523FB74FB7C1DE000237B6115E0FB68104A93420AD8FA687B699B00B968E7
:2008C0000B4412681A60FB680433FB6003E00523FB74FB7C07E07B6901337B617A697B684E
:2008E0009A42E5D3FB7C18461C37BD465DF8047B704700BF80FF070080B487B000AFF860F7
:20090000B9607A6000237B610AE0BA687B691A44F9687B690B4412781A707B6901337B61FB
:200920007A697B689A42F0D300BF00BF1C37BD465DF8047B704780B487B000AFF860B96068
:200940007A6000237B610EE0FA687B6913441A78B9687B690B441B789A4201D0012307E002
:200960007B6901337B617A697B689A42ECD3002318461C37BD465DF8047B704780B582B059
:2009800000AF0023FB710849084810F075F80346FB71064810F0A4F80346FB71FB791846E5
:2009A0000837BD4680BD00BF109402005846002080B588B000AF0346FB710023FB7700230C
:2009C000BB6100237B6100233B720023FB6000233B61FB79002B05D1204810F06FF8034662
:2009E000FB7736E007F1080319461C4810F02BF90346FB773B697B61FB797A6902FB03F300
:200A0000174AA2FB03235B09BB61144810F056F80346FB77114810F075F80346FB771149F2
:200A20000E4810F029F80346FB770022B9690B4810F07AF80346FB77084B9B68BA69DA6409
:200A4000064B9B68BA695A65044810F049F80346FB77FB7F18462037BD4680BD58460020EB
:200A60001F85EB511094020080B58AB000AF174917480EF0DBFD78627B6A002B01D001235E
:200A800020E03B4624220021184617F091F81B237B601223BB600123FB6001233B617D2338
:200AA0007B610323BB613B46194609480EF0EAFD78627B6A002B01D0012303E0054B0122CD
:200AC0001A70002318462837BD4680BDC0920200F8450020510B002080B584B000AF78604F
:200AE0000D4B1B7883F00103DBB2002B02D17B68002B01D101230AE0796808480EF0C2FD2D
:200B0000F860FB68002B01D1002300E0022318461037BD4680BD00BF510B0020F845002078
:200B200080B584B000AF78600D4B1B7883F00103DBB2002B02D17B68002B01D101230AE0EA
:200B4000796808480EF008FEF860FB68002B01D1002300E0022318461037BD4680BD00BFDC
:200B6000510B0020F845002080B582B000AF0023FB71054905480EF0A3F80346FB71FB799A
:200B800018460837BD4680BDFC9402004447002080B584B000AF786039600023BB73114B05
:200BA00000221A700A23FB7307233A6879680E480EF0E2F80346BB7307E04FF47A71012066
:200BC00013F034F9FB7B013BFB73064B1B78DBB2002B02D1FB7B002BEFD1BB7B184610371A
:200BE000BD4680BD520B00204447002080B483B000AF78607B681B79012B02D1044B0122B7
:200C00001A7000BF0C37BD465DF8047B704700BF520B002080B582B000AF0023FB7105498B
:200C200005480CF09DFC0346FB71FB7918460837BD4680BDA49402000447002080B584B0BE
:200C400000AF786039600023BB73114B00221A700A23FB7307233A6879680E480CF0D0FCB5
:200C60000346BB7307E04FF47A71012013F0DEF8FB7B013BFB73064B1B78DBB2002B02D15F
:200C8000FB7B002BEFD1BB7B18461037BD4680BD530B00200447002080B584B000AF7860FF
:200CA00039600023BB73114B00221A703223FB7307233A6879680E480CF08EFC0346BB737F
:200CC00007E04FF47A71012013F0B0F8FB7B013BFB73064B1B78DBB2002B02D1FB7B002B03
:200CE000EFD1BB7B18461037BD4680BD530B00200447002080B588B002AFF860B9607A60C7
:200D00000023BB753223FB75072300937B68BA68F9680D480CF088FC0346BB7507E04FF420
:200D20007A71012013F082F8FB7D013BFB75074B1B78DBB2002B02D1FB7D002BEFD1BB7DFB
:200D400018461837BD4680BD04470020530B002080B483B000AF78607B681B79012B02D159
:200D6000044B01221A7000BF0C37BD465DF8047B704700BF530B002080B582B000AF002371
:200D8000FB710B490B480FF077FE0346DAB2FB791344FB71084909480FF06EFE0346DAB2DE
:200DA000FB791344FB71FB7918460837BD4680BDB4930200384600201C930200104600209D
:200DC00080B584B000AF0346FB710023FB73FB79012B0AD10C480FF083FE0346FB730B485C
:200DE0000FF07EFE0346FB7309E007480FF066FE0346FB7305480FF061FE0346FB73FB7B97
:200E000018461037BD4680BD384600201046002080B483B000AF786039607B68002B08D06C
:200E20003B68002B05D0064A7B681360054A3B68136000BF0C37BD465DF8047B704700BFB5
:200E4000540B0020580B002080B582B000AF7860054B1B689847054B1B680133034A136029
:200E600000BF0837BD4680BD540B00205C0B002080B582B000AF7860054B1B689847054B3E
:200E80001B680133034A136000BF0837BD4680BD580B0020600B002080B584B000AF03462E
:200EA000FB710023FB73FB79002B02D0012B1DD023E0144914480DF003FA0346FB73134BE0
:200EC0000122A3F8C022114BB3F8C0321A461049002000F089F8FB7B002B03D10B4B012241
:200EE0001A700AE0094B00221A7006E0054906480DF0E6F90346FB7300BFFB7B184610378F
:200F0000BD4680BD78940200D4460020640B0020670B002080B586B000AF0346B9607A60D2
:200F2000FB730023FB750023BB82FB7B002B02D0012B19D033E000237B8210E07B8ABA687E
:200F40001344012219461A480DF0BFFA0346FB750121052012F06AFF7B8A01337B827B8AFA
:200F60007A689A42EAD81AE07A68B96810480DF0ACFA0346FB7507E0BB8A0533BB824FF45C
:200F80007A71052012F052FF0A4B9B7883F00103DBB2002B02D0BB8A182BEDD900BF054B28
:200FA00000229A70FB7D18461837BD4680BD00BFD4460020640B002080B483B000AF78602A
:200FC0007B68002B07D0074B1B78002B03D0054A7B68C2F8C43200BF0C37BD465DF8047B8E
:200FE000704700BF640B002080B586B000AF0346B9607A60FB730023FB75FB7B002B02D022
:20100000012B0DD019E07A68B96810480DF046FA0346FB757B689AB20D4BA3F8C0220CE08D
:201020007A68B96809480DF039FA0346FB757B689AB2074BA3F8C02200BF054B00225A707A
:20104000FB7D18461837BD4680BD00BFD4460020640B002080B400AF044B0122A3F8C022D1
:2010600000BFBD465DF8047B704700BF640B002080B582B000AF78607B681B79042B20D051
:20108000042B15DC012B02D0022B0DD010E00F4B01225A700D4BD3F8C4320C4AB2F8C022F6
:2010A00011460B4898470DE0084B01229A7009E0064BB3F8C0321A4605490020FFF794FF0C
:2010C00000E000BF00BF0837BD4680BD640B0020670B002080B582B000AF0023FB710A4A19
:2010E000136923F002031361084909480CF0A8F80346002B02D0FB790133FB71FB7918467E
:201100000837BD4680BD00BF00B00140309402007846002080B582B000AF0023FB71074808
:201120000CF0DCF80346002B02D0FB790133FB71FB7918460837BD4680BD00BF7846002097
:2011400080B582B000AF0423FB71204B93F81034C3F30003DBB2002B06D01C4B002283F861
:2011600010240123FB712BE0184BB3F8C030C3F34003DBB2002B12D0144B0022A3F8C02013
:201180000023BB71BB1D194611480CF0BBF8BB7919460F480CF0C2F80323FB7110E00B4B49
:2011A000B3F8C030C3F38003DBB2002B06D0074B0022A3F8C0200223FB7101E00423FB71D9
:2011C000FB7918460837BD4680BD00BF00E001407846002080B485B000AF0346FB71FB79BF
:2011E0002F2B12D8FB795B09FB73FB7903F01F03BB73FB7B084A52F82310BB7B01229A4036
:20120000FB7B0A43044941F8232000BF1437BD465DF8047B704700BF2C0E002080B485B028
:2012200000AF0346FB71FB792F2B14D8FB795B09FB73FB7903F01F03BB73FB7B094A52F880
:201240002310BB7B012202FA03F3DA43FB7B0A40044941F8232000BF1437BD465DF8047B89
:20126000704700BF2C0E002080B485B000AF0346FB71FB792F2B15D8FB795B09FB73FB795C
:2012800003F01F03BB73FB7B0A4A52F82320BB7B22FA03F303F00103002B14BF0123002330
:2012A000DBB200E0002318461437BD465DF8047B704700BF2C0E002080B584B002AF002311
:2012C000FB712E4B019303230093002380222C492C4814F015FB2C4B019303230093002333
:2012E00080222A492A4814F00BFB2A4B01930123009300234FF4C0722749284814F000FB26
:20130000274B01930223009300234FF400722549254814F0F5FA254B019304230093002388
:201320004FF400722249234814F0EAFA134B1B68002B02D1FB790133FB71134B1B68002B3B
:2013400002D1FB790133FB71124B1B68002B02D1FB790133FB71124B1B68002B02D1FB7962
:201360000133FB71114B1B68002B02D1FB790133FB71FB7918460837BD4680BDA83500208E
:2013800030850200B1A20100C0390020408502001DB80100EC2F00205485020031760100CE
:2013A000F8350020648502009DAD01002C300020788502005985010080B582B000AF002317
:2013C000FB7100220121142013F088FB03462C4A5360002201210A2013F080FB0346294A89
:2013E000536000224FF43071142013F077FB0346254A536000220121142013F06FFB0346F2
:20140000224A536000221421322013F067FB03461F4A5360042013F0EDFB03461C4A936089
:20142000174B5B68002B02D1FB790133FB71154B5B68002B02D1FB790133FB71134B5B681F
:20144000002B02D1FB790133FB710F4B5B68002B02D1FB790133FB710D4B5B68002B02D132
:20146000FB790133FB710A4B9B68002B02D1FB790133FB71FB7918460837BD4680BD00BFDE
:20148000EC2F0020C0390020F8350020A83500202C30002080B582B002AF0A4B009300230F
:2014A00001220A21084815F037FC0346074A9360064B9B68002B01D1012300E000231846F3
:2014C000BD4680BD1D76010088850200EC2F002080B582B000AF0023FB71FFF76DFF03469E
:2014E000002B02D0FB790133FB71FFF7D3FF0346002B02D0FB790133FB71FFF7DDFE03469F
:20150000002B02D0FB790133FB71FB7918460837BD4680BD80B588B000AF786001233B72A4
:20152000324812F049F8F861FB69002B01D0FB6957E00023FB7614E007F1080319462B483D
:2015400012F05DF8F861FB69002B04D0274812F045F8FB6945E03B7A002B06D0FB7E0133DE
:20156000FB76FB7E052BE7D900E000BF3B7A002B31D107F10C031A460B211C4812F056F8C9
:2015800007F10C0302331A460C21184812F04EF807F10C0304331A460D21144812F046F872
:2015A00000237B6113E07B695B0020333B4433F8143CB3F5006F8CBF01230023D9B27B6995
:2015C0007A6813440A461A707B6901337B617B69022BE8DD01E01423FB61044811F0FEFF70
:2015E000FB6918462037BD4680BD00BF984700202DE9F04385B002AF0023FB7162B600BF3F
:20160000FFF788FD0BF03AFB0346002B04D1012140F20710FFF70CF8FFF77CFD03F084FB90
:201620000120FFF7CDFB03F0D9FF03461A46FB791344FB7104F00CFD05F04CF9012004F0D4
:201640001FFC03461D46022004F01AFC03461E46032004F015FC03469846042004F010FC77
:2016600003469946052004F00BFC03461C46062004F006FC0346019300944B46424631465A
:20168000284604F051FD04F07DFC0948FFF742FF0346002B03D12220FFF79CFD02E0222068
:2016A000FFF7BCFD00BF0C37BD46BDE8F08300BF340E002080B485B000AF0346FB7100234D
:2016C000FB600DE00C4AFB68134493F9003097F907209A4201D1FB6807E0FB680133FB6055
:2016E000FB68272BEEDD4FF0FF3318461437BD465DF8047B704700BF148A020080B483B0FC
:2017000000AF124B1B780133DAB2104B1A700F4B1B78142B14D90D4B00221A700023FB71D9
:201720000BE0FB790A4AD25CFB7982F00102D1B2074AD154FB790133FB71FB790B2BF0D95F
:2017400000BF0C37BD465DF8047B7047A10E0020880E002080B483B000AF0346FB71FB7935
:201760000B2B01D9002302E0FB79044AD35C18460C37BD465DF8047B704700BF880E0020BF
:2017800080B489B000AFF860B9607A60FB68FB617B6800221A70FB68002B25D17B681B789A
:2017A0005A1CD1B27A6811709B00BA68134400221A6048E0F969264BA3FB0123DA08134625
:2017C0009B0013445B00CA1A7B681B78591CC8B2796808709B00B9680B441A60FB691C4ACB
:2017E000A2FB0323DB08FB61FB69002BE2D10023BB6120E0BB699B00BA6813441B687B61CF
:201800007B681B785A1EBB69D31A9B00BA681A44BB699B00B9680B4412681A607B681B7815
:201820005A1EBB69D31A9B00BA6813447A691A60BB690133BB617B681B785B08DBB21A4674
:20184000BB699342D6DB2437BD465DF8047B7047CDCCCCCC80B483B000AF0346FB710B46A8
:20186000BB7113467B717B79002B11D1FB79134AD35C5AB2BB79012101FA03F35BB2DB4378
:201880005BB213405AB2FB79D1B20C4AD1540EE0FB790A4AD35C5AB2BB79012101FA03F332
:2018A0005BB213435AB2FB79D1B2044AD15400BF0C37BD465DF8047B704700BF380E00209A
:2018C00080B485B000AF396011461A460346FB710B46BB7113467B710023FB813B7F063B8F
:2018E0000C2B00F2CE8001A252F823F0451901002119010051190100831A01005D19010057
:201900002D190100831A0100831A0100391901006919010075190100811901008D1901009D
:20192000FB795D4A32F81330FB8135E0FB795B4A32F81330FB812FE0FB79594A32F81330F9
:20194000FB8129E0FB79574A32F81330FB8123E0FB79554A32F81330FB811DE0FB79534AF7
:2019600032F81330FB8117E0FB79514A32F81330FB8111E0FB794F4A32F81330FB810BE0BD
:20198000FB794D4A32F81330FB8105E0FB794B4A32F81330FB8100BF3A7EBB799A4272D2B1
:2019A0003B68002B71D000237B7365E0FA897B7B42FA03F303F00103002B2CD03B7E7A794D
:2019C00003FB02F27B7B13445B003A6813441B781A463B4B9B5C5AB23B7E797903FB01F15D
:2019E0007B7B0B445B0039680B445B78194601238B405BB2134359B23B7E7A7903FB02F22A
:201A00007B7B13445B003A6813441B781A46C9B22B4B99542DE03B7E7A7903FB02F27B7BB3
:201A200013445B003A6813441B781A46244B9B5C5AB23B7E797903FB01F17B7B0B445B005B
:201A400039680B445B78194601238B405BB2DB435BB2134059B23B7E7A7903FB02F27B7B4B
:201A600013445B003A6813441B781A46C9B2144B99547B7B01337B737A7B7B799A4295D3BC
:201A800004E000BF02E000BF00E000BF1437BD465DF8047B704700BF348902004C89020035
:201AA00064890200B4890200BC890200C4890200D4890200088A0200F8890200EC89020075
:201AC000380E002080B58AB002AF0346FB710B46BB7113467B7107F1100300221A605A60A8
:201AE0009A60DA600023FB73FB79052B12D97B79012B0FD10620FFF7B7FB034683F0010304
:201B0000DBB2002B12D0322003F05BFD0620FFF761FB0BE00620FFF7A7FB0346002B05D024
:201B20000620FFF77BFB5A2003F04BFDFB7907F10F0207F110011846FFF722FEFB7B012BC2
:201B400011D14B23002100221846FFF783FE3B69D8B2072301930023009307230A223849A4
:201B6000FFF7AEFE10E04B23002101221846FFF771FE7B69D8B20723019300230093072352
:201B80000A222F49FFF79CFE4A23002101221846FFF760FE07F1100310220021184616F0EC
:201BA00007F8BB7907F10F0207F110011846FFF7E7FDFB7B012B16D13B69D8B20723019333
:201BC0000223009307230A221D49FFF779FE7B69D8B2072301930123009307230A2218498A
:201BE000FFF76EFE15E03B69D8B2072301930123009307230A221249FFF762FE7B69D8B276
:201C0000072301930223009307230A220C49FFF757FE7B79002B06D147230721012218464F
:201C2000FFF718FE08E07B79012B05D14723062101221846FFF70EFE00BF2037BD4680BD50
:201C40003C8A020080B582B000AF03460A46FB711346BB71FB79002B0FD0FB79142B0CD807
:201C60004823002101221846FFF7F4FD47200121BB791A46FFF7EEFDB6E0FB79142B15D93B
:201C8000FB792D2B12D84823002101221846FFF7E1FD4723012101221846FFF7DBFD48206A
:201CA0000521BB791A46FFF7D5FD9DE0FB792D2B1BD9FB794B2B18D848230021012218467E
:201CC000FFF7C8FD4723012101221846FFF7C2FD4823052101221846FFF7BCFD482001213C
:201CE000BB791A46FFF7B6FD7EE0FB794B2B21D9FB795F2B1ED84823002101221846FFF76E
:201D0000A9FD4723012101221846FFF7A3FD4823052101221846FFF79DFD48230121012228
:201D20001846FFF797FD48200421BB791A46FFF791FD59E0FB795F2B27D9FB79632B24D8E1
:201D40004823002101221846FFF784FD4723012101221846FFF77EFD48230521012218466F
:201D6000FFF778FD4823012101221846FFF772FD4823042101221846FFF76CFD472000218D
:201D8000BB791A46FFF766FD2EE0FB79632B24D94823042101221846FFF75CFD482301215C
:201DA00001221846FFF756FD4823052101221846FFF750FD4723012101221846FFF74AFDBA
:201DC0004823002101221846FFF744FD4723002101221846FFF73EFD06E048200021BB79DF
:201DE0001A46FFF737FDFFE700BF0837BD4680BD80B58CB002AF0346FB710B46BB71134688
:201E00007B7107F10C0300221A605A609A60DA601A615A610023FB72002387F82730FB7912
:201E200007F10B0207F10C011846FFF7A9FC7B79002B06D00420FFF78DFC034687F82730E8
:201E400002E0012387F8273097F82720FB7911461846FFF7F7FEBB79002B40F0BD8097F861
:201E60002730002B56D1FB7A012B1AD14E23002100221846FFF7EEFC0723019304230093C3
:201E800007230A2256490A20FFF71AFD072301930323009307230A2251490A20FFF710FD82
:201EA00094E0FB7A022B1AD14E23002100221846FFF7D0FC072301930323009307230A2280
:201EC00047490A20FFF7FCFC072301930423009307230A2242490A20FFF7F2FC76E04E232C
:201EE000002100221846FFF7B5FC072301930323009307230A223A490A20FFF7E1FC072323
:201F000001930423009307230A2235490A20FFF7D7FC5BE0FB7A012B1CD14E23002100222F
:201F20001846FFF797FCFB68D8B2072301930423009307230A222A49FFF7C2FC3B69D8B2AA
:201F4000072301930323009307230A222449FFF7B7FC3BE0FB7A022B1CD14E230021002240
:201F60001846FFF777FCFB68D8B2072301930323009307230A221A49FFF7A2FC3B69D8B2BB
:201F8000072301930423009307230A221449FFF797FC1BE04E23002101221846FFF75AFC33
:201FA0003B69D8B2072301930323009307230A220B49FFF785FC7B69D8B207230193042308
:201FC000009307230A220649FFF77AFC4523042101221846FFF73EFC00BF2837BD4680BDC1
:201FE0003C8A020080B483B000AF0346FB80FB88642B02D9FB88742B05D9FB88772B04D950
:20200000FB887E2B01D8012300E0002303F00103DBB218460C37BD465DF8047B7047FFFFE3
:2020200080B483B000AF0346FB71FB79042B17D801A252F823F000BF4D20010051200100A4
:2020400055200100592001005D200100012308E0022306E0032304E0042302E0052300E0E0
:20206000052318460C37BD465DF8047B704700BFB0B586B000AF0023FB8200237B75042326
:202080003B750023FB740023BB7400237B7470E07B7C184607F0E4FC0346FB80FB88002BAC
:2020A00061D0FB881846FFF79DFF0346002B15D09D4B1B78012B0CD19C4B1B78012B05D91B
:2020C0009A4B02221A700123BB7407E00023BB7404E0954B01221A700023BB740023FB60A0
:2020E0003DE09349FA6813465B0013445B000B441B88FA889A422FD18D49FA6813465B00E3
:2021000013445B000B4402331B783A7D9A422CD3884B01221A708649FA6813465B001344A8
:202120005B000B4402331B783B75FB88FB828049FA6813465B0013445B000B4403331B78D4
:20214000FB747B49FA6813465B0013445B000B4404331B787B7508E0FB680133FB60FB683E
:202160007F2BBED902E000BF00E000BF7B7C01337B747B7C042B8BD9FB7C002B02D16D4B0D
:2021800000221A706B4B1B78002B00F0C880664B1B78002B05D0BB7C002B02D02323FB74BA
:2021A0000BE0614B1B78002B07D0BB7C83F00103DBB2002B01D02023FB740524002507F0C5
:2021C00023FB03461A4629462046FFF743FBFB8A002B00F09F80FB7C002B00F09B803B7D0B
:2021E0001846FFF71DFF03467B727B7A013B52497A7A01F813207B7A013B4F4A5B001344D1
:20220000FA7C5A700023FB720023BB720FE0BB7A494A12F81330002B06D0BB7A464A5B0079
:2022200013445B78FB7205E0BB7A0133BB72BB7A042BECD9FB7A002B54D0FB7A9AB27B7AE9
:202240001146184601F08EFC0346FB7201F0C4FCFB7A203B062B42D801A252F823F000BF0D
:202260007D2201008B22010099220100A7220100B5220100C3220100D12201000F230C2278
:202280002E492F4802F042F82AE000232E2200212C4802F03BF823E00F230E222A492B48A2
:2022A00002F034F81CE00F2308222949294802F02DF815E00C230E222749284802F026F86A
:2022C0000EE00D230A222649264802F01FF807E00A2308222449254802F018F800E000BF15
:2022E00002F0C8FC7B7D002B18D07B7D012B02D0022B07D00DE02423072101221846FFF750
:20230000A9FA06E00523002101221846FFF7A2FA00BF03E0074B00221A7000E000BF00BFDA
:202320001837BD46B0BD00BFAD0E0020AE0E002034860200A60E0020940E0020748E020012
:20234000848E0200908E0200C08E0200D08E0200E08E0200F08E0200F88E0200048F02008C
:20236000148F0200248F0200308F02003C8F0200B0B500AF0D20FEF751FF0E20FEF74EFF7F
:202380000F20FEF74BFF07F0C1F90346012B08D10120FFF7DFF90346002B02D00D20FEF779
:2023A00019FF07F015FA0346012B13D10220FFF7D1F90346002B02D00E20FEF70BFF242409
:2023C00007250E20FEF750FF03461A4629462046FFF740FA07F00AFA0346012B13D103203A
:2023E000FFF7B8F90346002B02D00F20FEF7F2FE242407250F20FEF737FF03461A462946F6
:202400002046FFF727FA07F073F90346012B0BD107F07CF90346002B06D11E2001F024FC85
:202420000D20FEF7D7FE11E007F070F90346012B03D11F2001F018FC08E01E2001F066FB4F
:202440001F2001F063FB0D20FEF7E8FE052402250D20FEF709FF03461A4629462046FFF7F8
:20246000F9F9FFF705FE07F0B3F90346012B09D1042001F0F9FB4F23052101221846FFF767
:20248000E9F905E0042001F041FB0E20FEF7C6FE07F0ACF90346012B03D1032001F0E4FB65
:2024A00005E0032001F032FB0F20FEF7B7FE4F2406250F20FEF7D8FE03461A462946204607
:2024C000FFF7C8F900BFB0BD80B58CB002AF03463960FB711346BB7107F10C0300221A6081
:2024E0005A609A60DA601A615A610023FB72002387F827303B68AB4AA2FB0323DB083B6056
:2025000007F10B0207F10C0319463868FFF738F90A23032100221846FFF79CF909230321DD
:2025200000221846FFF796F90823032100221846FFF790F90723032100221846FFF78AF901
:202540000623032100221846FFF784F9BB79002B0CD00520FFF7FEF8034687F8273097F841
:202560002730002B05D10A23FB7202E0012387F82730FB79032B4AD801A252F823F000BF0A
:2025800091250100A1250100BF250100DD2501000A20032197F827301A46FFF75BF937E0E0
:2025A0000920032197F827301A46FFF753F90820032197F827301A46FFF74CF928E0092048
:2025C000032197F827301A46FFF744F90720032197F827301A46FFF73DF919E00A23032157
:2025E00001221846FFF736F90923032101221846FFF730F90823032101221846FFF72AF95C
:202600000723032101221846FFF724F900E000BF0620032197F827301A46FFF71BF9FB7A2A
:20262000012B3DD13E23002100221846FFF712F9FB68D8B2072301930923009307230A229D
:202640005949FFF73DF93B69D8B2072301930823009307230A225449FFF732F97B69D8B280
:20266000072301930723009307230A224E49FFF727F9BB69D8B2072301930623009307238A
:202680000A224949FFF71CF9FB69D8B2072301930523009307230A224349FFF711F980E1C7
:2026A000FB7A022B3DD13E23002100221846FFF7D1F8FB68D8B20723019308230093072316
:2026C0000A223949FFF7FCF83B69D8B2072301930923009307230A223349FFF7F1F87B6922
:2026E000D8B2072301930723009307230A222E49FFF7E6F8BB69D8B207230193062300930C
:2027000007230A222849FFF7DBF8FB69D8B2072301930523009307230A222349FFF7D0F842
:202720003FE1FB7A032B41D13E23002100221846FFF790F8FB68D8B20723019307230093DC
:2027400007230A221849FFF7BBF83B69D8B2072301930823009307230A221349FFF7B0F81F
:202760007B69D8B2072301930923009307230A220D49FFF7A5F8BB69D8B20723019306239A
:20278000009307230A220849FFF79AF8FB69D8B2072301930523009307230A220249FFF779
:2027A0008FF8FEE0CDCCCCCC3C8A0200FB7A042B3DD13E23002100221846FFF74BF8FB686B
:2027C000D8B2072301930623009307230A227A49FFF776F83B69D8B20723019307230093CF
:2027E00007230A227449FFF76BF87B69D8B2072301930823009307230A226F49FFF760F827
:20280000BB69D8B2072301930923009307230A226949FFF755F8FB69D8B20723019305236E
:20282000009307230A226449FFF74AF8B9E0FB7A052B3DD13E23002100221846FFF70AF884
:20284000FB68D8B2072301930523009307230A225949FFF735F83B69D8B2072301930623E2
:20286000009307230A225449FFF72AF87B69D8B2072301930723009307230A224E49FFF7EE
:202880001FF8BB69D8B2072301930823009307230A224949FFF714F8FB69D8B20723019361
:2028A0000923009307230A224349FFF709F878E0FB7A062B3DD13E23002101221846FEF77C
:2028C000C9FF3B69D8B2072301930523009307230A223949FEF7F4FF7B69D8B2072301939D
:2028E0000623009307230A223349FEF7E9FFBB69D8B2072301930723009307230A222E4977
:20290000FEF7DEFFFB69D8B2072301930823009307230A222849FEF7D3FF3B6AD8B2072394
:2029200001930923009307230A222349FEF7C8FF37E03E23002100221846FEF78BFF072304
:2029400001930523009307230A221B490A20FEF7B7FF072301930623009307230A2216496A
:202960000A20FEF7ADFF072301930723009307230A2211490A20FEF7A3FF072301930823B7
:20298000009307230A220C490A20FEF799FF072301930923009307230A2207490A20FEF700
:2029A0008FFF3E23042101221846FEF753FF00BF2837BD4680BD00BF3C8A020080B584B0ED
:2029C00002AF0346FB711020FEF704FC3E23052101221846FEF73EFFFB79013B052B00F260
:2029E000728101A252F823F0012A0100632A0100D92A0100052C01004F2B0100C72C010085
:202A00000B2001F083F80C2001F080F8062301930023009306230122AD490020FEF750FF71
:202A2000082301930023009308230122A9490020FEF746FF0A230193002300930A230122C0
:202A4000A5490020FEF73CFF0B23042101221846FEF700FF0523042101221846FEF7FAFEB5
:202A600032E10B2001F052F80C2001F04FF806230193002300930623012295490120FEF7C6
:202A80001FFF08230193002300930823012291490120FEF715FF0A230193002300930A23AD
:202AA00002228D490120FEF70BFF0A230193012300930A23022288490420FEF701FF042322
:202AC000002101221846FEF7C5FE0B23042101221846FEF7BFFEF7E00B2001F017F80C20E8
:202AE00001F014F806230193002300930623012277490120FEF7E4FE0823019300230093ED
:202B00000823012273490220FEF7DAFE0A230193002300930A2302226F490220FEF7D0FE57
:202B20000A230193012300930A2302226A490520FEF7C6FE0B23042101221846FEF78AFEEA
:202B40000423042101221846FEF784FEBCE00620FEF700FE0346002B03D01020FEF73AFBDB
:202B600002E01020FEF75AFB06230193002300930623012256490220FEF7A2FE0823019325
:202B8000002300930823012252490320FEF798FE0A230193002300930A2302224E49032066
:202BA000FEF78EFE0A230193012300930A23022249490620FEF784FE1020FEF755FB0346DE
:202BC000002B06D03E23012101221846FEF742FE05E03E23012100221846FEF73BFE0B2377
:202BE000042101221846FEF735FE3E23022101221846FEF72FFE0B2000F088FF0C2001F021
:202C000033F861E00620FEF7A5FD0346002B03D01020FEF7DFFA02E01020FEF7FFFA06231D
:202C20000193002300930623012229490220FEF747FE0823019300230093082301222549FF
:202C40000320FEF73DFE0A230193002300930A23022221490320FEF733FE0A2301930123C1
:202C600000930A2302221C490620FEF729FE1020FEF7FAFA0346002B06D03E2307210122BA
:202C80001846FEF7E7FD05E03E23072100221846FEF7E0FD0B23042101221846FEF7DAFD9D
:202CA0003E23022101221846FEF7D4FD3E23062101221846FEF7CEFD0C2000F027FF0B2013
:202CC00000F0D2FF00E000BF00BF0837BD4680BD208B02002C8B02003C8B020080B58CB0B6
:202CE00002AF786007F1100300221A605A609A60DA601A615A610023FB7307F10F0207F1EE
:202D0000100319467868FEF73BFDFB7B012B1CD14623002100221846FEF79CFD3B69D8B2DF
:202D20000B230193032300930B2304222A49FEF7C7FD7B69D8B20B230193022300930B2382
:202D400004222549FEF7BCFD3BE0FB7B022B1CD14623002100221846FEF77CFD3B69D8B2E0
:202D60000B230193022300930B2304221A49FEF7A7FD7B69D8B20B230193032300930B2372
:202D800004221549FEF79CFD1BE04623002101221846FEF75FFD7B69D8B20B230193022375
:202DA00000930B2304220C49FEF78AFDBB69D8B20B230193032300930B2304220649FEF79A
:202DC0007FFD4723052101221846FEF743FD00BF2837BD4680BD00BFC88A020080B58CB04F
:202DE00002AF0346FB800B467B7113463B7107F10C0300221A605A609A60DA601A615A6155
:202E00000023FB72002387F827307B79002B05D1FB88614AA2FB03235B09FB80FB8807F1E9
:202E20000B0207F10C011846FEF7AAFC3B79012B0CD10520FEF78EFC034687F8273097F878
:202E40002730002B05D10423FB7202E0012387F82730FB7A013B032B7CD801A252F823F077
:202E6000712E0100AB2E0100E52E01001F2F01004323072100221846FEF7ECFCFB68D8B29D
:202E80000B230193012300930B2304224349FEF717FD3B69D8B20B230193002300930B23FC
:202EA00004223E49FEF70CFD55E04323072100221846FEF7CFFCFB68D8B20B230193002392
:202EC00000930B2304223549FEF7FAFC3B69D8B20B230193012300930B2304222F49FEF73A
:202EE000EFFC38E04323072101221846FEF7B2FC3B69D8B20B230193002300930B23042223
:202F00002649FEF7DDFC7B69D8B20B230193012300930B2304222149FEF7D2FC1BE04323AB
:202F2000072100221846FEF795FC0B230193002300930B23042219490A20FEF7C1FC0B232B
:202F40000193012300930B23042214490A20FEF7B7FC00E000BF7B79002B0DD14120032182
:202F600097F827301A46FEF775FC4023072100221846FEF76FFC0BE0412303210022184647
:202F8000FEF768FC4023072101221846FEF762FC00BF2837BD4680BD1F85EB51C88A0200E7
:202FA000B0B58AB000AF0346FB71474B07F10C041D460FCD0FC42B68238006F07DFB034675
:202FC000022B7DD1002387F827301CE097F8273028333B4413F81C3C1A463C4B13F812005A
:202FE00097F8273028333B4413F81C3C374A5B0013445B7800221946FEF72CFC97F8273024
:20300000013387F8273097F82730112BDED9FB790A2B0CD14423032100221846FEF71AFC31
:203020003E23032100221846FEF714FC48E04423032101221846FEF70DFC3E2303210122AC
:203040001846FEF707FCFB79092B38D8FA7913461B0113441E4A13443B621123FB770023FE
:2030600087F826301CE097F826303A6A134493F900301A46154B13F8120097F826303A6A7D
:20308000134493F90030114A5B0013445B7801221946FEF7DFFB97F82630013387F82630FE
:2030A00097F82620FB7F9A420AD297F826303A6A134493F90030B3F1FF3FD4D100E000BF47
:2030C0002837BD46B0BD00BF448F020098850200C8910200B0B584B000AF0346FB711220E4
:2030E000FEF79CF81320FEF799F81120FEF796F8062000F00BFD172000F008FD182000F068
:2031000005FD192000F002FD1A2000F0FFFC1B2000F0FCFC06F0B6FA03467B730B2307210A
:2031200001221846FEF796FB4F23072101221846FEF790FB4723042101221846FEF78AFB63
:2031400003F060F803461C4603F0A0F803461D4603F0D8F803461A4629462046FEF7B2FC5E
:20316000FB79032B02D0FB79042B06D1FB790133DBB21846FFF722FC05E006F08FFA03460D
:203180001846FFF71BFC06F007FB03463B737B7B052B03D80720FEF71DF802E00720FEF7A5
:2031A0003DF83B7B012B68D17B7B9BB2002201211846FFF713FE0720FEF756F803461A46C0
:2031C0007B7B01211846FEF713FE0D2000F09EFC1D2000F09BFC0E2000F098FC44230121BD
:2031E00000221846FEF736FB482003213B7B1A46FEF730FB4F23072100221846FEF72AFB33
:203200004723042100221846FEF724FB3B7B012B40F0CA80D04B1B781D2B0CD948230721C1
:2032200001221846FEF716FBCB4B1B780133DAB2C94B1A7005E0C84B1B780133DAB2C64BA4
:203240001A70C54B1B78632B10D94824062506F0B1FA03461A4629462046FEF7FBFA1720F3
:2032600000F002FDBC4B6E221A709DE0BA4B1B780133DAB2B84B1A7096E0B74B00221A70B8
:2032800006F0E8F903461C4606F050FC03461A4600212046FFF7A2FD0720FDF7E5FF03465D
:2032A0001A467B7B00211846FEF7A2FDAB4B1B78002B08D106F0B4F903460022194600208B
:2032C000FFF702F970E0A54B1B78012B0ED1002006F08AF903461C460320FDF7C5FF0346B7
:2032E0001A4621460120FFF7EFF85DE09B4B1B78022B0ED1012006F077F903461C460320F2
:20330000FDF7B2FF03461A4621460220FFF7DCF84AE0924B1B78032B3AD10320FDF7A4FF7F
:203320000346002B18D00720FEF714FA0346002B03D01120FDF74EFF02E01120FDF76EFFDA
:203340000B2405251120FDF78FFF03461A4629462046FEF77FFA12E00B23052101221846AE
:20336000FEF778FA0520FDF77FFF0346002B03D00D2000F079FC02E00D2000F0C7FB06F0BF
:203380004FF90346002219460020FFF79DF80BE0724B1B78042B07D106F042F90346002292
:2033A00019460020FFF790F806F048F903461846FFF794FC06F0E2F90346012B10D10A205B
:2033C00000F052FC0820FEF7C5F90346002B03D01220FDF7FFFE09E01220FDF71FFF05E058
:2033E0001220FDF71BFF0A2000F090FB402404251220FDF739FF03461A4629462046FEF78A
:2034000029FA06F00FFA0346FB720023FB730023BB73524B1B78022B00F2A880FB7A042BD7
:2034200000F2A08001A252F823F000BF4134010073340100A9340100DF3401001535010060
:20344000474B00221A700F2000F060FB122000F05DFB132000F05AFB142000F057FB2A2002
:20346000FDF7DCFE2C20FDF7D9FE2B20FDF7D6FE7CE00123FB733A4B00221A70122000F013
:20348000F3FB0F2000F042FB132000F03FFB142000F03CFB2B20FDF7C1FE2C20FDF7BEFE30
:2034A0002A20FDF797FE61E00123BB732C4B00221A700F2000F0D8FB122000F027FB13201A
:2034C00000F024FB142000F021FB2A20FDF782FE2C20FDF7A3FE2B20FDF7A0FE46E00123D7
:2034E000BB731F4B00221A702A20FDF773FE2B20FDF770FE2C20FDF791FE122000F006FB3A
:203500000F2000F003FB132000F0AEFB142000F0FDFA2BE00123FB732B20FDF77FFE2A2004
:20352000FDF77CFE2C20FDF755FE0D4B1B78FF2B05D00B4B1B780133DAB2094B1A701220E7
:2035400000F0E4FA0F2000F0E1FA132000F0DEFA142000F089FB09E0C20E0020AB0E00204E
:20356000AF0E0020524B00221A7000BF514B1B78042B0DD10123BB730023FB730320FDF730
:2035800073FE0346002B03D00123FB730023BB73FB7B002B0BD0052401250B20FEF7DAF8D3
:2035A00003461A4629462046FEF754F905E005200121BB7B1A46FEF74DF906F0D1F8034646
:2035C000012B0DD10920FEF7C5F80346002B03D01320FDF7FFFD0FE01320FDF71FFE0BE07E
:2035E00006F0B0F80346012B03D11320FDF7F2FD02E01320FDF712FE2D20FDF735FE0346F8
:20360000002B16D02C4B1B785A1CD1B22A4A1170FA2B02D801F034FA0BE0274B1B78FA2B6E
:2036200007D901F04AFA2D20FDF7F8FD224B00221A70224B1B781846FFF7B2FC05240325D3
:203640001320FDF711FE03461A4629462046FEF701F94D24002506F067F803461A462946C4
:203660002046FEF7F7F8402405250020FDF7FCFD03461A4629462046FEF7ECF8402406257F
:203680000220FDF7F1FD03461A4629462046FEF7E1F8442402250120FDF7E6FD03461A46AA
:2036A00029462046FEF7D6F800BF1037BD46B0BDAF0E0020AB0E0020B00E0020AC0E00208E
:2036C00080B487B000AF3B600346FB710B46BB711346BB80FA7913461B019B1A9B001A46D7
:2036E000BB7913447B61BB887A6913443B613B69234AA2FB03235909224BA3FB01231A09C2
:2037000013465B001344DB00CA1A1346FB7339691B4BA3FB01235A0913461B019B1A9B0026
:20372000CA1AD2B23B6A1A70FB7B002B06D13B680C221A707B6A00221A701BE0FB7B0C2BE6
:2037400006D13B680C221A707B6A01221A7011E0FB7B0C2B08D9FB7B0C3BDAB23B681A70B0
:203760007B6A01221A7005E03B68FA7B1A707B6A00221A7000BF1C37BD465DF8047B7047FF
:2037800089888888ABAAAAAAB0B584B000AF0346FB710023FB730023BB7300237B7314203B
:2037A000FDF73CFD1320FDF739FD0B23072101221846FEF74FF802F025FD0346FB7302F0AF
:2037C00065FD0346BB7302F09DFD03467B737A7BB97BFB7B1846FEF775F905F0C1FF0346EF
:2037E000012B0DD10920FDF7B5FF0346002B03D01320FDF7EFFC0FE01320FDF70FFD0BE088
:2038000005F0A0FF0346012B03D11320FDF7E2FC02E01320FDF702FD052403251320FDF746
:2038200023FD03461A4629462046FEF713F805F0B3FF0346002B18D10A20FDF78BFF0346F5
:20384000002B03D01420FDF7C5FC02E01420FDF7E5FC482403251420FDF706FD03461A462E
:2038600029462046FDF7F6FF91E005F095FF0346002B03D01520FDF7ADFC02E01520FDF76C
:20388000CDFC482403251520FDF7EEFC03461A4629462046FDF7DEFF1520FDF7E5FC034616
:2038A000002B6ED0964B1B781D2B0CD94823072101221846FDF7CEFF914B1B780133DAB2FA
:2038C0008F4B1A7005E08E4B1B780133DAB28C4B1A708B4B1B78632B4CD905F06BFF03464E
:2038E000002B0FD0062000F011F94823062101221846FDF7AFFF1420FDF76CFC814B00226B
:203900001A7033E07F4B1B780133DAB27D4B1A707C4B1B78F92B29D9482307210022184608
:20392000FDF798FF774BFA221A700A20FDF712FF0346002B03D01420FDF74CFC02E0142098
:20394000FDF76CFC482403251420FDF78DFC03461A4629462046FDF77DFF0523002101226C
:203960001846FDF777FF062000F07EF9644B6E221A700CE0624B1B780133DAB2604B1A7008
:2039800005E05F4B00221A705E4B00221A7005F079FE03463B73FB79052B62D15A4B002296
:2039A0001A804723022101221846FDF753FF05F001FF0346002B1CD006F0ACF80346FB7274
:2039C000FB7ABB2B05D0FB7A002B02D0FB7AAB2B05D14723032101221846FDF73BFF48237C
:2039E000022101221846FDF735FF062000F08EF826E04823072100221846FDF72BFF0A20FE
:203A0000FDF7A8FE0346002B03D01420FDF7E2FB02E01420FDF702FC482403251420FDF7FC
:203A200023FC03461A4629462046FDF713FF0523002101221846FDF70DFF062000F014F9F6
:203A40003B7B012201211846FEF7D2F93B7B642B03D11B2000F008F91CE0182000F004F9E7
:203A600018E03B7B002201211846FEF7C1F9264B1B88B3F5FA7F07D3234B4FF4FF721A807C
:203A80001A2000F0F1F805E01F4B1B8801339AB21D4B1A8005F002FE03461846FEF78EFF81
:203AA0003B7B9BB2002201211846FFF797F905F0C5FD03461846FFF711F94F2307210022C1
:203AC0001846FDF7C7FE4723042100221846FDF7C1FE05F053FE0346012B09D10A2000F05E
:203AE000C3F84023042101221846FDF7B3FE02E00A2000F00BF800BF1037BD46B0BD00BF29
:203B0000C30E0020B10E0020C40E002080B485B000AF0346FB800023FB7316E0FB7B104AB0
:203B20005B0013445B781A46FB8893420AD1FB7B0B4A002102F81310FB7B094A5B001344E9
:203B400000225A70FB7B0133FB73FB7B042BE5D900BF00BF1437BD465DF8047B704700BFE8
:203B6000940E002080B485B000AF03460A46FB711346BB800023FB81FB79013B1549FA79B2
:203B800001F81320FB79013BBA88D1B2114A5B0013440A465A7000237B7310E07B7B0D4A0F
:203BA00012F81330002B05D07B7B0A4A5B0013445B7808E00023FB817B7B01337B737B7B54
:203BC000042BEBD9FB8918461437BD465DF8047B704700BF940E002080B588B002AF204B2D
:203BE0003B610023FB7515E02020FDF763FD78607B68B3F1FF3F0AD07B68D8B20E23019364
:203C0000FB7D00930E231C223969FDF759FEFB7D0133FB75FB7D0D2BE6D9124BFB600023D7
:203C2000BB7515E02020FDF745FDB860BB68B3F1FF3F0AD0BB68D8B20E230193BB7D0093B5
:203C40000E231C22F968FDF73BFEBB7D0133BB75BB7D0D2BE6D900BF00BF1837BD4680BD8F
:203C6000648B0200EC8C020090B599B002AF0346FB80FF2387F85730C14B1B7883F0010398
:203C8000DBB2002B00F0BB82FB88DBB2013B1E2B54D801A252F823F0153D0100153D0100D8
:203CA000153D0100153D0100153D01001D3D01002D3D0100153D0100153D01002D3D010034
:203CC0002D3D01002D3D0100253D0100253D01002D3D0100253D0100253D0100253D0100B4
:203CE000253D0100253D0100253D0100253D01001D3D01001D3D01001D3D01001D3D0100CC
:203D00001D3D0100253D0100253D0100353D0100353D0100012387F8573010E0022387F8DE
:203D200057300CE0032387F8573008E0042387F8573004E0052387F8573000E000BF97F88F
:203D40005730FF2B00F05B82FA8897F8573011461846FFF707FF0346FB80FFF73DFFFB8823
:203D6000DBB2013B1E2B00F2458201A252F823F0ED3D01008B3E0100A53E0100B33E0100AD
:203D8000C13E0100CF3E0100733F0100DD3E0100573F0100653F0100F13F0100FF3F01009A
:203DA0000D4001001B400100154101003F4101004D4101005B4101006941010077410100F1
:203DC000D9410100E74101002940010037400100CF400100DD400100EB400100F940010029
:203DE000074101002341010031410100654B07F138040FCB07C42380634B1B78062B09D12A
:203E000007230E226149624800F080FA614B01221A70F4E100233B6509E03B6D0833583342
:203E20003B445F2203F8202C3B6D01333B65564B1B781A463B6D9342EFDB07F138010E2382
:203E40000E22534800F062FA534B1B785A1CD1B2514A1170322B40F2CF814F4B00221A70E0
:203E60004E4B00221A70484B1B785A1C4C4B83FB021313449910D317C91A0B46DB005B1AC9
:203E8000D11ACAB2404B1A70B6E13F4B00221A70424B00221A700A230F224249424800F03D
:203EA00035FAACE10D230A224049414800F02EFAA5E106230C223F493F4800F027FA9EE144
:203EC0000B230B223D493E4800F020FA97E10F230B223C493C4800F019FA90E13B4B07F19F
:203EE00028040FCB07C423800023FB6409E0FB6C083358333B445F2203F8302CFB6C0133C4
:203F0000FB64334B1B781A46FB6C9342EFDB07F1280000230E22002100F0F8F91F4B1B7859
:203F20005A1CD1B21D4A1170092B40F267811B4B00221A70264B1B785A1C264B83FB0213C2
:203F40005910D317C91A0B469B000B44D11ACAB21F4B1A7052E1092307221F491F4800F04E
:203F6000D5F94CE107230A221D491E4800F0CEF945E108230C221C491C4800F0C7F93EE156
:203F8000A60E002094910200A20E0020588F0200608F02009F0E0020C60E0020C70E0020C6
:203FA00093244992708F02007C8F02008C8F02009C8F0200A88F0200B08F0200BC8F020050
:203FC000C88F0200D88F0200E88F0200A4910200C80E002067666666F48F020000900200C9
:203FE00008900200109002001C900200249002000F2308228349844800F088F9FFE00F23AB
:2040000008228249804800F081F9F8E00D2308227F49804800F07AF9F1E00D230D227E495D
:204020007E4800F073F9EAE00A2308227C49794800F06CF9E3E007F11C0300221A605A6032
:204040001A810023FB760023BB7600237B7602F011F9034687F84A3002F018F9034687F8C0
:20406000493005F003FB03461C4607F11B0297F8491097F84A0007F11903019307F11A0396
:20408000009313462246FFF71BFB7B7E002B0BD1FB7E1A46BB7E07F11C0000931346614A03
:2040A0000A2113F051FD0AE0FB7E1A46BB7E07F11C00009313465C4A0A2113F045FD07F17A
:2040C0001C010A230F22594800F020F997E00A23082253494F4800F019F990E00A230E22EB
:2040E0004F49534800F012F989E00A2307225149514800F00BF982E00F230A224F495048BC
:2041000000F004F97BE00C230D224E49434800F0FDF874E007230A224B494C4800F0F6F842
:204120006DE008230E224A494A4800F0EFF866E0082308224849464800F0E8F85FE00D23E2
:204140000D223549354800F0E1F858E00E230D224249324800F0DAF851E008230A224049FC
:204160003A4800F0D3F84AE00C230A223D49374800F0CCF843E03C4B1B78FA2B25D83A4BE0
:204180001B78013B394A82FB03121211DB179B1ADBB2053387F84B3097F84B30002B02D1AA
:2041A000012387F84B3097F84B3007F1080000932F4B304A0F2113F0C7FC07F108010F2327
:2041C0000A22224800F0A2F819E00C230A222A491E4800F09BF812E00A230A2227491B48F1
:2041E00000F094F80BE00C230A222349174800F08DF804E000BF02E000BF00E000BF5C3747
:20420000BD4690BD30900200409002004890020058900200689002007090020080900200E8
:20422000909002009C900200AC900200BC900200CC900200DC900200E8900200F0900200DA
:20424000009102000C9102000890020018910200249102002C9102003C91020044910200CB
:20426000549102005C910200AF0E00201F85EB5168910200749102007C910200889102007F
:2042800080B588B002AF03463960FB711346BB7100237B613B68002B2DD0FB79012B02D1F0
:2042A000184B7B6104E0FB79022B26D1164B7B610023FB741AE0FB7C3A68134493F900304E
:2042C0001846FDF7F7F9F860FB68B3F1FF3F0AD0FB68D8B20E230193FB7C00930E231C22FA
:2042E0007969FDF7EDFAFB7C0133FB74FA7CBB799A42E0D302E000BF00E000BF1837BD461C
:2043000080BD00BF648B0200EC8C020080B588B000AFF860B96011461A460B46FB711346DC
:20432000BB71FB790F2B02D1FB79013BFB71BB790F2B02D1BB79013BBB71FB68002B6FD00A
:20434000FB790E2B0FD87B4B00221A70794B00225A80784B00221A71FB791A46F9680120D1
:20436000FFF78EFF65E0734B1B78002B08D1714B01221A706F4B00225A806E4B00221A719B
:204380006C4B5B88952B0BD80E22F9680120FFF777FF684B5B8801339AB2664B5A8038E009
:2043A000644B5A88644BA3FB0213D9080B469B000B4499000B44D31A9BB2002B13D15D4B15
:2043C0001B7903F10E02FB799A4206DA594B1B790133DAB2574B1A7105E0564B00221A71BD
:2043E000544B00225A80534B1B791A46FB681344FB61504B1B79FA79D31AFB76FB7E0E2BC8
:2044000028BF0E23BB76BB7E1A46F9690120FFF737FF484B5B8801339AB2464B5A8008E0C2
:20442000444B00221A70434B00225A80414B00221A71BB68002B6FD0BB790E2B0FD83F4B13
:2044400000221A703D4B00225A803C4B00221A71BB791A46B9680220FFF712FF65E0374B53
:204460001B78002B08D1354B01221A70334B00225A80324B00221A71304B5B88952B0BD8D3
:204480000E22B9680220FFF7FBFE2C4B5B8801339AB22A4B5A8038E0284B5A88264BA3FB15
:2044A0000213D9080B469B000B4499000B44D31A9BB2002B13D1214B1B7903F10E02BB7962
:2044C0009A4206DA1D4B1B790133DAB21B4B1A7105E01A4B00221A71184B00225A80174BBB
:2044E0001B791A46BB6813447B61144B1B79BA79D31AFB74FB7C0E2B28BF0E23BB74BB7CC2
:204500001A4679690220FFF7BBFE0C4B5B8801339AB20A4B5A8008E0084B00221A70074B66
:2045200000225A80054B00221A7100BF2037BD4680BD00BFB40E00201F85EB51BC0E0020C1
:2045400080B584B000AF0346FB712320FCF78CFE034683F00103DBB2002B00F0FD810420C4
:20456000FCF77EF80346002B02D08E4B01221A708C4B1B78002B27D00420FCF771F80346B1
:20458000002B21D1874B00221A70874B00221A70864B00221A801820FCF71CFE844B1B78CE
:2045A000002B02D11720FCF715FE0520FCF75CFE0346002B08D00520FCF730FE002005F0A7
:2045C000A5FD0D20FFF7A2FA1820FCF74DFE0346002B71D01720FCF747FE0346002B6BD031
:2045E0000220FFF793FA0120FFF790FA714B00221A7005F017F90346FB73FB7B032B04D0D9
:20460000FB7B042B01D0012300E00023BB73BB7B03F00103BB73FB79022B1AD1664B1B78A4
:20462000022B0ED0022B10DC002B02D0012B04D00BE0614B01221A7038E05F4B02221A70A5
:2046400034E05D4B00221A7030E05B4B00221A702CE0594B1B787B73574B1B780133DAB26A
:20466000554B1A707B7B032B16D1534B1B78042B12D1BB7B83F00103DBB2002B0CD02C2035
:20468000FCF7F2FD034683F00103DBB2002B0DD02B20FCF79FFD09E0474B1B78042B05D9EE
:2046A000454B00221A702B20FCF7B8FD1620FCF791FD1820FCF7B2FD3C4B1B8801339AB290
:2046C0003A4B1A80394B1B88B3F5FA7F08D3374B00221A80344B01221A701720FCF79EFD69
:2046E0002B20FCF7C1FD0346002B03D01320FFF7BBFA02E01320FFF709FA1620FCF7B4FDB1
:204700000346002B00F028812B4B1B78002B05D11620FCF783FD1D20FFF7F8F9264B1B78B1
:20472000012B03D0244B1B78022B02D11D20FFF79BFA214B1B78032B0ED10520FCF794FDFB
:20474000034683F00103DBB2002B05D00E20FFF78BFA1D20FFF7DAF9174B1B78042B4BD11D
:2047600005F060F80346032B46D02820FCF77CFD0346002B22D01120FFF776FA1020FFF788
:20478000C5F91220FFF7C2F90F20FFF7BFF91420FFF7BCF91320FFF7B9F91D20FFF7B6F9FF
:2047A0002AE000BFC90E0020A00E0020A40E00209E0E0020CA0E0020AB0E00202820FCF7C1
:2047C00053FD034683F00103DBB2002B14D01020FFF74AFA1120FFF799F91220FFF796F953
:2047E0000F20FFF793F91420FFF790F91320FFF78DF91D20FFF78AF90320FBF731FF034662
:20480000002B08D0564B1B780133DAB2544B1A70544B00221A80524B1B78952B55D90320DC
:20482000FCF7FCFC4E4B00221A701620FCF7F6FC4D4B1B78012B02D1012005F07DFC4A4BDF
:204840001B78022B02D1012005F08CFC464B1B78032B09D10E20FFF759F90520FCF7BAFCB7
:20486000012005F053FC06E03F4B1B78042B02D01D20FFF74BF93C4B1B78042B6CD11120A1
:20488000FFF744F91020FFF741F92820FCF7ECFC0346002B03D02820FCF7C0FC0BE02820F1
:2048A000FCF7E2FC034683F00103DBB2002B02D02820FCF78FFC2920FCF78CFC2D20FCF713
:2048C00089FC294B00221A7046E0254B1B78002B3FD00320FCF77EFC234B1B78032B06D13A
:2048E0000E20FFF7C1F91D20FFF710F934E01E4B1B78042B29D11D20FFF708F92820FCF7F6
:20490000B3FC0346002B08D004F08CFF0346032B03D01120FFF7A8F90BE02820FCF7A4FC45
:20492000034683F00103DBB2002B02D01020FFF79BF904F077FF0346032B0DD10320FCF79E
:204940006DFC074B00221A7006E01D20FFF78CF902E00320FCF762FC00BF1037BD4680BDB6
:20496000CA0E0020A40E0020AB0E002080B500AF1620FCF779FC034683F00103DBB2002B9A
:2049800067D00520FCF770FC034683F00103DBB2002B5ED0354B1B78032B5AD00320FBF736
:2049A0005FFE0346012B02D1314B01221A70304B1B78002B0ED00320FBF752FE0346002B39
:2049C00008D12B4B00221A702A4B1B780133DAB2284B1A70274B1B78002B05D0264B1B780E
:2049E0000133DAB2244B1A70224B1B78022B22D92320FCF7EFFB1F4B1B78032B15D91F4B33
:204A00001B78002B03D01D4B1B78022B06D10220FFF72AF9194B02221A700CE0164B00224A
:204A20001A700120FFF720F905E0134B00221A700120FFF719F9104B1B78632B13D92320F9
:204A4000FCF7ECFB0C4B00221A700A4B00221A7009E0084B00221A702320FCF7DFFB064B2F
:204A600000221A7000BF00BF80BD00BFAB0E0020CB0E00209E0E0020CC0E00209F0E0020AB
:204A800080B500AF1020FFF741F81120FFF73EF82820FCF7E9FB0346002B06D01520FFF7E2
:204AA000E3F81620FFF732F805E01620FFF7DCF81520FFF72BF800BF80BD80B500AF15207D
:204AC000FFF724F81620FFF721F800BF80BDFFFF80B483B000AF0346FB71044AFB79137075
:204AE00000BF0C37BD465DF8047B7047AC0E002080B483B000AF0346FB71044AFB7913703C
:204B000000BF0C37BD465DF8047B7047AB0E002080B500AF1620FCF781FB0320FCF77EFB14
:204B20002B20FCF77BFB1A4B00221A70194B00221A70194B00221A80184B1B78032B03D089
:204B4000164B1B78042B02D1144B00221A701D20FEF7DCFF0E20FEF7D9FF0D20FEF7D6FF55
:204B60001020FEF7D3FF1120FEF7D0FF1220FEF7CDFF1320FEF7CAFF1420FEF7C7FF152041
:204B8000FEF7C4FF1620FEF7C1FF00BF80BD00BF9E0E0020A00E0020A40E0020AB0E002072
:204BA00080B400AF034B1B781846BD465DF8047B704700BF9F0E002080B400AF034B1B78F5
:204BC0001846BD465DF8047B704700BFA00E002080B500AF094B00221A70094B00221A7078
:204BE000084B00221A702320FCF718FB0120FEF78DFF0220FEF78AFF00BF80BD9F0E002062
:204C00009E0E0020A20E002080B500AF0820FCF705FB0920FCF702FB0A20FCF7FFFA0B209F
:204C2000FCF7FCFA064B00221A70064B00221A70054B00221A70054B00221A7000BF80BD9D
:204C4000A70E0020A80E0020A90E0020AA0E002080B500AF06220021044812F0A9FF0622AF
:204C60000021034812F0A4FF00BF80BDB40E0020BC0E002080B500AF022200210C4812F0DC
:204C800097FF022200210B4812F092FF02220021094812F08DFF02220021084812F088FF11
:204CA00002220021064812F083FF00BF80BD00BF940E0020960E0020980E00209A0E00200E
:204CC0009C0E002080B400AF034B00221A7000BFBD465DF8047B7047A60E002080B500AF28
:204CE0005022FF21024812F063FF00BF80BD00BF380E002080B500AF50220021024812F090
:204D000057FF00BF80BD00BF380E002080B500AF5023034A0221034800F00FFC00BF80BD13
:204D2000380E0020E1080020B0B586B000AF264B3C1D1D460FCD0FC42B681A462280023413
:204D40001B0C23704023FB70012000F018FC4FF47A710A200FF06AF83B79184600F0B7FB39
:204D60004FF47A710A200FF061F83B79184600F0AEFB3B1D01330321184600F0C5FB3B1DC2
:204D800004330F21184600F0BFFB502200210F4812F00EFFF81C50230C4A012100F0CDFBF4
:204DA0004FF47A710A200FF041F8C823FB70FB78184600F08CFB4FF47A710A200FF036F840
:204DC00000BF1837BD46B0BDB4910200380E002080B500AF642010F0E5FE012000F0CFFB82
:204DE0000A2010F0DFFEC82000F071FB0A2010F0D9FE0520FCF712FA0820FCF7EBF900BF85
:204E000080BD80B500AF642010F0CCFEC02000F05EFB0A2010F0C6FE002000F0B0FB04F05D
:204E200069FEFFF727FFFFF713FFFFF7EDFE00BF80BDFFFF80B582B000AF1923BB8000235C
:204E4000FB713F4B1B8801339AB23D4B1A803D4B1B78052B5FD801A252F823F0754E0100D1
:204E6000914E0100AD4E0100C94E0100E54E0100014F0100FFF732FF314B1B88BA889A4255
:204E800050D82F4B00221A802E4B01221A7049E0FFF730FF2A4B1B88BA889A4244D8284B7B
:204EA00000221A80274B02221A703DE0FFF716FF234B1B88BA889A4238D8214B00221A8087
:204EC000204B03221A7031E0FFF714FF1C4B1B88BA889A422CD81A4B00221A80194B0422C7
:204EE0001A7025E0FFF7FAFE154B1B88BA889A4220D8134B00221A80124B05221A7019E0FB
:204F0000FFF7F8FE0123FB710E4B00221A700C4B00221A800FE00B4B00221A70084B002297
:204F20001A8008E000BF06E000BF04E000BF02E000BF00E000BFFB7918460837BD4680BD57
:204F4000CE0E0020D00E002080B586B000AF786039600023FB7507F10C0300221A605A60DC
:204F60001A819F233B7200237B720023BB720023FB7200214FF48670FBF75AFB07F10C0191
:204F800007F1080304221846FBF7B4FE0346FB7501214FF48670FBF74BFB7B7B1A04BB7B50
:204FA0001B021343FA7B13431A46464B1A60454B1B689BB248F21702934244D048F2170259
:204FC000934271D844F21A0293421FD844F21102934269D3A3F58043113B092B64D801A281
:204FE00052F823F09B5001008D5001007F5001007150010063500100555001004750010006
:2050000037500100275001001750010047F21802934210D048E07B680A221A703B684FF479
:2050200080621A6049E07B6809221A703B684FF400721A6041E07B6808221A703B684FF4E3
:2050400080721A6039E07B6807221A703B6880221A6032E07B6806221A703B6840221A6050
:205060002BE07B6805221A703B6820221A6024E07B6804221A703B6810221A601DE07B686C
:2050800003221A703B6808221A6016E07B6802221A703B6804221A600FE07B6801221A70D1
:2050A0003B6802221A6008E07B6800221A703B6800221A600123FB7500BFFB7D1846183781
:2050C000BD4680BDD40E002080B588B000AF786007F1180300221A601A7107F1080300223B
:2050E0001A605A609A609A814B233B7600214FF48670FBF79DFA07F1080107F118030D2222
:205100001846FBF7F7FD0346FB7701214FF48670FBF78EFAFB7F002B07D107F10803053303
:20512000082219467868FBF7E7FBFB7F18462037BD4680BD80B584B000AF03463960FB715D
:205140000123FB730023BB81FB79012B02D10523FB720DE0FB79022B02D13523FB7207E049
:20516000FB79032B02D11523FB7201E0FB7B1AE000214FF48670FBF75BFA07F10C0107F126
:205180000B0302221846FBF7B5FD0346FB7301214FF48670FBF74CFAFB7B002B02D17A7B28
:2051A0003B681A70FB7B18461037BD4680BD80B582B000AF0023FB7106233B7100214FF489
:2051C0008670FBF735FA3B1D01211846FBF736FD0346FB7101214FF48670FBF729FAFB7922
:2051E00018460837BD4680BD80B582B000AF0023FB710423BB7100214FF48670FBF718FA7C
:20520000BB1D01211846FBF719FD0346FB7101214FF48670FBF70CFAFB7918460837BD4612
:2052200080BD80B584B000AF03463960FB711346BB710023FB7307F1080300221A601A718B
:205240000123BB73BB79002B09D03B681A0EBB7B591CB973D2B210333B4403F8082C3B680A
:205260001A0CBB7B591CB973D2B210333B4403F8082C3B681A0ABB7B591CB973D2B2103357
:205280003B4403F8082CBB7B5A1CBA733A68D2B210333B4403F8082C00214FF48670FBF724
:2052A000C7F9FB79032B1DD0032B27DC012B02D0022B0BD022E0C7233B7207F108030121AA
:2052C0001846FBF7BBFC0346FB731BE0D8233B72BA7B07F1080311461846FBF7AFFC03469A
:2052E000FB730FE020233B72BA7B07F1080311461846FBF7A3FC0346FB7303E0FB7B01339F
:20530000FB7300BF01214FF48670FBF791F9FB7B18461037BD4680BD80B584B000AF78603E
:205320000123FB730023BB810523FB7223E000214FF48670FBF77CF907F10C0107F10B0318
:2053400002221846FBF7D6FC0346BB7301214FF48670FBF76DF9BB7B002B02D17B7BFB7345
:2053600001E0BB7B13E04FF47A7101200EF05EFD7B68013B7B60FB7B03F00103002B02D017
:205380007B68002BD3D1FB7B03F00103DBB218461037BD4680BD80B584B000AF78603960F3
:2053A0000023FB7300214FF48670FBF741F939687868FBF743FC0346FB7301214FF4867012
:2053C000FBF736F9FB7B18461037BD4680BD80B586B000AFF860B9607A603B600023BB75FE
:2053E0000023FB7500214FF48670FBF721F9B968F868FBF723FC0346BB75012138680EF0E9
:2054000015FDBB7D002B05D139687868FBF744FC0346FB7501214FF48670FBF709F9FB7D0E
:2054200018461837BD4680BD80B584B000AF786039600023FB733868FFF76EFFFFF7B7FEB7
:2054400039687868FFF7A7FF0346FB733868FFF763FFFFF7C9FEFB7B18461037BD4680BD68
:2054600080B584B000AF396011461A460346FB710B46BB711346BB800023FB73FFF797FEE2
:2054800003461A46FB7B1344FB73BB881846FFF743FF03461A46FB7B1344FB73BA79FB79C4
:2054A00039681846FFF7BDFE03461A46FB7B1344FB73BB881846FFF72FFF03461A46FB7B74
:2054C0001344FB73FB7B18461037BD4680BD80B582B000AF0346FB71002140F20B40FBF751
:2054E000A7F8FB1D01211846FBF752FB012140F20B40FBF79DF84FF47A7101200EF096FC31
:2055000000BF0837BD4680BD80B582B000AF78600B467B80002140F20B40FBF789F87B88FF
:2055200019467868FBF734FB012140F20B40FBF77FF800BF0837BD4680BD80B584B000AFAD
:20554000F8607A601A460B467B8113463B81002140F20B40FBF76CF87B891946F868FBF7AE
:2055600017FB3B8919467868FBF712FB012140F20B40FBF75DF800BF1037BD4680BD80B5B6
:2055800082B000AF0346FB71FB79002B03D10020FBF70EFA11E05A20FBF70AFA002140F234
:2055A0000B40FBF745F84FF47A710A200EF03EFC012140F20B40FBF73BF800BF0837BD461C
:2055C00080BD80B582B000AF0346FB71FB791846FBF7EEF900BF0837BD4680BD80B582B073
:2055E00000AF0023FB7100F010F800F027F80346FB71FB79002B03D000F020F80346FB7182
:20560000FB7918460837BD4680BD80B500AF00214FF48670FBF70CF801214FF48670FBF7B8
:2056200007F8012140F20330FBF702F801214FF44170FAF7FDFF00BF80BDFFFF80B582B094
:2056400000AF0023FB71474B012283F82F2000233B603A46BB1D11461846FFF775FC034612
:20566000002B07D03F4B002283F82F20FB790133DBB273E03B4BD3F81B30B3F5807F04D90A
:20568000384B012283F82E2003E0364B002283F82E20344B00225A72002242F001029A727C
:2056A000304B0022DA73002242F010021A7400225A7400229A742B4BD3F813301B01294AD9
:2056C000C2F81330274BD3F81330264AD2F80F2002FB03F3234AB2F8092092B2B3FBF2F3DA
:2056E000204AC2F80B301F4BD3F80F301B011D4AC2F81F301B4BD3F813301A4AD2F80F207A
:2057000002FB03F39B0A174AC2F827301648FFF7DBFC03461A46FB791344FB7113490120F7
:20572000FFF708FD03461A46FB791344FB7110490220FFF7FFFC03461A46FB791344FB7142
:205740000C490320FFF7F6FC03461A46FB791344FB71044B002283F82F20FB7918460837BD
:20576000BD4680BDD80E0020D90E0020030F0020040F0020050F002080B584B000AF0346E2
:205780003960FB711346BB800023FB7300BF0F4B93F82F30002BFAD10C4B012283F82F20A2
:2057A0000A4B93F82E20BB88F8793968FFF758FE03461A46FB7B1344FB73044B002283F84A
:2057C0002F20FB7B18461037BD4680BDD80E002080B5CAB000AF07F59473A3F58E731860A7
:2057E00007F59473A3F59073196007F59473A3F592731A600023A7F82631032387F8233166
:205800004E4B93F82E30002B1ED0B7F826315A1CA7F826211A46022107F59473A3F58A7370
:20582000995407F59473A3F590731B68190EB7F826315A1CA7F826211A46C9B207F59473F3
:20584000A3F58A7399540BE0B7F826315A1CA7F826211A46022107F59473A3F58A73995471
:2058600007F59473A3F590731B68190CB7F826315A1CA7F826211A46C9B207F59473A3F50A
:205880008A73995407F59473A3F590731B68190AB7F826315A1CA7F826211A46C9B207F5A1
:2058A0009473A3F58A739954B7F826315A1CA7F826211A4607F59473A3F590731B68D9B2F1
:2058C00007F59473A3F58A7399540023A7F8243118E0B7F8243107F59472A2F58E7212681D
:2058E0001A44B7F82631591CA7F826111946127807F59473A3F58A735A54B7F82431013392
:20590000A7F82431B7F8243107F59472A2F5927212689A42DDD8B7F8262107F1140311468B
:205920001846FFF781FD034687F8233197F82331184607F59477BD4680BD00BFD80E00202C
:2059400080B5D0B000AF07F5A073A3F59A73186007F5A073A3F59C73196007F5A073A3F5E1
:205960009E731A600023A7F83E31032387F83D31454B93F82E30002B1ED0B7F83E315A1C32
:20598000A7F83E211A460B2107F5A073A3F59873995407F5A073A3F59C731B68190EB7F8CF
:2059A0003E315A1CA7F83E211A46C9B207F5A073A3F5987399540BE0B7F83E315A1CA7F86C
:2059C0003E211A460B2107F5A073A3F59873995407F5A073A3F59C731B68190CB7F83E31C1
:2059E0005A1CA7F83E211A46C9B207F5A073A3F59873995407F5A073A3F59C731B68190A5D
:205A0000B7F83E315A1CA7F83E211A46C9B207F5A073A3F598739954B7F83E315A1CA7F847
:205A20003E211A4607F5A073A3F59C731B68D9B207F5A073A3F598739954B7F83E315A1CB0
:205A4000A7F83E211A4607F5A073A3F5987300219954B7F83E1107F5A073A3F59E7307F576
:205A6000A072A2F59A7207F110001B681268FFF7AEFC034687F83D3197F83D31184607F53F
:205A8000A077BD4680BD00BFD80E002080B582B000AF0023FB714FF47A7200210220FFF7DD
:205AA0006BFE0346002B08D0FB790133FB711D4B1B8801339AB21B4B1A800023BB8007E04D
:205AC000BB88BA88D1B2184AD154BB880133BB80BB88B3F5805FF3D300237B8018E07B88DC
:205AE000114A134479884FF480721846FFF770FE0346002B08D0FB790133FB71094B5B8865
:205B000001339AB2074B5A807B8803F580737B807B88B3F5805FE2D3FB7918460837BD469D
:205B200080BD00BF080F0020100F002080B582B000AF0023FB710023BB8018E0BB88194A52
:205B40001344B9884FF480721846FFF7F9FE0346002B08D0FB790133FB71134B9B88013318
:205B60009AB2114B9A80BB8803F58073BB80BB88B3F5805FE2D34FF480520C490948FAF7CF
:205B8000DAFE0346002B08D0FB790133FB71064BDB8801339AB2044BDA80FB7918460837DF
:205BA000BD4680BD101F0020080F0020100F002080B584B000AF78600023FB734FF47A7230
:205BC00079680320FFF7D8FD0346002B08D0FB7B0133FB73054B1B8801339AB2034B1A8037
:205BE000FB7B18461037BD4680BD00BF080F002080B588B000AFF860B9607A600023FB7758
:205C00000023BB617B68C3F1FF1303F57F43FA689A4220D9012323E07A68BB69D31A7B61B5
:205C20007B69B3F5807F28BF4FF480733B61BA68BB69D018FA68BB6913443A691946FFF71D
:205C4000C7FD0346002B02D00123FB7707E0BA693B691344BB61BA697B689A42DCD3FB7F78
:205C600018462037BD4680BD80B588B000AFF860B9607A6000237B760023FB820023FB8373
:205C800000237B777B68C3F1FF1303F57F43FA689A4204D97B7E01337B767B7E3FE07B6858
:205CA0001B0AFB827B68DBB2002B01D07B687B7700237B8319E0FB8BBA68D018FA8BFB686F
:205CC00013444FF480721946FFF73AFE0346002B04D07B7E01337B767B7E20E0FB8B03F5CE
:205CE0008073FB837B8B01337B837A8BFB8A9A42E1D37B7F002B11D0FB8BBA68D018FA8BC6
:205D0000FB6813447A7F1946FFF71AFE0346002B04D07B7E01337B767B7E00E07B7E1846CD
:205D20002037BD4680BDFFFF80B584B000AF786039600023FB730023BB7317E07868FFF796
:205D400037FF0346002B04D17B6803F580537B600AE00123BB73FB7B0133FB73094B5B88B0
:205D600001339AB2074B5A80FBF7D4F97A683B689A4202D2BB7B002BE0D0FB7B1846103757
:205D8000BD4680BD080F002080B483B000AF0346FB7197F90730002B0BDBFB7903F01F0261
:205DA000074997F907305B09012000FA02F241F8232000BF0C37BD465DF8047B704700BF8E
:205DC00000E100E080B483B000AF03463960FB7197F90730002B0ADB3B68DAB20C4997F9B3
:205DE00007301201D2B20B4483F800230AE03B68DAB20849FB7903F00F03043B1201D2B22F
:205E00000B441A7600BF0C37BD465DF8047B704700E100E000ED00E080B582B000AF0C2142
:205E20001620FFF7CFFF1620FFF7AEFF0D490E480AF03EFC78607B68002B01D07B680CE029
:205E400009480AF09BFC78607B68002B04D006480AF0A5FC7B6800E0002318460837BD4637
:205E600080BD00BF98920200D045002080B483B000AF786000BF0C37BD465DF8047B704747
:205E800080B485B000AF0346FB710023FB73FB79013B052B2AD801A252F823F0B55E0100AE
:205EA000BD5E0100C55E0100D55E0100DD5E0100E55E0100114BDB7AFB7317E00F4B1B7BE8
:205EC000FB7313E00D4BB3F80D309BB2DBB26C3BFB730BE0094B1B7AFB7307E0074B5B7AE2
:205EE000FB7303E0054B9B7AFB7300BFFB7B18461437BD465DF8047B704700BF102F0020F4
:205F000080B483B000AF03460A46FB711346BB71FB79013B052B2CD801A252F823F000BF3E
:205F2000395F0100415F0100495F01005B5F0100635F01006B5F0100114ABB79D37218E069
:205F40000F4ABB79137314E0BB799BB203F26C739AB20B4BA3F80D200BE0094ABB79137284
:205F600007E0074ABB79537203E0054ABB79937200BF00BF0C37BD465DF8047B704700BF77
:205F8000102F002080B500AF124BDB7BFF2B15D0104BDB7B012B03D12820FBF71BF916E007
:205FA0000C4BDB7B002B03D12820FBF737F90EE02820FBF70FF900F00FF808E0054BDB7B16
:205FC000FF2B04D12820FBF705F900F005F800BF80BD00BF102F002080B500AF2820FBF765
:205FE00043F903461A46024BDA7300BF80BD00BF102F002080B483B000AF7860044A7B68E9
:20600000136000BF0C37BD465DF8047B704700BF102F002080B483B000AF03460A46FB7144
:206020001346BB80FB79012B02D0022B04D007E0064ABB88938003E0044ABB88D38000BF46
:2060400000BF0C37BD465DF8047B7047102F002080B582B000AF0523FB714FF48062054934
:206060000548FAF701FC0346FB71FB7918460837BD4680BD102F0020C0FB070080B582B057
:2060800000AF0523FB710B4B3B600B493868FAF7CBFB0346FB71FB79002B06D18022074904
:2060A0003868FAF75BFB0346FB71FB7918460837BD4680BDC0FB070040FC0700102F00208F
:2060C00080B500AF1748FAF72BFD164BDB68DBB219460120FFF714FF124B1B69DBB21946DD
:2060E0000220FFF70DFF0F4B5B69DBB219460320FFF706FF0B4B9B68DBB219460420FFF7F5
:20610000FFFE084B5B68DBB219460520FFF7F8FE044B1B68DBB219460620FFF7F1FE00BFE7
:2061200080BD00BF902F002090B583B000AF0446084611461A462346FB710346BB710B4673
:206140007B7113463B71FB79FF2B4AD0FB79002B47D0FB791F2B44D8FB79002B41D0BB7922
:20616000FF2B40D0BB79002B3DD0BB790C2B3AD8BB79002B37D07B79FF2B36D07B79002B53
:2061800033D03B79FF2B32D03B79172B2FD83B7EFF2B2ED03B7E3B2B2BD83B7FFF2B2AD03E
:2061A0003B7F3B2B27D87B797C2B02D97B79872B01D97D237B71FB79114AD360BB79104AAE
:2061C00013617B790E4A53613B790D4A93603B7E0B4A53603B7F0A4A13600948FAF77CFC51
:2061E0000AE000BF08E000BF06E000BF04E000BF02E000BF00E000BF0C37BD4690BD00BF75
:20620000902F002080B483B000AF0023FB71174B9B680C2B08DD154B9B68DBB20C3BFB71D6
:20622000134B01221A7019E0104B9B68002B05D10C23FB710E4B00221A700FE00B4B9B6813
:206240000C2B05D10C23FB71094B01221A7005E0064B9B68FB71064B00221A70FB79184621
:206260000C37BD465DF8047B704700BF902F0020B42F002080B400AF034B9B68DBB218468D
:20628000BD465DF8047B7047902F002080B400AF034B5B68DBB21846BD465DF8047B704724
:2062A000902F002080B400AF034B1B68DBB21846BD465DF8047B7047902F002080B400AF10
:2062C000034BDB68DBB21846BD465DF8047B7047902F002080B400AF034B1B69DBB2184635
:2062E000BD465DF8047B7047902F002080B400AF034B5B69DBB21846BD465DF8047B7047C3
:20630000902F002080B400AF034B1B781846BD465DF8047B704700BFB42F0020FFFFFFFF30
:2063200080B500AFC24B1B78002B40F0CB8103F05DFB034607EE903AF8EEE77ABD4BC3EDE0
:20634000007ABC4BD3ED007A9FEDBB7AF4EEC77AF1EE10FA40F3B38103F0AEF90346022B3E
:2063600040F0AD8103F02AFB0346184611F0E2F8A7A3D3E9002311F047F902460B461046CC
:20638000194611F053FB0346AA4A936003F022FB0346184611F0CEF89FA3D3E9002311F07F
:2063A00033F902460B461046194611F03FFB0346A04A5360A14B1B78002B07D1A04B4FF096
:2063C00000021A609F4B4FF000021A60994B93ED017A984BD3ED027A67EE277A17EE900A09
:2063E00011F0BAF84FF00002974B11F00DF902460B46104619468AA3D3E9002311F02EFA3D
:2064000002460B461046194611F010FB07EE100A8B4BD3ED007A77EE277A894BC3ED007AFF
:20642000844B1B68184611F097F84FF00002864B11F0EAF802460B46104619467AA3D3E900
:20644000002311F00BFA02460B461046194611F0EDFA07EE100A7B4BD3ED007A77EE277AC8
:20646000784BC3ED007A764BD3ED006A754B93ED007AC6EE877A754BC3ED007A734BD3ED6D
:20648000007A9FED737AF4EEC77AF1EE10FA03DD6E4B704A1A600CE06C4BD3ED007A9FEDC7
:2064A0006E7AF4EEC77AF1EE10FA02D5674B6B4A1A60624B1B78002B00F0EB80634BD3EDFC
:2064C000007A9FED677AF4EEC77AF1EE10FA03DB644B01221A70D4E05C4BD3ED007A9FED6E
:2064E000607AF4EEC77AF1EE10FA0DD5574BD3ED007A9FED5D7AF4EEC77AF1EE10FA03DBAB
:20650000584B02221A70BCE0504BD3ED007A9FED567AF4EEC77AF1EE10FA0DD54B4BD3ED19
:20652000007A9FED527AF4EEC77AF1EE10FA03DB4C4B03221A70A4E0444BD3ED007A9FED80
:206540004B7AF4EEC77AF1EE10FA0DD53F4BD3ED007A9FED477AF4EEC77AF1EE10FA03DB8D
:20656000404B04221A708CE0384BD3ED007A9FED407AF4EEC77AF1EE10FA0DD5334BD3ED45
:20658000007A9FED3C7AF4EEC77AF1EE10FA03DB344B05221A7074E02C4BD3ED007A9FED94
:2065A000357AF4EEC77AF1EE10FA0DD5274BD3ED007A9FED317AF4EEC77AF1EE10FA03DB71
:2065C000284B06221A705CE0204BD3ED007A9FED2A7AF4EEC77AF1EE10FA0BD51B4BD3ED73
:2065E000007AF5EEC07AF1EE10FA03DB1D4B07221A7046E0154BD3ED007AF5EEC07AF1EE66
:2066000010FA3BD5174B08221A703AE0AFF30080FCA9F1D24D62503F7B14AE47E17A843FC6
:20662000000000000020AC40AE47E17A1C5E1341C42F0020CC2F002000009643C02F00201A
:20664000B82F0020BC2F00200000D03FC82F002000008C4200008C4200008CC200008CC2CA
:2066600000005C42E508002000004C4200003C4200002C4200001C4200000C422D4B0022AF
:206680001A7003F051F80346012B02D1294B08221A70294B1B785A1CD1B2274A1170002BA7
:2066A00006D0254B00221A70244B00221A7009E0224B1B780133DAB2204B1A7002E01D4BE5
:2066C00000221A701E4B1B78002B18D1194B1A781C4B1B789A4206D21A4B1B78013BDAB29A
:2066E000184B1A700BE0134B1A78164B1B789A4205D9144B1B780133DAB2124B1A70104B30
:206700001B785A1CD1B20E4A1170022B02D90C4B00221A700C4B1B785A1CD1B20A4A117051
:20672000182B02D9084B00221A70064B1B78184680BD00BFE5080020C12F0020C02F0020D2
:20674000C32F0020C22F0020C42F002080B582B000AF0023FB7162B600BF00F037F803461F
:20676000002B02D0FB790133FB71FAF7B1FE0346002B02D0FB790133FB71FB79002B12D18C
:20678000FAF7C8FC0D490E48FAF742FB0D48F9F743FE0D48FAF710FC002140F20D10F9F732
:2067A00047FF0FF083FAFAF7B5FC4FF47A714FF47A700DF03BFB00BFF5E700BF5D740100BB
:2067C0004D730100D584010009AC010080B582B000AF0023FB71FAF77DFC03461A46FB79BC
:2067E0001344FB71F9F712FF03461A46FB791344FB71002140F20620F9F71AFF002140F220
:206800000310F9F715FF002140F20740F9F710FF72B600BFFAF7B2F803461A46FB791344D2
:20682000FB715A20FAF7C4F803461A46FB791344FB71F9F79DFD03461A46FB791344FB717B
:20684000FAF79AFA03461A46FB791344FB71FAF7E1F903461A46FB791344FB710020FAF717
:206860001BFB03461A46FB791344FB71FAF752FCFAF77AF903461A46FB791344FB71FAF7AE
:20688000F3F803461A46FB791344FB71F9F718FF03461A46FB791344FB71F9F7D9FC034638
:2068A0001A46FB791344FB71FFF7B6FAFAF732FC064B002B05D0054B04221946044811F009
:2068C00087F9FB7918460837BD4680BD8C920200D82F002080B500AF052200210C4811F01F
:2068E00067F90B4B00225A70094B00221A70084B00221A71064B00229A70054B0022DA70BD
:20690000044B01221A70044B00221A7000BF80BDE42F0020E6080020E92F002080B485B0A2
:2069200000AF03460A46FB711346BB710023FB73244B1B78FA799A4202D00123FB7318E0E0
:20694000FB79022B02D0032B08D012E01D4B9B78BA799A420AD00123FB7307E0194B9B7878
:20696000BA799A4204D00123FB7301E000BF00E000BFFB7B002B1BD0134B01221A70114B70
:206980001A78104B5A700F4B9A780E4BDA700D4AFB791370FB79022B02D0032B04D00BE083
:2069A000084ABB79937007E0064ABB79937003E0054B00221A7000BF00BF1437BD465DF8E0
:2069C000047B7047E42F0020E92F002080B582B000AF78607B681B78072B5AD801A252F861
:2069E00023F000BF056A01000D6A0100356A01006D6A0100156A01001D6A0100256A0100CD
:206A00002D6A0100786800F013F943E0786800F051F93FE0786800F0BCFA3BE0786800F035
:206A2000D6FA37E0786800F010FB33E0786800F047FB2FE0786800F08BF97B689B78022BE9
:206A40000ED0022B10DC002B02D0012B04D00BE0786800F0A1F908E0786800F0D8F904E080
:206A6000786800F0FFF900E000BF13E0786800F024FA7B689B78002B02D0012B04D007E0F4
:206A8000786800F036FA03E0786800F061FA00BF00E000BF00BF0837BD4680BD80B582B0E5
:206AA00000AF78607B681B78072B54D801A252F823F000BFD56A0100DD6A0100056B0100C3
:206AC000376B0100E56A0100ED6A0100F56A0100FD6A0100786800F0D9F83DE0786800F015
:206AE000FEF839E0786800F05EFA35E0786800F080FA31E0786800F0B4FA2DE0786800F094
:206B0000FBFA29E07B689B78022B0ED0022B10DC002B02D0012B04D00BE0786800F056F956
:206B200008E0786800F07DF904E0786800F0A4F900E000BF10E07B689B78002B02D0012B28
:206B400004D007E0786800F0DEF903E0786800F00BFA00BF00E000BF00BF0837BD4680BD7F
:206B600080B582B000AF78607B685B78072B5AD801A252F823F000BF996B0100A16B01003C
:206B8000C96B0100016C0100A96B0100B16B0100B96B0100C16B0100786800F081F843E062
:206BA000786800F0CBF83FE0786800F006FA3BE0786800F03FFA37E0786800F076FA33E0C5
:206BC000786800F0D9FA2FE07B68DB78022B0ED0022B10DC002B02D0012B04D00BE07868E1
:206BE00000F00BF908E0786800F032F904E0786800F059F900E000BF786800F0C3F813E09B
:206C00007B68DB78002B02D0012B04D007E0786800F094F903E0786800F0B1F900BF786801
:206C200000F05DF900E000BF00BF0837BD4680BD80B582B000AF78607B6800221A71104B58
:206C400000221A700520FAF7E9FA012003F0C0FAFEF7D7F8FDF75CFF0A4B1B78002B05D0C6
:206C6000094B1B780133DAB2074B1A700820FCF74DFF1B20FCF74AFF00BF0837BD4680BD75
:206C8000AB0E0020AD0E0020AE0E002080B483B000AF786000BF0C37BD465DF8047B7047E6
:206CA00080B582B000AF7860FEF792F800BF0837BD4680BD80B582B000AF7860FDF7DAFF6E
:206CC000FDF7C6FF0520FAF7A9FA002003F01EFA002003F07DFA00BF0837BD4680BD80B51A
:206CE00082B000AF78607B681B79642B0CD80B23062101221846FAF7ADFD7B681B790133D5
:206D0000DAB27B681A7116E04423002100221846FAF7A0FD4423012101221846FAF79AFD5B
:206D200002F08EFD0120FCF7D5F90720FCF7EEFE0920FCF7EBFE0837BD4680BD80B483B003
:206D400000AF786000BF0C37BD465DF8047B704780B582B000AF7860094B1B78032B0BD13D
:206D6000074B00221A700520FAF758FA002003F0CDF9002003F02CFA00BF0837BD4680BD5D
:206D8000AB0E002080B483B000AF786000BF0C37BD465DF8047B704780B582B000AF7860AE
:206DA000094B1B78032B0BD1074B00221A700520FAF734FA002003F0A9F9002003F008FAD6
:206DC00000BF0837BD4680BDAB0E002080B582B000AF78604423002101221846FAF73AFD7D
:206DE0004423012100221846FAF734FD0220FCF771F900BF0837BD4680BD80B483B000AF95
:206E0000786000BF0C37BD465DF8047B704780B483B000AF786000BF0C37BD465DF8047B43
:206E2000704780B582B000AF78604423002101221846FAF70FFD0320FCF74CF944230121C3
:206E400000221846FAF706FD00BF0837BD4680BD80B483B000AF786000BF0C37BD465DF838
:206E6000047B704780B483B000AF786000BF0C37BD465DF8047B704780B582B000AF786070
:206E80004423002101221846FAF7E4FC0420FCF721F94423012100221846FAF7DBFC00BF57
:206EA0000837BD4680BD80B483B000AF786000BF0C37BD465DF8047B704780B582B000AFBF
:206EC0007860FDF7D7FEFDF7C3FE0520FAF7A6F9002003F07DF900BF0837BD4680BD80B4AC
:206EE00083B000AF786000BF0C37BD465DF8047B704780B483B000AF786000BF0C37BD4655
:206F00005DF8047B704780B582B000AF78607B681B79642B0CD80B23062101221846FAF747
:206F200099FC7B681B790133DAB27B681A7102E00820FCF729FC0837BD4680BD80B483B00F
:206F400000AF786000BF0C37BD465DF8047B704780B582B000AF7860FDF78CFEFDF778FE44
:206F600000BF0837BD4680BD80B582B000AF78600520FCF709FC00BF0837BD4680BD80B456
:206F800083B000AF786000BF0C37BD465DF8047B704780B483B000AF786000BF0C37BD46B4
:206FA0005DF8047B704780B582B000AF7860FDF795FE00BF0837BD4680BD80B483B000AF7D
:206FC000786000BF0C37BD465DF8047B704780B582B000AF7860FDF73BFEFDF74BFE0520CC
:206FE000FAF71CF9002003F091F800BF0837BD4680BDB0B582B000AF78600820FCF734FE46
:207000000B23072101221846FAF724FCFFF7FAF803461C46FFF73AF903461D46FFF772F9BF
:2070200003461A4629462046FAF74CFD00BF0837BD46B0BD80B582B000AF78600820FCF721
:2070400065FD00BF0837BD4680BD80B582B000AF7860FDF7FDFDFDF70DFE00BF0837BD46B4
:2070600080BDB0B582B000AF78600820FCF74EFD0920FCF7F9FD0B23072101221846FAF775
:20708000E9FBFFF7BFF803461C46FFF7FFF803461D46FFF737F903461A4629462046FAF786
:2070A00011FD00BF0837BD46B0BD80B582B000AF78600920FCF72AFD00BF0837BD4680BDE5
:2070C00080B582B000AF78607B6800221A71084B00221A70FDF795FE0520FAF79FF8FDF70B
:2070E00017FD044B00221A7000BF0837BD4680BDAB0E0020EA2F002080B582B000AF786043
:2071000002F082FC0346012B2AD10420F9F7A8FA0346002B05D10320F9F7A2FA0346002B6C
:207120000BD0144B1B7883F00103DBB2002B04D0FDF74EFE0F4B01221A700E4B1B78002B21
:2071400008D0FDF777FE0346012B0ED1094B00221A700AE0074B00221A70FDF752FE04E08A
:20716000044B00221A70FDF74CFE00BF0837BD4680BD00BFEA2F002080B582B000AF7860B2
:20718000FDF726FE034B00221A7000BF0837BD4680BD00BFEA2F0020B0B584B000AF034616
:2071A000FB71674B1B78FB730023BB73FB790A2B40D801A252F823F0E5710100EB710100EA
:2071C000F1710100FB710100057201001972010023720100297201000F720100357201007F
:2071E0002F7201000023FB7327E00123FB7324E00223FB730023BB731FE00223FB73012325
:20720000BB731AE00223FB730223BB7315E00323FB730023BB7310E00323FB730123BB73B0
:207220000BE00423FB7308E00523FB7305E00623FB7302E00023FB7300BFFB7B052B02D02A
:20724000FB7B062B01D1FDF73DFDBA7BFB7B11461846FFF763FBFDF74DFD3A4B1B78002B52
:2072600002D03748FFF77CFC374B1B78002B03D1344B1B78002B05D03148FFF7A7FB324B9B
:2072800000221A702E48FFF709FC0520F9F7E8F90346002B03D00020F9F79CFF02E00020E7
:2072A000F9F7BCFF0720F9F7DBF90346002B03D00120F9F78FFF02E00120F9F7AFFF06208B
:2072C000F9F7CEF90346002B03D00220F9F782FF02E00220F9F7A2FFFAF710FA184B1B7897
:2072E000052B26D0164B1B78072B22D0144B1B78002B1ED0124B1B79632B1AD9104B1B78E5
:20730000032B08D002F048FA0346002B03D1FB791846FDF715F94F24042504F0C5F9034680
:207320001A4629462046FAF795FAFDF71FFBFBF71FF8FDF7EBFC00BF1037BD46B0BD00BF71
:20734000E42F0020E92F0020E608002080B582B000AF0023FB710023BB710123FB713A4BAB
:207360005B68002B06D0384B5868F91D002300220DF0D6FD354B1B780133DAB2334B1A7000
:20738000324B1B78052B27D1304B00221A701C20F9F76AFF0346002B11D11D20F9F764FF13
:2073A0000346002B0BD12120F9F75EFF0346002B05D12020F9F758FF0346002B0CD00123AA
:2073C000BB71234B5B68002B06D0214B5868B91D002300220DF0A4FD1E4B1B780133DAB2AE
:2073E0001C4B1A701B4B1B78012B0FD9194B00221A700223FB71144B5B68002B06D0124B6E
:207400005868F91D002300220DF08AFD124B1B780133DAB2104B1A700F4B1B78132B0FD925
:207420000D4B00221A700223BB71094B5B68002B06D0074B5868B91D002300220DF070FD48
:2074400000BF0837BD4680BDEC2F00200A300020A83500200B3000200C30002080B582B03E
:2074600000AF0023FB710023BB7104237B71634B5B68002B06D0614B5868791D00230022B3
:207480000DF04EFD0323BB715D4B5B68002B06D05B4B5868B91D002300220DF041FD594B86
:2074A0001B780133DAB2574B1A70564B1B78012B0FD9544B00221A700423BB71504B5B6809
:2074C000002B06D04E4B5868B91D002300220DF027FD4D4B1B889BB203F07703772B21D18D
:2074E0000423FB71494B5B68002B06D0474B5868F91D002300220DF013FD0523FB71434BC5
:207500005B68002B06D0414B5868F91D002300220DF006FD3C4B1B889BB223F077039AB2B0
:20752000394B1A803A4B1B780133DAB2384B1A70374B1B78042B1CD9354B00221A700523BB
:20754000BB712F4B5B68002B06D02D4B5868B91D002300220DF0E4FC0123FB712B4B5B68C8
:20756000002B06D0294B5868F91D002300220DF0D7FC284B1B780133DAB2264B1A70254B7A
:207580001B780E2B35D9244B1B78DBB20133DAB2214B1A701F4B00221A7005237B71174B40
:2075A0005B68002B06D0154B5868791D002300220DF0B6FC0223FB71144B5B68002B06D0A9
:2075C000124B5868F91D002300220DF0A9FC05F0AFFB0346002B0CD10623BB71084B5B6836
:2075E000002B06D0064B5868B91D002300220DF097FC00BF0837BD4680BD00BFEC2F002096
:20760000A83500200D300020F82F0020C03900200E3000200F300020FA2F002080B483B043
:2076200000AF786000BF0C37BD465DF8047B704780B584B000AF786000237B730023FB73A1
:20764000F9F7D6FF3A4B5B6807F10D014FF0FF3218460DF01DFD0346012BF3D105F068FBA1
:207660000346FB737B7B013B042B5DD801A252F823F000BF897601009B760100297701004B
:20768000157701001F770100FEF74AFE0346BB73BB7B1846FDF71CFA49E0F9F73BFD254BB3
:2076A0001B78DBB2132B05D9224B00221A70002005F02EFB00F080FA1F4B1B781846FFF77C
:2076C0006BFD1F20F9F7D0FD0346002B0DD02F20F9F7CAFD034683F00103DBB2002B04D0A3
:2076E000002002F08BFD00F05FF82F20F9F7BCFD0346002B1AD01F20F9F7B6FD034683F0B5
:207700000103DBB2002B11D0002002F077FD00F0BBF80BE0FB7B184600F026F907E0FB7B78
:20772000184600F0A3F902E000BF8BE700BF89E7EC2F0020FA2F0020FB2F002080B483B0E8
:2077400000AF03460A46FB711346BB71FB79002B0FD1BB79082B0CD8BB79012202FA03F3DD
:207760009AB2104B1B889BB213439AB20D4B1A8012E0FB79012B0FD1BB79042B0CD8BB79F1
:207780000933012202FA03F39AB2064B1B889BB213439AB2034B1A8000BF0C37BD465DF827
:2077A000047B7047F82F002080B500AF0520F8F757FF0346002B07D0324B1B7843F020034D
:2077C000DAB2304B1A7006E02E4B1B7823F02003DAB22C4B1A700620F8F742FF0346002B99
:2077E00007D0284B1B7843F04003DAB2254B1A7006E0244B1B7823F04003DAB2214B1A70F0
:207800000720F8F72DFF0346002B07D01D4B1B7863F07F03DAB21B4B1A7006E0194B1B78B2
:2078200003F07F03DAB2174B1A700420F8F718FF0346002B07D0134B5B7843F00103DAB2F2
:20784000104B5A7006E00F4B5B7823F00103DAB20C4B5A700320F8F703FF0346002B07D0CD
:20786000084B5B7843F00203DAB2064B5A7006E0044B5B7823F00203DAB2024B5A7000BF81
:2078800080BD00BF1830002080B500AF0520F8F7E7FE0346002B07D0324B1B7843F02003F6
:2078A000DAB2304B1A7006E02E4B1B7823F02003DAB22C4B1A700620F8F7D2FE0346002B29
:2078C00007D0284B1B7843F04003DAB2254B1A7006E0244B1B7823F04003DAB2214B1A700F
:2078E0000720F8F7BDFE0346002B07D01D4B1B7863F07F03DAB21B4B1A7006E0194B1B7843
:2079000003F07F03DAB2174B1A700420F8F7A8FE0346002B07D0134B5B7843F00103DAB282
:20792000104B5A7006E00F4B5B7823F00103DAB20C4B5A700320F8F793FE0346002B07D05D
:20794000084B5B7843F00203DAB2064B5A7006E0044B5B7823F00203DAB2024B5A7000BFA0
:2079600080BD00BF2030002080B584B000AF0346FB71FEF7A5FBFB79002B53D11620F9F750
:2079800073FC0346002B10D0FDF716F90346012B0BD11720F9F768FC034683F00103DBB2F8
:2079A000002B02D0FDF7B4F824E0FDF705F90346012B0BD10520F9F757FC0346002B05D032
:2079C000FDF7A6F80520F9F729FC13E0FDF7F4F80346012B0ED12920F9F746FC0346002BC5
:2079E00008D02920F9F71AFCFEF7F6FAFEF746FBFDF78EF8FDF7D4F80346FB73FB7B012BB2
:207A000002D0FB7B022B2AD1174B1B785A1CD1B2154A1170052B22D9134B00221A70FDF7FF
:207A2000D7F81CE0FB79022B19D10F4B1B780133DAB20D4B1A700C4B1B781D2B09D801F05D
:207A400049FE0346012B04D001F0A6FE0346012B05D1054B00221A70002005F059F900BF94
:207A60001037BD4680BD00BF1030002080B584B000AF0346FB71FB79002B7BD11920F9F77F
:207A8000F3FB0346002B10D0464B1B8801339AB2444B1A80434B1B88B3F5B45F05D31920CA
:207AA000F9F7BCFB3F4B00221A801A20F9F7DCFB0346002B15D01920F9F7D6FB0346002B11
:207AC0000FD01A20F9F7AAFBFEF7FAFAFEF7D6FA1B20F9F77FFBFEF7D9FB03461A46324BB6
:207AE0001A701A20F9F7C0FB034683F00103DBB2002B26D01B20F9F7B7FB0346002B20D068
:207B0000FEF7C4FB0346FB73274B1B78FA7B9A4205D3254B1B78FA7BD31ADBB206E0224B87
:207B20001B78FA7BD31ADBB23C33DBB2BB73BB7B0E2B06D91B20F9F771FBFEF7C1FAFEF70F
:207B40009DFAF8F7B1FBF0EE407A184BC3ED007A164BD3ED007A9FED167AF4EEC77AF1EE15
:207B600010FA03DD2420F9F735FB16E02420F9F755FB12E0FB79022B0FD10E4B1B780133AA
:207B8000DAB20C4B1A700B4B1B78012B05D9094B00221A70002005F0BBF800BF1037BD46B4
:207BA00080BD00BF04300020FC2F002000300020000061C41130002080B500AF05F0B8F8CB
:207BC0000346002B40F0CB801E20F9F74DFB0346002B0AD0794B06221A70794B4FF41672ED
:207BE0001A80784B00221A70E5E02520F9F73CFB0346002B00F09C802720F9F735FB03461B
:207C000083F00103DBB2002B00F092806E4B1B7883F00103DBB2002B78D06C4B1B780133F2
:207C2000DAB26A4B1A706A4B1B78062B72D801A252F823F0517C01006D7C0100897C0100F8
:207C4000A57C0100C17C0100DD7C0100F97C01005A4B00221A705D4B1B78312B5CD95B4B31
:207C600000221A705A4B01221A7055E0534B06221A70564B1B78182B50D9544B00221A7096
:207C8000534B02221A7049E04C4B00221A704F4B1B78182B44D94D4B00221A704C4B03229F
:207CA0001A703DE0454B06221A70484B1B78182B38D9464B00221A70454B04221A7031E0D3
:207CC0003E4B00221A70414B1B78182B2CD93F4B00221A703E4B05221A7025E0374B0622E9
:207CE0001A703A4B1B78182B20D9384B00221A70374B06221A7019E0304B00221A70324BA6
:207D000001221A702720F9F765FA10E02B4B00221A7050E000BF4EE000BF4CE000BF4AE01D
:207D200000BF48E000BF46E000BF44E000BF42E001F0C2FC03461A46204B1A70204B4FF4B8
:207D400016721A801F4B00221A70204B00221A701F4B00221A701C4B00221A702BE004F0AC
:207D6000E7FF0346012B1DD1154B1B8801339AB2134B1A80124B1B88042B1CD9104B00229E
:207D80001A80104B1B78142B02D90E4B00221A700A4B07221A700B4B1B780133DAB2094B37
:207DA0001A7008E004F0C4FF0346022B03D1034B0A221A70FFE700BF80BD00BFFB2F002061
:207DC000E80800200630002009300020073000200830002080B483B000AF0346FB71044A1C
:207DE000FB79137000BF0C37BD465DF8047B7047FA2F002080B400AF044B1B6807EE903A3F
:207E0000B0EE670ABD465DF8047B704700300020B0B588B002AF78607B681B6840F26B222A
:207E2000934240F0CA827B681B7B9F2B58D09F2B00F3C3827F2B00F0A6827F2B00F3BD82E6
:207E40002F2B49DC102BC0F2B882103B1F2B00F2B48201A252F823F045830100BB830100B7
:207E6000BB830100BB830100BB830100BB830100BB830100BB830100F1820100BB830100D5
:207E8000BB830100BB830100BB830100BB830100BB830100BB830100BB830100BB830100EA
:207EA000EB7F010087810100BB830100BB830100BB830100BB830100BB830100BB830100D4
:207EC000BB830100BB830100BB830100BB830100BB830100077F0100442B00F070816CE242
:207EE0007B68587B7B68997B7B68DC7B7B681D7C7B685B7C7A68927C019200932B46224676
:207F0000FEF712F959E27B685B7B022B56D0022B63DC002B30D0012B5FD100214FF4027051
:207F2000F8F786FB4FF47A700DF03CFE012140F20620F8F77DFB4FF47A700DF033FE002110
:207F400040F20620F8F774FB4FF47A700DF02AFE012140F20710F8F76BFB40F6B8300DF03E
:207F600021FE002140F20710F8F762FB012201212F2001F09DFF37E001214FF40270F8F72E
:207F800057FB012140F20620F8F752FB4FF47A700DF008FE002140F20620F8F749FB4FF4BA
:207FA0007A700DF0FFFD012140F20710F8F740FB012200212F2001F07BFF15E01F20F9F727
:207FC00053F90346002B05D12F20F9F74DF90346002B08D002F070F805E0002212212F2057
:207FE00001F066FF00E000BFE7E17B685B7B013B0F2B00F2C08001A252F823F03D800100A5
:208000007781010053810100598101006181010069810100778101007781010077810100FE
:20802000778101007781010077810100778101007781010077810100718101007B689B7B7E
:20804000BB757B680F333B61BB7D102B20D13B691B781AB23B6901331B781BB21B021BB2A6
:2080600013431BB29AB2B34B1A823B6902331A78B04B9A743B6903331A78AE4BDA743B692C
:2080800004331A78AB4B1A75AB4B01221A7034E0BB7D202B1DD13B691A78A64B5A753B69D0
:2080A00001331B781A463B6902331B781B021A433B6903331B781B041A433B6904331B785C
:2080C0001B0613439B4AC2F816309B4B01225A7013E0BB7D302B10D13B691B781AB23B6963
:2080E00001331B781BB21B021BB213431BB29AB2904B5A83904B01229A708F4B1B78002B3B
:208100003FD08D4B5B78002B3BD08B4B9B78002B37D0894B00229A70874B9A78864B5A70D5
:20812000854B5A78844B1A70FDF7CAFFFDF7A6FF0346FB73FB7B002B05D101220121222039
:2081400001F0B6FE1DE000221021222001F0B0FE17E001F085FF15E01C20F9F73BF811E098
:208160002020F9F737F80DE02120F9F733F809E001F0D2FD06E000221221222001F098FEAA
:2081800000E000BF19E17B685B7B022B10D1FDF75FFF0346FB75FB7D002B03D11D20F9F7D0
:2081A00019F80BE000221021232001F081FE05E000221221232001F07BFE00BFFDE07B6857
:2081C0005B7B032B00F28D8001A252F823F000BF31820100E181010065820100AF820100AC
:2081E0001F20F9F741F8034683F00103DBB2002B18D02F20F9F738F8034683F00103DBB2FB
:20820000002B0FD0082200214C480FF0D1FC00F017F9786804F00EF81F20F8F7DBFF02F0D5
:2082200031F864E000221021442001F041FE5EE01F20F8F7F3FF02F00BF80346012B08D149
:2082400002F014F803461D2B03D9002001F0D6FF02E0012001F0D2FF0822002137480FF03F
:20826000A7FC44E02F20F8F7FFFF034683F00103DBB2002B15D01F20F8F7F6FF034683F0BF
:208280000103DBB2002B0CD0082200212C480FF08FFC00F0D5F82F20F8F79CFF01F0F2FF85
:2082A00025E000221021442001F002FE1FE02F20F8F7B4FF01F0CCFF0346012B08D101F026
:2082C000D5FF03461D2B03D9002001F097FF02E0012001F093FF0822002119480FF068FC21
:2082E00005E000221221442001F0E2FD00BF64E07B685B7B002B15D11F20F8F7B5FF034618
:20830000002B05D12F20F8F7AFFF0346002B03D01E20F8F75FFF0BE000222221182001F025
:20832000C7FD05E000221221182001F0C1FD00BF43E000BF102F002014300020183000208C
:20834000203000207B685B7B002B15D11F20F8F78BFF0346002B05D12F20F8F785FF0346D6
:20836000002B03D01E20F8F759FF0BE000222221102001F09DFD05E000221221102001F014
:2083800097FD00BF19E07B685B7B012B14D11F20F8F76AFF0346002B05D12F20F8F764FF45
:2083A0000346002B02D000F063F804E0002222217F2001F07DFD00BF00BF00BF1837BD464A
:2083C000B0BD00BF80B582B000AF0023FB71FDF75DFB03461A46FB791344FB71FDF7A6FB0B
:2083E00003461A46FB791344FB71FB79002B0FD1114B1B7843F00103DAB20F4B1A700F4B2E
:208400001B7843F00103DAB20C4B1A7001230EE0094B1B7823F00103DAB2074B1A70074B5B
:208420001B7823F00103DAB2044B1A70002318460837BD4680BD00BF183000202030002096
:2084400080B500AFFFF7BEFF074B1B7843F00803DAB2054B1A70054B1B7843F00803DAB24F
:20846000024B1A7000BF80BD183000202030002080B500AF012201217F2001F019FD6420FE
:208480000DF090FBFCF7BDFC012140F20740F8F7CFF8012140F20620F8F7CAF8012140F2D8
:2084A0000720F8F7C5F8012140F20D10F8F7C0F801214FF48060F8F7BBF80449044807F05A
:2084C000C3FB034807F0DEFB00BF80BD409302003046002080B584B000AF78600023FB60EE
:2084E0007B68002B30D01A4B5B68002B2CD07B681B6840F2FA7293420BD07B681B6840F2D3
:20850000FB72934205D07B681B6840F2C172934202D1002004F018FC0D4B586807F10C028B
:20852000002379680CF0FCFC0020F7F78BFFFB68002B09D0074B4FF080525A60BFF34F8F97
:2085400000BFBFF36F8F00BF00BF1037BD4680BD2C30002000ED00E080B588B000AF78606A
:2085600007F10C0300221A605A609A60DA601A614FF4AD6200216A480FF01AFB694B5B683F
:2085800007F10C014FF0FF3218460CF081FD0346012BF3D101F0D8FAFB6840F2FD729342B9
:2085A00000F25F8740F2F37293424AD240F2C272934200F0398740F2C272934200F251876B
:2085C00040F2C172934200F08F8440F2C172934200F2478740F24172934200F0B28440F252
:2085E0004172934200F23D8740F22372934200F23887B3F5E06F43D240F26662934200F025
:20860000738440F26662934200F22B8740F20442934200F0098740F20442934200F221873C
:2086200040F28B32934200F0FF86B3F5637F80F01887752B00F2CC83202B80F0158300F044
:2086400010BFA3F2F3730A2B00F20B8701A252F823F000BF2994010063940100639401002A
:2086600029940100639401006394010063940100E98E0100E98E010063940100599401007E
:20868000A3F5E063232B00F2EC8601A252F823F0FB8E0100138F01008B8F0100639401000D
:2086A00063940100738F0100639401006394010063940100639401006394010063940100EF
:2086C0006394010063940100639401006394010063940100639401006394010063940100DA
:2086E0006394010063940100639401006394010063940100639401006394010063940100BA
:20870000639401006394010063940100639401006394010063940100639401002B8F0100D6
:20872000383000202C300020A3F24113B3F5A57F00F2978601A252F823F000BF6B900100B6
:20874000179401006394010057920100679201007B900100779201008B9001006394010067
:20876000FB9001006394010087920100F79301006394010063940100C98E01006394010090
:20878000639401006394010063940100639401006394010063940100639401006394010019
:2087A0006394010063940100639401006394010063940100639401006394010063940100F9
:2087C0006394010063940100639401006394010063940100639401006394010063940100D9
:2087E0006394010063940100639401006394010063940100639401006394010063940100B9
:20880000639401006394010063940100639401006394010063940100639401006394010098
:20882000639401006394010063940100639401006394010063940100639401006394010078
:20884000639401006394010063940100639401006394010063940100639401006394010058
:20886000639401006394010063940100639401006394010063940100639401006394010038
:20888000639401006394010063940100639401006394010063940100639401006394010018
:2088A0006394010063940100639401006394010063940100639401006394010063940100F8
:2088C0006394010063940100639401006394010063940100639401006394010063940100D8
:2088E0006394010063940100639401006394010063940100639401006394010063940100B8
:20890000639401006394010063940100639401006394010063940100639401006394010097
:20892000639401006394010063940100639401006394010063940100639401006394010077
:20894000639401006394010063940100639401006394010063940100639401006394010057
:20896000639401006394010063940100639401006394010063940100639401006394010037
:20898000639401006394010063940100639401006394010063940100639401006394010017
:2089A0006394010063940100639401006394010063940100639401006394010063940100F7
:2089C0006394010063940100639401006394010063940100639401006394010063940100D7
:2089E0006394010063940100639401006394010063940100639401006394010063940100B7
:208A0000639401006394010063940100639401006394010063940100639401006394010096
:208A2000639401006394010063940100639401006394010063940100639401006394010076
:208A4000639401006394010063940100639401006394010063940100639401006394010056
:208A6000639401006394010063940100639401006394010063940100639401006394010036
:208A8000639401006394010063940100639401006394010063940100639401006394010016
:208AA0006394010063940100639401006394010063940100639401006394010063940100F6
:208AC0006394010063940100639401006394010063940100639401006394010063940100D6
:208AE0006394010063940100639401006394010063940100639401006394010063940100B6
:208B0000AB90010097920100A792010063940100B792010007930100EB90010017930100B1
:208B2000279301003793010047930100579301006394010063940100639401005B8F010016
:208B4000BB900100CB90010067930100DB90010077930100879301006394010063940100F0
:208B60006394010063940100C7920100D7920100E38D0100918E010063940100E591010041
:208B8000639401006394010063940100639401006394010063940100639401006394010015
:208BA0006394010063940100639401006394010063940100639401006394010097930100C2
:208BC000A7930100B7930100C7930100D7930100E79301006394010063940100F792010054
:208BE000C59101004D94010063940100B5910100F5910100059201006394010063940100EE
:208C0000639401006394010063940100639401006394010063940100639401006394010094
:208C2000639401006394010063940100639401006394010063940100639401006394010074
:208C4000639401006394010063940100639401006394010063940100639401006394010054
:208C60006394010029940100203B552B00F2F98301A252F823F000BFA38F0100639401000B
:208C8000639401006394010063940100639401006394010063940100639401006394010014
:208CA00063940100639401006394010063940100639401006394010063940100D38F010089
:208CC000BB8F0100EB8F01000390010063940100E7920100639401006394010063940100E0
:208CE000639401006394010063940100639401006394010063940100639401001B90010000
:208D0000159201002B9001003B9001005B9001003792010063940100D59101006394010016
:208D2000639401006394010063940100639401006394010063940100639401006394010073
:208D4000639401006394010063940100639401006394010063940100639401006394010053
:208D6000639401006394010063940100639401006394010063940100639401006394010033
:208D8000639401006394010063940100639401006394010063940100639401006394010013
:208DA0006394010063940100639401006394010063940100639401006394010063940100F3
:208DC00063940100639401006394010047920100B3F5237F80F04583B3F5A07F3FF6A4AC03
:208DE0003FE3D14B01221A702520F8F717FA0420F8F714FA2720F8F711FA07F10C030C339B
:208E000008221946C948F7F777FD07F10C0314221946C748F7F770FDC44B5B68C3F31703AE
:208E20001846FDF7E7F8C14B1B88C3F30D039BB219460120FDF7EEF8BC4B5B88C3F30D0335
:208E40009BB219460220FDF7E5F8022001F0A0F90346012B09D1B54B5B88C3F30D039BB282
:208E6000002B02D1002001F07DF9012001F090F90346012B40F0F782AC4B1B88C3F30D0354
:208E80009BB2002B40F0EF82002001F055F9EAE2A54B01221A702520F8F7C0F90420F8F7F1
:208EA000BDF92720F8F7BAF907F10C030C3308221946A048F7F720FD07F10C0314221946B5
:208EC0009D48F7F719FDCFE207F10C030C33082219469A48F7F710FD07F10C0314221946B0
:208EE0009748F7F709FDBFE20020FEF773FF07F10C03184603F0C4FAB6E200210020FEF793
:208F00001DFC07F10C03142219468E48F7F7F4FCAAE201210020FEF711FC07F10C031422DB
:208F200019468948F7F7E8FC9EE203210020FEF705FC07F10C03142219468448F7F7DCFC47
:208F400092E205210020FEF7F9FB07F10C03142219467F48F7F7D0FC86E206210020FEF7AD
:208F6000EDFB07F10C03142219467A48F7F7C4FC7AE207210020FEF7E1FB07F10C0314224B
:208F800019467548F7F7B8FC6EE208210020FEF7D5FB07F10C03142219467048F7F7ACFCCB
:208FA00062E207F10C03142219466D48F7F7A4FC00210120FEF7C2FB56E207F10C03142225
:208FC00019466848F7F798FC01210120FEF7B6FB4AE207F10C03142219466348F7F78CFC2E
:208FE00002210120FEF7AAFB3EE207F10C03142219465E48F7F780FC03210120FEF79EFBF4
:2090000032E207F10C03142219465948F7F774FC04210120FEF792FB26E207F10C03142294
:2090200019465448F7F768FC1EE207F10C03142219465148F7F760FC16E207F10C0314222F
:2090400019464E48F7F758FC07F10C030C33082219464B48F7F750FC06E207F10C03142218
:2090600019464848F7F748FCFEE107F10C03142219464548F7F740FCF6E107F10C03142289
:2090800019464248F7F738FCEEE107F10C03142219463F48F7F730FC07F10C030C33082249
:2090A00019463C48F7F728FCDEE107F10C03142219463948F7F720FCD6E107F10C031422E1
:2090C00019463648F7F718FCCEE107F10C03142219463348F7F710FCC6E107F10C0314220D
:2090E00019463048F7F708FCBEE107F10C03142219462D48F7F700FCB6E107F10C03142239
:2091000019462A48F7F7F8FB0822002128480EF04FFDBB7C1A4607F10C030C3319462448F0
:20912000F7F7EAFBA0E100BF2930002038300020E833002040300020103400204830002054
:20914000FC330020883400209C340020C4340020EC34002000350020143500202835002061
:209160003C3500205035002064350020783500208C350020783000208C300020A0300020BE
:2091800068300020B4300020383400204C3400202434002060300020C830002060340020F3
:2091A000DC300020F030002004310020183100207030002007F10C0314221946AC48F7F747
:2091C0009BFB51E107F10C0314221946A948F7F793FB49E107F10C0314221946A648F7F71C
:2091E0008BFB41E107F10C0314221946A348F7F783FB39E107F10C0314221946A048F7F748
:209200007BFB31E107F10C03142219469D48F7F773FB29E107F10C03142219469A48F7F773
:209220006BFBBB7C1A4607F10C030C3319469748F7F762FB18E107F10C03142219469448F1
:20924000F7F75AFB10E107F10C03142219469148F7F752FB08E107F10C03142219468E48CF
:20926000F7F74AFB00E107F10C03142219468B48F7F742FBF8E007F10C03142219468848FC
:20928000F7F73AFBF0E007F10C03142219468548F7F732FBE8E007F10C0314221946824829
:2092A000F7F72AFBE0E007F10C03142219467F48F7F722FBD8E007F10C03142219467C4855
:2092C000F7F71AFBD0E007F10C03142219467948F7F712FBC8E007F10C0314221946764881
:2092E000F7F70AFBC0E007F10C03142219467348F7F702FBB8E007F10C03142219467048AD
:20930000F7F7FAFAB0E007F10C03142219466D48F7F7F2FAA8E007F10C03142219466A48DA
:20932000F7F7EAFAA0E007F10C03142219466748F7F7E2FA98E007F10C0314221946644806
:20934000F7F7DAFA90E007F10C03142219466148F7F7D2FA88E007F10C03142219465E4832
:20936000F7F7CAFA80E007F10C03142219465B48F7F7C2FA78E007F10C031422194658485E
:20938000F7F7BAFA70E007F10C03142219465548F7F7B2FA68E007F10C031422194652488A
:2093A000F7F7AAFA60E007F10C03142219464F48F7F7A2FA58E007F10C03142219464C48B6
:2093C000F7F79AFA50E007F10C03142219464948F7F792FA48E007F10C03142219464648E2
:2093E000F7F78AFA40E007F10C03142219464348F7F782FA38E007F10C030C330822194663
:209400003F48F7F779FA07F10C03142219463D48F7F772FA28E007F10C030C330822194612
:209420003948F7F769FA1FE003F09EFC0346012B08D132200CF0B6FB07F10C03184602F02A
:2094400093FA11E00020FEF7C5FC0DE007F10C031846FEF7DDFC07E03B7E1846FCF7B1F8FE
:2094600002E000BF00E000BF00F07CFBFFF786B8743400202C310020403100205431002096
:20948000683100207C31002090310020A0350020A4310020B8310020CC310020E031002024
:2094A000F4310020083200203032002044320020583200206C3200208032002094320020D5
:2094C000A8320020BC320020D0320020E4320020F83200200C330020203300203433002089
:2094E000483300205C330020703300208433002098330020AC330020C0330020D433002064
:20950000503000201C3200205830002080B500AF2A4B1B78DBB2002B06D0284B00221A70FC
:20952000274B00221A7046E0254B1B780133DAB2234B1A70224B1B78012B3CD90420F7F7D9
:2095400093FE034683F00103DBB2002B10D01D4B5B7B03F03C03DBB2002B09D02520F7F7EE
:2095600039FE0420F7F736FE2720F7F757FE15E00420F7F779FE034683F00103DBB2002BEE
:209580000CD0104B5B7B03F03C03DBB2002B05D10420F7F71FFE2720F7F71CFE00F0D4FAC2
:2095A0004FF4AD62002107480EF002FB00F0DAFA034B00221A7000BF80BD00BF29300020FC
:2095C0002A3000203830002080B400AF054B93F82930C3F34303DBB21846BD465DF8047BB4
:2095E000704700BF3830002080B483B000AF0346FB71FB79002B05D1084B1B88C3F30D0371
:209600009BB204E0054B5B88C3F30D039BB218460C37BD465DF8047B704700BF383000205D
:2096200080B400AF044B5B68C3F317031846BD465DF8047B704700BF3830002080B400AF4F
:20964000034BDB791846BD465DF8047B704700BF3830002080B400AF034B1B891846BD46FF
:209660005DF8047B704700BF3830002080B400AF034B5B891846BD465DF8047B704700BF58
:209680003830002080B400AF034B1B7B1846BD465DF8047B704700BF3830002080B400AF65
:2096A000044B5B7BC3F30103DBB21846BD465DF8047B70473830002080B400AF044B5B7BC2
:2096C000C3F38303DBB21846BD465DF8047B70473830002080B400AF044B1B7CC3F30003CB
:2096E000DBB21846BD465DF8047B70473830002080B400AF044B1B7CC3F34003DBB21846BC
:20970000BD465DF8047B70473830002080B400AF044B1B7CC3F38003DBB21846BD465DF8EE
:20972000047B70473830002080B400AF044B1B7CC3F3C003DBB21846BD465DF8047B7047B0
:209740003830002080B400AF044B1B7CC3F30013DBB21846BD465DF8047B704738300020EE
:2097600080B400AF044B1B7CC3F34013DBB21846BD465DF8047B70473830002080B400AF33
:20978000044B5B7CC3F30003DBB21846BD465DF8047B70473830002080B400AF044B5B7CE0
:2097A000C3F38003DBB21846BD465DF8047B70473830002080B400AF044B5B7CC3F3C003ED
:2097C000DBB21846BD465DF8047B70473830002080B400AF044B5B7CC3F38013DBB218464B
:2097E000BD465DF8047B70473830002080B400AF044B5B7CC3F3C013DBB21846BD465DF87E
:20980000047B70473830002080B400AF044B9B7CC3F30003DBB21846BD465DF8047B70470F
:209820003830002080B400AF044B9B7CC3F34203DBB21846BD465DF8047B7047383000205B
:2098400080B400AF054B93F82C30C3F30013DBB21846BD465DF8047B704700BF3830002065
:2098600080B582B000AF78600B46FB7000F06CF9FA7813469B0013449B004033064A134477
:20988000142219467868F7F737F800F06BF900BF0837BD4680BD00BF3830002080B582B0F6
:2098A00000AF78600B46FB7000F04EF9FA7813469B0013449B0003F5AC73064A13441422E2
:2098C00019467868F7F718F800F04CF900BF0837BD4680BD3830002080B582B000AF786062
:2098E0000B46FB7000F030F9FA7813469B0013449B0003F58A63064A13441422194678683A
:20990000F6F7FAFF00F02EF900BF0837BD4680BD3830002080B582B000AF78600B46FB70DA
:2099200000F012F9FA7813469B0013449B0003F5A063074A13440433142219467868F6F798
:20994000DBFF00F00FF900BF0837BD4680BD00BF3830002080B582B000AF78607B68002BB4
:209960000CD002210020FDF7E9FE00F0EDF8142279680448F6F7C0FF00F0F4F800BF08372F
:20998000BD4680BDB034002080B582B000AF78607B68002B0CD004210020FDF7CFFE00F0B5
:2099A000D3F8142279680448F6F7A6FF00F0DAF800BF0837BD4680BDD834002080B400AFD8
:2099C000034B5B8B1846BD465DF8047B704700BF3830002080B400AF034BB3F9183018469D
:2099E000BD465DF8047B70473830002080B400AF044B5B8C43F30E031BB21846BD465DF86E
:209A0000047B70473830002080B483B000AF0D4B7B600123FB700223BB70FB787A681344B4
:209A20001B7B7B707A78BB7842FA03F3DBB203F001033B703B7818460C37BD465DF8047BF4
:209A4000704700BF3834002080B400AF034B9B781846BD465DF8047B704700BFA035002020
:209A600080B485B000AF0346FB710023FB81FB79042B35D801A252F823F000BF919A0100DF
:209A80009F9A0100AD9A0100BB9A0100D39A0100174B1B8EC3F309039BB2FB8121E0144B8A
:209AA0001B6BC3F389239BB2FB811AE0104B5B8EC3F309139BB2FB8113E00D4B93F83320F3
:209AC0009209D2B293F834309B0013439BB2FB8107E0074B5B6BC3F309239BB2FB8100E034
:209AE00000BFFB8918461437BD465DF8047B70473830002080B500AF00F026F80822002127
:209B000003480EF055F800F02DF800BF80BD00BF6830002080B400AF034B93F83D301846A0
:209B2000BD465DF8047B70473830002080B400AF044B1B7CC3F38013DBB21846BD465DF8BA
:209B4000047B70473830002080B500AF044B9B684FF0FF3118460BF09BF800BF80BD00BFFB
:209B60002C30002080B500AF034B9B6818460BF059F800BF80BD00BF2C30002080B586B0E8
:209B800000AF00233B7240F207737B600823BB7200237B723B1D0C33082207491846F6F7FB
:209BA000ABFE3B1D19461920F6F71CFC034618461837BD4680BD00BFEC08002080B586B093
:209BC00000AF00233B7240F229737B6000237B720323BB723B1D0C330822002118460DF0BD
:209BE000E7FF0123BB743B1D0C33022206491846F6F782FE3B1D19461920F6F7F3FB034643
:209C000018461837BD4680BDF408002080B586B000AF00233B724FF4A6737B6000237B720A
:209C20000823BB723B1D0C33082207491846F6F763FE3B1D19461A20F6F7D4FB03461846BB
:209C40001837BD4680BD00BFB635002080B584B000AF786007F1080300221A605A6001F071
:209C600023FD034603F00103DAB23B7A62F300033B7201F031FD034603F00103DAB23B7A9E
:209C800062F382033B7201F03FFD034603F00103DAB23B7A62F341033B7201F029FD0346E9
:209CA00003F00703DAB23B7A62F347133B7201F037FD03467B7201F099FD0346C7F80A30E6
:209CC00001F0A0FD034603F00103DAB2BB7B62F30003BB732820F7F7C7FA03461A46BB7B98
:209CE00062F34103BB737B6800221A717B6840F26D221A607B6800225A717B6808229A7107
:209D00007B680C3307F1080108221846F6F7F4FD00BF1037BD4680BD80B586B000AF3B1D02
:209D200000221A605A609A60DA601A613B1D1846FFF78CFF3B1D19461820F6F753FB034674
:209D400018461837BD4680BD90B587B000AF3B1D00221A605A609A60DA601A61FCF7C6FADB
:209D60000346643BDBB203F03F03D9B2334A937C61F305039374FCF7ADFA034603F00F03D7
:209D8000D9B22E4A538A61F389135382FCF796FA034603F01F03D9B2284AD37C61F3860314
:209DA000D374FCF767FA034603F01F03DAB2234B02F00101CC01D97C01F07F010846214674
:209DC0000143D9745208D2B202F00F0202F00F001A7D22F00F02114602460A431A75FCF7E8
:209DE00055FA034603F03F03D9B2144A938A61F309139382FCF756FA034603F03F03D9B2BF
:209E00000E4A537D61F38703537500233B7275237B6000237B720823BB723B1D0C3304220C
:209E200007491846F6F768FD3B1D19461820F6F7D9FA034618461C37BD4690BDB435002020
:209E4000C635002080B586B000AF154B1B68154A934220D100233B7240F22E437B60002354
:209E60007B720823BB723B1D0C3304220E491846F6F742FD3B1D103304220C491846F6F79E
:209E80003BFD3B1D19461920F6F7ACFA3822002103480DF08DFE00BF1837BD4680BD00BFAC
:209EA000D00A0020EFBEADDED40A0020D80A002080B588B000AF0346FB710B46BB711346C9
:209EC0007B7100233B744FF41B73FB6000237B740823BB7407F10C030C330822002118463D
:209EE0000DF066FE7B79002B06D17F233B76FB797B76BB79BB7608E07B79012B05D1FB799C
:209F00004033DBB23B76BB797B7607F10C0319461920F6F767FA00BF2037BD4680BDFFFF2A
:209F200080B586B000AF00233B7240F205437B6000237B720823BB7201F0DAFB0346012B3F
:209F40000ED1164B1B7843F00403DAB2134B1A70134B1B7843F00403DAB2114B1A700DE0F6
:209F60000E4B1B7823F00403DAB20C4B1A700C4B1B7823F00403DAB2094B1A70074A07F1B7
:209F800010031068516803C33B1D19461B20F6F729FA00BF1837BD4680BD00BF1830002040
:209FA0002030002080B588B000AF00233B7240F205437B6000237B720823BB7201F098FB04
:209FC0000346012B0ED1234B1B7843F00403DAB2204B1A70204B1B7843F00403DAB21E4B44
:209FE0001A700DE01B4B1B7823F00403DAB2194B1A70194B1B7823F00403DAB2164B1A70D5
:20A00000FDF7F8FE87ED070AD7ED077A9FED137A67EE877AFDEEE77A17EE903A7B837B8BFE
:20A02000DAB20D4B9A70B7F91A301B121BB2DAB2094BDA70084A07F110031068516803C3C0
:20A040003B1D19461B20F6F7CDF900BF2037BD4680BD00BF18300020203000200000C84264
:20A0600080B586B000AF01F0B7FB786100233B714FF41B733B6000237B710823BB713B4628
:20A080000C330822002118460DF092FD62233B7303237B733B460E330622796918460DF0DE
:20A0A00097FD3B4619461820F6F79CF9034618461837BD4680BDFFFF80B586B000AF002301
:20A0C0003B724FF41B737B6000237B720823BB723B1D0C330822002118460DF069FD6F238A
:20A0E0003B7402237B74084A07F112031168196092889A803B1D19461820F6F773F900BF11
:20A100001837BD4680BD00BFF808002080B483B000AF0346FB71FB7903F00103D9B2054AC1
:20A12000937861F30003937000BF0C37BD465DF8047B7047B435002080B483B000AF0346C2
:20A14000FB71FB7903F00103D9B2054A937961F38203937100BF0C37BD465DF8047B7047D5
:20A16000B435002080B483B000AF0346FB71FB7903F00103D9B2054A937961F3C30393719C
:20A1800000BF0C37BD465DF8047B7047B435002080B483B000AF0346FB71FB79012B05D1E5
:20A1A0000A4B9B79C3F38003DBB209E0FB79022B05D1064B9B79C3F3C003DBB200E003239F
:20A1C00018460C37BD465DF8047B7047B435002080B483B000AF0346FB71FB7903F0010311
:20A1E000D9B2054A137861F30003137000BF0C37BD465DF8047B7047B435002080B483B020
:20A2000000AF0346FB71FB7983F00103D9B2054A137861F34103137000BF0C37BD465DF815
:20A22000047B7047B435002080B400AF074B1B78C3F34003DBB2002B14BF01230023DBB2BF
:20A240001846BD465DF8047B704700BFB435002080B400AF044B1B78C3F30003DBB21846E1
:20A26000BD465DF8047B7047B435002080B400AF034B1B781846BD465DF8047B704700BFD8
:20A28000CA35002080B400AF074B1B7803F00103DBB2002B02D0054B00221A7000BFBD4698
:20A2A0005DF8047B704700BFB4350020CA35002090B59DB000AF7860002387F85F30F6F7F5
:20A2C0003FFF03461A46CE4B1A70FFF7BBFDCD4B5B6807F15F014FF0FF3218460AF0D8FE75
:20A2E0000346012BF3D197F85F30013B052B00F2688401A252F823F011A30100C9A8010096
:20A3000033AA01005FAA0100C3AB0100B3AB01001C20F6F7A9FF0346002B00F0FD8007F1DD
:20A32000480300221A605A609A60DA601A614FF000024FF00003C7E918234FF41B73BB646F
:20A34000622387F85430042387F85530082387F84E30AD4B1B78022B00F0BB80022B00F31F
:20A360003384002B03D0012B5AD000F02DBC01F0FBF951EC100BA0A3D3E900230DF044F960
:20A3800002460B46104619460DF0A0FB02460B46C7E91823102387F8563097F8603087F87D
:20A3A0005730D7E918014FF000024FF00003020A42EA01620B0AD3B287F85830D7E91801A5
:20A3C0004FF000024FF00003020C42EA01420B0CD3B287F85930D7E918014FF000024FF080
:20A3E0000003020E42EA01220B0ED3B287F85A30D7E918014FF000024FF000030A000023CB
:20A40000D3B287F85B3007F1480319461820F5F7E9FF7D4B1B780133DAB27B4B1A7049E269
:20A4200001F0B4F951EC100B73A3D3E900230DF0EBF802460B46104619460DF047FB02467C
:20A440000B46C7E91823202387F8563097F8603087F85730D7E918014FF000024FF00003F7
:20A46000020A42EA01620B0AD3B287F85830D7E918014FF000024FF00003020C42EA0142C7
:20A480000B0CD3B287F85930D7E918014FF000024FF00003020E42EA01220B0ED3B287F840
:20A4A0005A30D7E918014FF000024FF000030A000023D3B287F85B3007F148031946182020
:20A4C000F5F790FF504B1B780133DAB24E4B1A70F0E1302387F85630FF2387F8573001F0AE
:20A4E0002BF9034687F8583001F032F9034687F85930002387F85A30002387F85B3007F12A
:20A50000480319461820F5F76DFF3F4B00221A701C20F6F783FECDE11D20F6F7A5FE03465D
:20A52000002B00F0AA8007F1340300221A605A609A60DA601A61002387F838304FF41B73C7
:20A540007B63002387F83930082387F83A30632387F84030022387F841302C4B1B78022B3D
:20A5600058D0022B71DC002B02D0012B1ED06CE0102387F84230264B1B8A9BB2DBB287F843
:20A580004330234B1B8A9BB21B0A9BB2DBB287F844301F4B9B7C87F845301D4BDB7C87F843
:20A5A00046301B4B1B7D87F847304EE0202387F84230174B5B7D87F84330154BD3F8163032
:20A5C000DBB287F84430124BD3F816301B0ADBB287F845300E4BD3F816301B0CDBB287F84A
:20A5E00046300B4BD3F816301B0EDBB287F847302BE000BFAFF3008000000000006AF84044
:20A60000B0350020A8350020F4350020F5350020102F0020302387F84230A74B5B8B9BB2DD
:20A62000DBB287F84330A44B5B8B9BB21B0A9BB2DBB287F84430002387F84530002387F8CE
:20A640004630002387F8473000BF07F1340319461820F5F7C7FE994B1B780133DAB2974B1C
:20A660001A70964B1B78022B40F2AE82934B00221A701D20F6F7D2FDA6E22020F6F7F4FD24
:20A680000346002B00F0888007F1200300221A605A609A60DA601A6101F08AF8B86600237A
:20A6A00087F824304FF41B733B62002387F82530082387F82630622387F82C30052387F85B
:20A6C0002D307F4B1B78022B36D0022B4CDC002B02D0012B18D047E0102387F82E30BB6EC7
:20A6E0001B7887F82F30BB6E5B7887F83030BB6E9B7887F83130BB6EDB7887F83230BB6E6C
:20A700001B7987F833302FE0202387F82E30BB6E5B7987F82F30BB6E9B7987F83030BB6E74
:20A72000DB7987F83130BB6E1B7A87F83230BB6E5B7A87F8333017E0302387F82E30BB6E16
:20A740009B7A87F82F30BB6EDB7A87F83030BB6E1B7B87F83130BB6E5B7B87F83230BB6E01
:20A760009B7B87F8333000BF07F1200319461820F5F738FE524B1B780133DAB2504B1A7039
:20A780004F4B1B78022B40F21F824D4B00221A702020F6F743FD17E22120F6F765FD034609
:20A7A000002B00F0118207F10C0300221A605A609A60DA601A6101F005F8F86600233B74C1
:20A7C0004FF41B73FB6000237B740823BB7462233B7606237B763B4B1B78032B52D801A27D
:20A7E00052F823F0F5A7010019A801003DA8010061A801001023BB76FB6E1B78FB76FB6E73
:20A800005B783B77FB6E9B787B77FB6EDB78BB77FB6E1B79FB7735E02023BB76FB6E5B7922
:20A82000FB76FB6E9B793B77FB6EDB797B77FB6E1B7ABB77FB6E5B7AFB7723E03023BB7662
:20A84000FB6E9B7AFB76FB6EDB7A3B77FB6E1B7B7B77FB6E5B7BBB77FB6E9B7BFB7711E055
:20A860004023BB76FB6EDB7BFB76FB6E1B7C3B77FB6E5B7C7B77FB6E9B7CBB77FB6EDB7CBE
:20A88000FB7700BF07F10C0319461820F5F7AAFD0C4B1B780133DAB20A4B1A70094B1B78E6
:20A8A000032B40F29181074B00221A702120F6F7B5FC89E188E100BF102F0020F53500200E
:20A8C000F6350020F735002002F032FA0346002B7FD1C24B1B7803F00203DBB2002B78D166
:20A8E0001F20F6F7C1FC034683F00103DBB2002B6FD02F20F6F7B8FC034683F00103DBB27B
:20A90000002B66D00420F5F7ABFE034603F00103D9B2B24A937861F3410393700320F5F7A1
:20A920009FFE034603F00103D9B2AC4A937861F3820393700120FEF757FE0346C3F30D0358
:20A940009AB2A64BC2F30A014C01598801F01F010846214601435980D20A92B202F00702CE
:20A9600002F007001A7922F00702114602460A431A71FEF755FE034623F07F42974BD1B2EF
:20A9800000200143D971120A92B200210A431A810020FEF729FE0346C3F30D039AB28F4B2F
:20A9A000C2F30C01CC00998801F007010846214601439980520B92B202F0010202F0010054
:20A9C0009A7922F00102114602460A439A71FFF71DF91F20F6F748FC0346002B0FD002F097
:20A9E000A7F90346002B0AD12F20F6F73DFC034683F00103DBB2002B01D0FFF791FA2F20DA
:20AA0000F6F732FC0346002B00F0E1801F20F6F72BFC034683F00103DBB2002B00F0D78044
:20AA200002F086F90346002B40F0D180FFF7BAFACDE002F07DF90346002B40F0CB80674B50
:20AA40001B7803F00203DBB2002B40F0C380FFF77BF90A200BF0A6F8FFF75EF9BAE05F4B82
:20AA60001B7803F00103DBB2002B3DD01F20F6F7FBFB034683F00103DBB2002B3CD02F2092
:20AA8000F6F7F2FB034683F00103DBB2002B33D0534B1B780133DAB2514B1A70504B1B781C
:20AAA0001D2B07D94E4B1E221A704C4A137843F0020313704A4B1B78072B1DD9FEF70AFEE2
:20AAC0000346012B18D1454A137823F001031370424A137823F002031370414B00221A707A
:20AAE0000020FAF705F807E03D4B00221A703B4A137823F00203137002F01AF90346002B09
:20AB00007CD1364B1B7803F00203DBB2002B75D11F20F6F7A9FB034683F00103DBB2002B96
:20AB20006CD02F20F6F7A0FB034683F00103DBB2002B63D0FFF742F80A200BF033F8FFF7E1
:20AB40001DF8284B40F207721A60264B00221A71244B00225A71234B08229A7108220021E0
:20AB600021480DF025F8082220491F48F5F7C4FE1F4B40F229721A601D4B00221A711C4B7D
:20AB800000225A711A4B02229A710822002119480DF00EF8022218491648F5F7ADFE144BAC
:20ABA00001229A730F48FEF7D5FE1148FEF7ECFE24E002F0BDF80346002B22D1FEF7A6FC65
:20ABC0001FE000BFFFF783BB00BFFFF780BB00BFFFF77DBB00BFFFF77ABB00BFB4350020F4
:20ABE000CA350020CC350020D8350020EC080020E0350020EC350020F408002000BFFFF78D
:20AC000066BB00BFFFF763BB80B582B000AF78600B467B805A4B1B78042B00F29E8001A2EC
:20AC200052F823F039AC01004BAC010099AC0100A9AC0100F1AC01007B681B78652B40F069
:20AC400092804F4B01221A708DE07B681B78022B03D14C4B02229A711AE07B681B78032B53
:20AC600003D1484B03229A7112E07B681B78042B03D1444B04229A710AE07B681B78052B82
:20AC800003D1404B05229A7102E03E4B06229A713B4B02221A7069E07B681A783A4B1A7084
:20ACA000374B03221A7061E07B681A78374B1A70354B1B781AB2354B1B781BB21B021BB2F8
:20ACC00013431BB27B802F4A7B88A2F8C4327B8803337B807B88B3F52F7F05D901237B80C0
:20ACE000274B00221A7041E0254B04221A703DE07B88013B7A6813441B78822B27D17B8825
:20AD0000033B7B807B88B3F52F7F1AD81D4BB3F8C4321A4679681E480CF05AFF184B002225
:20AD20001A7001237B801B4B5B68002B1DD0194B58680023002218490AF0F2F8F6F78AF90B
:20AD400013E00F4B00221A7001237B800DE00C4B00221A7001237B8007E0094B00221A70E5
:20AD600001237B8002E000BF00E000BF7B881A4679680020F6F738F900BF0837BD4680BDB4
:20AD8000B939002000360020BA390020BB39002007360020F835002006360020B0B5ADF517
:20ADA0003C7D02AF07F53A73A3F53973186007F53A73A3F5337318464FF430731A46002118
:20ADC0000CF0F6FE0023A7F8E6320023A7F8DE320023A7F8E432002387F8E332C74B5B6873
:20ADE00007F11C014FF0FF3218460AF051F90346012BF3D107F53A73A3F53373B3F8BE3271
:20AE0000042B08D907F53A73A3F53373B3F8BE32053BA7F8E43207F53A73A3F533731B7831
:20AE2000023B032B00F2C58201A252F823F000BF41AE0100D3AE010051B001009DB20100EB
:20AE4000AF4B01225A70AF4B00221A70AE4B00221A702620F6F7E2F900F0D0FB07F11C03E0
:20AE6000013388221946A948F5F746FDA74800F01DFB0346002B00F09E821920F6F7F4F9E7
:20AE8000034683F00103DBB2002B1FD09C4B93F810039B4B93F81113994B93F81243984B8A
:20AEA00093F81353964B93F81433954A92F81523019200932B462246FBF736F9FBF700F942
:20AEC0001920F6F787F91A20F6F784F900F052FB71E2FEF7FFFB0346012B02D100F0ECFD88
:20AEE00071E20020FCF776FF864B00221A70012001F02AFF07F53A73A3F53373B3F8BE323D
:20AF00000D2B00F25A8207F53A73A3F5387300221A7107F53A73A3F533735B781A4607F57C
:20AF20003A73A3F533739B781B021A4307F53A73A3F53373DB781B041A4307F53A73A3F5A2
:20AF400033731B791B0613431A4607F53A73A3F538731A6007F53A73A3F533735A7907F5C4
:20AF60003A73A3F538739A7107F53A73A3F5387300225A7107F53A73A3F538739B791A469D
:20AF800007F11C03991D07F108030C331846F5F7B3FC07F53A73A3F538731B6840F2FA729C
:20AFA000934218D007F53A73A3F538731B6840F2FB7293420FD007F53A73A3F538731B68A3
:20AFC00040F2C17293421BD107F53A73A3F538731B7B042B14D107F10803184601F050FA19
:20AFE00007F53A73A3F538731B6840F2C172934218D107F1080319461820F5F7F3F911E05C
:20B0000007F53A73A3F538731B6840F2C172934202D1012001F07CFE07F10803194618208E
:20B02000F5F7E0F907F53A73A3F538731B6840F2C172934240F0C18107F53A73A3F5387344
:20B040001B7B002B40F0B981022001F061FEB4E10020FCF7BFFE2B4B00221A70012001F0BA
:20B0600057FE012001F070FE07F53A73A3F533735B781A4607F53A73A3F533739B781B02CA
:20B080001A4307F53A73A3F53373DB781B041A4307F53A73A3F533731B791B0613431A464B
:20B0A00007F53A73A3F538731A6007F53A73A3F533735A7907F53A73A3F538739A7107F57D
:20B0C0003A73A3F5387300221A7107F53A73A3F5387300225A710E4B05221A80B7F8E4321B
:20B0E000DB08A7F8E632B7F8E43203F00703A7F8DE3264E0002387F8E33226E0F8350020F7
:20B1000000360020BD390020BC390020C8380020BE390020AE4B1B885A1C91B2AC4A11809B
:20B12000194697F8E33207F53A72A2F533720A44517807F53A72A2F5387213440A461A73F4
:20B1400097F8E332013387F8E33297F8E332072BE0D907F53A73A3F538731B6840F2FA72E7
:20B16000934218D007F53A73A3F538731B6840F2FB7293420FD007F53A73A3F538731B68E1
:20B1800040F2C17293420CD107F53A73A3F538731B7B042B05D107F10803184601F070F956
:20B1A00005E007F1080319461820F5F71BF9B7F8E632013BA7F8E63203200AF0F3FCB7F89B
:20B1C000E632002B96D1B7F8DE32002B00F0F780B7F8DE32DAB207F53A73A3F538739A7132
:20B1E000002387F8E3321AE0794B1B885A1C91B2774A1180194697F8E33207F53A72A2F5EA
:20B2000033720A44517807F53A72A2F5387213440A461A7397F8E332013387F8E33297F85A
:20B22000E3329BB2B7F8DE229A42DDD80023A7F8DE3207F53A73A3F538731B6840F2FA728D
:20B24000934218D007F53A73A3F538731B6840F2FB7293420FD007F53A73A3F538731B6800
:20B2600040F2C17293420FD107F53A73A3F538731B7B042B08D1574B586807F108010023A4
:20B28000002209F03DFD05E007F1080319461820F5F7A8F805200AF085FC90E007F53A7395
:20B2A000A3F53373B3F8BE32002B00F08A806922002149480CF07CFC07F53A73A3F53373F8
:20B2C0005B7887F8DD3297F8DD32032B67D801A252F823F0E5B2010005B3010025B30100D8
:20B2E00045B3010007F53A73A3F53373B3F8BE32012B56D907F53A73A3F533739A78364BFE
:20B300001A704EE007F53A73A3F53373B3F8BE32012B48D907F53A73A3F533739A782E4B34
:20B320005A7040E007F53A73A3F53373B3F8BE32012B3AD907F53A73A3F533739A78264BF8
:20B340009A7032E007F53A73A3F53373B3F8BE32012B2CD907F53A73A3F533739A781E4BBC
:20B36000DA7007F53A73A3F53373B3F8BE32023BA7F8E032B7F8E032002B18D0B7F8E0327E
:20B38000642B02D96423A7F8E032B7F8E02207F11C030333194611480CF01AFC07E000BF9D
:20B3A0000FE000BF0DE000BF0BE000BF09E000BF07E000BF12E500BF10E500BF0EE500BF1F
:20B3C0000CE500BF0AE507F53A77BD46B0BD00BFBE3900202C300020503900205439002009
:20B3E00080B500AF2620F5F73FFF0346002B4ED1284B1B78DBB20133DAB2264B1A70264BA7
:20B400001B78DBB2002B0DD1224B1B78DBB2092B08D9214B01221A70012220490020F5F7B0
:20B42000E3FD35E01C4B1B78DBB2012B30D1194B1B78DBB2132B2BD9174B02221A70262047
:20B44000F5F7C8FE164B1B7823F00203DAB2144B1A70134B1B7823F01003DAB2104B1A7031
:20B46000104B1B7823F00203DAB20E4B1A700D4B1B7823F01003DAB20A4B1A700A4B002264
:20B480005A70012205490020F5F7AEFD00E000BF80BD00BFBD390020BC3900200736002097
:20B4A00018300020203000200036002080B483B000AF78607B6893F84830002B1AD17B6891
:20B4C00093F84930002B15D17B6893F84A30002B10D17B6893F84B30002B0BD17B6893F805
:20B4E0004C30002B06D17B6893F84D30002B01D1002339E07B6893F84930002B04D07B68E1
:20B5000093F849300C2B01D900232DE07B6893F84830002B04D07B6893F848301F2B01D9F7
:20B52000002321E07B6893F84B30172B01D900231AE07B6893F84C303B2B01D9002313E085
:20B540007B6893F84D303B2B01D900230CE07B6893F84930022B06D17B6893F848301D2B98
:20B5600001D9002300E0012318460C37BD465DF8047B704780B584B000AFFAF77BFE0346D0
:20B58000FB73FAF783FE0346BB731B4B93F813337B73194B93F814333B73FB7B9BB21A4628
:20B5A0001201D31A9B009AB2BB7B9BB213447B817B7B9BB21A461201D31A9B009AB23B7B8E
:20B5C0009BB213443B817A893B899A4204D97A893B89D31A9BB203E03A897B89D31A9BB2A6
:20B5E000FB80FB88012B02D91920F5F717FE00BF1037BD4680BD00BF0036002098B500AFB5
:20B60000254B1B7843F00203DAB2234B1A70234B1B7843F00203DAB2204B1A70204B93F8BB
:20B620001633002B0ED11C4B1B7843F01003DAB2194B1A70194B1B7843F01003DAB2174BD2
:20B640001A7012E0164B93F81633012B0DD1124B1B7823F01003DAB20F4B1A700F4B1B78BC
:20B6600023F01003DAB20D4B1A7000F029F80346002B0ED000F024F80346062B09D800F07C
:20B680001FF803465C1E00F04BF803461A46054B1A5500BF98BD00BF18300020203000208A
:20B6A00000360020F808002080B400AF034B93F8C8321846BD465DF8047B7047003600201C
:20B6C00080B400AF034B93F817331846BD465DF8047B70470036002080B400AF034B93F866
:20B6E000CC321846BD465DF8047B70470036002080B400AF034B93F8C9321846BD465DF89D
:20B70000047B70470036002080B400AF034B93F8CB321846BD465DF8047B704700360020A2
:20B7200080B400AF034B93F8CA321846BD465DF8047B70470036002080B400AF034B93F853
:20B74000CE321846BD465DF8047B70470036002080B400AF034B93F8CD321846BD465DF836
:20B76000047B70470036002080B400AF064BD3E9B42343EC172BB0EE470AF0EE670ABD46C4
:20B780005DF8047B704700BF0036002080B400AF064BD3E9B62343EC172BB0EE470AF0EE02
:20B7A000670ABD465DF8047B704700BF0036002080B400AF024B1846BD465DF8047B704759
:20B7C0001F39002080B400AF024B1846BD465DF8047B70472F39002080B400AF024B1846BF
:20B7E000BD465DF8047B70471839002080B400AF034BD3F848331846BD465DF8047B7047E7
:20B800000036002080B400AF034B1B781846BD465DF8047B704700BF5039002080B584B051
:20B8200000AF78600023FB734C4B5B6807F10F014FF0FF32184609F02BFC0346012BF3D167
:20B84000FB7B013B042B7FD801A252F823F000BF65B8010093B8010049B90100BDB801000E
:20B86000FFB80100FEF7E0FC034683F00103DBB2002B04D001F05CFA0346002B04D0FEF76F
:20B88000E3F80346052B61D100F028FAFFF7A8FD5CE0FEF7C9FC034683F00103DBB2002B07
:20B8A00004D001F045FA0346002B04D0FEF7CCF80346052B4CD100F0B7FA49E0FEF7B4FC7E
:20B8C000034683F00103DBB2002B04D001F030FA0346002B04D0FEF7B7F80346052B39D192
:20B8E000FDF772FE03461A461D4B1A701C4B1A781C4B1B789A422DD000F098FB2AE0FEF7FB
:20B9000093FC034683F00103DBB2002B04D001F00FFA0346002B04D0FEF796F80346052B0E
:20B920001AD1FDF751FE03461A460D4B1A700C4B1A780C4B1B789A420ED000F0F9FB084B8A
:20B940001A78084B1A7007E000BF6DE700BF6BE700BF69E700BF67E700BF65E7C03900202D
:20B960004E3D0020FE08002080B584B000AF78600023FB817B689B7906339AB24C4B1A80BA
:20B98000FB895A1CFA811A464A4B65219954FB895A1CFA811A46474B02219954444B198823
:20B9A000FB895A1CFA811A46C9B2424B9954404B1B881B0A99B2FB895A1CFA811A46C9B2CF
:20B9C0003C4B99547B681968FB895A1CFA811A46C9B2384B99547B681B68190AFB895A1C4C
:20B9E000FA811A46C9B2334B99547B681B68190CFB895A1CFA811A46C9B22E4B99547B6862
:20BA00001B68190EFB895A1CFA811A46C9B2294B9954FB895A1CFA811A467B689979254B91
:20BA2000995400237B730CE07A7BFB89591CF98119467B6813441A7B1E4B5A547B7B013345
:20BA40007B737B689B797A7B9A42EDD300233B7309E0FB895A1CFA811A46164B0021995472
:20BA60003B7B01333B733B7B002BF2D0FB895A1CFA811A460F4B00219954FB895A1CFA81D9
:20BA80001A460C4B00219954FB895A1CFA811A46084B82219954FB891A4606490020F5F7EA
:20BAA00039FA0023FB8100BF1037BD4680BD00BF4C3D0020C839002080B582B000AF0023AC
:20BAC000FB802C4B02221A80FB885A1CFA801A46294B65219954FB885A1CFA801A46264BB8
:20BAE00004219954234B1988FB885A1CFA801A46C9B2214B99541F4B1B881B0A99B2FB887E
:20BB00005A1CFA801A46C9B21B4B9954FB885A1CFA801A46184BFF219954FB885A1CFA8051
:20BB20001A46154BFF219954FB885A1CFA801A46114B00219954FB885A1CFA801A460E4BCF
:20BB400000219954FB885A1CFA801A460A4B82219954FB881A4608490020F5F7DBF90121E9
:20BB6000642008F063F90023FB8000BF0837BD4680BD00BF4C3D0020C839002080B586B01D
:20BB800000AF0023FB823B4600221A605A609A60DA601A614F4B68221A80FB8A5A1CFA829B
:20BBA0001A464D4B65219954FB8A5A1CFA821A46494B01219954474B1988FB8A5A1CFA82F6
:20BBC0001A46C9B2444B9954424B1B881B0A99B2FB8A5A1CFA821A46C9B23F4B9954002382
:20BBE0007B7553E07A7D3B4611461846FDF756FE3968FB8A5A1CFA821A46C9B2364B99544C
:20BC00003B68190AFB8A5A1CFA821A46C9B2324B99543B68190CFB8A5A1CFA821A46C9B288
:20BC20002D4B99543B68190EFB8A5A1CFA821A46C9B2294B9954FB8A5A1CFA821A46B97919
:20BC4000254B995400233B751AE0BB793A7D9A420CD23A7DFB8A591CF982194602F118037C
:20BC60003B4413F80C2C1C4B5A5406E0FB8A5A1CFA821A46184B002199543B7D01333B7523
:20BC80003B7D072BE1D97B7D01337B757B7D072BA8D9FB8A5A1CFA821A460F4B00219954FA
:20BCA000FB8A5A1CFA821A460B4B00219954FB8A5A1CFA821A46084B82219954FB8A1A46AA
:20BCC00005490020F5F726F90023FB8200BF1837BD4680BD4C3D0020C839002080B586B0C8
:20BCE00000AF0423FB823B4600221A605A609A60DA601A6100237B7556E07A7D3B46114653
:20BD00001846FDF7ADFD3B68002B4AD03968FB8A5A1CFA821A46C9B2414B99543B68190A0D
:20BD2000FB8A5A1CFA821A46C9B23D4B99543B68190CFB8A5A1CFA821A46C9B2384B9954B2
:20BD40003B68190EFB8A5A1CFA821A46C9B2344B9954FB8A5A1CFA821A46B979304B9954EA
:20BD600000233B751AE0BB793A7D9A420CD23A7DFB8A591CF982194602F118033B4413F82E
:20BD80000C2C274B5A5406E0FB8A5A1CFA821A46234B002199543B7D01333B753B7D072B8C
:20BDA000E1D97B7D01337B757B7D0D2BA5D9FB8A043B9AB21B4B1A80194B65221A70184B17
:20BDC00001225A70174B1B88DAB2154B9A70154B1B881B0A9BB2DAB2114BDA70FB8A5A1CD9
:20BDE000FA821A460E4B00219954FB8A5A1CFA821A460B4B00219954FB8A5A1CFA821A46EE
:20BE0000074B82219954FB8A1A4605490020F5F781F80023FB8200BF1837BD4680BD00BFDB
:20BE2000C83900204C3D002080B58CB000AF0423FB8507F1140300221A605A609A60DA60D8
:20BE40001A61002387F82D3060E097F82D2007F1140311461846FDF721FD7B69002B50D047
:20BE60007969FB8D5A1CFA851A46C9B26D4B99547B69190AFB8D5A1CFA851A46C9B2694BD0
:20BE800099547B69190CFB8D5A1CFA851A46C9B2644B99547B69190EFB8D5A1CFA851A46D0
:20BEA000C9B2604B9954FB8D5A1CFA851A46B97E5C4B9954002387F82C301EE0BB7E97F803
:20BEC0002C209A420DD297F82C20FB8D591CF985194602F130033B4413F8102C514B5A5470
:20BEE00006E0FB8D5A1CFA851A464E4B0021995497F82C30013387F82C3097F82C30072BC1
:20BF0000DCD997F82D30013387F82D3097F82D30252B9AD93B4600221A605A609A60DA60B6
:20BF20001A613B461846FDF791FE3968FB8D5A1CFA851A46C9B23B4B99543B68190AFB8D6A
:20BF40005A1CFA851A46C9B2364B99543B68190CFB8D5A1CFA851A46C9B2324B99543B6876
:20BF6000190EFB8D5A1CFA851A46C9B22D4B9954FB8D5A1CFA851A46B9792A4B9954002349
:20BF800087F82B3011E097F82B20FB8D591CF985194602F130033B4413F8242C214B5A5408
:20BFA00097F82B30013387F82B3097F82B30072BE9D9FB8D043B9AB21B4B1A80194B6522AD
:20BFC0001A70184B01225A70174B1B88DAB2154B9A70154B1B881B0A9BB2DAB2114BDA70E5
:20BFE000FB8D5A1CFA851A460E4B00219954FB8D5A1CFA851A460B4B00219954FB8D5A1CBE
:20C00000FA851A46074B82219954FB8D1A4605490020F4F77FFF0023FB8500BF3037BD46D4
:20C0200080BD00BFC83900204C3D002080B586B000AF0023FB823B4600221A605A609A60AF
:20C04000DA601A61384B75221A80FB8A5A1CFA821A46364B65219954FB8A5A1CFA821A46D5
:20C06000324B01219954304B1988FB8A5A1CFA821A46C9B22D4B99542B4B1B881B0A99B2D8
:20C08000FB8A5A1CFA821A46C9B2284B995400237B7526E07A7D3B4611461846FDF71CFC9C
:20C0A0003B68002B1AD0FB8A204A13443A681A60FB8A0433FB82FB8A5A1CFA821A46B97924
:20C0C0001A4B9954FB8A194A13441A4607F10C0303CB10605160FB8A0833FB827B7D013310
:20C0E0007B757B7D082BD5D9FB8A5A1CFA821A460E4B00219954FB8A5A1CFA821A460B4B0C
:20C1000000219954FB8A5A1CFA821A46074B82219954FB8A1A4605490020F4F7FBFE00BF62
:20C120001837BD4680BD00BF4C3D0020C839002080B586B000AF0023FB823B4600221A6010
:20C140005A609A60DA601A61384B41221A80FB8A5A1CFA821A46364B65219954FB8A5A1C30
:20C16000FA821A46324B01219954304B1988FB8A5A1CFA821A46C9B22D4B99542B4B1B886B
:20C180001B0A99B2FB8A5A1CFA821A46C9B2284B995400237B7526E07A7D3B461146184637
:20C1A000FDF7B8FB3B68002B1AD0FB8A204A13443A681A60FB8A0433FB82FB8A5A1CFA820E
:20C1C0001A46B9791A4B9954FB8A194A13441A4607F10C0303CB10605160FB8A0833FB82A9
:20C1E0007B7D01337B757B7D042BD5D9FB8A5A1CFA821A460E4B00219954FB8A5A1CFA8299
:20C200001A460B4B00219954FB8A5A1CFA821A46074B82219954FB8A1A4605490020F4F763
:20C2200079FE00BF1837BD4680BD00BF4C3D0020C839002080B58CB000AF78607B68002BAA
:20C2400001D1032393E007F108032022002118460BF0AEFC0023FB850D23BB85FB8D5A1CF9
:20C26000FA8530333B44652203F8282CFB8D5A1CFA8530333B44052203F8282CFB8D5A1CB4
:20C28000FA85BA8DD2B230333B4403F8282CBB8D1B0A9AB2FB8D591CF985D2B230333B4489
:20C2A00003F8282C7B681A68FB8D591CF985D2B230333B4403F8282C7B681B681A0AFB8D88
:20C2C000591CF985D2B230333B4403F8282C7B681B681A0CFB8D591CF985D2B230333B4449
:20C2E00003F8282C7B681B681A0EFB8D591CF985D2B230333B4403F8282CFB8D5A1CFA85B4
:20C3000019467B689A7901F130033B4403F8282CFB8D07F10802D0187B680C3308221946B8
:20C320000BF056FCFB8D0833FB85FB8D5A1CFA8530333B44002203F8282CFB8D5A1CFA8520
:20C3400030333B44002203F8282CFB8D5A1CFA8530333B44822203F8282CFA8D07F10803AE
:20C3600019460020F4F7D6FD0346BB62BB6A18463037BD4680BDFFFF80B400AFBFF34F8F7F
:20C3800000BF064BDB6803F4E0620449044B1343CB60BFF34F8F00BF00BFFDE700ED00E035
:20C3A0000400FA0580B485B000AF786039600023FB600023FB72FB68DB43FB601FE07B6825
:20C3C0005A1C7A601B781A46FB685340FB600823FB7209E0FB685A08FB6803F0010359428E
:20C3E0000C4B0B405340FB60FB7A013BDBB2FB7297F90B30002BEDDA3B68013B3B603B6828
:20C40000002BDCD1FB68DB4318461437BD465DF8047B70472083B8ED80B582B000AF786056
:20C42000084611461A460346FB700B46BB7013467B70114AFB7813730F4ABB7853730E4A85
:20C440007B6813600C4B02229A710C4B1B78012B03D10948FFF788FA0AE0FB78082B02D1EA
:20C460000548FFF781FA7B7803491846F3F7BAFF00BF0837BD4680BD503D002088450020E6
:20C4800080B582B000AF78607B681B6840F2FB72934232D040F2FB72934200F2818040F239
:20C4A000FA7293420CD040F2FA72934278D840F26662934225D040F2C172934229D06FE056
:20C4C0007B681B7B002B02D100F076F86AE07B681B7B012B03D1786800F0A6F862E07B6831
:20C4E0001B7B032B02D100F063FA5BE07B681B7B042B57D100F042FB54E0786800F0A2F981
:20C5000053E0FDF73BFB0A2009F04CFBFDF756FB4BE07B681B7B002B03D0012000F0F8FB69
:20C5200017E07B681B7B002B13D1022000F0F0FB204B40F2C2721A601E4B02229A711D4B34
:20C5400000221A731B4BAA225A731A491820F3F749FF7B681B7B042B26D17B685B7BAA2B33
:20C5600022D1144B40F2C2721A60124B02229A71104B04221A730F4BAA225A73012000F0EB
:20C58000C7FB0C491820F3F72DFFFFF7F7FA4FF47A71322007F04AFC0648FFF7E5F903E08D
:20C5A00000BF02E000BF00E000BF00BF0837BD4680BD00BFBC45002080B500AF144B40F2E9
:20C5C000FC721A60124B05229A71114B00221A73104BAA221A700F4B79225A8004220D49DD
:20C5E0000D48F4F789F90D4B1B78012B03D10848FFF7BAF903E006491820F3F7F3FE084BFD
:20C6000000221A70074B01221A7000BF80BD00BFBC4500208C450020C94500208845002087
:20C62000643D00202830002080B582B000AF78607B685A7B7C4B9A7414227C490020F9F73B
:20C6400013FB0346002B40F0E380784B1B78002B48D1774B4FF401221A60764B4FF4012262
:20C660001A60754B4FF441221A607B689B7B1A467B68DB7B1B021A447B681B7C1B041A445C
:20C680007B685B7C1B0613441A46674BC3F80A20674B1B68684A126811461846F9F744FB2C
:20C6A0000346002B16D1654B00221A60644B00221A605D4B01221A705B4B00225A705A4BFC
:20C6C000AA22DA741823AA22012140F2FC70FFF7A3FEA4E01823FF22012140F2FC70FFF74C
:20C6E0009BFE9CE0514B5B78002B48D1504B4FF480521A604F4B4FF480521A604E4B4FF443
:20C7000080221A607B689B7B1A467B68DB7B1B021A447B681B7C1B041A447B685B7C1B061E
:20C7200013441A46404BC3F80220414B1B68424A126811461846F9F7F7FA0346002B16D1D4
:20C740003E4B00221A603E4B00221A60364B00221A70354B01225A70334BAA22DA74182322
:20C76000AA22012140F2FC70FFF756FE57E01823FF22012140F2FC70FFF74EFE4FE02C4BA8
:20C780004FF480521A602B4B4FF480521A602A4B4FF480221A607B689B7B1A467B68DB7B9F
:20C7A0001B021A447B681B7C1B041A447B685B7C1B0613441A461C4BC3F802201C4B1B6847
:20C7C0001D4A126811461846F9F7AEFA0346002B16D11A4B00221A60194B00221A60124B72
:20C7E00000221A70104B01225A700F4BAA22DA741823AA22012140F2FC70FFF70DFE0EE01B
:20C800001823FF22012140F2FC70FFF705FE06E01823FF22012140F2FC70FFF7FDFD00BF52
:20C820000837BD4680BD00BF90450020A44500200009002004090020080900207C3D00205C
:20C84000803D002080B582B000AF78604F4B1B684F4A98187B6803F10C017B689B791A466C
:20C86000F4F74AF87B689B791A46484B1B681344464A13607B689B791A46464B1B68134402
:20C88000444A1360414B1B68B3F5806F7AD3424B1B684FF480623E491846F9F7A9F90346AF
:20C8A000002B68D13D4B1B684FF480623C491846F9F7DAF90346002B55D14FF48062344902
:20C8C0003748F4F738F80346002B44D1354B40F2FC721A60334B05229A712C4B00221A60D8
:20C8E000304B02221A734FF480612D48FFF75AFD03462D4A13602C4B1B681B0EDAB2294BD0
:20C900001A74294B1B681B0CDAB2264BDA73264B1B681B0ADAB2234B9A73234B1B68DAB284
:20C92000204B5A73214B1B78012B03D11D48FFF71BF803E01B491820F3F754FD164B1B68B4
:20C9400003F58063144A1360144B1B6803F58063124A136016E01823FF22022140F2FC708C
:20C96000FFF75AFD0EE01823FF22022140F2FC70FFF752FD06E01823FF22022140F2FC7017
:20C98000FFF74AFD00BF0837BD4680BD7C3D0020883D0020803D002000090020040900202B
:20C9A00088410020BC450020843D00208845002080B582B000AF664A664B1A60664B1B687A
:20C9C000002B20D1654BD3F80220654B1B689A4206D0624BD3F80A20614B1B689A4207D134
:20C9E0001823AA22032140F2FC70FFF715FDABE01823FF22032140F2FC70FFF70DFD584B1A
:20CA000000221A60A0E0574B1B68534A126850491846F9F7EDF80346002B40F08D80524BA4
:20CA20001B684D4A126851491846F9F71DF90346002B79D1484B1B681A4645494B48F3F725
:20CA40007AFF0346002B7FD1494B40F2FC721A60474B05229A71404B1B6819464348FFF739
:20CA6000A1FC0346434A1360424B1B681B0EDAB23F4B1A743F4B1B681B0CDAB23C4BDA735F
:20CA80003C4B1B681B0ADAB2394B9A73394B1B68DAB2374B5A73384B1B78012B03D13448D6
:20CAA000FEF762FF03E032491820F3F79BFC2D4B1A68294B1B6813442A4A13602A4B1A68E3
:20CAC000254B1B681344284A136000237B6002E07B6801337B607B684CF24F329342F7D90E
:20CAE0001E4BD3F802201E4B1B689A4206D01B4BD3F80A201A4B1B689A420AD1164B0022C5
:20CB00001A601823AA22032140F2FC70FFF784FC1AE01823FF22032140F2FC70FFF77CFCD6
:20CB20000F4B00221A600FE01823FF22032140F2FC70FFF771FC07E01823FF22032140F2F6
:20CB4000FC70FFF769FCFFE700BF0837BD4680BD883D0020B84500207C3D0020904500201A
:20CB6000803D0020000900200409002088410020BC450020843D00208845002080B588B03D
:20CB800000AF3A4B1B78012B0CD1394BD3F80230364AC2F80230364BD3F80630334AC2F81F
:20CBA00006300FE0314B5B78012B0BD1304BD3F80A302E4AC2F80A302D4BD3F80E302B4A17
:20CBC000C2F80E304FF480510020F9F7ADF80346002B3FD13B46142224491846F3F78CFE1A
:20CBE000142222492348F3F787FE3B46224A13603B46142219460020F8F7FAFF0346002BC8
:20CC000020D114221A490020F9F72EF80346002B10D1142216491548F3F78DFE0346002B24
:20CC20001FD11823AA22042140F2FC70FFF7F4FBFFF7A2FB1823FF22042140F2FC70FFF7AD
:20CC4000EBFB0EE01823FF22042140F2FC70FFF7E3FB06E01823FF22042140F2FC70FFF712
:20CC6000DBFB00BF2037BD4680BD00BF90450020A4450020683D0020B845002080B582B082
:20CC800000AF0023FB7114221F490020F8F7ECFF0346002B32D11C4BDB7CAA2B2ED14FF472
:20CCA0007A7200210320F8F767FD0346002B25D1142200211448F8F743FE0346002B1DD142
:20CCC000114BDB7CFF2B19D11823AA22082140F2FC70FFF7A1FB0D4B40F2C1721A600B4BA0
:20CCE00002229A71094B00221A73084BAA225A7306491820F3F776FB0123FB71FB791846D2
:20CD00000837BD4680BD00BFA4450020BC45002080B483B000AF0346FB71044AFB7913709B
:20CD200000BF0C37BD465DF8047B7047653D002080B400AF034B1B781846BD465DF8047BA8
:20CD4000704700BF653D002080B483B000AF0346FB71044AFB79137000BF0C37BD465DF831
:20CD6000047B70478845002080B400AF034B1B781846BD465DF8047B704700BF8845002034
:20CD800080B500AFF9F7E2FC00BF80BD80B582B000AF0346FB71FB79022B03D1034904480D
:20CDA00003F012FA00BF0837BD4680BDD4960200F045002080B500AFFFF7E2FF0023184639
:20CDC00080BDFFFF80B400AF044BDB681B0A03F007031846BD465DF8047B704700ED00E0C8
:20CDE00080B483B000AF03463960FB7197F90730002B0ADB3B68DAB20C4997F9073012019A
:20CE0000D2B20B4483F800230AE03B68DAB20849FB7903F00F03043B1201D2B20B441A7609
:20CE200000BF0C37BD465DF8047B704700E100E000ED00E080B483B000AF0346FB7197F979
:20CE40000730002B09DB0D4A97F90730134493F80033DBB21B09DBB209E0094AFB7903F078
:20CE60000F03043B13441B7EDBB21B09DBB218460C37BD465DF8047B704700BF00E100E084
:20CE800000ED00E080B582B000AF78607B68013BB3F1807F01D301230FE00A4A7B68013BBB
:20CEA00053600F214FF0FF30FFF79AFF054B00229A60044B07221A60002318460837BD4671
:20CEC00080BD00BF10E000E080B483B000AFEFF303837B607B683B603B88C3F308039BB2DE
:20CEE000DBB2103BDBB25BB218460C37BD465DF8047B70471EF0040F0CBFEFF30880EFF359
:20CF000009800149084700BFE9CF010080B400AF62B600BFBFF36F8F00BFEFF3148C2CF0B0
:20CF2000040C8CF31488BFF36F8F02DF00BEFDE7104B1968EFF309821EF0100F08BF22ED47
:20CF4000108A22E9F04FEFF30B8342F8043D0A604FF0100080F31188BFF34F8FBFF36F8FFD
:20CF600009F038F94FF0000080F3118800F004B800BF00004CEB0020084801680A6802CA83
:20CF800081F30B88B2E8F04F1EF0100F08BFB2EC108A82F30988704700BF00004CEB0020B2
:20CFA00080B584B000AFEFF311837B607B68FB601023BB60BB6883F3118800BF08F0EEFFA6
:20CFC0000346002B03D0074B4FF080525A60FB683B603B6883F3118800BF00BF1037BD4675
:20CFE00080BD00BF00ED00E080B584B000AF78607B689B69FB60FB68023B1B78FB72FB7A21
:20D00000022B03D1FFF7B8FF00BF09E0FB7A032B06D9054B054A4FF47E71054806F0FCFE2A
:20D0200000BF1037BD4680BDA09702009C980200B497020080B485B000AFF860B9607A608B
:20D040003B60FB68043BFB60FB684FF080721A60FB68043BFB607B6823F00102FB681A6057
:20D06000FB68043BFB60114AFB681A60FB68143BFB603A68FB681A60FB68043BFB60FB688F
:20D080006FF002021A60FB68203BFB60FB68043BFB60BB6803F12802FB681A60FB681846BE
:20D0A0001437BD465DF8047B704700BFB1D0010080B400AF00BE00BFFDE7FFFF80B500AF30
:20D0C000FF216FF00100FFF78BFE00F073F8064B5B68054A43F040435360FFF717FF09F025
:20D0E00079F80023184680BD30EF00E080B584B000AFEFF311837B607B68FB601023BB600D
:20D10000BB6883F3118800BF0E4B1B6801330D4A13600C4B1B68012B0FD10B4AFB68136033
:20D120000A4B5B68C3F30803002B06D0084B094A40F2A441084806F06FFE00BF1037BD469C
:20D1400080BD00BFBC470020C047002000ED00E0DC970200B0980200B497020080B582B049
:20D1600000AF0F4B1B68002B06D10E4B0E4A40F2AD410E4806F050FE094B1B68013B084A51
:20D180001360074B1B68002B06D1094B1B687B607B6883F3118800BF00BF0837BD4680BDA4
:20D1A000BC47002024980200C4980200B4970200C047002080B500AF054B1B68054AA2FB19
:20D1C00003239B091846FFF75DFE00BF80BD00BF9C490020D34D621080B582B000AFFFF778
:20D1E00073FE0346FB7197F90730002B0FDB97F907301846FFF71EFE38603B68002B06D1B9
:20D200000B4B0C4A40F20F610B4806F005FEFFF7D9FD0346032B06D9084B064A40F22161FB
:20D22000054806F0F9FD00BF0837BD4680BD00BF38980200D8980200B4970200709802001D
:20D2400080B586B000AF786039607B687B613968786900F070F838613B69002B01D03B69CD
:20D2600032E03B681B791A4ADB01DBB293713B681B781A46174B9B5C03F00303FB603B68AE
:20D280005B781B01DBB2FA681343FB603B689B781B0303F44053FA681343FB603B68DB7898
:20D2A0001B0203F44073FA681343FB60084BFA6892B25A803B685B79054ADB01DBB213720D
:20D2C0007B69054A1A60002318461837BD4680BD00340840F89802005444570080B483B02D
:20D2E00000AF7860064B00221A70054BFF221A70002318460C37BD465DF8047B704700BF9E
:20D300000034084080B483B000AF78603960062318460C37BD465DF8047B704780B483B04B
:20D3200000AF78600B46FB70062318460C37BD465DF8047B704780B483B000AF78603960CB
:20D34000002318460C37BD465DF8047B704780B483B000AFEFF303837B607B683B603B88E1
:20D36000C3F308039BB2DBB2103BDBB25BB218460C37BD465DF8047B7047FFFF80B483B099
:20D3800000AF03463960FB7197F9073004493A6841F8232000BF0C37BD465DF8047B7047CE
:20D3A0001048002080B483B000AF0346FB7197F90730044A52F8233018460C37BD465DF87F
:20D3C000047B70471048002080B483B000AF0346FB710B4997F9073003F1C00251F8223068
:20D3E00023F4803341F82230054A97F90730C03352F8233000BF0C37BD465DF8047B7047A2
:20D400000060004080B584B000AF0346FB7197F907301846FFF7D8FFBFF35F8F00BF97F9BE
:20D420000730FB60FB6803F01F02074997F907305B09012000FA02F2603341F8232000BF8B
:20D440001037BD4680BD00BF00E100E080B584B000AF0346B9607A60FB73BB68DAB2094902
:20D4600097F90F301201D2B20B4483F8002397F90F3079681846FFF781FF00BF1037BD46CC
:20D4800080BD00BF00E100E080B485B000AF0346FB7197F90730FB60FB6803F01F02074919
:20D4A000FB685B09012000FA02F241F8232000BF1437BD465DF8047B704700BF00E100E002
:20D4C00080B582B000AF0346FB7197F907301846FFF798FF97F907301846FFF7D5FF00BF21
:20D4E0000837BD4680BDFFFF80B485B000AF0346FB7197F90730FB60FB6803F01F020B49F5
:20D5000097F907305B09012000FA02F2203341F82320BFF34F8F00BFBFF36F8F00BF00BF85
:20D520001437BD465DF8047B704700BF00E100E080B584B000AF0346B9607A60FB7397F940
:20D540000F307A68B9681846FFF780FF97F90F301846FFF7B5FF00BF1037BD4680BDFFFF9B
:20D5600080B584B000AF786039600023FB607B68BB60386800F06CF8F860FB68002B01D0FB
:20D58000FB6822E0BB683A685A603B689A69BB685A623B68DA69BB68DA62BB6800229A629C
:20D5A000BB685B681B7803F5800303F58D531B021A46BB689A60B86800F0A6F8B86800F047
:20D5C000F1F9BB68034A1A60FB6818461037BD4680BD00BF4950535280B586B002AFF860BE
:20D5E000B9607A60FB70FB7800937B68BA680021F86800F07BFA034618461037BD4680BDAE
:20D6000080B586B002AFF860B9607A60FB70FB7800937B680022B968F86800F067FA034612
:20D6200018461037BD4680BD80B586B002AFF860B9607A603B603B7E00933B687A68B96811
:20D64000F86800F053FA034618461037BD4680BD80B586B000AF786000237B617B681B69A7
:20D660003B617B681B7803F5800303F58D531B020433FB603B69002B19D03B695B681B68F4
:20D680004FF000621A603B695B681B68FA689A603B699B681B683A6910683A695268114630
:20D6A000984778617B69002B01D07B6928E07B685B69BB60BB68002B21D0BB685B681B687C
:20D6C0004FF400221A60BB685B681B68FA685A60BB689B681B68BA681068BA685268114670
:20D6E000984778617B69002B09D03B69002B06D03B699B681B6A3A691268104698477B6983
:20D7000018461837BD4680BD80B491B000AF78600023FB6300233B620023BB6300237B639D
:20D7200000233B630023FB620023BB6200237B620023FB61FB6B43F08003FB63FB6B43F0D6
:20D740002003FB63FB6B43F01003FB637B685B685B7A002B01D1082300E00023FA6B1343DD
:20D76000FB637B685B685B7A002B01D1102300E000237A6B13437B637B685B689B7A1A4669
:20D780007B6A13437B627B685B68DB7A5B007A6A13437B627B685B685B7B1B037A6A134330
:20D7A0007B627B685B681B69002B03D0FB6B43F02003FB637B685B681B6ABB61BB691B784C
:20D7C000002B14D17B685B681B78002B0AD17B685B685B7A002B01D1802300E000237A6AF8
:20D7E00013437B62FB6B23F00103FB6303E0FB6B43F00103FB63BB695B78DB01DB431A46EC
:20D80000FB6B1340FB63BB695B785A00BB695B785B0113431A46FB6B1343FB633B6A23F0C5
:20D820000F033B62BB699B781A46BB69DB7802FA03F33A6A13433B627B6A23F070037B625A
:20D84000BB69DB781B017A6A13437B62BB691B79002B0BD0BB6B43F02003BB63BB691B790E
:20D86000022B03D1BB6B43F01003BB63BB695B79002B0BD07B6B43F001037B63BB695B792C
:20D88000012B03D17B6B43F002037B63BB699B791A46FB691343FB61BB691B7AC3F301036B
:20D8A000DBB29B007A6A13437B627B685B685B7A002B0CD17B6A43F460437B62BB695B7A11
:20D8C0003B63BB699B7AFB62BB69DB7ABB6200237B61EFF310833B613B697B610123FB606F
:20D8E000FB6883F3108800BF2D4B5A687B685B681B78C3F11303012101FA03F3DB43284919
:20D9000013404B60264B5B687B69BB60BB6883F3108800BF7B689B68DB787B689B680022A5
:20D92000DA707B689B68FA6BD2B21A707B689B683A6AD2B25A707B689B68BA6BD2B29A70D3
:20D940007B689B68BA69D2799A727B689B683A6BD2B21A737B689B68FA6AD2B25A737B684D
:20D960009B68BA6AD2B29A737B689B687A6BD2B2DA737B689B687A6A92B21A827B689B68C3
:20D98000FA69D2B283F820207B689B68102283F8212000BF4437BD465DF8047B704700BF8A
:20D9A0000040084080B582B000AF78607B685B6893F90230002B0ADB7B685B6893F9020049
:20D9C0007B685B689B797A681946FFF7B1FD7B685B6893F90130002B0ADB7B685B6893F903
:20D9E00001007B685B685B797A681946FFF7A0FD7B685B6893F904007B685B681B7A7A6885
:20DA00001946FFF795FD7B685B6893F903007B685B68DB797A681946FFF718FD00BF0837A6
:20DA2000BD4680BD80B487B000AF78607B689B68DB7ADBB27B617B689B681B8A9BB2FB60DD
:20DA40007B6893F820300F2B08D97B6923F040037B617B6943F020037B610DE07B6893F866
:20DA60002030072B04D87B6943F040037B6103E07B6923F060037B617B6893F820303B619F
:20DA80003B690F2B04D93B6901339B08053B3B61FB6823F47063FB603B691B02FA68134353
:20DAA000FB607B689B687A69D2B2DA727B689B68FA6892B21A8200BF1C37BD465DF8047B61
:20DAC000704780B483B000AF78607B689B681B78DAB27B689B6842F06002D2B21A7000BF55
:20DAE0000C37BD465DF8047B7047FFFF80B588B000AFF860B9607A603B60FB68FB61FB6932
:20DB00009B681B78DBB203F04003002B01D0082306E1FB69BA68DA60FB697A681A61FB69B9
:20DB200000225A61FB6900229A61FB693A68DA61FB6997F8282083F82020FB695B685B6965
:20DB4000002B6DD0FB693A689A61FB6993F820300F2B0AD9FB695B685B695B681A68D37885
:20DB6000022161F30513D37018E0FB6993F82030072B09D8FB695B685B695B681A68D3780E
:20DB800023F03003D37009E0FB695B685B695B681A68D378012161F30513D370FB695B68A0
:20DBA0005B695B681A689378022161F383039370FB695B685B695B681B683A6892B2DA81DF
:20DBC000FB695B685B695B681B687A689A607B68002B0FD1FB695B685B695B681A6893780F
:20DBE00023F00C039370FB695B685B695B681B684D4A9A60FB695B685B699B685B68FA692A
:20DC0000526852691068FA69526852695268126811469847B861BB69002B01D0BB697FE019
:20DC2000FB695B681B69002B73D0FB693A685A61FB6993F820300F2B0AD9FB695B681B6903
:20DC40005B681A68D378022161F30513D37018E0FB6993F82030072B09D8FB695B681B696D
:20DC60005B681A68D37823F03003D37009E0FB695B681B695B681A68D378012161F30513D9
:20DC8000D370FB695B681B695B681A68D378022161F38303D370FB695B681B695B681B68D5
:20DCA0003A6892B2DA81FB695B681B695B681B68BA685A60BB68002B0FD1FB695B681B697D
:20DCC0005B681A68D37823F00C03D370FB695B681B695B681B68154A5A60FB699A68137854
:20DCE00023F020031370FB695B681B699B685B68FA69526812691068FA6952681269526898
:20DD000012681146984778617B69002B01D07B6906E0F869FFF786FEF869FFF7D2FE0023AB
:20DD200018462037BD4680BDC4470020C847002080B485B000AF78607B689B69FB607B687F
:20DD4000DB69FA689A4234D07B681B69002B03D17B689B685B6827E07B6893F820300F2B2F
:20DD600009D97B689A687B681969FB689B000B4452681A6018E07B6893F82030072B09D82D
:20DD80007B689A687B681969FB680B441279D2B21A7009E07B689A687B681969FB685B00FD
:20DDA0000B44928892B21A80FB685A1C7B689A6100E000BF1437BD465DF8047B704780B4B9
:20DDC00085B000AF78607B685B69FB607B68DB69FA689A4233D07B68DB68002B04D17B6814
:20DDE0009B6800225A6025E07B6893F820300F2B09D97B68DA68FB689B001A447B689B68FE
:20DE000012685A6016E07B6893F82030072B08D87B68DA68FB681A447B689B6812781A7127
:20DE200008E07B68DA68FB685B001A447B689B6812889A80FB685A1C7B685A6100E000BF09
:20DE40001437BD465DF8047B704790B587B000AF78600B46FB707B689B6A7B617B69002B57
:20DE600003D107F108037B6105E07A6907F1080307CA83E807007B685B681B781A467B6964
:20DE80001A607B69FA781A717B68DA6A7B699A607B685B6A786998477B689B6A002B08D0CF
:20DEA0007B689B6A1C4607F1080393E8070084E8070000BF1C37BD4690BD80B582B000AFA8
:20DEC000FFF745FA0346FB7197F907301846FFF77BFA97F907301846FFF764FA3860386817
:20DEE000FFF726FF3B689A693B68DB699A4206D13B685B6893F903301846FFF7C5FA00BFD0
:20DF00000837BD4680BD80B584B000AFFFF71FFA0346FB7397F90F301846FFF755FA97F9A2
:20DF20000F301846FFF73EFAB860BB685B681B6A7B607B68002B1ED07B685B78012B1AD1EF
:20DF4000BB685A69BB68DB69013B9A4207D1BB685B6893F903301846FFF7B2FA0BE0BB68D1
:20DF60005B681B69002B06D0BB685B6893F903301846FFF789FAB868FFF721FF00BF1037A1
:20DF8000BD4680BD80B582B000AFFFF7E0F90346FB7197F907301846FFF716FA97F90730B5
:20DFA0001846FFF7FFF938603B689B68DB78C3F34003DBB2002B04D03B685B685B7A012B98
:20DFC00028D197F907301846FFF78EFA3B685B6893F90230002B06DB3B685B6893F9023051
:20DFE0001846FFF781FA3B689A68137823F0400313703B685B6893F90230002B06DB3B6876
:20E000005B6893F902301846FFF75AFA01213868FFF71BFF00BF0837BD4680BD80B584B05E
:20E0200000AFFFF794F90346FB7397F90F301846FFF7B8F9B860BB685B6893F90230002B3C
:20E0400006DBBB685B6893F902301846FFF74CFABB689A68137823F040031370BB685B6832
:20E0600093F90230002B06DBBB685B6893F902301846FFF725FABB689B68DB78FB71BB68B7
:20E080009B680022DA70FB7903F00803DBB2002B03D00521B868FFF7D8FEFB7903F0010397
:20E0A000DBB2002B03D00421B868FFF7CEFEFB7903F00403DBB2002B09D0FB7903F0100355
:20E0C000DBB2002B03D00821B868FFF7BEFE97F90F301846FFF778F900BF1037BD4680BDE0
:20E0E00080B483B000AFEFF303837B607B683B603B88C3F308039BB2DBB2103BDBB25BB206
:20E1000018460C37BD465DF8047B704780B483B000AF03463960FB7197F9073004493A68B6
:20E1200041F8232000BF0C37BD465DF8047B70471048002080B483B000AF0346FB7197F900
:20E140000730044A52F8233018460C37BD465DF8047B70471048002080B483B000AF034697
:20E16000FB710B4997F9073003F1C00251F8223023F4803341F82230054A97F90730C03369
:20E1800052F8233000BF0C37BD465DF8047B70470060004080B584B000AF0346FB7197F955
:20E1A00007301846FFF7D8FFBFF35F8F00BF97F90730FB60FB6803F01F02074997F90730EE
:20E1C0005B09012000FA02F2603341F8232000BF1037BD4680BD00BF00E100E080B584B08E
:20E1E00000AF0346B9607A60FB73BB68DAB2094997F90F301201D2B20B4483F8002397F9E2
:20E200000F3079681846FFF781FF00BF1037BD4680BD00BF00E100E080B485B000AF0346E3
:20E22000FB7197F90730FB60FB6803F01F020749FB685B09012000FA02F241F8232000BF78
:20E240001437BD465DF8047B704700BF00E100E080B582B000AF0346FB7197F90730184675
:20E26000FFF798FF97F907301846FFF7D5FF00BF0837BD4680BDFFFF80B485B000AF034685
:20E28000FB7197F90730FB60FB6803F01F020B4997F907305B09012000FA02F2203341F85F
:20E2A0002320BFF34F8F00BFBFF36F8F00BF00BF1437BD465DF8047B704700BF00E100E045
:20E2C00080B58AB000AF786039607B687B623B681B781A460123934003F00603002B0AD061
:20E2E0003B68DB695B681B7803F00803DBB2002B01D00323CAE03B681B7803F5800303F5E1
:20E300008C531B021A467B6A1A627B6A00221A707B6A3A68DA613B685A697B6A5A623B6843
:20E320009A697B6ADA627B6A00229A627A6A9378012161F3010393703B685B78002B05D1D3
:20E340007A6A9378022161F3010393703968786A00F0C1F9786A00F006F900233B62EFF3B0
:20E360001083FB60FB683B6201233B613B6983F3108800BF474B5A683B681B7819464FF056
:20E380000043CB40DB43434913404B60414B5B683B6A7B617B6983F3108800BF7B6A1B6A9C
:20E3A00000229A707B6A1B6A00221A717B6A1B6A00225A727B6A1B6A00229A727B6A1B6AC0
:20E3C0000022DA727B6A1B6A00225A833B681B781A46012303FA02F240F219231340002BCF
:20E3E00003D07B6A1B6A4022DA747B6A1B6A06221A773968786A00F0C0F87B6A0022DA60A1
:20E400007B6A00221A617B6A00225A617B6A00229A613B68DB69FB61FB691B7803F0030383
:20E42000BB61BB6943F01003BB617B6ADB6993F905301846FFF70CFF7B6ADB6993F90B3001
:20E440001846FFF705FFBB6943F04003BB617B6ADB6993F907301846FFF7FAFE7B6ADB694D
:20E4600093F909301846FFF7F3FEBB6943F02003BB617B6A1B6ABA69D2B29A70FB695A899A
:20E480007B6A1A817B6A044A5A60002318462837BD4680BD004008405549435380B487B0C8
:20E4A00000AFF860B9607A60FB687B6100233B617B69BA685A617B697A689A613B691846E0
:20E4C0001C37BD465DF8047B704780B487B000AFF860B9607A60FB687B617B691B6A9B783B
:20E4E000DAB27B691B6A02F07B02D2B29A707B699B78C3F30103DBB21A467B689A1A7B6911
:20E500001A617B699B78C3F30103DBB21A46BB681A447B69DA607B691B6A9B78DAB27B6957
:20E520001B6A62F07F02D2B29A707B699B7803F00303DBB2022B0AD1BB681B887A69126A4B
:20E540006FEAC3536FEAD3539BB2D38104E07B691B6ABA681278DA70002318461C37BD4612
:20E560005DF8047B704780B483B000AF786000BF0C37BD465DF8047B704780B586B000AF78
:20E58000786039603B681B781A46012303FA02F240F219231340002B04D07B681B6A4FF4F4
:20E5A00078429A823B689B781A013B68DB78DB0013437B61F2233B613B685B78032B04D187
:20E5C0007B6943F040037B6107E03B685B78002B03D13B6923F010033B617B681B6A7A69F8
:20E5E000D2B21A707B681B6A3A69D2B29A713B68DB69BB60BB681B7B082B04D17B681B6A48
:20E600000A225A7309E0BB681B7B5B00DAB27B681B6A02F00202D2B25A730023FB60BB6828
:20E620005B78DB01DBB2FA681343FB60BB689B785B0103F02003FA681343FB607B681B6A68
:20E6400000221A72BB681B78022B03D0BB681B78032B11D17B681B6AFF225A70BB681B7887
:20E66000022B03D1FB6843F01003FB607B681B6AFA68D2B2DA710DE07B681B6AFA68D2B2C1
:20E68000DA717B681A6ABB685B681946104600F04FF800BF00BF1837BD4680BD80B582B082
:20E6A00000AF78600B46FB701346BB7097F902301846FFF7E1FD97F902301846FFF74CFD40
:20E6C000F97897F902307A681846FFF787FD00BF0837BD4680BD80B582B000AF7860396088
:20E6E0003B68997A3B6893F90B301A467868FFF7D5FF3B6819793B6893F905301A46786817
:20E70000FFF7CCFF3B6899793B6893F907301A467868FFF7C3FF3B68197A3B6893F9093087
:20E720001A467868FFF7BAFF00BF0837BD4680BD80B483B000AF786039603B689A787B688D
:20E740005A703B685B78C3F30103D9B27A68137861F3010313703B68DA787B689A747B6823
:20E76000DB79DBB223F05C03DAB23B681B7803F05C03DBB21343DAB27B68DA7100BF0C3793
:20E78000BD465DF8047B704790B58BB000AFF860B9601346FB71FB689B6A7B627B6A002B31
:20E7A00003D107F114037B6205E07B6A07F114040FCB84E80F00FB68DB691B781A467B6AEB
:20E7C0001A607B6ABA689A607B6AFA791A71FB68DA6A7B6ADA60FB685B6A786A9847FB68C9
:20E7E0009B6A002B07D0FB689B6A1C4607F114030FCB84E80F0000BF2C37BD4690BD80B53D
:20E8000084B000AFFFF76CFC0346FB7397F90F301846FFF7A1FC97F90F301846FFF78AFC97
:20E82000B860BB68DB691B69002B30D1BB681B69002B2CD0BB689B7803F00303DBB2022BF2
:20E840000BD1BB68DB681B88BA68126A6FEAC3536FEAD3539BB2D38105E0BB68DA68BB6839
:20E860001B6A1278DA70BB681B69BA689278C2F30102D2B29A1ABB681A61BB68DB68BA6856
:20E880009278C2F30102D2B21A44BB68DA60BB681B69002B1BD1BB681B6A9B78FB71FB791E
:20E8A00043F00403FB71FB7903F07F03FB71BB681B6AFA799A70BB680022DA60BB685B6AD1
:20E8C000002B04D080220021B868FFF75DFF00BF1037BD4680BD80B584B000AFFFF700FCB4
:20E8E0000346FB7397F90F301846FFF735FC97F90F301846FFF71EFCB860BB689B7803F08F
:20E900000303DBB2022B07D1BB681B6A1B8A9BB2C3F308037B6004E0BB681B6A5B79DBB23C
:20E920007B60BB689B69002B0AD1BB685B6A002B33D07B6804221946B868FFF725FF2CE00B
:20E94000BB685869BB689B78C3F30103DBB21A463B1D194609F03CF9BB685B69BA689278FE
:20E96000C2F30102D2B21A44BB685A61BB689B69BA689278C2F30102D2B29A1ABB689A61BE
:20E98000BB689B69002B08D1BB685B6A002B04D001220021B868FFF7F7FE00BF1037BD460D
:20E9A00080BD80B582B000AFFFF79AFB0346FB7197F907301846FFF7BDFB38603B681B6A31
:20E9C0009B78DAB23B681B6A02F07B02D2B29A703868FFF7C8FD3B685B6A002B04D002228D
:20E9E00000213868FFF7D0FE97F907301846FFF7B3FB00BF0837BD4680BD80B584B000AF73
:20EA0000FFF76EFB0346BB7297F90A301846FFF791FB78600023FB607B689B7803F0030332
:20EA2000DBB2022B07D17B681B6A1B8A9BB2C3F30803FB6004E07B681B6A5B79DBB2FB60C6
:20EA40007B681B6A1B79DBB203F03803FB72FB7A03F01003002B0BD07B681B6A1B7FC3F359
:20EA60000003DBB2002B03D1FB7A43F04003FB727B681B6A1B79DAB27B681B6A22F0380273
:20EA8000D2B21A717868FFF76EFD7B685B6A002B05D0FB7A1A46F9687868FFF775FE97F96F
:20EAA0000A301846FFF758FB00BF1037BD4680BD80B483B000AFEFF303837B607B683B6058
:20EAC0003B88C3F308039BB2DBB2103BDBB25BB218460C37BD465DF8047B704780B483B05D
:20EAE00000AF03463960FB7197F9073004493A6841F8232000BF0C37BD465DF8047B704757
:20EB00001048002080B483B000AF0346FB7197F90730044A52F8233018460C37BD465DF807
:20EB2000047B70471048002080B483B000AF0346FB710B4997F9073003F1C00251F82230F0
:20EB400023F4803341F82230054A97F90730C03352F8233000BF0C37BD465DF8047B70472A
:20EB60000060004080B584B000AF0346FB7197F907301846FFF7D8FFBFF35F8F00BF97F947
:20EB80000730FB60FB6803F01F02074997F907305B09012000FA02F2603341F8232000BF14
:20EBA0001037BD4680BD00BF00E100E080B584B000AF0346B9607A60FB73BB68DAB209498B
:20EBC00097F90F301201D2B20B4483F8002397F90F3079681846FFF781FF00BF1037BD4655
:20EBE00080BD00BF00E100E080B485B000AF0346FB7197F90730FB60FB6803F01F020749A2
:20EC0000FB685B09012000FA02F241F8232000BF1437BD465DF8047B704700BF00E100E08A
:20EC200080B582B000AF0346FB7197F907301846FFF798FF97F907301846FFF7D5FF00BFA9
:20EC40000837BD4680BDFFFF80B485B000AF0346FB7197F90730FB60FB6803F01F020B497D
:20EC600097F907305B09012000FA02F2203341F82320BFF34F8F00BFBFF36F8F00BF00BF0E
:20EC80001437BD465DF8047B704700BF00E100E080B584B000AF0346B9607A60FB7397F9C9
:20ECA0000F307A68B9681846FFF780FF97F90F301846FFF7B5FF00BF1037BD4680BDFFFF24
:20ECC00080B584B000AF786039607B68FB600023BB603B681B7803F5800303F58C531B028A
:20ECE0001A46FB689A60FB683A685A603B689A69FB681A623B68DA69FB689A62FB68002249
:20ED00005A62F86800F020F9B860BB68002B01D0BB682AE0F86800F043F83B6893F90100AF
:20ED20003B685B79FA681946FFF7B2FF3B6893F902003B689B79FA681946FFF7A9FF3B680A
:20ED400093F903003B68DB79FA681946FFF7A0FF3B6893F904003B681B7AFA681946FFF7B5
:20ED600097FFFB68034A1A60BB6818461037BD4680BD00BF5349435380B586B000AFF86068
:20ED8000B9607A60FB70FB687B617B680022B968786900F03BF9034618461837BD4680BD75
:20EDA00080B48FB000AF78607B685B683B623B6A1B6AFB618023BB6100237B63E2233B632D
:20EDC0000023FB62FF23BB6200237B62FB695B78C3F30103DBB21A46BB691343BB61FB699C
:20EDE0009B785BB2002B06DA7B6A43F004037B62FB699B78BB623B6A5B7A012B0BD1FB6A71
:20EE000043F00403FB62FB6A43F00103FB627B6B43F002037B633B6A9B7A012B08D13B6A02
:20EE2000DB7A002B10D1FB6A43F04003FB620BE0FB6A43F08003FB623B6ADB7A012B03D1DC
:20EE4000FB6A43F04003FB623B6A5B7B002B03D13B6B43F008033B6300237B61EFF310830A
:20EE6000BB60BB687B610123FB60FB6883F3108800BF344B5A683B6A1B7819464FF000436F
:20EE8000CB40DB432F4913404B602E4B5B687B693B613B6983F3108800BF7B689B6800229E
:20EEA0009A707B689B681B797B689B6884221A717B689B684FF478429A827B689B68BA69AF
:20EEC000D2B21A707B689B687A6BD2B29A707B689B683A6BD2B29A717B689B68FA691278DE
:20EEE0005A707B689B68BA6AD2B29A747B689B687A6AD2B2DA717B689B68FA6AD2B25A7378
:20EF00007B689B6800221A727B689B6800225A727B689B6800229A727B689B680022DA7221
:20EF20007B689B6800225A837B689B684022DA747B689B6802221A7700BF3C37BD465DF831
:20EF4000047B70470040084080B586B000AF786000237B617B685B683B613B695B69002B2D
:20EF60001ED03B695B69FB60FB685B681B684FF400221A607B689A68FB685B681B68053293
:20EF80005A60FB689B681B68FA681068FA6852681146984778617B69002B01D07B6930E0F5
:20EFA0003B691B69002B2BD03B691B69BB60BB685B681B684FF000621A607B689A68BB6834
:20EFC0005B681B6803329A60BB689B681B68BA681068BA6852681146984778617B69002B7F
:20EFE0000ED03B695B69002B08D03B695B699B681B6A3A6952691268104698477B6900E007
:20F000007B6918461837BD4680BDFFFF90B589B000AFF860B9607A603B60FB689B689B7895
:20F02000DBB203F03003002B01D0082370E0FB683A68DA61FB6800225A61FB6800229A61A6
:20F04000FB68BA68DA60FB687A681A61FB685B681B69002B39D0FB683A685A61FB685B686D
:20F060001B69FB61FB695B681B683A6892B2DA81BB68002B0CD1FB695B681A68D37823F093
:20F080000C03D370FB695B681B68234A5A600CE0FB695B681A68D378022161F38303D3702D
:20F0A000FB695B681B68BA685A60FB699B685B68FA691068FA695268126811469847B861DF
:20F0C000BB69002B01D0BB6922E0FB685B685B69002B19D07B68002B16D0FB683A689A61F8
:20F0E000FB685B685B697B617B699B689C687B6918683B689BB27A680021A04738613B69E4
:20F10000002B01D03B6903E0F86800F007F8002318462437BD4690BDCC47002080B584B055
:20F1200000AF78602023FB607B681B69002B09D07B685B681B69002B04D17B685B685B69AB
:20F14000002B03D0FB6843F08003FB607B681B69002B03D0FB6843F05003FB607B689B68AE
:20F160009B78D9B2FB68DAB27B689B680A43D2B29A707B685B681B69002B25D17B685B6850
:20F180005B69002B20D17B681B69002B1CD07B685B6893F901301846FFF756FD786800F037
:20F1A00017F87B685B685B7A012B06D17B68DB69012B02D9786800F00BF87B685B6893F98F
:20F1C00001301846FFF710FD00BF1037BD4680BD80B483B000AF78607B685A697B68DB699C
:20F1E0009A4216D27B68DB68002B09D07B68DA687B685B691A447B689B681278DA7003E05A
:20F200007B689B680022DA707B685B695A1C7B685A6100BF0C37BD465DF8047B704790B50C
:20F2200087B000AF78600B46FB707B685B6A7B617B69002B03D107F108037B6105E07A6946
:20F2400007F1080307CA83E807007B685B681B781A467B691A607B69FA781A717B689A6AA9
:20F260007B699A607B681B6A786998477B685B6A002B08D07B685B6A1C4607F1080393E855
:20F28000070084E8070000BF1C37BD4690BD80B582B000AFFFF70CFC0346FB7197F9073002
:20F2A0001846FFF741FC97F907301846FFF72AFC38603868FFF78CFF3B685A693B68DB6976
:20F2C0009A4210D13B681B69002B0CD13B689B689B78DBB203F07B03DAB23B689B6842F027
:20F2E0000402D2B29A7000BF0837BD4680BD90B583B000AFFFF7DCFB0346FB7197F90730CC
:20F300001846FFF711FC97F907301846FFF7FAFB38603868FFF75CFF3B689A693B68DB6966
:20F320009A420CD23B689A683B6819693B689B695C1C386884610B445279D2B21A703B68DA
:20F340009A693B68DB699A420CD13B689B689B78DBB203F03B03DAB23B689B6842F0040229
:20F36000D2B29A7000BF0C37BD4690BD80B582B000AFFFF79DFB0346FB7197F9073018462F
:20F38000FFF7C0FB38603B689B689B78DAB23B689B6802F00302D2B29A7001213868FFF7FC
:20F3A0003EFF97F907301846FFF7BEFB00BF0837BD4680BD80B582B000AFFFF779FB034635
:20F3C000FB7197F907301846FFF79CFB38603B689B689B78DAB23B689B6802F00302D2B211
:20F3E0009A703B689B681B793B689B6884221A7104213868FFF713FF97F907301846FFF70A
:20F4000093FB00BF0837BD4680BDFFFF80B483B000AF0346FB7197F90730002B0DDB0A4A29
:20F4200097F907305B0952F82320FB7903F01F0322FA03F303F0010300E0002318460C37DE
:20F44000BD465DF8047B704700E100E080B483B000AFEFF303837B607B683B603B88C3F30D
:20F4600008039BB2DBB2103BDBB25BB218460C37BD465DF8047B704780B483B000AF034634
:20F480003960FB7197F9073004493A6841F8232000BF0C37BD465DF8047B7047104800202D
:20F4A00080B483B000AF0346FB7197F90730044A52F8233018460C37BD465DF8047B7047A0
:20F4C0001048002080B483B000AF0346FB710B4997F9073003F1C00251F8223023F48033B3
:20F4E00041F82230054A97F90730C03352F8233000BF0C37BD465DF8047B704700600040AB
:20F5000080B584B000AF0346FB7197F907301846FFF7D8FFBFF35F8F00BF97F90730FB60AB
:20F52000FB6803F01F02074997F907305B09012000FA02F2603341F8232000BF1037BD46B2
:20F5400080BD00BF00E100E080B584B000AF0346B9607A60FB73BB68DAB2094997F90F305C
:20F560001201D2B20B4483F8002397F90F3079681846FFF781FF00BF1037BD4680BD00BF7E
:20F5800000E100E080B485B000AF0346FB7197F90730FB60FB6803F01F020749FB685B092D
:20F5A000012000FA02F241F8232000BF1437BD465DF8047B704700BF00E100E080B582B041
:20F5C00000AF0346FB7197F907301846FFF798FF97F907301846FFF7D5FF00BF0837BD4625
:20F5E00080BDFFFF80B485B000AF0346FB7197F90730FB60FB6803F01F020B4997F907304F
:20F600005B09012000FA02F2203341F82320BFF34F8F00BFBFF36F8F00BF00BF1437BD46DD
:20F620005DF8047B704700BF00E100E080B584B000AF786039607B68FB600023BB60FB6857
:20F640003A685A603B685A69FB68DA603B689A69FB685A61FB6800221A61FB6800221A7276
:20F660003968F86800F03EF93968F86800F0A4F9FB68034A1A60BB6818461037BD4680BDA2
:20F680004354520090B585B000AF786039600023FB607B68BB60002000F0E6F83B681B6857
:20F6A000DBB22C4C184600F08FFA0346A3703B685B68DBB2274C184600F086FA0346237101
:20F6C0003B689B68DBB2184600F07EFA03461A46204B02F03F02D2B29A713B689B69DBB227
:20F6E0001C4C184600F070FA034623723B68DB68DBB2184C184600F067FA0346A3723B6885
:20F700001B69DBB20133DBB2124C184600F05CFA034623733B685B69DBB2643BDBB21846B8
:20F7200000F052FA03461A460A4BDA81BB685B681B78002B05D1BB685B689B68184600F083
:20F74000ADF9012000F090F8FB6818461437BD4690BD00BF0030084080B586B000AF7860E5
:20F7600039607B687B6100233B617B695B6893F911301846FFF74AFEF860FB68002B0AD1A1
:20F780000221012000F04CF97B695B6893F911301846FFF713FF7B6900221A72314B9B78F5
:20F7A000DBB2184600F036FA03461A463B681A602C4B1B79DBB2184600F02CFA03461A46C3
:20F7C0003B685A60274B9B79DBB203F03F03DBB2184600F01FFA03461A463B689A60214BDE
:20F7E0001B7ADBB2184600F015FA03461A463B689A611C4B9B7ADBB2184600F00BFA03469E
:20F800001A463B68DA60174B1B7BDBB2184600F001FA03465A1E3B681A61124BDB899BB2F0
:20F82000DBB2184600F0F6F9034603F164023B685A617B691B7ADBB2002BACD1FB68002BC1
:20F840000AD10221002000F0EBF87B695B6893F911301846FFF7C6FE3B6918461837BD46D7
:20F8600080BD00BF0030084080B483B000AF0346FB710E4AFB7903F00103D9B292F824301D
:20F8800061F3000382F82430084B93F82430C3F30003DBB21A46FB799A42F5D100BF00BFD7
:20F8A0000C37BD465DF8047B704700BF0030084080B400AF0A4A92F8243043F0020382F879
:20F8C0002430074B93F82430C3F34003DBB2002BF7D100BF00BFBD465DF8047B704700BF5F
:20F8E0000030084080B584B000AF786039607B685B68304A1B7882F828300121C82004F084
:20F9000095FA0020FFF7B0FF7B685B681B78012B07D1284B00225A853B685A68254B92B2C9
:20F920009A85244B002283F82420224B93F82430C3F3C013DBB2002BF7D1FFF7B9FF1D4BED
:20F94000002283F822201B4B93F82230DBB2002BF9D1184A92F8243043F0400382F824307F
:20F96000144B93F82430C3F38013DBB2012BF7D10023FB7316E00F49FB7B03F1200211F80B
:20F98000123023F0800301F812300A4AFB7B203312F81330C3F3C013DBB2002BF5D1FB7B6D
:20F9A0000133FB73FB7B002BE5D000BF00BF1037BD4680BD0030084080B582B000AF7860E4
:20F9C00039603B6893F90F30002B08DB3B6893F90F003B689B7B7A681946FFF7B5FD3B688F
:20F9E00093F90D30002B08DB3B6893F90D003B681B7B7A681946FFF7A7FD3B6893F9113070
:20FA0000002B08DB3B6893F911003B681B7C7A681946FFF799FD00BF0837BD4680BDFFFF55
:20FA200080B483B000AF03460A46FB711346BB71FB79002B14D0184B93F82230DAB2164978
:20FA4000BB791343DBB281F82230134B93F82230DAB2BB791340DBB2BA799A42F5D114E020
:20FA60000D4B93F82230DAB2BB79DB43DBB20A491340DBB281F82230074B93F82230DAB22D
:20FA8000BB791340DBB2002BF6D100BF0C37BD465DF8047B704700BF0030084080B485B030
:20FAA00000AF78600023FB737B681B78BB737B685B787B737B689B783B737B685B68BB6081
:20FAC000334B93F82430C3F30013DBB21A46BB7B93421ED02E4B002283F82E202C4B93F8B4
:20FAE0002E30DBB2002BF9D1294ABB7B03F00103D9B292F8243061F3041382F82430244B75
:20FB000093F82430C3F30013DBB21A46BB7B9A42F5D1BB7B012B1ED11D4B93F82430C3F32A
:20FB20004013DBB21A467B7B934214D0184A7B7B03F00103D9B292F8243061F3451382F8F8
:20FB40002430134B93F82430C3F34013DBB21A467B7B9A42F5D13B7B9B01DAB2BB68DBB2F8
:20FB600003F03F03DBB21343FB73094AFB7B82F82E30074B93F82E30DBB2FA7B9A42F8D17C
:20FB800000BF00BF1437BD465DF8047B704700BF0030084080B582B000AFFFF757FC03462F
:20FBA000FB7197F907301846FFF77AFC38603B6801221A7297F907301846FFF783FC00BF05
:20FBC0000837BD4680BDFFFF80B483B000AF0346FB71FB790E4AA2FB0323DB08DBB25BB2D1
:20FBE0001B0158B2FA790A4BA3FB0213D9080B469B000B445B00D31ADBB25BB203435BB213
:20FC0000DBB218460C37BD465DF8047B704700BFCDCCCCCC80B483B000AF0346FB71FB79F9
:20FC20001B09DBB21A46920013445B00DAB2FB7903F00F03DBB21344DBB218460C37BD4655
:20FC40005DF8047B7047FFFF80B584B000AF786039607B68FB60FB683A685A60386800F005
:20FC600029F8B860BB68002B01D0BB6803E0FB68034A1A60002318461037BD4680BD00BF35
:20FC80004D504C5280B584B000AF78607B68FB6000F008FA012004F09BFAF86800F040F9D6
:20FCA000B860012004F044FABB6818461037BD4680BDFFFF80B586B000AF786000237B61E2
:20FCC00000233B610023FB60012004F081FA00F0E9F97B681B78002B00F0D1807B681B782D
:20FCE000042B6BD17B68D3E908237149D3B281F802347B68D3E908014FF000024FF00003B6
:20FD0000020A42EA01620B0A6949D3B281F803347B68D3E908014FF000024FF00003020C13
:20FD200042EA01420B0C6249D3B281F804347B68D3E908014FF000024FF00003020E42EAF5
:20FD400001220B0E5A49D3B281F805347B68D3E90A235749D3B281F80A347B68D3E90A013B
:20FD60004FF000024FF00003020A42EA01620B0A4F49D3B281F80B347B68D3E90A014FF092
:20FD800000024FF00003020C42EA01420B0C4849D3B281F80C34FB6843F08003FB607B6865
:20FDA0009B7F03F00303FA681343FB607B685B7F9B0103F04003FA681343FB607B681B7805
:20FDC000032B3AD17B68D3E90423134301D101237B617B68D3E9042335491346C1F89830DE
:20FDE0007B68D3E904014FF000024FF000030A0000232F491346C1F888307B681B7F5B0095
:20FE00007A6913437B617B685B8B2A4AC3F3080399B2B2F8003261F30803A2F800327B689A
:20FE20001A8B234BD2B283F894207B681B8B1B0A9AB21F4BD2B283F895204FF480433B6142
:20FE40003B6943F400433B617B681B78002B7B681B78012B7B68D3E9022316491346C1F870
:20FE6000A0317B68D3E902014FF000024FF000030A0000230F491346C1F8A43102E04FF4FB
:20FE800080433B610A4B3A6992B29A81084B7A69D2B283F89220064BFA68D2B283F80024EF
:20FEA000012004F045F9002318461837BD4680BD00E001400060004080B483B000AF786030
:20FEC0007B68002B01D005231CE0114B1B78DBB2012B01D0052315E00E4B1B78DBB2012BE4
:20FEE00001D005230EE00C4B1B78DBB2012B01D0052307E0094B1B78DBB2012B01D00523FF
:20FF000000E0002318460C37BD465DF8047B704738E0014032E001402AE001404AE001404D
:20FF200080B588B000AF78600023FB615A4B3B610023BB6100237B61584BFB60584B9B890A
:20FF4000C3F3C033DBB2012B62D1554B93F82630DBB2BB603B691B78DBB203F00303FB61CA
:20FF60004F4B93F8AA30C3F30003DBB2BB614C4B93F80034C3F3C013DBB2002B13D1484B12
:20FF800093F89230C3F30003DBB2012B07D1B868FFF792FF0346002B01D0052377E000203F
:20FFA00004F016F925E0002004F012F93C4A92F80E3423F0010382F80E34394B93F80634AC
:20FFC000374B002283F80624354B93F80734344B002283F80724324B93F80834304B00226A
:20FFE00083F808242E4B93F809342D4B002283F80924FB681B78DBB2DB0903F001037B619D
:020000040002F8
:20000000FB681B78DBB203F07F03DAB2FB681A707B685B681B78032B09D1214A92F8923077
:2000200043F0800382F892301D4B93F89230BFF34F8F00BF30BF1A4A92F8923023F0800395
:2000400082F89230164B9B89C3F3C033DBB2012B1CD100F027F8FB69DBB203F00303DAB20B
:200060003B691A70BB69DBB20D4A03F00103DBB282F8AA30FB681B78DAB27B69DBB2134329
:20008000DAB2FB681A70002004F052F8002318462037BD4680BD00BFA0E0014040E0014090
:2000A00000E0014080B400AF064B93F8AA30C3F30013DBB2002BF7D100BF00BFBD465DF867
:2000C000047B704700E0014080B483B000AF0346FB800A49FB881B0A9BB21A46FB88DBB237
:2000E0001201134451F82330C3F34003DBB218460C37BD465DF8047B704700BF0008084036
:2001000080B485B000AF0023FB60EFF310837B607B68FB600123BB60BB6883F3108800BF8C
:200120000D4B1B68002B05D10C4B0022DA700B4B4022DA70084B1B680133074A1360FB68ED
:200140003B603B6883F3108800BF00BF1437BD465DF8047B704700BF0C480020000D084074
:2001600080B485B000AF0023FB60EFF310837B607B68FB600123BB60BB6883F3108800BF2C
:200180000F4B1B68002B04D00D4B1B68013B0C4A13600B4B1B68002B05D10A4B0022DA7008
:2001A000084B8022DA70FB683B603B6883F3108800BF00BF1437BD465DF8047B704700BF3B
:2001C0000C480020000D084080B584B000AF786039607B68FB60FB68044A1A60386800F0D4
:2001E00052F8002318461037BD4680BD54524F5080B584B000AFF8600B467A607B817B89CD
:200200001846FFF761FF0346DAB27B681A70002318461037BD4680BD80B487B000AF7860EE
:200220000B467B8013467B700023FB820023BB827B8823F0FF037B827B88DBB23B823B8A07
:20024000012202FA03F3FB817B78002B02D1FB89BB8201E0FB89FB827B8A1B0A9BB2DBB275
:200260005B0103F1804303F50023BB60BB8A1A04FB8A1A43BB689A60002318461C37BD46FC
:200280005DF8047B704780B584B000AF7860786800F060F87B68BB60FFF732FF0023FB81F7
:2002A00011E0BB685A68FB89DB0013449888BB685A68FB89DB0013441B68194600F00EF81F
:2002C000FB890133FB81BB681B88FA899A42E8D3FFF746FF00BF1037BD4680BD80B483B022
:2002E00000AF03463960FB803B6803F48033002B1CD01749FB881B0A9BB21A46FB88DBB2C9
:2003000012011A4451F8223023F4803341F822300F48FB881B0A9BB21946FB88DBB23A681F
:2003200022F4803209010B4440F823200849FB881B0A9BB21A46FB88DBB2120113443A685F
:2003400041F8232000BF0C37BD465DF8047B70470008084080B588B000AF7860594B7B61CD
:20036000594B3B610023FB619FE00023BB6195E07B685A68FB69DB0013449A885349BB696E
:2003800031F813309A4240F086807B685A68FB69DB0013441B6803F0F853FB60FB68B3F181
:2003A000807F03D0FB68B3F1106F39D17B6993F8BB34DAB20121BB6901FA03F3DBB21340DA
:2003C000DBB2002B13D1012003F002FF7B6993F8BB34DAB20121BB6901FA03F3DBB2134368
:2003E000DAB27B6983F8BB24012003F0A1FE3B69BA69203213F81230C3F3C013DBB2002BD9
:2004000049D13A69BB6903F1200112F8113043F0800302F811300121C82003F007FD3AE08F
:200420007B6993F8BB34DAB20121BB6901FA03F3DBB21340DBB2002B15D0012003F0C8FE44
:200440007B6993F8BB34DAB20121BB6901FA03F3DBB2DB43DBB21340DAB27B6983F8BB2426
:20046000012003F065FE3B69BA69203213F81230C3F3C013DBB2002B0DD03A69BB6903F1C6
:20048000200112F8113023F0800302F811300121C82003F0CBFCBB690133BB61BB69022B96
:2004A0007FF666AFFB690133FB617B681B881A46FB699342FFF459AF00BF00BF2037BD46CC
:2004C00080BD00BF00E00140003008400099020080B483B000AFEFF303837B607B683B6015
:2004E0003B88C3F308039BB2DBB2103BDBB25BB218460C37BD465DF8047B704780B483B023
:2005000000AF03463960FB7197F9073004493A6841F8232000BF0C37BD465DF8047B70471C
:200520001048002080B483B000AF0346FB7197F90730044A52F8233018460C37BD465DF8CD
:20054000047B70471048002080B483B000AF0346FB710B4997F9073003F1C00251F82230B6
:2005600023F4803341F82230054A97F90730C03352F8233000BF0C37BD465DF8047B7047F0
:200580000060004080B584B000AF0346FB7197F907301846FFF7D8FFBFF35F8F00BF97F90D
:2005A0000730FB60FB6803F01F02074997F907305B09012000FA02F2603341F8232000BFDA
:2005C0001037BD4680BD00BF00E100E080B584B000AF0346B9607A60FB73BB68DAB2094951
:2005E00097F90F301201D2B20B4483F8002397F90F3079681846FFF781FF00BF1037BD461B
:2006000080BD00BF00E100E080B485B000AF0346FB7197F90730FB60FB6803F01F02074967
:20062000FB685B09012000FA02F241F8232000BF1437BD465DF8047B704700BF00E100E050
:2006400080B582B000AF0346FB7197F907301846FFF798FF97F907301846FFF7D5FF00BF6F
:200660000837BD4680BDFFFF80B485B000AF0346FB7197F90730FB60FB6803F01F020B4943
:2006800097F907305B09012000FA02F2203341F82320BFF34F8F00BFBFF36F8F00BF00BFD4
:2006A0001437BD465DF8047B704700BF00E100E080B586B000AF786039607B687B613B68F4
:2006C00093F902207B691A712A4A7B6993F90430C03352F823303B61264A7B6993F90430A5
:2006E000C033002142F823103B689A687B699A603B68DA687B69DA603B681A787B695A710F
:200700007B695B79FB731B4AFB7B0021D1543B681B791B01BB733B685B79DB01DAB2BB7BFC
:200720001343BB733B68DA78BB7B1343BB731149FB7BBA7BCA540F497B6993F90430C03374
:200740003A6941F823207B6993F90430002B08DB7B6993F904003B685B787A691946FFF7A6
:2007600035FF7B69044A1A60002318461837BD4680BD00BF006000405543490080B584B0E0
:2007800000AF78607B68FB60FB6893F904301846FFF756FF002318461037BD4680BD80B58B
:2007A00084B000AF78607B68FB60FB6893F90430002B0CDBFB6893F904301846FFF754FF41
:2007C000FB6893F9043000211846FFF797FEFB6800221A60002318461037BD4680BDFFFFE7
:2007E00080B586B000AFFFF773FE0346BB7597F916301846FFF796FE38610023FB753B6971
:200800005B79FB73174AFB7BD35CC3F30103DBB2BB73BB7B032B02D10123FB7504E097F9DC
:2008200016301846FFF790FE3B69002B0ED03B699B68002B0AD03B695B79BB603B69DB68BD
:200840007B603B699B683A1D10469847FB7D002B04D097F916301846FFF776FE00BF183767
:20086000BD4680BD0060004080B483B000AFEFF303837B607B683B603B88C3F308039BB2F0
:20088000DBB2103BDBB25BB218460C37BD465DF8047B704780B487B000AF0346FB710E4B8F
:2008A0001B6A7B61FB797A6922FA03F303F007033B617B691B0E03F00703FB60074B1A689C
:2008C000FB689A403B6922FA03F318461C37BD465DF8047B704700BF00E001409C49002001
:2008E00080B483B000AF03463960FB7197F9073004493A6841F8232000BF0C37BD465DF808
:20090000047B70471048002080B483B000AF0346FB7197F90730044A52F8233018460C370B
:20092000BD465DF8047B70471048002080B483B000AF0346FB710B4997F9073003F1C00215
:2009400051F8223023F4803341F82230054A97F90730C03352F8233000BF0C37BD465DF8A7
:20096000047B70470060004080B584B000AF0346FB7197F907301846FFF7D8FFBFF35F8F42
:2009800000BF97F90730FB60FB6803F01F02074997F907305B09012000FA02F2603341F8A9
:2009A000232000BF1037BD4680BD00BF00E100E080B584B000AF0346B9607A60FB73BB6849
:2009C000DAB2094997F90F301201D2B20B4483F8002397F90F3079681846FFF781FF00BFA3
:2009E0001037BD4680BD00BF00E100E080B485B000AF0346FB7197F90730FB60FB6803F0AB
:200A00001F020749FB685B09012000FA02F241F8232000BF1437BD465DF8047B704700BFBC
:200A200000E100E080B582B000AF0346FB7197F907301846FFF798FF97F907301846FFF75D
:200A4000D5FF00BF0837BD4680BD80B584B000AF0346B9607A60FB7397F90F307A68B968F0
:200A60001846FFF7A5FF97F90F301846FFF7DAFF00BF1037BD4680BD80B584B000AF78604C
:200A800039607B68FB603B681B7C1A46012303FA02F2FB68DA603968F86800F009F939689F
:200AA000F86800F037F9FB68034A1A60002318461037BD4680BD00BF5450470080B485B071
:200AC00000AF78607B68FB60FB689B68FA68D2689A60002318461437BD465DF8047B7047FB
:200AE00080B485B000AF78607B68FB60FB689B68FA68D2685A60002318461437BD465DF8E8
:200B0000047B704780B485B000AF78607B68FB60FB689B68FA68D268DA6000231846143769
:200B2000BD465DF8047B704780B58CB000AFF860B9607A607B6803F003037B62FB683B6203
:200B40004FF0FF337B610023BB6107F114027B68B968386A00F053FA386A00F09EF8F86197
:200B60003B6A9B681B6BFB62BB69002B29D10223BB627B6803F00803002B01D00423BB623E
:200B80007B6803F00203002B11D03B6A99687A69BB6A12339B000B445A603B6A9968BB6A0C
:200BA00001337A6912339B000B445A6009E03B6A99687A6ABB6A13447A6912339B000B4434
:200BC0005A607B6803F04003002B07D03B6A9B681A6C3B6A9B6842F480021A647B6A012B23
:200BE00008D0FB6A23F44033FB62BB691B04FA6A1343FB627B68022B09D1BB69002B06D068
:200C000007F114020123B968386A00F0F8F97B6A002B08D0FB6A23F04073FB62BB691B0649
:200C2000FA6A1343FB623B6A9B68FA6A1A63FB6943F425431946386A00F024F80023184683
:200C40003037BD4680BD80B586B000AF786039607B687B617B699B685B6E3B613B6901337F
:200C6000FB603B68FA689A60786900F03DFA02463B685A603B6801221A700023184618374D
:200C8000BD4680BD80B483B000AF7860396000BF0C37BD465DF8047B704780B483B000AFE7
:200CA0007860002318460C37BD465DF8047B704780B485B000AF786039607B683A685A6042
:200CC0007B6801221A747B68DB6803F00603002B02D07B6800221A743B681B7C1A460C4BDD
:200CE00013441B02FB60FA687B689A603B685A697B685A613B689A697B68DA617B68002219
:200D00009A6100BF1437BD465DF8047B704700BF9016400080B592B000AF786039603B6861
:200D2000DB69BB6300237B63EFF31083BB61BB697B6301237B617B6983F3108800BF934B2E
:200D40001A693B681B7C19464FF00043CB40DB438E4913400B618D4B1B697B6B3B613B69B4
:200D600083F3108800BF7B689B684FF425421A607B689B680022DA627B689B680022DA6313
:200D80007B689B6800229A643B681B7A3B633B6BDB057B643B685B68013BFB623B681B78DD
:200DA000032B03D17B6C43F480337B647B689B687A6CDA62786800F0EBF87B689B68BA6BBB
:200DC0009269DA617B689B68BA6BD2691A627B689B68FA6A9A667B689B68FA6A5A660023A4
:200DE000BB62BB6B9B6B3B644FF0FF33BB600023FB603B681B78002B06D13B685B685B0800
:200E0000013B7B627B6ABB603B681B78012B07D93B68D96807F108020023786800F0EFF8B7
:200E20007B689B68BA685A657B689B68BA689A653B681B78032B07D97B689B68BA68DA6559
:200E40007B689B68BA681A66FB681B04BA6A1343BB62FB681B06BA6A1343BB62BB6B9B6BAA
:200E6000002B1ED1BB6B1B78002B0AD0BB6B5B781946386800F04FF938623A6C3B6A13432F
:200E80003B64BB6B9B78002B0BD0BB6BDB781946386800F040F9F861FB691B043A6C1343FB
:200EA0003B64786800F062F97B689B6800229A637B689B680022C3F88820BB6B9B6B002BA1
:200EC0000DD1BB6B93F820305B033A6C13433B64BB6B93F821305B073A6C13433B644FF4F8
:200EE000AA03FB63BB6B93F83030002B02D04FF4A003FB637B689B68FA6B1A643B681B7896
:200F0000012B07D17B689B680022DA647B689B6800221A657B689B683A6C5A637B689B68D1
:200F2000BA6A42F003021A637B689B68BA6A42F001021A637B689B687A68D268DA604AF2A5
:200F400001517868FFF79EFE3B6893F912003B685B7C7A68194600F03CF8BB6B93F92400D7
:200F6000BB6B93F822307A68194600F032F8BB6B93F92500BB6B93F823307A68194600F007
:200F800028F800BF4837BD4680BD00BF0040084080B483B000AF78607B689B684FF0004217
:200FA0001A617B689B684FF000425A617B689B684FF000429A617B689B6800225A627B688B
:200FC0009B6800229A6200BF0C37BD465DF8047B704780B584B000AF0346B9607A60FB739E
:200FE00097F90F30002B06DB97F90F307A68B9681846FFF72AFD00BF1037BD4680BD80B44F
:201000008BB000AFF860B9607A603B60FB689B689B6EFB61FB690133FB61BB68002B0CBF28
:2010200001230023FB76BA68FB699A422CBF01230023BB76FB7E002B02D1BB7E002B44D044
:201040003B6803F00103002B07D1FB689B685B6BC3F30403DBB27B6206E0FB689B685B6B8E
:20106000C3F30443DBB27B62FB685B681B78032B09D97B6A03F01003002B0CBF0123002318
:2010800087F8233008E07B6A03F00C03042B0CBF0123002387F82330FB7E002B06D097F893
:2010A000233083F00103DBB2002B06D1BB7E002B07D097F82330002B03D07B6802225A60FB
:2010C0000CE07B6803225A6008E0BB687B617B69013B7B617B687A691A6000BF00BF2C375E
:2010E000BD465DF8047B704780B584B000AF78607B689B68DB6AC3F3C353DBB2FB73002060
:20110000FFF7C8FBB860FB7BBA6822FA03F318461037BD4680BD80B485B000AF78600B462E
:20112000FB70FB789A01FB781B01134343F48073BB600923FB607B681B78022B0BD07B6824
:201140001B78032B02D10323FB6004E0FB78002B01D10623FB60BA68FB681343BB60BB6889
:2011600018461437BD465DF8047B704780B485B000AF78607B685B68DB69FB60FB6893F815
:20118000303003F00103DBB2002B05D0FB689A6A7B689B68013ADA64FB6893F8303003F064
:2011A0000203DBB2002B05D0FB68DA6A7B689B68013A1A6500BF1437BD465DF8047B7047BE
:2011C00090B589B000AFF8600B467A60FB72FB689B69FB61FB69002B03D107F11003FB6165
:2011E00005E0FA6907F1100307CA83E80700FB69FA7A1A71FB697A689A60FB68DA69FB69AC
:201200001A60FB685B69F8699847FB689B69002B08D0FB689B691C4607F1100393E807002D
:2012200084E8070000BF2437BD4690BD80B584B000AFFFF719FB0346FB7397F90F301846CB
:20124000FFF774FB97F90F301846FFF75DFBB860BB685B681B78012B20D1B868FFF71DFDD0
:201260007860BB689B68BA68D2689A60BB689B6800229A64BB689B680022DA64BB689B6828
:2012800000221A657B6843F425431946B868FFF7F9FC97F90F301846FFF766FBBB685B6956
:2012A000002B04D000220021B868FFF789FF00BF1037BD4680BD80B483B000AFEFF303838A
:2012C0007B607B683B603B88C3F308039BB2DBB2103BDBB25BB218460C37BD465DF8047BFA
:2012E0007047FFFF80B487B000AF0346FB710E4B1B6A7B61FB797A6922FA03F303F007034A
:201300003B617B691B0E03F00703FB60074B1A68FB689A403B6922FA03F318461C37BD4651
:201320005DF8047B704700BF00E001409C49002080B400AF094B0122A3F80421074BB3F826
:2013400004319BB2002BF9D1044B0122A3F8002100BFBD465DF8047B704700BF00C00140DB
:2013600080B483B000AF03463960FB7197F9073004493A6841F8232000BF0C37BD465DF87D
:20138000047B70471048002080B483B000AF0346FB7197F90730044A52F8233018460C3781
:2013A000BD465DF8047B70471048002080B483B000AF0346FB710B4997F9073003F1C0028B
:2013C00051F8223023F4803341F82230054A97F90730C03352F8233000BF0C37BD465DF81D
:2013E000047B70470060004080B584B000AF0346FB7197F907301846FFF7D8FFBFF35F8FB8
:2014000000BF97F90730FB60FB6803F01F02074997F907305B09012000FA02F2603341F81E
:20142000232000BF1037BD4680BD00BF00E100E080B584B000AF0346B9607A60FB73BB68BE
:20144000DAB2094997F90F301201D2B20B4483F8002397F90F3079681846FFF781FF00BF18
:201460001037BD4680BD00BF00E100E080B485B000AF0346FB7197F90730FB60FB6803F020
:201480001F020749FB685B09012000FA02F241F8232000BF1437BD465DF8047B704700BF32
:2014A00000E100E080B582B000AF0346FB7197F907301846FFF798FF97F907301846FFF7D3
:2014C000D5FF00BF0837BD4680BDFFFF80B485B000AF0346FB7197F90730FB60FB6803F0B7
:2014E0001F020B4997F907305B09012000FA02F2203341F82320BFF34F8F00BFBFF36F8F6F
:2015000000BF00BF1437BD465DF8047B704700BF00E100E080B584B000AF0346B9607A60A0
:20152000FB7397F90F307A68B9681846FFF780FF97F90F301846FFF7B5FF00BF1037BD46B8
:2015400080BDFFFF80B584B000AF786039607B68FB600023BB60FB683A685A603B681B7856
:20156000002B23D03B685A68FB681A643B68DA68FB689A64FB6800225A64184B01221A7668
:201580003B6893F911003B681B7CFA681946FFF7C1FF124B98221A753B6893F913003B68CF
:2015A0009B7CFA681946FFF7B5FF05E00B4B00221A760A4B00221A75F86800F0B1FAB860A3
:2015C000BB68002B01D0BB6803E0FB68044A1A60BB6818461037BD4680BD00BF00E07F4055
:2015E0004E45504F80B586B000AFF860B9607A603B60FB683B6100237B613B685A083B6912
:201600009A633B69BA681A633B697A685A633B69002283F83C207B68B3F1006F04D238693D
:2016200006F06EFF786103E0386900F0C2F978617B6918461837BD4680BD80B588B000AF79
:20164000F860B9607A60FB687B610023FB617B69002283F83C20BB68B3F1006F19D2002360
:20166000BB61BB68B3F5803F06D2BB6823F4FF5323F01F03BB6105E0BB6823F4FF4323F09B
:201680007F03BB617A68B969786906F045FFF8610EE0BB6823F03F033B617A6839697869CD
:2016A00000F0DAFAF861FB69002B01D0FB6900E0FB6918462037BD4680BD80B588B000AFF4
:2016C000F860B9607A603B60FB687B610023FB61BB68B3F1006F1DD27B69002283F83C2064
:2016E0003B6800221A70BB683B610023BB610CE03A69BB6913441B78FF2B03D03B6801223D
:201700001A700EE0BB690133BB61BA697B689A42EED306E03B687A68B968786900F090F954
:20172000F861FB6918462037BD4680BD80B483B000AF786039600B4BB3F884309BB203F07B
:201740008103002B03D13B6800221A7002E03B6801221A70002318460C37BD465DF8047BEA
:20176000704700BF00E07F4080B487B000AFF860B9601346FB80FB687B6100233B610623CE
:201780003B613B6918461C37BD465DF8047B704780B487B000AFF860B9607A60FB687B6126
:2017A00000233B6106233B613B6918461C37BD465DF8047B704780B485B000AF78607B68EF
:2017C000FB600023BB600623BB60BB6818461437BD465DF8047B704780B584B000AF7860E2
:2017E0007B68FB60F86806F087FE034618461037BD4680BD80B584B000AF78600B46FB70F6
:201800001346BB707B68FB600023BB60BA78FB781946F86806F088FEB860BB681846103708
:20182000BD4680BD80B485B000AF78607B68FB600023BB600623BB60BB6818461437BD46E9
:201840005DF8047B704780B584B000AF78607B68FB60F86800F064F9034618461037BD4631
:2018600080BDFFFF80B483B000AF786039603B68094A92E8030083E803003B68074A083396
:2018800092E8030083E80300002318460C37BD465DF8047B704700BF28990200700A0020EF
:2018A00080B584B000AF78607B68FB600023BB60FB6800221A60FB685B6893F91130002B9F
:2018C00006DBFB685B6893F911301846FFF7FEFD0B4B00221A76FB685B6893F91330002BBD
:2018E00006DBFB685B6893F913301846FFF7EEFD034B00221A75BB6818461037BD4680BDCC
:2019000000E07F4080B487B000AFF860B9607A603B60FB687B617B69BA681A647B697A689F
:201920009A647B693A685A64002318461C37BD465DF8047B704780B485B000AF78600B46C2
:20194000FB700623FB60FB6818461437BD465DF8047B704780B485B000AF78600B46FB7052
:201960000623FB60FB6818461437BD465DF8047B704780B487B000AFF8600B467A60FB723F
:2019800006237B617B6918461C37BD465DF8047B704780B487B000AFF860B9607A603B601F
:2019A00006237B617B6918461C37BD465DF8047B704780B586B000AF786000237B6178682E
:2019C00000F088FA78617B69002B01D07B6932E07B685B681B78002B06D07B68012283F82B
:2019E0003C2000233B6102E07B68DB683B613A690421786806F094FD78617B685B681B78E7
:201A0000002B01D07B6916E018224FF48051786906F07EFD78617B689B6B002B02D07B69AD
:201A2000002BE4D006F070FDF8607B69002B01D1FB687B617B6918461837BD4680BDFFFF1D
:201A400080B588B000AFF860B9607A603B60F86800F040FAF861FB69002B01D0FB6957E0A6
:201A60002D4B002283F8D0202B4ABB681363BA687B681344284A013B5363284B71221A7003
:201A8000264BD0221A70FB685B681B78002B08D0FB68032283F83C203B6802221A700023CA
:201AA00036E0FB685B697A689208013202FB03F3BB6108E0BB69002B02D11423FB610AE0A4
:201AC000BB69013BBB61144BD3F88030C3F3C033DBB2012BEED14FF4FC720021F86906F066
:201AE00017FDF8610C4B93F8D430DBB2012B03D13B6801221A7002E03B6800221A7006F08F
:201B000003FD7861FB69002B01D17B69FB61FB6918462037BD4680BD00E07F4000007E4095
:201B200080B586B000AF78607B68002283F83C201C20FFF7D7FB78611820FFF7D3FB386165
:201B40003E4B012283F816247B693D4A934202D84FF4FB736EE07B6903F5742303F23F2341
:201B6000384AA2FB03239B0CFB603B6903F5742303F23F23334AA2FB03239B0CBB60FB682F
:201B80009BB2314A03F5F0539BB2A2F8E430BB6843F6B85202FB03F32C4AA2FB03239A0813
:201BA0007B689A60BB6840F6D86202FB03F3274AA2FB03239A087B68DA60BB685B00234AE4
:201BC000A2FB03239A087B681A61BB68542202FB03F31E4AA2FB03239A087B685A61BB6828
:201BE0004FF4FA2202FB03F3184AA2FB03239A087B689A61BB6844F2506202FB03F3134A93
:201C0000A2FB03239A087B685A62BB68104A02FB03F30E4AA2FB03239A087B681A62BB6811
:201C20000C4A02FB03F3094AA2FB03239A087B68DA61002318461837BD4680BD00E0014054
:201C4000FF083D0083DE1B4300E07F40ABAAAAAA80DE0F00A0F7030080B588B000AFF860BE
:201C6000B9607A600023FB61FB68BA681A63FB687A689A63F86800F02DF9F861FB69002B50
:201C800002D04FF4FA7336E0FB685B681B78002B06D0FB68022283F83C200023BB6102E073
:201CA000FB685B6ABB61164B0122A3F8E020BA694021F86806F01CFCF861FB685B681B78BD
:201CC000002B01D0FB6916E019224FF40051F86906F01EFCF861FB689B6B002B02D0FB694B
:201CE000002BE4D006F010FC7861FB69002B01D17B69FB61FB6918462037BD4680BD00BF71
:201D000000E07F4080B584B000AFFFF7D4FA0346BB7397F90E301846FFF736FBB8601E4BFD
:201D20001B7CDBB27B601C4BD3F880201B4B13403B607B6803F00803002B02D00423FB730B
:201D400019E07B6803F08003002B02D00523FB7311E07B6803F01003002B0AD03B6803F425
:201D60004053002B02D00723FB7304E00623FB7301E00723FB73B86806F0BEFB97F90E30AA
:201D80001846FFF713FBFB7B1946B86800F06EF800BF1037BD4680BD00E07F404070F00011
:201DA00080B584B000AF0023FB73FFF784FA03467B7397F90D301846FFF7E6FAB86097F926
:201DC0000D301846FFF7F2FABB6893F83C30012B17D1BB689B6B002B0ED000220421B868BF
:201DE00006F09EFB78607B68002B2BD0B86806F083FB0723BB7325E00123BB730123FB739E
:201E000020E0BB6893F83C30022B0ED1BB689B6B002B05D000224021B86806F069FB11E085
:201E20000023BB730123FB730CE00123FB730E4B93F8D430DBB2012B02D10323BB7301E098
:201E40000223BB73FB7B002B0AD006F05DFBBB68002283F83C20BB7B1946B86800F006F8A7
:201E600000BF1037BD4680BD00E07F4080B586B000AF78600B46FB707B685B6C7B617B6965
:201E8000002B03D107F10C037B6106E07A6907F10C0392E8030083E803007B69FA781A70C5
:201EA0007B689A6C7B695A607B681B6C786998477B685B6C002B08D07B685B6C1A4607F1C2
:201EC0000C0393E8030082E8030000BF1837BD4680BDFFFF80B584B000AF78600023FB604E
:201EE0004FF49643BB607B685B681B78002B0DD07B685B6893F911301846FFF7D3FA7B68F3
:201F00005B6893F913301846FFF7CCFA0C4B4AF68022A3F8842008E0BB68002B02D14FF451
:201F2000FA7309E0BB68013BBB60054BB3F884309BB2802BF0D1FB6818461037BD4680BD21
:201F400000E07F4080B586B000AF786039607B687B6100F07DF93B685B683B613B691B78F9
:201F6000FB7397F90F30002B01DA0B2319E097F90F300E4A52F82330002B01D0082310E01C
:201F80007B69FA7B1A713B681B68002B05D03B681B681946786900F09BF97B69044A1A60A1
:201FA000002318461837BD4680BD00BF000000200043544480B584B000AF786039607B68EB
:201FC000FB60FB6893F90430184600F0EFF9F86800F0D2F93968F86800F07AF9F86800F07E
:201FE0001DF90346002B01D0132300E0002318461037BD4680BDFFFF80B588B000AFF860F6
:20200000B9607A607B80FB68FB61FB691B79FB7697F91B301F4A52F823307B6197F91B3012
:20202000184600F0C3F9F86900F0A6F91A4B08221A74BB68002B02D0BA687B695A607B68C6
:20204000002B02D07A687B699A607B69DB7823F03F03DBB2802B03D17B697A889A8109E041
:202060007B69DB7823F03F03DBB2002B02D17B697A88DA81084B18221A74F86900F0CEF8D6
:202080000346002B01D0132300E0002318462037BD4680BD000000200054004080B483B0B2
:2020A00000AF78600B46FB70062318460C37BD465DF8047B704780B483B000AF786006236E
:2020C00018460C37BD465DF8047B704780B584B000AF78607B68FB60F86800F09FF8034673
:2020E00018461037BD4680BD80B584B000AF78607B68FB60FB6893F90430184600F056F90D
:20210000002318461037BD4680BDFFFF80B485B000AF786039607B68FB60FB6893F90430CF
:202120001A461F4B53F82230BB603B6800221A603B6800225A60BB68DB7823F03F03DBB207
:20214000002B1BD03B684FF480729A60BB68DB899BB2DAB23B68DA60BB68DB7823F03F038F
:20216000DBB2802B14D13B684FF480321A60BB689B899BB21A463B685A6009E03B684FF410
:2021800080329A60BB68DB899BB21A463B68DA60002318461437BD465DF8047B704700BF69
:2021A0000000002080B485B000AFF860B9607A603B60062318461437BD465DF8047B7047A1
:2021C00080B485B000AFF860B9607A603B60062318461437BD465DF8047B704780B586B036
:2021E00000AF78607B687B6100233B617B691B79FB7397F90F30184600F0D8F897F90F3038
:20220000054A002142F823107B6900221A603B6918461837BD4680BD0000002080B483B049
:2022200000AF786009497B6893F9043003F1C00251F8223043F0807341F82230002318469F
:202240000C37BD465DF8047B704700BF0060004080B584B000AF1A4B1B7883F00103DBB23A
:20226000002B29D0164B01221A700023FB60EFF310833B603B68FB6001237B607B6883F348
:20228000108800BF0F4B1B680E4A23F4800313600C4B1B68FB68BB60BB6883F3108800BF5D
:2022A0004FF4C0720021084805F082FC074B064A5A61064B01221A7300BF1037BD4680BD21
:2022C000CD47002000400840000000200054004080B582B000AF78603960386800F016F869
:2022E000084B08221A747B6893F904301946064A3B6842F82130034B18221A7400BF08373F
:20230000BD4680BD005400400000002080B485B000AF78600023FB60FB681B017A681344A3
:20232000DB7823F03F03DBB2002B12D0FB681B017A681344DB899BB2FB72FB7A99B2FB6862
:202340001B017A6813440A46114609020A4492B2DA81FB685A1CFA601B017A6813449B78EE
:2023600023F03F03DBB2002BD6D100BF00BF1437BD465DF8047B704780B485B000AF786062
:202380007B6893F9043043F40043FB60064BDB899BB21A46FB689342F8D000BF00BF14379A
:2023A000BD465DF8047B70470054004080B483B000AF0346FB71084997F9073003F1C00262
:2023C00051F8223023F0807341F8223000BF0C37BD465DF8047B70470060004080B485B038
:2023E00000AF786039607B68FB600C4AFB6813603B681A68FB689A603B685A68FB68DA60CF
:20240000FB6800225A60FB68054A1A60002318461437BD465DF8047B704700BFD047002001
:202420004347430080B588B000AFF8600B467A60FB72FB68FB610023BB6100233B61FB7A91
:20244000052B02D0FB7A062B0DD107F1100307F11402F97A786800F0B7F9B861BB69002B82
:2024600001D0BB6929E0FB7A184600F0F5F803461A46FB7A1146184600F006F90346002B78
:2024800002D140F2931318E0012000F01AF8FB7A052B02D0FB7A062B06D13B6907F11402D0
:2024A000F97A786800F0CEF9FB7A0021184600F019F9012000F01AF8002318462037BD461E
:2024C00080BD80B582B000AF0346FB71012001F07FFEFB79012B05D1002001F043FB002080
:2024E00001F076FE00BF0837BD4680BD80B582B000AF0346FB71FB79012B07D1002001F0E5
:2025000017FE064B1B6A184600F07AF8012001F00FFE00BF0837BD4680BD00BF00E00140D3
:2025200080B483B000AF78601A4B1B68B3F5004F01D0002327E0184B93F83630DBB2002BC7
:2025400017D0154B93F83830DBB2002B11D0124B93F83230DBB2002B0BD00F4B93F82A308C
:20256000DBB2002B05D00C4B93F84A30DBB2002B01D1002307E07B6803F0EE43002B01D0DB
:20258000002300E0012318460C37BD465DF8047B704700BF9C49002000E0014080B485B097
:2025A00000AF78600B46FB70FB78002B0BD07B68FB60FB6803F0443323F480030E4A93428D
:2025C00001D0002311E00D4B93F82A30DBB2002B05D10A4B93F84A30DBB2002B01D0012344
:2025E00000E0002303F00103DBB218461437BD465DF8047B704700BF4444044400E001406D
:2026000080B584B000AF7860104B93F84030FB737868FFF785FF0346002B03D0042001F050
:20262000A1FA0FE0FB7B19467868FFF7B7FF0346002B07D0064B1B68064A934202D803206E
:2026400001F090FA00BF1037BD4680BD00E001409C49002040420F0080B483B000AF0346A3
:20266000FB71FB79074A52F823301B78DBB2002B0CBF01230023DBB218460C37BD465DF8A9
:20268000047B7047B899020080B487B000AF03460A46FB711346BB7116237B61FB79012261
:2026A0009A407B691340002B01D0012312E00C4B93F83C30DBB23B61FB793A6922FA03F357
:2026C00003F00103FB60BB79FA689A420CBF01230023DBB218461C37BD465DF8047B704758
:2026E00000E0014080B483B000AF03460A46FB711346BB71FB790A4A52F82330BA791A70F7
:20270000FB79074A52F823301B78DBB2BA799A42F6D100BF00BF0C37BD465DF8047B704712
:20272000B899020080B489B000AFF8600B467A60FB72114BFB61FB681B78002B01D10F4B35
:20274000FB61FB685B880133FA6902FB03F35B08BB61FB685B7801337B61BA697B69B2FBD4
:20276000F3F33B617B683A691A60002318462437BD465DF8047B704700366E01002D310169
:2027800080B487B000AF78600023FB827B681B78002B01D10123FB827B685B88BB827B68AD
:2027A0005B787B82BB8A1B0203F47C52FB8A1B011A437B8A1343FB60FB6818461C37BD4657
:2027C0005DF8047B7047FFFF80B588B000AFF8607A603B600B46FB72F868FFF7D1FFB8618A
:2027E000FB7A052B02D1154BFB6101E0144BFB61FB691B889BB21A46BB69934209D0FB7A0E
:202800001846FFF729FF0346002B02D040F291130FE0FB7A7A681946F868FFF783FF7861CA
:202820007B69002B01D07B6903E03B68BA691A60002318462037BD4680BD00BF28E0014091
:2028400048E0014080B584B000AFF8607A603B600B46FB72FB7A052B04D1094B3A6892B2B8
:202860001A8504E0064B3A6892B2A3F84820FB7A7968184601F0B0F900BF1037BD4680BD07
:2028800000E0014080B483B000AF0346FB7197F90730002B0CDBFB7903F01F02074997F90B
:2028A00007305B09012000FA02F2403341F8232000BF0C37BD465DF8047B704700E100E02E
:2028C00080B483B000AFEFF303837B607B683B603B88C3F308039BB2DBB2103BDBB25BB2DE
:2028E00018460C37BD465DF8047B704780B483B000AF03463960FB7197F9073004493A688F
:2029000041F8232000BF0C37BD465DF8047B70471048002080B483B000AF0346FB7197F9D8
:202920000730044A52F8233018460C37BD465DF8047B70471048002080B483B000AF03466F
:20294000FB710B4997F9073003F1C00251F8223023F4803341F82230054A97F90730C03341
:2029600052F8233000BF0C37BD465DF8047B70470060004080B584B000AF0346FB7197F92D
:2029800007301846FFF7D8FFBFF35F8F00BF97F90730FB60FB6803F01F02074997F90730C6
:2029A0005B09012000FA02F2603341F8232000BF1037BD4680BD00BF00E100E080B584B066
:2029C00000AF0346B9607A60FB73BB68DAB2094997F90F301201D2B20B4483F8002397F9BA
:2029E0000F3079681846FFF781FF00BF1037BD4680BD00BF00E100E080B485B000AF0346BC
:202A0000FB7197F90730FB60FB6803F01F020749FB685B09012000FA02F241F8232000BF50
:202A20001437BD465DF8047B704700BF00E100E080B582B000AF0346FB7197F9073018464D
:202A4000FFF798FF97F907301846FFF7D5FF00BF0837BD4680BD80B584B000AF0346B96042
:202A60007A60FB7397F90F307A68B9681846FFF7A5FF97F90F301846FFF7DAFF00BF103742
:202A8000BD4680BD80B590B000AF786039607B68BB6200237B623B681B693B623B681B6877
:202AA00003F58023A8331B03FB61BB6AFA695A600023BB61EFF310833B613B69BB610123B0
:202AC000FB60FB6883F3108800BF8F4B5A683B681B68C3F10203012101FA03F3DB438A49EC
:202AE00013404B60884B5B68BB69BB60BB6883F3108800BFBB6A3A681A603B689A68BB6A08
:202B0000DA613B68DA68BB6A5A62BB6A00221A623B6A1A78BB6A1A7600220121B86A00F0AF
:202B200083FB3B6A1B7B1BB25B001AB23B6A1B7D1BB2DB001BB213431BB243F4E0731BB2BC
:202B40009AB2FB69A3F840283B685B687B617B691B68013B1A046D4B13407A695268013ADC
:202B600012071A437B699B68013B1B021A437B69DB68013B1B031343BA6A127E1A43FB69F6
:202B8000C3F8442800220221B86A00F04DFBFB69802283F85028FB6903F500734FF40072F2
:202BA0000021184605F004F80023FB632CE03B6A9A68FB6BDB0013449B79002B16D13B6A0E
:202BC0001B69FA6B9A4211D2FB6B20331B01FA69D1183B6A9A68FB6BDB0013441A46386AEB
:202BE00000F0F6F8402387F83B3002E0002387F83B30FA69FB6B134403F5026397F83B2054
:202C00001A70FB6B0133FB63FB6B1F2BCFD900237B6300233B632BE03B6A5A683B6B9B0065
:202C200013441B686FF0604293421ED23B6A5A683B6B9B0013441B68FB623B6A1B7B002BAF
:202C400004D1FB6A9A04324B1340FB62FB693A6B02F58072F96A43F822103B6B9B000F223B
:202C600002FA03F37A6B13437B633B6B01333B633B6A1B699B083A6B9A42CDD37B6BDA43E1
:202C8000FB69C3F8282400220021B86A00F0CCFAFA69B2F8403843F02003A2F84038FB695D
:202CA000B3F84038C3F34013DBB2002BF7D13B6893F915003B681B7DBA6A1946FFF7CBFEA7
:202CC0003B6893F916003B681B7DBA6A1946FFF7C2FE3B6893F917003B681B7DBA6A194637
:202CE000FFF7B9FEFB693E2283F84C28FB694FF0FF32C3F82C24BB6A064A9A607B6A1846E3
:202D00004037BD4680BD00BF004008400000FF030000FC1F4E41435280B58AB000AFF860FE
:202D2000B9607A60FB68BB61BB691B681B697B61BB695B683B613A69BB68134403F502631D
:202D40001B78C3F3C013DBB2002B02D04EF663233AE0BB6820331B013A6913447A6819461C
:202D6000786900F035F87B689B7903F00F03D9B23A69BB6820331B011A44938861F30303C6
:202D800093807B689B797B62BB6820331B013A69134406333B627B680C33FB6107E0FA6922
:202DA000531CFB613B6A591C396212781A707B6A5A1E7A62002BF2D13A69BB68134403F543
:202DC000026380221A70002318462837BD4680BD80B489B000AFF860B9607A60FB681B7BE2
:202DE000FB750023FB61FB7D002B06D0FB7D022B0AD17B681B79002B06D17B681B689A046E
:202E0000114B1340BB610EE0FB7D022B06D17B681B79012B02D14FF00043FB617B681B68C3
:202E200023F06043BB617B685B799B073B61FA693B691A43BB691A43BB681A6000BF24372F
:202E4000BD465DF8047B70470000FC1F80B489B000AFF860B9607A60FB685B68BB61BA69FD
:202E6000BB6820331B0113441B687B617B699B0F03F00103DAB27B685A71FB681B681B69E1
:202E80003B613B691B7BB969BA68203212010A441268C2F3C072D2B21343DBB203F00103A6
:202EA000DAB27B681A717B681B79002B06D17B699B0CC3F30A027B681A6004E07B6923F01A
:202EC00060427B681A60BA69BB6820331B0113449B88C3F30303DBB21A467B689A717B684A
:202EE0009B79082B02D97B6808229A710023FB6112E0BA69BB681B011A44FB69134403F2B7
:202F000006231B78D9B27A68FB6913440C330A461A70FB690133FB617B689B791A46FB6905
:202F20009342E6D3BA69BB68134403F5026344221A707B6800229A6000BF2437BD465DF8A8
:202F4000047B7047B0B58EB000AF786039607B681B6A7B637B6B002B02D13B687B6317E0D6
:202F60007B6B07F10C041D460FCD0FC40FCD0FC495E8030084E803007A6B3B6814461D466E
:202F80000FCD0FC40FCD0FC495E8030084E803007B68DB69786B98477B681B6A002B0CD08C
:202FA0007B681B6A1D4607F10C040FCC0FC50FCC0FC594E8030085E8030000BF3837BD46C0
:202FC000B0BD80B590B000AFFFF77AFC03461846FFF7B2FCFFF774FC034687F83B3097F980
:202FE0003B301846FFF796FC78633B4628220021184604F0DDFD0023FB637B6B5B683B63C5
:203000003B6B93F84D38DBB2BB803B6B002283F84D283B6BB3F84238C3F30013DBB2002B2E
:2030200022D0BB8843F020039BB2BB803B6B93F8533887F82F303B6B022283F853283B6B7D
:2030400093F85238C3F30403DBB2FB633B6B97F82F2083F853283A6BFB6B134403F502627B
:20306000137823F0040313707B6B1B681B683B607B6B5B6A3B61FB6BFB603B461946786BD6
:20308000FFF760FF7B6B1B681B69BB623B6BB3F84238C3F30013DBB2002B0AD0BB6A1B7DEE
:2030A000002B06D07B6B1B6893F915301846FFF7E9FB00BF4037BD4680BD80B590B000AF03
:2030C000FFF7FEFB03461846FFF736FCFFF7F8FB034687F83F3097F93F301846FFF71AFCA9
:2030E000B8634FF480633B81BB6B5B687B637B6B93F8533887F833307B6B002283F8532830
:203100007B6B93F85238C3F30403DBB2FB627B6B97F8332083F853283B1D14331A46F96AED
:20312000B86BFFF793FEFB6A3B61BB6B1B681B687B60BB6B5B6A7B613B1D1946B86BFFF746
:2031400001FF7B6BB3F84238C3F30003DBB2002B04D097F93F301846FFF794FB00BF403707
:20316000BD4680BD80B590B000AFFFF7A9FB03461846FFF7E1FBFFF7A3FB034687F83F300D
:2031800097F93F301846FFF7C5FBB86300233B81BB6B5B687B637B6B93F8533887F833307D
:2031A0007B6B012283F853287B6B93F85238C3F30403DBB2FB627B6B97F8332083F85328B0
:2031C0007A6BFB6A134403F5026300221A707A6BFB6A134403F5026300221A70FB6A3B619A
:2031E0003B8943F400639BB23B81BB6B1B681B687B60BB6B5B6A7B613B1D1946B86BFFF7CA
:20320000A1FE7B6BB3F84238C3F34003DBB2002B06D0BB6B1B6893F917301846FFF732FB80
:2032200000BF4037BD4680BD80B584B000AF78600B46FB701346BB707B685B68FB607B6804
:203240005B7BBA789A420DD00221786800F032F8FB68BA7883F858287B68BA785A737B683B
:2032600002221A737B681B7BFA789A421ED0FB78052B13D10221786800F01CF8FA68B2F84E
:20328000403843F48063A2F84038FB68B3F84238C3F38023DBB2012BF7D104E0FB78194672
:2032A000786800F007F87B68FA781A7300BF1037BD4680BD80B485B000AF78600B46FB706B
:2032C0007B685B68FB60FA68B2F8403823F48063A2F84038FB7803F00303D9B2FA68B2F85A
:2032E000403861F30923A2F84038FB68B3F842389BB203F4E062FB781B029A42F5D100BFC5
:2033000000BF1437BD465DF8047B704780B487B000AF0346FB710E4B1B6A7B61FB797A6935
:2033200022FA03F303F007033B617B691B0E03F00703FB60074B1A68FB689A403B6922FAAC
:2033400003F318461C37BD465DF8047B704700BF00E001409C49002080B483B000AF0346F4
:203360003960FB7197F9073004493A6841F8232000BF0C37BD465DF8047B7047104800200E
:2033800080B483B000AF0346FB710B4997F9073003F1C00251F8223023F4803341F82230A1
:2033A000054A97F90730C03352F8233000BF0C37BD465DF8047B70470060004080B584B0CE
:2033C00000AF0346FB7197F907301846FFF7D8FFBFF35F8F00BF97F90730FB60FB6803F0C0
:2033E0001F02074997F907305B09012000FA02F2603341F8232000BF1037BD4680BD00BF0E
:2034000000E100E080B584B000AF0346B9607A60FB73BB68DAB2094997F90F301201D2B2C2
:203420000B4483F8002397F90F3079681846FFF793FF00BF1037BD4680BD00BF00E100E043
:2034400080B485B000AF0346FB7197F90730FB60FB6803F01F020749FB685B09012000FAD4
:2034600002F241F8232000BF1437BD465DF8047B704700BF00E100E080B582B000AF034665
:20348000FB7197F907301846FFF798FF97F907301846FFF7D5FF00BF0837BD4680BD80B5AC
:2034A00084B000AF0346B9607A60FB7397F90F307A68B9681846FFF7A5FF97F90F30184688
:2034C000FFF7DAFF00BF1037BD4680BD80B586B000AF786039607B687B613B685B693B618A
:2034E0007B693A685A603B68DA687B699A613B681A697B691A627B690022DA614FF400734B
:20350000FB603B681B881A46FB6802FB03F303F1804303F5B8131A467B691A60396878699A
:2035200000F09EF83B6893F906003B685B7A7A69194600F0C5FA3B6893F907003B689B7A79
:203540007A69194600F0BCFA3B6993F907003B695B7A7A69194600F0B3FA3B6993F90800BC
:203560003B699B7A7A69194600F0AAFA7B6900221A617B69034A9A60002318461837BD463D
:2035800080BD00BF4344415280B586B000AF786039603B687B617B683B610023FB6079692C
:2035A000386900F09BF97B691A683B691A61FB6818461837BD4680BD80B485B000AF786021
:2035C0007B68FB60FB681B68FA68928A1A80002318461437BD465DF8047B704780B485B0EC
:2035E00000AF78607B68FB60FB681B6800221A80002318461437BD465DF8047B704780B4D6
:2036000085B000AF786039607B68FB60FB681B681B88C3F3C033DBB21A463B681A700023A8
:2036200018461437BD465DF8047B704780B487B000AFF8600B467A60FB72FB687B617B6926
:203640001B6897F90B20103233F812309AB27B681A80002318461C37BD465DF8047B704752
:2036600080B48DB000AF786039603B685B697B623B689B785B03FB62FB6A43F41073FB6288
:203680007B6A9B78002B02D14FF4807300E00023FA6A1343FB627B6A9B783F2B02D04FF46D
:2036A000007300E00023FA6A1343FB627B6A1B79002B04D0FB6A43F08003FB6207E07B6AC1
:2036C0009B783F2B03D1FB6A43F40043FB62FB6A9AB27B689A827B6A9B781B0203F47C52D3
:2036E0007B6ADB7803F03F0313433B620023FB613B68DB785B00FA691343FB613B681B794E
:20370000DB03FA691343FB617B6A5B785B01FA691343FB617B6A1B78BB6100237B61EFF318
:2037200010833B613B697B610123FB60FB6883F3108800BF214BDA683B681B88C3F1100370
:20374000012101FA03F3DB431C491340CB601B4BDB687B69BB60BB6883F3108800BFFB6A58
:2037600099B27B681A6847F6FF530B409BB213807B681B683A6A92B21A827B681B68FA692C
:2037800092B2DA817B681B68BA69D2B21A73002387F82B307B6A9B79012B02D1012387F858
:2037A0002B307B681B6897F82B2083F8D02000BF3437BD465DF8047B704700BF0040084004
:2037C00080B586B000AF786039600023FB6007F10C03184600F05AF83B681A683B685B68AE
:2037E00013433B6100237B613B6903F00053002B1ED0FA687B681B68D2B283F8DE203B686D
:203800001B6803F00053002B04D07B6943F480737B6103E07B6943F480637B613B689B6893
:2038200003F00053002B03D07B6943F001037B613B6903F08043002B1ED0FA687B681B6812
:20384000D2B283F8DF203B681B6803F08043002B04D07B6943F400737B6103E07B6943F427
:2038600000637B613B689B6803F08043002B03D07B6943F002037B617B681B687A6992B22A
:203880005A8200BF1837BD4680BDFFFF80B584B000AF78600420FFF739FDB860BB680D4A2E
:2038A000A2FB03239B0941F2360202FB03F30A4AA2FB03239B0C0133FB60FB68062B01D889
:2038C0000723FB607B68FA681A6000BF1037BD4680BD00BFD34D621083DE1B4380B58CB0DD
:2038E00000AF786039603B681B6823F0C043BB627B685B685B697B623B685B6823F0C0438C
:203900003B623B689B6823F0C043FB617B681B68BA6A92B29A807B681B683A6A92B29A82A0
:203920007B681B68FA6992B21A81BB6A1A0C7B681B6892B2DA803B6A1A0C7B681B6892B21B
:20394000DA82FB691A0C7B681B6892B25A8139687868FFF735FF3B68DB68BB610023FB85AC
:20396000BB69002B70D0BB691B89FB85BB691B8903F40063002B4BD07B681B68BA691289E4
:20398000A3F890207B681B68BA695289A3F89C207B681B68BA699289A3F89E20BB691B687D
:2039A0007B617B681B687A6992B2A3F894207B691B0C9AB27B681B6822F4C04292B2A3F89B
:2039C00096207B695B0FDAB27B681B6802F00302D2B283F89220BB695B683B617B681B6860
:2039E0003A6992B2A3F898203B691B0C9AB27B681B6822F4C04292B2A3F89A203B695B0F51
:203A0000DAB27B681B6802F00302D2B283F89320BB691B8903F40073002B15D0BB69997C90
:203A2000BB69DA7C7B681B680A43D2B283F8A6207B681B68BA69D289A3F8A8207B681B68E7
:203A4000BA69128AA3F8AA207B681B68FA8DA3F890207B681B683A68128AA3F880207B6A46
:203A60001B79002B22D07B681B681B889BB2FB60FB6823F01F03BA6ABA60BA68002A01D1F0
:203A8000202203E0BA68B2FA82F2D2B29B1A1F33FB607B681B68FA6892B21A807B689A8A2C
:203AA000FB689BB213439AB27B689A827B68034ADA6000BF3037BD4680BD00BF434441520C
:203AC00080B582B000AF03463A60FB710B46BB7197F90730002B06DBB97997F907303A6896
:203AE0001846FFF7DCFC00BF0837BD4680BDFFFF80B400AF094B0122A3F80421074BB3F847
:203B000004319BB2002BF9D1044B0122A3F8002100BFBD465DF8047B704700BF00C00140F3
:203B200080B483B000AF0346FB710D4B93F8A030C3F30013DBB2002BF7D1094AFB7982F87D
:203B4000A030074B93F8A030C3F30013DBB2002BF7D100BF00BF0C37BD465DF8047B704750
:203B600000E0014080B582B000AF0346FB71FB79042B14D1174B93F8AA30C3F30013DBB2B4
:203B8000002BF7D1134B012283F8AA20114B93F8AA30C3F30013DBB2002BF7D115E00D4B15
:203BA00093F8AA30C3F30013DBB2002BF7D1094B002283F8AA20074B93F8AA30DBB2002B2D
:203BC000F9D1FB791846FFF7ABFF00BF0837BD4680BD00BF00E0014080B483B000AF78609D
:203BE00039607B68052B04D13B681B68064A536103E03B681B68044A936100BF0C37BD46CA
:203C00005DF8047B704700BF080B002080B483B000AF0D4B93F82630DBB27B600A4B1B6A96
:203C20001B0E03F007033B60084A7B6852F823203B6822FA03F3064A136000BF0C37BD4684
:203C40005DF8047B704700BF00E00140080B00209C49002080B500AF0B4B012283F81C21AC
:203C60000A4B0B4A1A62094B052283F82620FFF7CDFF084BF1221A73064B00221A72054BDE
:203C8000F0221A7300BF80BD00C0014000E00140111202200020004080B500AF0B4B0C4A32
:203CA0001A600A4B0B4A5A60084B4FF400429A60064B094ADA60054B4FF400421A61034BD8
:203CC000064A5A61FFF7A2FF00BF80BD080B0020002D310100127A0000366E0100E1F505A8
:203CE00080B500AF1B4B4AF20352A3F8FE23FFF7FFFEFFF7D1FF174B002283F81324154BDE
:203D0000092283F8A22000F031F8124B002283F83620104B93F83C30C3F30003DBB2012B0E
:203D2000F7D10C4B41F211321A850A4B002283F82A20084B93F83C30C3F34013DBB2012B07
:203D4000F7D1FFF787FF034B4FF42542A3F8FE2300BF80BD00E0014080B483B000AF786060
:203D600000BF0C37BD465DF8047B704780B500AF184B93F88034DBB2002B07D1154B93F8B2
:203D80008134C3F30103DBB2012B1CD0114B93F88034DBB2002B0DD10E4B012283F8802443
:203DA0000121C82000F042F80A4B93F88034DBB2012BF9D1074B022283F88124054B0022B0
:203DC00083F8802404E04FF47A70FFF7C5FF00BF00BF80BD00E0014080B500AF074B0022C5
:203DE00083F82820012000F0F3F9054B002283F8BB24012000F09CF900BF80BD003008401D
:203E000000E0014080B483B000AF786000BF0C37BD465DF8047B704780B485B000AFF86093
:203E2000B9607A603B6000BE00BFFDE72DE9B04F90B000AFF861B9610023FB63FB69BA6914
:203E400002FB03F3BB63504B1B687B634F4A7B6BB2FBF3F33B63BB6B00223B617A61D7E926
:203E600004234FF000004FF00001590141EAD261500102460B463969B2EB0108796963EB82
:203E800001094FF000024FF000034FEA890343EA98734FEA880290469946D7E904120B46F9
:203EA00018EB03033B60134649EB03037B604FF000024FF00003D7E900894946CB00414643
:203EC00043EA51734146CA00C7E90A23D7E90A23012B08D2BA6A3B6BB2FBF3F37B627B6AB1
:203EE0009B08FB6344E03B6B9B00BA6BB2FBF3F3BB63BB6B0022BB60FA60D7E902894246F6
:203F00004B464FF000004FF00001590141EAD261500102460B464146541A494663EB010517
:203F20004FF000024FF00003AB0043EA9473A20014461D46434614EB030A4B4645EB030B5C
:203F40004FF000024FF000034FEACB0343EA5A734FEACA0292469B46C7E90AABD7E90A23CD
:203F6000012B02D2BB6AFB6302E04FF0FF33FB63FB6B002B02D0F86B00F00AF800BF40371F
:203F8000BD46BDE8B08F00BF9C49002000CA9A3BA0F101000028FBD1704700BF80B582B074
:203FA00000AF0346FB71FB79074A52F82330002B06D0FB79044A52F82330FA791046984733
:203FC00000BF0837BD4680BDD447002080B582B000AF144BB3F82031BB80124BB3F8403143
:203FE0009AB2BB8813407B800023FB710EE07A88FB7922FA03F303F00103002B03D0FB7976
:204000001846FFF7CBFFFB790133FB71FB790D2BEDD9044A7B88A2F8303100BF0837BD46AF
:2040200080BD00BF0060004080B58AB000AF032000F0CEF8394B6FF0FF029A643B1D0C2285
:20404000FF21184603F0B4FD00237B6221E0344A7B6A32F81330002B18D07B6A5B097B6135
:204060007B6A03F01F033B617B699B0028333B4453F8242C01213B6901FA03F3DB431A4087
:204080007B699B0028333B4443F8242C7B6A01337B627B6A5F2BDAD9224BBB6100233B62DB
:2040A00018E03B6A9B00BA691A443B6A9B0028333B4453F8243C13601B493B6A9B00283310
:2040C0003B4453F8242C3B6AA03341F823203B6A01333B623B6A022BE3D9032000F028F89B
:2040E0000023FB6112E00E4AFB6932F81330002B09D00B4AFB6932F813300C4A1946FB69E3
:20410000C03342F82310FB690133FB61FB695F2BE9D900BF00BF2837BD4680BD00800040BE
:20412000E09602007080004000E100E00060004080B487B000AF0346FB7100237B61EFF3C6
:204140001083FB60FB687B6101233B613B6983F3108800BFFB791A4A32F813309BB2002B44
:2041600009D0FB79164A32F8132092B2013A91B2134A22F81310FB79114A32F813309BB250
:20418000002B11D10F4BB3F8FE339AB20E4B13439AB2FB790D4931F81330DB439BB20949A2
:2041A00013409BB2A1F8FE337B69BB60BB6883F3108800BF00BF1C37BD465DF8047B704706
:2041C0009049002000E0014000A5FFFFD499020080B487B000AF0346FB7100237B61EFF303
:2041E0001083FB60FB687B6101233B613B6983F3108800BFFB79164A32F813309BB2002BA8
:204200000FD1144BB3F8FE339AB2FB79124931F8133013439AB20F49104B13439BB2A1F86B
:20422000FE33FB790A4A32F8132092B2013291B2074A22F813107B69BB60BB6883F31088B0
:2042400000BF00BF1C37BD465DF8047B704700BF9049002000E00140D499020000A5FFFF14
:2042600080B584B000AF78607B68FB60144B1B68002B02D1124B134A1A60114B1B68BB6002
:20428000FB68033323F00303FB600D4B1A68FB6813440D4A934207D903F092FC03460C2279
:2042A0001A604FF0FF3306E0054B1A68FB681344034A1360BB6818461037BD4680BD00BF1A
:2042C00098490020A0EE0020A0EE002080B500AF00F00CF8F8F76EFD00BFFDE780B400AFC9
:2042E00000BE00BFBD465DF8047B704780B584B000AF3A4B4FF47002C3F88820374B384AFA
:204300009A600020F8F742FDFFF7EAFC0120F8F73DFD334B1B68A3F500633B603B6883F37F
:204320000A8800BF2F4A304BD31A1A4600212E4803F03EFC2D4A2E4BD31A1A462D492C4800
:2043400003F046FC2C4A2D4BD31A9B107B600023FB6007E0294AFB6852F823309847FB68AD
:204360000133FB60FA687B689A42F3DBFFF74EFCFFF732FD0320FFF72BFF0023BB6009E0F0
:204380001F4ABB6808334FF6FF7122F81310BB680133BB60BB68052BF2D90320FFF7C8FEF5
:2043A0000320FFF715FF174B00225A60154B00229A60144B0022DA60124B00221A6103203E
:2043C000FFF7B6FE0220F8F7E1FCFFF72DFE0020FFF718FD00BF1037BD4680BD00ED00E0E6
:2043E000000001009CEE0020280B0020D00A002080010020E0A70200CC0A0020C80A0020B3
:20440000000D084000000E4080B588B000AF786000237B617B68002B22D00823DB437A68DB
:204420009A421BD808227B6813447B607B6803F00703002B14D07B6803F00703C3F10803E0
:204440003B613B69DB437A689A4204D87A683B6913447B6004E000237B6001E000237B60EB
:2044600001F066FC624B1B68002B01D100F048F97B68002BC0F2A9807B68002B00F0A5807F
:204480005C4B1B687A689A4200F29F805A4BBB61594B1B68FB61FB69584A934203D3FB69CA
:2044A000574A934218D9574B574AF5215748FFF7B3FCFB69BB61FB691B68FB61FB694F4A38
:2044C000934203D3FB694E4A934205D94D4B4E4AFB214E48FFF7A0FCFB695B687A689A4229
:2044E00003D9FB691B68002BE3D1414B1B68FA699A426AD0BB691B68082213447B617B69AA
:204500003E4A934203D37B693D4A934206D9404B3D4A40F205113D48FFF77EFCFB691A6814
:20452000BB691A60FB695B687A689A4206D9394B354A40F20D113548FFF76EFCFB695A68C3
:204540007B68D21A08235B009A421FD9FA697B681344FB60FB6803F00703002B06D02E4B60
:20456000294A4FF48B712948FFF756FCFB695A687B68D21AFB685A60FB697A685A60BB699A
:204580001A68FB681A60BB69FA681A60194B1A68FB695B68D31A174A1360164B1A681F4BA1
:2045A0001B689A4203D2134B1B681C4A1360FB695B6843F00042FB695A60FB6900221A6053
:2045C000174B1B680133164A136001F0BFFB7B6903F00703002B06D0124B0B4A40F2571116
:2045E0000A48FFF719FC7B6918462037BD4680BDA8E90020ACE90020A0E90020A04900206D
:204600009FE90020DC9902002C9D0200509A0200909A0200049B0200389B0200B0E9002069
:20462000B4E900206C9B020080B584B000AF78607B68FB607B68002B4CD008235B42FA6832
:204640001344FB60FB68BB60BB68244A934203D3BB68234A934206D9224B234A4FF4B57167
:204660002248FFF7D9FBBB685B68002B06DB204B1D4A40F26B111D48FFF7CEFBBB681B68CA
:20468000002B06D01B4B184A4FF4B6711748FFF7C3FBBB685B68002B1CDABB681B68002BFC
:2046A00018D1BB685B6823F00042BB685A6001F03FFBBB685A68104B1B6813440E4A1360E9
:2046C000B86800F077F80D4B1B6801330B4A136001F03CFB00BF1037BD4680BDA04900200D
:2046E0009FE90020A89B02003C9D0200509A0200189C02008C9C0200ACE90020B8E90020B0
:2047000080B485B000AF4FF42043BB60244BFB60FB6803F00703002B0CD0FB680733FB6097
:20472000FB6823F00703FB60BA68FB68D31A1C4A1344BB60FB681B4A13601A4B00225A60D8
:20474000FA68BB6813447B6008227B689B1A7B607B6823F007037B607B68134A1360124B1A
:204760001B6800225A60104B1B6800221A60FB683B603B687A68D21A3B685A600A4B1A68BD
:204780003B681A603B685B68084A13603B685B68074A136000BF1437BD465DF8047B70470F
:2047A000A0490020A0E90020A8E90020B0E90020ACE9002080B584B000AF7860304BFB6062
:2047C00002E0FB681B68FB60FB681B687A689A42F7D8FB682A4A93420ED0FB68294A93420E
:2047E00003D3FB68284A934206D9284B284A4FF4FD712848FFF710FBFB68BB60FB685B68AF
:20480000BA6813447A689A4208D1FB685A687B685B681A44FB685A60FB687B607B68BB6006
:204820007B685B68BA681A44FB681B689A4218D1FB681A68184B1B689A420DD07B685A687E
:20484000FB681B685B681A447B685A60FB681B681A687B681A6008E00F4B1A687B681A60CE
:2048600003E0FB681A687B681A60FA687B689A4202D0FB687A681A6000BF1037BD4680BD1B
:20488000A0E90020A04900209FE90020B49C0200489D0200509A0200A8E9002080B483B081
:2048A00000AF78607B6803F108027B685A607B684FF0FF329A607B6803F108027B68DA60A8
:2048C0007B6803F108027B681A617B6800221A6000BF0C37BD465DF8047B704780B483B023
:2048E00000AF78607B6800221A6100BF0C37BD465DF8047B704780B485B000AF7860396098
:204900003B681B68BB60BB68B3F1FF3F03D17B681B69FB600CE07B680833FB6002E0FB6811
:204920005B68FB60FB685B681B68BA689A42F6D2FB685A683B685A603B685B683A689A6066
:204940003B68FA689A60FB683A685A603B687A681A617B681B685A1C7B681A6000BF143756
:20496000BD465DF8047B704780B485B000AF78607B681B69FB607B685B687A6892689A607B
:204980007B689B687A6852685A60FB685B687A689A4203D17B689A68FB685A607B6800221C
:2049A0001A61FB681B685A1EFB681A60FB681B6818461437BD465DF8047B704780B584B0BB
:2049C00000AF786039600123FB607B68BB60BB68002B06D13C4B3D4A40F237113C48FFF713
:2049E0001BFABB68002B5ED0BB68DB6B002B5AD0BB681A6CBB68DB6B0021A3FB0223002B47
:204A000000D001210B46002B4DD1F8F76FFBBB681A68BB68DB6BB968096C01FB03F31A44BD
:204A2000BB689A60BB6800229A63BB681A68BB685A60BB681A68BB68DB6B013BB968096CB5
:204A400001FB03F31A44BB68DA60BB68FF2283F84420BB68FF2283F845203B68002B15D1AE
:204A6000BB681B69002B1BD0BB681033184601F07DFC0346002B13D0164B4FF080525A60C8
:204A8000BFF34F8F00BFBFF36F8F09E0BB6810331846FFF703FFBB6824331846FFF7FEFEA8
:204AA000F8F75CFB01E00023FB60FB68002B06D1094B064A4FF4B6710548FFF7ADF9FB6892
:204AC00018461037BD4680BD649D0200D8A002006C9D020000ED00E0989D020080B58AB0F6
:204AE00002AFF860B9601346FB710023FB61FB68002B2ED00021BA68FB68A3FB0223002B30
:204B000000D001210B46002B23D1FB68BA6802FB03F313F14D0F1CD8FB68BA6802FB03F3EF
:204B2000BB61BB694C331846FFF76EFCF861FB69002B18D0FB697B617B694C337B61FA7936
:204B4000FB69009313467A69B968F86800F016F809E0FB69002B06D1054B064A40F22A2137
:204B60000548FFF759F9FB6918462037BD4680BDBC9D0200ECA002006C9D020080B584B0EA
:204B800000AFF860B9607A60FB70BB68002B03D1BB69BA691A6002E0BB697A681A60BB6947
:204BA000FA68DA63BB69BA681A640121B869FFF705FFBB6900229A6400BF1037BD4680BDCB
:204BC00080B582B000AF78607B68002B0ED07B6800229A607B6800221A607B680022DA603E
:204BE000002300220021786800F08AF800BF0837BD4680BD80B586B000AF0346FB710123CC
:204C00007B6100233B61FB791A4639697869FFF765FFF860F868FFF7D3FFFB6818461837B8
:204C2000BD4680BD90B585B000AF78607B68BB60BB68002B06D1134B134A40F2FB211348AC
:204C4000FFF7EAF8BB689C6801F0A6FD03469C4211D1BB68DB685A1EBB68DA60BB68DB6817
:204C6000002B05D1002300220021B86800F048F80123FB6001E00023FB60FB681846143793
:204C8000BD4690BDC89D020000A102006C9D020090B585B000AF786039607B68BB60BB68F4
:204CA000002B06D1134B144A40F237311348FFF7B3F8BB689C6801F06FFD03469C4207D11D
:204CC000BB68DB685A1CBB68DA600123FB600CE03968B86800F0B6FAF860FB68002B04D015
:204CE000BB68DB685A1CBB68DA60FB6818461437BD4690BDC89D02001CA102006C9D0200EE
:204D000080B58AB000AFF860B9607A603B6000237B62FB683B623B6A002B06D1794B7A4A60
:204D200040F2B6317948FFF777F8BB68002B0AD13B6A1B6C002B06D0754B734A40F2B73147
:204D40007248FFF769F83B68022B0AD13B6ADB6B012B06D06F4B6C4A4FF46E716B48FFF76F
:204D60005BF801F029FD0346002B00D009E07B68002B06D0684B644A40F2BB316348FFF798
:204D80004BF8F8F7B3F93B6A9A6B3B6ADB6B9A4202D33B68022B49D13B6A9B6BFB613A685C
:204DA000B968386A00F062FBB8613B6A9B6C002B15D03B68022B02D1FB69002B32D1386A37
:204DC00000F0F4FC0346002B2CD0544B4FF080525A60BFF34F8F00BFBFF36F8F22E03B6A73
:204DE0005B6A002B11D03B6A2433184601F0BEFA0346002B16D0494B4FF080525A60BFF374
:204E00004F8F00BFBFF36F8F0CE0BB69002B09D0424B4FF080525A60BFF34F8F00BFBFF3D8
:204E20006F8F00BFF8F79AF9012366E07B68002B03D1F8F793F900235FE07B6A002B06D123
:204E400007F11003184601F06BFB01237B62F8F785F900F06DFFF8F749F93B6A93F84430F3
:204E60005BB2B3F1FF3F03D13B6A002283F844203B6A93F845305BB2B3F1FF3F03D13B6ABC
:204E8000002283F84520F8F769F93A1D07F110031146184601F05AFB0346002B25D1386A56
:204EA00000F0E9FB0346002B19D03B6A10337A681146184601F0ECF9386A00F067FB00F088
:204EC00045FF0346002B7FF45CAF144B4FF080525A60BFF34F8F00BFBFF36F8F0CE0386AE5
:204EE00000F054FB00F032FF4BE7386A00F04EFB00F02CFF002300E043E718462837BD463D
:204F000080BD00BF649D020038A102006C9D0200D89D0200309E0200809E020000ED00E078
:204F200080B58EB000AFF860B9607A603B60FB683B633B6B002B06D14F4B504A40F2914188
:204F40004F48FEF769FFBB68002B0AD13B6B1B6C002B06D04B4B494A40F292414848FEF753
:204F60005BFF3B68022B0AD13B6BDB6B012B06D0454B424A40F293414148FEF74DFFF8F763
:204F80002BF9EFF31183BB61BB69FB621023FB61FB6983F3118800BF3B6B9A6B3B6BDB6B82
:204FA0009A4202D33B68022B59D13B6B93F8453087F82B303B6B9B6B7B623A68B968386BD7
:204FC00000F054FA97F92B30B3F1FF3F29D13B6B9B6C002B12D03B68022B02D17B6A002B5F
:204FE0003AD1386B00F0E2FB0346002B34D07B68002B31D07B6801221A602DE03B6B5B6AB7
:20500000002B29D03B6B2433184601F0AFF90346002B21D07B68002B1ED07B6801221A6097
:205020001AE000F0AFFF386297F92B303A6A9A4212D997F92B307F2B06D1144B0F4A40F292
:205040001F510F48FEF7E8FE97F82B300133DBB25AB23B6B83F8452001237B6301E000236B
:205060007B63FB6A7B617B6983F3118800BF7B6B18463837BD4680BD649D02004CA102007A
:205080006C9D0200D89D0200309E0200D49E020080B58AB000AFF860B9607A6000237B62E1
:2050A000FB683B623B6A002B06D1604B604A40F2EA516048FEF7B0FEBB68002B0AD13B6A6E
:2050C0001B6C002B06D05C4B594A40F2EE515948FEF7A2FE01F070FB0346002B00D009E0CE
:2050E0007B68002B06D0554B514A40F2F3515148FEF792FEF7F7FAFF3B6A9B6BFB61FB69AB
:20510000002B21D0B968386A00F01AFAFB695A1E3B6A9A633B6A1B69002B11D03B6A103311
:20512000184601F023F90346002B09D0444B4FF080525A60BFF34F8F00BFBFF36F8F00BF9F
:20514000F8F70CF801236CE07B68002B03D1F8F705F8002365E07B6A002B06D107F11403C0
:20516000184601F0DDF901237B62F7F7F7FF00F0DFFDF7F7BBFF3B6A93F844305BB2B3F15C
:20518000FF3F03D13B6A002283F844203B6A93F845305BB2B3F1FF3F03D13B6A002283F8AD
:2051A0004520F7F7DBFF3A1D07F114031146184601F0CCF90346002B24D1386A00F045FAB7
:2051C0000346002B18D03B6A24337A681146184601F05EF8386A00F0D9F900F0B7FD034648
:2051E000002B87D1164B4FF080525A60BFF34F8F00BFBFF36F8F13E0386A00F0C7F900F0CC
:20520000A5FD77E7386A00F0C1F900F09FFD386A00F01BFA0346002B3FF46CAF002300E04A
:2052200068E718462837BD4680BD00BF789F020068A102006C9D0200849F0200809E0200EF
:2052400000ED00E080B58AB000AF7860396000237B627B68FB6100233B62FB69002B06D18D
:20526000704B714A40F284617048FEF7D5FDFB691B6C002B06D06E4B6B4A4FF4D1616B48A0
:20528000FEF7CAFD01F098FA0346002B00D009E03B68002B06D0674B634A40F28D616348D4
:2052A000FEF7BAFDF7F722FFFB699B6BBB61BB69002B26D0BB695A1EFB699A63FB691B6884
:2052C000002B04D101F06CFC0246FB699A60FB691B69002B11D0FB691033184601F046F8A7
:2052E0000346002B09D0544B4FF080525A60BFF34F8F00BFBFF36F8F00BFF7F72FFF0123F9
:205300008CE03B68002B03D1F7F728FF002385E07B6A002B06D107F10C03184601F000F9AC
:2053200001237B62F7F71AFF00F002FDF7F7DEFEFB6993F844305BB2B3F1FF3F03D1FB6922
:20534000002283F84420FB6993F845305BB2B3F1FF3F03D1FB69002283F84520F7F7FEFED5
:205360003A4607F10C031146184601F0EFF80346002B33D1F86900F068F90346002B27D084
:20538000FB691B68002B09D1F7F7B0FEFB699B68184601F02FFA3862F7F7E0FEFB69243385
:2053A0003A681146184600F073FFF86900F0EEF800F0CCFC0346002B7FF474AF1E4B4FF093
:2053C00080525A60BFF34F8F00BFBFF36F8F24E0F86900F0DBF800F0B9FC63E7F86900F0DA
:2053E000D5F800F0B3FCF86900F02FF90346002B3FF458AF3B6A002B0DD0F7F777FEF869A9
:2054000000F01CF87861FB699B687969184601F01BFBF7F7A3FE002300E043E71846283788
:20542000BD4680BD789F020078A102006C9D0200F89E0200809E020000ED00E080B485B0FF
:2054400000AF78607B685B6A002B06D07B681B6B1B68C3F10F03FB6001E00023FB60FB684D
:2054600018461437BD465DF8047B704780B586B000AFF860B9607A6000237B61FB689B6B28
:205480003B61FB681B6C002B0DD1FB681B68002B4DD1FB689B68184601F03EFA7861FB6825
:2054A00000229A6043E07B68002B19D1FB685868FB681B6C1A46B96802F08AFBFB685A688B
:2054C000FB681B6C1A44FB685A60FB685A68FB689B689A422BD3FB681A68FB685A6026E0FA
:2054E000FB68D868FB681B6C1A46B96802F070FBFB68DA68FB681B6C5B421A44FB68DA601A
:20550000FB68DA68FB681B689A4207D2FB689A68FB681B6C5B421A44FB68DA607B68022B54
:2055200005D13B69002B02D03B69013B3B613B695A1CFB689A637B6918461837BD4680BD2D
:2055400080B582B000AF786039607B681B6C002B18D07B68DA687B681B6C1A447B68DA603D
:205560007B68DA687B689B689A4203D37B681A687B68DA607B68D9687B681B6C1A4638685E
:2055800002F026FB00BF0837BD4680BD80B584B000AF7860F7F7AAFD7B6893F84530FB73E4
:2055A0001EE07B689B6C002B08D0786800F0FEF80346002B10D001F02FF80DE07B685B6A39
:2055C000002B12D07B682433184600F0CFFE0346002B01D001F020F8FB7B013BDBB2FB736E
:2055E00097F90F30002BDCDC00E000BF7B68FF2283F84520F7F7B2FDF7F778FD7B6893F808
:205600004430BB7311E07B681B69002B12D07B681033184600F0AAFE0346002B01D000F032
:20562000FBFFBB7B013BDBB2BB7397F90E30002BE9DC00E000BF7B68FF2283F84420F7F715
:205640008DFD00BF1037BD4680BD80B584B000AF7860F7F74BFD7B689B6B002B02D1012349
:20566000FB6001E00023FB60F7F778FDFB6818461037BD4680BD80B584B000AF7860F7F7E7
:2056800035FD7B689A6B7B68DB6B9A4202D10123FB6001E00023FB60F7F760FDFB6818462E
:2056A0001037BD4680BDFFFF80B584B000AF786039600023BB607B68002B06D11D4B1E4AE9
:2056C00040F6CD311D48FEF7A7FB3B68002B24D00023FB601EE01A4AFB68DB0013445B68A0
:2056E0007A689A4205D1FB68DB00154A1344BB6013E0BB68002B0AD1114AFB6852F8333080
:20570000002B04D1FB68DB000D4A1344BB60FB680133FB60FB68312BDDD9BB68002B05D0F8
:20572000BB683A681A60BB687A685A6000BF1037BD4680BD74A002008CA102006C9D0200D5
:20574000BCE9002080B586B000AFF860B9607A60FB687B61F7F7CAFC7B6993F844305BB23C
:20576000B3F1FF3F03D17B69002283F844207B6993F845305BB2B3F1FF3F03D17B690022E1
:2057800083F84520F7F7EAFC7B699B6B002B06D17B6924337A68B968184600F09FFD786960
:2057A000FFF7F4FE00BF1837BD4680BD80B586B000AF78607B689B6C3B6100237B613B6998
:2057C000002B06D12B4B2C4A40F6FC412B48FEF723FB3B699A6B3B69DB6B9A4206D3284B27
:2057E000254A40F6FD412548FEF716FB3B699A6B3B69DB6B9A4238D23B6993F84530FB73C8
:205800003B1D002219463869FFF730FE786197F90F30B3F1FF3F0ED13B695B6A002B24D0F9
:205820003B692433184600F0A1FD0346002B1CD001237B6119E000F0A5FBB86097F90F30B1
:20584000BA689A4211D997F90F307F2B06D10D4B094A40F61D510948FEF7DEFAFB7B0133F9
:20586000DBB25AB23B6983F845207B6918461837BD4680BD7CA00200A0A102006C9D0200CE
:2058800090A00200D49E020080B58AB004AFF860B9607A603B607B689B001846FEF7B4FDD8
:2058A00038613B69002B13D06C20FEF7ADFD78617B69002B08D06C220021786902F078F9BF
:2058C0007B693A691A6305E03869FEF7ADFE01E000237B617B69002B0DD0002303937B6935
:2058E00002937B6A01933B6A00933B687A68B968F86800F029F87B6918461837BD4680BD7A
:2059000080B588B002AFF860B9607A603B607B6A01933B6A00933B687A68B968F868FFF7D6
:20592000B3FF38613B69002B05D0386900F0A2F801237B6102E04FF0FF337B617B691846DC
:205940001837BD4680BDFFFF80B586B000AFF860B9607A603B60BB6A186B7B689B001A4634
:20596000A52102F025F9BB6A1A6B7B6803F18043013B9B0013443B613B6923F007033B61E6
:205980003B6903F00703002B06D0364B364A40F22E713648FEF740FABB6A3A695A64BB683D
:2059A000002B20D000237B6114E0BA687B69134493F90010BA6A7B69134434330A461A7040
:2059C000BA687B69134493F90030002B06D07B6901337B617B690F2BE7D900E000BFBB6A17
:2059E000002283F843203B6A0E2B06D9204B1E4A40F264711D48FEF70FFA3B6A0E2B01D9F5
:205A00000E233B62BB6A3A6ADA62BB6A3A6A9A64BB6A04331846FEF761FFBB6A183318460F
:205A2000FEF75CFFBB6ABA6A1A613B6AC3F10F02BB6A9A61BB6ABA6A5A62BB6A196B3B6877
:205A4000FA683869F7F7F6FA0246BB6A1A607B6A002B02D07B6ABA6A1A6000BF1837BD4608
:205A600080BD00BFC0A1020048A5020004A2020030A2020080B584B000AF7860F7F736FB4D
:205A8000414B1B680133404A1360404B1B68002B09D13E4A7B6813603B4B1B68012B10D1BF
:205AA00000F0E0FD0DE03A4B1B68002B09D1374B1B68DA6A7B68DB6A9A4202D8334A7B6898
:205AC0001360344B1B680133324A13607B68DA6A314B1B689A4203D97B68DB6A2E4A13603D
:205AE0007B68DA6A2D4913469B0013449B000B4404331B68FB607B68FA689A60FB689A681B
:205B00007B68DA60FB689B687A6804325A607B681A1DFB689A607B68DA6A13469B00134447
:205B20009B001E4A1A447B685A617B68DA6A1B4913469B0013449B000B441B687A68D26A05
:205B4000591C164813469B0013449B0003441960F7F704FB0E4B1B68002B10D00B4B1B681F
:205B6000DA6A7B68DB6A9A4209D20D4B4FF080525A60BFF34F8F00BFBFF36F8F00BF00BF62
:205B80001037BD4680BD00BFECEC00204CEB0020F8EC002008ED0020F4EC002050EB0020FC
:205BA00000ED00E080B584B000AF78600023FB607B68002B13D000F0BBF8114B1B68012B0B
:205BC00006D0104B104A40F68E111048FEF724F90021786800F0FCFF00F0B8F8F860FB68B4
:205BE000002B09D10A4B4FF080525A60BFF34F8F00BFBFF36F8F00BF00BF1037BD4680BD7C
:205C000014ED00208CA2020060A5020004A2020000ED00E080B58AB002AF0123FB610023F4
:205C20003B6100237B6113E01D4A7B69134493F900103A467B6913440A461A703A467B699F
:205C4000134493F90030002B06D07B6901337B617B690F2BE8DD00E000BF0023BB6115E086
:205C6000104B3B61BB699B000F4A13443946019300230093002380223869FFF741FEF86101
:205C8000FB69002B06D0BB690133BB61BB69002BE6DD00E000BFFB6918462037BD4680BD21
:205CA000D8A202003166020010ED002080B582B000AFFFF7AFFF78607B68012B02D100F04E
:205CC000F7FF78607B68012B12D101233B603B6883F3108800BF0F4B4FF0FF321A600E4B38
:205CE00001221A600D4B00221A60F7F7E7F90AE07B68B3F1FF3F06D1094B0A4A40F6A961D7
:205D00000948FEF789F8094B1B6800BF0837BD4680BD00BF0CED0020F8EC0020F0EC0020CF
:205D2000E0A202006CA5020004A20200BCA1020080B400AF044B1B680133034A136000BF5D
:205D4000BD465DF8047B704714ED002080B588B000AF0023FB610023BB61F7F7C7F90023E9
:205D60003B61744B1B68002B06D1734B734A40F68B717348FEF750F86E4B1B68013B6D4A6F
:205D800013606C4B1B68002B40F0CD806D4B1B68002B00F0C8808FE06B4BDB68DB68FB6109
:205DA000FB699B6AFB60FB69DB69FA69126A9A60FB691B6AFA69D2695A60FB685A68FB69D4
:205DC00018339A4203D1FB691A6AFB685A60FB6900229A62FB681B685A1EFB681A60FB69A2
:205DE0005B69BB60FB699B68FA69D2689A60FB69DB68FA6992685A60BB685A68FB69043388
:205E00009A4203D1FB69DA68BB685A60FB6900225A61BB681B685A1EBB681A60FB69DA6AAB
:205E20004A4B1B689A4203D9FB69DB6A474A1360FB69DA6A464913469B0013449B000B4479
:205E400004331B687B60FB697A689A607B689A68FB69DA607B689B68FA6904325A60FB694D
:205E60001A1D7B689A60FB69DA6A13469B0013449B00374A1A44FB695A61FB69DA6A34495D
:205E800013469B0013449B000B441B68FA69D26A591C2F4813469B0013449B000344196019
:205EA000FB69DA6A2B4B1B68DB6A9A4204D92A4A3B69012142F82310234B1B68002B7FF40D
:205EC0006BAFFB69002B01D000F04AFC234B1B687B617B69002B12D000F060F80346002B98
:205EE00004D01D4A3B69012142F823107B69013B7B617B69002BEFD1184B00221A60164A0A
:205F00003B6952F82330002B0DD00123BB61114B1B68134B4FF080525A60BFF34F8F00BFA1
:205F2000BFF36F8F00BFF7F719F9BB6918462037BD4680BD14ED0020F4A2020080A50200F9
:205F400004A20200ECEC0020ACEC0020F4EC002050EB00204CEB002000ED0020FCEC002022
:205F600000ED00E080B483B000AF054B1B687B607B6818460C37BD465DF8047B704700BFBF
:205F8000F0EC002080B400AF034B1B681846BD465DF8047B704700BFECEC002080B588B041
:205FA00000AF0023FB617D4B1B68002B40F0EB807B4B1B680133BB61794ABB691360BB698B
:205FC000002B1CD1774B1B681B68002B06D0764B764A41F25F217648FDF71EFF714B1B689E
:205FE0007B61744B1B686F4A1360724A7B691360714B1B680133704A136000F0B1FB6F4B4E
:206000001B68BA699A42C0F0A980664B1B681B68002B04D1694B4FF0FF321A609EE0614BA6
:206020001B68DB68DB683B613B695B68FB60BA69FB689A4203D2614AFB6813608EE03B692F
:206040005B69BB603B699B683A69D2689A603B69DB683A6992685A60BB685A683B690433E5
:206060009A4203D13B69DA68BB685A603B6900225A61BB681B685A1EBB681A603B699B6AC8
:20608000002B1ED03B699B6A7B603B69DB693A69126A9A603B691B6A3A69D2695A607B68BE
:2060A0005A683B6918339A4203D13B691A6A7B685A603B6900229A627B681B685A1E7B6837
:2060C0001A603B69DA6A3E4B1B689A4203D93B69DB6A3B4A13603B69DA6A3A4913469B005A
:2060E00013449B000B4404331B683B603B693A689A603B689A683B69DA603B689B683A69FE
:2061000004325A603B691A1D3B689A603B69DA6A13469B0013449B002A4A1A443B695A6118
:206120003B69DA6A274913469B0013449B000B441B683A69D26A591C224813469B00134446
:206140009B00034419603B69DA6A1F4B1B68DB6A9A427FF65AAF0123FB6156E71A4B1B68CB
:20616000DA6A184913469B0013449B000B441B68012B01D90123FB61144B1B68002B07D058
:206180000123FB6104E0124B1B680133104A1360FB6918462037BD4680BD00BF14ED002081
:2061A000F0EC0020A4EC002044A3020090A5020004A20200A8EC002004ED00200CED00208D
:2061C000F4EC002050EB00204CEB002000ED0020FCEC002080B582B000AF254B1B68002BC4
:2061E00003D0244B01221A603EE0224B00221A60214B1B687B600CE07B68002B06D11F4B94
:206200001F4A41F2FA311F48FDF706FE7B68013B7B601D497A6813469B0013449B000B44E1
:206220001B68002BE8D07A6813469B0013449B00154A13443B603B685B685A683B685A605A
:206240003B685A683B6808339A4203D13B68DA683B685A603B685B68DB680C4A1360064A47
:206260007B681360094B1B6800BF0837BD4680BD14ED002000ED0020F4EC0020BCA3020024
:20628000A4A5020004A2020050EB00204CEB002080B582B000AF786039607B68002B06D1ED
:2062A0000A4B0B4A4FF4A4510A48FDF7B5FD0A4B1B68183319467868FEF71DFB01213868D3
:2062C00000F086FC00BF0837BD4680BDCCA30200B8A5020004A202004CEB002080B586B0D4
:2062E00000AFF860B9607A60FB68002B06D11B4B1B4A41F2BE411B48FDF78EFDFB685B683A
:206300007B61194B1B687A69DA61174B1B687A6992681A62144B1A687B699B6818325A6092
:20632000114B1B6803F118027B699A600E4B1B68FA689A62FB681B685A1CFB681A607B683C
:20634000002B02D04FF0FF33BB607968B86800F03FFC00BF1837BD4680BD00BFCCA302000A
:20636000D0A5020004A202004CEB002080B588B000AF78607B68DB68DB68BB61BB69002BDF
:2063800006D15E4B5E4A41F2F5415E48FDF744FDBB699B6A7B61BB69DB69BA69126A9A608B
:2063A000BB691B6ABA69D2695A607B695A68BB6918339A4203D1BB691A6A7B695A60BB69ED
:2063C00000229A627B691B685A1E7B691A604E4B1B68002B61D1BB695B69FB60BB699B687F
:2063E000BA69D2689A60BB69DB68BA6992685A60FB685A68BB6904339A4203D1BB69DA6872
:20640000FB685A60BB6900225A61FB681B685A1EFB681A60BB69DA6A3C4B1B689A4203D9F9
:20642000BB69DB6A394A1360BB69DA6A384913469B0013449B000B4404331B68BB60BB69E6
:20644000BA689A60BB689A68BB69DA60BB689B68BA6904325A60BB691A1DBB689A60BB69C8
:20646000DA6A13469B0013449B00294A1A44BB695A61BB69DA6A264913469B0013449B0085
:206480000B441B68BA69D26A591C214813469B0013449B00034419601BE01E4B5B683B6184
:2064A000BB693A69DA613B699A68BB691A623B699B68BA6918325A60BB6903F118023B69F0
:2064C0009A60BB69134A9A62124B1B680133114A1360BB69DA6A104B1B68DB6A9A4205D91E
:2064E0000123FB610D4B01221A6001E00023FB61FB6918462037BD4680BD00BF04A4020005
:20650000F0A5020004A2020014ED0020F4EC002050EB0020ACEC00204CEB002000ED0020A4
:2065200080B483B000AF7860064B1A687B681A60054B1A687B685A6000BF0C37BD465DF874
:20654000047B704704ED0020F0EC002080B586B000AF786039607B68002B06D1284B294AA2
:2065600041F2A5512848FDF757FC3B68002B06D1264B244A41F2A6512348FDF74DFCF6F7F8
:20658000B5FD234B1B683B617B685B683A69D31AFB603B681B68B3F1FF3F02D100237B6151
:2065A00026E07B681A681B4B1B689A420AD07B685B683A699A4205D301237B613B6800220F
:2065C0001A6015E03B681B68FA689A420BD23B681A68FB68D21A3B681A607868FFF7A0FF05
:2065E00000237B6104E03B6800221A6001237B61F6F7B4FD7B6918461837BD4680BD00BF4B
:2066000014A402000CA6020004A2020020A40200F0EC002004ED002080B400AF034B01223D
:206620001A6000BFBD465DF8047B704700ED002080B582B000AF786000F054F8074B1B6887
:20664000012BF9D9064B4FF080525A60BFF34F8F00BFBFF36F8F00BFEEE700BF50EB002073
:2066600000ED00E080B582B000AF00237B600CE07A6813469B0013449B00124A1344184674
:20668000FEF70CF97B6801337B607B680E2BEFD90D48FEF703F90D48FEF700F90C48FEF758
:2066A000FDF80C48FEF7FAF80B48FEF7F7F80B4B054A1A600A4B054A1A6000BF0837BD4635
:2066C00080BD00BF50EB00207CEC002090EC0020ACEC0020C0EC0020D8EC0020A4EC002027
:2066E000A8EC002080B582B000AF19E0F6F7FEFC104BDB68DB687B607B6804331846FEF7C7
:2067000033F90D4B1B68013B0B4A13600B4B1B68013B0A4A1360F6F721FD786800F010F8AF
:20672000064B1B68002BE1D100BF00BF0837BD4680BD00BFC0EC0020ECEC0020D4EC002048
:2067400080B582B000AF78607B681B6B1846FDF76BFF7868FDF768FF00BF0837BD4680BDAD
:2067600080B400AF0A4B1B681B68002B04D1094B4FF0FF321A6005E0054B1B68DB681B681F
:20678000044A136000BFBD465DF8047B704700BFA4EC00200CED002080B483B000AF054BFD
:2067A0001B687B607B6818460C37BD465DF8047B704700BF4CEB002080B483B000AF0B4BE7
:2067C0001B68002B02D101237B6008E0084B1B68002B02D102237B6001E000237B607B68BB
:2067E00018460C37BD465DF8047B7047F8EC002014ED002080B586B000AF78607B683B61D4
:2068000000237B617B68002B7BD03B69DA6A3F4B1B68DB6A9A426BD23B699B69002B06DB19
:206820003A4B1B68DB6AC3F10F023B699A613B6959693B69DA6A13469B0013449B00344AF5
:20684000134499424CD13B6904331846FEF78CF82E4B1B68DA6A3B69DA623B69DA6A2D4BB7
:206860001B689A4203D93B69DB6A2A4A13603B69DA6A274913469B0013449B000B44043349
:206880001B68FB603B69FA689A60FB689A683B69DA60FB689B683A6904325A603B691A1D03
:2068A000FB689A603B69DA6A13469B0013449B00174A1A443B695A613B69DA6A14491346F1
:2068C0009B0013449B000B441B683A69D26A591C0F4813469B0013449B000344196004E024
:2068E0000A4B1B68DA6A3B69DA6201237B6108E03B699A6C054B1B68DB6A9A4201D201231F
:206900007B617B6918461837BD4680BD4CEB002050EB0020F4EC002080B586B000AF786026
:206920007B683B6100237B617B68002B78D03F4B1B683A699A4206D03D4B3E4A41F6282191
:206940003D48FDF769FA3B69DB6C002B06D13B4B384A41F629213848FDF75EFA3B69DB6C2E
:206960005A1E3B69DA643B69DA6A3B699B6C9A4256D03B69DB6C002B52D13B6904331846B6
:20698000FDF7F2FF3B699A6C3B69DA623B69DB6AC3F10F023B699A613B69DA6A284B1B685D
:2069A0009A4203D93B69DB6A254A13603B69DA6A244913469B0013449B000B4404331B6810
:2069C000FB603B69FA689A60FB689A683B69DA60FB689B683A6904325A603B691A1DFB68E2
:2069E0009A603B69DA6A13469B0013449B00154A1A443B695A613B69DA6A124913469B007C
:206A000013449B000B441B683A69D26A591C0D4813469B0013449B000344196001237B6163
:206A20007B6918461837BD4680BD00BF4CEB002048A4020024A6020004A2020060A4020007
:206A4000F4EC002050EB002080B588B000AF786039607B68BB6101237B617B68002B00F051
:206A60008D80BB69DB6C002B06D1464B464A41F686214648FDF7D0F9BB699B6C3A689A42A9
:206A800002D93B68FB6102E0BB699B6CFB61BB69DB6AFA699A4271D0BB69DB6C7A699A42A0
:206AA0006CD13B4B1B68BA699A4206D1394B364A41F6A1213548FDF7AFF9BB69DB6A3B619F
:206AC000BB69FA69DA62BB699B69002B04DBFB69C3F10F02BB699A61BB6959693A69134697
:206AE0009B0013449B002C4A1344994246D1BB6904331846FDF738FFBB69DA6A274B1B6809
:206B00009A4203D9BB69DB6A244A1360BB69DA6A214913469B0013449B000B4404331B68B2
:206B2000FB60BB69FA689A60FB689A68BB69DA60FB689B68BA6904325A60BB691A1DFB6880
:206B40009A60BB69DA6A13469B0013449B00124A1A44BB695A61BB69DA6A0F4913469B00A0
:206B600013449B000B441B68BA69D26A591C0A4813469B0013449B000344196000BF20376F
:206B8000BD4680BD60A402003CA6020004A202004CEB002078A4020050EB0020F4EC002053
:206BA00080B483B000AF094B1B687B607B68002B04D07B68DB6C5A1C7B68DA647B68184629
:206BC0000C37BD465DF8047B704700BF4CEB002080B588B000AF786039602F4B1B68FB61E8
:206BE0002E4B1B68BB612E4B1B687B612D4B1B6804331846FDF7B8FE7B68B3F1FF3F24D1B1
:206C00003B68002B21D0284B5B683B61254B1B683A699A60234B1B683A699268DA60214B1F
:206C20001A683B699B6804325A601E4B1B681A1D3B699A601B4B1B681B4A5A611A4B1B6889
:206C40000133194A136000BF22E0FA697B681344FB60144B1B68FA685A60FA68FB699A42D1
:206C600007D2104B1B68043319467869FDF743FE0EE00C4B1B6804331946B869FDF73BFE05
:206C80000A4B1B68FA689A4202D2084AFB68136000BF2037BD4680BDF0EC0020A4EC0020E0
:206CA000A8EC00204CEB0020D8EC00200CED002080B584B002AF00237B6000F0B3FA0F4BBD
:206CC0001B68002B0AD00E4B019303230093002380220C490C48FEF713FE78607B68002B2C
:206CE00006D10A4B0A4A4FF4A3710A48FDF794F87B6818460837BD4680BD00BF48ED002017
:206D00004CED002060A60200756E020068A602005CA7020070A6020080B588B002AFF8608A
:206D2000B9607A603B602820FDF76EFB78617B69002B0DD07B69002283F824207B6901931E
:206D40003B6A00933B687A68B968F86800F006F87B6918461837BD4680BDFFFF80B584B0CF
:206D600000AFF860B9607A603B60BB68002B06D1144B154A40F2A9111448FDF74DF800F02A
:206D800051FAFB69FA681A60FB69BA689A61FB693A68DA61FB69BA691A62FB6904331846AA
:206DA000FDF79CFD7B68002B08D0FB6993F8243043F00403DAB2FB6983F8242000BF10372E
:206DC000BD4680BD9CA6020074A7020070A6020080B584B000AFF860B9607A6008E0FB684C
:206DE0009B69BA681344BB60FB681B6AF8689847FB689A69BB68D118BB687A68F86800F00D
:206E0000E1F80346002BEAD100BF00BF1037BD4680BDFFFF80B584B000AF78603960144B7F
:206E20001B68DB68DB68FB60FB6804331846FDF79BFDFB6893F8243003F00403002B05D02E
:206E40003A687968F868FFF7C3FF08E0FB6893F8243023F00103DAB2FB6883F82420FB6845
:206E60001B6AF868984700BF1037BD4680BD00BF40ED002080B584B000AF786007F1080309
:206E8000184600F05BF8F860BB681946F86800F005F800F0D9F800BFF0E7FFFF80B584B06C
:206EA00000AF78603960FEF743FF07F10803184600F068F8F860BB68002B31D13B68002B54
:206EC0000AD17A68FB689A4206D8FEF73FFFF9687868FFF79FFF26E03B68002B08D0144BC5
:206EE0001B681B68002B01D1012300E000233B60104B18687A68FB68D31A3A681946FEF7CA
:206F000021FCFEF723FF0346002B0CD10A4B4FF080525A60BFF34F8F00BFBFF36F8F02E0EB
:206F2000FEF714FFFFE700BF1037BD4680BD00BF44ED002048ED002000ED00E080B485B082
:206F400000AF78600E4B1B681B68002B01D1012200E000227B681A607B681B68002B05D165
:206F6000074B1B68DB681B68FB6001E00023FB60FB6818461437BD465DF8047B704700BF63
:206F800040ED002080B584B000AF7860FEF7EAFFF8600B4B1B68FA689A4205D200F01CF98B
:206FA0007B6801221A6002E07B6800221A60044AFB681360FB6818461037BD4680BD00BFC5
:206FC00050ED002080B586B000AFF860B9607A603B6000237B61FB68BA685A60FB68FA6851
:206FE0001A61BA687B689A4212D87A683B68D21AFB689B699A4202D301237B611BE0104B6C
:207000001A68FB68043319461046FDF774FC12E07A683B689A4206D2BA683B689A4202D39A
:2070200001237B6107E0074B1A68FB68043319461046FDF760FC7B6918461837BD4680BD25
:2070400044ED002040ED002080B586B000AF3B1D00221A605A609A60A5E07B68002BC0F28B
:20706000A280FB687B617B695B69002B04D07B6904331846FDF778FC3B461846FFF782FFD1
:2070800038617B68013B082B00F28A8001A252F823F000BFB9700200B97002002171020060
:2070A0003571020077710200B9700200B970020021710200357102007B6993F8243043F0B6
:2070C0000103DAB27B6983F82420BA687B699B69D118BB683A697869FFF774FF0346002B06
:2070E00060D07B6993F8243003F00403002B09D0BA687B699B6913443A6919467869FFF765
:2071000067FE08E07B6993F8243023F00103DAB27B6983F824207B691B6A7869984741E0CF
:207120007B6993F8243023F00103DAB27B6983F8242038E07B6993F8243043F00103DAB2A8
:207140007B6983F82420BA687B699A617B699B69002B06D11C4B1D4A4FF482611C48FCF756
:207160005BFE7B699A693B69D1183B693A697869FFF728FF17E07B6993F8243003F002034B
:20718000002B03D17869FDF74FFA0CE07B6993F8243023F00103DAB27B6983F8242002E0FB
:2071A00000BF00E000BF0B4B1B68391D00221846FDF76EFF0346002B7FF44FAF00BF00BFFE
:2071C0001837BD4680BD00BF2CA702008CA7020070A6020048ED002080B582B000AF09E0EB
:2071E0000E4B1B68DB681B683B604FF0FF313868FFF710FE094B1B681B68002BF0D1074BA7
:207200001B687B60064B1B68044A1360044A7B68136000BF0837BD4680BD00BF40ED00208D
:2072200044ED002080B500AFF5F760FF124B1B68002B1DD11148FDF731FB1148FDF72EFBE6
:20724000104B0E4A1A60104B0D4A1A6000220C210A20FDF743FC0346074A1360064B1B6848
:20726000002B05D0044B1B6808491846FEF71CFAF5F774FF00BF80BD48ED002018ED0020AD
:207280002CED002040ED002044ED002054A7020081F0004102E000BF83F0004330B54FEAF3
:2072A00041044FEA430594EA050F08BF90EA020F1FBF54EA000C55EA020C7FEA645C7FEA1D
:2072C000655C00F0E2804FEA5454D4EB5555B8BF6D420CDD2C4480EA020281EA030382EA87
:2072E000000083EA010180EA020281EA0303362D88BF30BD11F0004F4FEA01314FF4801C0F
:207300004CEA113102D0404261EB410113F0004F4FEA03334CEA133302D0524263EB4303DC
:2073200094EA050F00F0A780A4F10104D5F1200E0DDB02FA0EFC22FA05F2801841F100014A
:2073400003FA0EF2801843FA05F359410EE0A5F120050EF1200E012A03FA0EFC28BF4CF09E
:20736000020C43FA05F3C01851EBE37101F0004507D54FF0000EDCF1000C7EEB00006EEB68
:207380000101B1F5801F1BD3B1F5001F0CD349085FEA30004FEA3C0C04F101044FEA445200
:2073A00012F5800F80F09A80BCF1004F08BF5FEA500C50F1000041EB045141EA050130BD65
:2073C0005FEA4C0C404141EB0101013C28BFB1F5801FE9D291F0000F04BF01460020B1FAD4
:2073E00081F308BF2033A3F10B03B3F120020CDA0C3208DD02F1140CC2F10C0201FA0CF0C3
:2074000021FA02F10CE002F11402D8BFC2F1200C01FA02F120FA0CFCDCBF41EA0C01904040
:20742000E41AA2BF01EB0451294330BD6FEA04041F3C1CDA0C340EDC04F11404C4F1200293
:2074400020FA04F001FA02F340EA030021FA04F345EA030130BDC4F10C04C4F1200220FA19
:2074600002F001FA04F340EA0300294630BD21FA04F0294630BD94F0000F83F4801306BFD2
:2074800081F480110134013D4EE77FEA645C18BF7FEA655C29D094EA050F08BF90EA020F37
:2074A00005D054EA000C04BF1946104630BD91EA030F1EBF0021002030BD5FEA545C05D1E1
:2074C0004000494128BF41F0004130BD14F580043CBF01F5801130BD01F0004545F0FE41F6
:2074E00041F470014FF0000030BD7FEA645C1ABF194610467FEA655C1CBF0B46024650EA2B
:20750000013406BF52EA033591EA030F41F4002130BD00BF90F0000F04BF0021704730B55F
:207520004FF4806404F132044FF000054FF0000150E700BF90F0000F04BF0021704730B570
:207540004FF4806404F1320410F0004548BF40424FF000013EE700BF42004FEAE2014FEA50
:2075600031014FEA02701FBF12F07F4393F07F4F81F06051704732F07F4208BF704793F07E
:207580007F4F04BF41F40021704730B54FF4607401F0004521F000411CE700BF50EA0102CA
:2075A00008BF704730B54FF000050AE050EA010208BF704730B511F0004502D5404261EBAF
:2075C00041014FF4806404F132045FEA915C3FF4D8AE4FF003025FEADC0C18BF03325FEA5E
:2075E000DC0C18BF033202EBDC02C2F1200300FA03FC20FA02F001FA03FE40EA0E0021FAA2
:2076000002F11444BDE600BF70B54FF0FF0C4CF4E06C1CEA11541DBF1CEA135594EA0C0F74
:2076200095EA0C0F00F0DEF82C4481EA030621EA4C5123EA4C5350EA013518BF52EA0335F7
:2076400041F4801143F4801338D0A0FB02CE4FF00005E1FB02E506F00042E0FB03E54FF0E6
:207660000006E1FB03569CF0000F18BF4EF0010EA4F1FF04B6F5007F64F5407404D25FEA22
:207680004E0E6D4146EB060642EAC62141EA55514FEAC52040EA5E504FEACE2EB4F1FD0CE6
:2076A00088BFBCF5E06F1ED8BEF1004F08BF5FEA500E50F1000041EB045170BD06F00046F6
:2076C00046EA010140EA020081EA0301B4EB5C04C2BFD4EB0C0541EA045170BD41F480111A
:2076E0004FF0000E013C00F3AB8014F1360FDEBF002001F0004170BDC4F10004203C35DA58
:207700000C341BDC04F11404C4F1200500FA05F320FA04F001FA05F240EA020001F00042FA
:2077200021F0004110EBD37021FA04F642EB06015EEA430E08BF20EAD37070BDC4F10C04D1
:20774000C4F1200500FA04F320FA05F001FA04F240EA020001F0004110EBD37041F100018F
:207760005EEA430E08BF20EAD37070BDC4F1200500FA05F24EEA020E20FA04F301FA05F219
:2077800043EA020321FA04F001F0004121FA04F220EA020000EBD3705EEA430E08BF20EAC1
:2077A000D37070BD94F0000F0FD101F00046400041EB010111F4801F08BF013CF7D041EAA7
:2077C000060195F0000F18BF704703F00046520043EB030313F4801F08BF013DF7D043EA22
:2077E0000603704794EA0C0F0CEA135518BF95EA0C0F0CD050EA410618BF52EA4306D1D106
:2078000081EA030101F000414FF0000070BD50EA410606BF1046194652EA430619D094EA74
:207820000C0F02D150EA013613D195EA0C0F05D152EA03361CBF104619460AD181EA030146
:2078400001F0004141F0FE4141F470014FF0000070BD41F0FE4141F4780170BD70B54FF0C5
:20786000FF0C4CF4E06C1CEA11541DBF1CEA135594EA0C0F95EA0C0F00F0A7F8A4EB050462
:2078800081EA030E52EA03354FEA013100F088804FEA03334FF0805545EA131343EA12631B
:2078A0004FEA022245EA111545EA10654FEA00260EF000419D4208BF964244F1FD0404F527
:2078C000407402D25B084FEA3202B61A65EB03055B084FEA32024FF480104FF4002CB6EB75
:2078E000020E75EB030E22BFB61A754640EA0C005B084FEA3202B6EB020E75EB030E22BF92
:20790000B61A754640EA5C005B084FEA3202B6EB020E75EB030E22BFB61A754640EA9C0032
:207920005B084FEA3202B6EB020E75EB030E22BFB61A754640EADC0055EA060E18D04FEA6F
:20794000051545EA16754FEA06164FEAC30343EA52734FEAC2025FEA1C1CC0D111F4801F5A
:207960000BD141EA00014FF000004FF0004CB6E711F4801F04BF01430020B4F1FD0C88BFD8
:20798000BCF5E06F3FF6AFAEB5EB030C04BFB6EB020C5FEA500C50F1000041EB045170BDA0
:2079A0000EF0004E4EEA113114EB5C04C2BFD4EB0C0541EA045170BD41F480114FF0000E91
:2079C000013C90E645EA060E8DE60CEA135594EA0C0F08BF95EA0C0F3FF43BAF94EA0C0F30
:2079E0000AD150EA01347FF434AF95EA0C0F7FF425AF104619462CE795EA0C0F06D152EA91
:207A000003353FF4FDAE1046194622E750EA410618BF52EA43067FF4C5AE50EA41047FF4DD
:207A20000DAF52EA43057FF4EBAE12E74FEA4102B2F1E04324BFB3F5001CDCF1FE5C0DD90B
:207A400001F0004C4FEAC0024CEA5070B2F1004F40EB830008BF20F00100704711F0804FF9
:207A600021D113F13872BCBF01F00040704741F480114FEA5252C2F11802C2F1200C10FAAA
:207A80000CF320FA02F018BF40F001004FEAC1234FEAD32303FA0CFC40EA0C0023FA02F33A
:207AA0004FEA4303CCE77FEA625307D150EA01331EBF4FF0FE4040F44000704701F000407A
:207AC00040F0FE4040F40000704700BFD0B500220B4B06460F46FFF797FD00F015F804461F
:207AE000FFF718FD0022074BFFF78EFD02460B4630463946FFF7D0FB00F006F82146D0BD55
:207B00000000F03D0000F0414A0011D212F5001211D20DD56FF47873B3EB62520ED44FEA41
:207B2000C12343F0004343EA505323FA02F070474FF00000704750EA013002D14FF0FF30B3
:207B400070474FF0000070470CB4184B30B50C1E9DB01D6808DA8B234FF0FF302B601DB01E
:207B6000BDE8304002B070474FF402730290069002A9ADF8143014BF04F1FF332346209AF6
:207B80002846049307934FF6FF73ADF8163021AB019300F07FF9431CBCBF8B232B60002C9D
:207BA000DDD0029B00221A70D9E700BF780A002002440346934200D1704703F8011BF9E7CB
:207BC000014B1868704700BF780A0020704770470A44431E914200D1704710B511F8014B2F
:207BE000914203F8014FF9D110BDFFFF38B50546002941D051F8043C0C1F002BB8BFE4180E
:207C000000F0E0F81D4A136833B9636014602846BDE8384000F0DCB8A34208D92068211801
:207C20008B4201BF19685B6809182160EDE71A465B680BB1A342FAD911685018A0420BD1C7
:207C400020680144501811608342E0D118685B68084453601060DAE702D90C232B60D6E743
:207C6000206821188B4202BF19685B680918636008BF21605460CAE738BD00BF98EE002086
:207C800070B50F4E0C460546316811B900F0A8FB30602146284600F0A3FB431C03D14FF06A
:207CA000FF34204670BDC41C24F00304A042F8D0211A284600F094FB0130F2D1EFE700BFA8
:207CC00094EE00202DE9F843CD1C064625F0030508350C2D38BF0C25002D01DBA94204D9F0
:207CE0000C2333600020BDE8F883DFF8D48000F069F8D8F800301C4644BB29463046FFF7CA
:207D0000BFFF431C044658D1D8F800402746002F43D1002C4BD023683946304604EB030951
:207D200000F05EFB814542D1216830466D1A2946FFF7A6FF01303AD023682B442360D8F809
:207D400000305A6862BBC8F800700FE02268521B20D40B2A17D96119A342256018BF596071
:207D6000636808BFC8F8001062514B60304600F02FF804F10B00231D20F00700C21A1CBFA8
:207D80001B1AA350AFE76268A3420CBFC8F800205A60EBE723466468AEE73C467F68B6E76F
:207DA0001A465B68A342FBD100235360DEE70C233046336000F00CF894E70560D6E700BFCC
:207DC00098EE00200148FFF701BF00BF90EE00200148FFF7FCBE00BF90EE00202DE9F047FE
:207DE0001F468E6882460C46BE4290460B682DD8B1F90C2012F4906F26D06569096905EBBF
:207E00004505A3EB01097B1C05EBD5754B446D109D4238BF1D46530527D52946FFF752FF60
:207E2000064660B34A462169FFF7D2FEA38923F4906343F08003A38126614E446561A5EB84
:207E4000090526603E46A560BE4200D93E4632464146206800F0AAFAA36800209B1BA360A9
:207E6000236833442360BDE8F0872A4600F0D6FA06460028E0D121695046FFF7B7FE0C2312
:207E80004FF0FF30CAF80030A38943F04003A381E9E7FFFF2DE9F04F98468B899DB007460D
:207EA0001B060D46144610D50B6973B94021FFF709FF2860286130B90C233B604FF0FF30DE
:207EC0001DB0BDE8F08F40236B610023CDF80C804FF00109DFF8A081099320238DF8293010
:207EE00030238DF82A3023469A4613F8012B0AB1252AF9D1BAEB040B0BD05B4622462946F5
:207F00003846FFF76BFF013000F0A780099A5A4409929AF80030002B00F09F8000234FF001
:207F2000FF320AF1010A049307938DF853301A93CDE90523544605224F4814F8011B00F0D6
:207F40005FFA049AD8B9D00644BF20238DF85330110744BF2B238DF853309AF800302A2BED
:207F600015D0079A544600204FF00A0C214611F8013B303B092B4BD9B0B1079214E0A0EB84
:207F80000803A24609FA03F313430493D2E7039B191D1B68002B0391BBBF5B4242F00202EC
:207FA00007930793B8BF049223782E2B0AD163782A2B32D1039B02341A1D1B6843EAE3736D
:207FC00003920593DFF8C0A003222178504600F017FA38B1A0EB0A004022049B0134824072
:207FE0001343049314F8011B062224488DF8281000F006FA002836D0214B1BBB039B0733E3
:2080000023F0070308330393099B334409936AE70CFB02320C460120A8E7002301344FF096
:208020000A0C19460593204610F8012B303A092A03D9002BC6D00591C4E70CFB01210446AB
:208040000123F0E703AB2A4604A9384600930D4BAFF30080421C0646D6D1AB895B063FF5B5
:208060002DAF09982CE703AB2A4604A938460093044B00F07DF8EDE7A7A70200B1A7020062
:2080800000000000DD7D0200ADA702002DE9F047164698468A6807460B690C46DDF820901D
:2080A0009342B8BF1346336091F843200AB1013333602368990642BF3368023333602568FF
:2080C00015F0060506D104F1190AE36832689B1AAB422BDC94F843302268003B18BF012354
:2080E000920630D404F1430241463846C847013023D023681A3454F80A2C03F00603042BEC
:208100000ABF54F80E5C002533684FF0000608BFED1A54F8123C08BF25EAE5759342C4BFEB
:208120009B1AED18B5421AD1002008E00123524641463846C847013003D14FF0FF30BDE8B3
:20814000F0870135C1E7E1185A1C30200233224481F8430094F8451082F84310C2E7012339
:20816000224641463846C8470130E6D00136D9E72DE9FF470F7E914680460C46782F9A4646
:208180000C9E01F1430207D8622F0AD8002F00F0D180582F00F0B88004F1420684F8427022
:2081A0003AE0A7F16303152BF6D801A151F823F0098202001D820200998102009981020035
:2081C00099810200998102001D820200998102009981020099810200998102001B830200B6
:2081E00047820200D582020099810200998102003D8302009981020047820200998102005E
:2082000099810200DD82020033681A1D1B68326004F1420684F8423001239CE0336820680C
:20822000191D3160060601D51D6803E04506FBD5B3F90050002D03DA2D236D4284F843301E
:2082400058480A2311E021683368080653F8045B02D4490648BFADB26F2F3360514814BF5C
:208260000A230823002184F843106668002EA66005DB21682E4321F0040121604BD01646CC
:20828000B5FBF3F103FB1157C75D06F8017D2F460D46BB42F4D9082B0BD12368DF0708D555
:2082A000236961689942DEBF302306F8013C06F1FF36921B22614B4603AA21464046CDF817
:2082C00000A0FFF7E3FE01304AD14FF0FF3004B0BDE8F087236843F0200323607827324820
:2082E000236884F845701F06316851F8045B02D45F0648BFADB23160D90744BF43F02003F1
:2083000023601DB11023ADE72648E9E7236823F020032360F6E71646BDE733682568181D89
:20832000616930602E061B6801D5196002E06806FBD51980002316462361BCE733680021C2
:208340001A1D32601E686268304600F059F808B1801B606063682361002384F84330AAE747
:208360002369324649464046D0470130ADD023689B0713D4E068039B9842B8BF1846A6E7E9
:208380000123324649464046D04701309DD00135E36803995B1AAB42F2DCEBE7002504F13E
:2083A0001906F5E7B8A70200C9A70200884210B501EB020402D98442234607D8431EA14241
:2083C00008D011F8012B03F8012FF8E7024401468A4200D110BD13F8014D02F8014DF7E710
:2083E00038B50023054D044608462B60FBF738FF431C02D12B6803B1236038BD8CEE002044
:20840000C9B20346024410B59342184601D1002003E0047801338C42F6D110BD2DE9F0412C
:20842000074614460D4621B91146BDE8F041FFF749BC2AB92546FFF7D9FB2846BDE8F081A4
:2084400000F01AF88442064602D8B4EB500FF4D821463846FFF736FC804608B94546ECE772
:20846000B4422246294628BF3246FFF7B1FB29463846FFF7BBFBF1E751F8043C181F002BD2
:20848000BCBF0B58C018704700000805352E382E300000004275696C74207769746820521B
:2084A000656E6573617320416476616E63656420466C657869626C6520536F6674776172B6
:2084C00065205061636B6167652076657273696F6E20352E382E3000F8B500BFF8BC08BC48
:2084E0009E467047F8B500BFF8BC08BC9E4670475FF800F0350300205FF800F0F901002062
:208500005FF800F0190600205FF800F0810100205FF800F0A10400205FF800F07D060020F6
:208520005FF800F0A90300205FF800F0190800204454555F43414E5F54785F5461736B0065
:208540004454555F554152545F54785F5461736B000000004454555F446973705F54617313
:208560006B0000004454555F554152545F52785F5461736B000000004454555F43414E5F70
:2085800052785F5461736B00537754696D65725F5461736B00FFFFFF4F044F054F06440223
:2085A00044004006400540040501050205034F0744014D00450447044700480448014805EE
:2085C0004701480047054802480647024703480724074A0047074706440344074406440510
:2085E00044044300430143024303410340073F033F023F013F003F043F053F063F073E0341
:208600003E013E023E063E070B050A03090308034803070306033E043E0505040400040426
:208620000B040B060B0705004B004E003E0046004307FFFF65000020010066000020010091
:208640006700002001006800002001006900002001006A00002001006B00002001006C00FC
:20866000002001006D00002001006E00002001006F0000200100700000200100710000200A
:208680000100720000200100730002200200740002200200750000230100760000210100E6
:2086A0007700002101007800002001007900002001007A00002001007B00002001007C003B
:2086C000002001007D00002001007E00002001007F00030000008000032200008100022072
:2086E000020082000300000083000020010084000300000085000300000086000220020096
:208700008700002001008800002001008900030000008A00002001008B00030000008C00B7
:20872000002001008D00002001008E00022002008F000020010090000020010091000020A6
:208740000100920002200200930000200100940000200100950000200100960003000000AA
:20876000970000230100980000230100C90000200100CA0000200100CB0003000000CC0013
:2087800003000000CD0003000000CE0004000000CF0004000000D00003000000D1000300BA
:2087A0000000D20003000000D30003000000D40000220100D50003000000D6000300000066
:2087C000D70003000000D80003000000D90003000000DA0003000000DB0003000000DC0071
:2087E000030000002D01040000002E01000001002F0100000100300100000100310103007C
:20880000000032010100010033010100010034010023010035010400000036010020010002
:208820003701030000003801000001003901002401003A01002301003B01000001003C018B
:20884000040000003D01030000003E01002001003F01002001004001030000004101030089
:20886000000042010300000043010300000044010020010045010120010046010024010031
:208880004701002001004801040000004901002301004A01002001004B01002301004C018B
:2088A000002001004D01002001004E01012301004F0100230100500100000100510100009C
:2088C0000100520104000000530104000000540103000000550103000000560103000000DD
:2088E0005701030000005801030000005901030000005A01030000005B01030000005C014A
:20890000030000005D01030000005E010300000090010400000091010400000092010400CF
:2089200000009301012601009401040000009501010001003F0006005B004F0066006D0088
:208940007D0007007F006F0000007F00FF031E00F706BF069E07BD07FD071F02FF079F070A
:208960000000FFFF3F0906011B060F0426062D063D0601113F06270637068F1439008F1098
:20898000390231023D04360689101E0030233800760176203F0033063F2033264D0481108B
:2089A0003E00300936284029401109090800000000090006390037003300FFFF0D00D5007C
:2089C0000E006B007F00FF003D01D703B101AE01EA02FFFFFF011E02EF043F049E05BB0584
:2089E000FB051F00FF05BF05FF07000019000D00170013001F00FFFF49035D033F003D00F5
:208A000023017E03FF03FFFFD7063D027F00FF005F02FF0F30313233343536373839414218
:208A2000434445464748494A4B4C4D4E4F505152535455565758595A5F202F2D4B044B0560
:208A40004B064B074B034B014B024A044A054A064A074A034A014A02490449054906490730
:208A60004903490149024E074E064E054E044E014E034E024D074D064D054D044D014D03EF
:208A80004D020A040A050A060A070A020A000A0109040905090609070902090009010804C4
:208AA000080508060807080208000801070407050706070707020700070106040605060606
:208AC000060706020600060142044205420642074203420243064305430442004201400030
:208AE00040014002400341074106410241014100410441054500450145024503460746061D
:208B0000460346024601460446054C004C014C024C034C074C064507450645054C044C058B
:208B20000507040304010505050604020407030303070405040603010302030602060100B9
:208B40000204000002010202020302070205020001010103010700030001010401020105D1
:208B60000106000225032606260425042401240325072506250224022501240025052500BC
:208B8000270728032800260026052607260327062802260228012601270527042A072A022A
:208BA0002A00290029052907290329022A0629062A05290429012A042B032C072C042B04DA
:208BC0002A012A032B072B022C062B062C052B052B012B002D032E062E042D042C012C03A0
:208BE0002D072D062D022C022D012C002D052D002F072F032F002E002E052E072E032F0665
:208C00002F022E022F012E012F052F04310731023100300030053007300330023106300623
:208C20003105300430013104320333073304320431013103320732023306320633053205D5
:208C40003201320034033506350434043301330334073406340233023401330034053400AD
:208C600036073603360035003505350735033606360235023601350136053604380738025F
:208C800038003700370537073703370238063706380537043701380439033A073A04390419
:208CA00038013803390739023A0639063A053905390139003B033C063C043B043A013A03DF
:208CC0003B073B063B023A023B013A003B053B003D073D033D003C003C053C073C033D06A4
:208CE0003D023C023D013C013D053D04230422042206220323032301230023052200230283
:208D0000220123072306220221002000200321072207220521012105210421022001210308
:208D2000210620021F001E001E021F072007200520041F011F0420061F051F031F021F0602
:208D40001E041D041D071D031E031E011E051D011D001E061D051E071D021D061C041B0402
:208D60001B061B031C031C011C001C051B001C021B011C071C061B021A00190019031A0714
:208D80001B071B051A011A051A041A0219011A031A06190218001700170218071907190506
:208DA000190418011804190618051803180218061704160416071603170317011705160102
:208DC000160017061605170716021606150414041406140315031501150015051400150209
:208DE000140115071506140213001200120313071407140513011305130413021201130308
:208E0000130612021100100010021107120712051204110111041206110511031102110601
:208E200010040F040F070F031003100110050F010F0010060F0510070F020F060E040D0401
:208E40000D060D030E030E010E000E050D000E020D010E070E060D020C000B000B030C0713
:208E60000D070D050C010C050C040C020B010C030C060B02574149542035205345434F4E34
:208E8000445300004B4559204F464620414E4400484947482054454D5045524154555245D6
:208EA000202D2056454849434C45204E4545445320544F20434F4F4C20444F574E0000004E
:208EC000414E4420574149542033204D494E00005455524E204F4E20534C45455000000074
:208EE000534552564943452043454E5445520000434F4E5441435400544845205645484947
:208F0000434C4500504C454153452043484152474500000046524F4D2056454849434C45A5
:208F200000000000535441592041574159000000484947482054454D50000000434841520A
:208F4000474552002021222324252627282B2C2D2E2F303132330000534841524544000091
:208F60004C495645204C4F434154494F4E00000043414E43454C4C45440000004C4F4341AE
:208F800054494F4E2053484152450000544845524D414C205249534B00000000454D455275
:208FA00047454E4359000000414C4552540000004F56455248454154494E470038303931B5
:208FC000323338303338000043414C4C20535550504F5254000000005245504C55472043AE
:208FE00048415247455200004C4F434B2049535355450000434F4D504C455445000000008D
:20900000555044415445000041435449564500004C494D50204D4F4445000000454E414244
:209020004C454400534541542F43484152474500464F525741524420415353495354000049
:20904000505245535320500052455645525345204153534953540000544F205348555420D9
:20906000444F574E000000004B4559204F464600335320544F20454E41424C4500000000C4
:20908000484F4C442053455420464F5200000000544F20434841524745000000253032643E
:2090A000202530326420414D0000000025303264202530326420504D0000000046554C4C11
:2090C0002043484152474520425900005455524E204F4E20504F574552000000544F205540
:2090E0004E504C55470000004B4559204F4E0000544F205357495443482054524950000050
:2091000050524553532053454C000000335320544F2052455345540048494C4C20484F4CA6
:20912000440000005345525649434500424F4F4B205550434F4D494E470000004F564552F1
:2091400044554500335320544F2044495341424C450000005354414E44425900554E415685
:2091600041494C41424C450044495341424C4520494E2000257325645300000044454143B9
:20918000544956415445440041435449564154454400000053484152494E475F202020203E
:2091A000200000005550444154494E472020202020000000FF00FD8100C0FD90A5B0C8E7C5
:2091C000FCE9F0F8E00040FF2033FF00000000000000000000000000002627282B2C2DFF59
:2091E0000000000000000000000026272C2DFF000000000000000000000000262DFF000078
:20920000000000000000000000000000252EFF000000000000000000000000000024252E85
:209220002FFF0000000000000000000000002324252E2F30FF0000000000000000000022E6
:209240002324252E2F3031FF000000000000000021222324252E2F303132FF000000000047
:209260000021222324252627283231302F2E2D2C2BFFFFFF0409000105000104000004003D
:209280000002000000000301000302005258315F445455008C920200060C16000301000050
:2092A0006D5E010000000000000000000000000000000000000000000101000000000000E0
:2092C00000000000FF000000B8920200FFDFFFDF0C15000000000000000000000000000066
:2092E00000000000000000000000000000000000000000000000000000000000000000006E
:209300000000FFFFDFDF000000000000000000000000000000000000000000000000000091
:2093200080F0FA020000000040787D0102021400710E010000000000E0920200FFFFFFFF83
:209340000400000000000000400000000000000000000000000000000000000000010000C8
:2093600040000000000000004000000000000000000000000000000000000000000000006D
:209380000000000000000000000000000000000000000000000000000000FFFFDFDF000011
:2093A00000000000000000000000000000000000000000000000000020A1070000000000E5
:2093C00090D0030001021300490E01000000000078930200010000000000000000000000AE
:2093E00000000000000000000000000000000000000000000000FFFFDFDF000000000000B1
:20940000000000000000000000000000000000000200000050C300000000000050C3000024
:2094200004FFDF000000000000000000D493020006080303010100000000000000000000CB
:2094400000000000000000000000000000000000000000000111011288460020449402001F
:2094600040990200000100000C0900200F00FFFF00000000FFFF000000020000010D020EB0
:20948000020F0210000000000000000071100100000000006494020001000000000000012B
:2094A0000000000000090A0B0C02020202000000010000000000000000000000510D01001A
:2094C000000000009894020005FFFFFF10090020C894020034470020CC9402008C990200A1
:2094E00006FFFFFF20090020E09402003C470020E49402008C990200010000FF0305060751
:20950000080202020200000001000000EC940200D4940200ED0B010000000000F8940200C7
:20952000000000004009002060090020000000002000000000000000000000000000000019
:2095400000000000300900207104010000000000209502000200010200013F3F000001DF21
:20956000DFFFFFFF00000000000FDFDF00FFFF000000000000000000589502000000000055
:209580000000000000800000010000000000000002000000008000000300000000000000C5
:2095A00004000000008000000D000000008000000E000000008000000F00000000000104F8
:2095C000000100000000010401010000000000000201000005000000030100000000000077
:2095E000040100000000000005010000040000000601000004000000070100000000010048
:20960000080100000004010609010000000401060A010000000001060B01000005040000FA
:209620000C010000050000000D0100000000010001020000000001030502000004000000F7
:209640000602000004000000070200000504000008020000000001000C02000000000100D2
:209660000D0200000000010000030000104000000103000000000000020300000504000075
:20968000030300000504000004030000040000000004000000000110010400000000011085
:2096A000020400000400000007040000000C010508040000000C010509040000000C010546
:2096C0000A040000050C00000B04000004000000000500002B0000007C9502000000000015
:2096E000A100A400A500A200A3009201930194019501C401C501C801C70180018101820147
:20970000830131003000CF00D8005600070000000000000000000000000000000000000060
:20972000000000000000000000000000000000000000000000000000000000000000000029
:20974000000000000000000000000000000000000000000000000000000000000000000009
:209760000000000000000000000000000000000000000000000000000000000000000000E9
:209780000000000000000000000000000000000000000000000000000000000000000000C9
:2097A00075635356434E756D626572203C3D2033000000002E2E2F72612F6673702F7372A6
:2097C000632F726D5F6672656572746F735F706F72742F706F72742E6300000028282853DB
:2097E00043425F54797065202A2920282830784530303045303030554C29202B20307830A1
:20980000443030554C2920292D3E49435352202620283078314646554C202929203D3D2035
:20982000300000007578437269746963616C4E657374696E67000000756C43757272656EB8
:20984000745072696F72697479203E3D2028282828312929203C3C202838202D2034292949
:2098600029203E3E202838202D203429000000005F5F4E5649435F4765745072696F7269F7
:20988000747947726F7570696E672829203C3D202838202D203429202D20310076506F7217
:2098A0007453564348616E646C65725F4300FFFF76506F7274456E74657243726974696373
:2098C000616C00FF76506F727445786974437269746963616C00FFFF76506F727456616CA0
:2098E0006964617465496E746572727570745072696F7269747900FFFFFF00FF010203FF31
:20990000020403040404FFFF00000000FFFF0000002000008000000000000100FFFF070090
:209920000080000080000000020000000899020000000008FF1F0008400000000400000010
:2099400045150200E51502003B160200BB16020065180200A11802002D170200911702005F
:20996000B717020069170200D917020047180200F517020025180200051902003719020083
:20998000551902007319020093190200451F0200B51F0200F91F0200CD200200E9200200CB
:2099A0009D200200B72002000D210200DD210200A5210200C121020036E0014038E0014083
:2099C00090E4014032E0014080E401402AE001404AE0014001000200080010002820282079
:2099E00075696E74385F74202A20292028207078426C6F636B2029203E3D20262820756384
:209A0000486561705B2030205D20292029202626202820282075696E74385F74202A202994
:209A20002028207078426C6F636B2029203C3D202628207563486561705B202834303936AF
:209A40003029202D2031205D20292029000000002E2E2F72612F6177732F467265655254D1
:209A60004F532F4672656552544F532F536F757263652F706F727461626C652F4D656D4D88
:209A8000616E672F686561705F342E63000000002820282075696E74385F74202A20292091
:209AA0002820707652657475726E2029203E3D202628207563486561705B2030205D2029BF
:209AC0002029202626202820282075696E74385F74202A2029202820707652657475726EF5
:209AE0002029203C3D202628207563486561705B2028343039363029202D2031205D20296D
:209B000020290000282028207078426C6F636B2D3E78426C6F636B53697A652029203C206B
:209B200028207857616E74656453697A6520292029203D3D20300000282028202820736937
:209B40007A655F7420292070784E6577426C6F636B4C696E6B202920262028203078303060
:209B6000303720292029203D3D20300028202820282073697A655F74202920707652657422
:209B800075726E2029202620282073697A655F742029202820307830303037202920292019
:209BA0003D3D2030000000002820282075696E74385F74202A202920282070784C696E6B0F
:209BC0002029203E3D202628207563486561705B2030205D202920292026262028202820E7
:209BE00075696E74385F74202A202920282070784C696E6B2029203C3D2026282075634899
:209C00006561705B2028343039363029202D2031205D2029202900002820282028207078D2
:209C20004C696E6B2D3E78426C6F636B53697A65202920262028202820282073697A655F8C
:209C400074202920312029203C3C202820282073697A656F66282073697A655F7420292096
:209C60002A202820282073697A655F742029203820292029202D203120292029202920218F
:209C80003D2030202920213D2030000070784C696E6B2D3E70784E65787446726565426C88
:209CA0006F636B203D3D202828766F6964202A29302900002820282075696E74385F742064
:209CC0002A202920282070784974657261746F722029203E3D202628207563486561705B54
:209CE0002030205D20292029202626202820282075696E74385F74202A202920282070783B
:209D00004974657261746F722029203C3D202628207563486561705B202834303936302964
:209D2000202D2031205D2029202900FF7076506F72744D616C6C6F6300FFFFFF76506F72F0
:209D4000744672656500FFFF707276496E73657274426C6F636B496E746F467265654C6986
:209D6000737400FF70785175657565002E2E2F72612F6177732F4672656552544F532F46CA
:209D800072656552544F532F536F757263652F71756575652E6300007852657475726E20A2
:209DA000213D2028202820282042617365547970655F7420292030202920290070784E6597
:209DC000775175657565000070784D75746578007848616E646C6500212820282070764968
:209DE00074656D546F5175657565203D3D202828766F6964202A29302920292026262028D0
:209E000020707851756575652D3E75784974656D53697A6520213D202820554261736554A9
:209E20007970655F742029203055202920290000212820282078436F7079506F7369746945
:209E40006F6E203D3D202820282042617365547970655F7420292032202920292026262032
:209E60002820707851756575652D3E75784C656E67746820213D2031202920290000000092
:209E80002128202820785461736B4765745363686564756C657253746174652829203D3D5B
:209EA000202820282042617365547970655F742029203020292029202626202820785469CE
:209EC000636B73546F5761697420213D203020292029000028206354784C6F636B20292020
:209EE000213D2028202820696E74385F742029203132372029000000707851756575652D98
:209F00003E75784974656D53697A65203D3D20300000000021282028207078517565756564
:209F20002D3E706348656164203D3D202828766F6964202A2930292029202626202820705C
:209F40007851756575652D3E752E7853656D6170686F72652E784D75746578486F6C6465B5
:209F60007220213D202828766F6964202A29302920292029000000002820707851756575A1
:209F8000652029002128202820282070764275666665722029203D3D202828766F696420B5
:209FA0002A293029202920262620282028207078517565756520292D3E75784974656D5320
:209FC000697A6520213D2028205542617365547970655F742029203055202920290000008E
:209FE00021282028207076427566666572203D3D202828766F6964202A2930292029202659
:20A0000026202820707851756575652D3E75784974656D53697A6520213D20282055426165
:20A020007365547970655F7420292030552029202900000028206352784C6F636B202920EC
:20A04000213D2028202820696E74385F742029203132372029000000707851756575652D36
:20A060003E75784974656D53697A6520213D20300000000078517565756500007078517592
:20A08000657565536574436F6E7461696E65720070785175657565536574436F6E7461693B
:20A0A0006E65722D3E75784D6573736167657357616974696E67203C20707851756575658F
:20A0C000536574436F6E7461696E65722D3E75784C656E67746800FF7851756575654765CF
:20A0E0006E65726963526573657400FF78517565756547656E6572696343726561746500BF
:20A10000785175657565476976654D7574657852656375727369766500FFFFFF78517565CC
:20A12000756554616B654D7574657852656375727369766500FFFFFF7851756575654765CF
:20A140006E6572696353656E6400FFFF78517565756547656E6572696353656E6446726F7B
:20A160006D49535200FFFFFF7851756575655265636569766500FFFF785175657565536514
:20A180006D6170686F726554616B6500765175657565416464546F526567697374727900AE
:20A1A0007072764E6F746966795175657565536574436F6E7461696E657200FF0E000000ED
:20A1C00028202820282075696E7433325F742029207078546F704F66537461636B2026201A
:20A1E000282075696E7433325F74202920282030783030303720292029203D3D203055200E
:20A20000290000002E2E2F72612F6177732F4672656552544F532F4672656552544F532F1C
:20A22000536F757263652F7461736B732E63000075785072696F72697479203C202831356E
:20A240002900000075785363686564756C657253757370656E646564203D3D2030000000B4
:20A26000707850726576696F757357616B6554696D65000028207854696D65496E63726542
:20A280006D656E74203E20305520290075785363686564756C657253757370656E64656487
:20A2A000203D3D203155000075784E65775072696F72697479203C202831352900000000B2
:20A2C000785461736B000000785461736B546F526573756D6500000049444C450000000016
:20A2E0007852657475726E20213D2028202D31202900000075785363686564756C657253FA
:20A30000757370656E64656420213D203055000070785443420000007578536368656475B8
:20A320006C657253757370656E646564203D3D2028205542617365547970655F742029207F
:20A34000305500002820282028202820707844656C617965645461736B4C69737420292D13
:20A360003E75784E756D6265724F664974656D73203D3D2028205542617365547970655FBF
:20A3800074202920302029203F202820282042617365547970655F74202920312029203A2B
:20A3A000202820282042617365547970655F74202920302029202920290000007578546FD9
:20A3C000705072696F7269747900000070784576656E744C697374007578536368656475DC
:20A3E0006C657253757370656E64656420213D2028205542617365547970655F74202920DB
:20A40000305500007078556E626C6F636B65645443420000707854696D654F7574000000B0
:20A4200070785469636B73546F57616974000000707854434220213D202828766F6964205D
:20A440002A293029000000007078544342203D3D20707843757272656E7454434200000031
:20A4600070785443422D3E75784D75746578657348656C6400000000707854434220213D1C
:20A4800020707843757272656E745443420000007578496E646578546F576169744F6E20DE
:20A4A0003C202831290000007578496E646578546F4E6F74696679203C202831290000009F
:20A4C000785461736B546F4E6F74696679000000785469636B436F756E74203D3D20282027
:20A4E0005469636B547970655F742029203000002820282026282070785443422D3E7845DC
:20A5000076656E744C6973744974656D202920292D3E7078436F6E7461696E657220292062
:20A520003D3D202828766F6964202A29302900007578496E646578546F436C656172203CC8
:20A540002028312900FFFFFF707276496E697469616C6973654E65775461736B00FFFFFF3F
:20A56000765461736B44656C617900FF765461736B53746172745363686564756C6572002E
:20A58000785461736B526573756D65416C6C00FF785461736B496E6372656D656E745469BA
:20A5A000636B00FF765461736B537769746368436F6E7465787400FF765461736B506C6149
:20A5C00063654F6E4576656E744C69737400FFFF765461736B506C6163654F6E4576656E21
:20A5E000744C6973745265737472696374656400785461736B52656D6F766546726F6D45E0
:20A6000076656E744C69737400FFFFFF785461736B436865636B466F7254696D654F75740D
:20A6200000FFFFFF785461736B5072696F72697479446973696E68657269740076546173FF
:20A640006B5072696F72697479446973696E6865726974416674657254696D656F75740041
:20A66000546D7220537663007852657475726E002E2E2F72612F6177732F46726565525434
:20A680004F532F4672656552544F532F536F757263652F74696D6572732E63002820785417
:20A6A000696D6572506572696F64496E5469636B73203E20302029007854696D6572000065
:20A6C00078436F6D6D616E644944203C202820282042617365547970655F742029203620FB
:20A6E0002900000078436F6D6D616E644944203E3D202820282042617365547970655F7432
:20A70000202920362029000028207854696D65725461736B48616E646C6520213D202828C3
:20A72000766F6964202A2930292029002820707854696D65722D3E7854696D657250657216
:20A74000696F64496E5469636B73203E2030202900000000546D725100FFFFFF7854696DEE
:20A76000657243726561746554696D65725461736B00FFFF707276496E697469616C69731E
:20A78000654E657754696D657200FFFF70727650726F636573735265636569766564436F1B
:20A7A0006D6D616E647300232D302B2000686C4C006566674546470030313233343536378E
:20A7C0003839414243444546003031323334353637383961626364656600FFFF0000000013
:20A7E00080B584B000AF0023FB6000237B60194BB3F884309BB23B604FF49643BB60154B83
:20A800004FF42A42A3F8842008E0BB68002B02D14FF4FA73FB60BB68013BBB600D4BB3F8B9
:20A8200084309BB2002BF0D13B68012B06D1094B4DF60112A3F8442000F07AFB7B6840F262
:20A84000F512934201D17B68FB60FB6818461037BD4680BD00E07F4080B584B000AF786035
:20A860007B685B681B78002B0DD07B685B6893F91130184600F060FB7B685B6893F9133006
:20A88000184600F059FB124BB3F884309BB2002B02D1786800F044FB00F01CF8F86000F0B4
:20A8A00049F8B860FB68002B01D1BB68FB60FFF797FFB860FB68002B01D1BB68FB607B68FC
:20A8C000002283F83C20FB6818461037BD4680BD00E07F4080B483B000AF4FF496437B608B
:20A8E000124BB3221A7007E07B68002B01D1142315E07B68013B7B600D4BD3F88030C3F326
:20A90000C033DBB2012BEFD1094B1B7CC3F30013DBB2002B02D040F2F51300E000231846F2
:20A920000C37BD465DF8047B704700BF00007E4000E07F4080B483B000AF4FF496437B601D
:20A94000124B50221A7007E07B68002B01D1142315E07B68013B7B600D4BD3F88030C3F328
:20A96000C033DBB2012BEFD1094B1B7CC3F30013DBB2002B02D040F2F51300E00023184692
:20A980000C37BD465DF8047B704700BF00007E4000E07F4080B485B000AFF860B9607A6067
:20A9A000174AFB681B6B1363164B20221A70154BD0221A70FB681A6BBB681A44FB681A6385
:20A9C000FB689B6B5A1EFB689A637B68002B10D007E07B68002B01D114230BE07B68013B40
:20A9E0007B60074BD3F88030C3F3C033DBB2012BEFD1002318461437BD465DF8047B704733
:20AA000000E07F4000007E4080B588B000AFF860B9607A607B68002B06D1FB685B6893F9DB
:20AA20001130184600F088FA334AFB685B6B1363324BE8221A70BB685B08BB6102237B6135
:20AA40002E4BBA69D2B21A700023FB612CE0FB681B6B1A46294B12881A80FB681B693B614D
:20AA600006E03B695A1E3A61002B01D114233FE0214BD3F88030C3F38023DBB2012BF0D02D
:20AA8000FB681A6B7B691A44FB681A63FB685A6B7B691A44FB685A63FB689B6B5A1EFB68DE
:20AAA0009A63FB690133FB61FA69BB699A42CED3124BD0221A707B68002B11D007E07B680F
:20AAC000002B01D1142313E07B68013B7B600A4BD3F88030C3F3C033DBB2012BEFD106E07D
:20AAE000FB685B6893F91130184600F015FA002318462037BD4680BD00E07F4000007E4091
:20AB000080B586B000AFF860B9607A6000237B61174B1B7CC3F30013DBB2012B0FD1144B17
:20AB2000D3F88030C3F38033DBB2012B04D1104B1B7C0F4B00221A7440F2F5137B610C4B3A
:20AB4000D3F88020BB681340002B01D07B687B61FB68002B01D0FB687B617B69002B01D0DB
:20AB6000FFF7B8FE7B6918461837BD4680BD00BF00E07F4080B489B000AFF860B9607A6093
:20AB8000FB689B693B610823FB7608237B611A4ABB681363194B40221A70184AFB7E137064
:20ABA0000023FB6109E0FB695B007A681344134A1B881380FB690133FB61FA697B699A428B
:20ABC000F1D30E4BD0221A7007E03B69002B01D114230BE03B69013B3B61074BD3F88030E9
:20ABE000C3F3C033DBB2012BEFD1002318462437BD465DF8047B704700E07F4000007E406C
:20AC000080B485B000AFF860B9607A60194B4FF6FF721A80174B4FF6FF725A807B689AB2FC
:20AC2000FB689BB2DB039BB213439BB243F4F0439AB2104BDA80BB689BB26FEA43536FEA73
:20AC400053539AB20B4B9A800A4B4FF6FF721A81084B4FF6FF725A81064B4FF6FF729A81E6
:20AC6000044B4FF6FF72DA8100BF1437BD465DF8047B7047600A002080B584B000AF786062
:20AC80000023FB60786800F07BF8F860FB68002B10D0FB681EE07B689B681A468021786805
:20ACA000FFF7B2FEF86018224FF4A041F868FFF727FFF8607B689B6B002B02D0FB68002BF0
:20ACC000E9D0FFF78DFDB860FB68002B01D1BB68FB60FB6818461037BD4680BD80B588B090
:20ACE00000AFF860B9607A600023FB61FB68BA681A63FB687A689A63F86800F041F8F861B5
:20AD0000FB69002B01D0FB6933E01C4B0122A3F8E0201EE0FB681B6BB3F5803F06D2FB68AE
:20AD2000DB69BB614FF400537B6105E0FB681B6ABB614FF400437B61BA697969F868FFF79B
:20AD400029FEF86119224FF4C041F869FFF7D8FEF861FB689B6B002B02D0FB69002BD9D0D0
:20AD6000FFF73EFD3861FB69002B01D13B69FB61FB6918462037BD4680BD00BF00E07F40F1
:20AD800080B584B000AF78600023FB604FF49643BB607B685B681B78002B0DD07B685B6827
:20ADA00093F91130184600F0C7F87B685B6893F91330184600F0C0F80F4B4FF45942A3F86B
:20ADC00044200D4B4AF60122A3F8842008E0BB68002B02D14FF4FA7309E0BB68013BBB60F9
:20ADE000054BB3F884309BB2012BF0D1FB6818461037BD4680BD00BF00E07F4080B588B057
:20AE000000AFF860B9607A60184BD3F8DC30C3F3C073DBB2BB61F868FFF7B2FFF861FB69A8
:20AE2000002B01D0FB691CE0BB68590B7B685B0B1A46B869FFF7E4FE0D4A0E49F868FFF789
:20AE400099FEF86118220021F869FFF759FEF861FFF7C6FC7861FB69002B01D17B69FB616E
:20AE6000FB6918462037BD4680BD00BF00E07F40600A002030A1000180B584B000AF7860CF
:20AE80000B46FB701346BB707868FFF779FFF860FB68002B01D0FB6833E0BB78002B08D0C1
:20AEA000FB789BB2194A43F4CC439BB2A2F8E8301EE01022FF21164800F036F8FB789BB29E
:20AEC00003F001039BB2002B02D14FF6FF7201E047F6FF720E4BDA800D4A0E497868FFF7B4
:20AEE00049FEF86018220021F868FFF709FEF860FFF776FCB860FB68002B01D1BB68FB6045
:20AF0000FB6818461037BD4680BD00BF00E07F40600A002030A100015FF800F06D14020065
:20AF20005FF800F0D51E02005FF800F0B17B02005FF800F0311302005FF800F0CD140200A9
:20AF4000E0004000000301002602000044190500002E374303000000FFFFFFFFFFFF070097
:20AF6000001000000010000000000400400002000000080000000000000000000000000063
:20AF8000000010080000000000000000000000000500000006000000030000000300000088
:20AFA00020070000C0070000F0070000FF07000040070000FF0F000000000000000700004A
:20AFC0002000000000000000300000000000000020000000000000003000000000000000D1
:20AFE00040010000000000005001000000000000500100000000000040010000000000002D
:20B000003002000000000000400200000000000060020000000000008002000000000000D8
:20B0200051020000000000008B030000000000006606000000000000660600000000000057
:20B04000400000000000000070000000000000004000000000000000700000000000000090
:20B060000404000000000000040400000000000004040000000000000404000000000000B0
:20B080000000000000000100000000000000010000000000000001000000000000000100AC
:20B0A000000700000000000000070000000000000007000000000000000700000000000074
:20B0C000FFFF000000000000000000000000000001000000309902007C0A00200000000000
:20B0E00054ED0020BCED002024EE00200000000000000000000000000000000000000000F4
:20B1000000000000000000000000000000000000000000000000000000000000000000002F
:10B1200000000000000000002D02010005020100E7
:020000040100F9
:10A10000FFFFFFFFFFFFFFFFFFFFFFFFFFFFFFFF5F
:04A13400FFFFFFFF2B
:20A20000FFFCFFFFFFFFFFFFFFFFFFFFFFFFFFFFFFFFFFFFFFFFFFFFFFFFFFFFFFFFFFFF61
:20A22000FFFFFFFFFFFFFFFFFFFFFFFFFFFFFFFFFFFFFFFFFFFFFFFFFFFFFFFFFFFFFFFF3E
:20A24000FFFFFFFFFFFFFFFFFFFFFFFFFFFFFFFFFFFFFFFFFFFFFFFFFFFFFFFFFFFFFFFF1E
:20A26000FFFFFFFFFFFFFFFFFFFFFFFFFFFFFFFFFFFFFFFFFFFFFFFFFFFFFFFFFFFFFFFFFE
:20A28000F8F8FFFFFFFFFFFFFFFFFFFFFFFFFFFFFFFFFFFFFFFFFFFFFFFFFFFFFFFFFFFFEC
:20A2A000FFFFFFFFFFFFFFFFFFFFFFFFFFFFFFFFFFFFFFFFFFFFFFFFFFFFFFFFFFFFFFFFBE
:10A2C000FFFFFFFFFFFFFFFFFFFFFFFFFFFFFFFF9E
:04000005000081591D
:00000001FF
