:020000040000FA
:20000000D84B002059810000C57E00006981000069810000698100006981000069810000EE
:20002000000000000000000000000000698100006981000000000000698100006981000018
:20004000277600001F770000C97700001F770000C9770000494D0000714C0000154E0000A1
:200060006D4E000057430000A343000021440000B944000099670000FD6600009F5C000085
:20008000595300009F5C0000000000000000000000000000000000000000000000000000B9
:2000A000000000000000000000000000000000000000000000000000000000000000000040
:2000C000000000000000000000000000000000000000000000000000000000000000000020
:2000E000000000000000000000000000000000000000000000000000000000000000000000
:200100000000000000000000000000000000000000000000000000000000000000000000DF
:200120000000000000000000000000000000000000000000000000000000000000000000BF
:2001400000000000000000000000000000000000000000000000000000000000000000009F
:2001600000000000000000000000000000000000000000000000000000000000000000007F
:2001800000000000000000000000000000000000000000000000000000000000000000005F
:2001A00000000000000000000000000000000000000000000000000000000000000000003F
:2001C0000348044B834202D0034B03B118477047AC080020AC08002000000000064B07498D
:2001E000C91A891048BF0131491003D0044B0BB101481847704700BFAC080020AC0800204D
:200200000000000010B5064C237843B9FFF7D8FF044B13B10448AFF300800123237010BD5E
:20022000C808002000000000E486000008B5054B1BB105490548AFF30080BDE80840FFF7EB
:20024000CDBF00BF00000000CC080020E486000080B582B000AF0023FB710C490C4806F0B1
:200260006DFB0346FB7100220321094806F08AFB0346FB710749084806F0D6FE0346FB717B
:20028000FB7918460837BD4680BD00BF78830000E844002098840000D445002080B584B049
:2002A00000AF786039600023FB603A680021054807F056F8F860FB68DBB218461037BD465B
:2002C00080BD00BFD445002080B584B000AF786039600023FB733A687968054807F09CF874
:2002E0000346FB73FB7B18461037BD4680BD00BFD445002080B582B000AF0023FB71054802
:2003000006F0DCFF0346FB71FB7918460837BD4680BD00BFD445002080B582B000AF786020
:200320007B689B88B3F5804F65D0B3F5804F67DCB3F5005F5FD0B3F5005F61DCB3F5805F50
:2003400059D0B3F5805F5BDCB3F5006F29D0B3F5006F55DCB3F5806F27D0B3F5806F4FDC0E
:20036000B3F5007F47D0B3F5007F49DCB3F5807F41D0B3F5807F43DC202B0FDC022B3FDBF8
:20038000023B224A22FA03F303F00103002B14BF01230023DBB2002B2DD131E0802B2AD0FA
:2003A0002EE01B4B01221A702BE01A4B01221A707B68143314221946174800F051FA164B45
:2003C0001B6840F2FA7293420BD0134B1B6840F2FB72934205D0104B1B6840F2C17293420A
:2003E00002D10E4B00221A707B68143319460C4801F04EFB05E07B689A880A4B1A8000E055
:2004000000BF00BF0837BD4680BD00BF45400040F8080020F9080020E4080020683A00204C
:20042000C00B0020FA08002080B582B000AF0749074804F0DBFD78600021032000F00AF820
:200440007B68DBB218460837BD4680BD70850000F844002080B584B000AF03460A46FB71E1
:200460001346BB71FA79124913465B0013440B441B781BB21B0219B2FA790D4813465B000B
:200480001344034401331B781BB20B431BB29BB27B817B899BB2BA791946064804F0BAFDEA
:2004A000F860FB68DBB218461037BD4680BD00BF68830000F844002080B582B000AF0023D0
:2004C000FB71084B9B681B68064A126805494968104698470346FB71FB7918460837BD4610
:2004E00080BD00BFF483000090B587B000AF786039600023FB7572B600BF154B9B689B680D
:20050000134A10683A687968984738613B69002B02D0FB7D0133FB750D4B9B68DC680C4B58
:20052000186807F10F033A687968A04738613B69002B02D1FB7B002B02D0FB7D0133FB75FD
:2005400062B600BFFB7D18461C37BD4690BD00BFF483000090B589B000AFF860B9607A609D
:200560000023FB6100237B837B68DB097A6802F07F02002A01D0012200E0002213447B606D
:2005800000237B76FB68B3F5802F03D905237B767B7E3DE072B600BF0023FB6131E0FB68A8
:2005A0001D4A934224D81D4B9B685C681B4B18687B8BBA68134419468023FA68A04778614B
:2005C0007B69002B02D07B7E01337B767B7E002B08D1FB688033FB607B8B80337B830023D4
:2005E0007B760BE005237B7662B600BF7B7E0FE005237B7662B600BF7B7E09E0FB690133DD
:20060000FB61FA697B689A42C9D362B600BF7B7E18462437BD4690BD80FF0300F4830000EE
:2006200080B584B000AF786039600123FB730023BB603A687B68D31ADB0BBB60B9687868ED
:20064000FFF752FF0346002B02D10023FB7301E00223FB73FB7B18461037BD4680BDFFFFAE
:2006600080B487B000AFF860B9607A6000237B610023FB747B68DB097A6802F07F02002A3E
:2006800001D0012200E0002213447B60FB68B3F5802F03D20523FB74FB7C1DE000237B6199
:2006A00015E0FB680F4A93420AD9FA687B699B00B9680B4412681A60FB680433FB6003E0B4
:2006C0000523FB74FB7C07E07B6901337B617A697B689A42E5D3FB7C18461C37BD465DF857
:2006E000047B70477FFF030080B582B000AF0023BB7100F05DF80346BB710623FB71274820
:2007000001F07EF9264801F053FA012000F0C4F900F01EFB03461A46224B1A7000F002FB61
:20072000BB79002B24D101F06FFF0346FB7100F00FFB03461A461B4B1A701A4B1B78032B98
:2007400005D1194BDB7CAA2B01D10623FB71FB79052B02D102F054F81CE0FB79042B04D1A3
:2007600002F0A8F802F0B4F814E002F0B1F811E00E4B1B78DBB2012BFAD100F0D3FA0B4B46
:2007800000221A700423FF220B2140F2FC7001F0FFFEEDE70837BD4680BD00BFC00B0020B0
:2007A000DC3200207D0B0020543C0020800B002080B582B000AF0023FB71FFF735FE0346F1
:2007C000FB71FFF779FE0346FB71FFF741FD03461A46FB791344FB7100F04AF903461A469B
:2007E000FB791344FB7100F07DF803461A46FB791344FB71002000F0A3F903461A46FB79B4
:200800001344FB7113490020FFF75EFD11490120FFF75AFD10490220FFF756FD0F49032041
:20082000FFF752FD00F09BFD03461A46FB791344FB7100F057FA03461A46FB791344FB71EA
:2008400000F070FA02F0F4FDFB7918460837BD4680BD00BFFC0800201009002024090020A1
:2008600080B487B000AFF860B9607A6000237B610AE0BA687B691A44F9687B690B441278A8
:200880001A707B6901337B617A697B689A42F0D300BF00BF1C37BD465DF8047B704780B4E2
:2008A00087B000AFF860B9607A6000237B610EE0FA687B6913441A78B9687B690B441B7804
:2008C0009A4201D0012307E07B6901337B617A697B689A42ECD3002318461C37BD465DF8DF
:2008E000047B704780B582B000AF0023FB710549054803F01FF80346FB71FB7918460837B2
:20090000BD4680BD208400007445002080B584B000AF786039600023BB73114B00221A7038
:200920000A23FB7307233A6879680E4803F052F80346BB7307E04FF47A71012007F0F2F94D
:20094000FB7B013BFB73064B1B78DBB2002B02D1FB7B002BEFD1BB7B18461037BD4680BD8C
:200960007E0B00207445002080B584B000AF786039600023BB73114B00221A703223FB7350
:2009800007233A6879680E4803F010F80346BB7307E04FF47A71012007F0C4F9FB7B013B46
:2009A000FB73064B1B78DBB2002B02D1FB7B002BEFD1BB7B18461037BD4680BD7E0B002035
:2009C0007445002080B588B002AFF860B9607A600023BB753223FB75072300937B68BA68FB
:2009E000F9680D4803F00AF80346BB7507E04FF47A71012007F096F9FB7D013BFB75074BA1
:200A00001B78DBB2002B02D1FB7D002BEFD1BB7D18461837BD4680BD744500207E0B0020AE
:200A200080B582B000AF0023FB71054802F0FAFF0346FB71FB7918460837BD4680BD00BF14
:200A40007445002080B485B000AF78600023FB737B681B79012B02D1044B01221A7000BF0B
:200A60001437BD465DF8047B704700BF7E0B002080B582B000AF0023FB710549054804F001
:200A8000B3FD0346FB71FB7918460837BD4680BDC08300000045002080B584B000AF034697
:200AA000FB710023FB73FB79012B05D1074804F0CFFD0346FB7304E0044804F0B7FD0346DC
:200AC000FB73FB7B18461037BD4680BD0045002080B483B000AF78600D4B01221A700D4B9D
:200AE0001B78DBB20133DAB20A4B1A70094B1B78DBB2092B05D9074B00221A70064B01223F
:200B00001A7000BF0C37BD465DF8047B704700BF7F0B0020810B0020800B002080B582B094
:200B200000AF0023FB71054804F0A4FD0346FB71FB7918460837BD4680BD00BF004500206B
:200B400080B584B000AF0346FB710023FB73FB79002B02D0012B0ED014E00D490D4803F02A
:200B6000FDFD0346FB730C4B1B881A460B49002000F068F806E00649064803F0EFFD0346FB
:200B8000FB7300BFFB7B18461037BD4680BD00BF58840000A4450020480700203C39002025
:200BA00080B586B000AF0346B9607A60FB730023FB750023BB82FB7B002B02D0012B19D0F6
:200BC00034E000237B8210E07B8ABA681344012219461A4803F0B3FE0346FB7501210A20E6
:200BE00007F0A0F87B8A01337B827B8A7A689A42EAD81BE07A68B968104803F0A0FE03467B
:200C0000FB7507E0BB8A0533BB824FF47A71052007F088F80A4B1B78DBB283F00103DBB280
:200C2000002B02D0BB8A182BECD900BF044B00221A70FB7D18461837BD4680BDA445002042
:200C4000820B002080B586B000AF0346B9607A60FB730023FB75FB7B002B02D0012B08D019
:200C60000FE07A68B9680B4803F052FE0346FB7507E07A68B968074803F04AFE0346FB7506
:200C800000BF054B00221A70FB7D18461837BD4680BD00BFA4450020830B002080B582B057
:200CA00000AF78607B681B79042B10D0042B10DC012B02D0022B06D00BE0084B01221A7020
:200CC00001F07AF806E0064B01221A7002E000BF00E000BF00BF0837BD4680BD830B0020A1
:200CE000820B002080B582B000AF0023FB710A4A136923F0020313610849094802F08AFC2C
:200D00000346002B02D0FB790133FB71FB7918460837BD4680BD00BF00B0014000840000F4
:200D20006445002080B582B000AF0023FB71074802F0BEFC0346002B02D0FB790133FB71F0
:200D4000FB7918460837BD4680BD00BF6445002080B582B000AF0423FB71204B93F81034D7
:200D6000C3F30003DBB2002B06D01C4B002283F810240123FB712BE0184BB3F8C030C3F3A5
:200D80004003DBB2002B12D0144B0022A3F8C0200023BB71BB1D1946114802F09DFCBB79DC
:200DA00019460F4802F0A4FC0323FB7110E00B4BB3F8C030C3F38003DBB2002B06D0074B5F
:200DC0000022A3F8C0200223FB7101E00423FB71FB7918460837BD4680BD00BF00E0014040
:200DE0006445002080B588B000AF786039600023FB770023BB6107F10C0300221A605A606C
:200E00001A819F233B7200237B720023BB720023FB7200210020FFF71DFB07F10C0107F18C
:200E2000080304221846FFF7CDFD0346FB7701210020FFF70FFB7B7B1A04BB7B1B021343A9
:200E4000FA7B13431A46424B1A60414B1B689BB244F21A0293421FD844F21102934269D38C
:200E6000A3F58043113B092B64D801A252F823F0270F0000190F00000B0F0000FD0E0000D8
:200E8000EF0E0000E10E0000D30E0000C30E0000B30E0000A30E000047F21802934210D03A
:200EA00048E07B680A221A703B684FF480621A6049E07B6809221A703B684FF400721A609C
:200EC00041E07B6808221A703B684FF480721A6039E07B6807221A703B6880221A6032E088
:200EE0007B6806221A703B6840221A602BE07B6805221A703B6820221A6024E07B680422D3
:200F00001A703B6810221A601DE07B6803221A703B6808221A6016E07B6802221A703B68F8
:200F200004221A600FE07B6801221A703B6802221A6008E07B6800221A703B6800221A609B
:200F40000123FB7700BFFB7F18462037BD4680BD840B002080B588B000AF78600023FB7795
:200F600007F1180300221A601A714B233B7600210020FFF76FFA07F1080107F118030D2235
:200F80001846FFF71FFD01210020FFF763FA07F108030533082219467868FFF761FCFB7FDB
:200FA00018462037BD4680BD80B584B000AF03463960FB710023FB7300210020FFF74AFACA
:200FC000FB79012B0AD10523FB7207F10C0107F10B0302221846FFF7F5FC1AE0FB79022BF2
:200FE0000AD13523FB7207F10C0107F10B0302221846FFF7E7FC0CE0FB79032B09D115234B
:20100000FB7207F10C0107F10B0302221846FFF7D9FC01210020FFF71DFA7A7B3B681A709A
:20102000FB7B18461037BD4680BD80B582B000AF0023FB7106233B7100210020FFF70AFAA0
:201040003B1D01211846FFF761FC0346FB7101210020FFF7FFF9FB7918460837BD4680BD2F
:2010600080B582B000AF0023FB710423BB7100210020FFF7EFF9BB1D01211846FFF746FCC9
:201080000346FB7101210020FFF7E4F9FB7918460837BD4680BD80B584B000AF034639603B
:2010A000FB711346BB710023FB7307F1080300221A601A710123BB73BB79002B09D03B6857
:2010C0001A0EBB7B591CB973D2B210333B4403F8082C3B681A0CBB7B591CB973D2B2103335
:2010E0003B4403F8082C3B681A0ABB7B591CB973D2B210333B4403F8082CBB7B5A1CBA7356
:201100003A68D2B210333B4403F8082C00210020FFF7A0F9FB79032B1DD0032B27DC012BFC
:2011200002D0022B0BD022E0C7233B7207F1080301211846FFF7EAFB0346FB731BE0D82331
:201140003B72BA7B07F1080311461846FFF7DEFB0346FB730FE020233B72BA7B07F1080358
:2011600011461846FFF7D2FB0346FB7303E0FB7B0133FB7300BF01210020FFF76BF9FB7B74
:2011800018461037BD4680BD80B586B000AF78600023FB750123BB750523FB727B684FF4D6
:2011A0007A7202FB03F33B6100210020FFF752F907F10C0107F10B0302221846FFF702FCB1
:2011C0000346FB7501210020FFF744F94FF47A71282006F0A7FD00237B607B7B03F00103E6
:2011E000002B02D07B68002BDED000210020FFF731F907F10C0107F10B0302221846FFF752
:20120000E1FB0346FB7501210020FFF723F97B7B03F00103002B03D0FB7D0133FB7501E0FD
:201220000023FB75FB7D18461837BD4680BD80B584B000AF786039600023FB73002100205B
:20124000FFF708F939687868FFF760FB0346FB7301210020FFF7FEF8FB7B18461037BD46C2
:2012600080BD80B586B000AFF860B9607A603B600023BB750023FB7500210020FFF7EAF832
:20128000B968F868FFF742FB0346BB750121386806F048FDBB7D002B05D139687868FFF774
:2012A00063FB0346FB7501210020FFF7D3F8FB7D18461837BD4680BD80B584B000AF7860BF
:2012C00039600023FB733868FFF75EFFFFF7ADFE39687868FFF7ABFF0346FB733868FFF7E2
:2012E00053FFFFF7BDFEFB7B18461037BD4680BD80B584B000AF396011461A460346FB7173
:201300000B46BB711346BB800023FB73FFF78DFE03461A46FB7B1344FB73BB881846FFF72F
:2013200033FF03461A46FB7B1344FB73BA79FB7939681846FFF7AFFE03461A46FB7B1344D8
:20134000FB73BB881846FFF71FFF03461A46FB7B1344FB73FB7B18461037BD4680BD80B5F6
:2013600082B000AF0023FB7100F010F800F022F80346FB71FB79002B03D000F01BF8034688
:20138000FB71FB7918460837BD4680BD80B500AF00210020FFF75EF801210020FFF75AF895
:2013A00001210220FFF756F801210120FFF752F800BF80BD80B582B000AF0023FB71474BEF
:2013C000012283F82F2000233B603A46BB1D11461846FFF707FD0346002B07D03F4B002264
:2013E00083F82F20FB790133DBB273E03B4BD3F81B30B3F5807F04D9384B012283F82E200C
:2014000003E0364B002283F82E20344B00225A72002242F001029A72304B0022DA730022A1
:2014200042F010021A7400225A7400229A742B4BD3F813301B01294AC2F81330274BD3F86D
:201440001330264AD2F80F2002FB03F3234AB2F8092092B2B3FBF2F3204AC2F80B301F4B0D
:20146000D3F80F301B011D4AC2F81F301B4BD3F813301A4AD2F80F2002FB03F39B0A174A0C
:20148000C2F827301648FFF765FD03461A46FB791344FB7113490120FFF786FD03461A4606
:2014A000FB791344FB7110490220FFF77DFD03461A46FB791344FB710C490320FFF774FD4B
:2014C00003461A46FB791344FB71044B002283F82F20FB7918460837BD4680BD880B0020ED
:2014E000890B0020B30B0020B40B0020B50B002080B584B000AF03463960FB711346BB80A1
:201500000023FB7300BF0F4B93F82F30002BFAD10C4B012283F82F200A4B93F82E20BB888C
:20152000F8793968FFF7E4FE03461A46FB7B1344FB73044B002283F82F20FB7B1846103787
:20154000BD4680BD880B002080B5CAB000AF07F59473A3F58E73186007F59473A3F5907388
:20156000196007F59473A3F592731A600023A7F82631032387F823314E4B93F82E30002B19
:201580001ED0B7F826315A1CA7F826211A46022107F59473A3F58A73995407F59473A3F558
:2015A00090731B68190EB7F826315A1CA7F826211A46C9B207F59473A3F58A7399540BE0D1
:2015C000B7F826315A1CA7F826211A46022107F59473A3F58A73995407F59473A3F5907303
:2015E0001B68190CB7F826315A1CA7F826211A46C9B207F59473A3F58A73995407F594737E
:20160000A3F590731B68190AB7F826315A1CA7F826211A46C9B207F59473A3F58A739954C7
:20162000B7F826315A1CA7F826211A4607F59473A3F590731B68D9B207F59473A3F58A73A4
:2016400099540023A7F8243118E0B7F8243107F59472A2F58E7212681A44B7F82631591C9E
:20166000A7F826111946127807F59473A3F58A735A54B7F824310133A7F82431B7F8243135
:2016800007F59472A2F5927212689A42DDD8B7F8262107F1140311461846FFF70DFE03469E
:2016A00087F8233197F82331184607F59477BD4680BD00BF880B002080B5D0B000AF07F5FD
:2016C000A073A3F59A73186007F5A073A3F59C73196007F5A073A3F59E731A600023A7F8B7
:2016E0003E31032387F83D31454B93F82E30002B1ED0B7F83E315A1CA7F83E211A460B21B8
:2017000007F5A073A3F59873995407F5A073A3F59C731B68190EB7F83E315A1CA7F83E2138
:201720001A46C9B207F5A073A3F5987399540BE0B7F83E315A1CA7F83E211A460B2107F52A
:20174000A073A3F59873995407F5A073A3F59C731B68190CB7F83E315A1CA7F83E211A4696
:20176000C9B207F5A073A3F59873995407F5A073A3F59C731B68190AB7F83E315A1CA7F8C0
:201780003E211A46C9B207F5A073A3F598739954B7F83E315A1CA7F83E211A4607F5A0736F
:2017A000A3F59C731B68D9B207F5A073A3F598739954B7F83E315A1CA7F83E211A4607F5E7
:2017C000A073A3F5987300219954B7F83E1107F5A073A3F59E7307F5A072A2F59A7207F1E6
:2017E00010001B681268FFF73CFD034687F83D3197F83D31184607F5A077BD4680BD00BF0A
:20180000880B002080B584B000AF78600023FB734FF47A7279680320FFF76AFE0346002B8F
:2018200008D0FB7B0133FB73054B1B8801339AB2034B1A80FB7B18461037BD4680BD00BF43
:20184000B80B002080B586B000AFF860B9607A6000237B740023FB8200237B7500237B825B
:201860007B68C3F1FF1303F57F43FA689A4204D97B7C01337B747B7C2CE07B681B0AFB8248
:201880007B68DBB2002B02D0FB8A0133FB8200237B7519E07B8ABA68D0187A8AFB681344CC
:2018A0004FF480721946FFF74FFE0346002B04D07B7C01337B747B7C0CE07B8A03F580731C
:2018C0007B827B7D01337B757B7D9BB2FA8A9A42E0D87B7C18461837BD4680BD80B586B043
:2018E00000AFF860B9607A600023BB7400233B820023FB820023BB820023FB747B68C3F193
:20190000FF1303F57F43FA689A4204D9BB7C0133BB74BB7C3FE07B681B0A3B827B68DBB2BB
:20192000002B01D07B68FB740023FB8219E0BB8ABA68D018BA8AFB6813444FF480721946DF
:20194000FFF7BAFE0346002B04D0BB7C0133BB74BB7C20E0BB8A03F58073BB82FB8A01339A
:20196000FB82FA8A3B8A9A42E1D3FB7C002B11D0BB8ABA68D018BA8AFB681344FA7C19466C
:20198000FFF79AFE0346002B04D0BB7C0133BB74BB7C00E0BB7C18461837BD4680BDFFFF9E
:2019A00080B584B000AF786039600023FB730023BB7317E07868FFF725FF0346002B04D182
:2019C0007B6803F580537B600AE00123BB73FB7B0133FB73094B5B8801339AB2074B5A8047
:2019E000FFF7A0F97A683B689A4202D2BB7B002BE0D0FB7B18461037BD4680BDB80B0020D4
:201A000080B483B000AF78607B6803F500531A460023C2F810377B6803F500531A46002375
:201A2000C2F814377B6803F500531A460023C2F8183700BF0C37BD465DF8047B704780B423
:201A400083B000AF78607B6803F50053D3F81837002B0CBF01230023DBB218460C37BD4616
:201A60005DF8047B704780B483B000AF78607B6803F50053D3F81837B3F5FA7F0CBF012395
:201A80000023DBB218460C37BD465DF8047B7047B0B582B000AF786039607868FFF7E3FFF8
:201AA0000346002B01D0002333E07B6803F50053D3F81027796813469B0013449B00CA18D2
:201AC0003B6814461D460FCD0FC42B6823607B6803F50053D3F810375A1C104B83FB02133D
:201AE0005911D317CB1A4FF4FA7101FB03F3D31A7A6802F50052C2F810377B6803F50053C6
:201B0000D3F8183701337A6802F50052C2F81837012318460837BD46B0BD00BFD34D6210C1
:201B2000B0B582B000AF786039607868FFF787FF0346002B01D0002333E07B6803F50053E9
:201B4000D3F814273868796813469B0013449B000B4404461D460FCD0FC42B6823607B6874
:201B600003F50053D3F814375A1C104B83FB02135911D317CB1A4FF4FA7101FB03F3D31ADA
:201B80007A6802F50052C2F814377B6803F50053D3F81837013B7A6802F50052C2F818375D
:201BA000012318460837BD46B0BD00BFD34D621080B483B000AF78607B680022C3F8902342
:201BC0007B680022C3F894237B680022C3F8982300BF0C37BD465DF8047B704780B483B01C
:201BE00000AF78607B68D3F89833002B0CBF01230023DBB218460C37BD465DF8047B7047EC
:201C000080B483B000AF78607B68D3F89833032B0CBF01230023DBB218460C37BD465DF897
:201C2000047B704780B582B000AF786039607868FFF7E6FF0346002B01D0002328E07B68D9
:201C4000D3F890337A684FF4987101FB03F31A443B68104619464FF498731A4606F022FB5F
:201C60007B68D3F89033591C0B4B83FB0132CB17D21A13465B001344CA1A7B68C3F8902369
:201C80007B68D3F898335A1C7B68C3F89823012318460837BD4680BD5655555580B582B03F
:201CA00000AF786039607868FFF798FF0346002B01D0002327E07B68D3F8943338687A6831
:201CC0004FF4987101FB03F3134419464FF498731A4606F0E7FA7B68D3F89433591C0C4B4A
:201CE00083FB0132CB17D21A13465B001344CA1A7B68C3F894237B68D3F898335A1E7B684D
:201D0000C3F89823012318460837BD4680BD00BF5655555580B582B000AF78607B681B68E4
:201D200040F2C172934206D0B3F5F86F0DD9A3F2FA73012B09D8094B00221A70084B00221A
:201D40001A60786800F022FE03E0064B01221A7000BF00BF0837BD4680BD00BF503C0020D0
:201D6000844400208C36002080B500AF10491148FFF7D6FE0346002B18D00D48FFF7CAFFC9
:201D80000C4B03F50053D3F81837002B0ED1094B03F50053D3F81027064B03F50053D3F875
:201DA00014379A4202D00348FFF72AFE00BF80BD78360020C00B002080B500AF564B1B78F4
:201DC000042B00F2988001A252F823F0E11D0000F31D0000291E0000391E0000911E00006F
:201DE0004E4B1B78652B40F08D804B4B01221A7088E04A4B1B78022B03D1494B02221A70D4
:201E00000EE0464B1B78032B03D1454B03221A7006E0424B1B78042B02D1414B04221A702B
:201E20003D4B02221A706EE03C4B1A783D4B1A70394B03221A7066E0384B1A783A4B1A7056
:201E4000384B1B781AB2384B1B781BB21B021BB213431BB29AB2354B1A80344B1A88304BAE
:201E6000A3F82E21314B1B8803339AB22F4B1A802E4B1B88B3F5967F06D92C4B01221A80D7
:201E8000254B00221A703EE0234B04221A703AE0264B1B88013B214AD35C822B24D1234BD6
:201EA0001B88033B9AB2214B1A80204B1B88B3F5FA7F12D81A4BB3F82E311A4617491C4843
:201EC000FEF7CEFC144B00221A70184B01221A8013491848FFF7A6FE15E00F4B00221A70C7
:201EE000124B01221A800EE00B4B00221A700F4B01221A8007E0084B00221A700B4B012262
:201F00001A8000E000BF094B1B881A4603490020FEF798FE00BF80BDD83600203C3900207B
:201F2000DC360020693A00206A3A002048070020DD360020DC32002080B58AB000AF786022
:201F40000023FB8400237B847B68B3F82E31053B3B84002387F825307B681B78042B73D0F2
:201F6000042B00F33181022B02D0032B11D02BE19A4B01221A709A4B00221A70994B00224A
:201F80001A707B680133482219469748FEF768FC1FE1964B00221A70954B00221A60954BB6
:201FA00001221A707B68B3F82E310D2B00F20E8100233B747B685B781A467B689B781B02D3
:201FC0001A437B68DB781B041A437B681B791B061343FB607B685B79BB7400237B747B68CE
:201FE000991DBB7C1A4607F10C030C331846FEF737FCFB6840F2FA7293420CD0FB6840F281
:20200000FB72934207D0FB6840F2C172934213D13B7E042B10D107F10C03184600F0B6FC56
:20202000FB6840F2C17293420DD107F10C0319460420FEF733F906E007F10C03194604200A
:20204000FEF72CF9C2E0C1E0684B00221A70684B00221A60674B01221A707B685B781A4600
:202060007B689B781B021A437B68DB781B041A437B681B791B061343FB607B685B79BB740F
:202080005D4B05221A803B8CDB08FB843B8C03F007037B84594B1A883B8C13449AB2574B99
:2020A0001A8042E0002387F8253014E0524B1B885A1C91B2504A1180194697F825307A6830
:2020C0000A44527828333B4403F8102C97F82530013387F8253097F82530072BE6D9FB8C8F
:2020E000013BFB84FB6840F2FA7293420CD0FB6840F2FB72934207D0FB6840F2C172934228
:2021000008D13B7E042B05D107F10C03184600F03DFC05E007F10C0319460420FEF7BEF880
:202120004FF47A71052005F0FDFDFB8C002BB9D17B8C002B4CD07B8CDBB2BB74002387F86E
:20214000253014E02C4B1B885A1C91B22A4A1180194697F825307A680A44527828333B4447
:2021600003F8102C97F82530013387F8253097F825309BB27A8C9A42E4D800237B84FB68E8
:2021800040F2FA7293420CD0FB6840F2FB72934207D0FB6840F2C172934209D13B7E042BE3
:2021A00006D107F10C0319461548FFF771FC05E007F10C0319460420FEF770F84FF47A7128
:2021C000052005F0AFFD03E000BF02E000BF00E000BF00BF2837BD4680BD00BF6B3A002075
:2021E0006D3A00206C3A002090360020503C002084440020683A0020703A00206E3A002084
:20220000C00B002080B500AF0D490E48FFF746FD0346002B12D00A48FFF78EFE094BD3F8C1
:202220009833002B0AD1074BD3F89023054BD3F894339A4202D00348FFF7BAFC00BF80BD7A
:202240000C380020DC32002080B584B000AF7860654B00221A807B689B7906339AB2634B66
:202260001A80614B1B885A1C91B25F4A11801A465F4B652199545C4B1B885A1C91B25A4A5E
:2022800011801A465A4B02219954584B1988564B1B885A1C90B2544A10801A46C9B2544BB0
:2022A0009954524B1B881B0A99B24F4B1B885A1C90B24D4A10801A46C9B24D4B99547B6822
:2022C0001968494B1B885A1C90B2474A10801A46C9B2474B99547B681B68190A424B1B885A
:2022E0005A1C90B2404A10801A46C9B2404B99547B681B68190C3C4B1B885A1C90B23A4AC8
:2023000010801A46C9B23A4B99547B681B68190E354B1B885A1C90B2334A10801A46C9B290
:20232000334B9954304B1B885A1C91B22E4A11801A467B6899792E4B99540023FB730FE017
:20234000FA7B294B1B88591C88B22749088019467B6813441A7B264B5A54FB7B0133FB73E5
:202360007B689B79FA7B9A42EAD30023BB730CE01D4B1B885A1C91B21B4A11801A461C4B9A
:2023800000219954BB7B0133BB73BB7B002BEFD0154B1B885A1C91B2134A11801A46144B0E
:2023A00000219954104B1B885A1C91B20E4A11801A460F4B002199540B4B1B885A1C91B2F5
:2023C000094A11801A460A4B82219954064B1B881A4607490020FEF7E3FB034B00221A8033
:2023E00000BF1037BD4680BD363C0020383C0020743A002080B483B000AF0346FB7197F948
:202400000730002B12DBFB7903F01F020A4997F907305B09012000FA02F2203341F8232089
:20242000BFF34F8F00BFBFF36F8F00BF00BF0C37BD465DF8047B704700E100E080B483B026
:2024400000AF0346FB7197F90730002B0CDBFB7903F01F02074997F907305B09012000FA21
:2024600002F2603341F8232000BF0C37BD465DF8047B704700E100E080B400AFBFF34F8F95
:2024800000BF064BDB6803F4E0620449044B1343CB60BFF34F8F00BF00BFFDE700ED00E0D4
:2024A0000400FA0580B485B000AF786039600023FB600023FB72FB68DB43FB601FE07B68C4
:2024C0005A1C7A601B781A46FB685340FB600823FB7209E0FB685A08FB6803F0010359422D
:2024E0000C4B0B405340FB60FB7A013BDBB2FB7297F90B30002BEDDA3B68013B3B603B68C7
:20250000002BDCD1FB68DB4318461437BD465DF8047B70472083B8ED80B485B000AF7860F3
:2025200039600023FB600023FB72FB68DB43FB6021E07B681B78DBB21A46FB685340FB6063
:202540007B6801337B600823FB7209E0FB685A08FB6803F0010359420C4B0B405340FB60BE
:20256000FB7A013BDBB2FB7297F90B30002BEDDA3B68013B3B603B68002BDAD1FB68DB437F
:2025800018461437BD465DF8047B70472083B8ED80B582B000AF7860084611461A46034680
:2025A000FB700B46BB7013467B70144AFB781373124ABB785373124B1A78104B9A730F4A94
:2025C0007B6813600D4B03229A710E4B1B78DBB2012B03D10948FFF737FE0AE0FB78082B98
:2025E00002D10648FFF730FE7B7804491846FDF755FE00BF0837BD4680BD00BF3C3C00201C
:202600007C0B0020683A002080B582B000AF00237B600623FB70142213490020FFF75EF9AA
:202620000346002B1AD1104B9B7CAA2B14D10423AA22042140F2FC70FFF7AAFF00237B60BC
:2026400002E07B6801337B607B6842F20F729342F7D90523FB7001E00423FB70FB78184692
:202660000837BD4680BD00BF543C002080B584B000AF0623FB7300233B600023BB6000239E
:202680007B605C4B9B7CAA2B67D14FF480510020FFF786F90346002B57D1574B1A78554B7B
:2026A0001A70554B5A78534B5A70524BFF229A74504BAA22DA74504BD3F806304D4AC2F848
:2026C00006304D4BD3F802304A4AC2F802304A4BD3F80E30474AC2F80E30474BD3F80A30F1
:2026E000444AC2F80A30142242490020FFF7AAF80346002B21D114223F490020FFF7EEF8BF
:202700000346002B11D114223B493A48FEF7C7F80346002B01D1FFF7AFFE0423FF22082119
:2027200040F2FC70FFF734FF5FE00423FF22082140F2FC70FFF72CFF57E00423FF220821BB
:2027400040F2FC70FFF724FF4FE00423FF22082140F2FC70FFF71CFF47E0264BDB7CAA2BAF
:2027600034D1142224490020FFF7B8F80346002B18D1214B1B78002B08D11F4BD3F8023024
:20278000BB601D4BD3F806307B600BE01A4B5B78002B07D1184BD3F80A30BB60164BD3F805
:2027A0000E307B60B9684FF48030FFF7B5FE38603A687B689A4206D1FEF7B4FA00F0FEFEE4
:2027C00000F078FE11E00223FB730EE04FF480331A680A4B1340B3F1005F04D100F06AFED1
:2027E0000323FB7301E00223FB73FB7B18461037BD4680BD543C0020A04400200000FE2F95
:2028000080B500AFFEF78EFAFFF7AEFAFFF7FAFC224B1B680A2B15D9214B00221A701F4B38
:2028200000221A601F4B00221A601F4B00221A600423FF220A2140F2FC70FFF7A9FE1B4BDC
:2028400001221A70194B1B78012B15D1184B1B78DBB2012BD6D1164B00221A700F4B0022E3
:202860001A600F4B01221A700423FF22092140F2FC70FFF78DFEC5E7094B1B78012BC1D1F5
:202880000B4B1B78DBB2012BBCD1044B1B680133024A1360064B00221A70B3E784440020C5
:2028A00080440020683C00206C3C0020503C0020800B002080B582B000AF0623FB71FFF7B0
:2028C000D5FE0323FB71FB7918460837BD4680BD80B500AF274B01221A70FEF723FA254BBD
:2028E0001B78012B15D1244B1B78DBB2012B21D1214B00221A70214B00221A60204B0122D8
:202900001A700423FF22092140F2FC70FFF740FE10E01B4B1B78012B0CD1174B1B78DBB275
:20292000012B07D1154B1B680133144A1360124B00221A70FFF718FAFFF764FC0F4B1B6867
:20294000322BCAD90E4B00221A700C4B00221A600C4B00221A600C4B00221A600423FF2251
:202960000A2140F2FC70FFF713FE024B01221A70B3E700BF503C0020800B002084440020F5
:2029800080440020683C00206C3C002080B588B000AF78607B681B6840F2FB72934250D0D9
:2029A00040F2FB72934200F2948040F2FA7293420DD040F2FA72934200F28B8040F26662E3
:2029C000934242D040F2C172934257D081E07B681B7B002B02D100F051F97CE07B681B7BC8
:2029E000012B03D1786800F07DF974E07B681B7B032B02D100F044FB6DE07B681B7B042B9F
:202A000002D100F07BFC66E07B681B7B052B02D100F0F2FC5FE07B681B7B062B02D100F030
:202A200067F858E07B681B7B072B03D1786800F00FFC50E07B681B7B082B4CD1FFF716FEA2
:202A400049E0786800F05CFA48E040F22373FB600823BB7407F10C030C330822214918464A
:202A6000FDF7FEFE07F10C0319460420FDF716FC07F10C031846FFF7E7FB2FE07B681B7B11
:202A8000002B03D0184B01221A7002E0164B00221A707B681B7B042B1FD17B685B7BAA2B13
:202AA0001BD1124B40F2C2721A60104B02229A710E4B04221A730D4BAA225A730A4B0122EE
:202AC0001A700A490420FDF7E9FB0848FFF7BCFB03E000BF02E000BF00E000BF00BF203728
:202AE000BD4680BDDC440020513C0020B844002080B584B000AF4FF48053FB604FF480330E
:202B0000BB6000237B60142257490020FEF7E6FE0346002B40F08F80534B1B78002B14D1D9
:202B20004FF48053FB604FF48033BB604F4BD3F802307B604D4BD3F802304D4A13604B4B6C
:202B4000D3F806304B4A136075E0474B5B78002B71D14FF40123FB604FF48033BB60434BE4
:202B6000D3F80A307B60414BD3F80A30404A13603E4BD3F80E303F4A13605CE07B68B3F592
:202B8000806F2ED34FF480623B49F868FEF7A6FE0346002B1DD14FF480623749B868FDF788
:202BA000D9FC0346002B0CD1FB6803F58063FB60BB6803F58063BB607B68A3F580637B6004
:202BC00039E00423FF22062140F2FC70FFF7E0FC34E00423FF22062140F2FC70FFF7D8FC12
:202BE0002CE07A682449F868FEF778FE0346002B1AD17A682049B868FDF7ACFC0346002BD5
:202C00000AD1FA687B681344FB60BA687B681344BB6000237B600EE00423FF22062140F2DE
:202C2000FC70FFF7B5FC06E00423FF22062140F2FC70FFF7ADFC7B68002B9FD17B68002B63
:202C400007D10423AA22062140F2FC70FFF7A0FC06E00423FF22062140F2FC70FFF798FCD5
:202C600000BF1037BD4680BDA0440020543C0020743C0020783C00208040002080B500AFF2
:202C8000134B40F2FC721A60114B05229A71104B00221A730F4BAA221A700E4B79225A80A6
:202CA00004220C490C48FDF7DBFD0C4B1B78DBB2012B03D10648FFF7C7FA03E004490420A9
:202CC000FDF7ECFA064B00221A7000BF80BD00BFB844002088440020C5440020683A00206F
:202CE000503C002080B582B000AF78607B685A7B7C4B9A7414227C490020FEF7EFFD034668
:202D0000002B40F0E380784B1B78002B48D1774B4FF401221A60764B4FF401221A60754B58
:202D20004FF441221A607B689B7B1A467B68DB7B1B021A447B681B7C1B041A447B685B7CB5
:202D40001B0613441A46674BC3F80A20674B1B68684A126811461846FEF722FE0346002B65
:202D600016D1654B00221A60644B00221A605D4B01221A705B4B00225A705A4BAA22DA742F
:202D80000423AA22012140F2FC70FFF701FCA4E00423FF22012140F2FC70FFF7F9FB9CE09B
:202DA000514B5B78002B48D1504B4FF480521A604F4B4FF480521A604E4B4FF480221A6015
:202DC0007B689B7B1A467B68DB7B1B021A447B681B7C1B041A447B685B7C1B0613441A465D
:202DE000404BC3F80220414B1B68424A126811461846FEF7D5FD0346002B16D13E4B0022D4
:202E00001A603E4B00221A60364B00221A70354B01225A70334BAA22DA740423AA220121CC
:202E200040F2FC70FFF7B4FB57E00423FF22012140F2FC70FFF7ACFB4FE02C4B4FF48052B8
:202E40001A602B4B4FF480521A602A4B4FF480221A607B689B7B1A467B68DB7B1B021A4412
:202E60007B681B7C1B041A447B685B7C1B0613441A461C4BC3F802201C4B1B681D4A1268BA
:202E800011461846FEF78CFD0346002B16D11A4B00221A60194B00221A60124B00221A709A
:202EA000104B01225A700F4BAA22DA740423AA22012140F2FC70FFF76BFB0EE00423FF2211
:202EC000012140F2FC70FFF763FB06E00423FF22012140F2FC70FFF75BFB00BF0837BD46A3
:202EE00080BD00BF8C440020A04400204C0700205007002054070020683C00206C3C0020F1
:202F000080B582B000AF7860534B1B68534A98187B6803F10C017B689B791A46FDF7A0FC8A
:202F20007B689B791A464C4B1B6813444A4A13607B689B791A464A4B1B681344484A1360F7
:202F4000454B1B68B3F5806FC0F08280454B1B684FF4806241491846FEF774FC0346002B1C
:202F60006FD1414B1B684FF4806240491846FEF7B5FC0346002B5CD14FF4806237493B4887
:202F8000FDF78DFC0346002B4BD1394B40F2FC721A60374B05229A712F4B00221A60344B3D
:202FA00002221A734FF480613048FFF77BFA0346304A13602F4B1B681B0EDAB22C4B1A746C
:202FC0002C4B1B681B0CDAB2294BDA73294B1B681B0ADAB2264B9A73264B1B68DAB2244B6E
:202FE0005A73254B1B78DBB2012B09D1234B1B8801339AB2214B1A801D48FFF725F903E07B
:203000001B490420FDF74AF9164B1B6803F58063144A1360144B1B6803F58063124A1360D5
:2030200016E00423FF22022140F2FC70FFF7B0FA0EE00423FF22022140F2FC70FFF7A8FA62
:2030400006E00423FF22022140F2FC70FFF7A0FA00BF0837BD4680BD683C0020803C002013
:203060006C3C00204C0700205007002080400020B8440020703C0020683A0020E4440020CC
:2030800080B582B000AF674A674B1A60674B1B68002B20D1664BD3F80220664B1B689A423E
:2030A00006D0634BD3F80A20624B1B689A4207D10423AA22032140F2FC70FFF769FAADE018
:2030C0000423FF22032140F2FC70FFF761FA594B00221A60A2E0584B1B68544A12685149FB
:2030E0001846FEF7AFFB0346002B40F08F80534B1B684E4A126852491846FEF7EFFB0346CC
:20310000002B7BD1494B1B681A4646494C48FDF7C6FB0346002B40F081804A4B40F2FC720F
:203120001A60484B05229A71404B1B6819464448FFF7B8F90346444A1360434B1B681B0E2C
:20314000DAB2404B1A74404B1B681B0CDAB23D4BDA733D4B1B681B0ADAB23A4B9A733A4B61
:203160001B68DAB2374B5A73384B1B78DBB2012B03D13448FFF768F803E032490420FDF706
:203180008DF82D4B1A68294B1B6813442A4A13602A4B1A68254B1B681344284A1360002332
:2031A0007B6002E07B6801337B607B684CF24F329342F7D91E4BD3F802201E4B1B689A42FB
:2031C00006D01B4BD3F80A201A4B1B689A420AD1164B00221A600423AA22032140F2FC706D
:2031E000FFF7D6F91AE00423FF22032140F2FC70FFF7CEF90F4B00221A600FE00423FF221C
:20320000032140F2FC70FFF7C3F907E00423FF22032140F2FC70FFF7BBF9FFE700BF0837BB
:20322000BD4680BD803C0020B4440020683C00208C4400206C3C00204C07002050070020F4
:2032400080400020B8440020703C0020683A002080B584B000AF7860244B40F2FC721A606B
:20326000224B02229A717B685B7B1A467B689B7B1B021A447B68DB7B1B041A447B681B7CF5
:203280001B061344FB601A4B1B78002B04D1184AFB68C2F8063007E0154B5B78002B03D195
:2032A000134AFB68C2F80E30124B1B6819464FF48030FFF731F903460F4A13600E4B1B6813
:2032C000FA689A4207D10423AA22072140F2FC70FFF75EF906E00423FF22072140F2FC70DE
:2032E000FFF756F900BF1037BD4680BDB8440020A0440020743C00207C3C002080B588B00E
:2033000000AF394B1B78012B0CD1384BD3F80230354AC2F80230354BD3F80630324AC2F83C
:2033200006300FE0304B5B78012B0BD12F4BD3F80A302D4AC2F80A302C4BD3F80E302A4A34
:20334000C2F80E304FF480510020FEF729FB0346002B3ED13B46142223491846FDF780FAB6
:20336000142221492248FDF77BFA3B46214A13603B46142219460020FEF764FA0346002B7E
:203380001FD1142219490020FEF7A8FA0346002B0FD1142215491448FDF781FA0346002BC7
:2033A0001ED10423AA22042140F2FC70FFF7F0F816E00423FF22042140F2FC70FFF7E8F8B3
:2033C0000EE00423FF22042140F2FC70FFF7E0F806E00423FF22042140F2FC70FFF7D8F86F
:2033E00000BF2037BD4680BD8C440020A0440020543C0020B444002080B500AF4FF4A021D3
:203400004FF48030FDF70CF90346002B07D10423AA22052140F2FC70FFF7BAF806E0042308
:20342000FF22052140F2FC70FFF7B2F800BF80BD80B500AF0E221D494FF44820FDF710F9E9
:203440000346002B30D1194B1B78012B20D1174B5A79174B1A70154B9A79154B5A70134BC7
:20346000DA79134B9A70114B1A7A114BDA700F4B5A7A0F4B1A710D4B9A7A0D4B5A710B4B03
:20348000DA7A0B4B9A71094B1A7B094BDA710BE0074BFF221A70064B01225A71044B022255
:2034A0009A71034B0022DA7100BF80BDCC440020DC44002080B586B000AF3A4BBB6072B6F8
:2034C00000BF394B00229A8000BF374B9B889BB2002BFAD1344B00229A8200BF324B9B8AA8
:2034E0009BB2002BFAD1314B00221A604FF0FF30FEF780FF4FF0FF30FEF7A0FF00237B618E
:2035000008E02B4A7B69C033002142F823107B6901337B617B695F2BF3D900233B6110E00C
:20352000244A3B6920334FF0FF3142F82310214A3B6960334FF0FF3142F823103B690133F4
:203540003B613B69072BEBD90023FB6007E0184AFB68134400221A70FB680133FB60FB68B3
:203560000F2BF4D900233B603B6883F31488BFF36F8F00BF00BF104B4FF480329A60BFF3A7
:203580004F8F00BF4FF480331B687B607B6883F3088800BFBB681B68984700BF1837BD46FC
:2035A00080BD00BF04000100000D004010E000E00060004000E100E000ED00E080B500AFDB
:2035C000FDF72EFAFDF7AAFAFCF794FE00BF80BD80B500AFFDF788F800BF80BD80B582B0FB
:2035E00000AF0346FB71FB79022B03D10349044801F0FCFC00BF0837BD4680BD708500003E
:20360000F844002080B500AFFFF7E2FF0023184680BDFFFF80B586B000AF786039607B6869
:203620007B613968786900F070F838613B69002B01D03B6932E03B681B791A4ADB01DBB2E1
:2036400093713B681B781A46174B9B5C03F00303FB603B685B781B01DBB2FA681343FB60F1
:203660003B689B781B0303F44053FA681343FB603B68DB781B0203F44073FA681343FB6009
:20368000084BFA6892B25A803B685B79054ADB01DBB213727B69054A1A6000231846183726
:2036A000BD4680BD003408403C8600005444570080B483B000AF7860064B00221A70054B62
:2036C000FF221A70002318460C37BD465DF8047B704700BF0034084080B483B000AF7860C4
:2036E0003960062318460C37BD465DF8047B704780B483B000AF78600B46FB7006231846A8
:203700000C37BD465DF8047B704780B483B000AF78603960002318460C37BD465DF8047BB6
:20372000704780B483B000AFEFF303837B607B683B603B88C3F308039BB2DBB2103BDBB2C5
:203740005BB218460C37BD465DF8047B7047FFFF80B483B000AF03463960FB7197F9073004
:2037600004493A6841F8232000BF0C37BD465DF8047B70474C46002080B483B000AF03463D
:20378000FB7197F90730044A52F8233018460C37BD465DF8047B70474C46002080B483B0C3
:2037A00000AF0346FB710B4997F9073003F1C00251F8223023F4803341F82230054A97F905
:2037C0000730C03352F8233000BF0C37BD465DF8047B70470060004080B584B000AF034691
:2037E000FB7197F907301846FFF7D8FFBFF35F8F00BF97F90730FB60FB6803F01F02074923
:2038000097F907305B09012000FA02F2603341F8232000BF1037BD4680BD00BF00E100E099
:2038200080B584B000AF0346B9607A60FB73BB68DAB2094997F90F301201D2B20B4483F895
:20384000002397F90F3079681846FFF781FF00BF1037BD4680BD00BF00E100E080B485B092
:2038600000AF0346FB7197F90730FB60FB6803F01F020749FB685B09012000FA02F241F8EC
:20388000232000BF1437BD465DF8047B704700BF00E100E080B582B000AF0346FB7197F972
:2038A00007301846FFF798FF97F907301846FFF7D5FF00BF0837BD4680BDFFFF80B485B052
:2038C00000AF0346FB7197F90730FB60FB6803F01F020B4997F907305B09012000FA02F25D
:2038E000203341F82320BFF34F8F00BFBFF36F8F00BF00BF1437BD465DF8047B704700BFE4
:2039000000E100E080B584B000AF0346B9607A60FB7397F90F307A68B9681846FFF780FF7F
:2039200097F90F301846FFF7B5FF00BF1037BD4680BDFFFF80B584B000AF786039600023C0
:20394000FB607B68BB60386800F0CFF8F860FB68002B01D0FB6822E0BB683A685A603B6879
:203960009A69BB685A623B68DA69BB68DA62BB6800229A62BB685B681B7803F5800303F5F3
:203980008D531B021A46BB689A60B86800F00AF9B86800F055FABB68034A1A60FB68184690
:2039A0001037BD4680BD00BF4950535280B586B002AFF860B9607A60FB70FB7800937B68C8
:2039C000BA680021F86800F0DFFA034618461037BD4680BD80B586B002AFF860B9607A60E6
:2039E000FB70FB7800937B680022B968F86800F0CBFA034618461037BD4680BD80B586B082
:203A000002AFF860B9607A603B603B7E00933B687A68B968F86800F0B7FA0346184610372E
:203A2000BD4680BD80B584B000AF78607B68FB60FB6800221A60FB685B685B69002B0AD02A
:203A4000FB685B685B699B681B6AFA6852685269126810469847FB685B681B69002B0AD0BF
:203A6000FB685B681B699B681B6AFA6852681269126810469847FB685B6893F90230002BBF
:203A800006DBFB685B6893F902301846FFF716FFFB685B6893F90130002B06DBFB685B68E3
:203AA00093F901301846FFF709FFFB685B6893F903301846FFF702FFFB685B6893F90430CD
:203AC0001846FFF7FBFEFB689A68137823F040031370FB689B68DB78FB689B680022DA7045
:203AE000002318461037BD4680BD80B586B000AF786000237B617B681B693B617B681B7854
:203B000003F5800303F58D531B020433FB603B69002B19D03B695B681B684FF000621A60E6
:203B20003B695B681B68FA689A603B699B681B683A6910683A6952681146984778617B69AA
:203B4000002B01D07B6928E07B685B69BB60BB68002B21D0BB685B681B684FF400221A6034
:203B6000BB685B681B68FA685A60BB689B681B68BA681068BA6852681146984778617B69AE
:203B8000002B09D03B69002B06D03B699B681B6A3A691268104698477B6918461837BD466A
:203BA00080BDFFFF80B491B000AF78600023FB6300233B620023BB6300237B6300233B638A
:203BC0000023FB620023BB6200237B620023FB61FB6B43F08003FB63FB6B43F02003FB6312
:203BE000FB6B43F01003FB637B685B685B7A002B01D1082300E00023FA6B1343FB637B6819
:203C00005B685B7A002B01D1102300E000237A6B13437B637B685B689B7A1A467B6A13436A
:203C20007B627B685B68DB7A5B007A6A13437B627B685B685B7B1B037A6A13437B627B68A6
:203C40005B681B69002B03D0FB6B43F02003FB637B685B681B6ABB61BB691B78002B14D1F7
:203C60007B685B681B78002B0AD17B685B685B7A002B01D1802300E000237A6A13437B62D0
:203C8000FB6B23F00103FB6303E0FB6B43F00103FB63BB695B78DB01DB431A46FB6B134061
:203CA000FB63BB695B785A00BB695B785B0113431A46FB6B1343FB633B6A23F00F033B62CB
:203CC000BB699B781A46BB69DB7802FA03F33A6A13433B627B6A23F070037B62BB69DB788E
:203CE0001B017A6A13437B62BB691B79002B0BD0BB6B43F02003BB63BB691B79022B03D180
:203D0000BB6B43F01003BB63BB695B79002B0BD07B6B43F001037B63BB695B79012B03D128
:203D20007B6B43F002037B63BB699B791A46FB691343FB61BB691B7AC3F30103DBB29B003E
:203D40007A6A13437B627B685B685B7A002B0CD17B6A43F460437B62BB695B7A3B63BB6972
:203D60009B7AFB62BB69DB7ABB6200237B61EFF310833B613B697B610123FB60FB6883F353
:203D8000108800BF2D4B5A687B685B681B78C3F11303012101FA03F3DB43284913404B60EF
:203DA000264B5B687B69BB60BB6883F3108800BF7B689B68DB787B689B680022DA707B6872
:203DC0009B68FA6BD2B21A707B689B683A6AD2B25A707B689B68BA6BD2B29A707B689B6816
:203DE000BA69D2799A727B689B683A6BD2B21A737B689B68FA6AD2B25A737B689B68BA6A08
:203E0000D2B29A737B689B687A6BD2B2DA737B689B687A6A92B21A827B689B68FA69D2B2FE
:203E200083F820207B689B68102283F8212000BF4437BD465DF8047B704700BF00400840E4
:203E400080B582B000AF78607B685B6893F90230002B0ADB7B685B6893F902007B685B6826
:203E60009B797A681946FFF74DFD7B685B6893F90130002B0ADB7B685B6893F901007B6824
:203E80005B685B797A681946FFF73CFD7B685B6893F904007B685B681B7A7A681946FFF773
:203EA00031FD7B685B6893F903007B685B68DB797A681946FFF7B4FC00BF0837BD4680BD80
:203EC00080B487B000AF78607B689B68DB7ADBB27B617B689B681B8A9BB2FB607B6893F8AB
:203EE00020300F2B08D97B6923F040037B617B6943F020037B610DE07B6893F82030072B4E
:203F000004D87B6943F040037B6103E07B6923F060037B617B6893F820303B613B690F2B3E
:203F200004D93B6901339B08053B3B61FB6823F47063FB603B691B02FA681343FB607B68EE
:203F40009B687A69D2B2DA727B689B68FA6892B21A8200BF1C37BD465DF8047B704780B4AF
:203F600083B000AF78607B689B681B78DAB27B689B6842F06002D2B21A7000BF0C37BD46F5
:203F80005DF8047B7047FFFF80B588B000AFF860B9607A603B60FB68FB61FB699B681B78DD
:203FA000DBB203F04003002B01D0082306E1FB69BA68DA60FB697A681A61FB6900225A616E
:203FC000FB6900229A61FB693A68DA61FB6997F8282083F82020FB695B685B69002B6DD0D6
:203FE000FB693A689A61FB6993F820300F2B0AD9FB695B685B695B681A68D378022161F372
:204000000513D37018E0FB6993F82030072B09D8FB695B685B695B681A68D37823F030033A
:20402000D37009E0FB695B685B695B681A68D378012161F30513D370FB695B685B695B685A
:204040001A689378022161F383039370FB695B685B695B681B683A6892B2DA81FB695B683A
:204060005B695B681B687A689A607B68002B0FD1FB695B685B695B681A68937823F00C030F
:204080009370FB695B685B695B681B684D4A9A60FB695B685B699B685B68FA6952685269D2
:2040A0001068FA69526852695268126811469847B861BB69002B01D0BB697FE0FB695B6863
:2040C0001B69002B73D0FB693A685A61FB6993F820300F2B0AD9FB695B681B695B681A68E1
:2040E000D378022161F30513D37018E0FB6993F82030072B09D8FB695B681B695B681A6869
:20410000D37823F03003D37009E0FB695B681B695B681A68D378012161F30513D370FB6972
:204120005B681B695B681A68D378022161F38303D370FB695B681B695B681B683A6892B291
:20414000DA81FB695B681B695B681B68BA685A60BB68002B0FD1FB695B681B695B681A6819
:20416000D37823F00C03D370FB695B681B695B681B68154A5A60FB699A68137823F020035E
:204180001370FB695B681B699B685B68FA69526812691068FA6952681269526812681146F8
:2041A000984778617B69002B01D07B6906E0F869FFF786FEF869FFF7D2FE002318462037C3
:2041C000BD4680BDFC4500200046002080B485B000AF78607B689B69FB607B68DB69FA681D
:2041E0009A4234D07B681B69002B03D17B689B685B6827E07B6893F820300F2B09D97B680C
:204200009A687B681969FB689B000B4452681A6018E07B6893F82030072B09D87B689A6808
:204220007B681969FB680B441279D2B21A7009E07B689A687B681969FB685B000B44928874
:2042400092B21A80FB685A1C7B689A6100E000BF1437BD465DF8047B704780B485B000AF39
:2042600078607B685B69FB607B68DB69FA689A4233D07B68DB68002B04D17B689B680022CE
:204280005A6025E07B6893F820300F2B09D97B68DA68FB689B001A447B689B6812685A60EA
:2042A00016E07B6893F82030072B08D87B68DA68FB681A447B689B6812781A7108E07B688C
:2042C000DA68FB685B001A447B689B6812889A80FB685A1C7B685A6100E000BF1437BD4682
:2042E0005DF8047B704790B587B000AF78600B46FB707B689B6A7B617B69002B03D107F1D5
:2043000008037B6105E07A6907F1080307CA83E807007B685B681B781A467B691A607B69CD
:20432000FA781A717B68DA6A7B699A607B685B6A786998477B689B6A002B08D07B689B6A40
:204340001C4607F1080393E8070084E8070000BF1C37BD4690BD80B582B000AFFFF7E1F9BB
:204360000346FB7197F907301846FFF717FA97F907301846FFF700FA38603868FFF726FFF4
:204380003B689A693B68DB699A4206D13B685B6893F903301846FFF761FA00BF0837BD4608
:2043A00080BD80B584B000AFFFF7BBF90346FB7397F90F301846FFF7F1F997F90F3018460D
:2043C000FFF7DAF9B860BB685B681B6A7B607B68002B1ED07B685B78012B1AD1BB685A6907
:2043E000BB68DB69013B9A4207D1BB685B6893F903301846FFF74EFA0BE0BB685B681B69D0
:20440000002B06D0BB685B6893F903301846FFF725FAB868FFF721FF00BF1037BD4680BD07
:2044200080B582B000AFFFF77CF90346FB7197F907301846FFF7B2F997F907301846FFF765
:204440009BF938603B689B68DB78C3F34003DBB2002B04D03B685B685B7A012B28D197F9C2
:2044600007301846FFF72AFA3B685B6893F90230002B06DB3B685B6893F902301846FFF7E5
:204480001DFA3B689A68137823F0400313703B685B6893F90230002B06DB3B685B6893F9DA
:2044A00002301846FFF7F6F901213868FFF71BFF00BF0837BD4680BD80B584B000AFFFF769
:2044C00030F90346FB7397F90F301846FFF754F9B860BB685B6893F90230002B06DBBB68A1
:2044E0005B6893F902301846FFF7E8F9BB689A68137823F040031370BB685B6893F90230D9
:20450000002B06DBBB685B6893F902301846FFF7C1F9BB689B68DB78FB71BB689B680022B0
:20452000DA70FB7903F00803DBB2002B03D00521B868FFF7D8FEFB7903F00103DBB2002BFF
:2045400003D00421B868FFF7CEFEFB7903F00403DBB2002B09D0FB7903F01003DBB2002B50
:2045600003D00821B868FFF7BEFE97F90F301846FFF714F900BF1037BD4680BD80B483B090
:2045800000AFEFF303837B607B683B603B88C3F308039BB2DBB2103BDBB25BB218460C37C7
:2045A000BD465DF8047B704780B483B000AF03463960FB7197F9073004493A6841F82320D7
:2045C00000BF0C37BD465DF8047B70474C46002080B483B000AF0346FB7197F90730044AB9
:2045E00052F8233018460C37BD465DF8047B70474C46002080B483B000AF0346FB710B491E
:2046000097F9073003F1C00251F8223023F4803341F82230054A97F90730C03352F8233087
:2046200000BF0C37BD465DF8047B70470060004080B584B000AF0346FB7197F90730184658
:20464000FFF7D8FFBFF35F8F00BF97F90730FB60FB6803F01F02074997F907305B090120F9
:2046600000FA02F2603341F8232000BF1037BD4680BD00BF00E100E080B584B000AF034616
:20468000B9607A60FB73BB68DAB2094997F90F301201D2B20B4483F8002397F90F307968B5
:2046A0001846FFF781FF00BF1037BD4680BD00BF00E100E080B485B000AF0346FB7197F903
:2046C0000730FB60FB6803F01F020749FB685B09012000FA02F241F8232000BF1437BD4622
:2046E0005DF8047B704700BF00E100E080B582B000AF0346FB7197F907301846FFF798FF32
:2047000097F907301846FFF7D5FF00BF0837BD4680BDFFFF80B485B000AF0346FB7197F911
:204720000730FB60FB6803F01F020B4997F907305B09012000FA02F2203341F82320BFF361
:204740004F8F00BFBFF36F8F00BF00BF1437BD465DF8047B704700BF00E100E080B58AB0C6
:2047600000AF786039607B687B623B681B7803F5800303F58C531B021A467B6A1A627B6A0E
:2047800000221A707B6A3A68DA613B685A697B6A5A623B689A697B6ADA627B6A00229A62DA
:2047A0007A6A9378012161F3010393703B685B78002B05D17A6A9378022161F301039370A9
:2047C0003968786A00F0C0F9786A00F006F900233B62EFF31083FB60FB683B6201233B618C
:2047E0003B6983F3108800BF474B5A683B681B7819464FF00043CB40DB43434913404B602A
:20480000414B5B683B6A7B617B6983F3108800BF7B6A1B6A00229A707B6A1B6A00221A716A
:204820007B6A1B6A00225A727B6A1B6A00229A727B6A1B6A0022DA727B6A1B6A00225A8347
:204840003B681B781A4640F21923D34003F00103002B03D07B6A1B6A4022DA747B6A1B6AC8
:2048600006221A773968786A00F0C1F87B6A0022DA607B6A00221A617B6A00225A617B6AE9
:2048800000229A613B68DB69FB61FB691B7803F00303BB61BB6943F01003BB617B6ADB69FD
:2048A00093F905301846FFF721FF7B6ADB6993F90B301846FFF71AFFBB6943F04003BB61B0
:2048C0007B6ADB6993F907301846FFF70FFF7B6ADB6993F909301846FFF708FFBB6943F0EA
:2048E0002003BB617B6A1B6ABA69D2B29A70FB695A897B6A1A817B6A044A5A600023184629
:204900002837BD4680BD00BF004008405549435380B487B000AFF860B9607A60FB687B61D9
:2049200000233B617B69BA685A617B697A689A613B6918461C37BD465DF8047B704780B41F
:2049400087B000AFF860B9607A60FB687B617B691B6A9B78DAB27B691B6A02F07B02D2B283
:204960009A707B699B78C3F30103DBB21A467B689A1A7B691A617B699B78C3F30103DBB25B
:204980001A46BB681A447B69DA607B691B6A9B78DAB27B691B6A62F07F02D2B29A707B6962
:2049A0009B7803F00303DBB2022B0AD1BB681B887A69126A6FEAC3536FEAD3539BB2D381A2
:2049C00004E07B691B6ABA681278DA70002318461C37BD465DF8047B704780B483B000AF1C
:2049E000786000BF0C37BD465DF8047B704780B586B000AF786039603B681B781A4640F2FC
:204A00001923D34003F00103002B04D07B681B6A4FF478429A823B689B781A013B68DB7809
:204A2000DB0013437B61F2233B613B685B78032B04D17B6943F040037B6107E03B685B78AC
:204A4000002B03D13B6923F010033B617B681B6A7A69D2B21A707B681B6A3A69D2B29A71FE
:204A60003B68DB69BB60BB681B7B082B04D17B681B6A0A225A7309E0BB681B7B5B00DAB289
:204A80007B681B6A02F00202D2B25A730023FB60BB685B78DB01DBB2FA681343FB60BB6854
:204AA0009B785B0103F02003FA681343FB607B681B6A00221A72BB681B78022B03D0BB686F
:204AC0001B78032B11D17B681B6AFF225A70BB681B78022B03D1FB6843F01003FB607B6842
:204AE0001B6AFA68D2B2DA710DE07B681B6AFA68D2B2DA717B681A6ABB685B681946104678
:204B000000F04FF800BF00BF1837BD4680BD80B582B000AF78600B46FB701346BB7097F993
:204B200002301846FFF7F6FD97F902301846FFF761FDF97897F902307A681846FFF79CFD86
:204B400000BF0837BD4680BD80B582B000AF786039603B68997A3B6893F90B301A46786830
:204B6000FFF7D5FF3B6819793B6893F905301A467868FFF7CCFF3B6899793B6893F90730B6
:204B80001A467868FFF7C3FF3B68197A3B6893F909301A467868FFF7BAFF00BF0837BD468F
:204BA00080BD80B483B000AF786039603B689A787B685A703B685B78C3F30103D9B27A6832
:204BC000137861F3010313703B68DA787B689A747B68DB79DBB223F05C03DAB23B681B7891
:204BE00003F05C03DBB21343DAB27B68DA7100BF0C37BD465DF8047B704790B58BB000AF07
:204C0000F860B9601346FB71FB689B6A7B627B6A002B03D107F114037B6205E07B6A07F187
:204C200014040FCB84E80F00FB68DB691B781A467B6A1A607B6ABA689A607B6AFA791A712A
:204C4000FB68DA6A7B6ADA60FB685B6A786A9847FB689B6A002B07D0FB689B6A1C4607F179
:204C600014030FCB84E80F0000BF2C37BD4690BD80B584B000AFFFF781FC0346FB7397F984
:204C80000F301846FFF7B6FC97F90F301846FFF79FFCB860BB68DB691B69002B30D1BB68BF
:204CA0001B69002B2CD0BB689B7803F00303DBB2022B0BD1BB68DB681B88BA68126A6FEA84
:204CC000C3536FEAD3539BB2D38105E0BB68DA68BB681B6A1278DA70BB681B69BA68927805
:204CE000C2F30102D2B29A1ABB681A61BB68DB68BA689278C2F30102D2B21A44BB68DA609D
:204D0000BB681B69002B1BD1BB681B6A9B78FB71FB7943F00403FB71FB7903F07F03FB713F
:204D2000BB681B6AFA799A70BB680022DA60BB685B6A002B04D080220021B868FFF75DFFB3
:204D400000BF1037BD4680BD80B584B000AFFFF715FC0346FB7397F90F301846FFF74AFCCE
:204D600097F90F301846FFF733FCB860BB689B7803F00303DBB2022B07D1BB681B6A1B8ABB
:204D80009BB2C3F308037B6004E0BB681B6A5B79DBB27B60BB689B69002B0AD1BB685B6A4D
:204DA000002B33D07B6804221946B868FFF725FF2CE0BB685869BB689B78C3F30103DBB2B6
:204DC0001A463B1D194603F06DFABB685B69BA689278C2F30102D2B21A44BB685A61BB68B4
:204DE0009B69BA689278C2F30102D2B29A1ABB689A61BB689B69002B08D1BB685B6A002B37
:204E000004D001220021B868FFF7F7FE00BF1037BD4680BD80B582B000AFFFF7AFFB03462A
:204E2000FB7197F907301846FFF7D2FB38603B681B6A9B78DAB23B681B6A02F07B02D2B2A4
:204E40009A703868FFF7C9FD3B685B6A002B04D0022200213868FFF7D0FE97F907301846B7
:204E6000FFF7C8FB00BF0837BD4680BD80B584B000AFFFF783FB0346BB7297F90A30184611
:204E8000FFF7A6FB78600023FB607B689B7803F00303DBB2022B07D17B681B6A1B8A9BB24A
:204EA000C3F30803FB6004E07B681B6A5B79DBB2FB607B681B6A1B79DBB203F03803FB72AA
:204EC000FB7A03F01003002B0BD07B681B6A1B7FC3F30003DBB2002B03D1FB7A43F040031F
:204EE000FB727B681B6A1B79DAB27B681B6A22F03802D2B21A717868FFF76FFD7B685B6A10
:204F0000002B05D0FB7A1A46F9687868FFF775FE97F90A301846FFF76DFB00BF1037BD4683
:204F200080BDFFFF80B485B000AF0023FB60EFF310837B607B68FB600123BB60BB6883F33A
:204F4000108800BF0D4B1B68002B05D10C4B0022DA700B4B4022DA70084B1B680133074AFE
:204F60001360FB683B603B6883F3108800BF00BF1437BD465DF8047B704700BF484600204B
:204F8000000D084080B485B000AF0023FB60EFF310837B607B68FB600123BB60BB6883F3C0
:204FA000108800BF0F4B1B68002B04D00D4B1B68013B0C4A13600B4B1B68002B05D10A4BAF
:204FC0000022DA70084B8022DA70FB683B603B6883F3108800BF00BF1437BD465DF8047BD7
:204FE000704700BF48460020000D084080B584B000AF786039607B68FB60FB68044A1A6046
:20500000386800F03EF8002318461037BD4680BD54524F5080B487B000AF78600B467B803F
:2050200013467B700023FB820023BB827B8823F0FF037B827B88DBB23B823B8A012202FAE6
:2050400003F3FB817B78002B02D1FB89BB8201E0FB89FB827B8A1B0A9BB2DBB25B0103F1F6
:20506000804303F50023BB60BB8A1A04FB8A1A43BB689A60002318461C37BD465DF8047B2A
:20508000704780B584B000AF7860786800F060F87B68BB60FFF746FF0023FB8111E0BB6855
:2050A0005A68FB89DB0013449888BB685A68FB89DB0013441B68194600F00EF8FB8901332D
:2050C000FB81BB681B88FA899A42E8D3FFF75AFF00BF1037BD4680BD80B483B000AF034680
:2050E0003960FB803B6803F48033002B1CD01749FB881B0A9BB21A46FB88DBB212011A4402
:2051000051F8223023F4803341F822300F48FB881B0A9BB21946FB88DBB23A6822F480327A
:2051200009010B4440F823200849FB881B0A9BB21A46FB88DBB2120113443A6841F823205D
:2051400000BF0C37BD465DF8047B70470008084080B588B000AF7860594B7B61594B3B61BB
:205160000023FB619FE00023BB6195E07B685A68FB69DB0013449A885349BB6931F81330F4
:205180009A4240F086807B685A68FB69DB0013441B6803F0F853FB60FB68B3F1807F03D0CD
:2051A000FB68B3F1106F39D17B6993F8BB34DAB20121BB6901FA03F3DBB21340DBB2002BA6
:2051C00013D1012002F080FF7B6993F8BB34DAB20121BB6901FA03F3DBB21343DAB27B69E5
:2051E00083F8BB24012002F01FFF3B69BA69203213F81230C3F3C013DBB2002B49D13A69C0
:20520000BB6903F1200112F8113043F0800302F811300121C82002F085FD3AE07B6993F812
:20522000BB34DAB20121BB6901FA03F3DBB21340DBB2002B15D0012002F046FF7B6993F878
:20524000BB34DAB20121BB6901FA03F3DBB2DB43DBB21340DAB27B6983F8BB24012002F034
:20526000E3FE3B69BA69203213F81230C3F3C013DBB2002B0DD03A69BB6903F1200112F8E3
:20528000113023F0800302F811300121C82002F049FDBB690133BB61BB69022B7FF666AF6B
:2052A000FB690133FB617B681B881A46FB699342FFF459AF00BF00BF2037BD4680BD00BF0C
:2052C00000E00140003008404486000080B483B000AFEFF303837B607B683B603B88C3F31B
:2052E00008039BB2DBB2103BDBB25BB218460C37BD465DF8047B704780B483B000AF034656
:20530000FB7197F90730044A52F8233018460C37BD465DF8047B70474C46002080B483B027
:2053200000AF0346FB710B4997F9073003F1C00251F8223023F4803341F82230054A97F969
:205340000730C03352F8233000BF0C37BD465DF8047B70470060004080B584B000AFFFF748
:20536000B5FF0346BB7397F90E301846FFF7C4FFB8600023FB73174ABB685B79D35CC3F337
:205380000103DBB2032B02D10123FB7304E097F90E301846FFF7C2FFBB68002B0ED0BB68D3
:2053A0009B68002B0AD0BB685B797B60BB68DB683B60BB689B683A4610469847FB7B002B96
:2053C00004D097F90E301846FFF7A8FF00BF1037BD4680BD0060004080B483B000AFEFF352
:2053E00003837B607B683B603B88C3F308039BB2DBB2103BDBB25BB218460C37BD465DF892
:20540000047B704780B483B000AF03463960FB7197F9073004493A6841F8232000BF0C37BE
:20542000BD465DF8047B70474C46002080B483B000AF0346FB7197F90730044A52F82330AF
:2054400018460C37BD465DF8047B70474C46002080B483B000AF0346FB710B4997F9073085
:2054600003F1C00251F8223023F4803341F82230054A97F90730C03352F8233000BF0C37DE
:20548000BD465DF8047B70470060004080B584B000AF0346FB7197F907301846FFF7D8FF1F
:2054A000BFF35F8F00BF97F90730FB60FB6803F01F02074997F907305B09012000FA02F26A
:2054C000603341F8232000BF1037BD4680BD00BF00E100E080B584B000AF0346B9607A60A3
:2054E000FB73BB68DAB2094997F90F301201D2B20B4483F8002397F90F3079681846FFF7E6
:2055000081FF00BF1037BD4680BD00BF00E100E080B485B000AF0346FB7197F90730FB6056
:20552000FB6803F01F020749FB685B09012000FA02F241F8232000BF1437BD465DF8047B71
:20554000704700BF00E100E080B582B000AF0346FB7197F907301846FFF798FF97F90730D0
:205560001846FFF7D5FF00BF0837BD4680BDFFFF80B485B000AF0346FB7197F90730FB60D8
:20558000FB6803F01F020B4997F907305B09012000FA02F2203341F82320BFF34F8F00BFE8
:2055A000BFF36F8F00BF00BF1437BD465DF8047B704700BF00E100E080B584B000AF034603
:2055C000B9607A60FB7397F90F307A68B9681846FFF780FF97F90F301846FFF7B5FF00BF2F
:2055E0001037BD4680BDFFFF80B584B000AF786039607B68FB603B681B7C1A46012303FAA4
:2056000002F2FB68DA603968F86800F085F83968F86800F0B3F8FB68034A1A600023184644
:205620001037BD4680BD00BF5450470080B485B000AF78607B68FB60FB689B68FA68D26809
:205640009A60002318461437BD465DF8047B704780B485B000AF78607B68FB60FB689B6862
:20566000FA68D2685A60002318461437BD465DF8047B704780B586B000AF78607B687B61C9
:2056800000233B617B695B68DB69FB607B695B6893F91230184600F0D4F9FB6893F9243032
:2056A000184600F0CEF9FB6893F92530184600F0C8F97B6900221A60786900F021F8B86000
:2056C0007B699B687A69D2689A607B699B6800225A63BB6843F425431946786900F005F817
:2056E0003B6918461837BD4680BD80B483B000AF7860396000BF0C37BD465DF8047B704702
:2057000080B483B000AF7860002318460C37BD465DF8047B7047FFFF80B485B000AF78605B
:2057200039607B683A685A607B6801221A747B68DB6803F00603002B02D07B6800221A744B
:205740003B681B7C1A460C4B13441B02FB60FA687B689A603B685A697B685A613B689A69A0
:205760007B68DA617B6800229A6100BF1437BD465DF8047B704700BF9016400080B594B055
:2057800000AF786039603B68DB693B640023FB63EFF31083BB61BB69FB6301237B617B69EB
:2057A00083F3108800BF954B1A693B681B7C19464FF00043CB40DB43904913400B618F4B03
:2057C0001B69FB6B3B613B6983F3108800BF7B689B684FF425421A607B689B680022DA6284
:2057E0007B689B680022DA637B689B6800229A643B681B7ABB63BB6BDB05FB643B685B683D
:20580000013B7B633B681B78032B03D1FB6C43F48033FB647B689B68FA6CDA62786800F02E
:20582000EFF87B689B683A6C9269DA617B689B683A6CD2691A627B689B687A6B9A667B68CE
:205840009B687A6B5A6600233B633B6C9B6BBB644FF0FF33BB600023FB603B681B78002BA8
:2058600006D13B685B685B08013BFB62FB6ABB603B681B78012B07D93B68D96807F1080247
:205880000023786800F00BF97B689B68BA685A657B689B68BA689A653B681B78032B07D9FF
:2058A0007B689B68BA68DA657B689B68BA681A66FB681B043A6B13433B63FB681B063A6BD5
:2058C00013433B633B6C9B6B002B1ED13B6C1B78002B0AD03B6C5B781946386800F054F918
:2058E000B862BA6CBB6A1343BB643B6C9B78002B0BD03B6CDB781946386800F045F978620D
:205900007B6A1B04BA6C1343BB64786800F067F900233B620023FB617B689B683A6A9A63F2
:205920007B689B68FA69C3F888203B6C9B6B002B0DD13B6C93F820305B03BA6C1343BB648A
:205940003B6C93F821305B07BA6C1343BB644FF4AA037B643B6C93F83030002B02D04FF426
:20596000A0037B647B689B687A6C1A643B681B78012B07D17B689B680022DA647B689B68F5
:2059800000221A657B689B687A68D268DA607B689B68BA6C5A637B689B683A6B42F003029F
:2059A0001A637B689B683A6B42F001021A634AF201517868FFF799FE3B6893F912003B684E
:2059C0005B7C7A68194600F054F83B6C93F924003B6C93F822307A68194600F04AF83B6C7E
:2059E00093F925003B6C93F823307A68194600F040F800BF5037BD4680BD00BF004008403B
:205A000080B483B000AF78607B689B684FF000421A617B689B684FF000425A617B689B68AE
:205A20004FF000429A617B689B6800225A627B689B6800229A6200BF0C37BD465DF8047B49
:205A4000704780B582B000AF0346FB7197F90730002B0ADB97F907301846FFF789FD97F9BC
:205A6000073000211846FFF7CDFC00BF0837BD4680BD80B584B000AF0346B9607A60FB73B1
:205A800097F90F30002B06DB97F90F307A68B9681846FFF791FD00BF1037BD4680BD80B4FD
:205AA0008BB000AFF860B9607A603B60FB689B689B6EFB61FB690133FB61BB68002B0CBF3E
:205AC00001230023FB76BA68FB699A422CBF01230023BB76FB7E002B02D1BB7E002B44D05A
:205AE0003B6803F00103002B07D1FB689B685B6BC3F30403DBB27B6206E0FB689B685B6BA4
:205B0000C3F30443DBB27B62FB685B681B78032B09D97B6A03F01003002B0CBF012300232D
:205B200087F8233008E07B6A03F00C03042B0CBF0123002387F82330FB7E002B06D097F8A8
:205B4000233083F00103DBB2002B06D1BB7E002B07D097F82330002B03D07B6802225A6010
:205B60000CE07B6803225A6008E0BB687B617B69013B7B617B687A691A6000BF00BF2C3773
:205B8000BD465DF8047B704780B485B000AF78600B46FB70FB789A01FB781B01134343F4A1
:205BA0008073BB600923FB607B681B78022B0BD07B681B78032B02D10323FB6004E0FB7883
:205BC000002B01D10623FB60BA68FB681343BB60BB6818461437BD465DF8047B704780B4C0
:205BE00085B000AF78607B685B68DB69FB60FB6893F8303003F00103DBB2002B05D0FB686F
:205C00009A6A7B689B68013ADA64FB6893F8303003F00203DBB2002B05D0FB68DA6A7B68C4
:205C20009B68013A1A6500BF1437BD465DF8047B704790B589B000AFF8600B467A60FB72F2
:205C4000FB689B69FB61FB69002B03D107F11003FB6105E0FA6907F1100307CA83E8070021
:205C6000FB69FA7A1A71FB697A689A60FB68DA69FB691A60FB685B69F8699847FB689B692F
:205C8000002B08D0FB689B691C4607F1100393E8070084E8070000BF2437BD4690BD80B599
:205CA00084B000AFFFF798FB0346FB7397F90F301846FFF7CDFB97F90F301846FFF7B6FB02
:205CC000B860BB685B681B78012B20D1B868FFF717FD7860BB689B68BA68D2689A60BB6875
:205CE0009B6800229A64BB689B680022DA64BB689B6800221A657B6843F425431946B86833
:205D0000FFF7F3FC97F90F301846FFF7BFFBBB685B69002B04D000220021B868FFF789FFFA
:205D200000BF1037BD4680BD80B483B000AFEFF303837B607B683B603B88C3F308039BB275
:205D4000DBB2103BDBB25BB218460C37BD465DF8047B704780B487B000AF0346FB710E4B7A
:205D60001B6A7B61FB797A6922FA03F303F007033B617B691B0E03F00703FB60074B1A6887
:205D8000FB689A403B6922FA03F318461C37BD465DF8047B704700BF00E00140D4470020B6
:205DA00080B400AF094B0122A3F80421074BB3F804319BB2002BF9D1044B0122A3F8002127
:205DC00000BFBD465DF8047B704700BF00C0014080B483B000AF03463960FB7197F907308B
:205DE00004493A6841F8232000BF0C37BD465DF8047B70474C46002080B483B000AF034697
:205E0000FB7197F90730044A52F8233018460C37BD465DF8047B70474C46002080B483B01C
:205E200000AF0346FB710B4997F9073003F1C00251F8223023F4803341F82230054A97F95E
:205E40000730C03352F8233000BF0C37BD465DF8047B70470060004080B584B000AF0346EA
:205E6000FB7197F907301846FFF7D8FFBFF35F8F00BF97F90730FB60FB6803F01F0207497C
:205E800097F907305B09012000FA02F2603341F8232000BF1037BD4680BD00BF00E100E0F3
:205EA00080B584B000AF0346B9607A60FB73BB68DAB2094997F90F301201D2B20B4483F8EF
:205EC000002397F90F3079681846FFF781FF00BF1037BD4680BD00BF00E100E080B485B0EC
:205EE00000AF0346FB7197F90730FB60FB6803F01F020749FB685B09012000FA02F241F846
:205F0000232000BF1437BD465DF8047B704700BF00E100E080B582B000AF0346FB7197F9CB
:205F200007301846FFF798FF97F907301846FFF7D5FF00BF0837BD4680BDFFFF80B485B0AB
:205F400000AF0346FB7197F90730FB60FB6803F01F020B4997F907305B09012000FA02F2B6
:205F6000203341F82320BFF34F8F00BFBFF36F8F00BF00BF1437BD465DF8047B704700BF3D
:205F800000E100E080B584B000AF0346B9607A60FB7397F90F307A68B9681846FFF780FFD9
:205FA00097F90F301846FFF7B5FF00BF1037BD4680BDFFFF80B584B000AF786039607B685A
:205FC000FB600023BB60FB683A685A603B681B78002B23D03B685A68FB689A633B68DA686B
:205FE000FB681A64FB680022DA63184B01221A763B6893F911003B681B7CFA681946FFF7B7
:20600000C1FF124B98221A753B6893F913003B689B7CFA681946FFF7B5FF05E00B4B002256
:206020001A760A4B00221A75F86800F073FAB860BB68002B01D0BB6803E0FB68044A1A60A5
:20604000BB6818461037BD4680BD00BF00E07F404E45504F80B586B000AFF860B9607A6043
:206060003B60FB683B6100237B613B685A083B691A633B69BA689A623B697A68DA623B6939
:20608000002283F834207B68B3F1006F04D2386902F062F9786103E0386900F084F97861B2
:2060A0007B6918461837BD4680BD80B588B000AFF860B9607A60FB687B610023FB617B6906
:2060C000002283F83420BB68B3F1006F19D20023BB61BB68B3F5803F06D2BB6823F4FF5381
:2060E00023F01F03BB6105E0BB6823F4FF4323F07F03BB617A68B969786902F031F9F861E3
:206100000EE0BB6823F03F033B617A683969786900F09EFAF861FB69002B01D0FB6900E093
:20612000FB6918462037BD4680BD80B588B000AFF860B9607A603B60FB687B610023FB6146
:20614000BB68B3F1006F1DD27B69002283F834203B6800221A70BB683B610023BB610CE00C
:206160003A69BB6913441B78FF2B03D03B6801221A700EE0BB690133BB61BA697B689A42DD
:20618000EED306E03B687A68B968786900F052F9F861FB6918462037BD4680BD80B483B07D
:2061A00000AF786039600B4BB3F884309BB203F08103002B03D13B6800221A7002E03B6873
:2061C00001221A70002318460C37BD465DF8047B704700BF00E07F4080B487B000AFF860F0
:2061E000B9601346FB80FB687B6100233B6106233B613B6918461C37BD465DF8047B70470C
:2062000080B487B000AFF860B9607A60FB687B6100233B6106233B613B6918461C37BD46FE
:206220005DF8047B704780B485B000AF78607B68FB600023BB600623BB60BB681846143757
:20624000BD465DF8047B704780B584B000AF78607B68FB60F86802F067F8034618461037E3
:20626000BD4680BD80B584B000AF78600B46FB701346BB707B68FB600023BB60BA78FB788D
:206280001946F86802F054F8B860BB6818461037BD4680BD80B485B000AF78607B68FB60B3
:2062A0000023BB600623BB60BB6818461437BD465DF8047B704780B584B000AF78607B682F
:2062C000FB60F86800F026F9034618461037BD4680BDFFFF80B483B000AF786039603B689E
:2062E000094A92E8030083E803003B68074A083392E8030083E80300002318460C37BD467F
:206300005DF8047B704700BF6C8600009C08002080B584B000AF78607B68FB600023BB6011
:20632000FB6800221A60FB685B6893F91130002B06DBFB685B6893F911301846FFF7FEFD1D
:206340000B4B00221A76FB685B6893F91330002B06DBFB685B6893F913301846FFF7EEFD00
:20636000034B00221A75BB6818461037BD4680BD00E07F4080B487B000AFF860B9607A6012
:206380003B60FB687B617B69BA689A637B697A681A647B693A68DA63002318461C37BD4642
:2063A0005DF8047B704780B586B000AF786000237B61786800F08AFA78617B69002B01D054
:2063C0007B6932E07B685B681B78002B06D07B68012283F8342000233B6102E07B68DB68F1
:2063E0003B613A690421786801F0AEFF78617B685B681B78002B01D07B6916E018224FF456
:206400008051786901F0A4FF78617B681B6B002B02D07B69002BE4D001F08EFFF8607B697A
:20642000002B01D1FB687B617B6918461837BD4680BDFFFF80B588B000AFF860B9607A60EA
:206440003B60F86800F042FAF861FB69002B01D0FB6957E02D4B002283F8D0202B4ABB6824
:206460001363BA687B681344284A013B5363284B71221A70264BD0221A70FB685B681B78B0
:20648000002B08D0FB68032283F834203B6802221A70002336E0FB685B697A689208013242
:2064A00002FB03F3BB6108E0BB69002B02D11423FB610AE0BB69013BBB61144BD3F88030F0
:2064C000C3F3C033DBB2012BEED14FF4FC720021F86901F03DFFF8610C4B93F8D430DBB26F
:2064E000012B03D13B6801221A7002E03B6800221A7001F021FF7861FB69002B01D17B69EC
:20650000FB61FB6918462037BD4680BD00E07F4000007E4080B586B000AF78607B68002272
:2065200083F83420424B012283F816241C20FFF711FC78611820FFF70DFC38617B693D4AD4
:20654000934202D84FF4FB736DE07B6903F5742303F23F23384AA2FB03239B0CFB603B69D9
:2065600003F5742303F23F23334AA2FB03239B0CBB60FB689BB2314A03F5F0539BB2A2F8E6
:20658000E430BB6843F6B85202FB03F32C4AA2FB03239A087B689A60BB6840F6D86202FB46
:2065A00003F3274AA2FB03239A087B68DA60BB685B00234AA2FB03239A087B681A61BB6821
:2065C000542202FB03F31E4AA2FB03239A087B685A61BB681B4A02FB03F3194AA2FB032346
:2065E0009A087B689A61BB6844F2506202FB03F3134AA2FB03239A087B685A62BB68124A3D
:2066000002FB03F30E4AA2FB03239A087B681A62BB680E4A02FB03F3094AA2FB03239A0845
:206620007B68DA61002318461837BD4680BD00BF00E00140FF083D0083DE1B4300E07F40AA
:20664000ABAAAAAA38AF040080DE0F00A0F7030080B588B000AFF860B9607A600023FB61B9
:20666000FB68BA689A62FB687A681A63F86800F02DF9F861FB69002B02D04FF4FA7336E0E1
:20668000FB685B681B78002B06D0FB68022283F834200023BB6102E0FB685B6ABB61164B24
:2066A0000122A3F8E020BA694021F86801F048FEF861FB685B681B78002B01D0FB6916E099
:2066C00019224FF40051F86901F042FEF861FB681B6B002B02D0FB69002BE4D001F02CFEBC
:2066E0007861FB69002B01D17B69FB61FB6918462037BD4680BD00BF00E07F4080B584B000
:2067000000AFFFF711FB0346BB7397F90E301846FFF772FBB8601E4B1B7CDBB27B601C4BDB
:20672000D3F880201B4B13403B607B6803F00803002B02D00423FB7319E07B6803F08003D5
:20674000002B02D00523FB7311E07B6803F01003002B0AD03B6803F44053002B02D0072373
:20676000FB7304E00623FB7301E00723FB73B86801F0DAFD97F90E301846FFF74FFBFB7BED
:206780001946B86800F06EF800BF1037BD4680BD00E07F404070F00080B584B000AF002364
:2067A000FB73FFF7C1FA03467B7397F90D301846FFF722FBB86097F90D301846FFF72EFBE3
:2067C000BB6893F83430012B17D1BB681B6B002B0ED000220421B86801F0B6FD78607B681B
:2067E000002B2BD0B86801F09FFD0723BB7325E00123BB730123FB7320E0BB6893F8343073
:20680000022B0ED1BB681B6B002B05D000224021B86801F095FD11E00023BB730123FB73C9
:206820000CE00123FB730E4B93F8D430DBB2012B02D10323BB7301E00223BB73FB7B002B3D
:206840000AD001F079FDBB68002283F83420BB7B1946B86800F006F800BF1037BD4680BDFA
:2068600000E07F4080B586B000AF78600B46FB707B68DB6B7B617B69002B03D107F10C03DC
:206880007B6106E07A6907F10C0392E8030083E803007B69FA781A707B681A6C7B695A607A
:2068A0007B689B6B786998477B68DB6B002B08D07B68DB6B1A4607F10C0393E8030082E88B
:2068C000030000BF1837BD4680BDFFFF80B584B000AF78600023FB604FF49643BB607B68E1
:2068E0005B681B78002B0DD07B685B6893F911301846FFF70FFB7B685B6893F91330184696
:20690000FFF708FB0C4B4AF68022A3F8842008E0BB68002B02D14FF4FA7309E0BB68013B05
:20692000BB60054BB3F884309BB2802BF0D1FB6818461037BD4680BD00E07F4080B485B084
:2069400000AF786039607B68FB600C4AFB6813603B681A68FB689A603B685A68FB68DA6029
:20696000FB6800225A60FB68054A1A60002318461437BD465DF8047B704700BF0446002029
:206980004347430080B588B000AFF8600B467A60FB72FB68FB610023BB61FB7A052B02D0A9
:2069A000FB7A062B0DD107F1100307F11402F97A786800F0B5F9B861BB69002B01D0BB69EC
:2069C00029E0FB7A184600F0F5F803461A46FB7A1146184600F006F90346002B02D140F2C3
:2069E000931318E0012000F01AF8FB7A052B02D0FB7A062B06D13B6907F11402F97A7868DD
:206A000000F0CCF9FB7A0021184600F019F9012000F01AF8002318462037BD4680BD80B55B
:206A200082B000AF0346FB71012001F04DFBFB79012B05D1002000F0D5FF002001F044FBBC
:206A400000BF0837BD4680BD80B582B000AF0346FB71FB79012B07D1002001F0E5FA064B74
:206A60001B6A184600F07AF8012001F0DDFA00BF0837BD4680BD00BF00E0014080B483B063
:206A800000AF78601A4B1B68B3F5004F01D0002327E0184B93F83630DBB2002B17D0154B42
:206AA00093F83830DBB2002B11D0124B93F83230DBB2002B0BD00F4B93F82A30DBB2002B76
:206AC00005D00C4B93F84A30DBB2002B01D1002307E07B6803F0EE43002B01D0002300E0EB
:206AE000012318460C37BD465DF8047B704700BFD447002000E0014080B485B000AF786038
:206B00000B46FB70FB78002B0BD07B68FB60FB6803F0443323F480030E4A934201D000237A
:206B200011E00D4B93F82A30DBB2002B05D10A4B93F84A30DBB2002B01D0012300E000238F
:206B400003F00103DBB218461437BD465DF8047B704700BF4444044400E0014080B584B061
:206B600000AF7860104B93F84030FB737868FFF785FF0346002B03D0042000F033FF0FE0F4
:206B8000FB7B19467868FFF7B7FF0346002B07D0064B1B68064A934202D8032000F022FF42
:206BA00000BF1037BD4680BD00E00140D447002040420F0080B483B000AF0346FB71FB7963
:206BC000074A52F823301B78DBB2002B0CBF01230023DBB218460C37BD465DF8047B7047AE
:206BE000C086000080B487B000AF03460A46FB711346BB7116237B61FB7901229A407B6941
:206C00001340002B01D0012312E00C4B93F83C30DBB23B61FB793A6922FA03F303F0010378
:206C2000FB60BB79FA689A420CBF01230023DBB218461C37BD465DF8047B704700E0014088
:206C400080B483B000AF03460A46FB711346BB71FB790A4A52F82330BA791A70FB79074AAD
:206C600052F823301B78DBB2BA799A42F6D100BF00BF0C37BD465DF8047B7047C0860000EC
:206C800080B489B000AFF8600B467A60FB72114BFB61FB681B78002B01D10E4BFB61FB6825
:206CA0005B880133FA6902FB03F35B08BB61FB685B7801337B61BA697B69B2FBF3F33B616C
:206CC0007B683A691A60002318462437BD465DF8047B7047002D310180B487B000AF7860F9
:206CE0000023FB827B681B78002B01D10123FB827B685B88BB827B685B787B82BB8A1B02C8
:206D000003F47C52FB8A1B011A437B8A1343FB60FB6818461C37BD465DF8047B7047FFFF5A
:206D200080B588B000AFF8607A603B600B46FB72F868FFF7D1FFB861FB7A052B02D1154B95
:206D4000FB6101E0144BFB61FB691B889BB21A46BB69934209D0FB7A1846FFF72BFF034679
:206D6000002B02D040F291130FE0FB7A7A681946F868FFF785FF78617B69002B01D07B6924
:206D800003E03B68BA691A60002318462037BD4680BD00BF28E0014048E0014080B584B0DE
:206DA00000AFF8607A603B600B46FB72FB7A052B04D1094B3A6892B21A8504E0064B3A686F
:206DC00092B2A3F84820FB7A7968184600F044FE00BF1037BD4680BD00E0014080B483B0B8
:206DE00000AF0346FB7197F90730002B0CDBFB7903F01F02074997F907305B09012000FA38
:206E000002F2403341F8232000BF0C37BD465DF8047B704700E100E080B483B000AFEFF346
:206E200003837B607B683B603B88C3F308039BB2DBB2103BDBB25BB218460C37BD465DF837
:206E4000047B704780B483B000AF03463960FB7197F9073004493A6841F8232000BF0C3764
:206E6000BD465DF8047B70474C46002080B483B000AF0346FB7197F90730044A52F8233055
:206E800018460C37BD465DF8047B70474C46002080B483B000AF0346FB710B4997F907302B
:206EA00003F1C00251F8223023F4803341F82230054A97F90730C03352F8233000BF0C3784
:206EC000BD465DF8047B70470060004080B584B000AF0346FB7197F907301846FFF7D8FFC5
:206EE000BFF35F8F00BF97F90730FB60FB6803F01F02074997F907305B09012000FA02F210
:206F0000603341F8232000BF1037BD4680BD00BF00E100E080B584B000AF0346B9607A6048
:206F2000FB73BB68DAB2094997F90F301201D2B20B4483F8002397F90F3079681846FFF78B
:206F400081FF00BF1037BD4680BD00BF00E100E080B485B000AF0346FB7197F90730FB60FC
:206F6000FB6803F01F020749FB685B09012000FA02F241F8232000BF1437BD465DF8047B17
:206F8000704700BF00E100E080B582B000AF0346FB7197F907301846FFF798FF97F9073076
:206FA0001846FFF7D5FF00BF0837BD4680BDFFFF80B485B000AF0346FB7197F90730FB607E
:206FC000FB6803F01F020B4997F907305B09012000FA02F2203341F82320BFF34F8F00BF8E
:206FE000BFF36F8F00BF00BF1437BD465DF8047B704700BF00E100E080B584B000AF0346A9
:20700000B9607A60FB7397F90F307A68B9681846FFF780FF97F90F301846FFF7B5FF00BFD4
:207020001037BD4680BDFFFF80B590B000AF786039607B68BB6200237B623B681B693B6272
:207040003B681B6803F58023A8331B03FB61BB6AFA695A600023BB61EFF310833B613B69E4
:20706000BB610123FB60FB6883F3108800BF8F4B5A683B681B68C3F10203012101FA03F3B7
:20708000DB438A4913404B60884B5B68BB69BB60BB6883F3108800BFBB6A3A681A603B6858
:2070A0009A68BB6ADA613B68DA68BB6A5A62BB6A00221A623B6A1A78BB6A1A7600220121B5
:2070C000B86A00F0E3FB3B6A1B7B1BB25B001AB23B6A1B7D1BB2DB001BB213431BB243F485
:2070E000E0731BB29AB2FB69A3F840283B685B687B617B691B68013B1A046D4B13407A69CC
:207100005268013A12071A437B699B68013B1B021A437B69DB68013B1B031343BA6A127EDC
:207120001A43FB69C3F8442800220221B86A00F0ADFBFB69802283F85028FB6903F50073A0
:207140004FF400720021184601F0A4F80023FB632CE03B6A9A68FB6BDB0013449B79002B63
:2071600016D13B6A1B69FA6B9A4211D2FB6B20331B01FA69D1183B6A9A68FB6BDB0013447B
:207180001A46386A00F056F9402387F83B3002E0002387F83B30FA69FB6B134403F50263F5
:2071A00097F83B201A70FB6B0133FB63FB6B1F2BCFD900237B6300233B632BE03B6A5A68D7
:2071C0003B6B9B0013441B686FF0604293421ED23B6A5A683B6B9B0013441B68FB623B6A4A
:2071E0001B7B002B04D1FB6A9A04324B1340FB62FB693A6B02F58072F96A43F822103B6B61
:207200009B000F2202FA03F37A6B13437B633B6B01333B633B6A1B699B083A6B9A42CDD332
:207220007B6BDA43FB69C3F8282400220021B86A00F02CFBFA69B2F8403843F02003A2F8EF
:207240004038FB69B3F84038C3F34013DBB2002BF7D13B6893F915003B681B7DBA6A1946A4
:20726000FFF7CAFE3B6893F916003B681B7DBA6A1946FFF7C1FE3B6893F917003B681B7D17
:20728000BA6A1946FFF7B8FEFB693E2283F84C28FB694FF0FF32C3F82C24BB6A064A9A60BE
:2072A0007B6A18464037BD4680BD00BF004008400000FF030000FC1F4E41435280B588B0DF
:2072C00000AF78607B68FB61FB6900229A60FB691B6893F915301846FFF76AFEFB691B680D
:2072E00093F916301846FFF763FEFB691B6893F917301846FFF75CFEFB695B68BB61BB6938
:20730000002283F84C28BB690022C3F82C2400237B61EFF31083BB60BB687B610123FB60FE
:20732000FB6883F3108800BF0C4B5A68FB691B681B68C3F10203012101FA03F30749134328
:207340004B60064B5B687B693B613B6983F3108800BF002318462037BD4680BD00400840DD
:2073600080B58AB000AFF860B9607A60FB68BB61BB691B681B697B61BB695B683B613A69F8
:20738000BB68134403F502631B78C3F3C013DBB2002B02D04EF663233AE0BB6820331B01FA
:2073A0003A6913447A681946786900F043F87B689B7903F00F03D9B23A69BB6820331B01CA
:2073C0001A44938861F3030393807B689B797B62BB6820331B013A69134406333B627B68AE
:2073E0000C33FB6107E0FA69531CFB613B6A591C396212781A707B6A5A1E7A62002BF2D1ED
:207400003A69BB68134403F5026380221A70002318462837BD4680BD80B485B000AFF86036
:20742000B9607A60062318461437BD465DF8047B7047FFFF80B489B000AFF860B9607A6094
:20744000FB681B7BFB750023FB61FB7D002B06D0FB7D022B0AD17B681B79002B06D17B68EF
:207460001B689A04114B1340BB610EE0FB7D022B06D17B681B79012B02D14FF00043FB6162
:207480007B681B6823F06043BB617B685B799B073B61FA693B691A43BB691A43BB681A603D
:2074A00000BF2437BD465DF8047B70470000FC1F80B489B000AFF860B9607A60FB685B687C
:2074C000BB61BA69BB6820331B0113441B687B617B699B0F03F00103DAB27B685A71FB6803
:2074E0001B681B693B613B691B7BB969BA68203212010A441268C2F3C072D2B21343DBB2F0
:2075000003F00103DAB27B681A717B681B79002B06D17B699B0CC3F30A027B681A6004E073
:207520007B6923F060427B681A60BA69BB6820331B0113449B88C3F30303DBB21A467B689A
:207540009A717B689B79082B02D97B6808229A710023FB6112E0BA69BB681B011A44FB696E
:20756000134403F206231B78D9B27A68FB6913440C330A461A70FB690133FB617B689B79D7
:207580001A46FB699342E6D3BA69BB68134403F5026344221A707B6800229A6000BF243796
:2075A000BD465DF8047B7047B0B58EB000AF786039607B681B6A7B637B6B002B02D13B68AD
:2075C0007B6317E07B6B07F10C041D460FCD0FC40FCD0FC495E8030084E803007A6B3B68B0
:2075E00014461D460FCD0FC40FCD0FC495E8030084E803007B68DB69786B98477B681B6A30
:20760000002B0CD07B681B6A1D4607F10C040FCC0FC50FCC0FC594E8030085E8030000BF84
:207620003837BD46B0BD80B590B000AFFFF7F4FB03461846FFF72CFCFFF7EEFB034687F8F6
:207640003B3097F93B301846FFF710FC78633B4628220021184600F01DFE0023FB637B6BCD
:207660005B683B633B6B93F84D38DBB2BB803B6B002283F84D283B6BB3F84238C3F30013DF
:20768000DBB2002B22D0BB8843F020039BB2BB803B6B93F8533887F82F303B6B022283F840
:2076A00053283B6B93F85238C3F30403DBB2FB633B6B97F82F2083F853283A6BFB6B134410
:2076C00003F50262137823F0040313707B6B1B681B683B607B6B5B6A3B61FB6BFB603B4616
:2076E0001946786BFFF760FF7B6B1B681B69BB623B6BB3F84238C3F30013DBB2002B0AD0C3
:20770000BB6A1B7D002B06D07B6B1B6893F915301846FFF763FB00BF4037BD4680BD80B514
:2077200090B000AFFFF778FB03461846FFF7B0FBFFF772FB034687F83F3097F93F301846B2
:20774000FFF794FBB8634FF480633B81BB6B5B687B637B6B93F8533887F833307B6B0022FA
:2077600083F853287B6B93F85238C3F30403DBB2FB627B6B97F8332083F853283B1D143314
:207780001A46F96AB86BFFF793FEFB6A3B61BB6B1B681B687B60BB6B5B6A7B613B1D1946F6
:2077A000B86BFFF701FF7B6BB3F84238C3F30003DBB2002B04D097F93F301846FFF70EFB04
:2077C00000BF4037BD4680BD80B590B000AFFFF723FB03461846FFF75BFBFFF71DFB0346B1
:2077E00087F83F3097F93F301846FFF73FFBB86300233B81BB6B5B687B637B6B93F8533851
:2078000087F833307B6B012283F853287B6B93F85238C3F30403DBB2FB627B6B97F833201D
:2078200083F853287A6BFB6A134403F5026300221A707A6BFB6A134403F5026300221A70FE
:20784000FB6A3B613B8943F400639BB23B81BB6B1B681B687B60BB6B5B6A7B613B1D19463B
:20786000B86BFFF7A1FE7B6BB3F84238C3F34003DBB2002B06D0BB6B1B6893F917301846E4
:20788000FFF7ACFA00BF4037BD4680BD80B584B000AF78600B46FB701346BB707B685B6800
:2078A000FB607B685B7BBA789A420DD00221786800F032F8FB68BA7883F858287B68BA7807
:2078C0005A737B6802221A737B681B7BFA789A421ED0FB78052B13D10221786800F01CF804
:2078E000FA68B2F8403843F48063A2F84038FB68B3F84238C3F38023DBB2012BF7D104E092
:20790000FB781946786800F007F87B68FA781A7300BF1037BD4680BD80B485B000AF7860AE
:207920000B46FB707B685B68FB60FA68B2F8403823F48063A2F84038FB7803F00303D9B203
:20794000FA68B2F8403861F30923A2F84038FB68B3F842389BB203F4E062FB781B029A4297
:20796000F5D100BF00BF1437BD465DF8047B704780B400AF094B0122A3F80421074BB3F8D3
:2079800004319BB2002BF9D1044B0122A3F8002100BFBD465DF8047B704700BF00C0014035
:2079A00080B483B000AF0346FB710D4B93F8A030C3F30013DBB2002BF7D1094AFB7982F8BF
:2079C000A030074B93F8A030C3F30013DBB2002BF7D100BF00BF0C37BD465DF8047B704792
:2079E00000E0014080B582B000AF0346FB71FB79042B14D1174B93F8AA30C3F30013DBB2F6
:207A0000002BF7D1134B012283F8AA20114B93F8AA30C3F30013DBB2002BF7D115E00D4B56
:207A200093F8AA30C3F30013DBB2002BF7D1094B002283F8AA20074B93F8AA30DBB2002B6E
:207A4000F9D1FB791846FFF7ABFF00BF0837BD4680BD00BF00E0014080B483B000AF7860DE
:207A600039607B68052B04D13B681B68064A536103E03B681B68044A936100BF0C37BD460B
:207A80005DF8047B704700BFAC08002080B483B000AF0D4B93F82630DBB27B600A4B1B6A37
:207AA0001B0E03F007033B60084A7B6852F823203B6822FA03F3064A136000BF0C37BD46C6
:207AC0005DF8047B704700BF00E00140AC080020D447002080B500AF0B4B012283F81C2117
:207AE0000A4B0B4A1A62094B052283F82620FFF7CDFF084BF1221A73064B00221A72054B20
:207B0000F0221A7300BF80BD00C0014000E00140111202200020004080B500AF0B4B0C4A73
:207B20001A600A4B0B4A5A60084B4FF400429A60064B074ADA60054B4FF400421A61034B1B
:207B4000054A5A61FFF7A2FF00BF80BDAC080020002D310100127A0000E1F50580B500AF0A
:207B60001B4B4AF20352A3F8FE23FFF701FFFFF7D3FF174B002283F81324154B092283F858
:207B8000A22000F031F8124B002283F83620104B93F83C30C3F30003DBB2012BF7D10C4BD7
:207BA00041F211321A850A4B002283F82A20084B93F83C30C3F34013DBB2012BF7D1FFF7AA
:207BC00089FF034B4FF42542A3F8FE2300BF80BD00E0014080B483B000AF786000BF0C375C
:207BE000BD465DF8047B704780B500AF184B93F88034DBB2002B07D1154B93F88134C3F38B
:207C00000103DBB2002B1CD0114B93F88034DBB2002B0DD10E4B012283F880240121C820E6
:207C200000F080F80A4B93F88034DBB2012BF9D1074B002283F88124054B002283F88024A0
:207C400004E04FF47A70FFF7C5FF00BF00BF80BD00E0014080B582B000AF2B4B002283F854
:207C600028200121C82000F05DF8274B002283F82420254B93F82430DBB2002BF9D1224ADD
:207C800092F8243043F0020382F824301E4B93F82430C3F34003DBB2002BF7D11A4B0022B8
:207CA00083F82220184B93F82230DBB2002BF9D10023FB7116E01449FB7903F1200211F8D0
:207CC000123023F0800301F812300F4AFB79203312F81330C3F3C013DBB2002BF5D1FB79A9
:207CE0000133FB71FB79002BE5D0012000F0ECF9064B002283F8BB24012000F095F900BF6F
:207D00000837BD4680BD00BF0030084000E0014080B483B000AF786000BF0C37BD465DF844
:207D2000047B70472DE9B04F90B000AFF861B9610023FB63FB69BA6902FB03F3BB63504BE2
:207D40001B687B634F4A7B6BB2FBF3F33B63BB6B00223B617A61D7E904234FF000004FF0EE
:207D60000001590141EAD261500102460B463969B2EB0108796963EB01094FF000024FF05E
:207D800000034FEA890343EA98734FEA880290469946D7E904120B4618EB03033B60134647
:207DA00049EB03037B604FF000024FF00003D7E900894946CB00414643EA51734146CA00BF
:207DC000C7E90A23D7E90A23012B08D2BA6A3B6BB2FBF3F37B627B6A9B08FB6344E03B6BE9
:207DE0009B00BA6BB2FBF3F3BB63BB6B0022BB60FA60D7E9028942464B464FF000004FF073
:207E00000001590141EAD261500102460B464146541A494663EB01054FF000024FF0000364
:207E2000AB0043EA9473A20014461D46434614EB030A4B4645EB030B4FF000024FF000031D
:207E40004FEACB0343EA5A734FEACA0292469B46C7E90AABD7E90A23012B02D2BB6AFB638E
:207E600002E04FF0FF33FB63FB6B002B02D0F86B00F00AF800BF4037BD46BDE8B08F00BFBD
:207E8000D447002000CA9A3BA0F101000028FBD1704700BF80B582B000AF0346FB71FB79CD
:207EA000074A52F82330002B06D0FB79044A52F82330FA791046984700BF0837BD4680BD8E
:207EC0000846002080B582B000AF144BB3F82031BB80124BB3F840319AB2BB8813407B8032
:207EE0000023FB710EE07A88FB7922FA03F303F00103002B03D0FB791846FFF7CBFFFB7982
:207F00000133FB71FB790F2BEDD9044A7B88A2F8303100BF0837BD4680BD00BF0060004064
:207F200080B58AB000AF032000F0CEF8394B6FF0FF029A643B1D0C22FF21184600F0AAF9D1
:207F400000237B6221E0344A7B6A32F81330002B18D07B6A5B097B617B6A03F01F033B6182
:207F60007B699B0028333B4453F8242C01213B6901FA03F3DB431A407B699B0028333B4485
:207F800043F8242C7B6A01337B627B6A5F2BDAD9224BBB6100233B6218E03B6A9B00BA699A
:207FA0001A443B6A9B0028333B4453F8243C13601B493B6A9B0028333B4453F8242C3B6A6D
:207FC000A03341F823203B6A01333B623B6A022BE3D9032000F028F80023FB6112E00E4A52
:207FE000FB6932F81330002B09D00B4AFB6932F813300C4A1946FB69C03342F82310FB69A9
:208000000133FB61FB695F2BE9D900BF00BF2837BD4680BD008000407C8500007080004012
:2080200000E100E00060004080B487B000AF0346FB7100237B61EFF31083FB60FB687B6102
:2080400001233B613B6983F3108800BFFB791A4A32F813309BB2002B09D0FB79164A32F85B
:20806000132092B2013A91B2134A22F81310FB79114A32F813309BB2002B11D10F4BB3F8D6
:20808000FE339AB20E4B13439AB2FB790D4931F81330DB439BB2094913409BB2A1F8FE330B
:2080A0007B69BB60BB6883F3108800BF00BF1C37BD465DF8047B7047CC47002000E00140DD
:2080C00000A5FFFFDC86000080B487B000AF0346FB7100237B61EFF31083FB60FB687B61BE
:2080E00001233B613B6983F3108800BFFB79164A32F813309BB2002B0FD1144BB3F8FE337B
:208100009AB2FB79124931F8133013439AB20F49104B13439BB2A1F8FE33FB790A4A32F824
:20812000132092B2013291B2074A22F813107B69BB60BB6883F3108800BF00BF1C37BD46C0
:208140005DF8047B704700BFCC47002000E00140DC86000000A5FFFF80B500AF00F00CF8A4
:20816000FBF750FA00BFFDE780B400AF00BE00BFBD465DF8047B704780B584B000AF3A4B95
:208180004FF47002C3F88820374B384A9A600020FBF724FAFFF7E2FC0120FBF71FFA334B1B
:2081A0001B68A3F580633B603B6883F30A8800BF2F4A304BD31A1A4600212E4800F06AF892
:2081C0002D4A2E4BD31A1A462D492C4800F06AF82C4A2D4BD31A9B107B600023FB6007E060
:2081E000294AFB6852F823309847FB680133FB60FA687B689A42F3DBFFF748FCFFF72AFDF5
:208200000320FFF761FF0023BB6009E01F4ABB6808334FF6FF7122F81310BB680133BB6093
:20822000BB68052BF2D90320FFF7FEFE0320FFF74BFF174B00225A60154B00229A60144B8F
:208240000022DA60124B00221A610320FFF7ECFE0220FBF7C3F9FFF763FE0020FFF758FD33
:2082600000BF1037BD4680BD00ED00E000000000D8470020C8080020AC08002000000020C8
:20828000E8860000A8080020A4080020000D084000000E4002440346934200D1704703F84A
:2082A000011BF9E70A44431E914200D1704710B511F8014B914203F8014FF9D110BDFFFFEB
:2082C00000000305352E332E300000004275696C7420776974682052656E65736173204174
:2082E0006476616E63656420466C657869626C6520536F667477617265205061636B61678C
:20830000652076657273696F6E20352E332E3000F8B500BFF8BC08BC9E467047F8B500BFD3
:20832000F8BC08BC9E4670475FF800F0790000205FF800F0810600205FF800F001000020F4
:208340005FF800F0B50100205FF800F0290200205FF800F0190300205FF800F089040020F7
:208360005FF800F0ED040020010C00030400030300040000010700FF000000000000000080
:208380000000000000000000000000000000000000000000000000000000000000000000DD
:2083A000000000000000FFFFDFDF0000000000000000000000000000000000000000000001
:2083C00000000000404B4C0000000000A025260001021100D10A00000000000084830000E5
:2083E00000000000000000000000000000000000010D010E20450020E0830000848600006E
:20840000060803030101000000000000000000000000000000000000000000010000000045
:2084200000090A0B0C03030303000000010000000000000000000000450A000000000000B6
:208440001484000000010000580700200F00FFFF00000000FFFF00000002000001050106EA
:208460000107010800000000000000009D0C00000000000044840000000000006C070020E7
:208480008C0700200000000020000000000000000000000000000000000000005C07002086
:2084A000190300000000000078840000020001020000010400010000000001040101000092
:2084C000040000000601000004000000070100000000010008010000000401060901000066
:2084E000000401060A010000000001060B010000050000000C010000040000000D0100002F
:20850000000001030502000004000000060200000400000007020000050000000802000028
:20852000000001000C020000000001000D020000000001000003000004000000030300000E
:208540000400000004030000050000000004000000000110010400000000011002040000DA
:208560000400000007040000040000000005000018000000B084000000000000A100A40052
:20858000A500A200A3008001810182018301C401C501C801C70131003000EA000400CF00AD
:2085A0000000000000000000000000000000000000000000000000000000000000000000BB
:2085C00000000000000000000000000000000000000000000000000000000000000000009B
:2085E00000000000000000000000000000000000000000000000000000000000000000007B
:2086000000000000000000000000000000000000000000000000000000000000000000005A
:2086200000000000000000000000000000000000000000000000000000000000FFFF00FF3D
:20864000010203FF020403040404FFFF00000000FFFF000000200000800000000000010063
:20866000FFFF07000080000080000000020000004C86000000000008FF1F000840000000B3
:2086800004000000B55F000055600000AB6000002B610000D5620000116300009D610000CD
:2086A0000162000027620000D961000049620000B76200006562000095620000756300003A
:2086C00036E0014038E0014090E4014032E0014080E401402AE001404AE001400100020084
:2086E000080010000000000080B584B000AF0023FB6000237B60194BB3F884309BB23B6023
:208700004FF49643BB60154B4FF42A42A3F8842008E0BB68002B02D14FF4FA73FB60BB689D
:20872000013BBB600D4BB3F884309BB2002BF0D13B68012B06D1094B4DF60112A3F84420A3
:2087400000F066FB7B6840F2F512934201D17B68FB60FB6818461037BD4680BD00E07F40E0
:2087600080B584B000AF78607B685B681B78002B0DD07B685B6893F91130184600F04CFBC0
:208780007B685B6893F91330184600F045FB124BB3F884309BB2002B02D1786800F040FBC4
:2087A00000F01CF8F86000F049F8B860FB68002B01D1BB68FB60FFF797FFB860FB68002B04
:2087C00001D1BB68FB607B68002283F83420FB6818461037BD4680BD00E07F4080B483B027
:2087E00000AF4FF496437B60124BB3221A7007E07B68002B01D1142315E07B68013B7B602A
:208800000D4BD3F88030C3F3C033DBB2012BEFD1094B1B7CC3F30013DBB2002B02D040F2F3
:20882000F51300E0002318460C37BD465DF8047B704700BF00007E4000E07F4080B483B07B
:2088400000AF4FF496437B60124B50221A7007E07B68002B01D1142315E07B68013B7B602C
:208860000D4BD3F88030C3F3C033DBB2012BEFD1094B1B7CC3F30013DBB2002B02D040F293
:20888000F51300E0002318460C37BD465DF8047B704700BF00007E4000E07F4080B485B019
:2088A00000AFF860B9607A60174AFB689B6A1363164B20221A70154BD0221A70FB689A6A0F
:2088C000BB681A44FB689A62FB681B6B5A1EFB681A637B68002B10D007E07B68002B01D1C2
:2088E00014230BE07B68013B7B60074BD3F88030C3F3C033DBB2012BEFD1002318461437A1
:20890000BD465DF8047B704700E07F4000007E4080B586B000AFF860B9607A607B68002BF9
:2089200006D1FB685B6893F91130184600F074FA314AFB68DB6A1363304BE8221A70BB68E6
:208940005A082E4BD2B21A7000237B612AE0FB681B693B61FB689B6A1A46284B12881A8033
:2089600006E03B695A1E3A61002B01D114233EE0214BD3F88030C3F38023DBB2012BF0D04F
:20898000FB689B6A9A1CFB689A62FB68DB6A9A1CFB68DA62FB681B6B5A1EFB681A637B6938
:2089A00001337B61BB685B087A699A42CFD3134BD0221A707B68002B11D007E07B68002B02
:2089C00001D1142313E07B68013B7B600A4BD3F88030C3F3C033DBB2012BEFD106E0FB6866
:2089E0005B6893F91130184600F01EFA002318461837BD4680BD00BF00E07F4000007E4055
:208A000080B586B000AFF860B9607A6000237B61174B1B7CC3F30013DBB2012B0FD1144B38
:208A2000D3F88030C3F38033DBB2012B04D1104B1B7C0F4B00221A7440F2F5137B610C4B5B
:208A4000D3F88020BB681340002B01D07B687B61FB68002B01D0FB687B617B69002B01D0FC
:208A6000FFF7BCFE7B6918461837BD4680BD00BF00E07F4080B485B000AF786039607B68AB
:208A80009B69BB60194A3B681363194B40221A70174B08221A700023FB6008E0144A1549B3
:208AA000FB6831F813301380FB680133FB60FB68072BF3D90E4BD0221A7007E0BB68002BF7
:208AC00001D114230BE0BB68013BBB60074BD3F88030C3F3C033DBB2012BEFD100231846B8
:208AE0001437BD465DF8047B704700BF00E07F4000007E408C08002080B485B000AFF8605D
:208B0000B9607A60194B4FF6FF721A80174B4FF6FF725A807B689AB2FB689BB2DB039BB2B2
:208B200013439BB243F4F0439AB2104BDA80BB689BB26FEA43536FEA53539AB20B4B9A800D
:208B40000A4B4FF6FF721A81084B4FF6FF725A81064B4FF6FF729A81044B4FF6FF72DA8109
:208B600000BF1437BD465DF8047B70478C08002080B584B000AF78600023FB60786800F06B
:208B80007BF8F860FB68002B10D0FB681EE07B689B681A4680217868FFF7BAFEF860182234
:208BA0004FF4A041F868FFF72BFFF8607B681B6B002B02D0FB68002BE9D0FFF795FDB8606C
:208BC000FB68002B01D1BB68FB60FB6818461037BD4680BD80B588B000AFF860B9607A6008
:208BE0000023FB61FB68BA689A62FB687A681A63F86800F041F8F861FB69002B01D0FB690D
:208C000033E01C4B0122A3F8E0201EE0FB689B6AB3F5803F06D2FB68DB69BB614FF400531E
:208C20007B6105E0FB681B6ABB614FF400437B61BA697969F868FFF731FEF86119224FF4AC
:208C4000C041F869FFF7DCFEF861FB681B6B002B02D0FB69002BD9D0FFF746FD3861FB6935
:208C6000002B01D13B69FB61FB6918462037BD4680BD00BF00E07F4080B584B000AF786050
:208C80000023FB604FF49643BB607B685B681B78002B0DD07B685B6893F91130184600F01D
:208CA000BBF87B685B6893F91330184600F0B4F80F4B4FF45942A3F844200D4B4AF60122A0
:208CC000A3F8842008E0BB68002B02D14FF4FA7309E0BB68013BBB60054BB3F884309BB23D
:208CE000012BF0D1FB6818461037BD4680BD00BF00E07F4080B588B000AFF860B9607A607A
:208D0000174BD3F8DC30C3F3C073DBB2BB61F868FFF7B2FFF861FB69002B01D0FB691BE069
:208D2000BB68590B7B685B0B1A46B869FFF7E4FE0C49F868FFF79EFEF86118220021F869AE
:208D4000FFF75EFEF861FFF7CFFC7861FB69002B01D17B69FB61FB6918462037BD4680BDD4
:208D600000E07F4030A1000180B584B000AF78600B46FB701346BB707868FFF77DFFF860A8
:208D8000FB68002B01D0FB6832E0BB78002B08D0FB789BB2184A43F4CC439BB2A2F8E83062
:208DA0001DE01022FF21154800F02EF8FB789BB203F001039BB2002B02D14FF6FF7201E058
:208DC00047F6FF720D4BDA800D497868FFF752FEF86018220021F868FFF712FEF860FFF750
:208DE00083FCB860FB68002B01D1BB68FB60FB6818461037BD4680BD00E07F408C08002063
:208E000030A10001000000005FF800F0958200005FF800F0A15D00005FF800F03D5F0000FA
:208E20005FF800F0CD6800005FF800F0DD5E0000010000000010000000100000000004000F
:208E40004000020005000000060000000300000003000000FFFFFF1FFFFFFF1F0000000087
:208E600000000000000000000000000000000000000000000000000000000100FA070000F0
:208E800000000000FB07000000000000FC07000000000000000000000000010000000000CC
:208EA0000000010000000000000001000000000000000100000000000000000000000000AF
:208EC000000000000000000000000000000000000000000000000000000000000000000092
:208EE000000000000000000000000000000000000000000000000000000000000000000072
:208F0000000000000000000000000000000000000000000000000000000000000000000051
:208F2000000000000000000000000000000000000000000000000000000000000000000031
:208F4000000000000000000000000000000000000000000000000000000000000000000011
:208F60000000000000000000000000000000000000000000FFFF00000000000000000000F3
:148F80000000000001000000748600002D02000005020000AC
:020000040001F9
:2000000038F60020E9480200E945020065050100F9480200F9480200F9480200F9480200B8
:2000200000000000000000000000000011D50100F9480200000000004DD50100BDD50100E0
:20004000DF350200D736020081370200D7360200813702000BF90100ABF8010089F90100CC
:20006000D1F90100D7E4010023E50100A1E5010039E60100F3EE01001BEE0100BFEF0100AE
:2000800017F00100BD230200212302004918020049180200B1010200FD0D020000000000AA
:2000A000000000000000000000000000000000000000000000000000000000000000000040
:2000C000000000000000000000000000000000000000000000000000000000000000000020
:2000E000000000000000000000000000000000000000000000000000000000000000000000
:200100000000000000000000000000000000000000000000000000000000000000000000DF
:200120000000000000000000000000000000000000000000000000000000000000000000BF
:2001400000000000000000000000000000000000000000000000000000000000000000009F
:2001600000000000000000000000000000000000000000000000000000000000000000007F
:2001800000000000000000000000000000000000000000000000000000000000000000005F
:2001A00000000000000000000000000000000000000000000000000000000000000000003F
:2001C0000348044B834202D0034B03B118477047D00A0020D00A002000000000064B074941
:2001E000C91A891048BF0131491003D0044B0BB101481847704700BFD00A0020D00A002001
:200200000000000010B5064C237843B9FFF7D8FF044B13B10448AFF300800123237010BD5E
:20022000280B00200000000034AE020008B5054B1BB105490548AFF30080BDE80840FFF70E
:20024000CDBF00BF000000002C0B002034AE020080B586B000AF43F608033B6000237B6021
:200260000023BB600023FB6000233B820023BB740023FB740A490B4813F036FC0346FB756A
:20028000FB7D002B06D13B461946064813F08AFC0346FB75FB7D18461837BD4680BD00BF50
:2002A000BC9B02003047002080B586B000AF01233B712A4813F08EFC38613B69002B01D02C
:2002C000274B43E00023FB750EE03B1D1946234813F0A3FC38613B69002B02D13B79002B2A
:2002E00006D0FB7D0133FB75FB7D052BEDD900E000BF3B79002B04D0184813F07DFC184B0D
:2003000024E0BB1D1A460321144813F09DFC134813F072FCFB8807EE903AF8EEE77A9FEDA4
:20032000117A27EE877ADFED106AC7EE267AC7ED037AD7ED037A9FED0D7A37EEC77AF2EEB6
:20034000046AC7EE267AC7ED027ABB6807EE903AB0EE670A1837BD4680BD00BF30470020D4
:2003600000C079C400803B4500F07F450000FA4380B582B000AF1649164812F03DFB034639
:20038000FB71FB79002B01D0FB791CE000220021104812F055FB0346FB71FB79002B01D0FF
:2003A000FB7910E00C490D4812F07AFE0346FB71FB79002B03D10A4B01221A7002E0084B56
:2003C00000221A70FB7918460837BD4680BD00BF0499020078450020989B02000847002041
:2003E000440B002080B584B000AF786039600023FB73074B00229A703A687968054812F024
:2004000099FF0346FB73FB7B18461037BD4680BD440B00200847002080B483B000AF786066
:200420007B68002B06D0064B1B78002B02D0044A7B68936000BF0C37BD465DF8047B704743
:20044000440B002080B483B000AF0346FB71FB79002B14BF01230023DAB2044B5A7000BF45
:200460000C37BD465DF8047B704700BF440B002080B588B000AF786007F10C0300221A60E6
:200480005A609A60DA601A617B689B88B3F5804F59D0B3F5804F5BDCB3F5005F53D0B3F5CD
:2004A000005F55DCB3F5805F4DD0B3F5805F4FDCB3F5006F29D0B3F5006F49DCB3F5806F73
:2004C00027D0B3F5806F43DCB3F5007F3BD0B3F5007F3DDCB3F5807F35D0B3F5807F37DC97
:2004E000202B0FDC022B33DB023B1C4A22FA03F303F00103002B14BF01230023DBB2002BE2
:2005000021D125E0802B1ED022E0154B01229A701FE0134B01225A707B6803F1140107F18E
:200520000C031422184617F061FE0D4B9B6807F10C02104698477B6814331422002118463D
:2005400017F044FE05E07B689A88054B9A8000E000BF00BF2037BD4680BD00BF4540004085
:20056000440B002080B400AF1EF0040F0CBFEFF30880EFF3098000F005B800BFBD465DF8A4
:20058000047B704780B483B000AF78601C4B1D4A1A607B681B681A4A53617B685B68184A69
:2005A00093617B689B68164AD3617B68DB68144A13627B681B69124A53627B685B69104A5B
:2005C00093607B689B690E4A53607B68DB690C4A13616B460A4AD3600B4BDB6A084A93622B
:2005E000094B9B6A064AD362074B5B6B044A1363054B9B6B024A536300BE00BFFDE700BFC9
:20060000D00A0020EFBEADDE00ED00E080B582B000AF0549054810F0E5F878607B68DBB205
:2006200018460837BD4680BD2C9D02008845002080B584B000AF03460A46FB8013467B71B4
:200640007A79FB881946054810F0F4F8F860FB68DBB218461037BD4680BD00BF88450020B3
:2006600080B584B000AF0346FB71FA79114913465B0013440B441B781BB21B0219B2FA79CB
:200680000C4813465B001344034401331B781BB20B431BB29BB2FB81FB899BB2064A1946BC
:2006A000064810F0B3F8044B1B7818461037BD4680BD00BFCC980200500B002088450020ED
:2006C00080B582B000AF0023FB71084B9B681B68064A126805494968104698470346FB71E9
:2006E000FB7918460837BD4680BD00BFB09A020090B587B000AF786039600023FB7572B647
:2007000000BF154B9B689B68134A10683A687968984738613B69002B02D0FB7D0133FB7527
:200720000D4B9B68DC680C4B186807F10F033A687968A04738613B69002B02D1FB7B002BF3
:2007400002D0FB7D0133FB7562B600BFFB7D18461C37BD4690BD00BFB09A020090B589B0D2
:2007600000AFF860B9607A600023FB6100237B837B68DB097A6802F07F02002A01D00122A5
:2007800000E0002213447B6000237B76FB68B3F5002F03D905237B767B7E3DE072B600BFE5
:2007A0000023FB6131E0FB681D4A934224D81D4B9B685C681B4B18687B8BBA68134419461B
:2007C0008023FA68A04778617B69002B02D07B7E01337B767B7E002B08D1FB688033FB60E7
:2007E0007B8B80337B8300237B760BE005237B7662B600BF7B7E0FE005237B7662B600BF7B
:200800007B7E09E0FB690133FB61FA697B689A42C9D362B600BF7B7E18462437BD4690BD6B
:2008200080FF0700B09A020080B584B000AF786039600123FB730023BB603A687B68D31A1B
:20084000DB09BB60B9687868FFF752FF0346002B02D10023FB7301E00223FB73FB7B184631
:200860001037BD4680BDFFFF80B487B000AFF860B9607A6000237B610023FB74FB68403B1F
:20088000FB607B68DB097A6802F07F02002A01D0012200E0002213447B60FB68B3F5002F55
:2008A00003D90523FB74FB7C1DE000237B6115E0FB68104A93420AD8FA687B699B00B968E7
:2008C0000B4412681A60FB680433FB6003E00523FB74FB7C07E07B6901337B617A697B684E
:2008E0009A42E5D3FB7C18461C37BD465DF8047B704700BF80FF070080B487B000AFF860F7
:20090000B9607A6000237B610AE0BA687B691A44F9687B690B4412781A707B6901337B61FB
:200920007A697B689A42F0D300BF00BF1C37BD465DF8047B704780B487B000AFF860B96068
:200940007A6000237B610EE0FA687B6913441A78B9687B690B441B789A4201D0012307E002
:200960007B6901337B617A697B689A42ECD3002318461C37BD465DF8047B704780B582B059
:2009800000AF0023FB710849084810F083FB0346FB71064810F0B2FB0346FB71FB791846C3
:2009A0000837BD4680BD00BF689A0200F045002080B588B000AF0346FB710023FB77002317
:2009C000BB6100237B6100233B720023FB6000233B61FB79002B05D1204810F07DFB034651
:2009E000FB7736E007F1080319461C4810F039FC0346FB773B697B61FB797A6902FB03F3EF
:200A0000174AA2FB03235B09BB61144810F064FB0346FB77114810F083FB0346FB771149D0
:200A20000E4810F037FB0346FB770022B9690B4810F088FB0346FB77084B9B68BA69DA64E7
:200A4000064B9B68BA695A65044810F057FB0346FB77FB7F18462037BD4680BDF045002043
:200A60001F85EB51689A020080B58AB000AF174917480FF0E9F878627B6A002B01D00123F6
:200A800020E03B4624220021184617F09FFB1B237B601223BB600123FB6001233B617D2327
:200AA0007B610323BB613B46194609480FF0F8F878627B6A002B01D0012303E0054B0122C3
:200AC0001A70002318462837BD4680BD1899020090450020510B002080B584B000AF786058
:200AE0000D4B1B7883F00103DBB2002B02D17B68002B01D101230AE0796808480FF0D0F823
:200B0000F860FB68002B01D1002300E0022318461037BD4680BD00BF510B002090450020E0
:200B200080B584B000AF78600D4B1B7883F00103DBB2002B02D17B68002B01D101230AE0EA
:200B4000796808480FF016F9F860FB68002B01D1002300E0022318461037BD4680BD00BFD2
:200B6000510B00209045002080B582B000AF0023FB71054905480EF0B1FB0346FB71FB79F1
:200B800018460837BD4680BD549B0200DC46002080B584B000AF786039600023BB73114B0F
:200BA00000221A700A23FB7307233A6879680E480EF0F0FB0346BB7307E04FF47A71012055
:200BC00013F042FCFB7B013BFB73064B1B78DBB2002B02D1FB7B002BEFD1BB7B1846103709
:200BE000BD4680BD520B0020DC46002080B483B000AF78607B681B79012B02D1044B012220
:200C00001A7000BF0C37BD465DF8047B704700BF520B002080B582B000AF0023FB7105498B
:200C200005480CF0ABFF0346FB71FB7918460837BD4680BDFC9A02009C46002080B584B0B8
:200C400000AF786039600023BB73114B00221A700A23FB7307233A6879680E480CF0DEFFA4
:200C60000346BB7307E04FF47A71012013F0ECFBFB7B013BFB73064B1B78DBB2002B02D14E
:200C8000FB7B002BEFD1BB7B18461037BD4680BD530B00209C46002080B584B000AF786068
:200CA00039600023BB73114B00221A703223FB7307233A6879680E480CF09CFF0346BB736E
:200CC00007E04FF47A71012013F0BEFBFB7B013BFB73064B1B78DBB2002B02D1FB7B002BF2
:200CE000EFD1BB7B18461037BD4680BD530B00209C46002080B588B002AFF860B9607A6030
:200D00000023BB753223FB75072300937B68BA68F9680D480CF096FF0346BB7507E04FF40F
:200D20007A71012013F090FBFB7D013BFB75074B1B78DBB2002B02D1FB7D002BEFD1BB7DEA
:200D400018461837BD4680BD9C460020530B002080B483B000AF78607B681B79012B02D1C2
:200D6000044B01221A7000BF0C37BD465DF8047B704700BF530B002080B582B000AF002371
:200D8000FB710B490B4810F085F90346DAB2FB791344FB710849094810F07CF90346DAB2CA
:200DA000FB791344FB71FB7918460837BD4680BD0C9A0200D045002074990200A8450020B2
:200DC00080B584B000AF0346FB710023FB73FB79012B0AD10C4810F091F90346FB730B4852
:200DE00010F08CF90346FB7309E0074810F074F90346FB73054810F06FF90346FB73FB7B79
:200E000018461037BD4680BDD0450020A845002080B483B000AF786039607B68002B08D03E
:200E20003B68002B05D0064A7B681360054A3B68136000BF0C37BD465DF8047B704700BFB5
:200E4000540B0020580B002080B582B000AF7860054B1B689847054B1B680133034A136029
:200E600000BF0837BD4680BD540B00205C0B002080B582B000AF7860054B1B689847054B3E
:200E80001B680133034A136000BF0837BD4680BD580B0020600B002080B584B000AF03462E
:200EA000FB710023FB73FB79002B02D0012B1DD023E0144914480DF011FD0346FB73134BCF
:200EC0000122A3F8C022114BB3F8C0321A461049002000F089F8FB7B002B03D10B4B012241
:200EE0001A700AE0094B00221A7006E0054906480DF0F4FC0346FB7300BFFB7B184610377E
:200F0000BD4680BDD09A02006C460020640B0020670B002080B586B000AF0346B9607A60DC
:200F2000FB730023FB750023BB82FB7B002B02D0012B19D033E000237B8210E07B8ABA687E
:200F40001344012219461A480DF0CDFD0346FB750121052013F078FA7B8A01337B827B8ADF
:200F60007A689A42EAD81AE07A68B96810480DF0BAFD0346FB7507E0BB8A0533BB824FF44B
:200F80007A71052013F060FA0A4B9B7883F00103DBB2002B02D0BB8A182BEDD900BF054B1E
:200FA00000229A70FB7D18461837BD4680BD00BF6C460020640B002080B483B000AF786092
:200FC0007B68002B07D0074B1B78002B03D0054A7B68C2F8C43200BF0C37BD465DF8047B8E
:200FE000704700BF640B002080B586B000AF0346B9607A60FB730023FB75FB7B002B02D022
:20100000012B0DD019E07A68B96810480DF054FD0346FB757B689AB20D4BA3F8C0220CE07C
:201020007A68B96809480DF047FD0346FB757B689AB2074BA3F8C02200BF054B00225A7069
:20104000FB7D18461837BD4680BD00BF6C460020640B002080B400AF044B0122A3F8C02239
:2010600000BFBD465DF8047B704700BF640B002080B582B000AF78607B681B79042B20D051
:20108000042B15DC012B02D0022B0DD010E00F4B01225A700D4BD3F8C4320C4AB2F8C022F6
:2010A00011460B4898470DE0084B01229A7009E0064BB3F8C0321A4605490020FFF794FF0C
:2010C00000E000BF00BF0837BD4680BD640B0020670B002080B582B000AF0023FB710A4A19
:2010E000136923F002031361084909480CF0B6FB0346002B02D0FB790133FB71FB7918466D
:201100000837BD4680BD00BF00B00140889A02001046002080B582B000AF0023FB71074812
:201120000CF0EAFB0346002B02D0FB790133FB71FB7918460837BD4680BD00BF10460020EE
:2011400080B582B000AF0423FB71204B93F81034C3F30003DBB2002B06D01C4B002283F861
:2011600010240123FB712BE0184BB3F8C030C3F34003DBB2002B12D0144B0022A3F8C02013
:201180000023BB71BB1D194611480CF0C9FBBB7919460F480CF0D0FB0323FB7110E00B4B27
:2011A000B3F8C030C3F38003DBB2002B06D0074B0022A3F8C0200223FB7101E00423FB71D9
:2011C000FB7918460837BD4680BD00BF00E001401046002080B485B000AF0346FB71FB7927
:2011E0003A2B12D8FB795B09FB73FB7903F01F03BB73FB7B084A52F82310BB7B01229A402B
:20120000FB7B0A43044941F8232000BF1437BD465DF8047B704700BF2C0E002080B485B028
:2012200000AF0346FB71FB793A2B14D8FB795B09FB73FB7903F01F03BB73FB7B094A52F875
:201240002310BB7B012202FA03F3DA43FB7B0A40044941F8232000BF1437BD465DF8047B89
:20126000704700BF2C0E002080B485B000AF0346FB71FB793A2B15D8FB795B09FB73FB7951
:2012800003F01F03BB73FB7B0A4A52F82320BB7B22FA03F303F00103002B14BF0123002330
:2012A000DBB200E0002318461437BD465DF8047B704700BF2C0E002080B584B002AF002311
:2012C000FB712E4B019303230093002380222C492C4814F023FE2C4B019303230093002322
:2012E00080222A492A4814F019FE2A4B01930123009300234FF4C0722749284814F00EFE04
:20130000274B01930223009300234FF400722549254814F003FE254B019304230093002376
:201320004FF400722249234814F0F8FD134B1B68002B02D1FB790133FB71134B1B68002B2A
:2013400002D1FB790133FB71124B1B68002B02D1FB790133FB71124B1B68002B02D1FB7962
:201360000133FB71114B1B68002B02D1FB790133FB71FB7918460837BD4680BD90350020A6
:20138000608B020029AB01008C390020708B02006DC20100F42F0020848B02001979010092
:2013A000B8350020948B0200E9B5010038300020A88B0200B58B010080B582B000AF002329
:2013C000FB7100220121142013F096FE03462C4A5360002201210A2013F08EFE0346294A67
:2013E000536000224FF43071142013F085FE0346254A536000220121142013F07DFE0346D0
:20140000224A536000221421322013F075FE03461F4A5360042013F0FBFE03461C4A936067
:20142000174B5B68002B02D1FB790133FB71154B5B68002B02D1FB790133FB71134B5B681F
:20144000002B02D1FB790133FB710F4B5B68002B02D1FB790133FB710D4B5B68002B02D132
:20146000FB790133FB710A4B9B68002B02D1FB790133FB71FB7918460837BD4680BD00BFDE
:20148000F42F00208C390020B8350020903500203830002080B582B002AF0A4B0093002387
:2014A00001220A21084815F045FF0346074A9360064B9B68002B01D1012300E000231846E2
:2014C000BD4680BD05790100B88B0200F42F002080B582B000AF0023FB71FFF76DFF034675
:2014E000002B02D0FB790133FB71FFF7D3FF0346002B02D0FB790133FB71FFF7DDFE03469F
:20150000002B02D0FB790133FB71FB7918460837BD4680BD80B588B000AF786001233B72A4
:20152000324812F057FBF861FB69002B01D0FB6957E00023FB7614E007F1080319462B482C
:2015400012F06BFBF861FB69002B04D0274812F053FBFB6945E03B7A002B06D0FB7E0133BC
:20156000FB76FB7E052BE7D900E000BF3B7A002B31D107F10C031A460B211C4812F064FBB8
:2015800007F10C0302331A460C21184812F05CFB07F10C0304331A460D21144812F054FB50
:2015A00000237B6113E07B695B0020333B4433F8143CB3F5006F8CBF01230023D9B27B6995
:2015C0007A6813440A461A707B6901337B617B69022BE8DD01E01423FB61044812F00CFB65
:2015E000FB6918462037BD4680BD00BF304700202DE9F04385B002AF0023FB7162B600BFA7
:20160000FFF788FD0BF048FE0346002B04D1012140F20710FFF70CF8FFF77CFD03F0A8FC5A
:201620000120FFF7CDFB04F067F903461A46FB791344FB7104F0A8FE05F0E8FA012004F011
:20164000ADFD03461D46022004F0A8FD03461E46032004F0A3FD03469846042004F09EFD3B
:2016600003469946052004F099FD03461C46062004F094FD0346019300944B46424631463C
:20168000284604F0EDFE04F00BFE0948FFF742FF0346002B03D12220FFF79CFD02E022203B
:2016A000FFF7BCFD00BF0C37BD46BDE8F08300BF340E002080B485B000AF0346FB7100234D
:2016C000FB600DE00C4AFB68134493F9003097F907209A4201D1FB6807E0FB680133FB6055
:2016E000FB68272BEEDD4FF0FF3318461437BD465DF8047B704700BF4490020080B483B0C6
:2017000000AF124B1B780133DAB2104B1A700F4B1B78142B14D90D4B00221A700023FB71D9
:201720000BE0FB790A4AD25CFB7982F00102D1B2074AD154FB790133FB71FB790C2BF0D95E
:2017400000BF0C37BD465DF8047B7047A50E0020880E002080B483B000AF0346FB71FB7931
:201760000C2B01D9002302E0FB79044AD35C18460C37BD465DF8047B704700BF880E0020BE
:2017800080B489B000AFF860B9607A60FB68FB617B6800221A70FB68002B25D17B681B789A
:2017A0005A1CD1B27A6811709B00BA68134400221A6048E0F969264BA3FB0123DA08134625
:2017C0009B0013445B00CA1A7B681B78591CC8B2796808709B00B9680B441A60FB691C4ACB
:2017E000A2FB0323DB08FB61FB69002BE2D10023BB6120E0BB699B00BA6813441B687B61CF
:201800007B681B785A1EBB69D31A9B00BA681A44BB699B00B9680B4412681A607B681B7815
:201820005A1EBB69D31A9B00BA6813447A691A60BB690133BB617B681B785B08DBB21A4674
:20184000BB699342D6DB2437BD465DF8047B7047CDCCCCCC80B483B000AF0346FB710B46A8
:20186000BB7113467B717B79002B11D1FB79134AD35C5AB2BB79012101FA03F35BB2DB4378
:201880005BB213405AB2FB79D1B20C4AD1540EE0FB790A4AD35C5AB2BB79012101FA03F332
:2018A0005BB213435AB2FB79D1B2044AD15400BF0C37BD465DF8047B704700BF380E00209A
:2018C000B0B582B000AF0AF0D9FB0346FB71FB79022B19D0022B1EDC002B02D0012B07D08E
:2018E00019E04F23042100221846FFF7B3FF19E04F2404250C20FFF72DFF03461A46294635
:201900002046FFF7A7FF0DE04F23042101221846FFF7A0FF06E04F23042100221846FFF738
:2019200099FF00BF4E4B1B78FA799A4217D0FB79022B07D14B4B4FF4FA721A804A4B2822B7
:201940001A7009E0FB79002B06D1464B4FF4FA721A80454B29221A70414AFB791370414B51
:201960001B88002B17D0404B1B78184602F0E0F93C4B1B88013B9AB23A4B1A80394B1B8873
:20198000002B11D1384B1B78184602F023F9364B00221A7008E0334B00221A80292002F02E
:2019A00019F9282002F016F9FB79022B45D13520FFF75AFC0346002B19D03520FFF72EFCA2
:2019C0003620FFF751FC0346002B04D0274B4FF4FA721A800BE03720FFF746FC0346002B7D
:2019E00005D0224B00221A80272002F0F3F81F4B1B88002B13D0272002F09AF91B4B1B88D5
:201A0000013B9AB2194B1A80184B1B88002B23D1272002F0DFF83620FFF700FC1CE0372070
:201A2000FFF722FC0346002B03D0272002F080F912E0272002F0CEF80EE03520FFF7EEFB86
:201A40003620FFF7EBFB3720FFF7E8FB074B00221A80272002F0BEF800BF0837BD46B0BDB9
:201A6000C60E0020C80E0020CA0E0020CC0E002080B485B000AF396011461A460346FB716D
:201A80000B46BB7113467B710023FB813B7F063B0C2B00F2CE8001A252F823F0F51A010063
:201AA000D11A0100011B0100331C01000D1B0100DD1A0100331C0100331C0100E91A010008
:201AC000191B0100251B0100311B01003D1B0100FB795D4A32F81330FB8135E0FB795B4AB8
:201AE00032F81330FB812FE0FB79594A32F81330FB8129E0FB79574A32F81330FB8123E0E4
:201B0000FB79554A32F81330FB811DE0FB79534A32F81330FB8117E0FB79514A32F813305F
:201B2000FB8111E0FB794F4A32F81330FB810BE0FB794D4A32F81330FB8105E0FB794B4A75
:201B400032F81330FB8100BF3A7EBB799A4272D23B68002B71D000237B7365E0FA897B7BF3
:201B600042FA03F303F00103002B2CD03B7E7A7903FB02F27B7B13445B003A6813441B7843
:201B80001A463B4B9B5C5AB23B7E797903FB01F17B7B0B445B0039680B445B7819460123DB
:201BA0008B405BB2134359B23B7E7A7903FB02F27B7B13445B003A6813441B781A46C9B23F
:201BC0002B4B99542DE03B7E7A7903FB02F27B7B13445B003A6813441B781A46244B9B5CFD
:201BE0005AB23B7E797903FB01F17B7B0B445B0039680B445B78194601238B405BB2DB4362
:201C00005BB2134059B23B7E7A7903FB02F27B7B13445B003A6813441B781A46C9B2144B4D
:201C200099547B7B01337B737A7B7B799A4295D304E000BF02E000BF00E000BF1437BD4641
:201C40005DF8047B704700BF648F02007C8F0200948F0200E48F0200EC8F0200F48F02009C
:201C60000490020038900200289002001C900200380E002080B58AB002AF0346FB710B4610
:201C8000BB7113467B7107F1100300221A605A609A60DA600023FB73FB7907F10F0207F138
:201CA00010011846FFF76CFDFB7B012B11D14B23002100221846FFF7CDFD3B69D8B20723AB
:201CC00001930023009307230A223849FFF7D0FE10E04B23002101221846FFF7BBFD7B698D
:201CE000D8B2072301930023009307230A222F49FFF7BEFE4A23002101221846FFF7AAFDBA
:201D000007F1100310220021184616F05FFABB7907F10F0207F110011846FFF731FDFB7B6A
:201D2000012B16D13B69D8B2072301930223009307230A221D49FFF79BFE7B69D8B2072309
:201D400001930123009307230A221849FFF790FE15E03B69D8B2072301930123009307233B
:201D60000A221249FFF784FE7B69D8B2072301930223009307230A220C49FFF779FE7B7974
:201D8000002B06D14723072101221846FFF762FD08E07B79012B05D14723062101221846E9
:201DA000FFF758FD00BF2037BD4680BD6C90020080B582B000AF03460A46FB711346BB71E4
:201DC000FB79002B0FD0FB79142B0CD84823002101221846FFF73EFD47200121BB791A4693
:201DE000FFF738FDB6E0FB79142B15D9FB792D2B12D84823002101221846FFF72BFD472336
:201E0000012101221846FFF725FD48200521BB791A46FFF71FFD9DE0FB792D2B1BD9FB7922
:201E20004B2B18D84823002101221846FFF712FD4723012101221846FFF70CFD482305218D
:201E400001221846FFF706FD48200121BB791A46FFF700FD7EE0FB794B2B21D9FB795F2BB7
:201E60001ED84823002101221846FFF7F3FC4723012101221846FFF7EDFC482305210122DA
:201E80001846FFF7E7FC4823012101221846FFF7E1FC48200421BB791A46FFF7DBFC59E003
:201EA000FB795F2B27D9FB79632B24D84823002101221846FFF7CEFC47230121012218464C
:201EC000FFF7C8FC4823052101221846FFF7C2FC4823012101221846FFF7BCFC4823042136
:201EE00001221846FFF7B6FC47200021BB791A46FFF7B0FC2EE0FB79632B24D9482304215E
:201F000001221846FFF7A6FC4823012101221846FFF7A0FC4823052101221846FFF79AFC6A
:201F20004723012101221846FFF794FC4823002101221846FFF78EFC472300210122184675
:201F4000FFF788FC06E048200021BB791A46FFF781FCFFE700BF0837BD4680BD80B58CB0FC
:201F600002AF0346FB710B46BB7113467B7107F10C0300221A605A609A60DA601A615A6172
:201F80000023FB72002387F82730FB7907F10B0207F10C011846FFF7F3FB7B79002B06D003
:201FA0000420FFF7D7FB034687F8273002E0012387F8273097F82720FB7911461846FFF745
:201FC000F7FEBB79002B40F0BD8097F82730002B56D1FB7A012B1AD14E230021002218466A
:201FE000FFF738FC072301930423009307230A2256490A20FFF73CFD07230193032300937A
:2020000007230A2251490A20FFF732FD94E0FB7A022B1AD14E23002100221846FFF71AFC62
:20202000072301930323009307230A2247490A20FFF71EFD072301930423009307230A223A
:2020400042490A20FFF714FD76E04E23002100221846FFF7FFFB07230193032300930723CB
:202060000A223A490A20FFF703FD072301930423009307230A2235490A20FFF7F9FC5BE0F5
:20208000FB7A012B1CD14E23002100221846FFF7E1FBFB68D8B2072301930423009307233F
:2020A0000A222A49FFF7E4FC3B69D8B2072301930323009307230A222449FFF7D9FC3BE05D
:2020C000FB7A022B1CD14E23002100221846FFF7C1FBFB68D8B2072301930323009307231F
:2020E0000A221A49FFF7C4FC3B69D8B2072301930423009307230A221449FFF7B9FC1BE09C
:202100004E23002101221846FFF7A4FB3B69D8B2072301930323009307230A220B49FFF7D2
:20212000A7FC7B69D8B2072301930423009307230A220649FFF79CFC4523042101221846D5
:20214000FFF788FB00BF2837BD4680BD6C90020080B483B000AF0346FB80FB88642B02D9E3
:20216000FB88742B05D9FB88772B04D9FB887E2B01D8012300E0002303F00103DBB218464F
:202180000C37BD465DF8047B7047FFFF80B483B000AF0346FB71FB79042B17D801A252F826
:2021A00023F000BFB9210100BD210100C1210100C5210100C9210100012308E0022306E0C7
:2021C000032304E0042302E0052300E0052318460C37BD465DF8047B704700BFB0B586B033
:2021E00000AF0023FB8200237B7504233B750023FB740023BB7400237B7470E07B7C18460B
:2022000008F000F80346FB80FB88002B61D0FB881846FFF79DFF0346002B15D09D4B1B78E4
:20222000012B0CD19C4B1B78012B05D99A4B02221A700123BB7407E00023BB7404E0954B2E
:2022400001221A700023BB740023FB603DE09349FA6813465B0013445B000B441B88FA88CC
:202260009A422FD18D49FA6813465B0013445B000B4402331B783A7D9A422CD3884B012245
:202280001A708649FA6813465B0013445B000B4402331B783B75FB88FB828049FA681346D2
:2022A0005B0013445B000B4403331B78FB747B49FA6813465B0013445B000B4404331B78E5
:2022C0007B7508E0FB680133FB60FB687F2BBED902E000BF00E000BF7B7C01337B747B7C3F
:2022E000042B8BD9FB7C002B02D16D4B00221A706B4B1B78002B00F0C880664B1B78002B57
:2023000005D0BB7C002B02D02323FB740BE0614B1B78002B07D0BB7C83F00103DBB2002B6D
:2023200001D02023FB740524002507F0ABFD03461A4629462046FFF78DFAFB8A002B00F092
:202340009F80FB7C002B00F09B803B7D1846FFF71DFF03467B727B7A013B52497A7A01F89A
:2023600013207B7A013B4F4A5B001344FA7C5A700023FB720023BB720FE0BB7A494A12F8CD
:202380001330002B06D0BB7A464A5B0013445B78FB7205E0BB7A0133BB72BB7A042BECD99E
:2023A000FB7A002B54D0FB7A9AB27B7A1146184601F03CFC0346FB7201F072FCFB7A203BE0
:2023C000062B42D801A252F823F000BFE9230100F723010005240100132401002124010023
:2023E0002F2401003D2401000F230C222E492F4802F050F82AE000232E2200212C4802F09B
:2024000049F823E00F230E222A492B4802F042F81CE00F2308222949294802F03BF815E0AF
:202420000C230E222749284802F034F80EE00D230A222649264802F02DF807E00A230822C3
:202440002449254802F026F800E000BF02F036FD7B7D002B18D07B7D012B02D0022B07D0C9
:202460000DE02423072101221846FFF7F3F906E00523002101221846FFF7ECF900BF03E070
:20248000074B00221A7000E000BF00BF1837BD46B0BD00BFB10E0020B20E0020648C0200B1
:2024A000AA0E0020980E0020A4940200B4940200C0940200F09402000095020010950200E0
:2024C0002095020028950200349502004495020054950200609502006C950200B0B500AFE7
:2024E0000D20FEF79BFE0E20FEF798FE0F20FEF795FE07F049FC0346012B08D10120FFF710
:2025000029F90346002B02D00D20FEF763FE07F09DFC0346012B13D10220FFF71BF9034672
:20252000002B02D00E20FEF755FE242407250E20FEF79AFE03461A4629462046FFF78AF902
:2025400007F092FC0346012B13D10320FFF702F90346002B02D00F20FEF73CFE2424072571
:202560000F20FEF781FE03461A4629462046FFF771F907F0FBFB0346012B0BD107F004FCA5
:202580000346002B06D11E2001F0D2FB0D20FEF721FE11E007F0F8FB0346012B03D11F2050
:2025A00001F0C6FB08E01E2001F014FB1F2001F011FB0D20FEF732FE052402250D20FEF743
:2025C00053FE03461A4629462046FFF743F9FFF705FE07F03BFC0346012B09D1042001F06F
:2025E000A7FB4F23052101221846FFF733F905E0042001F0EFFA0E20FEF710FE07F034FCC3
:202600000346012B03D1032001F092FB05E0032001F0E0FA0F20FEF701FE4F2406250F200D
:20262000FEF722FE03461A4629462046FFF712F900BFB0BD80B58CB002AF03463960FB716A
:202640001346BB7107F10C0300221A605A609A60DA601A615A610023FB72002387F82730A5
:202660003B68AB4AA2FB0323DB083B6007F10B0207F10C0319463868FFF782F80A230321B5
:2026800000221846FFF7E6F80923032100221846FFF7E0F80823032100221846FFF7DAF8B1
:2026A0000723032100221846FFF7D4F80623032100221846FFF7CEF8BB79002B0CD00520A1
:2026C000FFF748F8034687F8273097F82730002B05D10A23FB7202E0012387F82730FB79D4
:2026E000032B4AD801A252F823F000BFFD2601000D2701002B270100492701000A20032160
:2027000097F827301A46FFF7A5F837E00920032197F827301A46FFF79DF80820032197F8D0
:2027200027301A46FFF796F828E00920032197F827301A46FFF78EF80720032197F8273016
:202740001A46FFF787F819E00A23032101221846FFF780F80923032101221846FFF77AF832
:202760000823032101221846FFF774F80723032101221846FFF76EF800E000BF0620032113
:2027800097F827301A46FFF765F8FB7A012B3DD13E23002100221846FFF75CF8FB68D8B2B8
:2027A000072301930923009307230A225949FFF75FF93B69D8B20723019308230093072382
:2027C0000A225449FFF754F97B69D8B2072301930723009307230A224E49FFF749F9BB69BB
:2027E000D8B2072301930623009307230A224949FFF73EF9FB69D8B2072301930523009359
:2028000007230A224349FFF733F980E1FB7A022B3DD13E23002100221846FFF71BF8FB6835
:20282000D8B2072301930823009307230A223949FFF71EF93B69D8B2072301930923009302
:2028400007230A223349FFF713F97B69D8B2072301930723009307230A222E49FFF708F9F7
:20286000BB69D8B2072301930623009307230A222849FFF7FDF8FB69D8B2072301930523AA
:20288000009307230A222349FFF7F2F83FE1FB7A032B41D13E23002100221846FEF7DAFF5E
:2028A000FB68D8B2072301930723009307230A221849FFF7DDF83B69D8B207230193082317
:2028C000009307230A221349FFF7D2F87B69D8B2072301930923009307230A220D49FFF766
:2028E000C7F8BB69D8B2072301930623009307230A220849FFF7BCF8FB69D8B207230193F4
:202900000523009307230A220249FFF7B1F8FEE0CDCCCCCC6C900200FB7A042B3DD13E239C
:20292000002100221846FEF795FFFB68D8B2072301930623009307230A227A49FFF798F867
:202940003B69D8B2072301930723009307230A227449FFF78DF87B69D8B2072301930823E9
:20296000009307230A226F49FFF782F8BB69D8B2072301930923009307230A226949FFF71D
:2029800077F8FB69D8B2072301930523009307230A226449FFF76CF8B9E0FB7A052B3DD1B8
:2029A0003E23002100221846FEF754FFFB68D8B2072301930523009307230A225949FFF779
:2029C00057F83B69D8B2072301930623009307230A225449FFF74CF87B69D8B207230193A7
:2029E0000723009307230A224E49FFF741F8BB69D8B2072301930823009307230A224949EC
:202A0000FFF736F8FB69D8B2072301930923009307230A224349FFF72BF878E0FB7A062B2E
:202A20003DD13E23002101221846FEF713FF3B69D8B2072301930523009307230A223949FF
:202A4000FFF716F87B69D8B2072301930623009307230A223349FFF70BF8BB69D8B20723E7
:202A600001930723009307230A222E49FFF700F8FB69D8B2072301930823009307230A228A
:202A80002849FEF7F5FF3B6AD8B2072301930923009307230A222349FEF7EAFF37E03E2318
:202AA000002100221846FEF7D5FE072301930523009307230A221B490A20FEF7D9FF072359
:202AC00001930623009307230A2216490A20FEF7CFFF072301930723009307230A221149D9
:202AE0000A20FEF7C5FF072301930823009307230A220C490A20FEF7BBFF07230193092309
:202B0000009307230A2207490A20FEF7B1FF3E23042101221846FEF79DFE00BF2837BD46F5
:202B200080BD00BF6C90020080B584B002AF0346FB711020FEF74EFB3E2305210122184656
:202B4000FEF788FEFB79013B052B00F2728101A252F823F06D2B0100CF2B0100452C01002F
:202B6000712D0100BB2C0100332E01000B2001F031F80C2001F02EF8062301930023009371
:202B800006230122AD490020FEF772FF082301930023009308230122A9490020FEF768FF3C
:202BA0000A230193002300930A230122A5490020FEF75EFF0B23042101221846FEF74AFEDD
:202BC0000523042101221846FEF744FE32E10B2001F000F80C2000F0FDFF062301930023D1
:202BE00000930623012295490120FEF741FF08230193002300930823012291490120FEF70F
:202C000037FF0A230193002300930A2302228D490120FEF72DFF0A230193012300930A23F9
:202C2000022288490420FEF723FF0423002101221846FEF70FFE0B23042101221846FEF7D0
:202C400009FEF7E00B2000F0C5FF0C2000F0C2FF062301930023009306230122774901203A
:202C6000FEF706FF08230193002300930823012273490220FEF7FCFE0A2301930023009353
:202C80000A2302226F490220FEF7F2FE0A230193012300930A2302226A490520FEF7E8FEA8
:202CA0000B23042101221846FEF7D4FD0423042101221846FEF7CEFDBCE00620FEF74AFDEF
:202CC0000346002B03D01020FEF784FA02E01020FEF7A4FA062301930023009306230122A6
:202CE00056490220FEF7C4FE08230193002300930823012252490320FEF7BAFE0A2301936D
:202D0000002300930A2302224E490320FEF7B0FE0A230193012300930A23022249490620CE
:202D2000FEF7A6FE1020FEF79FFA0346002B06D03E23012101221846FEF78CFD05E03E232A
:202D4000012100221846FEF785FD0B23042101221846FEF77FFD3E23022101221846FEF71B
:202D600079FD0B2000F036FF0C2000F0E1FF61E00620FEF7EFFC0346002B03D01020FEF7DE
:202D800029FA02E01020FEF749FA06230193002300930623012229490220FEF769FE0823EC
:202DA0000193002300930823012225490320FEF75FFE0A230193002300930A230222214966
:202DC0000320FEF755FE0A230193012300930A2302221C490620FEF74BFE1020FEF744FA93
:202DE0000346002B06D03E23072101221846FEF731FD05E03E23072100221846FEF72AFD52
:202E00000B23042101221846FEF724FD3E23022101221846FEF71EFD3E23062101221846AA
:202E2000FEF718FD0C2000F0D5FE0B2000F080FF00E000BF00BF0837BD4680BD509102003F
:202E40005C9102006C91020080B58CB002AF786007F1100300221A605A609A60DA601A617A
:202E60005A610023FB7307F10F0207F1100319467868FEF785FCFB7B012B1CD14623002124
:202E800000221846FEF7E6FC3B69D8B20B230193032300930B2304222A49FEF7E9FD7B69AC
:202EA000D8B20B230193022300930B2304222549FEF7DEFD3BE0FB7B022B1CD14623002147
:202EC00000221846FEF7C6FC3B69D8B20B230193022300930B2304221A49FEF7C9FD7B69BD
:202EE000D8B20B230193032300930B2304221549FEF7BEFD1BE04623002101221846FEF770
:202F0000A9FC7B69D8B20B230193022300930B2304220C49FEF7ACFDBB69D8B20B2301936D
:202F2000032300930B2304220649FEF7A1FD4723052101221846FEF78DFC00BF2837BD46F2
:202F400080BD00BFF890020080B58CB002AF0346FB800B467B7113463B7107F10C0300229A
:202F60001A605A609A60DA601A615A610023FB72002387F827307B79002B05D1FB88614A07
:202F8000A2FB03235B09FB80FB8807F10B0207F10C011846FEF7F4FB3B79012B0CD10520DE
:202FA000FEF7D8FB034687F8273097F82730002B05D10423FB7202E0012387F82730FB7A5E
:202FC000013B032B7CD801A252F823F0DD2F010017300100513001008B3001004323072112
:202FE00000221846FEF736FCFB68D8B20B230193012300930B2304224349FEF739FD3B6915
:20300000D8B20B230193002300930B2304223E49FEF72EFD55E04323072100221846FEF77B
:2030200019FCFB68D8B20B230193002300930B2304223549FEF71CFD3B69D8B20B23019346
:20304000012300930B2304222F49FEF711FD38E04323072101221846FEF7FCFB3B69D8B2A9
:203060000B230193002300930B2304222649FEF7FFFC7B69D8B20B230193012300930B2310
:2030800004222149FEF7F4FC1BE04323072100221846FEF7DFFB0B230193002300930B233D
:2030A000042219490A20FEF7E3FC0B230193012300930B23042214490A20FEF7D9FC00E08C
:2030C00000BF7B79002B0DD14120032197F827301A46FEF7BFFB4023072100221846FEF7BA
:2030E000B9FB0BE04123032100221846FEF7B2FB4023072101221846FEF7ACFB00BF2837C1
:20310000BD4680BD1F85EB51F8900200B0B58AB000AF0346FB71474B07F10C041D460FCD29
:203120000FC42B68238006F005FE0346022B7DD1002387F827301CE097F8273028333B4414
:2031400013F81C3C1A463C4B13F8120097F8273028333B4413F81C3C374A5B0013445B78DF
:2031600000221946FEF776FB97F82730013387F8273097F82730112BDED9FB790A2B0CD119
:203180004423032100221846FEF764FB3E23032100221846FEF75EFB48E0442303210122A7
:2031A0001846FEF757FB3E23032101221846FEF751FBFB79092B38D8FA7913461B0113442C
:2031C0001E4A13443B621123FB77002387F826301CE097F826303A6A134493F900301A46FD
:2031E000154B13F8120097F826303A6A134493F90030114A5B0013445B7801221946FEF75F
:2032000029FB97F82630013387F8263097F82620FB7F9A420AD297F826303A6A134493F929
:203220000030B3F1FF3FD4D100E000BF2837BD46B0BD00BF74950200C88B02002098020090
:20324000B0B584B000AF0346FB711220FDF7E6FF1320FDF7E3FF1120FDF7E0FF172000F032
:20326000B9FC182000F0B6FC192000F0B3FC1A2000F0B0FC1B2000F0ADFC06F041FD0346C0
:203280007B730B23072101221846FEF7E3FA4F23072101221846FEF7DDFA472304210122FE
:2032A0001846FEF7D7FA03F049F903461C4603F089F903461D4603F0C1F903461A46294624
:2032C0002046FEF7D7FCFB79032B02D0FB79042B06D1FB790133DBB21846FFF725FC05E043
:2032E00006F01AFD03461846FFF71EFC06F092FD03463B737B7B052B03D80720FDF76AFF09
:2033000002E00720FDF78AFF3B7B012B68D17B7B9BB2002201211846FFF716FE0720FDF702
:20332000A3FF03461A467B7B01211846FEF716FE0D2000F04FFC1D2000F04CFC0E2000F0C8
:2033400049FC4423012100221846FEF783FA482003213B7B1A46FEF77DFA4F2307210022E3
:203360001846FEF777FA4723042100221846FEF771FA3B7B012B40F0CA80D04B1B781D2BC8
:203380000CD94823072101221846FEF763FACB4B1B780133DAB2C94B1A7005E0C74B1B7851
:2033A0000133DAB2C54B1A70C44B1B78632B10D94824062506F03CFD03461A462946204656
:2033C000FEF748FA172000F0B3FCBC4B6E221A709DE0BA4B1B780133DAB2B84B1A7096E0E7
:2033E000B64B00221A7006F073FC03461C4606F099FF03461A4600212046FFF7A5FD072093
:20340000FDF732FF03461A467B7B00211846FEF7A5FDAB4B1B78002B08D106F03FFC0346CB
:20342000002219460020FFF705F970E0A44B1B78012B0ED1002006F015FC03461C46032025
:20344000FDF712FF03461A4621460120FFF7F2F85DE09B4B1B78022B0ED1012006F002FC7F
:2034600003461C460320FDF7FFFE03461A4621460220FFF7DFF84AE0914B1B78032B3AD1BC
:203480000320FDF7F1FE0346002B18D00720FEF761F90346002B03D01120FDF79BFE02E06D
:2034A0001120FDF7BBFE0B2405251120FDF7DCFE03461A4629462046FEF7CCF912E00B237E
:2034C000052101221846FEF7C5F90520FDF7CCFE0346002B03D00D2000F02AFC02E00D2016
:2034E00000F078FB06F0DAFB0346002219460020FFF7A0F80BE0724B1B78042B07D106F0EE
:20350000CDFB0346002219460020FFF793F806F0D3FB03461846FFF797FC06F06DFC0346DC
:20352000012B10D10A2000F003FC0820FEF712F90346002B03D01220FDF74CFE09E012206B
:20354000FDF76CFE05E01220FDF768FE0A2000F041FB402404251220FDF786FE03461A4666
:2035600029462046FEF776F906F09AFC0346FB720023FB730023BB73514B1B78022B00F2A0
:20358000A780FB7A042B00F29F8001A252F823F0A5350100D73501000D36010043360100A9
:2035A00079360100474B00221A700F2000F012FB122000F00FFB132000F00CFB142000F077
:2035C00009FB2A20FDF72AFE2C20FDF727FE2B20FDF724FE7CE00123FB733A4B00221A709C
:2035E000122000F0A5FB0F2000F0F4FA132000F0F1FA142000F0EEFA2B20FDF70FFE2C204A
:20360000FDF70CFE2A20FDF7E5FD61E00123BB732C4B00221A700F2000F08AFB122000F010
:20362000D9FA132000F0D6FA142000F0D3FA2A20FDF7D0FD2C20FDF7F1FD2B20FDF7EEFD70
:2036400046E00123BB731F4B00221A702A20FDF7C1FD2B20FDF7BEFD2C20FDF7DFFD122098
:2036600000F0B8FA0F2000F0B5FA132000F060FB142000F0AFFA2BE00123FB732B20FDF7B3
:20368000CDFD2A20FDF7CAFD2C20FDF7A3FD0D4B1B78FF2B05D00B4B1B780133DAB2094B94
:2036A0001A70122000F096FA0F2000F093FA132000F090FA142000F03BFB09E0CE0E002036
:2036C000AF0E0020B30E0020524B00221A7000BF514B1B78042B0DD10123BB730023FB7305
:2036E0000320FDF7C1FD0346002B03D00123FB730023BB73FB7B002B0BD0052401250B20D5
:20370000FEF728F803461A4629462046FEF7A2F805E005200121BB7B1A46FEF79BF806F047
:203720005DFB0346012B0DD10920FEF713F80346002B03D01320FDF74DFD0FE01320FDF7E7
:203740006DFD0BE006F03CFB0346012B03D11320FDF740FD02E01320FDF760FD2D20FDF793
:2037600083FD0346002B16D02C4B1B785A1CD1B22A4A1170FA2B02D801F08CFA0BE0274BA4
:203780001B78FA2B07D901F0A2FA2D20FDF746FD224B00221A70224B1B781846FFF7B6FC61
:2037A000052403251320FDF75FFD03461A4629462046FEF74FF84D24002506F0F3FA0346B9
:2037C0001A4629462046FEF745F8402405250020FDF74AFD03461A4629462046FEF73AF8F4
:2037E000402406250220FDF73FFD03461A4629462046FEF72FF8442402250120FDF734FD79
:2038000003461A4629462046FEF724F800BF1037BD46B0BDB30E0020AF0E0020B40E002003
:20382000B00E002080B487B000AF3B600346FB710B46BB711346BB80FA7913461B019B1A92
:203840009B001A46BB7913447B61BB887A6913443B613B69234AA2FB03235909224BA3FBAC
:2038600001231A0913465B001344DB00CA1A1346FB7339691B4BA3FB01235A0913461B01CE
:203880009B1A9B00CA1AD2B23B6A1A70FB7B002B06D13B680C221A707B6A00221A701BE0E2
:2038A000FB7B0C2B06D13B680C221A707B6A01221A7011E0FB7B0C2B08D9FB7B0C3BDAB2CF
:2038C0003B681A707B6A01221A7005E03B68FA7B1A707B6A00221A7000BF1C37BD465DF8A7
:2038E000047B704789888888ABAAAAAAB0B584B000AF0346FB711420FDF790FC1320FDF7F0
:203900008DFC0B23072101221846FDF7A3FF02F015FE03461C4602F055FE03461D4602F01E
:203920008DFE03461A4629462046FEF7A3F906F055FA0346012B0DD10920FDF70BFF0346E5
:20394000002B03D01320FDF745FC0FE01320FDF765FC0BE006F034FA0346012B03D11320FF
:20396000FDF738FC02E01320FDF758FC052403251320FDF779FC03461A4629462046FDF763
:2039800069FF06F047FA0346002B1BD10A20FDF7E1FE0346002B03D01420FDF71BFC02E0C3
:2039A0001420FDF73BFC482403251420FDF75CFC03461A4629462046FDF74CFF834B0022E7
:2039C0001A705EE01520FDF705FC804B1B781D2B0CD94823072101221846FDF73BFF7B4B62
:2039E0001B780133DAB2794B1A7005E0774B1B780133DAB2754B1A70744B1B78632B3AD9EF
:203A000006F016FA0346002B09D04823062101221846FDF71FFF1420FDF7DCFB27E006F032
:203A200089FB0346002B04D106F0B8FB0346002B1DD04823072100221846FDF70BFF0A2074
:203A4000FDF788FE0346002B03D01420FDF7C2FB02E01420FDF7E2FB482403251420FDF71D
:203A600003FC03461A4629462046FDF7F3FE574B6E221A7005E0554B1B780133DAB2534BB2
:203A80001A7006F03DF90346FB73FB79052B60D14F4B00221A804723022101221846FDF78C
:203AA000D9FE06F0C5F90346002B19D006F022FC0346BB73BB7BBB2B05D0BB7B002B02D06F
:203AC000BB7BAB2B05D14723032101221846FDF7C1FE4823022101221846FDF7BBFE27E07F
:203AE00006F028FB0346002B04D106F057FB0346002B1DD04823072100221846FDF7AAFE0C
:203B00000A20FDF727FE0346002B03D01420FDF761FB02E01420FDF781FB48240325142049
:203B2000FDF7A2FB03461A4629462046FDF792FEFB7B012201211846FEF710FAFB7B642BD5
:203B400003D11B2000F0F4F81CE0182000F0F0F818E0FB7B002201211846FEF7FFF91C4B0A
:203B60001B88B3F5FA7F07D3194B4FF4FF721A801A2000F0DDF805E0154B1B8801339AB28E
:203B8000134B1A8006F0C8F803461846FEF7CCFFFB7B9BB2002201211846FFF7D5F906F0F1
:203BA0008BF803461846FFF74FF94F23072100221846FDF74FFE4723042100221846FDF73F
:203BC00049FE00BF1037BD46B0BD00BFCF0E0020D00E002080B485B000AF0346FB8000236F
:203BE000FB7316E0FB7B104A5B0013445B781A46FB8893420AD1FB7B0B4A002102F8131070
:203C0000FB7B094A5B00134400225A70FB7B0133FB73FB7B042BE5D900BF00BF1437BD46F6
:203C20005DF8047B704700BF980E002080B485B000AF03460A46FB711346BB800023FB8124
:203C4000FB79013B1549FA7901F81320FB79013BBA88D1B2114A5B0013440A465A700023F8
:203C60007B7310E07B7B0D4A12F81330002B05D07B7B0A4A5B0013445B7808E00023FB8176
:203C80007B7B01337B737B7B042BEBD9FB8918461437BD465DF8047B704700BF980E0020E3
:203CA00080B588B002AF204B3B610023FB7515E02020FDF7FFFC78607B68B3F1FF3F0AD0B1
:203CC0007B68D8B20E230193FB7D00930E231C223969FDF7CDFEFB7D0133FB75FB7D0D2B0B
:203CE000E6D9124BFB600023BB7515E02020FDF7E1FCB860BB68B3F1FF3F0AD0BB68D8B250
:203D00000E230193BB7D00930E231C22F968FDF7AFFEBB7D0133BB75BB7D0D2BE6D900BF18
:203D200000BF1837BD4680BD949102001C93020090B59BB002AF0346FB80FF2387F85F3028
:203D4000AC4B1B7883F00103DBB2002B00F05383FB88DBB2292B4CDC282B42DA272B38D08F
:203D6000272B46DC1F2B44DC1E2B3EDA1D2B40DC0A2B08DA092B3CDC082B26DA052B21DCDD
:203D8000002B22DC35E01A46012393409A4A1A40002A14BF01220022D2B2002A1DD103F07F
:203DA0007862002A14BF01220022D2B2002A10D103F41C43002B14BF01230023DBB2002B05
:203DC0000FD116E0072B0CD013E0012387F85F3010E0022387F85F300CE0032387F85F3097
:203DE00008E0042387F85F3004E0052387F85F3000E000BF97F85F30FF2B00F0FC82FA88B5
:203E000097F85F3011461846FFF710FF0346FB80FFF746FFFB88DBB2013B282B00F2E482D4
:203E200001A252F823F000BFCD3E01009D3F0100B73F0100C53F0100D33F0100E94301009E
:203E4000C5400100E13F0100A9400100B7400100D3400100E1400100EF400100FD400100B5
:203E6000F7410100214201002F4201003D4201004B42010059420100BB420100C94201007F
:203E80000B41010019410100B1410100BF410100CD410100DB410100E941010005420100E7
:203EA00013420100E9430100E9430100E9430100E9430100E9430100E9430100E943010071
:203EC000D7420100CD430100DB4301003420FDF7CBF90346002B0FD007230E2247494848BF
:203EE00000F0D8FA474B01221A70474B00221A70464B00221A7079E2454B07F13C040FCB49
:203F000007C42380404B1B78062B0CD107230E223A493B4800F0BEFA3A4B01221A70342079
:203F2000FDF758F967E20023BB6509E0BB6D083360333B445F2203F8242CBB6D0133BB650A
:203F4000314B1B781A46BB6D9342EFDB07F13C010E230E222A4800F09DFA2C4B1B785A1C1C
:203F6000D1B22A4A1170322B40F24082274B00221A70284B00221A70234B1B785A1C264B53
:203F800083FB021313449910D317C91A0B46DB005B1AD11ACAB21C4B1A7027E21A4B002238
:203FA0001A701C4B00221A700A230F221B491C4800F070FA1FE20D230A221A491A4800F0D2
:203FC00069FA18E206230C221849194800F062FA11E20B230B221749174800F05BFA0AE2E1
:203FE000164B07F12C040FCB07C4238000237B6530E000BFAA0E002000607F308895020018
:2040000090950200A30E0020A60E0020D20E0020EC970200D30E002093244992A095020085
:20402000AC950200BC950200CC950200D8950200E0950200EC950200F8950200FC970200FA
:204040007B6D083360333B445F2203F8342C7B6D01337B65B44B1B781A467B6D9342EFDBDA
:2040600007F12C0000230E22002100F013FAAF4B1B785A1CD1B2AD4A1170092B40F2B8810E
:20408000AA4B00221A70A84B1B785A1CA84B83FB02135910D317C91A0B469B000B44D11AA1
:2040A000CAB2A14B1A70A3E109230722A149A24800F0F0F99FE107230A22A049A04800F0F1
:2040C000E9F998E108230C229E499F4800F0E2F991E10F2308229D499D4800F0DBF98AE1CB
:2040E0000F2308229B499A4800F0D4F983E10D2308229949994800F0CDF97CE10D230D22EE
:204100009749984800F0C6F975E10A2308229649924800F0BFF96EE107F1200300221A601C
:204120005A601A810023FB770023BB7700237B7702F03CFA034687F84B3002F043FA034648
:2041400087F84A3005F0D0FD03461C4607F11F0297F84A1097F84B0007F11D03019307F179
:204160001E03009313462246FFF75CFB7B7F002B0BD1FB7F1A46BB7F07F120000093134664
:204180007A4A0A2113F0EEFF0AE0FB7F1A46BB7F07F1200000931346754A0A2113F0E2FF70
:2041A00007F120010A230F22724800F073F922E10A2308226C49694800F06CF91BE10A2334
:2041C0000E2269496C4800F065F914E10A2307226A496B4800F05EF90DE10F230A22694905
:2041E000694800F057F906E10C230D2267495D4800F050F9FFE007230A225049644800F091
:2042000049F9F8E008230E226249634800F042F9F1E00823082261495E4800F03BF9EAE044
:204220000D230D224E494F4800F034F9E3E00E230D225B494B4800F02DF9DCE008230A2251
:204240005849534800F026F9D5E00C230A2256494F4800F01FF9CEE0544B1B78FA2B25D8C3
:20426000524B1B78013B524A82FB03121211DB179B1ADBB2053387F8533097F85330002BD6
:2042800002D1012387F8533097F8533007F10C000093484B484A0F2113F064FF07F10C01BC
:2042A0000F230A223A4800F0F5F8A4E00C230A224249374800F0EEF89DE00A230A22404923
:2042C000334800F0E7F896E00C230A223B49304800F0E0F88FE007F0BFFFF864FB6C002BED
:2042E00000F088803720FCF7BFFF0346002B0AD0F86C13F088FF0346DBB20E22F96C31489E
:2043000000F0C8F876E03620FCF7AEFF0346002B70D0F86C13F077FF0346DBB20C22F96CA7
:20432000294800F0B7F865E0D40E0020D30E00206766666608960200149602001C9602008C
:2043400024960200309602003896020044960200549602005C9602006C9602007C96020035
:204360008496020094960200A4960200B0960200C0960200D0960200E0960200F0960200B1
:20438000FC9602000497020014970200209702002C9702003897020040970200509702002E
:2043A000589702006897020070970200B30E00201F85EB517C9702008897020090970200E2
:2043C0009C970200A8970200B89702000A230A220A490B4800F05EF80DE00D230A22094936
:2043E000074800F057F806E000BF04E000BF02E000BF00E000BF6437BD4690BDC49702005F
:20440000D0970200DC97020080B588B002AF03463960FB711346BB7100237B613B68002B00
:204420002DD0FB79012B02D1184B7B6104E0FB79022B26D1164B7B610023FB741AE0FB7C11
:204440003A68134493F900301846FDF733F9F860FB68B3F1FF3F0AD0FB68D8B20E23019300
:20446000FB7C00930E231C227969FDF701FBFB7C0133FB74FA7CBB799A42E0D302E000BFFD
:2044800000E000BF1837BD4680BD00BF949102001C93020080B588B000AFF860B960114673
:2044A0001A460B46FB711346BB71FB790F2B02D1FB79013BFB71BB790F2B02D1BB79013B0C
:2044C000BB71FB68002B6FD0FB790E2B0FD87B4B00221A70794B00225A80784B00221A71AD
:2044E000FB791A46F9680120FFF78EFF65E0734B1B78002B08D1714B01221A706F4B002204
:204500005A806E4B00221A716C4B5B88952B0BD80E22F9680120FFF777FF684B5B88013336
:204520009AB2664B5A8038E0644B5A88644BA3FB0213D9080B469B000B4499000B44D31AA8
:204540009BB2002B13D15D4B1B7903F10E02FB799A4206DA594B1B790133DAB2574B1A716A
:2045600005E0564B00221A71544B00225A80534B1B791A46FB681344FB61504B1B79FA7923
:20458000D31AFB76FB7E0E2B28BF0E23BB76BB7E1A46F9690120FFF737FF484B5B880133D0
:2045A0009AB2464B5A8008E0444B00221A70434B00225A80414B00221A71BB68002B6FD0D1
:2045C000BB790E2B0FD83F4B00221A703D4B00225A803C4B00221A71BB791A46B9680220C2
:2045E000FFF712FF65E0374B1B78002B08D1354B01221A70334B00225A80324B00221A7185
:20460000304B5B88952B0BD80E22B9680220FFF7FBFE2C4B5B8801339AB22A4B5A8038E0F6
:20462000284B5A88264BA3FB0213D9080B469B000B4499000B44D31A9BB2002B13D1214B48
:204640001B7903F10E02BB799A4206DA1D4B1B790133DAB21B4B1A7105E01A4B00221A712E
:20466000184B00225A80174B1B791A46BB6813447B61144B1B79BA79D31AFB74FB7C0E2BFD
:2046800028BF0E23BB74BB7C1A4679690220FFF7BBFE0C4B5B8801339AB20A4B5A8008E0B8
:2046A000084B00221A70074B00225A80054B00221A7100BF2037BD4680BD00BFB80E0020B5
:2046C0001F85EB51C00E002080B584B000AF0346FB712320FCF7C8FD034683F00103DBB2F7
:2046E000002B00F042820420FBF7BAFF0346002B02D0AE4B01221A70AC4B1B78002B27D074
:204700000420FBF7ADFF0346002B21D1A74B00221A70A74B00221A70A64B00221A80182050
:20472000FCF758FDA44B1B78002B02D11720FCF751FD0520FCF798FD0346002B08D005201B
:20474000FCF76CFD002006F009F90D20FFF742FA1820FCF789FD0346002B71D01720FCF7F6
:2047600083FD0346002B6BD00220FFF733FA0120FFF730FA914B00221A7005F091FB034632
:20478000FB73FB7B032B04D0FB7B042B01D0012300E00023BB73BB7B03F00103BB73FB7999
:2047A000022B1AD1864B1B78022B0ED0022B10DC002B02D0012B04D00BE0814B01221A70F8
:2047C00038E07F4B02221A7034E07D4B00221A7030E07B4B00221A702CE0794B1B787B73EE
:2047E000774B1B780133DAB2754B1A707B7B032B16D1734B1B78042B12D1BB7B83F001033F
:20480000DBB2002B0CD02C20FCF72EFD034683F00103DBB2002B0DD02B20FCF7DBFC09E047
:20482000674B1B78042B05D9654B00221A702B20FCF7F4FC1620FCF7CDFC1820FCF7EEFC95
:204840005C4B1B8801339AB25A4B1A80594B1B8840F2ED22934208D9564B00221A80544B15
:2048600001221A701720FCF7D9FC2B20FCF7FCFC0346002B03D01320FFF75AFA02E013207D
:20488000FFF7A8F91620FCF7EFFC0346002B00F06C814B4B1B78002B1AD11620FCF7BEFCFA
:2048A0001D20FFF797F91120FFF794F91020FFF791F91220FFF78EF90F20FFF78BF9142045
:2048C000FFF788F91320FFF785F90E20FFF782F93B4B1B78012B03D0394B1B78022B17D1D7
:2048E0001D20FFF725FA1120FFF774F91020FFF771F91220FFF76EF90F20FFF76BF91420F6
:20490000FFF768F91320FFF765F90E20FFF762F92B4B1B78032B20D10520FCF7A5FC034610
:2049200083F00103DBB2002B17D00E20FFF700FA1D20FFF74FF91120FFF74CF91020FFF736
:2049400049F91220FFF746F90F20FFF743F91420FFF740F91320FFF73DF9194B1B78042B65
:2049600051D105F09DFA0346032B4CD02820FCF77BFC0346002B25D01120FFF7D9F90E20B4
:20498000FFF728F91020FFF725F91220FFF722F90F20FFF71FF91420FFF71CF91320FFF7D4
:2049A00019F91D20FFF716F92DE000BFD50E0020A40E0020A80E0020A20E0020D60E002058
:2049C000AF0E00202820FCF74FFC034683F00103DBB2002B17D01020FFF7AAF90E20FFF728
:2049E000F9F81120FFF7F6F81220FFF7F3F80F20FFF7F0F81420FFF7EDF81320FFF7EAF877
:204A00001D20FFF7E7F80320FBF72AFE0346002B08D0584B1B780133DAB2564B1A70564B39
:204A200000221A80534B1B78952B57D90320FCF7F5FB504B00221A701620FCF7EFFB4F4B9F
:204A40001B78012B02D1012005F0B2FF4B4B1B78022B02D1012005F0C1FF484B1B78032BAA
:204A60000BD103F0EBFC0E20FFF7B4F80520FCF7B1FB012005F072FF06E0404B1B78042B32
:204A800002D01D20FFF7A6F83C4B1B78042B6CD11120FFF79FF81020FFF79CF82820FCF73A
:204AA000E3FB0346002B03D02820FCF7B7FB0BE02820FCF7D9FB034683F00103DBB2002B72
:204AC00002D02820FCF786FB2920FCF783FB2D20FCF780FB294B00221A7046E0254B1B788A
:204AE000002B3FD00320FCF775FB244B1B78032B06D10E20FFF71CF91D20FFF76BF834E00C
:204B00001E4B1B78042B29D11D20FFF763F82820FCF7AAFB0346002B08D005F0C1F90346BE
:204B2000032B03D01120FFF703F90BE02820FCF79BFB034683F00103DBB2002B02D010201B
:204B4000FFF7F6F805F0ACF90346032B0DD10320FCF764FB074B00221A7006E01D20FFF7F6
:204B6000E7F802E00320FCF759FB00BF1037BD4680BD00BFD60E0020A80E0020AF0E00204E
:204B800080B500AF1620FCF76FFB034683F00103DBB2002B67D00520FCF766FB034683F0BA
:204BA0000103DBB2002B5ED0354B1B78032B5AD00320FBF755FD0346012B02D1314B012252
:204BC0001A70304B1B78002B0ED00320FBF748FD0346002B08D12B4B00221A702A4B1B7863
:204BE0000133DAB2284B1A70274B1B78002B05D0264B1B780133DAB2244B1A70224B1B7836
:204C0000022B22D92320FCF7E5FA1F4B1B78032B15D91F4B1B78002B03D01D4B1B78022B1B
:204C200006D10220FFF784F8194B02221A700CE0164B00221A700120FFF77AF805E0134B32
:204C400000221A700120FFF773F8104B1B78FA2B13D92320FCF7E2FA0C4B00221A700A4BBD
:204C600000221A7009E0084B00221A702320FCF7D5FA064B00221A7000BF00BF80BD00BF24
:204C8000AF0E0020D70E0020A20E0020A70E0020A30E002080B500AF1020FEF79BFF1120E8
:204CA000FEF798FF2820FCF7DFFA0346002B06D01520FFF73DF81620FEF78CFF05E01620D9
:204CC000FFF736F81520FEF785FF00BF80BD80B500AF1520FEF77EFF1620FEF77BFF00BF17
:204CE00080BDFFFF80B483B000AF0346FB71044AFB79137000BF0C37BD465DF8047B7047D9
:204D0000B00E002080B483B000AF0346FB71044AFB79137000BF0C37BD465DF8047B704715
:204D2000AF0E002080B500AF1620FCF777FA0320FCF774FA2B20FCF771FA1A4B00221A70DA
:204D4000194B00221A70194B00221A80184B1B78032B03D0164B1B78042B02D1144B0022B5
:204D60001A701D20FEF736FF0E20FEF733FF0D20FEF730FF1020FEF72DFF1120FEF72AFFFC
:204D80001220FEF727FF1320FEF724FF1420FEF721FF1520FEF71EFF1620FEF71BFF00BFE7
:204DA00080BD00BFA20E0020A40E0020A80E0020AF0E002080B400AF034B1B781846BD467D
:204DC0005DF8047B704700BFA30E002080B400AF034B1B781846BD465DF8047B704700BF49
:204DE000A40E002080B500AF0B4B00221A700B4B00221A700A4B00221A700A4B00221A70F7
:204E00002320FCF70BFA0120FEF7E4FE0220FEF7E1FE00BF80BD00BFA70E0020A30E002008
:204E2000A20E0020A60E002080B400AF074B1B78032B03D0054B1B78042B02D1034B0022B0
:204E40001A7000BFBD465DF8047B7047AF0E002080B500AF0820FCF7E1F90920FCF7DEF9D2
:204E60000A20FCF7DBF90B20FCF7D8F9064B00221A70064B00221A70054B00221A70054B0C
:204E800000221A7000BF80BDAB0E0020AC0E0020AD0E0020AE0E002080B500AF06220021D3
:204EA000044813F093F906220021034813F08EF900BF80BDB80E0020C00E002080B500AF45
:204EC000022200210C4813F081F9022200210B4813F07CF902220021094813F077F902227F
:204EE0000021084813F072F902220021064813F06DF900BF80BD00BF980E00209A0E00208E
:204F00009C0E00209E0E0020A00E002080B400AF034B00221A7000BFBD465DF8047B704703
:204F2000AA0E002080B500AF5022FF21024813F04DF900BF80BD00BF380E002080B500AF8B
:204F400050220021024813F041F900BF80BD00BF380E002080B500AF5023034A0221034804
:204F600000F079FC00BF80BD380E0020E1080020B0B586B000AF264B3C1D1D460FCD0FC43B
:204F80002B681A46228002341B0C23704023FB70012000F082FC4FF47A710A200FF054FA8A
:204FA0003B79184600F021FC4FF47A710A200FF04BFA3B79184600F018FC3B1D0133032170
:204FC000184600F02FFC3B1D04330F21184600F029FC502200210F4813F0F8F8F81C5023C2
:204FE0000C4A012100F037FC4FF47A710A200FF02BFAC823FB70FB78184600F0F6FB4FF44F
:205000007A710A200FF020FA00BF1837BD46B0BD0C980200380E002080B582B000AF00239F
:20502000FB7101F087F90346BB7101F0BFFA03467B717B79052B04D97B79112B01D8012311
:2050400000E000233B713B7903F001033B71BB79FF2B06D0FF2B1CDC102B0AD0202B10D0B4
:2050600017E03B79002B01D0502300E03223FB7117E03B79002B01D0322300E01423FB71F6
:205080000FE03B79002B01D0642300E04623FB7107E03B79002B01D0502300E03223FB718A
:2050A00000BF114B1B78FA799A4205D12F20FCF7DBF80346002B0CD004F03CFE0346002B16
:2050C00007D0FB79184600F00AFC074AFB79137006E004F02FFE0346002B01D100F01FF895
:2050E00000BF0837BD4680BDE508002080B500AF642011F065F8012000F0CFFB0A2011F099
:205100005FF8C82000F071FB0A2011F059F80520FCF784F80820FCF75DF800BF80BD80B543
:2051200000AF642011F04CF8C02000F05EFB0A2011F046F8002000F0B0FB05F0CBF8FFF7FC
:20514000BDFEFFF7A9FEFFF783FE00BF80BDFFFF80B582B000AF1923BB800023FB713F4BE0
:205160001B8801339AB23D4B1A803D4B1B78052B5FD801A252F823F091510100AD51010086
:20518000C9510100E5510100015201001D520100FFF7C8FE314B1B88BA889A4250D82F4B5E
:2051A00000221A802E4B01221A7049E0FFF7C6FE2A4B1B88BA889A4244D8284B00221A80A9
:2051C000274B02221A703DE0FFF7ACFE234B1B88BA889A4238D8214B00221A80204B0322FB
:2051E0001A7031E0FFF7AAFE1C4B1B88BA889A422CD81A4B00221A80194B04221A7025E010
:20520000FFF790FE154B1B88BA889A4220D8134B00221A80124B05221A7019E0FFF78EFE4E
:205220000123FB710E4B00221A700C4B00221A800FE00B4B00221A70084B00221A8008E0DE
:2052400000BF06E000BF04E000BF02E000BF00E000BFFB7918460837BD4680BDD80E0020B0
:20526000DA0E002080B586B000AF786039600023FB7507F10C0300221A605A601A819F234E
:205280003B7200237B720023BB720023FB7200214FF48670FBF7CCF907F10C0107F1080358
:2052A00004221846FBF726FD0346FB7501214FF48670FBF7BDF97B7B1A04BB7B1B021343DC
:2052C000FA7B13431A46464B1A60454B1B689BB248F21702934244D048F21702934271D88B
:2052E00044F21A0293421FD844F21102934269D3A3F58043113B092B64D801A252F823F01F
:20530000B7530100A95301009B5301008D5301007F530100715301006353010053530100BF
:20532000435301003353010047F21802934210D048E07B680A221A703B684FF480621A6044
:2053400049E07B6809221A703B684FF400721A6041E07B6808221A703B684FF480721A60B0
:2053600039E07B6807221A703B6880221A6032E07B6806221A703B6840221A602BE07B68AB
:2053800005221A703B6820221A6024E07B6804221A703B6810221A601DE07B6803221A7088
:2053A0003B6808221A6016E07B6802221A703B6804221A600FE07B6801221A703B68022296
:2053C0001A6008E07B6800221A703B6800221A600123FB7500BFFB7D18461837BD4680BDE5
:2053E000DC0E002080B588B000AF786007F1180300221A601A7107F1080300221A605A601C
:205400009A609A814B233B7600214FF48670FBF70FF907F1080107F118030D221846FBF771
:2054200069FC0346FB7701214FF48670FBF700F9FB7F002B07D107F10803053308221946C5
:205440007868FBF759FAFB7F18462037BD4680BD80B584B000AF03463960FB710123FB73C0
:205460000023BB81FB79012B02D10523FB720DE0FB79022B02D13523FB7207E0FB79032B16
:2054800002D11523FB7201E0FB7B1AE000214FF48670FBF7CDF807F10C0107F10B03022203
:2054A0001846FBF727FC0346FB7301214FF48670FBF7BEF8FB7B002B02D17A7B3B681A7029
:2054C000FB7B18461037BD4680BD80B582B000AF0023FB7106233B7100214FF48670FBF7AB
:2054E000A7F83B1D01211846FBF7A8FB0346FB7101214FF48670FBF79BF8FB7918460837FA
:20550000BD4680BD80B582B000AF0023FB710423BB7100214FF48670FBF78AF8BB1D01218B
:205520001846FBF78BFB0346FB7101214FF48670FBF77EF8FB7918460837BD4680BD80B597
:2055400084B000AF03463960FB711346BB710023FB7307F1080300221A601A710123BB7388
:20556000BB79002B09D03B681A0EBB7B591CB973D2B210333B4403F8082C3B681A0CBB7BDD
:20558000591CB973D2B210333B4403F8082C3B681A0ABB7B591CB973D2B210333B4403F816
:2055A000082CBB7B5A1CBA733A68D2B210333B4403F8082C00214FF48670FBF739F8FB79D6
:2055C000032B1DD0032B27DC012B02D0022B0BD022E0C7233B7207F1080301211846FBF76B
:2055E0002DFB0346FB731BE0D8233B72BA7B07F1080311461846FBF721FB0346FB730FE088
:2056000020233B72BA7B07F1080311461846FBF715FB0346FB7303E0FB7B0133FB7300BF3A
:2056200001214FF48670FBF703F8FB7B18461037BD4680BD80B584B000AF78600123FB7345
:205640000023BB810523FB7223E000214FF48670FAF7EEFF07F10C0107F10B03022218468E
:20566000FBF748FB0346BB7301214FF48670FAF7DFFFBB7B002B02D17B7BFB7301E0BB7BA5
:2056800013E04FF47A7101200EF0DEFE7B68013B7B60FB7B03F00103002B02D07B68002B7C
:2056A000D3D1FB7B03F00103DBB218461037BD4680BD80B584B000AF786039600023FB734D
:2056C00000214FF48670FAF7B3FF39687868FBF7B5FA0346FB7301214FF48670FAF7A8FF01
:2056E000FB7B18461037BD4680BD80B586B000AFF860B9607A603B600023BB750023FB7569
:2057000000214FF48670FAF793FFB968F868FBF795FA0346BB75012138680EF095FEBB7DA6
:20572000002B05D139687868FBF7B6FA0346FB7501214FF48670FAF77BFFFB7D18461837A1
:20574000BD4680BD80B584B000AF786039600023FB733868FFF76EFFFFF7B7FE39687868C0
:20576000FFF7A7FF0346FB733868FFF763FFFFF7C9FEFB7B18461037BD4680BD80B584B05D
:2057800000AF396011461A460346FB710B46BB711346BB800023FB73FFF797FE03461A467F
:2057A000FB7B1344FB73BB881846FFF743FF03461A46FB7B1344FB73BA79FB79396818464B
:2057C000FFF7BDFE03461A46FB7B1344FB73BB881846FFF72FFF03461A46FB7B1344FB738B
:2057E000FB7B18461037BD4680BD80B582B000AF0346FB71002140F20B40FAF719FFFB1DC4
:2058000001211846FBF7C4F9012140F20B40FAF70FFF4FF47A7101200EF016FE00BF08375C
:20582000BD4680BD80B582B000AF78600B467B80002140F20B40FAF7FBFE7B881946786824
:20584000FBF7A6F9012140F20B40FAF7F1FE00BF0837BD4680BD80B584B000AFF8607A60B0
:205860001A460B467B8113463B81002140F20B40FAF7DEFE7B891946F868FBF789F93B8900
:2058800019467868FBF784F9012140F20B40FAF7CFFE00BF1037BD4680BD80B582B000AFA1
:2058A0000346FB71FB79002B03D10020FBF780F811E05A20FBF77CF8002140F20B40FAF7D6
:2058C000B7FE4FF47A710A200EF0BEFD012140F20B40FAF7ADFE00BF0837BD4680BD80B554
:2058E00082B000AF0346FB71FB791846FBF760F800BF0837BD4680BD80B582B000AF00237F
:20590000FB7100F010F800F027F80346FB71FB79002B03D000F020F80346FB71FB7918465E
:205920000837BD4680BD80B500AF00214FF48670FAF77EFE01214FF48670FAF779FE012158
:2059400040F20330FAF774FE01214FF44170FAF76FFE00BF80BDFFFF80B582B000AF0023D8
:20596000FB71474B012283F82F2000233B603A46BB1D11461846FFF775FC0346002B07D0BF
:205980003F4B002283F82F20FB790133DBB273E03B4BD3F81B30B3F5807F04D9384B012243
:2059A00083F82E2003E0364B002283F82E20344B00225A72002242F001029A72304B002262
:2059C000DA73002242F010021A7400225A7400229A742B4BD3F813301B01294AC2F8133056
:2059E000274BD3F81330264AD2F80F2002FB03F3234AB2F8092092B2B3FBF2F3204AC2F890
:205A00000B301F4BD3F80F301B011D4AC2F81F301B4BD3F813301A4AD2F80F2002FB03F387
:205A20009B0A174AC2F827301648FFF7DBFC03461A46FB791344FB7113490120FFF708FDCC
:205A400003461A46FB791344FB7110490220FFF7FFFC03461A46FB791344FB710C490320A2
:205A6000FFF7F6FC03461A46FB791344FB71044B002283F82F20FB7918460837BD4680BDD2
:205A8000E00E0020E10E00200B0F00200C0F00200D0F002080B584B000AF03463960FB71D2
:205AA0001346BB800023FB7300BF0F4B93F82F30002BFAD10C4B012283F82F200A4B93F8A4
:205AC0002E20BB88F8793968FFF758FE03461A46FB7B1344FB73044B002283F82F20FB7B42
:205AE00018461037BD4680BDE00E002080B5CAB000AF07F59473A3F58E73186007F594733E
:205B0000A3F59073196007F59473A3F592731A600023A7F82631032387F823314E4B93F821
:205B20002E30002B1ED0B7F826315A1CA7F826211A46022107F59473A3F58A73995407F588
:205B40009473A3F590731B68190EB7F826315A1CA7F826211A46C9B207F59473A3F58A7324
:205B600099540BE0B7F826315A1CA7F826211A46022107F59473A3F58A73995407F59473E0
:205B8000A3F590731B68190CB7F826315A1CA7F826211A46C9B207F59473A3F58A73995400
:205BA00007F59473A3F590731B68190AB7F826315A1CA7F826211A46C9B207F59473A3F5C9
:205BC0008A739954B7F826315A1CA7F826211A4607F59473A3F590731B68D9B207F594736A
:205BE000A3F58A7399540023A7F8243118E0B7F8243107F59472A2F58E7212681A44B7F8F0
:205C00002631591CA7F826111946127807F59473A3F58A735A54B7F824310133A7F8243187
:205C2000B7F8243107F59472A2F5927212689A42DDD8B7F8262107F1140311461846FFF708
:205C400081FD034687F8233197F82331184607F59477BD4680BD00BFE00E002080B5D0B0A0
:205C600000AF07F5A073A3F59A73186007F5A073A3F59C73196007F5A073A3F59E731A60E8
:205C80000023A7F83E31032387F83D31454B93F82E30002B1ED0B7F83E315A1CA7F83E219C
:205CA0001A460B2107F5A073A3F59873995407F5A073A3F59C731B68190EB7F83E315A1CC5
:205CC000A7F83E211A46C9B207F5A073A3F5987399540BE0B7F83E315A1CA7F83E211A466F
:205CE0000B2107F5A073A3F59873995407F5A073A3F59C731B68190CB7F83E315A1CA7F848
:205D00003E211A46C9B207F5A073A3F59873995407F5A073A3F59C731B68190AB7F83E3130
:205D20005A1CA7F83E211A46C9B207F5A073A3F598739954B7F83E315A1CA7F83E211A4683
:205D400007F5A073A3F59C731B68D9B207F5A073A3F598739954B7F83E315A1CA7F83E214E
:205D60001A4607F5A073A3F5987300219954B7F83E1107F5A073A3F59E7307F5A072A2F5A8
:205D80009A7207F110001B681268FFF7AEFC034687F83D3197F83D31184607F5A077BD46AB
:205DA00080BD00BFE00E002080B582B000AF0023FB714FF47A7200210220FFF76BFE03461A
:205DC000002B08D0FB790133FB711D4B1B8801339AB21B4B1A800023BB8007E0BB88BA8857
:205DE000D1B2184AD154BB880133BB80BB88B3F5805FF3D300237B8018E07B88114A13448C
:205E000079884FF480721846FFF770FE0346002B08D0FB790133FB71094B5B8801339AB273
:205E2000074B5A807B8803F580737B807B88B3F5805FE2D3FB7918460837BD4680BD00BFFE
:205E4000100F0020180F002080B582B000AF0023FB710023BB8018E0BB88194A1344B98883
:205E60004FF480721846FFF7F9FE0346002B08D0FB790133FB71134B9B8801339AB2114BE5
:205E80009A80BB8803F58073BB80BB88B3F5805FE2D34FF480520C490948FAF74CFD0346C2
:205EA000002B08D0FB790133FB71064BDB8801339AB2044BDA80FB7918460837BD4680BD9D
:205EC000181F0020100F0020180F002080B584B000AF78600023FB734FF47A727968032031
:205EE000FFF7D8FD0346002B08D0FB7B0133FB73054B1B8801339AB2034B1A80FB7B184644
:205F00001037BD4680BD00BF100F002080B588B000AFF860B9607A600023FB770023BB61C1
:205F20007B68C3F1FF1303F57F43FA689A4220D9012323E07A68BB69D31A7B617B69B3F545
:205F4000807F28BF4FF480733B61BA68BB69D018FA68BB6913443A691946FFF7C7FD034679
:205F6000002B02D00123FB7707E0BA693B691344BB61BA697B689A42DCD3FB7F18462037AD
:205F8000BD4680BD80B588B000AFF860B9607A6000237B760023FB820023FB8300237B77F0
:205FA0007B68C3F1FF1303F57F43FA689A4204D97B7E01337B767B7E3FE07B681B0AFB82A8
:205FC0007B68DBB2002B01D07B687B7700237B8319E0FB8BBA68D018FA8BFB6813444FF454
:205FE00080721946FFF73AFE0346002B04D07B7E01337B767B7E20E0FB8B03F58073FB83D4
:206000007B8B01337B837A8BFB8A9A42E1D37B7F002B11D0FB8BBA68D018FA8BFB68134459
:206020007A7F1946FFF71AFE0346002B04D07B7E01337B767B7E00E07B7E18462037BD460A
:2060400080BDFFFF80B584B000AF786039600023FB730023BB7317E07868FFF737FF03464E
:20606000002B04D17B6803F580537B600AE00123BB73FB7B0133FB73094B5B8801339AB28C
:20608000074B5A80FBF746F87A683B689A4202D2BB7B002BE0D0FB7B18461037BD4680BD03
:2060A000100F002080B483B000AF0346FB7197F90730002B0BDBFB7903F01F02074997F996
:2060C00007305B09012000FA02F241F8232000BF0C37BD465DF8047B704700BF00E100E08A
:2060E00080B483B000AF03463960FB7197F90730002B0ADB3B68DAB20C4997F90730120107
:20610000D2B20B4483F800230AE03B68DAB20849FB7903F00F03043B1201D2B20B441A7676
:2061200000BF0C37BD465DF8047B704700E100E000ED00E080B582B000AF0C211620FFF7D2
:20614000CFFF1620FFF7AEFF0D490E480AF0BEFD78607B68002B01D07B680CE009480AF066
:206160001BFE78607B68002B04D006480AF025FE7B6800E0002318460837BD4680BD00BF5F
:20618000F09802006845002080B483B000AF786000BF0C37BD465DF8047B704780B485B0C1
:2061A00000AF0346FB710023FB73FB79013B052B2AD801A252F823F0D1610100D96101009A
:2061C000E1610100F1610100F961010001620100114BDB7AFB7317E00F4B1B7BFB7313E003
:2061E0000D4BB3F80D309BB2DBB26C3BFB730BE0094B1B7AFB7307E0074B5B7AFB7303E0CF
:20620000054B9B7AFB7300BFFB7B18461437BD465DF8047B704700BF182F002080B483B0B2
:2062200000AF03460A46FB711346BB71FB79013B052B2CD801A252F823F000BF55620100CA
:206240005D62010065620100776201007F62010087620100114ABB79D37218E00F4ABB79B7
:20626000137314E0BB799BB203F26C739AB20B4BA3F80D200BE0094ABB79137207E0074AB6
:20628000BB79537203E0054ABB79937200BF00BF0C37BD465DF8047B704700BF182F002025
:2062A00080B500AF0B4BDB7B012B03D12820FAF791FF0CE0074BDB7B002B03D12820FAF7B9
:2062C000ADFF04E02820FAF785FF00F005F800BF80BD00BF182F002080B500AF2820FAF745
:2062E000C3FF03461A46024BDA7300BF80BD00BF182F002080B483B000AF7860044A7B6858
:20630000136000BF0C37BD465DF8047B704700BF182F002080B483B000AF0346FB71044A3B
:20632000FB79137700BF0C37BD465DF8047B7047182F002080B400AF034B1B7F1846BD463C
:206340005DF8047B704700BF182F002080B483B000AF03460A46FB711346BB80FB79012B3D
:2063600002D0022B04D007E0064ABB88938003E0044ABB88D38000BF00BF0C37BD465DF8DD
:20638000047B7047182F002080B582B000AF0523FB714FF4806205490548FAF765FA03465D
:2063A000FB71FB7918460837BD4680BD182F0020C0FB070080B582B000AF0523FB710B4BF7
:2063C0003B600B493868FAF72FFA0346FB71FB79002B06D1802207493868FAF7BFF9034665
:2063E000FB71FB7918460837BD4680BDC0FB070040FC0700182F002080B500AF1748FAF740
:206400008FFB164BDB68DBB219460120FFF706FF124B1B69DBB219460220FFF7FFFE0F4B0A
:206420005B69DBB219460320FFF7F8FE0B4B9B68DBB219460420FFF7F1FE084B5B68DBB2AC
:2064400019460520FFF7EAFE044B1B68DBB219460620FFF7E3FE00BF80BD00BF982F00207D
:2064600090B583B000AF0446084611461A462346FB710346BB710B467B7113463B71FB79A6
:20648000FF2B4AD0FB79002B47D0FB791F2B44D8FB79002B41D0BB79FF2B40D0BB79002BAB
:2064A0003DD0BB790C2B3AD8BB79002B37D07B79FF2B36D07B79002B33D03B79FF2B32D0C6
:2064C0003B79172B2FD83B7EFF2B2ED03B7E3B2B2BD83B7FFF2B2AD03B7F3B2B27D87B79CB
:2064E0007C2B02D97B79872B01D97D237B71FB79114AD360BB79104A13617B790E4A53610A
:206500003B790D4A93603B7E0B4A53603B7F0A4A13600948FAF7E0FA0AE000BF08E000BFCF
:2065200006E000BF04E000BF02E000BF00E000BF0C37BD4690BD00BF982F002080B483B033
:2065400000AF0023FB71174B9B680C2B08DD154B9B68DBB20C3BFB71134B01221A7019E0D5
:20656000104B9B68002B05D10C23FB710E4B00221A700FE00B4B9B680C2B05D10C23FB712C
:20658000094B01221A7005E0064B9B68FB71064B00221A70FB7918460C37BD465DF8047B6C
:2065A000704700BF982F0020BC2F002080B400AF034B9B68DBB21846BD465DF8047B7047C6
:2065C000982F002080B400AF034B5B68DBB21846BD465DF8047B7047982F002080B400AF9D
:2065E000034B1B68DBB21846BD465DF8047B7047982F002080B400AF034BDB68DBB218460B
:20660000BD465DF8047B7047982F002080B400AF034B1B69DBB21846BD465DF8047B7047D7
:20662000982F002080B400AF034B5B69DBB21846BD465DF8047B7047982F002080B400AF3B
:20664000034B1B781846BD465DF8047B704700BFBC2F0020FFFFFFFF80B500AFC24B1B7823
:20666000002B40F0CB8103F023FD034607EE903AF8EEE77ABD4BC3ED007ABC4BD3ED007A9E
:206680009FEDBB7AF4EEC77AF1EE10FA40F3B38103F050FB0346022B40F0AD8103F0F0FCD5
:2066A0000346184611F054FAA7A3D3E9002311F0B9FA02460B461046194611F0C5FC0346AE
:2066C000AA4A936003F0E8FC0346184611F040FA9FA3D3E9002311F0A5FA02460B4610466A
:2066E000194611F0B1FC0346A04A5360A14B1B78002B07D1A04B4FF000021A609F4B4FF056
:2067000000021A60994B93ED017A984BD3ED027A67EE277A17EE900A11F02CFA4FF0000202
:20672000974B11F07FFA02460B46104619468AA3D3E9002311F0A0FB02460B4610461946B9
:2067400011F082FC07EE100A8B4BD3ED007A77EE277A894BC3ED007A844B1B68184611F0E6
:2067600009FA4FF00002864B11F05CFA02460B46104619467AA3D3E9002311F07DFB0246A2
:206780000B461046194611F05FFC07EE100A7B4BD3ED007A77EE277A784BC3ED007A764BD4
:2067A000D3ED006A754B93ED007AC6EE877A754BC3ED007A734BD3ED007A9FED737AF4EE03
:2067C000C77AF1EE10FA03DD6E4B704A1A600CE06C4BD3ED007A9FED6E7AF4EEC77AF1EE6F
:2067E00010FA02D5674B6B4A1A60624B1B78002B00F0EB80634BD3ED007A9FED677AF4EEDA
:20680000C77AF1EE10FA03DB644B01221A70D4E05C4BD3ED007A9FED607AF4EEC77AF1EE17
:2068200010FA0DD5574BD3ED007A9FED5D7AF4EEC77AF1EE10FA03DB584B02221A70BCE056
:20684000504BD3ED007A9FED567AF4EEC77AF1EE10FA0DD54B4BD3ED007A9FED527AF4EE0F
:20686000C77AF1EE10FA03DB4C4B03221A70A4E0444BD3ED007A9FED4B7AF4EEC77AF1EE2A
:2068800010FA0DD53F4BD3ED007A9FED477AF4EEC77AF1EE10FA03DB404B04221A708CE06A
:2068A000384BD3ED007A9FED407AF4EEC77AF1EE10FA0DD5334BD3ED007A9FED3C7AF4EE0B
:2068C000C77AF1EE10FA03DB344B05221A7074E02C4BD3ED007A9FED357AF4EEC77AF1EE3E
:2068E00010FA0DD5274BD3ED007A9FED317AF4EEC77AF1EE10FA03DB284B06221A705CE07E
:20690000204BD3ED007A9FED2A7AF4EEC77AF1EE10FA0BD51B4BD3ED007AF5EEC07AF1EE1A
:2069200010FA03DB1D4B07221A7046E0154BD3ED007AF5EEC07AF1EE10FA3BD5174B0822F2
:206940001A703AE0AFF30080FCA9F1D24D62503F7B14AE47E17A843F000000000020AC401D
:20696000AE47E17A1C5E1341CC2F0020D42F002000009643C82F0020C02F0020C42F0020A9
:206980000000D03FD02F002000008C4200008C4200008CC200008CC200005C42E6080020E5
:2069A00000004C4200003C4200002C4200001C4200000C422D4B00221A7003F0F3F9034665
:2069C000012B02D1294B08221A70294B1B785A1CD1B2274A1170002B06D0254B00221A7081
:2069E000244B00221A7009E0224B1B780133DAB2204B1A7002E01D4B00221A701E4B1B78EC
:206A0000002B18D1194B1A781C4B1B789A4206D21A4B1B78013BDAB2184B1A700BE0134BC8
:206A20001A78164B1B789A4205D9144B1B780133DAB2124B1A70104B1B785A1CD1B20E4A3E
:206A40001170022B02D90C4B00221A700C4B1B785A1CD1B20A4A1170182B02D9084B00225F
:206A60001A70064B1B78184680BD00BFE6080020C92F0020C82F0020CB2F0020CA2F0020DE
:206A8000CC2F002080B582B000AF0023FB7162B600BF00F037F80346002B02D0FB79013352
:206AA000FB71FAF715FD0346002B02D0FB790133FB71FB79002B12D1FAF72CFB0D490E48C7
:206AC000FAF7A6F90D48F9F7A7FC0D48FAF774FA002140F20D10F9F7ABFD0FF0F5FBFAF7A2
:206AE00019FB4FF47A714FF47A700DF0ADFC00BFF5E700BFB5770100A5760100318B010021
:206B000055B4010080B582B000AF0023FB71FAF7E1FA03461A46FB791344FB71F9F776FDB7
:206B200003461A46FB791344FB71002140F20620F9F77EFD002140F20310F9F779FD0021A4
:206B400040F20740F9F774FD72B600BFF9F716FF03461A46FB791344FB715A20F9F728FFFE
:206B600003461A46FB791344FB71F9F701FC03461A46FB791344FB71FAF7FEF803461A46D8
:206B8000FB791344FB71FAF745F803461A46FB791344FB710020FAF77FF903461A46FB790A
:206BA0001344FB71FAF7B6FAF9F7DEFF03461A46FB791344FB71F9F757FF03461A46FB7961
:206BC0001344FB71F9F77CFD03461A46FB791344FB71F9F73DFB03461A46FB791344FB71A1
:206BE000FFF7A8FAFAF796FA064B002B05D0054B04221946044811F0F9FAFB791846083705
:206C0000BD4680BDE4980200E02F002080B500AF052200210C4811F0D9FA0B4B00225A70F1
:206C2000094B00221A70084B00221A71064B00229A70054B0022DA70044B01221A70044BD0
:206C400000221A7000BF80BDEC2F0020E7080020F12F002080B584B000AF03460A46FB71E5
:206C60001346BB710023FB73244B1B78FA799A4202D00123FB7318E0FB79022B02D0032BB0
:206C800008D012E01D4B9B78BA799A420AD00123FB7307E0194B9B78BA799A4204D00123CF
:206CA000FB7301E000BF00E000BFFB7B002B1DD0134B01221A70FEF7B7F8104B1A780F4BA3
:206CC0005A700E4B9A780D4BDA700C4AFB791370FB79022B02D0032B04D00BE0074ABB79AB
:206CE000937007E0054ABB79937003E0044B00221A7000BF00BF1037BD4680BDEC2F002006
:206D0000F12F002080B582B000AF78607B681B78072B5AD801A252F823F000BF3D6D010001
:206D2000456D01006D6D0100A56D01004D6D0100556D01005D6D0100656D0100786800F0C6
:206D400013F943E0786800F051F93FE0786800F0C3FA3BE0786800F0DDFA37E0786800F095
:206D600017FB33E0786800F051FB2FE0786800F08FF97B689B78022B0ED0022B10DC002B26
:206D800002D0012B04D00BE0786800F0A5F908E0786800F0DCF904E0786800F003FA00E0AA
:206DA00000BF13E0786800F028FA7B689B78002B02D0012B04D007E0786800F03DFA03E06B
:206DC000786800F068FA00BF00E000BF00BF0837BD4680BD80B582B000AF78607B681B7881
:206DE000072B54D801A252F823F000BF0D6E0100156E01003D6E01006F6E01001D6E010060
:206E0000256E01002D6E0100356E0100786800F0D9F83DE0786800F0FEF839E0786800F031
:206E200065FA35E0786800F087FA31E0786800F0BEFA2DE0786800F005FB29E07B689B7818
:206E4000022B0ED0022B10DC002B02D0012B04D00BE0786800F05AF908E0786800F081F9D1
:206E600004E0786800F0A8F900E000BF10E07B689B78002B02D0012B04D007E0786800F084
:206E8000E5F903E0786800F012FA00BF00E000BF00BF0837BD4680BD80B582B000AF7860CB
:206EA0007B685B78072B5AD801A252F823F000BFD16E0100D96E0100016F0100396F010057
:206EC000E16E0100E96E0100F16E0100F96E0100786800F081F843E0786800F0CEF83FE021
:206EE000786800F00DFA3BE0786800F046FA37E0786800F080FA33E0786800F0E3FA2FE060
:206F00007B68DB78022B0ED0022B10DC002B02D0012B04D00BE0786800F00FF908E078688F
:206F200000F036F904E0786800F05DF900E000BF786800F0C7F813E07B68DB78002B02D0D4
:206F4000012B04D007E0786800F09BF903E0786800F0B8F900BF786800F064F900E000BFF7
:206F600000BF0837BD4680BD80B582B000AF78607B6800221A71104B00221A700520FAF738
:206F80004DF9012003F060FDFEF7C9F8FDF7CAFE0A4B1B78002B05D0094B1B780133DAB239
:206FA000074B1A700820FCF715FE1B20FCF712FE00BF0837BD4680BDAF0E0020B10E00208F
:206FC000B20E002080B483B000AF786000BF0C37BD465DF8047B704780B582B000AF786065
:206FE000FEF784F800BF0837BD4680BD80B582B000AF7860FDF762FFFDF74EFF0520FAF748
:207000000DF9002003F0AAFC002003F01DFD00BF0837BD4680BD80B582B000AF78607B6875
:207020001B79642B0CD80B23062101221846FAF711FC7B681B790133DAB27B681A7119E0D7
:207040004423002100221846FAF704FC4423012101221846FAF7FEFB02F030FF0120FCF70E
:20706000EFF80720FCF7B6FD0920FCF7B3FD3A20FAF7D4F80837BD4680BD80B483B000AFE4
:20708000786000BF0C37BD465DF8047B7047FFFF80B582B000AF7860094B1B78032B08D1AE
:2070A000074B00221A700520FAF7B8F8002003F0CBFC002003F052FC00BF0837BD4680BD93
:2070C000AF0E002080B483B000AF786000BF0C37BD465DF8047B704780B582B000AF786067
:2070E000094B1B78032B08D1074B00221A700520FAF794F8002003F0A7FC002003F02EFC0F
:2071000000BF0837BD4680BDAF0E002080B582B000AF78604423002101221846FAF79AFBD7
:207120004423012100221846FAF794FB0220FCF787F800BF0837BD4680BD80B483B000AFDE
:20714000786000BF0C37BD465DF8047B704780B483B000AF786000BF0C37BD465DF8047B00
:20716000704780B582B000AF78604423002101221846FAF76FFB0320FCF762F8442301210D
:2071800000221846FAF766FB00BF0837BD4680BD80B483B000AF786000BF0C37BD465DF897
:2071A000047B704780B483B000AF786000BF0C37BD465DF8047B704780B582B000AF78602D
:2071C0004423002101221846FAF744FB0420FCF737F84423012100221846FAF73BFB00BF41
:2071E0000837BD4680BD80B483B000AF786000BF0C37BD465DF8047B704780B582B000AF7C
:207200007860FDF75BFEFDF747FE0520FAF706F8002003F019FC002003F0A0FB00BF083728
:20722000BD4680BD80B483B000AF786000BF0C37BD465DF8047B704780B483B000AF7860A2
:2072400000BF0C37BD465DF8047B704780B582B000AF78607B681B79642B0CD80B23062171
:2072600001221846FAF7F6FA7B681B790133DAB27B681A7102E00820FCF738FB0837BD4695
:2072800080BD80B483B000AF786000BF0C37BD465DF8047B704780B582B000AF7860FDF751
:2072A0000DFEFDF7F9FD00BF0837BD4680BD80B582B000AF78600520FCF718FB00BF083784
:2072C000BD4680BD80B483B000AF786000BF0C37BD465DF8047B704780B483B000AF786002
:2072E00000BF0C37BD465DF8047B704780B582B000AF7860FDF716FE00BF0837BD4680BDCA
:2073000080B483B000AF786000BF0C37BD465DF8047B704780B582B000AF7860FDF7BCFD54
:20732000FDF7CCFD0520F9F779FF002003F016FB00BF0837BD4680BDB0B582B000AF786083
:207340000820FCF7F5FC0B23072101221846FAF781FAFFF7F3F803461C46FFF733F90346E7
:207360001D46FFF76BF903461A4629462046FAF781FC00BF0837BD46B0BD80B582B000AFE0
:2073800078600820FCF726FC00BF0837BD4680BD80B582B000AF7860FDF77EFDFDF78EFDBE
:2073A000002003F0DBFA00BF0837BD4680BDB0B582B000AF78600820FCF70CFC0920FCF74A
:2073C000B7FC0B23072101221846FAF743FAFFF7B5F803461C46FFF7F5F803461D46FFF722
:2073E0002DF903461A4629462046FAF743FC00BF0837BD46B0BD80B582B000AF7860092034
:20740000FCF7E8FB00BF0837BD4680BD80B582B000AF78607B6800221A71084B00221A70DB
:20742000FDF77DFE0520F9F7F9FEFDF77BFC044B00221A7000BF0837BD4680BDAF0E002050
:20744000F22F002080B582B000AF786002F052FE0346012B2AD10420F9F702F90346002BC8
:2074600005D10320F9F7FCF80346002B0BD0144B1B7883F00103DBB2002B04D0FDF736FEC3
:207480000F4B01221A700E4B1B78002B08D0FDF75FFE0346012B0ED1094B00221A700AE067
:2074A000074B00221A70FDF73AFE04E0044B00221A70FDF734FE00BF0837BD4680BD00BFA0
:2074C000F22F002080B582B000AF7860FDF70EFE034B00221A7000BF0837BD4680BD00BF86
:2074E000F22F002080B584B000AF0346FB716A4B1B78FB730023BB73FB790A2B43D801A210
:2075000052F823F031750100377501003D7501004775010051750100657501006F750100C3
:20752000757501005B750100817501007B7501000023FB732AE00123FB7327E00223FB73E0
:207540000023BB7322E00223FB730123BB731DE00223FB730223BB7318E00323FB73002361
:20756000BB7313E00323FB730123BB730EE00423FB730BE00523FB7308E00623FB7305E09C
:207580000023FB7302E00023FB7300BFFB7B052B02D0FB7B062B01D1FDF7B8FCBA7BFB7BE4
:2075A00011461846FFF756FBFDF7C8FC3B4B1B78002B02D03848FFF76FFC394B1B78002BDE
:2075C00003D1364B1B78002B05D03348FFF79AFB334B00221A703048FFF7FCFB0520F9F719
:2075E0003FF80346002B03D00020F9F7F3FD02E00020F9F713FE0720F9F732F80346002B55
:2076000003D00120F9F7E6FD02E00120F9F706FE0620F9F725F80346002B03D00220F9F720
:20762000D9FD02E00220F9F7F9FDFAF767F81A4B1B78052B29D0184B1B78002B25D0164BA2
:207640001B78062B21D0144B1B79632B1DD93A20F9F70AFE034683F00103DBB2002B14D050
:207660000D4B1B78032B08D002F0D4FB0346002B03D1FB791846FDF727F8FDF7CDFCFAF77D
:207680001FF9FDF77DFAFAF729FFFDF763FC00BF1037BD4680BD00BFEC2F0020F12F00207B
:2076A000E708002080B582B000AF0023FB710023BB710123FB713A4B5B68002B06D0384B6B
:2076C0005868F91D002300220DF038FF354B1B780133DAB2334B1A70324B1B78052B27D148
:2076E000304B00221A701C20F9F7BEFD0346002B11D11D20F9F7B8FD0346002B0BD12120B3
:20770000F9F7B2FD0346002B05D12020F9F7ACFD0346002B0CD00123BB71234B5B68002BAB
:2077200006D0214B5868B91D002300220DF006FF1E4B1B780133DAB21C4B1A701B4B1B7884
:20774000012B0FD9194B00221A700223FB71144B5B68002B06D0124B5868F91D00230022D9
:207760000DF0ECFE124B1B780133DAB2104B1A700F4B1B78132B0FD90D4B00221A70022351
:20778000BB71094B5B68002B06D0074B5868B91D002300220DF0D2FE00BF0837BD4680BD6D
:2077A000F42F00201630002090350020173000201830002080B582B000AF0023FB710023A4
:2077C000BB7104237B71484B5B68002B06D0464B5868791D002300220DF0B0FE0323BB71EA
:2077E000424B5B68002B06D0404B5868B91D002300220DF0A3FE3E4B1B780133DAB23C4BD1
:207800001A703B4B1B78012B0FD9394B00221A700423BB71354B5B68002B06D0334B5868AC
:20782000B91D002300220DF089FE324B1B780133DAB2304B1A702F4B1B78042B1CD92D4B2B
:2078400000221A700523BB71284B5B68002B06D0264B5868B91D002300220DF06FFE012317
:20786000FB71254B5B68002B06D0234B5868F91D002300220DF062FE204B1B780133DAB2C4
:207880001E4B1A701D4B1B780E2B28D91C4B1B78DBB20133DAB21A4B1A70184B00221A707B
:2078A00005237B71104B5B68002B06D00E4B5868791D002300220DF041FE05F047FD0346E3
:2078C000002B0CD10623BB71084B5B68002B06D0064B5868B91D002300220DF02FFE00BF1F
:2078E0000837BD4680BD00BFF42F002090350020193000201A3000208C3900201B300020FF
:207900000230002080B483B000AF786000BF0C37BD465DF8047B704780B584B000AF7860A7
:2079200000237B730023FB73F9F762FE3A4B5B6807F10D014FF0FF3218460DF0B7FE03463E
:20794000012BF3D105F002FD0346FB737B7B013B042B5DD801A252F823F000BF717901004C
:2079600083790100117A0100FD790100077A0100FEF772FE0346BB73BB7B1846FDF7B2F976
:2079800049E0F9F7C7FB254B1B78DBB2132B05D9224B00221A70002005F0C8FC00F012FC70
:2079A0001F4B1B781846FFF79DFD1F20F9F75CFC0346002B0DD00620F9F756FC034683F0E0
:2079C0000103DBB2002B04D0002003F053F800F05FF80620F9F748FC0346002B1AD01F207B
:2079E000F9F742FC034683F00103DBB2002B11D0002003F03FF800F0BBF80BE0FB7B184654
:207A000000F026F907E0FB7B184600F019FB02E000BF8BE700BF89E7F42F002002300020C1
:207A20000730002080B483B000AF03460A46FB711346BB71FB79002B0FD1BB79082B0CD885
:207A4000BB79012202FA03F39AB2104B1B889BB213439AB20D4B1A8012E0FB79012B0FD140
:207A6000BB79042B0CD8BB790933012202FA03F39AB2064B1B889BB213439AB2034B1A8023
:207A800000BF0C37BD465DF8047B70470030002080B500AF0520F8F7E3FD0346002B07D0E3
:207AA000324B1B7843F02003DAB2304B1A7006E02E4B1B7823F02003DAB22C4B1A700620F4
:207AC000F8F7CEFD0346002B07D0284B1B7843F04003DAB2254B1A7006E0244B1B7823F0A4
:207AE0004003DAB2214B1A700720F8F7B9FD0346002B07D01D4B1B7863F07F03DAB21B4BE8
:207B00001A7006E0194B1B7803F07F03DAB2174B1A700420F8F7A4FD0346002B07D0134BB4
:207B20005B7843F00103DAB2104B5A7006E00F4B5B7823F00103DAB20C4B5A700320F8F7A1
:207B40008FFD0346002B07D0084B5B7843F00203DAB2064B5A7006E0044B5B7823F0020329
:207B6000DAB2024B5A7000BF80BD00BF2430002080B500AF0520F8F773FD0346002B07D080
:207B8000324B1B7843F02003DAB2304B1A7006E02E4B1B7823F02003DAB22C4B1A70062013
:207BA000F8F75EFD0346002B07D0284B1B7843F04003DAB2254B1A7006E0244B1B7823F033
:207BC0004003DAB2214B1A700720F8F749FD0346002B07D01D4B1B7863F07F03DAB21B4B77
:207BE0001A7006E0194B1B7803F07F03DAB2174B1A700420F8F734FD0346002B07D0134B44
:207C00005B7843F00103DAB2104B5A7006E00F4B5B7823F00103DAB20C4B5A700320F8F7C0
:207C20001FFD0346002B07D0084B5B7843F00203DAB2064B5A7006E0044B5B7823F00203B8
:207C4000DAB2024B5A7000BF80BD00BF2C30002080B584B000AF0346FB71FEF7CDFBFB794C
:207C6000002B40F0C7811620F9F7FEFA0346002B10D0FDF7ABF80346012B0BD11720F9F7E0
:207C8000F3FA034683F00103DBB2002B02D0FDF749F824E0FDF79AF80346012B0BD1052078
:207CA000F9F7E2FA0346002B05D0FDF73BF80520F9F7B4FA13E0FDF789F80346012B0ED109
:207CC0002920F9F7D1FA0346002B08D02920F9F7A5FAFEF701FBFEF76DFBFDF723F802F02D
:207CE00053FE0346002B1DD002F032F80346012B18D13820F9F7B8FA034683F00103DBB211
:207D0000002B0FD0AE4B1B780133DAB2AC4B1A70AB4B1B780E2B05D9A94B00221A7000202C
:207D200002F01CFE2920F9F79FFA0346002B06D02920F9F773FAFEF7CFFAFEF73BFBFDF798
:207D400039F80346FB73FB7B012B02D0FB7B022B17D19C4B1B78FA7B9A4202D09A4B002298
:207D60001A70994B1B780133DAB2974B1A70964B1B78042B08D9944B00221A70FDF732F8A9
:207D800002E0914B00221A708E4AFB7B13702F20F9F76AFA0346002B04D02F20F9F73EFA46
:207DA000FEF708FB3120F9F75FFA0346002B00F0C28002F075FE034683F00103DBB2002BAE
:207DC0005CD0824B1B785A1CD1B2804A11703C2B43D83020F9F7FEF97C4B1B78002B2ED097
:207DE0007A4B1B78142B2AD83220F9F73DFA0346002B0CD03320F9F737FA034683F00103ED
:207E0000DBB2002B03D0012004F016FA16E03220F9F72AFA034683F00103DBB2002B09D005
:207E20003320F9F721FA0346002B03D0002004F003FA03E0002004F0FFF98BE08AE0634B1A
:207E40001B78142B40F28680604B1B783C2B00F28180002004F0F0F97CE05C4B1B783C2B86
:207E600078D93020F9F7DAF93120F9F7D7F9574B3D221A70002004F0DFF96BE002F010FECB
:207E80000346002B66D0514B1B785A1CD1B24F4A11703C2B3ED84D4B1B78002B2ED04B4B8F
:207EA0001B78142B2AD83220F9F7DEF90346002B0CD03320F9F7D8F9034683F00103DBB224
:207EC000002B03D0012004F0B7F916E03220F9F7CBF9034683F00103DBB2002B09D033203F
:207EE000F9F7C2F90346002B03D0002004F0A4F903E0002004F0A0F92CE02BE0334B1B7827
:207F0000142B27D9314B1B783C2B23D8002004F093F91FE02D4B1B783C2B1BD93020F9F76C
:207F20007DF93120F9F77AF9284B3D221A70002004F082F90EE0254B00221A70002004F00E
:207F40007BF93020F9F76AF93220F9F767F93320F9F764F93820F9F787F90346002B15D0A7
:207F600002F09EFD034683F00103DBB2002B0DD0174B1B780133DAB2154B1A70144B1B788E
:207F80003C2B03D83920F9F725F951E03820F9F76BF90346002B1DD00D4B1B783C2B19D9B6
:207FA00002F07EFD034683F00103DBB2002B11D0074B3D221A703920F9F730F938E000BF77
:207FC00006300020113000201030002012300020143000203820F9F747F9034683F001037C
:207FE000DBB2002B24D0144B00221A703920F9F715F91DE0FB79022B1AD1104B1B780133C8
:20800000DAB20E4B1A700D4B1B781D2B09D801F09FFE0346012B04D001F0FCFE0346012BA6
:2080200006D1064B00221A70002005F07FF9FFE700BF1037BD4680BD1430002010300020EF
:2080400080B584B000AF0346FB71FB79002B40F096801920F9F708F90346002B10D0534B52
:208060001B8801339AB2514B1A80504B1B88B3F5B45F05D31920F9F7D1F84C4B00221A8091
:208080003420F9F7F1F80346002B10D0484B1B8801339AB2464B1A80454B1B88EF2B09D94F
:2080A000434B00221A803420F9F7B8F802E0404B00221A801A20F9F7D7F80346002B15D007
:2080C0001920F9F7D1F80346002B0FD01A20F9F7A5F8FEF791F9FEF76DF91B20F9F77AF81D
:2080E000FEF770FA03461A46324B1A701A20F9F7BBF8034683F00103DBB2002B26D01B20EB
:20810000F9F7B2F80346002B20D0FEF75BFA0346FB73284B1B78FA7B9A4205D3254B1B782E
:20812000FA7BD31ADBB206E0224B1B78FA7BD31ADBB23C33DBB2BB73BB7B0E2B06D91B20C8
:20814000F9F76CF8FEF758F9FEF734F9F8F7ACF8F0EE407A184BC3ED007A174BD3ED007A0F
:208160009FED167AF4EEC77AF1EE10FA03DD2420F9F730F816E02420F9F750F812E0FB79C3
:20818000022B0FD10E4B1B780133DAB20C4B1A700B4B1B78012B05D9094B00221A70002032
:2081A00005F0C4F800BF1037BD4680BD0C3000200E3000200330002008300020000061C43E
:2081C0001C30002080B500AF05F0C0F80346002B40F0DE80854B4FF416721A80844B00227A
:2081E0001A701E20F9F740F80346002B03D0814B06221A70F8E001F025FD0346072B03D190
:208200007C4B09221A70EFE00420F9F72DF80346002B09D02720F9F727F80346002B03D0F0
:20822000744B00221A70DFE02520F9F71DF80346002B00F09D802720F9F716F8034683F048
:208240000103DBB2002B00F093806B4B1B7883F00103DBB2002B79D0684B1B780133DAB298
:20826000664B1A70664B1B78062B73D801A252F823F000BF91820100AD820100C9820100B4
:20828000E5820100018301001D83010039830100584B00221A70594B1B78312B5CD9574BDA
:2082A00000221A70564B01221A7055E0514B06221A70524B1B78182B50D9504B00221A705E
:2082C0004F4B02221A7049E04A4B00221A704B4B1B78182B44D9494B00221A70484B03226B
:2082E0001A703DE0434B06221A70444B1B78182B38D9424B00221A70414B04221A7031E09B
:208300003C4B00221A703D4B1B78182B2CD93B4B00221A703A4B05221A7025E0354B0622B2
:208320001A70364B1B78182B20D9344B00221A70334B06221A7019E02E4B00221A702E4B71
:2083400001221A702720F8F745FF10E0294B00221A7049E000BF47E000BF45E000BF43E011
:2083600000BF41E000BF3FE000BF3DE000BF3BE001F0E0FC03461A461E4B1A701F4B002294
:208380001A701F4B00221A701B4B00221A702BE004F0DCFF0346012B1DD1144B1B880133B8
:2083A0009AB2124B1A80114B1B88042B1CD90F4B00221A800E4B1B78142B02D90C4B0022C2
:2083C0001A700C4B07221A70094B1B780133DAB2074B1A7008E004F0B9FF0346022B03D1A8
:2083E000044B0A221A70FFE700BF80BDE80800201330002007300020153000200430002013
:208400000530002080B483B000AF0346FB71044AFB79137000BF0C37BD465DF8047B704767
:208420000230002080B400AF034B00221A7000BFBD465DF8047B70471230002080B400AF7B
:20844000034B00221A7000BFBD465DF8047B70470630002080B400AF044B1B6807EE903A0B
:20846000B0EE670ABD465DF8047B704708300020B0B588B002AF78607B681B6840F26B22BC
:20848000934240F0C8827B681B7B9F2B58D09F2B00F3C1827F2B00F0A4827F2B00F3BB8288
:2084A0002F2B49DC102BC0F2B682103B1F2B00F2B28201A252F823F0A1890100178A010090
:2084C000178A0100178A0100178A0100178A0100178A0100178A01004D890100178A010057
:2084E000178A0100178A0100178A0100178A0100178A0100178A0100178A0100178A01006C
:208500004B860100E3870100178A0100178A0100178A0100178A0100178A0100178A010052
:20852000178A0100178A0100178A0100178A0100178A010067850100442B00F06E816AE28A
:208540007B68587B7B68997B7B68DC7B7B681D7C7B685B7C7A68927C019200932B4622460F
:20856000FDF77EFF57E27B685B7B022B56D0022B63DC002B30D0012B5FD100214FF402707C
:20858000F8F756F84FF47A700DF01AFE012140F20620F8F74DF84FF47A700DF011FE002154
:2085A00040F20620F8F744F84FF47A700DF008FE012140F20710F8F73BF840F6B8300DF060
:2085C000FFFD002140F20710F8F732F8012201212F2002F095F837E001214FF40270F8F72C
:2085E00027F8012140F20620F8F722F84FF47A700DF0E6FD002140F20620F8F719F84FF410
:208600007A700DF0DDFD012140F20710F8F710F8012200212F2002F073F815E01F20F8F724
:2086200023FE0346002B05D10620F8F71DFE0346002B08D002F068F905E0002212212F2077
:2086400002F05EF800E000BFE5E17B685B7B013B0F2B00F2BE8001A252F823F09D860100EA
:20866000D3870100AF870100B5870100BD870100C5870100D3870100D3870100D387010088
:20868000D3870100D3870100D3870100D3870100D3870100D3870100CD8701007B689B7B6A
:2086A000BB757B680F333B61BB7D102B20D13B691B781AB23B6901331B781BB21B021BB240
:2086C00013431BB29AB2B24B1A823B6902331A78AF4B9A743B6903331A78AD4BDA743B69C9
:2086E00004331A78AA4B1A75AA4B01221A7034E0BB7D202B1DD13B691A78A54B5A753B696D
:2087000001331B781A463B6902331B781B021A433B6903331B781B041A433B6904331B78F5
:208720001B0613439A4AC2F816309A4B01225A7013E0BB7D302B10D13B691B781AB23B69FE
:2087400001331B781BB21B021BB213431BB29AB28F4B5A838F4B01229A708E4B1B78002BD7
:208760003DD08C4B5B78002B39D08A4B9B78002B35D0884B00229A70864B9A78854B5A707A
:20878000844B5A78834B1A70FDF714FE0346FB73FB7B002B05D101220121222001F0B0FF85
:2087A0001DE000221021222001F0AAFF17E002F07FF815E01C20F8F70DFD11E02020F8F7E3
:2087C00009FD0DE02120F8F705FD09E001F066FE06E000221221222001F092FF00E000BF98
:2087E00019E17B685B7B022B10D1FDF7CDFD0346FB75FB7D002B03D11D20F8F7EBFC0BE0CC
:2088000000221021232001F07BFF05E000221221232001F075FF00BFFDE07B685B7B032BF2
:2088200000F28D8001A252F823F000BF8D8801003D880100C18801000B8901001F20F8F791
:2088400013FD034683F00103DBB2002B18D00620F8F70AFD034683F00103DBB2002B0FD035
:20886000082200214C480FF0B1FC00F017F9786803F0EAFE1F20F8F7ADFC02F03FF964E06D
:2088800000221021442001F03BFF5EE01F20F8F7C5FC02F019F90346012B08D102F022F96A
:2088A00003461D2B03D9002002F0E4F802E0012002F0E0F80822002137480FF087FC44E020
:2088C0000620F8F7D1FC034683F00103DBB2002B15D01F20F8F7C8FC034683F00103DBB21A
:2088E000002B0CD0082200212C480FF06FFC00F0D5F80620F8F76EFC02F000F925E00022FA
:208900001021442001F0FCFE1FE00620F8F786FC02F0DAF80346012B08D102F0E3F8034619
:208920001D2B03D9002002F0A5F802E0012002F0A1F80822002119480FF048FC05E00022E0
:208940001221442001F0DCFE00BF64E07B685B7B002B15D11F20F8F787FC0346002B05D1ED
:208960000620F8F781FC0346002B03D01E20F8F731FC0BE000222221182001F0C1FE05E0A7
:2089800000221221182001F0BBFE00BF43E000BF182F002020300020243000202C30002038
:2089A0007B685B7B002B15D11F20F8F75DFC0346002B05D10620F8F757FC0346002B03D06D
:2089C0001E20F8F72BFC0BE000222221102001F097FE05E000221221102001F091FE00BF94
:2089E00019E07B685B7B012B14D11F20F8F73CFC0346002B05D10620F8F736FC0346002B49
:208A000002D000F063F804E0002222217F2001F077FE00BF00BF00BF1837BD46B0BD00BF30
:208A200080B582B000AF0023FB71FDF7BDF903461A46FB791344FB71FDF706FA03461A466A
:208A4000FB791344FB71FB79002B0FD1114B1B7843F00103DAB20F4B1A700F4B1B7843F0AA
:208A60000103DAB20C4B1A7001230EE0094B1B7823F00103DAB2074B1A70074B1B7823F015
:208A80000103DAB2044B1A70002318460837BD4680BD00BF243000202C30002080B500AFDA
:208AA000FFF7BEFF074B1B7843F00803DAB2054B1A70054B1B7843F00803DAB2024B1A70F6
:208AC00000BF80BD243000202C30002080B500AF012201217F2001F013FE64200DF070FBF4
:208AE000FCF71DFB012140F20740F7F7A1FD012140F20620F7F79CFD012140F20720F7F7DA
:208B000097FD012140F20D10F7F792FD01214FF48060F7F78DFD0449044807F0A3FB03489D
:208B200007F0BEFB00BF80BD98990200C845002080B584B000AF78600023FB607B68002BAD
:208B400030D01A4B5B68002B2CD07B681B6840F2FA7293420BD07B681B6840F2FB72934238
:208B600005D07B681B6840F2C172934202D1002004F0F8FB0D4B586807F10C020023796884
:208B80000CF0DCFC0020F7F75DFCFB68002B09D0074B4FF080525A60BFF34F8F00BFBFF315
:208BA0006F8F00BF00BF1037BD4680BD3830002000ED00E080B588B000AF786007F10C0362
:208BC00000221A605A609A60DA601A6140F2445200216A480FF0FAFA694B5B6807F10C0186
:208BE0004FF0FF3218460CF061FD0346012BF3D101F0A6FBFB6840F2FD72934200F26787C9
:208C000040F2F37293424AD240F2C272934200F0368740F2C272934200F2598740F2C17272
:208C2000934200F0AD8440F2C172934200F24F8740F24172934200F0D08440F24172934284
:208C400000F2458740F22372934200F24087B3F5E06F43D240F26662934200F0918440F2EF
:208C60006662934200F2338740F20442934200F0068740F20442934200F2298740F28B3203
:208C8000934200F0FC86B3F5637F80F02087752B00F2CC83202B80F0158300F018BFA3F25C
:208CA000F3730A2B00F2138701A252F823F000BF7F9A0100CF9A0100CF9A01007F9A0100C6
:208CC000CF9A0100CF9A0100CF9A01008195010081950100CF9A0100C59A0100A3F5E06383
:208CE000232B00F2F48601A252F823F093950100AB95010023960100CF9A0100CF9A0100C2
:208D00000B960100CF9A0100CF9A0100CF9A0100CF9A0100CF9A0100CF9A0100CF9A0100CB
:208D2000CF9A0100CF9A0100CF9A0100CF9A0100AF9A0100CF9A0100CF9A0100CF9A010003
:208D4000CF9A0100CF9A0100CF9A0100CF9A0100CF9A0100CF9A0100CF9A0100CF9A0100C3
:208D6000CF9A0100CF9A0100CF9A0100CF9A0100CF9A0100CF9A0100C3950100443000208A
:208D800038300020A3F24113B3F5A57F00F29F8601A252F823F000BF039701006D9A01001D
:208DA000CF9A0100CD980100DD98010013970100ED98010023970100CF9A01000998010075
:208DC000CF9A0100FD9801004D9A0100CF9A0100CF9A010061950100CF9A0100CF9A01000C
:208DE000CF9A0100CF9A0100CF9A0100CF9A0100CF9A0100CF9A0100CF9A0100CF9A010023
:208E0000CF9A0100CF9A0100CF9A0100CF9A0100CF9A0100CF9A0100CF9A0100CF9A010002
:208E2000CF9A0100CF9A0100CF9A0100CF9A0100CF9A0100CF9A0100CF9A0100CF9A0100E2
:208E4000CF9A0100CF9A0100CF9A0100CF9A0100CF9A0100CF9A0100CF9A0100CF9A0100C2
:208E6000CF9A0100CF9A0100CF9A0100CF9A0100CF9A0100CF9A0100CF9A0100CF9A0100A2
:208E8000CF9A0100CF9A0100CF9A0100CF9A0100CF9A0100CF9A0100CF9A0100CF9A010082
:208EA000CF9A0100CF9A0100CF9A0100CF9A0100CF9A0100CF9A0100CF9A0100CF9A010062
:208EC000CF9A0100CF9A0100CF9A0100CF9A0100CF9A0100CF9A0100CF9A0100CF9A010042
:208EE000CF9A0100CF9A0100CF9A0100CF9A0100CF9A0100CF9A0100CF9A0100CF9A010022
:208F0000CF9A0100CF9A0100CF9A0100CF9A0100CF9A0100CF9A0100CF9A0100CF9A010001
:208F2000CF9A0100CF9A0100CF9A0100CF9A0100CF9A0100CF9A0100CF9A0100CF9A0100E1
:208F4000CF9A0100CF9A0100CF9A0100CF9A0100CF9A0100CF9A0100CF9A0100CF9A0100C1
:208F6000CF9A0100CF9A0100CF9A0100CF9A0100CF9A0100CF9A0100CF9A0100CF9A0100A1
:208F8000CF9A0100CF9A0100CF9A0100CF9A0100CF9A0100CF9A0100CF9A0100CF9A010081
:208FA000CF9A0100CF9A0100CF9A0100CF9A0100CF9A0100CF9A0100CF9A0100CF9A010061
:208FC000CF9A0100CF9A0100CF9A0100CF9A0100CF9A0100CF9A0100CF9A0100CF9A010041
:208FE000CF9A0100CF9A0100CF9A0100CF9A0100CF9A0100CF9A0100CF9A0100CF9A010021
:20900000CF9A0100CF9A0100CF9A0100CF9A0100CF9A0100CF9A0100CF9A0100CF9A010000
:20902000CF9A0100CF9A0100CF9A0100CF9A0100CF9A0100CF9A0100CF9A0100CF9A0100E0
:20904000CF9A0100CF9A0100CF9A0100CF9A0100CF9A0100CF9A0100CF9A0100CF9A0100C0
:20906000CF9A0100CF9A0100CF9A0100CF9A0100CF9A0100CF9A0100CF9A0100CF9A0100A0
:20908000CF9A0100CF9A0100CF9A0100CF9A0100CF9A0100CF9A0100CF9A0100CF9A010080
:2090A000CF9A0100CF9A0100CF9A0100CF9A0100CF9A0100CF9A0100CF9A0100CF9A010060
:2090C000CF9A0100CF9A0100CF9A0100CF9A0100CF9A0100CF9A0100CF9A0100CF9A010040
:2090E000CF9A0100CF9A0100CF9A0100CF9A0100CF9A0100CF9A0100CF9A0100CF9A010020
:20910000CF9A0100CF9A0100CF9A0100CF9A0100CF9A0100CF9A0100CF9A0100CF9A0100FF
:20912000CF9A0100CF9A0100CF9A0100CF9A0100CF9A0100CF9A0100CF9A0100CF9A0100DF
:20914000CF9A0100CF9A0100CF9A0100CF9A0100CF9A0100CF9A0100CF9A0100CF9A0100BF
:20916000CF9A01000D990100CF9A01001D9901005D990100739701006D9901007D9901009D
:209180008D9901009D990100AD990100CF9A0100CF9A0100CF9A0100F39501004397010088
:2091A00053970100BD99010063970100CD990100DD990100CF9A0100CF9A0100CF9A010056
:2091C000CF9A01002D9901003D9901003F940100ED940100CF9A010055980100CF9A01006F
:2091E000CF9A0100CF9A0100CF9A0100CF9A0100CF9A0100CF9A0100CF9A0100CF9A01001F
:20920000CF9A0100CF9A0100CF9A0100CF9A0100CF9A0100CF9A0100ED990100FD990100B4
:209220000D9A01001D9A01002D9A01003D9A0100CF9A0100CF9A0100CF9A01003598010022
:20924000A39A0100CF9A0100CF9A01006598010075980100CF9A0100CF9A0100CF9A0100B2
:20926000CF9A0100CF9A0100CF9A0100CF9A0100CF9A0100CF9A0100CF9A0100CF9A01009E
:20928000CF9A0100CF9A0100CF9A0100CF9A0100CF9A0100CF9A0100CF9A0100CF9A01007E
:2092A000CF9A0100CF9A0100CF9A0100CF9A0100CF9A0100CF9A0100CF9A0100CF9A01005E
:2092C0007F9A0100203B552B00F2018401A252F823F000BF3B960100CF9A0100CF9A0100BD
:2092E000CF9A0100CF9A0100CF9A0100CF9A0100CF9A0100CF9A0100CF9A0100CF9A01001E
:20930000CF9A0100CF9A0100CF9A0100CF9A0100CF9A0100CF9A01006B96010053960100E5
:20932000839601009B960100CF9A01004D990100CF9A0100CF9A0100CF9A0100CF9A0100E8
:20934000CF9A0100CF9A0100CF9A0100CF9A0100CF9A0100CF9A0100B39601008598010029
:20936000C3960100D3960100F3960100AD980100CF9A010045980100CF9A0100CF9A01003D
:20938000CF9A0100CF9A0100CF9A0100CF9A0100CF9A0100CF9A0100CF9A0100CF9A01007D
:2093A000CF9A0100CF9A0100CF9A0100CF9A0100CF9A0100CF9A0100CF9A0100CF9A01005D
:2093C000CF9A0100CF9A0100CF9A0100CF9A0100CF9A0100CF9A0100CF9A0100CF9A01003D
:2093E000CF9A0100CF9A0100CF9A0100CF9A0100CF9A0100CF9A0100CF9A0100CF9A01001D
:20940000CF9A0100CF9A0100CF9A0100CF9A0100CF9A0100CF9A0100CF9A0100CF9A0100FC
:20942000CF9A0100CF9A0100BD980100B3F5237F80F04D83B3F5A07F3FF6A4AC47E3D14BE6
:2094400001221A702520F7F7E9FE0420F7F7E6FE2720F7F7E3FE07F10C030C33082219466A
:20946000C948F7F749FA07F10C0314221946C748F7F742FAC44B5B68C3F317031846FCF7E2
:2094800039FFC14B1B88C3F30D039BB219460120FCF75CFFBC4B5B88C3F30D039BB21946A8
:2094A0000220FCF753FF022001F0AEFA0346012B09D1B54B5B88C3F30D039BB2002B02D147
:2094C000002001F08BFA012001F09EFA0346012B40F0FF82AC4B1B88C3F30D039BB2002B4E
:2094E00040F0F782002001F063FAF2E2A54B01221A702520F7F792FE0420F7F78FFE27203B
:20950000F7F78CFE07F10C030C3308221946A048F7F7F2F99C4B93F8293003F01E03DBB2D7
:209520000E2B15D1984A537B092161F38503537307F10C030C33082295491846F7F7DCF921
:2095400007F10C03142219469248F7F7D5F9C1E207F10C03142219468F48F7F7CDF9B9E274
:2095600007F10C030C33082219468C48F7F7C4F907F10C03142219468948F7F7BDF9A9E201
:209580000020FEF73FFF07F10C03184603F086FAA0E200210020FEF745FA07F10C0314226C
:2095A00019468048F7F7A8F994E201210020FEF739FA07F10C03142219467B48F7F79CF933
:2095C00088E203210020FEF72DFA07F10C03142219467648F7F790F97CE205210020FEF757
:2095E00021FA07F10C03142219467148F7F784F970E206210020FEF715FA07F10C031422B6
:2096000019466C48F7F778F964E207210020FEF709FA07F10C03142219466748F7F76CF9B4
:2096200058E208210020FEF7FDF907F10C03142219466248F7F760F94CE207F10C031422C4
:2096400019465F48F7F758F900210120FEF7EAF940E207F10C03142219465A48F7F74CF918
:2096600001210120FEF7DEF934E207F10C03142219465548F7F740F902210120FEF7D2F961
:2096800028E207F10C03142219465048F7F734F903210120FEF7C6F91CE207F10C0314223D
:2096A00019464B48F7F728F904210120FEF7BAF910E207F10C03142219464648F7F71CF99C
:2096C00008E207F10C03142219464348F7F714F900E207F10C03142219464048F7F70CF985
:2096E00007F10C030C33082219463D48F7F704F9F0E107F10C03142219463A48F7F7FCF85A
:20970000E8E107F10C03142219463748F7F7F4F8E0E107F10C03142219463448F7F7ECF8E0
:20972000D8E107F10C03142219463148F7F7E4F807F10C030C33082219462E48F7F7DCF88A
:20974000C8E107F10C03142219462B48F7F7D4F8C0E107F10C03142219462848F7F7CCF838
:20976000B8E107F10C03142219462548F7F7C4F8B0E107F10C03142219462248F7F7BCF864
:20978000A8E100BF3530002044300020BC3300204C30002078310020D0330020543000202D
:2097A000E43300207034002084340020AC340020D4340020E8340020FC34002010350020BD
:2097C00024350020383500204C3500206035002074350020883000209C300020B0300020A0
:2097E00074300020C4300020F83300200C340020203400206C30002034340020D830002006
:20980000EC3000200031002007F10C0314221946B248F7F771F808220021B1480EF0D6FCBA
:20982000BB7C1A4607F10C030C331946AC48F7F763F84FE107F10C0314221946A948F7F704
:209840005BF847E107F10C0314221946A648F7F753F83FE107F10C0314221946A348F7F735
:209860004BF837E107F10C0314221946A048F7F743F82FE107F10C03142219469D48F7F761
:209880003BF827E19C4B01221A7007F10C03142219469A48F7F730F8BB7C1A4607F10C03C7
:2098A0000C3319469648F7F727F813E107F10C03142219469348F7F71FF80BE107F10C03BC
:2098C000142219469048F7F717F803E107F10C03142219468D48F7F70FF8FBE007F10C03F2
:2098E000142219468A48F7F707F8F3E007F10C03142219468748F6F7FFFFEBE007F10C0319
:20990000142219468448F6F7F7FFE3E007F10C03142219468148F6F7EFFFDBE007F10C033E
:20992000142219467E48F6F7E7FFD3E007F10C03142219467B48F6F7DFFFCBE007F10C036A
:20994000142219467848F6F7D7FFC3E007F10C03142219467548F6F7CFFFBBE007F10C0396
:20996000142219467248F6F7C7FFB3E007F10C03142219466F48F6F7BFFFABE007F10C03C2
:20998000142219466C48F6F7B7FFA3E007F10C03142219466948F6F7AFFF9BE007F10C03EE
:2099A000142219466648F6F7A7FF93E007F10C03142219466348F6F79FFF8BE007F10C031A
:2099C000142219466048F6F797FF83E007F10C03142219465D48F6F78FFF7BE007F10C0346
:2099E000142219465A48F6F787FF73E007F10C03142219465748F6F77FFF6BE007F10C0372
:209A0000142219465448F6F777FF63E007F10C03142219465148F6F76FFF5BE007F10C039D
:209A2000142219464E48F6F767FF53E007F10C03142219464B48F6F75FFF4BE007F10C03C9
:209A4000142219464848F6F757FF43E007F10C030C33082219464548F6F74EFF07F10C03DE
:209A6000142219464248F6F747FF33E007F10C030C33082219463F48F6F73EFF2AE003F004
:209A800081FC0346012B08D132200CF099FB07F10C03184602F01EFC1CE00020FEF7B2FCE9
:209AA00018E007F10C031846FEF7E2FC12E007F10C030C33042219462F48F6F71DFF00F049
:209AC000EBFB07E03B7E1846FBF709FF02E000BF00E000BF00F042FCFFF77EB84834002072
:209AE0007C30002014310020283100203C3100205031002064310020353000208C31002077
:209B000088350020A0310020B4310020C8310020DC310020F0310020043200202C32002017
:209B20004032002054320020683200207C32002090320020A4320020B8320020CC32002065
:209B4000E0320020F4320020083300201C3300203033002044330020583300206C3300203F
:209B60008033002094330020A83300205C30002018320020643000208430002080B500AFAE
:209B80002D4B1B78DBB2002B06D02B4B00221A702A4B00221A704DE0284B1B780133DAB2F6
:209BA000264B1A70254B1B78012B43D90420F7F75BFB034683F00103DBB2002B17D0204B2D
:209BC0005B7B03F03C03DBB2002B10D01C4B5B7B03F03C03DBB2242B09D02520F7F7FAFA9A
:209BE0000420F7F7F7FA2720F7F718FB15E00420F7F73AFB034683F00103DBB2002B0CD08A
:209C00000F4B5B7B03F03C03DBB2002B05D10420F7F7E0FA2720F7F7DDFA00F091FB40F2AE
:209C20004452002106480EF0D1FA00F097FB034B00221A7000BF80BD3530002036300020D3
:209C40004430002080B400AF054B93F82930C3F34303DBB21846BD465DF8047B704700BF25
:209C60004430002080B483B000AF0346FB71FB79002B05D1084B1B88C3F30D039BB204E023
:209C8000054B5B88C3F30D039BB218460C37BD465DF8047B704700BF4430002080B400AF19
:209CA000044B5B68C3F317031846BD465DF8047B704700BF4430002080B400AF034BDB79FE
:209CC0001846BD465DF8047B704700BF4430002080B400AF034B1B891846BD465DF8047B3B
:209CE000704700BF4430002080B400AF034B5B891846BD465DF8047B704700BF4430002006
:209D000080B400AF034B1B7B1846BD465DF8047B704700BF4430002080B400AF044B5B7B35
:209D2000C3F30103DBB21846BD465DF8047B70474430002080B400AF044B5B7BC3F3830318
:209D4000DBB21846BD465DF8047B70474430002080B400AF044B1B7CC3F30003DBB2184689
:209D6000BD465DF8047B70474430002080B400AF044B1B7CC3F34003DBB21846BD465DF8BC
:209D8000047B70474430002080B400AF044B1B7CC3F38003DBB21846BD465DF8047B70477E
:209DA0004430002080B400AF044B1B7CC3F3C003DBB21846BD465DF8047B704744300020C0
:209DC00080B400AF044B1B7CC3F30013DBB21846BD465DF8047B70474430002080B400AF01
:209DE000044B1B7CC3F34013DBB21846BD465DF8047B70474430002080B400AF044B5B7C5E
:209E0000C3F30003DBB21846BD465DF8047B70474430002080B400AF044B5B7CC3F380033A
:209E2000DBB21846BD465DF8047B70474430002080B400AF044B5B7CC3F3C003DBB21846A8
:209E4000BD465DF8047B70474430002080B400AF044B5B7CC3F38013DBB21846BD465DF84B
:209E6000047B70474430002080B400AF044B5B7CC3F3C013DBB21846BD465DF8047B70470D
:209E80004430002080B400AF044B9B7CC3F30003DBB21846BD465DF8047B7047443000201F
:209EA00080B400AF044B9B7CC3F34203DBB21846BD465DF8047B70474430002080B400AF6E
:209EC000054B93F82C30C3F30013DBB21846BD465DF8047B704700BF4430002080B582B04F
:209EE00000AF78600B46FB7000F02AFAFA7813469B0013449B004033064A1344043314222C
:209F000019467868F6F7F8FC00F028FA00BF0837BD4680BD4430002080B582B000AF78604F
:209F20000B46FB7000F00CFAFA7813469B0013449B0003F5A473064A1344142219467868EC
:209F4000F6F7DAFC00F00AFA00BF0837BD4680BD4430002080B582B000AF78600B46FB70CE
:209F600000F0EEF9FA7813469B0013449B0003F58563074A13440433142219467868F6F791
:209F8000BBFC00F0EBF900BF0837BD4680BD00BF4430002080B582B000AF78600B46FB70FB
:209FA00000F0CEF9FA7813469B0013449B0003F59C63064A1344142219467868F6F79CFCFA
:209FC00000F0CCF900BF0837BD4680BD4430002080B582B000AF78607B68002B0CD00221FF
:209FE0000020FDF71FFD00F0ABF9142279680448F6F782FC00F0B2F900BF0837BD4680BDF6
:20A000009834002080B582B000AF78607B68002B0CD004210020FDF705FD00F091F9142291
:20A0200079680448F6F768FC00F098F900BF0837BD4680BDC034002080B584B000AF7860DF
:20A040002423FB737B68002B14D0FB7B242B11D800F076F9FA7B13469B0013449B0003F5F9
:20A06000A473064A1344142279681846F6F744FC00F074F900BF1037BD4680BD4430002049
:20A0800080B400AF034B5B8B1846BD465DF8047B704700BF4430002080B400AF034BB3F98D
:20A0A00018301846BD465DF8047B70474430002080B400AF044B5B8C43F30E031BB218464D
:20A0C000BD465DF8047B70474430002080B400AF074B93F82830C3F3C013DBB2002B14BF32
:20A0E00001230023DBB21846BD465DF8047B70474430002080B483B000AF0D4B7B6001239F
:20A10000FB700223BB70FB787A6813441B7B7B707A78BB7842FA03F3DBB203F001033B70D1
:20A120003B7818460C37BD465DF8047B704700BF3434002080B400AF164B1B8EC3F3090347
:20A140009BB2CE2B1BD0134B1A6B134B1340B3F54E3F14D00F4B5A8E43F6F07313409BB2A3
:20A16000B3F54E6F0BD00B4B93F833209209D2B293F834309B0013439BB2CE2B01D1012330
:20A1800000E0002303F00103DBB21846BD465DF8047B70474430002000FC0F0080B400AFCA
:20A1A000164B1B8EC3F309039BB2CF2B1BD0134B1A6B134B1340B3F54F3F14D00F4B5A8EB1
:20A1C00043F6F07313409BB2B3F54F6F0BD00B4B93F833209209D2B293F834309B001343CF
:20A1E0009BB2CF2B01D1012300E0002303F00103DBB21846BD465DF8047B7047443000201B
:20A2000000FC0F0080B485B000AF0346FB710023FB81FB79042B35D801A252F823F000BF58
:20A2200035A2010043A2010051A201005FA2010077A20100174B1B8EC3F309039BB2FB81BA
:20A2400021E0144B1B6BC3F389239BB2FB811AE0104B5B8EC3F309139BB2FB8113E00D4BC9
:20A2600093F833209209D2B293F834309B0013439BB2FB8107E0074B5B6BC3F309239BB20A
:20A28000FB8100E000BFFB8918461437BD465DF8047B70474430002080B500AF0C4B93F88E
:20A2A00040307B2B11D10A4B93F841307B2B0CD1074B93F842307B2B07D1054B93F84330B7
:20A2C000FF2B02D1002000F049FB00BF80BD00BF4430002080B500AF00F032F80822002195
:20A2E00003480DF073FF00F039F800BF80BD00BF7430002080B400AF034B93F83D3018467D
:20A30000BD465DF8047B70474430002080B400AF034B1B78DBB21846BD465DF8047B7047DE
:20A320003530002080B400AF044B1B7CC3F38013DBB21846BD465DF8047B70474430002079
:20A3400080B500AF044B9B684FF0FF3118460AF0ADFF00BF80BD00BF3830002080B500AF2D
:20A36000034B9B6818460AF06BFF00BF80BD00BF3830002080B586B000AF00233B7240F26B
:20A3800007737B600823BB7200237B723B1D0C33082209491846F6F7AFFA3B1D1846FFF74D
:20A3A00017FE3B1D19461920F6F71CF8034618461837BD4680BD00BFEC08002080B586B023
:20A3C00000AF00233B7240F229737B6000237B720323BB723B1D0C330822002118460DF0B5
:20A3E000F5FE0123BB743B1D0C33022208491846F6F782FA3B1D1846FFF704FE3B1D1946DF
:20A400001920F5F7EFFF034618461837BD4680BDF408002080B586B000AF00233B724FF4AA
:20A42000E1637B600423BB7200237B7201F056FE03463B7401F046FE03467B742E23BB746F
:20A4400001F058FE0346FB743B1D19461920F5F7C9FF034618461837BD4680BD80B586B0B8
:20A4600000AF00233B724FF4A6737B6000237B720823BB723B1D0C33082207491846F6F762
:20A480003BFA3B1D19461A20F5F7ACFF034618461837BD4680BD00BF9E35002080B588B0AA
:20A4A00000AF07F10C0300221A605A609A60DA601A613B1D00221A605A6001F0DFFD03461D
:20A4C00003F00103DAB23B7962F300033B7101F0EDFD034603F00103DAB23B7962F382030C
:20A4E0003B7101F01FFE034603F00103DAB23B7962F341033B7101F009FE034603F007039F
:20A50000DAB23B7962F347133B7101F017FE03467B7101F079FE0346C7F8063001F080FE50
:20A52000034603F00103DAB2BB7A62F30003BB722820F6F799FE03461A46BB7A62F3410352
:20A54000BB723420F6F790FE03461A463B7962F3C3033B7100233B7440F26D23FB600023C9
:20A560007B740823BB74391D07F10C030C3308221846F6F7C1F907F10C031846FFF75CFD13
:20A5800007F10C0319461820F5F72CFF034618462037BD4680BDFFFF90B587B000AF3B1D47
:20A5A00000221A605A609A60DA601A61FCF73AF80346643BDBB203F03F03D9B2334A937CB0
:20A5C00061F305039374FCF721F8034603F00F03D9B22E4A538A61F389135382FCF70AF824
:20A5E000034603F01F03D9B2284AD37C61F38603D374FBF7DBFF034603F01F03DAB2234B69
:20A6000002F00101CC01D97C01F07F01084621460143D9745208D2B202F00F0202F00F008B
:20A620001A7D22F00F02114602460A431A75FBF7C9FF034603F03F03D9B2144A938A61F353
:20A6400009139382FBF7CAFF034603F03F03D9B20E4A537D61F38703537500233B727523CF
:20A660007B6000237B720823BB723B1D0C33042207491846F6F740F93B1D19461820F5F72B
:20A68000B1FE034618461C37BD4690BD9C350020AE35002080B586B000AF154B1B68154A71
:20A6A000934220D100233B7240F22E437B6000237B720823BB723B1D0C3304220E491846AC
:20A6C000F6F71AF93B1D103304220C491846F6F713F93B1D19461920F5F784FE3822002134
:20A6E00003480DF073FD00BF1837BD4680BD00BFD00A0020EFBEADDED40A0020D80A002063
:20A7000080B588B000AF0346FB710B46BB7113467B7100233B744FF41B73FB6000237B7496
:20A720000823BB7407F10C030C330822002118460DF04CFD7B79002B06D17F233B76FB79CD
:20A740007B76BB79BB7608E07B79012B05D1FB794033DBB23B76BB797B7607F10C03194615
:20A760001920F5F73FFE00BF2037BD4680BDFFFF80B586B000AF00233B7240F205437B60E4
:20A7800000237B720823BB7201F0C0FC0346012B0ED1164B1B7843F00403DAB2134B1A70AE
:20A7A000134B1B7843F00403DAB2114B1A700DE00E4B1B7823F00403DAB20C4B1A700C4B45
:20A7C0001B7823F00403DAB2094B1A70074A07F110031068516803C33B1D19461B20F5F731
:20A7E00001FE00BF1837BD4680BD00BF243000202C30002080B588B000AF00233B7240F23F
:20A8000005437B6000237B720823BB7201F07EFC0346012B0ED1234B1B7843F00403DAB227
:20A82000204B1A70204B1B7843F00403DAB21E4B1A700DE01B4B1B7823F00403DAB2194B7C
:20A840001A70194B1B7823F00403DAB2164B1A70FDF700FE87ED070AD7ED077A9FED137A11
:20A8600067EE877AFDEEE77A17EE903A7B837B8BDAB20D4B9A70B7F91A301B121BB2DAB2F5
:20A88000094BDA70084A07F110031068516803C33B1D19461B20F5F7A5FD00BF2037BD462D
:20A8A00080BD00BF243000202C3000200000C84280B586B000AF01F09DFC786100233B7156
:20A8C0004FF41B733B6000237B710823BB713B460C330822002118460DF078FC62233B7399
:20A8E00003237B733B460E330622796918460DF07DFC3B4619461820F5F774FD0346184688
:20A900001837BD4680BDFFFF80B586B000AF00233B724FF41B737B6000237B720823BB72AC
:20A920003B1D0C330822002118460DF04FFC6F233B7402237B74084A07F1120311681960E9
:20A9400092889A803B1D19461820F5F74BFD00BF1837BD4680BD00BFF808002080B483B00C
:20A9600000AF0346FB71FB7903F00103D9B2054A937861F30003937000BF0C37BD465DF86F
:20A98000047B70479C35002080B400AF074B9B78C3F30003DBB2002B14BF01230023DBB230
:20A9A0001846BD465DF8047B704700BF9C35002080B483B000AF0346FB71FB7903F00103C5
:20A9C000D9B2054A937961F38203937100BF0C37BD465DF8047B70479C35002080B483B0CC
:20A9E00000AF0346FB71FB7903F00103D9B2054A937961F3C303937100BF0C37BD465DF82A
:20AA0000047B70479C35002080B483B000AF0346FB71FB79012B05D10A4B9B79C3F380032C
:20AA2000DBB209E0FB79022B05D1064B9B79C3F3C003DBB200E0032318460C37BD465DF8BF
:20AA4000047B70479C35002080B483B000AF0346FB71FB7903F00103D9B2054A137861F3E0
:20AA60000003137000BF0C37BD465DF8047B70479C35002080B483B000AF0346FB71FB7990
:20AA800083F00103D9B2054A137861F34103137000BF0C37BD465DF8047B70479C3500203E
:20AAA00080B400AF074B1B7803F00203DBB2002B0CBF01230023DBB21846BD465DF8047B4A
:20AAC000704700BF9C35002080B400AF044B1B78C3F30003DBB21846BD465DF8047B704718
:20AAE0009C35002080B400AF034B1B781846BD465DF8047B704700BFB235002080B400AF0C
:20AB0000074B1B7803F00103DBB2002B02D0054B00221A7000BFBD465DF8047B704700BFC7
:20AB20009C350020B235002090B59DB000AF7860002387F85F30F6F703FB03461A46CE4B26
:20AB40001A70FFF7A7FDCD4B5B6807F15F014FF0FF3218460AF0AAFD0346012BF3D197F867
:20AB60005F30013B052B00F25F8401A252F823F089AB010041B10100D3B2010029B301007A
:20AB800029B4010019B401001C20F6F76DFB0346002B00F0FD8007F1480300221A605A60FE
:20ABA0009A60DA601A614FF000024FF00003C7E918234FF41B73BB64622387F854300423D9
:20ABC00087F85530082387F84E30AD4B1B78022B00F0BB80022B00F32A84002B03D0012B6E
:20ABE0005AD000F024BC01F0CDFA51EC100BA0A3D3E900230DF016F802460B4610461946D0
:20AC00000DF072FA02460B46C7E91823102387F8563097F8603087F85730D7E918014FF0D2
:20AC200000024FF00003020A42EA01620B0AD3B287F85830D7E918014FF000024FF0000338
:20AC4000020C42EA01420B0CD3B287F85930D7E918014FF000024FF00003020E42EA012218
:20AC60000B0ED3B287F85A30D7E918014FF000024FF000030A000023D3B287F85B3007F11D
:20AC8000480319461820F5F7ADFB7D4B1B780133DAB27B4B1A7049E201F086FA51EC100BDF
:20ACA00073A3D3E900230CF0BDFF02460B46104619460DF019FA02460B46C7E918232023C2
:20ACC00087F8563097F8603087F85730D7E918014FF000024FF00003020A42EA01620B0A3E
:20ACE000D3B287F85830D7E918014FF000024FF00003020C42EA01420B0CD3B287F859304B
:20AD0000D7E918014FF000024FF00003020E42EA01220B0ED3B287F85A30D7E918014FF0B9
:20AD200000024FF000030A000023D3B287F85B3007F1480319461820F5F754FB504B1B78D0
:20AD40000133DAB24E4B1A70F0E1302387F85630FF2387F8573001F0FDF9034687F8583088
:20AD600001F004FA034687F85930002387F85A30002387F85B3007F1480319461820F5F774
:20AD800031FB3F4B00221A701C20F6F747FACDE11D20F6F769FA0346002B00F0AA8007F126
:20ADA000340300221A605A609A60DA601A61002387F838304FF41B737B63002387F8393093
:20ADC000082387F83A30632387F84030022387F841302C4B1B78022B58D0022B71DC002BD1
:20ADE00002D0012B1ED06CE0102387F84230264B1B8A9BB2DBB287F84330234B1B8A9BB2B5
:20AE00001B0A9BB2DBB287F844301F4B9B7C87F845301D4BDB7C87F846301B4B1B7D87F89A
:20AE200047304EE0202387F84230174B5B7D87F84330154BD3F81630DBB287F84430124BBF
:20AE4000D3F816301B0ADBB287F845300E4BD3F816301B0CDBB287F846300B4BD3F81630C1
:20AE60001B0EDBB287F847302BE000BFAFF3008000000000006AF8409835002090350020C6
:20AE8000B3350020B4350020182F0020302387F84230A74B5B8B9BB2DBB287F84330A44B63
:20AEA0005B8B9BB21B0A9BB2DBB287F84430002387F84530002387F84630002387F8473025
:20AEC00000BF07F1340319461820F5F78BFA994B1B780133DAB2974B1A70964B1B78022B38
:20AEE00040F2A582934B00221A701D20F6F796F99DE22020F6F7B8F90346002B00F08880ED
:20AF000007F1200300221A605A609A60DA601A6101F05CF9B866002387F824304FF41B73E6
:20AF20003B62002387F82530082387F82630622387F82C30052387F82D307F4B1B78022B8F
:20AF400036D0022B4CDC002B02D0012B18D047E0102387F82E30BB6E1B7887F82F30BB6E8B
:20AF60005B7887F83030BB6E9B7887F83130BB6EDB7887F83230BB6E1B7987F833302FE0F8
:20AF8000202387F82E30BB6E5B7987F82F30BB6E9B7987F83030BB6EDB7987F83130BB6E14
:20AFA0001B7A87F83230BB6E5B7A87F8333017E0302387F82E30BB6E9B7A87F82F30BB6ECF
:20AFC000DB7A87F83030BB6E1B7B87F83130BB6E5B7B87F83230BB6E9B7B87F8333000BFDE
:20AFE00007F1200319461820F5F7FCF9524B1B780133DAB2504B1A704F4B1B78022B40F21D
:20B0000016824D4B00221A702020F6F707F90EE22120F6F729F90346002B00F0088207F101
:20B020000C0300221A605A609A60DA601A6101F0D7F8F86600233B744FF41B73FB600023BD
:20B040007B740823BB7462233B7606237B763B4B1B78032B52D801A252F823F06DB00100C8
:20B0600091B00100B5B00100D9B001001023BB76FB6E1B78FB76FB6E5B783B77FB6E9B7863
:20B080007B77FB6EDB78BB77FB6E1B79FB7735E02023BB76FB6E5B79FB76FB6E9B793B77FB
:20B0A000FB6EDB797B77FB6E1B7ABB77FB6E5B7AFB7723E03023BB76FB6E9B7AFB76FB6E22
:20B0C000DB7A3B77FB6E1B7B7B77FB6E5B7BBB77FB6E9B7BFB7711E04023BB76FB6EDB7BD2
:20B0E000FB76FB6E1B7C3B77FB6E5B7C7B77FB6E9B7CBB77FB6EDB7CFB7700BF07F10C0351
:20B1000019461820F5F76EF90C4B1B780133DAB20A4B1A70094B1B78032B40F28881074B1A
:20B1200000221A702120F6F779F880E17FE100BF182F0020B4350020B5350020B6350020BF
:20B1400002F004F90346002B7FD1C04B1B7803F00203DBB2002B78D11F20F6F785F80346B3
:20B1600083F00103DBB2002B6FD00620F6F77CF8034683F00103DBB2002B66D00420F5F71C
:20B180006FFA034603F00103D9B2B04A937861F3410393700320F5F763FA034603F001032F
:20B1A000D9B2AA4A937861F3820393700120FEF759FD0346C3F30D039AB2A44BC2F30A01B3
:20B1C0004C01598801F01F010846214601435980D20A92B202F0070202F007001A7922F0A5
:20B1E0000702114602460A431A71FEF757FD034623F07F42954BD1B200200143D971120A3C
:20B2000092B200210A431A810020FEF72BFD0346C3F30D039AB28D4BC2F30C01CC009988C2
:20B2200001F007010846214601439980520B92B202F0010202F001009A7922F001021146FB
:20B2400002460A439A71FFF709F902F07FF80346002B0ED17D4B1B7803F00203DBB2002B8F
:20B2600007D03920F6F700F80346002B01D0FFF7F5F81F20F5F7F8FF0346002B0FD002F02A
:20B2800065F80346002B0AD10620F5F7EDFF034683F00103DBB2002B01D0FFF769FA06203C
:20B2A000F5F7E2FF0346002B00F0C4801F20F5F7DBFF034683F00103DBB2002B00F0BA8072
:20B2C00002F044F80346002B40F0B480FFF792FAB0E002F03BF80346002B0DD15B4B1B78A6
:20B2E00003F00203DBB2002B06D1FFF755F90A200AF066FFFFF7D2F802F028F80346002BB4
:20B3000040F09B80514B1B7803F00203DBB2002B00F093803020F5F7A7FF0346002B00F0BA
:20B320008C80FFF7BBF888E0484B1B7803F00103DBB2002B3DD01F20F5F796FF034683F092
:20B340000103DBB2002B3CD00620F5F78DFF034683F00103DBB2002B33D03D4B1B780133BD
:20B36000DAB23B4B1A703A4B1B781D2B07D9384B1E221A70354A137843F002031370344B60
:20B380001B78072B1DD9FEF7E3FC0346012B18D12E4A137823F0010313702C4A137823F00F
:20B3A000020313702A4B00221A700020F9F7AAFC07E0274B00221A70244A137823F0020318
:20B3C000137001F0C3FF0346002B39D11F4B1B7803F00203DBB2002B32D11F20F5F744FF9B
:20B3E000034683F00103DBB2002B29D00620F5F73BFF034683F00103DBB2002B20D0FEF733
:20B40000DDFF0A200AF0DCFEFEF7B4FF0A200AF0D7FEFEF7FFFF13E001F098FF0346002BCF
:20B4200011D1FEF7ABFB0EE000BFFFF78CBB00BFFFF789BB00BFFFF786BB00BFFFF783BBC3
:20B4400000BFFFF780BB00BFFFF77DBB9C350020B235002080B582B000AF78600B467B80DD
:20B460005A4B1B78042B00F29E8001A252F823F085B4010097B40100E5B40100F5B401008B
:20B480003DB501007B681B78652B40F092804F4B01221A708DE07B681B78022B03D14C4BAF
:20B4A00002229A711AE07B681B78032B03D1484B03229A7112E07B681B78042B03D1444B2E
:20B4C00004229A710AE07B681B78052B03D1404B05229A7102E03E4B06229A713B4B0222D2
:20B4E0001A7069E07B681A783A4B1A70374B03221A7061E07B681A78374B1A70354B1B78EF
:20B500001AB2354B1B781BB21B021BB213431BB27B802F4A7B88A2F8C4327B8803337B8037
:20B520007B88B3F52F7F05D901237B80274B00221A7041E0254B04221A703DE07B88013BFA
:20B540007A6813441B78822B27D17B88033B7B807B88B3F52F7F1AD81D4BB3F8C4321A468A
:20B5600079681E480CF042FE184B00221A7001237B801B4B5B68002B1DD0194B5868002392
:20B580000022184909F0DAFFF5F764FD13E00F4B00221A7001237B800DE00C4B00221A7001
:20B5A00001237B8007E0094B00221A7001237B8002E000BF00E000BF7B881A4679680020C2
:20B5C000F5F712FD00BF0837BD4680BD82390020C03500208339002084390020C73500206D
:20B5E000B8350020C6350020B0B5ADF53C7D02AF07F53A73A3F53973186007F53A73A3F50C
:20B60000337318464FF430731A4600210CF0DEFD0023A7F8E6320023A7F8DE320023A7F87A
:20B62000E432002387F8E332C74B5B6807F11C014FF0FF3218460AF039F80346012BF3D121
:20B6400007F53A73A3F53373B3F8BE32042B08D907F53A73A3F53373B3F8BE32053BA7F8F7
:20B66000E43207F53A73A3F533731B78023B032B00F28D8301A252F823F000BF8DB60100CA
:20B680001FB701009DB80100E9BA0100AF4B01225A70AF4B00221A70AE4B00221A70262061
:20B6A000F5F7BCFD00F094FC07F11C03013390221946A948F5F720F9A74800F0E1FB03460F
:20B6C000002B00F066831920F5F7CEFD034683F00103DBB2002B1FD09C4B93F810039B4BA4
:20B6E00093F81113994B93F81243984B93F81353964B93F81433954A92F815230192009389
:20B700002B462246FAF7ACFEFAF776FE1920F5F761FD1A20F5F75EFD00F016FC39E3FEF739
:20B7200017FB0346012B02D100F07CFE39E30020FCF768FE864B00221A70012001F012FE11
:20B7400007F53A73A3F53373B3F8BE320D2B00F2228307F53A73A3F5387300221A7107F503
:20B760003A73A3F533735B781A4607F53A73A3F533739B781B021A4307F53A73A3F5337350
:20B78000DB781B041A4307F53A73A3F533731B791B0613431A4607F53A73A3F538731A6022
:20B7A00007F53A73A3F533735A7907F53A73A3F538739A7107F53A73A3F5387300225A71FF
:20B7C00007F53A73A3F538739B791A4607F11C03991D07F108030C331846F5F78DF807F52F
:20B7E0003A73A3F538731B6840F2FA72934218D007F53A73A3F538731B6840F2FB72934298
:20B800000FD007F53A73A3F538731B6840F2C17293421BD107F53A73A3F538731B7B042B03
:20B8200014D107F10803184601F038F907F53A73A3F538731B6840F2C172934218D107F116
:20B84000080319461820F4F7CDFD11E007F53A73A3F538731B6840F2C172934202D1012003
:20B8600001F064FD07F1080319461820F4F7BAFD07F53A73A3F538731B6840F2C172934291
:20B8800040F0898207F53A73A3F538731B7B002B40F08182022001F049FD7CE20020FCF7C3
:20B8A000B1FD2B4B00221A70012001F03FFD012001F058FD07F53A73A3F533735B781A46E9
:20B8C00007F53A73A3F533739B781B021A4307F53A73A3F53373DB781B041A4307F53A7395
:20B8E000A3F533731B791B0613431A4607F53A73A3F538731A6007F53A73A3F533735A797F
:20B9000007F53A73A3F538739A7107F53A73A3F5387300221A7107F53A73A3F53873002289
:20B920005A710E4B05221A80B7F8E432DB08A7F8E632B7F8E43203F00703A7F8DE3264E00E
:20B94000002387F8E33226E0B8350020C0350020863900208539002088380020883900208A
:20B96000BD4B1B885A1C91B2BB4A1180194697F8E33207F53A72A2F533720A44517807F5D3
:20B980003A72A2F5387213440A461A7397F8E332013387F8E33297F8E332072BE0D907F58F
:20B9A0003A73A3F538731B6840F2FA72934218D007F53A73A3F538731B6840F2FB729342D6
:20B9C0000FD007F53A73A3F538731B6840F2C17293420CD107F53A73A3F538731B7B042B51
:20B9E00005D107F10803184601F058F805E007F1080319461820F4F7F5FCB7F8E632013B71
:20BA0000A7F8E63203200AF0DBFBB7F8E632002B96D1B7F8DE32002B00F0BF81B7F8DE324A
:20BA2000DAB207F53A73A3F538739A71002387F8E3321AE0884B1B885A1C91B2864A118042
:20BA4000194697F8E33207F53A72A2F533720A44517807F53A72A2F5387213440A461A73CB
:20BA600097F8E332013387F8E33297F8E3329BB2B7F8DE229A42DDD80023A7F8DE3207F55B
:20BA80003A73A3F538731B6840F2FA72934218D007F53A73A3F538731B6840F2FB729342F5
:20BAA0000FD007F53A73A3F538731B6840F2C17293420FD107F53A73A3F538731B7B042B6D
:20BAC00008D1664B586807F108010023002209F025FC05E007F1080319461820F4F782FCD4
:20BAE00005200AF06DFB58E107F53A73A3F53373B3F8BE32002B00F052816A2200215848C9
:20BB00000CF064FB07F53A73A3F533735B7887F8DD3297F8DD32042B00F22D8101A252F828
:20BB200023F000BF39BB0100C5BB0100F7BB010065BC010015BD010007F53A73A3F533732E
:20BB4000B3F8BE32012B40F218813120F5F78CFB034683F00103DBB2002B0FD007F53A738F
:20BB6000A3F533739B78012B08D13120F5F732FB3220F5F72FFB3320F5F750FB3120F5F7D6
:20BB800073FB0346002B0ED007F53A73A3F533739B78012B07D1FCF745FC3220F5F71AFB60
:20BBA0003320F5F73BFB07F53A73A3F533739B78002B40F0E2803220F5F730FB3320F5F7B1
:20BBC00009FBDAE007F53A73A3F53373B3F8BE32012B40F2D48007F53A73A3F533739A787A
:20BBE0001F4B5A701E4B5B781846FAF793FB2F20F5F7F0FAC3E007F53A73A3F53373B3F89E
:20BC0000BE32012B40F2BD8007F53A73A3F533739A78134B9A70124B9B78002B02D0012B9F
:20BC200004D017E00020FEF799FE13E0FEF74EFA034683F00103DBB2002B0AD001F086FB99
:20BC40000346002B05D10120FEF788FE3820F5F7C1FA00BF95E000BF8839002038300020A3
:20BC60001839002007F53A73A3F53373B3F8BE32012B40F2888007F53A73A3F533739A7872
:20BC80004A4BDA7007F53A73A3F53373B3F8BE32023BA7F8E032B7F8E032002B73D0B7F877
:20BCA000E032642B02D96423A7F8E032B7F8E02207F11C03033319463D480CF097FA35200C
:20BCC000F5F788FA394BDB78032B14D0032B19DC012B02D0022B07D014E03720F5F77AFA3D
:20BCE0003620F5F79BFA14E03720F5F797FA3620F5F770FA0DE03620F5F790FA3720F5F7FD
:20BD00008DFA06E03620F5F789FA3720F5F786FA00BF38E007F53A73A3F53373B3F8BE32D5
:20BD2000012B32D907F53A73A3F533739A781F4B83F869201D4B93F86930002B02D0012BB0
:20BD40000CD017E02820F5F769FA2920F5F742FAFAF7C2FA2D20F5F73DFA0BE02820F5F7CC
:20BD600039FA2920F5F736FAFAF7B6FA2D20F5F731FA00BF09E000BF11E000BF0FE000BF61
:20BD80000DE000BF0BE000BF09E000BF07E000BF4AE400BF48E400BF46E400BF44E400BF57
:20BDA00042E407F53A77BD46B0BD00BF183900201C39002080B500AF2620F5F755FA0346ED
:20BDC000002B4ED1284B1B78DBB20133DAB2264B1A70264B1B78DBB2002B0DD1224B1B7831
:20BDE000DBB2092B08D9214B01221A70012220490020F5F7F9F835E01C4B1B78DBB2012B37
:20BE000030D1194B1B78DBB2132B2BD9174B02221A702620F5F7DEF9164B1B7823F0020336
:20BE2000DAB2144B1A70134B1B7823F01003DAB2104B1A70104B1B7823F00203DAB20E4B1A
:20BE40001A700D4B1B7823F01003DAB20A4B1A700A4B00225A70012205490020F5F7C4F862
:20BE600000E000BF80BD00BF8639002085390020C7350020243000202C300020C035002049
:20BE800080B483B000AF78607B6893F84830002B1AD17B6893F84930002B15D17B6893F852
:20BEA0004A30002B10D17B6893F84B30002B0BD17B6893F84C30002B06D17B6893F84D3035
:20BEC000002B01D1002339E07B6893F84930002B04D07B6893F849300C2B01D900232DE01B
:20BEE0007B6893F84830002B04D07B6893F848301F2B01D9002321E07B6893F84B30172B04
:20BF000001D900231AE07B6893F84C303B2B01D9002313E07B6893F84D303B2B01D900239C
:20BF20000CE07B6893F84930022B06D17B6893F848301D2B01D9002300E0012318460C375A
:20BF4000BD465DF8047B704780B584B000AFFAF72DFB0346FB73FAF735FB0346BB731B4B6D
:20BF600093F813337B73194B93F814333B73FB7B9BB21A461201D31A9B009AB2BB7B9BB291
:20BF800013447B817B7B9BB21A461201D31A9B009AB23B7B9BB213443B817A893B899A420B
:20BFA00004D97A893B89D31A9BB203E03A897B89D31A9BB2FB80FB88012B02D91920F5F795
:20BFC0002DF900BF1037BD4680BD00BFC035002098B500AF254B1B7843F00203DAB2234BF0
:20BFE0001A70234B1B7843F00203DAB2204B1A70204B93F81633002B0ED11C4B1B7843F087
:20C000001003DAB2194B1A70194B1B7843F01003DAB2174B1A7012E0164B93F81633012B8B
:20C020000DD1124B1B7823F01003DAB20F4B1A700F4B1B7823F01003DAB20D4B1A7000F02B
:20C0400029F80346002B0ED000F024F80346062B09D800F01FF803465C1E00F06FF803469C
:20C060001A46054B1A5500BF98BD00BF243000202C300020C0350020F808002080B400AFC6
:20C08000034B93F8C8321846BD465DF8047B7047C035002080B400AF034B93F81733184668
:20C0A000BD465DF8047B7047C035002080B400AF034B93F8CC321846BD465DF8047B704737
:20C0C000C035002080B400AF034B93F84E331846BD465DF8047B7047C035002080B400AF2A
:20C0E000034B93F84F331846BD465DF8047B7047C035002080B400AF034B93F85033184647
:20C10000BD465DF8047B7047C035002080B400AF034B93F8C9321846BD465DF8047B7047D9
:20C12000C035002080B400AF034B93F8CB321846BD465DF8047B7047C035002080B400AF4D
:20C14000034B93F8CA321846BD465DF8047B7047C035002080B400AF034B93F8CE321846EF
:20C16000BD465DF8047B7047C035002080B400AF034B93F8CD321846BD465DF8047B704775
:20C18000C035002080B400AF064BD3E9B42343EC172BB0EE470AF0EE670ABD465DF8047B3D
:20C1A000704700BFC035002080B400AF064BD3E9B62343EC172BB0EE470AF0EE670ABD4679
:20C1C0005DF8047B704700BFC035002080B400AF024B1846BD465DF8047B7047DF380020AD
:20C1E00080B400AF024B1846BD465DF8047B7047EF38002080B400AF024B1846BD465DF8F6
:20C20000047B7047D838002080B400AF034BD3F848331846BD465DF8047B7047C035002040
:20C2200080B400AF034B1B781846BD465DF8047B704700BF1839002080B483B000AF0346BF
:20C24000FB71044AFB79137000BF0C37BD465DF8047B70471839002080B400AF024B18469E
:20C26000BD465DF8047B70471C39002080B584B000AF78600023FB73154B5B6807F10F010F
:20C280004FF0FF32184609F011FA0346012BF3D1FB7B012B18D1FEF703FC0346002B09D1C6
:20C2A000FDF7D0FC0346072B04D0FEF72FF80346002B0BD001F04AF80346002B06D100F096
:20C2C00065FAFFF777FD01E000BFD5E700BFD3E78C39002080B584B000AF78600023FB814C
:20C2E0007B689B7906339AB24C4B1A80FB895A1CFA811A464A4B65219954FB895A1CFA813F
:20C300001A46474B02219954444B1988FB895A1CFA811A46C9B2424B9954404B1B881B0ACE
:20C3200099B2FB895A1CFA811A46C9B23C4B99547B681968FB895A1CFA811A46C9B2384BB7
:20C3400099547B681B68190AFB895A1CFA811A46C9B2334B99547B681B68190CFB895A1C27
:20C36000FA811A46C9B22E4B99547B681B68190EFB895A1CFA811A46C9B2294B9954FB893F
:20C380005A1CFA811A467B689979254B995400237B730CE07A7BFB89591CF98119467B6853
:20C3A00013441A7B1E4B5A547B7B01337B737B689B797A7B9A42EDD300233B7309E0FB899C
:20C3C0005A1CFA811A46164B002199543B7B01333B733B7B002BF2D0FB895A1CFA811A468D
:20C3E0000F4B00219954FB895A1CFA811A460C4B00219954FB895A1CFA811A46084B8221D0
:20C400009954FB891A4606490020F4F783FD0023FB8100BF1037BD4680BD00BFE63C00208B
:20C420009439002080B582B000AF0023FB802C4B02221A80FB885A1CFA801A46294B652159
:20C440009954FB885A1CFA801A46264B04219954234B1988FB885A1CFA801A46C9B2214BD0
:20C4600099541F4B1B881B0A99B2FB885A1CFA801A46C9B21B4B9954FB885A1CFA801A46DE
:20C48000184BFF219954FB885A1CFA801A46154BFF219954FB885A1CFA801A46114B00219C
:20C4A0009954FB885A1CFA801A460E4B00219954FB885A1CFA801A460A4B82219954FB881A
:20C4C0001A4608490020F4F725FD0121642007F0BBFF0023FB8000BF0837BD4680BD00BF8C
:20C4E000E63C00209439002080B586B000AF0023FB823B4600221A605A609A60DA601A61CD
:20C500004F4B68221A80FB8A5A1CFA821A464D4B65219954FB8A5A1CFA821A46494B0121EE
:20C520009954474B1988FB8A5A1CFA821A46C9B2444B9954424B1B881B0A99B2FB8A5A1C72
:20C54000FA821A46C9B23F4B995400237B7553E07A7D3B4611461846FDF7DEFC3968FB8AA6
:20C560005A1CFA821A46C9B2364B99543B68190AFB8A5A1CFA821A46C9B2324B99543B685B
:20C58000190CFB8A5A1CFA821A46C9B22D4B99543B68190EFB8A5A1CFA821A46C9B2294B2F
:20C5A0009954FB8A5A1CFA821A46B979254B995400233B751AE0BB793A7D9A420CD23A7DFF
:20C5C000FB8A591CF982194602F118033B4413F80C2C1C4B5A5406E0FB8A5A1CFA821A46E5
:20C5E000184B002199543B7D01333B753B7D072BE1D97B7D01337B757B7D072BA8D9FB8A3E
:20C600005A1CFA821A460F4B00219954FB8A5A1CFA821A460B4B00219954FB8A5A1CFA82AE
:20C620001A46084B82219954FB8A1A4605490020F4F770FC0023FB8200BF1837BD4680BD1F
:20C64000E63C00209439002080B58CB000AF78607B68002B01D1032393E007F108032022F5
:20C66000002118460BF0B2FD0023FB850D23BB85FB8D5A1CFA8530333B44652203F8282C49
:20C68000FB8D5A1CFA8530333B44052203F8282CFB8D5A1CFA85BA8DD2B230333B4403F8A0
:20C6A000282CBB8D1B0A9AB2FB8D591CF985D2B230333B4403F8282C7B681A68FB8D591CDB
:20C6C000F985D2B230333B4403F8282C7B681B681A0AFB8D591CF985D2B230333B4403F8C1
:20C6E000282C7B681B681A0CFB8D591CF985D2B230333B4403F8282C7B681B681A0EFB8D14
:20C70000591CF985D2B230333B4403F8282CFB8D5A1CFA8519467B689A7901F130033B44FB
:20C7200003F8282CFB8D07F10802D0187B680C33082219460BF05AFDFB8D0833FB85FB8D70
:20C740005A1CFA8530333B44002203F8282CFB8D5A1CFA8530333B44002203F8282CFB8D39
:20C760005A1CFA8530333B44822203F8282CFA8D07F1080319460020F4F7CCFB0346BB62CE
:20C78000BB6A18463037BD4680BDFFFF80B588B000AF0423FB833B1D00221A605A609A6008
:20C7A000DA601A6140F25232002178480BF00EFD00237B7726E07A7F3B1D11461846FDF712
:20C7C0008DFB7B68002B1AD0FB8B704A13447A681A60FB8B0433FB83FB8B5A1CFA831A46D2
:20C7E000B97A6A4B9954FB8B684A13441A4607F1100303CB10605160FB8B0833FB837B7F42
:20C8000001337B777B7F0C2BD5D900233B7726E03A7F3B1D11461846FDF77EFB7B68002BF7
:20C820001AD0FB8B594A13447A681A60FB8B0433FB83FB8B5A1CFA831A46B97A534B995460
:20C84000FB8B524A13441A4607F1100303CB10605160FB8B0833FB833B7F01333B773B7F6C
:20C86000242BD5D90023FB7626E0FA7E3B1D11461846FDF76FFB7B68002B1AD0FB8B434A33
:20C8800013447A681A60FB8B0433FB83FB8B5A1CFA831A46B97A3D4B9954FB8B3B4A1344C7
:20C8A0001A4607F1100303CB10605160FB8B0833FB83FB7E0133FB76FB7E082BD5D9002344
:20C8C000BB7626E0BA7E3B1D11461846FDF762FB7B68002B1AD0FB8B2C4A13447A681A60E4
:20C8E000FB8B0433FB83FB8B5A1CFA831A46B97A264B9954FB8B254A13441A4607F11003DC
:20C9000003CB10605160FB8B0833FB83BB7E0133BB76BB7E042BD5D9FB8B043B9AB21C4BBD
:20C920001A801B4B1B88002B2CD0184B65221A70164B01225A70164B1B88DAB2134B9A7073
:20C94000134B1B881B0A9BB2DAB2104BDA70FB8B5A1CFA831A460D4B00219954FB8B5A1CF8
:20C96000FA831A46094B00219954FB8B5A1CFA831A46064B82219954FB8B1A46034900206C
:20C98000F4F7C8FA00BF2037BD4680BD94390020E63C002080B400AFBFF34F8F00BF064BE2
:20C9A000DB6803F4E0620449044B1343CB60BFF34F8F00BF00BFFDE700ED00E00400FA051C
:20C9C00080B485B000AF786039600023FB600023FB72FB68DB43FB601FE07B685A1C7A60B2
:20C9E0001B781A46FB685340FB600823FB7209E0FB685A08FB6803F0010359420C4B0B4016
:20CA00005340FB60FB7A013BDBB2FB7297F90B30002BEDDA3B68013B3B603B68002BDCD1CB
:20CA2000FB68DB4318461437BD465DF8047B70472083B8ED80B582B000AF78600846114663
:20CA40001A460346FB700B46BB7013467B70114AFB7813730F4ABB7853730E4A7B681360AE
:20CA60000C4B02229A710C4B1B78012B03D10948FFF730FC0AE0FB78082B02D10548FFF72D
:20CA800029FC7B7803491846F3F7ACFC00BF0837BD4680BDE83C00202045002080B582B0D4
:20CAA00000AF78607B681B6840F2FB72934232D040F2FB72934200F2818040F2FA72934239
:20CAC0000CD040F2FA72934278D840F26662934225D040F2C172934229D06FE07B681B7BF8
:20CAE000002B02D100F076F86AE07B681B7B012B03D1786800F0A6F862E07B681B7B032BC0
:20CB000002D100F063FA5BE07B681B7B042B57D100F042FB54E0786800F0A2F953E0FDF7F7
:20CB200029FC0A2009F04CFBFDF748FC4BE07B681B7B002B03D0012000F0F8FB17E07B68AE
:20CB40001B7B002B13D1022000F0F0FB204B40F2C2721A601E4B02229A711D4B00221A7339
:20CB60001B4BAA225A731A491820F3F73BFC7B681B7B042B26D17B685B7BAA2B22D1144B7B
:20CB800040F2C2721A60124B02229A71104B04221A730F4BAA225A73012000F0C7FB0C4900
:20CBA0001820F3F71FFCFFF79FFC4FF47A71322007F04AFC0648FFF78DFB03E000BF02E09A
:20CBC00000BF00E000BF00BF0837BD4680BD00BF5445002080B500AF144B40F2FC721A60E4
:20CBE000124B05229A71114B00221A73104BAA221A700F4B79225A8004220D490D48F3F760
:20CC00007BFE0D4B1B78012B03D10848FFF762FB03E006491820F3F7E5FB084B00221A70DA
:20CC2000074B01221A7000BF80BD00BF54450020244500206145002020450020FC3C002055
:20CC40003430002080B582B000AF78607B685A7B7C4B9A7414227C490020F9F793F90346F5
:20CC6000002B40F0E380784B1B78002B48D1774B4FF401221A60764B4FF401221A60754B59
:20CC80004FF441221A607B689B7B1A467B68DB7B1B021A447B681B7C1B041A447B685B7CB6
:20CCA0001B0613441A46674BC3F80A20674B1B68684A126811461846F9F7C4F90346002BCE
:20CCC00016D1654B00221A60644B00221A605D4B01221A705B4B00225A705A4BAA22DA7430
:20CCE0001823AA22012140F2FC70FFF7A3FEA4E01823FF22012140F2FC70FFF79BFE9CE02B
:20CD0000514B5B78002B48D1504B4FF480521A604F4B4FF480521A604E4B4FF480221A6015
:20CD20007B689B7B1A467B68DB7B1B021A447B681B7C1B041A447B685B7C1B0613441A465D
:20CD4000404BC3F80220414B1B68424A126811461846F9F777F90346002B16D13E4B00223B
:20CD60001A603E4B00221A60364B00221A70354B01225A70334BAA22DA741823AA220121B9
:20CD800040F2FC70FFF756FE57E01823FF22012140F2FC70FFF74EFE4FE02C4B4FF480525B
:20CDA0001A602B4B4FF480521A602A4B4FF480221A607B689B7B1A467B68DB7B1B021A4413
:20CDC0007B681B7C1B041A447B685B7C1B0613441A461C4BC3F802201C4B1B681D4A1268BB
:20CDE00011461846F9F72EF90346002B16D11A4B00221A60194B00221A60124B00221A7002
:20CE0000104B01225A700F4BAA22DA741823AA22012140F2FC70FFF70DFE0EE01823FF2244
:20CE2000012140F2FC70FFF705FE06E01823FF22012140F2FC70FFF7FDFD00BF0837BD4646
:20CE400080BD00BF284500203C450020000900200409002008090020143D0020183D00203B
:20CE600080B582B000AF78604F4B1B684F4A98187B6803F10C017B689B791A46F3F73CFD00
:20CE80007B689B791A46484B1B681344464A13607B689B791A46464B1B681344444A136008
:20CEA000414B1B68B3F5806F7AD3424B1B684FF480623E491846F9F729F80346002B68D1A7
:20CEC0003D4B1B684FF480623C491846F9F75AF80346002B55D14FF4806234493748F3F758
:20CEE0002AFD0346002B44D1354B40F2FC721A60334B05229A712C4B00221A60304B022286
:20CF00001A734FF480612D48FFF75AFD03462D4A13602C4B1B681B0EDAB2294B1A74294B46
:20CF20001B681B0CDAB2264BDA73264B1B681B0ADAB2234B9A73234B1B68DAB2204B5A7328
:20CF4000214B1B78012B03D11D48FFF7C3F903E01B491820F3F746FA164B1B6803F5806353
:20CF6000144A1360144B1B6803F58063124A136016E01823FF22022140F2FC70FFF75AFDF4
:20CF80000EE01823FF22022140F2FC70FFF752FD06E01823FF22022140F2FC70FFF74AFD01
:20CFA00000BF0837BD4680BD143D0020203D0020183D0020000900200409002020410020F9
:20CFC000544500201C3D00202045002080B582B000AF664A664B1A60664B1B68002B20D159
:20CFE000654BD3F80220654B1B689A4206D0624BD3F80A20614B1B689A4207D11823AA2223
:20D00000032140F2FC70FFF715FDABE01823FF22032140F2FC70FFF70DFD584B00221A605E
:20D02000A0E0574B1B68534A126850491846F8F76DFF0346002B40F08D80524B1B684D4A7A
:20D04000126851491846F8F79DFF0346002B79D1484B1B681A4645494B48F3F76CFC0346E3
:20D06000002B7FD1494B40F2FC721A60474B05229A71404B1B6819464348FFF7A1FC0346EF
:20D08000434A1360424B1B681B0EDAB23F4B1A743F4B1B681B0CDAB23C4BDA733C4B1B6815
:20D0A0001B0ADAB2394B9A73394B1B68DAB2374B5A73384B1B78012B03D13448FFF70AF9C1
:20D0C00003E032491820F3F78DF92D4B1A68294B1B6813442A4A13602A4B1A68254B1B6831
:20D0E0001344284A136000237B6002E07B6801337B607B684CF24F329342F7D91E4BD3F8A7
:20D1000002201E4B1B689A4206D01B4BD3F80A201A4B1B689A420AD1164B00221A6018231D
:20D12000AA22032140F2FC70FFF784FC1AE01823FF22032140F2FC70FFF77CFC0F4B0022E9
:20D140001A600FE01823FF22032140F2FC70FFF771FC07E01823FF22032140F2FC70FFF7EA
:20D1600069FCFFE700BF0837BD4680BD203D002050450020143D002028450020183D002081
:20D18000000900200409002020410020544500201C3D00202045002080B588B000AF3A4B60
:20D1A0001B78012B0CD1394BD3F80230364AC2F80230364BD3F80630334AC2F806300FE008
:20D1C000314B5B78012B0BD1304BD3F80A302E4AC2F80A302D4BD3F80E302B4AC2F80E301E
:20D1E0004FF480510020F8F72DFF0346002B3FD13B46142224491846F3F77EFB14222249D6
:20D200002348F3F779FB3B46224A13603B46142219460020F8F77AFE0346002B20D11422AD
:20D220001A490020F8F7AEFE0346002B10D1142216491548F3F77FFB0346002B1FD1182386
:20D24000AA22042140F2FC70FFF7F4FBFFF7A2FB1823FF22042140F2FC70FFF7EBFB0EE0DE
:20D260001823FF22042140F2FC70FFF7E3FB06E01823FF22042140F2FC70FFF7DBFB00BF2B
:20D280002037BD4680BD00BF284500203C450020003D00205045002080B582B000AF0023BF
:20D2A000FB7114221F490020F8F76CFE0346002B32D11C4BDB7CAA2B2ED14FF47A72002192
:20D2C0000320F8F7E7FB0346002B25D1142200211448F8F7C3FC0346002B1DD1114BDB7C7A
:20D2E000FF2B19D11823AA22082140F2FC70FFF7A1FB0D4B40F2C1721A600B4B02229A71FE
:20D30000094B00221A73084BAA225A7306491820F3F768F80123FB71FB7918460837BD46A9
:20D3200080BD00BF3C4500205445002080B483B000AF0346FB71044AFB79137000BF0C3785
:20D34000BD465DF8047B7047FD3C002080B400AF034B1B781846BD465DF8047B704700BF77
:20D36000FD3C002080B483B000AF0346FB71044AFB79137000BF0C37BD465DF8047B7047B4
:20D380002045002080B400AF034B1B781846BD465DF8047B704700BF2045002080B500AF30
:20D3A000F9F770FB00BF80BD80B582B000AF0346FB71FB79022B03D10349044803F012FA3F
:20D3C00000BF0837BD4680BD2C9D02008845002080B500AFFFF7E2FF0023184680BDFFFFE0
:20D3E00080B400AF044BDB681B0A03F007031846BD465DF8047B704700ED00E080B483B076
:20D4000000AF03463960FB7197F90730002B0ADB3B68DAB20C4997F907301201D2B20B4407
:20D4200083F800230AE03B68DAB20849FB7903F00F03043B1201D2B20B441A7600BF0C37B4
:20D44000BD465DF8047B704700E100E000ED00E080B483B000AF0346FB7197F90730002BF3
:20D4600009DB0D4A97F90730134493F80033DBB21B09DBB209E0094AFB7903F00F03043B63
:20D4800013441B7EDBB21B09DBB218460C37BD465DF8047B704700BF00E100E000ED00E0E2
:20D4A00080B582B000AF78607B68013BB3F1807F01D301230FE00A4A7B68013B53600F217F
:20D4C0004FF0FF30FFF79AFF054B00229A60044B07221A60002318460837BD4680BD00BF32
:20D4E00010E000E080B483B000AFEFF303837B607B683B603B88C3F308039BB2DBB2103BDC
:20D50000DBB25BB218460C37BD465DF8047B70471EF0040F0CBFEFF30880EFF30980014937
:20D52000084700BF05D6010080B400AF62B600BFBFF36F8F00BFEFF3148C2CF0040C8CF3AB
:20D540001488BFF36F8F02DF00BEFDE7104B1968EFF309821EF0100F08BF22ED108A22E90B
:20D56000F04FEFF30B8342F8043D0A604FF0100080F31188BFF34F8FBFF36F8F09F038F952
:20D580004FF0000080F3118800F004B800BF0000E4EA0020084801680A6802CA81F30B88E9
:20D5A000B2E8F04F1EF0100F08BFB2EC108A82F30988704700BF0000E4EA002080B584B093
:20D5C00000AFEFF311837B607B68FB601023BB60BB6883F3118800BF08F0EEFF0346002B75
:20D5E00003D0074B4FF080525A60FB683B603B6883F3118800BF00BF1037BD4680BD00BFC7
:20D6000000ED00E080B584B000AF78607B689B69FB60FB68023B1B78FB72FB7A022B03D1F5
:20D62000FFF7B8FF00BF09E0FB7A032B06D9054B054A4FF47E71054806F0FCFE00BF1037FF
:20D64000BD4680BDF89D0200F49E02000C9E020080B485B000AFF860B9607A603B60FB6852
:20D66000043BFB60FB684FF080721A60FB68043BFB607B6823F00102FB681A60FB68043B8D
:20D68000FB60114AFB681A60FB68143BFB603A68FB681A60FB68043BFB60FB686FF00202A8
:20D6A0001A60FB68203BFB60FB68043BFB60BB6803F12802FB681A60FB6818461437BD46AD
:20D6C0005DF8047B704700BFCDD6010080B400AF00BE00BFFDE7FFFF80B500AFFF216FF0B7
:20D6E0000100FFF78BFE00F073F8064B5B68054A43F040435360FFF717FF09F079F80023EA
:20D70000184680BD30EF00E080B584B000AFEFF311837B607B68FB601023BB60BB6883F3E1
:20D72000118800BF0E4B1B6801330D4A13600C4B1B68012B0FD10B4AFB6813600A4B5B688E
:20D74000C3F30803002B06D0084B094A40F2A441084806F06FFE00BF1037BD4680BD00BF92
:20D76000544700205847002000ED00E0349E0200089F02000C9E020080B582B000AF0F4BC9
:20D780001B68002B06D10E4B0E4A40F2AD410E4806F050FE094B1B68013B084A1360074B6F
:20D7A0001B68002B06D1094B1B687B607B6883F3118800BF00BF0837BD4680BD5447002088
:20D7C0007C9E02001C9F02000C9E02005847002080B500AF054B1B68054AA2FB03239B0998
:20D7E0001846FFF75DFE00BF80BD00BF34490020D34D621080B582B000AFFFF773FE0346CA
:20D80000FB7197F90730002B0FDB97F907301846FFF71EFE38603B68002B06D10B4B0C4AA0
:20D8200040F20F610B4806F005FEFFF7D9FD0346032B06D9084B064A40F22161054806F03E
:20D84000F9FD00BF0837BD4680BD00BF909E0200309F02000C9E0200C89E020080B586B055
:20D8600000AF786039607B687B613968786900F070F838613B69002B01D03B6932E03B685D
:20D880001B791A4ADB01DBB293713B681B781A46174B9B5C03F00303FB603B685B781B014E
:20D8A000DBB2FA681343FB603B689B781B0303F44053FA681343FB603B68DB781B0203F44D
:20D8C0004073FA681343FB60084BFA6892B25A803B685B79054ADB01DBB213727B69054AC8
:20D8E0001A60002318461837BD4680BD00340840509F02005444570080B483B000AF786054
:20D90000064B00221A70054BFF221A70002318460C37BD465DF8047B704700BF0034084082
:20D9200080B483B000AF78603960062318460C37BD465DF8047B704780B483B000AF78601A
:20D940000B46FB70062318460C37BD465DF8047B704780B483B000AF7860396000231846AB
:20D960000C37BD465DF8047B704780B483B000AFEFF303837B607B683B603B88C3F308037B
:20D980009BB2DBB2103BDBB25BB218460C37BD465DF8047B7047FFFF80B483B000AF03463C
:20D9A0003960FB7197F9073004493A6841F8232000BF0C37BD465DF8047B7047A847002091
:20D9C00080B483B000AF0346FB7197F90730044A52F8233018460C37BD465DF8047B70479B
:20D9E000A847002080B483B000AF0346FB710B4997F9073003F1C00251F8223023F4803317
:20DA000041F82230054A97F90730C03352F8233000BF0C37BD465DF8047B704700600040A5
:20DA200080B584B000AF0346FB7197F907301846FFF7D8FFBFF35F8F00BF97F90730FB60A6
:20DA4000FB6803F01F02074997F907305B09012000FA02F2603341F8232000BF1037BD46AD
:20DA600080BD00BF00E100E080B584B000AF0346B9607A60FB73BB68DAB2094997F90F3057
:20DA80001201D2B20B4483F8002397F90F3079681846FFF781FF00BF1037BD4680BD00BF79
:20DAA00000E100E080B485B000AF0346FB7197F90730FB60FB6803F01F020749FB685B0928
:20DAC000012000FA02F241F8232000BF1437BD465DF8047B704700BF00E100E080B582B03C
:20DAE00000AF0346FB7197F907301846FFF798FF97F907301846FFF7D5FF00BF0837BD4620
:20DB000080BDFFFF80B485B000AF0346FB7197F90730FB60FB6803F01F020B4997F9073049
:20DB20005B09012000FA02F2203341F82320BFF34F8F00BFBFF36F8F00BF00BF1437BD46D8
:20DB40005DF8047B704700BF00E100E080B584B000AF0346B9607A60FB7397F90F307A6847
:20DB6000B9681846FFF780FF97F90F301846FFF7B5FF00BF1037BD4680BDFFFF80B584B02D
:20DB800000AF786039600023FB607B68BB60386800F06CF8F860FB68002B01D0FB6822E0D9
:20DBA000BB683A685A603B689A69BB685A623B68DA69BB68DA62BB6800229A62BB685B68F5
:20DBC0001B7803F5800303F58D531B021A46BB689A60B86800F0A6F8B86800F0F1F9BB68FA
:20DBE000034A1A60FB6818461037BD4680BD00BF4950535280B586B002AFF860B9607A60B2
:20DC0000FB70FB7800937B68BA680021F86800F07BFA034618461037BD4680BD80B586B00F
:20DC200002AFF860B9607A60FB70FB7800937B680022B968F86800F067FA034618461037B2
:20DC4000BD4680BD80B586B002AFF860B9607A603B603B7E00933B687A68B968F86800F040
:20DC600053FA034618461037BD4680BD80B586B000AF786000237B617B681B693B617B6852
:20DC80001B7803F5800303F58D531B020433FB603B69002B19D03B695B681B684FF00062AC
:20DCA0001A603B695B681B68FA689A603B699B681B683A6910683A695268114698477861F3
:20DCC0007B69002B01D07B6928E07B685B69BB60BB68002B21D0BB685B681B684FF40022A9
:20DCE0001A60BB685B681B68FA685A60BB689B681B68BA681068BA685268114698477861F7
:20DD00007B69002B09D03B69002B06D03B699B681B6A3A691268104698477B691846183767
:20DD2000BD4680BD80B491B000AF78600023FB6300233B620023BB6300237B6300233B6363
:20DD40000023FB620023BB6200237B620023FB61FB6B43F08003FB63FB6B43F02003FB63F0
:20DD6000FB6B43F01003FB637B685B685B7A002B01D1082300E00023FA6B1343FB637B68F7
:20DD80005B685B7A002B01D1102300E000237A6B13437B637B685B689B7A1A467B6A134349
:20DDA0007B627B685B68DB7A5B007A6A13437B627B685B685B7B1B037A6A13437B627B6885
:20DDC0005B681B69002B03D0FB6B43F02003FB637B685B681B6ABB61BB691B78002B14D1D6
:20DDE0007B685B681B78002B0AD17B685B685B7A002B01D1802300E000237A6A13437B62AF
:20DE0000FB6B23F00103FB6303E0FB6B43F00103FB63BB695B78DB01DB431A46FB6B13403F
:20DE2000FB63BB695B785A00BB695B785B0113431A46FB6B1343FB633B6A23F00F033B62A9
:20DE4000BB699B781A46BB69DB7802FA03F33A6A13433B627B6A23F070037B62BB69DB786C
:20DE60001B017A6A13437B62BB691B79002B0BD0BB6B43F02003BB63BB691B79022B03D15E
:20DE8000BB6B43F01003BB63BB695B79002B0BD07B6B43F001037B63BB695B79012B03D107
:20DEA0007B6B43F002037B63BB699B791A46FB691343FB61BB691B7AC3F30103DBB29B001D
:20DEC0007A6A13437B627B685B685B7A002B0CD17B6A43F460437B62BB695B7A3B63BB6951
:20DEE0009B7AFB62BB69DB7ABB6200237B61EFF310833B613B697B610123FB60FB6883F332
:20DF0000108800BF2D4B5A687B685B681B78C3F11303012101FA03F3DB43284913404B60CD
:20DF2000264B5B687B69BB60BB6883F3108800BF7B689B68DB787B689B680022DA707B6850
:20DF40009B68FA6BD2B21A707B689B683A6AD2B25A707B689B68BA6BD2B29A707B689B68F4
:20DF6000BA69D2799A727B689B683A6BD2B21A737B689B68FA6AD2B25A737B689B68BA6AE6
:20DF8000D2B29A737B689B687A6BD2B2DA737B689B687A6A92B21A827B689B68FA69D2B2DD
:20DFA00083F820207B689B68102283F8212000BF4437BD465DF8047B704700BF00400840C3
:20DFC00080B582B000AF78607B685B6893F90230002B0ADB7B685B6893F902007B685B6805
:20DFE0009B797A681946FFF7B1FD7B685B6893F90130002B0ADB7B685B6893F901007B689F
:20E000005B685B797A681946FFF7A0FD7B685B6893F904007B685B681B7A7A681946FFF7ED
:20E0200095FD7B685B6893F903007B685B68DB797A681946FFF718FD00BF0837BD4680BD95
:20E0400080B487B000AF78607B689B68DB7ADBB27B617B689B681B8A9BB2FB607B6893F889
:20E0600020300F2B08D97B6923F040037B617B6943F020037B610DE07B6893F82030072B2C
:20E0800004D87B6943F040037B6103E07B6923F060037B617B6893F820303B613B690F2B1D
:20E0A00004D93B6901339B08053B3B61FB6823F47063FB603B691B02FA681343FB607B68CD
:20E0C0009B687A69D2B2DA727B689B68FA6892B21A8200BF1C37BD465DF8047B704780B48E
:20E0E00083B000AF78607B689B681B78DAB27B689B6842F06002D2B21A7000BF0C37BD46D4
:20E100005DF8047B7047FFFF80B588B000AFF860B9607A603B60FB68FB61FB699B681B78BB
:20E12000DBB203F04003002B01D0082306E1FB69BA68DA60FB697A681A61FB6900225A614C
:20E14000FB6900229A61FB693A68DA61FB6997F8282083F82020FB695B685B69002B6DD0B4
:20E16000FB693A689A61FB6993F820300F2B0AD9FB695B685B695B681A68D378022161F350
:20E180000513D37018E0FB6993F82030072B09D8FB695B685B695B681A68D37823F0300319
:20E1A000D37009E0FB695B685B695B681A68D378012161F30513D370FB695B685B695B6839
:20E1C0001A689378022161F383039370FB695B685B695B681B683A6892B2DA81FB695B6819
:20E1E0005B695B681B687A689A607B68002B0FD1FB695B685B695B681A68937823F00C03EE
:20E200009370FB695B685B695B681B684D4A9A60FB695B685B699B685B68FA6952685269B0
:20E220001068FA69526852695268126811469847B861BB69002B01D0BB697FE0FB695B6841
:20E240001B69002B73D0FB693A685A61FB6993F820300F2B0AD9FB695B681B695B681A68BF
:20E26000D378022161F30513D37018E0FB6993F82030072B09D8FB695B681B695B681A6847
:20E28000D37823F03003D37009E0FB695B681B695B681A68D378012161F30513D370FB6951
:20E2A0005B681B695B681A68D378022161F38303D370FB695B681B695B681B683A6892B270
:20E2C000DA81FB695B681B695B681B68BA685A60BB68002B0FD1FB695B681B695B681A68F8
:20E2E000D37823F00C03D370FB695B681B695B681B68154A5A60FB699A68137823F020033D
:20E300001370FB695B681B699B685B68FA69526812691068FA6952681269526812681146D6
:20E32000984778617B69002B01D07B6906E0F869FFF786FEF869FFF7D2FE002318462037A1
:20E34000BD4680BD5C4700206047002080B485B000AF78607B689B69FB607B68DB69FA6838
:20E360009A4234D07B681B69002B03D17B689B685B6827E07B6893F820300F2B09D97B68EA
:20E380009A687B681969FB689B000B4452681A6018E07B6893F82030072B09D87B689A68E7
:20E3A0007B681969FB680B441279D2B21A7009E07B689A687B681969FB685B000B44928853
:20E3C00092B21A80FB685A1C7B689A6100E000BF1437BD465DF8047B704780B485B000AF18
:20E3E00078607B685B69FB607B68DB69FA689A4233D07B68DB68002B04D17B689B680022AD
:20E400005A6025E07B6893F820300F2B09D97B68DA68FB689B001A447B689B6812685A60C8
:20E4200016E07B6893F82030072B08D87B68DA68FB681A447B689B6812781A7108E07B686A
:20E44000DA68FB685B001A447B689B6812889A80FB685A1C7B685A6100E000BF1437BD4660
:20E460005DF8047B704790B587B000AF78600B46FB707B689B6A7B617B69002B03D107F1B3
:20E4800008037B6105E07A6907F1080307CA83E807007B685B681B781A467B691A607B69AC
:20E4A000FA781A717B68DA6A7B699A607B685B6A786998477B689B6A002B08D07B689B6A1F
:20E4C0001C4607F1080393E8070084E8070000BF1C37BD4690BD80B582B000AFFFF745FA35
:20E4E0000346FB7197F907301846FFF77BFA97F907301846FFF764FA38603868FFF726FF0B
:20E500003B689A693B68DB699A4206D13B685B6893F903301846FFF7C5FA00BF0837BD4682
:20E5200080BD80B584B000AFFFF71FFA0346FB7397F90F301846FFF755FA97F90F30184621
:20E54000FFF73EFAB860BB685B681B6A7B607B68002B1ED07B685B78012B1AD1BB685A6980
:20E56000BB68DB69013B9A4207D1BB685B6893F903301846FFF7B2FA0BE0BB685B681B694A
:20E58000002B06D0BB685B6893F903301846FFF789FAB868FFF721FF00BF1037BD4680BD82
:20E5A00080B582B000AFFFF7E0F90346FB7197F907301846FFF716FA97F907301846FFF77B
:20E5C000FFF938603B689B68DB78C3F34003DBB2002B04D03B685B685B7A012B28D197F93D
:20E5E00007301846FFF78EFA3B685B6893F90230002B06DB3B685B6893F902301846FFF760
:20E6000081FA3B689A68137823F0400313703B685B6893F90230002B06DB3B685B6893F954
:20E6200002301846FFF75AFA01213868FFF71BFF00BF0837BD4680BD80B584B000AFFFF7E2
:20E6400094F90346FB7397F90F301846FFF7B8F9B860BB685B6893F90230002B06DBBB68B7
:20E660005B6893F902301846FFF74CFABB689A68137823F040031370BB685B6893F9023052
:20E68000002B06DBBB685B6893F902301846FFF725FABB689B68DB78FB71BB689B6800222A
:20E6A000DA70FB7903F00803DBB2002B03D00521B868FFF7D8FEFB7903F00103DBB2002BDE
:20E6C00003D00421B868FFF7CEFEFB7903F00403DBB2002B09D0FB7903F01003DBB2002B2F
:20E6E00003D00821B868FFF7BEFE97F90F301846FFF778F900BF1037BD4680BD80B483B00B
:20E7000000AFEFF303837B607B683B603B88C3F308039BB2DBB2103BDBB25BB218460C37A5
:20E72000BD465DF8047B704780B483B000AF03463960FB7197F9073004493A6841F82320B5
:20E7400000BF0C37BD465DF8047B7047A847002080B483B000AF0346FB7197F90730044A3A
:20E7600052F8233018460C37BD465DF8047B7047A847002080B483B000AF0346FB710B499F
:20E7800097F9073003F1C00251F8223023F4803341F82230054A97F90730C03352F8233066
:20E7A00000BF0C37BD465DF8047B70470060004080B584B000AF0346FB7197F90730184637
:20E7C000FFF7D8FFBFF35F8F00BF97F90730FB60FB6803F01F02074997F907305B090120D8
:20E7E00000FA02F2603341F8232000BF1037BD4680BD00BF00E100E080B584B000AF0346F5
:20E80000B9607A60FB73BB68DAB2094997F90F301201D2B20B4483F8002397F90F30796893
:20E820001846FFF781FF00BF1037BD4680BD00BF00E100E080B485B000AF0346FB7197F9E1
:20E840000730FB60FB6803F01F020749FB685B09012000FA02F241F8232000BF1437BD4600
:20E860005DF8047B704700BF00E100E080B582B000AF0346FB7197F907301846FFF798FF10
:20E8800097F907301846FFF7D5FF00BF0837BD4680BDFFFF80B485B000AF0346FB7197F9F0
:20E8A0000730FB60FB6803F01F020B4997F907305B09012000FA02F2203341F82320BFF340
:20E8C0004F8F00BFBFF36F8F00BF00BF1437BD465DF8047B704700BF00E100E080B58AB0A5
:20E8E00000AF786039607B687B623B681B781A460123934003F00603002B0AD03B68DB69C3
:20E900005B681B7803F00803DBB2002B01D00323CAE03B681B7803F5800303F58C531B02A5
:20E920001A467B6A1A627B6A00221A707B6A3A68DA613B685A697B6A5A623B689A697B6A31
:20E94000DA627B6A00229A627A6A9378012161F3010393703B685B78002B05D17A6A9378A6
:20E96000022161F3010393703968786A00F0C1F9786A00F006F900233B62EFF31083FB608B
:20E98000FB683B6201233B613B6983F3108800BF474B5A683B681B7819464FF00043CB40D0
:20E9A000DB43434913404B60414B5B683B6A7B617B6983F3108800BF7B6A1B6A00229A7098
:20E9C0007B6A1B6A00221A717B6A1B6A00225A727B6A1B6A00229A727B6A1B6A0022DA7258
:20E9E0007B6A1B6A00225A833B681B781A46012303FA02F240F219231340002B03D07B6A5F
:20EA00001B6A4022DA747B6A1B6A06221A773968786A00F0C0F87B6A0022DA607B6A00222B
:20EA20001A617B6A00225A617B6A00229A613B68DB69FB61FB691B7803F00303BB61BB6924
:20EA400043F01003BB617B6ADB6993F905301846FFF70CFF7B6ADB6993F90B301846FFF7C7
:20EA600005FFBB6943F04003BB617B6ADB6993F907301846FFF7FAFE7B6ADB6993F90930B6
:20EA80001846FFF7F3FEBB6943F02003BB617B6A1B6ABA69D2B29A70FB695A897B6A1A81B9
:20EAA0007B6A044A5A60002318462837BD4680BD004008405549435380B487B000AFF8601B
:20EAC000B9607A60FB687B6100233B617B69BA685A617B697A689A613B6918461C37BD466B
:20EAE0005DF8047B704780B487B000AFF860B9607A60FB687B617B691B6A9B78DAB27B69FB
:20EB00001B6A02F07B02D2B29A707B699B78C3F30103DBB21A467B689A1A7B691A617B69FB
:20EB20009B78C3F30103DBB21A46BB681A447B69DA607B691B6A9B78DAB27B691B6A62F0B9
:20EB40007F02D2B29A707B699B7803F00303DBB2022B0AD1BB681B887A69126A6FEAC3538D
:20EB60006FEAD3539BB2D38104E07B691B6ABA681278DA70002318461C37BD465DF8047B87
:20EB8000704780B483B000AF786000BF0C37BD465DF8047B704780B586B000AF78603960B5
:20EBA0003B681B781A46012303FA02F240F219231340002B04D07B681B6A4FF478429A8269
:20EBC0003B689B781A013B68DB78DB0013437B61F2233B613B685B78032B04D17B6943F020
:20EBE00040037B6107E03B685B78002B03D13B6923F010033B617B681B6A7A69D2B21A70DB
:20EC00007B681B6A3A69D2B29A713B68DB69BB60BB681B7B082B04D17B681B6A0A225A7336
:20EC200009E0BB681B7B5B00DAB27B681B6A02F00202D2B25A730023FB60BB685B78DB014C
:20EC4000DBB2FA681343FB60BB689B785B0103F02003FA681343FB607B681B6A00221A7243
:20EC6000BB681B78022B03D0BB681B78032B11D17B681B6AFF225A70BB681B78022B03D10E
:20EC8000FB6843F01003FB607B681B6AFA68D2B2DA710DE07B681B6AFA68D2B2DA717B686E
:20ECA0001A6ABB685B681946104600F04FF800BF00BF1837BD4680BD80B582B000AF786003
:20ECC0000B46FB701346BB7097F902301846FFF7E1FD97F902301846FFF74CFDF97897F9A0
:20ECE00002307A681846FFF787FD00BF0837BD4680BD80B582B000AF786039603B68997AAD
:20ED00003B6893F90B301A467868FFF7D5FF3B6819793B6893F905301A467868FFF7CCFFE5
:20ED20003B6899793B6893F907301A467868FFF7C3FF3B68197A3B6893F909301A467868E2
:20ED4000FFF7BAFF00BF0837BD4680BD80B483B000AF786039603B689A787B685A703B683A
:20ED60005B78C3F30103D9B27A68137861F3010313703B68DA787B689A747B68DB79DBB289
:20ED800023F05C03DAB23B681B7803F05C03DBB21343DAB27B68DA7100BF0C37BD465DF8F6
:20EDA000047B704790B58BB000AFF860B9601346FB71FB689B6A7B627B6A002B03D107F197
:20EDC00014037B6205E07B6A07F114040FCB84E80F00FB68DB691B781A467B6A1A607B6A32
:20EDE000BA689A607B6AFA791A71FB68DA6A7B6ADA60FB685B6A786A9847FB689B6A002BD2
:20EE000007D0FB689B6A1C4607F114030FCB84E80F0000BF2C37BD4690BD80B584B000AF63
:20EE2000FFF76CFC0346FB7397F90F301846FFF7A1FC97F90F301846FFF78AFCB860BB6819
:20EE4000DB691B69002B30D1BB681B69002B2CD0BB689B7803F00303DBB2022B0BD1BB6808
:20EE6000DB681B88BA68126A6FEAC3536FEAD3539BB2D38105E0BB68DA68BB681B6A127803
:20EE8000DA70BB681B69BA689278C2F30102D2B29A1ABB681A61BB68DB68BA689278C2F380
:20EEA0000102D2B21A44BB68DA60BB681B69002B1BD1BB681B6A9B78FB71FB7943F004037D
:20EEC000FB71FB7903F07F03FB71BB681B6AFA799A70BB680022DA60BB685B6A002B04D0E6
:20EEE00080220021B868FFF75DFF00BF1037BD4680BD80B584B000AFFFF700FC0346FB73D6
:20EF000097F90F301846FFF735FC97F90F301846FFF71EFCB860BB689B7803F00303DBB28C
:20EF2000022B07D1BB681B6A1B8A9BB2C3F308037B6004E0BB681B6A5B79DBB27B60BB68AB
:20EF40009B69002B0AD1BB685B6A002B33D07B6804221946B868FFF725FF2CE0BB685869FF
:20EF6000BB689B78C3F30103DBB21A463B1D194609F03CF9BB685B69BA689278C2F3010204
:20EF8000D2B21A44BB685A61BB689B69BA689278C2F30102D2B29A1ABB689A61BB689B6929
:20EFA000002B08D1BB685B6A002B04D001220021B868FFF7F7FE00BF1037BD4680BD80B59C
:20EFC00082B000AFFFF79AFB0346FB7197F907301846FFF7BDFB38603B681B6A9B78DAB2DE
:20EFE0003B681B6A02F07B02D2B29A703868FFF7C8FD3B685B6A002B04D002220021386845
:20F00000FFF7D0FE97F907301846FFF7B3FB00BF0837BD4680BD80B584B000AFFFF76EFBAE
:20F020000346BB7297F90A301846FFF791FB78600023FB607B689B7803F00303DBB2022BB1
:20F0400007D17B681B6A1B8A9BB2C3F30803FB6004E07B681B6A5B79DBB2FB607B681B6AF2
:20F060001B79DBB203F03803FB72FB7A03F01003002B0BD07B681B6A1B7FC3F30003DBB20B
:20F08000002B03D1FB7A43F04003FB727B681B6A1B79DAB27B681B6A22F03802D2B21A71CE
:20F0A0007868FFF76EFD7B685B6A002B05D0FB7A1A46F9687868FFF775FE97F90A301846C0
:20F0C000FFF758FB00BF1037BD4680BD80B483B000AFEFF303837B607B683B603B88C3F351
:20F0E00008039BB2DBB2103BDBB25BB218460C37BD465DF8047B704780B483B000AF0346B8
:20F100003960FB7197F9073004493A6841F8232000BF0C37BD465DF8047B7047A847002019
:20F1200080B483B000AF0346FB7197F90730044A52F8233018460C37BD465DF8047B704723
:20F14000A847002080B483B000AF0346FB710B4997F9073003F1C00251F8223023F480339F
:20F1600041F82230054A97F90730C03352F8233000BF0C37BD465DF8047B7047006000402E
:20F1800080B584B000AF0346FB7197F907301846FFF7D8FFBFF35F8F00BF97F90730FB602F
:20F1A000FB6803F01F02074997F907305B09012000FA02F2603341F8232000BF1037BD4636
:20F1C00080BD00BF00E100E080B584B000AF0346B9607A60FB73BB68DAB2094997F90F30E0
:20F1E0001201D2B20B4483F8002397F90F3079681846FFF781FF00BF1037BD4680BD00BF02
:20F2000000E100E080B485B000AF0346FB7197F90730FB60FB6803F01F020749FB685B09B0
:20F22000012000FA02F241F8232000BF1437BD465DF8047B704700BF00E100E080B582B0C4
:20F2400000AF0346FB7197F907301846FFF798FF97F907301846FFF7D5FF00BF0837BD46A8
:20F2600080BDFFFF80B485B000AF0346FB7197F90730FB60FB6803F01F020B4997F90730D2
:20F280005B09012000FA02F2203341F82320BFF34F8F00BFBFF36F8F00BF00BF1437BD4661
:20F2A0005DF8047B704700BF00E100E080B584B000AF0346B9607A60FB7397F90F307A68D0
:20F2C000B9681846FFF780FF97F90F301846FFF7B5FF00BF1037BD4680BDFFFF80B584B0B6
:20F2E00000AF786039607B68FB600023BB603B681B7803F5800303F58C531B021A46FB680A
:20F300009A60FB683A685A603B689A69FB681A623B68DA69FB689A62FB6800225A62F868C9
:20F3200000F020F9B860BB68002B01D0BB682AE0F86800F043F83B6893F901003B685B792E
:20F34000FA681946FFF7B2FF3B6893F902003B689B79FA681946FFF7A9FF3B6893F90300CC
:20F360003B68DB79FA681946FFF7A0FF3B6893F904003B681B7AFA681946FFF797FFFB6825
:20F38000034A1A60BB6818461037BD4680BD00BF5349435380B586B000AFF860B9607A6048
:20F3A000FB70FB687B617B680022B968786900F03BF9034618461837BD4680BD80B48FB0CF
:20F3C00000AF78607B685B683B623B6A1B6AFB618023BB6100237B63E2233B630023FB62FA
:20F3E000FF23BB6200237B62FB695B78C3F30103DBB21A46BB691343BB61FB699B785BB2D6
:20F40000002B06DA7B6A43F004037B62FB699B78BB623B6A5B7A012B0BD1FB6A43F0040330
:20F42000FB62FB6A43F00103FB627B6B43F002037B633B6A9B7A012B08D13B6ADB7A002B96
:20F4400010D1FB6A43F04003FB620BE0FB6A43F08003FB623B6ADB7A012B03D1FB6A43F09E
:20F460004003FB623B6A5B7B002B03D13B6B43F008033B6300237B61EFF31083BB60BB683E
:20F480007B610123FB60FB6883F3108800BF344B5A683B6A1B7819464FF00043CB40DB435E
:20F4A0002F4913404B602E4B5B687B693B613B6983F3108800BF7B689B6800229A707B68B4
:20F4C0009B681B797B689B6884221A717B689B684FF478429A827B689B68BA69D2B21A7068
:20F4E0007B689B687A6BD2B29A707B689B683A6BD2B29A717B689B68FA6912785A707B6819
:20F500009B68BA6AD2B29A747B689B687A6AD2B2DA717B689B68FA6AD2B25A737B689B6818
:20F5200000221A727B689B6800225A727B689B6800229A727B689B680022DA727B689B68FB
:20F5400000225A837B689B684022DA747B689B6802221A7700BF3C37BD465DF8047B7047BB
:20F560000040084080B586B000AF786000237B617B685B683B613B695B69002B1ED03B69AB
:20F580005B69FB60FB685B681B684FF400221A607B689A68FB685B681B6805325A60FB68E2
:20F5A0009B681B68FA681068FA6852681146984778617B69002B01D07B6930E03B691B69C4
:20F5C000002B2BD03B691B69BB60BB685B681B684FF000621A607B689A68BB685B681B68F0
:20F5E00003329A60BB689B681B68BA681068BA6852681146984778617B69002B0ED03B691D
:20F600005B69002B08D03B695B699B681B6A3A6952691268104698477B6900E07B69184620
:20F620001837BD4680BDFFFF90B589B000AFF860B9607A603B60FB689B689B78DBB203F031
:20F640003003002B01D0082370E0FB683A68DA61FB6800225A61FB6800229A61FB68BA687B
:20F66000DA60FB687A681A61FB685B681B69002B39D0FB683A685A61FB685B681B69FB61EC
:20F68000FB695B681B683A6892B2DA81BB68002B0CD1FB695B681A68D37823F00C03D370FB
:20F6A000FB695B681B68234A5A600CE0FB695B681A68D378022161F38303D370FB695B6832
:20F6C0001B68BA685A60FB699B685B68FA691068FA695268126811469847B861BB69002B91
:20F6E00001D0BB6922E0FB685B685B69002B19D07B68002B16D0FB683A689A61FB685B68FB
:20F700005B697B617B699B689C687B6918683B689BB27A680021A04738613B69002B01D0E7
:20F720003B6903E0F86800F007F8002318462437BD4690BD6447002080B584B000AF78600C
:20F740002023FB607B681B69002B09D07B685B681B69002B04D17B685B685B69002B03D00E
:20F76000FB6843F08003FB607B681B69002B03D0FB6843F05003FB607B689B689B78D9B2E8
:20F78000FB68DAB27B689B680A43D2B29A707B685B681B69002B25D17B685B685B69002BD9
:20F7A00020D17B681B69002B1CD07B685B6893F901301846FFF756FD786800F017F87B680E
:20F7C0005B685B7A012B06D17B68DB69012B02D9786800F00BF87B685B6893F901301846CC
:20F7E000FFF710FD00BF1037BD4680BD80B483B000AF78607B685A697B68DB699A4216D241
:20F800007B68DB68002B09D07B68DA687B685B691A447B689B681278DA7003E07B689B6811
:20F820000022DA707B685B695A1C7B685A6100BF0C37BD465DF8047B704790B587B000AFE6
:20F8400078600B46FB707B685B6A7B617B69002B03D107F108037B6105E07A6907F1080303
:20F8600007CA83E807007B685B681B781A467B691A607B69FA781A717B689A6A7B699A60A8
:20F880007B681B6A786998477B685B6A002B08D07B685B6A1C4607F1080393E8070084E89A
:20F8A000070000BF1C37BD4690BD80B582B000AFFFF70CFC0346FB7197F907301846FFF7FB
:20F8C00041FC97F907301846FFF72AFC38603868FFF78CFF3B685A693B68DB699A4210D1E7
:20F8E0003B681B69002B0CD13B689B689B78DBB203F07B03DAB23B689B6842F00402D2B234
:20F900009A7000BF0837BD4680BD90B583B000AFFFF7DCFB0346FB7197F907301846FFF7DB
:20F9200011FC97F907301846FFF7FAFB38603868FFF75CFF3B689A693B68DB699A420CD2DA
:20F940003B689A683B6819693B689B695C1C386884610B445279D2B21A703B689A693B68C8
:20F96000DB699A420CD13B689B689B78DBB203F03B03DAB23B689B6842F00402D2B29A701B
:20F9800000BF0C37BD4690BD80B582B000AFFFF79DFB0346FB7197F907301846FFF7C0FBE6
:20F9A00038603B689B689B78DAB23B689B6802F00302D2B29A7001213868FFF73EFF97F9BA
:20F9C00007301846FFF7BEFB00BF0837BD4680BD80B582B000AFFFF779FB0346FB7197F9E0
:20F9E00007301846FFF79CFB38603B689B689B78DAB23B689B6802F00302D2B29A703B683A
:20FA00009B681B793B689B6884221A7104213868FFF713FF97F907301846FFF793FB00BF43
:20FA20000837BD4680BDFFFF80B483B000AF0346FB7197F90730002B0DDB0A4A97F9073089
:20FA40005B0952F82320FB7903F01F0322FA03F303F0010300E0002318460C37BD465DF827
:20FA6000047B704700E100E080B483B000AFEFF303837B607B683B603B88C3F308039BB2E7
:20FA8000DBB2103BDBB25BB218460C37BD465DF8047B704780B483B000AF03463960FB7161
:20FAA00097F9073004493A6841F8232000BF0C37BD465DF8047B7047A847002080B483B00E
:20FAC00000AF0346FB7197F90730044A52F8233018460C37BD465DF8047B7047A8470020D2
:20FAE00080B483B000AF0346FB710B4997F9073003F1C00251F8223023F4803341F822307A
:20FB0000054A97F90730C03352F8233000BF0C37BD465DF8047B70470060004080B584B0A6
:20FB200000AF0346FB7197F907301846FFF7D8FFBFF35F8F00BF97F90730FB60FB6803F098
:20FB40001F02074997F907305B09012000FA02F2603341F8232000BF1037BD4680BD00BFE6
:20FB600000E100E080B584B000AF0346B9607A60FB73BB68DAB2094997F90F301201D2B29B
:20FB80000B4483F8002397F90F3079681846FFF781FF00BF1037BD4680BD00BF00E100E02E
:20FBA00080B485B000AF0346FB7197F90730FB60FB6803F01F020749FB685B09012000FAAD
:20FBC00002F241F8232000BF1437BD465DF8047B704700BF00E100E080B582B000AF03463E
:20FBE000FB7197F907301846FFF798FF97F907301846FFF7D5FF00BF0837BD4680BDFFFFBC
:20FC000080B485B000AF0346FB7197F90730FB60FB6803F01F020B4997F907305B090120DE
:20FC200000FA02F2203341F82320BFF34F8F00BFBFF36F8F00BF00BF1437BD465DF8047B68
:20FC4000704700BF00E100E080B584B000AF786039607B68FB600023BB60FB683A685A60A9
:20FC60003B685A69FB68DA603B689A69FB685A61FB6800221A61FB6800221A723968F868AB
:20FC800000F03EF93968F86800F0A4F9FB68034A1A60BB6818461037BD4680BD4354520094
:20FCA00090B585B000AF786039600023FB607B68BB60002000F0E6F83B681B68DBB22C4C15
:20FCC000184600F08FFA0346A3703B685B68DBB2274C184600F086FA034623713B689B683A
:20FCE000DBB2184600F07EFA03461A46204B02F03F02D2B29A713B689B69DBB21C4C1846E1
:20FD000000F070FA034623723B68DB68DBB2184C184600F067FA0346A3723B681B69DBB213
:20FD20000133DBB2124C184600F05CFA034623733B685B69DBB2643BDBB2184600F052FA67
:20FD400003461A460A4BDA81BB685B681B78002B05D1BB685B689B68184600F0ADF90120D2
:20FD600000F090F8FB6818461437BD4690BD00BF0030084080B586B000AF786039607B680A
:20FD80007B6100233B617B695B6893F911301846FFF74AFEF860FB68002B0AD102210120B3
:20FDA00000F04CF97B695B6893F911301846FFF713FF7B6900221A72314B9B78DBB2184628
:20FDC00000F036FA03461A463B681A602C4B1B79DBB2184600F02CFA03461A463B685A602B
:20FDE000274B9B79DBB203F03F03DBB2184600F01FFA03461A463B689A60214B1B7ADBB2F3
:20FE0000184600F015FA03461A463B689A611C4B9B7ADBB2184600F00BFA03461A463B6896
:20FE2000DA60174B1B7BDBB2184600F001FA03465A1E3B681A61124BDB899BB2DBB21846E2
:20FE400000F0F6F9034603F164023B685A617B691B7ADBB2002BACD1FB68002B0AD1022188
:20FE6000002000F0EBF87B695B6893F911301846FFF7C6FE3B6918461837BD4680BD00BFB3
:20FE80000030084080B483B000AF0346FB710E4AFB7903F00103D9B292F8243061F300039C
:20FEA00082F82430084B93F82430C3F30003DBB21A46FB799A42F5D100BF00BF0C37BD46C2
:20FEC0005DF8047B704700BF0030084080B400AF0A4A92F8243043F0020382F82430074BF3
:20FEE00093F82430C3F34003DBB2002BF7D100BF00BFBD465DF8047B704700BF0030084067
:20FF000080B584B000AF786039607B685B68304A1B7882F828300121C82004F095FA002026
:20FF2000FFF7B0FF7B685B681B78012B07D1284B00225A853B685A68254B92B29A85244BC4
:20FF4000002283F82420224B93F82430C3F3C013DBB2002BF7D1FFF7B9FF1D4B002283F8B8
:20FF600022201B4B93F82230DBB2002BF9D1184A92F8243043F0400382F82430144B93F80C
:20FF80002430C3F38013DBB2012BF7D10023FB7316E00F49FB7B03F1200211F8123023F07A
:20FFA000800301F812300A4AFB7B203312F81330C3F3C013DBB2002BF5D1FB7B0133FB73FA
:20FFC000FB7B002BE5D000BF00BF1037BD4680BD0030084080B582B000AF786039603B6824
:20FFE00093F90F30002B08DB3B6893F90F003B689B7B7A681946FFF7B5FD3B6893F90D30DC
:020000040002F8
:20000000002B08DB3B6893F90D003B681B7B7A681946FFF7A7FD3B6893F91130002B08DB04
:200020003B6893F911003B681B7C7A681946FFF799FD00BF0837BD4680BDFFFF80B483B0D6
:2000400000AF03460A46FB711346BB71FB79002B14D0184B93F82230DAB21649BB7913432F
:20006000DBB281F82230134B93F82230DAB2BB791340DBB2BA799A42F5D114E00D4B93F8A1
:200080002230DAB2BB79DB43DBB20A491340DBB281F82230074B93F82230DAB2BB79134063
:2000A000DBB2002BF6D100BF0C37BD465DF8047B704700BF0030084080B485B000AF78600A
:2000C0000023FB737B681B78BB737B685B787B737B689B783B737B685B68BB60334B93F8D9
:2000E0002430C3F30013DBB21A46BB7B93421ED02E4B002283F82E202C4B93F82E30DBB2AC
:20010000002BF9D1294ABB7B03F00103D9B292F8243061F3041382F82430244B93F824305A
:20012000C3F30013DBB21A46BB7B9A42F5D1BB7B012B1ED11D4B93F82430C3F34013DBB203
:200140001A467B7B934214D0184A7B7B03F00103D9B292F8243061F3451382F82430134B00
:2001600093F82430C3F34013DBB21A467B7B9A42F5D13B7B9B01DAB2BB68DBB203F03F034F
:20018000DBB21343FB73094AFB7B82F82E30074B93F82E30DBB2FA7B9A42F8D100BF00BF0D
:2001A0001437BD465DF8047B704700BF0030084080B582B000AFFFF757FC0346FB7197F98B
:2001C00007301846FFF77AFC38603B6801221A7297F907301846FFF783FC00BF0837BD4699
:2001E00080BDFFFF80B483B000AF0346FB71FB790E4AA2FB0323DB08DBB25BB21B0158B2C7
:20020000FA790A4BA3FB0213D9080B469B000B445B00D31ADBB25BB203435BB2DBB2184627
:200220000C37BD465DF8047B704700BFCDCCCCCC80B483B000AF0346FB71FB791B09DBB20D
:200240001A46920013445B00DAB2FB7903F00F03DBB21344DBB218460C37BD465DF8047B0C
:200260007047FFFF80B584B000AF786039607B68FB60FB683A685A60386800F029F8B8607A
:20028000BB68002B01D0BB6803E0FB68034A1A60002318461037BD4680BD00BF4D504C520D
:2002A00080B584B000AF78607B68FB6000F008FA012004F09BFAF86800F040F9B8600120B2
:2002C00004F044FABB6818461037BD4680BDFFFF80B586B000AF786000237B6100233B6136
:2002E0000023FB60012004F081FA00F0E9F97B681B78002B00F0D1807B681B78042B6BD15B
:200300007B68D3E908237149D3B281F802347B68D3E908014FF000024FF00003020A42EAC2
:2003200001620B0A6949D3B281F803347B68D3E908014FF000024FF00003020C42EA0142B6
:200340000B0C6249D3B281F804347B68D3E908014FF000024FF00003020E42EA01220B0E02
:200360005A49D3B281F805347B68D3E90A235749D3B281F80A347B68D3E90A014FF0000210
:200380004FF00003020A42EA01620B0A4F49D3B281F80B347B68D3E90A014FF000024FF06C
:2003A0000003020C42EA01420B0C4849D3B281F80C34FB6843F08003FB607B689B7F03F073
:2003C0000303FA681343FB607B685B7F9B0103F04003FA681343FB607B681B78032B3AD1B3
:2003E0007B68D3E90423134301D101237B617B68D3E9042335491346C1F898307B68D3E952
:2004000004014FF000024FF000030A0000232F491346C1F888307B681B7F5B007A691343D4
:200420007B617B685B8B2A4AC3F3080399B2B2F8003261F30803A2F800327B681A8B234B9A
:20044000D2B283F894207B681B8B1B0A9AB21F4BD2B283F895204FF480433B613B6943F454
:2004600000433B617B681B78002B7B681B78012B7B68D3E9022316491346C1F8A0317B6871
:20048000D3E902014FF000024FF000030A0000230F491346C1F8A43102E04FF480433B612A
:2004A0000A4B3A6992B29A81084B7A69D2B283F89220064BFA68D2B283F80024012004F013
:2004C00045F9002318461837BD4680BD00E001400060004080B483B000AF78607B68002B11
:2004E00001D005231CE0114B1B78DBB2012B01D0052315E00E4B1B78DBB2012B01D00523D3
:200500000EE00C4B1B78DBB2012B01D0052307E0094B1B78DBB2012B01D0052300E00023CE
:2005200018460C37BD465DF8047B704738E0014032E001402AE001404AE0014080B588B0BD
:2005400000AF78600023FB615A4B3B610023BB6100237B61584BFB60584B9B89C3F3C033A8
:20056000DBB2012B62D1554B93F82630DBB2BB603B691B78DBB203F00303FB614F4B93F828
:20058000AA30C3F30003DBB2BB614C4B93F80034C3F3C013DBB2002B13D1484B93F89230C4
:2005A000C3F30003DBB2012B07D1B868FFF792FF0346002B01D0052377E0002004F016F963
:2005C00025E0002004F012F93C4A92F80E3423F0010382F80E34394B93F80634374B0022E5
:2005E00083F80624354B93F80734344B002283F80724324B93F80834304B002283F8082441
:200600002E4B93F809342D4B002283F80924FB681B78DBB2DB0903F001037B61FB681B7827
:20062000DBB203F07F03DAB2FB681A707B685B681B78032B09D1214A92F8923043F0800391
:2006400082F892301D4B93F89230BFF34F8F00BF30BF1A4A92F8923023F0800382F89230E9
:20066000164B9B89C3F3C033DBB2012B1CD100F027F8FB69DBB203F00303DAB23B691A70F3
:20068000BB69DBB20D4A03F00103DBB282F8AA30FB681B78DAB27B69DBB21343DAB2FB6842
:2006A0001A70002004F052F8002318462037BD4680BD00BFA0E0014040E0014000E0014038
:2006C00080B400AF064B93F8AA30C3F30013DBB2002BF7D100BF00BFBD465DF8047B70472C
:2006E00000E0014080B483B000AF0346FB800A49FB881B0A9BB21A46FB88DBB212011344DD
:2007000051F82330C3F34003DBB218460C37BD465DF8047B704700BF0008084080B485B010
:2007200000AF0023FB60EFF310837B607B68FB600123BB60BB6883F3108800BF0D4B1B68F4
:20074000002B05D10C4B0022DA700B4B4022DA70084B1B680133074A1360FB683B603B6864
:2007600083F3108800BF00BF1437BD465DF8047B704700BFA4470020000D084080B485B08C
:2007800000AF0023FB60EFF310837B607B68FB600123BB60BB6883F3108800BF0F4B1B6892
:2007A000002B04D00D4B1B68013B0C4A13600B4B1B68002B05D10A4B0022DA70084B8022CA
:2007C000DA70FB683B603B6883F3108800BF00BF1437BD465DF8047B704700BFA4470020FF
:2007E000000D084080B584B000AF786039607B68FB60FB68044A1A60386800F052F80023B5
:2008000018461037BD4680BD54524F5080B584B000AFF8600B467A607B817B891846FFF7BF
:2008200061FF0346DAB27B681A70002318461037BD4680BD80B487B000AF78600B467B80D0
:2008400013467B700023FB820023BB827B8823F0FF037B827B88DBB23B823B8A012202FA0E
:2008600003F3FB817B78002B02D1FB89BB8201E0FB89FB827B8A1B0A9BB2DBB25B0103F11E
:20088000804303F50023BB60BB8A1A04FB8A1A43BB689A60002318461C37BD465DF8047B52
:2008A000704780B584B000AF7860786800F060F87B68BB60FFF732FF0023FB8111E0BB6891
:2008C0005A68FB89DB0013449888BB685A68FB89DB0013441B68194600F00EF8FB89013355
:2008E000FB81BB681B88FA899A42E8D3FFF746FF00BF1037BD4680BD80B483B000AF0346BC
:200900003960FB803B6803F48033002B1CD01749FB881B0A9BB21A46FB88DBB212011A4429
:2009200051F8223023F4803341F822300F48FB881B0A9BB21946FB88DBB23A6822F48032A2
:2009400009010B4440F823200849FB881B0A9BB21A46FB88DBB2120113443A6841F8232085
:2009600000BF0C37BD465DF8047B70470008084080B588B000AF7860594B7B61594B3B61E3
:200980000023FB619FE00023BB6195E07B685A68FB69DB0013449A885349BB6931F813301C
:2009A0009A4240F086807B685A68FB69DB0013441B6803F0F853FB60FB68B3F1807F03D0F5
:2009C000FB68B3F1106F39D17B6993F8BB34DAB20121BB6901FA03F3DBB21340DBB2002BCE
:2009E00013D1012003F002FF7B6993F8BB34DAB20121BB6901FA03F3DBB21343DAB27B698A
:200A000083F8BB24012003F0A1FE3B69BA69203213F81230C3F3C013DBB2002B49D13A6965
:200A2000BB6903F1200112F8113043F0800302F811300121C82003F007FD3AE07B6993F8B7
:200A4000BB34DAB20121BB6901FA03F3DBB21340DBB2002B15D0012003F0C8FE7B6993F81E
:200A6000BB34DAB20121BB6901FA03F3DBB2DB43DBB21340DAB27B6983F8BB24012003F05B
:200A800065FE3B69BA69203213F81230C3F3C013DBB2002B0DD03A69BB6903F1200112F889
:200AA000113023F0800302F811300121C82003F0CBFCBB690133BB61BB69022B7FF666AF11
:200AC000FB690133FB617B681B881A46FB699342FFF459AF00BF00BF2037BD4680BD00BF34
:200AE00000E0014000300840589F020080B483B000AFEFF303837B607B683B603B88C3F314
:200B000008039BB2DBB2103BDBB25BB218460C37BD465DF8047B704780B483B000AF03467D
:200B20003960FB7197F9073004493A6841F8232000BF0C37BD465DF8047B7047A8470020DF
:200B400080B483B000AF0346FB7197F90730044A52F8233018460C37BD465DF8047B7047E9
:200B6000A847002080B483B000AF0346FB710B4997F9073003F1C00251F8223023F4803365
:200B800041F82230054A97F90730C03352F8233000BF0C37BD465DF8047B704700600040F4
:200BA00080B584B000AF0346FB7197F907301846FFF7D8FFBFF35F8F00BF97F90730FB60F5
:200BC000FB6803F01F02074997F907305B09012000FA02F2603341F8232000BF1037BD46FC
:200BE00080BD00BF00E100E080B584B000AF0346B9607A60FB73BB68DAB2094997F90F30A6
:200C00001201D2B20B4483F8002397F90F3079681846FFF781FF00BF1037BD4680BD00BFC7
:200C200000E100E080B485B000AF0346FB7197F90730FB60FB6803F01F020749FB685B0976
:200C4000012000FA02F241F8232000BF1437BD465DF8047B704700BF00E100E080B582B08A
:200C600000AF0346FB7197F907301846FFF798FF97F907301846FFF7D5FF00BF0837BD466E
:200C800080BDFFFF80B485B000AF0346FB7197F90730FB60FB6803F01F020B4997F9073098
:200CA0005B09012000FA02F2203341F82320BFF34F8F00BFBFF36F8F00BF00BF1437BD4627
:200CC0005DF8047B704700BF00E100E080B586B000AF786039607B687B613B6893F902206E
:200CE0007B691A712A4A7B6993F90430C03352F823303B61264A7B6993F90430C033002119
:200D000042F823103B689A687B699A603B68DA687B69DA603B681A787B695A717B695B7944
:200D2000FB731B4AFB7B0021D1543B681B791B01BB733B685B79DB01DAB2BB7B1343BB730A
:200D40003B68DA78BB7B1343BB731149FB7BBA7BCA540F497B6993F90430C0333A6941F8F6
:200D600023207B6993F90430002B08DB7B6993F904003B685B787A691946FFF735FF7B6944
:200D8000044A1A60002318461837BD4680BD00BF006000405543490080B584B000AF78604B
:200DA0007B68FB60FB6893F904301846FFF756FF002318461037BD4680BD80B584B000AF09
:200DC00078607B68FB60FB6893F90430002B0CDBFB6893F904301846FFF754FFFB6893F90F
:200DE000043000211846FFF797FEFB6800221A60002318461037BD4680BDFFFF80B586B045
:200E000000AFFFF773FE0346BB7597F916301846FFF796FE38610023FB753B695B79FB7373
:200E2000174AFB7BD35CC3F30103DBB2BB73BB7B032B02D10123FB7504E097F91630184654
:200E4000FFF790FE3B69002B0ED03B699B68002B0AD03B695B79BB603B69DB687B603B69BC
:200E60009B683A1D10469847FB7D002B04D097F916301846FFF776FE00BF1837BD4680BD80
:200E80000060004080B483B000AFEFF303837B607B683B603B88C3F308039BB2DBB2103B32
:200EA000DBB25BB218460C37BD465DF8047B704780B487B000AF0346FB710E4B1B6A7B61E0
:200EC000FB797A6922FA03F303F007033B617B691B0E03F00703FB60074B1A68FB689A409A
:200EE0003B6922FA03F318461C37BD465DF8047B704700BF00E001403449002080B483B019
:200F000000AF03463960FB7197F9073004493A6841F8232000BF0C37BD465DF8047B704712
:200F2000A847002080B483B000AF0346FB7197F90730044A52F8233018460C37BD465DF82C
:200F4000047B7047A847002080B483B000AF0346FB710B4997F9073003F1C00251F8223015
:200F600023F4803341F82230054A97F90730C03352F8233000BF0C37BD465DF8047B7047E6
:200F80000060004080B584B000AF0346FB7197F907301846FFF7D8FFBFF35F8F00BF97F903
:200FA0000730FB60FB6803F01F02074997F907305B09012000FA02F2603341F8232000BFD0
:200FC0001037BD4680BD00BF00E100E080B584B000AF0346B9607A60FB73BB68DAB2094947
:200FE00097F90F301201D2B20B4483F8002397F90F3079681846FFF781FF00BF1037BD4611
:2010000080BD00BF00E100E080B485B000AF0346FB7197F90730FB60FB6803F01F0207495D
:20102000FB685B09012000FA02F241F8232000BF1437BD465DF8047B704700BF00E100E046
:2010400080B582B000AF0346FB7197F907301846FFF798FF97F907301846FFF7D5FF00BF65
:201060000837BD4680BD80B584B000AF0346B9607A60FB7397F90F307A68B9681846FFF709
:20108000A5FF97F90F301846FFF7DAFF00BF1037BD4680BD80B584B000AF786039607B68FE
:2010A000FB603B681B7C1A46012303FA02F2FB68DA603968F86800F009F93968F86800F0A5
:2010C00037F9FB68034A1A60002318461037BD4680BD00BF5450470080B485B000AF786014
:2010E0007B68FB60FB689B68FA68D2689A60002318461437BD465DF8047B704780B485B0F3
:2011000000AF78607B68FB60FB689B68FA68D2685A60002318461437BD465DF8047B7047F4
:2011200080B485B000AF78607B68FB60FB689B68FA68D268DA60002318461437BD465DF821
:20114000047B704780B58CB000AFF860B9607A607B6803F003037B62FB683B624FF0FF33C4
:201160007B610023BB6107F114027B68B968386A00F053FA386A00F09EF8F8613B6A9B683A
:201180001B6BFB62BB69002B29D10223BB627B6803F00803002B01D00423BB627B6803F0EA
:2011A0000203002B11D03B6A99687A69BB6A12339B000B445A603B6A9968BB6A01337A69A5
:2011C00012339B000B445A6009E03B6A99687A6ABB6A13447A6912339B000B445A607B6888
:2011E00003F04003002B07D03B6A9B681A6C3B6A9B6842F480021A647B6A012B08D0FB6A5D
:2012000023F44033FB62BB691B04FA6A1343FB627B68022B09D1BB69002B06D007F1140270
:201220000123B968386A00F0F8F97B6A002B08D0FB6A23F04073FB62BB691B06FA6A134377
:20124000FB623B6A9B68FA6A1A63FB6943F425431946386A00F024F8002318463037BD46AD
:2012600080BD80B586B000AF786039607B687B617B699B685B6E3B613B690133FB603B68C5
:20128000FA689A60786900F03DFA02463B685A603B6801221A70002318461837BD4680BDE5
:2012A00080B483B000AF7860396000BF0C37BD465DF8047B704780B483B000AF7860002306
:2012C00018460C37BD465DF8047B704780B485B000AF786039607B683A685A607B68012211
:2012E0001A747B68DB6803F00603002B02D07B6800221A743B681B7C1A460C4B13441B0249
:20130000FB60FA687B689A603B685A697B685A613B689A697B68DA617B6800229A6100BFAC
:201320001437BD465DF8047B704700BF9016400080B592B000AF786039603B68DB69BB6393
:2013400000237B63EFF31083BB61BB697B6301237B617B6983F3108800BF934B1A693B6844
:201360001B7C19464FF00043CB40DB438E4913400B618D4B1B697B6B3B613B6983F31088A6
:2013800000BF7B689B684FF425421A607B689B680022DA627B689B680022DA637B689B6815
:2013A00000229A643B681B7A3B633B6BDB057B643B685B68013BFB623B681B78032B03D19B
:2013C0007B6C43F480337B647B689B687A6CDA62786800F0EBF87B689B68BA6B9269DA6161
:2013E0007B689B68BA6BD2691A627B689B68FA6A9A667B689B68FA6A5A660023BB62BB6B71
:201400009B6B3B644FF0FF33BB600023FB603B681B78002B06D13B685B685B08013B7B6203
:201420007B6ABB603B681B78012B07D93B68D96807F108020023786800F0EFF87B689B68C4
:20144000BA685A657B689B68BA689A653B681B78032B07D97B689B68BA68DA657B689B6833
:20146000BA681A66FB681B04BA6A1343BB62FB681B06BA6A1343BB62BB6B9B6B002B1ED150
:20148000BB6B1B78002B0AD0BB6B5B781946386800F04FF938623A6C3B6A13433B64BB6B5E
:2014A0009B78002B0BD0BB6BDB781946386800F040F9F861FB691B043A6C13433B6478681B
:2014C00000F062F97B689B6800229A637B689B680022C3F88820BB6B9B6B002B0DD1BB6BF6
:2014E00093F820305B033A6C13433B64BB6B93F821305B073A6C13433B644FF4AA03FB63CB
:20150000BB6B93F83030002B02D04FF4A003FB637B689B68FA6B1A643B681B78012B07D176
:201520007B689B680022DA647B689B6800221A657B689B683A6C5A637B689B68BA6A42F059
:2015400003021A637B689B68BA6A42F001021A637B689B687A68D268DA604AF201517868A3
:20156000FFF79EFE3B6893F912003B685B7C7A68194600F03CF8BB6B93F92400BB6B93F832
:2015800022307A68194600F032F8BB6B93F92500BB6B93F823307A68194600F028F800BFB3
:2015A0004837BD4680BD00BF0040084080B483B000AF78607B689B684FF000421A617B6872
:2015C0009B684FF000425A617B689B684FF000429A617B689B6800225A627B689B6800229E
:2015E0009A6200BF0C37BD465DF8047B704780B584B000AF0346B9607A60FB7397F90F30CE
:20160000002B06DB97F90F307A68B9681846FFF72AFD00BF1037BD4680BD80B48BB000AF0D
:20162000F860B9607A603B60FB689B689B6EFB61FB690133FB61BB68002B0CBF01230023A5
:20164000FB76BA68FB699A422CBF01230023BB76FB7E002B02D1BB7E002B44D03B6803F0CF
:201660000103002B07D1FB689B685B6BC3F30403DBB27B6206E0FB689B685B6BC3F3044301
:20168000DBB27B62FB685B681B78032B09D97B6A03F01003002B0CBF0123002387F823301D
:2016A00008E07B6A03F00C03042B0CBF0123002387F82330FB7E002B06D097F8233083F079
:2016C0000103DBB2002B06D1BB7E002B07D097F82330002B03D07B6802225A600CE07B68CC
:2016E00003225A6008E0BB687B617B69013B7B617B687A691A6000BF00BF2C37BD465DF8AF
:20170000047B704780B584B000AF78607B689B68DB6AC3F3C353DBB2FB730020FFF7C8FBD8
:20172000B860FB7BBA6822FA03F318461037BD4680BD80B485B000AF78600B46FB70FB78E3
:201740009A01FB781B01134343F48073BB600923FB607B681B78022B0BD07B681B78032B1B
:2017600002D10323FB6004E0FB78002B01D10623FB60BA68FB681343BB60BB68184614377B
:20178000BD465DF8047B704780B485B000AF78607B685B68DB69FB60FB6893F8303003F045
:2017A0000103DBB2002B05D0FB689A6A7B689B68013ADA64FB6893F8303003F00203DBB2FF
:2017C000002B05D0FB68DA6A7B689B68013A1A6500BF1437BD465DF8047B704790B589B0AC
:2017E00000AFF8600B467A60FB72FB689B69FB61FB69002B03D107F11003FB6105E0FA6975
:2018000007F1100307CA83E80700FB69FA7A1A71FB697A689A60FB68DA69FB691A60FB68F0
:201820005B69F8699847FB689B69002B08D0FB689B691C4607F1100393E8070084E8070071
:2018400000BF2437BD4690BD80B584B000AFFFF719FB0346FB7397F90F301846FFF774FBB3
:2018600097F90F301846FFF75DFBB860BB685B681B78012B20D1B868FFF71DFD7860BB6814
:201880009B68BA68D2689A60BB689B6800229A64BB689B680022DA64BB689B6800221A655C
:2018A0007B6843F425431946B868FFF7F9FC97F90F301846FFF766FBBB685B69002B04D0D2
:2018C00000220021B868FFF789FF00BF1037BD4680BD80B483B000AFEFF303837B607B68A5
:2018E0003B603B88C3F308039BB2DBB2103BDBB25BB218460C37BD465DF8047B7047FFFFDD
:2019000080B487B000AF0346FB710E4B1B6A7B61FB797A6922FA03F303F007033B617B6958
:201920001B0E03F00703FB60074B1A68FB689A403B6922FA03F318461C37BD465DF8047BD7
:20194000704700BF00E001403449002080B400AF094B0122A3F80421074BB3F804319BB2BA
:20196000002BF9D1044B0122A3F8002100BFBD465DF8047B704700BF00C0014080B483B0D0
:2019800000AF03463960FB7197F9073004493A6841F8232000BF0C37BD465DF8047B704788
:2019A000A847002080B483B000AF0346FB7197F90730044A52F8233018460C37BD465DF8A2
:2019C000047B7047A847002080B483B000AF0346FB710B4997F9073003F1C00251F822308B
:2019E00023F4803341F82230054A97F90730C03352F8233000BF0C37BD465DF8047B70475C
:201A00000060004080B584B000AF0346FB7197F907301846FFF7D8FFBFF35F8F00BF97F978
:201A20000730FB60FB6803F01F02074997F907305B09012000FA02F2603341F8232000BF45
:201A40001037BD4680BD00BF00E100E080B584B000AF0346B9607A60FB73BB68DAB20949BC
:201A600097F90F301201D2B20B4483F8002397F90F3079681846FFF781FF00BF1037BD4686
:201A800080BD00BF00E100E080B485B000AF0346FB7197F90730FB60FB6803F01F020749D3
:201AA000FB685B09012000FA02F241F8232000BF1437BD465DF8047B704700BF00E100E0BC
:201AC00080B582B000AF0346FB7197F907301846FFF798FF97F907301846FFF7D5FF00BFDB
:201AE0000837BD4680BDFFFF80B485B000AF0346FB7197F90730FB60FB6803F01F020B49AF
:201B000097F907305B09012000FA02F2203341F82320BFF34F8F00BFBFF36F8F00BF00BF3F
:201B20001437BD465DF8047B704700BF00E100E080B584B000AF0346B9607A60FB7397F9FA
:201B40000F307A68B9681846FFF780FF97F90F301846FFF7B5FF00BF1037BD4680BDFFFF55
:201B600080B584B000AF786039607B68FB600023BB60FB683A685A603B681B78002B23D04D
:201B80003B685A68FB681A643B68DA68FB689A64FB6800225A64184B01221A763B6893F931
:201BA00011003B681B7CFA681946FFF7C1FF124B98221A753B6893F913003B689B7CFA685F
:201BC0001946FFF7B5FF05E00B4B00221A760A4B00221A75F86800F0B1FAB860BB68002BA8
:201BE00001D0BB6803E0FB68044A1A60BB6818461037BD4680BD00BF00E07F404E45504F4B
:201C000080B586B000AFF860B9607A603B60FB683B6100237B613B685A083B699A633B697C
:201C2000BA681A633B697A685A633B69002283F83C207B68B3F1006F04D2386906F078FF4B
:201C4000786103E0386900F0C2F978617B6918461837BD4680BD80B588B000AFF860B96045
:201C60007A60FB687B610023FB617B69002283F83C20BB68B3F1006F19D20023BB61BB686C
:201C8000B3F5803F06D2BB6823F4FF5323F01F03BB6105E0BB6823F4FF4323F07F03BB6116
:201CA0007A68B969786906F057FFF8610EE0BB6823F03F033B617A683969786900F0DAFA6F
:201CC000F861FB69002B01D0FB6900E0FB6918462037BD4680BD80B588B000AFF860B96021
:201CE0007A603B60FB687B610023FB61BB68B3F1006F1DD27B69002283F83C203B680022EA
:201D00001A70BB683B610023BB610CE03A69BB6913441B78FF2B03D03B6801221A700EE063
:201D2000BB690133BB61BA697B689A42EED306E03B687A68B968786900F090F9F861FB69E9
:201D400018462037BD4680BD80B483B000AF786039600B4BB3F884309BB203F08103002B63
:201D600003D13B6800221A7002E03B6801221A70002318460C37BD465DF8047B704700BFFD
:201D800000E07F4080B487B000AFF860B9601346FB80FB687B6100233B6106233B613B69DE
:201DA00018461C37BD465DF8047B704780B487B000AFF860B9607A60FB687B6100233B6181
:201DC00006233B613B6918461C37BD465DF8047B704780B485B000AF78607B68FB6000230A
:201DE000BB600623BB60BB6818461437BD465DF8047B704780B584B000AF78607B68FB60FC
:201E0000F86806F0A5FE034618461037BD4680BD80B584B000AF78600B46FB701346BB706B
:201E20007B68FB600023BB60BA78FB781946F86806F076FEB860BB6818461037BD4680BD38
:201E400080B485B000AF78607B68FB600023BB600623BB60BB6818461437BD465DF8047B2F
:201E6000704780B584B000AF78607B68FB60F86800F064F9034618461037BD4680BDFFFFA4
:201E800080B483B000AF786039603B68094A92E8030083E803003B68074A083392E803002E
:201EA00083E80300002318460C37BD465DF8047B704700BF809F0200700A002080B584B07F
:201EC00000AF78607B68FB600023BB60FB6800221A60FB685B6893F91130002B06DBFB689E
:201EE0005B6893F911301846FFF7FEFD0B4B00221A76FB685B6893F91330002B06DBFB6897
:201F00005B6893F913301846FFF7EEFD034B00221A75BB6818461037BD4680BD00E07F404A
:201F200080B487B000AFF860B9607A603B60FB687B617B69BA681A647B697A689A647B6936
:201F40003A685A64002318461C37BD465DF8047B704780B485B000AF78600B46FB700623EA
:201F6000FB60FB6818461437BD465DF8047B704780B485B000AF78600B46FB700623FB603C
:201F8000FB6818461437BD465DF8047B704780B487B000AFF8600B467A60FB7206237B6198
:201FA0007B6918461C37BD465DF8047B704780B487B000AFF860B9607A603B6006237B61F9
:201FC0007B6918461C37BD465DF8047B704780B586B000AF786000237B61786800F088FA9B
:201FE00078617B69002B01D07B6932E07B685B681B78002B06D07B68012283F83C200023F8
:202000003B6102E07B68DB683B613A690421786806F09AFD78617B685B681B78002B01D03D
:202020007B6916E018224FF48051786906F088FD78617B689B6B002B02D07B69002BE4D09A
:2020400006F072FDF8607B69002B01D1FB687B617B6918461837BD4680BDFFFF80B588B067
:2020600000AFF860B9607A603B60F86800F040FAF861FB69002B01D0FB6957E02D4B002253
:2020800083F8D0202B4ABB681363BA687B681344284A013B5363284B71221A70264BD02214
:2020A0001A70FB685B681B78002B08D0FB68032283F83C203B6802221A70002336E0FB688E
:2020C0005B697A689208013202FB03F3BB6108E0BB69002B02D11423FB610AE0BB69013B97
:2020E000BB61144BD3F88030C3F3C033DBB2012BEED14FF4FC720021F86906F021FDF86129
:202100000C4B93F8D430DBB2012B03D13B6801221A7002E03B6800221A7006F005FD7861FA
:20212000FB69002B01D17B69FB61FB6918462037BD4680BD00E07F4000007E4080B586B0DD
:2021400000AF78607B68002283F83C201C20FFF7D7FB78611820FFF7D3FB38613E4B0122FE
:2021600083F816247B693D4A934202D84FF4FB736EE07B6903F5742303F23F23384AA2FBA8
:2021800003239B0CFB603B6903F5742303F23F23334AA2FB03239B0CBB60FB689BB2314A60
:2021A00003F5F0539BB2A2F8E430BB6843F6B85202FB03F32C4AA2FB03239A087B689A60D8
:2021C000BB6840F6D86202FB03F3274AA2FB03239A087B68DA60BB685B00234AA2FB0323D8
:2021E0009A087B681A61BB68542202FB03F31E4AA2FB03239A087B685A61BB684FF4FA2266
:2022000002FB03F3184AA2FB03239A087B689A61BB6844F2506202FB03F3134AA2FB032308
:202220009A087B685A62BB68104A02FB03F30E4AA2FB03239A087B681A62BB680C4A02FB5B
:2022400003F3094AA2FB03239A087B68DA61002318461837BD4680BD00E00140FF083D003D
:2022600083DE1B4300E07F40ABAAAAAA80DE0F00A0F7030080B588B000AFF860B9607A60E9
:202280000023FB61FB68BA681A63FB687A689A63F86800F02DF9F861FB69002B02D04FF408
:2022A000FA7336E0FB685B681B78002B06D0FB68022283F83C200023BB6102E0FB685B6A3A
:2022C000BB61164B0122A3F8E020BA694021F86806F032FCF861FB685B681B78002B01D0AD
:2022E000FB6916E019224FF40051F86906F028FCF861FB689B6B002B02D0FB69002BE4D038
:2023000006F012FC7861FB69002B01D17B69FB61FB6918462037BD4680BD00BF00E07F4088
:2023200080B584B000AFFFF7D4FA0346BB7397F90E301846FFF736FBB8601E4B1B7CDBB252
:202340007B601C4BD3F880201B4B13403B607B6803F00803002B02D00423FB7319E07B682D
:2023600003F08003002B02D00523FB7311E07B6803F01003002B0AD03B6803F44053002B1D
:2023800002D00723FB7304E00623FB7301E00723FB73B86806F0DCFB97F90E301846FFF7D0
:2023A00013FBFB7B1946B86800F06EF800BF1037BD4680BD00E07F404070F00080B584B0D6
:2023C00000AF0023FB73FFF784FA03467B7397F90D301846FFF7E6FAB86097F90D301846CE
:2023E000FFF7F2FABB6893F83C30012B17D1BB689B6B002B0ED000220421B86806F0A4FB9F
:2024000078607B68002B2BD0B86806F0A1FB0723BB7325E00123BB730123FB7320E0BB68C5
:2024200093F83C30022B0ED1BB689B6B002B05D000224021B86806F07FFB11E00023BB731B
:202440000123FB730CE00123FB730E4B93F8D430DBB2012B02D10323BB7301E00223BB7370
:20246000FB7B002B0AD006F05FFBBB68002283F83C20BB7B1946B86800F006F800BF1037CC
:20248000BD4680BD00E07F4080B586B000AF78600B46FB707B685B6C7B617B69002B03D146
:2024A00007F10C037B6106E07A6907F10C0392E8030083E803007B69FA781A707B689A6CB5
:2024C0007B695A607B681B6C786998477B685B6C002B08D07B685B6C1A4607F10C0393E8FB
:2024E000030082E8030000BF1837BD4680BDFFFF80B584B000AF78600023FB604FF4964396
:20250000BB607B685B681B78002B0DD07B685B6893F911301846FFF7D3FA7B685B6893F999
:2025200013301846FFF7CCFA0C4B4AF68022A3F8842008E0BB68002B02D14FF4FA7309E024
:20254000BB68013BBB60054BB3F884309BB2802BF0D1FB6818461037BD4680BD00E07F40B2
:2025600080B586B000AF786039607B687B6100F07DF93B685B683B613B691B78FB7397F974
:202580000F30002B01DA0B2319E097F90F300E4A52F82330002B01D0082310E07B69FA7B9B
:2025A0001A713B681B68002B05D03B681B681946786900F09BF97B69044A1A600023184653
:2025C0001837BD4680BD00BF000000200043544480B584B000AF786039607B68FB60FB6888
:2025E00093F90430184600F0EFF9F86800F0D2F93968F86800F07AF9F86800F01DF90346B7
:20260000002B01D0132300E0002318461037BD4680BDFFFF80B588B000AFF860B9607A603B
:202620007B80FB68FB61FB691B79FB7697F91B301F4A52F823307B6197F91B30184600F091
:20264000C3F9F86900F0A6F91A4B08221A74BB68002B02D0BA687B695A607B68002B02D0F1
:202660007A687B699A607B69DB7823F03F03DBB2802B03D17B697A889A8109E07B69DB78E1
:2026800023F03F03DBB2002B02D17B697A88DA81084B18221A74F86900F0CEF80346002B73
:2026A00001D0132300E0002318462037BD4680BD000000200054004080B483B000AF786079
:2026C0000B46FB70062318460C37BD465DF8047B704780B483B000AF7860062318460C372E
:2026E000BD465DF8047B704780B584B000AF78607B68FB60F86800F09FF803461846103749
:20270000BD4680BD80B584B000AF78607B68FB60FB6893F90430184600F056F9002318460A
:202720001037BD4680BDFFFF80B485B000AF786039607B68FB60FB6893F904301A461F4B60
:2027400053F82230BB603B6800221A603B6800225A60BB68DB7823F03F03DBB2002B1BD095
:202760003B684FF480729A60BB68DB899BB2DAB23B68DA60BB68DB7823F03F03DBB2802B47
:2027800014D13B684FF480321A60BB689B899BB21A463B685A6009E03B684FF480329A6076
:2027A000BB68DB899BB21A463B68DA60002318461437BD465DF8047B704700BF00000020CF
:2027C00080B485B000AFF860B9607A603B60062318461437BD465DF8047B704780B485B032
:2027E00000AFF860B9607A603B60062318461437BD465DF8047B704780B586B000AF7860F2
:202800007B687B6100233B617B691B79FB7397F90F30184600F0D8F897F90F30054A002128
:2028200042F823107B6900221A603B6918461837BD4680BD0000002080B483B000AF78600C
:2028400009497B6893F9043003F1C00251F8223043F0807341F82230002318460C37BD46BA
:202860005DF8047B704700BF0060004080B584B000AF1A4B1B7883F00103DBB2002B29D036
:20288000164B01221A700023FB60EFF310833B603B68FB6001237B607B6883F3108800BFEF
:2028A0000F4B1B680E4A23F4800313600C4B1B68FB68BB60BB6883F3108800BF4FF4C07219
:2028C0000021084805F082FC074B064A5A61064B01221A7300BF1037BD4680BD65470020A4
:2028E00000400840000000200054004080B582B000AF78603960386800F016F8084B0822FA
:202900001A747B6893F904301946064A3B6842F82130034B18221A7400BF0837BD4680BD55
:20292000005400400000002080B485B000AF78600023FB60FB681B017A681344DB7823F057
:202940003F03DBB2002B12D0FB681B017A681344DB899BB2FB72FB7A99B2FB681B017A68A4
:2029600013440A46114609020A4492B2DA81FB685A1CFA601B017A6813449B7823F03F0371
:20298000DBB2002BD6D100BF00BF1437BD465DF8047B704780B485B000AF78607B6893F922
:2029A000043043F40043FB60064BDB899BB21A46FB689342F8D000BF00BF1437BD465DF88B
:2029C000047B70470054004080B483B000AF0346FB71084997F9073003F1C00251F82230F9
:2029E00023F0807341F8223000BF0C37BD465DF8047B70470060004080B485B000AF786026
:202A000039607B68FB600C4AFB6813603B681A68FB689A603B685A68FB68DA60FB680022AA
:202A20005A60FB68054A1A60002318461437BD465DF8047B704700BF6847002043474300FB
:202A400080B588B000AFF8600B467A60FB72FB68FB610023BB6100233B61FB7A052B02D036
:202A6000FB7A062B0DD107F1100307F11402F97A786800F0B7F9B861BB69002B01D0BB6969
:202A800029E0FB7A184600F0F5F803461A46FB7A1146184600F006F90346002B02D140F242
:202AA000931318E0012000F01AF8FB7A052B02D0FB7A062B06D13B6907F11402F97A78685C
:202AC00000F0CEF9FB7A0021184600F019F9012000F01AF8002318462037BD4680BD80B5D9
:202AE00082B000AF0346FB71012001F07FFEFB79012B05D1002001F043FB002001F076FE67
:202B000000BF0837BD4680BD80B582B000AF0346FB71FB79012B07D1002001F017FE064BBD
:202B20001B6A184600F07AF8012001F00FFE00BF0837BD4680BD00BF00E0014080B483B0AC
:202B400000AF78601A4B1B68B3F5004F01D0002327E0184B93F83630DBB2002B17D0154BC1
:202B600093F83830DBB2002B11D0124B93F83230DBB2002B0BD00F4B93F82A30DBB2002BF5
:202B800005D00C4B93F84A30DBB2002B01D1002307E07B6803F0EE43002B01D0002300E06A
:202BA000012318460C37BD465DF8047B704700BF3449002000E0014080B485B000AF786055
:202BC0000B46FB70FB78002B0BD07B68FB60FB6803F0443323F480030E4A934201D00023FA
:202BE00011E00D4B93F82A30DBB2002B05D10A4B93F84A30DBB2002B01D0012300E000230F
:202C000003F00103DBB218461437BD465DF8047B704700BF4444044400E0014080B584B0E0
:202C200000AF7860104B93F84030FB737868FFF785FF0346002B03D0042001F0A1FA0FE009
:202C4000FB7B19467868FFF7B7FF0346002B07D0064B1B68064A934202D8032001F090FA57
:202C600000BF1037BD4680BD00E001403449002040420F0080B483B000AF0346FB71FB7980
:202C8000074A52F823301B78DBB2002B0CBF01230023DBB218460C37BD465DF8047B70472D
:202CA00010A0020080B487B000AF03460A46FB711346BB7116237B61FB7901229A407B6954
:202CC0001340002B01D0012312E00C4B93F83C30DBB23B61FB793A6922FA03F303F00103F8
:202CE000FB60BB79FA689A420CBF01230023DBB218461C37BD465DF8047B704700E0014008
:202D000080B483B000AF03460A46FB711346BB71FB790A4A52F82330BA791A70FB79074A2C
:202D200052F823301B78DBB2BA799A42F6D100BF00BF0C37BD465DF8047B704710A00200FF
:202D400080B489B000AFF8600B467A60FB72114BFB61FB681B78002B01D10F4BFB61FB68A3
:202D60005B880133FA6902FB03F35B08BB61FB685B7801337B61BA697B69B2FBF3F33B61EB
:202D80007B683A691A60002318462437BD465DF8047B704700366E01002D310180B487B05A
:202DA00000AF78600023FB827B681B78002B01D10123FB827B685B88BB827B685B787B8222
:202DC000BB8A1B0203F47C52FB8A1B011A437B8A1343FB60FB6818461C37BD465DF8047B2D
:202DE0007047FFFF80B588B000AFF8607A603B600B46FB72F868FFF7D1FFB861FB7A052B93
:202E000002D1154BFB6101E0144BFB61FB691B889BB21A46BB69934209D0FB7A1846FFF738
:202E200029FF0346002B02D040F291130FE0FB7A7A681946F868FFF783FF78617B69002BE9
:202E400001D07B6903E03B68BA691A60002318462037BD4680BD00BF28E0014048E0014011
:202E600080B584B000AFF8607A603B600B46FB72FB7A052B04D1094B3A6892B21A8504E078
:202E8000064B3A6892B2A3F84820FB7A7968184601F0B0F900BF1037BD4680BD00E0014043
:202EA00080B483B000AF0346FB7197F90730002B0CDBFB7903F01F02074997F907305B096B
:202EC000012000FA02F2403341F8232000BF0C37BD465DF8047B704700E100E080B483B03C
:202EE00000AFEFF303837B607B683B603B88C3F308039BB2DBB2103BDBB25BB218460C377E
:202F0000BD465DF8047B704780B483B000AF03463960FB7197F9073004493A6841F823208D
:202F200000BF0C37BD465DF8047B7047A847002080B483B000AF0346FB7197F90730044A12
:202F400052F8233018460C37BD465DF8047B7047A847002080B483B000AF0346FB710B4977
:202F600097F9073003F1C00251F8223023F4803341F82230054A97F90730C03352F823303E
:202F800000BF0C37BD465DF8047B70470060004080B584B000AF0346FB7197F9073018460F
:202FA000FFF7D8FFBFF35F8F00BF97F90730FB60FB6803F01F02074997F907305B090120B0
:202FC00000FA02F2603341F8232000BF1037BD4680BD00BF00E100E080B584B000AF0346CD
:202FE000B9607A60FB73BB68DAB2094997F90F301201D2B20B4483F8002397F90F3079686C
:203000001846FFF781FF00BF1037BD4680BD00BF00E100E080B485B000AF0346FB7197F9B9
:203020000730FB60FB6803F01F020749FB685B09012000FA02F241F8232000BF1437BD46D8
:203040005DF8047B704700BF00E100E080B582B000AF0346FB7197F907301846FFF798FFE8
:2030600097F907301846FFF7D5FF00BF0837BD4680BD80B584B000AF0346B9607A60FB7361
:2030800097F90F307A68B9681846FFF7A5FF97F90F301846FFF7DAFF00BF1037BD4680BD24
:2030A00080B590B000AF786039607B68BB6200237B623B681B693B623B681B6803F58023F6
:2030C000A8331B03FB61BB6AFA695A600023BB61EFF310833B613B69BB610123FB60FB6867
:2030E00083F3108800BF8F4B5A683B681B68C3F10203012101FA03F3DB438A4913404B6086
:20310000884B5B68BB69BB60BB6883F3108800BFBB6A3A681A603B689A68BB6ADA613B6801
:20312000DA68BB6A5A62BB6A00221A623B6A1A78BB6A1A7600220121B86A00F083FB3B6A44
:203140001B7B1BB25B001AB23B6A1B7D1BB2DB001BB213431BB243F4E0731BB29AB2FB6909
:20316000A3F840283B685B687B617B691B68013B1A046D4B13407A695268013A12071A43F0
:203180007B699B68013B1B021A437B69DB68013B1B031343BA6A127E1A43FB69C3F844281F
:2031A00000220221B86A00F04DFBFB69802283F85028FB6903F500734FF400720021184674
:2031C00005F004F80023FB632CE03B6A9A68FB6BDB0013449B79002B16D13B6A1B69FA6B7E
:2031E0009A4211D2FB6B20331B01FA69D1183B6A9A68FB6BDB0013441A46386A00F0F6F8D0
:20320000402387F83B3002E0002387F83B30FA69FB6B134403F5026397F83B201A70FB6B1B
:203220000133FB63FB6B1F2BCFD900237B6300233B632BE03B6A5A683B6B9B0013441B6855
:203240006FF0604293421ED23B6A5A683B6B9B0013441B68FB623B6A1B7B002B04D1FB6A29
:203260009A04324B1340FB62FB693A6B02F58072F96A43F822103B6B9B000F2202FA03F35D
:203280007A6B13437B633B6B01333B633B6A1B699B083A6B9A42CDD37B6BDA43FB69C3F88E
:2032A000282400220021B86A00F0CCFAFA69B2F8403843F02003A2F84038FB69B3F8403833
:2032C000C3F34013DBB2002BF7D13B6893F915003B681B7DBA6A1946FFF7CBFE3B6893F975
:2032E00016003B681B7DBA6A1946FFF7C2FE3B6893F917003B681B7DBA6A1946FFF7B9FE93
:20330000FB693E2283F84C28FB694FF0FF32C3F82C24BB6A064A9A607B6A18464037BD46EF
:2033200080BD00BF004008400000FF030000FC1F4E41435280B58AB000AFF860B9607A605F
:20334000FB68BB61BB691B681B697B61BB695B683B613A69BB68134403F502631B78C3F3A1
:20336000C013DBB2002B02D04EF663233AE0BB6820331B013A6913447A681946786900F06E
:2033800035F87B689B7903F00F03D9B23A69BB6820331B011A44938861F3030393807B687B
:2033A0009B797B62BB6820331B013A69134406333B627B680C33FB6107E0FA69531CFB6127
:2033C0003B6A591C396212781A707B6A5A1E7A62002BF2D13A69BB68134403F502638022E1
:2033E0001A70002318462837BD4680BD80B489B000AFF860B9607A60FB681B7BFB75002330
:20340000FB61FB7D002B06D0FB7D022B0AD17B681B79002B06D17B681B689A04114B13402B
:20342000BB610EE0FB7D022B06D17B681B79012B02D14FF00043FB617B681B6823F0604396
:20344000BB617B685B799B073B61FA693B691A43BB691A43BB681A6000BF2437BD465DF867
:20346000047B70470000FC1F80B489B000AFF860B9607A60FB685B68BB61BA69BB682033B9
:203480001B0113441B687B617B699B0F03F00103DAB27B685A71FB681B681B693B613B69F1
:2034A0001B7BB969BA68203212010A441268C2F3C072D2B21343DBB203F00103DAB27B6851
:2034C0001A717B681B79002B06D17B699B0CC3F30A027B681A6004E07B6923F060427B68DE
:2034E0001A60BA69BB6820331B0113449B88C3F30303DBB21A467B689A717B689B79082B62
:2035000002D97B6808229A710023FB6112E0BA69BB681B011A44FB69134403F206231B781B
:20352000D9B27A68FB6913440C330A461A70FB690133FB617B689B791A46FB699342E6D30D
:20354000BA69BB68134403F5026344221A707B6800229A6000BF2437BD465DF8047B7047DA
:20356000B0B58EB000AF786039607B681B6A7B637B6B002B02D13B687B6317E07B6B07F108
:203580000C041D460FCD0FC40FCD0FC495E8030084E803007A6B3B6814461D460FCD0FC477
:2035A0000FCD0FC495E8030084E803007B68DB69786B98477B681B6A002B0CD07B681B6AAD
:2035C0001D4607F10C040FCC0FC50FCC0FC594E8030085E8030000BF3837BD46B0BD80B560
:2035E00090B000AFFFF77AFC03461846FFF7B2FCFFF774FC034687F83B3097F93B30184633
:20360000FFF796FC78633B4628220021184604F0DDFD0023FB637B6B5B683B633B6B93F836
:203620004D38DBB2BB803B6B002283F84D283B6BB3F84238C3F30013DBB2002B22D0BB8804
:2036400043F020039BB2BB803B6B93F8533887F82F303B6B022283F853283B6B93F8523877
:20366000C3F30403DBB2FB633B6B97F82F2083F853283A6BFB6B134403F50262137823F0CC
:20368000040313707B6B1B681B683B607B6B5B6A3B61FB6BFB603B461946786BFFF760FFF9
:2036A0007B6B1B681B69BB623B6BB3F84238C3F30013DBB2002B0AD0BB6A1B7D002B06D01C
:2036C0007B6B1B6893F915301846FFF7E9FB00BF4037BD4680BD80B590B000AFFFF7FEFBEF
:2036E00003461846FFF736FCFFF7F8FB034687F83F3097F93F301846FFF71AFCB8634FF414
:2037000080633B81BB6B5B687B637B6B93F8533887F833307B6B002283F853287B6B93F8F6
:203720005238C3F30403DBB2FB627B6B97F8332083F853283B1D14331A46F96AB86BFFF71F
:2037400093FEFB6A3B61BB6B1B681B687B60BB6B5B6A7B613B1D1946B86BFFF701FF7B6B53
:20376000B3F84238C3F30003DBB2002B04D097F93F301846FFF794FB00BF4037BD4680BD87
:2037800080B590B000AFFFF7A9FB03461846FFF7E1FBFFF7A3FB034687F83F3097F93F3028
:2037A0001846FFF7C5FBB86300233B81BB6B5B687B637B6B93F8533887F833307B6B01224D
:2037C00083F853287B6B93F85238C3F30403DBB2FB627B6B97F8332083F853287A6BFB6A49
:2037E000134403F5026300221A707A6BFB6A134403F5026300221A70FB6A3B613B8943F4C3
:2038000000639BB23B81BB6B1B681B687B60BB6B5B6A7B613B1D1946B86BFFF7A1FE7B6B19
:20382000B3F84238C3F34003DBB2002B06D0BB6B1B6893F917301846FFF732FB00BF4037A9
:20384000BD4680BD80B584B000AF78600B46FB701346BB707B685B68FB607B685B7BBA780C
:203860009A420DD00221786800F032F8FB68BA7883F858287B68BA785A737B6802221A736C
:203880007B681B7BFA789A421ED0FB78052B13D10221786800F01CF8FA68B2F8403843F42A
:2038A0008063A2F84038FB68B3F84238C3F38023DBB2012BF7D104E0FB781946786800F02B
:2038C00007F87B68FA781A7300BF1037BD4680BD80B485B000AF78600B46FB707B685B686F
:2038E000FB60FA68B2F8403823F48063A2F84038FB7803F00303D9B2FA68B2F8403861F30E
:203900000923A2F84038FB68B3F842389BB203F4E062FB781B029A42F5D100BF00BF143760
:20392000BD465DF8047B704780B487B000AF0346FB710E4B1B6A7B61FB797A6922FA03F307
:2039400003F007033B617B691B0E03F00703FB60074B1A68FB689A403B6922FA03F3184644
:203960001C37BD465DF8047B704700BF00E001403449002080B483B000AF03463960FB7185
:2039800097F9073004493A6841F8232000BF0C37BD465DF8047B7047A847002080B483B0EF
:2039A00000AF0346FB710B4997F9073003F1C00251F8223023F4803341F82230054A97F903
:2039C0000730C03352F8233000BF0C37BD465DF8047B70470060004080B584B000AF03468F
:2039E000FB7197F907301846FFF7D8FFBFF35F8F00BF97F90730FB60FB6803F01F02074921
:203A000097F907305B09012000FA02F2603341F8232000BF1037BD4680BD00BF00E100E097
:203A200080B584B000AF0346B9607A60FB73BB68DAB2094997F90F301201D2B20B4483F893
:203A4000002397F90F3079681846FFF793FF00BF1037BD4680BD00BF00E100E080B485B07E
:203A600000AF0346FB7197F90730FB60FB6803F01F020749FB685B09012000FA02F241F8EA
:203A8000232000BF1437BD465DF8047B704700BF00E100E080B582B000AF0346FB7197F970
:203AA00007301846FFF798FF97F907301846FFF7D5FF00BF0837BD4680BD80B584B000AF9F
:203AC0000346B9607A60FB7397F90F307A68B9681846FFF7A5FF97F90F301846FFF7DAFF76
:203AE00000BF1037BD4680BD80B586B000AF786039607B687B613B685B693B617B693A68AD
:203B00005A603B68DA687B699A613B681A697B691A627B690022DA614FF40073FB603B68AC
:203B20001B881A46FB6802FB03F303F1804303F5B8131A467B691A603968786900F09EF8EC
:203B40003B6893F906003B685B7A7A69194600F0C5FA3B6893F907003B689B7A7A69194697
:203B600000F0BCFA3B6993F907003B695B7A7A69194600F0B3FA3B6993F908003B699B7A1F
:203B80007A69194600F0AAFA7B6900221A617B69034A9A60002318461837BD4680BD00BFD4
:203BA0004344415280B586B000AF786039603B687B617B683B610023FB607969386900F071
:203BC0009BF97B691A683B691A61FB6818461837BD4680BD80B485B000AF78607B68FB604E
:203BE000FB681B68FA68928A1A80002318461437BD465DF8047B704780B485B000AF78607D
:203C00007B68FB60FB681B6800221A80002318461437BD465DF8047B704780B485B000AF52
:203C2000786039607B68FB60FB681B681B88C3F3C033DBB21A463B681A70002318461437BD
:203C4000BD465DF8047B704780B487B000AFF8600B467A60FB72FB687B617B691B6897F996
:203C60000B20103233F812309AB27B681A80002318461C37BD465DF8047B704780B48DB0CE
:203C800000AF786039603B685B697B623B689B785B03FB62FB6A43F41073FB627B6A9B78DB
:203CA000002B02D14FF4807300E00023FA6A1343FB627B6A9B783F2B02D04FF4007300E0EC
:203CC0000023FA6A1343FB627B6A1B79002B04D0FB6A43F08003FB6207E07B6A9B783F2B71
:203CE00003D1FB6A43F40043FB62FB6A9AB27B689A827B6A9B781B0203F47C527B6ADB78F2
:203D000003F03F0313433B620023FB613B68DB785B00FA691343FB613B681B79DB03FA691E
:203D20001343FB617B6A5B785B01FA691343FB617B6A1B78BB6100237B61EFF310833B6104
:203D40003B697B610123FB60FB6883F3108800BF214BDA683B681B88C3F11003012101FA5C
:203D600003F3DB431C491340CB601B4BDB687B69BB60BB6883F3108800BFFB6A99B27B6821
:203D80001A6847F6FF530B409BB213807B681B683A6A92B21A827B681B68FA6992B2DA8195
:203DA0007B681B68BA69D2B21A73002387F82B307B6A9B79012B02D1012387F82B307B6893
:203DC0001B6897F82B2083F8D02000BF3437BD465DF8047B704700BF0040084080B586B0B1
:203DE00000AF786039600023FB6007F10C03184600F05AF83B681A683B685B6813433B6101
:203E000000237B613B6903F00053002B1ED0FA687B681B68D2B283F8DE203B681B6803F0C2
:203E20000053002B04D07B6943F480737B6103E07B6943F480637B613B689B6803F000539D
:203E4000002B03D07B6943F001037B613B6903F08043002B1ED0FA687B681B68D2B283F833
:203E6000DF203B681B6803F08043002B04D07B6943F400737B6103E07B6943F400637B61C1
:203E80003B689B6803F08043002B03D07B6943F002037B617B681B687A6992B25A8200BFA8
:203EA0001837BD4680BDFFFF80B584B000AF78600420FFF739FDB860BB680D4AA2FB0323E0
:203EC0009B0941F2360202FB03F30A4AA2FB03239B0C0133FB60FB68062B01D80723FB60A1
:203EE0007B68FA681A6000BF1037BD4680BD00BFD34D621083DE1B4380B58CB000AF7860B5
:203F000039603B681B6823F0C043BB627B685B685B697B623B685B6823F0C0433B623B68AC
:203F20009B6823F0C043FB617B681B68BA6A92B29A807B681B683A6A92B29A827B681B6854
:203F4000FA6992B21A81BB6A1A0C7B681B6892B2DA803B6A1A0C7B681B6892B2DA82FB699B
:203F60001A0C7B681B6892B25A8139687868FFF735FF3B68DB68BB610023FB85BB69002BF7
:203F800070D0BB691B89FB85BB691B8903F40063002B4BD07B681B68BA691289A3F89020C2
:203FA0007B681B68BA695289A3F89C207B681B68BA699289A3F89E20BB691B687B617B68E3
:203FC0001B687A6992B2A3F894207B691B0C9AB27B681B6822F4C04292B2A3F896207B699A
:203FE0005B0FDAB27B681B6802F00302D2B283F89220BB695B683B617B681B683A6992B2ED
:20400000A3F898203B691B0C9AB27B681B6822F4C04292B2A3F89A203B695B0FDAB27B68A2
:204020001B6802F00302D2B283F89320BB691B8903F40073002B15D0BB69997CBB69DA7C5F
:204040007B681B680A43D2B283F8A6207B681B68BA69D289A3F8A8207B681B68BA69128A7C
:20406000A3F8AA207B681B68FA8DA3F890207B681B683A68128AA3F880207B6A1B79002B20
:2040800022D07B681B681B889BB2FB60FB6823F01F03BA6ABA60BA68002A01D1202203E064
:2040A000BA68B2FA82F2D2B29B1A1F33FB607B681B68FA6892B21A807B689A8AFB689BB27B
:2040C00013439AB27B689A827B68034ADA6000BF3037BD4680BD00BF4344415280B582B02F
:2040E00000AF03463A60FB710B46BB7197F90730002B06DBB97997F907303A681846FFF783
:20410000DCFC00BF0837BD4680BDFFFF80B400AF094B0122A3F80421074BB3F804319BB2F2
:20412000002BF9D1044B0122A3F8002100BFBD465DF8047B704700BF00C0014080B483B0E8
:2041400000AF0346FB710D4B93F8A030C3F30013DBB2002BF7D1094AFB7982F8A030074B9C
:2041600093F8A030C3F30013DBB2002BF7D100BF00BF0C37BD465DF8047B704700E001402B
:2041800080B582B000AF0346FB71FB79042B14D1174B93F8AA30C3F30013DBB2002BF7D1BC
:2041A000134B012283F8AA20114B93F8AA30C3F30013DBB2002BF7D115E00D4B93F8AA307D
:2041C000C3F30013DBB2002BF7D1094B002283F8AA20074B93F8AA30DBB2002BF9D1FB792E
:2041E0001846FFF7ABFF00BF0837BD4680BD00BF00E0014080B483B000AF786039607B6839
:20420000052B04D13B681B68064A536103E03B681B68044A936100BF0C37BD465DF8047B4B
:20422000704700BF080B002080B483B000AF0D4B93F82630DBB27B600A4B1B6A1B0E03F028
:2042400007033B60084A7B6852F823203B6822FA03F3064A136000BF0C37BD465DF8047BA6
:20426000704700BF00E00140080B00203449002080B500AF0B4B012283F81C210A4B0B4A18
:204280001A62094B052283F82620FFF7CDFF084BF1221A73064B00221A72054BF0221A73C3
:2042A00000BF80BD00C0014000E00140111202200020004080B500AF0B4B0C4A1A600A4BDC
:2042C0000B4A5A60084B4FF400429A60064B094ADA60054B4FF400421A61034B064A5A6176
:2042E000FFF7A2FF00BF80BD080B0020002D310100127A0000366E0100E1F50580B500AFA9
:204300001B4B4AF20352A3F8FE23FFF7FFFEFFF7D1FF174B002283F81324154B092283F8F5
:20432000A22000F031F8124B002283F83620104B93F83C30C3F30003DBB2012BF7D10C4B6F
:2043400041F211321A850A4B002283F82A20084B93F83C30C3F34013DBB2012BF7D1FFF742
:2043600087FF034B4FF42542A3F8FE2300BF80BD00E0014080B483B000AF786000BF0C37F6
:20438000BD465DF8047B704780B500AF184B93F88034DBB2002B07D1154B93F88134C3F323
:2043A0000103DBB2012B1CD0114B93F88034DBB2002B0DD10E4B012283F880240121C8207E
:2043C00000F042F80A4B93F88034DBB2012BF9D1074B022283F88124054B002283F8802475
:2043E00004E04FF47A70FFF7C5FF00BF00BF80BD00E0014080B500AF074B002283F82820FB
:20440000012000F0F3F9054B002283F8BB24012000F09CF900BF80BD0030084000E0014098
:2044200080B483B000AF786000BF0C37BD465DF8047B704780B485B000AFF860B9607A609B
:204440003B6000BE00BFFDE72DE9B04F90B000AFF861B9610023FB63FB69BA6902FB03F3EE
:20446000BB63504B1B687B634F4A7B6BB2FBF3F33B63BB6B00223B617A61D7E904234FF08D
:2044800000004FF00001590141EAD261500102460B463969B2EB0108796963EB01094FF079
:2044A00000024FF000034FEA890343EA98734FEA880290469946D7E904120B4618EB030313
:2044C0003B60134649EB03037B604FF000024FF00003D7E900894946CB00414643EA517335
:2044E0004146CA00C7E90A23D7E90A23012B08D2BA6A3B6BB2FBF3F37B627B6A9B08FB637B
:2045000044E03B6B9B00BA6BB2FBF3F3BB63BB6B0022BB60FA60D7E9028942464B464FF000
:2045200000004FF00001590141EAD261500102460B464146541A494663EB01054FF0000280
:204540004FF00003AB0043EA9473A20014461D46434614EB030A4B4645EB030B4FF0000236
:204560004FF000034FEACB0343EA5A734FEACA0292469B46C7E90AABD7E90A23012B02D2E8
:20458000BB6AFB6302E04FF0FF33FB63FB6B002B02D0F86B00F00AF800BF4037BD46BDE851
:2045A000B08F00BF3449002000CA9A3BA0F101000028FBD1704700BF80B582B000AF034666
:2045C000FB71FB79074A52F82330002B06D0FB79044A52F82330FA791046984700BF083707
:2045E000BD4680BD6C47002080B582B000AF144BB3F82031BB80124BB3F840319AB2BB88F4
:2046000013407B800023FB710EE07A88FB7922FA03F303F00103002B03D0FB791846FFF78A
:20462000CBFFFB790133FB71FB790D2BEDD9044A7B88A2F8303100BF0837BD4680BD00BFE1
:204640000060004080B58AB000AF032000F0CEF8394B6FF0FF029A643B1D0C22FF211846DD
:2046600003F0B4FD00237B6221E0344A7B6A32F81330002B18D07B6A5B097B617B6A03F0B5
:204680001F033B617B699B0028333B4453F8242C01213B6901FA03F3DB431A407B699B00BA
:2046A00028333B4443F8242C7B6A01337B627B6A5F2BDAD9224BBB6100233B6218E03B6A97
:2046C0009B00BA691A443B6A9B0028333B4453F8243C13601B493B6A9B0028333B4453F8BD
:2046E000242C3B6AA03341F823203B6A01333B623B6A022BE3D9032000F028F80023FB61C0
:2047000012E00E4AFB6932F81330002B09D00B4AFB6932F813300C4A1946FB69C03342F80E
:204720002310FB690133FB61FB695F2BE9D900BF00BF2837BD4680BD00800040389D0200EE
:204740007080004000E100E00060004080B487B000AF0346FB7100237B61EFF31083FB602A
:20476000FB687B6101233B613B6983F3108800BFFB791A4A32F813309BB2002B09D0FB79BF
:20478000164A32F8132092B2013A91B2134A22F81310FB79114A32F813309BB2002B11D16A
:2047A0000F4BB3F8FE339AB20E4B13439AB2FB790D4931F81330DB439BB2094913409BB2E9
:2047C000A1F8FE337B69BB60BB6883F3108800BF00BF1C37BD465DF8047B704728490020EF
:2047E00000E0014000A5FFFF2CA0020080B487B000AF0346FB7100237B61EFF31083FB6089
:20480000FB687B6101233B613B6983F3108800BFFB79164A32F813309BB2002B0FD1144B30
:20482000B3F8FE339AB2FB79124931F8133013439AB20F49104B13439BB2A1F8FE33FB79DF
:204840000A4A32F8132092B2013291B2074A22F813107B69BB60BB6883F3108800BF00BFB1
:204860001C37BD465DF8047B704700BF2849002000E001402CA0020000A5FFFF80B584B00C
:2048800000AF78607B68FB60144B1B68002B02D1124B134A1A60114B1B68BB60FB680333AC
:2048A00023F00303FB600D4B1A68FB6813440D4A934207D903F092FC03460C221A604FF033
:2048C000FF3306E0054B1A68FB681344034A1360BB6818461037BD4680BD00BF3049002014
:2048E00038EE002038EE002080B500AF00F00CF8F8F76EFD00BFFDE780B400AF00BE00BFF7
:20490000BD465DF8047B704780B584B000AF3A4B4FF47002C3F88820374B384A9A60002036
:20492000F8F742FDFFF7EAFC0120F8F73DFD334B1B68A3F500633B603B6883F30A8800BF22
:204940002F4A304BD31A1A4600212E4803F03EFC2D4A2E4BD31A1A462D492C4803F046FCF6
:204960002C4A2D4BD31A9B107B600023FB6007E0294AFB6852F823309847FB680133FB602D
:20498000FA687B689A42F3DBFFF74EFCFFF732FD0320FFF72BFF0023BB6009E01F4ABB68CD
:2049A00008334FF6FF7122F81310BB680133BB60BB68052BF2D90320FFF7C8FE0320FFF742
:2049C00015FF174B00225A60154B00229A60144B0022DA60124B00221A610320FFF7B6FE87
:2049E0000220F8F7E1FCFFF72DFE0020FFF718FD00BF1037BD4680BD00ED00E00000010069
:204A000034EE0020280B0020D00A00208001002060AE0200CC0A0020C80A0020000D084019
:204A200000000E4080B588B000AF786000237B617B68002B22D00823DB437A689A421BD83B
:204A400008227B6813447B607B6803F00703002B14D07B6803F00703C3F108033B613B6949
:204A6000DB437A689A4204D87A683B6913447B6004E000237B6001E000237B6001F066FCB2
:204A8000624B1B68002B01D100F048F97B68002BC0F2A9807B68002B00F0A5805C4B1B6882
:204AA0007A689A4200F29F805A4BBB61594B1B68FB61FB69584A934203D3FB69574A934258
:204AC00018D9574B574AF5215748FFF7B3FCFB69BB61FB691B68FB61FB694F4A934203D3DD
:204AE000FB694E4A934205D94D4B4E4AFB214E48FFF7A0FCFB695B687A689A4203D9FB696E
:204B00001B68002BE3D1414B1B68FA699A426AD0BB691B68082213447B617B693E4A934266
:204B200003D37B693D4A934206D9404B3D4A40F205113D48FFF77EFCFB691A68BB691A60AD
:204B4000FB695B687A689A4206D9394B354A40F20D113548FFF76EFCFB695A687B68D21A6C
:204B600008235B009A421FD9FA697B681344FB60FB6803F00703002B06D02E4B294A4FF453
:204B80008B712948FFF756FCFB695A687B68D21AFB685A60FB697A685A60BB691A68FB6845
:204BA0001A60BB69FA681A60194B1A68FB695B68D31A174A1360164B1A681F4B1B689A4201
:204BC00003D2134B1B681C4A1360FB695B6843F00042FB695A60FB6900221A60174B1B68A7
:204BE0000133164A136001F0BFFB7B6903F00703002B06D0124B0B4A40F257110A48FFF78D
:204C000019FC7B6918462037BD4680BD40E9002044E9002038E900203849002037E90020EE
:204C200034A0020084A30200A8A00200E8A002005CA1020090A1020048E900204CE90020C9
:204C4000C4A1020080B584B000AF78607B68FB607B68002B4CD008235B42FA681344FB60B9
:204C6000FB68BB60BB68244A934203D3BB68234A934206D9224B234A4FF4B5712248FFF793
:204C8000D9FBBB685B68002B06DB204B1D4A40F26B111D48FFF7CEFBBB681B68002B06D003
:204CA0001B4B184A4FF4B6711748FFF7C3FBBB685B68002B1CDABB681B68002B18D1BB68CB
:204CC0005B6823F00042BB685A6001F03FFBBB685A68104B1B6813440E4A1360B86800F0BF
:204CE00077F80D4B1B6801330B4A136001F03CFB00BF1037BD4680BD3849002037E900201F
:204D000000A2020094A30200A8A0020070A20200E4A2020044E9002050E9002080B485B0C1
:204D200000AF4FF42043BB60244BFB60FB6803F00703002B0CD0FB680733FB60FB6823F064
:204D40000703FB60BA68FB68D31A1C4A1344BB60FB681B4A13601A4B00225A60FA68BB68A3
:204D600013447B6008227B689B1A7B607B6823F007037B607B68134A1360124B1B680022D4
:204D80005A60104B1B6800221A60FB683B603B687A68D21A3B685A600A4B1A683B681A601F
:204DA0003B685B68084A13603B685B68074A136000BF1437BD465DF8047B70473849002065
:204DC00038E9002040E9002048E9002044E9002080B584B000AF7860304BFB6002E0FB68A0
:204DE0001B68FB60FB681B687A689A42F7D8FB682A4A93420ED0FB68294A934203D3FB68F4
:204E0000284A934206D9284B284A4FF4FD712848FFF710FBFB68BB60FB685B68BA68134448
:204E20007A689A4208D1FB685A687B685B681A44FB685A60FB687B607B68BB607B685B68B3
:204E4000BA681A44FB681B689A4218D1FB681A68184B1B689A420DD07B685A68FB681B6818
:204E60005B681A447B685A60FB681B681A687B681A6008E00F4B1A687B681A6003E0FB6848
:204E80001A687B681A60FA687B689A4202D0FB687A681A6000BF1037BD4680BD38E90020FA
:204EA0003849002037E900200CA30200A0A30200A8A0020040E9002080B483B000AF78609A
:204EC0007B6803F108027B685A607B684FF0FF329A607B6803F108027B68DA607B6803F132
:204EE00008027B681A617B6800221A6000BF0C37BD465DF8047B704780B483B000AF78604D
:204F00007B6800221A6100BF0C37BD465DF8047B704780B485B000AF786039603B681B68D2
:204F2000BB60BB68B3F1FF3F03D17B681B69FB600CE07B680833FB6002E0FB685B68FB60F3
:204F4000FB685B681B68BA689A42F6D2FB685A683B685A603B685B683A689A603B68FA6859
:204F60009A60FB683A685A603B687A681A617B681B685A1C7B681A6000BF1437BD465DF8DD
:204F8000047B704780B485B000AF78607B681B69FB607B685B687A6892689A607B689B68C7
:204FA0007A6852685A60FB685B687A689A4203D17B689A68FB685A607B6800221A61FB68FE
:204FC0001B685A1EFB681A60FB681B6818461437BD465DF8047B704780B584B000AF7860EC
:204FE00039600123FB607B68BB60BB68002B06D13C4B3D4A40F237113C48FFF71BFABB683C
:20500000002B5ED0BB68DB6B002B5AD0BB681A6CBB68DB6B0021A3FB0223002B00D0012166
:205020000B46002B4DD1F8F76FFBBB681A68BB68DB6BB968096C01FB03F31A44BB689A606C
:20504000BB6800229A63BB681A68BB685A60BB681A68BB68DB6B013BB968096C01FB03F3BA
:205060001A44BB68DA60BB68FF2283F84420BB68FF2283F845203B68002B15D1BB681B69D3
:20508000002B1BD0BB681033184601F07DFC0346002B13D0164B4FF080525A60BFF34F8FB9
:2050A00000BFBFF36F8F09E0BB6810331846FFF703FFBB6824331846FFF7FEFEF8F75CFBCC
:2050C00001E00023FB60FB68002B06D1094B064A4FF4B6710548FFF7ADF9FB68184610370D
:2050E000BD4680BDBCA3020030A70200C4A3020000ED00E0F0A3020080B58AB002AFF860F3
:20510000B9601346FB710023FB61FB68002B2ED00021BA68FB68A3FB0223002B00D0012120
:205120000B46002B23D1FB68BA6802FB03F313F14D0F1CD8FB68BA6802FB03F3BB61BB697B
:205140004C331846FFF76EFCF861FB69002B18D0FB697B617B694C337B61FA79FB69009359
:2051600013467A69B968F86800F016F809E0FB69002B06D1054B064A40F22A210548FFF7C5
:2051800059F9FB6918462037BD4680BD14A4020044A70200C4A3020080B584B000AFF860E4
:2051A000B9607A60FB70BB68002B03D1BB69BA691A6002E0BB697A681A60BB69FA68DA6389
:2051C000BB69BA681A640121B869FFF705FFBB6900229A6400BF1037BD4680BD80B582B0DD
:2051E00000AF78607B68002B0ED07B6800229A607B6800221A607B680022DA60002300223A
:205200000021786800F08AF800BF0837BD4680BD80B586B000AF0346FB7101237B610023EB
:205220003B61FB791A4639697869FFF765FFF860F868FFF7D3FFFB6818461837BD4680BD51
:2052400090B585B000AF78607B68BB60BB68002B06D1134B134A40F2FB211348FFF7EAF8EE
:20526000BB689C6801F0A6FD03469C4211D1BB68DB685A1EBB68DA60BB68DB68002B05D1C8
:20528000002300220021B86800F048F80123FB6001E00023FB60FB6818461437BD4690BD1E
:2052A00020A4020058A70200C4A3020090B585B000AF786039607B68BB60BB68002B06D101
:2052C000134B144A40F237311348FFF7B3F8BB689C6801F06FFD03469C4207D1BB68DB6893
:2052E0005A1CBB68DA600123FB600CE03968B86800F0B6FAF860FB68002B04D0BB68DB68EF
:205300005A1CBB68DA60FB6818461437BD4690BD20A4020074A70200C4A3020080B58AB0A3
:2053200000AFF860B9607A603B6000237B62FB683B623B6A002B06D1794B7A4A40F2B63190
:205340007948FFF777F8BB68002B0AD13B6A1B6C002B06D0754B734A40F2B7317248FFF78A
:2053600069F83B68022B0AD13B6ADB6B012B06D06F4B6C4A4FF46E716B48FFF75BF801F0B5
:2053800029FD0346002B00D009E07B68002B06D0684B644A40F2BB316348FFF74BF8F8F784
:2053A000B3F93B6A9A6B3B6ADB6B9A4202D33B68022B49D13B6A9B6BFB613A68B968386AA5
:2053C00000F062FBB8613B6A9B6C002B15D03B68022B02D1FB69002B32D1386A00F0F4FCF4
:2053E0000346002B2CD0544B4FF080525A60BFF34F8F00BFBFF36F8F22E03B6A5B6A002B3D
:2054000011D03B6A2433184601F0BEFA0346002B16D0494B4FF080525A60BFF34F8F00BFA0
:20542000BFF36F8F0CE0BB69002B09D0424B4FF080525A60BFF34F8F00BFBFF36F8F00BF92
:20544000F8F79AF9012366E07B68002B03D1F8F793F900235FE07B6A002B06D107F11003AF
:20546000184601F06BFB01237B62F8F785F900F06DFFF8F749F93B6A93F844305BB2B3F127
:20548000FF3F03D13B6A002283F844203B6A93F845305BB2B3F1FF3F03D13B6A002283F8AA
:2054A0004520F8F769F93A1D07F110031146184601F05AFB0346002B25D1386A00F0E9FBF9
:2054C0000346002B19D03B6A10337A681146184601F0ECF9386A00F067FB00F045FF0346A9
:2054E000002B7FF45CAF144B4FF080525A60BFF34F8F00BFBFF36F8F0CE0386A00F054FB0D
:2055000000F032FF4BE7386A00F04EFB00F02CFF002300E043E718462837BD4680BD00BF59
:20552000BCA3020090A70200C4A3020030A4020088A40200D8A4020000ED00E080B58EB0A6
:2055400000AFF860B9607A603B60FB683B633B6B002B06D14F4B504A40F291414F48FEF749
:2055600069FFBB68002B0AD13B6B1B6C002B06D04B4B494A40F292414848FEF75BFF3B68BC
:20558000022B0AD13B6BDB6B012B06D0454B424A40F293414148FEF74DFFF8F72BF9EFF334
:2055A0001183BB61BB69FB621023FB61FB6983F3118800BF3B6B9A6B3B6BDB6B9A4202D3B1
:2055C0003B68022B59D13B6B93F8453087F82B303B6B9B6B7B623A68B968386B00F054FA24
:2055E00097F92B30B3F1FF3F29D13B6B9B6C002B12D03B68022B02D17B6A002B3AD1386BC9
:2056000000F0E2FB0346002B34D07B68002B31D07B6801221A602DE03B6B5B6A002B29D01A
:205620003B6B2433184601F0AFF90346002B21D07B68002B1ED07B6801221A601AE000F0AB
:20564000AFFF386297F92B303A6A9A4212D997F92B307F2B06D1144B0F4A40F21F510F488F
:20566000FEF7E8FE97F82B300133DBB25AB23B6B83F8452001237B6301E000237B63FB6AC9
:205680007B617B6983F3118800BF7B6B18463837BD4680BDBCA30200A4A70200C4A3020072
:2056A00030A4020088A402002CA5020080B58AB000AFF860B9607A6000237B62FB683B62AA
:2056C0003B6A002B06D1604B604A40F2EA516048FEF7B0FEBB68002B0AD13B6A1B6C002B96
:2056E00006D05C4B594A40F2EE515948FEF7A2FE01F070FB0346002B00D009E07B68002B4C
:2057000006D0554B514A40F2F3515148FEF792FEF7F7FAFF3B6A9B6BFB61FB69002B21D076
:20572000B968386A00F01AFAFB695A1E3B6A9A633B6A1B69002B11D03B6A1033184601F0B8
:2057400023F90346002B09D0444B4FF080525A60BFF34F8F00BFBFF36F8F00BFF8F70CF8D5
:2057600001236CE07B68002B03D1F8F705F8002365E07B6A002B06D107F11403184601F03E
:20578000DDF901237B62F7F7F7FF00F0DFFDF7F7BBFF3B6A93F844305BB2B3F1FF3F03D173
:2057A0003B6A002283F844203B6A93F845305BB2B3F1FF3F03D13B6A002283F84520F7F746
:2057C000DBFF3A1D07F114031146184601F0CCF90346002B24D1386A00F045FA0346002B70
:2057E00018D03B6A24337A681146184601F05EF8386A00F0D9F900F0B7FD0346002B87D113
:20580000164B4FF080525A60BFF34F8F00BFBFF36F8F13E0386A00F0C7F900F0A5FD77E728
:20582000386A00F0C1F900F09FFD386A00F01BFA0346002B3FF46CAF002300E068E7184677
:205840002837BD4680BD00BFD0A50200C0A70200C4A30200DCA50200D8A4020000ED00E0D3
:2058600080B58AB000AF7860396000237B627B68FB6100233B62FB69002B06D1704B714ABE
:2058800040F284617048FEF7D5FDFB691B6C002B06D06E4B6B4A4FF4D1616B48FEF7CAFD34
:2058A00001F098FA0346002B00D009E03B68002B06D0674B634A40F28D616348FEF7BAFDBE
:2058C000F7F722FFFB699B6BBB61BB69002B26D0BB695A1EFB699A63FB691B68002B04D10A
:2058E00001F06CFC0246FB699A60FB691B69002B11D0FB691033184601F046F80346002B0D
:2059000009D0544B4FF080525A60BFF34F8F00BFBFF36F8F00BFF7F72FFF01238CE03B6837
:20592000002B03D1F7F728FF002385E07B6A002B06D107F10C03184601F000F901237B6294
:20594000F7F71AFF00F002FDF7F7DEFEFB6993F844305BB2B3F1FF3F03D1FB69002283F860
:205960004420FB6993F845305BB2B3F1FF3F03D1FB69002283F84520F7F7FEFE3A4607F1D4
:205980000C031146184601F0EFF80346002B33D1F86900F068F90346002B27D0FB691B68EF
:2059A000002B09D1F7F7B0FEFB699B68184601F02FFA3862F7F7E0FEFB6924333A6811464D
:2059C000184600F073FFF86900F0EEF800F0CCFC0346002B7FF474AF1E4B4FF080525A60DA
:2059E000BFF34F8F00BFBFF36F8F24E0F86900F0DBF800F0B9FC63E7F86900F0D5F800F083
:205A0000B3FCF86900F02FF90346002B3FF458AF3B6A002B0DD0F7F777FEF86900F01CF83B
:205A20007861FB699B687969184601F01BFBF7F7A3FE002300E043E718462837BD4680BD26
:205A4000D0A50200D0A70200C4A3020050A50200D8A4020000ED00E080B485B000AF7860BB
:205A60007B685B6A002B06D07B681B6B1B68C3F10F03FB6001E00023FB60FB681846143705
:205A8000BD465DF8047B704780B586B000AFF860B9607A6000237B61FB689B6B3B61FB68AC
:205AA0001B6C002B0DD1FB681B68002B4DD1FB689B68184601F03EFA7861FB6800229A60E2
:205AC00043E07B68002B19D1FB685868FB681B6C1A46B96802F08AFBFB685A68FB681B6C97
:205AE0001A44FB685A60FB685A68FB689B689A422BD3FB681A68FB685A6026E0FB68D8681B
:205B0000FB681B6C1A46B96802F070FBFB68DA68FB681B6C5B421A44FB68DA60FB68DA68F1
:205B2000FB681B689A4207D2FB689A68FB681B6C5B421A44FB68DA607B68022B05D13B6959
:205B4000002B02D03B69013B3B613B695A1CFB689A637B6918461837BD4680BD80B582B01A
:205B600000AF786039607B681B6C002B18D07B68DA687B681B6C1A447B68DA607B68DA6859
:205B80007B689B689A4203D37B681A687B68DA607B68D9687B681B6C1A46386802F026FB4A
:205BA00000BF0837BD4680BD80B584B000AF7860F7F7AAFD7B6893F84530FB731EE07B68F0
:205BC0009B6C002B08D0786800F0FEF80346002B10D001F02FF80DE07B685B6A002B12D0E7
:205BE0007B682433184600F0CFFE0346002B01D001F020F8FB7B013BDBB2FB7397F90F3086
:205C0000002BDCDC00E000BF7B68FF2283F84520F7F7B2FDF7F778FD7B6893F84430BB730E
:205C200011E07B681B69002B12D07B681033184600F0AAFE0346002B01D000F0FBFFBB7B7E
:205C4000013BDBB2BB7397F90E30002BE9DC00E000BF7B68FF2283F84420F7F78DFD00BFD6
:205C60001037BD4680BD80B584B000AF7860F7F74BFD7B689B6B002B02D10123FB6001E030
:205C80000023FB60F7F778FDFB6818461037BD4680BD80B584B000AF7860F7F735FD7B68E8
:205CA0009A6B7B68DB6B9A4202D10123FB6001E00023FB60F7F760FDFB6818461037BD46D3
:205CC00080BDFFFF80B584B000AF786039600023BB607B68002B06D11D4B1E4A40F6CD31D9
:205CE0001D48FEF7A7FB3B68002B24D00023FB601EE01A4AFB68DB0013445B687A689A42F0
:205D000005D1FB68DB00154A1344BB6013E0BB68002B0AD1114AFB6852F83330002B04D117
:205D2000FB68DB000D4A1344BB60FB680133FB60FB68312BDDD9BB68002B05D0BB683A680D
:205D40001A60BB687A685A6000BF1037BD4680BDCCA60200E4A70200C4A3020054E90020FD
:205D600080B586B000AFF860B9607A60FB687B61F7F7CAFC7B6993F844305BB2B3F1FF3FF9
:205D800003D17B69002283F844207B6993F845305BB2B3F1FF3F03D17B69002283F84520BD
:205DA000F7F7EAFC7B699B6B002B06D17B6924337A68B968184600F09FFD7869FFF7F4FE32
:205DC00000BF1837BD4680BD80B586B000AF78607B689B6C3B6100237B613B69002B06D158
:205DE0002B4B2C4A40F6FC412B48FEF723FB3B699A6B3B69DB6B9A4206D3284B254A40F65E
:205E0000FD412548FEF716FB3B699A6B3B69DB6B9A4238D23B6993F84530FB733B1D0022CC
:205E200019463869FFF730FE786197F90F30B3F1FF3F0ED13B695B6A002B24D03B69243352
:205E4000184600F0A1FD0346002B1CD001237B6119E000F0A5FBB86097F90F30BA689A4288
:205E600011D997F90F307F2B06D10D4B094A40F61D510948FEF7DEFAFB7B0133DBB25AB238
:205E80003B6983F845207B6918461837BD4680BDD4A60200F8A70200C4A30200E8A6020097
:205EA0002CA5020080B58AB004AFF860B9607A603B607B689B001846FEF7B4FD38613B6948
:205EC000002B13D06C20FEF7ADFD78617B69002B08D06C220021786902F078F97B693A694F
:205EE0001A6305E03869FEF7ADFE01E000237B617B69002B0DD0002303937B6902937B6A1C
:205F000001933B6A00933B687A68B968F86800F029F87B6918461837BD4680BD80B588B060
:205F200002AFF860B9607A603B607B6A01933B6A00933B687A68B968F868FFF7B3FF3861D2
:205F40003B69002B05D0386900F0A2F801237B6102E04FF0FF337B617B6918461837BD46AF
:205F600080BDFFFF80B586B000AFF860B9607A603B60BB6A186B7B689B001A46A52102F0A8
:205F800025F9BB6A1A6B7B6803F18043013B9B0013443B613B6923F007033B613B6903F0E1
:205FA0000703002B06D0364B364A40F22E713648FEF740FABB6A3A695A64BB68002B20D093
:205FC00000237B6114E0BA687B69134493F90010BA6A7B69134434330A461A70BA687B692F
:205FE000134493F90030002B06D07B6901337B617B690F2BE7D900E000BFBB6A002283F85A
:2060000043203B6A0E2B06D9204B1E4A40F264711D48FEF70FFA3B6A0E2B01D90E233B629D
:20602000BB6A3A6ADA62BB6A3A6A9A64BB6A04331846FEF761FFBB6A18331846FEF75CFF67
:20604000BB6ABA6A1A613B6AC3F10F02BB6A9A61BB6ABA6A5A62BB6A196B3B68FA6838699E
:20606000F7F7F6FA0246BB6A1A607B6A002B02D07B6ABA6A1A6000BF1837BD4680BD00BFE9
:2060800018A80200A0AB02005CA8020088A8020080B584B000AF7860F7F736FB414B1B689B
:2060A0000133404A1360404B1B68002B09D13E4A7B6813603B4B1B68012B10D100F0E0FDDB
:2060C0000DE03A4B1B68002B09D1374B1B68DA6A7B68DB6A9A4202D8334A7B681360344B4D
:2060E0001B680133324A13607B68DA6A314B1B689A4203D97B68DB6A2E4A13607B68DA6AE2
:206100002D4913469B0013449B000B4404331B68FB607B68FA689A60FB689A687B68DA60FE
:20612000FB689B687A6804325A607B681A1DFB689A607B68DA6A13469B0013449B001E4A3B
:206140001A447B685A617B68DA6A1B4913469B0013449B000B441B687A68D26A591C16480F
:2061600013469B0013449B0003441960F7F704FB0E4B1B68002B10D00B4B1B68DA6A7B68A5
:20618000DB6A9A4209D20D4B4FF080525A60BFF34F8F00BFBFF36F8F00BF00BF1037BD4619
:2061A00080BD00BF84EC0020E4EA002090EC0020A0EC00208CEC0020E8EA002000ED00E0C6
:2061C00080B584B000AF78600023FB607B68002B13D000F0BBF8114B1B68012B06D0104B81
:2061E000104A40F68E111048FEF724F90021786800F0FCFF00F0B8F8F860FB68002B09D1BA
:206200000A4B4FF080525A60BFF34F8F00BFBFF36F8F00BF00BF1037BD4680BDACEC0020A2
:20622000E4A80200B8AB02005CA8020000ED00E080B58AB002AF0123FB6100233B61002316
:206240007B6113E01D4A7B69134493F900103A467B6913440A461A703A467B69134493F955
:206260000030002B06D07B6901337B617B690F2BE8DD00E000BF0023BB6115E0104B3B614C
:20628000BB699B000F4A13443946019300230093002380223869FFF741FEF861FB69002B43
:2062A00006D0BB690133BB61BB69002BE6DD00E000BFFB6918462037BD4680BD30A90200AF
:2062C0004D6C0200A8EC002080B582B000AFFFF7AFFF78607B68012B02D100F0F7FF78601D
:2062E0007B68012B12D101233B603B6883F3108800BF0F4B4FF0FF321A600E4B01221A6043
:206300000D4B00221A60F7F7E7F90AE07B68B3F1FF3F06D1094B0A4A40F6A9610948FEF707
:2063200089F8094B1B6800BF0837BD4680BD00BFA4EC002090EC002088EC002038A9020045
:20634000C4AB02005CA8020014A8020080B400AF044B1B680133034A136000BFBD465DF848
:20636000047B7047ACEC002080B588B000AF0023FB610023BB61F7F7C7F900233B61744B29
:206380001B68002B06D1734B734A40F68B717348FEF750F86E4B1B68013B6D4A13606C4B7A
:2063A0001B68002B40F0CD806D4B1B68002B00F0C8808FE06B4BDB68DB68FB61FB699B6AA4
:2063C000FB60FB69DB69FA69126A9A60FB691B6AFA69D2695A60FB685A68FB6918339A42F0
:2063E00003D1FB691A6AFB685A60FB6900229A62FB681B685A1EFB681A60FB695B69BB60C4
:20640000FB699B68FA69D2689A60FB69DB68FA6992685A60BB685A68FB6904339A4203D190
:20642000FB69DA68BB685A60FB6900225A61BB681B685A1EBB681A60FB69DA6A4A4B1B681D
:206440009A4203D9FB69DB6A474A1360FB69DA6A464913469B0013449B000B4404331B68B1
:206460007B60FB697A689A607B689A68FB69DA607B689B68FA6904325A60FB691A1D7B68C7
:206480009A60FB69DA6A13469B0013449B00374A1A44FB695A61FB69DA6A344913469B005D
:2064A00013449B000B441B68FA69D26A591C2F4813469B0013449B0003441960FB69DA6A3F
:2064C0002B4B1B68DB6A9A4204D92A4A3B69012142F82310234B1B68002B7FF46BAFFB6911
:2064E000002B01D000F04AFC234B1B687B617B69002B12D000F060F80346002B04D01D4AB5
:206500003B69012142F823107B69013B7B617B69002BEFD1184B00221A60164A3B6952F830
:206520002330002B0DD00123BB61114B1B68134B4FF080525A60BFF34F8F00BFBFF36F8FB9
:2065400000BFF7F719F9BB6918462037BD4680BDACEC00204CA90200D8AB02005CA8020029
:2065600084EC002044EC00208CEC0020E8EA0020E4EA002098EC002094EC002000ED00E0B2
:2065800080B483B000AF054B1B687B607B6818460C37BD465DF8047B704700BF88EC0020D2
:2065A00080B400AF034B1B681846BD465DF8047B704700BF84EC002080B588B000AF0023AD
:2065C000FB617D4B1B68002B40F0EB807B4B1B680133BB61794ABB691360BB69002B1CD11F
:2065E000774B1B681B68002B06D0764B764A41F25F217648FDF71EFF714B1B687B61744BF5
:206600001B686F4A1360724A7B691360714B1B680133704A136000F0B1FB6F4B1B68BA691C
:206620009A42C0F0A980664B1B681B68002B04D1694B4FF0FF321A609EE0614B1B68DB6860
:20664000DB683B613B695B68FB60BA69FB689A4203D2614AFB6813608EE03B695B69BB60F0
:206660003B699B683A69D2689A603B69DB683A6992685A60BB685A683B6904339A4203D1EE
:206680003B69DA68BB685A603B6900225A61BB681B685A1EBB681A603B699B6A002B1ED039
:2066A0003B699B6A7B603B69DB693A69126A9A603B691B6A3A69D2695A607B685A683B694B
:2066C00018339A4203D13B691A6A7B685A603B6900229A627B681B685A1E7B681A603B6959
:2066E000DA6A3E4B1B689A4203D93B69DB6A3B4A13603B69DA6A3A4913469B0013449B0060
:206700000B4404331B683B603B693A689A603B689A683B69DA603B689B683A6904325A60D9
:206720003B691A1D3B689A603B69DA6A13469B0013449B002A4A1A443B695A613B69DA6AFA
:20674000274913469B0013449B000B441B683A69D26A591C224813469B0013449B00034426
:2067600019603B69DA6A1F4B1B68DB6A9A427FF65AAF0123FB6156E71A4B1B68DA6A1849E2
:2067800013469B0013449B000B441B68012B01D90123FB61144B1B68002B07D00123FB6157
:2067A00004E0124B1B680133104A1360FB6918462037BD4680BD00BFACEC002088EC0020B0
:2067C0003CEC00209CA90200E8AB02005CA8020040EC00209CEC0020A4EC00208CEC002053
:2067E000E8EA0020E4EA002098EC002094EC002080B582B000AF254B1B68002B03D0244BFF
:2068000001221A603EE0224B00221A60214B1B687B600CE07B68002B06D11F4B1F4A41F213
:20682000FA311F48FDF706FE7B68013B7B601D497A6813469B0013449B000B441B68002BA9
:20684000E8D07A6813469B0013449B00154A13443B603B685B685A683B685A603B685A687D
:206860003B6808339A4203D13B68DA683B685A603B685B68DB680C4A1360064A7B68136030
:20688000094B1B6800BF0837BD4680BDACEC002098EC00208CEC002014AA0200FCAB020086
:2068A0005CA80200E8EA0020E4EA002080B582B000AF786039607B68002B06D10A4B0B4ADC
:2068C0004FF4A4510A48FDF7B5FD0A4B1B68183319467868FEF71DFB0121386800F086FCE5
:2068E00000BF0837BD4680BD24AA020010AC02005CA80200E4EA002080B586B000AFF86066
:20690000B9607A60FB68002B06D11B4B1B4A41F2BE411B48FDF78EFDFB685B687B61194BDA
:206920001B687A69DA61174B1B687A6992681A62144B1A687B699B6818325A60114B1B68CD
:2069400003F118027B699A600E4B1B68FA689A62FB681B685A1CFB681A607B68002B02D0F8
:206960004FF0FF33BB607968B86800F03FFC00BF1837BD4680BD00BF24AA020028AC0200AC
:206980005CA80200E4EA002080B588B000AF78607B68DB68DB68BB61BB69002B06D15E4BBB
:2069A0005E4A41F2F5415E48FDF744FDBB699B6A7B61BB69DB69BA69126A9A60BB691B6A3C
:2069C000BA69D2695A607B695A68BB6918339A4203D1BB691A6A7B695A60BB6900229A6252
:2069E0007B691B685A1E7B691A604E4B1B68002B61D1BB695B69FB60BB699B68BA69D2681A
:206A00009A60BB69DB68BA6992685A60FB685A68BB6904339A4203D1BB69DA68FB685A608B
:206A2000BB6900225A61FB681B685A1EFB681A60BB69DA6A3C4B1B689A4203D9BB69DB6A87
:206A4000394A1360BB69DA6A384913469B0013449B000B4404331B68BB60BB69BA689A600D
:206A6000BB689A68BB69DA60BB689B68BA6904325A60BB691A1DBB689A60BB69DA6A134621
:206A80009B0013449B00294A1A44BB695A61BB69DA6A264913469B0013449B000B441B682A
:206AA000BA69D26A591C214813469B0013449B00034419601BE01E4B5B683B61BB693A6969
:206AC000DA613B699A68BB691A623B699B68BA6918325A60BB6903F118023B699A60BB6973
:206AE000134A9A62124B1B680133114A1360BB69DA6A104B1B68DB6A9A4205D90123FB6196
:206B00000D4B01221A6001E00023FB61FB6918462037BD4680BD00BF5CAA020048AC02000A
:206B20005CA80200ACEC00208CEC0020E8EA002044EC0020E4EA002098EC002080B483B0C4
:206B400000AF7860064B1A687B681A60054B1A687B685A6000BF0C37BD465DF8047B70477F
:206B60009CEC002088EC002080B586B000AF786039607B68002B06D1284B294A41F2A5515A
:206B80002848FDF757FC3B68002B06D1264B244A41F2A6512348FDF74DFCF6F7B5FD234BDB
:206BA0001B683B617B685B683A69D31AFB603B681B68B3F1FF3F02D100237B6126E07B6862
:206BC0001A681B4B1B689A420AD07B685B683A699A4205D301237B613B6800221A6015E063
:206BE0003B681B68FA689A420BD23B681A68FB68D21A3B681A607868FFF7A0FF00237B614F
:206C000004E03B6800221A6001237B61F6F7B4FD7B6918461837BD4680BD00BF6CAA02000B
:206C200064AC02005CA8020078AA020088EC00209CEC002080B400AF034B01221A6000BF4F
:206C4000BD465DF8047B704798EC002080B582B000AF786000F054F8074B1B68012BF9D905
:206C6000064B4FF080525A60BFF34F8F00BFBFF36F8F00BFEEE700BFE8EA002000ED00E0E7
:206C800080B582B000AF00237B600CE07A6813469B0013449B00124A13441846FEF70CF921
:206CA0007B6801337B607B680E2BEFD90D48FEF703F90D48FEF700F90C48FEF7FDF80C48E3
:206CC000FEF7FAF80B48FEF7F7F80B4B054A1A600A4B054A1A6000BF0837BD4680BD00BF5C
:206CE000E8EA002014EC002028EC002044EC002058EC002070EC00203CEC002040EC00208A
:206D000080B582B000AF19E0F6F7FEFC104BDB68DB687B607B6804331846FEF733F90D4BD0
:206D20001B68013B0B4A13600B4B1B68013B0A4A1360F6F721FD786800F010F8064B1B6839
:206D4000002BE1D100BF00BF0837BD4680BD00BF58EC002084EC00206CEC002080B582B0C7
:206D600000AF78607B681B6B1846FDF76BFF7868FDF768FF00BF0837BD4680BD80B400AF0B
:206D80000A4B1B681B68002B04D1094B4FF0FF321A6005E0054B1B68DB681B68044A13601B
:206DA00000BFBD465DF8047B704700BF3CEC0020A4EC002080B483B000AF054B1B687B600B
:206DC0007B6818460C37BD465DF8047B704700BFE4EA002080B483B000AF0B4B1B68002BDA
:206DE00002D101237B6008E0084B1B68002B02D102237B6001E000237B607B6818460C37A2
:206E0000BD465DF8047B704790EC0020ACEC002080B586B000AF78607B683B6100237B6120
:206E20007B68002B7BD03B69DA6A3F4B1B68DB6A9A426BD23B699B69002B06DB3A4B1B68EA
:206E4000DB6AC3F10F023B699A613B6959693B69DA6A13469B0013449B00344A13449942A5
:206E60004CD13B6904331846FEF78CF82E4B1B68DA6A3B69DA623B69DA6A2D4B1B689A4264
:206E800003D93B69DB6A2A4A13603B69DA6A274913469B0013449B000B4404331B68FB60A4
:206EA0003B69FA689A60FB689A683B69DA60FB689B683A6904325A603B691A1DFB689A605E
:206EC0003B69DA6A13469B0013449B00174A1A443B695A613B69DA6A144913469B00134436
:206EE0009B000B441B683A69D26A591C0F4813469B0013449B000344196004E00A4B1B6818
:206F0000DA6A3B69DA6201237B6108E03B699A6C054B1B68DB6A9A4201D201237B617B6910
:206F200018461837BD4680BDE4EA0020E8EA00208CEC002080B586B000AF78607B683B617B
:206F400000237B617B68002B78D03F4B1B683A699A4206D03D4B3E4A41F628213D48FDF771
:206F600069FA3B69DB6C002B06D13B4B384A41F629213848FDF75EFA3B69DB6C5A1E3B6965
:206F8000DA643B69DA6A3B699B6C9A4256D03B69DB6C002B52D13B6904331846FDF7F2FFC7
:206FA0003B699A6C3B69DA623B69DB6AC3F10F023B699A613B69DA6A284B1B689A4203D964
:206FC0003B69DB6A254A13603B69DA6A244913469B0013449B000B4404331B68FB603B69A3
:206FE000FA689A60FB689A683B69DA60FB689B683A6904325A603B691A1DFB689A603B691D
:20700000DA6A13469B0013449B00154A1A443B695A613B69DA6A124913469B0013449B0001
:207020000B441B683A69D26A591C0D4813469B0013449B000344196001237B617B691846ED
:207040001837BD4680BD00BFE4EA0020A0AA02007CAC02005CA80200B8AA02008CEC00207C
:20706000E8EA002080B588B000AF786039607B68BB6101237B617B68002B00F08D80BB6963
:20708000DB6C002B06D1464B464A41F686214648FDF7D0F9BB699B6C3A689A4202D93B6836
:2070A000FB6102E0BB699B6CFB61BB69DB6AFA699A4271D0BB69DB6C7A699A426CD13B4B35
:2070C0001B68BA699A4206D1394B364A41F6A1213548FDF7AFF9BB69DB6A3B61BB69FA69B5
:2070E000DA62BB699B69002B04DBFB69C3F10F02BB699A61BB6959693A6913469B00134406
:207100009B002C4A1344994246D1BB6904331846FDF738FFBB69DA6A274B1B689A4203D91C
:20712000BB69DB6A244A1360BB69DA6A214913469B0013449B000B4404331B68FB60BB69C5
:20714000FA689A60FB689A68BB69DA60FB689B68BA6904325A60BB691A1DFB689A60BB69BB
:20716000DA6A13469B0013449B00124A1A44BB695A61BB69DA6A0F4913469B0013449B00A6
:207180000B441B68BA69D26A591C0A4813469B0013449B000344196000BF2037BD4680BDFB
:2071A000B8AA020094AC02005CA80200E4EA0020D0AA0200E8EA00208CEC002080B483B0C8
:2071C00000AF094B1B687B607B68002B04D07B68DB6C5A1C7B68DA647B6818460C37BD4624
:2071E0005DF8047B704700BFE4EA002080B588B000AF786039602F4B1B68FB612E4B1B6875
:20720000BB612E4B1B687B612D4B1B6804331846FDF7B8FE7B68B3F1FF3F24D13B68002BB8
:2072200021D0284B5B683B61254B1B683A699A60234B1B683A699268DA60214B1A683B69A1
:207240009B6804325A601E4B1B681A1D3B699A601B4B1B681B4A5A611A4B1B680133194AF2
:20726000136000BF22E0FA697B681344FB60144B1B68FA685A60FA68FB699A4207D2104B0E
:207280001B68043319467869FDF743FE0EE00C4B1B6804331946B869FDF73BFE0A4B1B683B
:2072A000FA689A4202D2084AFB68136000BF2037BD4680BD88EC00203CEC002040EC002016
:2072C000E4EA002070EC0020A4EC002080B584B002AF00237B6000F0B3FA0F4B1B68002BD7
:2072E0000AD00E4B019303230093002380220C490C48FEF713FE78607B68002B06D10A4B88
:207300000A4A4FF4A3710A48FDF794F87B6818460837BD4680BD00BFE0EC0020E4EC002095
:20732000B8AC020091740200C0AC0200B4AD0200C8AC020080B588B002AFF860B9607A6030
:207340003B602820FDF76EFB78617B69002B0DD07B69002283F824207B6901933B6A0093B3
:207360003B687A68B968F86800F006F87B6918461837BD4680BDFFFF80B584B000AFF860DA
:20738000B9607A603B60BB68002B06D1144B154A40F2A9111448FDF74DF800F051FAFB695C
:2073A000FA681A60FB69BA689A61FB693A68DA61FB69BA691A62FB6904331846FDF79CFDA6
:2073C0007B68002B08D0FB6993F8243043F00403DAB2FB6983F8242000BF1037BD4680BD55
:2073E000F4AC0200CCAD0200C8AC020080B584B000AFF860B9607A6008E0FB689B69BA6826
:207400001344BB60FB681B6AF8689847FB689A69BB68D118BB687A68F86800F0E1F80346EA
:20742000002BEAD100BF00BF1037BD4680BDFFFF80B584B000AF78603960144B1B68DB68B5
:20744000DB68FB60FB6804331846FDF79BFDFB6893F8243003F00403002B05D03A6879684B
:20746000F868FFF7C3FF08E0FB6893F8243023F00103DAB2FB6883F82420FB681B6AF868BD
:20748000984700BF1037BD4680BD00BFD8EC002080B584B000AF786007F10803184600F0E3
:2074A0005BF8F860BB681946F86800F005F800F0D9F800BFF0E7FFFF80B584B000AF78600D
:2074C0003960FEF743FF07F10803184600F068F8F860BB68002B31D13B68002B0AD17A68F8
:2074E000FB689A4206D8FEF73FFFF9687868FFF79FFF26E03B68002B08D0144B1B681B6856
:20750000002B01D1012300E000233B60104B18687A68FB68D31A3A681946FEF721FCFEF797
:2075200023FF0346002B0CD10A4B4FF080525A60BFF34F8F00BFBFF36F8F02E0FEF714FFCF
:20754000FFE700BF1037BD4680BD00BFDCEC0020E0EC002000ED00E080B485B000AF7860AF
:207560000E4B1B681B68002B01D1012200E000227B681A607B681B68002B05D1074B1B68F1
:20758000DB681B68FB6001E00023FB60FB6818461437BD465DF8047B704700BFD8EC00202E
:2075A00080B584B000AF7860FEF7EAFFF8600B4B1B68FA689A4205D200F01CF97B680122AC
:2075C0001A6002E07B6800221A60044AFB681360FB6818461037BD4680BD00BFE8EC0020B1
:2075E00080B586B000AFF860B9607A603B6000237B61FB68BA685A60FB68FA681A61BA68EB
:207600007B689A4212D87A683B68D21AFB689B699A4202D301237B611BE0104B1A68FB68FD
:20762000043319461046FDF774FC12E07A683B689A4206D2BA683B689A4202D301237B6159
:2076400007E0074B1A68FB68043319461046FDF760FC7B6918461837BD4680BDDCEC002017
:20766000D8EC002080B586B000AF3B1D00221A605A609A60A5E07B68002BC0F2A280FB689A
:207680007B617B695B69002B04D07B6904331846FDF778FC3B461846FFF782FF38617B68B4
:2076A000013B082B00F28A8001A252F823F000BFD5760200D57602003D7702005177020086
:2076C00093770200D5760200D57602003D770200517702007B6993F8243043F00103DAB2FE
:2076E0007B6983F82420BA687B699B69D118BB683A697869FFF774FF0346002B60D07B695C
:2077000093F8243003F00403002B09D0BA687B699B6913443A6919467869FFF767FE08E005
:207720007B6993F8243023F00103DAB27B6983F824207B691B6A7869984741E07B6993F887
:20774000243023F00103DAB27B6983F8242038E07B6993F8243043F00103DAB27B6983F892
:207760002420BA687B699A617B699B69002B06D11C4B1D4A4FF482611C48FCF75BFE7B6952
:207780009A693B69D1183B693A697869FFF728FF17E07B6993F8243003F00203002B03D163
:2077A0007869FDF74FFA0CE07B6993F8243023F00103DAB27B6983F8242002E000BF00E035
:2077C00000BF0B4B1B68391D00221846FDF76EFF0346002B7FF44FAF00BF00BF1837BD4625
:2077E00080BD00BF84AD0200E4AD0200C8AC0200E0EC002080B582B000AF09E00E4B1B688A
:20780000DB681B683B604FF0FF313868FFF710FE094B1B681B68002BF0D1074B1B687B60FE
:20782000064B1B68044A1360044A7B68136000BF0837BD4680BD00BFD8EC0020DCEC002046
:2078400080B500AFF5F760FF124B1B68002B1DD11148FDF731FB1148FDF72EFB104B0E4A5E
:207860001A60104B0D4A1A6000220C210A20FDF743FC0346074A1360064B1B68002B05D0D5
:20788000044B1B6808491846FEF71CFAF5F774FF00BF80BDE0EC0020B0EC0020C4EC002089
:2078A000D8EC0020DCEC0020ACAD020081F0004102E000BF83F0004330B54FEA41044FEAFC
:2078C000430594EA050F08BF90EA020F1FBF54EA000C55EA020C7FEA645C7FEA655C00F0C4
:2078E000E2804FEA5454D4EB5555B8BF6D420CDD2C4480EA020281EA030382EA000083EAA5
:20790000010180EA020281EA0303362D88BF30BD11F0004F4FEA01314FF4801C4CEA1131DD
:2079200002D0404261EB410113F0004F4FEA03334CEA133302D0524263EB430394EA050F9C
:2079400000F0A780A4F10104D5F1200E0DDB02FA0EFC22FA05F2801841F1000103FA0EF2B9
:20796000801843FA05F359410EE0A5F120050EF1200E012A03FA0EFC28BF4CF0020C43FA2A
:2079800005F3C01851EBE37101F0004507D54FF0000EDCF1000C7EEB00006EEB0101B1F5E5
:2079A000801F1BD3B1F5001F0CD349085FEA30004FEA3C0C04F101044FEA445212F5800FEC
:2079C00080F09A80BCF1004F08BF5FEA500C50F1000041EB045141EA050130BD5FEA4C0C34
:2079E000404141EB0101013C28BFB1F5801FE9D291F0000F04BF01460020B1FA81F308BF14
:207A00002033A3F10B03B3F120020CDA0C3208DD02F1140CC2F10C0201FA0CF021FA02F1C9
:207A20000CE002F11402D8BFC2F1200C01FA02F120FA0CFCDCBF41EA0C019040E41AA2BFC9
:207A400001EB0451294330BD6FEA04041F3C1CDA0C340EDC04F11404C4F1200220FA04F0BE
:207A600001FA02F340EA030021FA04F345EA030130BDC4F10C04C4F1200220FA02F001FA14
:207A800004F340EA0300294630BD21FA04F0294630BD94F0000F83F4801306BF81F4801193
:207AA0000134013D4EE77FEA645C18BF7FEA655C29D094EA050F08BF90EA020F05D054EA04
:207AC000000C04BF1946104630BD91EA030F1EBF0021002030BD5FEA545C05D14000494104
:207AE00028BF41F0004130BD14F580043CBF01F5801130BD01F0004545F0FE4141F47001F4
:207B00004FF0000030BD7FEA645C1ABF194610467FEA655C1CBF0B46024650EA013406BFB0
:207B200052EA033591EA030F41F4002130BD00BF90F0000F04BF0021704730B54FF480640C
:207B400004F132044FF000054FF0000150E700BF90F0000F04BF0021704730B54FF480644A
:207B600004F1320410F0004548BF40424FF000013EE700BF42004FEAE2014FEA31014FEAE6
:207B800002701FBF12F07F4393F07F4F81F06051704732F07F4208BF704793F07F4F04BF32
:207BA00041F40021704730B54FF4607401F0004521F000411CE700BF50EA010208BF7047B7
:207BC00030B54FF000050AE050EA010208BF704730B511F0004502D5404261EB41014FF482
:207BE000806404F132045FEA915C3FF4D8AE4FF003025FEADC0C18BF03325FEADC0C18BFFE
:207C0000033202EBDC02C2F1200300FA03FC20FA02F001FA03FE40EA0E0021FA02F11444EF
:207C2000BDE600BF70B54FF0FF0C4CF4E06C1CEA11541DBF1CEA135594EA0C0F95EA0C0FFF
:207C400000F0DEF82C4481EA030621EA4C5123EA4C5350EA013518BF52EA033541F48011A5
:207C600043F4801338D0A0FB02CE4FF00005E1FB02E506F00042E0FB03E54FF00006E1FBA4
:207C800003569CF0000F18BF4EF0010EA4F1FF04B6F5007F64F5407404D25FEA4E0E6D41D4
:207CA00046EB060642EAC62141EA55514FEAC52040EA5E504FEACE2EB4F1FD0C88BFBCF5D2
:207CC000E06F1ED8BEF1004F08BF5FEA500E50F1000041EB045170BD06F0004646EA010196
:207CE00040EA020081EA0301B4EB5C04C2BFD4EB0C0541EA045170BD41F480114FF0000ED9
:207D0000013C00F3AB8014F1360FDEBF002001F0004170BDC4F10004203C35DA0C341BDC47
:207D200004F11404C4F1200500FA05F320FA04F001FA05F240EA020001F0004221F00041B9
:207D400010EBD37021FA04F642EB06015EEA430E08BF20EAD37070BDC4F10C04C4F1200523
:207D600000FA04F320FA05F001FA04F240EA020001F0004110EBD37041F100015EEA430EAA
:207D800008BF20EAD37070BDC4F1200500FA05F24EEA020E20FA04F301FA05F243EA02035A
:207DA00021FA04F001F0004121FA04F220EA020000EBD3705EEA430E08BF20EAD37070BD5D
:207DC00094F0000F0FD101F00046400041EB010111F4801F08BF013CF7D041EA060195F065
:207DE000000F18BF704703F00046520043EB030313F4801F08BF013DF7D043EA06037047C8
:207E000094EA0C0F0CEA135518BF95EA0C0F0CD050EA410618BF52EA4306D1D181EA030130
:207E200001F000414FF0000070BD50EA410606BF1046194652EA430619D094EA0C0F02D1CF
:207E400050EA013613D195EA0C0F05D152EA03361CBF104619460AD181EA030101F00041DC
:207E600041F0FE4141F470014FF0000070BD41F0FE4141F4780170BD70B54FF0FF0C4CF486
:207E8000E06C1CEA11541DBF1CEA135594EA0C0F95EA0C0F00F0A7F8A4EB050481EA030E0B
:207EA00052EA03354FEA013100F088804FEA03334FF0805545EA131343EA12634FEA022214
:207EC00045EA111545EA10654FEA00260EF000419D4208BF964244F1FD0404F5407402D2D6
:207EE0005B084FEA3202B61A65EB03055B084FEA32024FF480104FF4002CB6EB020E75EB67
:207F0000030E22BFB61A754640EA0C005B084FEA3202B6EB020E75EB030E22BFB61A754650
:207F200040EA5C005B084FEA3202B6EB020E75EB030E22BFB61A754640EA9C005B084FEAFB
:207F40003202B6EB020E75EB030E22BFB61A754640EADC0055EA060E18D04FEA051545EA9C
:207F600016754FEA06164FEAC30343EA52734FEAC2025FEA1C1CC0D111F4801F0BD141EA76
:207F800000014FF000004FF0004CB6E711F4801F04BF01430020B4F1FD0C88BFBCF5E06FB9
:207FA0003FF6AFAEB5EB030C04BFB6EB020C5FEA500C50F1000041EB045170BD0EF0004E2E
:207FC0004EEA113114EB5C04C2BFD4EB0C0541EA045170BD41F480114FF0000E013C90E604
:207FE00045EA060E8DE60CEA135594EA0C0F08BF95EA0C0F3FF43BAF94EA0C0F0AD150EAA8
:2080000001347FF434AF95EA0C0F7FF425AF104619462CE795EA0C0F06D152EA03353FF414
:20802000FDAE1046194622E750EA410618BF52EA43067FF4C5AE50EA41047FF40DAF52EA2A
:2080400043057FF4EBAE12E74FEA4102B2F1E04324BFB3F5001CDCF1FE5C0DD901F0004CA0
:208060004FEAC0024CEA5070B2F1004F40EB830008BF20F00100704711F0804F21D113F11A
:208080003872BCBF01F00040704741F480114FEA5252C2F11802C2F1200C10FA0CF320FA61
:2080A00002F018BF40F001004FEAC1234FEAD32303FA0CFC40EA0C0023FA02F34FEA4303AE
:2080C000CCE77FEA625307D150EA01331EBF4FF0FE4040F44000704701F0004040F0FE4065
:2080E00040F40000704700BFD0B500220B4B06460F46FFF797FD00F015F80446FFF718FD5C
:208100000022074BFFF78EFD02460B4630463946FFF7D0FB00F006F82146D0BD0000F03D0C
:208120000000F0414A0011D212F5001211D20DD56FF47873B3EB62520ED44FEAC12343F031
:20814000004343EA505323FA02F070474FF00000704750EA013002D14FF0FF3070474FF0AE
:20816000000070470CB4184B30B50C1E9DB01D6808DA8B234FF0FF302B601DB0BDE83040D9
:2081800002B070474FF402730290069002A9ADF8143014BF04F1FF332346209A28460493E0
:2081A00007934FF6FF73ADF8163021AB019300F087F9431CBCBF8B232B60002CDDD0029B2A
:2081C00000221A70D9E700BF780A002002440346934200D1704703F8011BF9E7014B186823
:2081E000704700BF780A0020704770470A44431E914200D1704710B511F8014B914203F807
:20820000014FF9D110BD034613F8012B002AFBD1181A01387047FFFF38B50546002941D06F
:2082200051F8043C0C1F002BB8BFE41800F0E0F81D4A136833B9636014602846BDE8384094
:2082400000F0DCB8A34208D9206821188B4201BF19685B6809182160EDE71A465B680BB1ED
:20826000A342FAD911685018A0420BD120680144501811608342E0D118685B680844536049
:208280001060DAE702D90C232B60D6E7206821188B4202BF19685B680918636008BF21609C
:2082A0005460CAE738BD00BF30EE002070B50F4E0C460546316811B900F0A8FB306021465B
:2082C000284600F0A3FB431C03D14FF0FF34204670BDC41C24F00304A042F8D0211A28461C
:2082E00000F094FB0130F2D1EFE700BF2CEE00202DE9F843CD1C064625F0030508350C2D23
:2083000038BF0C25002D01DBA94204D90C2333600020BDE8F883DFF8D48000F069F8D8F816
:2083200000301C4644BB29463046FFF7BFFF431C044658D1D8F800402746002F43D1002C55
:208340004BD023683946304604EB030900F05EFB814542D1216830466D1A2946FFF7A6FFD5
:2083600001303AD023682B442360D8F800305A6862BBC8F800700FE02268521B20D40B2A27
:2083800017D96119A342256018BF5960636808BFC8F8001062514B60304600F02FF804F137
:2083A0000B00231D20F00700C21A1CBF1B1AA350AFE76268A3420CBFC8F800205A60EBE700
:2083C00023466468AEE73C467F68B6E71A465B68A342FBD100235360DEE70C233046336026
:2083E00000F00CF894E70560D6E700BF30EE00200148FFF7F9BE00BF28EE00200148FFF7C5
:20840000F4BE00BF28EE00202DE9F0471F468E6882460C46BE4290460B682DD8B1F90C20CF
:2084200012F4906F26D06569096905EB4505A3EB01097B1C05EBD5754B446D109D4238BF7C
:208440001D46530527D52946FFF752FF064660B34A462169FFF7CAFEA38923F4906343F00F
:208460008003A38126614E446561A5EB090526603E46A560BE4200D93E46324641462068E5
:2084800000F0AAFAA36800209B1BA360236833442360BDE8F0872A4600F0D6FA064600281F
:2084A000E0D121695046FFF7B7FE0C234FF0FF30CAF80030A38943F04003A381E9E7FFFF1D
:2084C0002DE9F04F98468B899DB007461B060D46144610D50B6973B94021FFF709FF286081
:2084E000286130B90C233B604FF0FF301DB0BDE8F08F40236B610023CDF80C804FF00109F5
:20850000DFF8A081099320238DF8293030238DF82A3023469A4613F8012B0AB1252AF9D120
:20852000BAEB040B0BD05B46224629463846FFF76BFF013000F0A780099A5A4409929AF8A0
:208540000030002B00F09F8000234FF0FF320AF1010A049307938DF853301A93CDE9052354
:20856000544605224F4814F8011B00F05FFA049AD8B9D00644BF20238DF85330110744BFC4
:208580002B238DF853309AF800302A2B15D0079A544600204FF00A0C214611F8013B303BC2
:2085A000092B4BD9B0B1079214E0A0EB0803A24609FA03F313430493D2E7039B191D1B6801
:2085C000002B0391BBBF5B4242F0020207930793B8BF049223782E2B0AD163782A2B32D14C
:2085E000039B02341A1D1B6843EAE37303920593DFF8C0A003222178504600F017FA38B1C8
:20860000A0EB0A004022049B013482401343049314F8011B062224488DF8281000F006FA77
:20862000002836D0214B1BBB039B073323F0070308330393099B334409936AE70CFB0232C1
:208640000C460120A8E7002301344FF00A0C19460593204610F8012B303A092A03D9002B36
:20866000C6D00591C4E70CFB012104460123F0E703AB2A4604A9384600930D4BAFF300805F
:20868000421C0646D6D1AB895B063FF52DAF09982CE703AB2A4604A938460093044B00F015
:2086A0007DF8EDE7FFAD020009AE0200000000000984020005AE02002DE9F047164698463F
:2086C0008A6807460B690C46DDF820909342B8BF1346336091F843200AB1013333602368DF
:2086E000990642BF336802333360256815F0060506D104F1190AE36832689B1AAB422BDC5D
:2087000094F843302268003B18BF0123920630D404F1430241463846C847013023D0236801
:208720001A3454F80A2C03F00603042B0ABF54F80E5C002533684FF0000608BFED1A54F8A0
:20874000123C08BF25EAE5759342C4BF9B1AED18B5421AD1002008E00123524641463846DE
:20876000C847013003D14FF0FF30BDE8F0870135C1E7E1185A1C30200233224481F8430067
:2087800094F8451082F84310C2E70123224641463846C8470130E6D00136D9E72DE9FF47A8
:2087A0000F7E914680460C46782F9A460C9E01F1430207D8622F0AD8002F00F0D180582F8C
:2087C00000F0B88004F1420684F842703AE0A7F16303152BF6D801A151F823F03588020023
:2087E00049880200C5870200C5870200C5870200C587020049880200C5870200C5870200FF
:20880000C5870200C5870200478902007388020001890200C5870200C587020069890200D1
:20882000C587020073880200C5870200C58702000989020033681A1D1B68326004F1420699
:2088400084F8423001239CE033682068191D3160060601D51D6803E04506FBD5B3F900503F
:20886000002D03DA2D236D4284F8433058480A2311E021683368080653F8045B02D4490641
:2088800048BFADB26F2F3360514814BF0A230823002184F843106668002EA66005DB216822
:2088A0002E4321F0040121604BD01646B5FBF3F103FB1157C75D06F8017D2F460D46BB42DA
:2088C000F4D9082B0BD12368DF0708D5236961689942DEBF302306F8013C06F1FF36921B3A
:2088E00022614B4603AA21464046CDF800A0FFF7E3FE01304AD14FF0FF3004B0BDE8F08704
:20890000236843F02003236078273248236884F845701F06316851F8045B02D45F0648BF76
:20892000ADB23160D90744BF43F0200323601DB11023ADE72648E9E7236823F02003236074
:20894000F6E71646BDE733682568181D616930602E061B6801D5196002E06806FBD51980C4
:20896000002316462361BCE7336800211A1D32601E686268304600F059F808B1801B6060B1
:2089800063682361002384F84330AAE72369324649464046D0470130ADD023689B0713D4F3
:2089A000E068039B9842B8BF1846A6E70123324649464046D04701309DD00135E368039912
:2089C0005B1AAB42F2DCEBE7002504F11906F5E710AE020021AE0200884210B501EB02046E
:2089E00002D98442234607D8431EA14208D011F8012B03F8012FF8E7024401468A4200D109
:208A000010BD13F8014D02F8014DF7E738B50023054D044608462B60FBF730FF431C02D132
:208A20002B6803B1236038BD24EE0020C9B20346024410B59342184601D1002003E00478F2
:208A400001338C42F6D110BD2DE9F041074614460D4621B91146BDE8F041FFF749BC2AB95A
:208A60002546FFF7D9FB2846BDE8F08100F01AF88442064602D8B4EB500FF4D821463846A0
:208A8000FFF736FC804608B94546ECE7B4422246294628BF3246FFF7A9FB29463846FFF720
:208AA000BBFBF1E751F8043C181F002BBCBF0B58C018704700000805352E382E30000000CA
:208AC0004275696C7420776974682052656E6573617320416476616E63656420466C6578E4
:208AE00069626C6520536F667477617265205061636B6167652076657273696F6E20352EFA
:208B0000382E3000F8B500BFF8BC08BC9E467047F8B500BFF8BC08BC9E467047FFFFFFFFC5
:208B20005FF800F0190800205FF800F0810100205FF800F0190600205FF800F0350300209F
:208B40005FF800F0A10400205FF800F0A90300205FF800F0F90100205FF800F07D060020AB
:208B60004454555F43414E5F54785F5461736B004454555F554152545F54785F5461736B15
:208B8000000000004454555F446973705F5461736B0000004454555F554152545F52785FF7
:208BA0005461736B000000004454555F43414E5F52785F5461736B00537754696D65725FBF
:208BC0005461736B00FFFFFF4F044F054F06440244004006400540040501050205034F0745
:208BE00044014D0045044704470048044801480547014800470548024806470247034807D0
:208C000024074A0047074706440344074406440544044300430143024303410340073F03F8
:208C20003F023F013F003F043F053F063F073E033E013E023E063E070B050A0309030803E5
:208C40004803070306033E043E050504040004040B040B060B0705004B004E003E004600C8
:208C60004307FFFF6500002001006600002001006700002001006800002001006900002005
:208C800001006A00002001006B00002001006C00002001006D00002001006E000020010012
:208CA0006F0000200100700000200100710000200100720000200100730002200200740063
:208CC000022002007500002301007600002101007700002101007800002001007900002074
:208CE00001007A00002001007B00002001007C00002001007D00002001007E000020010062
:208D00007F00030000008000032200008100022002008200030000008300002001008400DA
:208D2000030000008500030000008600022002008700002001008800002001008900030021
:208D400000008A00002001008B00030000008C00002001008D00002001008E0002200200CD
:208D60008F00002001009000002001009100002001009200022002009300002001009400E2
:208D800000200100950000200100960003000000970000230100980000230100C900002003
:208DA0000100CA0000200100CB0003000000CC0003000000CD0003000000CE000400000088
:208DC000CF0004000000D00003000000D10003000000D20003000000D30003000000D4009A
:208DE00000220100D50003000000D60003000000D70003000000D80003000000D90003000E
:208E00000000DA0003000000DB0003000000DC00030000002D01040000002E010000010056
:208E20002F01000001003001000001003101030000003201010001003301010001003401FA
:208E4000002301003501040000003601002001003701030000003801000001003901002489
:208E600001003A01002301003B01000001003C01040000003D01030000003E010020010073
:208E80003F0100200100400103000000410103000000420103000000430103000000440116
:208EA00000200100450101200100460100240100470100200100480104000000490100239A
:208EC00001004A01002001004B01002301004C01002001004D01002001004E010123010064
:208EE0004F0100230100500100000100510100000100520104000000530104000000540155
:208F0000030000005501030000005601030000005701030000005801030000005901030087
:208F200000005A01030000005B01030000005C01030000005D01030000005E010300000051
:208F4000900104000000910104000000920104000000930101260100940104000000950164
:208F6000010001003F0006005B004F0066006D007D0007007F006F0000007F00FF031E001C
:208F8000F706BF069E07BD07FD071F02FF079F070000FFFF3F0906011B060F0426062D06F5
:208FA0003D0601113F06270637068F1439008F10390231023D04360689101E003023380005
:208FC000760176203F0033063F2033264D0481103E003009362840294011090908000000C9
:208FE00000090006390037003300FFFF0D00D5000E006B007F00FF003D01D703B101AE016F
:20900000EA02FFFFFF011E02EF043F049E05BB05FB051F00FF05BF05FF07000019000D009A
:20902000170013001F00FFFF49035D033F003D0023017E03FF03FFFFD7063D027F00FF0082
:209040005F02FF0F303132333435363738394142434445464748494A4B4C4D4E4F50515269
:20906000535455565758595A5F202F2D4B044B054B064B074B034B014B024A044A054A064B
:209080004A074A034A014A0249044905490649074903490149024E074E064E054E044E01E3
:2090A0004E034E024D074D064D054D044D014D034D020A040A050A060A070A020A000A0179
:2090C0000904090509060907090209000901080408050806080708020800080107040705D0
:2090E0000706070707020700070106040605060606070602060006014204420542064207DC
:2091000042034202430643054304420042014000400140024003410741064102410141000E
:2091200041044105450045014502450346074606460346024601460446054C004C014C029D
:209140004C034C074C064507450645054C044C050507040304010505050604020407030355
:20916000030704050406030103020306020601000204000002010202020302070205020093
:209180000101010301070003000101040102010501060002250326062604250424012403B3
:2091A00025072506250224022501240025052500270728032800260026052607260327061D
:2091C0002802260228012601270527042A072A022A00290029052907290329022A062906D2
:2091E0002A05290429012A042B032C072C042B042A012A032B072B022C062B062C052B0580
:209200002B012B002D032E062E042D042C012C032D072D062D022C022D012C002D052D0057
:209220002F072F032F002E002E052E072E032F062F022E022F012E012F052F043107310209
:209240003100300030053007300330023106300631053004300131043203330733043204C3
:20926000310131033207320233063206330532053201320034033506350434043301330389
:2092800034073406340233023401330034053400360736033600350035053507350336064E
:2092A00036023502360135013605360438073802380037003705370737033702380637060D
:2092C000380537043701380439033A073A04390438013803390739023A0639063A053905BF
:2092E000390139003B033C063C043B043A013A033B073B063B023A023B013A003B053B0097
:209300003D073D033D003C003C053C073C033D063D023C023D013C013D053D042304220482
:209320002206220323032301230023052200230222012307230622022100200020032107DE
:2093400022072205210121052104210220012103210620021F001E001E021F0720072005D0
:2093600020041F011F0420061F051F031F021F061E041D041D071D031E031E011E051D01CC
:209380001D001E061D051E071D021D061C041B041B061B031C031C011C001C051B001C02D3
:2093A0001B011C071C061B021A00190019031A071B071B051A011A051A041A0219011A03D2
:2093C0001A06190218001700170218071907190519041801180419061805180318021806CC
:2093E0001704160416071603170317011705160116001706160517071602160615041404CC
:209400001406140315031501150015051400150214011507150614021300120012031307DD
:209420001407140513011305130413021201130313061202110010001002110712071205CF
:209440001204110111041206110511031102110610040F040F070F031003100110050F01CB
:209460000F0010060F0510070F020F060E040D040D060D030E030E010E000E050D000E02D2
:209480000D010E070E060D020C000B000B030C070D070D050C010C050C040C020B010C03D1
:2094A0000C060B02574149542035205345434F4E445300004B4559204F464620414E4400FD
:2094C000484947482054454D5045524154555245202D2056454849434C45204E4545445302
:2094E00020544F20434F4F4C20444F574E000000414E4420574149542033204D494E000085
:209500005455524E204F4E20534C454550000000534552564943452043454E5445520000BA
:20952000434F4E54414354005448452056454849434C4500504C45415345204348415247DF
:209540004500000046524F4D2056454849434C4500000000535441592041574159000000DF
:20956000484947482054454D5000000043484152474552002021222324252627282B2C2DB1
:209580002E2F30313233000053484152454400004C495645204C4F434154494F4E00000048
:2095A00043414E43454C4C45440000004C4F434154494F4E20534841524500005448455211
:2095C0004D414C205249534B00000000454D455247454E4359000000414C45525400000041
:2095E0004F56455248454154494E470038303931323338303338000043414C4C20535550F1
:20960000504F525400000000434F4D504C45544500000000555044415445000041435449C8
:20962000564500004C494D50204D4F4445000000454E41424C454400534541542F43484105
:2096400052474500464F5257415244204153534953540000505245535320500052455645F1
:20966000525345204153534953540000544F205348555420444F574E000000004B455920A1
:209680004F464600335320544F20454E41424C4500000000484F4C442053455420464F52A5
:2096A00000000000544F2043484152474500000025303264202530326420414D0000000099
:2096C00025303264202530326420504D0000000046554C4C2043484152474520425900001F
:2096E0005455524E204F4E20504F574552000000544F20554E504C55470000004B45592010
:209700004F4E0000544F205357495443482054524950000050524553532053454C00000027
:20972000335320544F2052455345540048494C4C20484F4C440000005345525649434500BC
:20974000424F4F4B205550434F4D494E470000004F56455244554500335320544F2044494C
:209760005341424C450000005354414E44425900554E415641494C41424C45004449534128
:20978000424C4520494E20002573256453000000444541435449564154454400414354496C
:2097A0005641544544000000494E434F4D494E472043414C4C0000004D495353454420437D
:2097C000414C4C00434F4E4E4543544544000000424C5545544F4F54480000004449534344
:2097E0004F4E4E45435445440000000053484152494E475F202020202000000055504441E4
:2098000054494E472020202020000000FF00FD8100C0FD90A5B0C8E7FCE9F0F8E00040FFBC
:209820002033FF00000000000000000000000000002627282B2C2DFF0000000000000000DE
:20984000000026272C2DFF000000000000000000000000262DFF0000000000000000000011
:2098600000000000252EFF000000000000000000000000000024252E2FFF000000000000F1
:209880000000000000002324252E2F30FF00000000000000000000222324252E2F3031FF85
:2098A000000000000000000021222324252E2F303132FF000000000000212223242526270E
:2098C000283231302F2E2D2C2BFFFFFF0409000105000104000004000002000000000301CD
:2098E000000302005258315F44545500E4980200060C1600030100008961010000000000A7
:2099000000000000000000000000000000000000010100000000000000000000FF00000046
:2099200010990200FFDFFFDF0C15000000000000000000000000000000000000000000009F
:209940000000000000000000000000000000000000000000000000000000FFFFDFDF00004B
:2099600000000000000000000000000000000000000000000000000080F0FA02000000007B
:2099800040787D0102021400710E01000000000038990200FFFFFFFF040000000000000026
:2099A000400000000000000000000000000000000000000000010000400000000000000026
:2099C000400000000000000000000000000000000000000000000000000000000000000047
:2099E000000000000000000000000000000000000000FFFFDFDF00000000000000000000AB
:209A00000000000000000000000000000000000020A107000000000090D003000102130005
:209A2000490E010000000000D0990200010000000000000000000000000000000000000062
:209A40000000000000000000000000000000FFFFDFDF00000000000000000000000000004A
:209A600000000000000000000200000050C300000000000050C3000004FFDF0000000000DC
:209A8000000000002C9A0200060803030101000000000000000000000000000000000000E8
:209AA00000000000000000000000000001110112204600209C9A0200989F02000001000089
:209AC0000C0900200F00FFFF00000000FFFF000000020000010D020E020F02100000000003
:209AE000000000007110010000000000BC9A020001000000000000010000000000090A0B6C
:209B00000C02020202000000010000000000000000000000510D010000000000F09A020045
:209B200005FFFFFF10090020209B0200CC460020249B0200E49F020006FFFFFF2009002069
:209B4000389B0200D44600203C9B0200E49F0200010000FF03050607080202020200000073
:209B600001000000449B02002C9B0200ED0B010000000000509B02000000000040090020EB
:209B80006009002000000000200000000000000000000000000000000000000030090020C3
:209BA0007104010000000000789B02000200010200013F3F000001DFDFFFFFFF00000000DA
:209BC000000FDFDF00FFFF000000000000000000B09B0200000000000000000000800000ED
:209BE00001000000000000000200000000800000030000000000000004000000008000005B
:209C00000D000000008000000E000000008000000F0000000000010400010000000001040F
:209C2000010100000000000002010000050000000301000000000000040100000000000011
:209C40000501000004000000060100000400000007010000000001000801000000040106D2
:209C600009010000000401060A010000000001060B010000050400000C0100000500000096
:209C80000D0100000000010001020000000001030502000004000000060200000400000097
:209CA000070200000504000008020000000001000C020000000001000D0200000000010068
:209CC000000300001040000001030000000000000203000005040000030300000504000010
:209CE000040300000400000000040000000001100104000000000110020400000400000024
:209D000007040000000C010508040000000C010509040000000C01050A040000050C0000CA
:209D20000B04000004000000000500002B000000D49B020000000000A100A400A500A200E3
:209D4000A3009201930194019501C401C501C801C701800181018201830131003000CF00B8
:209D6000D800560007000000000000000000000000000000000000000000000000000000AE
:209D80000000000000000000000000000000000000000000000000000000000000000000C3
:209DA0000000000000000000000000000000000000000000000000000000000000000000A3
:209DC000000000000000000000000000000000000000000000000000000000000000000083
:209DE00000000000000000000000000000000000000000000000000075635356434E756D6F
:209E0000626572203C3D2033000000002E2E2F72612F6673702F7372632F726D5F66726526
:209E20006572746F735F706F72742F706F72742E630000002828285343425F5479706520DB
:209E40002A2920282830784530303045303030554C29202B20307830443030554C29202929
:209E60002D3E49435352202620283078314646554C202929203D3D203000000075784372B4
:209E800069746963616C4E657374696E67000000756C43757272656E745072696F726974C7
:209EA00079203E3D2028282828312929203C3C202838202D2034292929203E3E20283820DB
:209EC0002D203429000000005F5F4E5649435F4765745072696F7269747947726F75706993
:209EE0006E672829203C3D202838202D203429202D20310076506F727453564348616E6439
:209F00006C65725F4300FFFF76506F7274456E746572437269746963616C00FF76506F7274
:209F20007445786974437269746963616C00FFFF76506F727456616C6964617465496E747A
:209F40006572727570745072696F7269747900FFFFFF00FF010203FF020403040404FFFFE9
:209F600000000000FFFF0000002000008000000000000100FFFF070000800000800000003D
:209F800002000000609F020000000008FF1F00084000000004000000611B0200011C0200AF
:209FA000571C0200D71C0200811E0200BD1E0200491D0200AD1D0200D31D0200851D0200EF
:209FC000F51D0200631E0200111E0200411E0200211F0200531F0200711F02008F1F020060
:209FE000AF1F020061250200D125020015260200E926020005270200B9260200D3260200B9
:20A0000029270200F9270200C1270200DD27020036E0014038E0014090E4014032E0014024
:20A0200080E401402AE001404AE0014001000200080010002820282075696E74385F74202F
:20A040002A20292028207078426C6F636B2029203E3D202628207563486561705B203020BF
:20A060005D20292029202626202820282075696E74385F74202A20292028207078426C6F0A
:20A08000636B2029203C3D202628207563486561705B2028343039363029202D2031205D42
:20A0A00020292029000000002E2E2F72612F6177732F4672656552544F532F46726565523A
:20A0C000544F532F536F757263652F706F727461626C652F4D656D4D616E672F68656170C4
:20A0E0005F342E63000000002820282075696E74385F74202A202920282070765265747560
:20A10000726E2029203E3D202628207563486561705B2030205D2029202920262620282009
:20A12000282075696E74385F74202A2029202820707652657475726E2029203C3D2026285B
:20A14000207563486561705B2028343039363029202D2031205D202920290000282028207D
:20A160007078426C6F636B2D3E78426C6F636B53697A652029203C2028207857616E74651F
:20A180006453697A6520292029203D3D2030000028202820282073697A655F742029207005
:20A1A000784E6577426C6F636B4C696E6B2029202620282030783030303720292029203D2F
:20A1C0003D20300028202820282073697A655F74202920707652657475726E20292026200E
:20A1E000282073697A655F74202920282030783030303720292029203D3D203000000000ED
:20A200002820282075696E74385F74202A202920282070784C696E6B2029203E3D20262820
:20A22000207563486561705B2030205D20292029202626202820282075696E74385F7420E7
:20A240002A202920282070784C696E6B2029203C3D202628207563486561705B20283430E0
:20A2600039363029202D2031205D20292029000028202820282070784C696E6B2D3E7842F6
:20A280006C6F636B53697A65202920262028202820282073697A655F742029203120292062
:20A2A0003C3C202820282073697A656F66282073697A655F742029202A20282028207369F1
:20A2C0007A655F742029203820292029202D203120292029202920213D2030202920213D8B
:20A2E0002030000070784C696E6B2D3E70784E65787446726565426C6F636B203D3D202857
:20A3000028766F6964202A29302900002820282075696E74385F74202A2029202820707859
:20A320004974657261746F722029203E3D202628207563486561705B2030205D2029202951
:20A34000202626202820282075696E74385F74202A202920282070784974657261746F72E9
:20A360002029203C3D202628207563486561705B2028343039363029202D2031205D2029E4
:20A38000202900FF7076506F72744D616C6C6F6300FFFFFF76506F72744672656500FFFFFA
:20A3A000707276496E73657274426C6F636B496E746F467265654C69737400FF7078517580
:20A3C000657565002E2E2F72612F6177732F4672656552544F532F4672656552544F532F45
:20A3E000536F757263652F71756575652E6300007852657475726E20213D202820282028B9
:20A400002042617365547970655F7420292030202920290070784E657751756575650000EA
:20A4200070784D75746578007848616E646C6500212820282070764974656D546F51756549
:20A440007565203D3D202828766F6964202A29302920292026262028207078517565756590
:20A460002D3E75784974656D53697A6520213D2028205542617365547970655F74202920C6
:20A480003055202920290000212820282078436F7079506F736974696F6E203D3D2028208A
:20A4A000282042617365547970655F742029203220292029202626202820707851756575DB
:20A4C000652D3E75784C656E67746820213D2031202920290000000021282028207854611E
:20A4E000736B4765745363686564756C657253746174652829203D3D20282028204261730D
:20A5000065547970655F742029203020292029202626202820785469636B73546F57616908
:20A520007420213D203020292029000028206354784C6F636B202920213D20282028206967
:20A540006E74385F742029203132372029000000707851756575652D3E75784974656D539B
:20A56000697A65203D3D2030000000002128202820707851756575652D3E7063486561645B
:20A58000203D3D202828766F6964202A2930292029202626202820707851756575652D3EBE
:20A5A000752E7853656D6170686F72652E784D75746578486F6C64657220213D2028287661
:20A5C0006F6964202A293029202920290000000028207078517565756520290021282028D2
:20A5E00020282070764275666665722029203D3D202828766F6964202A2930292029202653
:20A600002620282028207078517565756520292D3E75784974656D53697A6520213D2028E6
:20A62000205542617365547970655F7420292030552029202900000021282028207076425C
:20A640007566666572203D3D202828766F6964202A2930292029202626202820707851758F
:20A660006575652D3E75784974656D53697A6520213D2028205542617365547970655F74EE
:20A6800020292030552029202900000028206352784C6F636B202920213D2028202820695C
:20A6A0006E74385F742029203132372029000000707851756575652D3E75784974656D533A
:20A6C000697A6520213D203000000000785175657565000070785175657565536574436F1C
:20A6E0006E7461696E65720070785175657565536574436F6E7461696E65722D3E75784D08
:20A700006573736167657357616974696E67203C2070785175657565536574436F6E7461F1
:20A72000696E65722D3E75784C656E67746800FF78517565756547656E657269635265734E
:20A74000657400FF78517565756547656E6572696343726561746500785175657565476966
:20A7600076654D7574657852656375727369766500FFFFFF78517565756554616B654D7572
:20A7800074657852656375727369766500FFFFFF78517565756547656E6572696353656E53
:20A7A0006400FFFF78517565756547656E6572696353656E6446726F6D49535200FFFFFFF4
:20A7C0007851756575655265636569766500FFFF78517565756553656D6170686F726554C6
:20A7E000616B6500765175657565416464546F5265676973747279007072764E6F74696630
:20A80000795175657565536574436F6E7461696E657200FF0E000000282028202820756928
:20A820006E7433325F742029207078546F704F66537461636B202620282075696E743332FC
:20A840005F74202920282030783030303720292029203D3D20305520290000002E2E2F72EE
:20A86000612F6177732F4672656552544F532F4672656552544F532F536F757263652F74C8
:20A8800061736B732E63000075785072696F72697479203C20283135290000007578536350
:20A8A000686564756C657253757370656E646564203D3D2030000000707850726576696FBD
:20A8C000757357616B6554696D65000028207854696D65496E6372656D656E74203E2030D7
:20A8E0005520290075785363686564756C657253757370656E646564203D3D203155000043
:20A9000075784E65775072696F72697479203C202831352900000000785461736B00000080
:20A92000785461736B546F526573756D6500000049444C45000000007852657475726E20A2
:20A94000213D2028202D31202900000075785363686564756C657253757370656E64656453
:20A9600020213D2030550000707854434200000075785363686564756C6572537573706557
:20A980006E646564203D3D2028205542617365547970655F74202920305500002820282057
:20A9A00028202820707844656C617965645461736B4C69737420292D3E75784E756D6265A0
:20A9C000724F664974656D73203D3D2028205542617365547970655F742029203020292005
:20A9E0003F202820282042617365547970655F74202920312029203A202820282042617375
:20AA000065547970655F74202920302029202920290000007578546F705072696F726974DF
:20AA20007900000070784576656E744C6973740075785363686564756C657253757370657B
:20AA40006E64656420213D2028205542617365547970655F74202920305500007078556E97
:20AA6000626C6F636B65645443420000707854696D654F757400000070785469636B735440
:20AA80006F57616974000000707854434220213D202828766F6964202A2930290000000085
:20AAA0007078544342203D3D20707843757272656E7454434200000070785443422D3E75D6
:20AAC000784D75746578657348656C6400000000707854434220213D20707843757272654E
:20AAE0006E745443420000007578496E646578546F576169744F6E203C20283129000000A3
:20AB00007578496E646578546F4E6F74696679203C20283129000000785461736B546F4EFA
:20AB20006F74696679000000785469636B436F756E74203D3D2028205469636B54797065AF
:20AB40005F742029203000002820282026282070785443422D3E784576656E744C69737449
:20AB60004974656D202920292D3E7078436F6E7461696E65722029203D3D202828766F691D
:20AB800064202A29302900007578496E646578546F436C656172203C2028312900FFFFFFFB
:20ABA000707276496E697469616C6973654E65775461736B00FFFFFF765461736B44656C5A
:20ABC000617900FF765461736B53746172745363686564756C657200785461736B526573B1
:20ABE000756D65416C6C00FF785461736B496E6372656D656E745469636B00FF765461731E
:20AC00006B537769746368436F6E7465787400FF765461736B506C6163654F6E4576656E3A
:20AC2000744C69737400FFFF765461736B506C6163654F6E4576656E744C69737452657393
:20AC40007472696374656400785461736B52656D6F766546726F6D4576656E744C6973745A
:20AC600000FFFFFF785461736B436865636B466F7254696D654F757400FFFFFF7854617363
:20AC80006B5072696F72697479446973696E686572697400765461736B5072696F726974E2
:20ACA00079446973696E6865726974416674657254696D656F757400546D722053766300B0
:20ACC0007852657475726E002E2E2F72612F6177732F4672656552544F532F4672656552A8
:20ACE000544F532F536F757263652F74696D6572732E630028207854696D65725065726919
:20AD00006F64496E5469636B73203E20302029007854696D6572000078436F6D6D616E6404
:20AD20004944203C202820282042617365547970655F7420292036202900000078436F6D0B
:20AD40006D616E644944203E3D202820282042617365547970655F742029203620290000A3
:20AD600028207854696D65725461736B48616E646C6520213D202828766F6964202A2930F0
:20AD8000292029002820707854696D65722D3E7854696D6572506572696F64496E546963F2
:20ADA0006B73203E2030202900000000546D725100FFFFFF7854696D657243726561746570
:20ADC00054696D65725461736B00FFFF707276496E697469616C6973654E657754696D65C5
:20ADE0007200FFFF70727650726F636573735265636569766564436F6D6D616E6473002330
:20AE00002D302B2000686C4C006566674546470030313233343536373839414243444546C4
:20AE2000003031323334353637383961626364656600FFFF1000000000000000017A5200D5
:20AE4000027C0E011B0C0D001000000018000000B6D3FFFF10000000000000000000000072
:20AE600080B584B000AF0023FB6000237B60194BB3F884309BB23B604FF49643BB60154BFC
:20AE80004FF42A42A3F8842008E0BB68002B02D14FF4FA73FB60BB68013BBB600D4BB3F833
:20AEA00084309BB2002BF0D13B68012B06D1094B4DF60112A3F8442000F07AFB7B6840F2DC
:20AEC000F512934201D17B68FB60FB6818461037BD4680BD00E07F4080B584B000AF7860AF
:20AEE0007B685B681B78002B0DD07B685B6893F91130184600F060FB7B685B6893F9133080
:20AF0000184600F059FB124BB3F884309BB2002B02D1786800F040FB00F01CF8F86000F031
:20AF200049F8B860FB68002B01D1BB68FB60FFF797FFB860FB68002B01D1BB68FB607B6875
:20AF4000002283F83C20FB6818461037BD4680BD00E07F4080B483B000AF4FF496437B6004
:20AF6000124BB3221A7007E07B68002B01D1142315E07B68013B7B600D4BD3F88030C3F39F
:20AF8000C033DBB2012BEFD1094B1B7CC3F30013DBB2002B02D040F2F51300E0002318466C
:20AFA0000C37BD465DF8047B704700BF00007E4000E07F4080B483B000AF4FF496437B6097
:20AFC000124B50221A7007E07B68002B01D1142315E07B68013B7B600D4BD3F88030C3F3A2
:20AFE000C033DBB2012BEFD1094B1B7CC3F30013DBB2002B02D040F2F51300E0002318460C
:20B000000C37BD465DF8047B704700BF00007E4000E07F4080B485B000AFF860B9607A60E0
:20B02000174AFB681B6B1363164B20221A70154BD0221A70FB681A6BBB681A44FB681A63FE
:20B04000FB689B6B5A1EFB689A637B68002B10D007E07B68002B01D114230BE07B68013BB9
:20B060007B60074BD3F88030C3F3C033DBB2012BEFD1002318461437BD465DF8047B7047AC
:20B0800000E07F4000007E4080B588B000AFF860B9607A607B68002B06D1FB685B6893F955
:20B0A0001130184600F088FA334AFB685B6B1363324BE8221A70BB685B08BB6102237B61AF
:20B0C0002E4BBA69D2B21A700023FB612CE0FB681B6B1A46294B12881A80FB681B693B61C7
:20B0E00006E03B695A1E3A61002B01D114233FE0214BD3F88030C3F38023DBB2012BF0D0A7
:20B10000FB681A6B7B691A44FB681A63FB685A6B7B691A44FB685A63FB689B6B5A1EFB6857
:20B120009A63FB690133FB61FA69BB699A42CED3124BD0221A707B68002B11D007E07B6888
:20B14000002B01D1142313E07B68013B7B600A4BD3F88030C3F3C033DBB2012BEFD106E0F6
:20B16000FB685B6893F91130184600F01DFA002318462037BD4680BD00E07F4000007E4002
:20B1800080B586B000AFF860B9607A6000237B61174B1B7CC3F30013DBB2012B0FD1144B91
:20B1A000D3F88030C3F38033DBB2012B04D1104B1B7C0F4B00221A7440F2F5137B610C4BB4
:20B1C000D3F88020BB681340002B01D07B687B61FB68002B01D0FB687B617B69002B01D055
:20B1E000FFF7B8FE7B6918461837BD4680BD00BF00E07F4080B489B000AFF860B9607A600D
:20B20000FB689B693B610823FB7608237B611A4ABB681363194B40221A70184AFB7E1370DD
:20B220000023FB6109E0FB695B007A681344134A1B881380FB690133FB61FA697B699A4204
:20B24000F1D30E4BD0221A7007E03B69002B01D114230BE03B69013B3B61074BD3F8803062
:20B26000C3F3C033DBB2012BEFD1002318462437BD465DF8047B704700E07F4000007E40E5
:20B2800080B485B000AFF860B9607A60194B4FF6FF721A80174B4FF6FF725A807B689AB276
:20B2A000FB689BB2DB039BB213439BB243F4F0439AB2104BDA80BB689BB26FEA43536FEAED
:20B2C00053539AB20B4B9A800A4B4FF6FF721A81084B4FF6FF725A81064B4FF6FF729A8160
:20B2E000044B4FF6FF72DA8100BF1437BD465DF8047B7047600A002080B584B000AF7860DC
:20B300000023FB60786800F07BF8F860FB68002B10D0FB681EE07B689B681A46802178687E
:20B32000FFF7B2FEF86018224FF4A041F868FFF727FFF8607B689B6B002B02D0FB68002B69
:20B34000E9D0FFF78DFDB860FB68002B01D1BB68FB60FB6818461037BD4680BD80B588B009
:20B3600000AFF860B9607A600023FB61FB68BA681A63FB687A689A63F86800F041F8F8612E
:20B38000FB69002B01D0FB6933E01C4B0122A3F8E0201EE0FB681B6BB3F5803F06D2FB6828
:20B3A000DB69BB614FF400537B6105E0FB681B6ABB614FF400437B61BA697969F868FFF715
:20B3C00029FEF86119224FF4C041F869FFF7D8FEF861FB689B6B002B02D0FB69002BD9D04A
:20B3E000FFF73EFD3861FB69002B01D13B69FB61FB6918462037BD4680BD00BF00E07F406B
:20B4000080B584B000AF78600023FB604FF49643BB607B685B681B78002B0DD07B685B68A0
:20B4200093F91130184600F0C7F87B685B6893F91330184600F0C0F80F4B4FF45942A3F8E4
:20B4400044200D4B4AF60122A3F8842008E0BB68002B02D14FF4FA7309E0BB68013BBB6072
:20B46000054BB3F884309BB2012BF0D1FB6818461037BD4680BD00BF00E07F4080B588B0D0
:20B4800000AFF860B9607A60184BD3F8DC30C3F3C073DBB2BB61F868FFF7B2FFF861FB6922
:20B4A000002B01D0FB691CE0BB68590B7B685B0B1A46B869FFF7E4FE0D4A0E49F868FFF703
:20B4C00099FEF86118220021F869FFF759FEF861FFF7C6FC7861FB69002B01D17B69FB61E8
:20B4E000FB6918462037BD4680BD00BF00E07F40600A002030A1000180B584B000AF786049
:20B500000B46FB701346BB707868FFF779FFF860FB68002B01D0FB6833E0BB78002B08D03A
:20B52000FB789BB2194A43F4CC439BB2A2F8E8301EE01022FF21164800F032F8FB789BB21B
:20B5400003F001039BB2002B02D14FF6FF7201E047F6FF720E4BDA800D4A0E497868FFF72D
:20B5600049FEF86018220021F868FFF709FEF860FFF776FCB860FB68002B01D1BB68FB60BE
:20B58000FB6818461037BD4680BD00BF00E07F40600A002030A100015FF800F0F12402004B
:20B5A0005FF800F0CD8102005FF800F0891A02005FF800F04D1902005FF800F0E91A02000D
:20B5C000E000400000AA03012602000044190900002E474303000000FFFFFFFFFFFF00005A
:20B5E0000010000000100000000004004000020000000800000000000000000000000000DD
:20B60000000010080000000000000000000000000500000006000000030000000300000001
:20B6200020070000C0070000F0070000FF07000040070000FF0F00000000000000070000C3
:20B6400020000000000000003000000000000000200000000000000030000000000000004A
:20B660004001000000000000500100000000000050010000000000004001000000000000A6
:20B68000300200000000000040020000000000006002000000000000800200000000000052
:20B6A00051020000000000008B0300000000000066060000000000006606000000000000D1
:20B6C00040000000000000007000000000000000400000000000000070000000000000000A
:20B6E00004040000000000000404000000000000040400000000000004040000000000002A
:20B70000000000000000010000000000000001000000000000000100000000000000010025
:20B720000007000000000000000700000000000000070000000000000007000000000000ED
:20B74000FFFF000000000000000000000000000001000000889F02007C0A0020000000001B
:20B76000ECEC002054ED0020BCED00200000000000000000000000000000000000000000A7
:20B780000000000000000000000000000000000000000000000000000000000000000000A9
:10B7A00000000000000000002D0201000502010061
:020000040100F9
:10A10000FFFFFFFFFFFFFFFFFFFFFFFFFFFFFFFF5F
:04A13400FFFFFFFF2B
:20A20000FFFCFFFFFFFFFFFFFFFFFFFFFFFFFFFFFFFFFFFFFFFFFFFFFFFFFFFFFFFFFFFF61
:20A22000FFFFFFFFFFFFFFFFFFFFFFFFFFFFFFFFFFFFFFFFFFFFFFFFFFFFFFFFFFFFFFFF3E
:20A24000FFFFFFFFFFFFFFFFFFFFFFFFFFFFFFFFFFFFFFFFFFFFFFFFFFFFFFFFFFFFFFFF1E
:20A26000FFFFFFFFFFFFFFFFFFFFFFFFFFFFFFFFFFFFFFFFFFFFFFFFFFFFFFFFFFFFFFFFFE
:20A28000F8F8FFFFFFFFFFFFFFFFFFFFFFFFFFFFFFFFFFFFFFFFFFFFFFFFFFFFFFFFFFFFEC
:20A2A000FFFFFFFFFFFFFFFFFFFFFFFFFFFFFFFFFFFFFFFFFFFFFFFFFFFFFFFFFFFFFFFFBE
:10A2C000FFFFFFFFFFFFFFFFFFFFFFFFFFFFFFFF9E
:04000005000081591D
:00000001FF
