:020000040000FA
:20000000D84B002059810000C57E00006981000069810000698100006981000069810000EE
:20002000000000000000000000000000698100006981000000000000698100006981000018
:20004000277600001F770000C97700001F770000C9770000494D0000714C0000154E0000A1
:200060006D4E000057430000A343000021440000B944000099670000FD6600009F5C000085
:20008000595300009F5C0000000000000000000000000000000000000000000000000000B9
:2000A000000000000000000000000000000000000000000000000000000000000000000040
:2000C000000000000000000000000000000000000000000000000000000000000000000020
:2000E000000000000000000000000000000000000000000000000000000000000000000000
:200100000000000000000000000000000000000000000000000000000000000000000000DF
:200120000000000000000000000000000000000000000000000000000000000000000000BF
:2001400000000000000000000000000000000000000000000000000000000000000000009F
:2001600000000000000000000000000000000000000000000000000000000000000000007F
:2001800000000000000000000000000000000000000000000000000000000000000000005F
:2001A00000000000000000000000000000000000000000000000000000000000000000003F
:2001C0000348044B834202D0034B03B118477047AC080020AC08002000000000064B07498D
:2001E000C91A891048BF0131491003D0044B0BB101481847704700BFAC080020AC0800204D
:200200000000000010B5064C237843B9FFF7D8FF044B13B10448AFF300800123237010BD5E
:20022000C808002000000000E486000008B5054B1BB105490548AFF30080BDE80840FFF7EB
:20024000CDBF00BF00000000CC080020E486000080B582B000AF0023FB710C490C4806F0B1
:200260006DFB0346FB7100220321094806F08AFB0346FB710749084806F0D6FE0346FB717B
:20028000FB7918460837BD4680BD00BF78830000E844002098840000D445002080B584B049
:2002A00000AF786039600023FB603A680021054807F056F8F860FB68DBB218461037BD465B
:2002C00080BD00BFD445002080B584B000AF786039600023FB733A687968054807F09CF874
:2002E0000346FB73FB7B18461037BD4680BD00BFD445002080B582B000AF0023FB71054802
:2003000006F0DCFF0346FB71FB7918460837BD4680BD00BFD445002080B582B000AF786020
:200320007B689B88B3F5804F65D0B3F5804F67DCB3F5005F5FD0B3F5005F61DCB3F5805F50
:2003400059D0B3F5805F5BDCB3F5006F29D0B3F5006F55DCB3F5806F27D0B3F5806F4FDC0E
:20036000B3F5007F47D0B3F5007F49DCB3F5807F41D0B3F5807F43DC202B0FDC022B3FDBF8
:20038000023B224A22FA03F303F00103002B14BF01230023DBB2002B2DD131E0802B2AD0FA
:2003A0002EE01B4B01221A702BE01A4B01221A707B68143314221946174800F051FA164B45
:2003C0001B6840F2FA7293420BD0134B1B6840F2FB72934205D0104B1B6840F2C17293420A
:2003E00002D10E4B00221A707B68143319460C4801F04EFB05E07B689A880A4B1A8000E055
:2004000000BF00BF0837BD4680BD00BF45400040F8080020F9080020E4080020683A00204C
:20042000C00B0020FA08002080B582B000AF0749074804F0DBFD78600021032000F00AF820
:200440007B68DBB218460837BD4680BD70850000F844002080B584B000AF03460A46FB71E1
:200460001346BB71FA79124913465B0013440B441B781BB21B0219B2FA790D4813465B000B
:200480001344034401331B781BB20B431BB29BB27B817B899BB2BA791946064804F0BAFDEA
:2004A000F860FB68DBB218461037BD4680BD00BF68830000F844002080B582B000AF0023D0
:2004C000FB71084B9B681B68064A126805494968104698470346FB71FB7918460837BD4610
:2004E00080BD00BFF483000090B587B000AF786039600023FB7572B600BF154B9B689B680D
:20050000134A10683A687968984738613B69002B02D0FB7D0133FB750D4B9B68DC680C4B58
:20052000186807F10F033A687968A04738613B69002B02D1FB7B002B02D0FB7D0133FB75FD
:2005400062B600BFFB7D18461C37BD4690BD00BFF483000090B589B000AFF860B9607A609D
:200560000023FB6100237B837B68DB097A6802F07F02002A01D0012200E0002213447B606D
:2005800000237B76FB68B3F5802F03D905237B767B7E3DE072B600BF0023FB6131E0FB68A8
:2005A0001D4A934224D81D4B9B685C681B4B18687B8BBA68134419468023FA68A04778614B
:2005C0007B69002B02D07B7E01337B767B7E002B08D1FB688033FB607B8B80337B830023D4
:2005E0007B760BE005237B7662B600BF7B7E0FE005237B7662B600BF7B7E09E0FB690133DD
:20060000FB61FA697B689A42C9D362B600BF7B7E18462437BD4690BD80FF0300F4830000EE
:2006200080B584B000AF786039600123FB730023BB603A687B68D31ADB0BBB60B9687868ED
:20064000FFF752FF0346002B02D10023FB7301E00223FB73FB7B18461037BD4680BDFFFFAE
:2006600080B487B000AFF860B9607A6000237B610023FB747B68DB097A6802F07F02002A3E
:2006800001D0012200E0002213447B60FB68B3F5802F03D20523FB74FB7C1DE000237B6199
:2006A00015E0FB680F4A93420AD9FA687B699B00B9680B4412681A60FB680433FB6003E0B4
:2006C0000523FB74FB7C07E07B6901337B617A697B689A42E5D3FB7C18461C37BD465DF857
:2006E000047B70477FFF030080B582B000AF0023BB7100F05DF80346BB710623FB71274820
:2007000001F07EF9264801F053FA012000F0C4F900F01EFB03461A46224B1A7000F002FB61
:20072000BB79002B24D101F06FFF0346FB7100F00FFB03461A461B4B1A701A4B1B78032B98
:2007400005D1194BDB7CAA2B01D10623FB71FB79052B02D102F054F81CE0FB79042B04D1A3
:2007600002F0A8F802F0B4F814E002F0B1F811E00E4B1B78DBB2012BFAD100F0D3FA0B4B46
:2007800000221A700423FF220B2140F2FC7001F0FFFEEDE70837BD4680BD00BFC00B0020B0
:2007A000DC3200207D0B0020543C0020800B002080B582B000AF0023FB71FFF735FE0346F1
:2007C000FB71FFF779FE0346FB71FFF741FD03461A46FB791344FB7100F04AF903461A469B
:2007E000FB791344FB7100F07DF803461A46FB791344FB71002000F0A3F903461A46FB79B4
:200800001344FB7113490020FFF75EFD11490120FFF75AFD10490220FFF756FD0F49032041
:20082000FFF752FD00F09BFD03461A46FB791344FB7100F057FA03461A46FB791344FB71EA
:2008400000F070FA02F0F4FDFB7918460837BD4680BD00BFFC0800201009002024090020A1
:2008600080B487B000AFF860B9607A6000237B610AE0BA687B691A44F9687B690B441278A8
:200880001A707B6901337B617A697B689A42F0D300BF00BF1C37BD465DF8047B704780B4E2
:2008A00087B000AFF860B9607A6000237B610EE0FA687B6913441A78B9687B690B441B7804
:2008C0009A4201D0012307E07B6901337B617A697B689A42ECD3002318461C37BD465DF8DF
:2008E000047B704780B582B000AF0023FB710549054803F01FF80346FB71FB7918460837B2
:20090000BD4680BD208400007445002080B584B000AF786039600023BB73114B00221A7038
:200920000A23FB7307233A6879680E4803F052F80346BB7307E04FF47A71012007F0F2F94D
:20094000FB7B013BFB73064B1B78DBB2002B02D1FB7B002BEFD1BB7B18461037BD4680BD8C
:200960007E0B00207445002080B584B000AF786039600023BB73114B00221A703223FB7350
:2009800007233A6879680E4803F010F80346BB7307E04FF47A71012007F0C4F9FB7B013B46
:2009A000FB73064B1B78DBB2002B02D1FB7B002BEFD1BB7B18461037BD4680BD7E0B002035
:2009C0007445002080B588B002AFF860B9607A600023BB753223FB75072300937B68BA68FB
:2009E000F9680D4803F00AF80346BB7507E04FF47A71012007F096F9FB7D013BFB75074BA1
:200A00001B78DBB2002B02D1FB7D002BEFD1BB7D18461837BD4680BD744500207E0B0020AE
:200A200080B582B000AF0023FB71054802F0FAFF0346FB71FB7918460837BD4680BD00BF14
:200A40007445002080B485B000AF78600023FB737B681B79012B02D1044B01221A7000BF0B
:200A60001437BD465DF8047B704700BF7E0B002080B582B000AF0023FB710549054804F001
:200A8000B3FD0346FB71FB7918460837BD4680BDC08300000045002080B584B000AF034697
:200AA000FB710023FB73FB79012B05D1074804F0CFFD0346FB7304E0044804F0B7FD0346DC
:200AC000FB73FB7B18461037BD4680BD0045002080B483B000AF78600D4B01221A700D4B9D
:200AE0001B78DBB20133DAB20A4B1A70094B1B78DBB2092B05D9074B00221A70064B01223F
:200B00001A7000BF0C37BD465DF8047B704700BF7F0B0020810B0020800B002080B582B094
:200B200000AF0023FB71054804F0A4FD0346FB71FB7918460837BD4680BD00BF004500206B
:200B400080B584B000AF0346FB710023FB73FB79002B02D0012B0ED014E00D490D4803F02A
:200B6000FDFD0346FB730C4B1B881A460B49002000F068F806E00649064803F0EFFD0346FB
:200B8000FB7300BFFB7B18461037BD4680BD00BF58840000A4450020480700203C39002025
:200BA00080B586B000AF0346B9607A60FB730023FB750023BB82FB7B002B02D0012B19D0F6
:200BC00034E000237B8210E07B8ABA681344012219461A4803F0B3FE0346FB7501210A20E6
:200BE00007F0A0F87B8A01337B827B8A7A689A42EAD81BE07A68B968104803F0A0FE03467B
:200C0000FB7507E0BB8A0533BB824FF47A71052007F088F80A4B1B78DBB283F00103DBB280
:200C2000002B02D0BB8A182BECD900BF044B00221A70FB7D18461837BD4680BDA445002042
:200C4000820B002080B586B000AF0346B9607A60FB730023FB75FB7B002B02D0012B08D019
:200C60000FE07A68B9680B4803F052FE0346FB7507E07A68B968074803F04AFE0346FB7506
:200C800000BF054B00221A70FB7D18461837BD4680BD00BFA4450020830B002080B582B057
:200CA00000AF78607B681B79042B10D0042B10DC012B02D0022B06D00BE0084B01221A7020
:200CC00001F07AF806E0064B01221A7002E000BF00E000BF00BF0837BD4680BD830B0020A1
:200CE000820B002080B582B000AF0023FB710A4A136923F0020313610849094802F08AFC2C
:200D00000346002B02D0FB790133FB71FB7918460837BD4680BD00BF00B0014000840000F4
:200D20006445002080B582B000AF0023FB71074802F0BEFC0346002B02D0FB790133FB71F0
:200D4000FB7918460837BD4680BD00BF6445002080B582B000AF0423FB71204B93F81034D7
:200D6000C3F30003DBB2002B06D01C4B002283F810240123FB712BE0184BB3F8C030C3F3A5
:200D80004003DBB2002B12D0144B0022A3F8C0200023BB71BB1D1946114802F09DFCBB79DC
:200DA00019460F4802F0A4FC0323FB7110E00B4BB3F8C030C3F38003DBB2002B06D0074B5F
:200DC0000022A3F8C0200223FB7101E00423FB71FB7918460837BD4680BD00BF00E0014040
:200DE0006445002080B588B000AF786039600023FB770023BB6107F10C0300221A605A606C
:200E00001A819F233B7200237B720023BB720023FB7200210020FFF71DFB07F10C0107F18C
:200E2000080304221846FFF7CDFD0346FB7701210020FFF70FFB7B7B1A04BB7B1B021343A9
:200E4000FA7B13431A46424B1A60414B1B689BB244F21A0293421FD844F21102934269D38C
:200E6000A3F58043113B092B64D801A252F823F0270F0000190F00000B0F0000FD0E0000D8
:200E8000EF0E0000E10E0000D30E0000C30E0000B30E0000A30E000047F21802934210D03A
:200EA00048E07B680A221A703B684FF480621A6049E07B6809221A703B684FF400721A609C
:200EC00041E07B6808221A703B684FF480721A6039E07B6807221A703B6880221A6032E088
:200EE0007B6806221A703B6840221A602BE07B6805221A703B6820221A6024E07B680422D3
:200F00001A703B6810221A601DE07B6803221A703B6808221A6016E07B6802221A703B68F8
:200F200004221A600FE07B6801221A703B6802221A6008E07B6800221A703B6800221A609B
:200F40000123FB7700BFFB7F18462037BD4680BD840B002080B588B000AF78600023FB7795
:200F600007F1180300221A601A714B233B7600210020FFF76FFA07F1080107F118030D2235
:200F80001846FFF71FFD01210020FFF763FA07F108030533082219467868FFF761FCFB7FDB
:200FA00018462037BD4680BD80B584B000AF03463960FB710023FB7300210020FFF74AFACA
:200FC000FB79012B0AD10523FB7207F10C0107F10B0302221846FFF7F5FC1AE0FB79022BF2
:200FE0000AD13523FB7207F10C0107F10B0302221846FFF7E7FC0CE0FB79032B09D115234B
:20100000FB7207F10C0107F10B0302221846FFF7D9FC01210020FFF71DFA7A7B3B681A709A
:20102000FB7B18461037BD4680BD80B582B000AF0023FB7106233B7100210020FFF70AFAA0
:201040003B1D01211846FFF761FC0346FB7101210020FFF7FFF9FB7918460837BD4680BD2F
:2010600080B582B000AF0023FB710423BB7100210020FFF7EFF9BB1D01211846FFF746FCC9
:201080000346FB7101210020FFF7E4F9FB7918460837BD4680BD80B584B000AF034639603B
:2010A000FB711346BB710023FB7307F1080300221A601A710123BB73BB79002B09D03B6857
:2010C0001A0EBB7B591CB973D2B210333B4403F8082C3B681A0CBB7B591CB973D2B2103335
:2010E0003B4403F8082C3B681A0ABB7B591CB973D2B210333B4403F8082CBB7B5A1CBA7356
:201100003A68D2B210333B4403F8082C00210020FFF7A0F9FB79032B1DD0032B27DC012BFC
:2011200002D0022B0BD022E0C7233B7207F1080301211846FFF7EAFB0346FB731BE0D82331
:201140003B72BA7B07F1080311461846FFF7DEFB0346FB730FE020233B72BA7B07F1080358
:2011600011461846FFF7D2FB0346FB7303E0FB7B0133FB7300BF01210020FFF76BF9FB7B74
:2011800018461037BD4680BD80B586B000AF78600023FB750123BB750523FB727B684FF4D6
:2011A0007A7202FB03F33B6100210020FFF752F907F10C0107F10B0302221846FFF702FCB1
:2011C0000346FB7501210020FFF744F94FF47A71282006F0A7FD00237B607B7B03F00103E6
:2011E000002B02D07B68002BDED000210020FFF731F907F10C0107F10B0302221846FFF752
:20120000E1FB0346FB7501210020FFF723F97B7B03F00103002B03D0FB7D0133FB7501E0FD
:201220000023FB75FB7D18461837BD4680BD80B584B000AF786039600023FB73002100205B
:20124000FFF708F939687868FFF760FB0346FB7301210020FFF7FEF8FB7B18461037BD46C2
:2012600080BD80B586B000AFF860B9607A603B600023BB750023FB7500210020FFF7EAF832
:20128000B968F868FFF742FB0346BB750121386806F048FDBB7D002B05D139687868FFF774
:2012A00063FB0346FB7501210020FFF7D3F8FB7D18461837BD4680BD80B584B000AF7860BF
:2012C00039600023FB733868FFF75EFFFFF7ADFE39687868FFF7ABFF0346FB733868FFF7E2
:2012E00053FFFFF7BDFEFB7B18461037BD4680BD80B584B000AF396011461A460346FB7173
:201300000B46BB711346BB800023FB73FFF78DFE03461A46FB7B1344FB73BB881846FFF72F
:2013200033FF03461A46FB7B1344FB73BA79FB7939681846FFF7AFFE03461A46FB7B1344D8
:20134000FB73BB881846FFF71FFF03461A46FB7B1344FB73FB7B18461037BD4680BD80B5F6
:2013600082B000AF0023FB7100F010F800F022F80346FB71FB79002B03D000F01BF8034688
:20138000FB71FB7918460837BD4680BD80B500AF00210020FFF75EF801210020FFF75AF895
:2013A00001210220FFF756F801210120FFF752F800BF80BD80B582B000AF0023FB71474BEF
:2013C000012283F82F2000233B603A46BB1D11461846FFF707FD0346002B07D03F4B002264
:2013E00083F82F20FB790133DBB273E03B4BD3F81B30B3F5807F04D9384B012283F82E200C
:2014000003E0364B002283F82E20344B00225A72002242F001029A72304B0022DA730022A1
:2014200042F010021A7400225A7400229A742B4BD3F813301B01294AC2F81330274BD3F86D
:201440001330264AD2F80F2002FB03F3234AB2F8092092B2B3FBF2F3204AC2F80B301F4B0D
:20146000D3F80F301B011D4AC2F81F301B4BD3F813301A4AD2F80F2002FB03F39B0A174A0C
:20148000C2F827301648FFF765FD03461A46FB791344FB7113490120FFF786FD03461A4606
:2014A000FB791344FB7110490220FFF77DFD03461A46FB791344FB710C490320FFF774FD4B
:2014C00003461A46FB791344FB71044B002283F82F20FB7918460837BD4680BD880B0020ED
:2014E000890B0020B30B0020B40B0020B50B002080B584B000AF03463960FB711346BB80A1
:201500000023FB7300BF0F4B93F82F30002BFAD10C4B012283F82F200A4B93F82E20BB888C
:20152000F8793968FFF7E4FE03461A46FB7B1344FB73044B002283F82F20FB7B1846103787
:20154000BD4680BD880B002080B5CAB000AF07F59473A3F58E73186007F59473A3F5907388
:20156000196007F59473A3F592731A600023A7F82631032387F823314E4B93F82E30002B19
:201580001ED0B7F826315A1CA7F826211A46022107F59473A3F58A73995407F59473A3F558
:2015A00090731B68190EB7F826315A1CA7F826211A46C9B207F59473A3F58A7399540BE0D1
:2015C000B7F826315A1CA7F826211A46022107F59473A3F58A73995407F59473A3F5907303
:2015E0001B68190CB7F826315A1CA7F826211A46C9B207F59473A3F58A73995407F594737E
:20160000A3F590731B68190AB7F826315A1CA7F826211A46C9B207F59473A3F58A739954C7
:20162000B7F826315A1CA7F826211A4607F59473A3F590731B68D9B207F59473A3F58A73A4
:2016400099540023A7F8243118E0B7F8243107F59472A2F58E7212681A44B7F82631591C9E
:20166000A7F826111946127807F59473A3F58A735A54B7F824310133A7F82431B7F8243135
:2016800007F59472A2F5927212689A42DDD8B7F8262107F1140311461846FFF70DFE03469E
:2016A00087F8233197F82331184607F59477BD4680BD00BF880B002080B5D0B000AF07F5FD
:2016C000A073A3F59A73186007F5A073A3F59C73196007F5A073A3F59E731A600023A7F8B7
:2016E0003E31032387F83D31454B93F82E30002B1ED0B7F83E315A1CA7F83E211A460B21B8
:2017000007F5A073A3F59873995407F5A073A3F59C731B68190EB7F83E315A1CA7F83E2138
:201720001A46C9B207F5A073A3F5987399540BE0B7F83E315A1CA7F83E211A460B2107F52A
:20174000A073A3F59873995407F5A073A3F59C731B68190CB7F83E315A1CA7F83E211A4696
:20176000C9B207F5A073A3F59873995407F5A073A3F59C731B68190AB7F83E315A1CA7F8C0
:201780003E211A46C9B207F5A073A3F598739954B7F83E315A1CA7F83E211A4607F5A0736F
:2017A000A3F59C731B68D9B207F5A073A3F598739954B7F83E315A1CA7F83E211A4607F5E7
:2017C000A073A3F5987300219954B7F83E1107F5A073A3F59E7307F5A072A2F59A7207F1E6
:2017E00010001B681268FFF73CFD034687F83D3197F83D31184607F5A077BD4680BD00BF0A
:20180000880B002080B584B000AF78600023FB734FF47A7279680320FFF76AFE0346002B8F
:2018200008D0FB7B0133FB73054B1B8801339AB2034B1A80FB7B18461037BD4680BD00BF43
:20184000B80B002080B586B000AFF860B9607A6000237B740023FB8200237B7500237B825B
:201860007B68C3F1FF1303F57F43FA689A4204D97B7C01337B747B7C2CE07B681B0AFB8248
:201880007B68DBB2002B02D0FB8A0133FB8200237B7519E07B8ABA68D0187A8AFB681344CC
:2018A0004FF480721946FFF74FFE0346002B04D07B7C01337B747B7C0CE07B8A03F580731C
:2018C0007B827B7D01337B757B7D9BB2FA8A9A42E0D87B7C18461837BD4680BD80B586B043
:2018E00000AFF860B9607A600023BB7400233B820023FB820023BB820023FB747B68C3F193
:20190000FF1303F57F43FA689A4204D9BB7C0133BB74BB7C3FE07B681B0A3B827B68DBB2BB
:20192000002B01D07B68FB740023FB8219E0BB8ABA68D018BA8AFB6813444FF480721946DF
:20194000FFF7BAFE0346002B04D0BB7C0133BB74BB7C20E0BB8A03F58073BB82FB8A01339A
:20196000FB82FA8A3B8A9A42E1D3FB7C002B11D0BB8ABA68D018BA8AFB681344FA7C19466C
:20198000FFF79AFE0346002B04D0BB7C0133BB74BB7C00E0BB7C18461837BD4680BDFFFF9E
:2019A00080B584B000AF786039600023FB730023BB7317E07868FFF725FF0346002B04D182
:2019C0007B6803F580537B600AE00123BB73FB7B0133FB73094B5B8801339AB2074B5A8047
:2019E000FFF7A0F97A683B689A4202D2BB7B002BE0D0FB7B18461037BD4680BDB80B0020D4
:201A000080B483B000AF78607B6803F500531A460023C2F810377B6803F500531A46002375
:201A2000C2F814377B6803F500531A460023C2F8183700BF0C37BD465DF8047B704780B423
:201A400083B000AF78607B6803F50053D3F81837002B0CBF01230023DBB218460C37BD4616
:201A60005DF8047B704780B483B000AF78607B6803F50053D3F81837B3F5FA7F0CBF012395
:201A80000023DBB218460C37BD465DF8047B7047B0B582B000AF786039607868FFF7E3FFF8
:201AA0000346002B01D0002333E07B6803F50053D3F81027796813469B0013449B00CA18D2
:201AC0003B6814461D460FCD0FC42B6823607B6803F50053D3F810375A1C104B83FB02133D
:201AE0005911D317CB1A4FF4FA7101FB03F3D31A7A6802F50052C2F810377B6803F50053C6
:201B0000D3F8183701337A6802F50052C2F81837012318460837BD46B0BD00BFD34D6210C1
:201B2000B0B582B000AF786039607868FFF787FF0346002B01D0002333E07B6803F50053E9
:201B4000D3F814273868796813469B0013449B000B4404461D460FCD0FC42B6823607B6874
:201B600003F50053D3F814375A1C104B83FB02135911D317CB1A4FF4FA7101FB03F3D31ADA
:201B80007A6802F50052C2F814377B6803F50053D3F81837013B7A6802F50052C2F818375D
:201BA000012318460837BD46B0BD00BFD34D621080B483B000AF78607B680022C3F8902342
:201BC0007B680022C3F894237B680022C3F8982300BF0C37BD465DF8047B704780B483B01C
:201BE00000AF78607B68D3F89833002B0CBF01230023DBB218460C37BD465DF8047B7047EC
:201C000080B483B000AF78607B68D3F89833032B0CBF01230023DBB218460C37BD465DF897
:201C2000047B704780B582B000AF786039607868FFF7E6FF0346002B01D0002328E07B68D9
:201C4000D3F890337A684FF4987101FB03F31A443B68104619464FF498731A4606F022FB5F
:201C60007B68D3F89033591C0B4B83FB0132CB17D21A13465B001344CA1A7B68C3F8902369
:201C80007B68D3F898335A1C7B68C3F89823012318460837BD4680BD5655555580B582B03F
:201CA00000AF786039607868FFF798FF0346002B01D0002327E07B68D3F8943338687A6831
:201CC0004FF4987101FB03F3134419464FF498731A4606F0E7FA7B68D3F89433591C0C4B4A
:201CE00083FB0132CB17D21A13465B001344CA1A7B68C3F894237B68D3F898335A1E7B684D
:201D0000C3F89823012318460837BD4680BD00BF5655555580B582B000AF78607B681B68E4
:201D200040F2C172934206D0B3F5F86F0DD9A3F2FA73012B09D8094B00221A70084B00221A
:201D40001A60786800F022FE03E0064B01221A7000BF00BF0837BD4680BD00BF503C0020D0
:201D6000844400208C36002080B500AF10491148FFF7D6FE0346002B18D00D48FFF7CAFFC9
:201D80000C4B03F50053D3F81837002B0ED1094B03F50053D3F81027064B03F50053D3F875
:201DA00014379A4202D00348FFF72AFE00BF80BD78360020C00B002080B500AF564B1B78F4
:201DC000042B00F2988001A252F823F0E11D0000F31D0000291E0000391E0000911E00006F
:201DE0004E4B1B78652B40F08D804B4B01221A7088E04A4B1B78022B03D1494B02221A70D4
:201E00000EE0464B1B78032B03D1454B03221A7006E0424B1B78042B02D1414B04221A702B
:201E20003D4B02221A706EE03C4B1A783D4B1A70394B03221A7066E0384B1A783A4B1A7056
:201E4000384B1B781AB2384B1B781BB21B021BB213431BB29AB2354B1A80344B1A88304BAE
:201E6000A3F82E21314B1B8803339AB22F4B1A802E4B1B88B3F5967F06D92C4B01221A80D7
:201E8000254B00221A703EE0234B04221A703AE0264B1B88013B214AD35C822B24D1234BD6
:201EA0001B88033B9AB2214B1A80204B1B88B3F5FA7F12D81A4BB3F82E311A4617491C4843
:201EC000FEF7CEFC144B00221A70184B01221A8013491848FFF7A6FE15E00F4B00221A70C7
:201EE000124B01221A800EE00B4B00221A700F4B01221A8007E0084B00221A700B4B012262
:201F00001A8000E000BF094B1B881A4603490020FEF798FE00BF80BDD83600203C3900207B
:201F2000DC360020693A00206A3A002048070020DD360020DC32002080B58AB000AF786022
:201F40000023FB8400237B847B68B3F82E31053B3B84002387F825307B681B78042B73D0F2
:201F6000042B00F33181022B02D0032B11D02BE19A4B01221A709A4B00221A70994B00224A
:201F80001A707B680133482219469748FEF768FC1FE1964B00221A70954B00221A60954BB6
:201FA00001221A707B68B3F82E310D2B00F20E8100233B747B685B781A467B689B781B02D3
:201FC0001A437B68DB781B041A437B681B791B061343FB607B685B79BB7400237B747B68CE
:201FE000991DBB7C1A4607F10C030C331846FEF737FCFB6840F2FA7293420CD0FB6840F281
:20200000FB72934207D0FB6840F2C172934213D13B7E042B10D107F10C03184600F0B6FC56
:20202000FB6840F2C17293420DD107F10C0319460420FEF733F906E007F10C03194604200A
:20204000FEF72CF9C2E0C1E0684B00221A70684B00221A60674B01221A707B685B781A4600
:202060007B689B781B021A437B68DB781B041A437B681B791B061343FB607B685B79BB740F
:202080005D4B05221A803B8CDB08FB843B8C03F007037B84594B1A883B8C13449AB2574B99
:2020A0001A8042E0002387F8253014E0524B1B885A1C91B2504A1180194697F825307A6830
:2020C0000A44527828333B4403F8102C97F82530013387F8253097F82530072BE6D9FB8C8F
:2020E000013BFB84FB6840F2FA7293420CD0FB6840F2FB72934207D0FB6840F2C172934228
:2021000008D13B7E042B05D107F10C03184600F03DFC05E007F10C0319460420FEF7BEF880
:202120004FF47A71052005F0FDFDFB8C002BB9D17B8C002B4CD07B8CDBB2BB74002387F86E
:20214000253014E02C4B1B885A1C91B22A4A1180194697F825307A680A44527828333B4447
:2021600003F8102C97F82530013387F8253097F825309BB27A8C9A42E4D800237B84FB68E8
:2021800040F2FA7293420CD0FB6840F2FB72934207D0FB6840F2C172934209D13B7E042BE3
:2021A00006D107F10C0319461548FFF771FC05E007F10C0319460420FEF770F84FF47A7128
:2021C000052005F0AFFD03E000BF02E000BF00E000BF00BF2837BD4680BD00BF6B3A002075
:2021E0006D3A00206C3A002090360020503C002084440020683A0020703A00206E3A002084
:20220000C00B002080B500AF0D490E48FFF746FD0346002B12D00A48FFF78EFE094BD3F8C1
:202220009833002B0AD1074BD3F89023054BD3F894339A4202D00348FFF7BAFC00BF80BD7A
:202240000C380020DC32002080B584B000AF7860654B00221A807B689B7906339AB2634B66
:202260001A80614B1B885A1C91B25F4A11801A465F4B652199545C4B1B885A1C91B25A4A5E
:2022800011801A465A4B02219954584B1988564B1B885A1C90B2544A10801A46C9B2544BB0
:2022A0009954524B1B881B0A99B24F4B1B885A1C90B24D4A10801A46C9B24D4B99547B6822
:2022C0001968494B1B885A1C90B2474A10801A46C9B2474B99547B681B68190A424B1B885A
:2022E0005A1C90B2404A10801A46C9B2404B99547B681B68190C3C4B1B885A1C90B23A4AC8
:2023000010801A46C9B23A4B99547B681B68190E354B1B885A1C90B2334A10801A46C9B290
:20232000334B9954304B1B885A1C91B22E4A11801A467B6899792E4B99540023FB730FE017
:20234000FA7B294B1B88591C88B22749088019467B6813441A7B264B5A54FB7B0133FB73E5
:202360007B689B79FA7B9A42EAD30023BB730CE01D4B1B885A1C91B21B4A11801A461C4B9A
:2023800000219954BB7B0133BB73BB7B002BEFD0154B1B885A1C91B2134A11801A46144B0E
:2023A00000219954104B1B885A1C91B20E4A11801A460F4B002199540B4B1B885A1C91B2F5
:2023C000094A11801A460A4B82219954064B1B881A4607490020FEF7E3FB034B00221A8033
:2023E00000BF1037BD4680BD363C0020383C0020743A002080B483B000AF0346FB7197F948
:202400000730002B12DBFB7903F01F020A4997F907305B09012000FA02F2203341F8232089
:20242000BFF34F8F00BFBFF36F8F00BF00BF0C37BD465DF8047B704700E100E080B483B026
:2024400000AF0346FB7197F90730002B0CDBFB7903F01F02074997F907305B09012000FA21
:2024600002F2603341F8232000BF0C37BD465DF8047B704700E100E080B400AFBFF34F8F95
:2024800000BF064BDB6803F4E0620449044B1343CB60BFF34F8F00BF00BFFDE700ED00E0D4
:2024A0000400FA0580B485B000AF786039600023FB600023FB72FB68DB43FB601FE07B68C4
:2024C0005A1C7A601B781A46FB685340FB600823FB7209E0FB685A08FB6803F0010359422D
:2024E0000C4B0B405340FB60FB7A013BDBB2FB7297F90B30002BEDDA3B68013B3B603B68C7
:20250000002BDCD1FB68DB4318461437BD465DF8047B70472083B8ED80B485B000AF7860F3
:2025200039600023FB600023FB72FB68DB43FB6021E07B681B78DBB21A46FB685340FB6063
:202540007B6801337B600823FB7209E0FB685A08FB6803F0010359420C4B0B405340FB60BE
:20256000FB7A013BDBB2FB7297F90B30002BEDDA3B68013B3B603B68002BDAD1FB68DB437F
:2025800018461437BD465DF8047B70472083B8ED80B582B000AF7860084611461A46034680
:2025A000FB700B46BB7013467B70144AFB781373124ABB785373124B1A78104B9A730F4A94
:2025C0007B6813600D4B03229A710E4B1B78DBB2012B03D10948FFF737FE0AE0FB78082B98
:2025E00002D10648FFF730FE7B7804491846FDF755FE00BF0837BD4680BD00BF3C3C00201C
:202600007C0B0020683A002080B582B000AF00237B600623FB70142213490020FFF75EF9AA
:202620000346002B1AD1104B9B7CAA2B14D10423AA22042140F2FC70FFF7AAFF00237B60BC
:2026400002E07B6801337B607B6842F20F729342F7D90523FB7001E00423FB70FB78184692
:202660000837BD4680BD00BF543C002080B584B000AF0623FB7300233B600023BB6000239E
:202680007B605C4B9B7CAA2B67D14FF480510020FFF786F90346002B57D1574B1A78554B7B
:2026A0001A70554B5A78534B5A70524BFF229A74504BAA22DA74504BD3F806304D4AC2F848
:2026C00006304D4BD3F802304A4AC2F802304A4BD3F80E30474AC2F80E30474BD3F80A30F1
:2026E000444AC2F80A30142242490020FFF7AAF80346002B21D114223F490020FFF7EEF8BF
:202700000346002B11D114223B493A48FEF7C7F80346002B01D1FFF7AFFE0423FF22082119
:2027200040F2FC70FFF734FF5FE00423FF22082140F2FC70FFF72CFF57E00423FF220821BB
:2027400040F2FC70FFF724FF4FE00423FF22082140F2FC70FFF71CFF47E0264BDB7CAA2BAF
:2027600034D1142224490020FFF7B8F80346002B18D1214B1B78002B08D11F4BD3F8023024
:20278000BB601D4BD3F806307B600BE01A4B5B78002B07D1184BD3F80A30BB60164BD3F805
:2027A0000E307B60B9684FF48030FFF7B5FE38603A687B689A4206D1FEF7B4FA00F0FEFEE4
:2027C00000F078FE11E00223FB730EE04FF480331A680A4B1340B3F1005F04D100F06AFED1
:2027E0000323FB7301E00223FB73FB7B18461037BD4680BD543C0020A04400200000FE2F95
:2028000080B500AFFEF78EFAFFF7AEFAFFF7FAFC224B1B680A2B15D9214B00221A701F4B38
:2028200000221A601F4B00221A601F4B00221A600423FF220A2140F2FC70FFF7A9FE1B4BDC
:2028400001221A70194B1B78012B15D1184B1B78DBB2012BD6D1164B00221A700F4B0022E3
:202860001A600F4B01221A700423FF22092140F2FC70FFF78DFEC5E7094B1B78012BC1D1F5
:202880000B4B1B78DBB2012BBCD1044B1B680133024A1360064B00221A70B3E784440020C5
:2028A00080440020683C00206C3C0020503C0020800B002080B582B000AF0623FB71FFF7B0
:2028C000D5FE0323FB71FB7918460837BD4680BD80B500AF274B01221A70FEF723FA254BBD
:2028E0001B78012B15D1244B1B78DBB2012B21D1214B00221A70214B00221A60204B0122D8
:202900001A700423FF22092140F2FC70FFF740FE10E01B4B1B78012B0CD1174B1B78DBB275
:20292000012B07D1154B1B680133144A1360124B00221A70FFF718FAFFF764FC0F4B1B6867
:20294000322BCAD90E4B00221A700C4B00221A600C4B00221A600C4B00221A600423FF2251
:202960000A2140F2FC70FFF713FE024B01221A70B3E700BF503C0020800B002084440020F5
:2029800080440020683C00206C3C002080B588B000AF78607B681B6840F2FB72934250D0D9
:2029A00040F2FB72934200F2948040F2FA7293420DD040F2FA72934200F28B8040F26662E3
:2029C000934242D040F2C172934257D081E07B681B7B002B02D100F051F97CE07B681B7BC8
:2029E000012B03D1786800F07DF974E07B681B7B032B02D100F044FB6DE07B681B7B042B9F
:202A000002D100F07BFC66E07B681B7B052B02D100F0F2FC5FE07B681B7B062B02D100F030
:202A200067F858E07B681B7B072B03D1786800F00FFC50E07B681B7B082B4CD1FFF716FEA2
:202A400049E0786800F05CFA48E040F22373FB600823BB7407F10C030C330822214918464A
:202A6000FDF7FEFE07F10C0319460420FDF716FC07F10C031846FFF7E7FB2FE07B681B7B11
:202A8000002B03D0184B01221A7002E0164B00221A707B681B7B042B1FD17B685B7BAA2B13
:202AA0001BD1124B40F2C2721A60104B02229A710E4B04221A730D4BAA225A730A4B0122EE
:202AC0001A700A490420FDF7E9FB0848FFF7BCFB03E000BF02E000BF00E000BF00BF203728
:202AE000BD4680BDDC440020513C0020B844002080B584B000AF4FF48053FB604FF480330E
:202B0000BB6000237B60142257490020FEF7E6FE0346002B40F08F80534B1B78002B14D1D9
:202B20004FF48053FB604FF48033BB604F4BD3F802307B604D4BD3F802304D4A13604B4B6C
:202B4000D3F806304B4A136075E0474B5B78002B71D14FF40123FB604FF48033BB60434BE4
:202B6000D3F80A307B60414BD3F80A30404A13603E4BD3F80E303F4A13605CE07B68B3F592
:202B8000806F2ED34FF480623B49F868FEF7A6FE0346002B1DD14FF480623749B868FDF788
:202BA000D9FC0346002B0CD1FB6803F58063FB60BB6803F58063BB607B68A3F580637B6004
:202BC00039E00423FF22062140F2FC70FFF7E0FC34E00423FF22062140F2FC70FFF7D8FC12
:202BE0002CE07A682449F868FEF778FE0346002B1AD17A682049B868FDF7ACFC0346002BD5
:202C00000AD1FA687B681344FB60BA687B681344BB6000237B600EE00423FF22062140F2DE
:202C2000FC70FFF7B5FC06E00423FF22062140F2FC70FFF7ADFC7B68002B9FD17B68002B63
:202C400007D10423AA22062140F2FC70FFF7A0FC06E00423FF22062140F2FC70FFF798FCD5
:202C600000BF1037BD4680BDA0440020543C0020743C0020783C00208040002080B500AFF2
:202C8000134B40F2FC721A60114B05229A71104B00221A730F4BAA221A700E4B79225A80A6
:202CA00004220C490C48FDF7DBFD0C4B1B78DBB2012B03D10648FFF7C7FA03E004490420A9
:202CC000FDF7ECFA064B00221A7000BF80BD00BFB844002088440020C5440020683A00206F
:202CE000503C002080B582B000AF78607B685A7B7C4B9A7414227C490020FEF7EFFD034668
:202D0000002B40F0E380784B1B78002B48D1774B4FF401221A60764B4FF401221A60754B58
:202D20004FF441221A607B689B7B1A467B68DB7B1B021A447B681B7C1B041A447B685B7CB5
:202D40001B0613441A46674BC3F80A20674B1B68684A126811461846FEF722FE0346002B65
:202D600016D1654B00221A60644B00221A605D4B01221A705B4B00225A705A4BAA22DA742F
:202D80000423AA22012140F2FC70FFF701FCA4E00423FF22012140F2FC70FFF7F9FB9CE09B
:202DA000514B5B78002B48D1504B4FF480521A604F4B4FF480521A604E4B4FF480221A6015
:202DC0007B689B7B1A467B68DB7B1B021A447B681B7C1B041A447B685B7C1B0613441A465D
:202DE000404BC3F80220414B1B68424A126811461846FEF7D5FD0346002B16D13E4B0022D4
:202E00001A603E4B00221A60364B00221A70354B01225A70334BAA22DA740423AA220121CC
:202E200040F2FC70FFF7B4FB57E00423FF22012140F2FC70FFF7ACFB4FE02C4B4FF48052B8
:202E40001A602B4B4FF480521A602A4B4FF480221A607B689B7B1A467B68DB7B1B021A4412
:202E60007B681B7C1B041A447B685B7C1B0613441A461C4BC3F802201C4B1B681D4A1268BA
:202E800011461846FEF78CFD0346002B16D11A4B00221A60194B00221A60124B00221A709A
:202EA000104B01225A700F4BAA22DA740423AA22012140F2FC70FFF76BFB0EE00423FF2211
:202EC000012140F2FC70FFF763FB06E00423FF22012140F2FC70FFF75BFB00BF0837BD46A3
:202EE00080BD00BF8C440020A04400204C0700205007002054070020683C00206C3C0020F1
:202F000080B582B000AF7860534B1B68534A98187B6803F10C017B689B791A46FDF7A0FC8A
:202F20007B689B791A464C4B1B6813444A4A13607B689B791A464A4B1B681344484A1360F7
:202F4000454B1B68B3F5806FC0F08280454B1B684FF4806241491846FEF774FC0346002B1C
:202F60006FD1414B1B684FF4806240491846FEF7B5FC0346002B5CD14FF4806237493B4887
:202F8000FDF78DFC0346002B4BD1394B40F2FC721A60374B05229A712F4B00221A60344B3D
:202FA00002221A734FF480613048FFF77BFA0346304A13602F4B1B681B0EDAB22C4B1A746C
:202FC0002C4B1B681B0CDAB2294BDA73294B1B681B0ADAB2264B9A73264B1B68DAB2244B6E
:202FE0005A73254B1B78DBB2012B09D1234B1B8801339AB2214B1A801D48FFF725F903E07B
:203000001B490420FDF74AF9164B1B6803F58063144A1360144B1B6803F58063124A1360D5
:2030200016E00423FF22022140F2FC70FFF7B0FA0EE00423FF22022140F2FC70FFF7A8FA62
:2030400006E00423FF22022140F2FC70FFF7A0FA00BF0837BD4680BD683C0020803C002013
:203060006C3C00204C0700205007002080400020B8440020703C0020683A0020E4440020CC
:2030800080B582B000AF674A674B1A60674B1B68002B20D1664BD3F80220664B1B689A423E
:2030A00006D0634BD3F80A20624B1B689A4207D10423AA22032140F2FC70FFF769FAADE018
:2030C0000423FF22032140F2FC70FFF761FA594B00221A60A2E0584B1B68544A12685149FB
:2030E0001846FEF7AFFB0346002B40F08F80534B1B684E4A126852491846FEF7EFFB0346CC
:20310000002B7BD1494B1B681A4646494C48FDF7C6FB0346002B40F081804A4B40F2FC720F
:203120001A60484B05229A71404B1B6819464448FFF7B8F90346444A1360434B1B681B0E2C
:20314000DAB2404B1A74404B1B681B0CDAB23D4BDA733D4B1B681B0ADAB23A4B9A733A4B61
:203160001B68DAB2374B5A73384B1B78DBB2012B03D13448FFF768F803E032490420FDF706
:203180008DF82D4B1A68294B1B6813442A4A13602A4B1A68254B1B681344284A1360002332
:2031A0007B6002E07B6801337B607B684CF24F329342F7D91E4BD3F802201E4B1B689A42FB
:2031C00006D01B4BD3F80A201A4B1B689A420AD1164B00221A600423AA22032140F2FC706D
:2031E000FFF7D6F91AE00423FF22032140F2FC70FFF7CEF90F4B00221A600FE00423FF221C
:20320000032140F2FC70FFF7C3F907E00423FF22032140F2FC70FFF7BBF9FFE700BF0837BB
:20322000BD4680BD803C0020B4440020683C00208C4400206C3C00204C07002050070020F4
:2032400080400020B8440020703C0020683A002080B584B000AF7860244B40F2FC721A606B
:20326000224B02229A717B685B7B1A467B689B7B1B021A447B68DB7B1B041A447B681B7CF5
:203280001B061344FB601A4B1B78002B04D1184AFB68C2F8063007E0154B5B78002B03D195
:2032A000134AFB68C2F80E30124B1B6819464FF48030FFF731F903460F4A13600E4B1B6813
:2032C000FA689A4207D10423AA22072140F2FC70FFF75EF906E00423FF22072140F2FC70DE
:2032E000FFF756F900BF1037BD4680BDB8440020A0440020743C00207C3C002080B588B00E
:2033000000AF394B1B78012B0CD1384BD3F80230354AC2F80230354BD3F80630324AC2F83C
:2033200006300FE0304B5B78012B0BD12F4BD3F80A302D4AC2F80A302C4BD3F80E302A4A34
:20334000C2F80E304FF480510020FEF729FB0346002B3ED13B46142223491846FDF780FAB6
:20336000142221492248FDF77BFA3B46214A13603B46142219460020FEF764FA0346002B7E
:203380001FD1142219490020FEF7A8FA0346002B0FD1142215491448FDF781FA0346002BC7
:2033A0001ED10423AA22042140F2FC70FFF7F0F816E00423FF22042140F2FC70FFF7E8F8B3
:2033C0000EE00423FF22042140F2FC70FFF7E0F806E00423FF22042140F2FC70FFF7D8F86F
:2033E00000BF2037BD4680BD8C440020A0440020543C0020B444002080B500AF4FF4A021D3
:203400004FF48030FDF70CF90346002B07D10423AA22052140F2FC70FFF7BAF806E0042308
:20342000FF22052140F2FC70FFF7B2F800BF80BD80B500AF0E221D494FF44820FDF710F9E9
:203440000346002B30D1194B1B78012B20D1174B5A79174B1A70154B9A79154B5A70134BC7
:20346000DA79134B9A70114B1A7A114BDA700F4B5A7A0F4B1A710D4B9A7A0D4B5A710B4B03
:20348000DA7A0B4B9A71094B1A7B094BDA710BE0074BFF221A70064B01225A71044B022255
:2034A0009A71034B0022DA7100BF80BDCC440020DC44002080B586B000AF3A4BBB6072B6F8
:2034C00000BF394B00229A8000BF374B9B889BB2002BFAD1344B00229A8200BF324B9B8AA8
:2034E0009BB2002BFAD1314B00221A604FF0FF30FEF780FF4FF0FF30FEF7A0FF00237B618E
:2035000008E02B4A7B69C033002142F823107B6901337B617B695F2BF3D900233B6110E00C
:20352000244A3B6920334FF0FF3142F82310214A3B6960334FF0FF3142F823103B690133F4
:203540003B613B69072BEBD90023FB6007E0184AFB68134400221A70FB680133FB60FB68B3
:203560000F2BF4D900233B603B6883F31488BFF36F8F00BF00BF104B4FF480329A60BFF3A7
:203580004F8F00BF4FF480331B687B607B6883F3088800BFBB681B68984700BF1837BD46FC
:2035A00080BD00BF04000100000D004010E000E00060004000E100E000ED00E080B500AFDB
:2035C000FDF72EFAFDF7AAFAFCF794FE00BF80BD80B500AFFDF788F800BF80BD80B582B0FB
:2035E00000AF0346FB71FB79022B03D10349044801F0FCFC00BF0837BD4680BD708500003E
:20360000F844002080B500AFFFF7E2FF0023184680BDFFFF80B586B000AF786039607B6869
:203620007B613968786900F070F838613B69002B01D03B6932E03B681B791A4ADB01DBB2E1
:2036400093713B681B781A46174B9B5C03F00303FB603B685B781B01DBB2FA681343FB60F1
:203660003B689B781B0303F44053FA681343FB603B68DB781B0203F44073FA681343FB6009
:20368000084BFA6892B25A803B685B79054ADB01DBB213727B69054A1A6000231846183726
:2036A000BD4680BD003408403C8600005444570080B483B000AF7860064B00221A70054B62
:2036C000FF221A70002318460C37BD465DF8047B704700BF0034084080B483B000AF7860C4
:2036E0003960062318460C37BD465DF8047B704780B483B000AF78600B46FB7006231846A8
:203700000C37BD465DF8047B704780B483B000AF78603960002318460C37BD465DF8047BB6
:20372000704780B483B000AFEFF303837B607B683B603B88C3F308039BB2DBB2103BDBB2C5
:203740005BB218460C37BD465DF8047B7047FFFF80B483B000AF03463960FB7197F9073004
:2037600004493A6841F8232000BF0C37BD465DF8047B70474C46002080B483B000AF03463D
:20378000FB7197F90730044A52F8233018460C37BD465DF8047B70474C46002080B483B0C3
:2037A00000AF0346FB710B4997F9073003F1C00251F8223023F4803341F82230054A97F905
:2037C0000730C03352F8233000BF0C37BD465DF8047B70470060004080B584B000AF034691
:2037E000FB7197F907301846FFF7D8FFBFF35F8F00BF97F90730FB60FB6803F01F02074923
:2038000097F907305B09012000FA02F2603341F8232000BF1037BD4680BD00BF00E100E099
:2038200080B584B000AF0346B9607A60FB73BB68DAB2094997F90F301201D2B20B4483F895
:20384000002397F90F3079681846FFF781FF00BF1037BD4680BD00BF00E100E080B485B092
:2038600000AF0346FB7197F90730FB60FB6803F01F020749FB685B09012000FA02F241F8EC
:20388000232000BF1437BD465DF8047B704700BF00E100E080B582B000AF0346FB7197F972
:2038A00007301846FFF798FF97F907301846FFF7D5FF00BF0837BD4680BDFFFF80B485B052
:2038C00000AF0346FB7197F90730FB60FB6803F01F020B4997F907305B09012000FA02F25D
:2038E000203341F82320BFF34F8F00BFBFF36F8F00BF00BF1437BD465DF8047B704700BFE4
:2039000000E100E080B584B000AF0346B9607A60FB7397F90F307A68B9681846FFF780FF7F
:2039200097F90F301846FFF7B5FF00BF1037BD4680BDFFFF80B584B000AF786039600023C0
:20394000FB607B68BB60386800F0CFF8F860FB68002B01D0FB6822E0BB683A685A603B6879
:203960009A69BB685A623B68DA69BB68DA62BB6800229A62BB685B681B7803F5800303F5F3
:203980008D531B021A46BB689A60B86800F00AF9B86800F055FABB68034A1A60FB68184690
:2039A0001037BD4680BD00BF4950535280B586B002AFF860B9607A60FB70FB7800937B68C8
:2039C000BA680021F86800F0DFFA034618461037BD4680BD80B586B002AFF860B9607A60E6
:2039E000FB70FB7800937B680022B968F86800F0CBFA034618461037BD4680BD80B586B082
:203A000002AFF860B9607A603B603B7E00933B687A68B968F86800F0B7FA0346184610372E
:203A2000BD4680BD80B584B000AF78607B68FB60FB6800221A60FB685B685B69002B0AD02A
:203A4000FB685B685B699B681B6AFA6852685269126810469847FB685B681B69002B0AD0BF
:203A6000FB685B681B699B681B6AFA6852681269126810469847FB685B6893F90230002BBF
:203A800006DBFB685B6893F902301846FFF716FFFB685B6893F90130002B06DBFB685B68E3
:203AA00093F901301846FFF709FFFB685B6893F903301846FFF702FFFB685B6893F90430CD
:203AC0001846FFF7FBFEFB689A68137823F040031370FB689B68DB78FB689B680022DA7045
:203AE000002318461037BD4680BD80B586B000AF786000237B617B681B693B617B681B7854
:203B000003F5800303F58D531B020433FB603B69002B19D03B695B681B684FF000621A60E6
:203B20003B695B681B68FA689A603B699B681B683A6910683A6952681146984778617B69AA
:203B4000002B01D07B6928E07B685B69BB60BB68002B21D0BB685B681B684FF400221A6034
:203B6000BB685B681B68FA685A60BB689B681B68BA681068BA6852681146984778617B69AE
:203B8000002B09D03B69002B06D03B699B681B6A3A691268104698477B6918461837BD466A
:203BA00080BDFFFF80B491B000AF78600023FB6300233B620023BB6300237B6300233B638A
:203BC0000023FB620023BB6200237B620023FB61FB6B43F08003FB63FB6B43F02003FB6312
:203BE000FB6B43F01003FB637B685B685B7A002B01D1082300E00023FA6B1343FB637B6819
:203C00005B685B7A002B01D1102300E000237A6B13437B637B685B689B7A1A467B6A13436A
:203C20007B627B685B68DB7A5B007A6A13437B627B685B685B7B1B037A6A13437B627B68A6
:203C40005B681B69002B03D0FB6B43F02003FB637B685B681B6ABB61BB691B78002B14D1F7
:203C60007B685B681B78002B0AD17B685B685B7A002B01D1802300E000237A6A13437B62D0
:203C8000FB6B23F00103FB6303E0FB6B43F00103FB63BB695B78DB01DB431A46FB6B134061
:203CA000FB63BB695B785A00BB695B785B0113431A46FB6B1343FB633B6A23F00F033B62CB
:203CC000BB699B781A46BB69DB7802FA03F33A6A13433B627B6A23F070037B62BB69DB788E
:203CE0001B017A6A13437B62BB691B79002B0BD0BB6B43F02003BB63BB691B79022B03D180
:203D0000BB6B43F01003BB63BB695B79002B0BD07B6B43F001037B63BB695B79012B03D128
:203D20007B6B43F002037B63BB699B791A46FB691343FB61BB691B7AC3F30103DBB29B003E
:203D40007A6A13437B627B685B685B7A002B0CD17B6A43F460437B62BB695B7A3B63BB6972
:203D60009B7AFB62BB69DB7ABB6200237B61EFF310833B613B697B610123FB60FB6883F353
:203D8000108800BF2D4B5A687B685B681B78C3F11303012101FA03F3DB43284913404B60EF
:203DA000264B5B687B69BB60BB6883F3108800BF7B689B68DB787B689B680022DA707B6872
:203DC0009B68FA6BD2B21A707B689B683A6AD2B25A707B689B68BA6BD2B29A707B689B6816
:203DE000BA69D2799A727B689B683A6BD2B21A737B689B68FA6AD2B25A737B689B68BA6A08
:203E0000D2B29A737B689B687A6BD2B2DA737B689B687A6A92B21A827B689B68FA69D2B2FE
:203E200083F820207B689B68102283F8212000BF4437BD465DF8047B704700BF00400840E4
:203E400080B582B000AF78607B685B6893F90230002B0ADB7B685B6893F902007B685B6826
:203E60009B797A681946FFF74DFD7B685B6893F90130002B0ADB7B685B6893F901007B6824
:203E80005B685B797A681946FFF73CFD7B685B6893F904007B685B681B7A7A681946FFF773
:203EA00031FD7B685B6893F903007B685B68DB797A681946FFF7B4FC00BF0837BD4680BD80
:203EC00080B487B000AF78607B689B68DB7ADBB27B617B689B681B8A9BB2FB607B6893F8AB
:203EE00020300F2B08D97B6923F040037B617B6943F020037B610DE07B6893F82030072B4E
:203F000004D87B6943F040037B6103E07B6923F060037B617B6893F820303B613B690F2B3E
:203F200004D93B6901339B08053B3B61FB6823F47063FB603B691B02FA681343FB607B68EE
:203F40009B687A69D2B2DA727B689B68FA6892B21A8200BF1C37BD465DF8047B704780B4AF
:203F600083B000AF78607B689B681B78DAB27B689B6842F06002D2B21A7000BF0C37BD46F5
:203F80005DF8047B7047FFFF80B588B000AFF860B9607A603B60FB68FB61FB699B681B78DD
:203FA000DBB203F04003002B01D0082306E1FB69BA68DA60FB697A681A61FB6900225A616E
:203FC000FB6900229A61FB693A68DA61FB6997F8282083F82020FB695B685B69002B6DD0D6
:203FE000FB693A689A61FB6993F820300F2B0AD9FB695B685B695B681A68D378022161F372
:204000000513D37018E0FB6993F82030072B09D8FB695B685B695B681A68D37823F030033A
:20402000D37009E0FB695B685B695B681A68D378012161F30513D370FB695B685B695B685A
:204040001A689378022161F383039370FB695B685B695B681B683A6892B2DA81FB695B683A
:204060005B695B681B687A689A607B68002B0FD1FB695B685B695B681A68937823F00C030F
:204080009370FB695B685B695B681B684D4A9A60FB695B685B699B685B68FA6952685269D2
:2040A0001068FA69526852695268126811469847B861BB69002B01D0BB697FE0FB695B6863
:2040C0001B69002B73D0FB693A685A61FB6993F820300F2B0AD9FB695B681B695B681A68E1
:2040E000D378022161F30513D37018E0FB6993F82030072B09D8FB695B681B695B681A6869
:20410000D37823F03003D37009E0FB695B681B695B681A68D378012161F30513D370FB6972
:204120005B681B695B681A68D378022161F38303D370FB695B681B695B681B683A6892B291
:20414000DA81FB695B681B695B681B68BA685A60BB68002B0FD1FB695B681B695B681A6819
:20416000D37823F00C03D370FB695B681B695B681B68154A5A60FB699A68137823F020035E
:204180001370FB695B681B699B685B68FA69526812691068FA6952681269526812681146F8
:2041A000984778617B69002B01D07B6906E0F869FFF786FEF869FFF7D2FE002318462037C3
:2041C000BD4680BDFC4500200046002080B485B000AF78607B689B69FB607B68DB69FA681D
:2041E0009A4234D07B681B69002B03D17B689B685B6827E07B6893F820300F2B09D97B680C
:204200009A687B681969FB689B000B4452681A6018E07B6893F82030072B09D87B689A6808
:204220007B681969FB680B441279D2B21A7009E07B689A687B681969FB685B000B44928874
:2042400092B21A80FB685A1C7B689A6100E000BF1437BD465DF8047B704780B485B000AF39
:2042600078607B685B69FB607B68DB69FA689A4233D07B68DB68002B04D17B689B680022CE
:204280005A6025E07B6893F820300F2B09D97B68DA68FB689B001A447B689B6812685A60EA
:2042A00016E07B6893F82030072B08D87B68DA68FB681A447B689B6812781A7108E07B688C
:2042C000DA68FB685B001A447B689B6812889A80FB685A1C7B685A6100E000BF1437BD4682
:2042E0005DF8047B704790B587B000AF78600B46FB707B689B6A7B617B69002B03D107F1D5
:2043000008037B6105E07A6907F1080307CA83E807007B685B681B781A467B691A607B69CD
:20432000FA781A717B68DA6A7B699A607B685B6A786998477B689B6A002B08D07B689B6A40
:204340001C4607F1080393E8070084E8070000BF1C37BD4690BD80B582B000AFFFF7E1F9BB
:204360000346FB7197F907301846FFF717FA97F907301846FFF700FA38603868FFF726FFF4
:204380003B689A693B68DB699A4206D13B685B6893F903301846FFF761FA00BF0837BD4608
:2043A00080BD80B584B000AFFFF7BBF90346FB7397F90F301846FFF7F1F997F90F3018460D
:2043C000FFF7DAF9B860BB685B681B6A7B607B68002B1ED07B685B78012B1AD1BB685A6907
:2043E000BB68DB69013B9A4207D1BB685B6893F903301846FFF74EFA0BE0BB685B681B69D0
:20440000002B06D0BB685B6893F903301846FFF725FAB868FFF721FF00BF1037BD4680BD07
:2044200080B582B000AFFFF77CF90346FB7197F907301846FFF7B2F997F907301846FFF765
:204440009BF938603B689B68DB78C3F34003DBB2002B04D03B685B685B7A012B28D197F9C2
:2044600007301846FFF72AFA3B685B6893F90230002B06DB3B685B6893F902301846FFF7E5
:204480001DFA3B689A68137823F0400313703B685B6893F90230002B06DB3B685B6893F9DA
:2044A00002301846FFF7F6F901213868FFF71BFF00BF0837BD4680BD80B584B000AFFFF769
:2044C00030F90346FB7397F90F301846FFF754F9B860BB685B6893F90230002B06DBBB68A1
:2044E0005B6893F902301846FFF7E8F9BB689A68137823F040031370BB685B6893F90230D9
:20450000002B06DBBB685B6893F902301846FFF7C1F9BB689B68DB78FB71BB689B680022B0
:20452000DA70FB7903F00803DBB2002B03D00521B868FFF7D8FEFB7903F00103DBB2002BFF
:2045400003D00421B868FFF7CEFEFB7903F00403DBB2002B09D0FB7903F01003DBB2002B50
:2045600003D00821B868FFF7BEFE97F90F301846FFF714F900BF1037BD4680BD80B483B090
:2045800000AFEFF303837B607B683B603B88C3F308039BB2DBB2103BDBB25BB218460C37C7
:2045A000BD465DF8047B704780B483B000AF03463960FB7197F9073004493A6841F82320D7
:2045C00000BF0C37BD465DF8047B70474C46002080B483B000AF0346FB7197F90730044AB9
:2045E00052F8233018460C37BD465DF8047B70474C46002080B483B000AF0346FB710B491E
:2046000097F9073003F1C00251F8223023F4803341F82230054A97F90730C03352F8233087
:2046200000BF0C37BD465DF8047B70470060004080B584B000AF0346FB7197F90730184658
:20464000FFF7D8FFBFF35F8F00BF97F90730FB60FB6803F01F02074997F907305B090120F9
:2046600000FA02F2603341F8232000BF1037BD4680BD00BF00E100E080B584B000AF034616
:20468000B9607A60FB73BB68DAB2094997F90F301201D2B20B4483F8002397F90F307968B5
:2046A0001846FFF781FF00BF1037BD4680BD00BF00E100E080B485B000AF0346FB7197F903
:2046C0000730FB60FB6803F01F020749FB685B09012000FA02F241F8232000BF1437BD4622
:2046E0005DF8047B704700BF00E100E080B582B000AF0346FB7197F907301846FFF798FF32
:2047000097F907301846FFF7D5FF00BF0837BD4680BDFFFF80B485B000AF0346FB7197F911
:204720000730FB60FB6803F01F020B4997F907305B09012000FA02F2203341F82320BFF361
:204740004F8F00BFBFF36F8F00BF00BF1437BD465DF8047B704700BF00E100E080B58AB0C6
:2047600000AF786039607B687B623B681B7803F5800303F58C531B021A467B6A1A627B6A0E
:2047800000221A707B6A3A68DA613B685A697B6A5A623B689A697B6ADA627B6A00229A62DA
:2047A0007A6A9378012161F3010393703B685B78002B05D17A6A9378022161F301039370A9
:2047C0003968786A00F0C0F9786A00F006F900233B62EFF31083FB60FB683B6201233B618C
:2047E0003B6983F3108800BF474B5A683B681B7819464FF00043CB40DB43434913404B602A
:20480000414B5B683B6A7B617B6983F3108800BF7B6A1B6A00229A707B6A1B6A00221A716A
:204820007B6A1B6A00225A727B6A1B6A00229A727B6A1B6A0022DA727B6A1B6A00225A8347
:204840003B681B781A4640F21923D34003F00103002B03D07B6A1B6A4022DA747B6A1B6AC8
:2048600006221A773968786A00F0C1F87B6A0022DA607B6A00221A617B6A00225A617B6AE9
:2048800000229A613B68DB69FB61FB691B7803F00303BB61BB6943F01003BB617B6ADB69FD
:2048A00093F905301846FFF721FF7B6ADB6993F90B301846FFF71AFFBB6943F04003BB61B0
:2048C0007B6ADB6993F907301846FFF70FFF7B6ADB6993F909301846FFF708FFBB6943F0EA
:2048E0002003BB617B6A1B6ABA69D2B29A70FB695A897B6A1A817B6A044A5A600023184629
:204900002837BD4680BD00BF004008405549435380B487B000AFF860B9607A60FB687B61D9
:2049200000233B617B69BA685A617B697A689A613B6918461C37BD465DF8047B704780B41F
:2049400087B000AFF860B9607A60FB687B617B691B6A9B78DAB27B691B6A02F07B02D2B283
:204960009A707B699B78C3F30103DBB21A467B689A1A7B691A617B699B78C3F30103DBB25B
:204980001A46BB681A447B69DA607B691B6A9B78DAB27B691B6A62F07F02D2B29A707B6962
:2049A0009B7803F00303DBB2022B0AD1BB681B887A69126A6FEAC3536FEAD3539BB2D381A2
:2049C00004E07B691B6ABA681278DA70002318461C37BD465DF8047B704780B483B000AF1C
:2049E000786000BF0C37BD465DF8047B704780B586B000AF786039603B681B781A4640F2FC
:204A00001923D34003F00103002B04D07B681B6A4FF478429A823B689B781A013B68DB7809
:204A2000DB0013437B61F2233B613B685B78032B04D17B6943F040037B6107E03B685B78AC
:204A4000002B03D13B6923F010033B617B681B6A7A69D2B21A707B681B6A3A69D2B29A71FE
:204A60003B68DB69BB60BB681B7B082B04D17B681B6A0A225A7309E0BB681B7B5B00DAB289
:204A80007B681B6A02F00202D2B25A730023FB60BB685B78DB01DBB2FA681343FB60BB6854
:204AA0009B785B0103F02003FA681343FB607B681B6A00221A72BB681B78022B03D0BB686F
:204AC0001B78032B11D17B681B6AFF225A70BB681B78022B03D1FB6843F01003FB607B6842
:204AE0001B6AFA68D2B2DA710DE07B681B6AFA68D2B2DA717B681A6ABB685B681946104678
:204B000000F04FF800BF00BF1837BD4680BD80B582B000AF78600B46FB701346BB7097F993
:204B200002301846FFF7F6FD97F902301846FFF761FDF97897F902307A681846FFF79CFD86
:204B400000BF0837BD4680BD80B582B000AF786039603B68997A3B6893F90B301A46786830
:204B6000FFF7D5FF3B6819793B6893F905301A467868FFF7CCFF3B6899793B6893F90730B6
:204B80001A467868FFF7C3FF3B68197A3B6893F909301A467868FFF7BAFF00BF0837BD468F
:204BA00080BD80B483B000AF786039603B689A787B685A703B685B78C3F30103D9B27A6832
:204BC000137861F3010313703B68DA787B689A747B68DB79DBB223F05C03DAB23B681B7891
:204BE00003F05C03DBB21343DAB27B68DA7100BF0C37BD465DF8047B704790B58BB000AF07
:204C0000F860B9601346FB71FB689B6A7B627B6A002B03D107F114037B6205E07B6A07F187
:204C200014040FCB84E80F00FB68DB691B781A467B6A1A607B6ABA689A607B6AFA791A712A
:204C4000FB68DA6A7B6ADA60FB685B6A786A9847FB689B6A002B07D0FB689B6A1C4607F179
:204C600014030FCB84E80F0000BF2C37BD4690BD80B584B000AFFFF781FC0346FB7397F984
:204C80000F301846FFF7B6FC97F90F301846FFF79FFCB860BB68DB691B69002B30D1BB68BF
:204CA0001B69002B2CD0BB689B7803F00303DBB2022B0BD1BB68DB681B88BA68126A6FEA84
:204CC000C3536FEAD3539BB2D38105E0BB68DA68BB681B6A1278DA70BB681B69BA68927805
:204CE000C2F30102D2B29A1ABB681A61BB68DB68BA689278C2F30102D2B21A44BB68DA609D
:204D0000BB681B69002B1BD1BB681B6A9B78FB71FB7943F00403FB71FB7903F07F03FB713F
:204D2000BB681B6AFA799A70BB680022DA60BB685B6A002B04D080220021B868FFF75DFFB3
:204D400000BF1037BD4680BD80B584B000AFFFF715FC0346FB7397F90F301846FFF74AFCCE
:204D600097F90F301846FFF733FCB860BB689B7803F00303DBB2022B07D1BB681B6A1B8ABB
:204D80009BB2C3F308037B6004E0BB681B6A5B79DBB27B60BB689B69002B0AD1BB685B6A4D
:204DA000002B33D07B6804221946B868FFF725FF2CE0BB685869BB689B78C3F30103DBB2B6
:204DC0001A463B1D194603F06DFABB685B69BA689278C2F30102D2B21A44BB685A61BB68B4
:204DE0009B69BA689278C2F30102D2B29A1ABB689A61BB689B69002B08D1BB685B6A002B37
:204E000004D001220021B868FFF7F7FE00BF1037BD4680BD80B582B000AFFFF7AFFB03462A
:204E2000FB7197F907301846FFF7D2FB38603B681B6A9B78DAB23B681B6A02F07B02D2B2A4
:204E40009A703868FFF7C9FD3B685B6A002B04D0022200213868FFF7D0FE97F907301846B7
:204E6000FFF7C8FB00BF0837BD4680BD80B584B000AFFFF783FB0346BB7297F90A30184611
:204E8000FFF7A6FB78600023FB607B689B7803F00303DBB2022B07D17B681B6A1B8A9BB24A
:204EA000C3F30803FB6004E07B681B6A5B79DBB2FB607B681B6A1B79DBB203F03803FB72AA
:204EC000FB7A03F01003002B0BD07B681B6A1B7FC3F30003DBB2002B03D1FB7A43F040031F
:204EE000FB727B681B6A1B79DAB27B681B6A22F03802D2B21A717868FFF76FFD7B685B6A10
:204F0000002B05D0FB7A1A46F9687868FFF775FE97F90A301846FFF76DFB00BF1037BD4683
:204F200080BDFFFF80B485B000AF0023FB60EFF310837B607B68FB600123BB60BB6883F33A
:204F4000108800BF0D4B1B68002B05D10C4B0022DA700B4B4022DA70084B1B680133074AFE
:204F60001360FB683B603B6883F3108800BF00BF1437BD465DF8047B704700BF484600204B
:204F8000000D084080B485B000AF0023FB60EFF310837B607B68FB600123BB60BB6883F3C0
:204FA000108800BF0F4B1B68002B04D00D4B1B68013B0C4A13600B4B1B68002B05D10A4BAF
:204FC0000022DA70084B8022DA70FB683B603B6883F3108800BF00BF1437BD465DF8047BD7
:204FE000704700BF48460020000D084080B584B000AF786039607B68FB60FB68044A1A6046
:20500000386800F03EF8002318461037BD4680BD54524F5080B487B000AF78600B467B803F
:2050200013467B700023FB820023BB827B8823F0FF037B827B88DBB23B823B8A012202FAE6
:2050400003F3FB817B78002B02D1FB89BB8201E0FB89FB827B8A1B0A9BB2DBB25B0103F1F6
:20506000804303F50023BB60BB8A1A04FB8A1A43BB689A60002318461C37BD465DF8047B2A
:20508000704780B584B000AF7860786800F060F87B68BB60FFF746FF0023FB8111E0BB6855
:2050A0005A68FB89DB0013449888BB685A68FB89DB0013441B68194600F00EF8FB8901332D
:2050C000FB81BB681B88FA899A42E8D3FFF75AFF00BF1037BD4680BD80B483B000AF034680
:2050E0003960FB803B6803F48033002B1CD01749FB881B0A9BB21A46FB88DBB212011A4402
:2051000051F8223023F4803341F822300F48FB881B0A9BB21946FB88DBB23A6822F480327A
:2051200009010B4440F823200849FB881B0A9BB21A46FB88DBB2120113443A6841F823205D
:2051400000BF0C37BD465DF8047B70470008084080B588B000AF7860594B7B61594B3B61BB
:205160000023FB619FE00023BB6195E07B685A68FB69DB0013449A885349BB6931F81330F4
:205180009A4240F086807B685A68FB69DB0013441B6803F0F853FB60FB68B3F1807F03D0CD
:2051A000FB68B3F1106F39D17B6993F8BB34DAB20121BB6901FA03F3DBB21340DBB2002BA6
:2051C00013D1012002F080FF7B6993F8BB34DAB20121BB6901FA03F3DBB21343DAB27B69E5
:2051E00083F8BB24012002F01FFF3B69BA69203213F81230C3F3C013DBB2002B49D13A69C0
:20520000BB6903F1200112F8113043F0800302F811300121C82002F085FD3AE07B6993F812
:20522000BB34DAB20121BB6901FA03F3DBB21340DBB2002B15D0012002F046FF7B6993F878
:20524000BB34DAB20121BB6901FA03F3DBB2DB43DBB21340DAB27B6983F8BB24012002F034
:20526000E3FE3B69BA69203213F81230C3F3C013DBB2002B0DD03A69BB6903F1200112F8E3
:20528000113023F0800302F811300121C82002F049FDBB690133BB61BB69022B7FF666AF6B
:2052A000FB690133FB617B681B881A46FB699342FFF459AF00BF00BF2037BD4680BD00BF0C
:2052C00000E00140003008404486000080B483B000AFEFF303837B607B683B603B88C3F31B
:2052E00008039BB2DBB2103BDBB25BB218460C37BD465DF8047B704780B483B000AF034656
:20530000FB7197F90730044A52F8233018460C37BD465DF8047B70474C46002080B483B027
:2053200000AF0346FB710B4997F9073003F1C00251F8223023F4803341F82230054A97F969
:205340000730C03352F8233000BF0C37BD465DF8047B70470060004080B584B000AFFFF748
:20536000B5FF0346BB7397F90E301846FFF7C4FFB8600023FB73174ABB685B79D35CC3F337
:205380000103DBB2032B02D10123FB7304E097F90E301846FFF7C2FFBB68002B0ED0BB68D3
:2053A0009B68002B0AD0BB685B797B60BB68DB683B60BB689B683A4610469847FB7B002B96
:2053C00004D097F90E301846FFF7A8FF00BF1037BD4680BD0060004080B483B000AFEFF352
:2053E00003837B607B683B603B88C3F308039BB2DBB2103BDBB25BB218460C37BD465DF892
:20540000047B704780B483B000AF03463960FB7197F9073004493A6841F8232000BF0C37BE
:20542000BD465DF8047B70474C46002080B483B000AF0346FB7197F90730044A52F82330AF
:2054400018460C37BD465DF8047B70474C46002080B483B000AF0346FB710B4997F9073085
:2054600003F1C00251F8223023F4803341F82230054A97F90730C03352F8233000BF0C37DE
:20548000BD465DF8047B70470060004080B584B000AF0346FB7197F907301846FFF7D8FF1F
:2054A000BFF35F8F00BF97F90730FB60FB6803F01F02074997F907305B09012000FA02F26A
:2054C000603341F8232000BF1037BD4680BD00BF00E100E080B584B000AF0346B9607A60A3
:2054E000FB73BB68DAB2094997F90F301201D2B20B4483F8002397F90F3079681846FFF7E6
:2055000081FF00BF1037BD4680BD00BF00E100E080B485B000AF0346FB7197F90730FB6056
:20552000FB6803F01F020749FB685B09012000FA02F241F8232000BF1437BD465DF8047B71
:20554000704700BF00E100E080B582B000AF0346FB7197F907301846FFF798FF97F90730D0
:205560001846FFF7D5FF00BF0837BD4680BDFFFF80B485B000AF0346FB7197F90730FB60D8
:20558000FB6803F01F020B4997F907305B09012000FA02F2203341F82320BFF34F8F00BFE8
:2055A000BFF36F8F00BF00BF1437BD465DF8047B704700BF00E100E080B584B000AF034603
:2055C000B9607A60FB7397F90F307A68B9681846FFF780FF97F90F301846FFF7B5FF00BF2F
:2055E0001037BD4680BDFFFF80B584B000AF786039607B68FB603B681B7C1A46012303FAA4
:2056000002F2FB68DA603968F86800F085F83968F86800F0B3F8FB68034A1A600023184644
:205620001037BD4680BD00BF5450470080B485B000AF78607B68FB60FB689B68FA68D26809
:205640009A60002318461437BD465DF8047B704780B485B000AF78607B68FB60FB689B6862
:20566000FA68D2685A60002318461437BD465DF8047B704780B586B000AF78607B687B61C9
:2056800000233B617B695B68DB69FB607B695B6893F91230184600F0D4F9FB6893F9243032
:2056A000184600F0CEF9FB6893F92530184600F0C8F97B6900221A60786900F021F8B86000
:2056C0007B699B687A69D2689A607B699B6800225A63BB6843F425431946786900F005F817
:2056E0003B6918461837BD4680BD80B483B000AF7860396000BF0C37BD465DF8047B704702
:2057000080B483B000AF7860002318460C37BD465DF8047B7047FFFF80B485B000AF78605B
:2057200039607B683A685A607B6801221A747B68DB6803F00603002B02D07B6800221A744B
:205740003B681B7C1A460C4B13441B02FB60FA687B689A603B685A697B685A613B689A69A0
:205760007B68DA617B6800229A6100BF1437BD465DF8047B704700BF9016400080B594B055
:2057800000AF786039603B68DB693B640023FB63EFF31083BB61BB69FB6301237B617B69EB
:2057A00083F3108800BF954B1A693B681B7C19464FF00043CB40DB43904913400B618F4B03
:2057C0001B69FB6B3B613B6983F3108800BF7B689B684FF425421A607B689B680022DA6284
:2057E0007B689B680022DA637B689B6800229A643B681B7ABB63BB6BDB05FB643B685B683D
:20580000013B7B633B681B78032B03D1FB6C43F48033FB647B689B68FA6CDA62786800F02E
:20582000EFF87B689B683A6C9269DA617B689B683A6CD2691A627B689B687A6B9A667B68CE
:205840009B687A6B5A6600233B633B6C9B6BBB644FF0FF33BB600023FB603B681B78002BA8
:2058600006D13B685B685B08013BFB62FB6ABB603B681B78012B07D93B68D96807F1080247
:205880000023786800F00BF97B689B68BA685A657B689B68BA689A653B681B78032B07D9FF
:2058A0007B689B68BA68DA657B689B68BA681A66FB681B043A6B13433B63FB681B063A6BD5
:2058C00013433B633B6C9B6B002B1ED13B6C1B78002B0AD03B6C5B781946386800F054F918
:2058E000B862BA6CBB6A1343BB643B6C9B78002B0BD03B6CDB781946386800F045F978620D
:205900007B6A1B04BA6C1343BB64786800F067F900233B620023FB617B689B683A6A9A63F2
:205920007B689B68FA69C3F888203B6C9B6B002B0DD13B6C93F820305B03BA6C1343BB648A
:205940003B6C93F821305B07BA6C1343BB644FF4AA037B643B6C93F83030002B02D04FF426
:20596000A0037B647B689B687A6C1A643B681B78012B07D17B689B680022DA647B689B68F5
:2059800000221A657B689B687A68D268DA607B689B68BA6C5A637B689B683A6B42F003029F
:2059A0001A637B689B683A6B42F001021A634AF201517868FFF799FE3B6893F912003B684E
:2059C0005B7C7A68194600F054F83B6C93F924003B6C93F822307A68194600F04AF83B6C7E
:2059E00093F925003B6C93F823307A68194600F040F800BF5037BD4680BD00BF004008403B
:205A000080B483B000AF78607B689B684FF000421A617B689B684FF000425A617B689B68AE
:205A20004FF000429A617B689B6800225A627B689B6800229A6200BF0C37BD465DF8047B49
:205A4000704780B582B000AF0346FB7197F90730002B0ADB97F907301846FFF789FD97F9BC
:205A6000073000211846FFF7CDFC00BF0837BD4680BD80B584B000AF0346B9607A60FB73B1
:205A800097F90F30002B06DB97F90F307A68B9681846FFF791FD00BF1037BD4680BD80B4FD
:205AA0008BB000AFF860B9607A603B60FB689B689B6EFB61FB690133FB61BB68002B0CBF3E
:205AC00001230023FB76BA68FB699A422CBF01230023BB76FB7E002B02D1BB7E002B44D05A
:205AE0003B6803F00103002B07D1FB689B685B6BC3F30403DBB27B6206E0FB689B685B6BA4
:205B0000C3F30443DBB27B62FB685B681B78032B09D97B6A03F01003002B0CBF012300232D
:205B200087F8233008E07B6A03F00C03042B0CBF0123002387F82330FB7E002B06D097F8A8
:205B4000233083F00103DBB2002B06D1BB7E002B07D097F82330002B03D07B6802225A6010
:205B60000CE07B6803225A6008E0BB687B617B69013B7B617B687A691A6000BF00BF2C3773
:205B8000BD465DF8047B704780B485B000AF78600B46FB70FB789A01FB781B01134343F4A1
:205BA0008073BB600923FB607B681B78022B0BD07B681B78032B02D10323FB6004E0FB7883
:205BC000002B01D10623FB60BA68FB681343BB60BB6818461437BD465DF8047B704780B4C0
:205BE00085B000AF78607B685B68DB69FB60FB6893F8303003F00103DBB2002B05D0FB686F
:205C00009A6A7B689B68013ADA64FB6893F8303003F00203DBB2002B05D0FB68DA6A7B68C4
:205C20009B68013A1A6500BF1437BD465DF8047B704790B589B000AFF8600B467A60FB72F2
:205C4000FB689B69FB61FB69002B03D107F11003FB6105E0FA6907F1100307CA83E8070021
:205C6000FB69FA7A1A71FB697A689A60FB68DA69FB691A60FB685B69F8699847FB689B692F
:205C8000002B08D0FB689B691C4607F1100393E8070084E8070000BF2437BD4690BD80B599
:205CA00084B000AFFFF798FB0346FB7397F90F301846FFF7CDFB97F90F301846FFF7B6FB02
:205CC000B860BB685B681B78012B20D1B868FFF717FD7860BB689B68BA68D2689A60BB6875
:205CE0009B6800229A64BB689B680022DA64BB689B6800221A657B6843F425431946B86833
:205D0000FFF7F3FC97F90F301846FFF7BFFBBB685B69002B04D000220021B868FFF789FFFA
:205D200000BF1037BD4680BD80B483B000AFEFF303837B607B683B603B88C3F308039BB275
:205D4000DBB2103BDBB25BB218460C37BD465DF8047B704780B487B000AF0346FB710E4B7A
:205D60001B6A7B61FB797A6922FA03F303F007033B617B691B0E03F00703FB60074B1A6887
:205D8000FB689A403B6922FA03F318461C37BD465DF8047B704700BF00E00140D4470020B6
:205DA00080B400AF094B0122A3F80421074BB3F804319BB2002BF9D1044B0122A3F8002127
:205DC00000BFBD465DF8047B704700BF00C0014080B483B000AF03463960FB7197F907308B
:205DE00004493A6841F8232000BF0C37BD465DF8047B70474C46002080B483B000AF034697
:205E0000FB7197F90730044A52F8233018460C37BD465DF8047B70474C46002080B483B01C
:205E200000AF0346FB710B4997F9073003F1C00251F8223023F4803341F82230054A97F95E
:205E40000730C03352F8233000BF0C37BD465DF8047B70470060004080B584B000AF0346EA
:205E6000FB7197F907301846FFF7D8FFBFF35F8F00BF97F90730FB60FB6803F01F0207497C
:205E800097F907305B09012000FA02F2603341F8232000BF1037BD4680BD00BF00E100E0F3
:205EA00080B584B000AF0346B9607A60FB73BB68DAB2094997F90F301201D2B20B4483F8EF
:205EC000002397F90F3079681846FFF781FF00BF1037BD4680BD00BF00E100E080B485B0EC
:205EE00000AF0346FB7197F90730FB60FB6803F01F020749FB685B09012000FA02F241F846
:205F0000232000BF1437BD465DF8047B704700BF00E100E080B582B000AF0346FB7197F9CB
:205F200007301846FFF798FF97F907301846FFF7D5FF00BF0837BD4680BDFFFF80B485B0AB
:205F400000AF0346FB7197F90730FB60FB6803F01F020B4997F907305B09012000FA02F2B6
:205F6000203341F82320BFF34F8F00BFBFF36F8F00BF00BF1437BD465DF8047B704700BF3D
:205F800000E100E080B584B000AF0346B9607A60FB7397F90F307A68B9681846FFF780FFD9
:205FA00097F90F301846FFF7B5FF00BF1037BD4680BDFFFF80B584B000AF786039607B685A
:205FC000FB600023BB60FB683A685A603B681B78002B23D03B685A68FB689A633B68DA686B
:205FE000FB681A64FB680022DA63184B01221A763B6893F911003B681B7CFA681946FFF7B7
:20600000C1FF124B98221A753B6893F913003B689B7CFA681946FFF7B5FF05E00B4B002256
:206020001A760A4B00221A75F86800F073FAB860BB68002B01D0BB6803E0FB68044A1A60A5
:20604000BB6818461037BD4680BD00BF00E07F404E45504F80B586B000AFF860B9607A6043
:206060003B60FB683B6100237B613B685A083B691A633B69BA689A623B697A68DA623B6939
:20608000002283F834207B68B3F1006F04D2386902F062F9786103E0386900F084F97861B2
:2060A0007B6918461837BD4680BD80B588B000AFF860B9607A60FB687B610023FB617B6906
:2060C000002283F83420BB68B3F1006F19D20023BB61BB68B3F5803F06D2BB6823F4FF5381
:2060E00023F01F03BB6105E0BB6823F4FF4323F07F03BB617A68B969786902F031F9F861E3
:206100000EE0BB6823F03F033B617A683969786900F09EFAF861FB69002B01D0FB6900E093
:20612000FB6918462037BD4680BD80B588B000AFF860B9607A603B60FB687B610023FB6146
:20614000BB68B3F1006F1DD27B69002283F834203B6800221A70BB683B610023BB610CE00C
:206160003A69BB6913441B78FF2B03D03B6801221A700EE0BB690133BB61BA697B689A42DD
:20618000EED306E03B687A68B968786900F052F9F861FB6918462037BD4680BD80B483B07D
:2061A00000AF786039600B4BB3F884309BB203F08103002B03D13B6800221A7002E03B6873
:2061C00001221A70002318460C37BD465DF8047B704700BF00E07F4080B487B000AFF860F0
:2061E000B9601346FB80FB687B6100233B6106233B613B6918461C37BD465DF8047B70470C
:2062000080B487B000AFF860B9607A60FB687B6100233B6106233B613B6918461C37BD46FE
:206220005DF8047B704780B485B000AF78607B68FB600023BB600623BB60BB681846143757
:20624000BD465DF8047B704780B584B000AF78607B68FB60F86802F067F8034618461037E3
:20626000BD4680BD80B584B000AF78600B46FB701346BB707B68FB600023BB60BA78FB788D
:206280001946F86802F054F8B860BB6818461037BD4680BD80B485B000AF78607B68FB60B3
:2062A0000023BB600623BB60BB6818461437BD465DF8047B704780B584B000AF78607B682F
:2062C000FB60F86800F026F9034618461037BD4680BDFFFF80B483B000AF786039603B689E
:2062E000094A92E8030083E803003B68074A083392E8030083E80300002318460C37BD467F
:206300005DF8047B704700BF6C8600009C08002080B584B000AF78607B68FB600023BB6011
:20632000FB6800221A60FB685B6893F91130002B06DBFB685B6893F911301846FFF7FEFD1D
:206340000B4B00221A76FB685B6893F91330002B06DBFB685B6893F913301846FFF7EEFD00
:20636000034B00221A75BB6818461037BD4680BD00E07F4080B487B000AFF860B9607A6012
:206380003B60FB687B617B69BA689A637B697A681A647B693A68DA63002318461C37BD4642
:2063A0005DF8047B704780B586B000AF786000237B61786800F08AFA78617B69002B01D054
:2063C0007B6932E07B685B681B78002B06D07B68012283F8342000233B6102E07B68DB68F1
:2063E0003B613A690421786801F0AEFF78617B685B681B78002B01D07B6916E018224FF456
:206400008051786901F0A4FF78617B681B6B002B02D07B69002BE4D001F08EFFF8607B697A
:20642000002B01D1FB687B617B6918461837BD4680BDFFFF80B588B000AFF860B9607A60EA
:206440003B60F86800F042FAF861FB69002B01D0FB6957E02D4B002283F8D0202B4ABB6824
:206460001363BA687B681344284A013B5363284B71221A70264BD0221A70FB685B681B78B0
:20648000002B08D0FB68032283F834203B6802221A70002336E0FB685B697A689208013242
:2064A00002FB03F3BB6108E0BB69002B02D11423FB610AE0BB69013BBB61144BD3F88030F0
:2064C000C3F3C033DBB2012BEED14FF4FC720021F86901F03DFFF8610C4B93F8D430DBB26F
:2064E000012B03D13B6801221A7002E03B6800221A7001F021FF7861FB69002B01D17B69EC
:20650000FB61FB6918462037BD4680BD00E07F4000007E4080B586B000AF78607B68002272
:2065200083F83420424B012283F816241C20FFF711FC78611820FFF70DFC38617B693D4AD4
:20654000934202D84FF4FB736DE07B6903F5742303F23F23384AA2FB03239B0CFB603B69D9
:2065600003F5742303F23F23334AA2FB03239B0CBB60FB689BB2314A03F5F0539BB2A2F8E6
:20658000E430BB6843F6B85202FB03F32C4AA2FB03239A087B689A60BB6840F6D86202FB46
:2065A00003F3274AA2FB03239A087B68DA60BB685B00234AA2FB03239A087B681A61BB6821
:2065C000542202FB03F31E4AA2FB03239A087B685A61BB681B4A02FB03F3194AA2FB032346
:2065E0009A087B689A61BB6844F2506202FB03F3134AA2FB03239A087B685A62BB68124A3D
:2066000002FB03F30E4AA2FB03239A087B681A62BB680E4A02FB03F3094AA2FB03239A0845
:206620007B68DA61002318461837BD4680BD00BF00E00140FF083D0083DE1B4300E07F40AA
:20664000ABAAAAAA38AF040080DE0F00A0F7030080B588B000AFF860B9607A600023FB61B9
:20666000FB68BA689A62FB687A681A63F86800F02DF9F861FB69002B02D04FF4FA7336E0E1
:20668000FB685B681B78002B06D0FB68022283F834200023BB6102E0FB685B6ABB61164B24
:2066A0000122A3F8E020BA694021F86801F048FEF861FB685B681B78002B01D0FB6916E099
:2066C00019224FF40051F86901F042FEF861FB681B6B002B02D0FB69002BE4D001F02CFEBC
:2066E0007861FB69002B01D17B69FB61FB6918462037BD4680BD00BF00E07F4080B584B000
:2067000000AFFFF711FB0346BB7397F90E301846FFF772FBB8601E4B1B7CDBB27B601C4BDB
:20672000D3F880201B4B13403B607B6803F00803002B02D00423FB7319E07B6803F08003D5
:20674000002B02D00523FB7311E07B6803F01003002B0AD03B6803F44053002B02D0072373
:20676000FB7304E00623FB7301E00723FB73B86801F0DAFD97F90E301846FFF74FFBFB7BED
:206780001946B86800F06EF800BF1037BD4680BD00E07F404070F00080B584B000AF002364
:2067A000FB73FFF7C1FA03467B7397F90D301846FFF722FBB86097F90D301846FFF72EFBE3
:2067C000BB6893F83430012B17D1BB681B6B002B0ED000220421B86801F0B6FD78607B681B
:2067E000002B2BD0B86801F09FFD0723BB7325E00123BB730123FB7320E0BB6893F8343073
:20680000022B0ED1BB681B6B002B05D000224021B86801F095FD11E00023BB730123FB73C9
:206820000CE00123FB730E4B93F8D430DBB2012B02D10323BB7301E00223BB73FB7B002B3D
:206840000AD001F079FDBB68002283F83420BB7B1946B86800F006F800BF1037BD4680BDFA
:2068600000E07F4080B586B000AF78600B46FB707B68DB6B7B617B69002B03D107F10C03DC
:206880007B6106E07A6907F10C0392E8030083E803007B69FA781A707B681A6C7B695A607A
:2068A0007B689B6B786998477B68DB6B002B08D07B68DB6B1A4607F10C0393E8030082E88B
:2068C000030000BF1837BD4680BDFFFF80B584B000AF78600023FB604FF49643BB607B68E1
:2068E0005B681B78002B0DD07B685B6893F911301846FFF70FFB7B685B6893F91330184696
:20690000FFF708FB0C4B4AF68022A3F8842008E0BB68002B02D14FF4FA7309E0BB68013B05
:20692000BB60054BB3F884309BB2802BF0D1FB6818461037BD4680BD00E07F4080B485B084
:2069400000AF786039607B68FB600C4AFB6813603B681A68FB689A603B685A68FB68DA6029
:20696000FB6800225A60FB68054A1A60002318461437BD465DF8047B704700BF0446002029
:206980004347430080B588B000AFF8600B467A60FB72FB68FB610023BB61FB7A052B02D0A9
:2069A000FB7A062B0DD107F1100307F11402F97A786800F0B5F9B861BB69002B01D0BB69EC
:2069C00029E0FB7A184600F0F5F803461A46FB7A1146184600F006F90346002B02D140F2C3
:2069E000931318E0012000F01AF8FB7A052B02D0FB7A062B06D13B6907F11402F97A7868DD
:206A000000F0CCF9FB7A0021184600F019F9012000F01AF8002318462037BD4680BD80B55B
:206A200082B000AF0346FB71012001F04DFBFB79012B05D1002000F0D5FF002001F044FBBC
:206A400000BF0837BD4680BD80B582B000AF0346FB71FB79012B07D1002001F0E5FA064B74
:206A60001B6A184600F07AF8012001F0DDFA00BF0837BD4680BD00BF00E0014080B483B063
:206A800000AF78601A4B1B68B3F5004F01D0002327E0184B93F83630DBB2002B17D0154B42
:206AA00093F83830DBB2002B11D0124B93F83230DBB2002B0BD00F4B93F82A30DBB2002B76
:206AC00005D00C4B93F84A30DBB2002B01D1002307E07B6803F0EE43002B01D0002300E0EB
:206AE000012318460C37BD465DF8047B704700BFD447002000E0014080B485B000AF786038
:206B00000B46FB70FB78002B0BD07B68FB60FB6803F0443323F480030E4A934201D000237A
:206B200011E00D4B93F82A30DBB2002B05D10A4B93F84A30DBB2002B01D0012300E000238F
:206B400003F00103DBB218461437BD465DF8047B704700BF4444044400E0014080B584B061
:206B600000AF7860104B93F84030FB737868FFF785FF0346002B03D0042000F033FF0FE0F4
:206B8000FB7B19467868FFF7B7FF0346002B07D0064B1B68064A934202D8032000F022FF42
:206BA00000BF1037BD4680BD00E00140D447002040420F0080B483B000AF0346FB71FB7963
:206BC000074A52F823301B78DBB2002B0CBF01230023DBB218460C37BD465DF8047B7047AE
:206BE000C086000080B487B000AF03460A46FB711346BB7116237B61FB7901229A407B6941
:206C00001340002B01D0012312E00C4B93F83C30DBB23B61FB793A6922FA03F303F0010378
:206C2000FB60BB79FA689A420CBF01230023DBB218461C37BD465DF8047B704700E0014088
:206C400080B483B000AF03460A46FB711346BB71FB790A4A52F82330BA791A70FB79074AAD
:206C600052F823301B78DBB2BA799A42F6D100BF00BF0C37BD465DF8047B7047C0860000EC
:206C800080B489B000AFF8600B467A60FB72114BFB61FB681B78002B01D10E4BFB61FB6825
:206CA0005B880133FA6902FB03F35B08BB61FB685B7801337B61BA697B69B2FBF3F33B616C
:206CC0007B683A691A60002318462437BD465DF8047B7047002D310180B487B000AF7860F9
:206CE0000023FB827B681B78002B01D10123FB827B685B88BB827B685B787B82BB8A1B02C8
:206D000003F47C52FB8A1B011A437B8A1343FB60FB6818461C37BD465DF8047B7047FFFF5A
:206D200080B588B000AFF8607A603B600B46FB72F868FFF7D1FFB861FB7A052B02D1154B95
:206D4000FB6101E0144BFB61FB691B889BB21A46BB69934209D0FB7A1846FFF72BFF034679
:206D6000002B02D040F291130FE0FB7A7A681946F868FFF785FF78617B69002B01D07B6924
:206D800003E03B68BA691A60002318462037BD4680BD00BF28E0014048E0014080B584B0DE
:206DA00000AFF8607A603B600B46FB72FB7A052B04D1094B3A6892B21A8504E0064B3A686F
:206DC00092B2A3F84820FB7A7968184600F044FE00BF1037BD4680BD00E0014080B483B0B8
:206DE00000AF0346FB7197F90730002B0CDBFB7903F01F02074997F907305B09012000FA38
:206E000002F2403341F8232000BF0C37BD465DF8047B704700E100E080B483B000AFEFF346
:206E200003837B607B683B603B88C3F308039BB2DBB2103BDBB25BB218460C37BD465DF837
:206E4000047B704780B483B000AF03463960FB7197F9073004493A6841F8232000BF0C3764
:206E6000BD465DF8047B70474C46002080B483B000AF0346FB7197F90730044A52F8233055
:206E800018460C37BD465DF8047B70474C46002080B483B000AF0346FB710B4997F907302B
:206EA00003F1C00251F8223023F4803341F82230054A97F90730C03352F8233000BF0C3784
:206EC000BD465DF8047B70470060004080B584B000AF0346FB7197F907301846FFF7D8FFC5
:206EE000BFF35F8F00BF97F90730FB60FB6803F01F02074997F907305B09012000FA02F210
:206F0000603341F8232000BF1037BD4680BD00BF00E100E080B584B000AF0346B9607A6048
:206F2000FB73BB68DAB2094997F90F301201D2B20B4483F8002397F90F3079681846FFF78B
:206F400081FF00BF1037BD4680BD00BF00E100E080B485B000AF0346FB7197F90730FB60FC
:206F6000FB6803F01F020749FB685B09012000FA02F241F8232000BF1437BD465DF8047B17
:206F8000704700BF00E100E080B582B000AF0346FB7197F907301846FFF798FF97F9073076
:206FA0001846FFF7D5FF00BF0837BD4680BDFFFF80B485B000AF0346FB7197F90730FB607E
:206FC000FB6803F01F020B4997F907305B09012000FA02F2203341F82320BFF34F8F00BF8E
:206FE000BFF36F8F00BF00BF1437BD465DF8047B704700BF00E100E080B584B000AF0346A9
:20700000B9607A60FB7397F90F307A68B9681846FFF780FF97F90F301846FFF7B5FF00BFD4
:207020001037BD4680BDFFFF80B590B000AF786039607B68BB6200237B623B681B693B6272
:207040003B681B6803F58023A8331B03FB61BB6AFA695A600023BB61EFF310833B613B69E4
:20706000BB610123FB60FB6883F3108800BF8F4B5A683B681B68C3F10203012101FA03F3B7
:20708000DB438A4913404B60884B5B68BB69BB60BB6883F3108800BFBB6A3A681A603B6858
:2070A0009A68BB6ADA613B68DA68BB6A5A62BB6A00221A623B6A1A78BB6A1A7600220121B5
:2070C000B86A00F0E3FB3B6A1B7B1BB25B001AB23B6A1B7D1BB2DB001BB213431BB243F485
:2070E000E0731BB29AB2FB69A3F840283B685B687B617B691B68013B1A046D4B13407A69CC
:207100005268013A12071A437B699B68013B1B021A437B69DB68013B1B031343BA6A127EDC
:207120001A43FB69C3F8442800220221B86A00F0ADFBFB69802283F85028FB6903F50073A0
:207140004FF400720021184601F0A4F80023FB632CE03B6A9A68FB6BDB0013449B79002B63
:2071600016D13B6A1B69FA6B9A4211D2FB6B20331B01FA69D1183B6A9A68FB6BDB0013447B
:207180001A46386A00F056F9402387F83B3002E0002387F83B30FA69FB6B134403F50263F5
:2071A00097F83B201A70FB6B0133FB63FB6B1F2BCFD900237B6300233B632BE03B6A5A68D7
:2071C0003B6B9B0013441B686FF0604293421ED23B6A5A683B6B9B0013441B68FB623B6A4A
:2071E0001B7B002B04D1FB6A9A04324B1340FB62FB693A6B02F58072F96A43F822103B6B61
:207200009B000F2202FA03F37A6B13437B633B6B01333B633B6A1B699B083A6B9A42CDD332
:207220007B6BDA43FB69C3F8282400220021B86A00F02CFBFA69B2F8403843F02003A2F8EF
:207240004038FB69B3F84038C3F34013DBB2002BF7D13B6893F915003B681B7DBA6A1946A4
:20726000FFF7CAFE3B6893F916003B681B7DBA6A1946FFF7C1FE3B6893F917003B681B7D17
:20728000BA6A1946FFF7B8FEFB693E2283F84C28FB694FF0FF32C3F82C24BB6A064A9A60BE
:2072A0007B6A18464037BD4680BD00BF004008400000FF030000FC1F4E41435280B588B0DF
:2072C00000AF78607B68FB61FB6900229A60FB691B6893F915301846FFF76AFEFB691B680D
:2072E00093F916301846FFF763FEFB691B6893F917301846FFF75CFEFB695B68BB61BB6938
:20730000002283F84C28BB690022C3F82C2400237B61EFF31083BB60BB687B610123FB60FE
:20732000FB6883F3108800BF0C4B5A68FB691B681B68C3F10203012101FA03F30749134328
:207340004B60064B5B687B693B613B6983F3108800BF002318462037BD4680BD00400840DD
:2073600080B58AB000AFF860B9607A60FB68BB61BB691B681B697B61BB695B683B613A69F8
:20738000BB68134403F502631B78C3F3C013DBB2002B02D04EF663233AE0BB6820331B01FA
:2073A0003A6913447A681946786900F043F87B689B7903F00F03D9B23A69BB6820331B01CA
:2073C0001A44938861F3030393807B689B797B62BB6820331B013A69134406333B627B68AE
:2073E0000C33FB6107E0FA69531CFB613B6A591C396212781A707B6A5A1E7A62002BF2D1ED
:207400003A69BB68134403F5026380221A70002318462837BD4680BD80B485B000AFF86036
:20742000B9607A60062318461437BD465DF8047B7047FFFF80B489B000AFF860B9607A6094
:20744000FB681B7BFB750023FB61FB7D002B06D0FB7D022B0AD17B681B79002B06D17B68EF
:207460001B689A04114B1340BB610EE0FB7D022B06D17B681B79012B02D14FF00043FB6162
:207480007B681B6823F06043BB617B685B799B073B61FA693B691A43BB691A43BB681A603D
:2074A00000BF2437BD465DF8047B70470000FC1F80B489B000AFF860B9607A60FB685B687C
:2074C000BB61BA69BB6820331B0113441B687B617B699B0F03F00103DAB27B685A71FB6803
:2074E0001B681B693B613B691B7BB969BA68203212010A441268C2F3C072D2B21343DBB2F0
:2075000003F00103DAB27B681A717B681B79002B06D17B699B0CC3F30A027B681A6004E073
:207520007B6923F060427B681A60BA69BB6820331B0113449B88C3F30303DBB21A467B689A
:207540009A717B689B79082B02D97B6808229A710023FB6112E0BA69BB681B011A44FB696E
:20756000134403F206231B78D9B27A68FB6913440C330A461A70FB690133FB617B689B79D7
:207580001A46FB699342E6D3BA69BB68134403F5026344221A707B6800229A6000BF243796
:2075A000BD465DF8047B7047B0B58EB000AF786039607B681B6A7B637B6B002B02D13B68AD
:2075C0007B6317E07B6B07F10C041D460FCD0FC40FCD0FC495E8030084E803007A6B3B68B0
:2075E00014461D460FCD0FC40FCD0FC495E8030084E803007B68DB69786B98477B681B6A30
:20760000002B0CD07B681B6A1D4607F10C040FCC0FC50FCC0FC594E8030085E8030000BF84
:207620003837BD46B0BD80B590B000AFFFF7F4FB03461846FFF72CFCFFF7EEFB034687F8F6
:207640003B3097F93B301846FFF710FC78633B4628220021184600F01DFE0023FB637B6BCD
:207660005B683B633B6B93F84D38DBB2BB803B6B002283F84D283B6BB3F84238C3F30013DF
:20768000DBB2002B22D0BB8843F020039BB2BB803B6B93F8533887F82F303B6B022283F840
:2076A00053283B6B93F85238C3F30403DBB2FB633B6B97F82F2083F853283A6BFB6B134410
:2076C00003F50262137823F0040313707B6B1B681B683B607B6B5B6A3B61FB6BFB603B4616
:2076E0001946786BFFF760FF7B6B1B681B69BB623B6BB3F84238C3F30013DBB2002B0AD0C3
:20770000BB6A1B7D002B06D07B6B1B6893F915301846FFF763FB00BF4037BD4680BD80B514
:2077200090B000AFFFF778FB03461846FFF7B0FBFFF772FB034687F83F3097F93F301846B2
:20774000FFF794FBB8634FF480633B81BB6B5B687B637B6B93F8533887F833307B6B0022FA
:2077600083F853287B6B93F85238C3F30403DBB2FB627B6B97F8332083F853283B1D143314
:207780001A46F96AB86BFFF793FEFB6A3B61BB6B1B681B687B60BB6B5B6A7B613B1D1946F6
:2077A000B86BFFF701FF7B6BB3F84238C3F30003DBB2002B04D097F93F301846FFF70EFB04
:2077C00000BF4037BD4680BD80B590B000AFFFF723FB03461846FFF75BFBFFF71DFB0346B1
:2077E00087F83F3097F93F301846FFF73FFBB86300233B81BB6B5B687B637B6B93F8533851
:2078000087F833307B6B012283F853287B6B93F85238C3F30403DBB2FB627B6B97F833201D
:2078200083F853287A6BFB6A134403F5026300221A707A6BFB6A134403F5026300221A70FE
:20784000FB6A3B613B8943F400639BB23B81BB6B1B681B687B60BB6B5B6A7B613B1D19463B
:20786000B86BFFF7A1FE7B6BB3F84238C3F34003DBB2002B06D0BB6B1B6893F917301846E4
:20788000FFF7ACFA00BF4037BD4680BD80B584B000AF78600B46FB701346BB707B685B6800
:2078A000FB607B685B7BBA789A420DD00221786800F032F8FB68BA7883F858287B68BA7807
:2078C0005A737B6802221A737B681B7BFA789A421ED0FB78052B13D10221786800F01CF804
:2078E000FA68B2F8403843F48063A2F84038FB68B3F84238C3F38023DBB2012BF7D104E092
:20790000FB781946786800F007F87B68FA781A7300BF1037BD4680BD80B485B000AF7860AE
:207920000B46FB707B685B68FB60FA68B2F8403823F48063A2F84038FB7803F00303D9B203
:20794000FA68B2F8403861F30923A2F84038FB68B3F842389BB203F4E062FB781B029A4297
:20796000F5D100BF00BF1437BD465DF8047B704780B400AF094B0122A3F80421074BB3F8D3
:2079800004319BB2002BF9D1044B0122A3F8002100BFBD465DF8047B704700BF00C0014035
:2079A00080B483B000AF0346FB710D4B93F8A030C3F30013DBB2002BF7D1094AFB7982F8BF
:2079C000A030074B93F8A030C3F30013DBB2002BF7D100BF00BF0C37BD465DF8047B704792
:2079E00000E0014080B582B000AF0346FB71FB79042B14D1174B93F8AA30C3F30013DBB2F6
:207A0000002BF7D1134B012283F8AA20114B93F8AA30C3F30013DBB2002BF7D115E00D4B56
:207A200093F8AA30C3F30013DBB2002BF7D1094B002283F8AA20074B93F8AA30DBB2002B6E
:207A4000F9D1FB791846FFF7ABFF00BF0837BD4680BD00BF00E0014080B483B000AF7860DE
:207A600039607B68052B04D13B681B68064A536103E03B681B68044A936100BF0C37BD460B
:207A80005DF8047B704700BFAC08002080B483B000AF0D4B93F82630DBB27B600A4B1B6A37
:207AA0001B0E03F007033B60084A7B6852F823203B6822FA03F3064A136000BF0C37BD46C6
:207AC0005DF8047B704700BF00E00140AC080020D447002080B500AF0B4B012283F81C2117
:207AE0000A4B0B4A1A62094B052283F82620FFF7CDFF084BF1221A73064B00221A72054B20
:207B0000F0221A7300BF80BD00C0014000E00140111202200020004080B500AF0B4B0C4A73
:207B20001A600A4B0B4A5A60084B4FF400429A60064B074ADA60054B4FF400421A61034B1B
:207B4000054A5A61FFF7A2FF00BF80BDAC080020002D310100127A0000E1F50580B500AF0A
:207B60001B4B4AF20352A3F8FE23FFF701FFFFF7D3FF174B002283F81324154B092283F858
:207B8000A22000F031F8124B002283F83620104B93F83C30C3F30003DBB2012BF7D10C4BD7
:207BA00041F211321A850A4B002283F82A20084B93F83C30C3F34013DBB2012BF7D1FFF7AA
:207BC00089FF034B4FF42542A3F8FE2300BF80BD00E0014080B483B000AF786000BF0C375C
:207BE000BD465DF8047B704780B500AF184B93F88034DBB2002B07D1154B93F88134C3F38B
:207C00000103DBB2002B1CD0114B93F88034DBB2002B0DD10E4B012283F880240121C820E6
:207C200000F080F80A4B93F88034DBB2012BF9D1074B002283F88124054B002283F88024A0
:207C400004E04FF47A70FFF7C5FF00BF00BF80BD00E0014080B582B000AF2B4B002283F854
:207C600028200121C82000F05DF8274B002283F82420254B93F82430DBB2002BF9D1224ADD
:207C800092F8243043F0020382F824301E4B93F82430C3F34003DBB2002BF7D11A4B0022B8
:207CA00083F82220184B93F82230DBB2002BF9D10023FB7116E01449FB7903F1200211F8D0
:207CC000123023F0800301F812300F4AFB79203312F81330C3F3C013DBB2002BF5D1FB79A9
:207CE0000133FB71FB79002BE5D0012000F0ECF9064B002283F8BB24012000F095F900BF6F
:207D00000837BD4680BD00BF0030084000E0014080B483B000AF786000BF0C37BD465DF844
:207D2000047B70472DE9B04F90B000AFF861B9610023FB63FB69BA6902FB03F3BB63504BE2
:207D40001B687B634F4A7B6BB2FBF3F33B63BB6B00223B617A61D7E904234FF000004FF0EE
:207D60000001590141EAD261500102460B463969B2EB0108796963EB01094FF000024FF05E
:207D800000034FEA890343EA98734FEA880290469946D7E904120B4618EB03033B60134647
:207DA00049EB03037B604FF000024FF00003D7E900894946CB00414643EA51734146CA00BF
:207DC000C7E90A23D7E90A23012B08D2BA6A3B6BB2FBF3F37B627B6A9B08FB6344E03B6BE9
:207DE0009B00BA6BB2FBF3F3BB63BB6B0022BB60FA60D7E9028942464B464FF000004FF073
:207E00000001590141EAD261500102460B464146541A494663EB01054FF000024FF0000364
:207E2000AB0043EA9473A20014461D46434614EB030A4B4645EB030B4FF000024FF000031D
:207E40004FEACB0343EA5A734FEACA0292469B46C7E90AABD7E90A23012B02D2BB6AFB638E
:207E600002E04FF0FF33FB63FB6B002B02D0F86B00F00AF800BF4037BD46BDE8B08F00BFBD
:207E8000D447002000CA9A3BA0F101000028FBD1704700BF80B582B000AF0346FB71FB79CD
:207EA000074A52F82330002B06D0FB79044A52F82330FA791046984700BF0837BD4680BD8E
:207EC0000846002080B582B000AF144BB3F82031BB80124BB3F840319AB2BB8813407B8032
:207EE0000023FB710EE07A88FB7922FA03F303F00103002B03D0FB791846FFF7CBFFFB7982
:207F00000133FB71FB790F2BEDD9044A7B88A2F8303100BF0837BD4680BD00BF0060004064
:207F200080B58AB000AF032000F0CEF8394B6FF0FF029A643B1D0C22FF21184600F0AAF9D1
:207F400000237B6221E0344A7B6A32F81330002B18D07B6A5B097B617B6A03F01F033B6182
:207F60007B699B0028333B4453F8242C01213B6901FA03F3DB431A407B699B0028333B4485
:207F800043F8242C7B6A01337B627B6A5F2BDAD9224BBB6100233B6218E03B6A9B00BA699A
:207FA0001A443B6A9B0028333B4453F8243C13601B493B6A9B0028333B4453F8242C3B6A6D
:207FC000A03341F823203B6A01333B623B6A022BE3D9032000F028F80023FB6112E00E4A52
:207FE000FB6932F81330002B09D00B4AFB6932F813300C4A1946FB69C03342F82310FB69A9
:208000000133FB61FB695F2BE9D900BF00BF2837BD4680BD008000407C8500007080004012
:2080200000E100E00060004080B487B000AF0346FB7100237B61EFF31083FB60FB687B6102
:2080400001233B613B6983F3108800BFFB791A4A32F813309BB2002B09D0FB79164A32F85B
:20806000132092B2013A91B2134A22F81310FB79114A32F813309BB2002B11D10F4BB3F8D6
:20808000FE339AB20E4B13439AB2FB790D4931F81330DB439BB2094913409BB2A1F8FE330B
:2080A0007B69BB60BB6883F3108800BF00BF1C37BD465DF8047B7047CC47002000E00140DD
:2080C00000A5FFFFDC86000080B487B000AF0346FB7100237B61EFF31083FB60FB687B61BE
:2080E00001233B613B6983F3108800BFFB79164A32F813309BB2002B0FD1144BB3F8FE337B
:208100009AB2FB79124931F8133013439AB20F49104B13439BB2A1F8FE33FB790A4A32F824
:20812000132092B2013291B2074A22F813107B69BB60BB6883F3108800BF00BF1C37BD46C0
:208140005DF8047B704700BFCC47002000E00140DC86000000A5FFFF80B500AF00F00CF8A4
:20816000FBF750FA00BFFDE780B400AF00BE00BFBD465DF8047B704780B584B000AF3A4B95
:208180004FF47002C3F88820374B384A9A600020FBF724FAFFF7E2FC0120FBF71FFA334B1B
:2081A0001B68A3F580633B603B6883F30A8800BF2F4A304BD31A1A4600212E4800F06AF892
:2081C0002D4A2E4BD31A1A462D492C4800F06AF82C4A2D4BD31A9B107B600023FB6007E060
:2081E000294AFB6852F823309847FB680133FB60FA687B689A42F3DBFFF748FCFFF72AFDF5
:208200000320FFF761FF0023BB6009E01F4ABB6808334FF6FF7122F81310BB680133BB6093
:20822000BB68052BF2D90320FFF7FEFE0320FFF74BFF174B00225A60154B00229A60144B8F
:208240000022DA60124B00221A610320FFF7ECFE0220FBF7C3F9FFF763FE0020FFF758FD33
:2082600000BF1037BD4680BD00ED00E000000000D8470020C8080020AC08002000000020C8
:20828000E8860000A8080020A4080020000D084000000E4002440346934200D1704703F84A
:2082A000011BF9E70A44431E914200D1704710B511F8014B914203F8014FF9D110BDFFFFEB
:2082C00000000305352E332E300000004275696C7420776974682052656E65736173204174
:2082E0006476616E63656420466C657869626C6520536F667477617265205061636B61678C
:20830000652076657273696F6E20352E332E3000F8B500BFF8BC08BC9E467047F8B500BFD3
:20832000F8BC08BC9E4670475FF800F0790000205FF800F0810600205FF800F001000020F4
:208340005FF800F0B50100205FF800F0290200205FF800F0190300205FF800F089040020F7
:208360005FF800F0ED040020010C00030400030300040000010700FF000000000000000080
:208380000000000000000000000000000000000000000000000000000000000000000000DD
:2083A000000000000000FFFFDFDF0000000000000000000000000000000000000000000001
:2083C00000000000404B4C0000000000A025260001021100D10A00000000000084830000E5
:2083E00000000000000000000000000000000000010D010E20450020E0830000848600006E
:20840000060803030101000000000000000000000000000000000000000000010000000045
:2084200000090A0B0C03030303000000010000000000000000000000450A000000000000B6
:208440001484000000010000580700200F00FFFF00000000FFFF00000002000001050106EA
:208460000107010800000000000000009D0C00000000000044840000000000006C070020E7
:208480008C0700200000000020000000000000000000000000000000000000005C07002086
:2084A000190300000000000078840000020001020000010400010000000001040101000092
:2084C000040000000601000004000000070100000000010008010000000401060901000066
:2084E000000401060A010000000001060B010000050000000C010000040000000D0100002F
:20850000000001030502000004000000060200000400000007020000050000000802000028
:20852000000001000C020000000001000D020000000001000003000004000000030300000E
:208540000400000004030000050000000004000000000110010400000000011002040000DA
:208560000400000007040000040000000005000018000000B084000000000000A100A40052
:20858000A500A200A3008001810182018301C401C501C801C70131003000EA000400CF00AD
:2085A0000000000000000000000000000000000000000000000000000000000000000000BB
:2085C00000000000000000000000000000000000000000000000000000000000000000009B
:2085E00000000000000000000000000000000000000000000000000000000000000000007B
:2086000000000000000000000000000000000000000000000000000000000000000000005A
:2086200000000000000000000000000000000000000000000000000000000000FFFF00FF3D
:20864000010203FF020403040404FFFF00000000FFFF000000200000800000000000010063
:20866000FFFF07000080000080000000020000004C86000000000008FF1F000840000000B3
:2086800004000000B55F000055600000AB6000002B610000D5620000116300009D610000CD
:2086A0000162000027620000D961000049620000B76200006562000095620000756300003A
:2086C00036E0014038E0014090E4014032E0014080E401402AE001404AE001400100020084
:2086E000080010000000000080B584B000AF0023FB6000237B60194BB3F884309BB23B6023
:208700004FF49643BB60154B4FF42A42A3F8842008E0BB68002B02D14FF4FA73FB60BB689D
:20872000013BBB600D4BB3F884309BB2002BF0D13B68012B06D1094B4DF60112A3F84420A3
:2087400000F066FB7B6840F2F512934201D17B68FB60FB6818461037BD4680BD00E07F40E0
:2087600080B584B000AF78607B685B681B78002B0DD07B685B6893F91130184600F04CFBC0
:208780007B685B6893F91330184600F045FB124BB3F884309BB2002B02D1786800F040FBC4
:2087A00000F01CF8F86000F049F8B860FB68002B01D1BB68FB60FFF797FFB860FB68002B04
:2087C00001D1BB68FB607B68002283F83420FB6818461037BD4680BD00E07F4080B483B027
:2087E00000AF4FF496437B60124BB3221A7007E07B68002B01D1142315E07B68013B7B602A
:208800000D4BD3F88030C3F3C033DBB2012BEFD1094B1B7CC3F30013DBB2002B02D040F2F3
:20882000F51300E0002318460C37BD465DF8047B704700BF00007E4000E07F4080B483B07B
:2088400000AF4FF496437B60124B50221A7007E07B68002B01D1142315E07B68013B7B602C
:208860000D4BD3F88030C3F3C033DBB2012BEFD1094B1B7CC3F30013DBB2002B02D040F293
:20888000F51300E0002318460C37BD465DF8047B704700BF00007E4000E07F4080B485B019
:2088A00000AFF860B9607A60174AFB689B6A1363164B20221A70154BD0221A70FB689A6A0F
:2088C000BB681A44FB689A62FB681B6B5A1EFB681A637B68002B10D007E07B68002B01D1C2
:2088E00014230BE07B68013B7B60074BD3F88030C3F3C033DBB2012BEFD1002318461437A1
:20890000BD465DF8047B704700E07F4000007E4080B586B000AFF860B9607A607B68002BF9
:2089200006D1FB685B6893F91130184600F074FA314AFB68DB6A1363304BE8221A70BB68E6
:208940005A082E4BD2B21A7000237B612AE0FB681B693B61FB689B6A1A46284B12881A8033
:2089600006E03B695A1E3A61002B01D114233EE0214BD3F88030C3F38023DBB2012BF0D04F
:20898000FB689B6A9A1CFB689A62FB68DB6A9A1CFB68DA62FB681B6B5A1EFB681A637B6938
:2089A00001337B61BB685B087A699A42CFD3134BD0221A707B68002B11D007E07B68002B02
:2089C00001D1142313E07B68013B7B600A4BD3F88030C3F3C033DBB2012BEFD106E0FB6866
:2089E0005B6893F91130184600F01EFA002318461837BD4680BD00BF00E07F4000007E4055
:208A000080B586B000AFF860B9607A6000237B61174B1B7CC3F30013DBB2012B0FD1144B38
:208A2000D3F88030C3F38033DBB2012B04D1104B1B7C0F4B00221A7440F2F5137B610C4B5B
:208A4000D3F88020BB681340002B01D07B687B61FB68002B01D0FB687B617B69002B01D0FC
:208A6000FFF7BCFE7B6918461837BD4680BD00BF00E07F4080B485B000AF786039607B68AB
:208A80009B69BB60194A3B681363194B40221A70174B08221A700023FB6008E0144A1549B3
:208AA000FB6831F813301380FB680133FB60FB68072BF3D90E4BD0221A7007E0BB68002BF7
:208AC00001D114230BE0BB68013BBB60074BD3F88030C3F3C033DBB2012BEFD100231846B8
:208AE0001437BD465DF8047B704700BF00E07F4000007E408C08002080B485B000AFF8605D
:208B0000B9607A60194B4FF6FF721A80174B4FF6FF725A807B689AB2FB689BB2DB039BB2B2
:208B200013439BB243F4F0439AB2104BDA80BB689BB26FEA43536FEA53539AB20B4B9A800D
:208B40000A4B4FF6FF721A81084B4FF6FF725A81064B4FF6FF729A81044B4FF6FF72DA8109
:208B600000BF1437BD465DF8047B70478C08002080B584B000AF78600023FB60786800F06B
:208B80007BF8F860FB68002B10D0FB681EE07B689B681A4680217868FFF7BAFEF860182234
:208BA0004FF4A041F868FFF72BFFF8607B681B6B002B02D0FB68002BE9D0FFF795FDB8606C
:208BC000FB68002B01D1BB68FB60FB6818461037BD4680BD80B588B000AFF860B9607A6008
:208BE0000023FB61FB68BA689A62FB687A681A63F86800F041F8F861FB69002B01D0FB690D
:208C000033E01C4B0122A3F8E0201EE0FB689B6AB3F5803F06D2FB68DB69BB614FF400531E
:208C20007B6105E0FB681B6ABB614FF400437B61BA697969F868FFF731FEF86119224FF4AC
:208C4000C041F869FFF7DCFEF861FB681B6B002B02D0FB69002BD9D0FFF746FD3861FB6935
:208C6000002B01D13B69FB61FB6918462037BD4680BD00BF00E07F4080B584B000AF786050
:208C80000023FB604FF49643BB607B685B681B78002B0DD07B685B6893F91130184600F01D
:208CA000BBF87B685B6893F91330184600F0B4F80F4B4FF45942A3F844200D4B4AF60122A0
:208CC000A3F8842008E0BB68002B02D14FF4FA7309E0BB68013BBB60054BB3F884309BB23D
:208CE000012BF0D1FB6818461037BD4680BD00BF00E07F4080B588B000AFF860B9607A607A
:208D0000174BD3F8DC30C3F3C073DBB2BB61F868FFF7B2FFF861FB69002B01D0FB691BE069
:208D2000BB68590B7B685B0B1A46B869FFF7E4FE0C49F868FFF79EFEF86118220021F869AE
:208D4000FFF75EFEF861FFF7CFFC7861FB69002B01D17B69FB61FB6918462037BD4680BDD4
:208D600000E07F4030A1000180B584B000AF78600B46FB701346BB707868FFF77DFFF860A8
:208D8000FB68002B01D0FB6832E0BB78002B08D0FB789BB2184A43F4CC439BB2A2F8E83062
:208DA0001DE01022FF21154800F02EF8FB789BB203F001039BB2002B02D14FF6FF7201E058
:208DC00047F6FF720D4BDA800D497868FFF752FEF86018220021F868FFF712FEF860FFF750
:208DE00083FCB860FB68002B01D1BB68FB60FB6818461037BD4680BD00E07F408C08002063
:208E000030A10001000000005FF800F0958200005FF800F0A15D00005FF800F03D5F0000FA
:208E20005FF800F0CD6800005FF800F0DD5E0000010000000010000000100000000004000F
:208E40004000020005000000060000000300000003000000FFFFFF1FFFFFFF1F0000000087
:208E600000000000000000000000000000000000000000000000000000000100FA070000F0
:208E800000000000FB07000000000000FC07000000000000000000000000010000000000CC
:208EA0000000010000000000000001000000000000000100000000000000000000000000AF
:208EC000000000000000000000000000000000000000000000000000000000000000000092
:208EE000000000000000000000000000000000000000000000000000000000000000000072
:208F0000000000000000000000000000000000000000000000000000000000000000000051
:208F2000000000000000000000000000000000000000000000000000000000000000000031
:208F4000000000000000000000000000000000000000000000000000000000000000000011
:208F60000000000000000000000000000000000000000000FFFF00000000000000000000F3
:148F80000000000001000000748600002D02000005020000AC
:020000040001F9
:20000000E8F4002049300100613601006998020059300100593001005930010059300100A7
:20002000000000000000000000000000BDA001005930010000000000F9A0010069A1010033
:20004000834801007B490100254A01007B490100254A0100FF8501009F8501007D860100BC
:20006000C5860100579C0100A39C0100219D0100B99D0100138F01003B8E0100DF8F01000E
:2000800037900100F55F0100595F01005D6B01005D6B01000D7D0100756C0100756C0100A9
:2000A000000000000000000000000000000000000000000000000000000000000000000040
:2000C000000000000000000000000000000000000000000000000000000000000000000020
:2000E000000000000000000000000000000000000000000000000000000000000000000000
:200100000000000000000000000000000000000000000000000000000000000000000000DF
:200120000000000000000000000000000000000000000000000000000000000000000000BF
:2001400000000000000000000000000000000000000000000000000000000000000000009F
:2001600000000000000000000000000000000000000000000000000000000000000000007F
:2001800000000000000000000000000000000000000000000000000000000000000000005F
:2001A00000000000000000000000000000000000000000000000000000000000000000003F
:2001C00080B483B000AF78607B6803F108027B685A607B684FF0FF329A607B6803F1080285
:2001E0007B68DA607B6803F108027B681A617B6800221A6000BF0C37BD465DF8047B704794
:2002000080B483B000AF78607B6800221A6100BF0C37BD465DF8047B704780B485B000AFC8
:20022000786039603B681B68BB60BB68B3F1FF3F03D17B681B69FB600CE07B680833FB600C
:2002400002E0FB685B68FB60FB685B681B68BA689A42F6D2FB685A683B685A603B685B68E4
:200260003A689A603B68FA689A60FB683A685A603B687A681A617B681B685A1C7B681A60EB
:2002800000BF1437BD465DF8047B704780B485B000AF78607B681B69FB607B685B687A688C
:2002A00092689A607B689B687A6852685A60FB685B687A689A4203D17B689A68FB685A6054
:2002C0007B6800221A61FB681B685A1EFB681A60FB681B6818461437BD465DF8047B704746
:2002E00080B588B000AF786000237B617B68002B22D00823DB437A689A421BD808227B6804
:2003000013447B607B6803F00703002B14D07B6803F00703C3F108033B613B69DB437A68DD
:200320009A4204D87A683B6913447B6004E000237B6001E000237B6001F0D6FB624B1B689A
:20034000002B01D100F048F97B68002BC0F2A9807B68002B00F0A5805C4B1B687A689A427B
:2003600000F29F805A4BBB61594B1B68FB61FB69584A934203D3FB69574A934218D9574B0A
:20038000574AF521574803F091F8FB69BB61FB691B68FB61FB694F4A934203D3FB694E4A24
:2003A000934205D94D4B4E4AFB214E4803F07EF8FB695B687A689A4203D9FB691B68002B6C
:2003C000E3D1414B1B68FA699A426AD0BB691B68082213447B617B693E4A934203D37B69E2
:2003E0003D4A934206D9404B3D4A40F205113D4803F05CF8FB691A68BB691A60FB695B68F1
:200400007A689A4206D9394B354A40F20D11354803F04CF8FB695A687B68D21A08235B00BD
:200420009A421FD9FA697B681344FB60FB6803F00703002B06D02E4B294A4FF48B712948F3
:2004400003F034F8FB695A687B68D21AFB685A60FB697A685A60BB691A68FB681A60BB69C4
:20046000FA681A60194B1A68FB695B68D31A174A1360164B1A681F4B1B689A4203D2134BF3
:200480001B681C4A1360FB695B6843F00042FB695A60FB6900221A60174B1B680133164ACD
:2004A000136001F02FFB7B6903F00703002B06D0124B0B4A40F257110A4802F0F7FF7B6962
:2004C00018462037BD4680BD30AB002034AB002028AB0020280B002027AB002098B80200A3
:2004E00050BC02000CB90200B4B9020028BA02005CBA020038AB00203CAB002090BA020066
:2005000080B584B000AF78607B68FB607B68002B4CD008235B42FA681344FB60FB68BB6029
:20052000BB68244A934203D3BB68234A934206D9224B234A4FF4B571224802F0B7FFBB68C3
:200540005B68002B06DB204B1D4A40F26B111D4802F0ACFFBB681B68002B06D01B4B184ADB
:200560004FF4B671174802F0A1FFBB685B68002B1CDABB681B68002B18D1BB685B6823F066
:200580000042BB685A6001F0AFFABB685A68104B1B6813440E4A1360B86800F077F80D4BE6
:2005A0001B6801330B4A136001F0ACFA00BF1037BD4680BD280B002027AB0020CCBA020012
:2005C00060BC02000CB902003CBB0200B0BB020034AB002040AB002080B485B000AF4FF46B
:2005E0002043BB60244BFB60FB6803F00703002B0CD0FB680733FB60FB6823F00703FB6079
:20060000BA68FB68D31A1C4A1344BB60FB681B4A13601A4B00225A60FA68BB6813447B605D
:2006200008227B689B1A7B607B6823F007037B607B68134A1360124B1B6800225A60104B78
:200640001B6800221A60FB683B603B687A68D21A3B685A600A4B1A683B681A603B685B6855
:20066000084A13603B685B68074A136000BF1437BD465DF8047B7047280B002028AB0020AD
:2006800030AB002038AB002034AB002080B584B000AF7860304BFB6002E0FB681B68FB6074
:2006A000FB681B687A689A42F7D8FB682A4A93420ED0FB68294A934203D3FB68284A934212
:2006C00006D9284B284A4FF4FD71284802F0EEFEFB68BB60FB685B68BA6813447A689A427C
:2006E00008D1FB685A687B685B681A44FB685A60FB687B607B68BB607B685B68BA681A4479
:20070000FB681B689A4218D1FB681A68184B1B689A420DD07B685A68FB681B685B681A44FE
:200720007B685A60FB681B681A687B681A6008E00F4B1A687B681A6003E0FB681A687B688B
:200740001A60FA687B689A4202D0FB687A681A6000BF1037BD4680BD28AB0020280B0020E1
:2007600027AB0020D8BB02006CBC02000CB9020030AB002080B584B000AF78603960012359
:20078000FB607B68BB60BB68002B06D13C4B3D4A40F237113C4802F089FEBB68002B5ED0DA
:2007A000BB68DB6B002B5AD0BB681A6CBB68DB6B0021A3FB0223002B00D001210B46002BEC
:2007C0004DD109F077FDBB681A68BB68DB6BB968096C01FB03F31A44BB689A60BB68002238
:2007E0009A63BB681A68BB685A60BB681A68BB68DB6B013BB968096C01FB03F31A44BB6827
:20080000DA60BB68FF2283F84420BB68FF2283F845203B68002B15D1BB681B69002B1BD0E6
:20082000BB681033184601F07DFC0346002B13D0164B4FF080525A60BFF34F8F00BFBFF306
:200840006F8F09E0BB6810331846FFF7B9FCBB6824331846FFF7B4FC09F064FD01E0002366
:20086000FB60FB68002B06D1094B064A4FF4B671054802F01BFEFB6818461037BD4680BD0A
:2008800088BC020064C0020090BC020000ED00E024BD020080B58AB002AFF860B960134604
:2008A000FB710023FB61FB68002B2ED00021BA68FB68A3FB0223002B00D001210B46002BBF
:2008C00023D1FB68BA6802FB03F313F14D0F1CD8FB68BA6802FB03F3BB61BB694C331846C3
:2008E000FFF7FEFCF861FB69002B18D0FB697B617B694C337B61FA79FB69009313467A6913
:20090000B968F86800F016F809E0FB69002B06D1054B064A40F22A21054802F0C7FDFB6985
:2009200018462037BD4680BD48BD020078C0020090BC020080B584B000AFF860B9607A60D0
:20094000FB70BB68002B03D1BB69BA691A6002E0BB697A681A60BB69FA68DA63BB69BA68DE
:200960001A640121B869FFF705FFBB6900229A6400BF1037BD4680BD80B582B000AF786044
:200980007B68002B0ED07B6800229A607B6800221A607B680022DA60002300220021786868
:2009A00000F08AF800BF0837BD4680BD80B586B000AF0346FB7101237B6100233B61FB7985
:2009C0001A4639697869FFF765FFF860F868FFF7D3FFFB6818461837BD4680BD90B585B090
:2009E00000AF78607B68BB60BB68002B06D1134B134A40F2FB21134802F058FDBB689C687B
:200A000001F0A6FD03469C4211D1BB68DB685A1EBB68DA60BB68DB68002B05D10023002252
:200A20000021B86800F048F80123FB6001E00023FB60FB6818461437BD4690BD54BD0200F8
:200A40008CC0020090BC020090B585B000AF786039607B68BB60BB68002B06D1134B144A81
:200A600040F23731134802F021FDBB689C6801F06FFD03469C4207D1BB68DB685A1CBB68EF
:200A8000DA600123FB600CE03968B86800F0B6FAF860FB68002B04D0BB68DB685A1CBB6897
:200AA000DA60FB6818461437BD4690BD54BD0200A8C0020090BC020080B58AB000AFF8605F
:200AC000B9607A603B6000237B62FB683B623B6A002B06D1794B7A4A40F2B631794802F08D
:200AE000E5FCBB68002B0AD13B6A1B6C002B06D0754B734A40F2B731724802F0D7FC3B6806
:200B0000022B0AD13B6ADB6B012B06D06F4B6C4A4FF46E716B4802F0C9FC01F029FD034684
:200B2000002B00D009E07B68002B06D0684B644A40F2BB31634802F0B9FC09F0BBFB3B6AC8
:200B40009A6B3B6ADB6B9A4202D33B68022B49D13B6A9B6BFB613A68B968386A00F062FB51
:200B6000B8613B6A9B6C002B15D03B68022B02D1FB69002B32D1386A00F0F4FC0346002B75
:200B80002CD0544B4FF080525A60BFF34F8F00BFBFF36F8F22E03B6A5B6A002B11D03B6AD3
:200BA0002433184601F0BEFA0346002B16D0494B4FF080525A60BFF34F8F00BFBFF36F8F1F
:200BC0000CE0BB69002B09D0424B4FF080525A60BFF34F8F00BFBFF36F8F00BF09F0A2FB55
:200BE000012366E07B68002B03D109F09BFB00235FE07B6A002B06D107F11003184601F077
:200C00006BFB01237B6209F08DFB00F06DFF09F051FB3B6A93F844305BB2B3F1FF3F03D1E4
:200C20003B6A002283F844203B6A93F845305BB2B3F1FF3F03D13B6A002283F8452009F006
:200C400071FB3A1D07F110031146184601F05AFB0346002B25D1386A00F0E9FB0346002B77
:200C600019D03B6A10337A681146184601F0ECF9386A00F067FB00F045FF0346002B7FF427
:200C80005CAF144B4FF080525A60BFF34F8F00BFBFF36F8F0CE0386A00F054FB00F032FF32
:200CA0004BE7386A00F04EFB00F02CFF002300E043E718462837BD4680BD00BF88BC0200DD
:200CC000C4C0020090BC020064BD0200BCBD02000CBE020000ED00E080B58EB000AFF8608F
:200CE000B9607A603B60FB683B633B6B002B06D14F4B504A40F291414F4802F0D7FBBB6807
:200D0000002B0AD13B6B1B6C002B06D04B4B494A40F29241484802F0C9FB3B68022B0AD180
:200D20003B6BDB6B012B06D0454B424A40F29341414802F0BBFB09F033FBEFF31183BB61B9
:200D4000BB69FB621023FB61FB6983F3118800BF3B6B9A6B3B6BDB6B9A4202D33B68022B39
:200D600059D13B6B93F8453087F82B303B6B9B6B7B623A68B968386B00F054FA97F92B30B1
:200D8000B3F1FF3F29D13B6B9B6C002B12D03B68022B02D17B6A002B3AD1386B00F0E2FB8F
:200DA0000346002B34D07B68002B31D07B6801221A602DE03B6B5B6A002B29D03B6B243393
:200DC000184601F0AFF90346002B21D07B68002B1ED07B6801221A601AE000F0AFFF386209
:200DE00097F92B303A6A9A4212D997F92B307F2B06D1144B0F4A40F21F510F4802F056FB3D
:200E000097F82B300133DBB25AB23B6B83F8452001237B6301E000237B63FB6A7B617B698C
:200E200083F3118800BF7B6B18463837BD4680BD88BC0200D8C0020090BC020064BD0200A0
:200E4000BCBD020060BE020080B58AB000AFF860B9607A6000237B62FB683B623B6A002BBE
:200E600006D1604B604A40F2EA51604802F01EFBBB68002B0AD13B6A1B6C002B06D05C4B29
:200E8000594A40F2EE51594802F010FB01F070FB0346002B00D009E07B68002B06D0554B93
:200EA000514A40F2F351514802F000FB09F002FA3B6A9B6BFB61FB69002B21D0B968386A5C
:200EC00000F01AFAFB695A1E3B6A9A633B6A1B69002B11D03B6A1033184601F023F90346BF
:200EE000002B09D0444B4FF080525A60BFF34F8F00BFBFF36F8F00BF09F014FA01236CE05F
:200F00007B68002B03D109F00DFA002365E07B6A002B06D107F11403184601F0DDF9012348
:200F20007B6209F0FFF900F0DFFD09F0C3F93B6A93F844305BB2B3F1FF3F03D13B6A002234
:200F400083F844203B6A93F845305BB2B3F1FF3F03D13B6A002283F8452009F0E3F93A1D77
:200F600007F114031146184601F0CCF90346002B24D1386A00F045FA0346002B18D03B6ABC
:200F800024337A681146184601F05EF8386A00F0D9F900F0B7FD0346002B87D1164B4FF0A8
:200FA00080525A60BFF34F8F00BFBFF36F8F13E0386A00F0C7F900F0A5FD77E7386A00F0DF
:200FC000C1F900F09FFD386A00F01BFA0346002B3FF46CAF002300E068E718462837BD4650
:200FE00080BD00BF04BF0200F4C0020090BC020010BF02000CBE020000ED00E080B58AB053
:2010000000AF7860396000237B627B68FB6100233B62FB69002B06D1704B714A40F28461BE
:20102000704802F043FAFB691B6C002B06D06E4B6B4A4FF4D1616B4802F038FA01F098FAA0
:201040000346002B00D009E03B68002B06D0674B634A40F28D61634802F028FA09F02AF965
:20106000FB699B6BBB61BB69002B26D0BB695A1EFB699A63FB691B68002B04D101F06CFC68
:201080000246FB699A60FB691B69002B11D0FB691033184601F046F80346002B09D0544B96
:2010A0004FF080525A60BFF34F8F00BFBFF36F8F00BF09F037F901238CE03B68002B03D14C
:2010C00009F030F9002385E07B6A002B06D107F10C03184601F000F901237B6209F022F91B
:2010E00000F002FD09F0E6F8FB6993F844305BB2B3F1FF3F03D1FB69002283F84420FB693B
:2011000093F845305BB2B3F1FF3F03D1FB69002283F8452009F006F93A4607F10C031146D0
:20112000184601F0EFF80346002B33D1F86900F068F90346002B27D0FB691B68002B09D1F8
:2011400009F0B8F8FB699B68184601F02FFA386209F0E8F8FB6924333A681146184600F092
:2011600073FFF86900F0EEF800F0CCFC0346002B7FF474AF1E4B4FF080525A60BFF34F8F40
:2011800000BFBFF36F8F24E0F86900F0DBF800F0B9FC63E7F86900F0D5F800F0B3FCF869AB
:2011A00000F02FF90346002B3FF458AF3B6A002B0DD009F07FF8F86900F01CF87861FB69AA
:2011C0009B687969184601F01BFB09F0ABF8002300E043E718462837BD4680BD04BF02003A
:2011E00004C1020090BC020084BE02000CBE020000ED00E080B485B000AF78607B685B6A65
:20120000002B06D07B681B6B1B68C3F10F03FB6001E00023FB60FB6818461437BD465DF8FD
:20122000047B704780B586B000AFF860B9607A6000237B61FB689B6B3B61FB681B6C002BFA
:201240000DD1FB681B68002B4DD1FB689B68184601F03EFA7861FB6800229A6043E07B6836
:20126000002B19D1FB685868FB681B6C1A46B96819F066FEFB685A68FB681B6C1A44FB688E
:201280005A60FB685A68FB689B689A422BD3FB681A68FB685A6026E0FB68D868FB681B6C9A
:2012A0001A46B96819F04CFEFB68DA68FB681B6C5B421A44FB68DA60FB68DA68FB681B68A8
:2012C0009A4207D2FB689A68FB681B6C5B421A44FB68DA607B68022B05D13B69002B02D0EB
:2012E0003B69013B3B613B695A1CFB689A637B6918461837BD4680BD80B582B000AF786039
:2013000039607B681B6C002B18D07B68DA687B681B6C1A447B68DA607B68DA687B689B68A2
:201320009A4203D37B681A687B68DA607B68D9687B681B6C1A46386819F002FE00BF0837E4
:20134000BD4680BD80B584B000AF786008F0B2FF7B6893F84530FB731EE07B689B6C002B50
:2013600008D0786800F0FEF80346002B10D001F02FF80DE07B685B6A002B12D07B68243387
:20138000184600F0CFFE0346002B01D001F020F8FB7B013BDBB2FB7397F90F30002BDCDC85
:2013A00000E000BF7B68FF2283F8452008F0BAFF08F080FF7B6893F84430BB7311E07B689E
:2013C0001B69002B12D07B681033184600F0AAFE0346002B01D000F0FBFFBB7B013BDBB232
:2013E000BB7397F90E30002BE9DC00E000BF7B68FF2283F8442008F095FF00BF1037BD46EA
:2014000080BD80B584B000AF786008F053FF7B689B6B002B02D10123FB6001E00023FB6090
:2014200008F080FFFB6818461037BD4680BD80B584B000AF786008F03DFF7B689A6B7B68FE
:20144000DB6B9A4202D10123FB6001E00023FB6008F068FFFB6818461037BD4680BDFFFF14
:2014600080B584B000AF786039600023BB607B68002B06D11D4B1E4A40F6CD311D4802F065
:2014800015F83B68002B24D00023FB601EE01A4AFB68DB0013445B687A689A4205D1FB684E
:2014A000DB00154A1344BB6013E0BB68002B0AD1114AFB6852F83330002B04D1FB68DB00BB
:2014C0000D4A1344BB60FB680133FB60FB68312BDDD9BB68002B05D0BB683A681A60BB6857
:2014E0007A685A6000BF1037BD4680BD00C0020018C1020090BC020044AB002080B586B0A5
:2015000000AFF860B9607A60FB687B6108F0D2FE7B6993F844305BB2B3F1FF3F03D17B6940
:20152000002283F844207B6993F845305BB2B3F1FF3F03D17B69002283F8452008F0F2FE35
:201540007B699B6B002B06D17B6924337A68B968184600F09FFD7869FFF7F4FE00BF1837A0
:20156000BD4680BD80B586B000AF78607B689B6C3B6100237B613B69002B06D12B4B2C4A22
:2015800040F6FC412B4801F091FF3B699A6B3B69DB6B9A4206D3284B254A40F6FD412548D9
:2015A00001F084FF3B699A6B3B69DB6B9A4238D23B6993F84530FB733B1D002219463869B2
:2015C000FFF730FE786197F90F30B3F1FF3F0ED13B695B6A002B24D03B692433184600F0AD
:2015E000A1FD0346002B1CD001237B6119E000F0A5FBB86097F90F30BA689A4211D997F905
:201600000F307F2B06D10D4B094A40F61D51094801F04CFFFB7B0133DBB25AB23B6983F8CC
:2016200045207B6918461837BD4680BD08C002002CC1020090BC02001CC0020060BE02006F
:2016400080B58AB004AFF860B9607A603B607B689B001846FEF744FE38613B69002B13D024
:201660006C20FEF73DFE78617B69002B08D06C220021786919F056FC7B693A691A6305E01A
:201680003869FEF73DFF01E000237B617B69002B0DD0002303937B6902937B6A01933B6A5C
:2016A00000933B687A68B968F86800F029F87B6918461837BD4680BD80B588B002AFF86039
:2016C000B9607A603B607B6A01933B6A00933B687A68B968F868FFF7B3FF38613B69002BB5
:2016E00005D0386900F0A2F801237B6102E04FF0FF337B617B6918461837BD4680BDFFFFEC
:2017000080B586B000AFF860B9607A603B60BB6A186B7B689B001A46A52119F003FCBB6A50
:201720001A6B7B6803F18043013B9B0013443B613B6923F007033B613B6903F00703002B97
:2017400006D0364B364A40F22E71364801F0AEFEBB6A3A695A64BB68002B20D000237B6103
:2017600014E0BA687B69134493F90010BA6A7B69134434330A461A70BA687B69134493F9F3
:201780000030002B06D07B6901337B617B690F2BE7D900E000BFBB6A002283F843203B6ADD
:2017A0000E2B06D9204B1E4A40F264711D4801F07DFE3B6A0E2B01D90E233B62BB6A3A6A17
:2017C000DA62BB6A3A6A9A64BB6A04331846FEF717FDBB6A18331846FEF712FDBB6ABA6A28
:2017E0001A613B6AC3F10F02BB6A9A61BB6ABA6A5A62BB6A196B3B68FA68386908F0FEFC9E
:201800000246BB6A1A607B6A002B02D07B6ABA6A1A6000BF1837BD4680BD00BF4CC1020060
:201820003CC5020090C1020024C2020080B584B000AF786008F03EFD414B1B680133404A7A
:201840001360404B1B68002B09D13E4A7B6813603B4B1B68012B10D100F0E0FD0DE03A4BCF
:201860001B68002B09D1374B1B68DA6A7B68DB6A9A4202D8334A7B681360344B1B680133B0
:20188000324A13607B68DA6A314B1B689A4203D97B68DB6A2E4A13607B68DA6A2D49134672
:2018A0009B0013449B000B4404331B68FB607B68FA689A60FB689A687B68DA60FB689B6810
:2018C0007A6804325A607B681A1DFB689A607B68DA6A13469B0013449B001E4A1A447B6809
:2018E0005A617B68DA6A1B4913469B0013449B000B441B687A68D26A591C164813469B0005
:2019000013449B000344196008F00CFD0E4B1B68002B10D00B4B1B68DA6A7B68DB6A9A420C
:2019200009D20D4B4FF080525A60BFF34F8F00BFBFF36F8F00BF00BF1037BD4680BD00BFE6
:2019400074AE0020D4AC002080AE002090AE00207CAE0020D8AC002000ED00E080B584B0D5
:2019600000AF78600023FB607B68002B13D000F0BBF8114B1B68012B06D0104B104A40F602
:201980008E11104801F092FD0021786800F0FCFF00F0B8F8F860FB68002B09D10A4B4FF0F0
:2019A00080525A60BFF34F8F00BFBFF36F8F00BF00BF1037BD4680BD9CAE002080C20200E9
:2019C00054C5020090C1020000ED00E080B58AB002AF0123FB6100233B6100237B6113E07B
:2019E0001D4A7B69134493F900103A467B6913440A461A703A467B69134493F90030002B72
:201A000006D07B6901337B617B690F2BE8DD00E000BF0023BB6115E0104B3B61BB699B0090
:201A20000F4A13443946019300230093002380223869FFF741FEF861FB69002B06D0BB69B0
:201A40000133BB61BB69002BE6DD00E000BFFB6918462037BD4680BDCCC20200E92301008F
:201A600098AE002080B582B000AFFFF7AFFF78607B68012B02D100F0F7FF78607B68012BBF
:201A800012D101233B603B6883F3108800BF0F4B4FF0FF321A600E4B01221A600D4B002280
:201AA0001A6008F0EFFB0AE07B68B3F1FF3F06D1094B0A4A40F6A961094801F0F7FC094BD3
:201AC0001B6800BF0837BD4680BD00BF94AE002080AE002078AE0020D4C2020060C50200D1
:201AE00090C1020048C1020080B400AF044B1B680133034A136000BFBD465DF8047B704792
:201B00009CAE002080B588B000AF0023FB610023BB6108F0CFFB00233B61744B1B68002B93
:201B200006D1734B734A40F68B71734801F0BEFC6E4B1B68013B6D4A13606C4B1B68002BB4
:201B400040F0CD806D4B1B68002B00F0C8808FE06B4BDB68DB68FB61FB699B6AFB60FB693B
:201B6000DB69FA69126A9A60FB691B6AFA69D2695A60FB685A68FB6918339A4203D1FB691F
:201B80001A6AFB685A60FB6900229A62FB681B685A1EFB681A60FB695B69BB60FB699B683D
:201BA000FA69D2689A60FB69DB68FA6992685A60BB685A68FB6904339A4203D1FB69DA68FA
:201BC000BB685A60FB6900225A61BB681B685A1EBB681A60FB69DA6A4A4B1B689A4203D9B4
:201BE000FB69DB6A474A1360FB69DA6A464913469B0013449B000B4404331B687B60FB69D3
:201C00007A689A607B689A68FB69DA607B689B68FA6904325A60FB691A1D7B689A60FB6950
:201C2000DA6A13469B0013449B00374A1A44FB695A61FB69DA6A344913469B0013449B0071
:201C40000B441B68FA69D26A591C2F4813469B0013449B0003441960FB69DA6A2B4B1B68E0
:201C6000DB6A9A4204D92A4A3B69012142F82310234B1B68002B7FF46BAFFB69002B01D0B6
:201C800000F04AFC234B1B687B617B69002B12D000F060F80346002B04D01D4A3B69012193
:201CA00042F823107B69013B7B617B69002BEFD1184B00221A60164A3B6952F82330002B21
:201CC0000DD00123BB61114B1B68134B4FF080525A60BFF34F8F00BFBFF36F8F00BF08F029
:201CE00021FBBB6918462037BD4680BD9CAE0020E8C2020074C5020090C1020074AE0020C9
:201D000034AE00207CAE0020D8AC0020D4AC002088AE002084AE002000ED00E080B483B057
:201D200000AF054B1B687B607B6818460C37BD465DF8047B704700BF78AE002080B400AF4C
:201D4000034B1B681846BD465DF8047B704700BF74AE002080B588B000AF0023FB617D4B62
:201D60001B68002B40F0EB807B4B1B680133BB61794ABB691360BB69002B1CD1774B1B68A6
:201D80001B68002B06D0764B764A41F25F21764801F08CFB714B1B687B61744B1B686F4A3F
:201DA0001360724A7B691360714B1B680133704A136000F0B1FB6F4B1B68BA699A42C0F075
:201DC000A980664B1B681B68002B04D1694B4FF0FF321A609EE0614B1B68DB68DB683B61B6
:201DE0003B695B68FB60BA69FB689A4203D2614AFB6813608EE03B695B69BB603B699B68D1
:201E00003A69D2689A603B69DB683A6992685A60BB685A683B6904339A4203D13B69DA6857
:201E2000BB685A603B6900225A61BB681B685A1EBB681A603B699B6A002B1ED03B699B6A1E
:201E40007B603B69DB693A69126A9A603B691B6A3A69D2695A607B685A683B6918339A4275
:201E600003D13B691A6A7B685A603B6900229A627B681B685A1E7B681A603B69DA6A3E4B5B
:201E80001B689A4203D93B69DB6A3B4A13603B69DA6A3A4913469B0013449B000B4404334F
:201EA0001B683B603B693A689A603B689A683B69DA603B689B683A6904325A603B691A1D2D
:201EC0003B689A603B69DA6A13469B0013449B002A4A1A443B695A613B69DA6A27491346B5
:201EE0009B0013449B000B441B683A69D26A591C224813469B0013449B00034419603B697B
:201F0000DA6A1F4B1B68DB6A9A427FF65AAF0123FB6156E71A4B1B68DA6A184913469B00B3
:201F200013449B000B441B68012B01D90123FB61144B1B68002B07D00123FB6104E0124BB2
:201F40001B680133104A1360FB6918462037BD4680BD00BF9CAE002078AE00202CAE00203B
:201F600038C3020084C5020090C1020030AE00208CAE002094AE00207CAE0020D8AC00201E
:201F8000D4AC002088AE002084AE002080B582B000AF254B1B68002B03D0244B01221A60E6
:201FA0003EE0224B00221A60214B1B687B600CE07B68002B06D11F4B1F4A41F2FA311F48C7
:201FC00001F074FA7B68013B7B601D497A6813469B0013449B000B441B68002BE8D07A68E3
:201FE00013469B0013449B00154A13443B603B685B685A683B685A603B685A683B680833E2
:202000009A4203D13B68DA683B685A603B685B68DB680C4A1360064A7B681360094B1B68DF
:2020200000BF0837BD4680BD9CAE002088AE00207CAE0020B0C3020098C5020090C1020031
:20204000D8AC0020D4AC002080B582B000AF786039607B68002B06D10A4B0B4A4FF4A451EE
:202060000A4801F023FA0A4B1B68183319467868FEF7D3F80121386800F086FC00BF0837AC
:20208000BD4680BDC0C30200ACC5020090C10200D4AC002080B586B000AFF860B9607A60B0
:2020A000FB68002B06D11B4B1B4A41F2BE411B4801F0FCF9FB685B687B61194B1B687A69A9
:2020C000DA61174B1B687A6992681A62144B1A687B699B6818325A60114B1B6803F11802CE
:2020E0007B699A600E4B1B68FA689A62FB681B685A1CFB681A607B68002B02D04FF0FF333E
:20210000BB607968B86800F03FFC00BF1837BD4680BD00BFC0C30200C4C5020090C1020008
:20212000D4AC002080B588B000AF78607B68DB68DB68BB61BB69002B06D15E4B5E4A41F2DC
:20214000F5415E4801F0B2F9BB699B6A7B61BB69DB69BA69126A9A60BB691B6ABA69D269FA
:202160005A607B695A68BB6918339A4203D1BB691A6A7B695A60BB6900229A627B691B68F1
:202180005A1E7B691A604E4B1B68002B61D1BB695B69FB60BB699B68BA69D2689A60BB690B
:2021A000DB68BA6992685A60FB685A68BB6904339A4203D1BB69DA68FB685A60BB6900220C
:2021C0005A61FB681B685A1EFB681A60BB69DA6A3C4B1B689A4203D9BB69DB6A394A136080
:2021E000BB69DA6A384913469B0013449B000B4404331B68BB60BB69BA689A60BB689A6887
:20220000BB69DA60BB689B68BA6904325A60BB691A1DBB689A60BB69DA6A13469B001344FC
:202220009B00294A1A44BB695A61BB69DA6A264913469B0013449B000B441B68BA69D26A65
:20224000591C214813469B0013449B00034419601BE01E4B5B683B61BB693A69DA613B6991
:202260009A68BB691A623B699B68BA6918325A60BB6903F118023B699A60BB69134A9A62A1
:20228000124B1B680133114A1360BB69DA6A104B1B68DB6A9A4205D90123FB610D4B01221C
:2022A0001A6001E00023FB61FB6918462037BD4680BD00BFF8C30200E4C5020090C1020071
:2022C0009CAE00207CAE0020D8AC002034AE0020D4AC002088AE002080B483B000AF7860C0
:2022E000064B1A687B681A60054B1A687B685A6000BF0C37BD465DF8047B70478CAE002055
:2023000078AE002080B586B000AF786039607B68002B06D1284B294A41F2A551284801F097
:20232000C5F83B68002B06D1264B244A41F2A651234801F0BBF807F0BDFF234B1B683B61E3
:202340007B685B683A69D31AFB603B681B68B3F1FF3F02D100237B6126E07B681A681B4B41
:202360001B689A420AD07B685B683A699A4205D301237B613B6800221A6015E03B681B68CD
:20238000FA689A420BD23B681A68FB68D21A3B681A607868FFF7A0FF00237B6104E03B6896
:2023A00000221A6001237B6107F0BCFF7B6918461837BD4680BD00BF08C4020000C60200A9
:2023C00090C1020014C4020078AE00208CAE002080B400AF034B01221A6000BFBD465DF84B
:2023E000047B704788AE002080B582B000AF786000F054F8074B1B68012BF9D9064B4FF0C4
:2024000080525A60BFF34F8F00BFBFF36F8F00BFEEE700BFD8AC002000ED00E080B582B006
:2024200000AF00237B600CE07A6813469B0013449B00124A13441846FDF7C2FE7B6801335F
:202440007B607B680E2BEFD90D48FDF7B9FE0D48FDF7B6FE0C48FDF7B3FE0C48FDF7B0FED1
:202460000B48FDF7ADFE0B4B054A1A600A4B054A1A6000BF0837BD4680BD00BFD8AC00208C
:2024800004AE002018AE002034AE002048AE002060AE00202CAE002030AE002080B582B0DF
:2024A00000AF19E007F006FF104BDB68DB687B607B6804331846FDF7E9FE0D4B1B68013B52
:2024C0000B4A13600B4B1B68013B0A4A136007F029FF786800F010F8064B1B68002BE1D1B0
:2024E00000BF00BF0837BD4680BD00BF48AE002074AE00205CAE002080B582B000AF7860B0
:202500007B681B6B1846FDF7FBFF7868FDF7F8FF00BF0837BD4680BD80B400AF0A4B1B6842
:202520001B68002B04D1094B4FF0FF321A6005E0054B1B68DB681B68044A136000BFBD46D9
:202540005DF8047B704700BF2CAE002094AE002080B483B000AF054B1B687B607B681846D0
:202560000C37BD465DF8047B704700BFD4AC002080B483B000AF0B4B1B68002B02D101231A
:202580007B6008E0084B1B68002B02D102237B6001E000237B607B6818460C37BD465DF8E9
:2025A000047B704780AE00209CAE002080B586B000AF78607B683B6100237B617B68002BAF
:2025C0007BD03B69DA6A3F4B1B68DB6A9A426BD23B699B69002B06DB3A4B1B68DB6AC3F1A8
:2025E0000F023B699A613B6959693B69DA6A13469B0013449B00344A134499424CD13B6986
:2026000004331846FDF742FE2E4B1B68DA6A3B69DA623B69DA6A2D4B1B689A4203D93B6992
:20262000DB6A2A4A13603B69DA6A274913469B0013449B000B4404331B68FB603B69FA68C6
:202640009A60FB689A683B69DA60FB689B683A6904325A603B691A1DFB689A603B69DA6A24
:2026600013469B0013449B00174A1A443B695A613B69DA6A144913469B0013449B000B44DC
:202680001B683A69D26A591C0F4813469B0013449B000344196004E00A4B1B68DA6A3B69C2
:2026A000DA6201237B6108E03B699A6C054B1B68DB6A9A4201D201237B617B6918461837F4
:2026C000BD4680BDD4AC0020D8AC00207CAE002080B586B000AF78607B683B6100237B61BC
:2026E0007B68002B78D03F4B1B683A699A4206D03D4B3E4A41F628213D4800F0D7FE3B69A4
:20270000DB6C002B06D13B4B384A41F62921384800F0CCFE3B69DB6C5A1E3B69DA643B69C4
:20272000DA6A3B699B6C9A4256D03B69DB6C002B52D13B6904331846FDF7A8FD3B699A6CF3
:202740003B69DA623B69DB6AC3F10F023B699A613B69DA6A284B1B689A4203D93B69DB6ACD
:20276000254A13603B69DA6A244913469B0013449B000B4404331B68FB603B69FA689A60D8
:20278000FB689A683B69DA60FB689B683A6904325A603B691A1DFB689A603B69DA6A134684
:2027A0009B0013449B00154A1A443B695A613B69DA6A124913469B0013449B000B441B6875
:2027C0003A69D26A591C0D4813469B0013449B000344196001237B617B6918461837BD4616
:2027E00080BD00BFD4AC00203CC4020018C6020090C1020054C402007CAE0020D8AC002000
:2028000080B588B000AF786039607B68BB6101237B617B68002B00F08D80BB69DB6C002B8B
:2028200006D1464B464A41F68621464800F03EFEBB699B6C3A689A4202D93B68FB6102E0A3
:20284000BB699B6CFB61BB69DB6AFA699A4271D0BB69DB6C7A699A426CD13B4B1B68BA6975
:202860009A4206D1394B364A41F6A121354800F01DFEBB69DB6A3B61BB69FA69DA62BB6934
:202880009B69002B04DBFB69C3F10F02BB699A61BB6959693A6913469B0013449B002C4AFD
:2028A0001344994246D1BB6904331846FDF7EEFCBB69DA6A274B1B689A4203D9BB69DB6ABA
:2028C000244A1360BB69DA6A214913469B0013449B000B4404331B68FB60BB69FA689A607B
:2028E000FB689A68BB69DA60FB689B68BA6904325A60BB691A1DFB689A60BB69DA6A134623
:202900009B0013449B00124A1A44BB695A61BB69DA6A0F4913469B0013449B000B441B6819
:20292000BA69D26A591C0A4813469B0013449B000344196000BF2037BD4680BD54C402005B
:2029400030C6020090C10200D4AC00206CC40200D8AC00207CAE002080B483B000AF094B02
:202960001B687B607B68002B04D07B68DB6C5A1C7B68DA647B6818460C37BD465DF8047BFB
:20298000704700BFD4AC002080B588B000AF786039602F4B1B68FB612E4B1B68BB612E4BAA
:2029A0001B687B612D4B1B6804331846FDF76EFC7B68B3F1FF3F24D13B68002B21D0284BDE
:2029C0005B683B61254B1B683A699A60234B1B683A699268DA60214B1A683B699B68043275
:2029E0005A601E4B1B681A1D3B699A601B4B1B681B4A5A611A4B1B680133194A136000BFA2
:202A000022E0FA697B681344FB60144B1B68FA685A60FA68FB699A4207D2104B1B6804332E
:202A200019467869FDF7F9FB0EE00C4B1B6804331946B869FDF7F1FB0A4B1B68FA689A42F9
:202A400002D2084AFB68136000BF2037BD4680BD78AE00202CAE002030AE0020D4AC002046
:202A600060AE002094AE002080B584B002AF00237B6000F0B3FA0F4B1B68002B0AD00E4BD6
:202A8000019303230093002380220C490C48FEF713FE78607B68002B06D10A4B0A4A4FF4CC
:202AA000A3710A4800F002FD7B6818460837BD4680BD00BFD0AE0020D4AE002054C60200E6
:202AC0002D2C01005CC60200B8C7020064C6020080B588B002AFF860B9607A603B6028207F
:202AE000FDF7FEFB78617B69002B0DD07B69002283F824207B6901933B6A00933B687A682A
:202B0000B968F86800F006F87B6918461837BD4680BDFFFF80B584B000AFF860B9607A6014
:202B20003B60BB68002B06D1144B154A40F2A911144800F0BBFC00F051FAFB69FA681A60AD
:202B4000FB69BA689A61FB693A68DA61FB69BA691A62FB6904331846FDF752FB7B68002B68
:202B600008D0FB6993F8243043F00403DAB2FB6983F8242000BF1037BD4680BDF8C602004B
:202B8000D0C7020064C6020080B584B000AFF860B9607A6008E0FB689B69BA681344BB602A
:202BA000FB681B6AF8689847FB689A69BB68D118BB687A68F86800F0E1F80346002BEAD11F
:202BC00000BF00BF1037BD4680BDFFFF80B584B000AF78603960144B1B68DB68DB68FB60A6
:202BE000FB6804331846FDF751FBFB6893F8243003F00403002B05D03A687968F868FFF788
:202C0000C3FF08E0FB6893F8243023F00103DAB2FB6883F82420FB681B6AF868984700BF1D
:202C20001037BD4680BD00BFC8AE002080B584B000AF786007F10803184600F05BF8F860CC
:202C4000BB681946F86800F005F800F0D9F800BFF0E7FFFF80B584B000AF78603960FEF7D2
:202C600043FF07F10803184600F068F8F860BB68002B31D13B68002B0AD17A68FB689A42EF
:202C800006D8FEF73FFFF9687868FFF79FFF26E03B68002B08D0144B1B681B68002B01D140
:202CA000012300E000233B60104B18687A68FB68D31A3A681946FEF721FCFEF723FF0346D2
:202CC000002B0CD10A4B4FF080525A60BFF34F8F00BFBFF36F8F02E0FEF714FFFFE700BF3E
:202CE0001037BD4680BD00BFCCAE0020D0AE002000ED00E080B485B000AF78600E4B1B68BD
:202D00001B68002B01D1012200E000227B681A607B681B68002B05D1074B1B68DB681B68AF
:202D2000FB6001E00023FB60FB6818461437BD465DF8047B704700BFC8AE002080B584B081
:202D400000AF7860FEF7EAFFF8600B4B1B68FA689A4205D200F01CF97B6801221A6002E061
:202D60007B6800221A60044AFB681360FB6818461037BD4680BD00BFD8AE002080B586B098
:202D800000AFF860B9607A603B6000237B61FB68BA685A60FB68FA681A61BA687B689A423F
:202DA00012D87A683B68D21AFB689B699A4202D301237B611BE0104B1A68FB6804331946CF
:202DC0001046FDF72AFA12E07A683B689A4206D2BA683B689A4202D301237B6107E0074BAB
:202DE0001A68FB68043319461046FDF716FA7B6918461837BD4680BDCCAE0020C8AE0020FD
:202E000080B586B000AF3B1D00221A605A609A60A5E07B68002BC0F2A280FB687B617B6966
:202E20005B69002B04D07B6904331846FDF72EFA3B461846FFF782FF38617B68013B082BF9
:202E400000F28A8001A252F823F000BF712E0100712E0100D92E0100ED2E01002F2F0100F4
:202E6000712E0100712E0100D92E0100ED2E01007B6993F8243043F00103DAB27B6983F809
:202E80002420BA687B699B69D118BB683A697869FFF774FF0346002B60D07B6993F8243084
:202EA00003F00403002B09D0BA687B699B6913443A6919467869FFF767FE08E07B6993F81E
:202EC000243023F00103DAB27B6983F824207B691B6A7869984741E07B6993F8243023F038
:202EE0000103DAB27B6983F8242038E07B6993F8243043F00103DAB27B6983F82420BA683C
:202F00007B699A617B699B69002B06D11C4B1D4A4FF482611C4800F0C9FA7B699A693B6952
:202F2000D1183B693A697869FFF728FF17E07B6993F8243003F00203002B03D17869FDF7DD
:202F4000DFFA0CE07B6993F8243023F00103DAB27B6983F8242002E000BF00E000BF0B4B0D
:202F60001B68391D00221846FDF76EFF0346002B7FF44FAF00BF00BF1837BD4680BD00BFE6
:202F800088C70200E8C7020064C60200D0AE002080B582B000AF09E00E4B1B68DB681B68C4
:202FA0003B604FF0FF313868FFF710FE094B1B681B68002BF0D1074B1B687B60064B1B6899
:202FC000044A1360044A7B68136000BF0837BD4680BD00BFC8AE0020CCAE002080B500AF7B
:202FE00007F068F9124B1B68002B1DD11148FDF7E7F81148FDF7E4F8104B0E4A1A60104BA3
:203000000D4A1A6000220C210A20FDF743FC0346074A1360064B1B68002B05D0044B1B6880
:2030200008491846FEF71CFA07F07CF900BF80BDD0AE0020A0AE0020B4AE0020C8AE00204A
:20304000CCAE0020B0C7020080B500AF00F00CF807F0DAF900BFFDE780B400AF00BE00BFB8
:20306000BD465DF8047B704780B584B000AF3A4B4FF47002C3F88820374B384A9A600020EF
:2030800017F09CFA00F076F9012017F097FA334B1B68A3F500633B603B6883F30A8800BF7A
:2030A0002F4A304BD31A1A4600212E4817F03AFF2D4A2E4BD31A1A462D492C4817F040FF8B
:2030C0002C4A2D4BD31A9B107B600023FB6007E0294AFB6852F823309847FB680133FB60E6
:2030E000FA687B689A42F3DB00F0DAF800F0BEF9032000F0B7FB0023BB6009E01F4ABB6800
:2031000008334FF6FF7122F81310BB680133BB60BB68052BF2D9032000F054FB032000F07D
:20312000A1FB174B00225A60154B00229A60144B0022DA60124B00221A61032000F042FB34
:20314000022017F03BFA00F0B9FA002000F0A4F900BF1037BD4680BD00ED00E000000100AD
:20316000E8EC0020280B0020C80A0020800100203CE30200C80A0020C80A0020000D08401B
:2031800000000E4080B400AF094B0122A3F80421074BB3F804319BB2002BF9D1044B0122E1
:2031A000A3F8002100BFBD465DF8047B704700BF00C0014080B483B000AF0346FB710D4B23
:2031C00093F8A030C3F30013DBB2002BF7D1094AFB7982F8A030074B93F8A030C3F30013C4
:2031E000DBB2002BF7D100BF00BF0C37BD465DF8047B704700E0014080B582B000AF034680
:20320000FB71FB79042B14D1174B93F8AA30C3F30013DBB2002BF7D1134B012283F8AA20E4
:20322000114B93F8AA30C3F30013DBB2002BF7D115E00D4B93F8AA30C3F30013DBB2002B51
:20324000F7D1094B002283F8AA20074B93F8AA30DBB2002BF9D1FB791846FFF7ABFF00BF81
:203260000837BD4680BD00BF00E0014080B483B000AF786039607B68052B04D13B681B685A
:20328000064A536103E03B681B68044A936100BF0C37BD465DF8047B704700BFC80A00209E
:2032A00080B483B000AF0D4B93F82630DBB27B600A4B1B6A1B0E03F007033B60084A7B6887
:2032C00052F823203B6822FA03F3064A136000BF0C37BD465DF8047B704700BF00E0014079
:2032E000C80A0020DCAE002080B500AF0B4B012283F81C210A4B0B4A1A62094B052283F801
:203300002620FFF7CDFF084BF1221A73064B00221A72054BF0221A7300BF80BD00C00140C7
:2033200000E00140111202200020004080B500AF0B4B0C4A1A600A4B0B4A5A60084B4FF4C3
:2033400000429A60064B094ADA60054B4FF400421A61034B064A5A61FFF7A2FF00BF80BD17
:20336000C80A0020002D310100127A0000366E0100E1F50580B500AF1B4B4AF20352A3F87A
:20338000FE23FFF7FFFEFFF7D1FF174B002283F81324154B092283F8A22000F031F8124BDF
:2033A000002283F83620104B93F83C30C3F30003DBB2012BF7D10C4B41F211321A850A4BCD
:2033C000002283F82A20084B93F83C30C3F34013DBB2012BF7D1FFF787FF034B4FF42542BE
:2033E000A3F8FE2300BF80BD00E0014080B483B000AF786000BF0C37BD465DF8047B704776
:2034000080B500AF184B93F88034DBB2002B07D1154B93F88134C3F30103DBB2012B1CD097
:20342000114B93F88034DBB2002B0DD10E4B012283F880240121C82000F042F80A4B93F8AC
:203440008034DBB2012BF9D1074B022283F88124054B002283F8802404E04FF47A70FFF707
:20346000C5FF00BF00BF80BD00E0014080B500AF074B002283F82820012000F0F3F9054B44
:20348000002283F8BB24012000F09CF900BF80BD0030084000E0014080B483B000AF786087
:2034A00000BF0C37BD465DF8047B704780B485B000AFF860B9607A603B6000BE00BFFDE71D
:2034C0002DE9B04F90B000AFF861B9610023FB63FB69BA6902FB03F3BB63504B1B687B6360
:2034E0004F4A7B6BB2FBF3F33B63BB6B00223B617A61D7E904234FF000004FF0000159019D
:2035000041EAD261500102460B463969B2EB0108796963EB01094FF000024FF000034FEA25
:20352000890343EA98734FEA880290469946D7E904120B4618EB03033B60134649EB0303F1
:203540007B604FF000024FF00003D7E900894946CB00414643EA51734146CA00C7E90A23C4
:20356000D7E90A23012B08D2BA6A3B6BB2FBF3F37B627B6A9B08FB6344E03B6B9B00BA6BAE
:20358000B2FBF3F3BB63BB6B0022BB60FA60D7E9028942464B464FF000004FF00001590180
:2035A00041EAD261500102460B464146541A494663EB01054FF000024FF00003AB0043EA90
:2035C0009473A20014461D46434614EB030A4B4645EB030B4FF000024FF000034FEACB0397
:2035E00043EA5A734FEACA0292469B46C7E90AABD7E90A23012B02D2BB6AFB6302E04FF01D
:20360000FF33FB63FB6B002B02D0F86B00F00AF800BF4037BD46BDE8B08F00BFDCAE0020DC
:2036200000CA9A3BA0F101000028FBD1704700BF80B582B000AF0346FB71FB79074A52F815
:203640002330002B06D0FB79044A52F82330FA791046984700BF0837BD4680BDE0AE002023
:2036600080B582B000AF144BB3F82031BB80124BB3F840319AB2BB8813407B800023FB71B9
:203680000EE07A88FB7922FA03F303F00103002B03D0FB791846FFF7CBFFFB790133FB7119
:2036A000FB790D2BEDD9044A7B88A2F8303100BF0837BD4680BD00BF0060004080B58AB040
:2036C00000AF032000F0CEF8394B6FF0FF029A643B1D0C22FF21184617F024FC00237B6255
:2036E00021E0344A7B6A32F81330002B18D07B6A5B097B617B6A03F01F033B617B699B00AC
:2037000028333B4453F8242C01213B6901FA03F3DB431A407B699B0028333B4443F8242C21
:203720007B6A01337B627B6A5F2BDAD9224BBB6100233B6218E03B6A9B00BA691A443B6ACA
:203740009B0028333B4453F8243C13601B493B6A9B0028333B4453F8242C3B6AA03341F80C
:2037600023203B6A01333B623B6A022BE3D9032000F028F80023FB6112E00E4AFB6932F878
:203780001330002B09D00B4AFB6932F813300C4A1946FB69C03342F82310FB690133FB614F
:2037A000FB695F2BE9D900BF00BF2837BD4680BD00800040D8CE02007080004000E100E0E3
:2037C0000060004080B487B000AF0346FB7100237B61EFF31083FB60FB687B6101233B61AC
:2037E0003B6983F3108800BFFB791A4A32F813309BB2002B09D0FB79164A32F8132092B24D
:20380000013A91B2134A22F81310FB79114A32F813309BB2002B11D10F4BB3F8FE339AB278
:203820000E4B13439AB2FB790D4931F81330DB439BB2094913409BB2A1F8FE337B69BB6031
:20384000BB6883F3108800BF00BF1C37BD465DF8047B70479CB0002000E0014000A5FFFFA8
:2038600004C8020080B487B000AF0346FB7100237B61EFF31083FB60FB687B6101233B61DD
:203880003B6983F3108800BFFB79164A32F813309BB2002B0FD1144BB3F8FE339AB2FB7923
:2038A000124931F8133013439AB20F49104B13439BB2A1F8FE33FB790A4A32F8132092B216
:2038C000013291B2074A22F813107B69BB60BB6883F3108800BF00BF1C37BD465DF8047B0C
:2038E000704700BF9CB0002000E0014004C8020000A5FFFF80B584B000AF78607B68FB6026
:20390000144B1B68002B02D1124B134A1A60114B1B68BB60FB68033323F00303FB600D4B34
:203920001A68FB6813440D4A934207D917F002FB03460C221A604FF0FF3306E0054B1A6821
:20394000FB681344034A1360BB6818461037BD4680BD00BFA4B00020E8EC0020E8EC0020CA
:2039600080B487B000AF0346FB710E4B1B6A7B61FB797A6922FA03F303F007033B617B69D8
:203980001B0E03F00703FB60074B1A68FB689A403B6922FA03F318461C37BD465DF8047B57
:2039A000704700BF00E00140DCAE002080B483B000AF03463960FB7197F9073004493A68AC
:2039C00041F8232000BF0C37BD465DF8047B70471CAF002080B483B000AF0346FB710B49D1
:2039E00097F9073003F1C00251F8223023F4803341F82230054A97F90730C03352F82330B4
:203A000000BF0C37BD465DF8047B70470060004080B584B000AF0346FB7197F90730184684
:203A2000FFF7D8FFBFF35F8F00BF97F90730FB60FB6803F01F02074997F907305B09012025
:203A400000FA02F2603341F8232000BF1037BD4680BD00BF00E100E080B584B000AF034642
:203A6000B9607A60FB73BB68DAB2094997F90F301201D2B20B4483F8002397F90F307968E1
:203A80001846FFF793FF00BF1037BD4680BD00BF00E100E080B485B000AF0346FB7197F91D
:203AA0000730FB60FB6803F01F020749FB685B09012000FA02F241F8232000BF1437BD464E
:203AC0005DF8047B704700BF00E100E080B582B000AF0346FB7197F907301846FFF798FF5E
:203AE00097F907301846FFF7D5FF00BF0837BD4680BD80B584B000AF0346B9607A60FB73D7
:203B000097F90F307A68B9681846FFF7A5FF97F90F301846FFF7DAFF00BF1037BD4680BD99
:203B200080B586B000AF786039607B687B613B685B693B617B693A685A603B68DA687B692F
:203B40009A613B681A697B691A627B690022DA614FF40073FB603B681B881A46FB6802FB8C
:203B600003F303F1804303F5B8131A467B691A603968786900F09EF83B6893F906003B6837
:203B80005B7A7A69194600F0C5FA3B6893F907003B689B7A7A69194600F0BCFA3B6993F959
:203BA00007003B695B7A7A69194600F0B3FA3B6993F908003B699B7A7A69194600F0AAFADF
:203BC0007B6900221A617B69034A9A60002318461837BD4680BD00BF4344415280B586B0E5
:203BE00000AF786039603B687B617B683B610023FB607969386900F09BF97B691A683B6918
:203C00001A61FB6818461837BD4680BD80B485B000AF78607B68FB60FB681B68FA68928A47
:203C20001A80002318461437BD465DF8047B704780B485B000AF78607B68FB60FB681B687C
:203C400000221A80002318461437BD465DF8047B704780B485B000AF786039607B68FB6087
:203C6000FB681B681B88C3F3C033DBB21A463B681A70002318461437BD465DF8047B70479E
:203C800080B487B000AFF8600B467A60FB72FB687B617B691B6897F90B20103233F812300A
:203CA0009AB27B681A80002318461C37BD465DF8047B704780B48DB000AF786039603B68A5
:203CC0005B697B623B689B785B03FB62FB6A43F41073FB627B6A9B78002B02D14FF480732A
:203CE00000E00023FA6A1343FB627B6A9B783F2B02D04FF4007300E00023FA6A1343FB62A6
:203D00007B6A1B79002B04D0FB6A43F08003FB6207E07B6A9B783F2B03D1FB6A43F40043B7
:203D2000FB62FB6A9AB27B689A827B6A9B781B0203F47C527B6ADB7803F03F0313433B623C
:203D40000023FB613B68DB785B00FA691343FB613B681B79DB03FA691343FB617B6A5B789C
:203D60005B01FA691343FB617B6A1B78BB6100237B61EFF310833B613B697B610123FB602F
:203D8000FB6883F3108800BF214BDA683B681B88C3F11003012101FA03F3DB431C4913404F
:203DA000CB601B4BDB687B69BB60BB6883F3108800BFFB6A99B27B681A6847F6FF530B4051
:203DC0009BB213807B681B683A6A92B21A827B681B68FA6992B2DA817B681B68BA69D2B2A4
:203DE0001A73002387F82B307B6A9B79012B02D1012387F82B307B681B6897F82B2083F888
:203E0000D02000BF3437BD465DF8047B704700BF0040084080B586B000AF78603960002305
:203E2000FB6007F10C03184600F05AF83B681A683B685B6813433B6100237B613B6903F06D
:203E40000053002B1ED0FA687B681B68D2B283F8DE203B681B6803F00053002B04D07B69E2
:203E600043F480737B6103E07B6943F480637B613B689B6803F00053002B03D07B6943F07E
:203E800001037B613B6903F08043002B1ED0FA687B681B68D2B283F8DF203B681B6803F0F0
:203EA0008043002B04D07B6943F400737B6103E07B6943F400637B613B689B6803F080433D
:203EC000002B03D07B6943F002037B617B681B687A6992B25A8200BF1837BD4680BDFFFF37
:203EE00080B584B000AF78600420FFF739FDB860BB680D4AA2FB03239B0941F2360202FB21
:203F000003F30A4AA2FB03239B0C0133FB60FB68062B01D80723FB607B68FA681A6000BFEE
:203F20001037BD4680BD00BFD34D621083DE1B4380B58CB000AF786039603B681B6823F020
:203F4000C043BB627B685B685B697B623B685B6823F0C0433B623B689B6823F0C043FB61C9
:203F60007B681B68BA6A92B29A807B681B683A6A92B29A827B681B68FA6992B21A81BB6A22
:203F80001A0C7B681B6892B2DA803B6A1A0C7B681B6892B2DA82FB691A0C7B681B6892B2F2
:203FA0005A8139687868FFF735FF3B68DB68BB610023FB85BB69002B70D0BB691B89FB85FF
:203FC000BB691B8903F40063002B4BD07B681B68BA691289A3F890207B681B68BA695289A6
:203FE000A3F89C207B681B68BA699289A3F89E20BB691B687B617B681B687A6992B2A3F8C2
:2040000094207B691B0C9AB27B681B6822F4C04292B2A3F896207B695B0FDAB27B681B6842
:2040200002F00302D2B283F89220BB695B683B617B681B683A6992B2A3F898203B691B0CEA
:204040009AB27B681B6822F4C04292B2A3F89A203B695B0FDAB27B681B6802F00302D2B282
:2040600083F89320BB691B8903F40073002B15D0BB69997CBB69DA7C7B681B680A43D2B2E6
:2040800083F8A6207B681B68BA69D289A3F8A8207B681B68BA69128AA3F8AA207B681B68A8
:2040A000FA8DA3F890207B681B683A68128AA3F880207B6A1B79002B22D07B681B681B88B0
:2040C0009BB2FB60FB6823F01F03BA6ABA60BA68002A01D1202203E0BA68B2FA82F2D2B259
:2040E0009B1A1F33FB607B681B68FA6892B21A807B689A8AFB689BB213439AB27B689A8260
:204100007B68034ADA6000BF3037BD4680BD00BF4344415280B582B000AF03463A60FB7191
:204120000B46BB7197F90730002B06DBB97997F907303A681846FFF7DCFC00BF0837BD4667
:2041400080BDFFFF80B483B000AF0346FB7197F90730002B0CDBFB7903F01F02074997F918
:2041600007305B09012000FA02F2403341F8232000BF0C37BD465DF8047B704700E100E055
:2041800080B483B000AFEFF303837B607B683B603B88C3F308039BB2DBB2103BDBB25BB205
:2041A00018460C37BD465DF8047B704780B483B000AF03463960FB7197F9073004493A68B6
:2041C00041F8232000BF0C37BD465DF8047B70471CAF002080B483B000AF0346FB7197F98D
:2041E0000730044A52F8233018460C37BD465DF8047B70471CAF002080B483B000AF034624
:20420000FB710B4997F9073003F1C00251F8223023F4803341F82230054A97F90730C03368
:2042200052F8233000BF0C37BD465DF8047B70470060004080B584B000AF0346FB7197F954
:2042400007301846FFF7D8FFBFF35F8F00BF97F90730FB60FB6803F01F02074997F90730ED
:204260005B09012000FA02F2603341F8232000BF1037BD4680BD00BF00E100E080B584B08D
:2042800000AF0346B9607A60FB73BB68DAB2094997F90F301201D2B20B4483F8002397F9E1
:2042A0000F3079681846FFF781FF00BF1037BD4680BD00BF00E100E080B485B000AF0346E3
:2042C000FB7197F90730FB60FB6803F01F020749FB685B09012000FA02F241F8232000BF78
:2042E0001437BD465DF8047B704700BF00E100E080B582B000AF0346FB7197F90730184675
:20430000FFF798FF97F907301846FFF7D5FF00BF0837BD4680BD80B584B000AF0346B96069
:204320007A60FB7397F90F307A68B9681846FFF7A5FF97F90F301846FFF7DAFF00BF103769
:20434000BD4680BD80B590B000AF786039607B68BB6200237B623B681B693B623B681B689E
:2043600003F58023A8331B03FB61BB6AFA695A600023BB61EFF310833B613B69BB610123D7
:20438000FB60FB6883F3108800BF8F4B5A683B681B68C3F10203012101FA03F3DB438A4913
:2043A00013404B60884B5B68BB69BB60BB6883F3108800BFBB6A3A681A603B689A68BB6A2F
:2043C000DA613B68DA68BB6A5A62BB6A00221A623B6A1A78BB6A1A7600220121B86A00F0D7
:2043E00083FB3B6A1B7B1BB25B001AB23B6A1B7D1BB2DB001BB213431BB243F4E0731BB2E4
:204400009AB2FB69A3F840283B685B687B617B691B68013B1A046D4B13407A695268013A03
:2044200012071A437B699B68013B1B021A437B69DB68013B1B031343BA6A127E1A43FB691D
:20444000C3F8442800220221B86A00F04DFBFB69802283F85028FB6903F500734FF4007219
:204460000021184616F05EFD0023FB632CE03B6A9A68FB6BDB0013449B79002B16D13B6AC5
:204480001B69FA6B9A4211D2FB6B20331B01FA69D1183B6A9A68FB6BDB0013441A46386A12
:2044A00000F0F6F8402387F83B3002E0002387F83B30FA69FB6B134403F5026397F83B207B
:2044C0001A70FB6B0133FB63FB6B1F2BCFD900237B6300233B632BE03B6A5A683B6B9B008D
:2044E00013441B686FF0604293421ED23B6A5A683B6B9B0013441B68FB623B6A1B7B002BD7
:2045000004D1FB6A9A04324B1340FB62FB693A6B02F58072F96A43F822103B6B9B000F2262
:2045200002FA03F37A6B13437B633B6B01333B633B6A1B699B083A6B9A42CDD37B6BDA4308
:20454000FB69C3F8282400220021B86A00F0CCFAFA69B2F8403843F02003A2F84038FB6984
:20456000B3F84038C3F34013DBB2002BF7D13B6893F915003B681B7DBA6A1946FFF7CBFECE
:204580003B6893F916003B681B7DBA6A1946FFF7C2FE3B6893F917003B681B7DBA6A19465E
:2045A000FFF7B9FEFB693E2283F84C28FB694FF0FF32C3F82C24BB6A064A9A607B6A18460A
:2045C0004037BD4680BD00BF004008400000FF030000FC1F4E41435280B58AB000AFF86026
:2045E000B9607A60FB68BB61BB691B681B697B61BB695B683B613A69BB68134403F5026345
:204600001B78C3F3C013DBB2002B02D04EF663233AE0BB6820331B013A6913447A68194643
:20462000786900F035F87B689B7903F00F03D9B23A69BB6820331B011A44938861F30303ED
:2046400093807B689B797B62BB6820331B013A69134406333B627B680C33FB6107E0FA6949
:20466000531CFB613B6A591C396212781A707B6A5A1E7A62002BF2D13A69BB68134403F56A
:20468000026380221A70002318462837BD4680BD80B489B000AFF860B9607A60FB681B7B09
:2046A000FB750023FB61FB7D002B06D0FB7D022B0AD17B681B79002B06D17B681B689A0495
:2046C000114B1340BB610EE0FB7D022B06D17B681B79012B02D14FF00043FB617B681B68EB
:2046E00023F06043BB617B685B799B073B61FA693B691A43BB691A43BB681A6000BF243757
:20470000BD465DF8047B70470000FC1F80B489B000AFF860B9607A60FB685B68BB61BA6924
:20472000BB6820331B0113441B687B617B699B0F03F00103DAB27B685A71FB681B681B6908
:204740003B613B691B7BB969BA68203212010A441268C2F3C072D2B21343DBB203F00103CD
:20476000DAB27B681A717B681B79002B06D17B699B0CC3F30A027B681A6004E07B6923F041
:2047800060427B681A60BA69BB6820331B0113449B88C3F30303DBB21A467B689A717B6871
:2047A0009B79082B02D97B6808229A710023FB6112E0BA69BB681B011A44FB69134403F2DE
:2047C00006231B78D9B27A68FB6913440C330A461A70FB690133FB617B689B791A46FB692D
:2047E0009342E6D3BA69BB68134403F5026344221A707B6800229A6000BF2437BD465DF8D0
:20480000047B7047B0B58EB000AF786039607B681B6A7B637B6B002B02D13B687B6317E0FD
:204820007B6B07F10C041D460FCD0FC40FCD0FC495E8030084E803007A6B3B6814461D4695
:204840000FCD0FC40FCD0FC495E8030084E803007B68DB69786B98477B681B6A002B0CD0B3
:204860007B681B6A1D4607F10C040FCC0FC50FCC0FC594E8030085E8030000BF3837BD46E7
:20488000B0BD80B590B000AFFFF77AFC03461846FFF7B2FCFFF774FC034687F83B3097F9A7
:2048A0003B301846FFF796FC78633B4628220021184616F037FB0023FB637B6B5B683B6382
:2048C0003B6B93F84D38DBB2BB803B6B002283F84D283B6BB3F84238C3F30013DBB2002B56
:2048E00022D0BB8843F020039BB2BB803B6B93F8533887F82F303B6B022283F853283B6BA5
:2049000093F85238C3F30403DBB2FB633B6B97F82F2083F853283A6BFB6B134403F50262A2
:20492000137823F0040313707B6B1B681B683B607B6B5B6A3B61FB6BFB603B461946786BFD
:20494000FFF760FF7B6B1B681B69BB623B6BB3F84238C3F30013DBB2002B0AD0BB6A1B7D15
:20496000002B06D07B6B1B6893F915301846FFF7E9FB00BF4037BD4680BD80B590B000AF2A
:20498000FFF7FEFB03461846FFF736FCFFF7F8FB034687F83F3097F93F301846FFF71AFCD0
:2049A000B8634FF480633B81BB6B5B687B637B6B93F8533887F833307B6B002283F8532857
:2049C0007B6B93F85238C3F30403DBB2FB627B6B97F8332083F853283B1D14331A46F96A15
:2049E000B86BFFF793FEFB6A3B61BB6B1B681B687B60BB6B5B6A7B613B1D1946B86BFFF76E
:204A000001FF7B6BB3F84238C3F30003DBB2002B04D097F93F301846FFF794FB00BF40372E
:204A2000BD4680BD80B590B000AFFFF7A9FB03461846FFF7E1FBFFF7A3FB034687F83F3034
:204A400097F93F301846FFF7C5FBB86300233B81BB6B5B687B637B6B93F8533887F83330A4
:204A60007B6B012283F853287B6B93F85238C3F30403DBB2FB627B6B97F8332083F85328D7
:204A80007A6BFB6A134403F5026300221A707A6BFB6A134403F5026300221A70FB6A3B61C1
:204AA0003B8943F400639BB23B81BB6B1B681B687B60BB6B5B6A7B613B1D1946B86BFFF7F1
:204AC000A1FE7B6BB3F84238C3F34003DBB2002B06D0BB6B1B6893F917301846FFF732FBA8
:204AE00000BF4037BD4680BD80B584B000AF78600B46FB701346BB707B685B68FB607B682C
:204B00005B7BBA789A420DD00221786800F032F8FB68BA7883F858287B68BA785A737B6862
:204B200002221A737B681B7BFA789A421ED0FB78052B13D10221786800F01CF8FA68B2F875
:204B4000403843F48063A2F84038FB68B3F84238C3F38023DBB2012BF7D104E0FB78194699
:204B6000786800F007F87B68FA781A7300BF1037BD4680BD80B485B000AF78600B46FB7092
:204B80007B685B68FB60FA68B2F8403823F48063A2F84038FB7803F00303D9B2FA68B2F881
:204BA000403861F30923A2F84038FB68B3F842389BB203F4E062FB781B029A42F5D100BFEC
:204BC00000BF1437BD465DF8047B704780B485B000AF786039607B68FB600C4AFB6813604A
:204BE0003B681A68FB689A603B685A68FB68DA60FB6800225A60FB68054A1A600023184645
:204C00001437BD465DF8047B704700BFA8B000204347430080B588B000AFF8600B467A6018
:204C2000FB72FB68FB610023BB6100233B61FB7A052B02D0FB7A062B0DD107F1100307F14C
:204C40001402F97A786800F0B7F9B861BB69002B01D0BB6929E0FB7A184600F0F5F80346EC
:204C60001A46FB7A1146184600F006F90346002B02D140F2931318E0012000F01AF8FB7A0C
:204C8000052B02D0FB7A062B06D13B6907F11402F97A786800F0CEF9FB7A0021184600F0F5
:204CA00019F9012000F01AF8002318462037BD4680BD80B582B000AF0346FB710120FEF7C6
:204CC000D1FDFB79012B05D10020FEF795FA0020FEF7C8FD00BF0837BD4680BD80B582B06D
:204CE00000AF0346FB71FB79012B07D10020FEF769FD064B1B6A184600F07AF80120FEF7B1
:204D000061FD00BF0837BD4680BD00BF00E0014080B483B000AF78601A4B1B68B3F5004F4A
:204D200001D0002327E0184B93F83630DBB2002B17D0154B93F83830DBB2002B11D0124B3C
:204D400093F83230DBB2002B0BD00F4B93F82A30DBB2002B05D00C4B93F84A30DBB2002BF3
:204D600001D1002307E07B6803F0EE43002B01D0002300E0012318460C37BD465DF8047BB5
:204D8000704700BFDCAE002000E0014080B485B000AF78600B46FB70FB78002B0BD07B68CA
:204DA000FB60FB6803F0443323F480030E4A934201D0002311E00D4B93F82A30DBB2002B2A
:204DC00005D10A4B93F84A30DBB2002B01D0012300E0002303F00103DBB218461437BD46C3
:204DE0005DF8047B704700BF4444044400E0014080B584B000AF7860104B93F84030FB73C4
:204E00007868FFF785FF0346002B03D00420FEF7F3F90FE0FB7B19467868FFF7B7FF034653
:204E2000002B07D0064B1B68064A934202D80320FEF7E2F900BF1037BD4680BD00E0014043
:204E4000DCAE002040420F0080B483B000AF0346FB71FB79074A52F823301B78DBB2002B9F
:204E60000CBF01230023DBB218460C37BD465DF8047B70470CC8020080B487B000AF03462B
:204E80000A46FB711346BB7116237B61FB7901229A407B691340002B01D0012312E00C4BAB
:204EA00093F83C30DBB23B61FB793A6922FA03F303F00103FB60BB79FA689A420CBF0123F6
:204EC0000023DBB218461C37BD465DF8047B704700E0014080B483B000AF03460A46FB71A7
:204EE0001346BB71FB790A4A52F82330BA791A70FB79074A52F823301B78DBB2BA799A427A
:204F0000F6D100BF00BF0C37BD465DF8047B70470CC8020080B489B000AFF8600B467A6006
:204F2000FB72114BFB61FB681B78002B01D10F4BFB61FB685B880133FA6902FB03F35B0870
:204F4000BB61FB685B7801337B61BA697B69B2FBF3F33B617B683A691A60002318462437DD
:204F6000BD465DF8047B704700366E01002D310180B487B000AF78600023FB827B681B7897
:204F8000002B01D10123FB827B685B88BB827B685B787B82BB8A1B0203F47C52FB8A1B01F5
:204FA0001A437B8A1343FB60FB6818461C37BD465DF8047B7047FFFF80B588B000AFF860CA
:204FC0007A603B600B46FB72F868FFF7D1FFB861FB7A052B02D1154BFB6101E0144BFB618F
:204FE000FB691B889BB21A46BB69934209D0FB7A1846FFF729FF0346002B02D040F291131E
:205000000FE0FB7A7A681946F868FFF783FF78617B69002B01D07B6903E03B68BA691A6053
:20502000002318462037BD4680BD00BF28E0014048E0014080B584B000AFF8607A603B6002
:205040000B46FB72FB7A052B04D1094B3A6892B21A8504E0064B3A6892B2A3F84820FB7AAC
:2050600079681846FEF702F900BF1037BD4680BD00E0014080B586B000AF786039607B682C
:205080007B6100F07DF93B685B683B613B691B78FB7397F90F30002B01DA0B2319E097F99B
:2050A0000F300E4A52F82330002B01D0082310E07B69FA7B1A713B681B68002B05D03B68F8
:2050C0001B681946786900F09BF97B69044A1A60002318461837BD4680BD00BF00000020EE
:2050E0000043544480B584B000AF786039607B68FB60FB6893F90430184600F0EFF9F86855
:2051000000F0D2F93968F86800F07AF9F86800F01DF90346002B01D0132300E0002318462E
:205120001037BD4680BDFFFF80B588B000AFF860B9607A607B80FB68FB61FB691B79FB7660
:2051400097F91B301F4A52F823307B6197F91B30184600F0C3F9F86900F0A6F91A4B08222E
:205160001A74BB68002B02D0BA687B695A607B68002B02D07A687B699A607B69DB7823F0D7
:205180003F03DBB2802B03D17B697A889A8109E07B69DB7823F03F03DBB2002B02D17B69DC
:2051A0007A88DA81084B18221A74F86900F0CEF80346002B01D0132300E00023184620372D
:2051C000BD4680BD000000200054004080B483B000AF78600B46FB70062318460C37BD4664
:2051E0005DF8047B704780B483B000AF7860062318460C37BD465DF8047B704780B584B075
:2052000000AF78607B68FB60F86800F09FF8034618461037BD4680BD80B584B000AF7860C4
:205220007B68FB60FB6893F90430184600F056F9002318461037BD4680BDFFFF80B485B001
:2052400000AF786039607B68FB60FB6893F904301A461F4B53F82230BB603B6800221A600C
:205260003B6800225A60BB68DB7823F03F03DBB2002B1BD03B684FF480729A60BB68DB89E8
:205280009BB2DAB23B68DA60BB68DB7823F03F03DBB2802B14D13B684FF480321A60BB683B
:2052A0009B899BB21A463B685A6009E03B684FF480329A60BB68DB899BB21A463B68DA6034
:2052C000002318461437BD465DF8047B704700BF0000002080B485B000AFF860B9607A6032
:2052E0003B60062318461437BD465DF8047B704780B485B000AFF860B9607A603B6006238C
:2053000018461437BD465DF8047B704780B586B000AF78607B687B6100233B617B691B796E
:20532000FB7397F90F30184600F0D8F897F90F30054A002142F823107B6900221A603B6942
:2053400018461837BD4680BD0000002080B483B000AF786009497B6893F9043003F1C002A7
:2053600051F8223043F0807341F82230002318460C37BD465DF8047B704700BF0060004030
:2053800080B584B000AF1A4B1B7883F00103DBB2002B29D0164B01221A700023FB60EFF367
:2053A00010833B603B68FB6001237B607B6883F3108800BF0F4B1B680E4A23F480031360D0
:2053C0000C4B1B68FB68BB60BB6883F3108800BF4FF4C0720021084815F0A4FD074B064A57
:2053E0005A61064B01221A7300BF1037BD4680BDACB00020004008400000002000540040F3
:2054000080B582B000AF78603960386800F016F8084B08221A747B6893F904301946064A0A
:205420003B6842F82130034B18221A7400BF0837BD4680BD005400400000002080B485B0CD
:2054400000AF78600023FB60FB681B017A681344DB7823F03F03DBB2002B12D0FB681B01CE
:205460007A681344DB899BB2FB72FB7A99B2FB681B017A6813440A46114609020A4492B219
:20548000DA81FB685A1CFA601B017A6813449B7823F03F03DBB2002BD6D100BF00BF143799
:2054A000BD465DF8047B704780B485B000AF78607B6893F9043043F40043FB60064BDB8941
:2054C0009BB21A46FB689342F8D000BF00BF1437BD465DF8047B70470054004080B483B0CD
:2054E00000AF0346FB71084997F9073003F1C00251F8223023F0807341F8223000BF0C374C
:20550000BD465DF8047B70470060004080B483B000AFEFF303837B607B683B603B88C3F30D
:2055200008039BB2DBB2103BDBB25BB218460C37BD465DF8047B704780B487B000AF03460F
:20554000FB710E4B1B6A7B61FB797A6922FA03F303F007033B617B691B0E03F00703FB60BE
:20556000074B1A68FB689A403B6922FA03F318461C37BD465DF8047B704700BF00E0014045
:20558000DCAE002080B400AF094B0122A3F80421074BB3F804319BB2002BF9D1044B012261
:2055A000A3F8002100BFBD465DF8047B704700BF00C0014080B483B000AF03463960FB71BE
:2055C00097F9073004493A6841F8232000BF0C37BD465DF8047B70471CAF002080B483B0B7
:2055E00000AF0346FB7197F90730044A52F8233018460C37BD465DF8047B70471CAF00207B
:2056000080B483B000AF0346FB710B4997F9073003F1C00251F8223023F4803341F82230FE
:20562000054A97F90730C03352F8233000BF0C37BD465DF8047B70470060004080B584B02B
:2056400000AF0346FB7197F907301846FFF7D8FFBFF35F8F00BF97F90730FB60FB6803F01D
:205660001F02074997F907305B09012000FA02F2603341F8232000BF1037BD4680BD00BF6B
:2056800000E100E080B584B000AF0346B9607A60FB73BB68DAB2094997F90F301201D2B220
:2056A0000B4483F8002397F90F3079681846FFF781FF00BF1037BD4680BD00BF00E100E0B3
:2056C00080B485B000AF0346FB7197F90730FB60FB6803F01F020749FB685B09012000FA32
:2056E00002F241F8232000BF1437BD465DF8047B704700BF00E100E080B582B000AF0346C3
:20570000FB7197F907301846FFF798FF97F907301846FFF7D5FF00BF0837BD4680BDFFFF40
:2057200080B485B000AF0346FB7197F90730FB60FB6803F01F020B4997F907305B09012063
:2057400000FA02F2203341F82320BFF34F8F00BFBFF36F8F00BF00BF1437BD465DF8047BED
:20576000704700BF00E100E080B584B000AF0346B9607A60FB7397F90F307A68B968184600
:20578000FFF780FF97F90F301846FFF7B5FF00BF1037BD4680BDFFFF80B584B000AF786089
:2057A00039607B68FB600023BB60FB683A685A603B681B78002B23D03B685A68FB681A647B
:2057C0003B68DA68FB689A64FB6800225A64184B01221A763B6893F911003B681B7CFA684E
:2057E0001946FFF7C1FF124B98221A753B6893F913003B689B7CFA681946FFF7B5FF05E0A2
:205800000B4B00221A760A4B00221A75F86800F0B1FAB860BB68002B01D0BB6803E0FB68DF
:20582000044A1A60BB6818461037BD4680BD00BF00E07F404E45504F80B586B000AFF86096
:20584000B9607A603B60FB683B6100237B613B685A083B699A633B69BA681A633B697A684D
:205860005A633B69002283F83C207B68B3F1006F04D2386915F0D8FF786103E0386900F038
:20588000C2F978617B6918461837BD4680BD80B588B000AFF860B9607A60FB687B610023DA
:2058A000FB617B69002283F83C20BB68B3F1006F19D20023BB61BB68B3F5803F06D2BB68CA
:2058C00023F4FF5323F01F03BB6105E0BB6823F4FF4323F07F03BB617A68B969786915F012
:2058E00097FFF8610EE0BB6823F03F033B617A683969786900F0DAFAF861FB69002B01D0D5
:20590000FB6900E0FB6918462037BD4680BD80B588B000AFF860B9607A603B60FB687B61A9
:205920000023FB61BB68B3F1006F1DD27B69002283F83C203B6800221A70BB683B610023B5
:20594000BB610CE03A69BB6913441B78FF2B03D03B6801221A700EE0BB690133BB61BA69BC
:205960007B689A42EED306E03B687A68B968786900F090F9F861FB6918462037BD4680BD0F
:2059800080B483B000AF786039600B4BB3F884309BB203F08103002B03D13B6800221A70B9
:2059A00002E03B6801221A70002318460C37BD465DF8047B704700BF00E07F4080B487B09A
:2059C00000AFF860B9601346FB80FB687B6100233B6106233B613B6918461C37BD465DF863
:2059E000047B704780B487B000AFF860B9607A60FB687B6100233B6106233B613B69184647
:205A00001C37BD465DF8047B704780B485B000AF78607B68FB600023BB600623BB60BB68D2
:205A200018461437BD465DF8047B704780B584B000AF78607B68FB60F86815F001FF034653
:205A400018461037BD4680BD80B584B000AF78600B46FB701346BB707B68FB600023BB60B5
:205A6000BA78FB781946F86815F0D6FEB860BB6818461037BD4680BD80B485B000AF7860D9
:205A80007B68FB600023BB600623BB60BB6818461437BD465DF8047B704780B584B000AFD4
:205AA00078607B68FB60F86800F064F9034618461037BD4680BDFFFF80B483B000AF786009
:205AC00039603B68094A92E8030083E803003B68074A083392E8030083E8030000231846B1
:205AE0000C37BD465DF8047B704700BF74C80200F008002080B584B000AF78607B68FB6092
:205B00000023BB60FB6800221A60FB685B6893F91130002B06DBFB685B6893F911301846F8
:205B2000FFF7FEFD0B4B00221A76FB685B6893F91330002B06DBFB685B6893F91330184618
:205B4000FFF7EEFD034B00221A75BB6818461037BD4680BD00E07F4080B487B000AFF8604C
:205B6000B9607A603B60FB687B617B69BA681A647B697A689A647B693A685A64002318464B
:205B80001C37BD465DF8047B704780B485B000AF78600B46FB700623FB60FB6818461437E8
:205BA000BD465DF8047B704780B485B000AF78600B46FB700623FB60FB6818461437BD4618
:205BC0005DF8047B704780B487B000AFF8600B467A60FB7206237B617B6918461C37BD4693
:205BE0005DF8047B704780B487B000AFF860B9607A603B6006237B617B6918461C37BD467D
:205C00005DF8047B704780B586B000AF786000237B61786800F088FA78617B69002B01D0FD
:205C20007B6932E07B685B681B78002B06D07B68012283F83C2000233B6102E07B68DB6890
:205C40003B613A690421786815F0DEFD78617B685B681B78002B01D07B6916E018224FF4BB
:205C60008051786915F0E8FD78617B689B6B002B02D07B69002BE4D015F0D2FDF8607B69F6
:205C8000002B01D1FB687B617B6918461837BD4680BDFFFF80B588B000AFF860B9607A6092
:205CA0003B60F86800F040FAF861FB69002B01D0FB6957E02D4B002283F8D0202B4ABB68CE
:205CC0001363BA687B681344284A013B5363284B71221A70264BD0221A70FB685B681B7858
:205CE000002B08D0FB68032283F83C203B6802221A70002336E0FB685B697A6892080132E2
:205D000002FB03F3BB6108E0BB69002B02D11423FB610AE0BB69013BBB61144BD3F8803097
:205D2000C3F3C033DBB2012BEED14FF4FC720021F86915F081FDF8610C4B93F8D430DBB2C0
:205D4000012B03D13B6801221A7002E03B6800221A7015F065FD7861FB69002B01D17B693D
:205D6000FB61FB6918462037BD4680BD00E07F4000007E4080B586B000AF78607B6800221A
:205D800083F83C201C20FFF7D7FB78611820FFF7D3FB38613E4B012283F816247B693D4AEE
:205DA000934202D84FF4FB736EE07B6903F5742303F23F23384AA2FB03239B0CFB603B6980
:205DC00003F5742303F23F23334AA2FB03239B0CBB60FB689BB2314A03F5F0539BB2A2F88E
:205DE000E430BB6843F6B85202FB03F32C4AA2FB03239A087B689A60BB6840F6D86202FBEE
:205E000003F3274AA2FB03239A087B68DA60BB685B00234AA2FB03239A087B681A61BB68C8
:205E2000542202FB03F31E4AA2FB03239A087B685A61BB684FF4FA2202FB03F3184AA2FB1A
:205E400003239A087B689A61BB6844F2506202FB03F3134AA2FB03239A087B685A62BB681A
:205E6000104A02FB03F30E4AA2FB03239A087B681A62BB680C4A02FB03F3094AA2FB032337
:205E80009A087B68DA61002318461837BD4680BD00E00140FF083D0083DE1B4300E07F406F
:205EA000ABAAAAAA80DE0F00A0F7030080B588B000AFF860B9607A600023FB61FB68BA68C7
:205EC0001A63FB687A689A63F86800F02DF9F861FB69002B02D04FF4FA7336E0FB685B68E7
:205EE0001B78002B06D0FB68022283F83C200023BB6102E0FB685B6ABB61164B0122A3F82C
:205F0000E020BA694021F86815F092FCF861FB685B681B78002B01D0FB6916E019224FF424
:205F20000051F86915F088FCF861FB689B6B002B02D0FB69002BE4D015F072FC7861FB6974
:205F4000002B01D17B69FB61FB6918462037BD4680BD00BF00E07F4080B584B000AFFFF73F
:205F6000D5FA0346BB7397F90E301846FFF736FBB8601E4B1B7CDBB27B601C4BD3F8802036
:205F80001B4B13403B607B6803F00803002B02D00423FB7319E07B6803F08003002B02D0EB
:205FA0000523FB7311E07B6803F01003002B0AD03B6803F44053002B02D00723FB7304E0C6
:205FC0000623FB7301E00723FB73B86815F038FC97F90E301846FFF713FBFB7B1946B86833
:205FE00000F06EF800BF1037BD4680BD00E07F404070F00080B584B000AF0023FB73FFF727
:2060000085FA03467B7397F90D301846FFF7E6FAB86097F90D301846FFF7F2FABB6893F8F6
:206020003C30012B17D1BB689B6B002B0ED000220421B86815F0E8FB78607B68002B2BD07E
:20604000B86815F0FDFB0723BB7325E00123BB730123FB7320E0BB6893F83C30022B0ED1BC
:20606000BB689B6B002B05D000224021B86815F0DFFB11E00023BB730123FB730CE0012391
:20608000FB730E4B93F8D430DBB2012B02D10323BB7301E00223BB73FB7B002B0AD015F016
:2060A000BFFBBB68002283F83C20BB7B1946B86800F006F800BF1037BD4680BD00E07F4082
:2060C00080B586B000AF78600B46FB707B685B6C7B617B69002B03D107F10C037B6106E0E0
:2060E0007A6907F10C0392E8030083E803007B69FA781A707B689A6C7B695A607B681B6CFA
:20610000786998477B685B6C002B08D07B685B6C1A4607F10C0393E8030082E8030000BF57
:206120001837BD4680BDFFFF80B584B000AF78600023FB604FF49643BB607B685B681B78F4
:20614000002B0DD07B685B6893F911301846FFF7D3FA7B685B6893F913301846FFF7CCFA14
:206160000C4B4AF68022A3F8842008E0BB68002B02D14FF4FA7309E0BB68013BBB60054B3B
:20618000B3F884309BB2802BF0D1FB6818461037BD4680BD00E07F4080B483B000AFEFF308
:2061A00003837B607B683B603B88C3F308039BB2DBB2103BDBB25BB218460C37BD465DF8C4
:2061C000047B704780B487B000AF0346FB710E4B1B6A7B61FB797A6922FA03F303F007039A
:2061E0003B617B691B0E03F00703FB60074B1A68FB689A403B6922FA03F318461C37BD4623
:206200005DF8047B704700BF00E00140DCAE002080B483B000AF03463960FB7197F907303E
:2062200004493A6841F8232000BF0C37BD465DF8047B70471CAF002080B483B000AF034619
:20624000FB7197F90730044A52F8233018460C37BD465DF8047B70471CAF002080B483B09F
:2062600000AF0346FB710B4997F9073003F1C00251F8223023F4803341F82230054A97F91A
:206280000730C03352F8233000BF0C37BD465DF8047B70470060004080B584B000AF0346A6
:2062A000FB7197F907301846FFF7D8FFBFF35F8F00BF97F90730FB60FB6803F01F02074938
:2062C00097F907305B09012000FA02F2603341F8232000BF1037BD4680BD00BF00E100E0AF
:2062E00080B584B000AF0346B9607A60FB73BB68DAB2094997F90F301201D2B20B4483F8AB
:20630000002397F90F3079681846FFF781FF00BF1037BD4680BD00BF00E100E080B485B0A7
:2063200000AF0346FB7197F90730FB60FB6803F01F020749FB685B09012000FA02F241F801
:20634000232000BF1437BD465DF8047B704700BF00E100E080B582B000AF0346FB7197F987
:2063600007301846FFF798FF97F907301846FFF7D5FF00BF0837BD4680BD80B584B000AFB6
:206380000346B9607A60FB7397F90F307A68B9681846FFF7A5FF97F90F301846FFF7DAFF8D
:2063A00000BF1037BD4680BD80B584B000AF786039607B68FB603B681B7C1A46012303FA15
:2063C00002F2FB68DA603968F86800F009F93968F86800F037F9FB68034A1A60002318466D
:2063E0001037BD4680BD00BF5450470080B485B000AF78607B68FB60FB689B68FA68D2683C
:206400009A60002318461437BD465DF8047B704780B485B000AF78607B68FB60FB689B6894
:20642000FA68D2685A60002318461437BD465DF8047B704780B485B000AF78607B68FB607E
:20644000FB689B68FA68D268DA60002318461437BD465DF8047B704780B58CB000AFF8602E
:20646000B9607A607B6803F003037B62FB683B624FF0FF337B610023BB6107F114027B68F3
:20648000B968386A00F053FA386A00F09EF8F8613B6A9B681B6BFB62BB69002B29D1022382
:2064A000BB627B6803F00803002B01D00423BB627B6803F00203002B11D03B6A99687A692E
:2064C000BB6A12339B000B445A603B6A9968BB6A01337A6912339B000B445A6009E03B6A55
:2064E00099687A6ABB6A13447A6912339B000B445A607B6803F04003002B07D03B6A9B68AC
:206500001A6C3B6A9B6842F480021A647B6A012B08D0FB6A23F44033FB62BB691B04FA6A3B
:206520001343FB627B68022B09D1BB69002B06D007F114020123B968386A00F0F8F97B6ADE
:20654000002B08D0FB6A23F04073FB62BB691B06FA6A1343FB623B6A9B68FA6A1A63FB6967
:2065600043F425431946386A00F024F8002318463037BD4680BD80B586B000AF78603960BC
:206580007B687B617B699B685B6E3B613B690133FB603B68FA689A60786900F03DFA02466E
:2065A0003B685A603B6801221A70002318461837BD4680BD80B483B000AF7860396000BFD8
:2065C0000C37BD465DF8047B704780B483B000AF7860002318460C37BD465DF8047B7047AA
:2065E00080B485B000AF786039607B683A685A607B6801221A747B68DB6803F00603002BF2
:2066000002D07B6800221A743B681B7C1A460C4B13441B02FB60FA687B689A603B685A69B0
:206620007B685A613B689A697B68DA617B6800229A6100BF1437BD465DF8047B704700BFA1
:206640009016400080B592B000AF786039603B68DB69BB6300237B63EFF31083BB61BB6902
:206660007B6301237B617B6983F3108800BF934B1A693B681B7C19464FF00043CB40DB43E6
:206680008E4913400B618D4B1B697B6B3B613B6983F3108800BF7B689B684FF425421A600B
:2066A0007B689B680022DA627B689B680022DA637B689B6800229A643B681B7A3B633B6BCF
:2066C000DB057B643B685B68013BFB623B681B78032B03D17B6C43F480337B647B689B682E
:2066E0007A6CDA62786800F0EBF87B689B68BA6B9269DA617B689B68BA6BD2691A627B68DF
:206700009B68FA6A9A667B689B68FA6A5A660023BB62BB6B9B6B3B644FF0FF33BB6000234E
:20672000FB603B681B78002B06D13B685B685B08013B7B627B6ABB603B681B78012B07D9A2
:206740003B68D96807F108020023786800F0EFF87B689B68BA685A657B689B68BA689A65AB
:206760003B681B78032B07D97B689B68BA68DA657B689B68BA681A66FB681B04BA6A13430A
:20678000BB62FB681B06BA6A1343BB62BB6B9B6B002B1ED1BB6B1B78002B0AD0BB6B5B78C4
:2067A0001946386800F04FF938623A6C3B6A13433B64BB6B9B78002B0BD0BB6BDB781946B1
:2067C000386800F040F9F861FB691B043A6C13433B64786800F062F97B689B6800229A6349
:2067E0007B689B680022C3F88820BB6B9B6B002B0DD1BB6B93F820305B033A6C13433B64FF
:20680000BB6B93F821305B073A6C13433B644FF4AA03FB63BB6B93F83030002B02D04FF4DA
:20682000A003FB637B689B68FA6B1A643B681B78012B07D17B689B680022DA647B689B6828
:2068400000221A657B689B683A6C5A637B689B68BA6A42F003021A637B689B68BA6A42F054
:2068600001021A637B689B687A68D268DA604AF201517868FFF79EFE3B6893F912003B6878
:206880005B7C7A68194600F03CF8BB6B93F92400BB6B93F822307A68194600F032F8BB6B62
:2068A00093F92500BB6B93F823307A68194600F028F800BF4837BD4680BD00BF004008400D
:2068C00080B483B000AF78607B689B684FF000421A617B689B684FF000425A617B689B68E0
:2068E0004FF000429A617B689B6800225A627B689B6800229A6200BF0C37BD465DF8047B7B
:20690000704780B584B000AF0346B9607A60FB7397F90F30002B06DB97F90F307A68B96851
:206920001846FFF72AFD00BF1037BD4680BD80B48BB000AFF860B9607A603B60FB689B682C
:206940009B6EFB61FB690133FB61BB68002B0CBF01230023FB76BA68FB699A422CBF01239C
:206960000023BB76FB7E002B02D1BB7E002B44D03B6803F00103002B07D1FB689B685B6B0B
:20698000C3F30403DBB27B6206E0FB689B685B6BC3F30443DBB27B62FB685B681B78032B70
:2069A00009D97B6A03F01003002B0CBF0123002387F8233008E07B6A03F00C03042B0CBF32
:2069C0000123002387F82330FB7E002B06D097F8233083F00103DBB2002B06D1BB7E002BD8
:2069E00007D097F82330002B03D07B6802225A600CE07B6803225A6008E0BB687B617B69A6
:206A0000013B7B617B687A691A6000BF00BF2C37BD465DF8047B704780B584B000AF7860BF
:206A20007B689B68DB6AC3F3C353DBB2FB730020FFF7C8FBB860FB7BBA6822FA03F318466B
:206A40001037BD4680BD80B485B000AF78600B46FB70FB789A01FB781B01134343F48073E6
:206A6000BB600923FB607B681B78022B0BD07B681B78032B02D10323FB6004E0FB78002B7C
:206A800001D10623FB60BA68FB681343BB60BB6818461437BD465DF8047B704780B485B0E7
:206AA00000AF78607B685B68DB69FB60FB6893F8303003F00103DBB2002B05D0FB689A6AD1
:206AC0007B689B68013ADA64FB6893F8303003F00203DBB2002B05D0FB68DA6A7B689B68F7
:206AE000013A1A6500BF1437BD465DF8047B704790B589B000AFF8600B467A60FB72FB68C4
:206B00009B69FB61FB69002B03D107F11003FB6105E0FA6907F1100307CA83E80700FB6951
:206B2000FA7A1A71FB697A689A60FB68DA69FB691A60FB685B69F8699847FB689B69002B99
:206B400008D0FB689B691C4607F1100393E8070084E8070000BF2437BD4690BD80B584B0C1
:206B600000AFFFF719FB0346FB7397F90F301846FFF774FB97F90F301846FFF75DFBB86080
:206B8000BB685B681B78012B20D1B868FFF71DFD7860BB689B68BA68D2689A60BB689B68B5
:206BA00000229A64BB689B680022DA64BB689B6800221A657B6843F425431946B868FFF771
:206BC000F9FC97F90F301846FFF766FBBB685B69002B04D000220021B868FFF789FF00BFB6
:206BE0001037BD4680BD80B483B000AFEFF303837B607B683B603B88C3F308039BB2DBB2D9
:206C0000103BDBB25BB218460C37BD465DF8047B7047FFFF80B483B000AF0346FB7197F907
:206C20000730044A52F8233018460C37BD465DF8047B70471CAF002080B483B000AF0346B9
:206C4000FB710B4997F9073003F1C00251F8223023F4803341F82230054A97F90730C033FE
:206C600052F8233000BF0C37BD465DF8047B70470060004080B586B000AFFFF7B4FF03463B
:206C8000BB7597F916301846FFF7C4FF38610023FB753B695B79FB73174AFB7BD35CC3F309
:206CA0000103DBB2BB73BB7B032B02D10123FB7504E097F916301846FFF7BEFF3B69002BB0
:206CC0000ED03B699B68002B0AD03B695B79BB603B69DB687B603B699B683A1D10469847A2
:206CE000FB7D002B04D097F916301846FFF7A4FF00BF1837BD4680BD0060004080B483B0FB
:206D000000AF0346FB800A49FB881B0A9BB21A46FB88DBB21201134451F82330C3F3400349
:206D2000DBB218460C37BD465DF8047B704700BF0008084080B485B000AF0023FB60EFF310
:206D400010837B607B68FB600123BB60BB6883F3108800BF0D4B1B68002B05D10C4B002203
:206D6000DA700B4B4022DA70084B1B680133074A1360FB683B603B6883F3108800BF00BFCC
:206D80001437BD465DF8047B704700BF18AF0020000D084080B485B000AF0023FB60EFF3A7
:206DA00010837B607B68FB600123BB60BB6883F3108800BF0F4B1B68002B04D00D4B1B6841
:206DC000013B0C4A13600B4B1B68002B05D10A4B0022DA70084B8022DA70FB683B603B6833
:206DE00083F3108800BF00BF1437BD465DF8047B704700BF18AF0020000D084080B584B0CA
:206E000000AF786039607B68FB60FB68044A1A60386800F052F8002318461037BD4680BD07
:206E200054524F5080B584B000AFF8600B467A607B817B891846FFF761FF0346DAB27B6806
:206E40001A70002318461037BD4680BD80B487B000AF78600B467B8013467B700023FB827E
:206E60000023BB827B8823F0FF037B827B88DBB23B823B8A012202FA03F3FB817B78002BDC
:206E800002D1FB89BB8201E0FB89FB827B8A1B0A9BB2DBB25B0103F1804303F50023BB602F
:206EA000BB8A1A04FB8A1A43BB689A60002318461C37BD465DF8047B704780B584B000AFF6
:206EC0007860786800F060F87B68BB60FFF732FF0023FB8111E0BB685A68FB89DB00134462
:206EE0009888BB685A68FB89DB0013441B68194600F00EF8FB890133FB81BB681B88FA8982
:206F00009A42E8D3FFF746FF00BF1037BD4680BD80B483B000AF03463960FB803B6803F44C
:206F20008033002B1CD01749FB881B0A9BB21A46FB88DBB212011A4451F8223023F48033EC
:206F400041F822300F48FB881B0A9BB21946FB88DBB23A6822F4803209010B4440F82320AD
:206F60000849FB881B0A9BB21A46FB88DBB2120113443A6841F8232000BF0C37BD465DF879
:206F8000047B70470008084080B588B000AF7860594B7B61594B3B610023FB619FE0002396
:206FA000BB6195E07B685A68FB69DB0013449A885349BB6931F813309A4240F086807B68C2
:206FC0005A68FB69DB0013441B6803F0F853FB60FB68B3F1807F03D0FB68B3F1106F39D1D4
:206FE0007B6993F8BB34DAB20121BB6901FA03F3DBB21340DBB2002B13D10120FCF732FCB2
:207000007B6993F8BB34DAB20121BB6901FA03F3DBB21343DAB27B6983F8BB240120FCF78E
:20702000D1FB3B69BA69203213F81230C3F3C013DBB2002B49D13A69BB6903F1200112F8DD
:20704000113043F0800302F811300121C820FCF737FA3AE07B6993F8BB34DAB20121BB6986
:2070600001FA03F3DBB21340DBB2002B15D00120FCF7F8FB7B6993F8BB34DAB20121BB696B
:2070800001FA03F3DBB2DB43DBB21340DAB27B6983F8BB240120FCF795FB3B69BA692032ED
:2070A00013F81230C3F3C013DBB2002B0DD03A69BB6903F1200112F8113023F0800302F8AE
:2070C00011300121C820FCF7FBF9BB690133BB61BB69022B7FF666AFFB690133FB617B6858
:2070E0001B881A46FB699342FFF459AF00BF00BF2037BD4680BD00BF00E0014000300840EC
:20710000D8C8020080B584B000AF786039607B68FB60FB683A685A60386800F029F8B8607E
:20712000BB68002B01D0BB6803E0FB68034A1A60002318461037BD4680BD00BF4D504C52FE
:2071400080B584B000AF78607B68FB6000F008FA0120FCF787FBF86800F040F9B8600120B7
:20716000FCF730FBBB6818461037BD4680BDFFFF80B586B000AF786000237B6100233B613B
:207180000023FB600120FCF76DFB00F0E9F97B681B78002B00F0D1807B681B78042B6BD160
:2071A0007B68D3E908237149D3B281F802347B68D3E908014FF000024FF00003020A42EAB4
:2071C00001620B0A6949D3B281F803347B68D3E908014FF000024FF00003020C42EA0142A8
:2071E0000B0C6249D3B281F804347B68D3E908014FF000024FF00003020E42EA01220B0EF4
:207200005A49D3B281F805347B68D3E90A235749D3B281F80A347B68D3E90A014FF0000201
:207220004FF00003020A42EA01620B0A4F49D3B281F80B347B68D3E90A014FF000024FF05D
:207240000003020C42EA01420B0C4849D3B281F80C34FB6843F08003FB607B689B7F03F064
:207260000303FA681343FB607B685B7F9B0103F04003FA681343FB607B681B78032B3AD1A4
:207280007B68D3E90423134301D101237B617B68D3E9042335491346C1F898307B68D3E943
:2072A00004014FF000024FF000030A0000232F491346C1F888307B681B7F5B007A691343C6
:2072C0007B617B685B8B2A4AC3F3080399B2B2F8003261F30803A2F800327B681A8B234B8C
:2072E000D2B283F894207B681B8B1B0A9AB21F4BD2B283F895204FF480433B613B6943F446
:2073000000433B617B681B78002B7B681B78012B7B68D3E9022316491346C1F8A0317B6862
:20732000D3E902014FF000024FF000030A0000230F491346C1F8A43102E04FF480433B611B
:207340000A4B3A6992B29A81084B7A69D2B283F89220064BFA68D2B283F800240120FCF705
:2073600031FA002318461837BD4680BD00E001400060004080B483B000AF78607B68002B15
:2073800001D005231CE0114B1B78DBB2012B01D0052315E00E4B1B78DBB2012B01D00523C4
:2073A0000EE00C4B1B78DBB2012B01D0052307E0094B1B78DBB2012B01D0052300E00023C0
:2073C00018460C37BD465DF8047B704738E0014032E001402AE001404AE0014080B588B0AF
:2073E00000AF78600023FB615A4B3B610023BB6100237B61584BFB60584B9B89C3F3C0339A
:20740000DBB2012B62D1554B93F82630DBB2BB603B691B78DBB203F00303FB614F4B93F819
:20742000AA30C3F30003DBB2BB614C4B93F80034C3F3C013DBB2002B13D1484B93F89230B5
:20744000C3F30003DBB2012B07D1B868FFF792FF0346002B01D0052377E00020FCF702FA68
:2074600025E00020FCF7FEF93C4A92F80E3423F0010382F80E34394B93F80634374B0022EB
:2074800083F80624354B93F80734344B002283F80724324B93F80834304B002283F8082432
:2074A0002E4B93F809342D4B002283F80924FB681B78DBB2DB0903F001037B61FB681B7819
:2074C000DBB203F07F03DAB2FB681A707B685B681B78032B09D1214A92F8923043F0800383
:2074E00082F892301D4B93F89230BFF34F8F00BF30BF1A4A92F8923023F0800382F89230DB
:20750000164B9B89C3F3C033DBB2012B1CD100F027F8FB69DBB203F00303DAB23B691A70E4
:20752000BB69DBB20D4A03F00103DBB282F8AA30FB681B78DAB27B69DBB21343DAB2FB6833
:207540001A700020FCF73EF9002318462037BD4680BD00BFA0E0014040E0014000E001403D
:2075600080B400AF064B93F8AA30C3F30013DBB2002BF7D100BF00BFBD465DF8047B70471D
:2075800000E0014080B483B000AF0346FB7197F90730002B0DDB0A4A97F907305B0952F85C
:2075A0002320FB7903F01F0322FA03F303F0010300E0002318460C37BD465DF8047B7047C4
:2075C00000E100E080B483B000AFEFF303837B607B683B603B88C3F308039BB2DBB2103B6A
:2075E000DBB25BB218460C37BD465DF8047B704780B483B000AF03463960FB7197F9073097
:2076000004493A6841F8232000BF0C37BD465DF8047B70471CAF002080B483B000AF034625
:20762000FB7197F90730044A52F8233018460C37BD465DF8047B70471CAF002080B483B0AB
:2076400000AF0346FB710B4997F9073003F1C00251F8223023F4803341F82230054A97F926
:207660000730C03352F8233000BF0C37BD465DF8047B70470060004080B584B000AF0346B2
:20768000FB7197F907301846FFF7D8FFBFF35F8F00BF97F90730FB60FB6803F01F02074944
:2076A00097F907305B09012000FA02F2603341F8232000BF1037BD4680BD00BF00E100E0BB
:2076C00080B584B000AF0346B9607A60FB73BB68DAB2094997F90F301201D2B20B4483F8B7
:2076E000002397F90F3079681846FFF781FF00BF1037BD4680BD00BF00E100E080B485B0B4
:2077000000AF0346FB7197F90730FB60FB6803F01F020749FB685B09012000FA02F241F80D
:20772000232000BF1437BD465DF8047B704700BF00E100E080B582B000AF0346FB7197F993
:2077400007301846FFF798FF97F907301846FFF7D5FF00BF0837BD4680BDFFFF80B485B073
:2077600000AF0346FB7197F90730FB60FB6803F01F020B4997F907305B09012000FA02F27E
:20778000203341F82320BFF34F8F00BFBFF36F8F00BF00BF1437BD465DF8047B704700BF05
:2077A00000E100E080B584B000AF786039607B68FB600023BB60FB683A685A603B685A69DE
:2077C000FB68DA603B689A69FB685A61FB6800221A61FB6800221A723968F86800F03EF90F
:2077E0003968F86800F0A4F9FB68034A1A60BB6818461037BD4680BD4354520090B585B066
:2078000000AF786039600023FB607B68BB60002000F0E6F83B681B68DBB22C4C184600F065
:207820008FFA0346A3703B685B68DBB2274C184600F086FA034623713B689B68DBB21846C1
:2078400000F07EFA03461A46204B02F03F02D2B29A713B689B69DBB21C4C184600F070FA96
:20786000034623723B68DB68DBB2184C184600F067FA0346A3723B681B69DBB20133DBB2D1
:20788000124C184600F05CFA034623733B685B69DBB2643BDBB2184600F052FA03461A46A4
:2078A0000A4BDA81BB685B681B78002B05D1BB685B689B68184600F0ADF9012000F090F828
:2078C000FB6818461437BD4690BD00BF0030084080B586B000AF786039607B687B610023A8
:2078E0003B617B695B6893F911301846FFF74AFEF860FB68002B0AD10221012000F04CF9A2
:207900007B695B6893F911301846FFF713FF7B6900221A72314B9B78DBB2184600F036FA61
:2079200003461A463B681A602C4B1B79DBB2184600F02CFA03461A463B685A60274B9B79E9
:20794000DBB203F03F03DBB2184600F01FFA03461A463B689A60214B1B7ADBB2184600F04F
:2079600015FA03461A463B689A611C4B9B7ADBB2184600F00BFA03461A463B68DA60174B6D
:207980001B7BDBB2184600F001FA03465A1E3B681A61124BDB899BB2DBB2184600F0F6F9C4
:2079A000034603F164023B685A617B691B7ADBB2002BACD1FB68002B0AD10221002000F07C
:2079C000EBF87B695B6893F911301846FFF7C6FE3B6918461837BD4680BD00BF0030084070
:2079E00080B483B000AF0346FB710E4AFB7903F00103D9B292F8243061F3000382F824306B
:207A0000084B93F82430C3F30003DBB21A46FB799A42F5D100BF00BF0C37BD465DF8047BE0
:207A2000704700BF0030084080B400AF0A4A92F8243043F0020382F82430074B93F824300C
:207A4000C3F34003DBB2002BF7D100BF00BFBD465DF8047B704700BF0030084080B584B001
:207A600000AF786039607B685B68304A1B7882F828300121C820FBF723FD0020FFF7B0FF80
:207A80007B685B681B78012B07D1284B00225A853B685A68254B92B29A85244B002283F8F1
:207AA0002420224B93F82430C3F3C013DBB2002BF7D1FFF7B9FF1D4B002283F822201B4BD2
:207AC00093F82230DBB2002BF9D1184A92F8243043F0400382F82430144B93F82430C3F3CF
:207AE0008013DBB2012BF7D10023FB7316E00F49FB7B03F1200211F8123023F0800301F82D
:207B000012300A4AFB7B203312F81330C3F3C013DBB2002BF5D1FB7B0133FB73FB7B002BF9
:207B2000E5D000BF00BF1037BD4680BD0030084080B582B000AF786039603B6893F90F301E
:207B4000002B08DB3B6893F90F003B689B7B7A681946FFF7B5FD3B6893F90D30002B08DBBD
:207B60003B6893F90D003B681B7B7A681946FFF7A7FD3B6893F91130002B08DB3B6893F908
:207B800011003B681B7C7A681946FFF799FD00BF0837BD4680BDFFFF80B483B000AF034632
:207BA0000A46FB711346BB71FB79002B14D0184B93F82230DAB21649BB791343DBB281F846
:207BC0002230134B93F82230DAB2BB791340DBB2BA799A42F5D114E00D4B93F82230DAB2EE
:207BE000BB79DB43DBB20A491340DBB281F82230074B93F82230DAB2BB791340DBB2002BAE
:207C0000F6D100BF0C37BD465DF8047B704700BF0030084080B485B000AF78600023FB7355
:207C20007B681B78BB737B685B787B737B689B783B737B685B68BB60334B93F82430C3F384
:207C40000013DBB21A46BB7B93421ED02E4B002283F82E202C4B93F82E30DBB2002BF9D1E5
:207C6000294ABB7B03F00103D9B292F8243061F3041382F82430244B93F82430C3F30013AB
:207C8000DBB21A46BB7B9A42F5D1BB7B012B1ED11D4B93F82430C3F34013DBB21A467B7B9B
:207CA000934214D0184A7B7B03F00103D9B292F8243061F3451382F82430134B93F824309C
:207CC000C3F34013DBB21A467B7B9A42F5D13B7B9B01DAB2BB68DBB203F03F03DBB2134370
:207CE000FB73094AFB7B82F82E30074B93F82E30DBB2FA7B9A42F8D100BF00BF1437BD46C7
:207D00005DF8047B704700BF0030084080B582B000AFFFF757FC0346FB7197F90730184668
:207D2000FFF77AFC38603B6801221A7297F907301846FFF783FC00BF0837BD4680BDFFFF17
:207D400080B483B000AF0346FB71FB790E4AA2FB0323DB08DBB25BB21B0158B2FA790A4B5E
:207D6000A3FB0213D9080B469B000B445B00D31ADBB25BB203435BB2DBB218460C37BD46CE
:207D80005DF8047B704700BFCDCCCCCC80B483B000AF0346FB71FB791B09DBB21A46920086
:207DA00013445B00DAB2FB7903F00F03DBB21344DBB218460C37BD465DF8047B704780B438
:207DC00083B000AFEFF303837B607B683B603B88C3F308039BB2DBB2103BDBB25BB218465F
:207DE0000C37BD465DF8047B7047FFFF80B483B000AF03463960FB7197F9073004493A689A
:207E000041F8232000BF0C37BD465DF8047B70471CAF002080B483B000AF0346FB7197F910
:207E20000730044A52F8233018460C37BD465DF8047B70471CAF002080B483B000AF0346A7
:207E4000FB710B4997F9073003F1C00251F8223023F4803341F82230054A97F90730C033EC
:207E600052F8233000BF0C37BD465DF8047B70470060004080B584B000AF0346FB7197F9D8
:207E800007301846FFF7D8FFBFF35F8F00BF97F90730FB60FB6803F01F02074997F9073071
:207EA0005B09012000FA02F2603341F8232000BF1037BD4680BD00BF00E100E080B584B011
:207EC00000AF0346B9607A60FB73BB68DAB2094997F90F301201D2B20B4483F8002397F965
:207EE0000F3079681846FFF781FF00BF1037BD4680BD00BF00E100E080B485B000AF034667
:207F0000FB7197F90730FB60FB6803F01F020749FB685B09012000FA02F241F8232000BFFB
:207F20001437BD465DF8047B704700BF00E100E080B582B000AF0346FB7197F907301846F8
:207F4000FFF798FF97F907301846FFF7D5FF00BF0837BD4680BDFFFF80B485B000AF034608
:207F6000FB7197F90730FB60FB6803F01F020B4997F907305B09012000FA02F2203341F8E2
:207F80002320BFF34F8F00BFBFF36F8F00BF00BF1437BD465DF8047B704700BF00E100E0C8
:207FA00080B584B000AF0346B9607A60FB7397F90F307A68B9681846FFF780FF97F90F308B
:207FC0001846FFF7B5FF00BF1037BD4680BDFFFF80B584B000AF786039607B68FB6000236B
:207FE000BB603B681B7803F5800303F58C531B021A46FB689A60FB683A685A603B689A699F
:20800000FB681A623B68DA69FB689A62FB6800225A62F86800F020F9B860BB68002B01D05B
:20802000BB682AE0F86800F043F83B6893F901003B685B79FA681946FFF7B2FF3B6893F94A
:2080400002003B689B79FA681946FFF7A9FF3B6893F903003B68DB79FA681946FFF7A0FF89
:208060003B6893F904003B681B7AFA681946FFF797FFFB68034A1A60BB6818461037BD4653
:2080800080BD00BF5349435380B586B000AFF860B9607A60FB70FB687B617B680022B9687D
:2080A000786900F03BF9034618461837BD4680BD80B48FB000AF78607B685B683B623B6AA3
:2080C0001B6AFB618023BB6100237B63E2233B630023FB62FF23BB6200237B62FB695B7866
:2080E000C3F30103DBB21A46BB691343BB61FB699B785BB2002B06DA7B6A43F004037B62B8
:20810000FB699B78BB623B6A5B7A012B0BD1FB6A43F00403FB62FB6A43F00103FB627B6B6E
:2081200043F002037B633B6A9B7A012B08D13B6ADB7A002B10D1FB6A43F04003FB620BE041
:20814000FB6A43F08003FB623B6ADB7A012B03D1FB6A43F04003FB623B6A5B7B002B03D1FB
:208160003B6B43F008033B6300237B61EFF31083BB60BB687B610123FB60FB6883F31088FF
:2081800000BF344B5A683B6A1B7819464FF00043CB40DB432F4913404B602E4B5B687B6907
:2081A0003B613B6983F3108800BF7B689B6800229A707B689B681B797B689B6884221A710F
:2081C0007B689B684FF478429A827B689B68BA69D2B21A707B689B687A6BD2B29A707B684D
:2081E0009B683A6BD2B29A717B689B68FA6912785A707B689B68BA6AD2B29A747B689B6829
:208200007A6AD2B2DA717B689B68FA6AD2B25A737B689B6800221A727B689B6800225A72A8
:208220007B689B6800229A727B689B680022DA727B689B6800225A837B689B684022DA745B
:208240007B689B6802221A7700BF3C37BD465DF8047B70470040084080B586B000AF786049
:2082600000237B617B685B683B613B695B69002B1ED03B695B69FB60FB685B681B684FF48D
:2082800000221A607B689A68FB685B681B6805325A60FB689B681B68FA681068FA685268E4
:2082A0001146984778617B69002B01D07B6930E03B691B69002B2BD03B691B69BB60BB6827
:2082C0005B681B684FF000621A607B689A68BB685B681B6803329A60BB689B681B68BA68F5
:2082E0001068BA6852681146984778617B69002B0ED03B695B69002B08D03B695B699B6858
:208300001B6A3A6952691268104698477B6900E07B6918461837BD4680BDFFFF90B589B0BA
:2083200000AFF860B9607A603B60FB689B689B78DBB203F03003002B01D0082370E0FB68A2
:208340003A68DA61FB6800225A61FB6800229A61FB68BA68DA60FB687A681A61FB685B68DB
:208360001B69002B39D0FB683A685A61FB685B681B69FB61FB695B681B683A6892B2DA8194
:20838000BB68002B0CD1FB695B681A68D37823F00C03D370FB695B681B68234A5A600CE09C
:2083A000FB695B681A68D378022161F38303D370FB695B681B68BA685A60FB699B685B68D9
:2083C000FA691068FA695268126811469847B861BB69002B01D0BB6922E0FB685B685B69AC
:2083E000002B19D07B68002B16D0FB683A689A61FB685B685B697B617B699B689C687B69E0
:2084000018683B689BB27A680021A04738613B69002B01D03B6903E0F86800F007F80023D0
:2084200018462437BD4690BDADB0002080B584B000AF78602023FB607B681B69002B09D0BD
:208440007B685B681B69002B04D17B685B685B69002B03D0FB6843F08003FB607B681B69AF
:20846000002B03D0FB6843F05003FB607B689B689B78D9B2FB68DAB27B689B680A43D2B290
:208480009A707B685B681B69002B25D17B685B685B69002B20D17B681B69002B1CD07B68A0
:2084A0005B6893F901301846FFF756FD786800F017F87B685B685B7A012B06D17B68DB6911
:2084C000012B02D9786800F00BF87B685B6893F901301846FFF710FD00BF1037BD4680BDB8
:2084E00080B483B000AF78607B685A697B68DB699A4216D27B68DB68002B09D07B68DA68AE
:208500007B685B691A447B689B681278DA7003E07B689B680022DA707B685B695A1C7B6867
:208520005A6100BF0C37BD465DF8047B704790B587B000AF78600B46FB707B685B6A7B61AD
:208540007B69002B03D107F108037B6105E07A6907F1080307CA83E807007B685B681B7812
:208560001A467B691A607B69FA781A717B689A6A7B699A607B681B6A786998477B685B6AC7
:20858000002B08D07B685B6A1C4607F1080393E8070084E8070000BF1C37BD4690BD80B53F
:2085A00082B000AFFFF70BFC0346FB7197F907301846FFF741FC97F907301846FFF72AFC8F
:2085C00038603868FFF78CFF3B685A693B68DB699A4210D13B681B69002B0CD13B689B6803
:2085E0009B78DBB203F07B03DAB23B689B6842F00402D2B29A7000BF0837BD4680BD90B5EF
:2086000083B000AFFFF7DBFB0346FB7197F907301846FFF711FC97F907301846FFF7FAFBBF
:2086200038603868FFF75CFF3B689A693B68DB699A420CD23B689A683B6819693B689B69F9
:208640005C1C386884610B445279D2B21A703B689A693B68DB699A420CD13B689B689B78F6
:20866000DBB203F03B03DAB23B689B6842F00402D2B29A7000BF0C37BD4690BD80B582B08B
:2086800000AFFFF79CFB0346FB7197F907301846FFF7C0FB38603B689B689B78DAB23B6893
:2086A0009B6802F00302D2B29A7001213868FFF73EFF97F907301846FFF7BEFB00BF08376B
:2086C000BD4680BD80B582B000AFFFF778FB0346FB7197F907301846FFF79CFB38603B6839
:2086E0009B689B78DAB23B689B6802F00302D2B29A703B689B681B793B689B6884221A719C
:2087000004213868FFF713FF97F907301846FFF793FB00BF0837BD4680BD80B483B000AF8F
:20872000EFF303837B607B683B603B88C3F308039BB2DBB2103BDBB25BB218460C37BD4691
:208740005DF8047B7047FFFF80B483B000AF03463960FB7197F9073004493A6841F82320FA
:2087600000BF0C37BD465DF8047B70471CAF002080B483B000AF0346FB7197F90730044A9E
:2087800052F8233018460C37BD465DF8047B70471CAF002080B483B000AF0346FB710B4903
:2087A00097F9073003F1C00251F8223023F4803341F82230054A97F90730C03352F82330A6
:2087C00000BF0C37BD465DF8047B70470060004080B584B000AF0346FB7197F90730184677
:2087E000FFF7D8FFBFF35F8F00BF97F90730FB60FB6803F01F02074997F907305B09012018
:2088000000FA02F2603341F8232000BF1037BD4680BD00BF00E100E080B584B000AF034634
:20882000B9607A60FB73BB68DAB2094997F90F301201D2B20B4483F8002397F90F307968D3
:208840001846FFF781FF00BF1037BD4680BD00BF00E100E080B485B000AF0346FB7197F921
:208860000730FB60FB6803F01F020749FB685B09012000FA02F241F8232000BF1437BD4640
:208880005DF8047B704700BF00E100E080B582B000AF0346FB7197F907301846FFF798FF50
:2088A00097F907301846FFF7D5FF00BF0837BD4680BDFFFF80B485B000AF0346FB7197F930
:2088C0000730FB60FB6803F01F020B4997F907305B09012000FA02F2203341F82320BFF380
:2088E0004F8F00BFBFF36F8F00BF00BF1437BD465DF8047B704700BF00E100E080B58AB0E5
:2089000000AF786039607B687B623B681B781A460123934003F00603002B0AD03B68DB6902
:208920005B681B7803F00803DBB2002B01D00323CAE03B681B7803F5800303F58C531B02E5
:208940001A467B6A1A627B6A00221A707B6A3A68DA613B685A697B6A5A623B689A697B6A71
:20896000DA627B6A00229A627A6A9378012161F3010393703B685B78002B05D17A6A9378E6
:20898000022161F3010393703968786A00F0C1F9786A00F006F900233B62EFF31083FB60CB
:2089A000FB683B6201233B613B6983F3108800BF474B5A683B681B7819464FF00043CB4010
:2089C000DB43434913404B60414B5B683B6A7B617B6983F3108800BF7B6A1B6A00229A70D8
:2089E0007B6A1B6A00221A717B6A1B6A00225A727B6A1B6A00229A727B6A1B6A0022DA7298
:208A00007B6A1B6A00225A833B681B781A46012303FA02F240F219231340002B03D07B6A9E
:208A20001B6A4022DA747B6A1B6A06221A773968786A00F0C0F87B6A0022DA607B6A00226B
:208A40001A617B6A00225A617B6A00229A613B68DB69FB61FB691B7803F00303BB61BB6964
:208A600043F01003BB617B6ADB6993F905301846FFF70CFF7B6ADB6993F90B301846FFF707
:208A800005FFBB6943F04003BB617B6ADB6993F907301846FFF7FAFE7B6ADB6993F90930F6
:208AA0001846FFF7F3FEBB6943F02003BB617B6A1B6ABA69D2B29A70FB695A897B6A1A81F9
:208AC0007B6A044A5A60002318462837BD4680BD004008405549435380B487B000AFF8605B
:208AE000B9607A60FB687B6100233B617B69BA685A617B697A689A613B6918461C37BD46AB
:208B00005DF8047B704780B487B000AFF860B9607A60FB687B617B691B6A9B78DAB27B693A
:208B20001B6A02F07B02D2B29A707B699B78C3F30103DBB21A467B689A1A7B691A617B693B
:208B40009B78C3F30103DBB21A46BB681A447B69DA607B691B6A9B78DAB27B691B6A62F0F9
:208B60007F02D2B29A707B699B7803F00303DBB2022B0AD1BB681B887A69126A6FEAC353CD
:208B80006FEAD3539BB2D38104E07B691B6ABA681278DA70002318461C37BD465DF8047BC7
:208BA000704780B483B000AF786000BF0C37BD465DF8047B704780B586B000AF78603960F5
:208BC0003B681B781A46012303FA02F240F219231340002B04D07B681B6A4FF478429A82A9
:208BE0003B689B781A013B68DB78DB0013437B61F2233B613B685B78032B04D17B6943F060
:208C000040037B6107E03B685B78002B03D13B6923F010033B617B681B6A7A69D2B21A701A
:208C20007B681B6A3A69D2B29A713B68DB69BB60BB681B7B082B04D17B681B6A0A225A7376
:208C400009E0BB681B7B5B00DAB27B681B6A02F00202D2B25A730023FB60BB685B78DB018C
:208C6000DBB2FA681343FB60BB689B785B0103F02003FA681343FB607B681B6A00221A7283
:208C8000BB681B78022B03D0BB681B78032B11D17B681B6AFF225A70BB681B78022B03D14E
:208CA000FB6843F01003FB607B681B6AFA68D2B2DA710DE07B681B6AFA68D2B2DA717B68AE
:208CC0001A6ABB685B681946104600F04FF800BF00BF1837BD4680BD80B582B000AF786043
:208CE0000B46FB701346BB7097F902301846FFF7E1FD97F902301846FFF74CFDF97897F9E0
:208D000002307A681846FFF787FD00BF0837BD4680BD80B582B000AF786039603B68997AEC
:208D20003B6893F90B301A467868FFF7D5FF3B6819793B6893F905301A467868FFF7CCFF25
:208D40003B6899793B6893F907301A467868FFF7C3FF3B68197A3B6893F909301A46786822
:208D6000FFF7BAFF00BF0837BD4680BD80B483B000AF786039603B689A787B685A703B687A
:208D80005B78C3F30103D9B27A68137861F3010313703B68DA787B689A747B68DB79DBB2C9
:208DA00023F05C03DAB23B681B7803F05C03DBB21343DAB27B68DA7100BF0C37BD465DF836
:208DC000047B704790B58BB000AFF860B9601346FB71FB689B6A7B627B6A002B03D107F1D7
:208DE00014037B6205E07B6A07F114040FCB84E80F00FB68DB691B781A467B6A1A607B6A72
:208E0000BA689A607B6AFA791A71FB68DA6A7B6ADA60FB685B6A786A9847FB689B6A002B11
:208E200007D0FB689B6A1C4607F114030FCB84E80F0000BF2C37BD4690BD80B584B000AFA3
:208E4000FFF76BFC0346FB7397F90F301846FFF7A1FC97F90F301846FFF78AFCB860BB685A
:208E6000DB691B69002B30D1BB681B69002B2CD0BB689B7803F00303DBB2022B0BD1BB6848
:208E8000DB681B88BA68126A6FEAC3536FEAD3539BB2D38105E0BB68DA68BB681B6A127843
:208EA000DA70BB681B69BA689278C2F30102D2B29A1ABB681A61BB68DB68BA689278C2F3C0
:208EC0000102D2B21A44BB68DA60BB681B69002B1BD1BB681B6A9B78FB71FB7943F00403BD
:208EE000FB71FB7903F07F03FB71BB681B6AFA799A70BB680022DA60BB685B6A002B04D026
:208F000080220021B868FFF75DFF00BF1037BD4680BD80B584B000AFFFF7FFFB0346FB7317
:208F200097F90F301846FFF735FC97F90F301846FFF71EFCB860BB689B7803F00303DBB2CC
:208F4000022B07D1BB681B6A1B8A9BB2C3F308037B6004E0BB681B6A5B79DBB27B60BB68EB
:208F60009B69002B0AD1BB685B6A002B33D07B6804221946B868FFF725FF2CE0BB6858693F
:208F8000BB689B78C3F30103DBB21A463B1D194611F0D6FFBB685B69BA689278C2F301029C
:208FA000D2B21A44BB685A61BB689B69BA689278C2F30102D2B29A1ABB689A61BB689B6969
:208FC000002B08D1BB685B6A002B04D001220021B868FFF7F7FE00BF1037BD4680BD80B5DC
:208FE00082B000AFFFF799FB0346FB7197F907301846FFF7BDFB38603B681B6A9B78DAB21F
:209000003B681B6A02F07B02D2B29A703868FFF7C8FD3B685B6A002B04D002220021386884
:20902000FFF7D0FE97F907301846FFF7B3FB00BF0837BD4680BD80B584B000AFFFF76DFBEF
:209040000346BB7297F90A301846FFF791FB78600023FB607B689B7803F00303DBB2022BF1
:2090600007D17B681B6A1B8A9BB2C3F30803FB6004E07B681B6A5B79DBB2FB607B681B6A32
:209080001B79DBB203F03803FB72FB7A03F01003002B0BD07B681B6A1B7FC3F30003DBB24B
:2090A000002B03D1FB7A43F04003FB727B681B6A1B79DAB27B681B6A22F03802D2B21A710E
:2090C0007868FFF76EFD7B685B6A002B05D0FB7A1A46F9687868FFF775FE97F90A30184600
:2090E000FFF758FB00BF1037BD4680BD80B483B000AFEFF303837B607B683B603B88C3F391
:2091000008039BB2DBB2103BDBB25BB218460C37BD465DF8047B704780B483B000AF0346F7
:209120003960FB7197F9073004493A6841F8232000BF0C37BD465DF8047B70471CAF00207D
:2091400080B483B000AF0346FB7197F90730044A52F8233018460C37BD465DF8047B704763
:209160001CAF002080B483B000AF0346FB710B4997F9073003F1C00251F8223023F4803303
:2091800041F82230054A97F90730C03352F8233000BF0C37BD465DF8047B7047006000406E
:2091A00080B584B000AF0346FB7197F907301846FFF7D8FFBFF35F8F00BF97F90730FB606F
:2091C000FB6803F01F02074997F907305B09012000FA02F2603341F8232000BF1037BD4676
:2091E00080BD00BF00E100E080B584B000AF0346B9607A60FB73BB68DAB2094997F90F3020
:209200001201D2B20B4483F8002397F90F3079681846FFF781FF00BF1037BD4680BD00BF41
:2092200000E100E080B485B000AF0346FB7197F90730FB60FB6803F01F020749FB685B09F0
:20924000012000FA02F241F8232000BF1437BD465DF8047B704700BF00E100E080B582B004
:2092600000AF0346FB7197F907301846FFF798FF97F907301846FFF7D5FF00BF0837BD46E8
:2092800080BDFFFF80B485B000AF0346FB7197F90730FB60FB6803F01F020B4997F9073012
:2092A0005B09012000FA02F2203341F82320BFF34F8F00BFBFF36F8F00BF00BF1437BD46A1
:2092C0005DF8047B704700BF00E100E080B584B000AF0346B9607A60FB7397F90F307A6810
:2092E000B9681846FFF780FF97F90F301846FFF7B5FF00BF1037BD4680BDFFFF80B584B0F6
:2093000000AF786039600023FB607B68BB60386800F06CF8F860FB68002B01D0FB6822E0A1
:20932000BB683A685A603B689A69BB685A623B68DA69BB68DA62BB6800229A62BB685B68BD
:209340001B7803F5800303F58D531B021A46BB689A60B86800F0A6F8B86800F0F1F9BB68C2
:20936000034A1A60FB6818461037BD4680BD00BF4950535280B586B002AFF860B9607A607A
:20938000FB70FB7800937B68BA680021F86800F07BFA034618461037BD4680BD80B586B0D8
:2093A00002AFF860B9607A60FB70FB7800937B680022B968F86800F067FA0346184610377B
:2093C000BD4680BD80B586B002AFF860B9607A603B603B7E00933B687A68B968F86800F009
:2093E00053FA034618461037BD4680BD80B586B000AF786000237B617B681B693B617B681B
:209400001B7803F5800303F58D531B020433FB603B69002B19D03B695B681B684FF0006274
:209420001A603B695B681B68FA689A603B699B681B683A6910683A695268114698477861BB
:209440007B69002B01D07B6928E07B685B69BB60BB68002B21D0BB685B681B684FF4002271
:209460001A60BB685B681B68FA685A60BB689B681B68BA681068BA685268114698477861BF
:209480007B69002B09D03B69002B06D03B699B681B6A3A691268104698477B691846183730
:2094A000BD4680BD80B491B000AF78600023FB6300233B620023BB6300237B6300233B632C
:2094C0000023FB620023BB6200237B620023FB61FB6B43F08003FB63FB6B43F02003FB63B9
:2094E000FB6B43F01003FB637B685B685B7A002B01D1082300E00023FA6B1343FB637B68C0
:209500005B685B7A002B01D1102300E000237A6B13437B637B685B689B7A1A467B6A134311
:209520007B627B685B68DB7A5B007A6A13437B627B685B685B7B1B037A6A13437B627B684D
:209540005B681B69002B03D0FB6B43F02003FB637B685B681B6ABB61BB691B78002B14D19E
:209560007B685B681B78002B0AD17B685B685B7A002B01D1802300E000237A6A13437B6277
:20958000FB6B23F00103FB6303E0FB6B43F00103FB63BB695B78DB01DB431A46FB6B134008
:2095A000FB63BB695B785A00BB695B785B0113431A46FB6B1343FB633B6A23F00F033B6272
:2095C000BB699B781A46BB69DB7802FA03F33A6A13433B627B6A23F070037B62BB69DB7835
:2095E0001B017A6A13437B62BB691B79002B0BD0BB6B43F02003BB63BB691B79022B03D127
:20960000BB6B43F01003BB63BB695B79002B0BD07B6B43F001037B63BB695B79012B03D1CF
:209620007B6B43F002037B63BB699B791A46FB691343FB61BB691B7AC3F30103DBB29B00E5
:209640007A6A13437B627B685B685B7A002B0CD17B6A43F460437B62BB695B7A3B63BB6919
:209660009B7AFB62BB69DB7ABB6200237B61EFF310833B613B697B610123FB60FB6883F3FA
:20968000108800BF2D4B5A687B685B681B78C3F11303012101FA03F3DB43284913404B6096
:2096A000264B5B687B69BB60BB6883F3108800BF7B689B68DB787B689B680022DA707B6819
:2096C0009B68FA6BD2B21A707B689B683A6AD2B25A707B689B68BA6BD2B29A707B689B68BD
:2096E000BA69D2799A727B689B683A6BD2B21A737B689B68FA6AD2B25A737B689B68BA6AAF
:20970000D2B29A737B689B687A6BD2B2DA737B689B687A6A92B21A827B689B68FA69D2B2A5
:2097200083F820207B689B68102283F8212000BF4437BD465DF8047B704700BF004008408B
:2097400080B582B000AF78607B685B6893F90230002B0ADB7B685B6893F902007B685B68CD
:209760009B797A681946FFF7B1FD7B685B6893F90130002B0ADB7B685B6893F901007B6867
:209780005B685B797A681946FFF7A0FD7B685B6893F904007B685B681B7A7A681946FFF7B6
:2097A00095FD7B685B6893F903007B685B68DB797A681946FFF718FD00BF0837BD4680BD5E
:2097C00080B487B000AF78607B689B68DB7ADBB27B617B689B681B8A9BB2FB607B6893F852
:2097E00020300F2B08D97B6923F040037B617B6943F020037B610DE07B6893F82030072BF5
:2098000004D87B6943F040037B6103E07B6923F060037B617B6893F820303B613B690F2BE5
:2098200004D93B6901339B08053B3B61FB6823F47063FB603B691B02FA681343FB607B6895
:209840009B687A69D2B2DA727B689B68FA6892B21A8200BF1C37BD465DF8047B704780B456
:2098600083B000AF78607B689B681B78DAB27B689B6842F06002D2B21A7000BF0C37BD469C
:209880005DF8047B7047FFFF80B588B000AFF860B9607A603B60FB68FB61FB699B681B7884
:2098A000DBB203F04003002B01D0082306E1FB69BA68DA60FB697A681A61FB6900225A6115
:2098C000FB6900229A61FB693A68DA61FB6997F8282083F82020FB695B685B69002B6DD07D
:2098E000FB693A689A61FB6993F820300F2B0AD9FB695B685B695B681A68D378022161F319
:209900000513D37018E0FB6993F82030072B09D8FB695B685B695B681A68D37823F03003E1
:20992000D37009E0FB695B685B695B681A68D378012161F30513D370FB695B685B695B6801
:209940001A689378022161F383039370FB695B685B695B681B683A6892B2DA81FB695B68E1
:209960005B695B681B687A689A607B68002B0FD1FB695B685B695B681A68937823F00C03B6
:209980009370FB695B685B695B681B684D4A9A60FB695B685B699B685B68FA695268526979
:2099A0001068FA69526852695268126811469847B861BB69002B01D0BB697FE0FB695B680A
:2099C0001B69002B73D0FB693A685A61FB6993F820300F2B0AD9FB695B681B695B681A6888
:2099E000D378022161F30513D37018E0FB6993F82030072B09D8FB695B681B695B681A6810
:209A0000D37823F03003D37009E0FB695B681B695B681A68D378012161F30513D370FB6919
:209A20005B681B695B681A68D378022161F38303D370FB695B681B695B681B683A6892B238
:209A4000DA81FB695B681B695B681B68BA685A60BB68002B0FD1FB695B681B695B681A68C0
:209A6000D37823F00C03D370FB695B681B695B681B68154A5A60FB699A68137823F0200305
:209A80001370FB695B681B699B685B68FA69526812691068FA69526812695268126811469F
:209AA000984778617B69002B01D07B6906E0F869FFF786FEF869FFF7D2FE0023184620376A
:209AC000BD4680BDB0B00020B4B0002080B485B000AF78607B689B69FB607B68DB69FA6887
:209AE0009A4234D07B681B69002B03D17B689B685B6827E07B6893F820300F2B09D97B68B3
:209B00009A687B681969FB689B000B4452681A6018E07B6893F82030072B09D87B689A68AF
:209B20007B681969FB680B441279D2B21A7009E07B689A687B681969FB685B000B4492881B
:209B400092B21A80FB685A1C7B689A6100E000BF1437BD465DF8047B704780B485B000AFE0
:209B600078607B685B69FB607B68DB69FA689A4233D07B68DB68002B04D17B689B68002275
:209B80005A6025E07B6893F820300F2B09D97B68DA68FB689B001A447B689B6812685A6091
:209BA00016E07B6893F82030072B08D87B68DA68FB681A447B689B6812781A7108E07B6833
:209BC000DA68FB685B001A447B689B6812889A80FB685A1C7B685A6100E000BF1437BD4629
:209BE0005DF8047B704790B587B000AF78600B46FB707B689B6A7B617B69002B03D107F17C
:209C000008037B6105E07A6907F1080307CA83E807007B685B681B781A467B691A607B6974
:209C2000FA781A717B68DA6A7B699A607B685B6A786998477B689B6A002B08D07B689B6AE7
:209C40001C4607F1080393E8070084E8070000BF1C37BD4690BD80B582B000AFFFF746FAFC
:209C60000346FB7197F907301846FFF77BFA97F907301846FFF764FA38603868FFF726FFD3
:209C80003B689A693B68DB699A4206D13B685B6893F903301846FFF7C5FA00BF0837BD464B
:209CA00080BD80B584B000AFFFF720FA0346FB7397F90F301846FFF755FA97F90F301846E9
:209CC000FFF73EFAB860BB685B681B6A7B607B68002B1ED07B685B78012B1AD1BB685A6949
:209CE000BB68DB69013B9A4207D1BB685B6893F903301846FFF7B2FA0BE0BB685B681B6913
:209D0000002B06D0BB685B6893F903301846FFF789FAB868FFF721FF00BF1037BD4680BD4A
:209D200080B582B000AFFFF7E1F90346FB7197F907301846FFF716FA97F907301846FFF742
:209D4000FFF938603B689B68DB78C3F34003DBB2002B04D03B685B685B7A012B28D197F905
:209D600007301846FFF78EFA3B685B6893F90230002B06DB3B685B6893F902301846FFF728
:209D800081FA3B689A68137823F0400313703B685B6893F90230002B06DB3B685B6893F91D
:209DA00002301846FFF75AFA01213868FFF71BFF00BF0837BD4680BD80B584B000AFFFF7AB
:209DC00095F90346FB7397F90F301846FFF7B8F9B860BB685B6893F90230002B06DBBB687F
:209DE0005B6893F902301846FFF74CFABB689A68137823F040031370BB685B6893F902301B
:209E0000002B06DBBB685B6893F902301846FFF725FABB689B68DB78FB71BB689B680022F2
:209E2000DA70FB7903F00803DBB2002B03D00521B868FFF7D8FEFB7903F00103DBB2002BA6
:209E400003D00421B868FFF7CEFEFB7903F00403DBB2002B09D0FB7903F01003DBB2002BF7
:209E600003D00821B868FFF7BEFE97F90F301846FFF778F900BF1037BD4680BD80B586B0CF
:209E800000AF786039607B687B613968786900F070F838613B69002B01D03B6932E03B6877
:209EA0001B791A4ADB01DBB293713B681B781A46174B9B5C03F00303FB603B685B781B0168
:209EC000DBB2FA681343FB603B689B781B0303F44053FA681343FB603B68DB781B0203F467
:209EE0004073FA681343FB60084BFA6892B25A803B685B79054ADB01DBB213727B69054AE2
:209F00001A60002318461837BD4680BD00340840E0C802005444570080B483B000AF7860B4
:209F2000064B00221A70054BFF221A70002318460C37BD465DF8047B704700BF003408409C
:209F400080B483B000AF78603960062318460C37BD465DF8047B704780B483B000AF786034
:209F60000B46FB70062318460C37BD465DF8047B704780B483B000AF7860396000231846C5
:209F80000C37BD465DF8047B7047FFFF80B400AF044BDB681B0A03F007031846BD465DF8A5
:209FA000047B704700ED00E080B483B000AF03463960FB7197F90730002B0ADB3B68DAB234
:209FC0000C4997F907301201D2B20B4483F800230AE03B68DAB20849FB7903F00F03043BBF
:209FE0001201D2B20B441A7600BF0C37BD465DF8047B704700E100E000ED00E080B483B066
:20A0000000AF0346FB7197F90730002B09DB0D4A97F90730134493F80033DBB21B09DBB295
:20A0200009E0094AFB7903F00F03043B13441B7EDBB21B09DBB218460C37BD465DF8047B86
:20A04000704700BF00E100E000ED00E080B582B000AF78607B68013BB3F1807F01D3012354
:20A060000FE00A4A7B68013B53600F214FF0FF30FFF79AFF054B00229A60044B07221A6040
:20A08000002318460837BD4680BD00BF10E000E080B483B000AFEFF303837B607B683B605A
:20A0A0003B88C3F308039BB2DBB2103BDBB25BB218460C37BD465DF8047B70471EF0040F0D
:20A0C0000CBFEFF30880EFF309800149084700BFB1A1010080B400AF62B600BFBFF36F8FCB
:20A0E00000BFEFF3148C2CF0040C8CF31488BFF36F8F02DF00BEFDE7104B1968EFF309825C
:20A100001EF0100F08BF22ED108A22E9F04FEFF30B8342F8043D0A604FF0100080F31188A8
:20A12000BFF34F8FBFF36F8FF7F730FF4FF0000080F3118800F004B800BF0000D4AC00206C
:20A14000084801680A6802CA81F30B88B2E8F04F1EF0100F08BFB2EC108A82F3098870473F
:20A1600000BF0000D4AC002080B584B000AFEFF311837B607B68FB601023BB60BB6883F3F2
:20A18000118800BFF7F7E6FD0346002B03D0074B4FF080525A60FB683B603B6883F3118882
:20A1A00000BF00BF1037BD4680BD00BF00ED00E080B584B000AF78607B689B69FB60FB6879
:20A1C000023B1B78FB72FB7A022B03D1FFF7B8FF00BF09E0FB7A032B06D9054B054A4FF413
:20A1E0007E710548F9F762F900BF1037BD4680BDE8C802004CCA0200FCC8020080B485B099
:20A2000000AFF860B9607A603B60FB68043BFB60FB684FF080721A60FB68043BFB607B68BE
:20A2200023F00102FB681A60FB68043BFB60114AFB681A60FB68143BFB603A68FB681A606A
:20A24000FB68043BFB60FB686FF002021A60FB68203BFB60FB68043BFB60BB6803F128026A
:20A26000FB681A60FB6818461437BD465DF8047B704700BF79A2010080B400AF00BE00BF2C
:20A28000FDE7FFFF80B500AFFF216FF00100FFF78BFE00F073F8064B5B68054A43F0404385
:20A2A0005360FFF717FFF7F771FE0023184680BD30EF00E080B584B000AFEFF311837B605C
:20A2C0007B68FB601023BB60BB6883F3118800BF0E4B1B6801330D4A13600C4B1B68012B21
:20A2E0000FD10B4AFB6813600A4B5B68C3F30803002B06D0084B094A40F2A4410848F9F77C
:20A30000D5F800BF1037BD4680BD00BFB8B00020BCB0002000ED00E08CC9020060CA020007
:20A32000FCC8020080B582B000AF0F4B1B68002B06D10E4B0E4A40F2AD410E48F9F7B6F89D
:20A34000094B1B68013B084A1360074B1B68002B06D1094B1B687B607B6883F3118800BFEB
:20A3600000BF0837BD4680BDB8B00020D4C9020074CA0200FCC80200BCB0002080B500AF02
:20A38000054B1B68054AA2FB03239B091846FFF75DFE00BF80BD00BFDCAE0020D34D62108E
:20A3A00080B582B000AFFFF773FE0346FB7197F90730002B0FDB97F907301846FFF71EFE58
:20A3C00038603B68002B06D10B4B0C4A40F20F610B48F9F76BF8FFF7D9FD0346032B06D92A
:20A3E000084B064A40F221610548F9F75FF800BF0837BD4680BD00BFE8C9020088CA02006E
:20A40000FCC8020020CA020080B500AF10F0D0F80023184680BDFFFF80B400AFBFF34F8FAF
:20A4200000BF064BDB6803F4E0620449044B1343CB60BFF34F8F00BF00BFFDE700ED00E0B4
:20A440000400FA0580B485B000AF786039600023FB600023FB72FB68DB43FB601FE07B68A4
:20A460005A1C7A601B781A46FB685340FB600823FB7209E0FB685A08FB6803F0010359420D
:20A480000C4B0B405340FB60FB7A013BDBB2FB7297F90B30002BEDDA3B68013B3B603B68A7
:20A4A000002BDCD1FB68DB4318461437BD465DF8047B70472083B8ED80B582B000AF7860D6
:20A4C000084611461A460346FB700B46BB7013467B70114AFB7813730F4ABB7853730E4A05
:20A4E0007B6813600C4B02229A710C4B1B78012B03D1094804F022F90AE0FB78082B02D1D3
:20A50000054804F01BF97B78034918460FF0ECF800BF0837BD4680BD9CB20020D4BA00200C
:20A5200080B582B000AF78607B681B6840F2FB72934232D040F2FB72934200F2818040F2B8
:20A54000FA7293420CD040F2FA72934278D840F26662934225D040F2C172934229D06FE0D5
:20A560007B681B7B002B02D100F076F86AE07B681B7B012B03D1786800F0A6F862E07B68B0
:20A580001B7B032B02D100F063FA5BE07B681B7B042B57D100F042FB54E0786800F0A2F900
:20A5A00053E002F08BFA0A20F7F7D8F902F0AAFA4BE07B681B7B002B03D0012000F0F8FBCC
:20A5C00017E07B681B7B002B13D1022000F0F0FB204B40F2C2721A601E4B02229A711D4BB4
:20A5E00000221A731B4BAA225A731A4918200FF07BF87B681B7B042B26D17B685B7BAA2B73
:20A6000022D1144B40F2C2721A60124B02229A71104B04221A730F4BAA225A73012000F06A
:20A62000C7FB0C4918200FF05FF804F091F94FF47A713220F8F744FF064804F07FF803E0A9
:20A6400000BF02E000BF00E000BF00BF0837BD4680BD00BF08BB002080B500AF144B40F2A6
:20A66000FC721A60124B05229A71114B00221A73104BAA221A700F4B79225A8004220D495C
:20A680000D480FF0AFFA0D4B1B78012B03D1084804F054F803E0064918200FF025F8084B69
:20A6A00000221A70074B01221A7000BF80BD00BF08BB0020D8BA002015BB0020D4BA002001
:20A6C000B0B200201EBB002080B582B000AF78607B685A7B7C4B9A7414227C49002008F071
:20A6E000CBF80346002B40F0E380784B1B78002B48D1774B4FF401221A60764B4FF401222D
:20A700001A60754B4FF441221A607B689B7B1A467B68DB7B1B021A447B681B7C1B041A44DB
:20A720007B685B7C1B0613441A46674BC3F80A20674B1B68684A12681146184608F0FCF8EE
:20A740000346002B16D1654B00221A60644B00221A605D4B01221A705B4B00225A705A4B7B
:20A76000AA22DA741823AA22012140F2FC70FFF7A3FEA4E01823FF22012140F2FC70FFF7CB
:20A780009BFE9CE0514B5B78002B48D1504B4FF480521A604F4B4FF480521A604E4B4FF4C2
:20A7A00080221A607B689B7B1A467B68DB7B1B021A447B681B7C1B041A447B685B7C1B069E
:20A7C00013441A46404BC3F80220414B1B68424A12681146184608F0AFF80346002B16D196
:20A7E0003E4B00221A603E4B00221A60364B00221A70354B01225A70334BAA22DA741823A2
:20A80000AA22012140F2FC70FFF756FE57E01823FF22012140F2FC70FFF74EFE4FE02C4B27
:20A820004FF480521A602B4B4FF480521A602A4B4FF480221A607B689B7B1A467B68DB7B1E
:20A840001B021A447B681B7C1B041A447B685B7C1B0613441A461C4BC3F802201C4B1B68C6
:20A860001D4A12681146184608F066F80346002B16D11A4B00221A60194B00221A60124B33
:20A8800000221A70104B01225A700F4BAA22DA741823AA22012140F2FC70FFF70DFE0EE09A
:20A8A0001823FF22012140F2FC70FFF705FE06E01823FF22012140F2FC70FFF7FDFD00BFD2
:20A8C0000837BD4680BD00BFDCBA0020F0BA00204C0A0020500A0020540A0020C8B20020B2
:20A8E000CCB2002080B582B000AF78604F4B1B684F4A98187B6803F10C017B689B791A462B
:20A900000FF070F97B689B791A46484B1B681344464A13607B689B791A46464B1B68134446
:20A92000444A1360414B1B68B3F5806F7AD3424B1B684FF480623E49184607F061FF034669
:20A94000002B68D13D4B1B684FF480623C49184607F092FF0346002B55D14FF480623449BC
:20A9600037480FF05EF90346002B44D1354B40F2FC721A60334B05229A712C4B00221A601C
:20A98000304B02221A734FF480612D48FFF75AFD03462D4A13602C4B1B681B0EDAB2294B4F
:20A9A0001A74294B1B681B0CDAB2264BDA73264B1B681B0ADAB2234B9A73234B1B68DAB204
:20A9C000204B5A73214B1B78012B03D11D4803F0B5FE03E01B4918200EF086FE164B1B6850
:20A9E00003F58063144A1360144B1B6803F58063124A136016E01823FF22022140F2FC700C
:20AA0000FFF75AFD0EE01823FF22022140F2FC70FFF752FD06E01823FF22022140F2FC7096
:20AA2000FFF74AFD00BF0837BD4680BDC8B20020D4B20020CCB200204C0A0020500A0020CD
:20AA4000D4B6002008BB0020D0B20020D4BA002080B582B000AF664A664B1A60664B1B68F4
:20AA6000002B20D1654BD3F80220654B1B689A4206D0624BD3F80A20614B1B689A4207D1B3
:20AA80001823AA22032140F2FC70FFF715FDABE01823FF22032140F2FC70FFF70DFD584B99
:20AAA00000221A60A0E0574B1B68534A12685049184607F0A5FE0346002B40F08D80524B5F
:20AAC0001B684D4A12685149184607F0D5FE0346002B79D1484B1B681A4645494B480FF0CC
:20AAE000A0F80346002B7FD1494B40F2FC721A60474B05229A71404B1B6819464348FFF79A
:20AB0000A1FC0346434A1360424B1B681B0EDAB23F4B1A743F4B1B681B0CDAB23C4BDA73DE
:20AB20003C4B1B681B0ADAB2394B9A73394B1B68DAB2374B5A73384B1B78012B03D1344855
:20AB400003F0FCFD03E0324918200EF0CDFD2D4B1A68294B1B6813442A4A13602A4B1A6885
:20AB6000254B1B681344284A136000237B6002E07B6801337B607B684CF24F329342F7D98D
:20AB80001E4BD3F802201E4B1B689A4206D01B4BD3F80A201A4B1B689A420AD1164B002244
:20ABA0001A601823AA22032140F2FC70FFF784FC1AE01823FF22032140F2FC70FFF77CFC56
:20ABC0000F4B00221A600FE01823FF22032140F2FC70FFF771FC07E01823FF22032140F276
:20ABE000FC70FFF769FCFFE700BF0837BD4680BDD4B2002004BB0020C8B20020DCBA002095
:20AC0000CCB200204C0A0020500A0020D4B6002008BB0020D0B20020D4BA002080B588B05C
:20AC200000AF3A4B1B78012B0CD1394BD3F80230364AC2F80230364BD3F80630334AC2F89E
:20AC400006300FE0314B5B78012B0BD1304BD3F80A302E4AC2F80A302D4BD3F80E302B4A96
:20AC6000C2F80E304FF48051002007F065FE0346002B3FD13B461422244918460EF0B2FF99
:20AC80001422224923480EF0ADFF3B46224A13603B4614221946002007F0B2FD0346002B4E
:20ACA00020D114221A49002007F0E6FD0346002B10D11422164915480EF0B3FF0346002BA5
:20ACC0001FD11823AA22042140F2FC70FFF7F4FBFFF7A2FB1823FF22042140F2FC70FFF72D
:20ACE000EBFB0EE01823FF22042140F2FC70FFF7E3FB06E01823FF22042140F2FC70FFF792
:20AD0000DBFB00BF2037BD4680BD00BFDCBA0020F0BA0020B4B2002004BB002080B582B0FC
:20AD200000AF0023FB7114221F49002007F0A4FD0346002B32D11C4BDB7CAA2B2ED14FF433
:20AD40007A720021032007F01FFB0346002B25D114220021144807F0FBFB0346002B1DD146
:20AD6000114BDB7CFF2B19D11823AA22082140F2FC70FFF7A1FB0D4B40F2C1721A600B4B1F
:20AD800002229A71094B00221A73084BAA225A73064918200EF0A8FC0123FB71FB7918460A
:20ADA0000837BD4680BD00BFF0BA002008BB002080B483B000AF0346FB71044AFB79137098
:20ADC00000BF0C37BD465DF8047B7047B1B2002080B400AF034B1B781846BD465DF8047B67
:20ADE000704700BFB1B2002080B483B000AF0346FB71044AFB79137000BF0C37BD465DF8F0
:20AE0000047B7047D4BA002080B400AF034B1B781846BD465DF8047B704700BFD4BA002031
:20AE200080B584B000AF78600023FB607B68002B30D01A4B5B68002B2CD07B681B6840F2AF
:20AE4000FA7293420BD07B681B6840F2FB72934205D07B681B6840F2C172934202D1002094
:20AE6000FFF7C2FF0D4B586807F10C0200237968F5F732FF00200EF067FCFB68002B09D0F4
:20AE8000074B4FF080525A60BFF34F8F00BFBFF36F8F00BF00BF1037BD4680BD24BB002092
:20AEA00000ED00E090B58BB000AF786007F1140300221A605A609A60DA601A614FF4A9625C
:20AEC00000216F4810F02EF86E4B5B6807F114014FF0FF321846F5F7B7FF0346012BF3D142
:20AEE00001F0D2FD7B6940F2FD72934201F2418040F2F372934254D240F2C272934200F0C7
:20AF0000FE8740F2C272934201F2338040F2C172934200F0198540F2C172934201F229802D
:20AF200040F25672934201F0188040F25672934201F21F8040F24172934200F0328540F2C5
:20AF40004172934201F2158040F22372934201F21080B3F5E06F43D240F26662934200F0F7
:20AF6000F38440F26662934201F2038040F20442934200F0C48740F20442934200F2F987CE
:20AF800040F28B32934200F0BA87B3F5637F80F0F087752B00F2CC83202B80F0158300F027
:20AFA000E8BFA3F2F3730A2B00F2E38701A252F823F000BFFFBE010073BF010073BF01007B
:20AFC000FFBE010073BF010073BF010073BF010049B9010049B9010073BF010067BF0100BA
:20AFE000A3F5E063232B00F2C48701A252F823F05BB9010073B90100EBB9010073BF0100D1
:20B0000073BF0100D3B9010073BF010073BF010073BF010073BF010073BF010073BF01003E
:20B0200073BF010073BF010073BF010073BF010073BF01002FBF010073BF010073BF0100BC
:20B0400073BF010073BF010073BF010073BF010073BF010073BF010073BF010073BF010058
:20B0600073BF010073BF010073BF010073BF010073BF010073BF010073BF01008BB9010026
:20B0800030BB002024BB0020A3F24113B3F5A57F00F26F8701A252F823F000BF25BB010069
:20B0A000EDBE010073BF010087BC010097BC010035BB0100A7BC010045BB010073BF010090
:20B0C000A5BB010073BF0100B7BC0100CDBE010073BF010073BF0100E9B8010073BF0100A1
:20B0E00073BF010073BF010073BF010073BF010073BF010073BF010073BF010073BF0100B8
:20B1000073BF010073BF010073BF010073BF010073BF010073BF010073BF010073BF010097
:20B1200073BF010073BF010073BF010073BF010073BF010073BF010073BF010073BF010077
:20B1400073BF010073BF010073BF010073BF010073BF010073BF010073BF010073BF010057
:20B1600073BF010073BF010073BF010073BF010073BF010073BF010073BF010073BF010037
:20B1800073BF010073BF010073BF010073BF010073BF010073BF010073BF010073BF010017
:20B1A00073BF010073BF010073BF010073BF010073BF010073BF010073BF010073BF0100F7
:20B1C00073BF010073BF010073BF010073BF010073BF010073BF010073BF010073BF0100D7
:20B1E00073BF010073BF010073BF010073BF010073BF010073BF010073BF010073BF0100B7
:20B2000073BF010073BF010073BF010073BF010073BF010073BF010073BF010073BF010096
:20B2200073BF010073BF010073BF010073BF010073BF010073BF010073BF010073BF010076
:20B2400073BF010073BF010073BF010073BF010073BF010073BF010073BF010073BF010056
:20B2600073BF010073BF010073BF010073BF010073BF010073BF010073BF010073BF010036
:20B2800073BF010073BF010073BF010073BF010073BF010073BF010073BF010073BF010016
:20B2A00073BF010073BF010073BF010073BF010073BF010073BF010073BF010073BF0100F6
:20B2C00073BF010073BF010073BF010073BF010073BF010073BF010073BF010073BF0100D6
:20B2E00073BF010073BF010073BF010073BF010073BF010073BF010073BF010073BF0100B6
:20B3000073BF010073BF010073BF010073BF010073BF010073BF010073BF010073BF010095
:20B3200073BF010073BF010073BF010073BF010073BF010073BF010073BF010073BF010075
:20B3400073BF010073BF010073BF010073BF010073BF010073BF010073BF010073BF010055
:20B3600073BF010073BF010073BF010073BF010073BF010073BF010073BF010073BF010035
:20B3800073BF010073BF010073BF010073BF010073BF010073BF010073BF010073BF010015
:20B3A00073BF010073BF010073BF010073BF010073BF010073BF010073BF010073BF0100F5
:20B3C00073BF010073BF010073BF010073BF010073BF010073BF010073BF010073BF0100D5
:20B3E00073BF010073BF010073BF010073BF010073BF010073BF010073BF010073BF0100B5
:20B4000073BF010073BF010073BF010073BF010073BF010073BF010073BF010073BF010094
:20B4200073BF010073BF010073BF010073BF010073BF010073BF010073BF010073BF010074
:20B4400073BF010073BF010073BF010073BF010073BF010073BF010073BF010073BF010054
:20B4600073BF010073BF0100C7BC010073BF0100D7BC010017BD010095BB010027BD010010
:20B4800037BD010047BD010057BD010067BD010073BF010073BF010073BF0100BBB901006A
:20B4A00065BB010075BB010077BD010085BB010087BD010097BD010073BF010073BF0100C4
:20B4C00073BF010073BF0100E7BC0100F7BC010045B7010011B8010073BF0100F1BB010007
:20B4E00073BF010045BF010073BF010073BF010073BF010073BF010073BF010073BF0100E2
:20B5000073BF010073BF010073BF010073BF010073BF010073BF010073BF0100A7BD010061
:20B52000B7BD0100C7BD0100D7BD0100E7BD0100F7BD010073BF010073BF010073BF010089
:20B54000D1BB010023BF010073BF010073BF010001BC010011BC010073BF010073BF010023
:20B5600073BF010073BF010073BF010073BF010073BF010073BF010073BF010073BF010033
:20B5800073BF010073BF010073BF010073BF010073BF010073BF010073BF010073BF010013
:20B5A00073BF010073BF010073BF010073BF010073BF010073BF010073BF010073BF0100F3
:20B5C00073BF0100FFBE0100203B552B00F2D18401A252F823F000BF03BA010073BF0100A8
:20B5E00073BF010073BF010073BF010073BF010073BF010073BF010073BF010073BF0100B3
:20B6000073BF010073BF010073BF010073BF010073BF010073BF010073BF010033BA0100D7
:20B620001BBA01004BBA010063BA010073BF010007BD010073BF010073BF010073BF01007F
:20B6400073BF010073BF010073BF010073BF010073BF010073BF010073BF01007BBA01004F
:20B6600021BC0100E5BA0100F5BA010015BB010067BC010073BF0100E1BB010073BF0100A4
:20B6800073BF010073BF010073BF010073BF010073BF010073BF010073BF010073BF010012
:20B6A00073BF010073BF010073BF010073BF010073BF010073BF010073BF010073BF0100F2
:20B6C00073BF010073BF010073BF010073BF010073BF010073BF010073BF010073BF0100D2
:20B6E00073BF010073BF010073BF010073BF010073BF010073BF010073BF010073BF0100B2
:20B7000073BF010073BF010073BF010073BF010073BF010073BF010073BF010073BF010091
:20B7200073BF010073BF010073BF010077BC0100B3F5237F80F01D84B3F5A07F3FF6A4AC95
:20B7400000F017BCD14B01221A7001F0CBFD0346222B09D9CE4B01221A7001F0CFFD012088
:20B7600001F088FD01F0E0FD25200EF0D3FE04200EF0D0FE27200EF0CDFE07F114030C3323
:20B7800008221946C3480EF02DFA07F1140314221946C1480EF026FABE4B5B68C3F3170389
:20B7A000184607F0DFF9BB4B1B88C3F30D039BB21946012007F004FAB64B5B88C3F30D0381
:20B7C0009BB21946022007F0FBF9022001F01CFD0346012B09D1AF4B5B88C3F30D039BB245
:20B7E000002B02D1002001F0F9FC012001F00CFD0346012B40F0BF83A64B1B88C3F30D03E9
:20B800009BB2002B40F0B783002001F0D1FCB2E307F10C0300221A605A609C4B01221A70E2
:20B8200001F060FD0346222B09D9994B01221A7001F064FD012001F01DFD01F075FD25208B
:20B840000EF068FE04200EF065FE27200EF062FE07F114030C330822194690480EF0C2F9F2
:20B8600007F10C0308228D4918460EF0BBF9BA898B4B1B889A4202D3BA89894B1A80854BC3
:20B8800093F8293003F01E03DBB20E2B1BD17B7C092262F385037B747E4A537B092161F3FC
:20B8A0008503537307F10C0107F114030C33082218460EF097F907F114031422194679486C
:20B8C0000EF090F958E307F10C0107F114030C33082218460EF086F907F1140314221946AA
:20B8E00070480EF07FF947E307F114030C33082219466D480EF076F9694B1A88654BC2F33C
:20B900000A014C01598A01F01F010846214601435982D20A92B202F01F001A7D22F01F020C
:20B92000114602460A431A7507F114030C3308225D4918460EF056F907F11403142219461F
:20B940005A480EF04FF917E3002005F081FF07F114031846FEF7E4FD0EE30021002005F006
:20B960007DFA07F114031422194651480EF03AF902E30121002005F071FA07F11403142216
:20B9800019464C480EF02EF9F6E20321002005F065FA07F114031422194647480EF022F9D3
:20B9A000EAE20521002005F059FA07F114031422194642480EF016F9DEE20621002005F0F6
:20B9C0004DFA07F11403142219463D480EF00AF9D2E20721002005F041FA07F11403142285
:20B9E000194638480EF0FEF8C6E20821002005F035FA07F114031422194633480EF0F2F858
:20BA0000BAE207F114031422194630480EF0EAF80021012005F022FAAEE207F11403142266
:20BA200019462B480EF0DEF80121012005F016FAA2E207F114031422194626480EF0D2F8BA
:20BA40000221012005F00AFA96E207F114031422194621480EF0C6F80321012005F0FEF937
:20BA60008AE207F11403142219461C480EF0BAF80421012005F0F2F97EE207F114031422D7
:20BA8000194617480EF0AEF876E200BF1FBB002020BB002030BB0020ACBE002038BB002090
:20BAA0001CBB002068BC002040BB0020D4BE002060BF002074BF00209CBF0020C4BF0020CE
:20BAC000D8BF0020ECBF002000C0002014C0002028C000203CC0002050C0002064C0002078
:20BAE00078BB002007F1140314221946C6480EF079F841E207F1140314221946C3480EF002
:20BB000071F807F114030C3308221946C0480EF069F831E207F1140314221946BD480EF0C4
:20BB200061F829E207F1140314221946BA480EF059F821E207F1140314221946B7480EF008
:20BB400051F819E207F1140314221946B4480EF049F807F114030C3308221946B1480EF0F4
:20BB600041F809E207F1140314221946AE480EF039F801E207F1140314221946AB480EF060
:20BB800031F8F9E107F1140314221946A8480EF029F8F1E107F1140314221946A5480EF08E
:20BBA00021F8E9E107F1140314221946A2480EF019F808220021A1480FF0B4F9BB7E1A468C
:20BBC00007F114030C3319469C480EF00BF8D3E107F114031422194699480EF003F8CBE1F5
:20BBE00007F114031422194696480DF0FBFFC3E107F114031422194693480DF0F3FFBBE11E
:20BC000007F114031422194690480DF0EBFFB3E107F11403142219468D480DF0E3FFABE149
:20BC20008C4B01221A7001F05DFB0346222B09D9894B01221A7001F061FB012001F01AFBCA
:20BC400001F072FB07F114031422194683480DF0C9FFBB7E1A4607F114030C331946804844
:20BC60000DF0C0FF88E107F11403142219467D480DF0B8FF80E107F11403142219467A48BB
:20BC80000DF0B0FF78E107F114031422194677480DF0A8FF70E107F11403142219467448E7
:20BCA0000DF0A0FF68E107F114031422194671480DF098FF60E107F11403142219466E4813
:20BCC0000DF090FF58E107F11403142219466B480DF088FF50E107F114031422194668483F
:20BCE0000DF080FF48E107F114031422194665480DF078FF40E107F114031422194662486B
:20BD00000DF070FF38E107F11403142219465F480DF068FF30E107F11403142219465C4896
:20BD20000DF060FF28E107F114031422194659480DF058FF20E107F11403142219465648C2
:20BD40000DF050FF18E107F114031422194653480DF048FF10E107F11403142219465048EE
:20BD60000DF040FF08E107F11403142219464D480DF038FF00E107F11403142219464A481A
:20BD80000DF030FFF8E007F114031422194647480DF028FFF0E007F1140314221946444848
:20BDA0000DF020FFE8E007F114031422194641480DF018FFE0E007F11403142219463E4874
:20BDC0000DF010FFD8E007F11403142219463B480DF008FFD0E007F11403142219463848A0
:20BDE0000DF000FFC8E007F114031422194635480DF0F8FEC0E007F11403142219463248CD
:20BE00000DF0F0FEB8E000BF8CBB0020A0BB002060BB0020B4BB0020E8BE0020FCBE002094
:20BE200010BF002058BB002024BF0020C8BB0020DCBB0020F0BB002038BF002068BB00205E
:20BE400004BC002018BC00202CBC002040BC002054BC00201FBB002020BB00207CBC00206D
:20BE600078C0002090BC0020A4BC0020B8BC0020CCBC0020E0BC0020F4BC00201CBD0020BD
:20BE800030BD002044BD002058BD00206CBD002080BD002094BD0020A8BD0020BCBD00200A
:20BEA000D0BD0020E4BD0020F8BD00200CBE002020BE002034BE002048BE00205CBE0020E5
:20BEC00070BE002084BE002098BE002007F114030C33082219462A480DF084FE07F1140365
:20BEE0001422194627480DF07DFE45E007F114030C330822194624480DF074FE3CE0FEF7DE
:20BF000083FF0346012B08D13220F5F727FD07F11403184602F012FC2EE0002005F098FCCB
:20BF20002AE007F11403184603F06EF824E007F114030C330422194614480DF053FE00F0C0
:20BF4000F5FC19E007F114030C330122194610480DF048FE00F008FD0EE007F1140318463C
:20BF600000F018F808E097F82030184606F032F902E000BF00E000BF00F094FDFEF7A4BF62
:20BF800048BB002008BD002050BB002070BB002074BB002080B588B000AF78607B681B7B67
:20BFA000052B40F02B817B685B7B122B75D17B689B7B1A2B40F022817B68DB7B002B13D1E0
:20BFC0007B681B7C1A047B685B7C1B0213437A68927C13431A468B4BC3F822207B68DA7CEA
:20BFE000884B83F8262009E17B68DB7B012B12D17B681A7C834B83F827207B685B7C1A049A
:20C000007B689B7C1B0213437A68D27C13431A467C4B9A62F2E07B68DB7B022B0FD17B680F
:20C020001A7C784B83F82C207B685A7C754B83F82D207B689A7C734B83F82E20DEE07B687E
:20C04000DB7B032B12D17B681B7C1A067B685B7C1B041A437B689B7C1B0213437A68D27C0C
:20C0600013431A46674BC3F82F20C7E07B68DB7B042B40F0C3807B681B7C1BB21B021AB29C
:20C080007B685B7C1BB213431BB29AB25D4BA3F8332039200EF01AFAB0E07B685B7B042B31
:20C0A00040F0AC8006F0AAFD07F1080300221A605A609A60DA601A6100233B7340F25773B2
:20C0C000BB6000237B730823BB7305233B7512237B751A23BB750023FB778BE0FB7F042BC8
:20C0E00079D801A252F823F0FDC001002DC1010057C1010079C10100ADC101000023FB75EC
:20C10000404BD3F822301B0CDBB23B763D4BD3F822301B0ADBB27B763A4BD3F82230DBB29B
:20C12000BB76384B93F82630FB7654E00123FB75344B93F827303B76324B9B6A1B0CDBB2E9
:20C140007B76304B9B6A1B0ADBB2BB762D4B9B6ADBB2FB763FE00223FB752A4B93F82C3000
:20C160003B76284B93F82D307B76264B93F82E30BB760023FB762EE00323FB75214BD3F8C8
:20C180002F301B0EDBB23B761E4BD3F82F301B0CDBB27B761B4BD3F82F301B0ADBB2BB762E
:20C1A000184BD3F82F30DBB2FB7614E00423FB75144BB3F833309BB21B0A9BB2DBB23B76FF
:20C1C000104BB3F833309BB2DBB27B760023BB760023FB7600BF07F10803194618200DF0ED
:20C1E00083FAFB7F032B02D83220F5F7B7FBFB7F0133FB77FB7F042B7FF670AF00BF2037DD
:20C20000BD4680BD90E8002080B500AF2D4B1B78DBB2002B06D02B4B00221A702A4B002210
:20C220001A704DE0284B1B780133DAB2264B1A70254B1B78012B43D904200EF091F9034646
:20C2400083F00103DBB2002B17D0204B5B7B03F03C03DBB2002B10D01C4B5B7B03F03C034E
:20C26000DBB2242B09D025200EF030F904200EF02DF927200EF04EF915E004200EF070F949
:20C28000034683F00103DBB2002B0CD00F4B5B7B03F03C03DBB2002B05D104200EF016F929
:20C2A00027200EF013F900F0EFFB4FF4A962002106480EF037FE00F0F5FB034B00221A7089
:20C2C00000BF80BD1FBB002021BB002030BB002080B400AF054B93F82930C3F34303DBB2C1
:20C2E0001846BD465DF8047B704700BF30BB002080B483B000AF0346FB71FB79002B05D148
:20C30000084B1B88C3F30D039BB204E0054B5B88C3F30D039BB218460C37BD465DF8047B72
:20C32000704700BF30BB002080B400AF044B5B68C3F317031846BD465DF8047B704700BF0C
:20C3400030BB002080B400AF034BDB791846BD465DF8047B704700BF30BB002080B400AFB4
:20C36000034B1B891846BD465DF8047B704700BF30BB002080B400AF034B5B891846BD469F
:20C380005DF8047B704700BF30BB002080B400AF034B1B7B1846BD465DF8047B704700BFD6
:20C3A00030BB002080B400AF044B5B7BC3F30103DBB21846BD465DF8047B704730BB00202C
:20C3C00080B400AF044B5B7BC3F38303DBB21846BD465DF8047B704730BB002080B400AFB2
:20C3E000044B1B7CC3F30003DBB21846BD465DF8047B704730BB002080B400AF044B1B7C51
:20C40000C3F34003DBB21846BD465DF8047B704730BB002080B400AF044B1B7CC3F380039D
:20C42000DBB21846BD465DF8047B704730BB002080B400AF044B1B7CC3F3C003DBB218464B
:20C44000BD465DF8047B704730BB002080B400AF044B1B7CC3F30013DBB21846BD465DF86E
:20C46000047B704730BB002080B400AF044B1B7CC3F34013DBB21846BD465DF8047B704730
:20C4800030BB002080B400AF044B5B7CC3F30003DBB21846BD465DF8047B704730BB00204B
:20C4A00080B400AF044B5B7CC3F38003DBB21846BD465DF8047B704730BB002080B400AFD3
:20C4C000044B5B7CC3F3C003DBB21846BD465DF8047B704730BB002080B400AF044B5B7C30
:20C4E000C3F38013DBB21846BD465DF8047B704730BB002080B400AF044B5B7CC3F3C013DD
:20C50000DBB21846BD465DF8047B704730BB002080B400AF044B9B7CC3F30003DBB21846AA
:20C52000BD465DF8047B704730BB002080B400AF044B9B7CC3F34203DBB21846BD465DF8DB
:20C54000047B704730BB002080B400AF054B93F82C30C3F30013DBB21846BD465DF8047BF5
:20C56000704700BF30BB002080B582B000AF78600B46FB7000F088FAFA7813469B00134461
:20C580009B004833064A13441422194678680DF029FB00F087FA00BF0837BD4680BD00BFDA
:20C5A00030BB002080B582B000AF78600B46FB7000F06AFAFA7813469B0013449B0003F522
:20C5C000A473074A134404331422194678680DF009FB00F067FA00BF0837BD4680BD00BFA1
:20C5E00030BB002080B582B000AF78600B46FB7000F04AFAFA7813469B0013449B0003F502
:20C600008663064A13441422194678680DF0EAFA00F048FA00BF0837BD4680BD30BB0020B9
:20C6200080B582B000AF78600B46FB7000F02CFAFA7813469B0013449B0003F59C63074A9A
:20C64000134404331422194678680DF0CBFA00F029FA00BF0837BD4680BD00BF30BB0020FA
:20C6600080B582B000AF78607B68002B0CD00221002004F0F3FB00F007FA14227968044869
:20C680000DF0B0FA00F00EFA00BF0837BD4680BD88BF002080B582B000AF78607B68002B5A
:20C6A0000CD00421002004F0D9FB00F0EDF91422796804480DF096FA00F0F4F900BF0837F0
:20C6C000BD4680BDB0BF002080B584B000AF78602423FB737B68002B15D0FB7B242B12D844
:20C6E00000F0D2F9FA7B13469B0013449B0003F5A473074A134404331422796818460DF0C4
:20C7000071FA00F0CFF900BF1037BD4680BD00BF30BB002080B400AF034B5B8B1846BD466E
:20C720005DF8047B704700BF30BB002080B400AF034BB3F918301846BD465DF8047B704793
:20C7400030BB002080B400AF044B5B8C43F30E031BB21846BD465DF8047B704730BB0020AA
:20C7600080B400AF074B93F82830C3F3C013DBB2002B14BF01230023DBB21846BD465DF803
:20C78000047B704730BB002080B483B000AF0D4B7B600123FB700223BB70FB787A68134484
:20C7A0001B7B7B707A78BB7842FA03F3DBB203F001033B703B7818460C37BD465DF8047B47
:20C7C000704700BF24BF002080B400AF164B1B8EC3F309039BB2CE2B1BD0134B1A6B134BBF
:20C7E0001340B3F54E3F14D00F4B5A8E43F6F07313409BB2B3F54E6F0BD00B4B93F83320DB
:20C800009209D2B293F834309B0013439BB2CE2B01D1012300E0002303F00103DBB21846F8
:20C82000BD465DF8047B704730BB002000FC0F0080B400AF164B1B8EC3F309039BB2CF2B5E
:20C840001BD0134B1A6B134B1340B3F54F3F14D00F4B5A8E43F6F07313409BB2B3F54F6F5B
:20C860000BD00B4B93F833209209D2B293F834309B0013439BB2CF2B01D1012300E000236A
:20C8800003F00103DBB21846BD465DF8047B704730BB002000FC0F0080B485B000AF0346B1
:20C8A000FB710023FB81FB79042B35D801A252F823F000BFC9C80100D7C80100E5C801001E
:20C8C000F3C801000BC90100174B1B8EC3F309039BB2FB8121E0144B1B6BC3F389239BB29C
:20C8E000FB811AE0104B5B8EC3F309139BB2FB8113E00D4B93F833209209D2B293F83430AC
:20C900009B0013439BB2FB8107E0074B5B6BC3F309239BB2FB8100E000BFFB8918461437E7
:20C92000BD465DF8047B704730BB002080B500AF0C4B93F840307B2B11D10A4B93F841304F
:20C940007B2B0CD1074B93F842307B2B07D1054B93F84330FF2B02D1002000F0FFFB00BF73
:20C9600080BD00BF30BB002080B500AF0D4B93F84430012B02D0022B0DD010E0002001F06C
:20C980008FFE32200DF0C6FD33200DF09FFD022002F0A6F903E0022002F0A2F900BF00BF49
:20C9A00080BD00BF30BB002080B483B000AF7860054B93F844207B681A7000BF0C37BD46D1
:20C9C0005DF8047B704700BF30BB002080B500AF00F05AF80822002103480EF0A3FA00F0BB
:20C9E00061F800BF80BD00BF60BB002080B400AF034B93F83D301846BD465DF8047B7047D3
:20CA000030BB002080B400AF034B00221A8000BFBD465DF8047B70471CBB002080B400AFF7
:20CA2000034B1B78DBB21846BD465DF8047B70471FBB002080B400AF034B1B78DBB21846F3
:20CA4000BD465DF8047B704720BB002080B483B000AF0346FB71044AFB79137000BF0C373B
:20CA6000BD465DF8047B704720BB002080B400AF044B1B7CC3F38013DBB21846BD465DF8D8
:20CA8000047B704730BB002080B500AF044B9B684FF0FF311846F3F7D7FF00BF80BD00BFD7
:20CAA00024BB002080B500AF034B9B681846F3F795FF00BF80BD00BF24BB002080B586B041
:20CAC00000AF00233B7240F207737B600823BB7200237B723B1D0C330822094918460DF07A
:20CAE00081F83B1D1846FFF7BBFD3B1D194619200CF0FAFD034618461837BD4680BD00BF81
:20CB0000580A002080B586B000AF00233B7240F229737B6000237B720423BB723B1D0C3305
:20CB20000822002118460EF0FDF90123BB7406F00DF80346FB743B1D0C33022208491846E8
:20CB40000DF050F83B1D1846FFF7A4FD3B1D194619200CF0C9FD034618461837BD4680BD5B
:20CB6000600A002080B586B000AF00233B724FF4E1637B600423BB7200237B7201F0CAFCC4
:20CB800003463B7401F0BAFC03467B742E23BB7401F0CCFC0346FB743B1D194619200CF0E1
:20CBA000A3FD034618461837BD4680BD80B586B000AF00233B724FF4A6737B6000237B726E
:20CBC0000823BB723B1D0C330822074918460DF009F83B1D19461A200CF086FD0346184679
:20CBE0001837BD4680BD00BF8EC0002080B588B000AF07F10C0300221A605A609A60DA60CC
:20CC00001A613B1D00221A605A6001F053FC0346022B0CBF01230023DAB23B7962F300038B
:20CC20003B7101F05FFC034603F00103DAB23B7962F382033B7101F091FC034603F0010338
:20CC4000DAB23B7962F341033B7101F07BFC034603F00703DAB23B7962F347133B7101F015
:20CC600089FC03467B7101F0EBFC0346C7F8063001F0F2FC034603F00103DAB2BB7A62F3AF
:20CC80000003BB7228200DF06BFC03461A46BB7A62F34103BB7234200DF062FC03461A46BC
:20CCA0003B7962F3C3033B7100233B7440F26D23FB6000237B740823BB74391D07F10C0341
:20CCC0000C33082218460CF08DFF07F10C031846FFF7FAFC07F10C03194618200CF004FD19
:20CCE000034618462037BD4680BDFFFF90B587B000AF3B1D00221A605A609A60DA601A6170
:20CD000006F0A0F90346643BDBB203F03F03D9B2334A937C61F30503937406F087F90346A1
:20CD200003F00F03D9B22E4A538A61F38913538206F070F9034603F01F03D9B2284AD37C40
:20CD400061F38603D37406F041F9034603F01F03DAB2234B02F00101CC01D97C01F07F01A0
:20CD6000084621460143D9745208D2B202F00F0202F00F001A7D22F00F02114602460A43E5
:20CD80001A7506F02FF9034603F03F03D9B2144A938A61F30913938206F030F9034603F082
:20CDA0003F03D9B20E4A537D61F38703537500233B7275237B6000237B720823BB723B1DD5
:20CDC0000C330422074918460CF00CFF3B1D194618200CF089FC034618461C37BD4690BD7F
:20CDE0008CC000209EC0002080B586B000AF3B1D00221A605A609A60DA601A6100233B7202
:20CE000040F266637B6000237B720823BB723B1D194618200CF068FC00BF1837BD4680BD37
:20CE200080B586B000AF154B1B68154A934220D100233B7240F22E437B6000237B72082347
:20CE4000BB723B1D0C3304220E4918460CF0CAFE3B1D103304220C4918460CF0C3FE3B1DE6
:20CE6000194619200CF040FC3822002103480EF059F800BF1837BD4680BD00BFF00A0020A6
:20CE8000EFBEADDEF40A0020F80A002080B586B000AF164B1B68164A934222D100233B7224
:20CEA00040F2FF237B6000237B720823BB723B1D0C3304220F4918460CF094FE3B1D10333F
:20CEC00001220D4918460CF08DFE3B1D113301220A4918460CF086FE3B1D19461A200CF017
:20CEE00003FC00BF1837BD4680BD00BFE40A0020AB0DD0BAE80A0020EC0A0020ED0A002097
:20CF000080B588B000AF0346FB710B46BB7113467B7100233B744FF41B73FB6000237B746E
:20CF20000823BB7407F10C030C330822002118460DF0F8FF7B79002B06D17F233B76FB79F7
:20CF40007B76BB79BB7608E07B79012B05D1FB794033DBB23B76BB797B7607F10C031946ED
:20CF600019200CF0C1FB00BF2037BD4680BDFFFF80B586B000AF00233B7240F205437B602D
:20CF800000237B720823BB7201F0DCFA0346012B0ED1164B1B7843F00403DAB2134B1A706C
:20CFA000134B1B7843F00403DAB2114B1A700DE00E4B1B7823F00403DAB20C4B1A700C4B1D
:20CFC0001B7823F00403DAB2094B1A70074A07F110031068516803C33B1D19461B200CF0F9
:20CFE00083FB00BF1837BD4680BD00BFECC70020F4C7002080B588B000AF00233B7240F2DA
:20D0000005437B6000237B720823BB7201F09AFA0346012B0ED1234B1B7843F00403DAB2E5
:20D02000204B1A70204B1B7843F00403DAB21E4B1A700DE01B4B1B7823F00403DAB2194B54
:20D040001A70194B1B7823F00403DAB2164B1A7004F032FC87ED070AD7ED077A9FED137AB9
:20D0600067EE877AFDEEE77A17EE903A7B837B8BDAB20D4B9A70B7F91A301B121BB2DAB2CD
:20D08000094BDA70084A07F110031068516803C33B1D19461B200CF027FB00BF2037BD4675
:20D0A00080BD00BFECC70020F4C700200000C84280B586B000AF01F0B9FA786100233B7156
:20D0C0004FF41B733B6000237B710823BB713B460C330822002118460DF024FF62233B73C2
:20D0E00003237B733B460E330622796918460DF027FF3B46194618200CF0F6FA0346184624
:20D100001837BD4680BDFFFF80B586B000AF00233B724FF41B737B6000237B720823BB7284
:20D120003B1D0C330822002118460DF0FBFE6F233B7402237B74084A07F112031168196013
:20D1400092889A803B1D194618200CF0CDFA00BF1837BD4680BD00BF640A002080B483B0E7
:20D1600000AF0346FB71FB7903F00103D9B2054A937861F30003937000BF0C37BD465DF847
:20D18000047B70478CC0002080B400AF074B9B78C3F30003DBB2002B14BF01230023DBB28D
:20D1A0001846BD465DF8047B704700BF8CC0002080B483B000AF0346FB71FB7903F0010322
:20D1C000D9B2054A937961F38203937100BF0C37BD465DF8047B70478CC0002080B483B029
:20D1E00000AF0346FB71FB7903F00103D9B2054A937961F3C303937100BF0C37BD465DF802
:20D20000047B70478CC0002080B483B000AF0346FB71FB79012B05D10A4B9B79C3F3800389
:20D22000DBB209E0FB79022B05D1064B9B79C3F3C003DBB200E0032318460C37BD465DF897
:20D24000047B70478CC0002080B483B000AF0346FB71FB7903F00103D9B2054A137861F33D
:20D260000003137000BF0C37BD465DF8047B70478CC0002080B483B000AF0346FB71FB79ED
:20D2800083F00103D9B2054A137861F34103137000BF0C37BD465DF8047B70478CC000209B
:20D2A00080B400AF074B1B7803F00203DBB2002B0CBF01230023DBB21846BD465DF8047B22
:20D2C000704700BF8CC0002080B400AF044B1B78C3F30003DBB21846BD465DF8047B704775
:20D2E0008CC0002080B400AF034B1B781846BD465DF8047B704700BFA2C0002080B400AFEE
:20D30000074B1B7803F00103DBB2002B02D0054B00221A7000BFBD465DF8047B704700BF9F
:20D320008CC00020A2C0002080B400AF034B00221A7000BFBD465DF8047B7047A3C0002052
:20D3400090B585B000AF78600023FB730DF074F803461A469C4B1A70FFF762FDFFF744FD2C
:20D36000FFF794FD994B5B6807F10F014FF0FF321846F3F769FD0346012BF3D1FB7B023B6D
:20D38000042B00F2E88101A252F823F0A1D301003FD50100D9D5010057D7010047D701007C
:20D3A000FDF716FD0346002B40F08580884B1B7803F00203DBB2002B04D0FFF73BFB03465E
:20D3C000002B78D01F200DF0CBF8034683F00103DBB2002B6FD006200DF0C2F8034683F08B
:20D3E0000103DBB2002B66D004200CF0BBFA034603F00103D9B2764A937861F34103937035
:20D4000003200CF0AFFA034603F00103D9B2704A937861F3820393700120FEF769FF034611
:20D42000C3F30D039AB26A4BC2F30A014C01598801F01F010846214601435980D20A92B234
:20D4400002F0070202F007001A7922F00702114602460A431A71FEF767FF034623F07F423B
:20D460005B4BD1B200200143D971120A92B200210A431A810020FEF73BFF0346C3F30D030E
:20D480009AB2534BC2F30C01CC00998801F007010846214601439980520B92B202F0010252
:20D4A00002F001009A7922F00102114602460A439A71FFF77BFBFDF78BFC0346002B0ED120
:20D4C000434B1B7803F00203DBB2002B07D017200DF046F80346002B01D0FFF767FB1F2056
:20D4E0000DF03EF80346002B0FD0FDF771FC0346002B0AD106200DF033F8034683F00103E8
:20D50000DBB2002B01D0FFF733FD06200DF028F80346002B00F021811F200DF021F8034675
:20D5200083F00103DBB2002B00F01781FDF750FC0346002B40F01181FFF75CFD0DE1FDF78D
:20D5400047FC0346002B12D1214B1B7803F00203DBB2002B04D0FFF76DFA0346002B06D007
:20D56000FFF7C4FB0A20F4F7F9F9FFF73FFBFDF72FFC0346002B0FD13B200CF0F1FF0346BC
:20D58000002B09D00A20F4F7E9F9124918200CF0ABF83B200CF0BEFFFDF71AFC0346002BCC
:20D5A00040F0DD800A4B1B7803F00203DBB2002B00F0D58030200CF0D3FF0346002B00F07F
:20D5C000CE80FFF713FBCAE088C0002080C000208CC0002078C40020644B1B7803F0010386
:20D5E000DBB2002B74D01F200CF0BAFF034683F00103DBB2002B76D006200CF0B1FF034662
:20D6000083F00103DBB2002B6DD0594B1B780133DAB2574B1A70564B1B781D2B07D9534A82
:20D62000137843F0020313700020FFF70FFA504B1B78222B02D94E4B23221A704D4B1B789C
:20D640000133DAB24B4B1A704A4B1B783B2B20D9484B3C221A70FFF7E1F9034683F0010358
:20D66000DBB2002B15D0FFF7E5F9034683F00103DBB2002B0DD004200CF072FF0346002BDF
:20D6800007D0FDF7A5FB0346002B02D112200CF067FF374B1B78072B25D9FEF79FFE034624
:20D6A000012B04D0FEF7FCFE0346012B1BD12F4A137823F0010313702C4A137823F0020363
:20D6C00013702B4B00221A7000200AF063FC0AE0274B00221A70254A137823F0020313708F
:20D6E000244B00221A70FDF773FB0346002B38D11E4B1B7803F00203DBB2002B04D0FFF7BA
:20D7000099F90346002B2CD01F200CF029FF034683F00103DBB2002B23D006200CF020FFF8
:20D72000034683F00103DBB2002B1AD0FFF7EAF90A20F4F713F9FFF7C1F90A20F4F70EF9C1
:20D74000FFF710FA0DE0FDF743FB0346002B0AD1FEF75AFD07E000BF04E600BF02E600BF19
:20D7600000E600BFFEE500BFFCE500BF8CC00020A2C00020A3C0002080B582B000AF786063
:20D780000B467B805E4B1B78042B00F2A68001A252F823F0A9D70100BBD7010019D80100B4
:20D7A00029D8010071D801007B681B78652B40F09A80534B01221A7095E07B681B78022B6A
:20D7C00003D1504B02229A7122E07B681B78012B03D14C4B01229A711AE07B681B78032BD0
:20D7E00003D1484B03229A7112E07B681B78042B03D1444B04229A710AE07B681B78052BD7
:20D8000003D1404B05229A7102E03E4B06229A713B4B02221A7069E07B681A783A4B1A70D8
:20D82000374B03221A7061E07B681A78374B1A70354B1B781AB2354B1B781BB21B021BB24C
:20D8400013431BB27B802F4A7B88A2F8C4327B8803337B807B88B3F52F7F05D901237B8014
:20D86000274B00221A7041E0254B04221A703DE07B88013B7A6813441B78822B27D17B8879
:20D88000033B7B807B88B3F52F7F1AD81D4BB3F8C4321A4679681E480DF052FB184B002285
:20D8A0001A7001237B801B4B5B68002B1DD0194B5868002300221849F3F70EFA0CF046FD83
:20D8C00013E00F4B00221A7001237B800DE00C4B00221A7001237B8007E0094B00221A703A
:20D8E00001237B8002E000BF00E000BF7B881A46796800200CF0F4FC00BF0837BD4680BD3B
:20D9000072C40020B0C0002073C4002074C40020B7C00020A4C00020B6C00020B0B5ADF5BA
:20D920003C7D02AF07F53A73A3F53973186007F53A73A3F5337318464FF430731A4600216C
:20D940000DF0F0FA0023A7F8E6320023A7F8DE320023A7F8E432002387F8E332BF4B5B68D8
:20D9600007F11C014FF0FF321846F3F76DFA0346012BF3D107F53A73A3F53373B3F8BE32B8
:20D98000042B08D907F53A73A3F53373B3F8BE32053BA7F8E43207F53A73A3F533731B7886
:20D9A000013B042B00F20B8401A252F823F000BFC5D9010037DA0100C9DA010079DC010011
:20D9C000ADDE0100A64B00221A7107F53A73A3F533735B781A4607F53A73A3F533739B7809
:20D9E0001B021A4307F53A73A3F53373DB781B041A4307F53A73A3F533731B791B06134305
:20DA00001A46974B1A6007F53A73A3F533735A79934B9A71924B00225A71914B9B791A468D
:20DA200007F11C03063319468E480CF0DBF83B200CF04CFDD0E38C4B01225A708B4B002283
:20DA40001A708B4B00221A7026200CF063FD00F0DBFC07F11C0301339022194685480CF02C
:20DA6000C1F8844800F028FC0346002B00F0AA8319200CF075FD034683F00103DBB2002B5D
:20DA80001FD0794B93F81003774B93F81113764B93F81243744B93F81353734B93F81433E3
:20DAA000714A92F81523019200932B46224605F0E7F905F0B1F919200CF008FD1A200CF006
:20DAC00005FD00F05DFC7DE3FEF788FC0346002B09D1FEF7E5FC0346002B04D1FEF734FD8F
:20DAE0000346002B02D000F0D1FE77E3002003F0AFFE5E4B00221A700120FDF775F907F533
:20DB00003A73A3F53373B3F8BE320D2B00F25D8307F53A73A3F5387300221A7107F53A7333
:20DB2000A3F533735B781A4607F53A73A3F533739B781B021A4307F53A73A3F53373DB78C6
:20DB40001B041A4307F53A73A3F533731B791B0613431A4607F53A73A3F538731A6007F595
:20DB60003A73A3F533735A7907F53A73A3F538739A7107F53A73A3F5387300225A7107F51B
:20DB80003A73A3F538739B791A4607F11C03991D07F108030C3318460CF024F807F53A73F3
:20DBA000A3F538731B6840F2FA72934218D007F53A73A3F538731B6840F2FB7293420FD082
:20DBC00007F53A73A3F538731B6840F2C17293421BD107F53A73A3F538731B7B042B14D11A
:20DBE00007F108031846FCF79BFC07F53A73A3F538731B6840F2C172934218D107F10803A5
:20DC0000194618200BF070FD11E007F53A73A3F538731B6840F2C172934202D10120FDF783
:20DC2000C7F807F10803194618200BF05DFD07F53A73A3F538731B6840F2C172934240F05D
:20DC4000C48207F53A73A3F538731B7B002B40F0BC820220FDF7ACF8B7E200BFA4C00020CD
:20DC600078C4002084C40020B0C000208DC400208CC4002078C30020002003F0E9FD9F4B31
:20DC800000221A700120FDF793F80120FDF7ACF807F53A73A3F533735B781A4607F53A73BC
:20DCA000A3F533739B781B021A4307F53A73A3F53373DB781B041A4307F53A73A3F53373FC
:20DCC0001B791B0613431A4607F53A73A3F538731A6007F53A73A3F533735A7907F53A7310
:20DCE000A3F538739A7107F53A73A3F5387300221A7107F53A73A3F5387300225A71804B99
:20DD000005221A80B7F8E432DB08A7F8E632B7F8E43203F00703A7F8DE3258E0002387F898
:20DD2000E3321AE0764B1B885A1C91B2744A1180194697F8E33207F53A72A2F533720A4433
:20DD4000517807F53A72A2F5387213440A461A7397F8E332013387F8E33297F8E332072B9B
:20DD6000E0D907F53A73A3F538731B6840F2FA72934218D007F53A73A3F538731B6840F27F
:20DD8000FB7293420FD007F53A73A3F538731B6840F2C17293420CD107F53A73A3F53873F0
:20DDA0001B7B042B05D107F108031846FCF7B8FB05E007F10803194618200BF095FCB7F807
:20DDC000E632013BA7F8E6320320F3F7C7FDB7F8E632002BA2D1B7F8DE32002B00F0F881AF
:20DDE000B7F8DE32DAB207F53A73A3F538739A71002387F8E3321AE0414B1B885A1C91B248
:20DE00003F4A1180194697F8E33207F53A72A2F533720A44517807F53A72A2F538721344AA
:20DE20000A461A7397F8E332013387F8E33297F8E3329BB2B7F8DE229A42DDD80023A7F8A6
:20DE4000DE3207F53A73A3F538731B6840F2FA72934218D007F53A73A3F538731B6840F247
:20DE6000FB7293420FD007F53A73A3F538731B6840F2C17293420FD107F53A73A3F538730C
:20DE80001B7B042B08D11F4B586807F1080100230022F2F711FE05E007F1080319461820FD
:20DEA0000BF022FC0520F3F759FD91E107F53A73A3F53373B3F8BE32002B00F08C816A223C
:20DEC000002111480DF02EF807F53A73A3F533735B7887F8DD3297F8DD32042B00F26381BA
:20DEE00001A252F823F000BF0DDF010003E0010035E0010095E0010045E101008DC400206E
:20DF00008EC4002024BB002008C4002007F53A73A3F53373B3F8BE32012B40F24681FEF708
:20DF20005DFA0346002B67D1FEF7BAFA0346002B62D1032000F0D4FE31200CF011FB034607
:20DF400083F00103DBB2002B11D007F53A73A3F533739B78012B0AD103F08AFC31200CF0EA
:20DF6000B5FA32200CF0B2FA33200CF0D3FA31200CF0F6FA0346002B13D007F53A73A3F507
:20DF800033739B78012B0CD103F07EFC0346142B07D903F06DFC32200CF098FA33200CF05F
:20DFA000B9FA31200CF0DCFA0346002B11D007F53A73A3F533739B78012B0AD103F064FCE2
:20DFC0000346142B05D832200CF080FA33200CF0A1FA07F53A73A3F533739B78002B0FD125
:20DFE00003F046FC31200CF095FA32200CF092FA33200CF06BFA03E0012000F071FED4E06B
:20E00000D3E007F53A73A3F53373B3F8BE32012B40F2CD8007F53A73A3F533739A78714B6B
:20E020005A70704B5B78184604F0ACFD2F200CF04DFABCE007F53A73A3F53373B3F8BE32DD
:20E04000012B40F2B68007F53A73A3F533739A78644B9A70634B9B78002B02D0012B04D0BC
:20E0600017E00020FFF77AF813E0FEF779FB034683F00103DBB2002B0AD0FCF7A9FE034690
:20E08000002B05D10120FFF769F816200CF01EFA00BF8EE007F53A73A3F53373B3F8BE320E
:20E0A000012B40F2888007F53A73A3F533739A784C4BDA7007F53A73A3F53373B3F8BE329E
:20E0C000023BA7F8E032B7F8E032002B73D0B7F8E032642B02D96423A7F8E032B7F8E0220F
:20E0E00007F11C03033319463F480CF029FF35200CF0ECF93B4BDB78032B14D0032B19DC85
:20E10000012B02D0022B07D014E037200CF0DEF936200CF0FFF914E037200CF0FBF9362004
:20E120000CF0D4F90DE036200CF0F4F937200CF0F1F906E036200CF0EDF937200CF0EAF959
:20E1400000BF38E007F53A73A3F53373B3F8BE32012B32D907F53A73A3F533739A78214BCA
:20E1600083F869201F4B93F86930002B02D0012B0CD017E028200CF0CDF929200CF0A6F923
:20E1800004F0A8FC2D200CF0A1F90BE028200CF09DF929200CF09AF904F09CFC2D200CF092
:20E1A00095F900BF09E000BF15E000BF13E000BF11E000BF0FE000BF0DE000BF0BE000BF50
:20E1C000FFF7CCBB00BFFFF7C9BB00BFFFF7C6BB00BFFFF7C3BB00BFFFF7C0BB07F53A7743
:20E1E000BD46B0BD08C400200CC4002080B500AF26200CF0B5F90346002B4ED1284B1B7866
:20E20000DBB20133DAB2264B1A70264B1B78DBB2002B0DD1224B1B78DBB2092B08D9214B0E
:20E2200001221A700122204900200CF059F835E01C4B1B78DBB2012B30D1194B1B78DBB2EB
:20E24000132B2BD9174B02221A7026200CF03EF9164B1B7823F00203DAB2144B1A70134B14
:20E260001B7823F01003DAB2104B1A70104B1B7823F00203DAB20E4B1A700D4B1B7823F001
:20E280001003DAB20A4B1A700A4B00225A700122054900200CF024F800E000BF80BD00BF7B
:20E2A0008DC400208CC40020B7C00020ECC70020F4C70020B0C0002080B483B000AF7860BA
:20E2C0007B6893F84830002B1AD17B6893F84930002B15D17B6893F84A30002B10D17B6873
:20E2E00093F84B30002B0BD17B6893F84C30002B06D17B6893F84D30002B01D1002339E001
:20E300007B6893F84930002B04D07B6893F849300C2B01D900232DE07B6893F84830002BDE
:20E3200004D07B6893F848301F2B01D9002321E07B6893F84B30172B01D900231AE07B68D6
:20E3400093F84C303B2B01D9002313E07B6893F84D303B2B01D900230CE07B6893F849303F
:20E36000022B06D17B6893F848301D2B01D9002300E0012318460C37BD465DF8047B70473B
:20E3800080B584B000AF04F021FE0346FB7304F029FE0346BB731B4B93F813337B73194B80
:20E3A00093F814333B73FB7B9BB21A461201D31A9B009AB2BB7B9BB213447B817B7B9BB2BA
:20E3C0001A461201D31A9B009AB23B7B9BB213443B817A893B899A4204D97A893B89D31AAC
:20E3E0009BB203E03A897B89D31A9BB2FB80FB88012B02D919200CF08DF800BF1037BD4624
:20E4000080BD00BFB0C0002098B500AF254B1B7843F00203DAB2234B1A70234B1B7843F081
:20E420000203DAB2204B1A70204B93F81633002B0ED11C4B1B7843F01003DAB2194B1A7053
:20E44000194B1B7843F01003DAB2174B1A7012E0164B93F81633012B0DD1124B1B7823F0D3
:20E460001003DAB20F4B1A700F4B1B7823F01003DAB20D4B1A7000F029F80346002B0ED035
:20E4800000F024F80346062B09D800F01FF803465C1E00F06FF803461A46054B1A5500BFCD
:20E4A00098BD00BFECC70020F4C70020B0C00020640A002080B400AF034B93F8C832184668
:20E4C000BD465DF8047B7047B0C0002080B400AF034B93F817331846BD465DF8047B70472C
:20E4E000B0C0002080B400AF034B93F8CC321846BD465DF8047B7047B0C0002080B400AF73
:20E50000034B93F84E331846BD465DF8047B7047B0C0002080B400AF034B93F84F33184689
:20E52000BD465DF8047B7047B0C0002080B400AF034B93F850331846BD465DF8047B704792
:20E54000B0C0002080B400AF034B93F8C9321846BD465DF8047B7047B0C0002080B400AF15
:20E56000034B93F8CB321846BD465DF8047B7047B0C0002080B400AF034B93F8CA32184633
:20E58000BD465DF8047B7047B0C0002080B400AF034B93F8CE321846BD465DF8047B7047B5
:20E5A000B0C0002080B400AF034B93F8CD321846BD465DF8047B7047B0C0002080B400AFB1
:20E5C000064BD3E9B42343EC172BB0EE470AF0EE670ABD465DF8047B704700BFB0C00020CB
:20E5E00080B400AF064BD3E9B62343EC172BB0EE470AF0EE670ABD465DF8047B704700BF56
:20E60000B0C0002080B400AF024B1846BD465DF8047B7047CFC3002080B400AF024B18460E
:20E62000BD465DF8047B7047DFC3002080B400AF024B1846BD465DF8047B7047C8C30020C3
:20E6400080B400AF034BD3F848331846BD465DF8047B7047B0C0002080B400AF034B1B7803
:20E660001846BD465DF8047B704700BF08C4002080B400AF034B93F84C331846BD465DF812
:20E68000047B7047B0C0002080B400AF034B93F84D331846BD465DF8047B7047B0C00020FC
:20E6A00080B483B000AF0346FB71044AFB79137000BF0C37BD465DF8047B704708C40020CE
:20E6C00080B400AF024B1846BD465DF8047B70470CC4002080B584B000AF78600023FB73AD
:20E6E000154B5B6807F10F014FF0FF321846F2F7ABFB0346012BF3D1FB7B012B18D1FEF7D9
:20E70000CFFD0346002B09D1FDF7E2FD0346072B04D0FEF783F90346002B0BD0FCF758FBB7
:20E720000346002B06D100F069FBFFF75FFD01E000BFD5E700BFD3E790C4002080B584B036
:20E7400000AF78600023FB817B689B7906339AB24C4B1A80FB895A1CFA811A464A4B6521F6
:20E760009954FB895A1CFA811A46474B02219954444B1988FB895A1CFA811A46C9B2424B28
:20E780009954404B1B881B0A99B2FB895A1CFA811A46C9B23C4B99547B681968FB895A1CCC
:20E7A000FA811A46C9B2384B99547B681B68190AFB895A1CFA811A46C9B2334B99547B686C
:20E7C0001B68190CFB895A1CFA811A46C9B22E4B99547B681B68190EFB895A1CFA811A4679
:20E7E000C9B2294B9954FB895A1CFA811A467B689979254B995400237B730CE07A7BFB89A0
:20E80000591CF98119467B6813441A7B1E4B5A547B7B01337B737B689B797A7B9A42EDD324
:20E8200000233B7309E0FB895A1CFA811A46164B002199543B7B01333B733B7B002BF2D09F
:20E84000FB895A1CFA811A460F4B00219954FB895A1CFA811A460C4B00219954FB895A1C47
:20E86000FA811A46084B82219954FB891A46064900200BF0CBFC0023FB8100BF1037BD461D
:20E8800080BD00BFEAC7002098C4002080B582B000AF0023FB802C4B02221A80FB885A1C4D
:20E8A000FA801A46294B65219954FB885A1CFA801A46264B04219954234B1988FB885A1C39
:20E8C000FA801A46C9B2214B99541F4B1B881B0A99B2FB885A1CFA801A46C9B21B4B99546C
:20E8E000FB885A1CFA801A46184BFF219954FB885A1CFA801A46154BFF219954FB885A1C9C
:20E90000FA801A46114B00219954FB885A1CFA801A460E4B00219954FB885A1CFA801A46A6
:20E920000A4B82219954FB881A46084900200BF06DFC01216420F4F7C3FD0023FB8000BF8C
:20E940000837BD4680BD00BFEAC7002098C4002080B586B000AF0023FB823B4600221A6055
:20E960005A609A60DA601A614F4B68221A80FB8A5A1CFA821A464D4B65219954FB8A5A1C93
:20E98000FA821A46494B01219954474B1988FB8A5A1CFA821A46C9B2444B9954424B1B88C7
:20E9A0001B0A99B2FB8A5A1CFA821A46C9B23F4B995400237B7553E07A7D3B4611461846AB
:20E9C000FDF7F0FD3968FB8A5A1CFA821A46C9B2364B99543B68190AFB8A5A1CFA821A4658
:20E9E000C9B2324B99543B68190CFB8A5A1CFA821A46C9B22D4B99543B68190EFB8A5A1CEE
:20EA0000FA821A46C9B2294B9954FB8A5A1CFA821A46B979254B995400233B751AE0BB79D7
:20EA20003A7D9A420CD23A7DFB8A591CF982194602F118033B4413F80C2C1C4B5A5406E00F
:20EA4000FB8A5A1CFA821A46184B002199543B7D01333B753B7D072BE1D97B7D01337B7512
:20EA60007B7D072BA8D9FB8A5A1CFA821A460F4B00219954FB8A5A1CFA821A460B4B00215E
:20EA80009954FB8A5A1CFA821A46084B82219954FB8A1A46054900200BF0B8FB0023FB822E
:20EAA00000BF1837BD4680BDEAC7002098C4002080B58CB000AF78607B68002B01D10323BD
:20EAC00093E007F108032022002118460CF02AFA0023FB850D23BB85FB8D5A1CFA853033EC
:20EAE0003B44652203F8282CFB8D5A1CFA8530333B44052203F8282CFB8D5A1CFA85BA8D28
:20EB0000D2B230333B4403F8282CBB8D1B0A9AB2FB8D591CF985D2B230333B4403F8282C57
:20EB20007B681A68FB8D591CF985D2B230333B4403F8282C7B681B681A0AFB8D591CF9853B
:20EB4000D2B230333B4403F8282C7B681B681A0CFB8D591CF985D2B230333B4403F8282C44
:20EB60007B681B681A0EFB8D591CF985D2B230333B4403F8282CFB8D5A1CFA8519467B6818
:20EB80009A7901F130033B4403F8282CFB8D07F10802D0187B680C33082219460CF0D0F98D
:20EBA000FB8D0833FB85FB8D5A1CFA8530333B44002203F8282CFB8D5A1CFA8530333B44E3
:20EBC000002203F8282CFB8D5A1CFA8530333B44822203F8282CFA8D07F108031946002069
:20EBE0000BF014FB0346BB62BB6A18463037BD4680BDFFFF80B582B000AF0023FB71FB7964
:20EC00005A1CFA711A46354B65219954FB795A1CFA711A46314B05219954FB795A1CFA7127
:20EC20001A462E4B07219954FB795A1CFA711A462A4B00219954FB795A1CFA711A46274B87
:20EC40006B219954FB795A1CFA711A46234B02219954FB795A1CFA711A46204B00219954DA
:20EC6000FB795A1CFA711A461C4B00219954FB795A1CFA711A46194B02219954FB795A1C57
:20EC8000FA711A46154B7F219954FB795A1CFA711A46124B02219954FB795A1CFA711A46E5
:20ECA0000E4B00219954FB795A1CFA711A460B4B00219954FB795A1CFA711A46074B82212A
:20ECC0009954FB791A46054900200BF09FFA0023FB7100BF0837BD4680BD00BF98C4002069
:20ECE00080B584B000AF0346FB710023FB73FB7B5A1CFA731A46404B65219954FB7B5A1C13
:20ED0000FA731A463C4B05219954FB7B5A1CFA731A46394B06219954FB7B5A1CFA731A4682
:20ED2000354B00219954FB7B5A1CFA731A46324B50219954FB7B5A1CFA731A462E4B01215D
:20ED40009954FB7B5A1CFA731A462B4B00219954FB7B5A1CFA731A46274B00219954FB7BDA
:20ED60005A1CFA731A46244B01219954FB79032B18D0032B1EDC012B02D0022B08D019E024
:20ED8000FB7B5A1CFA731A461B4B0121995412E0FB7B194A13441846FDF706FEFB7B013323
:20EDA000FB7308E0FB7B5A1CFA731A46124B0321995400E000BFFB7B5A1CFA731A460E4B25
:20EDC00000219954FB7B5A1CFA731A460A4B00219954FB7B5A1CFA731A46074B822199546E
:20EDE000FB7B1A46044900200BF010FA0023FB7300BF1037BD4680BD98C4002080B588B00B
:20EE000000AF0423FB833B1D00221A605A609A60DA601A6140F25232002178480CF082F834
:20EE200000237B7726E07A7F3B1D11461846FDF79BFB7B68002B1AD0FB8B704A13447A68B6
:20EE40001A60FB8B0433FB83FB8B5A1CFA831A46B97A6A4B9954FB8B684A13441A4607F168
:20EE6000100303CB10605160FB8B0833FB837B7F01337B777B7F0C2BD5D900233B7726E077
:20EE80003A7F3B1D11461846FDF78CFB7B68002B1AD0FB8B594A13447A681A60FB8B0433A0
:20EEA000FB83FB8B5A1CFA831A46B97A534B9954FB8B524A13441A4607F1100303CB10601B
:20EEC0005160FB8B0833FB833B7F01333B773B7F242BD5D90023FB7626E0FA7E3B1D11462A
:20EEE0001846FDF77FFB7B68002B1AD0FB8B434A13447A681A60FB8B0433FB83FB8B5A1C51
:20EF0000FA831A46B97A3D4B9954FB8B3B4A13441A4607F1100303CB10605160FB8B0833EF
:20EF2000FB83FB7E0133FB76FB7E082BD5D90023BB7626E0BA7E3B1D11461846FDF770FBDD
:20EF40007B68002B1AD0FB8B2C4A13447A681A60FB8B0433FB83FB8B5A1CFA831A46B97AC3
:20EF6000264B9954FB8B254A13441A4607F1100303CB10605160FB8B0833FB83BB7E0133E1
:20EF8000BB76BB7E042BD5D9FB8B043B9AB21C4B1A801B4B1B88002B2CD0184B65221A7074
:20EFA000164B01225A70164B1B88DAB2134B9A70134B1B881B0A9BB2DAB2104BDA70FB8BE1
:20EFC0005A1CFA831A460D4B00219954FB8B5A1CFA831A46094B00219954FB8B5A1CFA83C4
:20EFE0001A46064B82219954FB8B1A46034900200BF00CF900BF2037BD4680BD98C40020AC
:20F00000EAC70020FFFFFFFFB0B5A0B002AF78607B681B6840F26B22934240F0C1857B6892
:20F020001B7B9F2B7DD09F2B00F3BA85442B73DC102BC0F2B585103B342B00F2B18501A2CD
:20F0400052F823F01FFB0100A1FB0100A1FB0100A1FB0100A1FB0100A1FB0100A1FB01008A
:20F06000A1FB0100DDFA0100A1FB0100A1FB0100A1FB0100A1FB0100A1FB0100A1FB01006D
:20F08000A1FB0100A1FB0100A1FB010031F20100F3F7010065FA0100A1FB0100A1FB0100F0
:20F0A000A1FB0100A1FB0100A1FB0100A1FB0100A1FB0100A1FB0100A1FB0100A1FB010068
:20F0C0004BF10100A1FB0100A1FB0100A1FB0100A1FB0100A1FB0100A1FB0100A1FB0100A8
:20F0E000A1FB0100A1FB0100A1FB0100A1FB0100A1FB0100A1FB0100A1FB0100A1FB010028
:20F10000A1FB0100A1FB0100A1FB0100A1FB0100A1FB010035F901007F2B00F0278500F079
:20F120003FBD7B68587B7B68997B7B68DC7B7B681D7C7B685B7C7A68927C019200932B462F
:20F14000224603F09DFE00F02BBD7B685B7B022B56D0022B63DC002B30D0012B5FD10021C1
:20F160004FF402700AF0E6FB4FF47A70F2F7F6FB012140F206200AF0DDFB4FF47A70F2F796
:20F18000EDFB002140F206200AF0D4FB4FF47A70F2F7E4FB012140F207100AF0CBFB40F6EF
:20F1A000B830F2F7DBFB002140F207100AF0C2FB012201212F20FDF7A3FE37E001214FF4E2
:20F1C00002700AF0B7FB012140F206200AF0B2FB4FF47A70F2F7C2FB002140F206200AF0AA
:20F1E000A9FB4FF47A70F2F7B9FB012140F207100AF0A0FB012200212F20FDF781FE15E0A6
:20F200001F200BF0ADF90346002B05D106200BF0A7F90346002B08D0FDF776FF05E0002247
:20F2200012212F20FDF76CFE00E000BF00F0B8BC7B685B7B013B0F2B00F2D38201A252F888
:20F2400023F000BF85F20100E3F7010075F301007BF3010063F501008DF60100E3F70100F9
:20F26000E3F70100E3F70100E3F70100E3F70100E3F70100E3F70100E3F70100E3F70100B6
:20F28000DDF701007B689B7B102B1CD17B68DB7B1AB27B681B7C1BB21B021BB213431BB21F
:20F2A0009AB2C34B9A827B685A7CC14B9A757B689A7CBF4BDA757B68DA7CBD4B1A76BD4BD9
:20F2C00001221A7039E0BB4B1B78012B1DD17B689B7B202B19D17B68DA7BB54B5A767B689C
:20F2E0001B7C1A467B685B7C1B021A437B689B7C1B041A437B68DB7C1B061343AC4AC2F80C
:20F300001A30AC4B02221A7017E0AA4B1B78022B13D17B689B7B302B0FD17B68DB7B1AB235
:20F320007B681B7C1BB21B021BB213431BB29AB29F4BDA839F4B03221A709E4B1B78032BA3
:20F3400040F0558203F010FD034687F85F30994B00221A7097F85F30002B05D1012201215B
:20F360002220FDF7CDFD42E2002210212220FDF7C7FD3CE2FDF79CFE3AE207F148030022EF
:20F380001A605A609A60DA601A614FF000024FF00003C7E918234FF41B73BB64622387F828
:20F3A0005430042387F85530082387F84E30002387F87730CFE097F87730022B00F0A28009
:20F3C000022B00F3B680002B02D0012B4DD0B0E0FFF7F4F851EC100B73A3D3E900230BF0D7
:20F3E000BDFA02460B46104619460BF019FD02460B46C7E91823102387F8563097F860301C
:20F4000087F85730D7E918014FF000024FF00003020A42EA01620B0AD3B287F85830D7E98E
:20F4200018014FF000024FF00003020C42EA01420B0CD3B287F85930D7E918014FF00002F5
:20F440004FF00003020E42EA01220B0ED3B287F85A30D7E918014FF000024FF000030A00FE
:20F460000023D3B287F85B3063E0FFF7B9F851EC100B4DA3D3E900230BF070FA02460B46CB
:20F48000104619460BF0CCFC02460B46C7E91823202387F8563097F8603087F85730D7E943
:20F4A00018014FF000024FF00003020A42EA01620B0AD3B287F85830D7E918014FF000025A
:20F4C0004FF00003020C42EA01420B0CD3B287F85930D7E918014FF000024FF00003020E5D
:20F4E00042EA01220B0ED3B287F85A30D7E918014FF000024FF000030A000023D3B287F889
:20F500005B3016E0302387F85630FF2387F85730FFF73CF8034687F85830FFF743F80346F6
:20F5200087F85930002387F85A30002387F85B3000BF07F14803194618200AF0D5F897F87B
:20F540007730012B02D83220F2F708FA97F87730013387F8773097F87730022B7FF62BAF7F
:20F5600046E1FFF74FF8B86607F1340300221A605A609A60DA601A61002387F838304FF488
:20F580001B737B63002387F83930082387F83A30622387F84030052387F84130002387F8B2
:20F5A00076306EE0AFF3008000000000006AF84090E80020FCC7002097F87630022B36D0B0
:20F5C000022B4CDC002B02D0012B18D047E0102387F84230BB6E1B7887F84330BB6E5B78D0
:20F5E00087F84430BB6E9B7887F84530BB6EDB7887F84630BB6E1B7987F847302FE0202372
:20F6000087F84230BB6E5B7987F84330BB6E9B7987F84430BB6EDB7987F84530BB6E1B7AAB
:20F6200087F84630BB6E5B7A87F8473017E0302387F84230BB6E9B7A87F84330BB6EDB7AF8
:20F6400087F84430BB6E1B7B87F84530BB6E5B7B87F84630BB6E9B7B87F8473000BF07F124
:20F660003403194618200AF03FF897F87630012B02D83220F2F772F997F87630013387F8C2
:20F68000763097F87630022B96D9B1E0FEF7C4FFF86607F1200300221A605A609A60DA60A7
:20F6A0001A61002387F824304FF41B733B62002387F82530082387F82630622387F82C3014
:20F6C000062387F82D30002387F8753080E097F87530032B6AD801A252F823F0EDF60100F6
:20F6E0001DF701004DF701007DF70100102387F82E30FB6E1B7887F82F30FB6E5B7887F896
:20F700003030FB6E9B7887F83130FB6EDB7887F83230FB6E1B7987F8333047E0202387F8C8
:20F720002E30FB6E5B7987F82F30FB6E9B7987F83030FB6EDB7987F83130FB6E1B7A87F8DA
:20F740003230FB6E5B7A87F833302FE0302387F82E30FB6E9B7A87F82F30FB6EDB7A87F84F
:20F760003030FB6E1B7B87F83130FB6E5B7B87F83230FB6E9B7B87F8333017E0402387F8F0
:20F780002E30FB6EDB7B87F82F30FB6E1B7C87F83030FB6E5B7C87F83130FB6E9B7C87F870
:20F7A0003230FB6EDB7C87F8333000BF07F120031946182009F098FF97F87530022B02D809
:20F7C0003220F2F7CBF897F87530013387F8753097F87530032B7FF67AAF09E0FDF706FAC2
:20F7E00006E0002212212220FDF78AFB00E000BFD6E17B685B7B022B40F0958003F0FEF9A8
:20F80000034687F8733097F87330002B40F0858007F10C0300221A605A609A60DA601A61DF
:20F8200000233B744FF41B73FB6000237B740823BB7463233B7602237B76002387F87430CB
:20F8400066E097F87430022B3BD0022B4EDC002B02D0012B18D049E01023BB76C04B9B8AD2
:20F860009BB2DBB2FB76BE4B9B8A9BB21B0A9BB2DBB23B77BA4B9B7D7B77B94BDB7DBB7774
:20F88000B74B1B7EFB7731E02023BB76B44B5B7EFB76B34BD3F81A30DBB23B77B04BD3F875
:20F8A0001A301B0ADBB27B77AD4BD3F81A301B0CDBB2BB77AA4BD3F81A301B0EDBB2FB7735
:20F8C00014E03023BB76A64BDB8B9BB2DBB2FB76A34BDB8B9BB21B0A9BB2DBB23B77002399
:20F8E0007B770023BB770023FB7700BF07F10C031946182009F0F8FE97F87430012B02D8A7
:20F900003220F2F72BF897F87430013387F8743097F87430022B94D90BE0002210212320B1
:20F92000FDF7EEFA05E0002212212320FDF7E8FA00BF35E17B685B7B032B00F28C8001A23B
:20F9400052F823F0A5F9010055F90100D9F9010023FA01001F200AF003FE034683F0010371
:20F96000DBB2002B18D006200AF0FAFD034683F00103DBB2002B0FD00822002179480BF072
:20F98000D1FA00F04FF97868FFF792F81F200AF09DFDFDF7B3FC64E0002210214420FDF79F
:20F9A000AFFA5EE01F200AF0B5FDFDF78DFC0346012B08D1FDF796FC03461D2B03D9002097
:20F9C000FDF758FC02E00120FDF754FC0822002164480BF0A7FA44E006200AF0C1FD0346BA
:20F9E00083F00103DBB2002B15D01F200AF0B8FD034683F00103DBB2002B0CD00822002166
:20FA000059480BF08FFA00F00DF906200AF05EFDFDF774FC25E0002210214420FDF770FAD2
:20FA20001FE006200AF076FDFDF74EFC0346012B08D1FDF757FC03461D2B03D90020FDF7E0
:20FA400019FC02E00120FDF715FC0822002146480BF068FA05E0002212214420FDF750FA77
:20FA600000BF9DE07B685B7B012B02D0022B2BD02DE07B689B7B552B10D0AA2B1DD1AA2078
:20FA800003F052F813200AF021FD14200AF042FD012201212420FDF733FA14E0552003F06B
:20FAA00043F814200AF012FD13200AF033FD012201212420FDF724FA05E00022102124205A
:20FAC000FDF71EFA00BF08E0FDF71CF805E0002212212420FDF714FA00BF61E07B685B7B32
:20FAE000002B15D11F200AF03BFD0346002B05D106200AF035FD0346002B03D01E200AF069
:20FB0000E5FC0BE0002222211820FDF7F9F905E0002212211820FDF7F3F900BF40E07B6882
:20FB20005B7B002B15D11F200AF01AFD0346002B05D106200AF014FD0346002B03D01E208E
:20FB40000AF0E8FC0BE0002222211020FDF7D8F905E0002212211020FDF7D2F900BF1FE09B
:20FB600090E80020ECC70020F4C700207B685B7B012B14D11F200AF0F3FC0346002B05D103
:20FB800006200AF0EDFC0346002B02D000F062F804E0002222217F20FDF7B2F900BF00BFC7
:20FBA00000BF7837BD46B0BD80B582B000AF0023FB7102F073FD03461A46FB791344FB7180
:20FBC00002F0BCFD03461A46FB791344FB71FB79002B0FD1114B1B7843F00103DAB20F4B0F
:20FBE0001A700F4B1B7843F00103DAB20C4B1A7001230EE0094B1B7823F00103DAB2074BFC
:20FC00001A70074B1B7823F00103DAB2044B1A70002318460837BD4680BD00BFECC7002067
:20FC2000F4C7002080B500AFFFF7BEFF074B1B7843F00803DAB2054B1A70054B1B7843F0B3
:20FC40000803DAB2024B1A7000BF80BDECC70020F4C7002080B500AF012201217F20FDF7D0
:20FC60004FF96420F1F77AFE08F04BFB012140F2074009F05FFE012140F2062009F05AFE5E
:20FC8000012140F2072009F055FE012140F20D1009F050FE01214FF4806009F04BFE024814
:20FCA000F7F74EFA00BF80BD10B1002080B500AF052200210C480BF035F90B4B00225A7046
:20FCC000094B00221A70084B00221A71064B00229A70054B0022DA70044B01221A70044BA0
:20FCE00000221A7000BF80BD00C800206A0A002005C8002080B584B000AF03460A46FB71D6
:20FD00001346BB710023FB73244B1B78FA799A4202D00123FB7318E0FB79022B02D0032B7F
:20FD200008D012E01D4B9B78BA799A420AD00123FB7307E0194B9B78BA799A4204D001239E
:20FD4000FB7301E000BF00E000BFFB7B002B1DD0134B01221A7008F0AFF9104B1A780F4B76
:20FD60005A700E4B9A780D4BDA700C4AFB791370FB79022B02D0032B04D00BE0074ABB797A
:20FD8000937007E0054ABB79937003E0044B00221A7000BF00BF1037BD4680BD00C8002028
:20FDA00005C8002080B582B000AF78607B681B78072B5AD801A252F823F000BFDDFD0100F4
:20FDC000E5FD01000DFE010045FE0100EDFD0100F5FD0100FDFD010005FE0100786800F043
:20FDE00013F943E0786800F0E9F93FE0786800F095FC3BE0786800F0AFFC37E0786800F025
:20FE000014FD33E0786800F079FD2FE0786800F05FFA7B689B78022B0ED0022B10DC002BFB
:20FE200002D0012B04D00BE0786800F075FA08E0786800F0F7FA04E0786800F069FB00E025
:20FE400000BF13E0786800F0D9FB7B689B78002B02D0012B04D007E0786800F0EEFB03E0D6
:20FE6000786800F03AFC00BF00E000BF00BF0837BD4680BD80B582B000AF78607B681B787C
:20FE8000072B54D801A252F823F000BFADFE0100B5FE0100DDFE01000FFF0100BDFE01003E
:20FEA000C5FE0100CDFE0100D5FE0100786800F0DFF83DE0786800F096F939E0786800F0D2
:20FEC00037FC35E0786800F059FC31E0786800F0BBFC2DE0786800F02DFD29E07B689B7817
:20FEE000022B0ED0022B10DC002B02D0012B04D00BE0786800F02AFA08E0786800F09CFAB4
:20FF000004E0786800F00EFB00E000BF10E07B689B78002B02D0012B04D007E0786800F0EB
:20FF200096FB03E0786800F0E4FB00BF00E000BF00BF0837BD4680BD80B582B000AF786014
:20FF40007B685B78072B5AD801A252F823F000BF71FF010079FF0100A1FF0100D9FF010064
:20FF600081FF010089FF010091FF010099FF0100786800F0FFF843E0786800F09FF93FE0DC
:20FF8000786800F0DFFB3BE0786800F043FC37E0786800F0A8FC33E0786800F00BFD2FE008
:20FFA0007B68DB78022B0ED0022B10DC002B02D0012B04D00BE0786800F02AFA08E0786843
:20FFC00000F09CFA04E0786800F00EFB00E000BF786800F097F913E07B68DB78002B02D0B9
:20FFE000012B04D007E0786800F06DFB03E0786800F08AFB00BF786800F015FB00E000BF6C
:020000040002F8
:2000000000BF0837BD4680BD80B582B000AF78607B6800221A71134B00221A7005200AF0FB
:2000200079FAFCF7EFFC0E200AF09AFA0346002B01D008F066F907F0BDFF0B4B1B78002B50
:2000400005D00A4B1B780133DAB2084B1A70082006F060FE1B2006F05DFE00BF0837BD463D
:2000600080BD00BFA3E90020A5E90020A6E90020B0B582B000AF7860FCF7B0F90346002B4D
:200080000DD1FCF70DFA0346002B08D1FCF75CFA0346002B03D10120FDF7D6F802E00020C5
:2000A000FDF7D2F802F052FD0346552B57D114200AF056FA0346002B51D038200AF050FAA1
:2000C0000346002B39D00E200AF04AFA034683F00103DBB2002B0AD008F092F8642002F0ED
:2000E00079F8214B64221A700E200AF0EFF91F4B1B78002B07D11D4B01221A701C4B002265
:200100001A7008F0E5F808F061F808F01FF808F00BF802F023FF03461C4602F063FF0346C9
:200120001D4602F09BFF03461A462946204603F0ADFB072006F008FF11E00C4B00221A709F
:200140000B4B1B78002B0AD1094B01221A700E200AF006FA0346002B01D008F0D2F800BFC1
:200160000837BD46B0BD00BF6F0A002007C8002008C8002080B582B000AF78607B680022A6
:200180001A710E200AF0ECF9034683F00103DBB2002B0AD008F034F8642002F01BF8064B77
:2001A00064221A700E200AF091F908F091F800BF0837BD4680BD00BF6F0A002080B582B0FF
:2001C00000AF786007F0C2FF07F0AEFF05200AF0A1F90020FCF7C2FF0020FDF735F800BFAF
:2001E0000837BD4680BD80B582B000AF78607B681B79962B2DD802F0A9FC0346AA2B12D1BD
:2002000013200AF0ADF90346002B0CD00B2306210122184602F0F4FF7B681B790133DAB2C9
:200220007B681A7147E002F091FC0346552B0ED114200AF095F90346002B08D008F032FAD6
:200240007B681B790133DAB27B681A7133E002F04FFC02F07BFC0346AA2B0CD113200AF018
:200260007FF90346002B06D0442301210122184602F0C6FF13E002F069FC0346552B0CD10B
:2002800014200AF06DF90346002B06D00C2300210122184602F0B4FF01E002F029FC0120F1
:2002A00005F0E6FF072006F035FD092006F032FD38200AF02FF90837BD4680BD80B483B067
:2002C00000AF786000BF0C37BD465DF8047B704780B582B000AF7860094B1B78032B08D12B
:2002E000074B00221A7005200AF014F90020FCF7ABFF0020FCF732FF00BF0837BD4680BD95
:20030000A3E9002080B483B000AF786000BF0C37BD465DF8047B704780B582B000AF7860C5
:20032000094B1B78032B08D1074B00221A7005200AF0F0F80020FCF787FF0020FCF70EFF11
:2003400000BF0837BD4680BDA3E9002080B582B000AF78607B681B79962B2DD802F0F6FBA5
:200360000346AA2B12D113200AF0FAF80346002B0CD00B2306210122184602F041FF7B6822
:200380001B790133DAB27B681A713EE002F0DEFB0346552B0ED114200AF0E2F80346002B8E
:2003A00008D008F07FF97B681B790133DAB27B681A712AE002F09CFB02F0C8FB0346552B3F
:2003C0000CD114200AF0CCF80346002B06D00C2301210122184602F013FF13E002F0B6FB98
:2003E0000346AA2B0CD113200AF0BAF80346002B06D0442300210122184602F001FF01E0FD
:2004000002F076FB022005F033FF0837BD4680BD80B483B000AF786000BF0C37BD465DF869
:20042000047B704780B483B000AF786000BF0C37BD465DF8047B704780B582B000AF78601A
:200440007B681B79962B2DD802F080FB0346AA2B12D113200AF084F80346002B0CD00B23CA
:2004600006210122184602F0CBFE7B681B790133DAB27B681A713EE002F068FB0346552B38
:200480000ED114200AF06CF80346002B08D008F009F97B681B790133DAB27B681A712AE0F6
:2004A00002F026FB02F052FB0346552B0CD114200AF056F80346002B06D00C23012101220A
:2004C000184602F09DFE13E002F040FB0346AA2B0CD113200AF044F80346002B06D04423FC
:2004E00000210122184602F08BFE01E002F000FB032005F0BDFE0837BD4680BD80B483B058
:2005000000AF786000BF0C37BD465DF8047B704780B483B000AF786000BF0C37BD465DF87C
:20052000047B704780B582B000AF78607B681B79962B2DD802F00AFB0346AA2B12D113202F
:200540000AF00EF80346002B0CD00B2306210122184602F055FE7B681B790133DAB27B6816
:200560001A713EE002F0F2FA0346552B0ED1142009F0F6FF0346002B08D008F093F87B6878
:200580001B790133DAB27B681A712AE002F0B0FA02F0DCFA0346552B0CD1142009F0E0FF79
:2005A0000346002B06D00C2301210122184602F027FE13E002F0CAFA0346AA2B0CD1132031
:2005C00009F0CEFF0346002B06D0442300210122184602F015FE01E002F08AFA042005F08D
:2005E00047FE0837BD4680BD80B483B000AF786000BF0C37BD465DF8047B704780B582B052
:2006000000AF786007F0A2FD07F08EFD052009F081FF0020FCF718FE0020FCF79FFD00BF06
:200620000837BD4680BD80B483B000AF786000BF0C37BD465DF8047B704780B483B000AFA7
:20064000786000BF0C37BD465DF8047B704780B582B000AF78607B681B79962B2DD802F015
:2006600075FA0346AA2B12D1132009F079FF0346002B0CD00B2306210122184602F0C0FD91
:200680007B681B790133DAB27B681A7118E002F05DFA0346552B0ED1142009F061FF0346F6
:2006A000002B08D007F0FEFF7B681B790133DAB27B681A7104E002F01BFA082006F05EFA3D
:2006C0000837BD4680BD80B483B000AF786000BF0C37BD465DF8047B704780B582B000AF07
:2006E000786007F033FD07F01FFD00BF0837BD4680BD80B582B000AF7860052006F03EFA69
:2007000000BF0837BD4680BD80B483B000AF786000BF0C37BD465DF8047B704780B483B0B6
:2007200000AF786000BF0C37BD465DF8047B704780B582B000AF786007F03CFD00BF083786
:20074000BD4680BD80B483B000AF786000BF0C37BD465DF8047B704780B582B000AF7860ED
:2007600007F0E2FC07F0F2FC052009F0D3FE0020FCF7F4FC00BF0837BD4680BDB0B582B0F8
:2007800000AF7860082006F0DFFB02F0DFF90346AA2B1CD1132009F0E3FE0346002B16D09E
:2007A0000B2307210122184602F02AFD02F0D6FB03461C4602F016FC03461D4602F04EFCEF
:2007C00003461A462946204602F0C2FF1EE002F0BDF90346552B16D1142009F0C1FE03465D
:2007E000002B10D002F0BAFB03461C4602F0FAFB03461D4602F032FC03461A46294620466B
:2008000003F044F802E002F073F900BF00BF0837BD46B0BD80B582B000AF7860082006F030
:2008200079FA00BF0837BD4680BD80B582B000AF786007F079FC07F089FC0020FCF78EFC94
:2008400000BF0837BD4680BDB0B582B000AF7860082006F05FFA092006F076FB02F076F9D4
:200860000346AA2B1CD1132009F07AFE0346002B16D00B2307210122184602F0C1FC02F0F7
:200880006DFB03461C4602F0ADFB03461D4602F0E5FB03461A462946204602F059FF1EE067
:2008A00002F054F90346552B16D1142009F058FE0346002B10D002F051FB03461C4602F097
:2008C00091FB03461D4602F0C9FB03461A462946204602F0DBFF02E002F00AF900BF00BF8B
:2008E0000837BD46B0BD80B582B000AF7860092006F010FA00BF0837BD4680BD80B582B08D
:2009000000AF78607B6800221A71084B00221A7007F0F7FC052009F0FDFD07F04BFB044B33
:2009200000221A7000BF0837BD4680BDA3E9002006C8002080B582B000AF7860FBF724FF30
:200940000346012B2AD1042009F00CF80346002B05D1032009F006F80346002B0BD0144BF4
:200960001B7883F00103DBB2002B04D007F0B0FC0F4B01221A700E4B1B78002B08D007F051
:2009800007FE0346012B0ED1094B00221A700AE0074B00221A7007F0B4FC04E0044B00221A
:2009A0001A7007F0AEFC00BF0837BD4680BD00BF06C8002080B582B000AF786007F088FCB8
:2009C000034B00221A7000BF0837BD4680BD00BF06C8002080B584B000AF0346FB71564BC4
:2009E0001B78FB730023BB73FB790A2B43D801A252F823F0210A0200270A02002D0A020048
:200A0000370A0200410A0200550A02005F0A0200650A02004B0A0200710A02006B0A0200BE
:200A20000023FB732AE00123FB7327E00223FB730023BB7322E00223FB730123BB731DE0BA
:200A40000223FB730223BB7318E00323FB730023BB7313E00323FB730123BB730EE00423E5
:200A6000FB730BE00523FB7308E00623FB7305E00023FB7302E00023FB7300BFFB7B052BBA
:200A800008D0FB7B062B05D0382009F069FD0346002B01D007F082FBBA7BFB7B1146184632
:200AA000FFF728F907F092FB244B1B78002B02D02148FFF741FA224B1B78002B03D11F4B99
:200AC0001B78002B05D01C48FFF76CF91C4B00221A701948FFF7CEF9052008F043FF0346EB
:200AE000002B03D0002009F0F1FC02E0002009F011FD072008F036FF0346002B03D001202D
:200B000009F0E4FC02E0012009F004FD062008F029FF0346002B03D0022009F0D7FC02E0A2
:200B2000022009F0F7FC02F0C9FA07F05BFB00BF1037BD4680BD00BF00C8002005C80020CB
:200B40006A0A002080B582B000AF0023FB710023BB710123FB71214B5B68002B06D01F4BE3
:200B60005868F91D00230022F0F7B6F81C4B1B780133DAB21A4B1A70194B1B78012B0FD911
:200B8000174B00221A700223FB71144B5B68002B06D0124B5868F91D00230022F0F79CF8A0
:200BA000104B1B780133DAB20E4B1A700D4B1B78132B0FD90B4B00221A700223BB710A4BEB
:200BC0005B68002B06D0084B5868B91D00230022F0F782F800BF0837BD4680BD0CC8002090
:200BE0002FC8002030C8002080C0002080B582B000AF0023FB710023BB7104237B71484BCC
:200C00005B68002B06D0464B5868791D00230022F0F762F80323BB71424B5B68002B06D000
:200C2000404B5868B91D00230022F0F755F83E4B1B780133DAB23C4B1A703B4B1B78012BE8
:200C40000FD9394B00221A700423BB71354B5B68002B06D0334B5868B91D00230022F0F7A5
:200C60003BF8324B1B780133DAB2304B1A702F4B1B78042B1CD92D4B00221A700523BB71C3
:200C8000284B5B68002B06D0264B5868B91D00230022F0F721F80123FB71254B5B68002BE3
:200CA00006D0234B5868F91D00230022F0F714F8204B1B780133DAB21E4B1A701D4B1B7836
:200CC0000E2B28D91C4B1B78DBB20133DAB21A4B1A70184B00221A7005237B71104B5B6863
:200CE000002B06D00E4B5868791D00230022EFF7F3FFFAF76DF80346002B0CD10623BB712B
:200D0000084B5B68002B06D0064B5868B91D00230022EFF7E1FF00BF0837BD4680BD00BFCD
:200D20000CC8002080C0002031C8002032C8002090C4002033C800201AC8002080B483B034
:200D400000AF786000BF0C37BD465DF8047B704780B584B000AF786000237B730023FB73EA
:200D600008F04EFB3A4B5B6807F10D014FF0FF321846F0F769F80346012BF3D1FAF728F884
:200D80000346FB737B7B013B042B5DD801A252F823F000BFA90D0200BB0D0200490E02006C
:200DA000350E02003F0E020000F056FE0346BB73BB7B184607F0DEF849E009F027FB254BCF
:200DC0001B78DBB2132B05D9224B00221A700020F9F7EEFF00F01CFC1F4B1B781846FFF768
:200DE000F9FD1F2009F0BCFB0346002B0DD0062009F0B6FB034683F00103DBB2002B04D0A1
:200E00000020FCF737FA00F05FF8062009F0A8FB0346002B1AD01F2009F0A2FB034683F096
:200E20000103DBB2002B11D00020FCF723FA00F0BBF80BE0FB7B184600F026F907E0FB7B17
:200E4000184600F071FB02E000BF8BE700BF89E70CC800201AC800201EC8002080B483B033
:200E600000AF03460A46FB711346BB71FB79002B0FD1BB79082B0CD8BB79012202FA03F326
:200E80009AB2104B1B889BB213439AB20D4B1A8012E0FB79012B0FD1BB79042B0CD8BB793A
:200EA0000933012202FA03F39AB2064B1B889BB213439AB2034B1A8000BF0C37BD465DF870
:200EC000047B704718C8002080B500AF052008F049FD0346002B07D0324B1B7843F02003E4
:200EE000DAB2304B1A7006E02E4B1B7823F02003DAB22C4B1A70062008F034FD0346002BE9
:200F000007D0284B1B7843F04003DAB2254B1A7006E0244B1B7823F04003DAB2214B1A7038
:200F2000072008F01FFD0346002B07D01D4B1B7863F07F03DAB21B4B1A7006E0194B1B7802
:200F400003F07F03DAB2174B1A70042008F00AFD0346002B07D0134B5B7843F00103DAB242
:200F6000104B5A7006E00F4B5B7823F00103DAB20C4B5A70032008F0F5FC0346002B07D01E
:200F8000084B5B7843F00203DAB2064B5A7006E0044B5B7823F00203DAB2024B5A7000BFCA
:200FA00080BD00BFECC7002080B500AF052008F0D9FC0346002B07D0324B1B7843F02003DB
:200FC000DAB2304B1A7006E02E4B1B7823F02003DAB22C4B1A70062008F0C4FC0346002B79
:200FE00007D0284B1B7843F04003DAB2254B1A7006E0244B1B7823F04003DAB2214B1A7058
:20100000072008F0AFFC0346002B07D01D4B1B7863F07F03DAB21B4B1A7006E0194B1B7892
:2010200003F07F03DAB2174B1A70042008F09AFC0346002B07D0134B5B7843F00103DAB2D2
:20104000104B5A7006E00F4B5B7823F00103DAB20C4B5A70032008F085FC0346002B07D0AD
:20106000084B5B7843F00203DAB2064B5A7006E0044B5B7823F00203DAB2024B5A7000BFE9
:2010800080BD00BFF4C7002080B584B000AF0346FB7101F0C1FEFB79002B40F01D8210205E
:2010A00009F05EFA0346002B10D006F0D7FF0346012B0BD1112009F053FA034683F0010337
:2010C000DBB2002B02D006F075FF22E006F0C6FF0346012B0BD1052009F042FA0346002B40
:2010E00005D006F067FF052009F014FA11E006F0B5FF0346012B0CD1292009F031FA0346F0
:20110000002B06D0292009F005FA01F0E3FC06F051FFFCF739F80346002B1DD0FBF75EF9A9
:201120000346012B18D1162009F01AFA034683F00103DBB2002B0FD0AA4B1B780133DAB26F
:20114000A84B1A70A74B1B780E2B05D9A54B00221A700020FCF702F8292009F001FA034647
:20116000002B04D0292009F0D5F901F0B3FC152009F0F6F90346002B04D0152009F0CAF96A
:2011800001F0F2FD06F05EFF0346FB73FB7B012B02D0FB7B022B17D1934B1B78FA7B9A42A4
:2011A00002D0924B00221A70904B1B780133DAB28E4B1A708D4B1B78042B08D98B4B0022D0
:2011C0001A7006F057FF02E0884B00221A70864AFB7B13702F2009F0C3F90346002B02D0C5
:2011E0002F2009F097F9392009F0BAF90346002B04D0392009F08EF901F0B6FD312009F003
:20120000AFF90346002B00F0C280FCF749F8034683F00103DBB2002B5CD0754B1B785A1CDF
:20122000D1B2734A11703C2B43D8302009F04EF96F4B1B78002B2ED06D4B1B78142B2AD8D9
:20124000322009F08DF90346002B0CD0332009F087F9034683F00103DBB2002B03D0012035
:20126000FDF71EFA16E0322009F07AF9034683F00103DBB2002B09D0332009F071F903465E
:20128000002B03D00020FDF70BFA03E00120FDF707FA8BE08AE0564B1B78142B40F28680BE
:2012A000534B1B783C2B00F281800020FDF7F8F97CE04F4B1B783C2B78D9302009F02AF9F1
:2012C000312009F027F94A4B3D221A700020FDF7E7F96BE0FBF7E4FF0346002B66D0444BD9
:2012E0001B785A1CD1B2424A11703C2B3ED8404B1B78002B2ED03E4B1B78142B2AD83220E2
:2013000009F02EF90346002B0CD0332009F028F9034683F00103DBB2002B03D00120FDF790
:20132000BFF916E0322009F01BF9034683F00103DBB2002B09D0332009F012F90346002B84
:2013400003D00020FDF7ACF903E00120FDF7A8F92CE02BE0264B1B78142B27D9244B1B780C
:201360003C2B23D80020FDF79BF91FE0204B1B783C2B1BD9302009F0CDF8312009F0CAF8F1
:201380001B4B3D221A700020FDF78AF90EE0184B00221A700020FDF783F9302009F0BAF8DF
:2013A000322009F0B7F8332009F0B4F8162009F0D7F80346002B1FD0FBF772FF034683F0BB
:2013C0000103DBB2002B17D00A4B1B780133DAB2084B1A70074B1B783C2B0DD8172009F084
:2013E00075F831E01DC8002029C8002028C800202AC800202CC80020162009F0B1F8034602
:20140000002B12D0454B1B783C2B0ED9FBF748FF034683F00103DBB2002B06D03F4B3D22DE
:201420001A70172009F076F80EE0162009F098F8034683F00103DBB2002B05D0374B0022E6
:201440001A70172009F066F801F080FB0346552B60D1142009F084F80346002B5AD0FBF7D5
:2014600073F80346012B15D1FAF7B8FF0346002B10D12B4B1B780133DAB2294B1A70284B6F
:201480001B78012B06D9264B02221A70382009F01DF83FE0FBF758F80346012B0BD1FAF786
:2014A0009DFF0346012B06D11D4B00221A70382009F030F82EE0FBF747F80346002B29D10A
:2014C000FAF78CFF0346002B24D1154B00221A70382009F01FF81DE0FB79022B1AD1114BCE
:2014E0001B780133DAB20F4B1A700E4B1B781D2B09D8FAF773FF0346012B04D0FAF7D0FF34
:201500000346012B06D1074B00221A700020F9F74FFCFFE700BF1037BD4680BD2CC80020E6
:201520002DC8002028C8002080B582B000AF0346FB71FB79002B49D1192009F011F803467E
:20154000002B10D02D4B1B8801339AB22B4B1A802A4B1B88B3F5B45F05D3192008F0DAFF20
:20156000264B00221A80342008F0FAFF0346002B10D0234B1B8801339AB2214B1A80204BA3
:201580001B88EF2B09D91E4B00221A80342008F0C1FF02E01A4B00221A8008F007F8F0EEA3
:2015A000407A184BC3ED007A164BD3ED007A9FED167AF4EEC77AF1EE10FA03DD242008F005
:2015C00085FF16E0242008F0A5FF12E0FB79022B0FD10E4B1B780133DAB20C4B1A700B4B5B
:2015E0001B78012B05D9094B00221A700020F9F7DFFB00BF0837BD4680BD00BF24C800205B
:2016000026C8002020C80020000061C434C8002080B500AFF9F7DCFB0346002B40F0DE80C6
:20162000854B4FF416721A80844B00221A701E2008F096FF0346002B03D0814B06221A706A
:20164000F8E0FAF745FE0346072B03D17C4B09221A70EFE0042008F083FF0346002B09D0F9
:20166000272008F07DFF0346002B03D0744B00221A70DFE0252008F073FF0346002B00F02B
:201680009D80272008F06CFF034683F00103DBB2002B00F093806B4B1B7883F00103DBB2BB
:2016A000002B79D0684B1B780133DAB2664B1A70664B1B78062B73D801A252F823F000BFF6
:2016C000DD160200F916020015170200311702004D1702006917020085170200584B002241
:2016E0001A70594B1B78312B5CD9574B00221A70564B01221A7055E0514B06221A70524BDC
:201700001B78182B50D9504B00221A704F4B02221A7049E04A4B00221A704B4B1B78182B65
:2017200044D9494B00221A70484B03221A703DE0434B06221A70444B1B78182B38D9424BAA
:2017400000221A70414B04221A7031E03C4B00221A703D4B1B78182B2CD93B4B00221A70C8
:201760003A4B05221A7025E0354B06221A70364B1B78182B20D9344B00221A70334B0622DB
:201780001A7019E02E4B00221A702E4B01221A70272008F09BFE10E0294B00221A7049E06A
:2017A00000BF47E000BF45E000BF43E000BF41E000BF3FE000BF3DE000BF3BE0FAF700FE1A
:2017C00003461A461E4B1A701F4B00221A701F4B00221A701B4B00221A702BE0F9F7F8FA42
:2017E0000346012B1DD1144B1B8801339AB2124B1A80114B1B88042B1CD90F4B00221A80D4
:201800000E4B1B78142B02D90C4B00221A700C4B07221A70094B1B780133DAB2074B1A7032
:2018200008E0F9F7D5FA0346022B03D1044B0A221A70FFE700BF80BD6C0A00202BC8002027
:201840001EC800202EC800201BC800201CC8002080B483B000AF0346FB71044AFB79137055
:2018600000BF0C37BD465DF8047B70471AC8002080B400AF034B00221A7000BFBD465DF8E2
:20188000047B70472AC8002080B400AF034B1B781846BD465DF8047B704700BF2AC800207F
:2018A00080B400AF034B00221A7000BFBD465DF8047B70471DC8002080B400AF044B1B6844
:2018C00007EE903AB0EE670ABD465DF8047B704720C8002080B582B000AF0023FB7162B6E7
:2018E00000BF00F037F80346002B02D0FB790133FB7107F0F5FC0346002B02D0FB790133DA
:20190000FB71FB79002B12D108F080FD0D490E4808F0FAFB0D4807F001FF0D4808F0C8FC6E
:20192000002140F20D1008F005F8F0F79BF808F06DFD4FF47A714FF47A70F1F7C1FD00BFA6
:20194000F5E700BFED0B0200450B020021AE010079D7010080B582B000AF0023FB7108F0E2
:2019600035FD03461A46FB791344FB7107F0D0FF03461A46FB791344FB71002140F2062036
:2019800007F0D8FF002140F2031007F0D3FF002140F2074007F0CEFF72B600BF08F064F9B0
:2019A00003461A46FB791344FB71002008F07CF903461A46FB791344FB7107F05BFE034641
:2019C0001A46FB791344FB7108F052FB03461A46FB791344FB7108F099FA03461A46FB79A3
:2019E0001344FB71002008F0D3FB03461A46FB791344FB7108F00AFD08F032FA03461A4692
:201A0000FB791344FB7108F0ABF903461A46FB791344FB7107F0D6FF03461A46FB791344D3
:201A2000FB7107F097FD03461A46FB791344FB7107490848F5F766FB0346DAB2FB79134442
:201A4000FB7108F0E3FCFB7918460837BD4680BD38CB020010B1002080B500AFC24B1B7888
:201A6000002B40F0DB82FAF76DFE034607EE903AF8EEE77ABD4BC3ED007ABC4BD3ED007A90
:201A80009FEDBB7AF4EEC77AF1EE10FA40F3C382FAF796FC0346022B40F0BD82FAF73AFE70
:201AA0000346184608F0F0FEA7A3D3E9002308F055FF02460B461046194609F061F903463A
:201AC000AA4A9360FAF732FE0346184608F0DCFE9FA3D3E9002308F041FF02460B4610463D
:201AE000194609F04DF90346A04A5360A14B1B78002B07D1A04B4FF000021A609F4B4FF011
:201B000000021A60994B93ED017A984BD3ED027A67EE277A17EE900A08F0C8FE4FF00002B7
:201B2000974B08F01BFF02460B46104619468AA3D3E9002309F03CF802460B4610461946DC
:201B400009F01EF907EE100A8B4BD3ED007A77EE277A894BC3ED007A844B1B68184608F0AA
:201B6000A5FE4FF00002864B08F0F8FE02460B46104619467AA3D3E9002309F019F8024626
:201B80000B461046194609F0FBF807EE100A7B4BD3ED007A77EE277A784BC3ED007A764B90
:201BA000D3ED006A754B93ED007AC6EE877A754BC3ED007A734BD3ED007A9FED737AF4EE4F
:201BC000C77AF1EE10FA03DD6E4B704A1A600CE06C4BD3ED007A9FED6E7AF4EEC77AF1EEBB
:201BE00010FA02D5674B6B4A1A60624B1B78002B00F0FB8100F0AAFF0346AA2B40F0EB80FA
:201C0000132008F0ADFC0346002B00F0E4805D4BD3ED007A9FED607AF4EEC77AF1EE10FAD4
:201C200003DB5E4B01221A70BDE1564BD3ED007A9FED597AF4EEC77AF1EE10FA0DD5514B0E
:201C4000D3ED007A9FED567AF4EEC77AF1EE10FA03DB524B02221A70BCE04A4BD3ED007A4E
:201C60009FED4F7AF4EEC77AF1EE10FA0DD5454BD3ED007A9FED4B7AF4EEC77AF1EE10FAFA
:201C800003DB464B03221A70A4E03E4BD3ED007A9FED447AF4EEC77AF1EE10FA0DD5394B23
:201CA000D3ED007A9FED407AF4EEC77AF1EE10FA03DB3A4B04221A708CE0324BD3ED007A62
:201CC0009FED397AF4EEC77AF1EE10FA0DD52D4BD3ED007A9FED357AF4EEC77AF1EE10FADE
:201CE00003DB2E4B05221A7074E0264BD3ED007A9FED2E7AF4EEC77AF1EE10FA0DD5214B4F
:201D0000D3ED007A9FED2A7AF4EEC77AF1EE10FA03DB224B06221A705CE01A4BD3ED007A75
:201D20009FED237AF4EEC77AF1EE10FA42D5154BD3ED007AF5EEC07AF1EE10FA3ADB174B40
:201D400007221A7046E000BFFCA9F1D24D62503F7B14AE47E17A843F000000000020AC4097
:201D6000AE47E17A1C5E134144C800204CC800200000964340C8002038C800203CC80020A0
:201D80000000D03F48C8002000008C4200008C4200008CC200008CC200005C426E0A002096
:201DA00000004C4200003C4200002C4200001C4200000C42A24BD3ED007AF5EEC07AF1EEDA
:201DC00010FA03D59F4B08221A70ECE09D4B00221A70E8E0E7E000F0B9FE0346552B40F0F4
:201DE000E280142008F0BCFB0346002B00F0DB80934BD3ED007A9FED947AF4EEC77AF1EE2B
:201E000010FA03DB8F4B01221A70CCE08C4BD3ED007A9FED8D7AF4EEC77AF1EE10FA0DD515
:201E2000874BD3ED007A9FED897AF4EEC77AF1EE10FA03DB834B02221A70B4E0804BD3ED82
:201E4000007A9FED827AF4EEC77AF1EE10FA0DD57B4BD3ED007A9FED7E7AF4EEC77AF1EE0C
:201E600010FA03DB774B03221A709CE0744BD3ED007A9FED777AF4EEC77AF1EE10FA0DD529
:201E80006F4BD3ED007A9FED737AF4EEC77AF1EE10FA03DB6B4B04221A7084E0684BD3EDAE
:201EA000007A9FED6C7AF4EEC77AF1EE10FA0DD5634BD3ED007A9FED687AF4EEC77AF1EEF0
:201EC00010FA03DB5F4B05221A706CE05C4BD3ED007A9FED617AF4EEC77AF1EE10FA0DD53D
:201EE000574BD3ED007A9FED5D7AF4EEC77AF1EE10FA03DB534B06221A7054E0504BD3EDDA
:201F0000007A9FED567AF4EEC77AF1EE10FA0DD54B4BD3ED007A9FED527AF4EEC77AF1EED3
:201F200010FA03DB474B07221A703CE0444BD3ED007A9FED4B7AF4EEC77AF1EE10FA0DD550
:201F40003F4BD3ED007A9FED477AF4EEC77AF1EE10FA03DB3B4B08221A7024E0384BD3ED05
:201F6000007A9FED407AF4EEC77AF1EE10FA0BD5334BD3ED007AF5EEC07AF1EE10FA03DB19
:201F8000304B09221A700EE02D4BD3ED007AF5EEC07AF1EE10FA03D52A4B0A221A7002E086
:201FA000284B00221A70FAF743FA0346012B1CD100F0CCFD0346552B09D1142008F0D0FA20
:201FC0000346002B03D01F4B0A221A700DE000F0BDFD0346AA2B08D1132008F0C1FA0346DD
:201FE000002B02D0174B08221A701F4B1B785A1CD1B21D4A1170002B06D01B4B00221A70DD
:202000001A4B00221A7009E0184B1B780133DAB2164B1A7002E00B4B00221A70144B1B784F
:20202000002B35D1074B1A78124B1B789A4223D2104B1B78013BDAB20E4B1A7028E000BF6A
:2020400048C800206E0A002000005C4200005042000044420000384200002C4200002042B8
:20206000000014420000084241C8002040C8002043C8002042C80020124B1A78124B1B783B
:202080009A4205D9104B1B780133DAB20E4B1A700E4B1B785A1CD1B20C4A1170022B02D931
:2020A0000A4B00221A700A4B1B785A1CD1B2084A1170182B02D9064B00221A70024B1B7870
:2020C000184680BD6E0A002042C8002043C8002044C8002080B582B000AF0346FB71002160
:2020E00040F20B4007F026FCFB1D0121184607F0CBFE012140F20B4007F01CFC4FF47A7116
:202100000120F1F7DDF900BF0837BD4680BD80B582B000AF78600B467B80002140F20B40CA
:2021200007F008FC7B881946786807F0ADFE012140F20B4007F0FEFB00BF0837BD4680BDF3
:2021400080B584B000AFF8607A601A460B467B8113463B81002140F20B4007F0EBFB7B89F4
:202160001946F86807F090FE3B891946786807F08BFE012140F20B4007F0DCFB00BF103725
:20218000BD4680BD80B582B000AF0346FB71FB79002B03D1002007F087FD14E0642007F0B7
:2021A00083FD0B4B64221A70002140F20B4007F0C1FB4FF47A710A20F1F782F9012140F2D9
:2021C0000B4007F0B7FB00BF0837BD4680BD00BF6F0A002080B582B000AF0346FB71FB7936
:2021E000184607F061FD00BF0837BD4680BD80B582B000AF0023FB7100F010F800F026F843
:202200000346FB71FB79002B03D000F01FF80346FB71FB7918460837BD4680BD80B500AFA6
:2022200000214FF4867007F085FB01214FF4867007F080FB012140F2033007F07BFB0121EA
:202240004FF4417007F076FB00BF80BD80B582B000AF0023FB71474B012283F82F200023DF
:202260003B603A46BB1D1146184606F069FC0346002B07D03F4B002283F82F20FB790133F2
:20228000DBB273E03B4BD3F81B30B3F5807F04D9384B012283F82E2003E0364B002283F8CE
:2022A0002E20344B00225A72002242F001029A72304B0022DA73002242F010021A74002200
:2022C0005A7400229A742B4BD3F813301B01294AC2F81330274BD3F81330264AD2F80F2007
:2022E00002FB03F3234AB2F8092092B2B3FBF2F3204AC2F80B301F4BD3F80F301B011D4A7E
:20230000C2F81F301B4BD3F813301A4AD2F80F2002FB03F39B0A174AC2F82730164806F085
:20232000CFFC03461A46FB791344FB711349012006F0FCFC03461A46FB791344FB7110494E
:20234000022006F0F3FC03461A46FB791344FB710C49032006F0EAFC03461A46FB791344CE
:20236000FB71044B002283F82F20FB7918460837BD4680BD58C8002059C8002083C8002079
:2023800084C8002085C8002080B584B000AF03463960FB711346BB800023FB7300BF0F4BC0
:2023A00093F82F30002BFAD10C4B012283F82F200A4B93F82E20BB88F879396806F04CFE36
:2023C00003461A46FB7B1344FB73044B002283F82F20FB7B18461037BD4680BD58C8002043
:2023E00080B5CAB000AF07F59473A3F58E73186007F59473A3F59073196007F59473A3F5B9
:2024000092731A600023A7F82631032387F823314E4B93F82E30002B1ED0B7F826315A1C14
:20242000A7F826211A46022107F59473A3F58A73995407F59473A3F590731B68190EB7F8B7
:2024400026315A1CA7F826211A46C9B207F59473A3F58A7399540BE0B7F826315A1CA7F863
:2024600026211A46022107F59473A3F58A73995407F59473A3F590731B68190CB7F82631C1
:202480005A1CA7F826211A46C9B207F59473A3F58A73995407F59473A3F590731B68190A3C
:2024A000B7F826315A1CA7F826211A46C9B207F59473A3F58A739954B7F826315A1CA7F83F
:2024C00026211A4607F59473A3F590731B68D9B207F59473A3F58A7399540023A7F824310D
:2024E00018E0B7F8243107F59472A2F58E7212681A44B7F82631591CA7F826111946127835
:2025000007F59473A3F58A735A54B7F824310133A7F82431B7F8243107F59472A2F59272A8
:2025200012689A42DDD8B7F8262107F114031146184606F075FD034687F8233197F823316F
:20254000184607F59477BD4680BD00BF58C8002080B5D0B000AF07F5A073A3F59A73186047
:2025600007F5A073A3F59C73196007F5A073A3F59E731A600023A7F83E31032387F83D31B6
:20258000454B93F82E30002B1ED0B7F83E315A1CA7F83E211A460B2107F5A073A3F59873D9
:2025A000995407F5A073A3F59C731B68190EB7F83E315A1CA7F83E211A46C9B207F5A07352
:2025C000A3F5987399540BE0B7F83E315A1CA7F83E211A460B2107F5A073A3F598739954C3
:2025E00007F5A073A3F59C731B68190CB7F83E315A1CA7F83E211A46C9B207F5A073A3F569
:202600009873995407F5A073A3F59C731B68190AB7F83E315A1CA7F83E211A46C9B207F5FD
:20262000A073A3F598739954B7F83E315A1CA7F83E211A4607F5A073A3F59C731B68D9B241
:2026400007F5A073A3F598739954B7F83E315A1CA7F83E211A4607F5A073A3F59873002116
:202660009954B7F83E1107F5A073A3F59E7307F5A072A2F59A7207F110001B68126806F00B
:20268000A2FC034687F83D3197F83D31184607F5A077BD4680BD00BF58C8002080B582B052
:2026A00000AF0023FB714FF47A7200210220FFF76BFE0346002B08D0FB790133FB711D4B43
:2026C0001B8801339AB21B4B1A800023BB8007E0BB88BA88D1B2184AD154BB880133BB8051
:2026E000BB88B3F5805FF3D300237B8018E07B88114A134479884FF480721846FFF770FE87
:202700000346002B08D0FB790133FB71094B5B8801339AB2074B5A807B8803F580737B808D
:202720007B88B3F5805FE2D3FB7918460837BD4680BD00BF88C8002090C8002080B582B0FB
:2027400000AF0023FB710023BB8018E0BB88194A1344B9884FF480721846FFF7F9FE0346DE
:20276000002B08D0FB790133FB71134B9B8801339AB2114B9A80BB8803F58073BB80BB881F
:20278000B3F5805FE2D34FF480520C49094807F048FA0346002B08D0FB790133FB71064B58
:2027A000DB8801339AB2044BDA80FB7918460837BD4680BD90D8002088C8002090C80020CC
:2027C00080B584B000AF78600023FB734FF47A7279680320FFF7D8FD0346002B08D0FB7BB8
:2027E0000133FB73054B1B8801339AB2034B1A80FB7B18461037BD4680BD00BF88C8002052
:2028000080B588B000AFF860B9607A600023FB770023BB617B68C3F1FF1303F57F43FA68B8
:202820009A4220D9012323E07A68BB69D31A7B617B69B3F5807F28BF4FF480733B61BA6867
:20284000BB69D018FA68BB6913443A691946FFF7C7FD0346002B02D00123FB7707E0BA69ED
:202860003B691344BB61BA697B689A42DCD3FB7F18462037BD4680BD80B588B000AFF860CD
:20288000B9607A6000237B760023FB820023FB8300237B777B68C3F1FF1303F57F43FA6816
:2028A0009A4204D97B7E01337B767B7E3FE07B681B0AFB827B68DBB2002B01D07B687B7763
:2028C00000237B8319E0FB8BBA68D018FA8BFB6813444FF480721946FFF73AFE0346002BD9
:2028E00004D07B7E01337B767B7E20E0FB8B03F58073FB837B8B01337B837A8BFB8A9A4260
:20290000E1D37B7F002B11D0FB8BBA68D018FA8BFB6813447A7F1946FFF71AFE0346002B54
:2029200004D07B7E01337B767B7E00E07B7E18462037BD4680BDFFFF80B584B000AF7860F0
:2029400039600023FB730023BB7317E07868FFF737FF0346002B04D17B6803F580537B6027
:202960000AE00123BB73FB7B0133FB73094B5B8801339AB2074B5A8007F048FD7A683B685F
:202980009A4202D2BB7B002BE0D0FB7B18461037BD4680BD88C8002080B485B000AF03464A
:2029A000FB710023FB73FB79013B052B2AD801A252F823F0CD290200D5290200DD29020038
:2029C000ED290200F5290200FD290200114BDB7BFB7317E00F4B1B7CFB7313E00D4BB3F82B
:2029E00011309BB2DBB26C3BFB730BE0094B1B7BFB7307E0074B5B7BFB7303E0054B9B7B9E
:202A0000FB7300BFFB7B18461437BD465DF8047B704700BF90E8002080B483B000AF034626
:202A20000A46FB711346BB71FB79013B052B2CD801A252F823F000BF512A0200592A0200B0
:202A4000612A0200732A02007B2A0200832A0200114ABB79D37318E00F4ABB79137414E01F
:202A6000BB799BB203F26C739AB20B4BA3F811200BE0094ABB79137307E0074ABB79537369
:202A800003E0054ABB79937300BF00BF0C37BD465DF8047B704700BF90E8002080B500AF40
:202AA0000B4BDB7C012B03D1282007F00FFD0CE0074BDB7C002B03D1282007F02BFD04E03F
:202AC000282007F003FD00F005F800BF80BD00BF90E8002080B500AF282007F041FD0346CD
:202AE0001A46024BDA7400BF80BD00BF90E8002080B500AF0B4B93F82130552B06D11420E7
:202B000007F0E4FC132007F005FD08E0AA2000F00BF8132007F0DAFC142007F0FBFC00BF2C
:202B200080BD00BF90E8002080B582B000AF0346FB71054AFB7982F82130152007F0C6FCBA
:202B400000BF0837BD4680BD90E8002080B400AF034B93F821301846BD465DF8047B7047A6
:202B600090E8002080B483B000AF7860044A7B68536000BF0C37BD465DF8047B704700BF9C
:202B800090E8002080B483B000AF0346FB71054AFB7982F8203000BF0C37BD465DF8047B6C
:202BA000704700BF90E8002080B400AF034B93F835301846BD465DF8047B704790E8002062
:202BC00080B483B000AF03460A46FB711346BB80FB79012B02D0022B04D007E0064ABB8859
:202BE000138103E0044ABB88538100BF00BF0C37BD465DF8047B704790E8002080B58EB09F
:202C000000AF002387F83730802254494FF4F02006F0ACFF514B1B68514A934200F0978033
:202C20003B1D33220021184608F07CF93B1D332219464C4806F09AFF4FF400214FF4F02015
:202C400006F074FF0346002B40F08180434B444A1A607B68414A53603A89404B1A817A89C3
:202C60003E4B5A813A7B3D4B1A737A7B3B4B5A73BA7B3A4B9A73FA7B384BDA733A7C374B9A
:202C80001A74B7F811309AB2344BA3F81120FA7C324BDA74BA8A314B9A82BA7D2F4B9A7542
:202CA000FA7D2E4BDA753A7E2C4B1A767A7E2B4B5A76D7F81A30294AC2F81A30FA8B274B51
:202CC000DA8397F82020254B83F8202097F82120224B83F82120D7F82230204AC2F822300D
:202CE00097F826201D4B83F8262097F827201B4B83F82720BB6A194A936297F82C20174B1E
:202D000083F82C2097F82D20144B83F82D2097F82E20124B83F82E20D7F82F300F4AC2F8A5
:202D20002F30B7F833309AB20C4BA3F8332097F835200A4B83F8352097F83620074B83F8D6
:202D40003620802205494FF4F02006F089FE97F8373018463837BD4680BD00BF90E8002003
:202D6000FEEEEDBE80FB070080B5A2B000AF052387F887304FF4F023C7F880303B468022BE
:202D80000021184608F0CEF84FF40021D7F8800006F0CCFE034687F8873097F88730002B93
:202DA00002D097F8873031E080221A494FF4F02006F056FE034687F8873097F88730002B58
:202DC00002D097F8873021E03B46802219464FF4F02006F0CBFE034687F8873097F8873081
:202DE000002B02D097F8873010E03B4680220949184608F087F80346002B05D0052387F866
:202E0000873097F8873001E097F8873018468837BD4680BD90E8002080B500AF174806F060
:202E2000FBFF164BDB68DBB219460120FFF7F4FD124B1B69DBB219460220FFF7EDFD0F4BD7
:202E40005B69DBB219460320FFF7E6FD0B4B9B68DBB219460420FFF7DFFD084B5B68DBB2E8
:202E600019460520FFF7D8FD044B1B68DBB219460620FFF7D1FD00BF80BD00BF10E9002087
:202E800090B583B000AF0446084611461A462346FB710346BB710B467B7113463B71FB79BC
:202EA000FF2B4AD0FB79002B47D0FB791F2B44D8FB79002B41D0BB79FF2B40D0BB79002BC1
:202EC0003DD0BB790C2B3AD8BB79002B37D07B79FF2B36D07B79002B33D03B79FF2B32D0DC
:202EE0003B79172B2FD83B7EFF2B2ED03B7E3B2B2BD83B7FFF2B2AD03B7F3B2B27D87B79E1
:202F00007C2B02D97B79872B01D97D237B71FB79114AD360BB79104A13617B790E4A53611F
:202F20003B790D4A93603B7E0B4A53603B7F0A4A1360094806F04CFF0AE000BF08E000BF6F
:202F400006E000BF04E000BF02E000BF00E000BF0C37BD4690BD00BF10E9002080B483B017
:202F600000AF0023FB71174B9B680C2B08DD154B9B68DBB20C3BFB71134B01221A7019E0EB
:202F8000104B9B68002B05D10C23FB710E4B00221A700FE00B4B9B680C2B05D10C23FB7142
:202FA000094B01221A7005E0064B9B68FB71064B00221A70FB7918460C37BD465DF8047B82
:202FC000704700BF10E9002034E9002080B400AF034B9B68DBB21846BD465DF8047B704778
:202FE00010E9002080B400AF034B5B68DBB21846BD465DF8047B704710E9002080B400AF4F
:20300000034B1B68DBB21846BD465DF8047B704710E9002080B400AF034BDB68DBB21846EE
:20302000BD465DF8047B704710E9002080B400AF034B1B69DBB21846BD465DF8047B7047BB
:2030400010E9002080B400AF034B5B69DBB21846BD465DF8047B704710E9002080B400AFED
:20306000034B1B781846BD465DF8047B704700BF34E9002080B485B000AF0346FB71002397
:20308000FB600DE00C4AFB68134493F9003097F907209A4201D1FB6807E0FB680133FB607B
:2030A000FB68272BEEDD4FF0FF3318461437BD465DF8047B704700BFE0D4020080B400AF90
:2030C0000E4B1B780133DAB20C4B1A700B4B1B78142B0ED9094B00221A70094B1B7883F0FA
:2030E0000103DBB2002B14BF01230023DAB2044B1A7000BFBD465DF8047B704795E90020AA
:203100009DE9002080B483B000AF0346FB71FB79092B01D9002301E0034B1B7818460C3736
:20312000BD465DF8047B70479DE9002080B489B000AFF860B9607A60FB68FB617B68002230
:203140001A70FB68002B25D17B681B785A1CD1B27A6811709B00BA68134400221A6048E0B7
:20316000F969264BA3FB0123DA0813469B0013445B00CA1A7B681B78591CC8B27968087090
:203180009B00B9680B441A60FB691C4AA2FB0323DB08FB61FB69002BE2D10023BB6120E05D
:2031A000BB699B00BA6813441B687B617B681B785A1EBB69D31A9B00BA681A44BB699B009F
:2031C000B9680B4412681A607B681B785A1EBB69D31A9B00BA6813447A691A60BB690133C3
:2031E000BB617B681B785B08DBB21A46BB699342D6DB2437BD465DF8047B7047CDCCCCCC29
:2032000080B483B000AF0346FB710B46BB7113467B717B79002B11D1FB79134AD35C5AB214
:20322000BB79012101FA03F35BB2DB435BB213405AB2FB79D1B20C4AD1540EE0FB790A4A88
:20324000D35C5AB2BB79012101FA03F35BB213435AB2FB79D1B2044AD15400BF0C37BD460E
:203260005DF8047B704700BF38E90020B0B582B000AFFBF71FF90346FB71FB79022B59D0F4
:20328000022B7BDC002B02D0012B25D076E0FFF75DFC0346AA2B0CD1132007F061F903461F
:2032A000002B06D04F23042100221846FFF7A8FF88E0FFF74BFC0346552B40F08380142084
:2032C00007F04EF90346002B7CD00423032100221846FFF795FF75E0FFF738FC0346AA2BFE
:2032E00011D1132007F03CF90346002B0BD04F2404250920FFF706FF03461A462946204600
:20330000FFF77EFF60E0FFF721FC0346552B5BD1142007F025F90346002B55D004240325C0
:203320000920FFF7EFFE03461A4629462046FFF767FF49E0FFF70AFC0346AA2B0CD1132054
:2033400007F00EF90346002B06D04F23042101221846FFF755FF39E0FFF7F8FB0346552BF8
:2033600034D1142007F0FCF80346002B2ED00423032101221846FFF743FF27E0FFF7E6FBD5
:203380000346AA2B0CD1132007F0EAF80346002B06D04F23042100221846FFF731FF17E0A8
:2033A000FFF7D4FB0346552B12D1142007F0D8F80346002B0CD00423032100221846FFF790
:2033C0001FFF05E000BF04E000BF02E000BF00E000BF5A4B1B78FA799A4217D0FB79022B39
:2033E00007D1574B4FF4FA721A80564B28221A7009E0FB79002B06D1514B4FF4FA721A8051
:20340000504B29221A704D4AFB7913704C4B1B88002B17D04B4B1B78184603F095FD484BC3
:203420001B88013B9AB2464B1A80454B1B88002B11D1444B1B78184603F06CFC414B00226D
:203440001A7008E03E4B00221A80292003F062FC282003F05FFCFB79022B5CD1FFF776FB50
:203460000346552B11D1142007F07AF80346002B0BD0FBF7FDF80346184604F0DDFFFBF765
:2034800003F90346184604F054FF352007F068F80346002B19D0352007F03CF8362007F06C
:2034A0005FF80346002B04D0274B4FF4FA721A800BE0372007F054F80346002B05D0224B77
:2034C00000221A80272003F025FC1F4B1B88002B13D0272003F038FD1B4B1B88013B9AB2BA
:2034E000194B1A80184B1B88002B23D1272003F011FC362007F00EF81CE0372007F030F89D
:203500000346002B03D0272003F01EFD12E0272003F000FC0EE0352006F0FCFF362006F067
:20352000F9FF372006F0F6FF074B00221A80272003F0F0FB00BF0837BD46B0BDBAE90020ED
:20354000BCE90020BEE90020C0E9002080B485B000AF396011461A460346FB710B46BB717C
:2035600013467B710023FB813B7F063B0C2B00F2CE8001A252F823F0D1350200AD35020009
:20358000DD3502000F370200E9350200B93502000F3702000F370200C5350200F535020007
:2035A000013602000D36020019360200FB795D4A32F81330FB8135E0FB795B4A32F813309D
:2035C000FB812FE0FB79594A32F81330FB8129E0FB79574A32F81330FB8123E0FB79554A43
:2035E00032F81330FB811DE0FB79534A32F81330FB8117E0FB79514A32F81330FB8111E00B
:20360000FB794F4A32F81330FB810BE0FB794D4A32F81330FB8105E0FB794B4A32F813307A
:20362000FB8100BF3A7EBB799A4272D23B68002B71D000237B7365E0FA897B7B42FA03F333
:2036400003F00103002B2CD03B7E7A7903FB02F27B7B13445B003A6813441B781A463B4B94
:203660009B5C5AB23B7E797903FB01F17B7B0B445B0039680B445B78194601238B405BB2EE
:20368000134359B23B7E7A7903FB02F27B7B13445B003A6813441B781A46C9B22B4B9954B9
:2036A0002DE03B7E7A7903FB02F27B7B13445B003A6813441B781A46244B9B5C5AB23B7EA0
:2036C000797903FB01F17B7B0B445B0039680B445B78194601238B405BB2DB435BB21340CC
:2036E00059B23B7E7A7903FB02F27B7B13445B003A6813441B781A46C9B2144B99547B7BD0
:2037000001337B737A7B7B799A4295D304E000BF02E000BF00E000BF1437BD465DF8047B55
:20372000704700BF00D4020018D4020030D4020080D4020088D4020090D40200A0D40200B9
:20374000D4D40200C4D40200B8D4020038E9002080B58AB002AF0346FB710B46BB711346AB
:203760007B7107F1100300221A605A609A60DA600023FB73FB7907F10F0207F11001184653
:20378000FFF7D4FCFB7B012B11D14B23002100221846FFF735FD3B69D8B207230193002399
:2037A000009307230A223849FFF7D0FE10E04B23002101221846FFF723FD7B69D8B207232D
:2037C00001930023009307230A222F49FFF7BEFE4A23002101221846FFF712FD07F1100300
:2037E00010220021184607F09DFBBB7907F10F0207F110011846FFF799FCFB7B012B16D1D1
:203800003B69D8B2072301930223009307230A221D49FFF79BFE7B69D8B207230193012369
:20382000009307230A221849FFF790FE15E03B69D8B2072301930123009307230A22124971
:20384000FFF784FE7B69D8B2072301930223009307230A220C49FFF779FE7B79002B06D1FE
:203860004723072101221846FFF7CAFC08E07B79012B05D14723062101221846FFF7C0FCD7
:2038800000BF2037BD4680BDB0D5020080B58AB002AF0346FB710B46BB7113467B7107F1BC
:2038A000100300221A605A609A60DA600023FB73FB7907F10F0207F110011846FFF736FCCE
:2038C000FB7B012B11D10023032100221846FFF797FC3B69D8B20723019300230093072348
:2038E0000C223849FFF732FE10E00023032101221846FFF785FC7B69D8B207230193002375
:20390000009307230C222F49FFF720FE0123032101221846FFF774FC07F1100310220021A3
:20392000184607F0FFFABB7907F10F0207F110011846FFF7FBFBFB7B012B16D13B69D8B2F2
:20394000072301930223009307230C221D49FFF7FDFD7B69D8B20723019301230093072336
:203960000C221849FFF7F2FD15E03B69D8B2072301930123009307230C221249FFF7E6FDAF
:203980007B69D8B2072301930223009307230C220C49FFF7DBFD7B79002B06D10323072184
:2039A00001221846FFF72CFC08E07B79012B05D14B23032101221846FFF722FC00BF20374D
:2039C000BD4680BD08D5020080B584B000AF03460A46FB711346BB71FFF7B8F80346552BB7
:2039E00040F09F80142006F0BBFD0346002B00F09880F8F7E5FC0346052B40F08B80FB7922
:203A0000632B02D91423FB730EE0FB79042B09D9FB79013BB04A82FB03125210DB17D31AA8
:203A2000DBB200E00023FB73AC4B1B8801339AB2AA4B1A80A94B1B88182B21D9A74B0022F7
:203A40001A80A74B1B781A46FB7BC3F114039A4206DAA34B1B780133DAB2A14B1A7002E051
:203A60009F4B00221A700C2006F07AFD0346002B03D00C2006F04EFD02E00C2006F026FD3C
:203A80000023BB7342E000237B73BA7BFB7B9A4202D201237B7316E0FB7B914A12781A4406
:203AA000BB7B9A4202DB01237B730CE0BA7BFB7B9A4206D18A4B1B78002B02D101237B7343
:203AC00001E000237B73FB795F2B0AD9FB79632B07D8BB7B132B04D10C2006F041FD034640
:203AE0007B73BB7B7F4AD35C1A467F4B13F81200BB7B7C4AD35C7C4A5B0013445B787A7BF8
:203B00001946FFF77DFBBB7B0133BB73BB7B132BB9D9DDE0724B00221A70704B00221A809D
:203B2000D6E0FFF713F80346AA2B40F0D180132006F016FD0346002B00F0CA80FB79002BA6
:203B40000FD0FB79142B0CD84823002101221846FFF756FB47200121BB791A46FFF750FB3D
:203B6000B6E0FB79142B15D9FB792D2B12D84823002101221846FFF743FB47230121012268
:203B80001846FFF73DFB48200521BB791A46FFF737FB9DE0FB792D2B1BD9FB794B2B18D838
:203BA0004823002101221846FFF72AFB4723012101221846FFF724FB4823052101221846A9
:203BC000FFF71EFB48200121BB791A46FFF718FB7EE0FB794B2B21D9FB795F2B1ED848230E
:203BE000002101221846FFF70BFB4723012101221846FFF705FB4823052101221846FFF71C
:203C0000FFFA4823012101221846FFF7F9FA48200421BB791A46FFF7F3FA59E0FB795F2B79
:203C200027D9FB79632B24D84823002101221846FFF7E6FA4723012101221846FFF7E0FAC6
:203C40004823052101221846FFF7DAFA4823012101221846FFF7D4FA4823042101221846A5
:203C6000FFF7CEFA47200021BB791A46FFF7C8FA2EE0FB79632B24D9482304210122184694
:203C8000FFF7BEFA4823012101221846FFF7B8FA4823052101221846FFF7B2FA4723012180
:203CA00001221846FFF7ACFA4823002101221846FFF7A6FA4723002101221846FFF7A0FAA8
:203CC00006E048200021BB791A46FFF799FAFFE700BF1037BD4680BD67666666C2E90020C8
:203CE000C4E90020F4E002004CD0020080B58CB002AF0346FB710B46BB7113467B7107F172
:203D00000C0300221A605A609A60DA601A615A610023FB72002387F82730FB7907F10B02D2
:203D200007F10C011846FFF701FA7B79002B06D00120FFF7E7F9034687F8273002E001231E
:203D400087F8273097F82720FB7911461846FFF73BFEBB79002B40F0BD8097F82730002B82
:203D600056D1FB7A012B1AD14E23002100221846FFF746FA072301930423009307230A227A
:203D800056490A20FFF7E2FB072301930323009307230A2251490A20FFF7D8FB94E0FB7A44
:203DA000022B1AD14E23002100221846FFF728FA072301930323009307230A2247490A203A
:203DC000FFF7C4FB072301930423009307230A2242490A20FFF7BAFB76E04E2300210022F6
:203DE0001846FFF70DFA072301930323009307230A223A490A20FFF7A9FB0723019304236F
:203E0000009307230A2235490A20FFF79FFB5BE0FB7A012B1CD14E23002100221846FFF7B0
:203E2000EFF9FB68D8B2072301930423009307230A222A49FFF78AFB3B69D8B20723019305
:203E40000323009307230A222449FFF77FFB3BE0FB7A022B1CD14E23002100221846FFF7C4
:203E6000CFF9FB68D8B2072301930323009307230A221A49FFF76AFB3B69D8B20723019316
:203E80000423009307230A221449FFF75FFB1BE04E23002101221846FFF7B2F93B69D8B288
:203EA000072301930323009307230A220B49FFF74DFB7B69D8B20723019304230093072393
:203EC0000A220649FFF742FB4523042101221846FFF796F900BF2837BD4680BDB0D50200BC
:203EE00080B58CB002AF0346FB710B46BB7113467B7107F10C0300221A605A609A60DA6098
:203F00001A615A610023FB72002387F82730FB7907F10B0207F10C011846FFF707F97B791C
:203F2000002B06D00120FFF7EDF8034687F8273002E0012387F8273097F82720FB791146E8
:203F40001846FFF741FDBB79002B40F0BD8097F82730002B56D1FB7A012B1AD109230021F2
:203F600000221846FFF74CF9072301930B23009307230C2262490A20FFF7E8FA0723019344
:203F80000A23009307230C225D490A20FFF7DEFA94E0FB7A022B1AD109230021002218469D
:203FA000FFF72EF9072301930A23009307230C2253490A20FFF7CAFA072301930B2300930F
:203FC00007230C224E490A20FFF7C0FA76E00923002100221846FFF713F9072301930A2308
:203FE000009307230C2246490A20FFF7AFFA072301930B23009307230C2241490A20FFF7FD
:20400000A5FA5BE0FB7A012B1CD10923002100221846FFF7F5F8FB68D8B2072301930B23AF
:20402000009307230C223649FFF790FA3B69D8B2072301930A23009307230C223049FFF723
:2040400085FA3BE0FB7A022B1CD10923002100221846FFF7D5F8FB68D8B2072301930A23CF
:20406000009307230C222649FFF770FA3B69D8B2072301930B23009307230C222049FFF722
:2040800065FA1BE00923002101221846FFF7B8F83B69D8B2072301930A23009307230C224E
:2040A0001749FFF753FA7B69D8B2072301930B23009307230C221249FFF748FA0723022138
:2040C00001221846FFF79CF80723002101221846FFF796F84B23062101221846FFF790F8F1
:2040E0000723032101221846FFF78AF84B23042101221846FFF784F800BF2837BD4680BD95
:2041000008D5020080B483B000AF0346FB80FB88642B02D9FB88742B08D9FB88772B02D9F6
:20412000FB887E2B02D9FB88992B01D1012300E0002303F00103DBB218460C37BD465DF8BB
:20414000047B704780B483B000AF0346FB71FB79042B17D801A252F823F000BF7141020059
:2041600075410200794102007D41020081410200012308E0022306E0032304E0042302E01D
:20418000052300E0052318460C37BD465DF8047B704700BFB0B586B000AF0023FB820023F4
:2041A0007B7504233B750023FB740023BB7400237B7400233B740023FB7378E0FB7B1846B3
:2041C000F8F76AFB03467B807B88002B69D07B881846FFF797FF0346002B1DD0B04B1B7804
:2041E000012B14D1AF4B1B78012B09D9AD4B02221A7001233B7400237B740123BB740BE04A
:2042000001237B7400233B740023BB7404E0A44B01221A700023BB740023BB603DE0A2494F
:20422000BA6813465B0013445B000B441B887A889A422FD19C49BA6813465B0013445B00B9
:204240000B4402331B783A7D9A422CD3974B01221A709549BA6813465B0013445B000B4471
:2042600002331B783B757B88FB828F49BA6813465B0013445B000B4403331B78FB748A498C
:20428000BA6813465B0013445B000B4404331B787B7508E0BB680133BB60BB68802BBED9CE
:2042A00002E000BF00E000BFFB7B0133FB73FB7B042B83D9FB7C002B02D17C4B00221A70BD
:2042C0007A4B1B78002B00F06081754B1B78002B05D0BB7C002B02D02323FB740BE0704BA8
:2042E0001B78002B07D0BB7C83F00103DBB2002B01D02023FB74FEF729FC0346AA2B10D127
:20430000132006F02DF90346002B0AD005240025F8F7FEF803461A4629462046FEF770FFEB
:2043200014E0FEF713FC0346552B0FD1142006F017F90346002B09D044240125F8F7E8F8F8
:2043400003461A4629462046FEF75AFFFB8A002B00F01681FB7C002B00F012813B7D18461F
:20436000FFF7F0FE03467B717B79013B50497A7901F813207B79013B4D4A5B001344FA7C4D
:204380005A700023FB710023BB710FE0BB79484A12F81330002B06D0BB79454A5B001344FD
:2043A0005B78FB7105E0BB790133BB71BB79042BECD9FB79002B53D0FB799AB27B79114650
:2043C000184602F0D3FC0346FB7102F009FDFB79203B062B41D801A252F823F0F9430200BA
:2043E000074402001544020023440200314402003F4402004D4402000F230C222D492E48D1
:2044000003F080F92AE000232E2200212B4803F079F923E00F230E2229492A4803F072F913
:204420001CE00F2308222849284803F06BF915E00C230E222649274803F064F90EE00D234C
:204440000A222549254803F05DF907E00A2308222349244803F056F900E000BF03F076FEAE
:20446000FB8A1846FFF74EFE0346002B0ED00C4B1B78002B0AD07B7C002B02D002237B75CD
:2044800004E03B7C002B01D001237B757B7D002B7AD07B7D012B27D0022B49D06FE000BF95
:2044A000A5E90020A6E90020F8D002009CE9002088E900205CDD02006CDD020078DD0200C2
:2044C000A8DD0200B8DD0200C8DD0200D8DD0200E0DD0200ECDD0200FCDD02000CDE02000F
:2044E00018DE020024DE0200FEF730FB0346552B0CD1142006F034F80346002B06D04423F3
:20450000002101221846FEF77BFE35E0FEF71EFB0346AA2B30D1132006F022F80346002B92
:204520002AD02423072101221846FEF769FE23E0FEF70CFB0346552B0CD1142006F010F85E
:204540000346002B06D04423012101221846FEF757FE13E0FEF7FAFA0346AA2B0ED11320B1
:2045600005F0FEFF0346002B08D00523002101221846FEF745FE01E000BF05E000BF03E0D4
:20458000044B00221A7000E000BF00BF1837BD46B0BD00BF9CE90020B0B582B000AF0D202C
:2045A00005F0B8FF0F2005F0B5FF0020FEF7AAFD0346FB71F7F72EFF0346012B09D11F205D
:2045C00002F0C2FCFB79002B15D00D2005F07EFF11E0F7F711FF0346012B06D11E2002F09D
:2045E000B3FC0D2005F072FF05E01E2002F092FB1F2002F08FFBFEF7A9FA0346552B11D1D9
:20460000142005F0ADFF0346002B0BD0032403250D2005F0A5FF03461A4629462046FEF7EE
:20462000EFFD15E0FEF792FA0346AA2B10D1132005F096FF0346002B0AD0052402250D2091
:2046400005F08EFF03461A4629462046FEF7D8FDFFF7A0FDF7F740FF0346012B26D1042040
:2046600002F072FCFEF772FA0346552B0CD1142005F076FF0346002B06D04423022101223E
:204680001846FEF7BDFD37E0FEF760FA0346AA2B32D1132005F064FF0346002B2CD04F2319
:2046A000052101221846FEF7ABFD25E0042002F031FBFEF74BFA0346552B0CD1142005F066
:2046C0004FFF0346002B06D04423022100221846FEF796FD10E0FEF739FA0346AA2B0BD19E
:2046E000132005F03DFF0346002B05D04F23052100221846FEF784FDF7F7FCFE0346012B22
:204700004CD1032002F020FCFB79002B02D00F2005F0DCFEFEF71AFA0346552B1CD11420E9
:2047200005F01EFF0346002B16D0442403250F2005F016FF03461A4629462046FEF760FD74
:20474000442400250F2005F00BFF03461A4629462046FEF755FD24E0FEF7F8F90346AA2BD1
:204760001FD1132005F0FCFE0346002B19D04F2406250F2005F0F4FE03461A462946204698
:20478000FEF73EFD242407250F2005F0E9FE03461A4629462046FEF733FD02E0032002F0D0
:2047A000B9FA00BF0837BD46B0BDFFFF80B58AB000AF03463960FB711346BB7107F10C03E2
:2047C00000221A605A609A60DA601A615A610023FB72002387F827303B68A44AA2FB03233C
:2047E000DB083B6007F10B0207F10C0319463868FEF79CFCBB79002B0CD00220FEF782FCD3
:20480000034687F8273097F82730002B05D10A23FB7202E0012387F82730FB79032B00F288
:20482000E58001A252F823F03948020089480200F54802005D490200FEF788F90346AA2B42
:204840000DD1132005F08CFE0346002B07D00A20032197F827301A46FEF7D2FCC8E0FEF789
:2048600075F90346552B40F0C380142005F078FE0346002B00F0BC804B20052197F82730D8
:204880001A46FEF7BDFCB3E0FEF760F90346552B14D1142005F064FE0346002B0ED0452039
:2048A000042197F827301A46FEF7AAFC4C20002197F827301A46FEF7A3FC9BE0FEF746F9DC
:2048C0000346AA2B40F09680132005F049FE0346002B00F08F800920032197F827301A46FF
:2048E000FEF78EFC0820032197F827301A46FEF787FC7FE0FEF72AF90346552B14D11420D6
:2049000005F02EFE0346002B0ED04520042197F827301A46FEF774FC4D20002197F827307B
:204920001A46FEF76DFC67E0FEF710F90346AA2B62D1132005F014FE0346002B5CD0092020
:20494000032197F827301A46FEF75AFC0720032197F827301A46FEF753FC4DE0FEF7F6F8BD
:204960000346552B1ED1142005F0FAFD0346002B18D04B23052101221846FEF741FC452354
:20498000042101221846FEF73BFC4C23002101221846FEF735FC4D23002101221846FEF707
:2049A0002FFC2BE0FEF7D2F80346AA2B26D1132005F0D6FD0346002B20D00A23032101221A
:2049C0001846FEF71DFC0923032101221846FEF717FC0823032101221846FEF711FC072396
:2049E000032101221846FEF70BFC07E000BF06E000BF04E000BF02E000BF00E000BFFEF7F3
:204A0000A5F80346552B14D1142005F0A9FD0346002B0ED0FB7A07F10C021146184600F00A
:204A200031FA4F20042197F827301A46FEF7E8FB18E0FEF78BF80346AA2B13D1132005F0FF
:204A40008FFD0346002B0DD0FB7A07F10C021146184600F00DF80620032197F827301A46C4
:204A6000FEF7CEFB00BF2837BD4680BDCDCCCCCC80B584B002AF03463960FB71FB79012BE1
:204A800046D13E23002100221846FEF7B9FB3B681B68D8B2072301930923009307230A22D1
:204AA0008A49FEF753FD3B6804331B68D8B2072301930823009307230A228449FEF746FD20
:204AC0003B6808331B68D8B2072301930723009307230A227D49FEF739FD3B680C331B68C4
:204AE000D8B2072301930623009307230A227749FEF72CFD3B6810331B68D8B207230193CD
:204B00000523009307230A227049FEF71FFDACE1FB79022B46D13E23002100221846FEF77E
:204B20006FFB3B681B68D8B2072301930823009307230A226549FEF709FD3B6804331B6883
:204B4000D8B2072301930923009307230A225F49FEF7FCFC3B6808331B68D8B207230193BA
:204B60000723009307230A225849FEF7EFFC3B680C331B68D8B2072301930623009307230E
:204B80000A225249FEF7E2FC3B6810331B68D8B2072301930523009307230A224B49FEF730
:204BA000D5FC62E1FB79032B46D13E23002100221846FEF725FB3B681B68D8B207230193A3
:204BC0000723009307230A224049FEF7BFFC3B6804331B68D8B207230193082300930723FC
:204BE0000A223A49FEF7B2FC3B6808331B68D8B2072301930923009307230A223349FEF734
:204C0000A5FC3B680C331B68D8B2072301930623009307230A222D49FEF798FC3B6810334F
:204C20001B68D8B2072301930523009307230A222649FEF78BFC18E1FB79042B48D13E2397
:204C4000002100221846FEF7DBFA3B681B68D8B2072301930623009307230A221B49FEF710
:204C600075FC3B6804331B68D8B2072301930723009307230A221549FEF768FC3B68083376
:204C80001B68D8B2072301930823009307230A220E49FEF75BFC3B680C331B68D8B2072379
:204CA00001930923009307230A220849FEF74EFC3B6810331B68D8B207230193052300934F
:204CC00007230A220149FEF741FCCEE0B0D50200FB79052B46D13E23002100221846FEF71B
:204CE0008FFA3B681B68D8B2072301930523009307230A226249FEF729FC3B6804331B688A
:204D0000D8B2072301930623009307230A225C49FEF71CFC3B6808331B68D8B207230193DE
:204D20000723009307230A225549FEF70FFC3B680C331B68D8B2072301930823009307232D
:204D40000A224F49FEF702FC3B6810331B68D8B2072301930923009307230A224849FEF750
:204D6000F5FB82E0FB79062B47D13E23002101221846FEF745FA3B6804331B68D8B20723DC
:204D800001930523009307230A223D49FEF7DEFB3B6808331B68D8B20723019306230093B5
:204DA00007230A223649FEF7D1FB3B680C331B68D8B2072301930723009307230A22304924
:204DC000FEF7C4FB3B6810331B68D8B2072301930823009307230A222949FEF7B7FB3B689E
:204DE00014331B68D8B2072301930923009307230A222349FEF7AAFB37E03E2300210022CB
:204E00001846FEF7FDF9072301930523009307230A221B490A20FEF799FB0723019306237C
:204E2000009307230A2216490A20FEF78FFB072301930723009307230A2211490A20FEF737
:204E400085FB072301930823009307230A220C490A20FEF77BFB072301930923009307236F
:204E60000A2207490A20FEF771FB3E23042101221846FEF7C5F900BF0837BD4680BD00BF74
:204E8000B0D5020080B584B002AF03463960FB71FB79012B46D14623072100221846FEF766
:204EA000AFF93B681B68D8B2072301930723009307230C228A49FEF749FB3B6804331B685E
:204EC000D8B2072301930623009307230C228449FEF73CFB3B6808331B68D8B207230193D4
:204EE0000523009307230C227D49FEF72FFB3B680C331B68D8B20723019304230093072329
:204F00000C227749FEF722FB3B6810331B68D8B2072301930323009307230C227049FEF721
:204F200015FBACE1FB79022B46D14623072100221846FEF765F93B681B68D8B2072301934A
:204F40000623009307230C226549FEF7FFFA3B6804331B68D8B20723019307230093072315
:204F60000C225F49FEF7F2FA3B6808331B68D8B2072301930523009307230C225849FEF728
:204F8000E5FA3B680C331B68D8B2072301930423009307230C225249FEF7D8FA3B6810332B
:204FA0001B68D8B2072301930323009307230C224B49FEF7CBFA62E1FB79032B46D1462362
:204FC000072100221846FEF71BF93B681B68D8B2072301930523009307230C224049FEF721
:204FE000B5FA3B6804331B68D8B2072301930623009307230C223A49FEF7A8FA3B68083351
:205000001B68D8B2072301930723009307230C223349FEF79BFA3B680C331B68D8B2072391
:2050200001930423009307230C222D49FEF78EFA3B6810331B68D8B207230193032300936D
:2050400007230C222649FEF781FA18E1FB79042B48D14623072100221846FEF7D1F83B68F2
:205060001B68D8B2072301930423009307230C221B49FEF76BFA3B6804331B68D8B2072384
:2050800001930523009307230C221549FEF75EFA3B6808331B68D8B2072301930623009359
:2050A00007230C220E49FEF751FA3B680C331B68D8B2072301930723009307230C220849EE
:2050C000FEF744FA3B6810331B68D8B2072301930323009307230C220149FEF737FACEE0BD
:2050E00008D50200FB79052B46D14623072100221846FEF785F83B681B68D8B20723019325
:205100000323009307230C225F49FEF71FFA3B6804331B68D8B2072301930423009307233F
:205120000C225949FEF712FA3B6808331B68D8B2072301930523009307230C225249FEF752
:2051400005FA3B680C331B68D8B2072301930623009307230C224C49FEF7F8F93B6810332E
:205160001B68D8B2072301930723009307230C224549FEF7EBF982E0FB79062B47D1462360
:20518000072101221846FEF73BF83B6804331B68D8B2072301930323009307230C223A4905
:2051A000FEF7D4F93B6808331B68D8B2072301930423009307230C223349FEF7C7F93B689E
:2051C0000C331B68D8B2072301930523009307230C222D49FEF7BAF93B6810331B68D8B2A1
:2051E000072301930623009307230C222649FEF7ADF93B6814331B68D8B2072301930723F4
:20520000009307230C222049FEF7A0F937E04623072100221846FDF7F3FF072301930323BA
:20522000009307230C2218490A20FEF78FF9072301930423009307230C2213490A20FEF730
:2052400085F9072301930523009307230C220E490A20FEF77BF90723019306230093072371
:205260000C2209490A20FEF771F9072301930723009307230C2204490A20FEF767F900BFC7
:205280000837BD4680BD00BF08D50200B0B584B002AF0346FB71FDF759FC0346AA2B40F05B
:2052A0005A81132005F05CF90346002B00F053813E23052101221846FDF7A2FFFB79013B11
:2052C000042B00F2468101A252F823F0E152020043530200B9530200BB5402002F54020075
:2052E0000B2001F017FD0C2001F014FD062301930023009306230122CE490020FEF726F946
:20530000082301930023009308230122CA490020FEF71CF90A230193002300930A230122C6
:20532000C6490020FEF712F90B23042101221846FDF766FF0523042101221846FDF760FFF0
:2053400008E10B2001F0E6FC0C2001F0E3FC062301930023009306230122B6490120FEF796
:20536000F5F8082301930023009308230122B2490120FEF7EBF80A230193002300930A23E5
:205380000222AE490120FEF7E1F80A230193012300930A230222A9490420FEF7D7F8042339
:2053A000002101221846FDF72BFF0B23042101221846FDF725FFCDE00B2001F0ABFC0C20A5
:2053C00001F0A8FC06230193002300930623012298490120FEF7BAF808230193002300935B
:2053E0000823012294490220FEF7B0F80A230193002300930A23022290490220FEF7A6F86D
:205400000A230193012300930A2302228B490520FEF79CF80B23042101221846FDF7F0FE8B
:205420000423042101221846FDF7EAFE92E00623019300230093062301227E490220FEF7B4
:2054400085F80823019300230093082301227A490320FEF77BF80A230193002300930A231A
:20546000022276490320FEF771F80A230193012300930A23022271490620FEF767F83E2469
:2054800001250320FDF73EFE03461A4629462046FDF7B6FE0B23042101221846FDF7B0FEF7
:2054A0003E23022101221846FDF7AAFE0B2001F031FC0C2001F048FD4CE006230193002394
:2054C0000093062301225B490220FEF73FF808230193002300930823012257490320FEF780
:2054E00035F80A230193002300930A23022253490320FEF72BF80A230193012300930A233B
:2055000002224E490620FEF721F83E2407250320FDF7F8FD03461A4629462046FDF770FE22
:205520000B23042101221846FDF76AFE3E23022101221846FDF764FE3E23062101221846D7
:20554000FDF75EFE0C2001F0E5FB0B2001F0FCFC00E000BF1EE1FDF7F9FA0346552B40F06C
:205560001981142004F0FCFF0346002B00F012814A23002101221846FDF742FEFB79013B84
:20558000042B00F2068101A252F823F0A1550200EB5502004D5602000F570200975602002D
:2055A0000B2001F0B7FB0C2001F0B4FB12230193002300930523012221490020FDF7C6FF44
:2055C00011230193002300930A2301221D490320FDF7BCFF10230193002300930C230122F6
:2055E00019490220FDF7B2FFD4E00B2001F092FB0C2001F08FFB12230193002300930523D7
:2056000001220F490120FDF7A1FF11230193002300930A2301220B490020FDF797FF10235B
:205620000193002300930C23012207490320FDF78DFFAFE0C0D60200CCD60200DCD602005C
:2056400024DD020030DD020044DD02000B2001F061FB0C2001F05EFB1223019300230093A8
:20566000052301224D490320FDF770FF11230193002300930A23012249490520FDF766FFE5
:2056800010230193002300930C23012245490020FDF75CFF7EE01223019300230093052339
:2056A00001223E490320FDF751FF11230193002300930A2301223A490420FDF747FF1023F7
:2056C0000193002300930C23012236490020FDF73DFF4B23002101221846FDF791FD482461
:2056E00007250320FDF70EFD03461A4629462046FDF786FD4A23022101221846FDF780FDE5
:205700000B2001F007FB0C2001F01EFC42E012230193002300930523012220490320FDF7C8
:2057200015FF11230193002300930A2301221C490420FDF70BFF10230193002300930C2354
:20574000012218490020FDF701FF4B23002101221846FDF755FD4A2401250320FDF7D2FCE2
:2057600003461A4629462046FDF74AFD4A23022101221846FDF744FD4A2303210122184618
:20578000FDF73EFD0C2001F0C5FA0B2001F0DCFB00E000BF00BF0837BD46B0BD24DD0200FB
:2057A00030DD020044DD020080B58CB002AF786007F1100300221A605A609A60DA601A61AD
:2057C0005A610023FB7307F10F0207F1100319467868FDF7ABFCFDF7B9F90346552B68D1E7
:2057E000142004F0BDFE0346002B62D0FB7B012B1CD10523002100221846FDF701FD3B6932
:20580000D8B2072301930923009307230C226149FDF79CFE7B69D8B2072301930823009307
:2058200007230C225B49FDF791FE3BE0FB7B022B1CD10523002100221846FDF7E1FC3B6900
:20584000D8B2072301930823009307230C225149FDF77CFE7B69D8B20723019309230093F7
:2058600007230C224B49FDF771FE1BE00523002101221846FDF7C4FC7B69D8B20723019334
:205880000823009307230C224249FDF75FFEBB69D8B2072301930923009307230C223D490D
:2058A000FDF754FE0723042101221846FDF7A8FC6CE0FDF74BF90346AA2B67D1132004F039
:2058C0004FFE0346002B61D0FB7B012B1CD14623002100221846FDF793FC3B69D8B20B235E
:2058E0000193032300930B2304222B49FDF72EFE7B69D8B20B230193022300930B23042237
:205900002549FDF723FE3BE0FB7B022B1CD14623002100221846FDF773FC3B69D8B20B2390
:205920000193022300930B2304221B49FDF70EFE7B69D8B20B230193032300930B23042226
:205940001549FDF703FE1BE04623002101221846FDF756FC7B69D8B20B23019302230093C0
:205960000B2304220C49FDF7F1FDBB69D8B20B230193032300930B2304220749FDF7E6FDF8
:205980004723052101221846FDF73AFC00BF2837BD4680BD08D502003CD6020080B58CB00A
:2059A00002AF0346FB800B467B7113463B7107F10C0300221A605A609A60DA601A615A6169
:2059C0000023FB72002387F827307B79002B05D1FB88B44AA2FB03235B09FB80FB8807F1AB
:2059E0000B0207F10C011846FDF7A0FB3B79012B0CD10220FDF786FB034687F8273097F8A6
:205A00002730002B05D10423FB7202E0012387F82730FDF79BF80346552B40F09C801420EE
:205A200004F09EFD0346002B00F09580FB7A013B032B7DD801A252F823F000BF4D5A0200C2
:205A4000875A0200C15A0200FB5A02004423072100221846FDF7D4FBFB68D8B20F2301936A
:205A6000012300930B2302228F49FDF76FFD3B69D8B20F230193002300930B2302228A4916
:205A8000FDF764FD55E04423072100221846FDF7B7FBFB68D8B20F230193002300930B2330
:205AA00002228149FDF752FD3B69D8B20F230193012300930B2302227B49FDF747FD38E0A4
:205AC0004423072101221846FDF79AFB3B69D8B20F230193002300930B2302227249FDF782
:205AE00035FD7B69D8B20F230193012300930B2302226D49FDF72AFD1BE0442307210022BA
:205B00001846FDF77DFB0F230193002300930B23022265490B20FDF719FD0F230193012320
:205B200000930B23022260490B20FDF70FFD00E000BF7B79002B07D14120042197F82730AA
:205B40001A46FDF75DFBA8E04123032101221846FDF756FBA1E0FCF7F9FF0346AA2B40F009
:205B60009C80132004F0FCFC0346002B00F09580FB7A013B032B7DD801A252F823F000BF7E
:205B8000915B0200CB5B0200055C02003F5C02004323072100221846FDF732FBFB68D8B2D3
:205BA0000B230193012300930B2304223F49FDF7CDFC3B69D8B20B230193002300930B23FF
:205BC00004223A49FDF7C2FC55E04323072100221846FDF715FBFB68D8B20B230193002351
:205BE00000930B2304223149FDF7B0FC3B69D8B20B230193012300930B2304222B49FDF741
:205C0000A5FC38E04323072101221846FDF7F8FA3B69D8B20B230193002300930B230422DC
:205C20002249FDF793FC7B69D8B20B230193012300930B2304221D49FDF788FC1BE04323FC
:205C4000072100221846FDF7DBFA0B230193002300930B23042215490A20FDF777FC0B23EA
:205C60000193012300930B23042210490A20FDF76DFC00E000BF7B79002B07D1412003218A
:205C800097F827301A46FDF7BBFA06E04023072101221846FDF7B4FAFFE700BF2837BD467A
:205CA00080BD00BF1F85EB5194D602003CD60200B0B58EB000AF0346FB71FCF747FF0346FF
:205CC000552B7AD1142004F04BFC0346002B74D08B4A07F11C0307CA03C31A80F6F770FB5D
:205CE0000346022B40F003810A23042101221846FDF786FA002387F837301CE097F8373038
:205D000038333B4413F81C3C1A467E4B13F8120097F8373038333B4413F81C3C794A5B008F
:205D200013445B7800221946FDF76AFA97F83730013387F8373097F83730092BDED9FB79FB
:205D40000A2B00F2D680FB791B016F4A13443B63102387F82F30002387F836301CE097F8E4
:205D600036303A6B134493F900301A46654B13F8120097F836303A6B134493F90030614A80
:205D80005B0013445B7801221946FDF739FA97F83630013387F8363097F8362097F82F30F4
:205DA0009A4280F0A48097F836303A6B134493F90030B3F1FF3FD2D199E0FCF7C7FE0346C7
:205DC000AA2B40F09980132004F0CAFB0346002B00F092804D4B07F108041D460FCD0FC495
:205DE0002B682380F6F7ECFA0346022B40F08480002387F835301CE097F8353038333B440F
:205E000013F8303C1A46424B13F8120097F8353038333B4413F8303C3D4A5B0013445B78A0
:205E200000221946FDF7ECF997F83530013387F8353097F83530112BDED9FB790A2B0CD18F
:205E40004423032100221846FDF7DAF93E23032100221846FDF7D4F94EE0442303210122CE
:205E60001846FDF7CDF93E23032101221846FDF7C7F9FB79092B3ED8FA7913461B01134453
:205E8000244A1344BB62112387F82730002387F834301CE097F83430BA6A134493F90030EA
:205EA0001A461B4B13F8120097F83430BA6A134493F90030164A5B0013445B78012219466E
:205EC000FDF79EF997F83430013387F8343097F8342097F827309A420ED297F83430BA6A91
:205EE000134493F90030B3F1FF3FD3D104E000BF02E000BF00E000BF3837BD46B0BD00BF88
:205F00002CDE02004CD0020008E1020038DE0200B0CF0200B8E10200B0B582B000AF0346A9
:205F2000FB71FB799BB2002201211846FFF736FD0D2000F0EFFE1D2000F0ECFE0E2000F02A
:205F4000E9FEFCF703FE0346AA2B28D1132004F007FB0346002B22D04423012100221846B7
:205F6000FDF74EF94823032101221846FDF748F94F23072100221846FDF742F947230421C9
:205F800000221846FDF73CF9072004F0E9FA03461A46FB7901211846FDF7A8FE20E0FCF730
:205FA000D5FD0346552B1BD1142004F0D9FA0346002B15D00C23002100221846FDF720F929
:205FC0000A23002101221846FDF71AF9072004F0C7FA03461A46FB7901211846FDF780FFFF
:205FE0002E4B1B780133DAB22C4B1A702B4B1B781D2B10D9FCF7AAFD0346AA2B0BD11320D3
:2060000004F0AEFA0346002B05D04823072101221846FDF7F5F8214B1B78632B39D9FCF714
:2060200095FD0346AA2B10D1132004F099FA0346002B0AD048240625F6F740FA03461A4660
:2060400029462046FDF7DCF814E0FCF77FFD0346552B0FD1142004F083FA0346002B09D0A5
:206060000A240225F6F72AFA03461A4629462046FDF7C6F8F6F78AF90346632B03D8172031
:2060800000F062FF02E0172000F044FE034B6E221A7000BF0837BD46B0BD00BFA2E9002024
:2060A000B0B582B000AF0346FB71F6F757F903461C46F6F7DBFC03461A4600212046FFF713
:2060C0006DFCFCF743FD0346AA2B10D1132004F047FA0346002B0AD0072004F041FA0346D0
:2060E0001A46FB7900211846FDF700FE14E0FCF72DFD0346552B0FD1142004F031FA034605
:20610000002B09D0072004F02BFA03461A46FB7900211846FDF7E4FE544B1B78042B00F276
:20612000A18001A252F823F03D6102004F6102006D6102008B6102003D610200F6F7F4F8B5
:206140000346002219460020FEF730FB8AE00020F6F7CEF803461C46032004F001FA0346F2
:206160001A4621460120FEF721FB7BE00120F6F7BFF803461C46032004F0F2F903461A46B0
:2061800021460220FEF712FB6CE0032004F0E8F90346002B2DD0FCF7D9FC0346AA2B11D1F7
:2061A000132004F0DDF90346002B0BD00B2405250420FCF7A7FF03461A4629462046FDF70B
:2061C0001FF846E0FCF7C2FC0346552B41D1142004F0C6F90346002B3BD00A240525042014
:2061E000FCF790FF03461A4629462046FDF708F82FE0FCF7ABFC0346AA2B0CD1132004F0E0
:20620000AFF90346002B06D00B23052101221846FCF7F6FF10E0FCF799FC0346552B0BD1B2
:20622000142004F09DF90346002B05D00A23052101221846FCF7E4FF052004F091F90346C1
:20624000002B03D00D2000F07FFE02E00D2000F061FDF6F769F80346002219460020FEF71C
:20626000A5FA00BF00BF0837BD46B0BDA3E90020B0B584B000AF0346FB71C14B00221A80E1
:20628000172000F047FD182000F044FD192000F041FD1A2000F03EFD1B2000F03BFDF6F70E
:2062A00075F803467B73FCF751FC0346552B2ED1142004F055F90346002B28D00723032102
:2062C00001221846FCF79CFF4B23042101221846FCF796FF0723002101221846FCF790FFC5
:2062E0004B23062101221846FCF78AFFFCF736FE03461C46FCF776FE03461D46FCF7AEFE88
:2063000003461A4629462046FDF7C0FA2CE0FCF71DFC0346AA2B27D1132004F021F9034699
:20632000002B21D00B23072101221846FCF768FF4F23072101221846FCF762FF4723042112
:2063400001221846FCF75CFFFCF708FE03461C46FCF748FE03461D46FCF780FE03461A46CB
:2063600029462046FDF7F4F9F5F7ECFF03461846FFF71AFAFB79032B02D0FB79042B03D1F4
:20638000FB790133DBB202E0F6F70CF803463B733B7B1846FEF77AFF7B7B052B03D8072054
:2063A00004F094F802E0072004F0B4F8F6F778F80346012B04D17B7B1846FFF7ADFD06E033
:2063C000704B00221A707B7B1846FFF769FEF6F759F80346012B0ED10A2000F0B5FD4024E3
:2063E00004250520FCF78EFE03461A4629462046FCF706FF02E00A2000F08CFCF6F734F8BD
:206400000346012B09D10620FCF77CFE0346002B14BF01230023DBB207E0F6F717F8034653
:20642000012B0CBF01230023DBB2FB72F6F77EF80346BB720023FB730023BB73524B1B7839
:20644000022B00F2A980BB7A042B00F2A18001A252F823F0696402009B640200D164020076
:20646000076502003D650200484B00221A700F2000F050FC122000F04DFC132000F04AFC8C
:20648000142000F047FC2A2004F044F82C2004F041F82B2004F03EF87EE00123FB733B4BB7
:2064A00000221A70122000F04FFD0F2000F032FC132000F02FFC142000F02CFC2B2004F09C
:2064C00029F82C2004F026F82A2003F0FFFF63E00123BB732D4B00221A700F2000F034FDF9
:2064E000122000F017FC132000F014FC142000F011FC2A2003F0EAFF2C2004F00BF82B204F
:2065000004F008F848E00123BB73204B00221A702A2003F0DBFF2B2003F0D8FF2C2003F08B
:20652000F9FF122000F0F6FB0F2000F0F3FB132000F00AFD142000F0EDFB2DE00123FB736E
:206540002B2003F0E7FF2A2003F0E4FF2C2003F0BDFF0E4B1B78FF2B05D00C4B1B780133F3
:20656000DAB20A4B1A70122000F0D4FB0F2000F0D1FB132000F0CEFB142000F0E5FC0BE0F8
:206580009AE90020A2E90020A3E90020A7E900208F4B00221A7000BF8E4B1B78042B0DD193
:2065A0000123BB730023FB73032003F0D9FF0346002B03D00123FB730023BB73FB7B002B3F
:2065C0002DD0FCF7C3FA0346AA2B11D1132003F0C7FF0346002B0BD0052401250820FCF769
:2065E00091FD03461A4629462046FCF709FE39E0FCF7ACFA0346552B34D1142003F0B0FF3F
:206600000346002B2ED04B2401250820FCF77AFD03461A4629462046FCF7F2FD22E0FCF78C
:2066200095FA0346AA2B0CD1132003F099FF0346002B06D005200121BB7B1A46FCF7E0FD1B
:2066400010E0FCF783FA0346552B0BD1142003F087FF0346002B05D04B200121BB7B1A461C
:20666000FCF7CEFD2D2003F07BFF0346002B12D0594B1B785A1CD1B2574A1170FA2B02D8FB
:2066800001F050FC07E001F06AFC2D2003F042FF514B00221A7001F007FEFCF7E7FD01F0F8
:2066A000B7FBFDF779FF4D4B1B781846FFF700FB382003F055FF034683F00103DBB2002B2B
:2066C00008D0F5F7EDFE0346002B03D1FB79184601F042F9FCF73AFA0346AA2B37D1132045
:2066E00003F03EFF0346002B31D005200321FB7A1A46FCF785FD4D240025F5F799FE034600
:206700001A4629462046FCF77BFD40240525002003F026FF03461A4629462046FCF770FD35
:2067200040240625022003F01BFF03461A4629462046FCF765FD44240225012003F010FF16
:2067400003461A4629462046FCF75AFD3BE0FCF7FDF90346552B36D1142003F001FF03462D
:20676000002B30D004200521FB7A1A46FCF748FD07240125F5F75CFE03461A462946204682
:20678000FCF73EFD05240725002003F0E9FE03461A4629462046FCF733FD0324012502206C
:2067A00003F0DEFE03461A4629462046FCF728FD03240225012003F0D3FE03461A46294629
:2067C0002046FCF71DFD00BF1037BD46B0BD00BFA7E90020A3E90020A8E90020A4E9002057
:2067E00080B487B000AF3B600346FB710B46BB711346BB80FA7913461B019B1A9B001A4686
:20680000BB7913447B61BB887A6913443B613B69234AA2FB03235909224BA3FB01231A0970
:2068200013465B001344DB00CA1A1346FB7339691B4BA3FB01235A0913461B019B1A9B00D5
:20684000CA1AD2B23B6A1A70FB7B002B06D13B680C221A707B6A00221A701BE0FB7B0C2B95
:2068600006D13B680C221A707B6A01221A7011E0FB7B0C2B08D9FB7B0C3BDAB23B681A705F
:206880007B6A01221A7005E03B68FA7B1A707B6A00221A7000BF1C37BD465DF8047B7047AE
:2068A00089888888ABAAAAAAB0B584B000AF7860F5F7F6FD0346002B12D17B6800221A7029
:2068C0000720FCF71FFC0346002B14BF01230023FB7348200321FB7B1A46FCF791FC4BE07A
:2068E0004823032101221846FCF78AFC7B681B78632B2AD9F5F7E2FD0346002B06D0482388
:20690000062101221846FCF77BFC1AE0F5F75CFF0346002B04D1F5F78BFF0346002B10D011
:206920004823072100221846FCF76AFC482403250720FCF7E7FB03461A4629462046FCF7EA
:206940005FFC7B686E221A7016E07B681B781D2B0CD94823072101221846FCF751FC7B680F
:206960001B780133DAB27B681A7005E07B681B780133DAB27B681A7000BF1037BD46B0BD59
:20698000B0B584B000AF7860F5F78AFD0346002B12D17B6800221A700720FCF7B3FB03466D
:2069A000002B14BF01230023FB730A200021FB7B1A46FCF725FC3FE00A2300210122184601
:2069C000FCF71EFC7B681B78632B24D9F5F776FD0346002B06D00A23022101221846FCF73C
:2069E0000FFC14E0F5F7F0FE0346002B04D1F5F71FFF0346002B0AD00A2400250720FCF7B0
:206A000081FB03461A4629462046FCF7F9FB7B686E221A7010E07B681B781D2B06D97B6828
:206A20001B780133DAB27B681A7005E07B681B780133DAB27B681A7000BF1037BD46B0BD98
:206A400080B582B000AF03460A46FB711346BB71FB79052B56D1484B00221A80FCF776F81B
:206A60000346AA2B1FD1132003F07AFD0346002B19D04723022101221846FCF7C1FBF5F765
:206A80001DFD0346002B07D04823022101221846FCF7B6FBF5F7AAFFBB7901220121184672
:206AA000FDF724F923E0FCF751F80346552B1ED1142003F055FD0346002B18D00A230321A8
:206AC00001221846FCF79CFBF5F7F8FC0346002B07D00A23012101221846FCF791FBF5F745
:206AE00085FFBB79012201211846FDF7F9F9BB79642B03D11B2000F027FA39E0182000F031
:206B000023FA35E0FCF722F80346AA2B0CD1132003F026FD0346002B06D0BB790022012130
:206B20001846FDF7E3F810E0FCF710F80346552B0BD1142003F014FD0346002B05D0BB79E3
:206B4000002201211846FDF7CBF90B4B1B88B3F5FA7F07D3084B4FF4FF721A801A2000F01C
:206B6000F3F905E0044B1B8801339AB2024B1A8000BF0837BD4680BD9AE90020B0B584B071
:206B800000AF0346FB71F5F76FFC0346012B09D10620FCF7B7FA0346002B14BF0123002393
:206BA000DBB207E0F5F752FC0346012B0CBF01230023DBB2FB7305200321FB7B1A46FCF793
:206BC0001FFBFBF7C3FF0346AA2B09D1132003F0C7FC0346002B03D04D48FFF765FE0DE0E4
:206BE000FBF7B4FF0346552B08D1142003F0B8FC0346002B02D04648FFF7C2FEF5F7C6FB3C
:206C00000346BB73BA7BFB7911461846FFF718FFBB7B9BB2002201211846FEF7BFFEF5F7CF
:206C200091FB03461846FEF7BFFDF5F7BBFB03461846FEF72BFB01F037FBFCF717FB01F0F3
:206C4000E7F8FDF7A9FCFBF781FF0346552B2ED1142003F085FC0346002B28D00723032120
:206C600001221846FCF7CCFA0723032101221846FCF7C6FA0723002101221846FCF7C0FADF
:206C80004B23062101221846FCF7BAFAFCF766F903461C46FCF7A6F903461D46FCF7DEF932
:206CA00003461A4629462046FCF7F0FD2CE0FBF74DFF0346AA2B27D1132003F051FC03465A
:206CC000002B21D00B23072101221846FCF798FA4F23072100221846FCF792FA4723042114
:206CE00000221846FCF78CFAFCF738F903461C46FCF778F903461D46FCF7B0F903461A4677
:206D000029462046FCF724FD00BF1037BD46B0BDC5E9002080B485B000AF0346FB80002347
:206D2000FB7316E0FB7B104A5B0013445B781A46FB8893420AD1FB7B0B4A002102F81310FE
:206D4000FB7B094A5B00134400225A70FB7B0133FB73FB7B042BE5D900BF00BF1437BD4685
:206D60005DF8047B704700BF88E9002080B485B000AF03460A46FB711346BB800023FB81E8
:206D8000FB79013B1549FA7901F81320FB79013BBA88D1B2114A5B0013440A465A70002387
:206DA0007B7310E07B7B0D4A12F81330002B05D07B7B0A4A5B0013445B7808E00023FB8105
:206DC0007B7B01337B737B7B042BEBD9FB8918461437BD465DF8047B704700BF88E90020A7
:206DE00080B58CB002AFFBF7B1FE0346AA2B4CD1132003F0B5FB0346002B46D04E4B3B62FF
:206E0000002387F8273018E02020FCF733F978617B69B3F1FF3F0BD07B69D8B20E23019375
:206E200097F8273000930E231C22396AFCF78EFB97F82730013387F8273097F827300D2B3D
:206E4000E2D93E4BFB61002387F8263018E02020FCF710F9B861BB69B3F1FF3F0BD0BB6948
:206E6000D8B20E23019397F8263000930E231C22F969FCF76BFB97F82630013387F8263033
:206E800097F826300D2BE2D951E0FBF75FFE0346552B4CD1142003F063FB0346002B46D0A5
:206EA000274B3B61002387F8253018E02020FCF7E1F878607B68B3F1FF3F0BD07B68D8B2E4
:206EC0000E23019397F8253000930E231C223969FCF73CFB97F82530013387F8253097F8C0
:206EE00025300D2BE2D9174BFB60002387F8243018E02020FCF7BEF8B860BB68B3F1FF3F99
:206F00000BD0BB68D8B20E23019397F8243000930E231C22F968FCF719FB97F824300133C0
:206F200087F8243097F824300D2BE2D9FFE700BF2837BD4680BD00BF14DA02009CDB02003C
:206F400004D702008CD8020090B59BB002AF0346FB80FF2387F85F30AC4B1B7883F00103B8
:206F6000DBB2002B00F05583FB88DBB2292B4CDC282B42DA272B38D0272B46DC1F2B44DC5E
:206F80001E2B3EDA1D2B40DC0A2B08DA092B3CDC082B26DA052B21DC002B22DC35E01A46CB
:206FA000012393409A4A1A40002A14BF01220022D2B2002A1DD103F07862002A14BF0122D1
:206FC0000022D2B2002A10D103F41C43002B14BF01230023DBB2002B0FD116E0072B0CD0C9
:206FE00013E0012387F85F3010E0022387F85F300CE0032387F85F3008E0042387F85F300C
:2070000004E0052387F85F3000E000BF97F85F30FF2B00F0FE82FA8897F85F3011461846AA
:20702000FFF7A4FE0346FB80FFF7DAFEFB88DBB2013B282B00F2E68201A252F823F000BF6E
:20704000E5700200B5710200CF710200DD710200EB71020005760200DD720200F971020087
:20706000C1720200CF720200EB720200F97202000773020015730200117402003B7402008E
:2070800049740200577402006574020073740200D5740200E37402002373020031730200BE
:2070A000CB730200D9730200E7730200F5730200037402001F7402002D740200057602004E
:2070C000057602000576020005760200057602000576020005760200F1740200E9750200FB
:2070E000F7750200342003F03BFA0346002B0FD007230E224749484800F004FB474B012235
:207100001A70474B00221A70464B00221A707BE2454B07F13C040FCB07C42380404B1B78DF
:20712000062B0CD107230E223A493B4800F0EAFA3A4B01221A70342003F0C8F969E2002365
:20714000BB6509E0BB6D083360333B445F2203F8242CBB6D0133BB65314B1B781A46BB6DD2
:207160009342EFDB07F13C010E230E222A4800F0C9FA2C4B1B785A1CD1B22A4A1170322B60
:2071800040F24282274B00221A70284B00221A70234B1B785A1C264B83FB02131344991041
:2071A000D317C91A0B46DB005B1AD11ACAB21C4B1A7029E21A4B00221A701C4B00221A70DA
:2071C0000A230F221B491C4800F09CFA21E20D230A221A491A4800F095FA1AE206230C220D
:2071E0001849194800F08EFA13E20B230B221749174800F087FA0CE2164B07F12C040FCB84
:2072000007C4238000237B6530E000BF9CE9002000607F304CDE020054DE020093E900207E
:2072200096E90020C6E90020B4E00200C7E900209324499264DE020070DE020080DE0200F4
:2072400090DE02009CDE0200A4DE0200B0DE0200BCDE0200C4E002007B6D083360333B44B7
:207260005F2203F8342C7B6D01337B65B54B1B781A467B6D9342EFDB07F12C0000230E2245
:20728000002100F03FFAB04B1B785A1CD1B2AE4A1170092B40F2BA81AB4B00221A70A94B6D
:2072A0001B785A1CA94B83FB02135910D317C91A0B469B000B44D11ACAB2A24B1A70A5E169
:2072C00009230722A249A34800F01CFAA1E107230A22A149A14800F015FA9AE10B230C22FC
:2072E0009F49A04800F00EFA93E10F2308229E499E4800F007FA8CE10F2308229C499B48A7
:2073000000F000FA85E10D2308229A499A4800F0F9F97EE10D230D229849994800F0F2F9C1
:2073200077E10A2308229749934800F0EBF970E107F11C0300221A605A609A601A730023A7
:20734000FB760023BB7600237B76FBF73FFE034687F84B30FBF746FE034687F84A30F5F77E
:2073600009F803461C4607F11B0297F84A1097F84B0007F11903019307F11A0300931346E0
:207380002246FFF72DFA7B7E002B0BD1FB7E1A46BB7E07F11C00009313467B4A0D2103F070
:2073A0007DFD0AE0FB7E1A46BB7E07F11C0000931346764A0D2103F071FD07F11C010A23C6
:2073C0000F22734800F09EF923E10A2308226D49694800F097F91CE10A230E2269496D4837
:2073E00000F090F915E10A2307226B496B4800F089F90EE10F230A2269496A4800F082F9D3
:2074000007E10C230D2268495D4800F07BF900E107230A225049654800F074F9F9E008238E
:207420000E226349634800F06DF9F2E00823082261495F4800F066F9EBE00D230D224F49E6
:207440004F4800F05FF9E4E00E230D225B494C4800F058F9DDE008230A225949534800F06F
:2074600051F9D6E00C230A225649504800F04AF9CFE0554B1B78FA2B25D8534B1B78013BD6
:20748000524A82FB03121211DB179B1ADBB2053387F8533097F85330002B02D1012387F87A
:2074A000533097F8533007F108000093484B494A0F2103F0F3FC07F108010F230A223B488A
:2074C00000F020F9A5E00C230A224349374800F019F99EE00A230A224049344800F012F9DF
:2074E00097E00C230A223C49304800F00BF990E0F7F7E6F8F864FB6C002B00F0898037204F
:2075000003F02EF80346002B0AD0F86C03F025FD0346DBB20E22F96C314800F0F3F877E075
:20752000362003F01DF80346002B71D0F86C03F014FD0346DBB20C22F96C2A4800F0E2F82B
:2075400066E000BFC8E90020C7E9002067666666CCDE0200D8DE0200E0DE0200E8DE020000
:20756000F4DE020000DF02000CDF02001CDF020024DF020034DF020044DF02004CDF020000
:207580005CDF02006CDF020078DF020088DF020098DF0200A8DF0200B8DF0200C4DF02005F
:2075A000CCDF0200DCDF0200E8DF0200F4DF020000E0020008E0020018E0020020E00200FB
:2075C00030E0020038E00200A7E900201F85EB5144E0020050E0020058E0020064E0020017
:2075E00070E0020080E002000A230A220A490B4800F088F80DE00D230A220949074800F08E
:2076000081F806E000BF04E000BF02E000BF00E000BF6437BD4690BD8CE0020098E0020096
:20762000A4E0020080B588B002AF03463960FB711346BB7100237B613B68002B50D0FBF7F4
:2076400085FA0346552B11D1142002F089FF0346002B0BD0FB79012B02D1264B7B611CE047
:20766000FB79022B3ED1244B7B6116E0FBF76EFA0346AA2B38D1132002F072FF0346002B8E
:2076800032D0FB79012B02D11C4B7B6104E0FB79022B2BD11A4B7B6100BF0023FB741AE025
:2076A000FB7C3A68134493F900301846FBF7E2FCF860FB68B3F1FF3F0AD0FB68D8B20E23DB
:2076C0000193FB7C00930E231C227969FBF73EFFFB7C0133FB74FA7CBB799A42E0D306E053
:2076E00000BF04E000BF02E000BF00E000BF1837BD4680BD04D702008CD8020014DA020026
:207700009CDB020080B588B000AFF860B96011461A460B46FB711346BB71FB79002B0AD0F1
:20772000FB79013BFA68134493F90030002B02D1FB79013BFB71BB79002B0AD0BB79013B61
:20774000BA68134493F90030002B02D1BB79013BBB71FB68002B6FD0FB790E2B0FD87B4B33
:2077600000221A70794B00225A80784B00221A71FB791A46F9680120FFF754FF65E0734B8B
:207780001B78002B08D1714B01221A706F4B00225A806E4B00221A716C4B5B88952B0BD890
:2077A0000E22F9680120FFF73DFF684B5B8801339AB2664B5A8038E0644B5A88644BA3FB4E
:2077C0000213D9080B469B000B4499000B44D31A9BB2002B13D15D4B1B7903F10E02FB7993
:2077E0009A4206DA594B1B790133DAB2574B1A7105E0564B00221A71544B00225A80534B3C
:207800001B791A46FB681344FB61504B1B79FA79D31AFB76FB7E0E2B28BF0E23BB76BB7E2A
:207820001A46F9690120FFF7FDFE484B5B8801339AB2464B5A8008E0444B00221A70434B62
:2078400000225A80414B00221A71BB68002B6FD0BB790E2B0FD83F4B00221A703D4B002232
:207860005A803C4B00221A71BB791A46B9680220FFF7D8FE65E0374B1B78002B08D1354B79
:2078800001221A70334B00225A80324B00221A71304B5B88952B0BD80E22B9680220FFF72D
:2078A000C1FE2C4B5B8801339AB22A4B5A8038E0284B5A88264BA3FB0213D9080B469B0082
:2078C0000B4499000B44D31A9BB2002B13D1214B1B7903F10E02BB799A4206DA1D4B1B7938
:2078E0000133DAB21B4B1A7105E01A4B00221A71184B00225A80174B1B791A46BB681344B1
:207900007B61144B1B79BA79D31AFB74FB7C0E2B28BF0E23BB74BB7C1A4679690220FFF781
:2079200081FE0C4B5B8801339AB20A4B5A8008E0084B00221A70074B00225A80054B002238
:207940001A7100BF2037BD4680BD00BFACE900201F85EB51B4E9002080B584B000AF0346D4
:20796000FB71232002F0FCFD034683F00103DBB2002B00F04282042001F0F4FF0346002BC5
:2079800002D0AE4B01221A70AC4B1B78002B27D0042001F0E7FF0346002B21D1A74B00224E
:2079A0001A70A74B00221A70A64B00221A80182002F08CFDA44B1B78002B02D1112002F09C
:2079C00085FD052002F0CCFD0346002B08D0052002F0A0FD0020F5F7C1FB0D20FFF79AF9C7
:2079E000182002F0BDFD0346002B71D0112002F0B7FD0346002B6BD00220FFF78BF90120AB
:207A0000FFF788F9914B00221A70F4F78FFD0346FB73FB7B032B04D0FB7B042B01D0012327
:207A200000E00023BB73BB7B03F00103BB73FB79022B1AD1864B1B78022B0ED0022B10DCA6
:207A4000002B02D0012B04D00BE0814B01221A7038E07F4B02221A7034E07D4B00221A70AD
:207A600030E07B4B00221A702CE0794B1B787B73774B1B780133DAB2754B1A707B7B032BB0
:207A800016D1734B1B78042B12D1BB7B83F00103DBB2002B0CD02C2002F062FD034683F002
:207AA0000103DBB2002B0DD02B2002F00FFD09E0674B1B78042B05D9654B00221A702B2002
:207AC00002F028FD102002F001FD182002F022FD5C4B1B8801339AB25A4B1A80594B1B88D6
:207AE00040F2ED22934208D9564B00221A80544B01221A70112002F00DFD2B2002F030FD4F
:207B00000346002B03D01320FFF71EFA02E01320FFF700F9102002F023FD0346002B00F033
:207B20006C814B4B1B78002B1AD1102002F0F2FC1D20FFF7EFF81120FFF7ECF81020FFF7BE
:207B4000E9F81220FFF7E6F80F20FFF7E3F81420FFF7E0F81320FFF7DDF80E20FFF7DAF848
:207B60003B4B1B78012B03D0394B1B78022B17D11D20FFF7E9F91120FFF7CCF81020FFF79B
:207B8000C9F81220FFF7C6F80F20FFF7C3F81420FFF7C0F81320FFF7BDF80E20FFF7BAF8C8
:207BA0002B4B1B78032B20D1052002F0D9FC034683F00103DBB2002B17D00E20FFF7C4F971
:207BC0001D20FFF7A7F81120FFF7A4F81020FFF7A1F81220FFF79EF80F20FFF79BF81420A7
:207BE000FFF798F81320FFF795F8194B1B78042B51D1F4F79BFC0346032B4CD0282002F0B2
:207C0000AFFC0346002B25D01120FFF79DF90E20FFF780F81020FFF77DF81220FFF77AF8C2
:207C20000F20FFF777F81420FFF774F81320FFF771F81D20FFF76EF82DE000BFC9E9002051
:207C400094E9002098E9002092E90020CAE90020A3E90020282002F083FC034683F0010353
:207C6000DBB2002B17D01020FFF76EF90E20FFF751F81120FFF74EF81220FFF74BF80F2064
:207C8000FFF748F81420FFF745F81320FFF742F81D20FFF73FF8032001F064FE0346002B90
:207CA00008D0584B1B780133DAB2564B1A70564B00221A80534B1B78952B57D9032002F038
:207CC00029FC504B00221A70102002F023FC4F4B1B78012B02D10120F5F76AFA4B4B1B7831
:207CE000022B02D10120F5F779FA484B1B78032B0BD1F9F7D5FD0E20FFF70CF8052002F0D3
:207D0000E5FB0120F5F72AFA06E0404B1B78042B02D01D20FEF7FEFF3C4B1B78042B6CD198
:207D20001120FEF7F7FF1020FEF7F4FF282002F017FC0346002B03D0282002F0EBFB0BE070
:207D4000282002F00DFC034683F00103DBB2002B02D0282002F0BAFB292002F0B7FB2D206D
:207D600002F0B4FB294B00221A7046E0254B1B78002B3FD0032002F0A9FB244B1B78032BF6
:207D800006D10E20FFF7E0F81D20FEF7C3FF34E01E4B1B78042B29D11D20FEF7BBFF2820AF
:207DA00002F0DEFB0346002B08D0F4F7BFFB0346032B03D01120FFF7C7F80BE0282002F0B2
:207DC000CFFB034683F00103DBB2002B02D01020FFF7BAF8F4F7AAFB0346032B0DD10320AF
:207DE00002F098FB074B00221A7006E01D20FFF7ABF802E0032002F08DFB00BF1037BD46BC
:207E000080BD00BFCAE9002098E90020A3E9002080B500AF102002F0A3FB034683F00103E2
:207E2000DBB2002B67D0052002F09AFB034683F00103DBB2002B5ED0354B1B78032B5AD096
:207E4000032001F08FFD0346012B02D1314B01221A70304B1B78002B0ED0032001F082FD67
:207E60000346002B08D12B4B00221A702A4B1B780133DAB2284B1A70274B1B78002B05D0C9
:207E8000264B1B780133DAB2244B1A70224B1B78022B22D9232002F019FB1F4B1B78032B89
:207EA00015D91F4B1B78002B03D01D4B1B78022B06D10220FFF748F8194B02221A700CE084
:207EC000164B00221A700120FFF73EF805E0134B00221A700120FFF737F8104B1B78FA2B00
:207EE00013D9232002F016FB0C4B00221A700A4B00221A7009E0084B00221A70232002F02F
:207F000009FB064B00221A7000BF00BF80BD00BFA3E90020CBE9002092E9002097E900202B
:207F200093E9002080B500AF1020FEF7F3FE1120FEF7F0FE282002F013FB0346002B06D005
:207F40001520FFF701F81620FEF7E4FE05E01620FEF7FAFF1520FEF7DDFE00BF80BD80B5B1
:207F600000AF1520FEF7D6FE1620FEF7D3FE00BF80BDFFFF80B483B000AF0346FB71044A45
:207F8000FB79137000BF0C37BD465DF8047B7047A4E9002080B483B000AF0346FB71044A94
:207FA000FB79137000BF0C37BD465DF8047B7047A3E9002080B500AF102002F0ABFA0320C0
:207FC00002F0A8FA2B2002F0A5FA1A4B00221A70194B00221A70194B00221A80184B1B78FA
:207FE000032B03D0164B1B78042B02D1144B00221A701D20FEF78EFE0E20FEF78BFE0D20E8
:20800000FEF788FE1020FEF785FE1120FEF782FE1220FEF77FFE1320FEF77CFE1420FEF728
:2080200079FE1520FEF776FE1620FEF773FE00BF80BD00BF92E9002094E9002098E90020FB
:20804000A3E9002080B400AF034B1B781846BD465DF8047B704700BF93E9002080B400AF86
:20806000034B1B781846BD465DF8047B704700BF94E9002080B500AF0B4B00221A700B4B9B
:2080800000221A700A4B00221A700A4B00221A70232002F03FFA0120FEF73CFE0220FEF75D
:2080A00039FE00BF80BD00BF97E9002093E9002092E9002096E9002080B400AF074B1B7890
:2080C000032B03D0054B1B78042B02D1034B00221A7000BFBD465DF8047B7047A3E90020C7
:2080E00080B500AF082002F015FA092002F012FA0A2002F00FFA0B2002F00CFA064B002291
:208100001A70064B00221A70054B00221A70054B00221A7000BF80BD9EE900209FE9002095
:20812000A0E90020A1E9002080B500AF06220021044802F0F7FE06220021034802F0F2FE16
:2081400000BF80BDACE90020B4E9002080B500AF022200210C4802F0E5FE022200210B48C7
:2081600002F0E0FE02220021094802F0DBFE02220021084802F0D6FE02220021064802F0EE
:20818000D1FE00BF80BD00BF88E900208AE900208CE900208EE9002090E9002080B400AF89
:2081A000034B00221A7000BFBD465DF8047B70479CE9002080B500AF5022FF21024802F021
:2081C000B1FE00BF80BD00BF38E9002080B500AF50220021024802F0A5FE00BF80BD00BFE3
:2081E00038E9002080B500AF5023034A02210348F9F7A6FF00BF80BD38E90020710A0020BF
:20820000B0B586B000AF264B3C1D1D460FCD0FC42B681A46228002341B0C23704023FB70E5
:208220000120F9F7AFFF4FF47A710A20EBF748F93B791846F9F74EFF4FF47A710A20EBF77B
:208240003FF93B791846F9F745FF3B1D013303211846F9F75CFF3B1D04330F211846F9F73A
:2082600056FF502200210F4802F05CFEF81C50230C4A0121F9F764FF4FF47A710A20EBF7E7
:208280001FF9C823FB70FB781846F9F723FF4FF47A710A20EBF714F900BF1837BD46B0BDC8
:2082A000D4E0020038E9002080B500AF6420F9F791FF064B64221A70F4F782F80346002BA5
:2082C00001D100F01EF800BF80BD00BF6F0A002080B500AF6420E9F741FB0120F9F752FF8C
:2082E0000A20E9F73BFBC820F9F7F4FE0A20E9F735FB052002F00EF9082002F0E7F800BF64
:2083000080BD80B500AF6420E9F728FBC020F9F7E1FE0A20E9F722FB0020F9F733FFF4F7B2
:2083200055FBFFF713FFFFF7FFFEFFF7D9FE00BF80BD80B582B000AF0346FB71FB790A2BB5
:2083400006D80423042101221846FAF759FF6FE0FB790A2B0FD9FB79232B0CD80423042157
:2083600001221846FAF74CFF0523042101221846FAF746FF5CE0FB79232B15D9FB79412B70
:2083800012D80423042101221846FAF739FF0523042101221846FAF733FF042300210122A1
:2083A0001846FAF72DFF43E0FB79412B1BD9FB795A2B18D80423042101221846FAF720FF85
:2083C0000523042101221846FAF71AFF0423002101221846FAF714FF052305210122184629
:2083E000FAF70EFF24E0FB795A2B21D9FB79642B1ED80423042101221846FAF701FF0523A9
:20840000042101221846FAF7FBFE0423002101221846FAF7F5FE0523052101221846FAF75F
:20842000EFFE0423012101221846FAF7E9FEFFE700BF0837BD4680BD80B483B000AF03462A
:20844000FB71FB79002B1CD1504B1B7903F07F03DAB24E4B1A714D4B1B7923F04003DAB2C2
:208460004A4B1A71494B1B7923F00403DAB2474B1A71464B5B7923F04003DAB2434B5A7151
:208480007EE0FB79012B1CD1404B1B7963F07F03DAB23E4B1A713D4B1B7923F04003DAB25F
:2084A0003A4B1A71394B1B7923F00403DAB2374B1A71364B5B7923F04003DAB2334B5A7161
:2084C0005EE0FB79022B1CD1304B1B7963F07F03DAB22E4B1A712D4B1B7943F04003DAB24E
:2084E0002A4B1A71294B1B7923F00403DAB2274B1A71264B5B7923F04003DAB2234B5A7171
:208500003EE0FB79032B1CD1204B1B7963F07F03DAB21E4B1A711D4B1B7943F04003DAB25C
:208520001A4B1A71194B1B7943F00403DAB2174B1A71164B5B7923F04003DAB2134B5A7160
:208540001EE0FB79032B1BD9104B1B7963F07F03DAB20E4B1A710D4B1B7943F04003DAB265
:208560000A4B1A71094B1B7943F00403DAB2074B1A71064B5B7943F04003DAB2034B5A7150
:2085800000BF0C37BD465DF8047B704738E9002080B582B000AF1923BB710023FB713F4B73
:2085A0001B780133DAB23D4B1A703D4B1B78052B5FD801A252F823F0D1850200ED85020008
:2085C0000986020025860200418602005D860200FFF7F0FD314B1B78BA799A4250D82F4B0C
:2085E00000221A702E4B01221A7049E0FFF7EEFD2A4B1B78BA799A4244D8284B00221A704D
:20860000274B02221A703DE0FFF7D4FD234B1B78BA799A4238D8214B00221A70204B03228E
:208620001A7031E0FFF7D2FD1C4B1B78BA799A422CD81A4B00221A70194B04221A7025E0A3
:20864000FFF7B8FD154B1B78BA799A4220D8134B00221A70124B05221A7019E0FFF7B6FDBB
:208660000123FB710E4B00221A700C4B00221A700FE00B4B00221A70084B00221A7008E08A
:2086800000BF06E000BF04E000BF02E000BF00E000BFFB7918460837BD4680BDCCE900206D
:2086A000CDE9002080B584B002AF082001F058FF0346002B2CD06B4B1B780133DAB2694B2D
:2086C0001A700723032101221846FAF799FD4B23042101221846FAF793FD072300210122B7
:2086E0001846FAF78DFD4B23062101221846FAF787FD5C4B1B78192B40F21282594B00220C
:208700001A70082001F006FF092001F0DFFE07E2092001F025FF0346002B00F0AD80514B66
:208720001B780133DAB24F4B1A700723032101221846FAF765FD4B23042101221846FAF79B
:208740005FFD0723002101221846FAF759FD4B23062101221846FAF753FD424B1B78252BE3
:2087600036D8404B1B781A4613469B0013445B003D4A82FB03121211DB17D31AFB71FB79CC
:208780000A2B01D90A23FB710023BB711CE0BA79FB799A4234BF01230023DBB2BB70BB793D
:2087A000324AD35C1A46324B13F81200BB792F4AD35C2F4A5B0013445B78BA781946FAF7B8
:2087C0001FFDBB790133BB71BB79092BDFD939E0244B1B78A3F1260213469B0013445B004C
:2087E000244A82FB03121A445211DB17D31A7B717B790A2B01D90A237B7100233B711EE004
:208800003A797B79C3F10A039A42B4BF01230023DBB2FB703B79154AD35C1A46144B13F856
:2088200012003B79114AD35C114A5B0013445B78FA781946FAF7E4FC3B7901333B713B791E
:20884000092BDDD9074B1B784A2B40F26981054B00221A70092001F05DFE0A2001F036FEF8
:208860005EE100BFCEE90020F31ACA6BE8E002004CD00200A7C867DD0A2001F071FE034673
:20888000002B00F04D81A84B1B780133DAB2A64B1A700723032101221846FAF7B1FC4B2353
:2088A000042101221846FAF7ABFC0723002101221846FAF7A5FC4B23062101221846FAF715
:2088C0009FFC12230193002300930523012297490420FAF73BFE11230193002300930A235A
:2088E000012293490620FAF731FE10230193002300930C2301228F490520FAF727FE4A23E4
:20890000002101221846FAF77BFC072301930323009307230C2288490B20FAF717FE072352
:2089200001930423009307230C2283490B20FAF70DFE072301930523009307230C227E4906
:208940000B20FAF703FE072301930623009307230C2279490B20FAF7F9FD0723019307236C
:20896000009307230C2274490B20FAF7EFFD0523002101221846FAF743FC4B230521012296
:208980001846FAF73DFC4523042101221846FAF737FC4C23002101221846FAF731FC4D237E
:2089A000002101221846FAF72BFC4F23042101221846FAF725FC0923002101221846FAF714
:2089C0001FFC072301930823009307230C225A490B20FAF7BBFD072301930923009307238A
:2089E0000C2255490B20FAF7B1FD0723042101221846FAF705FC4623072101221846FAF71C
:208A0000FFFB072301930A23009307230C224A490B20FAF79BFD072301930B230093072396
:208A20000C2245490B20FAF791FD0723022101221846FAF7E5FB4123042101221846FAF736
:208A4000DFFB0023032101221846FAF7D9FB0523002101221846FAF7D3FB07230193002345
:208A6000009307230C2234490B20FAF76FFD0123032101221846FAF7C3FB072301930123AC
:208A8000009307230C222C490B20FAF75FFD072301930223009307230C2227490B20FAF7A4
:208AA00055FD0323072101221846FAF7A9FB4B23032101221846FAF7A3FB0C2300210122EB
:208AC0001846FAF79DFB184B1B780B2B07D9164B1B78182B17D9144B1B78242B13D80F231E
:208AE0000193002300930B23022214490A20FAF72DFD0F230193012300930B2302220F4911
:208B00000A20FAF723FD084B1B78312B08D9064B00221A700A2001F0FDFC0B2001F0D6FCF8
:208B200000BF0837BD4680BDCEE9002024DD020030DD020044DD020008D5020094D60200A0
:208B400080B586B000AF786039600023FB7507F10C0300221A605A601A819F233B7200236D
:208B60007B720023BB720023FB7200214FF4867000F0E0FE07F10C0107F108030422184674
:208B800001F034FA0346FB7501214FF4867000F0D1FE7B7B1A04BB7B1B021343FA7B13435B
:208BA0001A46464B1A60454B1B689BB248F21702934244D048F21702934271D844F21A02EB
:208BC00093421FD844F21102934269D3A3F58043113B092B64D801A252F823F0938C020037
:208BE000858C0200778C0200698C02005B8C02004D8C02003F8C02002F8C02001F8C02006B
:208C00000F8C020047F21802934210D048E07B680A221A703B684FF480621A6049E07B68A0
:208C200009221A703B684FF400721A6041E07B6808221A703B684FF480721A6039E07B68A7
:208C400007221A703B6880221A6032E07B6806221A703B6840221A602BE07B6805221A70DD
:208C60003B6820221A6024E07B6804221A703B6810221A601DE07B6803221A703B68082253
:208C80001A6016E07B6802221A703B6804221A600FE07B6801221A703B6802221A6008E0E8
:208CA0007B6800221A703B6800221A600123FB7500BFFB7D18461837BD4680BDD0E9002055
:208CC00080B588B000AF786007F1180300221A601A7107F1080300221A605A609A609A81F8
:208CE0004B233B7600214FF4867000F023FE07F1080107F118030D22184601F077F903469F
:208D0000FB7701214FF4867000F014FEFB7F002B07D107F10803053308221946786800F073
:208D200061FFFB7F18462037BD4680BD80B584B000AF03463960FB710123FB730023BB810D
:208D4000FB79012B02D10523FB720DE0FB79022B02D13523FB7207E0FB79032B02D1152351
:208D6000FB7201E0FB7B1AE000214FF4867000F0E1FD07F10C0107F10B030222184601F08F
:208D800035F90346FB7301214FF4867000F0D2FDFB7B002B02D17A7B3B681A70FB7B18466A
:208DA0001037BD4680BD80B582B000AF0023FB7106233B7100214FF4867000F0BBFD3B1D58
:208DC0000121184601F0B6F80346FB7101214FF4867000F0AFFDFB7918460837BD4680BD77
:208DE00080B582B000AF0023FB710423BB7100214FF4867000F09EFDBB1D0121184601F04D
:208E000099F80346FB7101214FF4867000F092FDFB7918460837BD4680BD80B584B000AFC9
:208E200003463960FB711346BB710023FB7307F1080300221A601A710123BB73BB79002BF3
:208E400009D03B681A0EBB7B591CB973D2B210333B4403F8082C3B681A0CBB7B591CB97382
:208E6000D2B210333B4403F8082C3B681A0ABB7B591CB973D2B210333B4403F8082CBB7B34
:208E80005A1CBA733A68D2B210333B4403F8082C00214FF4867000F04DFDFB79032B1DD0F5
:208EA000032B27DC012B02D0022B0BD022E0C7233B7207F108030121184601F03BF80346F2
:208EC000FB731BE0D8233B72BA7B07F108031146184601F02FF80346FB730FE020233B72E6
:208EE000BA7B07F108031146184601F023F80346FB7303E0FB7B0133FB7300BF01214FF4A3
:208F0000867000F017FDFB7B18461037BD4680BD80B584B000AF78600123FB730023BB811B
:208F20000523FB7223E000214FF4867000F002FD07F10C0107F10B030222184601F056F884
:208F40000346BB7301214FF4867000F0F3FCBB7B002B02D17B7BFB7301E0BB7B13E04FF47B
:208F60007A710120EAF7ACFA7B68013B7B60FB7B03F00103002B02D07B68002BD3D1FB7BD2
:208F800003F00103DBB218461037BD4680BD80B584B000AF786039600023FB7300214FF4EA
:208FA000867000F0C7FC3968786800F0C3FF0346FB7301214FF4867000F0BCFCFB7B184647
:208FC0001037BD4680BD80B586B000AFF860B9607A603B600023BB750023FB7500214FF4C0
:208FE000867000F0A7FCB968F86800F0A3FF0346BB7501213868EAF763FABB7D002B05D123
:209000003968786800F0C4FF0346FB7501214FF4867000F08FFCFB7D18461837BD4680BD28
:2090200080B584B000AF786039600023FB733868FFF76EFFFFF7B7FE39687868FFF7A7FF4B
:209040000346FB733868FFF763FFFFF7C9FEFB7B18461037BD4680BD80B584B000AF396098
:2090600011461A460346FB710B46BB711346BB800023FB73FFF797FE03461A46FB7B1344E1
:20908000FB73BB881846FFF743FF03461A46FB7B1344FB73BA79FB7939681846FFF7BDFE4E
:2090A00003461A46FB7B1344FB73BB881846FFF72FFF03461A46FB7B1344FB73FB7B18464F
:2090C0001037BD4680BDFFFF80B584B002AF0023FB712E4B019303230093002380222C4962
:2090E0002C48E8F7E9FA2C4B019303230093002380222A492A48E8F7DFFA2A4B01930123E7
:20910000009300234FF4C07227492848E8F7D4FA274B01930223009300234FF40072254993
:209120002548E8F7C9FA254B01930423009300234FF4007222492348E8F7BEFA134B1B683C
:20914000002B02D1FB790133FB71134B1B68002B02D1FB790133FB71124B1B68002B02D12C
:20916000FB790133FB71124B1B68002B02D1FB790133FB71114B1B68002B02D1FB79013364
:20918000FB71FB7918460837BD4680BD80C000207CE2020041D3010090C400208CE2020059
:2091A000D5E601000CC80020A0E20200510D0200A4C00020B0E202001DD9010024BB00200D
:2091C000C4E20200A5AE010080B582B000AF0023FB71002201211420E7F75CFB03462C4A82
:2091E0005360002201210A20E7F754FB0346294A536000224FF430711420E7F74BFB03460B
:20920000254A5360002201211420E7F743FB0346224A5360002214213220E7F73BFB03462A
:209220001F4A53600420E7F7C1FB03461C4A9360174B5B68002B02D1FB790133FB71154B1B
:209240005B68002B02D1FB790133FB71134B5B68002B02D1FB790133FB710F4B5B68002BBE
:2092600002D1FB790133FB710D4B5B68002B02D1FB790133FB710A4B9B68002B02D1FB7910
:209280000133FB71FB7918460837BD4680BD00BF0CC8002090C40020A4C0002080C00020D2
:2092A00024BB002080B582B002AF0A4B0093002301220A210848E9F70BFC0346074A93607A
:2092C000064B9B68002B01D1012300E000231846BD4680BD3D0D0200D4E202000CC8002080
:2092E00080B582B000AF0023FB71FFF76DFF0346002B02D0FB790133FB71FFF7D3FF0346FC
:20930000002B02D0FB790133FB71FFF7DDFE0346002B02D0FB790133FB71FB791846083700
:20932000BD4680BD80B588B000AF786001233B723248EAF76BFCF861FB69002B01D0FB6949
:2093400057E00023FB7614E007F1080319462B48EAF77FFCF861FB69002B04D02748EAF711
:2093600067FCFB6945E03B7A002B06D0FB7E0133FB76FB7E052BE7D900E000BF3B7A002B45
:2093800031D107F10C031A460B211C48EAF778FC07F10C0302331A460C211848EAF770FC09
:2093A00007F10C0304331A460D211448EAF768FC00237B6113E07B695B0020333B4433F812
:2093C000143CB3F5006F8CBF01230023D9B27B697A6813440A461A707B6901337B617B693A
:2093E000022BE8DD01E01423FB610448EAF720FCFB6918462037BD4680BD00BF78B200205C
:209400002DE9F04385B002AF0023FB7162B600BF00F0FCFFF1F782FC0346002B04D10121FB
:2094200040F2071000F086FA00F0F0FF012000F043FEF8F7DCFE03461A46FB791344FB7199
:20944000802200213E4801F06DFDF9F7D7FBF6F72DFC0120F9F7A0FA03461D460220F9F727
:209460009BFA03461E460320F9F796FA034698460420F9F791FA034699460520F9F78CFA7E
:2094800003461C460620F9F787FA0346019300944B46424631462846F9F7F2FCF9F7FEFA55
:2094A000F9F726FB2748FFF73DFF0346002B03D1222001F00BF802E0222001F02BF8224BD7
:2094C000002B25D0214B002B22D0F9F73FFB0346AA2B0CD1132001F043F80346002B06D015
:2094E000194B042219461A4801F02AFD10E0F9F72DFB0346552B0BD1142001F031F80346C5
:20950000002B05D0114B04221946114801F018FDF9F74AFB0346A52B0DD1F5F76BFB41202C
:2095200000F0D4FF3F2000F0F5FF402000F0F2FF432000F0CBFF00BF0C37BD46BDE8F083AA
:2095400090E80020E0E9002070E2020064E20200D4E9002080B586B000AF43F608033B6018
:2095600000237B600023BB600023FB6000233B820023BB740023FB740A490B48EAF7D0FA1C
:209580000346FB75FB7D002B06D13B4619460648EAF724FB0346FB75FB7D18461837BD4689
:2095A00080BD00BF5CCD020078B2002080B586B000AF01233B712A48EAF728FB38613B699D
:2095C000002B01D0274B43E00023FB750EE03B1D19462348EAF73DFB38613B69002B02D103
:2095E0003B79002B06D0FB7D0133FB75FB7D052BEDD900E000BF3B79002B04D01848EAF799
:2096000017FB184B24E0BB1D1A4603211448EAF737FB1348EAF70CFBFB8807EE903AF8EE9B
:20962000E77A9FED117A27EE877ADFED106AC7EE267AC7ED037AD7ED037A9FED0D7A37EE57
:20964000C77AF2EE046AC7EE267AC7ED027ABB6807EE903AB0EE670A1837BD4680BD00BFB7
:2096600078B2002000C079C400803B4500F07F450000FA4380B582B000AF16491648EBF7FD
:20968000A5FA0346FB71FB79002B01D0FB791CE0002200211048EBF7BDFA0346FB71FB7939
:2096A000002B01D0FB7910E00C490D48EAF74AFE0346FB71FB79002B03D10A4B01221A704D
:2096C00002E0084B00221A70FB7918460837BD4680BD00BFA8CA0200C0B0002038CD02008E
:2096E00050B20020E4E9002080B584B000AF786039600023FB73074B00229A703A68796840
:209700000548EAF769FF0346FB73FB7B18461037BD4680BDE4E9002050B2002080B483B02B
:2097200000AF78607B68002B06D0064B1B78002B02D0044A7B68936000BF0C37BD465DF85F
:20974000047B7047E4E9002080B483B000AF0346FB71FB79002B14BF01230023DAB2044B87
:209760005A7000BF0C37BD465DF8047B704700BFE4E9002080B588B000AF786007F10C03E8
:2097800000221A605A609A60DA601A617B689B88B3F5804F59D0B3F5804F5BDCB3F5005F69
:2097A00053D0B3F5005F55DCB3F5805F4DD0B3F5805F4FDCB3F5006F29D0B3F5006F49DCAC
:2097C000B3F5806F27D0B3F5806F43DCB3F5007F3BD0B3F5007F3DDCB3F5807F35D0B3F57F
:2097E000807F37DC202B0FDC022B33DB023B1C4A22FA03F303F00103002B14BF01230023F5
:20980000DBB2002B21D125E0802B1ED022E0154B01229A701FE0134B01225A707B6803F150
:20982000140107F10C031422184601F089FB0D4B9B6807F10C02104698477B68143314220D
:209840000021184601F06EFB05E07B689A88054B9A8000E000BF00BF2037BD4680BD00BF27
:2098600045400040E4E9002080B400AF1EF0040F0CBFEFF30880EFF3098000F005B800BF26
:20988000BD465DF8047B704780B483B000AF78601C4B1D4A1A607B681B681A4A53617B68A3
:2098A0005B68184A93617B689B68164AD3617B68DB68144A13627B681B69124A53627B68C1
:2098C0005B69104A93607B689B690E4A53607B68DB690C4A13616B460A4AD3600B4BDB6AC1
:2098E000084A9362094B9B6A064AD362074B5B6B044A1363054B9B6B024A536300BE00BF92
:20990000FDE700BFF00A0020EFBEADDE00ED00E080B582B000AF05490548EDF76FFA7860AF
:209920007B68DBB218460837BD4680BDCCCE0200D0B0002080B584B000AF03460A46FB8072
:2099400013467B717A79FB8819460548EDF77EFAF860FB68DBB218461037BD4680BD00BF58
:20996000D0B0002080B584B000AF0346FB71FA79114913465B0013440B441B781BB21B02D6
:2099800019B2FA790C4813465B001344034401331B781BB20B431BB29BB2FB81FB899BB29A
:2099A000064A19460648EDF73DFA044B1B7818461037BD4680BD00BF98CF0200F0E90020A7
:2099C000D0B0002080B582B000AF0023FB71084B9B681B68064A126805494968104698476B
:2099E0000346FB71FB7918460837BD4680BD00BF50CC020090B587B000AF786039600023C5
:209A0000FB7572B600BF154B9B689B68134A10683A687968984738613B69002B02D0FB7DA0
:209A20000133FB750D4B9B68DC680C4B186807F10F033A687968A04738613B69002B02D15D
:209A4000FB7B002B02D0FB7D0133FB7562B600BFFB7D18461C37BD4690BD00BF50CC02004A
:209A600090B589B000AFF860B9607A600023FB6100237B837B68DB097A6802F07F02002A88
:209A800001D0012200E0002213447B6000237B76FB68B3F5002F03D905237B767B7E3DE045
:209AA00072B600BF0023FB6131E0FB681D4A934224D81D4B9B685C681B4B18687B8BBA6857
:209AC000134419468023FA68A04778617B69002B02D07B7E01337B767B7E002B08D1FB68AC
:209AE0008033FB607B8B80337B8300237B760BE005237B7662B600BF7B7E0FE005237B76B1
:209B000062B600BF7B7E09E0FB690133FB61FA697B689A42C9D362B600BF7B7E1846243751
:209B2000BD4690BD80FF070050CC020080B584B000AF786039600123FB730023BB603A6836
:209B40007B68D31ADB0BBB60B9687868FFF752FF0346002B02D10023FB7301E00223FB73A0
:209B6000FB7B18461037BD4680BDFFFF80B487B000AFF860B9607A6000237B610023FB7496
:209B80007B689B087A6802F00302002A01D0012200E0002213447B6000237B6115E0FB68BD
:209BA0000F4A93420AD8FA687B699B00B9680B4412681A60FB680433FB6003E00523FB74E1
:209BC000FB7C07E07B6901337B617A697B689A42E5D3FB7C18461C37BD465DF8047B704723
:209BE000FCFF070080B487B000AFF860B9607A6000237B610AE0BA687B691A44F9687B696C
:209C00000B4412781A707B6901337B617A697B689A42F0D300BF00BF1C37BD465DF8047BE0
:209C2000704780B487B000AFF860B9607A6000237B610EE0FA687B6913441A78B9687B69E7
:209C40000B441B789A4201D0012307E07B6901337B617A697B689A42ECD3002318461C3741
:209C6000BD465DF8047B704780B582B000AF0023FB710B490B48ECF797FB0346DAB2FB794C
:209C80001344FB710748ECF7C3FB0346DAB2FB791344FB71FB7918460837BD4680BD00BFF5
:209CA00008CC020038B1002080B588B000AF0346FB710023FB770023BB6100237B610023FE
:209CC0003B720023FB6000233B61FB79002B05D12048ECF78BFB0346FB7736E007F1080380
:209CE00019461C48ECF747FC0346FB773B697B61FB797A6902FB03F3174AA2FB03235B096E
:209D0000BB611448ECF772FB0346FB771148ECF791FB0346FB7711490E48ECF745FB034621
:209D2000FB770022B9690B48ECF796FB0346FB77084B9B68BA69DA64064B9B68BA695A65FE
:209D40000448ECF765FB0346FB77FB7F18462037BD4680BD38B100201F85EB5108CC02008B
:209D600080B58AB000AF17491748EDF71BFD78627B6A002B01D0012320E03B462422002143
:209D8000184601F0CFF81B237B601223BB600123FB6001233B617D237B610323BB613B46C6
:209DA00019460948EDF72AFD78627B6A002B01D0012303E0054B01221A7000231846283749
:209DC000BD4680BDBCCA0200D8B00020F1E9002080B584B000AF78600D4B1B7883F00103C7
:209DE000DBB2002B02D17B68002B01D101230AE079680848EDF702FDF860FB68002B01D11E
:209E0000002300E0022318461037BD4680BD00BFF1E90020D8B0002080B584B000AF7860E4
:209E20000D4B1B7883F00103DBB2002B02D17B68002B01D101230AE079680848EDF748FDED
:209E4000F860FB68002B01D1002300E0022318461037BD4680BD00BFF1E90020D8B00020DC
:209E600080B582B000AF0023FB7105490548EEF7AFF80346FB71FB7918460837BD4680BD10
:209E8000F4CC020024B2002080B584B000AF786039600023BB73114B00221A700A23FB738D
:209EA00007233A6879680E48EEF7EEF80346BB7307E04FF47A710120E9F702FBFB7B013B98
:209EC000FB73064B1B78DBB2002B02D1FB7B002BEFD1BB7B18461037BD4680BDF2E900202E
:209EE00024B2002080B483B000AF78607B681B79012B02D1044B01221A7000BF0C37BD4607
:209F00005DF8047B704700BFF2E9002080B582B000AF0023FB7105490548EFF7EFF90346A5
:209F2000FB71FB7918460837BD4680BD9CCC0200E4B1002080B584B000AF78603960002399
:209F4000BB73114B00221A700A23FB7307233A6879680E48EFF722FA0346BB7307E04FF48A
:209F60007A710120E9F7ACFAFB7B013BFB73064B1B78DBB2002B02D1FB7B002BEFD1BB7B29
:209F800018461037BD4680BDF3E90020E4B1002080B584B000AF786039600023BB73114BF5
:209FA00000221A703223FB7307233A6879680E48EFF7E0F90346BB7307E04FF47A710120C3
:209FC000E9F77EFAFB7B013BFB73064B1B78DBB2002B02D1FB7B002BEFD1BB7B184610375E
:209FE000BD4680BDF3E90020E4B1002080B588B002AFF860B9607A600023BB753223FB75EF
:20A00000072300937B68BA68F9680D48EFF7DAF90346BB7507E04FF47A710120E9F750FA36
:20A02000FB7D013BFB75074B1B78DBB2002B02D1FB7D002BEFD1BB7D18461837BD4680BD04
:20A04000E4B10020F3E9002080B483B000AF78607B681B79012B02D1044B01221A7000BF30
:20A060000C37BD465DF8047B704700BFF3E9002080B582B000AF0023FB710B490B48ECF725
:20A0800093F90346DAB2FB791344FB7108490948ECF78AF90346DAB2FB791344FB71FB79A0
:20A0A00018460837BD4680BDACCB020018B1002018CB0200F0B0002080B584B000AF03465B
:20A0C000FB710023FB73FB79012B0AD10C48ECF79FF90346FB730B48ECF79AF90346FB7302
:20A0E00009E00748ECF782F90346FB730548ECF77DF90346FB73FB7B18461037BD4680BD5B
:20A1000018B10020F0B0002080B483B000AF786039607B68002B08D03B68002B05D0064A36
:20A120007B681360054A3B68136000BF0C37BD465DF8047B704700BFF4E90020F8E9002017
:20A1400080B582B000AF7860054B1B689847054B1B680133034A136000BF0837BD4680BD5A
:20A16000F4E90020FCE9002080B582B000AF7860054B1B689847054B1B680133034A136076
:20A1800000BF0837BD4680BDF8E9002000EA002080B584B000AF0346FB710023FB73FB79A4
:20A1A000002B02D0012B1DD023E014491448EEF7A5FB0346FB73134B0122A3F8C022114B37
:20A1C000B3F8C0321A461049002000F089F8FB7B002B03D10B4B01221A700AE0094B0022C0
:20A1E0001A7006E005490648EEF788FB0346FB7300BFFB7B18461037BD4680BD70CC0200DC
:20A20000B4B1002004EA002007EA002080B586B000AF0346B9607A60FB730023FB75002320
:20A22000BB82FB7B002B02D0012B19D033E000237B8210E07B8ABA681344012219461A48D4
:20A24000EEF761FC0346FB7501210F20E9F738F97B8A01337B827B8A7A689A42EAD81AE0EC
:20A260007A68B9681048EEF74EFC0346FB7507E0BB8A0533BB824FF47A710F20E9F720F9A4
:20A280000A4B9B7883F00103DBB2002B02D0BB8A182BEDD900BF054B00229A70FB7D1846F6
:20A2A0001837BD4680BD00BFB4B1002004EA002080B483B000AF78607B68002B07D0074B98
:20A2C0001B78002B03D0054A7B68C2F8C43200BF0C37BD465DF8047B704700BF04EA0020AE
:20A2E00080B586B000AF0346B9607A60FB730023FB75FB7B002B02D0012B0DD019E07A68B0
:20A30000B9681048EEF7E8FB0346FB757B689AB20D4BA3F8C0220CE07A68B9680948EEF71A
:20A32000DBFB0346FB757B689AB2074BA3F8C02200BF054B00225A70FB7D18461837BD466D
:20A3400080BD00BFB4B1002004EA002080B400AF044B0122A3F8C02200BFBD465DF8047B06
:20A36000704700BF04EA002080B582B000AF78607B681B79042B20D0042B15DC012B02D0B7
:20A38000022B0DD010E00F4B01225A700D4BD3F8C4320C4AB2F8C02211460B4898470DE00B
:20A3A000084B01229A7009E0064BB3F8C0321A4605490020FFF794FF00E000BF00BF083752
:20A3C000BD4680BD04EA002007EA002080B582B000AF0023FB710A4A136923F0020313611D
:20A3E00008490948EFF74AFD0346002B02D0FB790133FB71FB7918460837BD4680BD00BF24
:20A4000000B0014028CC020058B1002080B582B000AF0023FB710748EFF77EFD0346002B63
:20A4200002D0FB790133FB71FB7918460837BD4680BD00BF58B1002080B582B000AF0423C0
:20A44000FB71204B93F81034C3F30003DBB2002B06D01C4B002283F810240123FB712BE03C
:20A46000184BB3F8C030C3F34003DBB2002B12D0144B0022A3F8C0200023BB71BB1D1946C9
:20A480001148EFF75DFDBB7919460F48EFF764FD0323FB7110E00B4BB3F8C030C3F3800346
:20A4A000DBB2002B06D0074B0022A3F8C0200223FB7101E00423FB71FB7918460837BD4606
:20A4C00080BD00BF00E0014058B1002080B485B000AF0346FB71FB79432B12D8FB795B09C5
:20A4E000FB73FB7903F01F03BB73FB7B084A52F82310BB7B01229A40FB7B0A43044941F876
:20A50000232000BF1437BD465DF8047B704700BFCCEC002080B485B000AF0346FB71FB7988
:20A52000432B14D8FB795B09FB73FB7903F01F03BB73FB7B094A52F82310BB7B012202FA29
:20A5400003F3DA43FB7B0A40044941F8232000BF1437BD465DF8047B704700BFCCEC002030
:20A5600080B485B000AF0346FB71FB79432B15D8FB795B09FB73FB7903F01F03BB73FB7BCC
:20A580000A4A52F82320BB7B22FA03F303F00103002B14BF01230023DBB200E00023184668
:20A5A0001437BD465DF8047B704700BFCCEC002080B500AFF7F78EF900BF80BD80B582B06F
:20A5C00000AF0346FB71FB79022B03D103490448ECF714FC00BF0837BD4680BDCCCE02003D
:20A5E000D0B0002081F0004102E000BF83F0004330B54FEA41044FEA430594EA050F08BF75
:20A6000090EA020F1FBF54EA000C55EA020C7FEA645C7FEA655C00F0E2804FEA5454D4EBF5
:20A620005555B8BF6D420CDD2C4480EA020281EA030382EA000083EA010180EA020281EA5E
:20A640000303362D88BF30BD11F0004F4FEA01314FF4801C4CEA113102D0404261EB410169
:20A6600013F0004F4FEA03334CEA133302D0524263EB430394EA050F00F0A780A4F1010460
:20A68000D5F1200E0DDB02FA0EFC22FA05F2801841F1000103FA0EF2801843FA05F3594196
:20A6A0000EE0A5F120050EF1200E012A03FA0EFC28BF4CF0020C43FA05F3C01851EBE371C4
:20A6C00001F0004507D54FF0000EDCF1000C7EEB00006EEB0101B1F5801F1BD3B1F5001F86
:20A6E0000CD349085FEA30004FEA3C0C04F101044FEA445212F5800F80F09A80BCF1004F4B
:20A7000008BF5FEA500C50F1000041EB045141EA050130BD5FEA4C0C404141EB0101013C60
:20A7200028BFB1F5801FE9D291F0000F04BF01460020B1FA81F308BF2033A3F10B03B3F1F9
:20A7400020020CDA0C3208DD02F1140CC2F10C0201FA0CF021FA02F10CE002F11402D8BF69
:20A76000C2F1200C01FA02F120FA0CFCDCBF41EA0C019040E41AA2BF01EB0451294330BD4E
:20A780006FEA04041F3C1CDA0C340EDC04F11404C4F1200220FA04F001FA02F340EA0300CE
:20A7A00021FA04F345EA030130BDC4F10C04C4F1200220FA02F001FA04F340EA0300294631
:20A7C00030BD21FA04F0294630BD94F0000F83F4801306BF81F480110134013D4EE77FEAA8
:20A7E000645C18BF7FEA655C29D094EA050F08BF90EA020F05D054EA000C04BF1946104624
:20A8000030BD91EA030F1EBF0021002030BD5FEA545C05D14000494128BF41F0004130BDD4
:20A8200014F580043CBF01F5801130BD01F0004545F0FE4141F470014FF0000030BD7FEA37
:20A84000645C1ABF194610467FEA655C1CBF0B46024650EA013406BF52EA033591EA030FD7
:20A8600041F4002130BD00BF90F0000F04BF0021704730B54FF4806404F132044FF0000531
:20A880004FF0000150E700BF90F0000F04BF0021704730B54FF4806404F1320410F00045DC
:20A8A00048BF40424FF000013EE700BF42004FEAE2014FEA31014FEA02701FBF12F07F43D5
:20A8C00093F07F4F81F06051704732F07F4208BF704793F07F4F04BF41F40021704730B5E7
:20A8E0004FF4607401F0004521F000411CE700BF50EA010208BF704730B54FF000050AE029
:20A9000050EA010208BF704730B511F0004502D5404261EB41014FF4806404F132045FEACF
:20A92000915C3FF4D8AE4FF003025FEADC0C18BF03325FEADC0C18BF033202EBDC02C2F135
:20A94000200300FA03FC20FA02F001FA03FE40EA0E0021FA02F11444BDE600BF70B54FF06F
:20A96000FF0C4CF4E06C1CEA11541DBF1CEA135594EA0C0F95EA0C0F00F0DEF82C4481EAB7
:20A98000030621EA4C5123EA4C5350EA013518BF52EA033541F4801143F4801338D0A0FB6C
:20A9A00002CE4FF00005E1FB02E506F00042E0FB03E54FF00006E1FB03569CF0000F18BFD9
:20A9C0004EF0010EA4F1FF04B6F5007F64F5407404D25FEA4E0E6D4146EB060642EAC621E2
:20A9E00041EA55514FEAC52040EA5E504FEACE2EB4F1FD0C88BFBCF5E06F1ED8BEF1004F72
:20AA000008BF5FEA500E50F1000041EB045170BD06F0004646EA010140EA020081EA0301D0
:20AA2000B4EB5C04C2BFD4EB0C0541EA045170BD41F480114FF0000E013C00F3AB8014F1A6
:20AA4000360FDEBF002001F0004170BDC4F10004203C35DA0C341BDC04F11404C4F1200553
:20AA600000FA05F320FA04F001FA05F240EA020001F0004221F0004110EBD37021FA04F6E0
:20AA800042EB06015EEA430E08BF20EAD37070BDC4F10C04C4F1200500FA04F320FA05F009
:20AAA00001FA04F240EA020001F0004110EBD37041F100015EEA430E08BF20EAD37070BDFC
:20AAC000C4F1200500FA05F24EEA020E20FA04F301FA05F243EA020321FA04F001F00041ED
:20AAE00021FA04F220EA020000EBD3705EEA430E08BF20EAD37070BD94F0000F0FD101F0CD
:20AB00000046400041EB010111F4801F08BF013CF7D041EA060195F0000F18BF704703F0CB
:20AB20000046520043EB030313F4801F08BF013DF7D043EA0603704794EA0C0F0CEA1355F3
:20AB400018BF95EA0C0F0CD050EA410618BF52EA4306D1D181EA030101F000414FF0000049
:20AB600070BD50EA410606BF1046194652EA430619D094EA0C0F02D150EA013613D195EAFF
:20AB80000C0F05D152EA03361CBF104619460AD181EA030101F0004141F0FE4141F470012D
:20ABA0004FF0000070BD41F0FE4141F4780170BD70B54FF0FF0C4CF4E06C1CEA11541DBF9C
:20ABC0001CEA135594EA0C0F95EA0C0F00F0A7F8A4EB050481EA030E52EA03354FEA013152
:20ABE00000F088804FEA03334FF0805545EA131343EA12634FEA022245EA111545EA10658D
:20AC00004FEA00260EF000419D4208BF964244F1FD0404F5407402D25B084FEA3202B61AC1
:20AC200065EB03055B084FEA32024FF480104FF4002CB6EB020E75EB030E22BFB61A75461C
:20AC400040EA0C005B084FEA3202B6EB020E75EB030E22BFB61A754640EA5C005B084FEA3E
:20AC60003202B6EB020E75EB030E22BFB61A754640EA9C005B084FEA3202B6EB020E75EB6B
:20AC8000030E22BFB61A754640EADC0055EA060E18D04FEA051545EA16754FEA06164FEA5B
:20ACA000C30343EA52734FEAC2025FEA1C1CC0D111F4801F0BD141EA00014FF000004FF0A3
:20ACC000004CB6E711F4801F04BF01430020B4F1FD0C88BFBCF5E06F3FF6AFAEB5EB030C8A
:20ACE00004BFB6EB020C5FEA500C50F1000041EB045170BD0EF0004E4EEA113114EB5C0429
:20AD0000C2BFD4EB0C0541EA045170BD41F480114FF0000E013C90E645EA060E8DE60CEAC3
:20AD2000135594EA0C0F08BF95EA0C0F3FF43BAF94EA0C0F0AD150EA01347FF434AF95EADC
:20AD40000C0F7FF425AF104619462CE795EA0C0F06D152EA03353FF4FDAE1046194622E748
:20AD600050EA410618BF52EA43067FF4C5AE50EA41047FF40DAF52EA43057FF4EBAE12E7D9
:20AD80004FEA4102B2F1E04324BFB3F5001CDCF1FE5C0DD901F0004C4FEAC0024CEA50708F
:20ADA000B2F1004F40EB830008BF20F00100704711F0804F21D113F13872BCBF01F0004048
:20ADC000704741F480114FEA5252C2F11802C2F1200C10FA0CF320FA02F018BF40F0010050
:20ADE0004FEAC1234FEAD32303FA0CFC40EA0C0023FA02F34FEA4303CCE77FEA625307D192
:20AE000050EA01331EBF4FF0FE4040F44000704701F0004040F0FE4040F40000704700BFF6
:20AE2000D0B500220B4B06460F46FFF797FD00F015F80446FFF718FD0022074BFFF78EFDA3
:20AE400002460B4630463946FFF7D0FB00F006F82146D0BD0000F03D0000F0414A0011D236
:20AE600012F5001211D20DD56FF47873B3EB62520ED44FEAC12343F0004343EA505323FAF2
:20AE800002F070474FF00000704750EA013002D14FF0FF3070474FF0000070470CB4184B97
:20AEA00030B50C1E9DB01D6808DA8B234FF0FF302B601DB0BDE8304002B070474FF4027325
:20AEC0000290069002A9ADF8143014BF04F1FF332346209A2846049307934FF6FF73ADF89E
:20AEE000163021AB019300F09BF8431CBCBF8B232B60002CDDD0029B00221A70D9E700BF75
:20AF0000780A00200139024410B5904201D1002005E0037811F8014FA34201D0181B10BD17
:20AF20000130F2E702440346934200D1704703F8011BF9E7014B1868704700BF780A002040
:20AF40000A44431E914200D1704710B511F8014B914203F8014FF9D110BD034613F8012B98
:20AF6000002AFBD1181A013870472DE9F0471F468E6882460C46BE4290460B682DD8B1F9FF
:20AF80000C2012F4906F26D06569096905EB4505A3EB01097B1C05EBD5754B446D109D42BC
:20AFA00038BF1D46530527D5294600F059FB064660B34A462169FFF7C3FFA38923F49063C9
:20AFC00043F08003A38126614E446561A5EB090526603E46A560BE4200D93E4632464146AF
:20AFE000206800F0A9FAA36800209B1BA360236833442360BDE8F0872A4600F0BDFB06464D
:20B000000028E0D12169504600F0BEFA0C234FF0FF30CAF80030A38943F04003A381E9E76A
:20B020002DE9F04F98468B899DB007461B060D46144610D50B6973B9402100F011FB2860F7
:20B04000286130B90C233B604FF0FF301DB0BDE8F08F40236B610023CDF80C804FF0010969
:20B06000DFF8A081099320238DF8293030238DF82A3023469A4613F8012B0AB1252AF9D195
:20B08000BAEB040B0BD05B46224629463846FFF76CFF013000F0A780099A5A4409929AF814
:20B0A0000030002B00F09F8000234FF0FF320AF1010A049307938DF853301A93CDE90523C9
:20B0C000544605224F4814F8011B00F04FFA049AD8B9D00644BF20238DF85330110744BF49
:20B0E0002B238DF853309AF800302A2B15D0079A544600204FF00A0C214611F8013B303B37
:20B10000092B4BD9B0B1079214E0A0EB0803A24609FA03F313430493D2E7039B191D1B6875
:20B12000002B0391BBBF5B4242F0020207930793B8BF049223782E2B0AD163782A2B32D1C0
:20B14000039B02341A1D1B6843EAE37303920593DFF8C0A003222178504600F007FA38B14C
:20B16000A0EB0A004022049B013482401343049314F8011B062224488DF8281000F0F6F9FD
:20B18000002836D0214B1BBB039B073323F0070308330393099B334409936AE70CFB023236
:20B1A0000C460120A8E7002301344FF00A0C19460593204610F8012B303A092A03D9002BAB
:20B1C000C6D00591C4E70CFB012104460123F0E703AB2A4604A9384600930D4BAFF30080D4
:20B1E000421C0646D6D1AB895B063FF52DAF09982CE703AB2A4604A938460093044B00F08A
:20B200007DF8EDE7E1E20200EBE20200000000006BAF0200E7E202002DE9F04716469846E3
:20B220008A6807460B690C46DDF820909342B8BF1346336091F843200AB101333360236853
:20B24000990642BF336802333360256815F0060506D104F1190AE36832689B1AAB422BDCD1
:20B2600094F843302268003B18BF0123920630D404F1430241463846C847013023D0236876
:20B280001A3454F80A2C03F00603042B0ABF54F80E5C002533684FF0000608BFED1A54F815
:20B2A000123C08BF25EAE5759342C4BF9B1AED18B5421AD1002008E0012352464146384653
:20B2C000C847013003D14FF0FF30BDE8F0870135C1E7E1185A1C30200233224481F84300DC
:20B2E00094F8451082F84310C2E70123224641463846C8470130E6D00136D9E72DE9FF471D
:20B300000F7E914680460C46782F9A460C9E01F1430207D8622F0AD8002F00F0D180582F00
:20B3200000F0B88004F1420684F842703AE0A7F16303152BF6D801A151F823F095B302000C
:20B34000A9B3020025B3020025B3020025B3020025B30200A9B3020025B3020025B3020015
:20B3600025B3020025B30200A7B40200D3B3020061B4020025B3020025B30200C9B40200EA
:20B3800025B30200D3B3020025B3020025B3020069B4020033681A1D1B68326004F1420654
:20B3A00084F8423001239CE033682068191D3160060601D51D6803E04506FBD5B3F90050B4
:20B3C000002D03DA2D236D4284F8433058480A2311E021683368080653F8045B02D44906B6
:20B3E00048BFADB26F2F3360514814BF0A230823002184F843106668002EA66005DB216897
:20B400002E4321F0040121604BD01646B5FBF3F103FB1157C75D06F8017D2F460D46BB424E
:20B42000F4D9082B0BD12368DF0708D5236961689942DEBF302306F8013C06F1FF36921BAE
:20B4400022614B4603AA21464046CDF800A0FFF7E3FE01304AD14FF0FF3004B0BDE8F08778
:20B46000236843F02003236078273248236884F845701F06316851F8045B02D45F0648BFEB
:20B48000ADB23160D90744BF43F0200323601DB11023ADE72648E9E7236823F020032360E9
:20B4A000F6E71646BDE733682568181D616930602E061B6801D5196002E06806FBD5198039
:20B4C000002316462361BCE7336800211A1D32601E686268304600F049F808B1801B606036
:20B4E00063682361002384F84330AAE72369324649464046D0470130ADD023689B0713D468
:20B50000E068039B9842B8BF1846A6E70123324649464046D04701309DD00135E368039986
:20B520005B1AAB42F2DCEBE7002504F11906F5E7F2E2020003E30200884210B501EB0204B5
:20B5400002D98442234607D8431EA14208D011F8012B03F8012FF8E7024401468A4200D17D
:20B5600010BD13F8014D02F8014DF7E7C9B20346024410B59342184601D1002003E004782C
:20B5800001338C42F6D110BD38B50546002941D051F8043C0C1F002BB8BFE41800F0E0F889
:20B5A0001D4A136833B9636014602846BDE8384000F0DCB8A34208D9206821188B4201BF63
:20B5C00019685B6809182160EDE71A465B680BB1A342FAD911685018A0420BD120680144AE
:20B5E000501811608342E0D118685B68084453601060DAE702D90C232B60D6E72068211876
:20B600008B4202BF19685B680918636008BF21605460CAE738BD00BFDCEC002070B50F4EA9
:20B620000C460546316811B900F0D4F830602146284600F0CFF8431C03D14FF0FF34204627
:20B6400070BDC41C24F00304A042F8D0211A284600F0C0F80130F2D1EFE700BFD8EC00205A
:20B660002DE9F843CD1C064625F0030508350C2D38BF0C25002D01DBA94204D90C233360F6
:20B680000020BDE8F883DFF8D48000F069F8D8F800301C4644BB29463046FFF7BFFF431C95
:20B6A000044658D1D8F800402746002F43D1002C4BD023683946304604EB030900F08AF823
:20B6C000814542D1216830466D1A2946FFF7A6FF01303AD023682B442360D8F800305A6887
:20B6E00062BBC8F800700FE02268521B20D40B2A17D96119A342256018BF5960636808BFF8
:20B70000C8F8001062514B60304600F02FF804F10B00231D20F00700C21A1CBF1B1AA35038
:20B72000AFE76268A3420CBFC8F800205A60EBE723466468AEE73C467F68B6E71A465B689A
:20B74000A342FBD100235360DEE70C233046336000F00CF894E70560D6E700BFDCEC00202D
:20B76000014800F047B800BFE0EC0020014800F042B800BFE0EC00202DE9F041074614461A
:20B780000D4621B91146BDE8F041FFF769BF2AB92546FFF7F9FE2846BDE8F08100F02CF85E
:20B7A0008442064602D8B4EB500FF4D821463846FFF756FF804608B94546ECE7B442224660
:20B7C000294628BF3246FFF7BBFB29463846FFF7DBFEF1E738B50023054D044608462B60D6
:20B7E000E8F788F8431C02D12B6803B1236038BDE4EC00207047704751F8043C181F002BB0
:20B80000BCBF0B58C01870475FF800F0A90300205FF800F07D0600205FF800F01908002036
:20B820005FF800F0810100205FF800F0190600205FF800F0350300205FF800F0A1040020EE
:20B840005FF800F0F901002000000805352E382E300000004275696C742077697468205233
:20B86000656E6573617320416476616E63656420466C657869626C6520536F6674776172C2
:20B8800065205061636B6167652076657273696F6E20352E382E30002820282075696E74E8
:20B8A000385F74202A20292028207078426C6F636B2029203E3D20262820756348656170E7
:20B8C0005B2030205D20292029202626202820282075696E74385F74202A2029202820705C
:20B8E00078426C6F636B2029203C3D202628207563486561705B2028343039363029202D03
:20B900002031205D2029202900000000433A2F55736572732F7361726176616E612F446FAB
:20B9200063756D656E74732F424D532F7278795F30315F6474755F7261345F6E35385F6199
:20B9400070706C69636174696F6E2E7A69705F657870616E6465642F7278795F30315F6476
:20B9600074755F7261345F6E35385F6170706C69636174696F6E2F72612F6177732F4672E8
:20B98000656552544F532F4672656552544F532F536F757263652F706F727461626C652F45
:20B9A0004D656D4D616E672F686561705F342E63000000002820282075696E74385F742079
:20B9C0002A2029202820707652657475726E2029203E3D202628207563486561705B2030B3
:20B9E000205D20292029202626202820282075696E74385F74202A202920282070765265B9
:20BA00007475726E2029203C3D202628207563486561705B2028343039363029202D20312A
:20BA2000205D202920290000282028207078426C6F636B2D3E78426C6F636B53697A65200B
:20BA400029203C2028207857616E74656453697A6520292029203D3D203000002820282077
:20BA6000282073697A655F7420292070784E6577426C6F636B4C696E6B2029202620282005
:20BA800030783030303720292029203D3D20300028202820282073697A655F74202920707C
:20BAA0007652657475726E2029202620282073697A655F74202920282030783030303720CB
:20BAC000292029203D3D2030000000002820282075696E74385F74202A20292028207078CC
:20BAE0004C696E6B2029203E3D202628207563486561705B2030205D2029202920262620AA
:20BB00002820282075696E74385F74202A202920282070784C696E6B2029203C3D20262809
:20BB2000207563486561705B2028343039363029202D2031205D2029202900002820282083
:20BB4000282070784C696E6B2D3E78426C6F636B53697A65202920262028202820282073C4
:20BB6000697A655F74202920312029203C3C202820282073697A656F66282073697A655F8D
:20BB8000742029202A202820282073697A655F742029203820292029202D203120292029FD
:20BBA000202920213D2030202920213D2030000070784C696E6B2D3E70784E657874467237
:20BBC0006565426C6F636B203D3D202828766F6964202A29302900002820282075696E74D8
:20BBE000385F74202A202920282070784974657261746F722029203E3D202628207563487B
:20BC00006561705B2030205D20292029202626202820282075696E74385F74202A2029209A
:20BC2000282070784974657261746F722029203C3D202628207563486561705B20283430BD
:20BC400039363029202D2031205D2029202900FF7076506F72744D616C6C6F6300FFFFFF90
:20BC600076506F72744672656500FFFF707276496E73657274426C6F636B496E746F46721F
:20BC800065654C69737400FF7078517565756500433A2F55736572732F7361726176616E79
:20BCA000612F446F63756D656E74732F424D532F7278795F30315F6474755F7261345F6E00
:20BCC00035385F6170706C69636174696F6E2E7A69705F657870616E6465642F7278795FEA
:20BCE00030315F6474755F7261345F6E35385F6170706C69636174696F6E2F72612F61779B
:20BD0000732F4672656552544F532F4672656552544F532F536F757263652F7175657565CA
:20BD20002E6300007852657475726E20213D2028202820282042617365547970655F7420F4
:20BD4000292030202920290070784E65775175657565000070784D75746578007848616E37
:20BD6000646C6500212820282070764974656D546F5175657565203D3D202828766F6964E4
:20BD8000202A2930292029202626202820707851756575652D3E75784974656D53697A654B
:20BDA00020213D2028205542617365547970655F7420292030552029202900002128202847
:20BDC0002078436F7079506F736974696F6E203D3D202820282042617365547970655F74A1
:20BDE0002029203220292029202626202820707851756575652D3E75784C656E677468207B
:20BE0000213D203120292029000000002128202820785461736B4765745363686564756C3D
:20BE2000657253746174652829203D3D202820282042617365547970655F742029203020E6
:20BE4000292029202626202820785469636B73546F5761697420213D20302029202900006E
:20BE600028206354784C6F636B202920213D2028202820696E74385F7420292031323720D2
:20BE800029000000707851756575652D3E75784974656D53697A65203D3D20300000000020
:20BEA0002128202820707851756575652D3E706348656164203D3D202828766F6964202A2E
:20BEC0002930292029202626202820707851756575652D3E752E7853656D6170686F7265AC
:20BEE0002E784D75746578486F6C64657220213D202828766F6964202A293029202920292D
:20BF000000000000282070785175657565202900212820282028207076427566666572204A
:20BF200029203D3D202828766F6964202A2930292029202626202820282070785175657563
:20BF40006520292D3E75784974656D53697A6520213D2028205542617365547970655F7486
:20BF600020292030552029202900000021282028207076427566666572203D3D20282876D0
:20BF80006F6964202A2930292029202626202820707851756575652D3E75784974656D5355
:20BFA000697A6520213D2028205542617365547970655F742029203055202920290000008E
:20BFC00028206352784C6F636B202920213D2028202820696E74385F742029203132372073
:20BFE00029000000707851756575652D3E75784974656D53697A6520213D203000000000DB
:20C00000785175657565000070785175657565536574436F6E7461696E6572007078517539
:20C02000657565536574436F6E7461696E65722D3E75784D65737361676573576169746964
:20C040006E67203C2070785175657565536574436F6E7461696E65722D3E75784C656E67F5
:20C06000746800FF78517565756547656E65726963526573657400FF785175657565476580
:20C080006E6572696343726561746500785175657565476976654D7574657852656375721F
:20C0A0007369766500FFFFFF78517565756554616B654D75746578526563757273697665FF
:20C0C00000FFFFFF78517565756547656E6572696353656E6400FFFF785175657565476578
:20C0E0006E6572696353656E6446726F6D49535200FFFFFF7851756575655265636569764B
:20C100006500FFFF78517565756553656D6170686F726554616B65007651756575654164F6
:20C1200064546F5265676973747279007072764E6F746966795175657565536574436F6E5D
:20C140007461696E657200FF0E00000028202820282075696E7433325F74202920707854DA
:20C160006F704F66537461636B202620282075696E7433325F7420292028203078303030A6
:20C180003720292029203D3D2030552029000000433A2F55736572732F7361726176616E75
:20C1A000612F446F63756D656E74732F424D532F7278795F30315F6474755F7261345F6EFB
:20C1C00035385F6170706C69636174696F6E2E7A69705F657870616E6465642F7278795FE5
:20C1E00030315F6474755F7261345F6E35385F6170706C69636174696F6E2F72612F617796
:20C20000732F4672656552544F532F4672656552544F532F536F757263652F7461736B73C4
:20C220002E63000075785072696F72697479203C20283135290000007578536368656475A2
:20C240006C657253757370656E646564203D3D2030000000707850726576696F7573576109
:20C260006B6554696D65000028207854696D65496E6372656D656E74203E2030552029001F
:20C2800075785363686564756C657253757370656E646564203D3D203155000075784E6587
:20C2A000775072696F72697479203C202831352900000000785461736B00000078546173C7
:20C2C0006B546F526573756D6500000049444C45000000007852657475726E20213D2028E3
:20C2E000202D31202900000075785363686564756C657253757370656E64656420213D20A2
:20C3000030550000707854434200000075785363686564756C657253757370656E646564A0
:20C32000203D3D2028205542617365547970655F74202920305500002820282028202820A8
:20C34000707844656C617965645461736B4C69737420292D3E75784E756D6265724F664906
:20C3600074656D73203D3D2028205542617365547970655F74202920302029203F20282014
:20C38000282042617365547970655F74202920312029203A202820282042617365547970C0
:20C3A000655F74202920302029202920290000007578546F705072696F726974790000004F
:20C3C00070784576656E744C6973740075785363686564756C657253757370656E646564A0
:20C3E00020213D2028205542617365547970655F74202920305500007078556E626C6F63D9
:20C400006B65645443420000707854696D654F757400000070785469636B73546F57616996
:20C4200074000000707854434220213D202828766F6964202A2930290000000070785443DC
:20C4400042203D3D20707843757272656E7454434200000070785443422D3E75784D7574ED
:20C460006578657348656C6400000000707854434220213D20707843757272656E745443C9
:20C48000420000007578496E646578546F576169744F6E203C202831290000007578496EBE
:20C4A000646578546F4E6F74696679203C20283129000000785461736B546F4E6F74696633
:20C4C00079000000785469636B436F756E74203D3D2028205469636B547970655F7420298C
:20C4E000203000002820282026282070785443422D3E784576656E744C6973744974656D1D
:20C50000202920292D3E7078436F6E7461696E65722029203D3D202828766F6964202A291B
:20C52000302900007578496E646578546F436C656172203C2028312900FFFFFF7072764977
:20C540006E697469616C6973654E65775461736B00FFFFFF765461736B44656C617900FF68
:20C56000765461736B53746172745363686564756C657200785461736B526573756D654148
:20C580006C6C00FF785461736B496E6372656D656E745469636B00FF765461736B5377694E
:20C5A000746368436F6E7465787400FF765461736B506C6163654F6E4576656E744C697383
:20C5C0007400FFFF765461736B506C6163654F6E4576656E744C69737452657374726963C4
:20C5E00074656400785461736B52656D6F766546726F6D4576656E744C69737400FFFFFF56
:20C60000785461736B436865636B466F7254696D654F757400FFFFFF785461736B50726910
:20C620006F72697479446973696E686572697400765461736B5072696F7269747944697325
:20C64000696E6865726974416674657254696D656F757400546D72205376630078526574EC
:20C6600075726E00433A2F55736572732F7361726176616E612F446F63756D656E74732F1B
:20C68000424D532F7278795F30315F6474755F7261345F6E35385F6170706C696361746904
:20C6A0006F6E2E7A69705F657870616E6465642F7278795F30315F6474755F7261345F6E43
:20C6C00035385F6170706C69636174696F6E2F72612F6177732F4672656552544F532F4610
:20C6E00072656552544F532F536F757263652F74696D6572732E630028207854696D657201
:20C70000506572696F64496E5469636B73203E20302029007854696D6572000078436F6DFA
:20C720006D616E644944203C202820282042617365547970655F74202920362029000000E8
:20C7400078436F6D6D616E644944203E3D202820282042617365547970655F74202920363B
:20C760002029000028207854696D65725461736B48616E646C6520213D202828766F696430
:20C78000202A2930292029002820707854696D65722D3E7854696D6572506572696F6449C3
:20C7A0006E5469636B73203E2030202900000000546D725100FFFFFF7854696D6572437267
:20C7C0006561746554696D65725461736B00FFFF707276496E697469616C6973654E65779B
:20C7E00054696D657200FFFF70727650726F636573735265636569766564436F6D6D616E81
:20C80000647300FF010002000800100036E0014038E0014090E4014032E0014080E40140CA
:20C820002AE001404AE0014075500100E550010029510100FD51010019520100CD510100F1
:20C84000E75101003D5201000D530100D5520100F152010000000000FFFF00000020000024
:20C860008000000000000100FFFF070000800000800000000200000054C80200000000080A
:20C88000FF1F0008400000000400000099570100395801008F5801000F590100B95A010046
:20C8A000F55A010081590100E55901000B5A0100BD5901002D5A01009B5A0100495A01006F
:20C8C000795A0100595B01008B5B0100A95B0100C75B0100E75B0100020403040404FFFF6A
:20C8E000FFFF00FF010203FF75635356434E756D626572203C3D203300000000433A2F551C
:20C90000736572732F7361726176616E612F446F63756D656E74732F424D532F7278795FFB
:20C9200030315F6474755F7261345F6E35385F6170706C69636174696F6E2E7A69705F6512
:20C940007870616E6465642F7278795F30315F6474755F7261345F6E35385F6170706C69E0
:20C96000636174696F6E2F72612F6673702F7372632F726D5F6672656572746F735F706F33
:20C9800072742F706F72742E630000002828285343425F54797065202A292028283078450B
:20C9A00030303045303030554C29202B20307830443030554C2920292D3E4943535220266C
:20C9C00020283078314646554C202929203D3D20300000007578437269746963616C4E65E2
:20C9E0007374696E67000000756C43757272656E745072696F72697479203E3D20282828B9
:20CA000028312929203C3C202838202D2034292929203E3E202838202D2034290000000051
:20CA20005F5F4E5649435F4765745072696F7269747947726F7570696E672829203C3D20D2
:20CA40002838202D203429202D20310076506F727453564348616E646C65725F4300FFFFA9
:20CA600076506F7274456E746572437269746963616C00FF76506F727445786974437269A0
:20CA8000746963616C00FFFF76506F727456616C6964617465496E746572727570745072B7
:20CAA000696F7269747900FF000000000000000000000000010100000000000000000000D5
:20CAC000FF000000B4CA0200FFDFFFDF0C15000000000000000000000000000000000000FA
:20CAE000000000000000000000000000000000000000000000000000000000000000FFFF38
:20CB0000DFDF000000000000000000000000000000000000000000000000000080F0FA02EB
:20CB20000000000040787D010202140069A1020000000000DCCA02000200000000000000F1
:20CB40001400000000000000000000000000000000000000000100001000000000000000B0
:20CB60000000000000000000000000000000000000000000000000000000000000000000B5
:20CB8000000000000000000000000000000000000000FFFFDFDF00000000000000000000D9
:20CBA0000000000000000000000000000000000020A107000000000090D003000102130034
:20CBC00041A102000000000070CB0200010000000000000000000000000000000000000033
:20CBE0000000000000000000000000000000FFFFDFDF000000000000000000000000000079
:20CC000000000000000000000200000050C30000000000000000000004FFDF00000000001D
:20CC200000000000CCCB020006080303010100000000000000000000000000000000000045
:20CC40000000000000000000000000000111011268B100203CCC02008CC802000001000015
:20CC6000F80800200F00FFFF00000000FFFF000000020000010D020E020F02100000000046
:20CC80000000000069A30200000000005CCC020001000000000000010000000000090A0B3C
:20CCA0000C0202020200000001000000000000000000000049A002000000000090CC020016
:20CCC00005FFFFFFFC080020C0CC020014B20020C4CC020028C8020006FFFFFF0C090020FE
:20CCE000D8CC02001CB20020DCCC020028C80200010000FF030506070802020202000000DF
:20CD000001000000E4CC0200CCCC0200E59E020000000000F0CC0200000000002C0900202E
:20CD20004C0900200000000020000000000000000000000000000000000000001C09002019
:20CD4000759702000000000018CD02000200010200013F3F000001DFDFFFFFFF000000009E
:20CD6000000FDFDF00FFFF00000000000000000050CD020000000000000000000080000049
:20CD8000010000000000000002000000008000000300000000000000040000000080000089
:20CDA0000D000000008000000E000000008000000F0000000000010400010000000001043E
:20CDC000010100000000000002010000050000000301000000000000040100000000000040
:20CDE000050100000400000006010000040000000701000000000100080100000004010601
:20CE000009010000000401060A010000000001060B010000050400000C01000005000000C4
:20CE20000D01000000000100010200000000010305020000040000000602000004000000C5
:20CE4000070200000504000008020000000001000C020000000001000D0200000000010096
:20CE600000030000000000000103000000000000020300000504000003030000050400008E
:20CE8000040300000400000000040000000001100104000000000110020400000400000052
:20CEA00007040000000C010508040000000C010509040000000C01050A040000050C0000F9
:20CEC0000B04000004000000000500002B00000074CD020000000000A100A400A500A20040
:20CEE000A3009201930194019501C401C501C801C701800181018201830131003000CF00E7
:20CF0000D800560005000300000000000000000000000000000000000000000000000000DB
:20CF20000000000000000000000000000000000000000000000000000000000000000000F1
:20CF40000000000000000000000000000000000000000000000000000000000000000000D1
:20CF60000000000000000000000000000000000000000000000000000000000000000000B1
:20CF8000000000000000000000000000000000000000000000000000040900010500010479
:20CFA000000004000002000000000301000302004F044F054F06440244004006400540040D
:20CFC0000501050205034F0744014D00450447044700480448014805470148004705480271
:20CFE000480647024703480724074A004707470644034407440644054404430043014302B8
:20D000004303410340073F033F023F013F003F043F053F063F073E033E013E023E063E07E2
:20D020000B050A03090308034803070306033E043E050504040004040B040B060B0705008D
:20D040004B004E003E0046004307FFFF04034403440203020C01030105074B024B01030316
:20D06000040507034B0407000C00070107024B060504040005050401040407040A010A0293
:20D080000A030A004400010303074B030A040E010E050D030D010D050D070C070B010B0338
:20D0A0000B064104410348074A024A034A010A054B0545044C004D004F044A0044010E0072
:20D0C0000E020E030E040E060E070D020D000D040D060C030C020C060C050C040B000B024C
:20D0E0000B070B050B040003090046074B00050044070A060A07FFFF650000200100660000
:20D10000002001006700002001006800002001006900002001006A00002001006B0000203D
:20D1200001006C00002001006D00002001006E00002001006F000020010070000020010023
:20D1400071000020010072000020010073000220020074000220020075000023010076006C
:20D16000002101007700002101007800002001007900002001007A00002001007B0000208B
:20D1800001007C00002001007D00002001007E00002001007F00030000008000032200008D
:20D1A00081000220020082000300000083000020010084000300000085000300000086000C
:20D1C000022002008700002001008800002001008900030000008A00002001008B00030015
:20D1E00000008C00002001008D00002001008E00022002008F0000200100900000200100C1
:20D200009100002001009200022002009300002001009400002001009500002001009600F1
:20D2200003000000970000230100980000230100990000200100C90000200100CA000020E6
:20D240000100CB0003000000CC0003000000CD0003000000CE0004000000CF0004000000BB
:20D26000D00003000000D10003000000D20003000000D30003000000D40000220100D50090
:20D2800003000000D60003000000D70003000000D80003000000D90003000000DA00030044
:20D2A0000000DB0003000000DC00030000002D01040000002E01000001002F01000001001E
:20D2C0003001000001003101030000003201010001003301010001003401002301003501ED
:20D2E000040000003601002001003701030000003801000001003901002401003A010023A0
:20D3000001003B01000001003C01040000003D01030000003E01002001003F01002001008C
:20D3200040010300000041010300000042010300000043010300000044010020010045012B
:20D34000012001004601002401004701002001004801040000004901002301004A010020B0
:20D3600001004B01002301004C01002001004D01002001004E01012301004F010023010077
:20D3800050010000010051010000010052010400000053010400000054010300000055018B
:20D3A000030000005601030000005701030000005801030000005901030000005A0103009E
:20D3C00000005B01030000005C01030000005D01030000005E010300000090010400000036
:20D3E000910104000000920104000000930101260100940104000000950101000100FFFF15
:20D400003F0006005B004F0066006D007D0007007F006F0000007F00FF031E00F706BF0677
:20D420009E07BD07FD071F02FF079F070000FFFF3F0906011B060F0426062D063D0601117D
:20D440003F06270637068F1439008F10390231023D04360689101E00302338007601762068
:20D460003F0033063F2033264D0481103E00300936284029401109090800000000090006E2
:20D48000390037003300FFFF0D00D5000E006B007F00FF003D01D703B101AE01EA02FFFFAF
:20D4A000FF011E02EF043F049E05BB05FB051F00FF05BF05FF07000019000D001700130076
:20D4C0001F00FFFF49035D033F003D0023017E03FF03FFFFD7063D027F00FF005F02FF0F59
:20D4E000303132333435363738394142434445464748494A4B4C4D4E4F50515253545556A2
:20D500005758595A5F202F2D01070106010501040000000200010207020602050204010092
:20D520000102010102030306030503040200020202014503450245014500460446064605C5
:20D540004C074C064C054C044505450745064D074D064D054D044C014C034C024E074E06C7
:20D560004E054E044D014D034D024F074F064F054E004E014E034E020607060606050604AE
:20D580000501050305020707070607050600060106030602090409050906090709030901E1
:20D5A000090208040805080608070803080108024B044B054B064B074B034B014B024A0495
:20D5C0004A054A064A074A034A014A0249044905490649074903490149024E074E064E0560
:20D5E0004E044E014E034E024D074D064D054D044D014D034D020A040A050A060A070A0268
:20D600000A000A01090409050906090709020900090108040805080608070802080008014C
:20D620000704070507060707070207000701060406050606060706020600060142044205D0
:20D6400042064207420342024306430543044200420140004001400240034107410641027B
:20D660004101410041044105450045014502450346074606460346024601460446054C0030
:20D680004C014C024C034C074C064507450645054C044C05430343074306430543044300CE
:20D6A000440444054406430243014203420741024101410042044200420142024206420514
:20D6C0000507040304010505050604020407030303070405040603010302030602060100CE
:20D6E0000204000002010202020302070205020001010103010700030001010401020105E6
:20D700000106000229002A052A072907280228002904290529012801290228032906290396
:20D720002B042B002B032A032A062A042A002B052B012A012B022A022B062B072D042D010A
:20D740002D032C032C062C042C002C012D052C052D062C072C022D072E002F042F072E07B8
:20D760002D022D002E042E012F052E052F062E062E022E0330003105310730072F022F0086
:20D780003004300530012F0130022F0330063003320432003203310331063104310032054D
:20D7A00032013101320231023206320734043401340333033306330433003301340533050A
:20D7C0003406330733023407350036043607350734023400350435013605350536063506B8
:20D7E00035023503370038053807370736023600370437053701360137023603370637038C
:20D80000390439003903380338063804380039053901380139023802390639073B043B0149
:20D820003B033A033A063A043A003A013B053A053B063A073A023B073C003D043D073C07F7
:20D840003B023B003C043C013D053C053D063C063C023C033E003F053F073E073D023D00C5
:20D860003E043E053E013D013E023D033E063E034004400040033F033F063F043F0040058C
:20D8800040013F0140023F024006400726032503250126042704270627072602260727054F
:20D8A0002606260026012605250724072404240025002502250624022403250524062504E0
:20D8C0002401240523072207220522002300230223032306220323012202230423052201E8
:20D8E000210320032000210422042206210221062107210120022100210520011F031E03ED
:20D900001E011F042004200620071F021F0720051F061F001F011F051E071D071D041D00D9
:20D920001E001E021E061D021D031E051D061E041D011D051C071B071B051B001C001C02E4
:20D940001C031C061B031C011B021C041C051B011A03190319001A041B041B061A021A06E5
:20D960001A071A0119021A001A0519011803170317011804190419061907180218071905E1
:20D980001806180018011805170716071604160017001702170616021603170516061704DF
:20D9A0001601160515071407140514001500150215031506140315011402150415051401E7
:20D9C0001303120312001304140414061302130613071301120213001305120111031003EC
:20D9E00010011104120412061207110211071205110611001101110510070F070F040F00D9
:20DA00001000100210060F020F0310050F0610040F010F0525032606260425042401240356
:20DA2000250725062502240225012400250525002707280328002600260526072603270654
:20DA40002802260228012601270527042A072A022A00290029052907290329022A06290609
:20DA60002A05290429012A042B032C072C042B042A012A032B072B022C062B062C052B05B7
:20DA80002B012B002D032E062E042D042C012C032D072D062D022C022D012C002D052D008F
:20DAA0002F072F032F002E002E052E072E032F062F022E022F012E012F052F043107310241
:20DAC0003100300030053007300330023106300631053004300131043203330733043204FB
:20DAE0003101310332073202330632063305320532013200340335063504340433013303C1
:20DB0000340734063402330234013300340534003607360336003500350535073503360685
:20DB2000360235023601350136053604380738023800370037053707370337023806370644
:20DB4000380537043701380439033A073A04390438013803390739023A0639063A053905F6
:20DB6000390139003B033C063C043B043A013A033B073B063B023A023B013A003B053B00CE
:20DB80003D073D033D003C003C053C073C033D063D023C023D013C013D053D0423042204BA
:20DBA000220622032303230123002305220023022201230723062202210020002003210716
:20DBC00022072205210121052104210220012103210620021F001E001E021F072007200508
:20DBE00020041F011F0420061F051F031F021F061E041D041D071D031E031E011E051D0104
:20DC00001D001E061D051E071D021D061C041B041B061B031C031C011C001C051B001C020A
:20DC20001B011C071C061B021A00190019031A071B071B051A011A051A041A0219011A0309
:20DC40001A0619021800170017021807190719051904180118041906180518031802180603
:20DC6000170416041607160317031701170516011600170616051707160216061504140403
:20DC8000140614031503150115001505140015021401150715061402130012001203130715
:20DCA000140714051301130513041302120113031306120211001000100211071207120507
:20DCC0001204110111041206110511031102110610040F040F070F031003100110050F0103
:20DCE0000F0010060F0510070F020F060E040D040D060D030E030E010E000E050D000E020A
:20DD00000D010E070E060D020C000B000B030C070D070D050C010C050C040C020B010C0308
:20DD20000C060B02480248064A064A074803FFFF48054804480049044A044A0548014901E4
:20DD4000490549004702460346024601460047004701470347074706470547045741495485
:20DD60002035205345434F4E445300004B4559204F464620414E4400484947482054454D22
:20DD80005045524154555245202D2056454849434C45204E4545445320544F20434F4F4C0F
:20DDA00020444F574E000000414E4420574149542033204D494E00005455524E204F4E2066
:20DDC000534C454550000000534552564943452043454E5445520000434F4E5441435400CC
:20DDE0005448452056454849434C4500504C454153452043484152474500000046524F4D6A
:20DE00002056454849434C4500000000535441592041574159000000484947482054454D29
:20DE20005000000043484152474552002122232425262728292A0000202122232425262703
:20DE4000282B2C2D2E2F30313233000053484152454400004C495645204C4F434154494FE1
:20DE60004E00000043414E43454C4C45440000004C4F434154494F4E2053484152450000ED
:20DE8000544845524D414C205249534B00000000454D455247454E4359000000414C455259
:20DEA000540000004F56455248454154494E470038303931323338303338000043414C4CAC
:20DEC00020535550504F525400000000434F4D504C455445000000005550444154450000C9
:20DEE00041435449564500004C494D50204D4F4445000000434841524745204C494400004C
:20DF00004F50454E2053454154202F00464F525741524420415353495354000050524553ED
:20DF20005320500052455645525345204153534953540000544F205348555420444F574EAC
:20DF4000000000004B4559204F464600335320544F20454E41424C4500000000484F4C44A6
:20DF60002053455420464F5200000000544F2043484152474500000025303264202530328F
:20DF80006420414D0000000025303264202530326420504D0000000046554C4C204348419D
:20DFA00052474520425900005455524E204F4E20504F574552000000544F20554E504C55BE
:20DFC000470000004B4559204F4E0000544F20535749544348205452495000005052455326
:20DFE000532053454C000000335320544F2052455345540048494C4C20484F4C440000006E
:20E000005345525649434500424F4F4B205550434F4D494E470000004F5645524455450028
:20E02000335320544F2044495341424C450000005354414E44425900554E415641494C411D
:20E04000424C450044495341424C4520494E2000257325645300000044454143544956416D
:20E0600054454400414354495641544544000000494E434F4D494E472043414C4C0000009E
:20E080004D49535345442043414C4C00434F4E4E4543544544000000424C5545544F4F547E
:20E0A00048000000444953434F4E4E45435445440000000053484152494E475F20202020BA
:20E0C000200000005550444154494E472020202020000000FF00FD8100C0FD90A5B0C8E756
:20E0E000FCE9F0F8E00040FF2122232425262728292AFFFF393A3B3C3D3E3F4041424344D1
:20E1000045464748494A4B4CFF00000000000000000000000000000021FF0000000000009C
:20E1200000000000000000002122FF00000000000000000000000000212223FF0000000038
:20E14000000000000000000021222324FF00000000000000000000002122232425FF000088
:20E160000000000000000000212223242526FF00000000000000000021222324252627FFD0
:20E1800000000000000000002122232425262728FF00000000000000212223242526272838
:20E1A00029FF0000000000002122232425262728292AFF00000000002033FF00000000006F
:20E1C0000000000000000000002627282B2C2DFF0000000000000000000026272C2DFF00A2
:20E1E0000000000000000000000000262DFF0000000000000000000000000000252EFF007B
:20E200000000000000000000000000000024252E2FFF000000000000000000000000232412
:20E22000252E2F30FF00000000000000000000222324252E2F3031FF0000000000000000E2
:20E2400021222324252E2F303132FF00000000000021222324252627283231302F2E2D2CB3
:20E260002BFFFFFF5259315F4454550064E202005258315F4454550070E202004454555F3F
:20E2800043414E5F54785F5461736B004454555F554152545F54785F5461736B00000000EA
:20E2A0004454555F446973705F5461736B0000004454555F554152545F52785F5461736BED
:20E2C000000000004454555F43414E5F52785F5461736B00537754696D65725F5461736B48
:20E2E00000232D302B2000686C4C0065666745464700303132333435363738394142434418
:20E3000045460030313233343536373839616263646566001000000000000000017A520033
:20E32000027C0E011B0C0D0010000000180000002ACCFFFF100000000000000080B584B087
:20E3400000AF0023FB6000237B60194BB3F884309BB23B604FF49643BB60154B4FF42A42A1
:20E36000A3F8842008E0BB68002B02D14FF4FA73FB60BB68013BBB600D4BB3F884309BB2CC
:20E38000002BF0D13B68012B06D1094B4DF60112A3F8442000F07EFB7B6840F2F5129342E8
:20E3A00001D17B68FB60FB6818461037BD4680BD00E07F4080B584B000AF78607B685B68D0
:20E3C0001B78002B0DD07B685B6893F91130184600F058FB7B685B6893F91330184600F0CB
:20E3E00051FB124BB3F884309BB2002B02D1786800F040FB00F01CF8F86000F049F8B8601A
:20E40000FB68002B01D1BB68FB60FFF797FFB860FB68002B01D1BB68FB607B68002283F81C
:20E420003C20FB6818461037BD4680BD00E07F4080B483B000AF4FF496437B60124BB3225A
:20E440001A7007E07B68002B01D1142315E07B68013B7B600D4BD3F88030C3F3C033DBB23C
:20E46000012BEFD1094B1B7CC3F30013DBB2002B02D040F2F51300E0002318460C37BD4691
:20E480005DF8047B704700BF00007E4000E07F4080B483B000AF4FF496437B60124B5022F9
:20E4A0001A7007E07B68002B01D1142315E07B68013B7B600D4BD3F88030C3F3C033DBB2DC
:20E4C000012BEFD1094B1B7CC3F30013DBB2002B02D040F2F51300E0002318460C37BD4631
:20E4E0005DF8047B704700BF00007E4000E07F4080B485B000AFF860B9607A60174AFB684E
:20E500001B6B1363164B20221A70154BD0221A70FB681A6BBB681A44FB681A63FB689B6B44
:20E520005A1EFB689A637B68002B10D007E07B68002B01D114230BE07B68013B7B60074BE0
:20E54000D3F88030C3F3C033DBB2012BEFD1002318461437BD465DF8047B704700E07F4025
:20E5600000007E4080B588B000AFF860B9607A607B68002B06D1FB685B6893F91130184640
:20E5800000F080FA334AFB685B6B1363324BE8221A70BB685B08BB6102237B612E4BBA69A5
:20E5A000D2B21A700023FB612CE0FB681B6B1A46294B12881A80FB681B693B6106E03B69C4
:20E5C0005A1E3A61002B01D114233FE0214BD3F88030C3F38023DBB2012BF0D0FB681A6B34
:20E5E0007B691A44FB681A63FB685A6B7B691A44FB685A63FB689B6B5A1EFB689A63FB69CA
:20E600000133FB61FA69BB699A42CED3124BD0221A707B68002B11D007E07B68002B01D1D7
:20E62000142313E07B68013B7B600A4BD3F88030C3F3C033DBB2012BEFD106E0FB685B68B8
:20E6400093F91130184600F021FA002318462037BD4680BD00E07F4000007E4080B586B0A4
:20E6600000AFF860B9607A6000237B61174B1B7CC3F30013DBB2012B0FD1144BD3F880306C
:20E68000C3F38033DBB2012B04D1104B1B7C0F4B00221A7440F2F5137B610C4BD3F88020AF
:20E6A000BB681340002B01D07B687B61FB68002B01D0FB687B617B69002B01D0FFF7B8FEFF
:20E6C0007B6918461837BD4680BD00BF00E07F4080B489B000AFF860B9607A60FB689B693D
:20E6E0003B610823FB7608237B611A4ABB681363194B40221A70184AFB7E13700023FB61B1
:20E7000009E0FB695B007A681344134A1B881380FB690133FB61FA697B699A42F1D30E4B51
:20E72000D0221A7007E03B69002B01D114230BE03B69013B3B61074BD3F88030C3F3C033C1
:20E74000DBB2012BEFD1002318462437BD465DF8047B704700E07F4000007E4080B485B010
:20E7600000AFF860B9607A60194B4FF6FF721A80174B4FF6FF725A807B689AB2FB689BB21A
:20E78000DB039BB213439BB243F4F0439AB2104BDA80BB689BB26FEA43536FEA53539AB296
:20E7A0000B4B9A800A4B4FF6FF721A81084B4FF6FF725A81064B4FF6FF729A81044B4FF6A9
:20E7C000FF72DA8100BF1437BD465DF8047B7047E008002080B584B000AF78600023FB605F
:20E7E000786800F07BF8F860FB68002B10D0FB681EE07B689B681A4680217868FFF7B2FE42
:20E80000F86018224FF4A041F868FFF727FFF8607B689B6B002B02D0FB68002BE9D0FFF74B
:20E820008DFDB860FB68002B01D1BB68FB60FB6818461037BD4680BD80B588B000AFF8609C
:20E84000B9607A600023FB61FB68BA681A63FB687A689A63F86800F041F8F861FB69002B91
:20E8600001D0FB6933E01C4B0122A3F8E0201EE0FB681B6BB3F5803F06D2FB68DB69BB6142
:20E880004FF400537B6105E0FB681B6ABB614FF400437B61BA697969F868FFF729FEF861E0
:20E8A00019224FF4C041F869FFF7D8FEF861FB689B6B002B02D0FB69002BD9D0FFF73EFD84
:20E8C0003861FB69002B01D13B69FB61FB6918462037BD4680BD00BF00E07F4080B584B01E
:20E8E00000AF78600023FB604FF49643BB607B685B681B78002B0DD07B685B6893F9113028
:20E90000184600F0BFF87B685B6893F91330184600F0B8F80F4B4FF45942A3F844200D4BF0
:20E920004AF60122A3F8842008E0BB68002B02D14FF4FA7309E0BB68013BBB60054BB3F81E
:20E9400084309BB2012BF0D1FB6818461037BD4680BD00BF00E07F4080B588B000AFF860AF
:20E96000B9607A60184BD3F8DC30C3F3C073DBB2BB61F868FFF7B2FFF861FB69002B01D018
:20E98000FB691CE0BB68590B7B685B0B1A46B869FFF7E4FE0D4A0E49F868FFF799FEF861FA
:20E9A00018220021F869FFF759FEF861FFF7C6FC7861FB69002B01D17B69FB61FB69184601
:20E9C0002037BD4680BD00BF00E07F40E008002030A1000180B584B000AF78600B46FB70BC
:20E9E0001346BB707868FFF779FFF860FB68002B01D0FB6833E0BB78002B08D0FB789BB222
:20EA0000194A43F4CC439BB2A2F8E8301EE01022FF21164800F032F8FB789BB203F00103CF
:20EA20009BB2002B02D14FF6FF7201E047F6FF720E4BDA800D4A0E497868FFF749FEF86070
:20EA400018220021F868FFF709FEF860FFF776FCB860FB68002B01D1BB68FB60FB68184687
:20EA60001037BD4680BD00BF00E07F40E008002030A100015FF800F0296101005FF800F0BE
:20EA800025AF02005FF800F0215701005FF800F0C15601005FF800F085550100FFFF000061
:20EAA000000000000000000000000000010000007CC80200400002000000080000000000C5
:20EAC000000000000000000000001008000000000000000000000000050000000600000013
:20EAE000030000000300000020070000C007000000070000FF07000040070000FF0F0000C0
:20EB000000000000000700002000000000000000300000000000000020000000000000007E
:20EB20003000000000000000400100000000000050010000000000005001000000000000C2
:20EB400040010000000000003002000000000000400200000000000060020000000000009E
:20EB6000800200000000000051020000000000008B030000000000006606000000000000C6
:20EB8000660600000000000040000000000000007000000000000000400000000000000019
:20EBA0007000000000000000040400000000000004040000000000000404000000000000CD
:20EBC00004040000000000000000000000000100000000000000010000000000000001002A
:20EBE0000000000000000100000700000000000000070000000000000007000000000000FF
:20EC00000007000000000000001000000010000000000400441A0300002E4C580300000093
:20EC2000FFFFFFFFFFFF010026020364E0004000000000007C0A0020000000000000000084
:20EC400068000000D00000000000000000000000000000000000000000000000000000007C
:20EC6000000000000000000000000000000000000000000000000000000000000000000094
:04EC80000000000090
:020000040100F9
:10A10000FFFFFFFFFFFFFFFFFFFFFFFFFFFFFFFF5F
:04A13400FFFFFFFF2B
:20A20000FFFCFFFFFFFFFFFFFFFFFFFFFFFFFFFFFFFFFFFFFFFFFFFFFFFFFFFFFFFFFFFF61
:20A22000FFFFFFFFFFFFFFFFFFFFFFFFFFFFFFFFFFFFFFFFFFFFFFFFFFFFFFFFFFFFFFFF3E
:20A24000FFFFFFFFFFFFFFFFFFFFFFFFFFFFFFFFFFFFFFFFFFFFFFFFFFFFFFFFFFFFFFFF1E
:20A26000FFFFFFFFFFFFFFFFFFFFFFFFFFFFFFFFFFFFFFFFFFFFFFFFFFFFFFFFFFFFFFFFFE
:20A28000F8F8FFFFFFFFFFFFFFFFFFFFFFFFFFFFFFFFFFFFFFFFFFFFFFFFFFFFFFFFFFFFEC
:20A2A000FFFFFFFFFFFFFFFFFFFFFFFFFFFFFFFFFFFFFFFFFFFFFFFFFFFFFFFFFFFFFFFFBE
:10A2C000FFFFFFFFFFFFFFFFFFFFFFFFFFFFFFFF9E
:04000005000081591D
:00000001FF
