:020000040000FA
:20000000D84B002059810000C57E00006981000069810000698100006981000069810000EE
:20002000000000000000000000000000698100006981000000000000698100006981000018
:20004000277600001F770000C97700001F770000C9770000494D0000714C0000154E0000A1
:200060006D4E000057430000A343000021440000B944000099670000FD6600009F5C000085
:20008000595300009F5C0000000000000000000000000000000000000000000000000000B9
:2000A000000000000000000000000000000000000000000000000000000000000000000040
:2000C000000000000000000000000000000000000000000000000000000000000000000020
:2000E000000000000000000000000000000000000000000000000000000000000000000000
:200100000000000000000000000000000000000000000000000000000000000000000000DF
:200120000000000000000000000000000000000000000000000000000000000000000000BF
:2001400000000000000000000000000000000000000000000000000000000000000000009F
:2001600000000000000000000000000000000000000000000000000000000000000000007F
:2001800000000000000000000000000000000000000000000000000000000000000000005F
:2001A00000000000000000000000000000000000000000000000000000000000000000003F
:2001C0000348044B834202D0034B03B118477047AC080020AC08002000000000064B07498D
:2001E000C91A891048BF0131491003D0044B0BB101481847704700BFAC080020AC0800204D
:200200000000000010B5064C237843B9FFF7D8FF044B13B10448AFF300800123237010BD5E
:20022000C808002000000000E486000008B5054B1BB105490548AFF30080BDE80840FFF7EB
:20024000CDBF00BF00000000CC080020E486000080B582B000AF0023FB710C490C4806F0B1
:200260006DFB0346FB7100220321094806F08AFB0346FB710749084806F0D6FE0346FB717B
:20028000FB7918460837BD4680BD00BF78830000E844002098840000D445002080B584B049
:2002A00000AF786039600023FB603A680021054807F056F8F860FB68DBB218461037BD465B
:2002C00080BD00BFD445002080B584B000AF786039600023FB733A687968054807F09CF874
:2002E0000346FB73FB7B18461037BD4680BD00BFD445002080B582B000AF0023FB71054802
:2003000006F0DCFF0346FB71FB7918460837BD4680BD00BFD445002080B582B000AF786020
:200320007B689B88B3F5804F65D0B3F5804F67DCB3F5005F5FD0B3F5005F61DCB3F5805F50
:2003400059D0B3F5805F5BDCB3F5006F29D0B3F5006F55DCB3F5806F27D0B3F5806F4FDC0E
:20036000B3F5007F47D0B3F5007F49DCB3F5807F41D0B3F5807F43DC202B0FDC022B3FDBF8
:20038000023B224A22FA03F303F00103002B14BF01230023DBB2002B2DD131E0802B2AD0FA
:2003A0002EE01B4B01221A702BE01A4B01221A707B68143314221946174800F051FA164B45
:2003C0001B6840F2FA7293420BD0134B1B6840F2FB72934205D0104B1B6840F2C17293420A
:2003E00002D10E4B00221A707B68143319460C4801F04EFB05E07B689A880A4B1A8000E055
:2004000000BF00BF0837BD4680BD00BF45400040F8080020F9080020E4080020683A00204C
:20042000C00B0020FA08002080B582B000AF0749074804F0DBFD78600021032000F00AF820
:200440007B68DBB218460837BD4680BD70850000F844002080B584B000AF03460A46FB71E1
:200460001346BB71FA79124913465B0013440B441B781BB21B0219B2FA790D4813465B000B
:200480001344034401331B781BB20B431BB29BB27B817B899BB2BA791946064804F0BAFDEA
:2004A000F860FB68DBB218461037BD4680BD00BF68830000F844002080B582B000AF0023D0
:2004C000FB71084B9B681B68064A126805494968104698470346FB71FB7918460837BD4610
:2004E00080BD00BFF483000090B587B000AF786039600023FB7572B600BF154B9B689B680D
:20050000134A10683A687968984738613B69002B02D0FB7D0133FB750D4B9B68DC680C4B58
:20052000186807F10F033A687968A04738613B69002B02D1FB7B002B02D0FB7D0133FB75FD
:2005400062B600BFFB7D18461C37BD4690BD00BFF483000090B589B000AFF860B9607A609D
:200560000023FB6100237B837B68DB097A6802F07F02002A01D0012200E0002213447B606D
:2005800000237B76FB68B3F5802F03D905237B767B7E3DE072B600BF0023FB6131E0FB68A8
:2005A0001D4A934224D81D4B9B685C681B4B18687B8BBA68134419468023FA68A04778614B
:2005C0007B69002B02D07B7E01337B767B7E002B08D1FB688033FB607B8B80337B830023D4
:2005E0007B760BE005237B7662B600BF7B7E0FE005237B7662B600BF7B7E09E0FB690133DD
:20060000FB61FA697B689A42C9D362B600BF7B7E18462437BD4690BD80FF0300F4830000EE
:2006200080B584B000AF786039600123FB730023BB603A687B68D31ADB0BBB60B9687868ED
:20064000FFF752FF0346002B02D10023FB7301E00223FB73FB7B18461037BD4680BDFFFFAE
:2006600080B487B000AFF860B9607A6000237B610023FB747B68DB097A6802F07F02002A3E
:2006800001D0012200E0002213447B60FB68B3F5802F03D20523FB74FB7C1DE000237B6199
:2006A00015E0FB680F4A93420AD9FA687B699B00B9680B4412681A60FB680433FB6003E0B4
:2006C0000523FB74FB7C07E07B6901337B617A697B689A42E5D3FB7C18461C37BD465DF857
:2006E000047B70477FFF030080B582B000AF0023BB7100F05DF80346BB710623FB71274820
:2007000001F07EF9264801F053FA012000F0C4F900F01EFB03461A46224B1A7000F002FB61
:20072000BB79002B24D101F06FFF0346FB7100F00FFB03461A461B4B1A701A4B1B78032B98
:2007400005D1194BDB7CAA2B01D10623FB71FB79052B02D102F054F81CE0FB79042B04D1A3
:2007600002F0A8F802F0B4F814E002F0B1F811E00E4B1B78DBB2012BFAD100F0D3FA0B4B46
:2007800000221A700423FF220B2140F2FC7001F0FFFEEDE70837BD4680BD00BFC00B0020B0
:2007A000DC3200207D0B0020543C0020800B002080B582B000AF0023FB71FFF735FE0346F1
:2007C000FB71FFF779FE0346FB71FFF741FD03461A46FB791344FB7100F04AF903461A469B
:2007E000FB791344FB7100F07DF803461A46FB791344FB71002000F0A3F903461A46FB79B4
:200800001344FB7113490020FFF75EFD11490120FFF75AFD10490220FFF756FD0F49032041
:20082000FFF752FD00F09BFD03461A46FB791344FB7100F057FA03461A46FB791344FB71EA
:2008400000F070FA02F0F4FDFB7918460837BD4680BD00BFFC0800201009002024090020A1
:2008600080B487B000AFF860B9607A6000237B610AE0BA687B691A44F9687B690B441278A8
:200880001A707B6901337B617A697B689A42F0D300BF00BF1C37BD465DF8047B704780B4E2
:2008A00087B000AFF860B9607A6000237B610EE0FA687B6913441A78B9687B690B441B7804
:2008C0009A4201D0012307E07B6901337B617A697B689A42ECD3002318461C37BD465DF8DF
:2008E000047B704780B582B000AF0023FB710549054803F01FF80346FB71FB7918460837B2
:20090000BD4680BD208400007445002080B584B000AF786039600023BB73114B00221A7038
:200920000A23FB7307233A6879680E4803F052F80346BB7307E04FF47A71012007F0F2F94D
:20094000FB7B013BFB73064B1B78DBB2002B02D1FB7B002BEFD1BB7B18461037BD4680BD8C
:200960007E0B00207445002080B584B000AF786039600023BB73114B00221A703223FB7350
:2009800007233A6879680E4803F010F80346BB7307E04FF47A71012007F0C4F9FB7B013B46
:2009A000FB73064B1B78DBB2002B02D1FB7B002BEFD1BB7B18461037BD4680BD7E0B002035
:2009C0007445002080B588B002AFF860B9607A600023BB753223FB75072300937B68BA68FB
:2009E000F9680D4803F00AF80346BB7507E04FF47A71012007F096F9FB7D013BFB75074BA1
:200A00001B78DBB2002B02D1FB7D002BEFD1BB7D18461837BD4680BD744500207E0B0020AE
:200A200080B582B000AF0023FB71054802F0FAFF0346FB71FB7918460837BD4680BD00BF14
:200A40007445002080B485B000AF78600023FB737B681B79012B02D1044B01221A7000BF0B
:200A60001437BD465DF8047B704700BF7E0B002080B582B000AF0023FB710549054804F001
:200A8000B3FD0346FB71FB7918460837BD4680BDC08300000045002080B584B000AF034697
:200AA000FB710023FB73FB79012B05D1074804F0CFFD0346FB7304E0044804F0B7FD0346DC
:200AC000FB73FB7B18461037BD4680BD0045002080B483B000AF78600D4B01221A700D4B9D
:200AE0001B78DBB20133DAB20A4B1A70094B1B78DBB2092B05D9074B00221A70064B01223F
:200B00001A7000BF0C37BD465DF8047B704700BF7F0B0020810B0020800B002080B582B094
:200B200000AF0023FB71054804F0A4FD0346FB71FB7918460837BD4680BD00BF004500206B
:200B400080B584B000AF0346FB710023FB73FB79002B02D0012B0ED014E00D490D4803F02A
:200B6000FDFD0346FB730C4B1B881A460B49002000F068F806E00649064803F0EFFD0346FB
:200B8000FB7300BFFB7B18461037BD4680BD00BF58840000A4450020480700203C39002025
:200BA00080B586B000AF0346B9607A60FB730023FB750023BB82FB7B002B02D0012B19D0F6
:200BC00034E000237B8210E07B8ABA681344012219461A4803F0B3FE0346FB7501210A20E6
:200BE00007F0A0F87B8A01337B827B8A7A689A42EAD81BE07A68B968104803F0A0FE03467B
:200C0000FB7507E0BB8A0533BB824FF47A71052007F088F80A4B1B78DBB283F00103DBB280
:200C2000002B02D0BB8A182BECD900BF044B00221A70FB7D18461837BD4680BDA445002042
:200C4000820B002080B586B000AF0346B9607A60FB730023FB75FB7B002B02D0012B08D019
:200C60000FE07A68B9680B4803F052FE0346FB7507E07A68B968074803F04AFE0346FB7506
:200C800000BF054B00221A70FB7D18461837BD4680BD00BFA4450020830B002080B582B057
:200CA00000AF78607B681B79042B10D0042B10DC012B02D0022B06D00BE0084B01221A7020
:200CC00001F07AF806E0064B01221A7002E000BF00E000BF00BF0837BD4680BD830B0020A1
:200CE000820B002080B582B000AF0023FB710A4A136923F0020313610849094802F08AFC2C
:200D00000346002B02D0FB790133FB71FB7918460837BD4680BD00BF00B0014000840000F4
:200D20006445002080B582B000AF0023FB71074802F0BEFC0346002B02D0FB790133FB71F0
:200D4000FB7918460837BD4680BD00BF6445002080B582B000AF0423FB71204B93F81034D7
:200D6000C3F30003DBB2002B06D01C4B002283F810240123FB712BE0184BB3F8C030C3F3A5
:200D80004003DBB2002B12D0144B0022A3F8C0200023BB71BB1D1946114802F09DFCBB79DC
:200DA00019460F4802F0A4FC0323FB7110E00B4BB3F8C030C3F38003DBB2002B06D0074B5F
:200DC0000022A3F8C0200223FB7101E00423FB71FB7918460837BD4680BD00BF00E0014040
:200DE0006445002080B588B000AF786039600023FB770023BB6107F10C0300221A605A606C
:200E00001A819F233B7200237B720023BB720023FB7200210020FFF71DFB07F10C0107F18C
:200E2000080304221846FFF7CDFD0346FB7701210020FFF70FFB7B7B1A04BB7B1B021343A9
:200E4000FA7B13431A46424B1A60414B1B689BB244F21A0293421FD844F21102934269D38C
:200E6000A3F58043113B092B64D801A252F823F0270F0000190F00000B0F0000FD0E0000D8
:200E8000EF0E0000E10E0000D30E0000C30E0000B30E0000A30E000047F21802934210D03A
:200EA00048E07B680A221A703B684FF480621A6049E07B6809221A703B684FF400721A609C
:200EC00041E07B6808221A703B684FF480721A6039E07B6807221A703B6880221A6032E088
:200EE0007B6806221A703B6840221A602BE07B6805221A703B6820221A6024E07B680422D3
:200F00001A703B6810221A601DE07B6803221A703B6808221A6016E07B6802221A703B68F8
:200F200004221A600FE07B6801221A703B6802221A6008E07B6800221A703B6800221A609B
:200F40000123FB7700BFFB7F18462037BD4680BD840B002080B588B000AF78600023FB7795
:200F600007F1180300221A601A714B233B7600210020FFF76FFA07F1080107F118030D2235
:200F80001846FFF71FFD01210020FFF763FA07F108030533082219467868FFF761FCFB7FDB
:200FA00018462037BD4680BD80B584B000AF03463960FB710023FB7300210020FFF74AFACA
:200FC000FB79012B0AD10523FB7207F10C0107F10B0302221846FFF7F5FC1AE0FB79022BF2
:200FE0000AD13523FB7207F10C0107F10B0302221846FFF7E7FC0CE0FB79032B09D115234B
:20100000FB7207F10C0107F10B0302221846FFF7D9FC01210020FFF71DFA7A7B3B681A709A
:20102000FB7B18461037BD4680BD80B582B000AF0023FB7106233B7100210020FFF70AFAA0
:201040003B1D01211846FFF761FC0346FB7101210020FFF7FFF9FB7918460837BD4680BD2F
:2010600080B582B000AF0023FB710423BB7100210020FFF7EFF9BB1D01211846FFF746FCC9
:201080000346FB7101210020FFF7E4F9FB7918460837BD4680BD80B584B000AF034639603B
:2010A000FB711346BB710023FB7307F1080300221A601A710123BB73BB79002B09D03B6857
:2010C0001A0EBB7B591CB973D2B210333B4403F8082C3B681A0CBB7B591CB973D2B2103335
:2010E0003B4403F8082C3B681A0ABB7B591CB973D2B210333B4403F8082CBB7B5A1CBA7356
:201100003A68D2B210333B4403F8082C00210020FFF7A0F9FB79032B1DD0032B27DC012BFC
:2011200002D0022B0BD022E0C7233B7207F1080301211846FFF7EAFB0346FB731BE0D82331
:201140003B72BA7B07F1080311461846FFF7DEFB0346FB730FE020233B72BA7B07F1080358
:2011600011461846FFF7D2FB0346FB7303E0FB7B0133FB7300BF01210020FFF76BF9FB7B74
:2011800018461037BD4680BD80B586B000AF78600023FB750123BB750523FB727B684FF4D6
:2011A0007A7202FB03F33B6100210020FFF752F907F10C0107F10B0302221846FFF702FCB1
:2011C0000346FB7501210020FFF744F94FF47A71282006F0A7FD00237B607B7B03F00103E6
:2011E000002B02D07B68002BDED000210020FFF731F907F10C0107F10B0302221846FFF752
:20120000E1FB0346FB7501210020FFF723F97B7B03F00103002B03D0FB7D0133FB7501E0FD
:201220000023FB75FB7D18461837BD4680BD80B584B000AF786039600023FB73002100205B
:20124000FFF708F939687868FFF760FB0346FB7301210020FFF7FEF8FB7B18461037BD46C2
:2012600080BD80B586B000AFF860B9607A603B600023BB750023FB7500210020FFF7EAF832
:20128000B968F868FFF742FB0346BB750121386806F048FDBB7D002B05D139687868FFF774
:2012A00063FB0346FB7501210020FFF7D3F8FB7D18461837BD4680BD80B584B000AF7860BF
:2012C00039600023FB733868FFF75EFFFFF7ADFE39687868FFF7ABFF0346FB733868FFF7E2
:2012E00053FFFFF7BDFEFB7B18461037BD4680BD80B584B000AF396011461A460346FB7173
:201300000B46BB711346BB800023FB73FFF78DFE03461A46FB7B1344FB73BB881846FFF72F
:2013200033FF03461A46FB7B1344FB73BA79FB7939681846FFF7AFFE03461A46FB7B1344D8
:20134000FB73BB881846FFF71FFF03461A46FB7B1344FB73FB7B18461037BD4680BD80B5F6
:2013600082B000AF0023FB7100F010F800F022F80346FB71FB79002B03D000F01BF8034688
:20138000FB71FB7918460837BD4680BD80B500AF00210020FFF75EF801210020FFF75AF895
:2013A00001210220FFF756F801210120FFF752F800BF80BD80B582B000AF0023FB71474BEF
:2013C000012283F82F2000233B603A46BB1D11461846FFF707FD0346002B07D03F4B002264
:2013E00083F82F20FB790133DBB273E03B4BD3F81B30B3F5807F04D9384B012283F82E200C
:2014000003E0364B002283F82E20344B00225A72002242F001029A72304B0022DA730022A1
:2014200042F010021A7400225A7400229A742B4BD3F813301B01294AC2F81330274BD3F86D
:201440001330264AD2F80F2002FB03F3234AB2F8092092B2B3FBF2F3204AC2F80B301F4B0D
:20146000D3F80F301B011D4AC2F81F301B4BD3F813301A4AD2F80F2002FB03F39B0A174A0C
:20148000C2F827301648FFF765FD03461A46FB791344FB7113490120FFF786FD03461A4606
:2014A000FB791344FB7110490220FFF77DFD03461A46FB791344FB710C490320FFF774FD4B
:2014C00003461A46FB791344FB71044B002283F82F20FB7918460837BD4680BD880B0020ED
:2014E000890B0020B30B0020B40B0020B50B002080B584B000AF03463960FB711346BB80A1
:201500000023FB7300BF0F4B93F82F30002BFAD10C4B012283F82F200A4B93F82E20BB888C
:20152000F8793968FFF7E4FE03461A46FB7B1344FB73044B002283F82F20FB7B1846103787
:20154000BD4680BD880B002080B5CAB000AF07F59473A3F58E73186007F59473A3F5907388
:20156000196007F59473A3F592731A600023A7F82631032387F823314E4B93F82E30002B19
:201580001ED0B7F826315A1CA7F826211A46022107F59473A3F58A73995407F59473A3F558
:2015A00090731B68190EB7F826315A1CA7F826211A46C9B207F59473A3F58A7399540BE0D1
:2015C000B7F826315A1CA7F826211A46022107F59473A3F58A73995407F59473A3F5907303
:2015E0001B68190CB7F826315A1CA7F826211A46C9B207F59473A3F58A73995407F594737E
:20160000A3F590731B68190AB7F826315A1CA7F826211A46C9B207F59473A3F58A739954C7
:20162000B7F826315A1CA7F826211A4607F59473A3F590731B68D9B207F59473A3F58A73A4
:2016400099540023A7F8243118E0B7F8243107F59472A2F58E7212681A44B7F82631591C9E
:20166000A7F826111946127807F59473A3F58A735A54B7F824310133A7F82431B7F8243135
:2016800007F59472A2F5927212689A42DDD8B7F8262107F1140311461846FFF70DFE03469E
:2016A00087F8233197F82331184607F59477BD4680BD00BF880B002080B5D0B000AF07F5FD
:2016C000A073A3F59A73186007F5A073A3F59C73196007F5A073A3F59E731A600023A7F8B7
:2016E0003E31032387F83D31454B93F82E30002B1ED0B7F83E315A1CA7F83E211A460B21B8
:2017000007F5A073A3F59873995407F5A073A3F59C731B68190EB7F83E315A1CA7F83E2138
:201720001A46C9B207F5A073A3F5987399540BE0B7F83E315A1CA7F83E211A460B2107F52A
:20174000A073A3F59873995407F5A073A3F59C731B68190CB7F83E315A1CA7F83E211A4696
:20176000C9B207F5A073A3F59873995407F5A073A3F59C731B68190AB7F83E315A1CA7F8C0
:201780003E211A46C9B207F5A073A3F598739954B7F83E315A1CA7F83E211A4607F5A0736F
:2017A000A3F59C731B68D9B207F5A073A3F598739954B7F83E315A1CA7F83E211A4607F5E7
:2017C000A073A3F5987300219954B7F83E1107F5A073A3F59E7307F5A072A2F59A7207F1E6
:2017E00010001B681268FFF73CFD034687F83D3197F83D31184607F5A077BD4680BD00BF0A
:20180000880B002080B584B000AF78600023FB734FF47A7279680320FFF76AFE0346002B8F
:2018200008D0FB7B0133FB73054B1B8801339AB2034B1A80FB7B18461037BD4680BD00BF43
:20184000B80B002080B586B000AFF860B9607A6000237B740023FB8200237B7500237B825B
:201860007B68C3F1FF1303F57F43FA689A4204D97B7C01337B747B7C2CE07B681B0AFB8248
:201880007B68DBB2002B02D0FB8A0133FB8200237B7519E07B8ABA68D0187A8AFB681344CC
:2018A0004FF480721946FFF74FFE0346002B04D07B7C01337B747B7C0CE07B8A03F580731C
:2018C0007B827B7D01337B757B7D9BB2FA8A9A42E0D87B7C18461837BD4680BD80B586B043
:2018E00000AFF860B9607A600023BB7400233B820023FB820023BB820023FB747B68C3F193
:20190000FF1303F57F43FA689A4204D9BB7C0133BB74BB7C3FE07B681B0A3B827B68DBB2BB
:20192000002B01D07B68FB740023FB8219E0BB8ABA68D018BA8AFB6813444FF480721946DF
:20194000FFF7BAFE0346002B04D0BB7C0133BB74BB7C20E0BB8A03F58073BB82FB8A01339A
:20196000FB82FA8A3B8A9A42E1D3FB7C002B11D0BB8ABA68D018BA8AFB681344FA7C19466C
:20198000FFF79AFE0346002B04D0BB7C0133BB74BB7C00E0BB7C18461837BD4680BDFFFF9E
:2019A00080B584B000AF786039600023FB730023BB7317E07868FFF725FF0346002B04D182
:2019C0007B6803F580537B600AE00123BB73FB7B0133FB73094B5B8801339AB2074B5A8047
:2019E000FFF7A0F97A683B689A4202D2BB7B002BE0D0FB7B18461037BD4680BDB80B0020D4
:201A000080B483B000AF78607B6803F500531A460023C2F810377B6803F500531A46002375
:201A2000C2F814377B6803F500531A460023C2F8183700BF0C37BD465DF8047B704780B423
:201A400083B000AF78607B6803F50053D3F81837002B0CBF01230023DBB218460C37BD4616
:201A60005DF8047B704780B483B000AF78607B6803F50053D3F81837B3F5FA7F0CBF012395
:201A80000023DBB218460C37BD465DF8047B7047B0B582B000AF786039607868FFF7E3FFF8
:201AA0000346002B01D0002333E07B6803F50053D3F81027796813469B0013449B00CA18D2
:201AC0003B6814461D460FCD0FC42B6823607B6803F50053D3F810375A1C104B83FB02133D
:201AE0005911D317CB1A4FF4FA7101FB03F3D31A7A6802F50052C2F810377B6803F50053C6
:201B0000D3F8183701337A6802F50052C2F81837012318460837BD46B0BD00BFD34D6210C1
:201B2000B0B582B000AF786039607868FFF787FF0346002B01D0002333E07B6803F50053E9
:201B4000D3F814273868796813469B0013449B000B4404461D460FCD0FC42B6823607B6874
:201B600003F50053D3F814375A1C104B83FB02135911D317CB1A4FF4FA7101FB03F3D31ADA
:201B80007A6802F50052C2F814377B6803F50053D3F81837013B7A6802F50052C2F818375D
:201BA000012318460837BD46B0BD00BFD34D621080B483B000AF78607B680022C3F8902342
:201BC0007B680022C3F894237B680022C3F8982300BF0C37BD465DF8047B704780B483B01C
:201BE00000AF78607B68D3F89833002B0CBF01230023DBB218460C37BD465DF8047B7047EC
:201C000080B483B000AF78607B68D3F89833032B0CBF01230023DBB218460C37BD465DF897
:201C2000047B704780B582B000AF786039607868FFF7E6FF0346002B01D0002328E07B68D9
:201C4000D3F890337A684FF4987101FB03F31A443B68104619464FF498731A4606F022FB5F
:201C60007B68D3F89033591C0B4B83FB0132CB17D21A13465B001344CA1A7B68C3F8902369
:201C80007B68D3F898335A1C7B68C3F89823012318460837BD4680BD5655555580B582B03F
:201CA00000AF786039607868FFF798FF0346002B01D0002327E07B68D3F8943338687A6831
:201CC0004FF4987101FB03F3134419464FF498731A4606F0E7FA7B68D3F89433591C0C4B4A
:201CE00083FB0132CB17D21A13465B001344CA1A7B68C3F894237B68D3F898335A1E7B684D
:201D0000C3F89823012318460837BD4680BD00BF5655555580B582B000AF78607B681B68E4
:201D200040F2C172934206D0B3F5F86F0DD9A3F2FA73012B09D8094B00221A70084B00221A
:201D40001A60786800F022FE03E0064B01221A7000BF00BF0837BD4680BD00BF503C0020D0
:201D6000844400208C36002080B500AF10491148FFF7D6FE0346002B18D00D48FFF7CAFFC9
:201D80000C4B03F50053D3F81837002B0ED1094B03F50053D3F81027064B03F50053D3F875
:201DA00014379A4202D00348FFF72AFE00BF80BD78360020C00B002080B500AF564B1B78F4
:201DC000042B00F2988001A252F823F0E11D0000F31D0000291E0000391E0000911E00006F
:201DE0004E4B1B78652B40F08D804B4B01221A7088E04A4B1B78022B03D1494B02221A70D4
:201E00000EE0464B1B78032B03D1454B03221A7006E0424B1B78042B02D1414B04221A702B
:201E20003D4B02221A706EE03C4B1A783D4B1A70394B03221A7066E0384B1A783A4B1A7056
:201E4000384B1B781AB2384B1B781BB21B021BB213431BB29AB2354B1A80344B1A88304BAE
:201E6000A3F82E21314B1B8803339AB22F4B1A802E4B1B88B3F5967F06D92C4B01221A80D7
:201E8000254B00221A703EE0234B04221A703AE0264B1B88013B214AD35C822B24D1234BD6
:201EA0001B88033B9AB2214B1A80204B1B88B3F5FA7F12D81A4BB3F82E311A4617491C4843
:201EC000FEF7CEFC144B00221A70184B01221A8013491848FFF7A6FE15E00F4B00221A70C7
:201EE000124B01221A800EE00B4B00221A700F4B01221A8007E0084B00221A700B4B012262
:201F00001A8000E000BF094B1B881A4603490020FEF798FE00BF80BDD83600203C3900207B
:201F2000DC360020693A00206A3A002048070020DD360020DC32002080B58AB000AF786022
:201F40000023FB8400237B847B68B3F82E31053B3B84002387F825307B681B78042B73D0F2
:201F6000042B00F33181022B02D0032B11D02BE19A4B01221A709A4B00221A70994B00224A
:201F80001A707B680133482219469748FEF768FC1FE1964B00221A70954B00221A60954BB6
:201FA00001221A707B68B3F82E310D2B00F20E8100233B747B685B781A467B689B781B02D3
:201FC0001A437B68DB781B041A437B681B791B061343FB607B685B79BB7400237B747B68CE
:201FE000991DBB7C1A4607F10C030C331846FEF737FCFB6840F2FA7293420CD0FB6840F281
:20200000FB72934207D0FB6840F2C172934213D13B7E042B10D107F10C03184600F0B6FC56
:20202000FB6840F2C17293420DD107F10C0319460420FEF733F906E007F10C03194604200A
:20204000FEF72CF9C2E0C1E0684B00221A70684B00221A60674B01221A707B685B781A4600
:202060007B689B781B021A437B68DB781B041A437B681B791B061343FB607B685B79BB740F
:202080005D4B05221A803B8CDB08FB843B8C03F007037B84594B1A883B8C13449AB2574B99
:2020A0001A8042E0002387F8253014E0524B1B885A1C91B2504A1180194697F825307A6830
:2020C0000A44527828333B4403F8102C97F82530013387F8253097F82530072BE6D9FB8C8F
:2020E000013BFB84FB6840F2FA7293420CD0FB6840F2FB72934207D0FB6840F2C172934228
:2021000008D13B7E042B05D107F10C03184600F03DFC05E007F10C0319460420FEF7BEF880
:202120004FF47A71052005F0FDFDFB8C002BB9D17B8C002B4CD07B8CDBB2BB74002387F86E
:20214000253014E02C4B1B885A1C91B22A4A1180194697F825307A680A44527828333B4447
:2021600003F8102C97F82530013387F8253097F825309BB27A8C9A42E4D800237B84FB68E8
:2021800040F2FA7293420CD0FB6840F2FB72934207D0FB6840F2C172934209D13B7E042BE3
:2021A00006D107F10C0319461548FFF771FC05E007F10C0319460420FEF770F84FF47A7128
:2021C000052005F0AFFD03E000BF02E000BF00E000BF00BF2837BD4680BD00BF6B3A002075
:2021E0006D3A00206C3A002090360020503C002084440020683A0020703A00206E3A002084
:20220000C00B002080B500AF0D490E48FFF746FD0346002B12D00A48FFF78EFE094BD3F8C1
:202220009833002B0AD1074BD3F89023054BD3F894339A4202D00348FFF7BAFC00BF80BD7A
:202240000C380020DC32002080B584B000AF7860654B00221A807B689B7906339AB2634B66
:202260001A80614B1B885A1C91B25F4A11801A465F4B652199545C4B1B885A1C91B25A4A5E
:2022800011801A465A4B02219954584B1988564B1B885A1C90B2544A10801A46C9B2544BB0
:2022A0009954524B1B881B0A99B24F4B1B885A1C90B24D4A10801A46C9B24D4B99547B6822
:2022C0001968494B1B885A1C90B2474A10801A46C9B2474B99547B681B68190A424B1B885A
:2022E0005A1C90B2404A10801A46C9B2404B99547B681B68190C3C4B1B885A1C90B23A4AC8
:2023000010801A46C9B23A4B99547B681B68190E354B1B885A1C90B2334A10801A46C9B290
:20232000334B9954304B1B885A1C91B22E4A11801A467B6899792E4B99540023FB730FE017
:20234000FA7B294B1B88591C88B22749088019467B6813441A7B264B5A54FB7B0133FB73E5
:202360007B689B79FA7B9A42EAD30023BB730CE01D4B1B885A1C91B21B4A11801A461C4B9A
:2023800000219954BB7B0133BB73BB7B002BEFD0154B1B885A1C91B2134A11801A46144B0E
:2023A00000219954104B1B885A1C91B20E4A11801A460F4B002199540B4B1B885A1C91B2F5
:2023C000094A11801A460A4B82219954064B1B881A4607490020FEF7E3FB034B00221A8033
:2023E00000BF1037BD4680BD363C0020383C0020743A002080B483B000AF0346FB7197F948
:202400000730002B12DBFB7903F01F020A4997F907305B09012000FA02F2203341F8232089
:20242000BFF34F8F00BFBFF36F8F00BF00BF0C37BD465DF8047B704700E100E080B483B026
:2024400000AF0346FB7197F90730002B0CDBFB7903F01F02074997F907305B09012000FA21
:2024600002F2603341F8232000BF0C37BD465DF8047B704700E100E080B400AFBFF34F8F95
:2024800000BF064BDB6803F4E0620449044B1343CB60BFF34F8F00BF00BFFDE700ED00E0D4
:2024A0000400FA0580B485B000AF786039600023FB600023FB72FB68DB43FB601FE07B68C4
:2024C0005A1C7A601B781A46FB685340FB600823FB7209E0FB685A08FB6803F0010359422D
:2024E0000C4B0B405340FB60FB7A013BDBB2FB7297F90B30002BEDDA3B68013B3B603B68C7
:20250000002BDCD1FB68DB4318461437BD465DF8047B70472083B8ED80B485B000AF7860F3
:2025200039600023FB600023FB72FB68DB43FB6021E07B681B78DBB21A46FB685340FB6063
:202540007B6801337B600823FB7209E0FB685A08FB6803F0010359420C4B0B405340FB60BE
:20256000FB7A013BDBB2FB7297F90B30002BEDDA3B68013B3B603B68002BDAD1FB68DB437F
:2025800018461437BD465DF8047B70472083B8ED80B582B000AF7860084611461A46034680
:2025A000FB700B46BB7013467B70144AFB781373124ABB785373124B1A78104B9A730F4A94
:2025C0007B6813600D4B03229A710E4B1B78DBB2012B03D10948FFF737FE0AE0FB78082B98
:2025E00002D10648FFF730FE7B7804491846FDF755FE00BF0837BD4680BD00BF3C3C00201C
:202600007C0B0020683A002080B582B000AF00237B600623FB70142213490020FFF75EF9AA
:202620000346002B1AD1104B9B7CAA2B14D10423AA22042140F2FC70FFF7AAFF00237B60BC
:2026400002E07B6801337B607B6842F20F729342F7D90523FB7001E00423FB70FB78184692
:202660000837BD4680BD00BF543C002080B584B000AF0623FB7300233B600023BB6000239E
:202680007B605C4B9B7CAA2B67D14FF480510020FFF786F90346002B57D1574B1A78554B7B
:2026A0001A70554B5A78534B5A70524BFF229A74504BAA22DA74504BD3F806304D4AC2F848
:2026C00006304D4BD3F802304A4AC2F802304A4BD3F80E30474AC2F80E30474BD3F80A30F1
:2026E000444AC2F80A30142242490020FFF7AAF80346002B21D114223F490020FFF7EEF8BF
:202700000346002B11D114223B493A48FEF7C7F80346002B01D1FFF7AFFE0423FF22082119
:2027200040F2FC70FFF734FF5FE00423FF22082140F2FC70FFF72CFF57E00423FF220821BB
:2027400040F2FC70FFF724FF4FE00423FF22082140F2FC70FFF71CFF47E0264BDB7CAA2BAF
:2027600034D1142224490020FFF7B8F80346002B18D1214B1B78002B08D11F4BD3F8023024
:20278000BB601D4BD3F806307B600BE01A4B5B78002B07D1184BD3F80A30BB60164BD3F805
:2027A0000E307B60B9684FF48030FFF7B5FE38603A687B689A4206D1FEF7B4FA00F0FEFEE4
:2027C00000F078FE11E00223FB730EE04FF480331A680A4B1340B3F1005F04D100F06AFED1
:2027E0000323FB7301E00223FB73FB7B18461037BD4680BD543C0020A04400200000FE2F95
:2028000080B500AFFEF78EFAFFF7AEFAFFF7FAFC224B1B680A2B15D9214B00221A701F4B38
:2028200000221A601F4B00221A601F4B00221A600423FF220A2140F2FC70FFF7A9FE1B4BDC
:2028400001221A70194B1B78012B15D1184B1B78DBB2012BD6D1164B00221A700F4B0022E3
:202860001A600F4B01221A700423FF22092140F2FC70FFF78DFEC5E7094B1B78012BC1D1F5
:202880000B4B1B78DBB2012BBCD1044B1B680133024A1360064B00221A70B3E784440020C5
:2028A00080440020683C00206C3C0020503C0020800B002080B582B000AF0623FB71FFF7B0
:2028C000D5FE0323FB71FB7918460837BD4680BD80B500AF274B01221A70FEF723FA254BBD
:2028E0001B78012B15D1244B1B78DBB2012B21D1214B00221A70214B00221A60204B0122D8
:202900001A700423FF22092140F2FC70FFF740FE10E01B4B1B78012B0CD1174B1B78DBB275
:20292000012B07D1154B1B680133144A1360124B00221A70FFF718FAFFF764FC0F4B1B6867
:20294000322BCAD90E4B00221A700C4B00221A600C4B00221A600C4B00221A600423FF2251
:202960000A2140F2FC70FFF713FE024B01221A70B3E700BF503C0020800B002084440020F5
:2029800080440020683C00206C3C002080B588B000AF78607B681B6840F2FB72934250D0D9
:2029A00040F2FB72934200F2948040F2FA7293420DD040F2FA72934200F28B8040F26662E3
:2029C000934242D040F2C172934257D081E07B681B7B002B02D100F051F97CE07B681B7BC8
:2029E000012B03D1786800F07DF974E07B681B7B032B02D100F044FB6DE07B681B7B042B9F
:202A000002D100F07BFC66E07B681B7B052B02D100F0F2FC5FE07B681B7B062B02D100F030
:202A200067F858E07B681B7B072B03D1786800F00FFC50E07B681B7B082B4CD1FFF716FEA2
:202A400049E0786800F05CFA48E040F22373FB600823BB7407F10C030C330822214918464A
:202A6000FDF7FEFE07F10C0319460420FDF716FC07F10C031846FFF7E7FB2FE07B681B7B11
:202A8000002B03D0184B01221A7002E0164B00221A707B681B7B042B1FD17B685B7BAA2B13
:202AA0001BD1124B40F2C2721A60104B02229A710E4B04221A730D4BAA225A730A4B0122EE
:202AC0001A700A490420FDF7E9FB0848FFF7BCFB03E000BF02E000BF00E000BF00BF203728
:202AE000BD4680BDDC440020513C0020B844002080B584B000AF4FF48053FB604FF480330E
:202B0000BB6000237B60142257490020FEF7E6FE0346002B40F08F80534B1B78002B14D1D9
:202B20004FF48053FB604FF48033BB604F4BD3F802307B604D4BD3F802304D4A13604B4B6C
:202B4000D3F806304B4A136075E0474B5B78002B71D14FF40123FB604FF48033BB60434BE4
:202B6000D3F80A307B60414BD3F80A30404A13603E4BD3F80E303F4A13605CE07B68B3F592
:202B8000806F2ED34FF480623B49F868FEF7A6FE0346002B1DD14FF480623749B868FDF788
:202BA000D9FC0346002B0CD1FB6803F58063FB60BB6803F58063BB607B68A3F580637B6004
:202BC00039E00423FF22062140F2FC70FFF7E0FC34E00423FF22062140F2FC70FFF7D8FC12
:202BE0002CE07A682449F868FEF778FE0346002B1AD17A682049B868FDF7ACFC0346002BD5
:202C00000AD1FA687B681344FB60BA687B681344BB6000237B600EE00423FF22062140F2DE
:202C2000FC70FFF7B5FC06E00423FF22062140F2FC70FFF7ADFC7B68002B9FD17B68002B63
:202C400007D10423AA22062140F2FC70FFF7A0FC06E00423FF22062140F2FC70FFF798FCD5
:202C600000BF1037BD4680BDA0440020543C0020743C0020783C00208040002080B500AFF2
:202C8000134B40F2FC721A60114B05229A71104B00221A730F4BAA221A700E4B79225A80A6
:202CA00004220C490C48FDF7DBFD0C4B1B78DBB2012B03D10648FFF7C7FA03E004490420A9
:202CC000FDF7ECFA064B00221A7000BF80BD00BFB844002088440020C5440020683A00206F
:202CE000503C002080B582B000AF78607B685A7B7C4B9A7414227C490020FEF7EFFD034668
:202D0000002B40F0E380784B1B78002B48D1774B4FF401221A60764B4FF401221A60754B58
:202D20004FF441221A607B689B7B1A467B68DB7B1B021A447B681B7C1B041A447B685B7CB5
:202D40001B0613441A46674BC3F80A20674B1B68684A126811461846FEF722FE0346002B65
:202D600016D1654B00221A60644B00221A605D4B01221A705B4B00225A705A4BAA22DA742F
:202D80000423AA22012140F2FC70FFF701FCA4E00423FF22012140F2FC70FFF7F9FB9CE09B
:202DA000514B5B78002B48D1504B4FF480521A604F4B4FF480521A604E4B4FF480221A6015
:202DC0007B689B7B1A467B68DB7B1B021A447B681B7C1B041A447B685B7C1B0613441A465D
:202DE000404BC3F80220414B1B68424A126811461846FEF7D5FD0346002B16D13E4B0022D4
:202E00001A603E4B00221A60364B00221A70354B01225A70334BAA22DA740423AA220121CC
:202E200040F2FC70FFF7B4FB57E00423FF22012140F2FC70FFF7ACFB4FE02C4B4FF48052B8
:202E40001A602B4B4FF480521A602A4B4FF480221A607B689B7B1A467B68DB7B1B021A4412
:202E60007B681B7C1B041A447B685B7C1B0613441A461C4BC3F802201C4B1B681D4A1268BA
:202E800011461846FEF78CFD0346002B16D11A4B00221A60194B00221A60124B00221A709A
:202EA000104B01225A700F4BAA22DA740423AA22012140F2FC70FFF76BFB0EE00423FF2211
:202EC000012140F2FC70FFF763FB06E00423FF22012140F2FC70FFF75BFB00BF0837BD46A3
:202EE00080BD00BF8C440020A04400204C0700205007002054070020683C00206C3C0020F1
:202F000080B582B000AF7860534B1B68534A98187B6803F10C017B689B791A46FDF7A0FC8A
:202F20007B689B791A464C4B1B6813444A4A13607B689B791A464A4B1B681344484A1360F7
:202F4000454B1B68B3F5806FC0F08280454B1B684FF4806241491846FEF774FC0346002B1C
:202F60006FD1414B1B684FF4806240491846FEF7B5FC0346002B5CD14FF4806237493B4887
:202F8000FDF78DFC0346002B4BD1394B40F2FC721A60374B05229A712F4B00221A60344B3D
:202FA00002221A734FF480613048FFF77BFA0346304A13602F4B1B681B0EDAB22C4B1A746C
:202FC0002C4B1B681B0CDAB2294BDA73294B1B681B0ADAB2264B9A73264B1B68DAB2244B6E
:202FE0005A73254B1B78DBB2012B09D1234B1B8801339AB2214B1A801D48FFF725F903E07B
:203000001B490420FDF74AF9164B1B6803F58063144A1360144B1B6803F58063124A1360D5
:2030200016E00423FF22022140F2FC70FFF7B0FA0EE00423FF22022140F2FC70FFF7A8FA62
:2030400006E00423FF22022140F2FC70FFF7A0FA00BF0837BD4680BD683C0020803C002013
:203060006C3C00204C0700205007002080400020B8440020703C0020683A0020E4440020CC
:2030800080B582B000AF674A674B1A60674B1B68002B20D1664BD3F80220664B1B689A423E
:2030A00006D0634BD3F80A20624B1B689A4207D10423AA22032140F2FC70FFF769FAADE018
:2030C0000423FF22032140F2FC70FFF761FA594B00221A60A2E0584B1B68544A12685149FB
:2030E0001846FEF7AFFB0346002B40F08F80534B1B684E4A126852491846FEF7EFFB0346CC
:20310000002B7BD1494B1B681A4646494C48FDF7C6FB0346002B40F081804A4B40F2FC720F
:203120001A60484B05229A71404B1B6819464448FFF7B8F90346444A1360434B1B681B0E2C
:20314000DAB2404B1A74404B1B681B0CDAB23D4BDA733D4B1B681B0ADAB23A4B9A733A4B61
:203160001B68DAB2374B5A73384B1B78DBB2012B03D13448FFF768F803E032490420FDF706
:203180008DF82D4B1A68294B1B6813442A4A13602A4B1A68254B1B681344284A1360002332
:2031A0007B6002E07B6801337B607B684CF24F329342F7D91E4BD3F802201E4B1B689A42FB
:2031C00006D01B4BD3F80A201A4B1B689A420AD1164B00221A600423AA22032140F2FC706D
:2031E000FFF7D6F91AE00423FF22032140F2FC70FFF7CEF90F4B00221A600FE00423FF221C
:20320000032140F2FC70FFF7C3F907E00423FF22032140F2FC70FFF7BBF9FFE700BF0837BB
:20322000BD4680BD803C0020B4440020683C00208C4400206C3C00204C07002050070020F4
:2032400080400020B8440020703C0020683A002080B584B000AF7860244B40F2FC721A606B
:20326000224B02229A717B685B7B1A467B689B7B1B021A447B68DB7B1B041A447B681B7CF5
:203280001B061344FB601A4B1B78002B04D1184AFB68C2F8063007E0154B5B78002B03D195
:2032A000134AFB68C2F80E30124B1B6819464FF48030FFF731F903460F4A13600E4B1B6813
:2032C000FA689A4207D10423AA22072140F2FC70FFF75EF906E00423FF22072140F2FC70DE
:2032E000FFF756F900BF1037BD4680BDB8440020A0440020743C00207C3C002080B588B00E
:2033000000AF394B1B78012B0CD1384BD3F80230354AC2F80230354BD3F80630324AC2F83C
:2033200006300FE0304B5B78012B0BD12F4BD3F80A302D4AC2F80A302C4BD3F80E302A4A34
:20334000C2F80E304FF480510020FEF729FB0346002B3ED13B46142223491846FDF780FAB6
:20336000142221492248FDF77BFA3B46214A13603B46142219460020FEF764FA0346002B7E
:203380001FD1142219490020FEF7A8FA0346002B0FD1142215491448FDF781FA0346002BC7
:2033A0001ED10423AA22042140F2FC70FFF7F0F816E00423FF22042140F2FC70FFF7E8F8B3
:2033C0000EE00423FF22042140F2FC70FFF7E0F806E00423FF22042140F2FC70FFF7D8F86F
:2033E00000BF2037BD4680BD8C440020A0440020543C0020B444002080B500AF4FF4A021D3
:203400004FF48030FDF70CF90346002B07D10423AA22052140F2FC70FFF7BAF806E0042308
:20342000FF22052140F2FC70FFF7B2F800BF80BD80B500AF0E221D494FF44820FDF710F9E9
:203440000346002B30D1194B1B78012B20D1174B5A79174B1A70154B9A79154B5A70134BC7
:20346000DA79134B9A70114B1A7A114BDA700F4B5A7A0F4B1A710D4B9A7A0D4B5A710B4B03
:20348000DA7A0B4B9A71094B1A7B094BDA710BE0074BFF221A70064B01225A71044B022255
:2034A0009A71034B0022DA7100BF80BDCC440020DC44002080B586B000AF3A4BBB6072B6F8
:2034C00000BF394B00229A8000BF374B9B889BB2002BFAD1344B00229A8200BF324B9B8AA8
:2034E0009BB2002BFAD1314B00221A604FF0FF30FEF780FF4FF0FF30FEF7A0FF00237B618E
:2035000008E02B4A7B69C033002142F823107B6901337B617B695F2BF3D900233B6110E00C
:20352000244A3B6920334FF0FF3142F82310214A3B6960334FF0FF3142F823103B690133F4
:203540003B613B69072BEBD90023FB6007E0184AFB68134400221A70FB680133FB60FB68B3
:203560000F2BF4D900233B603B6883F31488BFF36F8F00BF00BF104B4FF480329A60BFF3A7
:203580004F8F00BF4FF480331B687B607B6883F3088800BFBB681B68984700BF1837BD46FC
:2035A00080BD00BF04000100000D004010E000E00060004000E100E000ED00E080B500AFDB
:2035C000FDF72EFAFDF7AAFAFCF794FE00BF80BD80B500AFFDF788F800BF80BD80B582B0FB
:2035E00000AF0346FB71FB79022B03D10349044801F0FCFC00BF0837BD4680BD708500003E
:20360000F844002080B500AFFFF7E2FF0023184680BDFFFF80B586B000AF786039607B6869
:203620007B613968786900F070F838613B69002B01D03B6932E03B681B791A4ADB01DBB2E1
:2036400093713B681B781A46174B9B5C03F00303FB603B685B781B01DBB2FA681343FB60F1
:203660003B689B781B0303F44053FA681343FB603B68DB781B0203F44073FA681343FB6009
:20368000084BFA6892B25A803B685B79054ADB01DBB213727B69054A1A6000231846183726
:2036A000BD4680BD003408403C8600005444570080B483B000AF7860064B00221A70054B62
:2036C000FF221A70002318460C37BD465DF8047B704700BF0034084080B483B000AF7860C4
:2036E0003960062318460C37BD465DF8047B704780B483B000AF78600B46FB7006231846A8
:203700000C37BD465DF8047B704780B483B000AF78603960002318460C37BD465DF8047BB6
:20372000704780B483B000AFEFF303837B607B683B603B88C3F308039BB2DBB2103BDBB2C5
:203740005BB218460C37BD465DF8047B7047FFFF80B483B000AF03463960FB7197F9073004
:2037600004493A6841F8232000BF0C37BD465DF8047B70474C46002080B483B000AF03463D
:20378000FB7197F90730044A52F8233018460C37BD465DF8047B70474C46002080B483B0C3
:2037A00000AF0346FB710B4997F9073003F1C00251F8223023F4803341F82230054A97F905
:2037C0000730C03352F8233000BF0C37BD465DF8047B70470060004080B584B000AF034691
:2037E000FB7197F907301846FFF7D8FFBFF35F8F00BF97F90730FB60FB6803F01F02074923
:2038000097F907305B09012000FA02F2603341F8232000BF1037BD4680BD00BF00E100E099
:2038200080B584B000AF0346B9607A60FB73BB68DAB2094997F90F301201D2B20B4483F895
:20384000002397F90F3079681846FFF781FF00BF1037BD4680BD00BF00E100E080B485B092
:2038600000AF0346FB7197F90730FB60FB6803F01F020749FB685B09012000FA02F241F8EC
:20388000232000BF1437BD465DF8047B704700BF00E100E080B582B000AF0346FB7197F972
:2038A00007301846FFF798FF97F907301846FFF7D5FF00BF0837BD4680BDFFFF80B485B052
:2038C00000AF0346FB7197F90730FB60FB6803F01F020B4997F907305B09012000FA02F25D
:2038E000203341F82320BFF34F8F00BFBFF36F8F00BF00BF1437BD465DF8047B704700BFE4
:2039000000E100E080B584B000AF0346B9607A60FB7397F90F307A68B9681846FFF780FF7F
:2039200097F90F301846FFF7B5FF00BF1037BD4680BDFFFF80B584B000AF786039600023C0
:20394000FB607B68BB60386800F0CFF8F860FB68002B01D0FB6822E0BB683A685A603B6879
:203960009A69BB685A623B68DA69BB68DA62BB6800229A62BB685B681B7803F5800303F5F3
:203980008D531B021A46BB689A60B86800F00AF9B86800F055FABB68034A1A60FB68184690
:2039A0001037BD4680BD00BF4950535280B586B002AFF860B9607A60FB70FB7800937B68C8
:2039C000BA680021F86800F0DFFA034618461037BD4680BD80B586B002AFF860B9607A60E6
:2039E000FB70FB7800937B680022B968F86800F0CBFA034618461037BD4680BD80B586B082
:203A000002AFF860B9607A603B603B7E00933B687A68B968F86800F0B7FA0346184610372E
:203A2000BD4680BD80B584B000AF78607B68FB60FB6800221A60FB685B685B69002B0AD02A
:203A4000FB685B685B699B681B6AFA6852685269126810469847FB685B681B69002B0AD0BF
:203A6000FB685B681B699B681B6AFA6852681269126810469847FB685B6893F90230002BBF
:203A800006DBFB685B6893F902301846FFF716FFFB685B6893F90130002B06DBFB685B68E3
:203AA00093F901301846FFF709FFFB685B6893F903301846FFF702FFFB685B6893F90430CD
:203AC0001846FFF7FBFEFB689A68137823F040031370FB689B68DB78FB689B680022DA7045
:203AE000002318461037BD4680BD80B586B000AF786000237B617B681B693B617B681B7854
:203B000003F5800303F58D531B020433FB603B69002B19D03B695B681B684FF000621A60E6
:203B20003B695B681B68FA689A603B699B681B683A6910683A6952681146984778617B69AA
:203B4000002B01D07B6928E07B685B69BB60BB68002B21D0BB685B681B684FF400221A6034
:203B6000BB685B681B68FA685A60BB689B681B68BA681068BA6852681146984778617B69AE
:203B8000002B09D03B69002B06D03B699B681B6A3A691268104698477B6918461837BD466A
:203BA00080BDFFFF80B491B000AF78600023FB6300233B620023BB6300237B6300233B638A
:203BC0000023FB620023BB6200237B620023FB61FB6B43F08003FB63FB6B43F02003FB6312
:203BE000FB6B43F01003FB637B685B685B7A002B01D1082300E00023FA6B1343FB637B6819
:203C00005B685B7A002B01D1102300E000237A6B13437B637B685B689B7A1A467B6A13436A
:203C20007B627B685B68DB7A5B007A6A13437B627B685B685B7B1B037A6A13437B627B68A6
:203C40005B681B69002B03D0FB6B43F02003FB637B685B681B6ABB61BB691B78002B14D1F7
:203C60007B685B681B78002B0AD17B685B685B7A002B01D1802300E000237A6A13437B62D0
:203C8000FB6B23F00103FB6303E0FB6B43F00103FB63BB695B78DB01DB431A46FB6B134061
:203CA000FB63BB695B785A00BB695B785B0113431A46FB6B1343FB633B6A23F00F033B62CB
:203CC000BB699B781A46BB69DB7802FA03F33A6A13433B627B6A23F070037B62BB69DB788E
:203CE0001B017A6A13437B62BB691B79002B0BD0BB6B43F02003BB63BB691B79022B03D180
:203D0000BB6B43F01003BB63BB695B79002B0BD07B6B43F001037B63BB695B79012B03D128
:203D20007B6B43F002037B63BB699B791A46FB691343FB61BB691B7AC3F30103DBB29B003E
:203D40007A6A13437B627B685B685B7A002B0CD17B6A43F460437B62BB695B7A3B63BB6972
:203D60009B7AFB62BB69DB7ABB6200237B61EFF310833B613B697B610123FB60FB6883F353
:203D8000108800BF2D4B5A687B685B681B78C3F11303012101FA03F3DB43284913404B60EF
:203DA000264B5B687B69BB60BB6883F3108800BF7B689B68DB787B689B680022DA707B6872
:203DC0009B68FA6BD2B21A707B689B683A6AD2B25A707B689B68BA6BD2B29A707B689B6816
:203DE000BA69D2799A727B689B683A6BD2B21A737B689B68FA6AD2B25A737B689B68BA6A08
:203E0000D2B29A737B689B687A6BD2B2DA737B689B687A6A92B21A827B689B68FA69D2B2FE
:203E200083F820207B689B68102283F8212000BF4437BD465DF8047B704700BF00400840E4
:203E400080B582B000AF78607B685B6893F90230002B0ADB7B685B6893F902007B685B6826
:203E60009B797A681946FFF74DFD7B685B6893F90130002B0ADB7B685B6893F901007B6824
:203E80005B685B797A681946FFF73CFD7B685B6893F904007B685B681B7A7A681946FFF773
:203EA00031FD7B685B6893F903007B685B68DB797A681946FFF7B4FC00BF0837BD4680BD80
:203EC00080B487B000AF78607B689B68DB7ADBB27B617B689B681B8A9BB2FB607B6893F8AB
:203EE00020300F2B08D97B6923F040037B617B6943F020037B610DE07B6893F82030072B4E
:203F000004D87B6943F040037B6103E07B6923F060037B617B6893F820303B613B690F2B3E
:203F200004D93B6901339B08053B3B61FB6823F47063FB603B691B02FA681343FB607B68EE
:203F40009B687A69D2B2DA727B689B68FA6892B21A8200BF1C37BD465DF8047B704780B4AF
:203F600083B000AF78607B689B681B78DAB27B689B6842F06002D2B21A7000BF0C37BD46F5
:203F80005DF8047B7047FFFF80B588B000AFF860B9607A603B60FB68FB61FB699B681B78DD
:203FA000DBB203F04003002B01D0082306E1FB69BA68DA60FB697A681A61FB6900225A616E
:203FC000FB6900229A61FB693A68DA61FB6997F8282083F82020FB695B685B69002B6DD0D6
:203FE000FB693A689A61FB6993F820300F2B0AD9FB695B685B695B681A68D378022161F372
:204000000513D37018E0FB6993F82030072B09D8FB695B685B695B681A68D37823F030033A
:20402000D37009E0FB695B685B695B681A68D378012161F30513D370FB695B685B695B685A
:204040001A689378022161F383039370FB695B685B695B681B683A6892B2DA81FB695B683A
:204060005B695B681B687A689A607B68002B0FD1FB695B685B695B681A68937823F00C030F
:204080009370FB695B685B695B681B684D4A9A60FB695B685B699B685B68FA6952685269D2
:2040A0001068FA69526852695268126811469847B861BB69002B01D0BB697FE0FB695B6863
:2040C0001B69002B73D0FB693A685A61FB6993F820300F2B0AD9FB695B681B695B681A68E1
:2040E000D378022161F30513D37018E0FB6993F82030072B09D8FB695B681B695B681A6869
:20410000D37823F03003D37009E0FB695B681B695B681A68D378012161F30513D370FB6972
:204120005B681B695B681A68D378022161F38303D370FB695B681B695B681B683A6892B291
:20414000DA81FB695B681B695B681B68BA685A60BB68002B0FD1FB695B681B695B681A6819
:20416000D37823F00C03D370FB695B681B695B681B68154A5A60FB699A68137823F020035E
:204180001370FB695B681B699B685B68FA69526812691068FA6952681269526812681146F8
:2041A000984778617B69002B01D07B6906E0F869FFF786FEF869FFF7D2FE002318462037C3
:2041C000BD4680BDFC4500200046002080B485B000AF78607B689B69FB607B68DB69FA681D
:2041E0009A4234D07B681B69002B03D17B689B685B6827E07B6893F820300F2B09D97B680C
:204200009A687B681969FB689B000B4452681A6018E07B6893F82030072B09D87B689A6808
:204220007B681969FB680B441279D2B21A7009E07B689A687B681969FB685B000B44928874
:2042400092B21A80FB685A1C7B689A6100E000BF1437BD465DF8047B704780B485B000AF39
:2042600078607B685B69FB607B68DB69FA689A4233D07B68DB68002B04D17B689B680022CE
:204280005A6025E07B6893F820300F2B09D97B68DA68FB689B001A447B689B6812685A60EA
:2042A00016E07B6893F82030072B08D87B68DA68FB681A447B689B6812781A7108E07B688C
:2042C000DA68FB685B001A447B689B6812889A80FB685A1C7B685A6100E000BF1437BD4682
:2042E0005DF8047B704790B587B000AF78600B46FB707B689B6A7B617B69002B03D107F1D5
:2043000008037B6105E07A6907F1080307CA83E807007B685B681B781A467B691A607B69CD
:20432000FA781A717B68DA6A7B699A607B685B6A786998477B689B6A002B08D07B689B6A40
:204340001C4607F1080393E8070084E8070000BF1C37BD4690BD80B582B000AFFFF7E1F9BB
:204360000346FB7197F907301846FFF717FA97F907301846FFF700FA38603868FFF726FFF4
:204380003B689A693B68DB699A4206D13B685B6893F903301846FFF761FA00BF0837BD4608
:2043A00080BD80B584B000AFFFF7BBF90346FB7397F90F301846FFF7F1F997F90F3018460D
:2043C000FFF7DAF9B860BB685B681B6A7B607B68002B1ED07B685B78012B1AD1BB685A6907
:2043E000BB68DB69013B9A4207D1BB685B6893F903301846FFF74EFA0BE0BB685B681B69D0
:20440000002B06D0BB685B6893F903301846FFF725FAB868FFF721FF00BF1037BD4680BD07
:2044200080B582B000AFFFF77CF90346FB7197F907301846FFF7B2F997F907301846FFF765
:204440009BF938603B689B68DB78C3F34003DBB2002B04D03B685B685B7A012B28D197F9C2
:2044600007301846FFF72AFA3B685B6893F90230002B06DB3B685B6893F902301846FFF7E5
:204480001DFA3B689A68137823F0400313703B685B6893F90230002B06DB3B685B6893F9DA
:2044A00002301846FFF7F6F901213868FFF71BFF00BF0837BD4680BD80B584B000AFFFF769
:2044C00030F90346FB7397F90F301846FFF754F9B860BB685B6893F90230002B06DBBB68A1
:2044E0005B6893F902301846FFF7E8F9BB689A68137823F040031370BB685B6893F90230D9
:20450000002B06DBBB685B6893F902301846FFF7C1F9BB689B68DB78FB71BB689B680022B0
:20452000DA70FB7903F00803DBB2002B03D00521B868FFF7D8FEFB7903F00103DBB2002BFF
:2045400003D00421B868FFF7CEFEFB7903F00403DBB2002B09D0FB7903F01003DBB2002B50
:2045600003D00821B868FFF7BEFE97F90F301846FFF714F900BF1037BD4680BD80B483B090
:2045800000AFEFF303837B607B683B603B88C3F308039BB2DBB2103BDBB25BB218460C37C7
:2045A000BD465DF8047B704780B483B000AF03463960FB7197F9073004493A6841F82320D7
:2045C00000BF0C37BD465DF8047B70474C46002080B483B000AF0346FB7197F90730044AB9
:2045E00052F8233018460C37BD465DF8047B70474C46002080B483B000AF0346FB710B491E
:2046000097F9073003F1C00251F8223023F4803341F82230054A97F90730C03352F8233087
:2046200000BF0C37BD465DF8047B70470060004080B584B000AF0346FB7197F90730184658
:20464000FFF7D8FFBFF35F8F00BF97F90730FB60FB6803F01F02074997F907305B090120F9
:2046600000FA02F2603341F8232000BF1037BD4680BD00BF00E100E080B584B000AF034616
:20468000B9607A60FB73BB68DAB2094997F90F301201D2B20B4483F8002397F90F307968B5
:2046A0001846FFF781FF00BF1037BD4680BD00BF00E100E080B485B000AF0346FB7197F903
:2046C0000730FB60FB6803F01F020749FB685B09012000FA02F241F8232000BF1437BD4622
:2046E0005DF8047B704700BF00E100E080B582B000AF0346FB7197F907301846FFF798FF32
:2047000097F907301846FFF7D5FF00BF0837BD4680BDFFFF80B485B000AF0346FB7197F911
:204720000730FB60FB6803F01F020B4997F907305B09012000FA02F2203341F82320BFF361
:204740004F8F00BFBFF36F8F00BF00BF1437BD465DF8047B704700BF00E100E080B58AB0C6
:2047600000AF786039607B687B623B681B7803F5800303F58C531B021A467B6A1A627B6A0E
:2047800000221A707B6A3A68DA613B685A697B6A5A623B689A697B6ADA627B6A00229A62DA
:2047A0007A6A9378012161F3010393703B685B78002B05D17A6A9378022161F301039370A9
:2047C0003968786A00F0C0F9786A00F006F900233B62EFF31083FB60FB683B6201233B618C
:2047E0003B6983F3108800BF474B5A683B681B7819464FF00043CB40DB43434913404B602A
:20480000414B5B683B6A7B617B6983F3108800BF7B6A1B6A00229A707B6A1B6A00221A716A
:204820007B6A1B6A00225A727B6A1B6A00229A727B6A1B6A0022DA727B6A1B6A00225A8347
:204840003B681B781A4640F21923D34003F00103002B03D07B6A1B6A4022DA747B6A1B6AC8
:2048600006221A773968786A00F0C1F87B6A0022DA607B6A00221A617B6A00225A617B6AE9
:2048800000229A613B68DB69FB61FB691B7803F00303BB61BB6943F01003BB617B6ADB69FD
:2048A00093F905301846FFF721FF7B6ADB6993F90B301846FFF71AFFBB6943F04003BB61B0
:2048C0007B6ADB6993F907301846FFF70FFF7B6ADB6993F909301846FFF708FFBB6943F0EA
:2048E0002003BB617B6A1B6ABA69D2B29A70FB695A897B6A1A817B6A044A5A600023184629
:204900002837BD4680BD00BF004008405549435380B487B000AFF860B9607A60FB687B61D9
:2049200000233B617B69BA685A617B697A689A613B6918461C37BD465DF8047B704780B41F
:2049400087B000AFF860B9607A60FB687B617B691B6A9B78DAB27B691B6A02F07B02D2B283
:204960009A707B699B78C3F30103DBB21A467B689A1A7B691A617B699B78C3F30103DBB25B
:204980001A46BB681A447B69DA607B691B6A9B78DAB27B691B6A62F07F02D2B29A707B6962
:2049A0009B7803F00303DBB2022B0AD1BB681B887A69126A6FEAC3536FEAD3539BB2D381A2
:2049C00004E07B691B6ABA681278DA70002318461C37BD465DF8047B704780B483B000AF1C
:2049E000786000BF0C37BD465DF8047B704780B586B000AF786039603B681B781A4640F2FC
:204A00001923D34003F00103002B04D07B681B6A4FF478429A823B689B781A013B68DB7809
:204A2000DB0013437B61F2233B613B685B78032B04D17B6943F040037B6107E03B685B78AC
:204A4000002B03D13B6923F010033B617B681B6A7A69D2B21A707B681B6A3A69D2B29A71FE
:204A60003B68DB69BB60BB681B7B082B04D17B681B6A0A225A7309E0BB681B7B5B00DAB289
:204A80007B681B6A02F00202D2B25A730023FB60BB685B78DB01DBB2FA681343FB60BB6854
:204AA0009B785B0103F02003FA681343FB607B681B6A00221A72BB681B78022B03D0BB686F
:204AC0001B78032B11D17B681B6AFF225A70BB681B78022B03D1FB6843F01003FB607B6842
:204AE0001B6AFA68D2B2DA710DE07B681B6AFA68D2B2DA717B681A6ABB685B681946104678
:204B000000F04FF800BF00BF1837BD4680BD80B582B000AF78600B46FB701346BB7097F993
:204B200002301846FFF7F6FD97F902301846FFF761FDF97897F902307A681846FFF79CFD86
:204B400000BF0837BD4680BD80B582B000AF786039603B68997A3B6893F90B301A46786830
:204B6000FFF7D5FF3B6819793B6893F905301A467868FFF7CCFF3B6899793B6893F90730B6
:204B80001A467868FFF7C3FF3B68197A3B6893F909301A467868FFF7BAFF00BF0837BD468F
:204BA00080BD80B483B000AF786039603B689A787B685A703B685B78C3F30103D9B27A6832
:204BC000137861F3010313703B68DA787B689A747B68DB79DBB223F05C03DAB23B681B7891
:204BE00003F05C03DBB21343DAB27B68DA7100BF0C37BD465DF8047B704790B58BB000AF07
:204C0000F860B9601346FB71FB689B6A7B627B6A002B03D107F114037B6205E07B6A07F187
:204C200014040FCB84E80F00FB68DB691B781A467B6A1A607B6ABA689A607B6AFA791A712A
:204C4000FB68DA6A7B6ADA60FB685B6A786A9847FB689B6A002B07D0FB689B6A1C4607F179
:204C600014030FCB84E80F0000BF2C37BD4690BD80B584B000AFFFF781FC0346FB7397F984
:204C80000F301846FFF7B6FC97F90F301846FFF79FFCB860BB68DB691B69002B30D1BB68BF
:204CA0001B69002B2CD0BB689B7803F00303DBB2022B0BD1BB68DB681B88BA68126A6FEA84
:204CC000C3536FEAD3539BB2D38105E0BB68DA68BB681B6A1278DA70BB681B69BA68927805
:204CE000C2F30102D2B29A1ABB681A61BB68DB68BA689278C2F30102D2B21A44BB68DA609D
:204D0000BB681B69002B1BD1BB681B6A9B78FB71FB7943F00403FB71FB7903F07F03FB713F
:204D2000BB681B6AFA799A70BB680022DA60BB685B6A002B04D080220021B868FFF75DFFB3
:204D400000BF1037BD4680BD80B584B000AFFFF715FC0346FB7397F90F301846FFF74AFCCE
:204D600097F90F301846FFF733FCB860BB689B7803F00303DBB2022B07D1BB681B6A1B8ABB
:204D80009BB2C3F308037B6004E0BB681B6A5B79DBB27B60BB689B69002B0AD1BB685B6A4D
:204DA000002B33D07B6804221946B868FFF725FF2CE0BB685869BB689B78C3F30103DBB2B6
:204DC0001A463B1D194603F06DFABB685B69BA689278C2F30102D2B21A44BB685A61BB68B4
:204DE0009B69BA689278C2F30102D2B29A1ABB689A61BB689B69002B08D1BB685B6A002B37
:204E000004D001220021B868FFF7F7FE00BF1037BD4680BD80B582B000AFFFF7AFFB03462A
:204E2000FB7197F907301846FFF7D2FB38603B681B6A9B78DAB23B681B6A02F07B02D2B2A4
:204E40009A703868FFF7C9FD3B685B6A002B04D0022200213868FFF7D0FE97F907301846B7
:204E6000FFF7C8FB00BF0837BD4680BD80B584B000AFFFF783FB0346BB7297F90A30184611
:204E8000FFF7A6FB78600023FB607B689B7803F00303DBB2022B07D17B681B6A1B8A9BB24A
:204EA000C3F30803FB6004E07B681B6A5B79DBB2FB607B681B6A1B79DBB203F03803FB72AA
:204EC000FB7A03F01003002B0BD07B681B6A1B7FC3F30003DBB2002B03D1FB7A43F040031F
:204EE000FB727B681B6A1B79DAB27B681B6A22F03802D2B21A717868FFF76FFD7B685B6A10
:204F0000002B05D0FB7A1A46F9687868FFF775FE97F90A301846FFF76DFB00BF1037BD4683
:204F200080BDFFFF80B485B000AF0023FB60EFF310837B607B68FB600123BB60BB6883F33A
:204F4000108800BF0D4B1B68002B05D10C4B0022DA700B4B4022DA70084B1B680133074AFE
:204F60001360FB683B603B6883F3108800BF00BF1437BD465DF8047B704700BF484600204B
:204F8000000D084080B485B000AF0023FB60EFF310837B607B68FB600123BB60BB6883F3C0
:204FA000108800BF0F4B1B68002B04D00D4B1B68013B0C4A13600B4B1B68002B05D10A4BAF
:204FC0000022DA70084B8022DA70FB683B603B6883F3108800BF00BF1437BD465DF8047BD7
:204FE000704700BF48460020000D084080B584B000AF786039607B68FB60FB68044A1A6046
:20500000386800F03EF8002318461037BD4680BD54524F5080B487B000AF78600B467B803F
:2050200013467B700023FB820023BB827B8823F0FF037B827B88DBB23B823B8A012202FAE6
:2050400003F3FB817B78002B02D1FB89BB8201E0FB89FB827B8A1B0A9BB2DBB25B0103F1F6
:20506000804303F50023BB60BB8A1A04FB8A1A43BB689A60002318461C37BD465DF8047B2A
:20508000704780B584B000AF7860786800F060F87B68BB60FFF746FF0023FB8111E0BB6855
:2050A0005A68FB89DB0013449888BB685A68FB89DB0013441B68194600F00EF8FB8901332D
:2050C000FB81BB681B88FA899A42E8D3FFF75AFF00BF1037BD4680BD80B483B000AF034680
:2050E0003960FB803B6803F48033002B1CD01749FB881B0A9BB21A46FB88DBB212011A4402
:2051000051F8223023F4803341F822300F48FB881B0A9BB21946FB88DBB23A6822F480327A
:2051200009010B4440F823200849FB881B0A9BB21A46FB88DBB2120113443A6841F823205D
:2051400000BF0C37BD465DF8047B70470008084080B588B000AF7860594B7B61594B3B61BB
:205160000023FB619FE00023BB6195E07B685A68FB69DB0013449A885349BB6931F81330F4
:205180009A4240F086807B685A68FB69DB0013441B6803F0F853FB60FB68B3F1807F03D0CD
:2051A000FB68B3F1106F39D17B6993F8BB34DAB20121BB6901FA03F3DBB21340DBB2002BA6
:2051C00013D1012002F080FF7B6993F8BB34DAB20121BB6901FA03F3DBB21343DAB27B69E5
:2051E00083F8BB24012002F01FFF3B69BA69203213F81230C3F3C013DBB2002B49D13A69C0
:20520000BB6903F1200112F8113043F0800302F811300121C82002F085FD3AE07B6993F812
:20522000BB34DAB20121BB6901FA03F3DBB21340DBB2002B15D0012002F046FF7B6993F878
:20524000BB34DAB20121BB6901FA03F3DBB2DB43DBB21340DAB27B6983F8BB24012002F034
:20526000E3FE3B69BA69203213F81230C3F3C013DBB2002B0DD03A69BB6903F1200112F8E3
:20528000113023F0800302F811300121C82002F049FDBB690133BB61BB69022B7FF666AF6B
:2052A000FB690133FB617B681B881A46FB699342FFF459AF00BF00BF2037BD4680BD00BF0C
:2052C00000E00140003008404486000080B483B000AFEFF303837B607B683B603B88C3F31B
:2052E00008039BB2DBB2103BDBB25BB218460C37BD465DF8047B704780B483B000AF034656
:20530000FB7197F90730044A52F8233018460C37BD465DF8047B70474C46002080B483B027
:2053200000AF0346FB710B4997F9073003F1C00251F8223023F4803341F82230054A97F969
:205340000730C03352F8233000BF0C37BD465DF8047B70470060004080B584B000AFFFF748
:20536000B5FF0346BB7397F90E301846FFF7C4FFB8600023FB73174ABB685B79D35CC3F337
:205380000103DBB2032B02D10123FB7304E097F90E301846FFF7C2FFBB68002B0ED0BB68D3
:2053A0009B68002B0AD0BB685B797B60BB68DB683B60BB689B683A4610469847FB7B002B96
:2053C00004D097F90E301846FFF7A8FF00BF1037BD4680BD0060004080B483B000AFEFF352
:2053E00003837B607B683B603B88C3F308039BB2DBB2103BDBB25BB218460C37BD465DF892
:20540000047B704780B483B000AF03463960FB7197F9073004493A6841F8232000BF0C37BE
:20542000BD465DF8047B70474C46002080B483B000AF0346FB7197F90730044A52F82330AF
:2054400018460C37BD465DF8047B70474C46002080B483B000AF0346FB710B4997F9073085
:2054600003F1C00251F8223023F4803341F82230054A97F90730C03352F8233000BF0C37DE
:20548000BD465DF8047B70470060004080B584B000AF0346FB7197F907301846FFF7D8FF1F
:2054A000BFF35F8F00BF97F90730FB60FB6803F01F02074997F907305B09012000FA02F26A
:2054C000603341F8232000BF1037BD4680BD00BF00E100E080B584B000AF0346B9607A60A3
:2054E000FB73BB68DAB2094997F90F301201D2B20B4483F8002397F90F3079681846FFF7E6
:2055000081FF00BF1037BD4680BD00BF00E100E080B485B000AF0346FB7197F90730FB6056
:20552000FB6803F01F020749FB685B09012000FA02F241F8232000BF1437BD465DF8047B71
:20554000704700BF00E100E080B582B000AF0346FB7197F907301846FFF798FF97F90730D0
:205560001846FFF7D5FF00BF0837BD4680BDFFFF80B485B000AF0346FB7197F90730FB60D8
:20558000FB6803F01F020B4997F907305B09012000FA02F2203341F82320BFF34F8F00BFE8
:2055A000BFF36F8F00BF00BF1437BD465DF8047B704700BF00E100E080B584B000AF034603
:2055C000B9607A60FB7397F90F307A68B9681846FFF780FF97F90F301846FFF7B5FF00BF2F
:2055E0001037BD4680BDFFFF80B584B000AF786039607B68FB603B681B7C1A46012303FAA4
:2056000002F2FB68DA603968F86800F085F83968F86800F0B3F8FB68034A1A600023184644
:205620001037BD4680BD00BF5450470080B485B000AF78607B68FB60FB689B68FA68D26809
:205640009A60002318461437BD465DF8047B704780B485B000AF78607B68FB60FB689B6862
:20566000FA68D2685A60002318461437BD465DF8047B704780B586B000AF78607B687B61C9
:2056800000233B617B695B68DB69FB607B695B6893F91230184600F0D4F9FB6893F9243032
:2056A000184600F0CEF9FB6893F92530184600F0C8F97B6900221A60786900F021F8B86000
:2056C0007B699B687A69D2689A607B699B6800225A63BB6843F425431946786900F005F817
:2056E0003B6918461837BD4680BD80B483B000AF7860396000BF0C37BD465DF8047B704702
:2057000080B483B000AF7860002318460C37BD465DF8047B7047FFFF80B485B000AF78605B
:2057200039607B683A685A607B6801221A747B68DB6803F00603002B02D07B6800221A744B
:205740003B681B7C1A460C4B13441B02FB60FA687B689A603B685A697B685A613B689A69A0
:205760007B68DA617B6800229A6100BF1437BD465DF8047B704700BF9016400080B594B055
:2057800000AF786039603B68DB693B640023FB63EFF31083BB61BB69FB6301237B617B69EB
:2057A00083F3108800BF954B1A693B681B7C19464FF00043CB40DB43904913400B618F4B03
:2057C0001B69FB6B3B613B6983F3108800BF7B689B684FF425421A607B689B680022DA6284
:2057E0007B689B680022DA637B689B6800229A643B681B7ABB63BB6BDB05FB643B685B683D
:20580000013B7B633B681B78032B03D1FB6C43F48033FB647B689B68FA6CDA62786800F02E
:20582000EFF87B689B683A6C9269DA617B689B683A6CD2691A627B689B687A6B9A667B68CE
:205840009B687A6B5A6600233B633B6C9B6BBB644FF0FF33BB600023FB603B681B78002BA8
:2058600006D13B685B685B08013BFB62FB6ABB603B681B78012B07D93B68D96807F1080247
:205880000023786800F00BF97B689B68BA685A657B689B68BA689A653B681B78032B07D9FF
:2058A0007B689B68BA68DA657B689B68BA681A66FB681B043A6B13433B63FB681B063A6BD5
:2058C00013433B633B6C9B6B002B1ED13B6C1B78002B0AD03B6C5B781946386800F054F918
:2058E000B862BA6CBB6A1343BB643B6C9B78002B0BD03B6CDB781946386800F045F978620D
:205900007B6A1B04BA6C1343BB64786800F067F900233B620023FB617B689B683A6A9A63F2
:205920007B689B68FA69C3F888203B6C9B6B002B0DD13B6C93F820305B03BA6C1343BB648A
:205940003B6C93F821305B07BA6C1343BB644FF4AA037B643B6C93F83030002B02D04FF426
:20596000A0037B647B689B687A6C1A643B681B78012B07D17B689B680022DA647B689B68F5
:2059800000221A657B689B687A68D268DA607B689B68BA6C5A637B689B683A6B42F003029F
:2059A0001A637B689B683A6B42F001021A634AF201517868FFF799FE3B6893F912003B684E
:2059C0005B7C7A68194600F054F83B6C93F924003B6C93F822307A68194600F04AF83B6C7E
:2059E00093F925003B6C93F823307A68194600F040F800BF5037BD4680BD00BF004008403B
:205A000080B483B000AF78607B689B684FF000421A617B689B684FF000425A617B689B68AE
:205A20004FF000429A617B689B6800225A627B689B6800229A6200BF0C37BD465DF8047B49
:205A4000704780B582B000AF0346FB7197F90730002B0ADB97F907301846FFF789FD97F9BC
:205A6000073000211846FFF7CDFC00BF0837BD4680BD80B584B000AF0346B9607A60FB73B1
:205A800097F90F30002B06DB97F90F307A68B9681846FFF791FD00BF1037BD4680BD80B4FD
:205AA0008BB000AFF860B9607A603B60FB689B689B6EFB61FB690133FB61BB68002B0CBF3E
:205AC00001230023FB76BA68FB699A422CBF01230023BB76FB7E002B02D1BB7E002B44D05A
:205AE0003B6803F00103002B07D1FB689B685B6BC3F30403DBB27B6206E0FB689B685B6BA4
:205B0000C3F30443DBB27B62FB685B681B78032B09D97B6A03F01003002B0CBF012300232D
:205B200087F8233008E07B6A03F00C03042B0CBF0123002387F82330FB7E002B06D097F8A8
:205B4000233083F00103DBB2002B06D1BB7E002B07D097F82330002B03D07B6802225A6010
:205B60000CE07B6803225A6008E0BB687B617B69013B7B617B687A691A6000BF00BF2C3773
:205B8000BD465DF8047B704780B485B000AF78600B46FB70FB789A01FB781B01134343F4A1
:205BA0008073BB600923FB607B681B78022B0BD07B681B78032B02D10323FB6004E0FB7883
:205BC000002B01D10623FB60BA68FB681343BB60BB6818461437BD465DF8047B704780B4C0
:205BE00085B000AF78607B685B68DB69FB60FB6893F8303003F00103DBB2002B05D0FB686F
:205C00009A6A7B689B68013ADA64FB6893F8303003F00203DBB2002B05D0FB68DA6A7B68C4
:205C20009B68013A1A6500BF1437BD465DF8047B704790B589B000AFF8600B467A60FB72F2
:205C4000FB689B69FB61FB69002B03D107F11003FB6105E0FA6907F1100307CA83E8070021
:205C6000FB69FA7A1A71FB697A689A60FB68DA69FB691A60FB685B69F8699847FB689B692F
:205C8000002B08D0FB689B691C4607F1100393E8070084E8070000BF2437BD4690BD80B599
:205CA00084B000AFFFF798FB0346FB7397F90F301846FFF7CDFB97F90F301846FFF7B6FB02
:205CC000B860BB685B681B78012B20D1B868FFF717FD7860BB689B68BA68D2689A60BB6875
:205CE0009B6800229A64BB689B680022DA64BB689B6800221A657B6843F425431946B86833
:205D0000FFF7F3FC97F90F301846FFF7BFFBBB685B69002B04D000220021B868FFF789FFFA
:205D200000BF1037BD4680BD80B483B000AFEFF303837B607B683B603B88C3F308039BB275
:205D4000DBB2103BDBB25BB218460C37BD465DF8047B704780B487B000AF0346FB710E4B7A
:205D60001B6A7B61FB797A6922FA03F303F007033B617B691B0E03F00703FB60074B1A6887
:205D8000FB689A403B6922FA03F318461C37BD465DF8047B704700BF00E00140D4470020B6
:205DA00080B400AF094B0122A3F80421074BB3F804319BB2002BF9D1044B0122A3F8002127
:205DC00000BFBD465DF8047B704700BF00C0014080B483B000AF03463960FB7197F907308B
:205DE00004493A6841F8232000BF0C37BD465DF8047B70474C46002080B483B000AF034697
:205E0000FB7197F90730044A52F8233018460C37BD465DF8047B70474C46002080B483B01C
:205E200000AF0346FB710B4997F9073003F1C00251F8223023F4803341F82230054A97F95E
:205E40000730C03352F8233000BF0C37BD465DF8047B70470060004080B584B000AF0346EA
:205E6000FB7197F907301846FFF7D8FFBFF35F8F00BF97F90730FB60FB6803F01F0207497C
:205E800097F907305B09012000FA02F2603341F8232000BF1037BD4680BD00BF00E100E0F3
:205EA00080B584B000AF0346B9607A60FB73BB68DAB2094997F90F301201D2B20B4483F8EF
:205EC000002397F90F3079681846FFF781FF00BF1037BD4680BD00BF00E100E080B485B0EC
:205EE00000AF0346FB7197F90730FB60FB6803F01F020749FB685B09012000FA02F241F846
:205F0000232000BF1437BD465DF8047B704700BF00E100E080B582B000AF0346FB7197F9CB
:205F200007301846FFF798FF97F907301846FFF7D5FF00BF0837BD4680BDFFFF80B485B0AB
:205F400000AF0346FB7197F90730FB60FB6803F01F020B4997F907305B09012000FA02F2B6
:205F6000203341F82320BFF34F8F00BFBFF36F8F00BF00BF1437BD465DF8047B704700BF3D
:205F800000E100E080B584B000AF0346B9607A60FB7397F90F307A68B9681846FFF780FFD9
:205FA00097F90F301846FFF7B5FF00BF1037BD4680BDFFFF80B584B000AF786039607B685A
:205FC000FB600023BB60FB683A685A603B681B78002B23D03B685A68FB689A633B68DA686B
:205FE000FB681A64FB680022DA63184B01221A763B6893F911003B681B7CFA681946FFF7B7
:20600000C1FF124B98221A753B6893F913003B689B7CFA681946FFF7B5FF05E00B4B002256
:206020001A760A4B00221A75F86800F073FAB860BB68002B01D0BB6803E0FB68044A1A60A5
:20604000BB6818461037BD4680BD00BF00E07F404E45504F80B586B000AFF860B9607A6043
:206060003B60FB683B6100237B613B685A083B691A633B69BA689A623B697A68DA623B6939
:20608000002283F834207B68B3F1006F04D2386902F062F9786103E0386900F084F97861B2
:2060A0007B6918461837BD4680BD80B588B000AFF860B9607A60FB687B610023FB617B6906
:2060C000002283F83420BB68B3F1006F19D20023BB61BB68B3F5803F06D2BB6823F4FF5381
:2060E00023F01F03BB6105E0BB6823F4FF4323F07F03BB617A68B969786902F031F9F861E3
:206100000EE0BB6823F03F033B617A683969786900F09EFAF861FB69002B01D0FB6900E093
:20612000FB6918462037BD4680BD80B588B000AFF860B9607A603B60FB687B610023FB6146
:20614000BB68B3F1006F1DD27B69002283F834203B6800221A70BB683B610023BB610CE00C
:206160003A69BB6913441B78FF2B03D03B6801221A700EE0BB690133BB61BA697B689A42DD
:20618000EED306E03B687A68B968786900F052F9F861FB6918462037BD4680BD80B483B07D
:2061A00000AF786039600B4BB3F884309BB203F08103002B03D13B6800221A7002E03B6873
:2061C00001221A70002318460C37BD465DF8047B704700BF00E07F4080B487B000AFF860F0
:2061E000B9601346FB80FB687B6100233B6106233B613B6918461C37BD465DF8047B70470C
:2062000080B487B000AFF860B9607A60FB687B6100233B6106233B613B6918461C37BD46FE
:206220005DF8047B704780B485B000AF78607B68FB600023BB600623BB60BB681846143757
:20624000BD465DF8047B704780B584B000AF78607B68FB60F86802F067F8034618461037E3
:20626000BD4680BD80B584B000AF78600B46FB701346BB707B68FB600023BB60BA78FB788D
:206280001946F86802F054F8B860BB6818461037BD4680BD80B485B000AF78607B68FB60B3
:2062A0000023BB600623BB60BB6818461437BD465DF8047B704780B584B000AF78607B682F
:2062C000FB60F86800F026F9034618461037BD4680BDFFFF80B483B000AF786039603B689E
:2062E000094A92E8030083E803003B68074A083392E8030083E80300002318460C37BD467F
:206300005DF8047B704700BF6C8600009C08002080B584B000AF78607B68FB600023BB6011
:20632000FB6800221A60FB685B6893F91130002B06DBFB685B6893F911301846FFF7FEFD1D
:206340000B4B00221A76FB685B6893F91330002B06DBFB685B6893F913301846FFF7EEFD00
:20636000034B00221A75BB6818461037BD4680BD00E07F4080B487B000AFF860B9607A6012
:206380003B60FB687B617B69BA689A637B697A681A647B693A68DA63002318461C37BD4642
:2063A0005DF8047B704780B586B000AF786000237B61786800F08AFA78617B69002B01D054
:2063C0007B6932E07B685B681B78002B06D07B68012283F8342000233B6102E07B68DB68F1
:2063E0003B613A690421786801F0AEFF78617B685B681B78002B01D07B6916E018224FF456
:206400008051786901F0A4FF78617B681B6B002B02D07B69002BE4D001F08EFFF8607B697A
:20642000002B01D1FB687B617B6918461837BD4680BDFFFF80B588B000AFF860B9607A60EA
:206440003B60F86800F042FAF861FB69002B01D0FB6957E02D4B002283F8D0202B4ABB6824
:206460001363BA687B681344284A013B5363284B71221A70264BD0221A70FB685B681B78B0
:20648000002B08D0FB68032283F834203B6802221A70002336E0FB685B697A689208013242
:2064A00002FB03F3BB6108E0BB69002B02D11423FB610AE0BB69013BBB61144BD3F88030F0
:2064C000C3F3C033DBB2012BEED14FF4FC720021F86901F03DFFF8610C4B93F8D430DBB26F
:2064E000012B03D13B6801221A7002E03B6800221A7001F021FF7861FB69002B01D17B69EC
:20650000FB61FB6918462037BD4680BD00E07F4000007E4080B586B000AF78607B68002272
:2065200083F83420424B012283F816241C20FFF711FC78611820FFF70DFC38617B693D4AD4
:20654000934202D84FF4FB736DE07B6903F5742303F23F23384AA2FB03239B0CFB603B69D9
:2065600003F5742303F23F23334AA2FB03239B0CBB60FB689BB2314A03F5F0539BB2A2F8E6
:20658000E430BB6843F6B85202FB03F32C4AA2FB03239A087B689A60BB6840F6D86202FB46
:2065A00003F3274AA2FB03239A087B68DA60BB685B00234AA2FB03239A087B681A61BB6821
:2065C000542202FB03F31E4AA2FB03239A087B685A61BB681B4A02FB03F3194AA2FB032346
:2065E0009A087B689A61BB6844F2506202FB03F3134AA2FB03239A087B685A62BB68124A3D
:2066000002FB03F30E4AA2FB03239A087B681A62BB680E4A02FB03F3094AA2FB03239A0845
:206620007B68DA61002318461837BD4680BD00BF00E00140FF083D0083DE1B4300E07F40AA
:20664000ABAAAAAA38AF040080DE0F00A0F7030080B588B000AFF860B9607A600023FB61B9
:20666000FB68BA689A62FB687A681A63F86800F02DF9F861FB69002B02D04FF4FA7336E0E1
:20668000FB685B681B78002B06D0FB68022283F834200023BB6102E0FB685B6ABB61164B24
:2066A0000122A3F8E020BA694021F86801F048FEF861FB685B681B78002B01D0FB6916E099
:2066C00019224FF40051F86901F042FEF861FB681B6B002B02D0FB69002BE4D001F02CFEBC
:2066E0007861FB69002B01D17B69FB61FB6918462037BD4680BD00BF00E07F4080B584B000
:2067000000AFFFF711FB0346BB7397F90E301846FFF772FBB8601E4B1B7CDBB27B601C4BDB
:20672000D3F880201B4B13403B607B6803F00803002B02D00423FB7319E07B6803F08003D5
:20674000002B02D00523FB7311E07B6803F01003002B0AD03B6803F44053002B02D0072373
:20676000FB7304E00623FB7301E00723FB73B86801F0DAFD97F90E301846FFF74FFBFB7BED
:206780001946B86800F06EF800BF1037BD4680BD00E07F404070F00080B584B000AF002364
:2067A000FB73FFF7C1FA03467B7397F90D301846FFF722FBB86097F90D301846FFF72EFBE3
:2067C000BB6893F83430012B17D1BB681B6B002B0ED000220421B86801F0B6FD78607B681B
:2067E000002B2BD0B86801F09FFD0723BB7325E00123BB730123FB7320E0BB6893F8343073
:20680000022B0ED1BB681B6B002B05D000224021B86801F095FD11E00023BB730123FB73C9
:206820000CE00123FB730E4B93F8D430DBB2012B02D10323BB7301E00223BB73FB7B002B3D
:206840000AD001F079FDBB68002283F83420BB7B1946B86800F006F800BF1037BD4680BDFA
:2068600000E07F4080B586B000AF78600B46FB707B68DB6B7B617B69002B03D107F10C03DC
:206880007B6106E07A6907F10C0392E8030083E803007B69FA781A707B681A6C7B695A607A
:2068A0007B689B6B786998477B68DB6B002B08D07B68DB6B1A4607F10C0393E8030082E88B
:2068C000030000BF1837BD4680BDFFFF80B584B000AF78600023FB604FF49643BB607B68E1
:2068E0005B681B78002B0DD07B685B6893F911301846FFF70FFB7B685B6893F91330184696
:20690000FFF708FB0C4B4AF68022A3F8842008E0BB68002B02D14FF4FA7309E0BB68013B05
:20692000BB60054BB3F884309BB2802BF0D1FB6818461037BD4680BD00E07F4080B485B084
:2069400000AF786039607B68FB600C4AFB6813603B681A68FB689A603B685A68FB68DA6029
:20696000FB6800225A60FB68054A1A60002318461437BD465DF8047B704700BF0446002029
:206980004347430080B588B000AFF8600B467A60FB72FB68FB610023BB61FB7A052B02D0A9
:2069A000FB7A062B0DD107F1100307F11402F97A786800F0B5F9B861BB69002B01D0BB69EC
:2069C00029E0FB7A184600F0F5F803461A46FB7A1146184600F006F90346002B02D140F2C3
:2069E000931318E0012000F01AF8FB7A052B02D0FB7A062B06D13B6907F11402F97A7868DD
:206A000000F0CCF9FB7A0021184600F019F9012000F01AF8002318462037BD4680BD80B55B
:206A200082B000AF0346FB71012001F04DFBFB79012B05D1002000F0D5FF002001F044FBBC
:206A400000BF0837BD4680BD80B582B000AF0346FB71FB79012B07D1002001F0E5FA064B74
:206A60001B6A184600F07AF8012001F0DDFA00BF0837BD4680BD00BF00E0014080B483B063
:206A800000AF78601A4B1B68B3F5004F01D0002327E0184B93F83630DBB2002B17D0154B42
:206AA00093F83830DBB2002B11D0124B93F83230DBB2002B0BD00F4B93F82A30DBB2002B76
:206AC00005D00C4B93F84A30DBB2002B01D1002307E07B6803F0EE43002B01D0002300E0EB
:206AE000012318460C37BD465DF8047B704700BFD447002000E0014080B485B000AF786038
:206B00000B46FB70FB78002B0BD07B68FB60FB6803F0443323F480030E4A934201D000237A
:206B200011E00D4B93F82A30DBB2002B05D10A4B93F84A30DBB2002B01D0012300E000238F
:206B400003F00103DBB218461437BD465DF8047B704700BF4444044400E0014080B584B061
:206B600000AF7860104B93F84030FB737868FFF785FF0346002B03D0042000F033FF0FE0F4
:206B8000FB7B19467868FFF7B7FF0346002B07D0064B1B68064A934202D8032000F022FF42
:206BA00000BF1037BD4680BD00E00140D447002040420F0080B483B000AF0346FB71FB7963
:206BC000074A52F823301B78DBB2002B0CBF01230023DBB218460C37BD465DF8047B7047AE
:206BE000C086000080B487B000AF03460A46FB711346BB7116237B61FB7901229A407B6941
:206C00001340002B01D0012312E00C4B93F83C30DBB23B61FB793A6922FA03F303F0010378
:206C2000FB60BB79FA689A420CBF01230023DBB218461C37BD465DF8047B704700E0014088
:206C400080B483B000AF03460A46FB711346BB71FB790A4A52F82330BA791A70FB79074AAD
:206C600052F823301B78DBB2BA799A42F6D100BF00BF0C37BD465DF8047B7047C0860000EC
:206C800080B489B000AFF8600B467A60FB72114BFB61FB681B78002B01D10E4BFB61FB6825
:206CA0005B880133FA6902FB03F35B08BB61FB685B7801337B61BA697B69B2FBF3F33B616C
:206CC0007B683A691A60002318462437BD465DF8047B7047002D310180B487B000AF7860F9
:206CE0000023FB827B681B78002B01D10123FB827B685B88BB827B685B787B82BB8A1B02C8
:206D000003F47C52FB8A1B011A437B8A1343FB60FB6818461C37BD465DF8047B7047FFFF5A
:206D200080B588B000AFF8607A603B600B46FB72F868FFF7D1FFB861FB7A052B02D1154B95
:206D4000FB6101E0144BFB61FB691B889BB21A46BB69934209D0FB7A1846FFF72BFF034679
:206D6000002B02D040F291130FE0FB7A7A681946F868FFF785FF78617B69002B01D07B6924
:206D800003E03B68BA691A60002318462037BD4680BD00BF28E0014048E0014080B584B0DE
:206DA00000AFF8607A603B600B46FB72FB7A052B04D1094B3A6892B21A8504E0064B3A686F
:206DC00092B2A3F84820FB7A7968184600F044FE00BF1037BD4680BD00E0014080B483B0B8
:206DE00000AF0346FB7197F90730002B0CDBFB7903F01F02074997F907305B09012000FA38
:206E000002F2403341F8232000BF0C37BD465DF8047B704700E100E080B483B000AFEFF346
:206E200003837B607B683B603B88C3F308039BB2DBB2103BDBB25BB218460C37BD465DF837
:206E4000047B704780B483B000AF03463960FB7197F9073004493A6841F8232000BF0C3764
:206E6000BD465DF8047B70474C46002080B483B000AF0346FB7197F90730044A52F8233055
:206E800018460C37BD465DF8047B70474C46002080B483B000AF0346FB710B4997F907302B
:206EA00003F1C00251F8223023F4803341F82230054A97F90730C03352F8233000BF0C3784
:206EC000BD465DF8047B70470060004080B584B000AF0346FB7197F907301846FFF7D8FFC5
:206EE000BFF35F8F00BF97F90730FB60FB6803F01F02074997F907305B09012000FA02F210
:206F0000603341F8232000BF1037BD4680BD00BF00E100E080B584B000AF0346B9607A6048
:206F2000FB73BB68DAB2094997F90F301201D2B20B4483F8002397F90F3079681846FFF78B
:206F400081FF00BF1037BD4680BD00BF00E100E080B485B000AF0346FB7197F90730FB60FC
:206F6000FB6803F01F020749FB685B09012000FA02F241F8232000BF1437BD465DF8047B17
:206F8000704700BF00E100E080B582B000AF0346FB7197F907301846FFF798FF97F9073076
:206FA0001846FFF7D5FF00BF0837BD4680BDFFFF80B485B000AF0346FB7197F90730FB607E
:206FC000FB6803F01F020B4997F907305B09012000FA02F2203341F82320BFF34F8F00BF8E
:206FE000BFF36F8F00BF00BF1437BD465DF8047B704700BF00E100E080B584B000AF0346A9
:20700000B9607A60FB7397F90F307A68B9681846FFF780FF97F90F301846FFF7B5FF00BFD4
:207020001037BD4680BDFFFF80B590B000AF786039607B68BB6200237B623B681B693B6272
:207040003B681B6803F58023A8331B03FB61BB6AFA695A600023BB61EFF310833B613B69E4
:20706000BB610123FB60FB6883F3108800BF8F4B5A683B681B68C3F10203012101FA03F3B7
:20708000DB438A4913404B60884B5B68BB69BB60BB6883F3108800BFBB6A3A681A603B6858
:2070A0009A68BB6ADA613B68DA68BB6A5A62BB6A00221A623B6A1A78BB6A1A7600220121B5
:2070C000B86A00F0E3FB3B6A1B7B1BB25B001AB23B6A1B7D1BB2DB001BB213431BB243F485
:2070E000E0731BB29AB2FB69A3F840283B685B687B617B691B68013B1A046D4B13407A69CC
:207100005268013A12071A437B699B68013B1B021A437B69DB68013B1B031343BA6A127EDC
:207120001A43FB69C3F8442800220221B86A00F0ADFBFB69802283F85028FB6903F50073A0
:207140004FF400720021184601F0A4F80023FB632CE03B6A9A68FB6BDB0013449B79002B63
:2071600016D13B6A1B69FA6B9A4211D2FB6B20331B01FA69D1183B6A9A68FB6BDB0013447B
:207180001A46386A00F056F9402387F83B3002E0002387F83B30FA69FB6B134403F50263F5
:2071A00097F83B201A70FB6B0133FB63FB6B1F2BCFD900237B6300233B632BE03B6A5A68D7
:2071C0003B6B9B0013441B686FF0604293421ED23B6A5A683B6B9B0013441B68FB623B6A4A
:2071E0001B7B002B04D1FB6A9A04324B1340FB62FB693A6B02F58072F96A43F822103B6B61
:207200009B000F2202FA03F37A6B13437B633B6B01333B633B6A1B699B083A6B9A42CDD332
:207220007B6BDA43FB69C3F8282400220021B86A00F02CFBFA69B2F8403843F02003A2F8EF
:207240004038FB69B3F84038C3F34013DBB2002BF7D13B6893F915003B681B7DBA6A1946A4
:20726000FFF7CAFE3B6893F916003B681B7DBA6A1946FFF7C1FE3B6893F917003B681B7D17
:20728000BA6A1946FFF7B8FEFB693E2283F84C28FB694FF0FF32C3F82C24BB6A064A9A60BE
:2072A0007B6A18464037BD4680BD00BF004008400000FF030000FC1F4E41435280B588B0DF
:2072C00000AF78607B68FB61FB6900229A60FB691B6893F915301846FFF76AFEFB691B680D
:2072E00093F916301846FFF763FEFB691B6893F917301846FFF75CFEFB695B68BB61BB6938
:20730000002283F84C28BB690022C3F82C2400237B61EFF31083BB60BB687B610123FB60FE
:20732000FB6883F3108800BF0C4B5A68FB691B681B68C3F10203012101FA03F30749134328
:207340004B60064B5B687B693B613B6983F3108800BF002318462037BD4680BD00400840DD
:2073600080B58AB000AFF860B9607A60FB68BB61BB691B681B697B61BB695B683B613A69F8
:20738000BB68134403F502631B78C3F3C013DBB2002B02D04EF663233AE0BB6820331B01FA
:2073A0003A6913447A681946786900F043F87B689B7903F00F03D9B23A69BB6820331B01CA
:2073C0001A44938861F3030393807B689B797B62BB6820331B013A69134406333B627B68AE
:2073E0000C33FB6107E0FA69531CFB613B6A591C396212781A707B6A5A1E7A62002BF2D1ED
:207400003A69BB68134403F5026380221A70002318462837BD4680BD80B485B000AFF86036
:20742000B9607A60062318461437BD465DF8047B7047FFFF80B489B000AFF860B9607A6094
:20744000FB681B7BFB750023FB61FB7D002B06D0FB7D022B0AD17B681B79002B06D17B68EF
:207460001B689A04114B1340BB610EE0FB7D022B06D17B681B79012B02D14FF00043FB6162
:207480007B681B6823F06043BB617B685B799B073B61FA693B691A43BB691A43BB681A603D
:2074A00000BF2437BD465DF8047B70470000FC1F80B489B000AFF860B9607A60FB685B687C
:2074C000BB61BA69BB6820331B0113441B687B617B699B0F03F00103DAB27B685A71FB6803
:2074E0001B681B693B613B691B7BB969BA68203212010A441268C2F3C072D2B21343DBB2F0
:2075000003F00103DAB27B681A717B681B79002B06D17B699B0CC3F30A027B681A6004E073
:207520007B6923F060427B681A60BA69BB6820331B0113449B88C3F30303DBB21A467B689A
:207540009A717B689B79082B02D97B6808229A710023FB6112E0BA69BB681B011A44FB696E
:20756000134403F206231B78D9B27A68FB6913440C330A461A70FB690133FB617B689B79D7
:207580001A46FB699342E6D3BA69BB68134403F5026344221A707B6800229A6000BF243796
:2075A000BD465DF8047B7047B0B58EB000AF786039607B681B6A7B637B6B002B02D13B68AD
:2075C0007B6317E07B6B07F10C041D460FCD0FC40FCD0FC495E8030084E803007A6B3B68B0
:2075E00014461D460FCD0FC40FCD0FC495E8030084E803007B68DB69786B98477B681B6A30
:20760000002B0CD07B681B6A1D4607F10C040FCC0FC50FCC0FC594E8030085E8030000BF84
:207620003837BD46B0BD80B590B000AFFFF7F4FB03461846FFF72CFCFFF7EEFB034687F8F6
:207640003B3097F93B301846FFF710FC78633B4628220021184600F01DFE0023FB637B6BCD
:207660005B683B633B6B93F84D38DBB2BB803B6B002283F84D283B6BB3F84238C3F30013DF
:20768000DBB2002B22D0BB8843F020039BB2BB803B6B93F8533887F82F303B6B022283F840
:2076A00053283B6B93F85238C3F30403DBB2FB633B6B97F82F2083F853283A6BFB6B134410
:2076C00003F50262137823F0040313707B6B1B681B683B607B6B5B6A3B61FB6BFB603B4616
:2076E0001946786BFFF760FF7B6B1B681B69BB623B6BB3F84238C3F30013DBB2002B0AD0C3
:20770000BB6A1B7D002B06D07B6B1B6893F915301846FFF763FB00BF4037BD4680BD80B514
:2077200090B000AFFFF778FB03461846FFF7B0FBFFF772FB034687F83F3097F93F301846B2
:20774000FFF794FBB8634FF480633B81BB6B5B687B637B6B93F8533887F833307B6B0022FA
:2077600083F853287B6B93F85238C3F30403DBB2FB627B6B97F8332083F853283B1D143314
:207780001A46F96AB86BFFF793FEFB6A3B61BB6B1B681B687B60BB6B5B6A7B613B1D1946F6
:2077A000B86BFFF701FF7B6BB3F84238C3F30003DBB2002B04D097F93F301846FFF70EFB04
:2077C00000BF4037BD4680BD80B590B000AFFFF723FB03461846FFF75BFBFFF71DFB0346B1
:2077E00087F83F3097F93F301846FFF73FFBB86300233B81BB6B5B687B637B6B93F8533851
:2078000087F833307B6B012283F853287B6B93F85238C3F30403DBB2FB627B6B97F833201D
:2078200083F853287A6BFB6A134403F5026300221A707A6BFB6A134403F5026300221A70FE
:20784000FB6A3B613B8943F400639BB23B81BB6B1B681B687B60BB6B5B6A7B613B1D19463B
:20786000B86BFFF7A1FE7B6BB3F84238C3F34003DBB2002B06D0BB6B1B6893F917301846E4
:20788000FFF7ACFA00BF4037BD4680BD80B584B000AF78600B46FB701346BB707B685B6800
:2078A000FB607B685B7BBA789A420DD00221786800F032F8FB68BA7883F858287B68BA7807
:2078C0005A737B6802221A737B681B7BFA789A421ED0FB78052B13D10221786800F01CF804
:2078E000FA68B2F8403843F48063A2F84038FB68B3F84238C3F38023DBB2012BF7D104E092
:20790000FB781946786800F007F87B68FA781A7300BF1037BD4680BD80B485B000AF7860AE
:207920000B46FB707B685B68FB60FA68B2F8403823F48063A2F84038FB7803F00303D9B203
:20794000FA68B2F8403861F30923A2F84038FB68B3F842389BB203F4E062FB781B029A4297
:20796000F5D100BF00BF1437BD465DF8047B704780B400AF094B0122A3F80421074BB3F8D3
:2079800004319BB2002BF9D1044B0122A3F8002100BFBD465DF8047B704700BF00C0014035
:2079A00080B483B000AF0346FB710D4B93F8A030C3F30013DBB2002BF7D1094AFB7982F8BF
:2079C000A030074B93F8A030C3F30013DBB2002BF7D100BF00BF0C37BD465DF8047B704792
:2079E00000E0014080B582B000AF0346FB71FB79042B14D1174B93F8AA30C3F30013DBB2F6
:207A0000002BF7D1134B012283F8AA20114B93F8AA30C3F30013DBB2002BF7D115E00D4B56
:207A200093F8AA30C3F30013DBB2002BF7D1094B002283F8AA20074B93F8AA30DBB2002B6E
:207A4000F9D1FB791846FFF7ABFF00BF0837BD4680BD00BF00E0014080B483B000AF7860DE
:207A600039607B68052B04D13B681B68064A536103E03B681B68044A936100BF0C37BD460B
:207A80005DF8047B704700BFAC08002080B483B000AF0D4B93F82630DBB27B600A4B1B6A37
:207AA0001B0E03F007033B60084A7B6852F823203B6822FA03F3064A136000BF0C37BD46C6
:207AC0005DF8047B704700BF00E00140AC080020D447002080B500AF0B4B012283F81C2117
:207AE0000A4B0B4A1A62094B052283F82620FFF7CDFF084BF1221A73064B00221A72054B20
:207B0000F0221A7300BF80BD00C0014000E00140111202200020004080B500AF0B4B0C4A73
:207B20001A600A4B0B4A5A60084B4FF400429A60064B074ADA60054B4FF400421A61034B1B
:207B4000054A5A61FFF7A2FF00BF80BDAC080020002D310100127A0000E1F50580B500AF0A
:207B60001B4B4AF20352A3F8FE23FFF701FFFFF7D3FF174B002283F81324154B092283F858
:207B8000A22000F031F8124B002283F83620104B93F83C30C3F30003DBB2012BF7D10C4BD7
:207BA00041F211321A850A4B002283F82A20084B93F83C30C3F34013DBB2012BF7D1FFF7AA
:207BC00089FF034B4FF42542A3F8FE2300BF80BD00E0014080B483B000AF786000BF0C375C
:207BE000BD465DF8047B704780B500AF184B93F88034DBB2002B07D1154B93F88134C3F38B
:207C00000103DBB2002B1CD0114B93F88034DBB2002B0DD10E4B012283F880240121C820E6
:207C200000F080F80A4B93F88034DBB2012BF9D1074B002283F88124054B002283F88024A0
:207C400004E04FF47A70FFF7C5FF00BF00BF80BD00E0014080B582B000AF2B4B002283F854
:207C600028200121C82000F05DF8274B002283F82420254B93F82430DBB2002BF9D1224ADD
:207C800092F8243043F0020382F824301E4B93F82430C3F34003DBB2002BF7D11A4B0022B8
:207CA00083F82220184B93F82230DBB2002BF9D10023FB7116E01449FB7903F1200211F8D0
:207CC000123023F0800301F812300F4AFB79203312F81330C3F3C013DBB2002BF5D1FB79A9
:207CE0000133FB71FB79002BE5D0012000F0ECF9064B002283F8BB24012000F095F900BF6F
:207D00000837BD4680BD00BF0030084000E0014080B483B000AF786000BF0C37BD465DF844
:207D2000047B70472DE9B04F90B000AFF861B9610023FB63FB69BA6902FB03F3BB63504BE2
:207D40001B687B634F4A7B6BB2FBF3F33B63BB6B00223B617A61D7E904234FF000004FF0EE
:207D60000001590141EAD261500102460B463969B2EB0108796963EB01094FF000024FF05E
:207D800000034FEA890343EA98734FEA880290469946D7E904120B4618EB03033B60134647
:207DA00049EB03037B604FF000024FF00003D7E900894946CB00414643EA51734146CA00BF
:207DC000C7E90A23D7E90A23012B08D2BA6A3B6BB2FBF3F37B627B6A9B08FB6344E03B6BE9
:207DE0009B00BA6BB2FBF3F3BB63BB6B0022BB60FA60D7E9028942464B464FF000004FF073
:207E00000001590141EAD261500102460B464146541A494663EB01054FF000024FF0000364
:207E2000AB0043EA9473A20014461D46434614EB030A4B4645EB030B4FF000024FF000031D
:207E40004FEACB0343EA5A734FEACA0292469B46C7E90AABD7E90A23012B02D2BB6AFB638E
:207E600002E04FF0FF33FB63FB6B002B02D0F86B00F00AF800BF4037BD46BDE8B08F00BFBD
:207E8000D447002000CA9A3BA0F101000028FBD1704700BF80B582B000AF0346FB71FB79CD
:207EA000074A52F82330002B06D0FB79044A52F82330FA791046984700BF0837BD4680BD8E
:207EC0000846002080B582B000AF144BB3F82031BB80124BB3F840319AB2BB8813407B8032
:207EE0000023FB710EE07A88FB7922FA03F303F00103002B03D0FB791846FFF7CBFFFB7982
:207F00000133FB71FB790F2BEDD9044A7B88A2F8303100BF0837BD4680BD00BF0060004064
:207F200080B58AB000AF032000F0CEF8394B6FF0FF029A643B1D0C22FF21184600F0AAF9D1
:207F400000237B6221E0344A7B6A32F81330002B18D07B6A5B097B617B6A03F01F033B6182
:207F60007B699B0028333B4453F8242C01213B6901FA03F3DB431A407B699B0028333B4485
:207F800043F8242C7B6A01337B627B6A5F2BDAD9224BBB6100233B6218E03B6A9B00BA699A
:207FA0001A443B6A9B0028333B4453F8243C13601B493B6A9B0028333B4453F8242C3B6A6D
:207FC000A03341F823203B6A01333B623B6A022BE3D9032000F028F80023FB6112E00E4A52
:207FE000FB6932F81330002B09D00B4AFB6932F813300C4A1946FB69C03342F82310FB69A9
:208000000133FB61FB695F2BE9D900BF00BF2837BD4680BD008000407C8500007080004012
:2080200000E100E00060004080B487B000AF0346FB7100237B61EFF31083FB60FB687B6102
:2080400001233B613B6983F3108800BFFB791A4A32F813309BB2002B09D0FB79164A32F85B
:20806000132092B2013A91B2134A22F81310FB79114A32F813309BB2002B11D10F4BB3F8D6
:20808000FE339AB20E4B13439AB2FB790D4931F81330DB439BB2094913409BB2A1F8FE330B
:2080A0007B69BB60BB6883F3108800BF00BF1C37BD465DF8047B7047CC47002000E00140DD
:2080C00000A5FFFFDC86000080B487B000AF0346FB7100237B61EFF31083FB60FB687B61BE
:2080E00001233B613B6983F3108800BFFB79164A32F813309BB2002B0FD1144BB3F8FE337B
:208100009AB2FB79124931F8133013439AB20F49104B13439BB2A1F8FE33FB790A4A32F824
:20812000132092B2013291B2074A22F813107B69BB60BB6883F3108800BF00BF1C37BD46C0
:208140005DF8047B704700BFCC47002000E00140DC86000000A5FFFF80B500AF00F00CF8A4
:20816000FBF750FA00BFFDE780B400AF00BE00BFBD465DF8047B704780B584B000AF3A4B95
:208180004FF47002C3F88820374B384A9A600020FBF724FAFFF7E2FC0120FBF71FFA334B1B
:2081A0001B68A3F580633B603B6883F30A8800BF2F4A304BD31A1A4600212E4800F06AF892
:2081C0002D4A2E4BD31A1A462D492C4800F06AF82C4A2D4BD31A9B107B600023FB6007E060
:2081E000294AFB6852F823309847FB680133FB60FA687B689A42F3DBFFF748FCFFF72AFDF5
:208200000320FFF761FF0023BB6009E01F4ABB6808334FF6FF7122F81310BB680133BB6093
:20822000BB68052BF2D90320FFF7FEFE0320FFF74BFF174B00225A60154B00229A60144B8F
:208240000022DA60124B00221A610320FFF7ECFE0220FBF7C3F9FFF763FE0020FFF758FD33
:2082600000BF1037BD4680BD00ED00E000000000D8470020C8080020AC08002000000020C8
:20828000E8860000A8080020A4080020000D084000000E4002440346934200D1704703F84A
:2082A000011BF9E70A44431E914200D1704710B511F8014B914203F8014FF9D110BDFFFFEB
:2082C00000000305352E332E300000004275696C7420776974682052656E65736173204174
:2082E0006476616E63656420466C657869626C6520536F667477617265205061636B61678C
:20830000652076657273696F6E20352E332E3000F8B500BFF8BC08BC9E467047F8B500BFD3
:20832000F8BC08BC9E4670475FF800F0790000205FF800F0810600205FF800F001000020F4
:208340005FF800F0B50100205FF800F0290200205FF800F0190300205FF800F089040020F7
:208360005FF800F0ED040020010C00030400030300040000010700FF000000000000000080
:208380000000000000000000000000000000000000000000000000000000000000000000DD
:2083A000000000000000FFFFDFDF0000000000000000000000000000000000000000000001
:2083C00000000000404B4C0000000000A025260001021100D10A00000000000084830000E5
:2083E00000000000000000000000000000000000010D010E20450020E0830000848600006E
:20840000060803030101000000000000000000000000000000000000000000010000000045
:2084200000090A0B0C03030303000000010000000000000000000000450A000000000000B6
:208440001484000000010000580700200F00FFFF00000000FFFF00000002000001050106EA
:208460000107010800000000000000009D0C00000000000044840000000000006C070020E7
:208480008C0700200000000020000000000000000000000000000000000000005C07002086
:2084A000190300000000000078840000020001020000010400010000000001040101000092
:2084C000040000000601000004000000070100000000010008010000000401060901000066
:2084E000000401060A010000000001060B010000050000000C010000040000000D0100002F
:20850000000001030502000004000000060200000400000007020000050000000802000028
:20852000000001000C020000000001000D020000000001000003000004000000030300000E
:208540000400000004030000050000000004000000000110010400000000011002040000DA
:208560000400000007040000040000000005000018000000B084000000000000A100A40052
:20858000A500A200A3008001810182018301C401C501C801C70131003000EA000400CF00AD
:2085A0000000000000000000000000000000000000000000000000000000000000000000BB
:2085C00000000000000000000000000000000000000000000000000000000000000000009B
:2085E00000000000000000000000000000000000000000000000000000000000000000007B
:2086000000000000000000000000000000000000000000000000000000000000000000005A
:2086200000000000000000000000000000000000000000000000000000000000FFFF00FF3D
:20864000010203FF020403040404FFFF00000000FFFF000000200000800000000000010063
:20866000FFFF07000080000080000000020000004C86000000000008FF1F000840000000B3
:2086800004000000B55F000055600000AB6000002B610000D5620000116300009D610000CD
:2086A0000162000027620000D961000049620000B76200006562000095620000756300003A
:2086C00036E0014038E0014090E4014032E0014080E401402AE001404AE001400100020084
:2086E000080010000000000080B584B000AF0023FB6000237B60194BB3F884309BB23B6023
:208700004FF49643BB60154B4FF42A42A3F8842008E0BB68002B02D14FF4FA73FB60BB689D
:20872000013BBB600D4BB3F884309BB2002BF0D13B68012B06D1094B4DF60112A3F84420A3
:2087400000F066FB7B6840F2F512934201D17B68FB60FB6818461037BD4680BD00E07F40E0
:2087600080B584B000AF78607B685B681B78002B0DD07B685B6893F91130184600F04CFBC0
:208780007B685B6893F91330184600F045FB124BB3F884309BB2002B02D1786800F040FBC4
:2087A00000F01CF8F86000F049F8B860FB68002B01D1BB68FB60FFF797FFB860FB68002B04
:2087C00001D1BB68FB607B68002283F83420FB6818461037BD4680BD00E07F4080B483B027
:2087E00000AF4FF496437B60124BB3221A7007E07B68002B01D1142315E07B68013B7B602A
:208800000D4BD3F88030C3F3C033DBB2012BEFD1094B1B7CC3F30013DBB2002B02D040F2F3
:20882000F51300E0002318460C37BD465DF8047B704700BF00007E4000E07F4080B483B07B
:2088400000AF4FF496437B60124B50221A7007E07B68002B01D1142315E07B68013B7B602C
:208860000D4BD3F88030C3F3C033DBB2012BEFD1094B1B7CC3F30013DBB2002B02D040F293
:20888000F51300E0002318460C37BD465DF8047B704700BF00007E4000E07F4080B485B019
:2088A00000AFF860B9607A60174AFB689B6A1363164B20221A70154BD0221A70FB689A6A0F
:2088C000BB681A44FB689A62FB681B6B5A1EFB681A637B68002B10D007E07B68002B01D1C2
:2088E00014230BE07B68013B7B60074BD3F88030C3F3C033DBB2012BEFD1002318461437A1
:20890000BD465DF8047B704700E07F4000007E4080B586B000AFF860B9607A607B68002BF9
:2089200006D1FB685B6893F91130184600F074FA314AFB68DB6A1363304BE8221A70BB68E6
:208940005A082E4BD2B21A7000237B612AE0FB681B693B61FB689B6A1A46284B12881A8033
:2089600006E03B695A1E3A61002B01D114233EE0214BD3F88030C3F38023DBB2012BF0D04F
:20898000FB689B6A9A1CFB689A62FB68DB6A9A1CFB68DA62FB681B6B5A1EFB681A637B6938
:2089A00001337B61BB685B087A699A42CFD3134BD0221A707B68002B11D007E07B68002B02
:2089C00001D1142313E07B68013B7B600A4BD3F88030C3F3C033DBB2012BEFD106E0FB6866
:2089E0005B6893F91130184600F01EFA002318461837BD4680BD00BF00E07F4000007E4055
:208A000080B586B000AFF860B9607A6000237B61174B1B7CC3F30013DBB2012B0FD1144B38
:208A2000D3F88030C3F38033DBB2012B04D1104B1B7C0F4B00221A7440F2F5137B610C4B5B
:208A4000D3F88020BB681340002B01D07B687B61FB68002B01D0FB687B617B69002B01D0FC
:208A6000FFF7BCFE7B6918461837BD4680BD00BF00E07F4080B485B000AF786039607B68AB
:208A80009B69BB60194A3B681363194B40221A70174B08221A700023FB6008E0144A1549B3
:208AA000FB6831F813301380FB680133FB60FB68072BF3D90E4BD0221A7007E0BB68002BF7
:208AC00001D114230BE0BB68013BBB60074BD3F88030C3F3C033DBB2012BEFD100231846B8
:208AE0001437BD465DF8047B704700BF00E07F4000007E408C08002080B485B000AFF8605D
:208B0000B9607A60194B4FF6FF721A80174B4FF6FF725A807B689AB2FB689BB2DB039BB2B2
:208B200013439BB243F4F0439AB2104BDA80BB689BB26FEA43536FEA53539AB20B4B9A800D
:208B40000A4B4FF6FF721A81084B4FF6FF725A81064B4FF6FF729A81044B4FF6FF72DA8109
:208B600000BF1437BD465DF8047B70478C08002080B584B000AF78600023FB60786800F06B
:208B80007BF8F860FB68002B10D0FB681EE07B689B681A4680217868FFF7BAFEF860182234
:208BA0004FF4A041F868FFF72BFFF8607B681B6B002B02D0FB68002BE9D0FFF795FDB8606C
:208BC000FB68002B01D1BB68FB60FB6818461037BD4680BD80B588B000AFF860B9607A6008
:208BE0000023FB61FB68BA689A62FB687A681A63F86800F041F8F861FB69002B01D0FB690D
:208C000033E01C4B0122A3F8E0201EE0FB689B6AB3F5803F06D2FB68DB69BB614FF400531E
:208C20007B6105E0FB681B6ABB614FF400437B61BA697969F868FFF731FEF86119224FF4AC
:208C4000C041F869FFF7DCFEF861FB681B6B002B02D0FB69002BD9D0FFF746FD3861FB6935
:208C6000002B01D13B69FB61FB6918462037BD4680BD00BF00E07F4080B584B000AF786050
:208C80000023FB604FF49643BB607B685B681B78002B0DD07B685B6893F91130184600F01D
:208CA000BBF87B685B6893F91330184600F0B4F80F4B4FF45942A3F844200D4B4AF60122A0
:208CC000A3F8842008E0BB68002B02D14FF4FA7309E0BB68013BBB60054BB3F884309BB23D
:208CE000012BF0D1FB6818461037BD4680BD00BF00E07F4080B588B000AFF860B9607A607A
:208D0000174BD3F8DC30C3F3C073DBB2BB61F868FFF7B2FFF861FB69002B01D0FB691BE069
:208D2000BB68590B7B685B0B1A46B869FFF7E4FE0C49F868FFF79EFEF86118220021F869AE
:208D4000FFF75EFEF861FFF7CFFC7861FB69002B01D17B69FB61FB6918462037BD4680BDD4
:208D600000E07F4030A1000180B584B000AF78600B46FB701346BB707868FFF77DFFF860A8
:208D8000FB68002B01D0FB6832E0BB78002B08D0FB789BB2184A43F4CC439BB2A2F8E83062
:208DA0001DE01022FF21154800F02EF8FB789BB203F001039BB2002B02D14FF6FF7201E058
:208DC00047F6FF720D4BDA800D497868FFF752FEF86018220021F868FFF712FEF860FFF750
:208DE00083FCB860FB68002B01D1BB68FB60FB6818461037BD4680BD00E07F408C08002063
:208E000030A10001000000005FF800F0958200005FF800F0A15D00005FF800F03D5F0000FA
:208E20005FF800F0CD6800005FF800F0DD5E0000010000000010000000100000000004000F
:208E40004000020005000000060000000300000003000000FFFFFF1FFFFFFF1F0000000087
:208E600000000000000000000000000000000000000000000000000000000100FA070000F0
:208E800000000000FB07000000000000FC07000000000000000000000000010000000000CC
:208EA0000000010000000000000001000000000000000100000000000000000000000000AF
:208EC000000000000000000000000000000000000000000000000000000000000000000092
:208EE000000000000000000000000000000000000000000000000000000000000000000072
:208F0000000000000000000000000000000000000000000000000000000000000000000051
:208F2000000000000000000000000000000000000000000000000000000000000000000031
:208F4000000000000000000000000000000000000000000000000000000000000000000011
:208F60000000000000000000000000000000000000000000FFFF00000000000000000000F3
:148F80000000000001000000748600002D02000005020000AC
:020000040001F9
:20000000A0F300204930010061360100898D020059300100593001005930010059300100DB
:20002000000000000000000000000000A9A101005930010000000000E5A1010055A201006C
:20004000834801007B490100254A01007B490100254A0100439D01008F9D01000D9E0100B0
:20006000A59E0100FF8F0100278F0100CB900100239101005D5B0100C15A0100C5660100E4
:20008000C566010055870100DD670100DD6701002B7601005F76010093760100C77601000D
:2000A000000000000000000000000000000000000000000000000000000000000000000040
:2000C000000000000000000000000000000000000000000000000000000000000000000020
:2000E000000000000000000000000000000000000000000000000000000000000000000000
:200100000000000000000000000000000000000000000000000000000000000000000000DF
:200120000000000000000000000000000000000000000000000000000000000000000000BF
:2001400000000000000000000000000000000000000000000000000000000000000000009F
:2001600000000000000000000000000000000000000000000000000000000000000000007F
:2001800000000000000000000000000000000000000000000000000000000000000000005F
:2001A00000000000000000000000000000000000000000000000000000000000000000003F
:2001C00080B483B000AF78607B6803F108027B685A607B684FF0FF329A607B6803F1080285
:2001E0007B68DA607B6803F108027B681A617B6800221A6000BF0C37BD465DF8047B704794
:2002000080B483B000AF78607B6800221A6100BF0C37BD465DF8047B704780B485B000AFC8
:20022000786039603B681B68BB60BB68B3F1FF3F03D17B681B69FB600CE07B680833FB600C
:2002400002E0FB685B68FB60FB685B681B68BA689A42F6D2FB685A683B685A603B685B68E4
:200260003A689A603B68FA689A60FB683A685A603B687A681A617B681B685A1C7B681A60EB
:2002800000BF1437BD465DF8047B704780B485B000AF78607B681B69FB607B685B687A688C
:2002A00092689A607B689B687A6852685A60FB685B687A689A4203D17B689A68FB685A6054
:2002C0007B6800221A61FB681B685A1EFB681A60FB681B6818461437BD465DF8047B704746
:2002E00080B588B000AF786000237B617B68002B22D00823DB437A689A421BD808227B6804
:2003000013447B607B6803F00703002B14D07B6803F00703C3F108033B613B69DB437A68DD
:200320009A4204D87A683B6913447B6004E000237B6001E000237B6001F0D6FB624B1B689A
:20034000002B01D100F048F97B68002BC0F2A9807B68002B00F0A5805C4B1B687A689A427B
:2003600000F29F805A4BBB61594B1B68FB61FB69584A934203D3FB69574A934218D9574B0A
:20038000574AF521574803F091F8FB69BB61FB691B68FB61FB694F4A934203D3FB694E4A24
:2003A000934205D94D4B4E4AFB214E4803F07EF8FB695B687A689A4203D9FB691B68002B6C
:2003C000E3D1414B1B68FA699A426AD0BB691B68082213447B617B693E4A934203D37B69E2
:2003E0003D4A934206D9404B3D4A40F205113D4803F05CF8FB691A68BB691A60FB695B68F1
:200400007A689A4206D9394B354A40F20D11354803F04CF8FB695A687B68D21A08235B00BD
:200420009A421FD9FA697B681344FB60FB6803F00703002B06D02E4B294A4FF48B712948F3
:2004400003F034F8FB695A687B68D21AFB685A60FB697A685A60BB691A68FB681A60BB69C4
:20046000FA681A60194B1A68FB695B68D31A174A1360164B1A681F4B1B689A4203D2134BF3
:200480001B681C4A1360FB695B6843F00042FB695A60FB6900221A60174B1B680133164ACD
:2004A000136001F02FFB7B6903F00703002B06D0124B0B4A40F257110A4802F0F7FF7B6962
:2004C00018462037BD4680BDA8A90020ACA90020A0A90020A00900209FA9002078B002007D
:2004E00030B40200ECB0020094B1020008B202003CB20200B0A90020B4A9002070B202006B
:2005000080B584B000AF78607B68FB607B68002B4CD008235B42FA681344FB60FB68BB6029
:20052000BB68244A934203D3BB68234A934206D9224B234A4FF4B571224802F0B7FFBB68C3
:200540005B68002B06DB204B1D4A40F26B111D4802F0ACFFBB681B68002B06D01B4B184ADB
:200560004FF4B671174802F0A1FFBB685B68002B1CDABB681B68002B18D1BB685B6823F066
:200580000042BB685A6001F0AFFABB685A68104B1B6813440E4A1360B86800F077F80D4BE6
:2005A0001B6801330B4A136001F0ACFA00BF1037BD4680BDA00900209FA90020ACB202004E
:2005C00040B40200ECB002001CB3020090B30200ACA90020B8A9002080B485B000AF4FF420
:2005E0002043BB60244BFB60FB6803F00703002B0CD0FB680733FB60FB6823F00703FB6079
:20060000BA68FB68D31A1C4A1344BB60FB681B4A13601A4B00225A60FA68BB6813447B605D
:2006200008227B689B1A7B607B6823F007037B607B68134A1360124B1B6800225A60104B78
:200640001B6800221A60FB683B603B687A68D21A3B685A600A4B1A683B681A603B685B6855
:20066000084A13603B685B68074A136000BF1437BD465DF8047B7047A0090020A0A90020C1
:20068000A8A90020B0A90020ACA9002080B584B000AF7860304BFB6002E0FB681B68FB6012
:2006A000FB681B687A689A42F7D8FB682A4A93420ED0FB68294A934203D3FB68284A934212
:2006C00006D9284B284A4FF4FD71284802F0EEFEFB68BB60FB685B68BA6813447A689A427C
:2006E00008D1FB685A687B685B681A44FB685A60FB687B607B68BB607B685B68BA681A4479
:20070000FB681B689A4218D1FB681A68184B1B689A420DD07B685A68FB681B685B681A44FE
:200720007B685A60FB681B681A687B681A6008E00F4B1A687B681A6003E0FB681A687B688B
:200740001A60FA687B689A4202D0FB687A681A6000BF1037BD4680BDA0A90020A0090020F5
:200760009FA90020B8B302004CB40200ECB00200A8A9002080B584B000AF786039600123E6
:20078000FB607B68BB60BB68002B06D13C4B3D4A40F237113C4802F089FEBB68002B5ED0DA
:2007A000BB68DB6B002B5AD0BB681A6CBB68DB6B0021A3FB0223002B00D001210B46002BEC
:2007C0004DD109F0EDFDBB681A68BB68DB6BB968096C01FB03F31A44BB689A60BB680022C2
:2007E0009A63BB681A68BB685A60BB681A68BB68DB6B013BB968096C01FB03F31A44BB6827
:20080000DA60BB68FF2283F84420BB68FF2283F845203B68002B15D1BB681B69002B1BD0E6
:20082000BB681033184601F07DFC0346002B13D0164B4FF080525A60BFF34F8F00BFBFF306
:200840006F8F09E0BB6810331846FFF7B9FCBB6824331846FFF7B4FC09F0DAFD01E00023F0
:20086000FB60FB68002B06D1094B064A4FF4B671054802F01BFEFB6818461037BD4680BD0A
:2008800068B4020044B8020070B4020000ED00E004B5020080B58AB002AFF860B9601346A4
:2008A000FB710023FB61FB68002B2ED00021BA68FB68A3FB0223002B00D001210B46002BBF
:2008C00023D1FB68BA6802FB03F313F14D0F1CD8FB68BA6802FB03F3BB61BB694C331846C3
:2008E000FFF7FEFCF861FB69002B18D0FB697B617B694C337B61FA79FB69009313467A6913
:20090000B968F86800F016F809E0FB69002B06D1054B064A40F22A21054802F0C7FDFB6985
:2009200018462037BD4680BD28B5020058B8020070B4020080B584B000AFF860B9607A6048
:20094000FB70BB68002B03D1BB69BA691A6002E0BB697A681A60BB69FA68DA63BB69BA68DE
:200960001A640121B869FFF705FFBB6900229A6400BF1037BD4680BD80B582B000AF786044
:200980007B68002B0ED07B6800229A607B6800221A607B680022DA60002300220021786868
:2009A00000F08AF800BF0837BD4680BD80B586B000AF0346FB7101237B6100233B61FB7985
:2009C0001A4639697869FFF765FFF860F868FFF7D3FFFB6818461837BD4680BD90B585B090
:2009E00000AF78607B68BB60BB68002B06D1134B134A40F2FB21134802F058FDBB689C687B
:200A000001F0A6FD03469C4211D1BB68DB685A1EBB68DA60BB68DB68002B05D10023002252
:200A20000021B86800F048F80123FB6001E00023FB60FB6818461437BD4690BD34B5020020
:200A40006CB8020070B4020090B585B000AF786039607B68BB60BB68002B06D1134B144AD1
:200A600040F23731134802F021FDBB689C6801F06FFD03469C4207D1BB68DB685A1CBB68EF
:200A8000DA600123FB600CE03968B86800F0B6FAF860FB68002B04D0BB68DB685A1CBB6897
:200AA000DA60FB6818461437BD4690BD34B5020088B8020070B4020080B58AB000AFF860D7
:200AC000B9607A603B6000237B62FB683B623B6A002B06D1794B7A4A40F2B631794802F08D
:200AE000E5FCBB68002B0AD13B6A1B6C002B06D0754B734A40F2B731724802F0D7FC3B6806
:200B0000022B0AD13B6ADB6B012B06D06F4B6C4A4FF46E716B4802F0C9FC01F029FD034684
:200B2000002B00D009E07B68002B06D0684B644A40F2BB31634802F0B9FC09F031FC3B6A51
:200B40009A6B3B6ADB6B9A4202D33B68022B49D13B6A9B6BFB613A68B968386A00F062FB51
:200B6000B8613B6A9B6C002B15D03B68022B02D1FB69002B32D1386A00F0F4FC0346002B75
:200B80002CD0544B4FF080525A60BFF34F8F00BFBFF36F8F22E03B6A5B6A002B11D03B6AD3
:200BA0002433184601F0BEFA0346002B16D0494B4FF080525A60BFF34F8F00BFBFF36F8F1F
:200BC0000CE0BB69002B09D0424B4FF080525A60BFF34F8F00BFBFF36F8F00BF09F018FCDE
:200BE000012366E07B68002B03D109F011FC00235FE07B6A002B06D107F11003184601F000
:200C00006BFB01237B6209F003FC00F06DFF09F0C7FB3B6A93F844305BB2B3F1FF3F03D1F7
:200C20003B6A002283F844203B6A93F845305BB2B3F1FF3F03D13B6A002283F8452009F006
:200C4000E7FB3A1D07F110031146184601F05AFB0346002B25D1386A00F0E9FB0346002B01
:200C600019D03B6A10337A681146184601F0ECF9386A00F067FB00F045FF0346002B7FF427
:200C80005CAF144B4FF080525A60BFF34F8F00BFBFF36F8F0CE0386A00F054FB00F032FF32
:200CA0004BE7386A00F04EFB00F02CFF002300E043E718462837BD4680BD00BF68B4020005
:200CC000A4B8020070B4020044B502009CB50200ECB5020000ED00E080B58EB000AFF86058
:200CE000B9607A603B60FB683B633B6B002B06D14F4B504A40F291414F4802F0D7FBBB6807
:200D0000002B0AD13B6B1B6C002B06D04B4B494A40F29241484802F0C9FB3B68022B0AD180
:200D20003B6BDB6B012B06D0454B424A40F29341414802F0BBFB09F0A9FBEFF31183BB6143
:200D4000BB69FB621023FB61FB6983F3118800BF3B6B9A6B3B6BDB6B9A4202D33B68022B39
:200D600059D13B6B93F8453087F82B303B6B9B6B7B623A68B968386B00F054FA97F92B30B1
:200D8000B3F1FF3F29D13B6B9B6C002B12D03B68022B02D17B6A002B3AD1386B00F0E2FB8F
:200DA0000346002B34D07B68002B31D07B6801221A602DE03B6B5B6A002B29D03B6B243393
:200DC000184601F0AFF90346002B21D07B68002B1ED07B6801221A601AE000F0AFFF386209
:200DE00097F92B303A6A9A4212D997F92B307F2B06D1144B0F4A40F21F510F4802F056FB3D
:200E000097F82B300133DBB25AB23B6B83F8452001237B6301E000237B63FB6A7B617B698C
:200E200083F3118800BF7B6B18463837BD4680BD68B40200B8B8020070B4020044B5020040
:200E40009CB5020040B6020080B58AB000AFF860B9607A6000237B62FB683B623B6A002B0E
:200E600006D1604B604A40F2EA51604802F01EFBBB68002B0AD13B6A1B6C002B06D05C4B29
:200E8000594A40F2EE51594802F010FB01F070FB0346002B00D009E07B68002B06D0554B93
:200EA000514A40F2F351514802F000FB09F078FA3B6A9B6BFB61FB69002B21D0B968386AE6
:200EC00000F01AFAFB695A1E3B6A9A633B6A1B69002B11D03B6A1033184601F023F90346BF
:200EE000002B09D0444B4FF080525A60BFF34F8F00BFBFF36F8F00BF09F08AFA01236CE0E9
:200F00007B68002B03D109F083FA002365E07B6A002B06D107F11403184601F0DDF90123D2
:200F20007B6209F075FA00F0DFFD09F039FA3B6A93F844305BB2B3F1FF3F03D13B6A002246
:200F400083F844203B6A93F845305BB2B3F1FF3F03D13B6A002283F8452009F059FA3A1D00
:200F600007F114031146184601F0CCF90346002B24D1386A00F045FA0346002B18D03B6ABC
:200F800024337A681146184601F05EF8386A00F0D9F900F0B7FD0346002B87D1164B4FF0A8
:200FA00080525A60BFF34F8F00BFBFF36F8F13E0386A00F0C7F900F0A5FD77E7386A00F0DF
:200FC000C1F900F09FFD386A00F01BFA0346002B3FF46CAF002300E068E718462837BD4650
:200FE00080BD00BFE4B60200D4B8020070B40200F0B60200ECB5020000ED00E080B58AB01E
:2010000000AF7860396000237B627B68FB6100233B62FB69002B06D1704B714A40F28461BE
:20102000704802F043FAFB691B6C002B06D06E4B6B4A4FF4D1616B4802F038FA01F098FAA0
:201040000346002B00D009E03B68002B06D0674B634A40F28D61634802F028FA09F0A0F9EF
:20106000FB699B6BBB61BB69002B26D0BB695A1EFB699A63FB691B68002B04D101F06CFC68
:201080000246FB699A60FB691B69002B11D0FB691033184601F046F80346002B09D0544B96
:2010A0004FF080525A60BFF34F8F00BFBFF36F8F00BF09F0ADF901238CE03B68002B03D1D6
:2010C00009F0A6F9002385E07B6A002B06D107F10C03184601F000F901237B6209F098F92F
:2010E00000F002FD09F05CF9FB6993F844305BB2B3F1FF3F03D1FB69002283F84420FB69C4
:2011000093F845305BB2B3F1FF3F03D1FB69002283F8452009F07CF93A4607F10C0311465A
:20112000184601F0EFF80346002B33D1F86900F068F90346002B27D0FB691B68002B09D1F8
:2011400009F02EF9FB699B68184601F02FFA386209F05EF9FB6924333A681146184600F0A4
:2011600073FFF86900F0EEF800F0CCFC0346002B7FF474AF1E4B4FF080525A60BFF34F8F40
:2011800000BFBFF36F8F24E0F86900F0DBF800F0B9FC63E7F86900F0D5F800F0B3FCF869AB
:2011A00000F02FF90346002B3FF458AF3B6A002B0DD009F0F5F8F86900F01CF87861FB6934
:2011C0009B687969184601F01BFB09F021F9002300E043E718462837BD4680BDE4B60200EC
:2011E000E4B8020070B4020064B60200ECB5020000ED00E080B485B000AF78607B685B6A07
:20120000002B06D07B681B6B1B68C3F10F03FB6001E00023FB60FB6818461437BD465DF8FD
:20122000047B704780B586B000AFF860B9607A6000237B61FB689B6B3B61FB681B6C002BFA
:201240000DD1FB681B68002B4DD1FB689B68184601F03EFA7861FB6800229A6043E07B6836
:20126000002B19D1FB685868FB681B6C1A46B96819F054FAFB685A68FB681B6C1A44FB68A4
:201280005A60FB685A68FB689B689A422BD3FB681A68FB685A6026E0FB68D868FB681B6C9A
:2012A0001A46B96819F03AFAFB68DA68FB681B6C5B421A44FB68DA60FB68DA68FB681B68BE
:2012C0009A4207D2FB689A68FB681B6C5B421A44FB68DA607B68022B05D13B69002B02D0EB
:2012E0003B69013B3B613B695A1CFB689A637B6918461837BD4680BD80B582B000AF786039
:2013000039607B681B6C002B18D07B68DA687B681B6C1A447B68DA607B68DA687B689B68A2
:201320009A4203D37B681A687B68DA607B68D9687B681B6C1A46386819F0F0F900BF0837FB
:20134000BD4680BD80B584B000AF786009F028F87B6893F84530FB731EE07B689B6C002BE0
:2013600008D0786800F0FEF80346002B10D001F02FF80DE07B685B6A002B12D07B68243387
:20138000184600F0CFFE0346002B01D001F020F8FB7B013BDBB2FB7397F90F30002BDCDC85
:2013A00000E000BF7B68FF2283F8452009F030F808F0F6FF7B6893F84430BB7311E07B68B8
:2013C0001B69002B12D07B681033184600F0AAFE0346002B01D000F0FBFFBB7B013BDBB232
:2013E000BB7397F90E30002BE9DC00E000BF7B68FF2283F8442009F00BF800BF1037BD467A
:2014000080BD80B584B000AF786008F0C9FF7B689B6B002B02D10123FB6001E00023FB601A
:2014200008F0F6FFFB6818461037BD4680BD80B584B000AF786008F0B3FF7B689A6B7B6812
:20144000DB6B9A4202D10123FB6001E00023FB6008F0DEFFFB6818461037BD4680BDFFFF9E
:2014600080B584B000AF786039600023BB607B68002B06D11D4B1E4A40F6CD311D4802F065
:2014800015F83B68002B24D00023FB601EE01A4AFB68DB0013445B687A689A4205D1FB684E
:2014A000DB00154A1344BB6013E0BB68002B0AD1114AFB6852F83330002B04D1FB68DB00BB
:2014C0000D4A1344BB60FB680133FB60FB68312BDDD9BB68002B05D0BB683A681A60BB6857
:2014E0007A685A6000BF1037BD4680BDE0B70200F8B8020070B40200BCA9002080B586B0A9
:2015000000AFF860B9607A60FB687B6108F048FF7B6993F844305BB2B3F1FF3F03D17B69C9
:20152000002283F844207B6993F845305BB2B3F1FF3F03D17B69002283F8452008F068FFBE
:201540007B699B6B002B06D17B6924337A68B968184600F09FFD7869FFF7F4FE00BF1837A0
:20156000BD4680BD80B586B000AF78607B689B6C3B6100237B613B69002B06D12B4B2C4A22
:2015800040F6FC412B4801F091FF3B699A6B3B69DB6B9A4206D3284B254A40F6FD412548D9
:2015A00001F084FF3B699A6B3B69DB6B9A4238D23B6993F84530FB733B1D002219463869B2
:2015C000FFF730FE786197F90F30B3F1FF3F0ED13B695B6A002B24D03B692433184600F0AD
:2015E000A1FD0346002B1CD001237B6119E000F0A5FBB86097F90F30BA689A4211D997F905
:201600000F307F2B06D10D4B094A40F61D51094801F04CFFFB7B0133DBB25AB23B6983F8CC
:2016200045207B6918461837BD4680BDE8B702000CB9020070B40200FCB7020040B6020039
:2016400080B58AB004AFF860B9607A603B607B689B001846FEF744FE38613B69002B13D024
:201660006C20FEF73DFE78617B69002B08D06C220021786919F044F87B693A691A6305E030
:201680003869FEF73DFF01E000237B617B69002B0DD0002303937B6902937B6A01933B6A5C
:2016A00000933B687A68B968F86800F029F87B6918461837BD4680BD80B588B002AFF86039
:2016C000B9607A603B607B6A01933B6A00933B687A68B968F868FFF7B3FF38613B69002BB5
:2016E00005D0386900F0A2F801237B6102E04FF0FF337B617B6918461837BD4680BDFFFFEC
:2017000080B586B000AFF860B9607A603B60BB6A186B7B689B001A46A52118F0F1FFBB6A60
:201720001A6B7B6803F18043013B9B0013443B613B6923F007033B613B6903F00703002B97
:2017400006D0364B364A40F22E71364801F0AEFEBB6A3A695A64BB68002B20D000237B6103
:2017600014E0BA687B69134493F90010BA6A7B69134434330A461A70BA687B69134493F9F3
:201780000030002B06D07B6901337B617B690F2BE7D900E000BFBB6A002283F843203B6ADD
:2017A0000E2B06D9204B1E4A40F264711D4801F07DFE3B6A0E2B01D90E233B62BB6A3A6A17
:2017C000DA62BB6A3A6A9A64BB6A04331846FEF717FDBB6A18331846FEF712FDBB6ABA6A28
:2017E0001A613B6AC3F10F02BB6A9A61BB6ABA6A5A62BB6A196B3B68FA68386908F074FD27
:201800000246BB6A1A607B6A002B02D07B6ABA6A1A6000BF1837BD4680BD00BF2CB9020088
:201820001CBD020070B9020004BA020080B584B000AF786008F0B4FD414B1B680133404A7C
:201840001360404B1B68002B09D13E4A7B6813603B4B1B68012B10D100F0E0FD0DE03A4BCF
:201860001B68002B09D1374B1B68DA6A7B68DB6A9A4202D8334A7B681360344B1B680133B0
:20188000324A13607B68DA6A314B1B689A4203D97B68DB6A2E4A13607B68DA6A2D49134672
:2018A0009B0013449B000B4404331B68FB607B68FA689A60FB689A687B68DA60FB689B6810
:2018C0007A6804325A607B681A1DFB689A607B68DA6A13469B0013449B001E4A1A447B6809
:2018E0005A617B68DA6A1B4913469B0013449B000B441B687A68D26A591C164813469B0005
:2019000013449B000344196008F082FD0E4B1B68002B10D00B4B1B68DA6A7B68DB6A9A4296
:2019200009D20D4B4FF080525A60BFF34F8F00BFBFF36F8F00BF00BF1037BD4680BD00BFE6
:20194000ECAC00204CAB0020F8AC002008AD0020F4AC002050AB002000ED00E080B584B00E
:2019600000AF78600023FB607B68002B13D000F0BBF8114B1B68012B06D0104B104A40F602
:201980008E11104801F092FD0021786800F0FCFF00F0B8F8F860FB68002B09D10A4B4FF0F0
:2019A00080525A60BFF34F8F00BFBFF36F8F00BF00BF1037BD4680BD14AD002060BA02009A
:2019C00034BD020070B9020000ED00E080B58AB002AF0123FB6100233B6100237B6113E0CB
:2019E0001D4A7B69134493F900103A467B6913440A461A703A467B69134493F90030002B72
:201A000006D07B6901337B617B690F2BE8DD00E000BF0023BB6115E0104B3B61BB699B0090
:201A20000F4A13443946019300230093002380223869FFF741FEF861FB69002B06D0BB69B0
:201A40000133BB61BB69002BE6DD00E000BFFB6918462037BD4680BDACBA0200E9230100B7
:201A600010AD002080B582B000AFFFF7AFFF78607B68012B02D100F0F7FF78607B68012B48
:201A800012D101233B603B6883F3108800BF0F4B4FF0FF321A600E4B01221A600D4B002280
:201AA0001A6008F065FC0AE07B68B3F1FF3F06D1094B0A4A40F6A961094801F0F7FC094B5C
:201AC0001B6800BF0837BD4680BD00BF0CAD0020F8AC0020F0AC0020B4BA020040BD0200BE
:201AE00070B9020028B9020080B400AF044B1B680133034A136000BFBD465DF8047B7047E2
:201B000014AD002080B588B000AF0023FB610023BB6108F045FC00233B61744B1B68002BA5
:201B200006D1734B734A40F68B71734801F0BEFC6E4B1B68013B6D4A13606C4B1B68002BB4
:201B400040F0CD806D4B1B68002B00F0C8808FE06B4BDB68DB68FB61FB699B6AFB60FB693B
:201B6000DB69FA69126A9A60FB691B6AFA69D2695A60FB685A68FB6918339A4203D1FB691F
:201B80001A6AFB685A60FB6900229A62FB681B685A1EFB681A60FB695B69BB60FB699B683D
:201BA000FA69D2689A60FB69DB68FA6992685A60BB685A68FB6904339A4203D1FB69DA68FA
:201BC000BB685A60FB6900225A61BB681B685A1EBB681A60FB69DA6A4A4B1B689A4203D9B4
:201BE000FB69DB6A474A1360FB69DA6A464913469B0013449B000B4404331B687B60FB69D3
:201C00007A689A607B689A68FB69DA607B689B68FA6904325A60FB691A1D7B689A60FB6950
:201C2000DA6A13469B0013449B00374A1A44FB695A61FB69DA6A344913469B0013449B0071
:201C40000B441B68FA69D26A591C2F4813469B0013449B0003441960FB69DA6A2B4B1B68E0
:201C6000DB6A9A4204D92A4A3B69012142F82310234B1B68002B7FF46BAFFB69002B01D0B6
:201C800000F04AFC234B1B687B617B69002B12D000F060F80346002B04D01D4A3B69012193
:201CA00042F823107B69013B7B617B69002BEFD1184B00221A60164A3B6952F82330002B21
:201CC0000DD00123BB61114B1B68134B4FF080525A60BFF34F8F00BFBFF36F8F00BF08F029
:201CE00097FBBB6918462037BD4680BD14AD0020C8BA020054BD020070B90200ECAC0020DE
:201D0000ACAC0020F4AC002050AB00204CAB002000AD0020FCAC002000ED00E080B483B090
:201D200000AF054B1B687B607B6818460C37BD465DF8047B704700BFF0AC002080B400AFD6
:201D4000034B1B681846BD465DF8047B704700BFECAC002080B588B000AF0023FB617D4BEC
:201D60001B68002B40F0EB807B4B1B680133BB61794ABB691360BB69002B1CD1774B1B68A6
:201D80001B68002B06D0764B764A41F25F21764801F08CFB714B1B687B61744B1B686F4A3F
:201DA0001360724A7B691360714B1B680133704A136000F0B1FB6F4B1B68BA699A42C0F075
:201DC000A980664B1B681B68002B04D1694B4FF0FF321A609EE0614B1B68DB68DB683B61B6
:201DE0003B695B68FB60BA69FB689A4203D2614AFB6813608EE03B695B69BB603B699B68D1
:201E00003A69D2689A603B69DB683A6992685A60BB685A683B6904339A4203D13B69DA6857
:201E2000BB685A603B6900225A61BB681B685A1EBB681A603B699B6A002B1ED03B699B6A1E
:201E40007B603B69DB693A69126A9A603B691B6A3A69D2695A607B685A683B6918339A4275
:201E600003D13B691A6A7B685A603B6900229A627B681B685A1E7B681A603B69DA6A3E4B5B
:201E80001B689A4203D93B69DB6A3B4A13603B69DA6A3A4913469B0013449B000B4404334F
:201EA0001B683B603B693A689A603B689A683B69DA603B689B683A6904325A603B691A1D2D
:201EC0003B689A603B69DA6A13469B0013449B002A4A1A443B695A613B69DA6A27491346B5
:201EE0009B0013449B000B441B683A69D26A591C224813469B0013449B00034419603B697B
:201F0000DA6A1F4B1B68DB6A9A427FF65AAF0123FB6156E71A4B1B68DA6A184913469B00B3
:201F200013449B000B441B68012B01D90123FB61144B1B68002B07D00123FB6104E0124BB2
:201F40001B680133104A1360FB6918462037BD4680BD00BF14AD0020F0AC0020A4AC0020D8
:201F600018BB020064BD020070B90200A8AC002004AD00200CAD0020F4AC002050AB002045
:201F80004CAB002000AD0020FCAC002080B582B000AF254B1B68002B03D0244B01221A6082
:201FA0003EE0224B00221A60214B1B687B600CE07B68002B06D11F4B1F4A41F2FA311F48C7
:201FC00001F074FA7B68013B7B601D497A6813469B0013449B000B441B68002BE8D07A68E3
:201FE00013469B0013449B00154A13443B603B685B685A683B685A603B685A683B680833E2
:202000009A4203D13B68DA683B685A603B685B68DB680C4A1360064A7B681360094B1B68DF
:2020200000BF0837BD4680BD14AD002000AD0020F4AC002090BB020078BD020070B9020045
:2020400050AB00204CAB002080B582B000AF786039607B68002B06D10A4B0B4A4FF4A45100
:202060000A4801F023FA0A4B1B68183319467868FEF7D3F80121386800F086FC00BF0837AC
:20208000BD4680BDA0BB02008CBD020070B902004CAB002080B586B000AFF860B9607A60B1
:2020A000FB68002B06D11B4B1B4A41F2BE411B4801F0FCF9FB685B687B61194B1B687A69A9
:2020C000DA61174B1B687A6992681A62144B1A687B699B6818325A60114B1B6803F11802CE
:2020E0007B699A600E4B1B68FA689A62FB681B685A1CFB681A607B68002B02D04FF0FF333E
:20210000BB607968B86800F03FFC00BF1837BD4680BD00BFA0BB0200A4BD020070B9020080
:202120004CAB002080B588B000AF78607B68DB68DB68BB61BB69002B06D15E4B5E4A41F265
:20214000F5415E4801F0B2F9BB699B6A7B61BB69DB69BA69126A9A60BB691B6ABA69D269FA
:202160005A607B695A68BB6918339A4203D1BB691A6A7B695A60BB6900229A627B691B68F1
:202180005A1E7B691A604E4B1B68002B61D1BB695B69FB60BB699B68BA69D2689A60BB690B
:2021A000DB68BA6992685A60FB685A68BB6904339A4203D1BB69DA68FB685A60BB6900220C
:2021C0005A61FB681B685A1EFB681A60BB69DA6A3C4B1B689A4203D9BB69DB6A394A136080
:2021E000BB69DA6A384913469B0013449B000B4404331B68BB60BB69BA689A60BB689A6887
:20220000BB69DA60BB689B68BA6904325A60BB691A1DBB689A60BB69DA6A13469B001344FC
:202220009B00294A1A44BB695A61BB69DA6A264913469B0013449B000B441B68BA69D26A65
:20224000591C214813469B0013449B00034419601BE01E4B5B683B61BB693A69DA613B6991
:202260009A68BB691A623B699B68BA6918325A60BB6903F118023B699A60BB69134A9A62A1
:20228000124B1B680133114A1360BB69DA6A104B1B68DB6A9A4205D90123FB610D4B01221C
:2022A0001A6001E00023FB61FB6918462037BD4680BD00BFD8BB0200C4BD020070B90200E9
:2022C00014AD0020F4AC002050AB0020ACAC00204CAB002000AD002080B483B000AF7860F8
:2022E000064B1A687B681A60054B1A687B685A6000BF0C37BD465DF8047B704704AD0020DE
:20230000F0AC002080B586B000AF786039607B68002B06D1284B294A41F2A551284801F021
:20232000C5F83B68002B06D1264B244A41F2A651234801F0BBF808F033F8234B1B683B6173
:202340007B685B683A69D31AFB603B681B68B3F1FF3F02D100237B6126E07B681A681B4B41
:202360001B689A420AD07B685B683A699A4205D301237B613B6800221A6015E03B681B68CD
:20238000FA689A420BD23B681A68FB68D21A3B681A607868FFF7A0FF00237B6104E03B6896
:2023A00000221A6001237B6108F032F87B6918461837BD4680BD00BFE8BB0200E0BD02008B
:2023C00070B90200F4BB0200F0AC002004AD002080B400AF034B01221A6000BFBD465DF8AF
:2023E000047B704700AD002080B582B000AF786000F054F8074B1B68012BF9D9064B4FF04D
:2024000080525A60BFF34F8F00BFBFF36F8F00BFEEE700BF50AB002000ED00E080B582B08F
:2024200000AF00237B600CE07A6813469B0013449B00124A13441846FDF7C2FE7B6801335F
:202440007B607B680E2BEFD90D48FDF7B9FE0D48FDF7B6FE0C48FDF7B3FE0C48FDF7B0FED1
:202460000B48FDF7ADFE0B4B054A1A600A4B054A1A6000BF0837BD4680BD00BF50AB002015
:202480007CAC002090AC0020ACAC0020C0AC0020D8AC0020A4AC0020A8AC002080B582B0A5
:2024A00000AF19E007F07CFF104BDB68DB687B607B6804331846FDF7E9FE0D4B1B68013BDC
:2024C0000B4A13600B4B1B68013B0A4A136007F09FFF786800F010F8064B1B68002BE1D13A
:2024E00000BF00BF0837BD4680BD00BFC0AC0020ECAC0020D4AC002080B582B000AF78604E
:202500007B681B6B1846FDF7FBFF7868FDF7F8FF00BF0837BD4680BD80B400AF0A4B1B6842
:202520001B68002B04D1094B4FF0FF321A6005E0054B1B68DB681B68044A136000BFBD46D9
:202540005DF8047B704700BFA4AC00200CAD002080B483B000AF054B1B687B607B681846E3
:202560000C37BD465DF8047B704700BF4CAB002080B483B000AF0B4B1B68002B02D10123A3
:202580007B6008E0084B1B68002B02D102237B6001E000237B607B6818460C37BD465DF8E9
:2025A000047B7047F8AC002014AD002080B586B000AF78607B683B6100237B617B68002BC2
:2025C0007BD03B69DA6A3F4B1B68DB6A9A426BD23B699B69002B06DB3A4B1B68DB6AC3F1A8
:2025E0000F023B699A613B6959693B69DA6A13469B0013449B00344A134499424CD13B6986
:2026000004331846FDF742FE2E4B1B68DA6A3B69DA623B69DA6A2D4B1B689A4203D93B6992
:20262000DB6A2A4A13603B69DA6A274913469B0013449B000B4404331B68FB603B69FA68C6
:202640009A60FB689A683B69DA60FB689B683A6904325A603B691A1DFB689A603B69DA6A24
:2026600013469B0013449B00174A1A443B695A613B69DA6A144913469B0013449B000B44DC
:202680001B683A69D26A591C0F4813469B0013449B000344196004E00A4B1B68DA6A3B69C2
:2026A000DA6201237B6108E03B699A6C054B1B68DB6A9A4201D201237B617B6918461837F4
:2026C000BD4680BD4CAB002050AB0020F4AC002080B586B000AF78607B683B6100237B6158
:2026E0007B68002B78D03F4B1B683A699A4206D03D4B3E4A41F628213D4800F0D7FE3B69A4
:20270000DB6C002B06D13B4B384A41F62921384800F0CCFE3B69DB6C5A1E3B69DA643B69C4
:20272000DA6A3B699B6C9A4256D03B69DB6C002B52D13B6904331846FDF7A8FD3B699A6CF3
:202740003B69DA623B69DB6AC3F10F023B699A613B69DA6A284B1B689A4203D93B69DB6ACD
:20276000254A13603B69DA6A244913469B0013449B000B4404331B68FB603B69FA689A60D8
:20278000FB689A683B69DA60FB689B683A6904325A603B691A1DFB689A603B69DA6A134684
:2027A0009B0013449B00154A1A443B695A613B69DA6A124913469B0013449B000B441B6875
:2027C0003A69D26A591C0D4813469B0013449B000344196001237B617B6918461837BD4616
:2027E00080BD00BF4CAB00201CBC0200F8BD020070B9020034BC0200F4AC002050AB00203D
:2028000080B588B000AF786039607B68BB6101237B617B68002B00F08D80BB69DB6C002B8B
:2028200006D1464B464A41F68621464800F03EFEBB699B6C3A689A4202D93B68FB6102E0A3
:20284000BB699B6CFB61BB69DB6AFA699A4271D0BB69DB6C7A699A426CD13B4B1B68BA6975
:202860009A4206D1394B364A41F6A121354800F01DFEBB69DB6A3B61BB69FA69DA62BB6934
:202880009B69002B04DBFB69C3F10F02BB699A61BB6959693A6913469B0013449B002C4AFD
:2028A0001344994246D1BB6904331846FDF7EEFCBB69DA6A274B1B689A4203D9BB69DB6ABA
:2028C000244A1360BB69DA6A214913469B0013449B000B4404331B68FB60BB69FA689A607B
:2028E000FB689A68BB69DA60FB689B68BA6904325A60BB691A1DFB689A60BB69DA6A134623
:202900009B0013449B00124A1A44BB695A61BB69DA6A0F4913469B0013449B000B441B6819
:20292000BA69D26A591C0A4813469B0013449B000344196000BF2037BD4680BD34BC020083
:2029400010BE020070B902004CAB00204CBC020050AB0020F4AC002080B483B000AF094B16
:202960001B687B607B68002B04D07B68DB6C5A1C7B68DA647B6818460C37BD465DF8047BFB
:20298000704700BF4CAB002080B588B000AF786039602F4B1B68FB612E4B1B68BB612E4B33
:2029A0001B687B612D4B1B6804331846FDF76EFC7B68B3F1FF3F24D13B68002B21D0284BDE
:2029C0005B683B61254B1B683A699A60234B1B683A699268DA60214B1A683B699B68043275
:2029E0005A601E4B1B681A1D3B699A601B4B1B681B4A5A611A4B1B680133194A136000BFA2
:202A000022E0FA697B681344FB60144B1B68FA685A60FA68FB699A4207D2104B1B6804332E
:202A200019467869FDF7F9FB0EE00C4B1B6804331946B869FDF7F1FB0A4B1B68FA689A42F9
:202A400002D2084AFB68136000BF2037BD4680BDF0AC0020A4AC0020A8AC00204CAB00206D
:202A6000D8AC00200CAD002080B584B002AF00237B6000F0B3FA0F4B1B68002B0AD00E4BE9
:202A8000019303230093002380220C490C48FEF713FE78607B68002B06D10A4B0A4A4FF4CC
:202AA000A3710A4800F002FD7B6818460837BD4680BD00BF48AD00204CAD002034BE020020
:202AC0002D2C01003CBE020098BF020044BE020080B588B002AFF860B9607A603B602820F7
:202AE000FDF7FEFB78617B69002B0DD07B69002283F824207B6901933B6A00933B687A682A
:202B0000B968F86800F006F87B6918461837BD4680BDFFFF80B584B000AFF860B9607A6014
:202B20003B60BB68002B06D1144B154A40F2A911144800F0BBFC00F051FAFB69FA681A60AD
:202B4000FB69BA689A61FB693A68DA61FB69BA691A62FB6904331846FDF752FB7B68002B68
:202B600008D0FB6993F8243043F00403DAB2FB6983F8242000BF1037BD4680BDD8BE020073
:202B8000B0BF020044BE020080B584B000AFF860B9607A6008E0FB689B69BA681344BB607A
:202BA000FB681B6AF8689847FB689A69BB68D118BB687A68F86800F0E1F80346002BEAD11F
:202BC00000BF00BF1037BD4680BDFFFF80B584B000AF78603960144B1B68DB68DB68FB60A6
:202BE000FB6804331846FDF751FBFB6893F8243003F00403002B05D03A687968F868FFF788
:202C0000C3FF08E0FB6893F8243023F00103DAB2FB6883F82420FB681B6AF868984700BF1D
:202C20001037BD4680BD00BF40AD002080B584B000AF786007F10803184600F05BF8F86055
:202C4000BB681946F86800F005F800F0D9F800BFF0E7FFFF80B584B000AF78603960FEF7D2
:202C600043FF07F10803184600F068F8F860BB68002B31D13B68002B0AD17A68FB689A42EF
:202C800006D8FEF73FFFF9687868FFF79FFF26E03B68002B08D0144B1B681B68002B01D140
:202CA000012300E000233B60104B18687A68FB68D31A3A681946FEF721FCFEF723FF0346D2
:202CC000002B0CD10A4B4FF080525A60BFF34F8F00BFBFF36F8F02E0FEF714FFFFE700BF3E
:202CE0001037BD4680BD00BF44AD002048AD002000ED00E080B485B000AF78600E4B1B68CF
:202D00001B68002B01D1012200E000227B681A607B681B68002B05D1074B1B68DB681B68AF
:202D2000FB6001E00023FB60FB6818461437BD465DF8047B704700BF40AD002080B584B00A
:202D400000AF7860FEF7EAFFF8600B4B1B68FA689A4205D200F01CF97B6801221A6002E061
:202D60007B6800221A60044AFB681360FB6818461037BD4680BD00BF50AD002080B586B021
:202D800000AFF860B9607A603B6000237B61FB68BA685A60FB68FA681A61BA687B689A423F
:202DA00012D87A683B68D21AFB689B699A4202D301237B611BE0104B1A68FB6804331946CF
:202DC0001046FDF72AFA12E07A683B689A4206D2BA683B689A4202D301237B6107E0074BAB
:202DE0001A68FB68043319461046FDF716FA7B6918461837BD4680BD44AD002040AD00200F
:202E000080B586B000AF3B1D00221A605A609A60A5E07B68002BC0F2A280FB687B617B6966
:202E20005B69002B04D07B6904331846FDF72EFA3B461846FFF782FF38617B68013B082BF9
:202E400000F28A8001A252F823F000BF712E0100712E0100D92E0100ED2E01002F2F0100F4
:202E6000712E0100712E0100D92E0100ED2E01007B6993F8243043F00103DAB27B6983F809
:202E80002420BA687B699B69D118BB683A697869FFF774FF0346002B60D07B6993F8243084
:202EA00003F00403002B09D0BA687B699B6913443A6919467869FFF767FE08E07B6993F81E
:202EC000243023F00103DAB27B6983F824207B691B6A7869984741E07B6993F8243023F038
:202EE0000103DAB27B6983F8242038E07B6993F8243043F00103DAB27B6983F82420BA683C
:202F00007B699A617B699B69002B06D11C4B1D4A4FF482611C4800F0C9FA7B699A693B6952
:202F2000D1183B693A697869FFF728FF17E07B6993F8243003F00203002B03D17869FDF7DD
:202F4000DFFA0CE07B6993F8243023F00103DAB27B6983F8242002E000BF00E000BF0B4B0D
:202F60001B68391D00221846FDF76EFF0346002B7FF44FAF00BF00BF1837BD4680BD00BFE6
:202F800068BF0200C8BF020044BE020048AD002080B582B000AF09E00E4B1B68DB681B68C5
:202FA0003B604FF0FF313868FFF710FE094B1B681B68002BF0D1074B1B687B60064B1B6899
:202FC000044A1360044A7B68136000BF0837BD4680BD00BF40AD002044AD002080B500AF8D
:202FE00007F0DEF9124B1B68002B1DD11148FDF7E7F81148FDF7E4F8104B0E4A1A60104B2D
:203000000D4A1A6000220C210A20FDF743FC0346074A1360064B1B68002B05D0044B1B6880
:2030200008491846FEF71CFA07F0F2F900BF80BD48AD002018AD00202CAD002040AD0020F8
:2030400044AD002090BF020080B500AF00F00CF807F050FA00BFFDE780B400AF00BE00BFF2
:20306000BD465DF8047B704780B584B000AF3A4B4FF47002C3F88820374B384A9A600020EF
:2030800016F0EAFE00F076F9012016F0E5FE334B1B68A3F500633B603B6883F30A8800BFD8
:2030A0002F4A304BD31A1A4600212E4817F028FB2D4A2E4BD31A1A462D492C4817F02EFBB7
:2030C0002C4A2D4BD31A9B107B600023FB6007E0294AFB6852F823309847FB680133FB60E6
:2030E000FA687B689A42F3DB00F0DAF800F0BEF9032000F0B7FB0023BB6009E01F4ABB6800
:2031000008334FF6FF7122F81310BB680133BB60BB68052BF2D9032000F054FB032000F07D
:20312000A1FB174B00225A60154B00229A60144B0022DA60124B00221A61032000F042FB34
:20314000022016F089FE00F0B9FA002000F0A4F900BF1037BD4680BD00ED00E0000001005C
:203160009CEB0020A00900203C09002000000020E8DA02003C0900203C090020000D084077
:2031800000000E4080B400AF094B0122A3F80421074BB3F804319BB2002BF9D1044B0122E1
:2031A000A3F8002100BFBD465DF8047B704700BF00C0014080B483B000AF0346FB710D4B23
:2031C00093F8A030C3F30013DBB2002BF7D1094AFB7982F8A030074B93F8A030C3F30013C4
:2031E000DBB2002BF7D100BF00BF0C37BD465DF8047B704700E0014080B582B000AF034680
:20320000FB71FB79042B14D1174B93F8AA30C3F30013DBB2002BF7D1134B012283F8AA20E4
:20322000114B93F8AA30C3F30013DBB2002BF7D115E00D4B93F8AA30C3F30013DBB2002B51
:20324000F7D1094B002283F8AA20074B93F8AA30DBB2002BF9D1FB791846FFF7ABFF00BF81
:203260000837BD4680BD00BF00E0014080B483B000AF786039607B68052B04D13B681B685A
:20328000064A536103E03B681B68044A936100BF0C37BD465DF8047B704700BF3C0900202B
:2032A00080B483B000AF0D4B93F82630DBB27B600A4B1B6A1B0E03F007033B60084A7B6887
:2032C00052F823203B6822FA03F3064A136000BF0C37BD465DF8047B704700BF00E0014079
:2032E0003C09002054AD002080B500AF0B4B012283F81C210A4B0B4A1A62094B052283F817
:203300002620FFF7CDFF084BF1221A73064B00221A72054BF0221A7300BF80BD00C00140C7
:2033200000E00140111202200020004080B500AF0B4B0C4A1A600A4B0B4A5A60084B4FF4C3
:2033400000429A60064B094ADA60054B4FF400421A61034B064A5A61FFF7A2FF00BF80BD17
:203360003C090020002D310100127A0000366E0100E1F50580B500AF1B4B4AF20352A3F807
:20338000FE23FFF7FFFEFFF7D1FF174B002283F81324154B092283F8A22000F031F8124BDF
:2033A000002283F83620104B93F83C30C3F30003DBB2012BF7D10C4B41F211321A850A4BCD
:2033C000002283F82A20084B93F83C30C3F34013DBB2012BF7D1FFF787FF034B4FF42542BE
:2033E000A3F8FE2300BF80BD00E0014080B483B000AF786000BF0C37BD465DF8047B704776
:2034000080B500AF184B93F88034DBB2002B07D1154B93F88134C3F30103DBB2012B1CD097
:20342000114B93F88034DBB2002B0DD10E4B012283F880240121C82000F042F80A4B93F8AC
:203440008034DBB2012BF9D1074B022283F88124054B002283F8802404E04FF47A70FFF707
:20346000C5FF00BF00BF80BD00E0014080B500AF074B002283F82820012000F0F3F9054B44
:20348000002283F8BB24012000F09CF900BF80BD0030084000E0014080B483B000AF786087
:2034A00000BF0C37BD465DF8047B704780B485B000AFF860B9607A603B6000BE00BFFDE71D
:2034C0002DE9B04F90B000AFF861B9610023FB63FB69BA6902FB03F3BB63504B1B687B6360
:2034E0004F4A7B6BB2FBF3F33B63BB6B00223B617A61D7E904234FF000004FF0000159019D
:2035000041EAD261500102460B463969B2EB0108796963EB01094FF000024FF000034FEA25
:20352000890343EA98734FEA880290469946D7E904120B4618EB03033B60134649EB0303F1
:203540007B604FF000024FF00003D7E900894946CB00414643EA51734146CA00C7E90A23C4
:20356000D7E90A23012B08D2BA6A3B6BB2FBF3F37B627B6A9B08FB6344E03B6B9B00BA6BAE
:20358000B2FBF3F3BB63BB6B0022BB60FA60D7E9028942464B464FF000004FF00001590180
:2035A00041EAD261500102460B464146541A494663EB01054FF000024FF00003AB0043EA90
:2035C0009473A20014461D46434614EB030A4B4645EB030B4FF000024FF000034FEACB0397
:2035E00043EA5A734FEACA0292469B46C7E90AABD7E90A23012B02D2BB6AFB6302E04FF01D
:20360000FF33FB63FB6B002B02D0F86B00F00AF800BF4037BD46BDE8B08F00BF54AD002065
:2036200000CA9A3BA0F101000028FBD1704700BF80B582B000AF0346FB71FB79074A52F815
:203640002330002B06D0FB79044A52F82330FA791046984700BF0837BD4680BD58AD0020AC
:2036600080B582B000AF144BB3F82031BB80124BB3F840319AB2BB8813407B800023FB71B9
:203680000EE07A88FB7922FA03F303F00103002B03D0FB791846FFF7CBFFFB790133FB7119
:2036A000FB790D2BEDD9044A7B88A2F8303100BF0837BD4680BD00BF0060004080B58AB040
:2036C00000AF032000F0CEF8394B6FF0FF029A643B1D0C22FF21184617F012F800237B626B
:2036E00021E0344A7B6A32F81330002B18D07B6A5B097B617B6A03F01F033B617B699B00AC
:2037000028333B4453F8242C01213B6901FA03F3DB431A407B699B0028333B4443F8242C21
:203720007B6A01337B627B6A5F2BDAD9224BBB6100233B6218E03B6A9B00BA691A443B6ACA
:203740009B0028333B4453F8243C13601B493B6A9B0028333B4453F8242C3B6AA03341F80C
:2037600023203B6A01333B623B6A022BE3D9032000F028F80023FB6112E00E4AFB6932F878
:203780001330002B09D00B4AFB6932F813300C4A1946FB69C03342F82310FB690133FB614F
:2037A000FB695F2BE9D900BF00BF2837BD4680BD0080004058C602007080004000E100E06B
:2037C0000060004080B487B000AF0346FB7100237B61EFF31083FB60FB687B6101233B61AC
:2037E0003B6983F3108800BFFB791A4A32F813309BB2002B09D0FB79164A32F8132092B24D
:20380000013A91B2134A22F81310FB79114A32F813309BB2002B11D10F4BB3F8FE339AB278
:203820000E4B13439AB2FB790D4931F81330DB439BB2094913409BB2A1F8FE337B69BB6031
:20384000BB6883F3108800BF00BF1C37BD465DF8047B704714AF002000E0014000A5FFFF31
:20386000E4BF020080B487B000AF0346FB7100237B61EFF31083FB60FB687B6101233B6106
:203880003B6983F3108800BFFB79164A32F813309BB2002B0FD1144BB3F8FE339AB2FB7923
:2038A000124931F8133013439AB20F49104B13439BB2A1F8FE33FB790A4A32F8132092B216
:2038C000013291B2074A22F813107B69BB60BB6883F3108800BF00BF1C37BD465DF8047B0C
:2038E000704700BF14AF002000E00140E4BF020000A5FFFF80B584B000AF78607B68FB60D8
:20390000144B1B68002B02D1124B134A1A60114B1B68BB60FB68033323F00303FB600D4B34
:203920001A68FB6813440D4A934207D916F0F0FE03460C221A604FF0FF3306E0054B1A6831
:20394000FB681344034A1360BB6818461037BD4680BD00BF1CAF0020A0EB0020A0EB0020E5
:2039600080B487B000AF0346FB710E4B1B6A7B61FB797A6922FA03F303F007033B617B69D8
:203980001B0E03F00703FB60074B1A68FB689A403B6922FA03F318461C37BD465DF8047B57
:2039A000704700BF00E0014054AD002080B483B000AF03463960FB7197F9073004493A6835
:2039C00041F8232000BF0C37BD465DF8047B704794AD002080B483B000AF0346FB710B495B
:2039E00097F9073003F1C00251F8223023F4803341F82230054A97F90730C03352F82330B4
:203A000000BF0C37BD465DF8047B70470060004080B584B000AF0346FB7197F90730184684
:203A2000FFF7D8FFBFF35F8F00BF97F90730FB60FB6803F01F02074997F907305B09012025
:203A400000FA02F2603341F8232000BF1037BD4680BD00BF00E100E080B584B000AF034642
:203A6000B9607A60FB73BB68DAB2094997F90F301201D2B20B4483F8002397F90F307968E1
:203A80001846FFF793FF00BF1037BD4680BD00BF00E100E080B485B000AF0346FB7197F91D
:203AA0000730FB60FB6803F01F020749FB685B09012000FA02F241F8232000BF1437BD464E
:203AC0005DF8047B704700BF00E100E080B582B000AF0346FB7197F907301846FFF798FF5E
:203AE00097F907301846FFF7D5FF00BF0837BD4680BD80B584B000AF0346B9607A60FB73D7
:203B000097F90F307A68B9681846FFF7A5FF97F90F301846FFF7DAFF00BF1037BD4680BD99
:203B200080B586B000AF786039607B687B613B685B693B617B693A685A603B68DA687B692F
:203B40009A613B681A697B691A627B690022DA614FF40073FB603B681B881A46FB6802FB8C
:203B600003F303F1804303F5B8131A467B691A603968786900F09EF83B6893F906003B6837
:203B80005B7A7A69194600F0C5FA3B6893F907003B689B7A7A69194600F0BCFA3B6993F959
:203BA00007003B695B7A7A69194600F0B3FA3B6993F908003B699B7A7A69194600F0AAFADF
:203BC0007B6900221A617B69034A9A60002318461837BD4680BD00BF4344415280B586B0E5
:203BE00000AF786039603B687B617B683B610023FB607969386900F09BF97B691A683B6918
:203C00001A61FB6818461837BD4680BD80B485B000AF78607B68FB60FB681B68FA68928A47
:203C20001A80002318461437BD465DF8047B704780B485B000AF78607B68FB60FB681B687C
:203C400000221A80002318461437BD465DF8047B704780B485B000AF786039607B68FB6087
:203C6000FB681B681B88C3F3C033DBB21A463B681A70002318461437BD465DF8047B70479E
:203C800080B487B000AFF8600B467A60FB72FB687B617B691B6897F90B20103233F812300A
:203CA0009AB27B681A80002318461C37BD465DF8047B704780B48DB000AF786039603B68A5
:203CC0005B697B623B689B785B03FB62FB6A43F41073FB627B6A9B78002B02D14FF480732A
:203CE00000E00023FA6A1343FB627B6A9B783F2B02D04FF4007300E00023FA6A1343FB62A6
:203D00007B6A1B79002B04D0FB6A43F08003FB6207E07B6A9B783F2B03D1FB6A43F40043B7
:203D2000FB62FB6A9AB27B689A827B6A9B781B0203F47C527B6ADB7803F03F0313433B623C
:203D40000023FB613B68DB785B00FA691343FB613B681B79DB03FA691343FB617B6A5B789C
:203D60005B01FA691343FB617B6A1B78BB6100237B61EFF310833B613B697B610123FB602F
:203D8000FB6883F3108800BF214BDA683B681B88C3F11003012101FA03F3DB431C4913404F
:203DA000CB601B4BDB687B69BB60BB6883F3108800BFFB6A99B27B681A6847F6FF530B4051
:203DC0009BB213807B681B683A6A92B21A827B681B68FA6992B2DA817B681B68BA69D2B2A4
:203DE0001A73002387F82B307B6A9B79012B02D1012387F82B307B681B6897F82B2083F888
:203E0000D02000BF3437BD465DF8047B704700BF0040084080B586B000AF78603960002305
:203E2000FB6007F10C03184600F05AF83B681A683B685B6813433B6100237B613B6903F06D
:203E40000053002B1ED0FA687B681B68D2B283F8DE203B681B6803F00053002B04D07B69E2
:203E600043F480737B6103E07B6943F480637B613B689B6803F00053002B03D07B6943F07E
:203E800001037B613B6903F08043002B1ED0FA687B681B68D2B283F8DF203B681B6803F0F0
:203EA0008043002B04D07B6943F400737B6103E07B6943F400637B613B689B6803F080433D
:203EC000002B03D07B6943F002037B617B681B687A6992B25A8200BF1837BD4680BDFFFF37
:203EE00080B584B000AF78600420FFF739FDB860BB680D4AA2FB03239B0941F2360202FB21
:203F000003F30A4AA2FB03239B0C0133FB60FB68062B01D80723FB607B68FA681A6000BFEE
:203F20001037BD4680BD00BFD34D621083DE1B4380B58CB000AF786039603B681B6823F020
:203F4000C043BB627B685B685B697B623B685B6823F0C0433B623B689B6823F0C043FB61C9
:203F60007B681B68BA6A92B29A807B681B683A6A92B29A827B681B68FA6992B21A81BB6A22
:203F80001A0C7B681B6892B2DA803B6A1A0C7B681B6892B2DA82FB691A0C7B681B6892B2F2
:203FA0005A8139687868FFF735FF3B68DB68BB610023FB85BB69002B70D0BB691B89FB85FF
:203FC000BB691B8903F40063002B4BD07B681B68BA691289A3F890207B681B68BA695289A6
:203FE000A3F89C207B681B68BA699289A3F89E20BB691B687B617B681B687A6992B2A3F8C2
:2040000094207B691B0C9AB27B681B6822F4C04292B2A3F896207B695B0FDAB27B681B6842
:2040200002F00302D2B283F89220BB695B683B617B681B683A6992B2A3F898203B691B0CEA
:204040009AB27B681B6822F4C04292B2A3F89A203B695B0FDAB27B681B6802F00302D2B282
:2040600083F89320BB691B8903F40073002B15D0BB69997CBB69DA7C7B681B680A43D2B2E6
:2040800083F8A6207B681B68BA69D289A3F8A8207B681B68BA69128AA3F8AA207B681B68A8
:2040A000FA8DA3F890207B681B683A68128AA3F880207B6A1B79002B22D07B681B681B88B0
:2040C0009BB2FB60FB6823F01F03BA6ABA60BA68002A01D1202203E0BA68B2FA82F2D2B259
:2040E0009B1A1F33FB607B681B68FA6892B21A807B689A8AFB689BB213439AB27B689A8260
:204100007B68034ADA6000BF3037BD4680BD00BF4344415280B582B000AF03463A60FB7191
:204120000B46BB7197F90730002B06DBB97997F907303A681846FFF7DCFC00BF0837BD4667
:2041400080BDFFFF80B483B000AF0346FB7197F90730002B0CDBFB7903F01F02074997F918
:2041600007305B09012000FA02F2403341F8232000BF0C37BD465DF8047B704700E100E055
:2041800080B483B000AFEFF303837B607B683B603B88C3F308039BB2DBB2103BDBB25BB205
:2041A00018460C37BD465DF8047B704780B483B000AF03463960FB7197F9073004493A68B6
:2041C00041F8232000BF0C37BD465DF8047B704794AD002080B483B000AF0346FB7197F917
:2041E0000730044A52F8233018460C37BD465DF8047B704794AD002080B483B000AF0346AE
:20420000FB710B4997F9073003F1C00251F8223023F4803341F82230054A97F90730C03368
:2042200052F8233000BF0C37BD465DF8047B70470060004080B584B000AF0346FB7197F954
:2042400007301846FFF7D8FFBFF35F8F00BF97F90730FB60FB6803F01F02074997F90730ED
:204260005B09012000FA02F2603341F8232000BF1037BD4680BD00BF00E100E080B584B08D
:2042800000AF0346B9607A60FB73BB68DAB2094997F90F301201D2B20B4483F8002397F9E1
:2042A0000F3079681846FFF781FF00BF1037BD4680BD00BF00E100E080B485B000AF0346E3
:2042C000FB7197F90730FB60FB6803F01F020749FB685B09012000FA02F241F8232000BF78
:2042E0001437BD465DF8047B704700BF00E100E080B582B000AF0346FB7197F90730184675
:20430000FFF798FF97F907301846FFF7D5FF00BF0837BD4680BD80B584B000AF0346B96069
:204320007A60FB7397F90F307A68B9681846FFF7A5FF97F90F301846FFF7DAFF00BF103769
:20434000BD4680BD80B590B000AF786039607B68BB6200237B623B681B693B623B681B689E
:2043600003F58023A8331B03FB61BB6AFA695A600023BB61EFF310833B613B69BB610123D7
:20438000FB60FB6883F3108800BF8F4B5A683B681B68C3F10203012101FA03F3DB438A4913
:2043A00013404B60884B5B68BB69BB60BB6883F3108800BFBB6A3A681A603B689A68BB6A2F
:2043C000DA613B68DA68BB6A5A62BB6A00221A623B6A1A78BB6A1A7600220121B86A00F0D7
:2043E00083FB3B6A1B7B1BB25B001AB23B6A1B7D1BB2DB001BB213431BB243F4E0731BB2E4
:204400009AB2FB69A3F840283B685B687B617B691B68013B1A046D4B13407A695268013A03
:2044200012071A437B699B68013B1B021A437B69DB68013B1B031343BA6A127E1A43FB691D
:20444000C3F8442800220221B86A00F04DFBFB69802283F85028FB6903F500734FF4007219
:204460000021184616F04CF90023FB632CE03B6A9A68FB6BDB0013449B79002B16D13B6ADB
:204480001B69FA6B9A4211D2FB6B20331B01FA69D1183B6A9A68FB6BDB0013441A46386A12
:2044A00000F0F6F8402387F83B3002E0002387F83B30FA69FB6B134403F5026397F83B207B
:2044C0001A70FB6B0133FB63FB6B1F2BCFD900237B6300233B632BE03B6A5A683B6B9B008D
:2044E00013441B686FF0604293421ED23B6A5A683B6B9B0013441B68FB623B6A1B7B002BD7
:2045000004D1FB6A9A04324B1340FB62FB693A6B02F58072F96A43F822103B6B9B000F2262
:2045200002FA03F37A6B13437B633B6B01333B633B6A1B699B083A6B9A42CDD37B6BDA4308
:20454000FB69C3F8282400220021B86A00F0CCFAFA69B2F8403843F02003A2F84038FB6984
:20456000B3F84038C3F34013DBB2002BF7D13B6893F915003B681B7DBA6A1946FFF7CBFECE
:204580003B6893F916003B681B7DBA6A1946FFF7C2FE3B6893F917003B681B7DBA6A19465E
:2045A000FFF7B9FEFB693E2283F84C28FB694FF0FF32C3F82C24BB6A064A9A607B6A18460A
:2045C0004037BD4680BD00BF004008400000FF030000FC1F4E41435280B58AB000AFF86026
:2045E000B9607A60FB68BB61BB691B681B697B61BB695B683B613A69BB68134403F5026345
:204600001B78C3F3C013DBB2002B02D04EF663233AE0BB6820331B013A6913447A68194643
:20462000786900F035F87B689B7903F00F03D9B23A69BB6820331B011A44938861F30303ED
:2046400093807B689B797B62BB6820331B013A69134406333B627B680C33FB6107E0FA6949
:20466000531CFB613B6A591C396212781A707B6A5A1E7A62002BF2D13A69BB68134403F56A
:20468000026380221A70002318462837BD4680BD80B489B000AFF860B9607A60FB681B7B09
:2046A000FB750023FB61FB7D002B06D0FB7D022B0AD17B681B79002B06D17B681B689A0495
:2046C000114B1340BB610EE0FB7D022B06D17B681B79012B02D14FF00043FB617B681B68EB
:2046E00023F06043BB617B685B799B073B61FA693B691A43BB691A43BB681A6000BF243757
:20470000BD465DF8047B70470000FC1F80B489B000AFF860B9607A60FB685B68BB61BA6924
:20472000BB6820331B0113441B687B617B699B0F03F00103DAB27B685A71FB681B681B6908
:204740003B613B691B7BB969BA68203212010A441268C2F3C072D2B21343DBB203F00103CD
:20476000DAB27B681A717B681B79002B06D17B699B0CC3F30A027B681A6004E07B6923F041
:2047800060427B681A60BA69BB6820331B0113449B88C3F30303DBB21A467B689A717B6871
:2047A0009B79082B02D97B6808229A710023FB6112E0BA69BB681B011A44FB69134403F2DE
:2047C00006231B78D9B27A68FB6913440C330A461A70FB690133FB617B689B791A46FB692D
:2047E0009342E6D3BA69BB68134403F5026344221A707B6800229A6000BF2437BD465DF8D0
:20480000047B7047B0B58EB000AF786039607B681B6A7B637B6B002B02D13B687B6317E0FD
:204820007B6B07F10C041D460FCD0FC40FCD0FC495E8030084E803007A6B3B6814461D4695
:204840000FCD0FC40FCD0FC495E8030084E803007B68DB69786B98477B681B6A002B0CD0B3
:204860007B681B6A1D4607F10C040FCC0FC50FCC0FC594E8030085E8030000BF3837BD46E7
:20488000B0BD80B590B000AFFFF77AFC03461846FFF7B2FCFFF774FC034687F83B3097F9A7
:2048A0003B301846FFF796FC78633B4628220021184615F025FF0023FB637B6B5B683B6391
:2048C0003B6B93F84D38DBB2BB803B6B002283F84D283B6BB3F84238C3F30013DBB2002B56
:2048E00022D0BB8843F020039BB2BB803B6B93F8533887F82F303B6B022283F853283B6BA5
:2049000093F85238C3F30403DBB2FB633B6B97F82F2083F853283A6BFB6B134403F50262A2
:20492000137823F0040313707B6B1B681B683B607B6B5B6A3B61FB6BFB603B461946786BFD
:20494000FFF760FF7B6B1B681B69BB623B6BB3F84238C3F30013DBB2002B0AD0BB6A1B7D15
:20496000002B06D07B6B1B6893F915301846FFF7E9FB00BF4037BD4680BD80B590B000AF2A
:20498000FFF7FEFB03461846FFF736FCFFF7F8FB034687F83F3097F93F301846FFF71AFCD0
:2049A000B8634FF480633B81BB6B5B687B637B6B93F8533887F833307B6B002283F8532857
:2049C0007B6B93F85238C3F30403DBB2FB627B6B97F8332083F853283B1D14331A46F96A15
:2049E000B86BFFF793FEFB6A3B61BB6B1B681B687B60BB6B5B6A7B613B1D1946B86BFFF76E
:204A000001FF7B6BB3F84238C3F30003DBB2002B04D097F93F301846FFF794FB00BF40372E
:204A2000BD4680BD80B590B000AFFFF7A9FB03461846FFF7E1FBFFF7A3FB034687F83F3034
:204A400097F93F301846FFF7C5FBB86300233B81BB6B5B687B637B6B93F8533887F83330A4
:204A60007B6B012283F853287B6B93F85238C3F30403DBB2FB627B6B97F8332083F85328D7
:204A80007A6BFB6A134403F5026300221A707A6BFB6A134403F5026300221A70FB6A3B61C1
:204AA0003B8943F400639BB23B81BB6B1B681B687B60BB6B5B6A7B613B1D1946B86BFFF7F1
:204AC000A1FE7B6BB3F84238C3F34003DBB2002B06D0BB6B1B6893F917301846FFF732FBA8
:204AE00000BF4037BD4680BD80B584B000AF78600B46FB701346BB707B685B68FB607B682C
:204B00005B7BBA789A420DD00221786800F032F8FB68BA7883F858287B68BA785A737B6862
:204B200002221A737B681B7BFA789A421ED0FB78052B13D10221786800F01CF8FA68B2F875
:204B4000403843F48063A2F84038FB68B3F84238C3F38023DBB2012BF7D104E0FB78194699
:204B6000786800F007F87B68FA781A7300BF1037BD4680BD80B485B000AF78600B46FB7092
:204B80007B685B68FB60FA68B2F8403823F48063A2F84038FB7803F00303D9B2FA68B2F881
:204BA000403861F30923A2F84038FB68B3F842389BB203F4E062FB781B029A42F5D100BFEC
:204BC00000BF1437BD465DF8047B704780B485B000AF786039607B68FB600C4AFB6813604A
:204BE0003B681A68FB689A603B685A68FB68DA60FB6800225A60FB68054A1A600023184645
:204C00001437BD465DF8047B704700BF20AF00204347430080B588B000AFF8600B467A60A1
:204C2000FB72FB68FB610023BB6100233B61FB7A052B02D0FB7A062B0DD107F1100307F14C
:204C40001402F97A786800F0B7F9B861BB69002B01D0BB6929E0FB7A184600F0F5F80346EC
:204C60001A46FB7A1146184600F006F90346002B02D140F2931318E0012000F01AF8FB7A0C
:204C8000052B02D0FB7A062B06D13B6907F11402F97A786800F0CEF9FB7A0021184600F0F5
:204CA00019F9012000F01AF8002318462037BD4680BD80B582B000AF0346FB710120FEF7C6
:204CC000D1FDFB79012B05D10020FEF795FA0020FEF7C8FD00BF0837BD4680BD80B582B06D
:204CE00000AF0346FB71FB79012B07D10020FEF769FD064B1B6A184600F07AF80120FEF7B1
:204D000061FD00BF0837BD4680BD00BF00E0014080B483B000AF78601A4B1B68B3F5004F4A
:204D200001D0002327E0184B93F83630DBB2002B17D0154B93F83830DBB2002B11D0124B3C
:204D400093F83230DBB2002B0BD00F4B93F82A30DBB2002B05D00C4B93F84A30DBB2002BF3
:204D600001D1002307E07B6803F0EE43002B01D0002300E0012318460C37BD465DF8047BB5
:204D8000704700BF54AD002000E0014080B485B000AF78600B46FB70FB78002B0BD07B6853
:204DA000FB60FB6803F0443323F480030E4A934201D0002311E00D4B93F82A30DBB2002B2A
:204DC00005D10A4B93F84A30DBB2002B01D0012300E0002303F00103DBB218461437BD46C3
:204DE0005DF8047B704700BF4444044400E0014080B584B000AF7860104B93F84030FB73C4
:204E00007868FFF785FF0346002B03D00420FEF7F3F90FE0FB7B19467868FFF7B7FF034653
:204E2000002B07D0064B1B68064A934202D80320FEF7E2F900BF1037BD4680BD00E0014043
:204E400054AD002040420F0080B483B000AF0346FB71FB79074A52F823301B78DBB2002B28
:204E60000CBF01230023DBB218460C37BD465DF8047B7047ECBF020080B487B000AF034654
:204E80000A46FB711346BB7116237B61FB7901229A407B691340002B01D0012312E00C4BAB
:204EA00093F83C30DBB23B61FB793A6922FA03F303F00103FB60BB79FA689A420CBF0123F6
:204EC0000023DBB218461C37BD465DF8047B704700E0014080B483B000AF03460A46FB71A7
:204EE0001346BB71FB790A4A52F82330BA791A70FB79074A52F823301B78DBB2BA799A427A
:204F0000F6D100BF00BF0C37BD465DF8047B7047ECBF020080B489B000AFF8600B467A602F
:204F2000FB72114BFB61FB681B78002B01D10F4BFB61FB685B880133FA6902FB03F35B0870
:204F4000BB61FB685B7801337B61BA697B69B2FBF3F33B617B683A691A60002318462437DD
:204F6000BD465DF8047B704700366E01002D310180B487B000AF78600023FB827B681B7897
:204F8000002B01D10123FB827B685B88BB827B685B787B82BB8A1B0203F47C52FB8A1B01F5
:204FA0001A437B8A1343FB60FB6818461C37BD465DF8047B7047FFFF80B588B000AFF860CA
:204FC0007A603B600B46FB72F868FFF7D1FFB861FB7A052B02D1154BFB6101E0144BFB618F
:204FE000FB691B889BB21A46BB69934209D0FB7A1846FFF729FF0346002B02D040F291131E
:205000000FE0FB7A7A681946F868FFF783FF78617B69002B01D07B6903E03B68BA691A6053
:20502000002318462037BD4680BD00BF28E0014048E0014080B584B000AFF8607A603B6002
:205040000B46FB72FB7A052B04D1094B3A6892B21A8504E0064B3A6892B2A3F84820FB7AAC
:2050600079681846FEF702F900BF1037BD4680BD00E0014080B483B000AFEFF303837B6041
:205080007B683B603B88C3F308039BB2DBB2103BDBB25BB218460C37BD465DF8047B704720
:2050A00080B487B000AF0346FB710E4B1B6A7B61FB797A6922FA03F303F007033B617B6981
:2050C0001B0E03F00703FB60074B1A68FB689A403B6922FA03F318461C37BD465DF8047B00
:2050E000704700BF00E0014054AD002080B400AF094B0122A3F80421074BB3F804319BB25F
:20510000002BF9D1044B0122A3F8002100BFBD465DF8047B704700BF00C0014080B483B0F8
:2051200000AF03463960FB7197F9073004493A6841F8232000BF0C37BD465DF8047B7047B0
:2051400094AD002080B483B000AF0346FB7197F90730044A52F8233018460C37BD465DF878
:20516000047B704794AD002080B483B000AF0346FB710B4997F9073003F1C00251F8223061
:2051800023F4803341F82230054A97F90730C03352F8233000BF0C37BD465DF8047B704784
:2051A0000060004080B584B000AF0346FB7197F907301846FFF7D8FFBFF35F8F00BF97F9A1
:2051C0000730FB60FB6803F01F02074997F907305B09012000FA02F2603341F8232000BF6E
:2051E0001037BD4680BD00BF00E100E080B584B000AF0346B9607A60FB73BB68DAB20949E5
:2052000097F90F301201D2B20B4483F8002397F90F3079681846FFF781FF00BF1037BD46AE
:2052200080BD00BF00E100E080B485B000AF0346FB7197F90730FB60FB6803F01F020749FB
:20524000FB685B09012000FA02F241F8232000BF1437BD465DF8047B704700BF00E100E0E4
:2052600080B582B000AF0346FB7197F907301846FFF798FF97F907301846FFF7D5FF00BF03
:205280000837BD4680BDFFFF80B485B000AF0346FB7197F90730FB60FB6803F01F020B49D7
:2052A00097F907305B09012000FA02F2203341F82320BFF34F8F00BFBFF36F8F00BF00BF68
:2052C0001437BD465DF8047B704700BF00E100E080B584B000AF0346B9607A60FB7397F923
:2052E0000F307A68B9681846FFF780FF97F90F301846FFF7B5FF00BF1037BD4680BDFFFF7E
:2053000080B584B000AF786039607B68FB600023BB60FB683A685A603B681B78002B23D075
:205320003B685A68FB681A643B68DA68FB689A64FB6800225A64184B01221A763B6893F959
:2053400011003B681B7CFA681946FFF7C1FF124B98221A753B6893F913003B689B7CFA6887
:205360001946FFF7B5FF05E00B4B00221A760A4B00221A75F86800F0B1FAB860BB68002BD0
:2053800001D0BB6803E0FB68044A1A60BB6818461037BD4680BD00BF00E07F404E45504F73
:2053A00080B586B000AFF860B9607A603B60FB683B6100237B613B685A083B699A633B69A5
:2053C000BA681A633B697A685A633B69002283F83C207B68B3F1006F04D2386915F004FEDA
:2053E000786103E0386900F0C2F978617B6918461837BD4680BD80B588B000AFF860B9606E
:205400007A60FB687B610023FB617B69002283F83C20BB68B3F1006F19D20023BB61BB6894
:20542000B3F5803F06D2BB6823F4FF5323F01F03BB6105E0BB6823F4FF4323F07F03BB613E
:205440007A68B969786915F0E7FDF8610EE0BB6823F03F033B617A683969786900F0DAFAFA
:20546000F861FB69002B01D0FB6900E0FB6918462037BD4680BD80B588B000AFF860B96049
:205480007A603B60FB687B610023FB61BB68B3F1006F1DD27B69002283F83C203B68002212
:2054A0001A70BB683B610023BB610CE03A69BB6913441B78FF2B03D03B6801221A700EE08C
:2054C000BB690133BB61BA697B689A42EED306E03B687A68B968786900F090F9F861FB6912
:2054E00018462037BD4680BD80B483B000AF786039600B4BB3F884309BB203F08103002B8C
:2055000003D13B6800221A7002E03B6801221A70002318460C37BD465DF8047B704700BF25
:2055200000E07F4080B487B000AFF860B9601346FB80FB687B6100233B6106233B613B6906
:2055400018461C37BD465DF8047B704780B487B000AFF860B9607A60FB687B6100233B61A9
:2055600006233B613B6918461C37BD465DF8047B704780B485B000AF78607B68FB60002332
:20558000BB600623BB60BB6818461437BD465DF8047B704780B584B000AF78607B68FB6024
:2055A000F86815F025FD034618461037BD4680BD80B584B000AF78600B46FB701346BB7006
:2055C0007B68FB600023BB60BA78FB781946F86815F016FDB860BB6818461037BD4680BDB3
:2055E00080B485B000AF78607B68FB600023BB600623BB60BB6818461437BD465DF8047B58
:20560000704780B584B000AF78607B68FB60F86800F064F9034618461037BD4680BDFFFFCC
:2056200080B483B000AF786039603B68094A92E8030083E803003B68074A083392E8030056
:2056400083E80300002318460C37BD465DF8047B704700BF28C002007007002080B584B0E1
:2056600000AF78607B68FB600023BB60FB6800221A60FB685B6893F91130002B06DBFB68C6
:205680005B6893F911301846FFF7FEFD0B4B00221A76FB685B6893F91330002B06DBFB68BF
:2056A0005B6893F913301846FFF7EEFD034B00221A75BB6818461037BD4680BD00E07F4073
:2056C00080B487B000AFF860B9607A603B60FB687B617B69BA681A647B697A689A647B695F
:2056E0003A685A64002318461C37BD465DF8047B704780B485B000AF78600B46FB70062313
:20570000FB60FB6818461437BD465DF8047B704780B485B000AF78600B46FB700623FB6064
:20572000FB6818461437BD465DF8047B704780B487B000AFF8600B467A60FB7206237B61C0
:205740007B6918461C37BD465DF8047B704780B487B000AFF860B9607A603B6006237B6121
:205760007B6918461C37BD465DF8047B704780B586B000AF786000237B61786800F088FAC3
:2057800078617B69002B01D07B6932E07B685B681B78002B06D07B68012283F83C20002320
:2057A0003B6102E07B68DB683B613A690421786815F02EFC78617B685B681B78002B01D0C4
:2057C0007B6916E018224FF48051786915F028FC78617B689B6B002B02D07B69002BE4D015
:2057E00015F00AFCF8607B69002B01D1FB687B617B6918461837BD4680BDFFFF80B588B0EA
:2058000000AFF860B9607A603B60F86800F040FAF861FB69002B01D0FB6957E02D4B00227B
:2058200083F8D0202B4ABB681363BA687B681344284A013B5363284B71221A70264BD0223C
:205840001A70FB685B681B78002B08D0FB68032283F83C203B6802221A70002336E0FB68B6
:205860005B697A689208013202FB03F3BB6108E0BB69002B02D11423FB610AE0BB69013BBF
:20588000BB61144BD3F88030C3F3C033DBB2012BEED14FF4FC720021F86915F0C1FBF861A4
:2058A0000C4B93F8D430DBB2012B03D13B6801221A7002E03B6800221A7015F09DFB78617E
:2058C000FB69002B01D17B69FB61FB6918462037BD4680BD00E07F4000007E4080B586B006
:2058E00000AF78607B68002283F83C201C20FFF7D7FB78611820FFF7D3FB38613E4B012227
:2059000083F816247B693D4A934202D84FF4FB736EE07B6903F5742303F23F23384AA2FBD0
:2059200003239B0CFB603B6903F5742303F23F23334AA2FB03239B0CBB60FB689BB2314A88
:2059400003F5F0539BB2A2F8E430BB6843F6B85202FB03F32C4AA2FB03239A087B689A6000
:20596000BB6840F6D86202FB03F3274AA2FB03239A087B68DA60BB685B00234AA2FB032300
:205980009A087B681A61BB68542202FB03F31E4AA2FB03239A087B685A61BB684FF4FA228E
:2059A00002FB03F3184AA2FB03239A087B689A61BB6844F2506202FB03F3134AA2FB032331
:2059C0009A087B685A62BB68104A02FB03F30E4AA2FB03239A087B681A62BB680C4A02FB84
:2059E00003F3094AA2FB03239A087B68DA61002318461837BD4680BD00E00140FF083D0066
:205A000083DE1B4300E07F40ABAAAAAA80DE0F00A0F7030080B588B000AFF860B9607A6011
:205A20000023FB61FB68BA681A63FB687A689A63F86800F02DF9F861FB69002B02D04FF430
:205A4000FA7336E0FB685B681B78002B06D0FB68022283F83C200023BB6102E0FB685B6A62
:205A6000BB61164B0122A3F8E020BA694021F86815F0CAFAF861FB685B681B78002B01D030
:205A8000FB6916E019224FF40051F86915F0C8FAF861FB689B6B002B02D0FB69002BE4D0B3
:205AA00015F0AAFA7861FB69002B01D17B69FB61FB6918462037BD4680BD00BF00E07F400C
:205AC00080B584B000AFFFF7D5FA0346BB7397F90E301846FFF736FBB8601E4B1B7CDBB27A
:205AE0007B601C4BD3F880201B4B13403B607B6803F00803002B02D00423FB7319E07B6856
:205B000003F08003002B02D00523FB7311E07B6803F01003002B0AD03B6803F44053002B45
:205B200002D00723FB7304E00623FB7301E00723FB73B86815F05CFA97F90E301846FFF76A
:205B400013FBFB7B1946B86800F06EF800BF1037BD4680BD00E07F404070F00080B584B0FE
:205B600000AF0023FB73FFF785FA03467B7397F90D301846FFF7E6FAB86097F90D301846F5
:205B8000FFF7F2FABB6893F83C30012B17D1BB689B6B002B0ED000220421B86815F038FA25
:205BA00078607B68002B2BD0B86815F021FA0723BB7325E00123BB730123FB7320E0BB6860
:205BC00093F83C30022B0ED1BB689B6B002B05D000224021B86815F017FA11E00023BB739E
:205BE0000123FB730CE00123FB730E4B93F8D430DBB2012B02D10323BB7301E00223BB7399
:205C0000FB7B002B0AD015F0F7F9BB68002283F83C20BB7B1946B86800F006F800BF10374F
:205C2000BD4680BD00E07F4080B586B000AF78600B46FB707B685B6C7B617B69002B03D16E
:205C400007F10C037B6106E07A6907F10C0392E8030083E803007B69FA781A707B689A6CDD
:205C60007B695A607B681B6C786998477B685B6C002B08D07B685B6C1A4607F10C0393E823
:205C8000030082E8030000BF1837BD4680BDFFFF80B584B000AF78600023FB604FF49643BE
:205CA000BB607B685B681B78002B0DD07B685B6893F911301846FFF7D3FA7B685B6893F9C2
:205CC00013301846FFF7CCFA0C4B4AF68022A3F8842008E0BB68002B02D14FF4FA7309E04D
:205CE000BB68013BBB60054BB3F884309BB2802BF0D1FB6818461037BD4680BD00E07F40DB
:205D000080B483B000AFEFF303837B607B683B603B88C3F308039BB2DBB2103BDBB25BB269
:205D200018460C37BD465DF8047B704780B487B000AF0346FB710E4B1B6A7B61FB797A6954
:205D400022FA03F303F007033B617B691B0E03F00703FB60074B1A68FB689A403B6922FA62
:205D600003F318461C37BD465DF8047B704700BF00E0014054AD002080B483B000AF03468E
:205D80003960FB7197F9073004493A6841F8232000BF0C37BD465DF8047B704794AD0020DB
:205DA00080B483B000AF0346FB7197F90730044A52F8233018460C37BD465DF8047B704737
:205DC00094AD002080B483B000AF0346FB710B4997F9073003F1C00251F8223023F4803361
:205DE00041F82230054A97F90730C03352F8233000BF0C37BD465DF8047B70470060004042
:205E000080B584B000AF0346FB7197F907301846FFF7D8FFBFF35F8F00BF97F90730FB6042
:205E2000FB6803F01F02074997F907305B09012000FA02F2603341F8232000BF1037BD4649
:205E400080BD00BF00E100E080B584B000AF0346B9607A60FB73BB68DAB2094997F90F30F3
:205E60001201D2B20B4483F8002397F90F3079681846FFF781FF00BF1037BD4680BD00BF15
:205E800000E100E080B485B000AF0346FB7197F90730FB60FB6803F01F020749FB685B09C4
:205EA000012000FA02F241F8232000BF1437BD465DF8047B704700BF00E100E080B582B0D8
:205EC00000AF0346FB7197F907301846FFF798FF97F907301846FFF7D5FF00BF0837BD46BC
:205EE00080BD80B584B000AF0346B9607A60FB7397F90F307A68B9681846FFF7A5FF97F949
:205F00000F301846FFF7DAFF00BF1037BD4680BD80B584B000AF786039607B68FB603B6865
:205F20001B7C1A46012303FA02F2FB68DA603968F86800F009F93968F86800F037F9FB6841
:205F4000034A1A60002318461037BD4680BD00BF5450470080B485B000AF78607B68FB609A
:205F6000FB689B68FA68D2689A60002318461437BD465DF8047B704780B485B000AF7860DB
:205F80007B68FB60FB689B68FA68D2685A60002318461437BD465DF8047B704780B485B044
:205FA00000AF78607B68FB60FB689B68FA68D268DA60002318461437BD465DF8047B704786
:205FC00080B58CB000AFF860B9607A607B6803F003037B62FB683B624FF0FF337B6100232D
:205FE000BB6107F114027B68B968386A00F053FA386A00F09EF8F8613B6A9B681B6BFB6288
:20600000BB69002B29D10223BB627B6803F00803002B01D00423BB627B6803F00203002BCE
:2060200011D03B6A99687A69BB6A12339B000B445A603B6A9968BB6A01337A6912339B0026
:206040000B445A6009E03B6A99687A6ABB6A13447A6912339B000B445A607B6803F0400363
:20606000002B07D03B6A9B681A6C3B6A9B6842F480021A647B6A012B08D0FB6A23F440333A
:20608000FB62BB691B04FA6A1343FB627B68022B09D1BB69002B06D007F114020123B968E7
:2060A000386A00F0F8F97B6A002B08D0FB6A23F04073FB62BB691B06FA6A1343FB623B6AEC
:2060C0009B68FA6A1A63FB6943F425431946386A00F024F8002318463037BD4680BD80B56F
:2060E00086B000AF786039607B687B617B699B685B6E3B613B690133FB603B68FA689A600D
:20610000786900F03DFA02463B685A603B6801221A70002318461837BD4680BD80B483B00B
:2061200000AF7860396000BF0C37BD465DF8047B704780B483B000AF7860002318460C37FD
:20614000BD465DF8047B704780B485B000AF786039607B683A685A607B6801221A747B6872
:20616000DB6803F00603002B02D07B6800221A743B681B7C1A460C4B13441B02FB60FA682E
:206180007B689A603B685A697B685A613B689A697B68DA617B6800229A6100BF1437BD464D
:2061A0005DF8047B704700BF9016400080B592B000AF786039603B68DB69BB6300237B6312
:2061C000EFF31083BB61BB697B6301237B617B6983F3108800BF934B1A693B681B7C194681
:2061E0004FF00043CB40DB438E4913400B618D4B1B697B6B3B613B6983F3108800BF7B682C
:206200009B684FF425421A607B689B680022DA627B689B680022DA637B689B6800229A64C8
:206220003B681B7A3B633B6BDB057B643B685B68013BFB623B681B78032B03D17B6C43F4CE
:2062400080337B647B689B687A6CDA62786800F0EBF87B689B68BA6B9269DA617B689B68CA
:20626000BA6BD2691A627B689B68FA6A9A667B689B68FA6A5A660023BB62BB6B9B6B3B64E3
:206280004FF0FF33BB600023FB603B681B78002B06D13B685B685B08013B7B627B6ABB60DA
:2062A0003B681B78012B07D93B68D96807F108020023786800F0EFF87B689B68BA685A6515
:2062C0007B689B68BA689A653B681B78032B07D97B689B68BA68DA657B689B68BA681A66A4
:2062E000FB681B04BA6A1343BB62FB681B06BA6A1343BB62BB6B9B6B002B1ED1BB6B1B786B
:20630000002B0AD0BB6B5B781946386800F04FF938623A6C3B6A13433B64BB6B9B78002B0A
:206320000BD0BB6BDB781946386800F040F9F861FB691B043A6C13433B64786800F062F93F
:206340007B689B6800229A637B689B680022C3F88820BB6B9B6B002B0DD1BB6B93F8203097
:206360005B033A6C13433B64BB6B93F821305B073A6C13433B644FF4AA03FB63BB6B93F826
:206380003030002B02D04FF4A003FB637B689B68FA6B1A643B681B78012B07D17B689B6873
:2063A0000022DA647B689B6800221A657B689B683A6C5A637B689B68BA6A42F003021A63EF
:2063C0007B689B68BA6A42F001021A637B689B687A68D268DA604AF201517868FFF79EFEC5
:2063E0003B6893F912003B685B7C7A68194600F03CF8BB6B93F92400BB6B93F822307A68C2
:20640000194600F032F8BB6B93F92500BB6B93F823307A68194600F028F800BF4837BD4696
:2064200080BD00BF0040084080B483B000AF78607B689B684FF000421A617B689B684FF0E3
:2064400000425A617B689B684FF000429A617B689B6800225A627B689B6800229A6200BF56
:206460000C37BD465DF8047B704780B584B000AF0346B9607A60FB7397F90F30002B06DBAE
:2064800097F90F307A68B9681846FFF72AFD00BF1037BD4680BD80B48BB000AFF860B960DA
:2064A0007A603B60FB689B689B6EFB61FB690133FB61BB68002B0CBF01230023FB76BA68B5
:2064C000FB699A422CBF01230023BB76FB7E002B02D1BB7E002B44D03B6803F00103002B65
:2064E00007D1FB689B685B6BC3F30403DBB27B6206E0FB689B685B6BC3F30443DBB27B62F8
:20650000FB685B681B78032B09D97B6A03F01003002B0CBF0123002387F8233008E07B6AEB
:2065200003F00C03042B0CBF0123002387F82330FB7E002B06D097F8233083F00103DBB2E6
:20654000002B06D1BB7E002B07D097F82330002B03D07B6802225A600CE07B6803225A60AF
:2065600008E0BB687B617B69013B7B617B687A691A6000BF00BF2C37BD465DF8047B704789
:2065800080B584B000AF78607B689B68DB6AC3F3C353DBB2FB730020FFF7C8FBB860FB7BB2
:2065A000BA6822FA03F318461037BD4680BD80B485B000AF78600B46FB70FB789A01FB7895
:2065C0001B01134343F48073BB600923FB607B681B78022B0BD07B681B78032B02D1032362
:2065E000FB6004E0FB78002B01D10623FB60BA68FB681343BB60BB6818461437BD465DF84E
:20660000047B704780B485B000AF78607B685B68DB69FB60FB6893F8303003F00103DBB23D
:20662000002B05D0FB689A6A7B689B68013ADA64FB6893F8303003F00203DBB2002B05D0C1
:20664000FB68DA6A7B689B68013A1A6500BF1437BD465DF8047B704790B589B000AFF860D6
:206660000B467A60FB72FB689B69FB61FB69002B03D107F11003FB6105E0FA6907F11003A2
:2066800007CA83E80700FB69FA7A1A71FB697A689A60FB68DA69FB691A60FB685B69F86908
:2066A0009847FB689B69002B08D0FB689B691C4607F1100393E8070084E8070000BF2437AE
:2066C000BD4690BD80B584B000AFFFF719FB0346FB7397F90F301846FFF774FB97F90F3030
:2066E0001846FFF75DFBB860BB685B681B78012B20D1B868FFF71DFD7860BB689B68BA68F0
:20670000D2689A60BB689B6800229A64BB689B680022DA64BB689B6800221A657B6843F498
:2067200025431946B868FFF7F9FC97F90F301846FFF766FBBB685B69002B04D000220021DA
:20674000B868FFF789FF00BF1037BD4680BD80B483B000AFEFF303837B607B683B603B88BB
:20676000C3F308039BB2DBB2103BDBB25BB218460C37BD465DF8047B7047FFFF80B483B005
:2067800000AF0346FB7197F90730044A52F8233018460C37BD465DF8047B704794AD002053
:2067A00080B483B000AF0346FB710B4997F9073003F1C00251F8223023F4803341F822304D
:2067C000054A97F90730C03352F8233000BF0C37BD465DF8047B70470060004080B586B078
:2067E00000AFFFF7B4FF0346BB7597F916301846FFF7C4FF38610023FB753B695B79FB73C9
:20680000174AFB7BD35CC3F30103DBB2BB73BB7B032B02D10123FB7504E097F9163018461A
:20682000FFF7BEFF3B69002B0ED03B699B68002B0AD03B695B79BB603B69DB687B603B6953
:206840009B683A1D10469847FB7D002B04D097F916301846FFF7A4FF00BF1837BD4680BD17
:206860000060004080B483B000AF0346FB7197F90730002B0BDBFB7903F01F02074997F96D
:2068800007305B09012000FA02F241F8232000BF0C37BD465DF8047B704700BF00E100E0C2
:2068A00080B483B000AF0346FB7197F90730002B0CDBFB7903F01F02074997F907305B0931
:2068C000012000FA02F2603341F8232000BF0C37BD465DF8047B704700E100E080B483B0E2
:2068E00000AFEFF303837B607B683B603B88C3F308039BB2DBB2103BDBB25BB218460C3744
:20690000BD465DF8047B704780B483B000AF03463960FB7197F9073004493A6841F8232053
:2069200000BF0C37BD465DF8047B704794AD002080B483B000AF0346FB7197F90730044A86
:2069400052F8233018460C37BD465DF8047B704794AD002080B483B000AF0346FB710B49EB
:2069600097F9073003F1C00251F8223023F4803341F82230054A97F90730C03352F8233004
:2069800000BF0C37BD465DF8047B70470060004080B584B000AF0346FB7197F907301846D5
:2069A000FFF7D8FFBFF35F8F00BF97F90730FB60FB6803F01F02074997F907305B09012076
:2069C00000FA02F2603341F8232000BF1037BD4680BD00BF00E100E080B584B000AF034693
:2069E000B9607A60FB73BB68DAB2094997F90F301201D2B20B4483F8002397F90F30796832
:206A00001846FFF781FF00BF1037BD4680BD00BF00E100E080B485B000AF0346FB7197F97F
:206A20000730FB60FB6803F01F020749FB685B09012000FA02F241F8232000BF1437BD469E
:206A40005DF8047B704700BF00E100E080B582B000AF0346FB7197F907301846FFF798FFAE
:206A600097F907301846FFF7D5FF00BF0837BD4680BDFFFF80B485B000AF0346FB7197F98E
:206A80000730FB60FB6803F01F020B4997F907305B09012000FA02F2203341F82320BFF3DE
:206AA0004F8F00BFBFF36F8F00BF00BF1437BD465DF8047B704700BF00E100E080B584B049
:206AC00000AF0346B9607A60FB7397F90F307A68B9681846FFF780FF97F90F301846FFF795
:206AE000B5FF00BF1037BD4680BDFFFF80B588B000AF786039607B68FB613B681B7803F5A4
:206B0000800303F51F631B021A46FB691A61FB693A681A603B689A68FB695A603B681A7BA1
:206B2000FB691A723B68DA69FB695A633B681A6AFB69DA63FB6900229A630023BB61EFF3F2
:206B40001083FB60FB68BB6101233B613B6983F3108800BF1E4B5A683B681B78C3F1090376
:206B6000012101FA03F3DB43194913404B60184B5B68BB697B617B6983F3108800BF39680C
:206B8000F86900F03FF9FB6900225A61FB6900229A61FB690022DA61FB6900221A62FB6983
:206BA000002283F82920FB69002283F82A20FB69002283F82B20FB69002283F82C20FB69A7
:206BC000044ADA60002318462037BD4680BD00BF004008404349495280B586B000AFF86035
:206BE000B9607A60FB7000237B61FB68FA7883F82A2000237A68B968F86800F05DF87861FA
:206C00007B6918461837BD4680BDFFFF80B588B000AF78607B68FB610121F86900F0C2F845
:206C2000FB691B690022DA71FB690022DA60FB691B6893F911301846FFF71CFFFB691B6835
:206C400093F90E301846FFF715FFFB691B6893F910301846FFF70EFFFB691B6893F90F303C
:206C60001846FFF707FF0023BB61EFF31083FB60FB68BB6101233B613B6983F3108800BFFB
:206C80000C4B5A68FB691B681B78C3F10903012101FA03F3074913434B60064B5B68BB6905
:206CA0007B617B6983F3108800BF002318462037BD4680BD0040084080B586B000AFF86035
:206CC000B9607A60FB70FB687B6100233B617B69BA685A617B697A689A617B691B7A012B31
:206CE00012D17B69002283F825207B695B68DBB25B00DAB2FB781343DAB27B6983F82420D8
:206D00007B69012283F82620FB78002B14BF01230023DAB27B6983F82920786900F0FCF8FA
:206D200038613B69002B01D03B6900E0002318461837BD4680BD80B586B000AF78600B4643
:206D4000FB707B689B6B7B617B69002B03D107F10C037B6106E07A6907F10C0392E80300F0
:206D600083E803007B68DA6B7B691A607B69FA781A717B685B6B786998477B689B6B002BC1
:206D800008D07B689B6B1A4607F10C0393E8030082E803007B68002283F82B2000BF183707
:206DA000BD4680BD80B582B000AF78600B46FB70FB78002B09D07B681B690022DA717B68BB
:206DC0001B681946786800F01DF87B680022DA617B6893F826207B6883F828207B689A696C
:206DE0007B681A627B68002283F82C207B68002283F82A207B681B69B322DA7100BF083719
:206E0000BD4680BD80B582B000AF786039607B681B691F221A707B681B695F221A707B6824
:206E20001B69DF221A707B681B685B6A1A797B681B6962F01F02D2B21A747B681B685B6A6E
:206E4000DA787B681B6962F01F02D2B25A747B681B685B6A9B781B01DBB203F07003DAB2DB
:206E60007B681B6942F00802D2B29A707B681B685B6A1B78012B01D1052100E004217B6817
:206E80001B685B6A5B785B00DAB27B681B690A43D2B2DA707B681B685B681E4A934201D136
:206EA000F72200E077227B681B695A717B681B6900229A717B681B69B322DA713B6893F9C4
:206EC00011003B685B7B7A681946FFF7F7FD3B6893F90F003B685B7B7A681946FFF7EEFD24
:206EE0003B6893F910003B685B7B7A681946FFF7E5FD3B6893F90E003B685B7B7A681946CA
:206F0000FFF7DCFD7B681B699F221A7000BF0837BD4680BD40420F0080B588B000AF78602D
:206F2000614B1B6AFB60FB6803F00F23FB60FB681B0A03F00F03BB61FB681B0E7B617B68EE
:206F40001B691B7CDBB21946BA697B69D31A01FA03F39B08FB617B6893F82C30DBB283F07C
:206F60000103DBB2002B17D00AE07B681B695B78C3F3C013DBB2002B05D0FB69013BFB6138
:206F8000FB69002BF1D1FB69002B01D1082386E07B681B69B322DA717B68002283F828205F
:206FA0007B6800221A627B689A697B68DA617B6893F826207B6883F827207B68002283F873
:206FC0002B207B68002283F82D207B68002283F82E207B68002283F82F207B68002283F87C
:206FE00030207B681B685B6A3B613B691B78012B01D1052200E004223B695B785B00DBB2B9
:207000001343DAB23B695B791B01DBB21343D9B23B699B79DB01DAB27B681B690A43D2B234
:20702000DA707B681A69137943F0100313717B681A69137923F0080313717B681A691379C4
:2070400023F0100313717B681A693B69D979137961F3C71313717B681A69537943F0010383
:2070600053717B681B6893F90F301846FFF7FAFB7B681B69BF22DA717B6893F82C30DBB2E8
:2070800083F00103DBB2002B04D07B681B6902225A7003E07B68002283F82C200023184668
:2070A0002037BD4680BD00BF00E0014080B584B000AF78607B6893F82D30DBB283F001039A
:2070C000DBB2002B34D07B689B69022B05D87B681A69137943F0400313717B68DB69012BC4
:2070E00011D17B681A69137943F0100313717B681A69137943F0080313717B681A6913794C
:2071000023F0100313717B681B685B6ADB79002B03D005217868FFF70EFE7B681B69DB7C82
:20712000DBB2FB73FB7B7B68012283F82D2010E07B68DB69002B0CD07B681B685B6ADB7973
:20714000002B03D005217868FFF7F5FD786800F0A8F900BF1037BD4680BD80B584B000AF74
:207160007860C023FB607B6893F82730002B03D0786800F024FA63E07B6893F82930DBB2B1
:2071800083F00103DBB2002B5AD07B681B685B6ADB79002B10D07B6893F82B30DBB283F043
:2071A0000103DBB2002B07D07B681B6A002B03D005217868FFF7BFFD7B68DB69002B12D0EA
:2071C0007B685A697B681B6A1A447B681B6912789A747B681B6A5A1C7B681A627B68DB69E0
:2071E0005A1E7B68DA617B68DB69002B28D17B681A69D37923F08003D3710AE07B681B69D1
:20720000DB79C3F3C013DBB2002B05D0FB68013BFB60FB68002BF1D17B681B6893F9103088
:207220001846FFF797FB7B681B6893F910301846FFF736FB7B681A69D37943F04003D37145
:2072400000BF1037BD4680BD80B584B000AF7860C023FB607B681B685B6ADB79002B03D03D
:2072600005217868FFF767FD7B6893F82930DBB2002B0DD07B6893F82730012B08D17B68A5
:2072800093F83030DBB283F00103DBB2002B33D17B68DB69002B2FD17B6893F82A30DBB29C
:2072A000002B1BD07B681B6893F90F301846FFF7E1FB7B681A69D37943F08003D3717B68C8
:2072C0001B6904225A707B681A69537923F0010353717B68012283F82C200DE07B681B690C
:2072E0005B7ADAB27B681B6922F00802D2B25A727B681B6908225A707B681A69D37923F03A
:207300004003D3710AE07B681B69DB79C3F38013DBB2002B06D0FB68013BFB60FB68002BE2
:20732000F1D100BF00BF1037BD4680BD80B584B000AF78607B681B695B7ADBB203F01F03B8
:20734000BB737B681B695B7ADAB27B681B6922F01F02D2B25A72BB7B03F00303BA7B02F0F7
:207360001002002A09D07A6812695278C2F38012D2B2012A01D0012200E000221343002B64
:207380000CD07B68012283F82B2001217868FFF709FD01217868FFF7CEFC7EE0BB7B03F0FE
:2073A0001003002B30D07B681B695B78C3F38013DBB2012B28D17B68012283F82B207B68AB
:2073C0001B6908225A707B681B685B6A1A787B681B685B6A5B791B01DBB21343DAB27B680B
:2073E0001B685B6A9B79DB01DBB21343DAB27B681B6942F00202D2B2DA707B681A69537949
:2074000043F00103537148E0BB7B03F00803002B0AD17B6893F82C30DBB2002B2DD0BB7B5A
:2074200003F00403002B28D00123FB737B6893F82B30DBB283F00103DBB2002B0ED07B6857
:2074400093F82930DBB2002B01D0022300E00323FB737B681B69B322DA7108E0BB7B03F08E
:207460000803002B03D000217868FFF79BFCFB7B19467868FFF75FFC0FE0BB7B03F0040350
:20748000002B0AD07B681B685B6ADB79002B04D004217868FFF74FFCFFE700BF1037BD4634
:2074A00080BD80B582B000AF78607B68DB69032B06D17B681A69137943F0400313715CE04D
:2074C0007B68DB69022B12D17B681A69137943F0100313717B681A69137943F00803137105
:2074E0007B681A69137923F01003137145E07B68DB69012B41D17B6893F82A30DBB2002BE6
:207500002DD07B681B6893F90F301846FFF7B2FA7B681A69D37943F08003D3717B681A692B
:20752000137943F0100313717B681A69137923F0080313717B681A69137923F010031371C5
:207540007B681B6904225A707B681A69537923F0010353717B68012283F82C200DE07B682A
:207560001B695B7ADAB27B681B6922F00802D2B25A727B681B6908225A707B681A697B68AF
:2075800059697B681B6A0B44D27CD2B21A707B681B6A5A1C7B681A627B68DB695A1E7B6857
:2075A000DA617B68DB69002B05D17B681A69137923F04003137100BF0837BD4680BD80B42A
:2075C00085B000AF78607B6893F82630032B0DD17B6893F82830022B08D17B6893F8303085
:2075E000DBB283F00103DBB2002B18D17B6893F82430FB737B681B69FA7B9A747B6893F85E
:2076000028300133DAB27B6883F828207B6893F82730013BDAB27B6883F8272000BF00BFFC
:207620001437BD465DF8047B704780B582B000AFFFF754F903461846FFF78CF9FFF74EF9B9
:207640000346FB7197F907301846FFF771F938603868FFF72BFD00BF0837BD4680BD80B527
:2076600082B000AFFFF73AF903461846FFF772F9FFF734F90346FB7197F907301846FFF705
:2076800057F938603868FFF768FD00BF0837BD4680BD80B582B000AFFFF720F90346FB71EF
:2076A00097F907301846FFF743F938603868FFF7CBFDFFF713F903461846FFF74BF900BFDB
:2076C0000837BD4680BD80B582B000AFFFF706F90346FB7197F907301846FFF729F9386096
:2076E0003868FFF723FEFFF7F9F803461846FFF731F900BF0837BD4680BDFFFF80B483B082
:2077000000AF0346FB800A49FB881B0A9BB21A46FB88DBB21201134451F82330C3F340033F
:20772000DBB218460C37BD465DF8047B704700BF0008084080B485B000AF0023FB60EFF306
:2077400010837B607B68FB600123BB60BB6883F3108800BF0D4B1B68002B05D10C4B0022F9
:20776000DA700B4B4022DA70084B1B680133074A1360FB683B603B6883F3108800BF00BFC2
:207780001437BD465DF8047B704700BF90AD0020000D084080B485B000AF0023FB60EFF327
:2077A00010837B607B68FB600123BB60BB6883F3108800BF0F4B1B68002B04D00D4B1B6837
:2077C000013B0C4A13600B4B1B68002B05D10A4B0022DA70084B8022DA70FB683B603B6829
:2077E00083F3108800BF00BF1437BD465DF8047B704700BF90AD0020000D084080B584B04A
:2078000000AF786039607B68FB60FB68044A1A60386800F075F8002318461037BD4680BDDA
:2078200054524F5080B58AB000AFF8600B467A607B817B893B837B687B610123BB8307F18B
:2078400014033B6207F11C03184600F0C1F8FFF771FF7B897968184600F07EF8FFF79AFFB8
:20786000002318462837BD4680BD80B584B000AFF8600B467A607B817B891846FFF73EFFBC
:207880000346DAB27B681A70002318461037BD4680BD80B487B000AF78600B467B80134607
:2078A0007B700023FB820023BB827B8823F0FF037B827B88DBB23B823B8A012202FA03F3A1
:2078C000FB817B78002B02D1FB89BB8201E0FB89FB827B8A1B0A9BB2DBB25B0103F1804381
:2078E00003F50023BB60BB8A1A04FB8A1A43BB689A60002318461C37BD465DF8047B70478E
:2079000080B584B000AF7860786800F061F87B68BB60FFF70FFF0023FB8111E0BB685A68D7
:20792000FB89DB0013449888BB685A68FB89DB0013441B68194600F00FF8FB890133FB81C9
:20794000BB681B88FA899A42E8D3FFF723FF00BF1037BD4680BDFFFF80B483B000AF03468C
:207960003960FB803B6803F48033002B1CD01749FB881B0A9BB21A46FB88DBB212011A4459
:2079800051F8223023F4803341F822300F48FB881B0A9BB21946FB88DBB23A6822F48032D2
:2079A00009010B4440F823200849FB881B0A9BB21A46FB88DBB2120113443A6841F82320B5
:2079C00000BF0C37BD465DF8047B70470008084080B588B000AF7860594B7B61594B3B6113
:2079E0000023FB619FE00023BB6195E07B685A68FB69DB0013449A885349BB6931F813304C
:207A00009A4240F086807B685A68FB69DB0013441B6803F0F853FB60FB68B3F1807F03D024
:207A2000FB68B3F1106F39D17B6993F8BB34DAB20121BB6901FA03F3DBB21340DBB2002BFD
:207A400013D10120FBF70EFF7B6993F8BB34DAB20121BB6901FA03F3DBB21343DAB27B69AE
:207A600083F8BB240120FBF7ADFE3B69BA69203213F81230C3F3C013DBB2002B49D13A698A
:207A8000BB6903F1200112F8113043F0800302F811300121C820FBF713FD3AE07B6993F8DC
:207AA000BB34DAB20121BB6901FA03F3DBB21340DBB2002B15D00120FBF7D4FE7B6993F843
:207AC000BB34DAB20121BB6901FA03F3DBB2DB43DBB21340DAB27B6983F8BB240120FBF78C
:207AE00071FE3B69BA69203213F81230C3F3C013DBB2002B0DD03A69BB6903F1200112F8AD
:207B0000113023F0800302F811300121C820FBF7D7FCBB690133BB61BB69022B7FF666AF35
:207B2000FB690133FB617B681B881A46FB699342FFF459AF00BF00BF2037BD4680BD00BF63
:207B400000E00140003008408CC0020080B584B000AF786039607B68FB60FB683A685A60B8
:207B6000386800F029F8B860BB68002B01D0BB6803E0FB68034A1A60002318461037BD4622
:207B800080BD00BF4D504C5280B584B000AF78607B68FB6000F008FA0120FBF763FEF868BA
:207BA00000F040F9B8600120FBF70CFEBB6818461037BD4680BDFFFF80B586B000AF78606F
:207BC00000237B6100233B610023FB600120FBF749FE00F0E9F97B681B78002B00F0D1805B
:207BE0007B681B78042B6BD17B68D3E908237149D3B281F802347B68D3E908014FF0000203
:207C00004FF00003020A42EA01620B0A6949D3B281F803347B68D3E908014FF000024FF063
:207C20000003020C42EA01420B0C6249D3B281F804347B68D3E908014FF000024FF00003A1
:207C4000020E42EA01220B0E5A49D3B281F805347B68D3E90A235749D3B281F80A347B6847
:207C6000D3E90A014FF000024FF00003020A42EA01620B0A4F49D3B281F80B347B68D3E996
:207C80000A014FF000024FF00003020C42EA01420B0C4849D3B281F80C34FB6843F08003DA
:207CA000FB607B689B7F03F00303FA681343FB607B685B7F9B0103F04003FA681343FB60BE
:207CC0007B681B78032B3AD17B68D3E90423134301D101237B617B68D3E90423354913466A
:207CE000C1F898307B68D3E904014FF000024FF000030A0000232F491346C1F888307B688A
:207D00001B7F5B007A6913437B617B685B8B2A4AC3F3080399B2B2F8003261F30803A2F83B
:207D200000327B681A8B234BD2B283F894207B681B8B1B0A9AB21F4BD2B283F895204FF40D
:207D400080433B613B6943F400433B617B681B78002B7B681B78012B7B68D3E902231649A4
:207D60001346C1F8A0317B68D3E902014FF000024FF000030A0000230F491346C1F8A4318F
:207D800002E04FF480433B610A4B3A6992B29A81084B7A69D2B283F89220064BFA68D2B2EA
:207DA00083F800240120FBF70DFD002318461837BD4680BD00E001400060004080B483B0CF
:207DC00000AF78607B68002B01D005231CE0114B1B78DBB2012B01D0052315E00E4B1B7897
:207DE000DBB2012B01D005230EE00C4B1B78DBB2012B01D0052307E0094B1B78DBB2012BC0
:207E000001D0052300E0002318460C37BD465DF8047B704738E0014032E001402AE0014040
:207E20004AE0014080B588B000AF78600023FB615A4B3B610023BB6100237B61584BFB60E7
:207E4000584B9B89C3F3C033DBB2012B62D1554B93F82630DBB2BB603B691B78DBB203F0E6
:207E60000303FB614F4B93F8AA30C3F30003DBB2BB614C4B93F80034C3F3C013DBB2002BA8
:207E800013D1484B93F89230C3F30003DBB2012B07D1B868FFF792FF0346002B01D00523C0
:207EA00077E00020FBF7DEFC25E00020FBF7DAFC3C4A92F80E3423F0010382F80E34394BE9
:207EC00093F80634374B002283F80624354B93F80734344B002283F80724324B93F80834C3
:207EE000304B002283F808242E4B93F809342D4B002283F80924FB681B78DBB2DB0903F061
:207F000001037B61FB681B78DBB203F07F03DAB2FB681A707B685B681B78032B09D1214A64
:207F200092F8923043F0800382F892301D4B93F89230BFF34F8F00BF30BF1A4A92F8923060
:207F400023F0800382F89230164B9B89C3F3C033DBB2012B1CD100F027F8FB69DBB203F088
:207F60000303DAB23B691A70BB69DBB20D4A03F00103DBB282F8AA30FB681B78DAB27B69FB
:207F8000DBB21343DAB2FB681A700020FBF71AFC002318462037BD4680BD00BFA0E00140C5
:207FA00040E0014000E0014080B400AF064B93F8AA30C3F30013DBB2002BF7D100BF00BFDF
:207FC000BD465DF8047B704700E0014080B483B000AF0346FB7197F90730002B0DDB0A4AF9
:207FE00097F907305B0952F82320FB7903F01F0322FA03F303F0010300E0002318460C3793
:20800000BD465DF8047B704700E100E080B483B000AFEFF303837B607B683B603B88C3F3C1
:2080200008039BB2DBB2103BDBB25BB218460C37BD465DF8047B704780B483B000AF0346E8
:208040003960FB7197F9073004493A6841F8232000BF0C37BD465DF8047B704794AD0020F8
:2080600080B483B000AF0346FB7197F90730044A52F8233018460C37BD465DF8047B704754
:2080800094AD002080B483B000AF0346FB710B4997F9073003F1C00251F8223023F480337E
:2080A00041F82230054A97F90730C03352F8233000BF0C37BD465DF8047B7047006000405F
:2080C00080B584B000AF0346FB7197F907301846FFF7D8FFBFF35F8F00BF97F90730FB6060
:2080E000FB6803F01F02074997F907305B09012000FA02F2603341F8232000BF1037BD4667
:2081000080BD00BF00E100E080B584B000AF0346B9607A60FB73BB68DAB2094997F90F3010
:208120001201D2B20B4483F8002397F90F3079681846FFF781FF00BF1037BD4680BD00BF32
:2081400000E100E080B485B000AF0346FB7197F90730FB60FB6803F01F020749FB685B09E1
:20816000012000FA02F241F8232000BF1437BD465DF8047B704700BF00E100E080B582B0F5
:2081800000AF0346FB7197F907301846FFF798FF97F907301846FFF7D5FF00BF0837BD46D9
:2081A00080BDFFFF80B485B000AF0346FB7197F90730FB60FB6803F01F020B4997F9073003
:2081C0005B09012000FA02F2203341F82320BFF34F8F00BFBFF36F8F00BF00BF1437BD4692
:2081E0005DF8047B704700BF00E100E080B584B000AF786039607B68FB600023BB60FB680C
:208200003A685A603B685A69FB68DA603B689A69FB685A61FB6800221A61FB6800221A722A
:208220003968F86800F03EF93968F86800F0A4F9FB68034A1A60BB6818461037BD4680BD56
:208240004354520090B585B000AF786039600023FB607B68BB60002000F0E6F83B681B680B
:20826000DBB22C4C184600F08FFA0346A3703B685B68DBB2274C184600F086FA03462371B5
:208280003B689B68DBB2184600F07EFA03461A46204B02F03F02D2B29A713B689B69DBB2DB
:2082A0001C4C184600F070FA034623723B68DB68DBB2184C184600F067FA0346A3723B6839
:2082C0001B69DBB20133DBB2124C184600F05CFA034623733B685B69DBB2643BDBB218466D
:2082E00000F052FA03461A460A4BDA81BB685B681B78002B05D1BB685B689B68184600F038
:20830000ADF9012000F090F8FB6818461437BD4690BD00BF0030084080B586B000AF786099
:2083200039607B687B6100233B617B695B6893F911301846FFF74AFEF860FB68002B0AD155
:208340000221012000F04CF97B695B6893F911301846FFF713FF7B6900221A72314B9B78A9
:20836000DBB2184600F036FA03461A463B681A602C4B1B79DBB2184600F02CFA03461A4677
:208380003B685A60274B9B79DBB203F03F03DBB2184600F01FFA03461A463B689A60214B92
:2083A0001B7ADBB2184600F015FA03461A463B689A611C4B9B7ADBB2184600F00BFA034652
:2083C0001A463B68DA60174B1B7BDBB2184600F001FA03465A1E3B681A61124BDB899BB2A5
:2083E000DBB2184600F0F6F9034603F164023B685A617B691B7ADBB2002BACD1FB68002B76
:208400000AD10221002000F0EBF87B695B6893F911301846FFF7C6FE3B6918461837BD468B
:2084200080BD00BF0030084080B483B000AF0346FB710E4AFB7903F00103D9B292F82430D1
:2084400061F3000382F82430084B93F82430C3F30003DBB21A46FB799A42F5D100BF00BF8B
:208460000C37BD465DF8047B704700BF0030084080B400AF0A4A92F8243043F0020382F82D
:208480002430074B93F82430C3F34003DBB2002BF7D100BF00BFBD465DF8047B704700BF13
:2084A0000030084080B584B000AF786039607B685B68304A1B7882F828300121C820FAF73B
:2084C000FFFF0020FFF7B0FF7B685B681B78012B07D1284B00225A853B685A68254B92B20F
:2084E0009A85244B002283F82420224B93F82430C3F3C013DBB2002BF7D1FFF7B9FF1D4BA2
:20850000002283F822201B4B93F82230DBB2002BF9D1184A92F8243043F0400382F8243033
:20852000144B93F82430C3F38013DBB2012BF7D10023FB7316E00F49FB7B03F1200211F8BF
:20854000123023F0800301F812300A4AFB7B203312F81330C3F3C013DBB2002BF5D1FB7B21
:208560000133FB73FB7B002BE5D000BF00BF1037BD4680BD0030084080B582B000AF786098
:2085800039603B6893F90F30002B08DB3B6893F90F003B689B7B7A681946FFF7B5FD3B6843
:2085A00093F90D30002B08DB3B6893F90D003B681B7B7A681946FFF7A7FD3B6893F9113024
:2085C000002B08DB3B6893F911003B681B7C7A681946FFF799FD00BF0837BD4680BDFFFF0A
:2085E00080B483B000AF03460A46FB711346BB71FB79002B14D0184B93F82230DAB216492D
:20860000BB791343DBB281F82230134B93F82230DAB2BB791340DBB2BA799A42F5D114E0D4
:208620000D4B93F82230DAB2BB79DB43DBB20A491340DBB281F82230074B93F82230DAB2E1
:20864000BB791340DBB2002BF6D100BF0C37BD465DF8047B704700BF0030084080B485B0E4
:2086600000AF78600023FB737B681B78BB737B685B787B737B689B783B737B685B68BB6035
:20868000334B93F82430C3F30013DBB21A46BB7B93421ED02E4B002283F82E202C4B93F868
:2086A0002E30DBB2002BF9D1294ABB7B03F00103D9B292F8243061F3041382F82430244B29
:2086C00093F82430C3F30013DBB21A46BB7B9A42F5D1BB7B012B1ED11D4B93F82430C3F3DF
:2086E0004013DBB21A467B7B934214D0184A7B7B03F00103D9B292F8243061F3451382F8AD
:208700002430134B93F82430C3F34013DBB21A467B7B9A42F5D13B7B9B01DAB2BB68DBB2AC
:2087200003F03F03DBB21343FB73094AFB7B82F82E30074B93F82E30DBB2FA7B9A42F8D130
:2087400000BF00BF1437BD465DF8047B704700BF0030084080B582B000AFFFF757FC0346E3
:20876000FB7197F907301846FFF77AFC38603B6801221A7297F907301846FFF783FC00BFB9
:208780000837BD4680BDFFFF80B483B000AF0346FB71FB790E4AA2FB0323DB08DBB25BB285
:2087A0001B0158B2FA790A4BA3FB0213D9080B469B000B445B00D31ADBB25BB203435BB2C7
:2087C000DBB218460C37BD465DF8047B704700BFCDCCCCCC80B483B000AF0346FB71FB79AE
:2087E0001B09DBB21A46920013445B00DAB2FB7903F00F03DBB21344DBB218460C37BD460A
:208800005DF8047B704780B483B000AFEFF303837B607B683B603B88C3F308039BB2DBB298
:20882000103BDBB25BB218460C37BD465DF8047B7047FFFF80B483B000AF03463960FB71C2
:2088400097F9073004493A6841F8232000BF0C37BD465DF8047B704794AD002080B483B08E
:2088600000AF0346FB7197F90730044A52F8233018460C37BD465DF8047B704794AD002052
:2088800080B483B000AF0346FB710B4997F9073003F1C00251F8223023F4803341F822304C
:2088A000054A97F90730C03352F8233000BF0C37BD465DF8047B70470060004080B584B079
:2088C00000AF0346FB7197F907301846FFF7D8FFBFF35F8F00BF97F90730FB60FB6803F06B
:2088E0001F02074997F907305B09012000FA02F2603341F8232000BF1037BD4680BD00BFB9
:2089000000E100E080B584B000AF0346B9607A60FB73BB68DAB2094997F90F301201D2B26D
:208920000B4483F8002397F90F3079681846FFF781FF00BF1037BD4680BD00BF00E100E000
:2089400080B485B000AF0346FB7197F90730FB60FB6803F01F020749FB685B09012000FA7F
:2089600002F241F8232000BF1437BD465DF8047B704700BF00E100E080B582B000AF034610
:20898000FB7197F907301846FFF798FF97F907301846FFF7D5FF00BF0837BD4680BDFFFF8E
:2089A00080B485B000AF0346FB7197F90730FB60FB6803F01F020B4997F907305B090120B1
:2089C00000FA02F2203341F82320BFF34F8F00BFBFF36F8F00BF00BF1437BD465DF8047B3B
:2089E000704700BF00E100E080B58AB000AF786039607B687B623B681B781A460123934064
:208A000003F00603002B0AD03B68DB695B681B7803F00803DBB2002B01D00323CAE03B681E
:208A20001B7803F5800303F58C531B021A467B6A1A627B6A00221A707B6A3A68DA613B687D
:208A40005A697B6A5A623B689A697B6ADA627B6A00229A627A6A9378012161F3010393707C
:208A60003B685B78002B05D17A6A9378022161F3010393703968786A00F0C1F9786A00F013
:208A800006F900233B62EFF31083FB60FB683B6201233B613B6983F3108800BF474B5A68C2
:208AA0003B681B7819464FF00043CB40DB43434913404B60414B5B683B6A7B617B6983F3C2
:208AC000108800BF7B6A1B6A00229A707B6A1B6A00221A717B6A1B6A00225A727B6A1B6AD0
:208AE00000229A727B6A1B6A0022DA727B6A1B6A00225A833B681B781A46012303FA02F25C
:208B000040F219231340002B03D07B6A1B6A4022DA747B6A1B6A06221A773968786A00F0E6
:208B2000C0F87B6A0022DA607B6A00221A617B6A00225A617B6A00229A613B68DB69FB61B3
:208B4000FB691B7803F00303BB61BB6943F01003BB617B6ADB6993F905301846FFF70CFF3A
:208B60007B6ADB6993F90B301846FFF705FFBB6943F04003BB617B6ADB6993F907301846AD
:208B8000FFF7FAFE7B6ADB6993F909301846FFF7F3FEBB6943F02003BB617B6A1B6ABA6991
:208BA000D2B29A70FB695A897B6A1A817B6A044A5A60002318462837BD4680BD00400840CB
:208BC0005549435380B487B000AFF860B9607A60FB687B6100233B617B69BA685A617B6959
:208BE0007A689A613B6918461C37BD465DF8047B704780B487B000AFF860B9607A60FB68ED
:208C00007B617B691B6A9B78DAB27B691B6A02F07B02D2B29A707B699B78C3F30103DBB2CC
:208C20001A467B689A1A7B691A617B699B78C3F30103DBB21A46BB681A447B69DA607B69BD
:208C40001B6A9B78DAB27B691B6A62F07F02D2B29A707B699B7803F00303DBB2022B0AD1A1
:208C6000BB681B887A69126A6FEAC3536FEAD3539BB2D38104E07B691B6ABA681278DA70FD
:208C8000002318461C37BD465DF8047B704780B483B000AF786000BF0C37BD465DF8047BAB
:208CA000704780B586B000AF786039603B681B781A46012303FA02F240F219231340002BDB
:208CC00004D07B681B6A4FF478429A823B689B781A013B68DB78DB0013437B61F2233B61BA
:208CE0003B685B78032B04D17B6943F040037B6107E03B685B78002B03D13B6923F010039F
:208D00003B617B681B6A7A69D2B21A707B681B6A3A69D2B29A713B68DB69BB60BB681B7B09
:208D2000082B04D17B681B6A0A225A7309E0BB681B7B5B00DAB27B681B6A02F00202D2B25F
:208D40005A730023FB60BB685B78DB01DBB2FA681343FB60BB689B785B0103F02003FA684C
:208D60001343FB607B681B6A00221A72BB681B78022B03D0BB681B78032B11D17B681B6A48
:208D8000FF225A70BB681B78022B03D1FB6843F01003FB607B681B6AFA68D2B2DA710DE0A7
:208DA0007B681B6AFA68D2B2DA717B681A6ABB685B681946104600F04FF800BF00BF183714
:208DC000BD4680BD80B582B000AF78600B46FB701346BB7097F902301846FFF7E1FD97F9A1
:208DE00002301846FFF74CFDF97897F902307A681846FFF787FD00BF0837BD4680BD80B544
:208E000082B000AF786039603B68997A3B6893F90B301A467868FFF7D5FF3B6819793B68FE
:208E200093F905301A467868FFF7CCFF3B6899793B6893F907301A467868FFF7C3FF3B68BA
:208E4000197A3B6893F909301A467868FFF7BAFF00BF0837BD4680BD80B483B000AF7860FC
:208E600039603B689A787B685A703B685B78C3F30103D9B27A68137861F3010313703B6851
:208E8000DA787B689A747B68DB79DBB223F05C03DAB23B681B7803F05C03DBB21343DAB2D6
:208EA0007B68DA7100BF0C37BD465DF8047B704790B58BB000AFF860B9601346FB71FB682C
:208EC0009B6A7B627B6A002B03D107F114037B6205E07B6A07F114040FCB84E80F00FB684E
:208EE000DB691B781A467B6A1A607B6ABA689A607B6AFA791A71FB68DA6A7B6ADA60FB68CF
:208F00005B6A786A9847FB689B6A002B07D0FB689B6A1C4607F114030FCB84E80F0000BF74
:208F20002C37BD4690BD80B584B000AFFFF76BFC0346FB7397F90F301846FFF7A1FC97F902
:208F40000F301846FFF78AFCB860BB68DB691B69002B30D1BB681B69002B2CD0BB689B78C5
:208F600003F00303DBB2022B0BD1BB68DB681B88BA68126A6FEAC3536FEAD3539BB2D3812C
:208F800005E0BB68DA68BB681B6A1278DA70BB681B69BA689278C2F30102D2B29A1ABB6825
:208FA0001A61BB68DB68BA689278C2F30102D2B21A44BB68DA60BB681B69002B1BD1BB68CC
:208FC0001B6A9B78FB71FB7943F00403FB71FB7903F07F03FB71BB681B6AFA799A70BB68D6
:208FE0000022DA60BB685B6A002B04D080220021B868FFF75DFF00BF1037BD4680BD80B57E
:2090000084B000AFFFF7FFFB0346FB7397F90F301846FFF735FC97F90F301846FFF71EFC35
:20902000B860BB689B7803F00303DBB2022B07D1BB681B6A1B8A9BB2C3F308037B6004E03D
:20904000BB681B6A5B79DBB27B60BB689B69002B0AD1BB685B6A002B33D07B680422194681
:20906000B868FFF725FF2CE0BB685869BB689B78C3F30103DBB21A463B1D194611F04EFBE8
:20908000BB685B69BA689278C2F30102D2B21A44BB685A61BB689B69BA689278C2F301023A
:2090A000D2B29A1ABB689A61BB689B69002B08D1BB685B6A002B04D001220021B868FFF7EE
:2090C000F7FE00BF1037BD4680BD80B582B000AFFFF799FB0346FB7197F907301846FFF7E5
:2090E000BDFB38603B681B6A9B78DAB23B681B6A02F07B02D2B29A703868FFF7C8FD3B6836
:209100005B6A002B04D0022200213868FFF7D0FE97F907301846FFF7B3FB00BF0837BD4618
:2091200080BD80B584B000AFFFF76DFB0346BB7297F90A301846FFF791FB78600023FB6006
:209140007B689B7803F00303DBB2022B07D17B681B6A1B8A9BB2C3F30803FB6004E07B6851
:209160001B6A5B79DBB2FB607B681B6A1B79DBB203F03803FB72FB7A03F01003002B0BD009
:209180007B681B6A1B7FC3F30003DBB2002B03D1FB7A43F04003FB727B681B6A1B79DAB2A8
:2091A0007B681B6A22F03802D2B21A717868FFF76EFD7B685B6A002B05D0FB7A1A46F968CD
:2091C0007868FFF775FE97F90A301846FFF758FB00BF1037BD4680BD80B483B000AFEFF397
:2091E00003837B607B683B603B88C3F308039BB2DBB2103BDBB25BB218460C37BD465DF854
:20920000047B704780B483B000AF03463960FB7197F9073004493A6841F8232000BF0C3780
:20922000BD465DF8047B704794AD002080B483B000AF0346FB7197F90730044A52F82330C2
:2092400018460C37BD465DF8047B704794AD002080B483B000AF0346FB710B4997F9073098
:2092600003F1C00251F8223023F4803341F82230054A97F90730C03352F8233000BF0C37A0
:20928000BD465DF8047B70470060004080B584B000AF0346FB7197F907301846FFF7D8FFE1
:2092A000BFF35F8F00BF97F90730FB60FB6803F01F02074997F907305B09012000FA02F22C
:2092C000603341F8232000BF1037BD4680BD00BF00E100E080B584B000AF0346B9607A6065
:2092E000FB73BB68DAB2094997F90F301201D2B20B4483F8002397F90F3079681846FFF7A8
:2093000081FF00BF1037BD4680BD00BF00E100E080B485B000AF0346FB7197F90730FB6018
:20932000FB6803F01F020749FB685B09012000FA02F241F8232000BF1437BD465DF8047B33
:20934000704700BF00E100E080B582B000AF0346FB7197F907301846FFF798FF97F9073092
:209360001846FFF7D5FF00BF0837BD4680BDFFFF80B485B000AF0346FB7197F90730FB609A
:20938000FB6803F01F020B4997F907305B09012000FA02F2203341F82320BFF34F8F00BFAA
:2093A000BFF36F8F00BF00BF1437BD465DF8047B704700BF00E100E080B584B000AF0346C5
:2093C000B9607A60FB7397F90F307A68B9681846FFF780FF97F90F301846FFF7B5FF00BFF1
:2093E0001037BD4680BDFFFF80B584B000AF786039600023FB607B68BB60386800F06CF8EF
:20940000F860FB68002B01D0FB6822E0BB683A685A603B689A69BB685A623B68DA69BB6823
:20942000DA62BB6800229A62BB685B681B7803F5800303F58D531B021A46BB689A60B86829
:2094400000F0A6F8B86800F0F1F9BB68034A1A60FB6818461037BD4680BD00BF4950535255
:2094600080B586B002AFF860B9607A60FB70FB7800937B68BA680021F86800F07BFA0346E0
:2094800018461037BD4680BD80B586B002AFF860B9607A60FB70FB7800937B680022B968E9
:2094A000F86800F067FA034618461037BD4680BD80B586B002AFF860B9607A603B603B7E12
:2094C00000933B687A68B968F86800F053FA034618461037BD4680BD80B586B000AF786096
:2094E00000237B617B681B693B617B681B7803F5800303F58D531B020433FB603B69002B23
:2095000019D03B695B681B684FF000621A603B695B681B68FA689A603B699B681B683A694A
:2095200010683A6952681146984778617B69002B01D07B6928E07B685B69BB60BB68002B6B
:2095400021D0BB685B681B684FF400221A60BB685B681B68FA685A60BB689B681B68BA6882
:209560001068BA6852681146984778617B69002B09D03B69002B06D03B699B681B6A3A692C
:209580001268104698477B6918461837BD4680BD80B491B000AF78600023FB6300233B620E
:2095A0000023BB6300237B6300233B630023FB620023BB6200237B620023FB61FB6B43F0D0
:2095C0008003FB63FB6B43F02003FB63FB6B43F01003FB637B685B685B7A002B01D10823E3
:2095E00000E00023FA6B1343FB637B685B685B7A002B01D1102300E000237A6B13437B6388
:209600007B685B689B7A1A467B6A13437B627B685B68DB7A5B007A6A13437B627B685B6804
:209620005B7B1B037A6A13437B627B685B681B69002B03D0FB6B43F02003FB637B685B6837
:209640001B6ABB61BB691B78002B14D17B685B681B78002B0AD17B685B685B7A002B01D1EB
:20966000802300E000237A6A13437B62FB6B23F00103FB6303E0FB6B43F00103FB63BB6950
:209680005B78DB01DB431A46FB6B1340FB63BB695B785A00BB695B785B0113431A46FB6BC6
:2096A0001343FB633B6A23F00F033B62BB699B781A46BB69DB7802FA03F33A6A13433B62F8
:2096C0007B6A23F070037B62BB69DB781B017A6A13437B62BB691B79002B0BD0BB6B43F081
:2096E0002003BB63BB691B79022B03D1BB6B43F01003BB63BB695B79002B0BD07B6B43F0CF
:2097000001037B63BB695B79012B03D17B6B43F002037B63BB699B791A46FB691343FB61C5
:20972000BB691B7AC3F30103DBB29B007A6A13437B627B685B685B7A002B0CD17B6A43F4D8
:2097400060437B62BB695B7A3B63BB699B7AFB62BB69DB7ABB6200237B61EFF310833B61B6
:209760003B697B610123FB60FB6883F3108800BF2D4B5A687B685B681B78C3F1130301215B
:2097800001FA03F3DB43284913404B60264B5B687B69BB60BB6883F3108800BF7B689B6842
:2097A000DB787B689B680022DA707B689B68FA6BD2B21A707B689B683A6AD2B25A707B68F0
:2097C0009B68BA6BD2B29A707B689B68BA69D2799A727B689B683A6BD2B21A737B689B68F1
:2097E000FA6AD2B25A737B689B68BA6AD2B29A737B689B687A6BD2B2DA737B689B687A6AB3
:2098000092B21A827B689B68FA69D2B283F820207B689B68102283F8212000BF4437BD46CF
:209820005DF8047B704700BF0040084080B582B000AF78607B685B6893F90230002B0ADBF4
:209840007B685B6893F902007B685B689B797A681946FFF7B1FD7B685B6893F90130002BA7
:209860000ADB7B685B6893F901007B685B685B797A681946FFF7A0FD7B685B6893F904004C
:209880007B685B681B7A7A681946FFF795FD7B685B6893F903007B685B68DB797A68194654
:2098A000FFF718FD00BF0837BD4680BD80B487B000AF78607B689B68DB7ADBB27B617B68E6
:2098C0009B681B8A9BB2FB607B6893F820300F2B08D97B6923F040037B617B6943F020030F
:2098E0007B610DE07B6893F82030072B04D87B6943F040037B6103E07B6923F060037B6184
:209900007B6893F820303B613B690F2B04D93B6901339B08053B3B61FB6823F47063FB6033
:209920003B691B02FA681343FB607B689B687A69D2B2DA727B689B68FA6892B21A8200BFD3
:209940001C37BD465DF8047B704780B483B000AF78607B689B681B78DAB27B689B6842F01B
:209960006002D2B21A7000BF0C37BD465DF8047B7047FFFF80B588B000AFF860B9607A6082
:209980003B60FB68FB61FB699B681B78DBB203F04003002B01D0082306E1FB69BA68DA60E2
:2099A000FB697A681A61FB6900225A61FB6900229A61FB693A68DA61FB6997F8282083F82D
:2099C0002020FB695B685B69002B6DD0FB693A689A61FB6993F820300F2B0AD9FB695B6870
:2099E0005B695B681A68D378022161F30513D37018E0FB6993F82030072B09D8FB695B68D0
:209A00005B695B681A68D37823F03003D37009E0FB695B685B695B681A68D378012161F38F
:209A20000513D370FB695B685B695B681A689378022161F383039370FB695B685B695B68E2
:209A40001B683A6892B2DA81FB695B685B695B681B687A689A607B68002B0FD1FB695B6820
:209A60005B695B681A68937823F00C039370FB695B685B695B681B684D4A9A60FB695B68C4
:209A80005B699B685B68FA69526852691068FA69526852695268126811469847B861BB696D
:209AA000002B01D0BB697FE0FB695B681B69002B73D0FB693A685A61FB6993F820300F2BD4
:209AC0000AD9FB695B681B695B681A68D378022161F30513D37018E0FB6993F82030072B2D
:209AE00009D8FB695B681B695B681A68D37823F03003D37009E0FB695B681B695B681A68E8
:209B0000D378012161F30513D370FB695B681B695B681A68D378022161F38303D370FB694A
:209B20005B681B695B681B683A6892B2DA81FB695B681B695B681B68BA685A60BB68002B3C
:209B40000FD1FB695B681B695B681A68D37823F00C03D370FB695B681B695B681B68154A35
:209B60005A60FB699A68137823F020031370FB695B681B699B685B68FA6952681269106800
:209B8000FA6952681269526812681146984778617B69002B01D07B6906E0F869FFF786FE65
:209BA000F869FFF7D2FE002318462037BD4680BD24AF002028AF002080B485B000AF78608C
:209BC0007B689B69FB607B68DB69FA689A4234D07B681B69002B03D17B689B685B6827E0C4
:209BE0007B6893F820300F2B09D97B689A687B681969FB689B000B4452681A6018E07B68E5
:209C000093F82030072B09D87B689A687B681969FB680B441279D2B21A7009E07B689A68F3
:209C20007B681969FB685B000B44928892B21A80FB685A1C7B689A6100E000BF1437BD4616
:209C40005DF8047B704780B485B000AF78607B685B69FB607B68DB69FA689A4233D07B683C
:209C6000DB68002B04D17B689B6800225A6025E07B6893F820300F2B09D97B68DA68FB6878
:209C80009B001A447B689B6812685A6016E07B6893F82030072B08D87B68DA68FB681A4405
:209CA0007B689B6812781A7108E07B68DA68FB685B001A447B689B6812889A80FB685A1C0D
:209CC0007B685A6100E000BF1437BD465DF8047B704790B587B000AF78600B46FB707B68CC
:209CE0009B6A7B617B69002B03D107F108037B6105E07A6907F1080307CA83E807007B68D0
:209D00005B681B781A467B691A607B69FA781A717B68DA6A7B699A607B685B6A78699847E1
:209D20007B689B6A002B08D07B689B6A1C4607F1080393E8070084E8070000BF1C37BD46E1
:209D400090BD80B582B000AFFFF746FA0346FB7197F907301846FFF77BFA97F90730184600
:209D6000FFF764FA38603868FFF726FF3B689A693B68DB699A4206D13B685B6893F90330D7
:209D80001846FFF7C5FA00BF0837BD4680BD80B584B000AFFFF720FA0346FB7397F90F30C4
:209DA0001846FFF755FA97F90F301846FFF73EFAB860BB685B681B6A7B607B68002B1ED04B
:209DC0007B685B78012B1AD1BB685A69BB68DB69013B9A4207D1BB685B6893F90330184676
:209DE000FFF7B2FA0BE0BB685B681B69002B06D0BB685B6893F903301846FFF789FAB868CF
:209E0000FFF721FF00BF1037BD4680BD80B582B000AFFFF7E1F90346FB7197F90730184626
:209E2000FFF716FA97F907301846FFF7FFF938603B689B68DB78C3F34003DBB2002B04D0F3
:209E40003B685B685B7A012B28D197F907301846FFF78EFA3B685B6893F90230002B06DBCF
:209E60003B685B6893F902301846FFF781FA3B689A68137823F0400313703B685B6893F9F4
:209E80000230002B06DB3B685B6893F902301846FFF75AFA01213868FFF71BFF00BF0837E8
:209EA000BD4680BD80B584B000AFFFF795F90346FB7397F90F301846FFF7B8F9B860BB6800
:209EC0005B6893F90230002B06DBBB685B6893F902301846FFF74CFABB689A68137823F0F4
:209EE00040031370BB685B6893F90230002B06DBBB685B6893F902301846FFF725FABB68B2
:209F00009B68DB78FB71BB689B680022DA70FB7903F00803DBB2002B03D00521B868FFF7B4
:209F2000D8FEFB7903F00103DBB2002B03D00421B868FFF7CEFEFB7903F00403DBB2002B28
:209F400009D0FB7903F01003DBB2002B03D00821B868FFF7BEFE97F90F301846FFF778F994
:209F600000BF1037BD4680BD80B586B000AF786039607B687B613968786900F070F83861DE
:209F80003B69002B01D03B6932E03B681B791A4ADB01DBB293713B681B781A46174B9B5C74
:209FA00003F00303FB603B685B781B01DBB2FA681343FB603B689B781B0303F44053FA685B
:209FC0001343FB603B68DB781B0203F44073FA681343FB60084BFA6892B25A803B685B79B6
:209FE000054ADB01DBB213727B69054A1A60002318461837BD4680BD0034084094C0020095
:20A000005444570080B483B000AF7860064B00221A70054BFF221A70002318460C37BD46A4
:20A020005DF8047B704700BF0034084080B483B000AF78603960062318460C37BD465DF8B1
:20A04000047B704780B483B000AF78600B46FB70062318460C37BD465DF8047B704780B494
:20A0600083B000AF78603960002318460C37BD465DF8047B7047FFFF80B400AF044BDB68C8
:20A080001B0A03F007031846BD465DF8047B704700ED00E080B483B000AF03463960FB7181
:20A0A00097F90730002B0ADB3B68DAB20C4997F907301201D2B20B4483F800230AE03B686D
:20A0C000DAB20849FB7903F00F03043B1201D2B20B441A7600BF0C37BD465DF8047B7047E5
:20A0E00000E100E000ED00E080B483B000AF0346FB7197F90730002B09DB0D4A97F9073013
:20A10000134493F80033DBB21B09DBB209E0094AFB7903F00F03043B13441B7EDBB21B0957
:20A12000DBB218460C37BD465DF8047B704700BF00E100E000ED00E080B582B000AF786028
:20A140007B68013BB3F1807F01D301230FE00A4A7B68013B53600F214FF0FF30FFF79AFF03
:20A16000054B00229A60044B07221A60002318460837BD4680BD00BF10E000E080B483B08B
:20A1800000AFEFF303837B607B683B603B88C3F308039BB2DBB2103BDBB25BB218460C376B
:20A1A000BD465DF8047B70471EF0040F0CBFEFF30880EFF309800149084700BF9DA20100B8
:20A1C00080B400AF62B600BFBFF36F8F00BFEFF3148C2CF0040C8CF31488BFF36F8F02DFFC
:20A1E00000BEFDE7104B1968EFF309821EF0100F08BF22ED108A22E9F04FEFF30B8342F8E3
:20A20000043D0A604FF0100080F31188BFF34F8FBFF36F8FF7F7BAFE4FF0000080F3118807
:20A2200000F004B800BF00004CAB0020084801680A6802CA81F30B88B2E8F04F1EF0100F98
:20A2400008BFB2EC108A82F30988704700BF00004CAB002080B584B000AFEFF311837B6003
:20A260007B68FB601023BB60BB6883F3118800BFF7F770FD0346002B03D0074B4FF080525C
:20A280005A60FB683B603B6883F3118800BF00BF1037BD4680BD00BF00ED00E080B584B05A
:20A2A00000AF78607B689B69FB60FB68023B1B78FB72FB7A022B03D1FFF7B8FF00BF09E06A
:20A2C000FB7A032B06D9054B054A4FF47E710548F9F7ECF800BF1037BD4680BD9CC0020066
:20A2E00000C20200B0C0020080B485B000AFF860B9607A603B60FB68043BFB60FB684FF08B
:20A3000080721A60FB68043BFB607B6823F00102FB681A60FB68043BFB60114AFB681A60C9
:20A32000FB68143BFB603A68FB681A60FB68043BFB60FB686FF002021A60FB68203BFB603B
:20A34000FB68043BFB60BB6803F12802FB681A60FB6818461437BD465DF8047B704700BF89
:20A3600065A3010080B400AF00BE00BFFDE7FFFF80B500AFFF216FF00100FFF78BFE00F0BF
:20A3800073F8064B5B68054A43F040435360FFF717FFF7F7FBFD0023184680BD30EF00E0D7
:20A3A00080B584B000AFEFF311837B607B68FB601023BB60BB6883F3118800BF0E4B1B68DB
:20A3C00001330D4A13600C4B1B68012B0FD10B4AFB6813600A4B5B68C3F30803002B06D094
:20A3E000084B094A40F2A4410848F9F75FF800BF1037BD4680BD00BF2CAF002030AF00200A
:20A4000000ED00E040C1020014C20200B0C0020080B582B000AF0F4B1B68002B06D10E4BD4
:20A420000E4A40F2AD410E48F9F740F8094B1B68013B084A1360074B1B68002B06D1094B23
:20A440001B687B607B6883F3118800BF00BF0837BD4680BD2CAF002088C1020028C202007D
:20A46000B0C0020030AF002080B500AF054B1B68054AA2FB03239B091846FFF75DFE00BF90
:20A4800080BD00BF54AD0020D34D621080B582B000AFFFF773FE0346FB7197F90730002BE9
:20A4A0000FDB97F907301846FFF71EFE38603B68002B06D10B4B0C4A40F20F610B48F8F7AE
:20A4C000F5FFFFF7D9FD0346032B06D9084B064A40F221610548F8F7E9FF00BF0837BD46EA
:20A4E00080BD00BF9CC102003CC20200B0C00200D4C1020080B500AF0FF0A8FC00231846F0
:20A5000080BDFFFF80B400AFBFF34F8F00BF064BDB6803F4E0620449044B1343CB60BFF332
:20A520004F8F00BF00BFFDE700ED00E00400FA0580B485B000AF786039600023FB600023E1
:20A54000FB72FB68DB43FB601FE07B685A1C7A601B781A46FB685340FB600823FB7209E0BB
:20A56000FB685A08FB6803F0010359420C4B0B405340FB60FB7A013BDBB2FB7297F90B301B
:20A58000002BEDDA3B68013B3B603B68002BDCD1FB68DB4318461437BD465DF8047B70471C
:20A5A0002083B8ED80B582B000AF7860084611461A460346FB700B46BB7013467B70114A91
:20A5C000FB7813730F4ABB7853730E4A7B6813600C4B02229A710C4B1B78012B03D10948C1
:20A5E00004F00AFC0AE0FB78082B02D1054804F003FC7B78034918460EF006FB00BF083724
:20A60000BD4680BD14B100204CB9002080B582B000AF78607B681B6840F2FB72934232D026
:20A6200040F2FB72934200F2818040F2FA7293420CD040F2FA72934278D840F266629342D2
:20A6400025D040F2C172934229D06FE07B681B7B002B02D100F076F86AE07B681B7B012BBF
:20A6600003D1786800F0A6F862E07B681B7B032B02D100F063FA5BE07B681B7B042B57D184
:20A6800000F042FB54E0786800F0A2F953E002F0DBF90A20F7F762F902F0FAF94BE07B688F
:20A6A0001B7B002B03D0012000F0F8FB17E07B681B7B002B13D1022000F0F0FB204B40F2E9
:20A6C000C2721A601E4B02229A711D4B00221A731B4BAA225A731A4918200EF095FA7B6813
:20A6E0001B7B042B26D17B685B7BAA2B22D1144B40F2C2721A60124B02229A71104B0422D1
:20A700001A730F4BAA225A73012000F0C7FB0C4918200EF079FA04F079FC4FF47A713220FF
:20A72000F8F7CEFE064804F067FB03E000BF02E000BF00E000BF00BF0837BD4680BD00BFDB
:20A7400080B9002080B500AF144B40F2FC721A60124B05229A71114B00221A73104BAA2282
:20A760001A700F4B79225A8004220D490D480EF0DDFE0D4B1B78012B03D1084804F03CFB70
:20A7800003E0064918200EF03FFA084B00221A70074B01221A7000BF80BD00BF80B9002006
:20A7A00050B900208DB900204CB9002028B1002096B9002080B582B000AF78607B685A7BD7
:20A7C0007C4B9A7414227C49002007F01DFE0346002B40F0E380784B1B78002B48D1774B14
:20A7E0004FF401221A60764B4FF401221A60754B4FF441221A607B689B7B1A467B68DB7B66
:20A800001B021A447B681B7C1B041A447B685B7C1B0613441A46674BC3F80A20674B1B6868
:20A82000684A12681146184607F04EFE0346002B16D1654B00221A60644B00221A605D4B5A
:20A8400001221A705B4B00225A705A4BAA22DA741823AA22012140F2FC70FFF7A3FEA4E018
:20A860001823FF22012140F2FC70FFF79BFE9CE0514B5B78002B48D1504B4FF480521A60D4
:20A880004F4B4FF480521A604E4B4FF480221A607B689B7B1A467B68DB7B1B021A447B68A7
:20A8A0001B7C1B041A447B685B7C1B0613441A46404BC3F80220414B1B68424A126811461E
:20A8C000184607F001FE0346002B16D13E4B00221A603E4B00221A60364B00221A70354BD2
:20A8E00001225A70334BAA22DA741823AA22012140F2FC70FFF756FE57E01823FF2201210D
:20A9000040F2FC70FFF74EFE4FE02C4B4FF480521A602B4B4FF480521A602A4B4FF48022C3
:20A920001A607B689B7B1A467B68DB7B1B021A447B681B7C1B041A447B685B7C1B06134467
:20A940001A461C4BC3F802201C4B1B681D4A12681146184607F0B8FD0346002B16D11A4B67
:20A9600000221A60194B00221A60124B00221A70104B01225A700F4BAA22DA741823AA226F
:20A98000012140F2FC70FFF70DFE0EE01823FF22012140F2FC70FFF705FE06E01823FF22B1
:20A9A000012140F2FC70FFF7FDFD00BF0837BD4680BD00BF54B9002068B90020AC080020A8
:20A9C000B0080020B408002040B1002044B1002080B582B000AF78604F4B1B684F4A981849
:20A9E0007B6803F10C017B689B791A460EF09EFD7B689B791A46484B1B681344464A1360BC
:20AA00007B689B791A46464B1B681344444A1360414B1B68B3F5806F7AD3424B1B684FF42D
:20AA200080623E49184607F0B3FC0346002B68D13D4B1B684FF480623C49184607F0E4FC12
:20AA40000346002B55D14FF48062344937480EF08CFD0346002B44D1354B40F2FC721A6091
:20AA6000334B05229A712C4B00221A60304B02221A734FF480612D48FFF75AFD03462D4A41
:20AA800013602C4B1B681B0EDAB2294B1A74294B1B681B0CDAB2264BDA73264B1B681B0A11
:20AAA000DAB2234B9A73234B1B68DAB2204B5A73214B1B78012B03D11D4804F09DF903E009
:20AAC0001B4918200EF0A0F8164B1B6803F58063144A1360144B1B6803F58063124A136028
:20AAE00016E01823FF22022140F2FC70FFF75AFD0EE01823FF22022140F2FC70FFF752FDA6
:20AB000006E01823FF22022140F2FC70FFF74AFD00BF0837BD4680BD40B100204CB1002089
:20AB200044B10020AC080020B00800204CB5002080B9002048B100204CB9002080B582B035
:20AB400000AF664A664B1A60664B1B68002B20D1654BD3F80220654B1B689A4206D0624BEC
:20AB6000D3F80A20614B1B689A4207D11823AA22032140F2FC70FFF715FDABE01823FF2245
:20AB8000032140F2FC70FFF70DFD584B00221A60A0E0574B1B68534A12685049184607F00A
:20ABA000F7FB0346002B40F08D80524B1B684D4A12685149184607F027FC0346002B79D1F1
:20ABC000484B1B681A4645494B480EF0CEFC0346002B7FD1494B40F2FC721A60474B0522EB
:20ABE0009A71404B1B6819464348FFF7A1FC0346434A1360424B1B681B0EDAB23F4B1A7499
:20AC00003F4B1B681B0CDAB23C4BDA733C4B1B681B0ADAB2394B9A73394B1B68DAB2374B3F
:20AC20005A73384B1B78012B03D1344804F0E4F803E0324918200DF0E7FF2D4B1A68294BFE
:20AC40001B6813442A4A13602A4B1A68254B1B681344284A136000237B6002E07B68013316
:20AC60007B607B684CF24F329342F7D91E4BD3F802201E4B1B689A4206D01B4BD3F80A2063
:20AC80001A4B1B689A420AD1164B00221A601823AA22032140F2FC70FFF784FC1AE01823A4
:20ACA000FF22032140F2FC70FFF77CFC0F4B00221A600FE01823FF22032140F2FC70FFF74A
:20ACC00071FC07E01823FF22032140F2FC70FFF769FCFFE700BF0837BD4680BD4CB1002066
:20ACE0007CB9002040B1002054B9002044B10020AC080020B00800204CB5002080B9002086
:20AD000048B100204CB9002080B588B000AF3A4B1B78012B0CD1394BD3F80230364AC2F8FD
:20AD20000230364BD3F80630334AC2F806300FE0314B5B78012B0BD1304BD3F80A302E4AB4
:20AD4000C2F80A302D4BD3F80E302B4AC2F80E304FF48051002007F0B7FB0346002B3FD1B0
:20AD60003B461422244918460EF0E0FB1422224923480EF0DBFB3B46224A13603B46142281
:20AD80001946002007F004FB0346002B20D114221A49002007F038FB0346002B10D114226B
:20ADA000164915480EF0E1FB0346002B1FD11823AA22042140F2FC70FFF7F4FBFFF7A2FB57
:20ADC0001823FF22042140F2FC70FFF7EBFB0EE01823FF22042140F2FC70FFF7E3FB06E0B1
:20ADE0001823FF22042140F2FC70FFF7DBFB00BF2037BD4680BD00BF54B9002068B90020E5
:20AE00002CB100207CB9002080B582B000AF0023FB7114221F49002007F0F6FA0346002B22
:20AE200032D11C4BDB7CAA2B2ED14FF47A720021032007F071F80346002B25D114220021E9
:20AE4000144807F04DF90346002B1DD1114BDB7CFF2B19D11823AA22082140F2FC70FFF76C
:20AE6000A1FB0D4B40F2C1721A600B4B02229A71094B00221A73084BAA225A730649182004
:20AE80000DF0C2FE0123FB71FB7918460837BD4680BD00BF68B9002080B9002080B483B054
:20AEA00000AF0346FB71044AFB79137000BF0C37BD465DF8047B704729B1002080B400AF7C
:20AEC000034B1B781846BD465DF8047B704700BF29B1002080B483B000AF0346FB71044AD3
:20AEE000FB79137000BF0C37BD465DF8047B70474CB9002080B400AF034B1B781846BD4681
:20AF00005DF8047B704700BF4CB9002080B584B000AF78600023FB607B68002B30D01A4BE1
:20AF20005B68002B2CD07B681B6840F2FA7293420BD07B681B6840F2FB72934205D07B68E1
:20AF40001B6840F2C172934202D10020FFF7C2FF0D4B586807F10C0200237968F5F7BCFEC2
:20AF600000200DF081FEFB68002B09D0074B4FF080525A60BFF34F8F00BFBFF36F8F00BFF3
:20AF800000BF1037BD4680BD9CB9002000ED00E080B58AB000AF786007F1140300221A6088
:20AFA0005A609A60DA601A6140F24C5200216F480FF0A6FB6E4B5B6807F114014FF0FF32E7
:20AFC0001846F5F741FF0346012BF3D101F022FD7B6940F2FD72934201F2358040F2F37205
:20AFE000934254D240F2C272934200F0F28740F2C272934201F2278040F2C172934200F0B3
:20B00000FC8440F2C172934201F21D8040F25672934201F00C8040F25672934201F2138045
:20B0200040F24172934200F01E8540F24172934201F2098040F22372934201F20480B3F5D2
:20B04000E06F43D240F26662934200F0D68440F26662934200F2F78740F20442934200F0F7
:20B06000B88740F20442934200F2ED8740F28B32934200F0AE87B3F5637F80F0E487752BF0
:20B0800000F2CC83202B80F0158300F0DCBFA3F2F3730A2B00F2D78701A252F823F000BF52
:20B0A000D3BF010047C0010047C00100D3BF010047C0010047C0010047C00100FBB901008D
:20B0C000FBB9010047C001003BC00100A3F5E063232B00F2B88701A252F823F01FBA010083
:20B0E00037BA0100AFBA010047C0010047C0010097BA010047C0010047C0010047C001007A
:20B1000047C0010047C0010047C0010047C0010047C0010047C0010047C0010047C00100EF
:20B1200003C0010047C0010047C0010047C0010047C0010047C0010047C0010047C0010013
:20B1400047C0010047C0010047C0010047C0010047C0010047C0010047C0010047C00100AF
:20B1600047C0010047C001004FBA0100A8B900209CB90020A3F24113B3F5A57F00F263872E
:20B1800001A252F823F000BFF5BB0100C1BF01000DBA010057BD010067BD010005BC0100FA
:20B1A00077BD010015BC010047C0010075BC010047C0010087BD0100D7BE010047C0010063
:20B1C00047C00100DBB9010047C0010047C0010047C0010047C0010047C0010047C00100A2
:20B1E00047C0010047C0010047C0010047C0010047C0010047C0010047C0010047C001000F
:20B2000047C0010047C0010047C0010047C0010047C0010047C0010047C0010047C00100EE
:20B2200047C0010047C0010047C0010047C0010047C0010047C0010047C0010047C00100CE
:20B2400047C0010047C0010047C0010047C0010047C0010047C0010047C0010047C00100AE
:20B2600047C0010047C0010047C0010047C0010047C0010047C0010047C0010047C001008E
:20B2800047C0010047C0010047C0010047C0010047C0010047C0010047C0010047C001006E
:20B2A00047C0010047C0010047C0010047C0010047C0010047C0010047C0010047C001004E
:20B2C00047C0010047C0010047C0010047C0010047C0010047C0010047C0010047C001002E
:20B2E00047C0010047C0010047C0010047C0010047C0010047C0010047C0010047C001000E
:20B3000047C0010047C0010047C0010047C0010047C0010047C0010047C0010047C00100ED
:20B3200047C0010047C0010047C0010047C0010047C0010047C0010047C0010047C00100CD
:20B3400047C0010047C0010047C0010047C0010047C0010047C0010047C0010047C00100AD
:20B3600047C0010047C0010047C0010047C0010047C0010047C0010047C0010047C001008D
:20B3800047C0010047C0010047C0010047C0010047C0010047C0010047C0010047C001006D
:20B3A00047C0010047C0010047C0010047C0010047C0010047C0010047C0010047C001004D
:20B3C00047C0010047C0010047C0010047C0010047C0010047C0010047C0010047C001002D
:20B3E00047C0010047C0010047C0010047C0010047C0010047C0010047C0010047C001000D
:20B4000047C0010047C0010047C0010047C0010047C0010047C0010047C0010047C00100EC
:20B4200047C0010047C0010047C0010047C0010047C0010047C0010047C0010047C00100CC
:20B4400047C0010047C0010047C0010047C0010047C0010047C0010047C0010047C00100AC
:20B4600047C0010047C0010047C0010047C0010047C0010047C0010047C0010047C001008C
:20B4800047C0010047C0010047C0010047C0010047C0010047C0010047C0010047C001006C
:20B4A00047C0010047C0010047C0010047C0010047C0010047C0010047C0010047C001004C
:20B4C00047C0010047C0010047C0010047C0010047C0010047C0010047C0010047C001002C
:20B4E00047C0010047C0010047C0010047C0010047C0010047C0010047C0010047C001000C
:20B5000047C0010047C0010047C0010047C0010047C0010047C0010047C0010047C00100EB
:20B5200047C0010047C0010047C0010047C0010047C0010047C0010047C0010047C00100CB
:20B5400047C0010047C0010047C0010047C0010047C0010097BD010047C00100A7BD010001
:20B56000E7BD010065BC0100F7BD010007BE010017BE010027BE010037BE010047C00100CF
:20B5800047C0010047C001007FBA010035BC010045BC010047BE010055BC010057BE01003F
:20B5A00067BE010047C0010047C0010047C0010047C00100B7BD0100C7BD010031B8010061
:20B5C000FDB8010047C00100C1BC010047C0010019C0010047C0010047C0010047C0010035
:20B5E00047C0010047C0010047C0010047C0010047C0010047C0010047C0010047C001000B
:20B6000047C0010047C0010077BE010087BE010097BE0100A7BE0100B7BE0100C7BE0100E6
:20B6200047C0010047C0010047C00100A1BC0100F7BF010047C0010047C00100D1BC01003F
:20B64000E1BC010047C0010047C0010047C0010047C0010047C0010047C0010047C0010014
:20B6600047C0010047C0010047C0010047C0010047C0010047C0010047C0010047C001008A
:20B6800047C0010047C0010047C0010047C0010047C0010047C0010047C0010047C001006A
:20B6A00047C0010047C0010047C0010047C00100D3BF0100203B552B00F2C58401A252F8D4
:20B6C00023F000BFC7BA010047C0010047C0010047C0010047C0010047C0010047C00100E6
:20B6E00047C0010047C0010047C0010047C0010047C0010047C0010047C0010047C001000A
:20B7000047C0010047C00100F7BA0100DFBA01000FBB010027BB010047C00100D7BD010082
:20B7200047C0010047C0010047C0010047C0010047C0010047C0010047C0010047C00100C9
:20B7400047C0010047C001003FBB0100F1BC01004FBB0100C5BB0100E5BB010037BD01000E
:20B7600047C00100B1BC010047C0010047C0010047C0010047C0010047C0010047C0010023
:20B7800047C0010047C0010047C0010047C0010047C0010047C0010047C0010047C0010069
:20B7A00047C0010047C0010047C0010047C0010047C0010047C0010047C0010047C0010049
:20B7C00047C0010047C0010047C0010047C0010047C0010047C0010047C0010047C0010029
:20B7E00047C0010047C0010047C0010047C0010047C0010047C0010047C0010047C0010009
:20B8000047C0010047C0010047C0010047C0010047C0010047C0010047BD0100B3F5237FA9
:20B8200080F01184B3F5A07F3FF6A4AC00F00BBCCB4B01221A7001F031FD0346222B09D9A6
:20B84000C84B01221A7001F035FD012001F0EEFC01F046FD26200EF0ABFA04200EF0A8FA28
:20B8600028200EF0A5FA07F114030C3308221946BD480DF05BFE07F1140314221946BB480A
:20B880000DF054FEB84B5B68C3F31703184606F03BFFB54B1B88C3F30D039BB219460120FF
:20B8A00006F05EFFB04B5B88C3F30D039BB21946022006F055FF022001F06EFC0346012B87
:20B8C00009D1A94B5B88C3F30D039BB2002B02D1002001F04BFC012001F05EFC0346012B6D
:20B8E00040F0B383A04B1B88C3F30D039BB2002B40F0AB83002001F023FCA6E307F10C03F8
:20B9000000221A605A60964B01221A7001F0C6FC0346222B09D9934B01221A7001F0CAFCD6
:20B92000012001F083FC01F0DBFC26200EF040FA04200EF03DFA28200EF03AFA07F114034E
:20B940000C33082219468A480DF0F0FD07F10C030822874918460DF0E9FDBA89854B1B886B
:20B960009A4202D3BA89834B1A80824B1B88BB817D4B93F8293003F01E03DBB20E2B1BD14D
:20B980007B7C092262F385037B74774A537B092161F38503537307F10C0107F114030C330B
:20B9A000082218460DF0C2FD07F114031422194671480DF0BBFD49E307F10C0107F11403F1
:20B9C0000C33082218460DF0B1FD07F11403142219466A480DF0AAFD38E307F114030C3392
:20B9E0000822194666480DF0A1FD07F114031422194664480DF09AFD28E3002006F072F806
:20BA000007F114031846FEF701FE1FE307F114030C33052219465C480DF088FD16E30021AF
:20BA2000002005F011FB07F114031422194657480DF07CFD0AE30121002005F005FB07F110
:20BA400014031422194652480DF070FDFEE20321002005F0F9FA07F11403142219464D48F1
:20BA60000DF064FDF2E20521002005F0EDFA07F114031422194648480DF058FDE6E20621FD
:20BA8000002005F0E1FA07F114031422194643480DF04CFDDAE20721002005F0D5FA07F181
:20BAA0001403142219463E480DF040FDCEE20821002005F0C9FA07F1140314221946394844
:20BAC0000DF034FDC2E207F114031422194636480DF02CFD0021012005F0B6FAB6E207F1D5
:20BAE00014031422194631480DF020FD0121012005F0AAFAAAE207F11403142219462C4887
:20BB00000DF014FD0221012005F09EFA9EE207F114031422194627480DF008FD032101206C
:20BB200005F092FA92E207F114031422194622480DF0FCFC0421012005F086FA86E207F1F2
:20BB40001403142219461D480DF0F0FC7EE207F11403142219461A480DF0E8FC76E200BF8D
:20BB600097B9002098B90020A8B9002028BD0020B0B9002094B90020E4BA00203CBD002091
:20BB8000B8B9002050BD0020EDB90020DCBD0020F0BD002018BE002040BE002054BE002055
:20BBA00068BE00207CBE002090BE0020A4BE0020B8BE0020CCBE0020E0BE0020F4B900202A
:20BBC00008BA002007F1140314221946CA480DF0ADFC07F114030C3308221946C7480DF044
:20BBE000A5FC33E207F1140314221946C4480DF09DFC2BE207F1140314221946C1480DF092
:20BC000095FC23E207F1140314221946BE480DF08DFC1BE207F1140314221946BB480DF0BD
:20BC200085FC07F114030C3308221946B8480DF07DFC0BE207F1140314221946B5480DF0AB
:20BC400075FC03E207F1140314221946B2480DF06DFCFBE107F1140314221946AF480DF016
:20BC600065FCF3E107F1140314221946AC480DF05DFCEBE107F1140314221946A9480DF043
:20BC800055FC08220021A8480EF03AFDBB7E1A4607F114030C331946A3480DF047FCD5E1BC
:20BCA00007F1140314221946A0480DF03FFCCDE107F11403142219469D480DF037FCC5E1B3
:20BCC00007F11403142219469A480DF02FFCBDE107F114031422194697480DF027FCB5E1DF
:20BCE00007F114031422194694480DF01FFCADE1934B01221A7001F0D1FA0346222B09D95F
:20BD0000904B01221A7001F0D5FA012001F08EFA01F0E6FA07F11403142219468A480DF0FD
:20BD200005FCBB7E1A4607F114030C33194687480DF0FCFB8AE107F114031422194684481E
:20BD40000DF0F4FB82E107F114031422194681480DF0ECFB7AE107F11403142219467E487E
:20BD60000DF0E4FB72E107F11403142219467B480DF0DCFB6AE107F11403142219467848AA
:20BD80000DF0D4FB62E107F114031422194675480DF0CCFB5AE107F11403142219467248D6
:20BDA0000DF0C4FB52E107F11403142219466F480DF0BCFB4AE107F11403142219466C4802
:20BDC0000DF0B4FB42E107F114031422194669480DF0ACFB3AE107F114031422194666482E
:20BDE0000DF0A4FB32E107F114031422194663480DF09CFB2AE107F114031422194660485A
:20BE00000DF094FB22E107F11403142219465D480DF08CFB1AE107F11403142219465A4885
:20BE20000DF084FB12E107F114031422194657480DF07CFB0AE107F11403142219465448B1
:20BE40000DF074FB02E107F114031422194651480DF06CFBFAE007F11403142219464E48DE
:20BE60000DF064FBF2E007F11403142219464B480DF05CFBEAE007F114031422194648480B
:20BE80000DF054FBE2E007F114031422194645480DF04CFBDAE007F1140314221946424837
:20BEA0000DF044FBD2E007F11403142219463F480DF03CFBCAE007F11403142219463C4863
:20BEC0000DF034FBC2E007F114031422194639480DF02CFBBAE007F114030C3308221946DA
:20BEE00035480DF023FB07F114031422194633480DF01CFBAAE000BF1CBA0020D8B9002087
:20BF000030BA002064BD002078BD00208CBD0020D0B90020A0BD002044BA002058BA0020A2
:20BF20006CBA0020B4BD0020E0B9002080BA002094BA0020A8BA0020BCBA0020D0BA0020E7
:20BF400097B9002098B90020F8BA0020F4BE00200CBB002020BB002034BB002048BB002048
:20BF60005CBB002070BB002098BB0020ACBB0020C0BB0020D4BB0020E8BB0020FCBB002061
:20BF800010BC002024BC002038BC00204CBC002060BC002074BC002088BC00209CBC002011
:20BFA000B0BC0020C4BC0020D8BC0020ECBC002000BD002014BD0020C0B9002084BB002013
:20BFC00007F114030C330822194622480DF0AEFA3CE0FEF78FFF0346012B08D13220F5F750
:20BFE000BDFC07F11403184602F006FF2EE0002005F078FD2AE007F11403184603F060FBC7
:20C0000024E007F114030C330422194612480DF08DFA00F0B9FB19E007F114030C3301225D
:20C0200019460E480DF082FA00F0CCFB0EE007F11403184600F014F808E097F8203018469F
:20C0400005F090FE02E000BF00E000BF00F0F0FCFEF7B0BFC8B90020E8B90020ECB90020B6
:20C0600080B582B000AF78607B681B7B052B7ED17B685B7B122B73D17B689B7B1A2B76D11B
:20C080007B68DB7B002B13D17B681B7C1A047B685B7C1B0213437A68927C13431A46364B6C
:20C0A000C3F81E207B68DA7C334B83F822205EE07B68DB7B012B12D17B681A7C2E4B83F820
:20C0C00023207B685B7C1A047B689B7C1B0213437A68D27C13431A46274B5A6247E07B68BA
:20C0E000DB7B022B0FD17B681A7C234B83F828207B685A7C204B83F829207B689A7C1E4BE9
:20C1000083F82A2033E07B68DB7B032B12D17B681B7C1A067B685B7C1B041A437B689B7C33
:20C120001B0213437A68D27C13431A46124BC3F82B201CE07B68DB7B042B18D17B681B7C7C
:20C140001BB21B021AB27B685B7C1BB213431BB29AB2094BA3F82F203A200DF005FE06E0B5
:20C160007B685B7B042B02D13B200DF0FDFD00BF0837BD4680BD00BFF0E6002080B500AFDB
:20C180002D4B1B78DBB2002B06D02B4B00221A702A4B00221A704DE0284B1B780133DAB2D0
:20C1A000264B1A70254B1B78012B43D904200DF025FE034683F00103DBB2002B17D0204B2B
:20C1C0005B7B03F03C03DBB2002B10D01C4B5B7B03F03C03DBB2242B09D026200DF0C4FD97
:20C1E00004200DF0C1FD28200DF0E2FD15E004200DF004FE034683F00103DBB2002B0CD0D0
:20C200000F4B5B7B03F03C03DBB2002B05D104200DF0AAFD28200DF0A7FD00F0FBFB40F265
:20C220004C52002106480EF06BFA00F001FC034B00221A7000BF80BD97B9002099B90020C9
:20C24000A8B9002080B400AF054B93F82930C3F34303DBB21846BD465DF8047B704700BF12
:20C26000A8B9002080B483B000AF0346FB71FB79002B05D1084B1B88C3F30D039BB204E010
:20C28000054B5B88C3F30D039BB218460C37BD465DF8047B704700BFA8B9002080B400AF06
:20C2A000044B5B68C3F317031846BD465DF8047B704700BFA8B9002080B400AF034BDB79EB
:20C2C0001846BD465DF8047B704700BFA8B9002080B400AF034B1B891846BD465DF8047B28
:20C2E000704700BFA8B9002080B400AF034B5B891846BD465DF8047B704700BFA8B9002006
:20C3000080B400AF034B1B7B1846BD465DF8047B704700BFA8B9002080B400AF044B5B7B22
:20C32000C3F30103DBB21846BD465DF8047B7047A8B9002080B400AF044B5B7BC3F3830305
:20C34000DBB21846BD465DF8047B7047A8B9002080B400AF044B1B7CC3F30003DBB2184676
:20C36000BD465DF8047B7047A8B9002080B400AF044B1B7CC3F34003DBB21846BD465DF8A9
:20C38000047B7047A8B9002080B400AF044B1B7CC3F38003DBB21846BD465DF8047B70476B
:20C3A000A8B9002080B400AF044B1B7CC3F3C003DBB21846BD465DF8047B7047A8B90020C0
:20C3C00080B400AF044B1B7CC3F30013DBB21846BD465DF8047B7047A8B9002080B400AFEE
:20C3E000044B1B7CC3F34013DBB21846BD465DF8047B7047A8B9002080B400AF044B5B7C4B
:20C40000C3F30003DBB21846BD465DF8047B7047A8B9002080B400AF044B5B7CC3F3800327
:20C42000DBB21846BD465DF8047B7047A8B9002080B400AF044B5B7CC3F38013DBB21846C5
:20C44000BD465DF8047B7047A8B9002080B400AF044B5B7CC3F3C013DBB21846BD465DF8F8
:20C46000047B7047A8B9002080B400AF044B9B7CC3F30003DBB21846BD465DF8047B70478A
:20C48000A8B9002080B400AF044B9B7CC3F34203DBB21846BD465DF8047B7047A8B90020DD
:20C4A00080B400AF054B93F82C30C3F30013DBB21846BD465DF8047B704700BFA8B90020E0
:20C4C00080B582B000AF78600B46FB7000F0A2FAFA7813469B0013449B004833064A1344AC
:20C4E00004331422194678680DF020F800F0A0FA00BF0837BD4680BDA8B9002080B582B0CB
:20C5000000AF78600B46FB7000F084FAFA7813469B0013449B0003F5A873064A1344142222
:20C52000194678680DF002F800F082FA00BF0837BD4680BDA8B9002080B582B000AF7860AC
:20C540000B46FB7000F066FAFA7813469B0013449B0003F58663074A134404331422194622
:20C5600078680CF0E3FF00F063FA00BF0837BD4680BD00BFA8B9002080B582B000AF786044
:20C580000B46FB7000F046FAFA7813469B0013449B0003F59D63064A134414221946786843
:20C5A0000CF0C4FF00F044FA00BF0837BD4680BDA8B9002080B582B000AF78607B68002BD3
:20C5C0000CD00221002004F03FFD00F023FA1422796804480CF0AAFF00F02AFA00BF0837E5
:20C5E000BD4680BD04BE002080B582B000AF78607B68002B0CD00421002004F025FD00F0F6
:20C6000009FA1422796804480CF090FF00F010FA00BF0837BD4680BD2CBE002080B584B07E
:20C6200000AF78602423FB737B68002B14D0FB7B242B11D800F0EEF9FA7B13469B00134487
:20C640009B0003F5A873064A13441422796818460CF06CFF00F0ECF900BF1037BD4680BD8E
:20C66000A8B9002080B400AF074B93F82830C3F3C013DBB2002B14BF01230023DBB21846DB
:20C68000BD465DF8047B7047A8B9002080B400AF074B93F82830C3F34003DBB2002B14BFEF
:20C6A00001230023DBB21846BD465DF8047B7047A8B9002080B483B000AF0D4B7B600123CC
:20C6C000FB700223BB70FB787A6813441B7B7B707A78BB7842FA03F3DBB203F001033B70EC
:20C6E0003B7818460C37BD465DF8047B704700BFA0BD002080B485B000AF0346FB7100232C
:20C70000FB81FB79042B35D801A252F823F000BF25C7010033C7010041C701004FC7010026
:20C7200067C70100174B1B8EC3F309039BB2FB8121E0144B1B6BC3F389239BB2FB811AE029
:20C74000104B5B8EC3F309139BB2FB8113E00D4B93F833209209D2B293F834309B001343D2
:20C760009BB2FB8107E0074B5B6BC3F309239BB2FB8100E000BFFB8918461437BD465DF822
:20C78000047B7047A8B9002080B500AF0C4B93F840307B2B11D10A4B93F841307B2B0CD150
:20C7A000074B93F842307B2B07D1054B93F84330FF2B02D1002000F099FC00BF80BD00BF01
:20C7C000A8B9002080B500AF0D4B93F84430012B02D0022B0DD010E0002002F0BDFA332089
:20C7E0000DF0E6FA34200DF0BFFA022002F0D6FD03E0022002F0D2FD00BF00BF80BD00BF2B
:20C80000A8B90020FFFFFFFF2DE9B04382B000AF0023FB714C4B5B6C43F30B231BB2002B68
:20C8200043DA494B5B6C43F30B231BB218460DF079FC41A3D3E900230DF0DEFC02460B464C
:20C8400090469946404BB3F84630C3F309139BB218460DF067FC02460B46404649460DF0EF
:20C86000CBFC02460B46144683F0004534A3D3E90023204629460DF0E9FD02460B461046E9
:20C8800019460DF0CBFE03467B710023FB717B79012202FA03F3DBB2013BDBB25AB297F9B4
:20C8A000073053405BB2FB713FE0274B5B6C43F30B231BB218460DF035FC1FA3D3E900237F
:20C8C0000DF09AFC02460B4614461D461E4BB3F84630C3F309139BB218460DF023FC024604
:20C8E0000B46204629460DF087FC02460B461046194613A3D3E900230DF0A8FD02460B4674
:20C90000104619460DF08AFE0346BB710023FB71BB79012202FA03F3DBB2013BDBB25AB22E
:20C9200097F9073053405BB2FB71FB7918460837BD46BDE8B08300BF9A9999999999B93FEA
:20C940000000000000F07440A8B9002080B483B000AF7860054B93F844207B681A7000BF59
:20C960000C37BD465DF8047B704700BFA8B9002080B500AF00F04EF80822002103480DF0F9
:20C98000BFFE00F055F800BF80BD00BFD8B9002080B400AF034B00221A8000BFBD465DF82D
:20C9A000047B704794B9002080B400AF034B1B78DBB21846BD465DF8047B704797B9002027
:20C9C00080B400AF034B1B78DBB21846BD465DF8047B704798B9002080B483B000AF03464A
:20C9E000FB71044AFB79137000BF0C37BD465DF8047B704798B9002080B400AF044B1B7CBC
:20CA0000C3F38013DBB21846BD465DF8047B7047A8B9002080B500AF044B9B684FF0FF312E
:20CA20001846F4F711F800BF80BD00BF9CB9002080B500AF034B9B681846F3F7CFFF00BF6A
:20CA400080BD00BF9CB9002080B586B000AF00233B7240F207737B600823BB7200237B728C
:20CA60003B1D0C330822094918460CF05FFD3B1D1846FFF79FFD3B1D194619200CF0C4F8FD
:20CA8000034618461837BD4680BD00BFB808002080B586B000AF00233B7240F229737B602E
:20CAA00000237B720523BB723B1D0C330822002118460DF025FE0023BB7405F019FE03460A
:20CAC000FB74A5233B753B1D0C330222084918460CF02CFD3B1D1846FFF786FD3B1D1946FA
:20CAE00019200CF091F8034618461837BD4680BDC008002080B586B000AF00233B724FF42D
:20CB0000E1637B600423BB7200237B7202F076F803463B7402F066F803467B742E23BB7432
:20CB200002F078F80346FB743B1D194619200CF06BF8034618461837BD4680BD80B586B0EB
:20CB400000AF00233B724FF4A6737B6000237B720823BB723B1D0C330822074918460CF04C
:20CB6000E5FC3B1D19461A200CF04EF8034618461837BD4680BD00BF0ABF002080B588B056
:20CB800000AF07F10C0300221A605A609A60DA601A613B1D00221A605A6001F0FFFF0346F4
:20CBA000022B0CBF01230023DAB23B7962F300033B7102F00BF8034603F00103DAB23B797D
:20CBC00062F382033B7102F03DF8034603F00103DAB23B7962F341033B7102F027F8034689
:20CBE00003F00703DAB23B7962F347133B7102F035F803467B7102F097F80346C7F806308A
:20CC000002F09EF8034603F00103DAB2BB7A62F30003BB7229200DF0F1F803461A46BB7AF9
:20CC200062F34103BB7235200DF0E8F803461A463B7962F3C3033B7100233B7440F26D2344
:20CC4000FB6000237B740823BB74391D07F10C030C33082218460CF069FC07F10C03184623
:20CC6000FFF7DCFC07F10C03194618200BF0CCFF034618462037BD4680BDFFFF90B587B0CA
:20CC800000AF3B1D00221A605A609A60DA601A6105F0D2FE0346643BDBB203F03F03D9B28E
:20CCA000334A937C61F30503937405F0B9FE034603F00F03D9B22E4A538A61F389135382E6
:20CCC00005F0A2FE034603F01F03D9B2284AD37C61F38603D37405F073FE034603F01F032D
:20CCE000DAB2234B02F00101CC01D97C01F07F01084621460143D9745208D2B202F00F028C
:20CD000002F00F001A7D22F00F02114602460A431A7505F061FE034603F03F03D9B2144A22
:20CD2000938A61F30913938205F062FE034603F03F03D9B20E4A537D61F387035375002302
:20CD40003B7275237B6000237B720823BB723B1D0C330422074918460CF0E8FB3B1D19464A
:20CD600018200BF051FF034618461C37BD4690BD08BF00201ABF002080B586B000AF3B1D94
:20CD800000221A605A609A60DA601A6100233B7240F266637B6000237B720823BB723B1D28
:20CDA000194618200BF030FF00BF1837BD4680BD80B586B000AF154B1B68154A934220D142
:20CDC00000233B7240F22E437B6000237B720823BB723B1D0C3304220E4918460CF0A6FB8E
:20CDE0003B1D103304220C4918460CF09FFB3B1D194619200BF008FF3822002103480DF074
:20CE00007FFC00BF1837BD4680BD00BF64090020EFBEADDE680900206C09002080B586B034
:20CE200000AF164B1B68164A934222D100233B7240F2FF237B6000237B720823BB723B1D78
:20CE40000C3304220F4918460CF070FB3B1D103301220D4918460CF069FB3B1D11330122BF
:20CE60000A4918460CF062FB3B1D19461A200BF0CBFE00BF1837BD4680BD00BF5809002065
:20CE8000AB0DD0BA5C090020600900206109002080B588B000AF0346FB710B46BB71134611
:20CEA0007B7100233B744FF41B73FB6000237B740823BB7407F10C030C330822002118462D
:20CEC0000DF01EFC7B79002B06D17F233B76FB797B76BB79BB7608E07B79012B05D1FB79D6
:20CEE0004033DBB23B76BB797B7607F10C03194619200BF089FE00BF2037BD4680BDFFFFE7
:20CF000080B586B000AF00233B7240F205437B6000237B720823BB7201F088FE0346012B7E
:20CF20000ED1164B1B7843F00403DAB2134B1A70134B1B7843F00403DAB2114B1A700DE0E6
:20CF40000E4B1B7823F00403DAB20C4B1A700C4B1B7823F00403DAB2094B1A70074A07F1A7
:20CF600010031068516803C33B1D19461B200BF04BFE00BF1837BD4680BD00BF70C600200E
:20CF800078C6002080B588B000AF00233B7240F205437B6000237B720823BB7201F046FE55
:20CFA0000346012B0ED1234B1B7843F00403DAB2204B1A70204B1B7843F00403DAB21E4B34
:20CFC0001A700DE01B4B1B7823F00403DAB2194B1A70194B1B7823F00403DAB2164B1A70C5
:20CFE00004F0A8FD87ED070AD7ED077A9FED137A67EE877AFDEEE77A17EE903A7B837B8B40
:20D00000DAB20D4B9A70B7F91A301B121BB2DAB2094BDA70084A07F110031068516803C3B0
:20D020003B1D19461B200BF0EFFD00BF2037BD4680BD00BF70C6002078C600200000C84244
:20D0400080B586B000AF01F065FE786100233B714FF41B733B6000237B710823BB713B4667
:20D060000C330822002118460DF04AFB62233B7303237B733B460E330622796918460DF018
:20D080004DFB3B46194618200BF0BEFD034618461837BD4680BDFFFF80B586B000AF002309
:20D0A0003B724FF41B737B6000237B720823BB723B1D0C330822002118460DF021FB6F23C4
:20D0C0003B7402237B74084A07F112031168196092889A803B1D194618200BF095FD00BFCD
:20D0E0001837BD4680BD00BFC408002080B483B000AF0346FB71FB7903F00103D9B2054AE6
:20D10000937861F30003937000BF0C37BD465DF8047B704708BF002080B400AF074B9B78EB
:20D12000C3F30003DBB2002B14BF01230023DBB21846BD465DF8047B704700BF08BF002045
:20D1400080B483B000AF0346FB71FB7903F00103D9B2054A937961F38203937100BF0C37D4
:20D16000BD465DF8047B704708BF002080B483B000AF0346FB71FB7903F00103D9B2054A2A
:20D18000937961F3C303937100BF0C37BD465DF8047B704708BF002080B483B000AF03468F
:20D1A000FB71FB79012B05D10A4B9B79C3F38003DBB209E0FB79022B05D1064B9B79C3F3E3
:20D1C000C003DBB200E0032318460C37BD465DF8047B704708BF002080B483B000AF034684
:20D1E000FB71064A9379F97961F34103937100BF0C37BD465DF8047B704700BF08BF002023
:20D2000080B483B000AF0346FB71FB7903F00103D9B2054A137861F30003137000BF0C3797
:20D22000BD465DF8047B704708BF002080B483B000AF0346FB71FB7983F00103D9B2054AE9
:20D24000137861F34103137000BF0C37BD465DF8047B704708BF002080B400AF074B1B78E9
:20D2600003F00203DBB2002B0CBF01230023DBB21846BD465DF8047B704700BF08BF0020CD
:20D2800080B400AF044B1B78C3F30003DBB21846BD465DF8047B704708BF002080B400AFCD
:20D2A000034B1B781846BD465DF8047B704700BF1EBF002080B400AF074B1B7803F0010326
:20D2C000DBB2002B02D0054B00221A7000BFBD465DF8047B704700BF08BF00201EBF0020D8
:20D2E00080B400AF034B00221A7000BFBD465DF8047B70471FBF002090B5A1B000AF7860E9
:20D30000002387F86F300CF0E5FC03461A46D04B1A70FFF74DFDFFF72FFDFFF77FFDCD4BB5
:20D320005B6807F16F014FF0FF321846F3F78CFD0346012BF3D197F86F30013B052B00F2BC
:20D34000B78501A252F823F061D30100C1DA01006DDC0100F7DC0100B1DE0100A1DE010092
:20D360001D200CF04BFD0346002B00F0FD8007F1580300221A605A609A60DA601A614FF0B4
:20D3800000024FF00003C7E91C234FF41B73BB65622387F86430042387F86530082387F8EC
:20D3A0005E30AD4B1B78022B00F0BB80022B00F38285002B03D0012B5AD000F07CBD01F067
:20D3C00071FC51EC100BA0A3D3E900230CF014FF02460B46104619460DF040F902460B463A
:20D3E000C7E91C23102387F8663097F8703087F86730D7E91C014FF000024FF00003020A45
:20D4000042EA01620B0AD3B287F86830D7E91C014FF000024FF00003020C42EA01420B0CD8
:20D42000D3B287F86930D7E91C014FF000024FF00003020E42EA01220B0ED3B287F86A30D9
:20D44000D7E91C014FF000024FF000030A000023D3B287F86B3007F15803194618200BF0BB
:20D46000D3FB7D4B1B780133DAB27B4B1A7026E301F02AFC51EC100B73A3D3E900230CF00A
:20D48000BBFE02460B46104619460DF0E7F802460B46C7E91C23202387F8663097F870309A
:20D4A00087F86730D7E91C014FF000024FF00003020A42EA01620B0AD3B287F86830D7E9EA
:20D4C0001C014FF000024FF00003020C42EA01420B0CD3B287F86930D7E91C014FF000025D
:20D4E0004FF00003020E42EA01220B0ED3B287F86A30D7E91C014FF000024FF000030A006A
:20D500000023D3B287F86B3007F15803194618200BF07AFB504B1B780133DAB24E4B1A70DE
:20D52000CDE2302387F86630FF2387F8673001F0A1FB034687F8683001F0A8FB034687F853
:20D540006930002387F86A30002387F86B3007F15803194618200BF057FB3F4B00221A704C
:20D560001D200CF025FCAAE21E200CF047FC0346002B00F0AA8005F011F907F1440300225A
:20D580001A605A609A60DA601A61002387F848304FF41B737B64002387F84930082387F819
:20D5A0004A30632387F85030022387F851302B4B1B78022B56D0022B6FDC002B02D0012B4A
:20D5C0001ED06AE0102387F85230254B1B8A9BB2DBB287F85330224B1B8A9BB21B0A9BB21D
:20D5E000DBB287F854301E4B9B7C87F855301C4BDB7C87F856301A4B1B7D87F857304CE025
:20D60000202387F85230164B5B7D87F85330144BD3F81630DBB287F85430114BD3F816301E
:20D620001B0ADBB287F855300D4BD3F816301B0CDBB287F856300A4BD3F816301B0EDBB2F6
:20D6400087F8573029E000BF00000000006AF84004BF0020FCBE002020BF002021BF00209E
:20D66000F0E60020302387F85230B54B5B8B9BB2DBB287F85330B24B5B8B9BB21B0A9BB2FC
:20D68000DBB287F85430002387F85530002387F85630002387F8573000BF07F14403194625
:20D6A00018200BF0B1FAA74B1B780133DAB2A54B1A70A44B1B78022B40F2FD83A14B00225E
:20D6C0001A701E200CF074FBF5E321200CF096FB0346002B00F0888007F1300300221A603E
:20D6E0005A609A60DA601A6101F000FBB867002387F834304FF41B733B63002387F835303A
:20D70000082387F83630622387F83C30052387F83D308D4B1B78022B36D0022B4CDC002B57
:20D7200002D0012B18D047E0102387F83E30BB6F1B7887F83F30BB6F5B7887F84030BB6FFB
:20D740009B7887F84130BB6FDB7887F84230BB6F1B7987F843302FE0202387F83E30BB6F3F
:20D760005B7987F83F30BB6F9B7987F84030BB6FDB7987F84130BB6F1B7A87F84230BB6F72
:20D780005B7A87F8433017E0302387F83E30BB6F9B7A87F83F30BB6FDB7A87F84030BB6FC6
:20D7A0001B7B87F84130BB6F5B7B87F84230BB6F9B7B87F8433000BF07F13003194618203F
:20D7C0000BF022FA604B1B780133DAB25E4B1A705D4B1B78022B40F26E835B4B00221A7024
:20D7E00021200CF0E5FA66E322200CF007FB0346002B00F0AD8007F11C0300221A605A6086
:20D800009A60DA601A6101F07BFAF867002387F820304FF41B73FB61002387F82130082357
:20D8200087F82230622387F82830062387F82930464B1B78032B6BD801A252F823F000BF66
:20D8400051D8010081D80100B1D80100E1D80100102387F82A30FB6F1B7887F82B30FB6FB3
:20D860005B7887F82C30FB6F9B7887F82D30FB6FDB7887F82E30FB6F1B7987F82F3047E004
:20D88000202387F82A30FB6F5B7987F82B30FB6F9B7987F82C30FB6FDB7987F82D30FB6FF7
:20D8A0001B7A87F82E30FB6F5B7A87F82F302FE0302387F82A30FB6F9B7A87F82B30FB6FDB
:20D8C000DB7A87F82C30FB6F1B7B87F82D30FB6F5B7B87F82E30FB6F9B7B87F82F3017E0CA
:20D8E000402387F82A30FB6FDB7B87F82B30FB6F1B7C87F82C30FB6F5B7C87F82D30FB6FEF
:20D900009B7C87F82E30FB6FDB7C87F82F3000BF07F11C03194618200BF076F90B4B1B78B4
:20D920000133DAB2094B1A70084B1B78032B40F2C282064B00221A7022200CF039FABAE2B5
:20D94000F0E6002021BF002022BF002023BF00203B200CF053FA0346002B00F0AC8204F0A4
:20D960001DFF07F1080300221A605A609A60DA601A6100233B7340F25773BB6000237B738A
:20D980000823BB7305233B7512237B751A23BB75B34B1B78042B7AD801A252F823F000BFF3
:20D9A000B5D90100E5D901000FDA010031DA010065DA01000023FB75AA4BD3F81E301B0C1B
:20D9C000DBB23B76A74BD3F81E301B0ADBB27B76A44BD3F81E30DBB2BB76A24B93F82230CB
:20D9E000FB7654E00123FB759E4B93F823303B769C4B5B6A1B0CDBB27B769A4B5B6A1B0A56
:20DA0000DBB2BB76974B5B6ADBB2FB763FE00223FB75944B93F828303B76924B93F82930BB
:20DA20007B76904B93F82A30BB760023FB762EE00323FB758B4BD3F82B301B0EDBB23B7669
:20DA4000884BD3F82B301B0CDBB27B76854BD3F82B301B0ADBB2BB76824BD3F82B30DBB2CF
:20DA6000FB7614E00423FB757E4BB3F82F309BB21B0A9BB2DBB23B767A4BB3F82F309BB2BE
:20DA8000DBB27B760023BB760023FB7600BF07F10803194618200BF0B7F8714B1B7801339A
:20DAA000DAB26F4B1A706E4B1B78042B40F203826B4B00221A703B200CF07AF9FBE1FAE181
:20DAC000FDF7FCF90346002B40F08580664B1B7803F00203DBB2002B04D0FEF771FF03463E
:20DAE000002B78D020200CF089F9034683F00103DBB2002B6FD006200CF080F9034683F0E7
:20DB00000103DBB2002B66D004200BF0BBF9034603F00103D9B2544A937861F34103937031
:20DB200003200BF0AFF9034603F00103D9B24E4A937861F3820393700120FEF793FB0346E8
:20DB4000C3F30D039AB2484BC2F30A014C01598801F01F010846214601435980D20A92B22F
:20DB600002F0070202F007001A7922F00702114602460A431A71FEF791FB034623F07F42EE
:20DB8000394BD1B200200143D971120A92B200210A431A810020FEF765FB0346C3F30D03E3
:20DBA0009AB2314BC2F30C01CC00998801F007010846214601439980520B92B202F001024D
:20DBC00002F001009A7922F00102114602460A439A71FEF7B3FFFDF771F90346002B0ED1DB
:20DBE000214B1B7803F00203DBB2002B07D018200CF004F90346002B01D0FEF79FFF202056
:20DC00000CF0FCF80346002B0FD0FDF757F90346002B0AD106200CF0F1F8034683F0010363
:20DC2000DBB2002B01D0FFF76BF906200CF0E6F80346002B00F0428120200CF0DFF803467E
:20DC400083F00103DBB2002B00F03881FDF736F90346002B40F03281FFF794F92EE100BF21
:20DC600024BF0020F0E6002008BF0020FDF726F90346002B12D1974B1B7803F00203DBB260
:20DC8000002B04D0FEF79CFE0346002B06D0FEF7F5FF0A20F3F762FEFEF770FFFDF70EF9F0
:20DCA0000346002B0FD13C200CF0A8F80346002B09D00A20F3F752FE874918200AF0A4FFC2
:20DCC0003C200CF075F8FDF7F9F80346002B40F0F880804B1B7803F00203DBB2002B00F080
:20DCE000F08031200CF08AF80346002B00F0E980FEF744FFE5E0774B1B7803F00103DBB242
:20DD0000002B00F0928020200CF078F8034683F00103DBB2002B00F0938006200CF06EF827
:20DD2000034683F00103DBB2002B00F089806B4B1B780133DAB2694B1A70684B1B781D2B9D
:20DD400007D9644A137843F0020313700020FEF743FE624B1B78222B02D9604B23221A70B7
:20DD60005F4B1B780133DAB25D4B1A705C4B1B783B2B39D95A4B3C221A70FEF715FE0346E4
:20DD800083F00103DBB2002B2ED0FEF719FE034683F00103DBB2002B26D004200CF02EF896
:20DDA0000346002B20D0FDF789F80346002B1BD1484B1B7803F00203DBB2002B14D013203D
:20DDC0000CF01CF8034683F00103DBB2002B0BD006200CF013F8034683F00103DBB2002B3B
:20DDE00002D020200CF00AF83C4B1B78072B27D9FEF7AEFA0346012B04D0FEF70BFB03469D
:20DE0000012B1DD1334A137823F001031370314A137823F002031370304B00221A70314B02
:20DE20001B78184609F0D4F90AE02C4B00221A70284A137823F002031370294B00221A7066
:20DE4000FDF73CF80346002B3ED1224B1B7803F00203DBB2002B04D0FEF7B2FD0346002B7B
:20DE600032D020200BF0CAFF034683F00103DBB2002B29D006200BF0C1FF034683F001038A
:20DE8000DBB2002B20D0FEF703FE0A20F3F766FDFEF7DAFD0A20F3F761FDFEF72BFE13E01E
:20DEA000FDF70CF80346002B11D1FEF767F90EE000BFFFF734BA00BFFFF731BA00BFFFF7D9
:20DEC0002EBA00BFFFF72BBA00BFFFF728BA00BFFFF725BA08BF0020F8C200201EBF0020D7
:20DEE0001FBF0020CF08002080B582B000AF78600B467B805E4B1B78042B00F2A68001A2CD
:20DF000052F823F019DF01002BDF010089DF010099DF0100E1DF01007B681B78652B40F0C7
:20DF20009A80534B01221A7095E07B681B78022B03D1504B02229A7122E07B681B78012B22
:20DF400003D14C4B01229A711AE07B681B78032B03D1484B03229A7112E07B681B78042B5C
:20DF600003D1444B04229A710AE07B681B78052B03D1404B05229A7102E03E4B06229A714E
:20DF80003B4B02221A7069E07B681A783A4B1A70374B03221A7061E07B681A78374B1A708D
:20DFA000354B1B781AB2354B1B781BB21B021BB213431BB27B802F4A7B88A2F8C4327B888B
:20DFC00003337B807B88B3F52F7F05D901237B80274B00221A7041E0254B04221A703DE03E
:20DFE0007B88013B7A6813441B78822B27D17B88033B7B807B88B3F52F7F1AD81D4BB3F8D7
:20E00000C4321A4679681E480CF088FB184B00221A7001237B801B4B5B68002B1DD0194B11
:20E020005868002300221849F2F756FE0BF0DCFD13E00F4B00221A7001237B800DE00C4B0D
:20E0400000221A7001237B8007E0094B00221A7001237B8002E000BF00E000BF7B881A464C
:20E06000796800200BF08AFD00BF0837BD4680BDF2C2002030BF0020F3C20020F4C2002051
:20E0800037BF002028BF002036BF0020B0B5ADF53C7D02AF07F53A73A3F53973186007F57C
:20E0A0003A73A3F5337318464FF430731A4600210CF026FB0023A7F8E6320023A7F8DE32E7
:20E0C0000023A7F8E432002387F8E332BA4B5B6807F11C014FF0FF321846F2F7B5FE034621
:20E0E000012BF3D107F53A73A3F53373B3F8BE32042B08D907F53A73A3F53373B3F8BE321C
:20E10000053BA7F8E43207F53A73A3F533731B78013B042B00F2CB8301A252F823F000BF26
:20E1200035E10100A7E1010039E20100D5E3010009E60100A14B00221A7107F53A73A3F5A0
:20E1400033735B781A4607F53A73A3F533739B781B021A4307F53A73A3F53373DB781B0419
:20E160001A4307F53A73A3F533731B791B0613431A46924B1A6007F53A73A3F533735A79DF
:20E180008E4B9A718D4B00225A718C4B9B791A4607F11C030633194689480BF0C7F93C20F4
:20E1A0000BF0E2FD8CE3874B01225A70864B00221A70864B00221A7027200BF0F9FD00F035
:20E1C00097FC07F11C0301339022194680480BF0ADF97F4800F0E4FB0346002B00F0698301
:20E1E0001A200BF00BFE034683F00103DBB2002B1FD0744B93F81003724B93F81113714BF5
:20E2000093F812436F4B93F813536E4B93F814336C4A92F81523019200932B46224604F07D
:20E2200029FB04F0F3FA1A200BF09EFD1B200BF09BFD00F019FC3CE3FEF78AF80346012B2B
:20E2400002D100F081FE3CE3002003F04BFC5E4B00221A700120FCF73DFE07F53A73A3F51E
:20E260003373B3F8BE320D2B00F2258307F53A73A3F5387300221A7107F53A73A3F533730B
:20E280005B781A4607F53A73A3F533739B781B021A4307F53A73A3F53373DB781B041A4321
:20E2A00007F53A73A3F533731B791B0613431A4607F53A73A3F538731A6007F53A73A3F565
:20E2C00033735A7907F53A73A3F538739A7107F53A73A3F5387300225A7107F53A73A3F5B4
:20E2E00038739B791A4607F11C03991D07F108030C3318460BF01AF907F53A73A3F5387398
:20E300001B6840F2FA72934218D007F53A73A3F538731B6840F2FB7293420FD007F53A73B4
:20E32000A3F538731B6840F2C17293421BD107F53A73A3F538731B7B042B14D107F1080358
:20E340001846FCF763F907F53A73A3F538731B6840F2C172934218D107F1080319461820E4
:20E360000AF052FC11E007F53A73A3F538731B6840F2C172934202D10120FCF78FFD07F150
:20E380000803194618200AF03FFC07F53A73A3F538731B6840F2C172934240F08C8207F5C3
:20E3A0003A73A3F538731B7B002B40F084820220FCF774FD7FE200BF28BF0020F8C20020EF
:20E3C00004C3002030BF00200DC300200CC30020F8C10020002003F085FBCE4B00221A7037
:20E3E0000120FCF75BFD0120FCF774FD07F53A73A3F533735B781A4607F53A73A3F533732B
:20E400009B781B021A4307F53A73A3F53373DB781B041A4307F53A73A3F533731B791B061D
:20E4200013431A4607F53A73A3F538731A6007F53A73A3F533735A7907F53A73A3F538731A
:20E440009A7107F53A73A3F5387300221A7107F53A73A3F5387300225A71AF4B05221A8084
:20E46000B7F8E432DB08A7F8E632B7F8E43203F00703A7F8DE3258E0002387F8E3321AE0E3
:20E48000A54B1B885A1C91B2A34A1180194697F8E33207F53A72A2F533720A44517807F5B8
:20E4A0003A72A2F5387213440A461A7397F8E332013387F8E33297F8E332072BE0D907F544
:20E4C0003A73A3F538731B6840F2FA72934218D007F53A73A3F538731B6840F2FB7293428B
:20E4E0000FD007F53A73A3F538731B6840F2C17293420CD107F53A73A3F538731B7B042B06
:20E5000005D107F108031846FCF780F805E007F10803194618200AF077FBB7F8E632013B6B
:20E52000A7F8E6320320F3F719FAB7F8E632002BA2D1B7F8DE32002B00F0BF81B7F8DE32C6
:20E54000DAB207F53A73A3F538739A71002387F8E3321AE0704B1B885A1C91B26E4A118027
:20E56000194697F8E33207F53A72A2F533720A44517807F53A72A2F5387213440A461A7380
:20E5800097F8E332013387F8E33297F8E3329BB2B7F8DE229A42DDD80023A7F8DE3207F510
:20E5A0003A73A3F538731B6840F2FA72934218D007F53A73A3F538731B6840F2FB729342AA
:20E5C0000FD007F53A73A3F538731B6840F2C17293420FD107F53A73A3F538731B7B042B22
:20E5E00008D14E4B586807F1080100230022F2F763FA05E007F10803194618200AF004FBE5
:20E600000520F3F7ABF958E107F53A73A3F53373B3F8BE32002B00F052816A220021404869
:20E620000CF06EF807F53A73A3F533735B7887F8DD3297F8DD32042B00F22D8101A252F8D6
:20E6400023F000BF59E60100E1E6010025E7010085E7010035E8010007F53A73A3F5337361
:20E66000B3F8BE32012B40F21881FDF771FE0346002B30D1FDF7CEFE0346002B2BD103F00D
:20E6800041FA032000F08AFE32200BF0B7FB034683F00103DBB2002B0FD007F53A73A3F50D
:20E6A00033739B78012B08D132200BF05DFB33200BF05AFB34200BF07BFB07F53A73A3F54E
:20E6C00033739B78002B0AD133200BF071FB34200BF04AFB03E0012000F060FEDDE0DCE062
:20E6E00007F53A73A3F53373B3F8BE32012B40F2D68007F53A73A3F533739A78084B5A70CE
:20E70000074B5B78184604F00FF830200BF02CFBC5E000BF0DC300200EC300209CB900204F
:20E7200088C2002007F53A73A3F53373B3F8BE32012B40F2B68007F53A73A3F533739A7860
:20E74000624B9A70614B9B78002B02D0012B04D017E00020FEF7CAFC13E0FDF783FF0346C2
:20E7600083F00103DBB2002B0AD0FCF7A7FB0346002B05D10120FEF7B9FC17200BF0F4FAC6
:20E7800000BF8EE007F53A73A3F53373B3F8BE32012B40F2888007F53A73A3F533739A786B
:20E7A0004A4BDA7007F53A73A3F53373B3F8BE32023BA7F8E032B7F8E032002B73D0B7F82C
:20E7C000E032642B02D96423A7F8E032B7F8E02207F11C03033319463D480BF09FFF3620B4
:20E7E0000BF0C2FA394BDB78032B14D0032B19DC012B02D0022B07D014E038200BF0B4FA5F
:20E8000037200BF0D5FA14E038200BF0D1FA37200BF0AAFA0DE037200BF0CAFA38200BF079
:20E82000C7FA06E037200BF0C3FA38200BF0C0FA00BF38E007F53A73A3F53373B3F8BE32BC
:20E84000012B32D907F53A73A3F533739A781F4B83F869201D4B93F86930002B02D0012B65
:20E860000CD017E029200BF0A3FA2A200BF07CFA03F0F8FE2E200BF077FA0BE029200BF057
:20E8800073FA2A200BF070FA03F0ECFE2E200BF06BFA00BF09E000BF11E000BF0FE000BF0C
:20E8A0000DE000BF0BE000BF09E000BF07E000BF0CE400BF0AE400BF08E400BF06E400BF04
:20E8C00004E407F53A77BD46B0BD00BF88C200208CC2002080B500AF27200BF08FFA0346A4
:20E8E000002B4ED1284B1B78DBB20133DAB2264B1A70264B1B78DBB2002B0DD1224B1B78E6
:20E90000DBB2092B08D9214B01221A700122204900200BF033F935E01C4B1B78DBB2012BA1
:20E9200030D1194B1B78DBB2132B2BD9174B02221A7027200BF018FA164B1B7823F00203A0
:20E94000DAB2144B1A70134B1B7823F01003DAB2104B1A70104B1B7823F00203DAB20E4BCF
:20E960001A700D4B1B7823F01003DAB20A4B1A700A4B00225A700122054900200BF0FEF8CE
:20E9800000E000BF80BD00BF0DC300200CC3002037BF002070C6002078C6002030BF002024
:20E9A00080B483B000AF78607B6893F84830002B1AD17B6893F84930002B15D17B6893F807
:20E9C0004A30002B10D17B6893F84B30002B0BD17B6893F84C30002B06D17B6893F84D30EA
:20E9E000002B01D1002339E07B6893F84930002B04D07B6893F849300C2B01D900232DE0D0
:20EA00007B6893F84830002B04D07B6893F848301F2B01D9002321E07B6893F84B30172BB8
:20EA200001D900231AE07B6893F84C303B2B01D9002313E07B6893F84D303B2B01D9002351
:20EA40000CE07B6893F84930022B06D17B6893F848301D2B01D9002300E0012318460C370F
:20EA6000BD465DF8047B704780B584B000AF03F0A7FF0346FB7303F0AFFF0346BB731B4B22
:20EA800093F813337B73194B93F814333B73FB7B9BB21A461201D31A9B009AB2BB7B9BB246
:20EAA00013447B817B7B9BB21A461201D31A9B009AB23B7B9BB213443B817A893B899A42C0
:20EAC00004D97A893B89D31A9BB203E03A897B89D31A9BB2FB80FB88012B02D91A200BF03A
:20EAE00067F900BF1037BD4680BD00BF30BF002098B500AF254B1B7843F00203DAB2234B71
:20EB00001A70234B1B7843F00203DAB2204B1A70204B93F81633002B0ED11C4B1B7843F03B
:20EB20001003DAB2194B1A70194B1B7843F01003DAB2174B1A7012E0164B93F81633012B40
:20EB40000DD1124B1B7823F01003DAB20F4B1A700F4B1B7823F01003DAB20D4B1A7000F0E0
:20EB600029F80346002B0ED000F024F80346062B09D800F01FF803465C1E00F06FF8034651
:20EB80001A46054B1A5500BF98BD00BF70C6002078C6002030BF0020C408002080B400AFF1
:20EBA000034B93F8C8321846BD465DF8047B704730BF002080B400AF034B93F81733184623
:20EBC000BD465DF8047B704730BF002080B400AF034B93F8CC321846BD465DF8047B7047F2
:20EBE00030BF002080B400AF034B93F84E331846BD465DF8047B704730BF002080B400AFEB
:20EC0000034B93F84F331846BD465DF8047B704730BF002080B400AF034B93F85033184601
:20EC2000BD465DF8047B704730BF002080B400AF034B93F8C9321846BD465DF8047B704794
:20EC400030BF002080B400AF034B93F8CB321846BD465DF8047B704730BF002080B400AF0E
:20EC6000034B93F8CA321846BD465DF8047B704730BF002080B400AF034B93F8CE321846AA
:20EC8000BD465DF8047B704730BF002080B400AF034B93F8CD321846BD465DF8047B704730
:20ECA00030BF002080B400AF064BD3E9B42343EC172BB0EE470AF0EE670ABD465DF8047BF8
:20ECC000704700BF30BF002080B400AF064BD3E9B62343EC172BB0EE470AF0EE670ABD4634
:20ECE0005DF8047B704700BF30BF002080B400AF024B1846BD465DF8047B70474FC200206E
:20ED000080B400AF024B1846BD465DF8047B70475FC2002080B400AF024B1846BD465DF8B0
:20ED2000047B704748C2002080B400AF034BD3F848331846BD465DF8047B704730BF002001
:20ED400080B400AF034B1B781846BD465DF8047B704700BF88C2002080B483B000AF03467B
:20ED6000FB71044AFB79137000BF0C37BD465DF8047B704788C2002080B400AF024B18465A
:20ED8000BD465DF8047B70478CC2002080B584B000AF78600023FB7300F08AFA154B5B685F
:20EDA00007F10F014FF0FF321846F2F74DF80346012BF3D1FB7B012B18D1FEF74DFA034606
:20EDC000002B09D1FDF73EFA0346072B04D0FDF7EBFD0346002B0BD0FCF770F80346002BB9
:20EDE00006D100F069FBFFF775FD01E000BFD5E700BFD3E710C3002080B584B000AF7860C8
:20EE00000023FB817B689B7906339AB24C4B1A80FB895A1CFA811A464A4B65219954FB8945
:20EE20005A1CFA811A46474B02219954444B1988FB895A1CFA811A46C9B2424B9954404B5A
:20EE40001B881B0A99B2FB895A1CFA811A46C9B23C4B99547B681968FB895A1CFA811A46A2
:20EE6000C9B2384B99547B681B68190AFB895A1CFA811A46C9B2334B99547B681B68190CD8
:20EE8000FB895A1CFA811A46C9B22E4B99547B681B68190EFB895A1CFA811A46C9B2294B6B
:20EEA0009954FB895A1CFA811A467B689979254B995400237B730CE07A7BFB89591CF981D9
:20EEC00019467B6813441A7B1E4B5A547B7B01337B737B689B797A7B9A42EDD300233B737C
:20EEE00009E0FB895A1CFA811A46164B002199543B7B01333B733B7B002BF2D0FB895A1CB0
:20EF0000FA811A460F4B00219954FB895A1CFA811A460C4B00219954FB895A1CFA811A469F
:20EF2000084B82219954FB891A46064900200AF0BBFD0023FB8100BF1037BD4680BD00BF45
:20EF40006AC6002018C3002080B582B000AF0023FB802C4B02221A80FB885A1CFA801A46AA
:20EF6000294B65219954FB885A1CFA801A46264B04219954234B1988FB885A1CFA801A4672
:20EF8000C9B2214B99541F4B1B881B0A99B2FB885A1CFA801A46C9B21B4B9954FB885A1C86
:20EFA000FA801A46184BFF219954FB885A1CFA801A46154BFF219954FB885A1CFA801A46F4
:20EFC000114B00219954FB885A1CFA801A460E4B00219954FB885A1CFA801A460A4B8221C2
:20EFE0009954FB881A46084900200AF05DFD01216420F4F765FA0023FB8000BF0837BD46ED
:20F0000080BD00BF6AC6002018C3002080B586B000AF0023FB823B4600221A605A609A601E
:20F02000DA601A614F4B68221A80FB8A5A1CFA821A464D4B65219954FB8A5A1CFA821A46A4
:20F04000494B01219954474B1988FB8A5A1CFA821A46C9B2444B9954424B1B881B0A99B26C
:20F06000FB8A5A1CFA821A46C9B23F4B995400237B7553E07A7D3B4611461846FDF73EFA28
:20F080003968FB8A5A1CFA821A46C9B2364B99543B68190AFB8A5A1CFA821A46C9B2324B7A
:20F0A00099543B68190CFB8A5A1CFA821A46C9B22D4B99543B68190EFB8A5A1CFA821A4643
:20F0C000C9B2294B9954FB8A5A1CFA821A46B979254B995400233B751AE0BB793A7D9A425A
:20F0E0000CD23A7DFB8A591CF982194602F118033B4413F80C2C1C4B5A5406E0FB8A5A1CE1
:20F10000FA821A46184B002199543B7D01333B753B7D072BE1D97B7D01337B757B7D072B1C
:20F12000A8D9FB8A5A1CFA821A460F4B00219954FB8A5A1CFA821A460B4B00219954FB8A4F
:20F140005A1CFA821A46084B82219954FB8A1A46054900200AF0A8FC0023FB8200BF1837DB
:20F16000BD4680BD6AC6002018C3002080B58CB000AF78607B68002B01D1032393E007F19B
:20F1800008032022002118460BF0BAFA0023FB850D23BB85FB8D5A1CFA8530333B446522FB
:20F1A00003F8282CFB8D5A1CFA8530333B44052203F8282CFB8D5A1CFA85BA8DD2B2303380
:20F1C0003B4403F8282CBB8D1B0A9AB2FB8D591CF985D2B230333B4403F8282C7B681A6813
:20F1E000FB8D591CF985D2B230333B4403F8282C7B681B681A0AFB8D591CF985D2B23033F3
:20F200003B4403F8282C7B681B681A0CFB8D591CF985D2B230333B4403F8282C7B681B68FE
:20F220001A0EFB8D591CF985D2B230333B4403F8282CFB8D5A1CFA8519467B689A7901F1B2
:20F2400030033B4403F8282CFB8D07F10802D0187B680C33082219460BF060FAFB8D083378
:20F26000FB85FB8D5A1CFA8530333B44002203F8282CFB8D5A1CFA8530333B44002203F8C2
:20F28000282CFB8D5A1CFA8530333B44822203F8282CFA8D07F10803194600200AF004FCC5
:20F2A0000346BB62BB6A18463037BD4680BDFFFF80B582B000AF0023FB71FB795A1CFA71C6
:20F2C0001A46354B65219954FB795A1CFA711A46314B05219954FB795A1CFA711A462E4B69
:20F2E00007219954FB795A1CFA711A462A4B00219954FB795A1CFA711A46274B6B21995421
:20F30000FB795A1CFA711A46234B02219954FB795A1CFA711A46204B00219954FB795A1CA2
:20F32000FA711A461C4B00219954FB795A1CFA711A46194B02219954FB795A1CFA711A46AF
:20F34000154B7F219954FB795A1CFA711A46124B02219954FB795A1CFA711A460E4B00216F
:20F360009954FB795A1CFA711A460B4B00219954FB795A1CFA711A46074B82219954FB797C
:20F380001A46054900200AF08FFB0023FB7100BF0837BD4680BD00BF18C3002080B584B02B
:20F3A00000AF0346FB710023FB73FB7B5A1CFA731A46404B65219954FB7B5A1CFA731A46E8
:20F3C0003C4B05219954FB7B5A1CFA731A46394B06219954FB7B5A1CFA731A46354B0021E8
:20F3E0009954FB7B5A1CFA731A46324B50219954FB7B5A1CFA731A462E4B01219954FB7BD5
:20F400005A1CFA731A462B4B00219954FB7B5A1CFA731A46274B00219954FB7B5A1CFA7393
:20F420001A46244B01219954FB79032B18D0032B1EDC012B02D0022B08D019E0FB7B5A1C54
:20F44000FA731A461B4B0121995412E0FB7B194A13441846FDF77AFAFB7B0133FB7308E082
:20F46000FB7B5A1CFA731A46124B0321995400E000BFFB7B5A1CFA731A460E4B00219954A6
:20F48000FB7B5A1CFA731A460A4B00219954FB7B5A1CFA731A46074B82219954FB7B1A46DF
:20F4A000044900200AF000FB0023FB7300BF1037BD4680BD18C3002080B588B000AF0423D5
:20F4C000FB833B1D00221A605A609A60DA601A6140F25232002178480BF012F900237B779F
:20F4E00026E07A7F3B1D11461846FCF7E9FF7B68002B1AD0FB8B704A13447A681A60FB8BB4
:20F500000433FB83FB8B5A1CFA831A46B97A6A4B9954FB8B684A13441A4607F1100303CBC0
:20F5200010605160FB8B0833FB837B7F01337B777B7F0C2BD5D900233B7726E03A7F3B1D80
:20F5400011461846FCF7DAFF7B68002B1AD0FB8B594A13447A681A60FB8B0433FB83FB8B95
:20F560005A1CFA831A46B97A534B9954FB8B524A13441A4607F1100303CB10605160FB8B21
:20F580000833FB833B7F01333B773B7F242BD5D90023FB7626E0FA7E3B1D11461846FCF749
:20F5A000CBFF7B68002B1AD0FB8B434A13447A681A60FB8B0433FB83FB8B5A1CFA831A46AF
:20F5C000B97A3D4B9954FB8B3B4A13441A4607F1100303CB10605160FB8B0833FB83FB7E0F
:20F5E0000133FB76FB7E082BD5D90023BB7626E0BA7E3B1D11461846FCF7BEFF7B68002BAF
:20F600001AD0FB8B2C4A13447A681A60FB8B0433FB83FB8B5A1CFA831A46B97A264B9954AC
:20F62000FB8B254A13441A4607F1100303CB10605160FB8B0833FB83BB7E0133BB76BB7E0E
:20F64000042BD5D9FB8B043B9AB21C4B1A801B4B1B88002B2CD0184B65221A70164B012293
:20F660005A70164B1B88DAB2134B9A70134B1B881B0A9BB2DAB2104BDA70FB8B5A1CFA83AB
:20F680001A460D4B00219954FB8B5A1CFA831A46094B00219954FB8B5A1CFA831A46064B3F
:20F6A00082219954FB8B1A46034900200AF0FCF900BF2037BD4680BD18C300206AC60020D8
:20F6C000B0B588B002AF78607B681B6840F26B22934240F029837B681B7B9F2B7CD09F2BD5
:20F6E00000F32283442B73DC102BC0F21D83103B342B00F2198301A252F823F0B3FC01003F
:20F7000029FD010029FD010029FD010029FD010029FD010029FD010029FD010071FC01006A
:20F7200029FD010029FD010029FD010029FD010029FD010029FD010029FD010029FD010091
:20F7400029FD0100D7F801006FFA0100E3FB010029FD010029FD010029FD010029FD0100CD
:20F7600029FD010029FD010029FD010029FD010029FD010029FD0100FFF7010029FD010081
:20F7800029FD010029FD010029FD010029FD010029FD010029FD010029FD010029FD010031
:20F7A00029FD010029FD010029FD010029FD010029FD010029FD010029FD010029FD010011
:20F7C00029FD010029FD010029FD0100A7FA01007F2B00F08F82A7E27B68587B7B68997B31
:20F7E0007B68DC7B7B681D7C7B685B7C7A68927C019200932B46224603F03CF894E27B682A
:20F800005B7B022B56D0022B5DDC002B30D0012B59D100214FF4027009F01CFB4FF47A70C5
:20F82000F2F79CF8012140F2062009F013FB4FF47A70F2F793F8002140F2062009F00AFBB2
:20F840004FF47A70F2F78AF8012140F2071009F001FB40F6B830F2F781F8002140F20710C6
:20F8600009F0F8FA012201212F20FDF711FB31E001214FF4027009F0EDFA012140F20620C7
:20F8800009F0E8FA4FF47A70F2F768F8002140F2062009F0DFFA4FF47A70F2F75FF801213D
:20F8A00040F2071009F0D6FA012200212F20FDF7EFFA0FE020200AF0A1FA0346002B08D0B6
:20F8C000FDF7EAFB05E0002212212F20FDF7E0FA00E000BF28E27B685B7B013B0F2B00F22E
:20F8E000BE8001A252F823F029F901005FFA01003BFA010041FA010049FA010051FA01004B
:20F900005FFA01005FFA01005FFA01005FFA01005FFA01005FFA01005FFA01005FFA010017
:20F920005FFA010059FA01007B689B7BBB757B680F333B61BB7D102B20D13B691B781AB2C8
:20F940003B6901331B781BB21B021BB213431BB29AB2B24B1A823B6902331A78AF4B9A740A
:20F960003B6903331A78AD4BDA743B6904331A78AA4B1A75AA4B01221A7034E0BB7D202BAB
:20F980001DD13B691A78A54B5A753B6901331B781A463B6902331B781B021A433B690333F9
:20F9A0001B781B041A433B6904331B781B0613439A4AC2F816309A4B01225A7013E0BB7D72
:20F9C000302B10D13B691B781AB23B6901331B781BB21B021BB213431BB29AB28F4B5A83A0
:20F9E0008F4B01229A708E4B1B78002B3DD08C4B5B78002B39D08A4B9B78002B35D0884B93
:20FA000000229A70864B9A78854B5A70844B5A78834B1A7002F0D8FE0346FB73FB7B002B24
:20FA200005D1012201212220FDF732FA1DE0002210212220FDF72CFA17E0FDF701FB15E0C1
:20FA40001D200AF091F911E021200AF08DF90DE022200AF089F909E0FDF790F806E000221B
:20FA600012212220FDF714FA00E000BF5CE17B685B7B022B10D102F091FE0346FB75FB7DBA
:20FA8000002B03D11E200AF06FF90BE0002210212320FDF7FDF905E0002212212320FDF7EB
:20FAA000F7F900BF40E17B685B7B032B00F2928001A252F823F000BF23FB0100C9FA0100E9
:20FAC00057FB0100A1FB010020200AF097F9034683F00103DBB2002B1DD006200AF08EF960
:20FAE000034683F00103DBB2002B14D0082200214C480AF005FE062200214B480AF000FEFA
:20FB000000F054F97868FFF731FB20200AF02CF9FDF7D0FB64E0002210214420FDF7B8F9E8
:20FB20005EE020200AF044F9FDF7AAFB0346012B08D1FDF7B3FB03461D2B03D90020FDF706
:20FB400075FB02E00120FDF771FB0822002135480AF0D6FD44E006200AF050F9034683F0F4
:20FB60000103DBB2002B15D020200AF047F9034683F00103DBB2002B0CD0082200212B4858
:20FB80000AF0BEFD00F012F906200AF0EDF8FDF791FB25E0002210214420FDF779F91FE00F
:20FBA00006200AF005F9FDF76BFB0346012B08D1FDF774FB03461D2B03D90020FDF736FB6A
:20FBC00002E00120FDF732FB0822002117480AF097FD05E0002212214420FDF759F900BF26
:20FBE000A2E07B685B7B012B02D0022B36D038E07B689B7B552B1BD0AA2B28D1AA2002F093
:20FC000065FD14200AF0B0F815200AF0D1F8012201212420FDF73CF91FE000BFF0E600204E
:20FC20006CC6002070C60020C408002078C60020552002F04BFD15200AF096F814200AF038
:20FC4000B7F8012201212420FDF722F905E0002210212420FDF71CF900BF08E0FCF718FF27
:20FC600005E0002212212420FDF712F900BF5BE07B685B7B002B15D120200AF0BFF8034609
:20FC8000002B05D106200AF0B9F80346002B03D01F200AF069F80BE0002222211820FDF735
:20FCA000F7F805E0002212211820FDF7F1F800BF3AE07B685B7B002B15D120200AF09EF893
:20FCC0000346002B05D106200AF098F80346002B03D01F200AF06CF80BE0002222211020C6
:20FCE000FDF7D6F805E0002212211020FDF7D0F800BF19E07B685B7B012B14D120200AF060
:20FD00007DF80346002B05D106200AF077F80346002B02D000F062F804E0002222217F201D
:20FD2000FDF7B6F800BF00BF00BF1837BD46B0BD80B582B000AF0023FB7102F077FA0346D4
:20FD40001A46FB791344FB7102F0C0FA03461A46FB791344FB71FB79002B0FD1114B1B7812
:20FD600043F00103DAB20F4B1A700F4B1B7843F00103DAB20C4B1A7001230EE0094B1B7852
:20FD800023F00103DAB2074B1A70074B1B7823F00103DAB2044B1A70002318460837BD46C0
:20FDA00080BD00BF70C6002078C6002080B500AFFFF7BEFF074B1B7843F00803DAB2054BFD
:20FDC0001A70054B1B7843F00803DAB2024B1A7000BF80BD70C6002078C6002080B500AF81
:20FDE000012201217F20FDF753F86420F1F7B6FD07F0CDFB012140F2094009F02BF8012127
:20FE000040F2062009F026F8012140F2072009F021F8012140F20D1009F01CF801214FF403
:20FE2000806009F017F80248F7F7AEFE00BF80BDC4AF002080B500AF052200210C480AF0ED
:20FE40005FFC0B4B00225A70094B00221A70084B00221A71064B00229A70054B0022DA70CC
:20FE6000044B01221A70044B00221A7000BF80BD80C60020CA08002085C6002080B584B063
:20FE800000AF03460A46FB711346BB710023FB73244B1B78FA799A4202D00123FB7318E0EB
:20FEA000FB79022B02D0032B08D012E01D4B9B78BA799A420AD00123FB7307E0194B9B7883
:20FEC000BA799A4204D00123FB7301E000BF00E000BFFB7B002B1DD0134B01221A7007F0DE
:20FEE0000BFA104B1A780F4B5A700E4B9A780D4BDA700C4AFB791370FB79022B02D0032BF1
:20FF000004D00BE0074ABB79937007E0054ABB79937003E0044B00221A7000BF00BF10378A
:20FF2000BD4680BD80C6002085C6002080B582B000AF78607B681B78072B5AD801A252F8FB
:20FF400023F000BF65FF01006DFF010095FF0100CDFF010075FF01007DFF010085FF010024
:20FF60008DFF0100786800F013F943E0786800F0E9F93FE0786800F0C5FC3BE0786800F0A8
:20FF8000DFFC37E0786800F02EFD33E0786800F07DFD2FE0786800F05DFA7B689B78022BBE
:20FFA0000ED0022B10DC002B02D0012B04D00BE0786800F079FA08E0786800F006FB04E082
:20FFC000786800F07DFB00E000BF13E0786800F0F3FB7B689B78002B02D0012B04D007E0AF
:20FFE000786800F019FC03E0786800F06AFC00BF00E000BF00BF0837BD4680BD80B582B000
:020000040002F8
:2000000000AF78607B681B78072B54D801A252F823F000BF350002003D00020065000200E9
:2000200097000200450002004D000200550002005D000200786800F0E1F83DE0786800F045
:2000400096F939E0786800F067FC35E0786800F089FC31E0786800F0D5FC2DE0786800F0CC
:2000600031FD29E07B689B78022B0ED0022B10DC002B02D0012B04D00BE0786800F034FA49
:2000800008E0786800F0ABFA04E0786800F022FB00E000BF10E07B689B78002B02D0012B84
:2000A00004D007E0786800F0C1FB03E0786800F014FC00BF00E000BF00BF0837BD4680BD9A
:2000C00080B582B000AF78607B685B78072B5AD801A252F823F000BFF9000200010102005A
:2000E000290102006101020009010200110102001901020021010200786800F001F943E023
:20010000786800F09DF93FE0786800F00FFC3BE0786800F05DFC37E0786800F0ACFC33E099
:20012000786800F00FFD2FE07B68DB78022B0ED0022B10DC002B02D0012B04D00BE07868B2
:2001400000F039FA08E0786800F0B0FA04E0786800F027FB00E000BF786800F09BF913E04E
:200160007B68DB78002B02D0012B04D007E0786800F09DFB03E0786800F0BAFB00BF7868F6
:2001800000F040FB00E000BF00BF0837BD4680BD80B582B000AF78607B6800221A71134B7B
:2001A0001A78134B1A70052009F002FEFCF7F0FB0F2009F023FE0346002B01D007F0E7F964
:2001C00007F016F80B4B1B78002B05D00A4B1B780133DAB2084B1A70082005F095FF1B20C0
:2001E00005F092FF00BF0837BD4680BDCF080020CE08002057E8002058E80020B0B582B0F8
:2002000000AF7860FCF7A4F80346002B0DD1FCF701F90346002B08D1FCF742F90346002B9A
:2002200003D10120FCF7ECFF02E00020FCF7E8FF02F05EFA0346552B57D1152009F0DEFDCB
:200240000346002B51D0392009F0D8FD0346002B39D00F2009F0D2FD034683F00103DBB221
:20026000002B0AD007F0F8F85A2001F07BFD214B5A221A700F2009F077FD1F4B1B78002B79
:2002800007D11D4B01221A701C4B00221A7007F071F907F0BFF807F07DF807F069F802F099
:2002A00057FB03461C4602F097FB03461D4602F0CFFB03461A462946204602F049FE072077
:2002C00006F03CF811E00C4B00221A700B4B1B78002B0AD1094B01221A700F2009F08EFD5D
:2002E0000346002B01D007F052F900BF0837BD46B0BD00BFB5C6002087C6002088C60020D4
:2003000080B582B000AF78607B6800221A710F2009F074FD034683F00103DBB2002B02D07C
:200320000F2009F021FD07F025F9044B1A78044B1A7000BF0837BD4680BD00BFCF080020B4
:20034000CE08002080B582B000AF786007F022F807F00EF8052009F02BFD0020FCF7C6FE8E
:200360000020FCF74DFF00BF0837BD4680BD80B582B000AF78607B681B79112B32D80C2009
:2003800009F03CFD034683F00103DBB2002B29D002F0AEF90346AA2B0ED1142009F02EFDCC
:2003A0000346002B08D007F0D9FB7B681B790133DAB27B681A7140E002F09AF90346552B13
:2003C0000ED1152009F01AFD0346002B08D007F077F97B681B790133DAB27B681A712CE095
:2003E00002F04EF902F084F90346AA2B05D1142009F004FD0346002B13D102F079F903462E
:20040000552B0CD1152009F0F9FC0346002B06D00C2300210122184602F0ECFB01E002F095
:200420002FF9012005F0ECF8072005F06DFE092005F06AFE392009F0BBFC0837BD4680BD05
:2004400080B483B000AF786000BF0C37BD465DF8047B704780B582B000AF78600B4B1B7847
:20046000032B0BD1094B02221A70094B01221A70052009F09DFC0020FCF7C2FE0020FCF7D2
:2004800035FE00BF0837BD4680BD00BFCE080020CF08002080B483B000AF786000BF0C374F
:2004A000BD465DF8047B704780B582B000AF78600B4B1B78032B0BD1094B02221A70094B77
:2004C00001221A70052009F073FC0020FCF798FE0020FCF70BFE00BF0837BD4680BD00BF20
:2004E000CE080020CF08002080B582B000AF78607B681B79112B32D80C2009F07FFC03467B
:2005000083F00103DBB2002B29D002F0F1F80346AA2B0ED1142009F071FC0346002B08D0F5
:2005200007F01CFB7B681B790133DAB27B681A713EE002F0DDF80346552B0ED1152009F04D
:200540005DFC0346002B08D007F0BAF87B681B790133DAB27B681A712AE002F091F802F031
:20056000C7F80346552B0CD1152009F047FC0346002B06D00C2301210122184602F03AFB62
:2005800013E002F0B5F80346AA2B0CD1142009F035FC0346002B06D030230321012218462E
:2005A00002F028FB01E002F06BF8022005F028F80837BD4680BD80B483B000AF786000BF8D
:2005C0000C37BD465DF8047B704780B483B000AF786000BF0C37BD465DF8047B704780B597
:2005E00082B000AF78607B681B79112B32D80C2009F004FC034683F00103DBB2002B29D0EF
:2006000002F076F80346AA2B0ED1142009F0F6FB0346002B08D007F0A1FA7B681B790133D6
:20062000DAB27B681A713EE002F062F80346552B0ED1152009F0E2FB0346002B08D007F060
:200640003FF87B681B790133DAB27B681A712AE002F016F802F04CF80346552B0CD11520A3
:2006600009F0CCFB0346002B06D00C2301210122184602F0BFFA13E002F03AF80346AA2BBE
:200680000CD1142009F0BAFB0346002B06D0302303210122184602F0ADFA01E001F0F0FFFF
:2006A000032004F0ADFF0837BD4680BD80B483B000AF786000BF0C37BD465DF8047B70477A
:2006C00080B483B000AF786000BF0C37BD465DF8047B704780B582B000AF78607B681B7937
:2006E000112B32D80C2009F089FB034683F00103DBB2002B29D001F0FBFF0346AA2B0ED1B2
:20070000142009F07BFB0346002B08D007F026FA7B681B790133DAB27B681A713EE001F01F
:20072000E7FF0346552B0ED1152009F067FB0346002B08D006F0C4FF7B681B790133DAB25F
:200740007B681A712AE001F09BFF01F0D1FF0346552B0CD1152009F051FB0346002B06D06B
:200760000C2301210122184602F044FA13E001F0BFFF0346AA2B0CD1142009F03FFB03462A
:20078000002B06D0302303210122184602F032FA01E001F075FF042004F032FF0837BD4671
:2007A00080BD80B483B000AF786000BF0C37BD465DF8047B7047FFFF80B582B000AF786092
:2007C00006F0E8FD06F0D4FD052009F0F1FA0020FCF716FD0020FCF789FC084B1B78032B9C
:2007E00008D1064B02221A70054B01221A70052009F0DEFA00BF0837BD4680BDCE080020FA
:20080000CF08002080B483B000AF786000BF0C37BD465DF8047B704780B483B000AF786075
:2008200000BF0C37BD465DF8047B704780B582B000AF78607B681B79112B32D80C2009F058
:20084000DDFA034683F00103DBB2002B29D001F04FFF0346AA2B0ED1142009F0CFFA0346D5
:20086000002B08D007F07AF97B681B790133DAB27B681A7118E001F03BFF0346552B0ED19B
:20088000152009F0BBFA0346002B08D006F018FF7B681B790133DAB27B681A7104E001F0A2
:2008A000EFFE082004F0ACFE0837BD4680BD80B483B000AF786000BF0C37BD465DF8047B3F
:2008C000704780B582B000AF786006F063FD06F04FFD00BF0837BD4680BD80B582B000AF87
:2008E0007860052005F08EFB00BF0837BD4680BD80B483B000AF786000BF0C37BD465DF8F7
:20090000047B704780B483B000AF786000BF0C37BD465DF8047B704780B582B000AF786035
:2009200006F06CFD00BF0837BD4680BD80B483B000AF786000BF0C37BD465DF8047B70479C
:2009400080B582B000AF786006F012FD06F022FD052009F02DFA0020FCF7C8FB00BF083776
:20096000BD4680BDB0B582B000AF786001F0C0FE0346AA2B09D1142009F040FA0346002B97
:2009800003D0072005F0DEF91EE001F0B1FE0346552B16D1152009F031FA0346002B10D096
:2009A00001F0D6FF03461C4602F016F803461D4602F04EF803461A462946204602F0C8FAB0
:2009C00002E001F05DFE00BF00BF0837BD46B0BD80B582B000AF7860082005F095FB00BF62
:2009E0000837BD4680BD80B582B000AF786006F0BFFC06F0CFFC0020FCF778FB00BF083794
:200A0000BD4680BDB0B582B000AF7860082005F07BFB01F06DFE0346AA2B09D1142009F064
:200A2000EDF90346002B03D00A2005F08BF91EE001F05EFE0346552B16D1152009F0DEF9E6
:200A40000346002B10D001F083FF03461C4601F0C3FF03461D4601F0FBFF03461A462946C2
:200A6000204602F075FA02E001F00AFE00BF00BF0837BD46B0BD80B582B000AF7860092090
:200A800005F042FB00BF0837BD4680BD80B582B000AF78607B6800221A71084B00221A7069
:200AA00006F075FD052009F083F906F0A1FB044B00221A7000BF0837BD4680BDCE08002073
:200AC00086C6002080B582B000AF7860FBF7F2FD0346012B2AD1042008F0D4F90346002B0E
:200AE00005D1032008F0CEF90346002B0BD0144B1B7883F00103DBB2002B04D006F03AFDCD
:200B00000F4B01221A700E4B1B78002B08D006F04DFD0346012B0ED1094B00221A700AE061
:200B2000074B00221A7006F032FD04E0044B00221A7006F02CFD00BF0837BD4680BD00BF97
:200B400086C6002080B582B000AF786006F012FD034B00221A7000BF0837BD4680BD00BF3F
:200B600086C6002080B584B000AF0346FB71574B1B78FB730023BB73FB790A2B43D801A2E1
:200B800052F823F0B10B0200B70B0200BD0B0200C70B0200D10B0200E50B0200EF0B02000C
:200BA000F50B0200DB0B0200010C0200FB0B02000023FB732AE00123FB7327E00223FB736D
:200BC0000023BB7322E00223FB730123BB731DE00223FB730223BB7318E00323FB7300234B
:200BE000BB7313E00323FB730123BB730EE00423FB730BE00523FB7308E00623FB7305E086
:200C00000023FB7302E00023FB7300BFFB7B052B08D0FB7B062B05D0392009F0EFF8034695
:200C2000002B01D006F0DEFBBA7BFB7B11461846FFF724F906F0EEFB254B1B78002B02D097
:200C40002248FFF73DFA234B1B78002B03D1204B1B78002B05D01D48FFF768F91D4B0022B9
:200C60001A701A48FFF7CAF9052008F00BF90346002B03D0002009F077F802E0002009F0E4
:200C800097F8072008F0FEF80346002B03D0012009F06AF802E0012009F08AF8062008F051
:200CA000F1F80346002B03D0022009F05DF802E0022009F07DF801F0FBFE06F0C1FB06F090
:200CC000B5FB00BF1037BD4680BD00BF80C6002085C60020CA08002080B582B000AF002363
:200CE000FB710023BB710123FB71374B5B68002B06D0354B5868F91D00230022EFF7ECFFF7
:200D0000324B1B780133DAB2304B1A702F4B1B78052B2DD12D4B00221A701D2009F06EF803
:200D20000346002B17D11E2009F068F80346002B11D1222009F062F80346002B0BD1212044
:200D400009F05CF80346002B05D13B2009F056F80346002B0CD00123BB711D4B5B68002B64
:200D600006D01B4B5868B91D00230022EFF7B4FF184B1B780133DAB2164B1A70154B1B782F
:200D8000132B1CD9134B00221A700223BB71104B5B68002B06D00E4B5868B91D0023002272
:200DA000EFF79AFF0223FB71074B5B68002B06D0054B5868F91D00230022EFF78DFF00BF71
:200DC0000837BD4680BD00BF8CC60020AFC60020FCBE0020B0C6002080B582B000AF002325
:200DE000FB710023BB7104237B71484B5B68002B06D0464B5868791D00230022EFF76CFF51
:200E00000323BB71424B5B68002B06D0404B5868B91D00230022EFF75FFF3E4B1B78013335
:200E2000DAB23C4B1A703B4B1B78012B0FD9394B00221A700423BB71354B5B68002B06D021
:200E4000334B5868B91D00230022EFF745FF324B1B780133DAB2304B1A702F4B1B78042BFE
:200E60001CD92D4B00221A700523BB71284B5B68002B06D0264B5868B91D00230022EFF79C
:200E80002BFF0123FB71254B5B68002B06D0234B5868F91D00230022EFF71EFF204B1B78DA
:200EA0000133DAB21E4B1A701D4B1B780E2B28D91C4B1B78DBB20133DAB21A4B1A70184BB1
:200EC00000221A7005237B71104B5B68002B06D00E4B5868791D00230022EFF7FDFEF9F76E
:200EE000EDFF0346002B0CD10623BB71084B5B68002B06D0064B5868B91D00230022EFF737
:200F0000EBFE00BF0837BD4680BD00BF8CC60020FCBE0020B1C60020B2C6002010C300207D
:200F2000B3C600209AC6002080B483B000AF786000BF0C37BD465DF8047B704780B584B0B1
:200F400000AF786000237B730023FB7307F002FD3A4B5B6807F10D014FF0FF321846EFF770
:200F600073FF0346012BF3D1F9F7A8FF0346FB737B7B013B042B5DD801A252F823F000BF23
:200F8000950F0200A70F020035100200211002002B100200FBF738FC0346BB73BB7B18460B
:200FA00006F006F949E008F07FFE254B1B78DBB2012B05D9224B00221A700020F9F76EFF6E
:200FC00000F070FC1F4B1B781846FFF7CBFD202008F014FF0346002B0DD0062008F00EFFD5
:200FE000034683F00103DBB2002B04D00020FCF71DF900F05FF8062008F000FF0346002BA4
:201000001AD0202008F0FAFE034683F00103DBB2002B11D00020FCF709F900F0BBF80BE0BA
:20102000FB7B184600F026F907E0FB7B184600F077FB02E000BF8BE700BF89E78CC60020FC
:201040009AC600209FC6002080B483B000AF03460A46FB711346BB71FB79002B0FD1BB7938
:20106000082B0CD8BB79012202FA03F39AB2104B1B889BB213439AB20D4B1A8012E0FB797F
:20108000012B0FD1BB79042B0CD8BB790933012202FA03F39AB2064B1B889BB213439AB249
:2010A000034B1A8000BF0C37BD465DF8047B704798C6002080B500AF052007F0E3FE034610
:2010C000002B07D0324B1B7843F02003DAB2304B1A7006E02E4B1B7823F02003DAB22C4BEC
:2010E0001A70062007F0CEFE0346002B07D0284B1B7843F04003DAB2254B1A7006E0244BDB
:201100001B7823F04003DAB2214B1A70072007F0B9FE0346002B07D01D4B1B7863F07F0374
:20112000DAB21B4B1A7006E0194B1B7803F07F03DAB2174B1A70042007F0A4FE0346002B38
:2011400007D0134B5B7843F00103DAB2104B5A7006E00F4B5B7823F00103DAB20C4B5A70C8
:20116000032007F08FFE0346002B07D0084B5B7843F00203DAB2064B5A7006E0044B5B7870
:2011800023F00203DAB2024B5A7000BF80BD00BF70C6002080B500AF052007F073FE0346C9
:2011A000002B07D0324B1B7843F02003DAB2304B1A7006E02E4B1B7823F02003DAB22C4B0B
:2011C0001A70062007F05EFE0346002B07D0284B1B7843F04003DAB2254B1A7006E0244B6A
:2011E0001B7823F04003DAB2214B1A70072007F049FE0346002B07D01D4B1B7863F07F0304
:20120000DAB21B4B1A7006E0194B1B7803F07F03DAB2174B1A70042007F034FE0346002BC7
:2012200007D0134B5B7843F00103DAB2104B5A7006E00F4B5B7823F00103DAB20C4B5A70E7
:20124000032007F01FFE0346002B07D0084B5B7843F00203DAB2064B5A7006E0044B5B78FF
:2012600023F00203DAB2024B5A7000BF80BD00BF78C6002080B584B000AF0346FB7101F0DC
:20128000C5FAFB79002B40F02382112008F0B6FD0346002B10D006F001F80346012B0BD1AB
:2012A000122008F0ABFD034683F00103DBB2002B02D005F09DFF24E005F0F0FF0346012B24
:2012C0000BD1052008F09AFD0346002B05D005F08FFF052008F06CFD13E005F0DFFF03461D
:2012E000012B0ED12A2008F089FD0346002B08D02A2008F05DFD01F0B5F901F065FA05F04F
:2013000077FFFBF709FF0346002B1DD0FBF720F80346012B18D1172008F070FD034683F03C
:201320000103DBB2002B0FD0AC4B1B780133DAB2AA4B1A70A94B1B780E2B05D9A74B002297
:201340001A700020FBF7D2FE2A2008F057FD0346002B06D02A2008F02BFD01F083F901F079
:2013600033FA162008F04AFD0346002B04D0162008F01EFD01F028FA05F084FF0346FB73F8
:20138000FB7B012B02D0FB7B022B17D1944B1B78FA7B9A4202D0934B00221A70914B1B78C0
:2013A0000133DAB28F4B1A708E4B1B78042B08D98C4B00221A7005F07DFF02E0894B0022C1
:2013C0001A70874AFB7B1370302008F017FD0346002B04D0302008F0EBFC01F0F5F93A20AD
:2013E00008F00CFD0346002B04D03A2008F0E0FC01F0EAF9322008F001FD0346002B00F0F6
:20140000C280FBF729FF034683F00103DBB2002B5CD0754B1B785A1CD1B2734A11703C2BDB
:2014200043D8312008F0A0FC6F4B1B78002B2ED06D4B1B78142B2AD8332008F0DFFC03463B
:20144000002B0CD0342008F0D9FC034683F00103DBB2002B03D00120FDF77EFC16E0332041
:2014600008F0CCFC034683F00103DBB2002B09D0342008F0C3FC0346002B03D00020FDF7F5
:201480006BFC03E00020FDF767FC8BE08AE0564B1B78142B40F28680534B1B783C2B00F281
:2014A00081800020FDF758FC7CE04F4B1B783C2B78D9312008F07CFC322008F079FC4A4B6D
:2014C0003D221A700020FDF747FC6BE0FBF7C4FE0346002B66D0444B1B785A1CD1B2424A7C
:2014E00011703C2B3ED8404B1B78002B2ED03E4B1B78142B2AD8332008F080FC0346002B0F
:201500000CD0342008F07AFC034683F00103DBB2002B03D00120FDF71FFC16E0332008F071
:201520006DFC034683F00103DBB2002B09D0342008F064FC0346002B03D00020FDF70CFCE2
:2015400003E00020FDF708FC2CE02BE0264B1B78142B27D9244B1B783C2B23D80020FDF7BE
:20156000FBFB1FE0204B1B783C2B1BD9312008F01FFC322008F01CFC1B4B3D221A700020E8
:20158000FDF7EAFB0EE0184B00221A700020FDF7E3FB312008F00CFC332008F009FC34208E
:2015A00008F006FC172008F029FC0346002B1FD0FBF752FE034683F00103DBB2002B17D0D9
:2015C0000A4B1B780133DAB2084B1A70074B1B783C2B0DD8182008F0C7FB31E09EC60020CE
:2015E000A9C60020A8C60020AAC60020ACC60020172008F003FC0346002B12D0454B1B7805
:201600003C2B0ED9FBF728FE034683F00103DBB2002B06D03F4B3D221A70182008F0C8FBB0
:201620000EE0172008F0EAFB034683F00103DBB2002B05D0374B00221A70182008F0B8FB4A
:2016400001F056F80346552B60D1152008F0D6FB0346002B5AD0FAF723FF0346012B15D147
:20166000FAF776FE0346002B10D12B4B1B780133DAB2294B1A70284B1B78012B06D9264B67
:2016800002221A70392008F06FFB3FE0FAF708FF0346012B0BD1FAF75BFE0346012B06D1E3
:2016A0001D4B00221A70392008F082FB2EE0FAF7F7FE0346002B29D1FAF74AFE0346002B39
:2016C00024D1154B00221A70392008F071FB1DE0FB79022B1AD1114B1B780133DAB20F4BBA
:2016E0001A700E4B1B781D2B09D8FAF731FE0346012B04D0FAF78EFE0346012B06D1074BC7
:2017000000221A700020F9F7C9FBFFE700BF1037BD4680BDACC60020ADC60020A8C600206A
:2017200080B584B000AF0346FB71FB79002B40F096801A2008F062FB0346002B10D0534B76
:201740001B8801339AB2514B1A80504B1B88B3F5B45F05D31A2008F02BFB4C4B00221A80B4
:20176000352008F04BFB0346002B10D0484B1B8801339AB2464B1A80454B1B88EF2B09D972
:20178000434B00221A80352008F012FB02E0404B00221A801B2008F031FB0346002B15D0C4
:2017A0001A2008F02BFB0346002B0FD01B2008F0FFFA01F02BF801F007F81C2008F0D4FA4C
:2017C00001F00AF903461A46324B1A701B2008F015FB034683F00103DBB2002B26D01C2078
:2017E00008F00CFB0346002B20D001F0F5F80346FB73284B1B78FA7B9A4205D3254B1B78BF
:20180000FA7BD31ADBB206E0224B1B78FA7BD31ADBB23C33DBB2BB73BB7B0E2B06D91C2050
:2018200008F0C6FA00F0F2FF00F0CEFF07F04EF9F0EE407A184BC3ED007A174BD3ED007A53
:201840009FED167AF4EEC77AF1EE10FA03DD252008F08AFA16E0252008F0AAFA12E0FB7982
:20186000022B0FD10E4B1B780133DAB20C4B1A700B4B1B78012B05D9094B00221A700020BB
:20188000F9F70CFB00BF1037BD4680BDA4C60020A6C600209BC60020A0C60020000061C4C9
:2018A000B4C6002080B500AFF9F708FB0346002B40F0DE80854B4FF416721A80844B00228F
:2018C0001A701F2008F09AFA0346002B03D0814B06221A70F8E0FAF7B5FC0346072B03D125
:2018E0007C4B09221A70EFE0042008F087FA0346002B09D0282008F081FA0346002B03D0B1
:20190000744B00221A70DFE0262008F077FA0346002B00F09D80282008F070FA034683F007
:201920000103DBB2002B00F093806B4B1B7883F00103DBB2002B79D0684B1B780133DAB221
:20194000664B1A70664B1B78062B73D801A252F823F000BF711902008D190200A9190200D5
:20196000C5190200E1190200FD190200191A0200584B00221A70594B1B78312B5CD9574B85
:2019800000221A70564B01221A7055E0514B06221A70524B1B78182B50D9504B00221A70E7
:2019A0004F4B02221A7049E04A4B00221A704B4B1B78182B44D9494B00221A70484B0322F4
:2019C0001A703DE0434B06221A70444B1B78182B38D9424B00221A70414B04221A7031E024
:2019E0003C4B00221A703D4B1B78182B2CD93B4B00221A703A4B05221A7025E0354B06223C
:201A00001A70364B1B78182B20D9344B00221A70334B06221A7019E02E4B00221A702E4BFA
:201A200001221A70282008F09FF910E0294B00221A7049E000BF47E000BF45E000BF43E03C
:201A400000BF41E000BF3FE000BF3DE000BF3BE0FAF770FC03461A461E4B1A701F4B00228D
:201A60001A701F4B00221A701B4B00221A702BE0F9F724FA0346012B1DD1144B1B88013302
:201A80009AB2124B1A80114B1B88042B1CD90F4B00221A800E4B1B78142B02D90C4B00224B
:201AA0001A700C4B07221A70094B1B780133DAB2074B1A7008E0F9F701FA0346022B03D1F2
:201AC000044B0A221A70FFE700BF80BDCC080020ABC600209FC60020AEC600209CC60020FF
:201AE0009DC6002080B483B000AF0346FB71044AFB79137000BF0C37BD465DF8047B7047C3
:201B00009AC6002080B400AF034B00221A7000BFBD465DF8047B7047AAC6002080B400AFA8
:201B2000034B00221A7000BFBD465DF8047B70479EC6002080B400AF044B1B6807EE903A66
:201B4000B0EE670ABD465DF8047B7047A0C6002080B582B000AF0023FB7162B600BF00F0F6
:201B600037F80346002B02D0FB790133FB7106F061FE0346002B02D0FB790133FB71FB79B9
:201B8000002B12D108F090F80D490E4807F00AFF0D4807F053F80D4807F0D8FF002140F2FE
:201BA0000D1007F057F9EFF75DFF08F07DF84FF47A714FF47A70F1F783FC00BFF5E700BFF6
:201BC000D90D0200D90C02000DAF0100E9DE010080B582B000AF0023FB7108F045F803468E
:201BE0001A46FB791344FB7107F022F903461A46FB791344FB71002007F086F903461A461D
:201C0000FB791344FB7107F06DF903461A46FB791344FB7172B600BF07F0CAFC03461A4603
:201C2000FB791344FB71002007F0E2FC03461A46FB791344FB7106F0ADFF03461A46FB79D9
:201C40001344FB7107F062FE03461A46FB791344FB7107F0A9FD03461A46FB791344FB710D
:201C6000002007F0E3FE03461A46FB791344FB7108F01AF807F018FD03461A46FB79134402
:201C8000FB7107F037FB03461A46FB791344FB7106F0F0FE03461A46FB791344FB710F49B3
:201CA0000F48F5F753FF0346DAB2FB791344FB7107F0FAFF002140F2062007F0CBF800213F
:201CC00040F2094007F0C6F8012140F2031007F0C1F8FB7918460837BD4680BD20C3020087
:201CE000C4AF002080B582B000AF0346FB71FB79002B13D1002140F20B4007F0ABF8142097
:201D0000EFF72CFE002140F2031007F0A3F8002000F028F8124B00221A701CE0012140F232
:201D2000031007F097F81420EFF718FE002140F20B4007F08FF83220EFF710FE012140F224
:201D40000B4007F087F807F069FA5A2000F00AF8034B5A221A7000BF0837BD4680BD00BFAB
:201D6000B5C6002080B582B000AF0346FB71FB79184607F03DFC00BF0837BD4680BD80B588
:201D800082B000AF0023FB7100F010F800F026F80346FB71FB79002B03D000F01FF8034656
:201DA000FB71FB7918460837BD4680BD80B500AF00214FF4867007F04DF801214FF4867091
:201DC00007F048F8012140F2033007F043F801214FF4417007F03EF800BF80BD80B582B06D
:201DE00000AF0023FB71474B012283F82F2000233B603A46BB1D1146184606F04BF90346D8
:201E0000002B07D03F4B002283F82F20FB790133DBB273E03B4BD3F81B30B3F5807F04D9A2
:201E2000384B012283F82E2003E0364B002283F82E20344B00225A72002242F001029A7214
:201E4000304B0022DA73002242F010021A7400225A7400229A742B4BD3F813301B01294A71
:201E6000C2F81330274BD3F81330264AD2F80F2002FB03F3234AB2F8092092B2B3FBF2F372
:201E8000204AC2F80B301F4BD3F80F301B011D4AC2F81F301B4BD3F813301A4AD2F80F2012
:201EA00002FB03F39B0A174AC2F82730164806F0B1F903461A46FB791344FB7113490120BD
:201EC00006F0DEF903461A46FB791344FB711049022006F0D5F903461A46FB791344FB7136
:201EE0000C49032006F0CCF903461A46FB791344FB71044B002283F82F20FB791846083783
:201F0000BD4680BDB8C60020B9C60020E3C60020E4C60020E5C6002080B584B000AF034685
:201F20003960FB711346BB800023FB7300BF0F4B93F82F30002BFAD10C4B012283F82F203A
:201F40000A4B93F82E20BB88F879396806F02EFB03461A46FB7B1344FB73044B002283F80F
:201F60002F20FB7B18461037BD4680BDB8C6002080B5CAB000AF07F59473A3F58E731860A7
:201F800007F59473A3F59073196007F59473A3F592731A600023A7F82631032387F82331FE
:201FA0004E4B93F82E30002B1ED0B7F826315A1CA7F826211A46022107F59473A3F58A7309
:201FC000995407F59473A3F590731B68190EB7F826315A1CA7F826211A46C9B207F594738C
:201FE000A3F58A7399540BE0B7F826315A1CA7F826211A46022107F59473A3F58A7399540A
:2020000007F59473A3F590731B68190CB7F826315A1CA7F826211A46C9B207F59473A3F5A2
:202020008A73995407F59473A3F590731B68190AB7F826315A1CA7F826211A46C9B207F539
:202040009473A3F58A739954B7F826315A1CA7F826211A4607F59473A3F590731B68D9B289
:2020600007F59473A3F58A7399540023A7F8243118E0B7F8243107F59472A2F58E721268B5
:202080001A44B7F82631591CA7F826111946127807F59473A3F58A735A54B7F8243101332A
:2020A000A7F82431B7F8243107F59472A2F5927212689A42DDD8B7F8262107F11403114624
:2020C000184606F057FA034687F8233197F82331184607F59477BD4680BD00BFB8C600205A
:2020E00080B5D0B000AF07F5A073A3F59A73186007F5A073A3F59C73196007F5A073A3F57A
:202100009E731A600023A7F83E31032387F83D31454B93F82E30002B1ED0B7F83E315A1CCA
:20212000A7F83E211A460B2107F5A073A3F59873995407F5A073A3F59C731B68190EB7F867
:202140003E315A1CA7F83E211A46C9B207F5A073A3F5987399540BE0B7F83E315A1CA7F804
:202160003E211A460B2107F5A073A3F59873995407F5A073A3F59C731B68190CB7F83E3159
:202180005A1CA7F83E211A46C9B207F5A073A3F59873995407F5A073A3F59C731B68190AF5
:2021A000B7F83E315A1CA7F83E211A46C9B207F5A073A3F598739954B7F83E315A1CA7F8E0
:2021C0003E211A4607F5A073A3F59C731B68D9B207F5A073A3F598739954B7F83E315A1C49
:2021E000A7F83E211A4607F5A073A3F5987300219954B7F83E1107F5A073A3F59E7307F50F
:20220000A072A2F59A7207F110001B68126806F084F9034687F83D3197F83D31184607F504
:20222000A077BD4680BD00BFB8C6002080B582B000AF0023FB714FF47A7200210220FFF7DD
:202240006BFE0346002B08D0FB790133FB711D4B1B8801339AB21B4B1A800023BB8007E0E5
:20226000BB88BA88D1B2184AD154BB880133BB80BB88B3F5805FF3D300237B8018E07B8874
:20228000114A134479884FF480721846FFF770FE0346002B08D0FB790133FB71094B5B88FD
:2022A00001339AB2074B5A807B8803F580737B807B88B3F5805FE2D3FB7918460837BD4636
:2022C00080BD00BFE8C60020F0C6002080B582B000AF0023FB710023BB8018E0BB88194ABD
:2022E0001344B9884FF480721846FFF7F9FE0346002B08D0FB790133FB71134B9B880133B1
:202300009AB2114B9A80BB8803F58073BB80BB88B3F5805FE2D34FF480520C49094807F061
:2023200024F90346002B08D0FB790133FB71064BDB8801339AB2044BDA80FB791846083732
:20234000BD4680BDF0D60020E8C60020F0C6002080B584B000AF78600023FB734FF47A7203
:2023600079680320FFF7D8FD0346002B08D0FB7B0133FB73054B1B8801339AB2034B1A80CF
:20238000FB7B18461037BD4680BD00BFE8C6002080B588B000AFF860B9607A600023FB7759
:2023A0000023BB617B68C3F1FF1303F57F43FA689A4220D9012323E07A68BB69D31A7B614E
:2023C0007B69B3F5807F28BF4FF480733B61BA68BB69D018FA68BB6913443A691946FFF7B6
:2023E000C7FD0346002B02D00123FB7707E0BA693B691344BB61BA697B689A42DCD3FB7F11
:2024000018462037BD4680BD80B588B000AFF860B9607A6000237B760023FB820023FB830B
:2024200000237B777B68C3F1FF1303F57F43FA689A4204D97B7E01337B767B7E3FE07B68F0
:202440001B0AFB827B68DBB2002B01D07B687B7700237B8319E0FB8BBA68D018FA8BFB6807
:2024600013444FF480721946FFF73AFE0346002B04D07B7E01337B767B7E20E0FB8B03F566
:202480008073FB837B8B01337B837A8BFB8A9A42E1D37B7F002B11D0FB8BBA68D018FA8B5E
:2024A000FB6813447A7F1946FFF71AFE0346002B04D07B7E01337B767B7E00E07B7E184666
:2024C0002037BD4680BDFFFF80B584B000AF786039600023FB730023BB7317E07868FFF72F
:2024E00037FF0346002B04D17B6803F580537B600AE00123BB73FB7B0133FB73094B5B8849
:2025000001339AB2074B5A8007F0CEFB7A683B689A4202D2BB7B002BE0D0FB7B18461037EE
:20252000BD4680BDE8C6002080B485B000AF0346FB710023FB73FB79013B052B2AD801A2AA
:2025400052F823F05D250200652502006D2502007D250200852502008D250200114BDB7AC5
:20256000FB7317E00F4B1B7BFB7313E00D4BB3F80D309BB2DBB26C3BFB730BE0094B1B7AA2
:20258000FB7307E0074B5B7AFB7303E0054B9B7AFB7300BFFB7B18461437BD465DF8047BE6
:2025A000704700BFF0E6002080B483B000AF03460A46FB711346BB71FB79013B052B2CD82B
:2025C00001A252F823F000BFE1250200E9250200F1250200032602000B2602001326020073
:2025E000114ABB79D37218E00F4ABB79137314E0BB799BB203F26C739AB20B4BA3F80D2049
:202600000BE0094ABB79137207E0074ABB79537203E0054ABB79937200BF00BF0C37BD4663
:202620005DF8047B704700BFF0E6002080B500AF0B4BDB7B012B03D1292007F095FB0CE00E
:20264000074BDB7B002B03D1292007F0B1FB04E0292007F089FB00F005F800BF80BD00BF97
:20266000F0E6002080B500AF292007F0C7FB03461A46024BDA7300BF80BD00BFF0E600208A
:2026800080B500AF104B5B7FAA2B06D1142007F06BFB152007F08CFB13E00B4B5B7F552B8E
:2026A00006D1152007F060FB142007F081FB08E0AA2000F00BF8142007F056FB152007F0C8
:2026C00077FB00BF80BD00BFF0E6002080B582B000AF0346FB71054AFB795377162007F052
:2026E00043FB00BF0837BD4680BD00BFF0E6002080B400AF034B5B7F1846BD465DF8047B69
:20270000704700BFF0E6002080B483B000AF7860044A7B68136000BF0C37BD465DF8047BE2
:20272000704700BFF0E6002080B483B000AF0346FB71044AFB79137700BF0C37BD465DF8BC
:20274000047B7047F0E6002080B400AF034B1B7F1846BD465DF8047B704700BFF0E60020E1
:2027600080B483B000AF03460A46FB711346BB80FB79012B02D0022B04D007E0064ABB88BD
:20278000938003E0044ABB88D38000BF00BF0C37BD465DF8047B7047F0E6002080B582B0B3
:2027A00000AF0523FB714FF480620549054806F075FE0346FB71FB7918460837BD4680BDA7
:2027C000F0E60020C0FB070080B582B000AF0523FB710B4B3B600B49386806F03FFE034636
:2027E000FB71FB79002B06D180220749386806F0CFFD0346FB71FB7918460837BD4680BD9D
:20280000C0FB070040FC0700F0E6002080B500AF174806F0A5FF164BDB68DBB2194601202F
:20282000FFF7C2FE124B1B69DBB219460220FFF7BBFE0F4B5B69DBB219460320FFF7B4FE6F
:202840000B4B9B68DBB219460420FFF7ADFE084B5B68DBB219460520FFF7A6FE044B1B68DB
:20286000DBB219460620FFF79FFE00BF80BD00BF70E7002090B583B000AF0446084611466B
:202880001A462346FB710346BB710B467B7113463B71FB79FF2B4AD0FB79002B47D0FB796A
:2028A0001F2B44D8FB79002B41D0BB79FF2B40D0BB79002B3DD0BB790C2B3AD8BB79002B4C
:2028C00037D07B79FF2B36D07B79002B33D03B79FF2B32D03B79172B2FD83B7EFF2B2ED0ED
:2028E0003B7E3B2B2BD83B7FFF2B2AD03B7F3B2B27D87B797C2B02D97B79872B01D97D2323
:202900007B71FB79114AD360BB79104A13617B790E4A53613B790D4A93603B7E0B4A536008
:202920003B7F0A4A1360094806F0F6FE0AE000BF08E000BF06E000BF04E000BF02E000BFA2
:2029400000E000BF0C37BD4690BD00BF70E7002080B483B000AF0023FB71174B9B680C2BCE
:2029600008DD154B9B68DBB20C3BFB71134B01221A7019E0104B9B68002B05D10C23FB71D1
:202980000E4B00221A700FE00B4B9B680C2B05D10C23FB71094B01221A7005E0064B9B6808
:2029A000FB71064B00221A70FB7918460C37BD465DF8047B704700BF70E7002094E700203A
:2029C00080B400AF034B9B68DBB21846BD465DF8047B704770E7002080B400AF034B5B68DF
:2029E000DBB21846BD465DF8047B704770E7002080B400AF034B1B68DBB21846BD465DF8F0
:202A0000047B704770E7002080B400AF034BDB68DBB21846BD465DF8047B704770E70020A5
:202A200080B400AF034B1B69DBB21846BD465DF8047B704770E7002080B400AF034B5B69FC
:202A4000DBB21846BD465DF8047B704770E7002080B400AF034B1B781846BD465DF8047B8D
:202A6000704700BF94E7002080B485B000AF0346FB710023FB600DE00C4AFB68134493F971
:202A8000003097F907209A4201D1FB6807E0FB680133FB60FB68272BEEDD4FF0FF33184616
:202AA0001437BD465DF8047B704700BF18CD020080B400AF0E4B1B780133DAB20C4B1A7027
:202AC0000B4B1B78022B0ED9094B00221A70094B1B7883F00103DBB2002B14BF01230023C9
:202AE000DAB2044B1A7000BFBD465DF8047B704749E8002051E8002080B483B000AF03461B
:202B0000FB71FB79092B01D9002301E0034B1B7818460C37BD465DF8047B704751E800205A
:202B200080B489B000AFF860B9607A60FB68FB617B6800221A70FB68002B25D17B681B78E6
:202B40005A1CD1B27A6811709B00BA68134400221A6048E0F969264BA3FB0123DA08134671
:202B60009B0013445B00CA1A7B681B78591CC8B2796808709B00B9680B441A60FB691C4A17
:202B8000A2FB0323DB08FB61FB69002BE2D10023BB6120E0BB699B00BA6813441B687B611B
:202BA0007B681B785A1EBB69D31A9B00BA681A44BB699B00B9680B4412681A607B681B7862
:202BC0005A1EBB69D31A9B00BA6813447A691A60BB690133BB617B681B785B08DBB21A46C1
:202BE000BB699342D6DB2437BD465DF8047B7047CDCCCCCC80B487B000AF0346FB710B46F1
:202C0000BB7113467B717B79002B16D1BB795B00FB600322FB6802FA03F3FB72FB791E4A90
:202C2000D35C5AB297F90B30DB435BB213405AB2FB79D1B2184AD15428E003237B71BB7938
:202C40005B007B6103227B6902FA03F3FB74FB79114AD35C5AB297F91330DB435BB2134078
:202C60005AB2FB79D1B20C4AD154FB790A4AD35C5AB27B7903F003017B6901FA03F35BB206
:202C800013435AB2FB79D1B2034AD15400BF1C37BD465DF8047B704798E7002080B586B0BF
:202CA00000AF396011461A460346FB710B46BB7113467B710023FB8297F82430063B0C2BA3
:202CC00000F28C8001A252F823F000BF252D0200012D0200312D0200DD2D02003D2D0200DB
:202CE0000D2D0200DD2D0200DD2D0200192D0200492D0200552D0200612D02006D2D020010
:202D0000FB793A4A32F81330FB8235E0FB79384A32F81330FB822FE0FB79364A32F813306C
:202D2000FB8229E0FB79344A32F81330FB8223E0FB79324A32F81330FB821DE0FB79304A69
:202D400032F81330FB8217E0FB792E4A32F81330FB8211E0FB792C4A32F81330FB820BE00C
:202D6000FB792A4A32F81330FB8205E0FB79284A32F81330FB8200BF97F82020BB799A422E
:202D80002ED23B68002B2DD000237B7521E097F820307A7903FB02F27B7D13445B003A6844
:202DA00013443B61FA8A7B7D42FA03F303F00103002B01D0032300E00023FB733B691878B4
:202DC0003B695B78FA7B1946FFF714FF7B7D01337B757A7D7B799A42D9D304E000BF02E08B
:202DE00000BF00E000BF1837BD4680BD24CC02003CCC020068CC0200B8CC0200C0CC0200A0
:202E0000C8CC0200D8CC02000CCD0200FCCC0200F0CC020080B58AB002AF0346FB710B46ED
:202E2000BB7113467B7107F1100300221A605A609A60DA600023FB73FB7907F10F0207F186
:202E400010011846FFF76CFEFB7B012B0BD13B69D8B20B230193012300930B2319223B4991
:202E6000FFF71CFF15E03B69D8B20B230193002300930B2319223549FFF710FF7B69D8B24C
:202E80000B230193012300930B2319222F49FFF705FF3C23002103221846FFF7ABFE07F144
:202EA000100310220021184607F02AFCBB7907F10F0207F110011846FFF732FEFB7B012BC5
:202EC00016D13B69D8B20B230193032300930B2319221E49FFF7E2FE7B69D8B20B2301938C
:202EE000022300930B2319221849FFF7D7FE15E03B69D8B20B230193022300930B2319227F
:202F00001249FFF7CBFE7B69D8B20B230193032300930B2319220D49FFF7C0FE7B79002B1C
:202F200006D13923032103221846FFF763FE08E07B79012B05D13723022103221846FFF78C
:202F400059FE00BF2037BD4680BD00BFE8CD020080B58AB002AF0346FB710B46BB711346A3
:202F60007B7107F1100300221A605A609A60DA600023FB73FB7907F10F0207F1100118465B
:202F8000FFF7CEFDFB7B012B11D10023032100221846FFF72FFE3B69D8B2072301930023F3
:202FA000009307230C223849FFF778FE10E00023032101221846FFF71DFE7B69D8B20723D8
:202FC00001930023009307230C222F49FFF766FE0123032101221846FFF70CFE07F11003A9
:202FE00010220021184607F08BFBBB7907F10F0207F110011846FFF793FDFB7B012B16D1F0
:203000003B69D8B2072301930223009307230C221D49FFF743FE7B69D8B2072301930123C7
:20302000009307230C221849FFF738FE15E03B69D8B2072301930123009307230C221249CD
:20304000FFF72CFE7B69D8B2072301930223009307230C220C49FFF721FE7B79002B06D1B4
:203060000323072101221846FFF7C4FD08E07B79012B05D14B23032101221846FFF7BAFD2C
:2030800000BF2037BD4680BD40CD020080B586B000AF03460A46FB711346BB71FFF728FB0E
:2030A0000346552B40F09F80152006F0A7FE0346002B00F09880F9F73DF90346052B40F0DD
:2030C0008B80FB79632B02D91423FB750EE0FB79042B09D9FB79013BA04A82FB0312521060
:2030E000DB17D31ADBB200E00023FB759C4B1B8801339AB29A4B1A80994B1B88182B21D9A4
:20310000974B00221A80974B1B781A46FB7DC3F114039A4206DA934B1B780133DAB2914B30
:203120001A7002E08F4B00221A700D2006F066FE0346002B03D00D2006F03AFE02E00D2065
:2031400006F012FE0023BB7542E000237B75BA7DFB7D9A4202D201237B7516E0FB7D814A35
:2031600012781A44BB7D9A4202DB01237B750CE0BA7DFB7D9A4206D17A4B1B78002B02D1BE
:2031800001237B7501E000237B75FB795F2B0AD9FB79632B07D8BB7D132B04D10D2006F0F7
:2031A0002DFE03467B75BB7D6F4AD35C1A466F4B13F81200BB7D6C4AD35C6C4A5B001344CF
:2031C0005B787A7D1946FFF715FDBB7D0133BB75BB7D132BB9D920E1624B00221A70604B15
:2031E00000221A8019E1FFF783FA0346AA2B40F01481142006F002FE0346002B00F00D81A7
:20320000F9F798F80346052B40F09480FB79632B02D914233B750EE0FB79042B09D9FB79C6
:20322000013B4E4A82FB03125210DB17D31ADBB200E000233B754E4B1B780133DAB24C4B24
:203240001A704B4B1B78012B21D9494B00221A70484B1B781A463B7DC3F114039A4206DA90
:20326000444B1B780133DAB2424B1A7002E0414B00221A700D2006F0C1FD0346002B03D013
:203280000D2006F095FD02E00D2006F06DFD0023FB7445E00023BB74FA7C3B7D9A4202D223
:2032A0000323BB7416E03B7D324A12781A44FB7C9A4202DB0323BB740CE0FA7C3B7D9A422C
:2032C00006D12C4B1B78002B02D10323BB7401E00023BB74FB795F2B0FD9FB79632B0CD8BB
:2032E000FB7C132B09D10D2006F088FD0346002B01D0032300E00023BB74FB7C6133FB7282
:20330000FB7A1D4A12F81300FB7A1B4A5B0013445B78BA7C1946FFF76DFCFB7C0133FB7447
:20332000FB7C132BB6D9F8F7DFFF0346184600F03BFA72E00F4B00221A700D4B00221A7054
:2033400000237B74FB79002B02D100237B7420E0FB795F2B12D914237B741AE06766666635
:203360006EE8002070E8002030D9020070C8020071E8002072E8002030C70200FB79013B7E
:20338000284A82FB03125210DB17D31ADBB201337B74FB79002B04D0FB79052B01D8012324
:2033A00000E000237B7300233B747B7B002B09D00020FFF7A1FB0346012B01D1032300E051
:2033C00000233B740023FB7323E00023BB737B7B002B05D0FB7B002B08D13B7CBB7305E0FC
:2033E000FA7B7B7C9A4201D20323BB73FB7B61333B733B7B0C4A12F813003B7B0A4A5B0018
:2034000013445B78BA7B1946FFF7F4FBFB7B0133FB73FB7B132BD8D9FFE700BF1837BD4695
:2034200080BD00BF6766666630C7020080B58CB002AF0346FB710B46BB7113467B7107F16D
:203440000C0300221A605A609A60DA601A615A610023FB72002387F82730FB7907F10B029B
:2034600007F10C011846FFF75BFB7B79002B06D00120FFF741FB034687F8273002E0012330
:2034800087F8273097F82720FB7911461846FFF7FDFDBB79002B6ED197F82730002B02D1E5
:2034A000FB7A012B5BE0FB7A012B1CD10923032100221846FFF79EFBFB68D8B20B23019394
:2034C000112300930B2319222D49FFF7E7FB3B69D8B20B230193102300930B2319222849DE
:2034E000FFF7DCFB3BE0FB7A022B1CD10923032100221846FFF77EFBFB68D8B20B23019367
:20350000102300930B2319221D49FFF7C7FB3B69D8B20B230193112300930B2319221849DD
:20352000FFF7BCFB1BE00923032103221846FFF761FB3B69D8B20B230193102300930B23DA
:2035400019220F49FFF7AAFB7B69D8B20B230193112300930B2319220949FFF79FFB5C237C
:20356000002101221846FFF745FB0723022101221846FFF73FFB00BF2837BD4680BD00BF58
:20358000E8CD020080B58CB002AF0346FB710B46BB7113467B7107F10C0300221A605A607E
:2035A0009A60DA601A615A610023FB72002387F82730FB7907F10B0207F10C011846FFF746
:2035C000AFFA7B79002B06D00120FFF795FA034687F8273002E0012387F8273097F82720D6
:2035E000FB7911461846FFF751FDBB79002B40F0BD8097F82730002B56D1FB7A012B1AD1CE
:203600000923002100221846FFF7F4FA072301930B23009307230C2262490A20FFF73EFB1E
:20362000072301930A23009307230C225D490A20FFF734FB94E0FB7A022B1AD10923002171
:2036400000221846FFF7D6FA072301930A23009307230C2253490A20FFF720FB07230193B9
:203660000B23009307230C224E490A20FFF716FB76E00923002100221846FFF7BBFA072371
:2036800001930A23009307230C2246490A20FFF705FB072301930B23009307230C2241496E
:2036A0000A20FFF7FBFA5BE0FB7A012B1CD10923002100221846FFF79DFAFB68D8B20723BB
:2036C00001930B23009307230C223649FFF7E6FA3B69D8B2072301930A23009307230C22E4
:2036E0003049FFF7DBFA3BE0FB7A022B1CD10923002100221846FFF77DFAFB68D8B207238B
:2037000001930A23009307230C222649FFF7C6FA3B69D8B2072301930B23009307230C22D3
:203720002049FFF7BBFA1BE00923002101221846FFF760FA3B69D8B2072301930A230093B0
:2037400007230C221749FFF7A9FA7B69D8B2072301930B23009307230C221249FFF79EFAEA
:203760000723022101221846FFF744FA0723002101221846FFF73EFA4B2306210122184637
:20378000FFF738FA0723032101221846FFF732FA4B23042101221846FFF72CFA00BF2837C2
:2037A000BD4680BD40CD020080B586B002AF0346FB800023FB730023BB7300237B730023C4
:2037C0003B730023FB720023BB72FB883D4AA2FB03235B099BB2FB73FA883A4BA3FB0213B5
:2037E00059090B461B015B1A9B00D31A9BB2BB73FB7B354AA2FB0323DB087B73FA7B324B07
:20380000A3FB0213D9080B469B000B445B00D31A3B73BB7B2C4AA2FB0323DB08FB72BA7BEF
:20382000294BA3FB0213D9080B469B000B445B00D31ABB721523032101221846FFF7DAF92A
:20384000FB7B002B1CD01823002101221846FFF7D1F9387B0B230193162300930B23192294
:203860001A49FFF71BFA7B7B002B09D0787B0B230193152300930B2319221449FFF70EFA9C
:203880001323022101221846FFF7B4F9B87A0B230193182300930B2319220C49FFF7FEF93E
:2038A000FB7A002B09D0F87A0B230193172300930B2319220549FFF7F1F900BF1037BD46EE
:2038C00080BD00BF89888888CDCCCCCCE8CD020080B483B000AF0346FB80FB88642B02D91C
:2038E000FB88742B08D9FB88772B02D9FB887E2B02D9FB88992B01D1012300E0002303F08B
:203900000103DBB218460C37BD465DF8047B704780B483B000AF0346FB71FB79042B17D88A
:2039200001A252F823F000BF3D3902004139020045390200493902004D390200012308E03C
:20394000022306E0032304E0042302E0052300E0052318460C37BD465DF8047B704700BF2B
:20396000B0B586B000AF0023FB8200237B7504233B750023FB740023BB7400237B7400235A
:203980003B740023FB7378E0FB7B1846F8F7B2FE0346BB80BB88002B69D0BB881846FFF75A
:2039A00097FF0346002B1DD08B4B1B78012B14D18A4B1B78012B09D9884B02221A7001237B
:2039C0003B7400237B740123BB740BE001237B7400233B740023BB7404E07F4B01221A7056
:2039E0000023BB740023BB603DE07D49BA6813465B0013445B000B441B88BA889A422FD1BC
:203A00007749BA6813465B0013445B000B4402331B783A7D9A422CD3724B01221A70704992
:203A2000BA6813465B0013445B000B4402331B783B75BB88FB826A49BA6813465B00134497
:203A40005B000B4403331B78FB746549BA6813465B0013445B000B4404331B787B7508E05D
:203A6000BB680133BB60BB68802BBED902E000BF00E000BFFB7B0133FB73FB7B042B83D916
:203A8000FB7C002B02D1574B00221A70554B1B78002B00F09D80504B1B78002B05D0BB7C93
:203AA000002B02D02323FB740BE04B4B1B78002B07D0BB7C83F00103DBB2002B01D02023C4
:203AC000FB74FEF715FE0346AA2B05D1142006F095F90346002B14D1FEF70AFE0346552BA4
:203AE0000FD1152006F08AF90346002B09D044240125F8F7B9FC03461A4629462046FFF745
:203B000079F8FB8A002B5ED0FB7C002B5BD03B7D1846FFF7FDFE0346FB71FB79013B3249A2
:203B2000FA7901F81320FB79013B2F4A5B001344FA7C5A70FB8A1846FFF7CAFE0346002BB6
:203B40000ED0254B1B78002B0AD07B7C002B02D002237B7504E03B7C002B01D001237B75CB
:203B60007B7D002B33D07B7D012B02D0022B24D028E0FEF7BDFD0346552B0CD1152006F080
:203B80003DF90346002B06D04423002101221846FFF730F815E0FEF7ABFD0346AA2B10D1ED
:203BA000142006F02BF90346002B0AD02023032103221846FFF71EF803E03E2006F0D4F870
:203BC00000E000BF03E0074B00221A7000E000BF00BF1837BD46B0BD57E8002058E8002089
:203BE0001CC9020050E800203CE80020B0B582B000AF0E2006F0DCF8102006F0D9F83E20AF
:203C000006F0D6F80020FEF777FF0346FB71F8F7BBFB0346012B06D1FB79002B12D00E2000
:203C200006F0A2F80EE0F8F7A1FB0346012B03D10E2006F099F805E01E2002F065FA1F20CA
:203C400002F062FAFEF754FD0346552B11D1152006F0D4F80346002B0BD0032403250E2062
:203C600006F0CCF803461A4629462046FEF7C2FF15E0FEF73DFD0346AA2B10D1142006F009
:203C8000BDF80346002B0AD02C2401250E2006F0B5F803461A4629462046FEF7ABFFFFF7C7
:203CA0005FFEF8F7C5FB0346012B02D0042002F02BFAF8F7CBFB0346012B11D1FB79002BCB
:203CC00011D0102006F050F820240325102006F095F803461A4629462046FEF78BFF02E097
:203CE000032002F011FAFEF703FD0346552B1CD1152006F083F80346002B16D04424032569
:203D0000102006F07BF803461A4629462046FEF771FF44240025102006F070F803461A4663
:203D200029462046FEF766FF07E0FEF7E1FC0346AA2B02D1142006F061F800BF0837BD4626
:203D4000B0BDFFFF80B58AB000AF03463960FB711346BB7107F10C0300221A605A609A60B0
:203D6000DA601A615A610023FB72002387F82730FB79002B0ED13B68AA4AA2FB0323DB088F
:203D80003B6007F10B0207F10C0319463868FEF7C7FE07E007F10B0207F10C0319463868D1
:203DA000FEF7BEFEBB79002B0CD00220FEF7A4FE034687F8273097F82730002B05D10A232B
:203DC000FB7202E0012387F82730FB79032B00F2D18001A252F823F0E93D0200373E020016
:203DE000933E0200ED3E0200FEF782FC0346AA2B0CD1142006F002F80346002B06D02A239A
:203E0000002101221846FEF7F5FEB5E0FEF770FC0346552B40F0B080152005F0EFFF034698
:203E2000002B00F0A9804B20052197F827301A46FEF7E0FEA0E0FEF75BFC0346552B14D11A
:203E4000152005F0DBFF0346002B0ED04520042197F827301A46FEF7CDFE4C20002197F860
:203E600027301A46FEF7C6FE88E0FEF741FC0346AA2B40F08380142005F0C0FF0346002B8B
:203E80007CD04620012197F827301A46FEF7B2FE74E0FEF72DFC0346552B14D1152005F019
:203EA000ADFF0346002B0ED04520042197F827301A46FEF79FFE4D20002197F827301A46CE
:203EC000FEF798FE5CE0FEF713FC0346AA2B57D1142005F093FF0346002B51D048200221F6
:203EE00097F827301A46FEF785FE49E0FEF700FC0346552B1ED1152005F080FF0346002B15
:203F000018D04B23052101221846FEF773FE4523042101221846FEF76DFE4C23002101221D
:203F20001846FEF767FE4D23002101221846FEF761FE27E0FEF7DCFB0346AA2B22D114204B
:203F400005F05CFF0346002B1CD02A23002101221846FEF74FFE4620012197F827301A46B2
:203F6000FEF748FE4820022197F827301A46FEF741FE07E000BF06E000BF04E000BF02E031
:203F800000BF00E000BFFEF7B3FB0346552B14D1152005F033FF0346002B0ED0FB7A07F157
:203FA0000C021146184600F09DFA4F20042197F827301A46FEF71EFE30E0FEF799FB0346EA
:203FC000AA2B2BD1142005F019FF0346002B25D0FB79002B07D1FB7A07F10C0211461846BF
:203FE00000F022F80CE0FB79012B02D0FB79022B06D1FB7A07F10C021146184600F0CCF9FC
:204000004120032197F827301A46FEF7F3FD4420002197F827301A46FEF7ECFD00BF283729
:20402000BD4680BDCDCCCCCC80B584B002AF03463960FB71FB79012B40D13B681B68D8B246
:204040000B2301930F2300930B231922A349FEF725FE3B6804331B68D8B20B2301930E2392
:2040600000930B2319229D49FEF718FE3B6808331B68D8B20B2301930D2300930B2319227A
:204080009649FEF70BFE3B680C331B68D8B20B2301930C2300930B2319229049FEF7FEFD9E
:2040A0003B6810331B68D8B20B2301930B2300930B2319228949FEF7F1FD61E1FB79022B89
:2040C00040D13B681B68D8B20B2301930E2300930B2319228149FEF7E1FD3B6804331B6836
:2040E000D8B20B2301930F2300930B2319227B49FEF7D4FD3B6808331B68D8B20B2301930F
:204100000D2300930B2319227449FEF7C7FD3B680C331B68D8B20B2301930C2300930B235C
:2041200019226E49FEF7BAFD3B6810331B68D8B20B2301930B2300930B2319226749FEF75D
:20414000ADFD1DE1FB79032B40D13B681B68D8B20B2301930D2300930B2319225F49FEF7C9
:204160009DFD3B6804331B68D8B20B2301930E2300930B2319225949FEF790FD3B680833CD
:204180001B68D8B20B2301930F2300930B2319225249FEF783FD3B680C331B68D8B20B23F5
:2041A00001930C2300930B2319224C49FEF776FD3B6810331B68D8B20B2301930B230093CD
:2041C0000B2319224549FEF769FDD9E0FB79042B40D13B681B68D8B20B2301930C230093EC
:2041E0000B2319223D49FEF759FD3B6804331B68D8B20B2301930D2300930B231922374930
:20420000FEF74CFD3B6808331B68D8B20B2301930E2300930B2319223049FEF73FFD3B6839
:204220000C331B68D8B20B2301930F2300930B2319222A49FEF732FD3B6810331B68D8B2B8
:204240000B2301930B2300930B2319222349FEF725FD95E0FB79052B42D13B681B68D8B213
:204260000B2301930B2300930B2319221B49FEF715FD3B6804331B68D8B20B2301930C230F
:2042800000930B2319221549FEF708FD3B6808331B68D8B20B2301930D2300930B231922F1
:2042A0000E49FEF7FBFC3B680C331B68D8B20B2301930E2300930B2319220849FEF7EEFCAD
:2042C0003B6810331B68D8B20B2301930F2300930B2319220149FEF7E1FC51E0E8CD0200F7
:2042E000FB79062B4CD13B681B68D8B20B2301930A2300930B2319222649FEF7CFFC3B688F
:2043000004331B68D8B20B2301930B2300930B2319222049FEF7C2FC3B6808331B68D8B266
:204320000B2301930C2300930B2319221949FEF7B5FC3B680C331B68D8B20B2301930D23A7
:2043400000930B2319221349FEF7A8FC3B6810331B68D8B20B2301930E2300930B2319228A
:204360000C49FEF79BFC3B6814331B68D8B20B2301930F2300930B2319220649FEF78EFCA7
:204380002723022101221846FEF734FC00BF0837BD4680BDE8CD020080B584B002AF0346B2
:2043A0003960FB71FB79012B19D13B6804331B68D8B20B230193062300930B23192248490F
:2043C000FEF76CFC3B681B68D8B20B230193072300930B2319224249FEF760FC7CE0FB793C
:2043E000022B19D13B681B68D8B20B230193062300930B2319223A49FEF750FC3B68043371
:204400001B68D8B20B230193072300930B2319223349FEF743FC5FE0FB79032B26D13B687C
:204420001B68D8B20B230193052300930B2319222B49FEF733FC3B6804331B68D8B20B23DC
:204440000193062300930B2319222549FEF726FC3B6808331B68D8B20B23019307230093B4
:204460000B2319221E49FEF719FC35E0FB79042B32D13B681B68D8B20B230193042300937B
:204480000B2319221649FEF709FC3B6804331B68D8B20B230193052300930B231922104934
:2044A000FEF7FCFB3B6808331B68D8B20B230193062300930B2319220949FEF7EFFB3B686A
:2044C0000C331B68D8B20B230193072300930B2319220349FEF7E2FB00BF0837BD4680BD4C
:2044E000E8CD020080B584B002AF03463960FB71FB79012B46D14623072100221846FEF7E0
:2045000079FB3B681B68D8B2072301930723009307230C228A49FEF7C1FB3B6804331B68C3
:20452000D8B2072301930623009307230C228449FEF7B4FB3B6808331B68D8B20723019305
:204540000523009307230C227D49FEF7A7FB3B680C331B68D8B2072301930423009307235A
:204560000C227749FEF79AFB3B6810331B68D8B2072301930323009307230C227049FEF753
:204580008DFBACE1FB79022B46D14623072100221846FEF72FFB3B681B68D8B207230193B0
:2045A0000623009307230C226549FEF777FB3B6804331B68D8B20723019307230093072346
:2045C0000C225F49FEF76AFB3B6808331B68D8B2072301930523009307230C225849FEF759
:2045E0005DFB3B680C331B68D8B2072301930423009307230C225249FEF750FB3B681033E3
:204600001B68D8B2072301930323009307230C224B49FEF743FB62E1FB79032B46D1462392
:20462000072100221846FEF7E5FA3B681B68D8B2072301930523009307230C224049FEF7FF
:204640002DFB3B6804331B68D8B2072301930623009307230C223A49FEF720FB3B68083308
:204660001B68D8B2072301930723009307230C223349FEF713FB3B680C331B68D8B20723C2
:2046800001930423009307230C222D49FEF706FB3B6810331B68D8B207230193032300939E
:2046A00007230C222649FEF7F9FA18E1FB79042B48D14623072100221846FEF79BFA3B6858
:2046C0001B68D8B2072301930423009307230C221B49FEF7E3FA3B6804331B68D8B20723B6
:2046E00001930523009307230C221549FEF7D6FA3B6808331B68D8B207230193062300938B
:2047000007230C220E49FEF7C9FA3B680C331B68D8B2072301930723009307230C2208491F
:20472000FEF7BCFA3B6810331B68D8B2072301930323009307230C220149FEF7AFFACEE076
:2047400040CD0200FB79052B46D14623072100221846FEF74FFA3B681B68D8B207230193D2
:204760000323009307230C225F49FEF797FA3B6804331B68D8B20723019304230093072371
:204780000C225949FEF78AFA3B6808331B68D8B2072301930523009307230C225249FEF784
:2047A0007DFA3B680C331B68D8B2072301930623009307230C224C49FEF770FA3B681033E7
:2047C0001B68D8B2072301930723009307230C224549FEF763FA82E0FB79062B47D1462391
:2047E000072101221846FEF705FA3B6804331B68D8B2072301930323009307230C223A49E3
:20480000FEF74CFA3B6808331B68D8B2072301930423009307230C223349FEF73FFA3B6855
:204820000C331B68D8B2072301930523009307230C222D49FEF732FA3B6810331B68D8B2D1
:20484000072301930623009307230C222649FEF725FA3B6814331B68D8B207230193072324
:20486000009307230C222049FEF718FA37E04623072100221846FEF7BDF907230193032326
:20488000009307230C2218490A20FEF707FA072301930423009307230C2213490A20FEF761
:2048A000FDF9072301930523009307230C220E490A20FEF7F3F9072301930623009307232B
:2048C0000C2209490A20FEF7E9F9072301930723009307230C2204490A20FEF7DFF900BF81
:2048E0000837BD4680BD00BF40CD0200B0B584B002AF0346FB71FDF7FBFE0346AA2B58D138
:20490000142005F07BFA0346002B52D03E23052101221846FEF76EF9FB79013B042B46D802
:2049200001A252F823F000BF3D4902004B490200594902008B490200674902009023022198
:2049400001221846FEF756F932E04023022101221846FEF74FF92BE041230021012218462B
:20496000FEF748F924E09123012101221846FEF741F9912400250320FEF7BEF803461A4626
:2049800029462046FEF736F912E09123012101221846FEF72FF9412401250320FEF7ACF871
:2049A00003461A4629462046FEF724F900E000BF12E1FDF79DFE0346552B40F00D8115208A
:2049C00005F01CFA0346002B00F006814A23002101221846FEF70EF9FB79013B042B00F205
:2049E000FA8001A252F823F0FD490200474A0200914A0200534B0200DB4A02000B2001F0A2
:204A000083FB0C2001F080FB12230193002300930523012272490020FEF740F911230193E5
:204A2000002300930A2301226E490320FEF736F910230193002300930C2301226A490220CE
:204A4000FEF72CF9C8E00B2001F05EFB0C2001F05BFB122301930023009305230122604939
:204A60000120FEF71BF911230193002300930A2301225C490020FEF711F910230193002390
:204A800000930C23012258490320FEF707F9A3E00B2001F039FB0C2001F036FB122301938E
:204AA00000230093052301224D490320FEF7F6F811230193002300930A23012249490520D4
:204AC000FEF7ECF810230193002300930C23012245490020FEF7E2F87EE012230193002367
:204AE0000093052301223E490320FEF7D7F811230193002300930A2301223A490420FEF700
:204B0000CDF810230193002300930C23012236490020FEF7C3F84B23002101221846FEF7AD
:204B200069F8482407250320FDF7E6FF03461A4629462046FEF75EF84A23022101221846A6
:204B4000FEF758F80B2001F0DFFA0C2001F0F6FB42E01223019300230093052301222049B8
:204B60000320FEF79BF811230193002300930A2301221C490420FEF791F8102301930023CB
:204B800000930C23012218490020FEF787F84B23002101221846FEF72DF84A24012503205A
:204BA000FDF7AAFF03461A4629462046FEF722F84A23022101221846FEF71CF84A23032120
:204BC00001221846FEF716F80C2001F09DFA0B2001F0B4FB00E000BF00BF0837BD46B0BDC5
:204BE0005CD6020068D602007CD6020080B58CB002AF786007F1100300221A605A609A6098
:204C0000DA601A615A610023FB7307F10F0207F1100319467868FDF783FFFDF769FD034627
:204C2000552B68D1152005F0E9F80346002B62D0FB7B012B1CD10523002100221846FDF7BE
:204C4000D9FF3B69D8B2072301930923009307230C226149FEF722F87B69D8B20723019394
:204C60000823009307230C225B49FEF717F83BE0FB7B022B1CD10523002100221846FDF70E
:204C8000B9FF3B69D8B2072301930823009307230C225149FEF702F87B69D8B207230193A5
:204CA0000923009307230C224B49FDF7F7FF1BE00523002101221846FDF79CFF7B69D8B29D
:204CC000072301930823009307230C224249FDF7E5FFBB69D8B20723019309230093072348
:204CE0000C223D49FDF7DAFF0723042101221846FDF780FF6BE0FDF7FBFC0346AA2B66D165
:204D0000142005F07BF80346002B60D0FB7B012B16D13B69D8B20B230193142300930B23E2
:204D200019222E49FDF7BAFF7B69D8B20B230193132300930B2319222849FDF7AFFF3AE085
:204D4000FB7B022B16D13B69D8B20B230193132300930B2319222149FDF7A0FF7B69D8B23C
:204D60000B230193142300930B2319221B49FDF795FF20E03B69D8B20B230193122300939A
:204D80000B2319221549FDF789FF7B69D8B20B230193132300930B2319221049FDF77EFFA4
:204DA000BB69D8B20B230193142300930B2319220A49FDF773FF6323012101221846FDF77A
:204DC00019FF0E23032101221846FDF713FF00BF2837BD4680BD00BF40CD0200E8CD0200FC
:204DE00080B58CB002AF0346FB800B467B7113463B7107F10C0300221A605A609A60DA60FA
:204E00001A615A610023FB72002387F827307B79002B05D1FB88A24AA2FB03235B09FB80CD
:204E2000FB8807F10B0207F10C011846FDF778FE3B79012B0CD10220FDF75EFE034687F826
:204E4000273097F82730002B05D10423FB7202E0012387F82730FDF74BFC0346552B40F070
:204E60009C80152004F0CAFF0346002B00F09580FB7A013B032B7DD801A252F823F000BFB8
:204E8000914E0200CB4E0200054F02003F4F02004423072100221846FDF7ACFEFB68D8B296
:204EA0000F230193012300930B2302227D49FDF7F5FE3B69D8B20F230193002300930B239E
:204EC00002227849FDF7EAFE55E04423072100221846FDF78FFEFB68D8B20F230193002376
:204EE00000930B2302226F49FDF7D8FE3B69D8B20F230193012300930B2302226949FDF7A8
:204F0000CDFE38E04423072101221846FDF772FE3B69D8B20F230193002300930B2302223E
:204F20006049FDF7BBFE7B69D8B20F230193012300930B2302225B49FDF7B0FE1BE0442336
:204F4000072100221846FDF755FE0F230193002300930B23022253490B20FDF79FFE0F230A
:204F60000193012300930B2302224E490B20FDF795FE00E000BF7B79002B07D1412004212F
:204F800097F827301A46FDF735FE84E04123032101221846FDF72EFE7DE0FDF7A9FB0346D9
:204FA000AA2B78D1142004F029FF0346002B72D0FB7A013B032B62D801A252F823F000BFF5
:204FC000D14F02000B500200455002007F5002008323002100221846FDF70CFEFB68D8B2B8
:204FE0000B230193092300930B2319222E49FDF755FE3B69D8B20B230193082300930B232D
:2050000019222949FDF74AFE3AE08323002100221846FDF7EFFDFB68D8B20B23019308238C
:2050200000930B2319222049FDF738FE3B69D8B20B230193092300930B2319221A49FDF772
:205040002DFE1DE08323002101221846FDF7D2FD3B69D8B20B230193082300930B23192206
:205060001149FDF71BFE7B69D8B20B230193092300930B2319220C49FDF710FE00E000BF7B
:205080007B79002B07D17020012197F827301A46FDF7B0FDFFE700BF2837BD4680BD00BF7D
:2050A0001F85EB5110D00200E8CD020080B588B000AF0346FB71FDF71BFB0346552B69D199
:2050C000152004F09BFE0346002B63D04E4A07F1080307CA03C31A80F7F72CF90346022B12
:2050E00040F08C800A23042101221846FDF782FD0023FB7718E0FB7F20333B4413F8183CF6
:205100001A46424B13F81200FB7F20333B4413F8183C3E4A5B0013445B7800221946FDF758
:2051200069FDFB7F0133FB77FB7F092BE3D9FB790A2B65D8FB791B01354A1344BB611023E4
:20514000FB750023BB7718E0BB7FBA69134493F900301A462D4B13F81200BB7FBA69134479
:2051600093F90030294A5B0013445B7801221946FDF740FDBB7F0133BB77BA7FFB7D9A429B
:205180003CD2BB7FBA69134493F90030B3F1FF3FDAD133E0FDF7ACFA0346AA2B31D1142003
:2051A00004F02CFE0346002B2BD0F7F7C3F80346022B26D10023BB7500237B771AE07B7FF0
:2051C0004D337B757A7FFB799A4234BF01230023DBB2BB757B7D0F4A12F813007B7D0D4A62
:2051E0005B0013445B78BA7D1946FDF703FD7B7F01337B777B7F132BE1D902E000BF00E00D
:2052000000BF2037BD4680BD94D6020070C8020044D9020030C70200B0B584B002AF0346E7
:20522000FB71F7F755F803461C46F7F7E5FB03461A4600212046FFF7D3FDFDF759FA0346C8
:20524000AA2B10D1142004F0D9FD0346002B0AD0072004F0D3FD03461A46FB7900211846C5
:20526000FEF7E4F814E0FDF743FA0346552B0FD1152004F0C3FD0346002B09D0072004F03E
:20528000BDFD03461A46FB7900211846FEF77AF9F7F704F80346002219460020FEF752FD38
:2052A000B44B1B78013B032B00F2A08101A252F823F000BFC5520200E3520200015302007A
:2052C0000F5402000020F6F7CDFF03461C46032004F094FD03461A4621460120FEF732FDE8
:2052E00087E10120F6F7BEFF03461C46032004F085FD03461A4621460220FEF723FD78E197
:205300003D2004F07BFD0346002B43D00120F6F7A9FF0346002219460220FEF713FDFDF7A2
:20532000E7F90346AA2B1CD1142004F067FD0346002B16D0232400250420FDF7DDFB0346F7
:205340001A4629462046FDF755FC252401250420FDF7D2FB03461A4629462046FDF74AFCC7
:2053600046E1FDF7C5F90346552B40F04181152004F044FD0346002B00F03A810A240525B8
:205380000420FDF7B9FB03461A4629462046FDF731FC2DE10120F6F765FF03460022194658
:2053A0000220FEF7CFFCFDF7A3F90346AA2B12D1142004F023FD0346002B0CD0232300217B
:2053C00001221846FDF716FC2523012101221846FDF710FC10E0FDF78BF90346552B0BD14E
:2053E000152004F00BFD0346002B05D00A23052101221846FDF7FEFB052004F0FFFC034615
:20540000002B40F0F5800D2000F07EFEF0E00120F6F728FF0346002219460220FEF792FCAF
:205420003F2004F0EBFC0346002B6ED0292004F0E5FC0346002B2ED00020FDF75DFB03463B
:20544000002B28D00B230193152300930B23192249491120FDF722FC0B23019316230093D0
:205460000B23192244491120FDF718FC0B230193172300930B2319223F490D20FDF70EFC52
:205480000B230193182300930B2319223A490A20FDF704FCAAE0292004F0B0FC034683F043
:2054A0000103DBB2002B00F0A1800020FDF724FB0346002B00F09A800B23019315230093E1
:2054C0000B2319222C491120FDF7E8FB0B230193162300930B23192227491120FDF7DEFB81
:2054E0000B230193172300930B23192222491020FDF7D4FB0B230193182300930B2319225D
:205500001D491520FDF7CAFB70E0292004F076FC0346002B32D00020FDF7EEFA0346002B52
:205520002CD00B230193152300930B23192212491120FDF7B3FB0B230193162300930B238F
:2055400019220D491120FDF7A9FB0B230193172300930B23192208491020FDF79FFB0B23BC
:205560000193182300930B23192203491520FDF795FB3BE0CE080020E8CD0200292004F056
:205580003DFC034683F00103DBB2002B2ED00020FDF7B2FA0346002B28D00B230193152336
:2055A00000930B23192215491120FDF777FB0B230193162300930B23192210491120FDF785
:2055C0006DFB0B230193172300930B2319220B490D20FDF763FB0B230193182300930B23DA
:2055E000192206490A20FDF759FBFFE700BF00E000BF00BF0837BD46B0BD00BFE8CD020087
:20560000B0B588B002AF0346FB71CA4B00221A80172000F079FD182000F076FD192000F055
:2056200073FD1A2000F070FD1B2000F06DFDF6F767FE0346FB75FDF75BF80346552B2ED1B4
:20564000152004F0DBFB0346002B28D00723032101221846FDF7CEFA4B2304210122184640
:20566000FDF7C8FA0723002101221846FDF7C2FA4B23062101221846FDF7BCFAFDF768F9E3
:2056800003461C46FDF7A8F903461D46FDF7E0F903461A4629462046FDF75AFC38E0FDF77D
:2056A00027F80346AA2B33D1142004F0A7FB0346002B2DD08723012101221846FDF79AFA99
:2056C0003723012101221846FDF794FA3E23012101221846FDF78EFA0C23002101221846FA
:2056E000FDF788FA1A23012101221846FDF782FAFDF72EF903461C46FDF76EF903461D4617
:20570000FDF7A6F903461A4629462046FDF782FBF6F7D2FD03461846FFF768FAFB79032BAA
:2057200002D0FB79042B03D1FB790133DBB202E0F6F7F2FD0346BB75BB7D1846FFF7D6F85A
:20574000FB7D052B03D8072004F00EFB02E0072004F02EFBF6F75EFE0346012B15D1FCF7E5
:20576000C7FF0346AA2B10D1142004F047FB0346002B0AD00C2402250020FDF7BDF9034642
:205780001A4629462046FDF735FAFB7D1846FFF743FDF6F731FE0346012B02D00A2000F028
:2057A000B3FCF6F71BFE0346012B09D10620FDF7A3F90346002B14BF01230023DBB207E02D
:2057C000F6F7FEFD0346012B0CBF01230023DBB27B75F6F757FE03463B75574B1B78022B40
:2057E00000F29D813B7D042B00F2958101A252F823F000BF095802003B580200B7580200E2
:2058000045590200C15902004C4B00221A700F2000F07AFC122000F077FC132000F074FCCC
:20582000142000F071FC2B2004F0C2FA2D2004F0BFFA2C2004F0BCFA71E1404B00221A7063
:205840000F2000F061FC132000F05EFC142000F05BFC0B230193152300930B23192238495D
:205860001120FDF71BFA0B230193162300930B23192233491120FDF711FA0B23019317234F
:2058800000930B2319222E491320FDF707FA0B230193182300930B23192229490A20FDF7E4
:2058A000FDF92C2004F084FA2D2004F081FA2B2004F05AFA33E1214B00221A70122000F097
:2058C00023FC132000F020FC142000F01DFC0B230193152300930B23192219491120FDF7B0
:2058E000DDF90B230193162300930B23192214491120FDF7D3F90B230193172300930B23D0
:2059000019220F491220FDF7C9F90B230193182300930B2319220A490A20FDF7BFF92B209F
:2059200004F022FA2D2004F043FA2C2004F040FAF5E000BF4EE80020CE08002059E800201E
:20594000E8CD0200A74B00221A702B2004F00CFA2C2004F009FA2D2004F02AFA0B23019343
:20596000152300930B2319229F491120FDF796F90B230193162300930B2319229A4911204C
:20598000FDF78CF90B230193172300930B23192295490B20FDF782F90B230193182300938E
:2059A0000B23192290491520FDF778F9122000F0ABFB0F2000F0A8FB142000F0A5FBAEE02F
:2059C0002C2004F0F5F92B2004F0F2F92D2004F0CBF91123FB741423BB740B237B740A2317
:2059E0003B740323FB730623BB73BB7B1A46920013447B737B4B1B787A7B9A4228D8F87C02
:205A00000B230193152300930B2319227649FDF745F9F87C0B230193162300930B23192234
:205A20007149FDF73BF9787C0B230193172300930B2319226C49FDF731F90B2301931823C8
:205A400000930B23192268491520FDF727F958E0644B1A78BB7BB2FBF3F3DBB2C3F10503C5
:205A60003B73604B1B78BA7BB3FBF2F101FB02F29B1AFB72F87C0B230193152300930B2333
:205A800019225949FDF70AF9F87C0B230193162300930B2319225449FDF700F9FA7AFB7B53
:205AA0009A4214D2B87C0B230193172300930B2319224D49FDF7F2F8387B0B2301931823D4
:205AC00000930B2319224849FDF7E8F813E0387C0B230193172300930B2319224249FDF747
:205AE000DDF8387C0B230193182300930B2319223D49FDF7D3F83B4B1B780133DAB2394B82
:205B00001A70122000F000FB0F2000F0FDFA132000F0FAFA03E0334B00221A7000BF2E2097
:205B200004F06CF90346002B16D0304B1B78042B12D02F4B1B785A1CD1B22D4A1170192B51
:205B400002D801F0BFFA07E001F028FB2E2004F02FF9274B00221A7001F098FCFEF746F886
:205B6000244B1B781846FFF7A1FAFB79184601F0EDF8F6F78BFD0346002B41D0F6F7DAFBD0
:205B80000346042B3CD0F6F7D5FB0346032B37D0194B1B7883F00103DBB2002B05D0164BEA
:205BA00001221A70154B00221A70144B1B78232B11D8124B1B780133DAB2104B1A709124B9
:205BC00001250020FCF798FF03461A4629462046FDF710F81AE09123012100221846FDF737
:205BE00009F813E059E80020E8CD0200CE0800205BE8002056E800205CE800205AE800201C
:205C00004E4B00221A704E4B00221A703E2004F0F5F80346002B0AD0902402250020FCF77F
:205C20006BFF03461A4629462046FCF7E3FFFCF75FFD0346AA2B41D1142004F0DFF80346E0
:205C4000002B3BD02E2002217B7D1A46FCF7D2FF07240125F6F7A6FB03461A462946204624
:205C6000FCF7C8FF57240125F6F79CFB03461A4629462046FCF7BEFF79240325002004F03E
:205C8000BDF803461A4629462046FCF7B3FF20240125022004F0B2F803461A462946204684
:205CA000FCF7A8FF33240025012004F0A7F803461A4629462046FCF79DFF3BE0FCF718FDEA
:205CC0000346552B36D1152004F098F80346002B30D0042005217B7D1A46FCF78BFF07247D
:205CE0000125F6F75FFB03461A4629462046FCF781FF05240725002004F080F803461A46BC
:205D000029462046FCF776FF03240125022004F075F803461A4629462046FCF76BFF032474
:205D20000225012004F06AF803461A4629462046FCF760FF00BF1837BD46B0BD5CE8002013
:205D40005AE80020B0B586B002AF0346FB7114237B73FB79072B40F086802C240125002049
:205D6000FCF7CAFE03461A4629462046FCF742FF6E4B1B780133DAB26C4B1A706B4B1B7820
:205D8000012B10D9694B00221A70694B1B780133DAB2674B1A70664B1B787A7B9A4202D85C
:205DA000634B00221A700023FB731BE0604B1B78FA7B9A4294BF01230023DBB2FB72FB7B64
:205DC0004D33BB72BB7A5B4A12F81300BB7A594A5B0013445B78FA7A1946FCF70BFFFB7B7C
:205DE0000133FB73FA7B7B7B9A42DFD30B2301930A2300930B2319224F490B20FCF74EFF1A
:205E00000B2301930B2300930B2319224A490C20FCF744FF0B2301930C2300930B231922B4
:205E200045490D20FCF73AFF0B2301930D2300930B23192240490E20FCF730FF0B230193F2
:205E40000E2300930B2319223B490F20FCF726FF0B2301930F2300930B23192236491020AB
:205E6000FCF71CFF5EE0FB790A2B5BD12C23012101221846FCF7BEFE0023BB7312E0BB7BE7
:205E80004D333B733B7B2B4A12F813003B7B294A5B0013445B7803221946FCF7ABFEBB7B88
:205EA0000133BB73BA7B7B7B9A42E8D30B2301930A2300930B2319221F490B20FCF7EEFE61
:205EC0000B2301930B2300930B2319221A490C20FCF7E4FE0B2301930C2300930B23192285
:205EE00015490D20FCF7DAFE0B2301930D2300930B23192210490E20FCF7D0FE0B23019354
:205F00000E2300930B2319220B490F20FCF7C6FE0B2301930F2300930B23192206491020AB
:205F2000FCF7BCFE00BF1037BD46B0BD73E8002074E8002030C70200E8CD020080B487B02C
:205F400000AF3B600346FB710B46BB711346BB80FA7913461B019B1A9B001A46BB7913440E
:205F60007B61BB887A6913443B613B69234AA2FB03235909224BA3FB01231A0913465B00F0
:205F80001344DB00CA1A1346FB7339691B4BA3FB01235A0913461B019B1A9B00CA1AD2B2CA
:205FA0003B6A1A70FB7B002B06D13B680C221A707B6A00221A701BE0FB7B0C2B06D13B682C
:205FC0000C221A707B6A01221A7011E0FB7B0C2B08D9FB7B0C3BDAB23B681A707B6A01227A
:205FE0001A7005E03B68FA7B1A707B6A00221A7000BF1C37BD465DF8047B7047898888883E
:20600000ABAAAAAAB0B582B000AF0346FB71F6F753F903461846FEF7E9FDF6F77DF9034675
:206020001846FEF763FCF6F76BF90346002200211846FDF7FBF901F029FAFDF7D7FDFCF7BC
:2060400057FB0346552B2ED1152003F0D7FE0346002B28D00723032101221846FCF7CAFD34
:206060000723032101221846FCF7C4FD0723002101221846FCF7BEFD4B230621012218460D
:20608000FCF7B8FDFCF764FC03461C46FCF7A4FC03461D46FCF7DCFC03461A4629462046D2
:2060A000FCF756FF2CE0FCF723FB0346AA2B27D1142003F0A3FE0346002B21D00C230021E8
:2060C00001221846FCF796FD1A23012101221846FCF790FD0C23022101221846FCF78AFD0C
:2060E000FCF736FC03461C46FCF776FC03461D46FCF7AEFC03461A4629462046FCF78AFE29
:2061000000BF0837BD46B0BD80B485B000AF0346FB800023FB7316E0FB7B104A5B0013442C
:206120005B781A46FB8893420AD1FB7B0B4A002102F81310FB7B094A5B00134400225A7089
:20614000FB7B0133FB73FB7B042BE5D900BF00BF1437BD465DF8047B704700BF3CE800206A
:2061600080B485B000AF03460A46FB711346BB800023FB81FB79013B1549FA7901F8132022
:20618000FB79013BBA88D1B2114A5B0013440A465A7000237B7310E07B7B0D4A12F81330C8
:2061A000002B05D07B7B0A4A5B0013445B7808E00023FB817B7B01337B737B7B042BEBD988
:2061C000FB8918461437BD465DF8047B704700BF3CE8002080B58CB002AFFCF789FA034620
:2061E000AA2B4CD1142003F009FE0346002B46D04E4B3B62002387F8273018E02020FCF79B
:2062000033FC78617B69B3F1FF3F0BD07B69D8B20E23019397F8273000930E231C22396A17
:20622000FCF73CFD97F82730013387F8273097F827300D2BE2D93E4BFB61002387F826308C
:2062400018E02020FCF710FCB861BB69B3F1FF3F0BD0BB69D8B20E23019397F82630009322
:206260000E231C22F969FCF719FD97F82630013387F8263097F826300D2BE2D951E0FCF75A
:2062800037FA0346552B4CD1152003F0B7FD0346002B46D0274B3B61002387F8253018E084
:2062A0002020FCF7E1FB78607B68B3F1FF3F0BD07B68D8B20E23019397F8253000930E237D
:2062C0001C223969FCF7EAFC97F82530013387F8253097F825300D2BE2D9174BFB60002362
:2062E00087F8243018E02020FCF7BEFBB860BB68B3F1FF3F0BD0BB68D8B20E23019397F8EE
:20630000243000930E231C22F968FCF7C7FC97F82430013387F8243097F824300D2BE2D950
:20632000FFE700BF2837BD4680BD00BF4CD30200D4D402003CD00200C4D1020090B59BB05A
:2063400002AF0346FB80FF2387F85F30AC4B1B7883F00103DBB2002B00F05583FB88DBB207
:20636000292B4CDC282B42DA272B38D0272B46DC1F2B44DC1E2B3EDA1D2B40DC0A2B08DA1E
:20638000092B3CDC082B26DA052B21DC002B22DC35E01A46012393409A4A1A40002A14BF81
:2063A00001220022D2B2002A1DD103F07862002A14BF01220022D2B2002A10D103F41C4308
:2063C000002B14BF01230023DBB2002B0FD116E0072B0CD013E0012387F85F3010E00223A2
:2063E00087F85F300CE0032387F85F3008E0042387F85F3004E0052387F85F3000E000BF99
:2064000097F85F30FF2B00F0FE82FA8897F85F3011461846FFF7A4FE0346FB80FFF7DAFE45
:20642000FB88DBB2013B282B00F2E68201A252F823F000BFD9640200A9650200C36502002B
:20644000D1650200DF650200F9690200D1660200ED650200B5660200C3660200DF6602003E
:20646000ED660200FB66020009670200056802002F6802003D6802004B68020059680200CB
:2064800067680200C9680200D76802001767020025670200BF670200CD670200DB67020007
:2064A000E9670200F76702001368020021680200F9690200F9690200F9690200F969020092
:2064C000F9690200F9690200F9690200E5680200DD690200EB690200352003F08FFC034687
:2064E000002B0FD007230E224749484800F004FB474B01221A70474B00221A70464B0022F9
:206500001A707BE2454B07F13C040FCB07C42380404B1B78062B0CD107230E223A493B48F8
:2065200000F0EAFA3A4B01221A70352003F01CFC69E20023BB6509E0BB6D083360333B4409
:206540005F2203F8242CBB6D0133BB65314B1B781A46BB6D9342EFDB07F13C010E230E2227
:206560002A4800F0C9FA2C4B1B785A1CD1B22A4A1170322B40F24282274B00221A70284B1A
:2065800000221A70234B1B785A1C264B83FB021313449910D317C91A0B46DB005B1AD11A7B
:2065A000CAB21C4B1A7029E21A4B00221A701C4B00221A700A230F221B491C4800F09CFA93
:2065C00021E20D230A221A491A4800F095FA1AE206230C221849194800F08EFA13E20B2368
:2065E0000B221749174800F087FA0CE2164B07F12C040FCB07C4238000237B6530E000BFAD
:2066000050E8002000607F30A0D60200A8D6020047E800204AE8002075E8002004D902001E
:2066200076E8002093244992B8D60200C4D60200D4D60200E4D60200F0D60200F8D602001E
:2066400004D7020010D7020014D902007B6D083360333B445F2203F8342C7B6D01337B6578
:20666000B54B1B781A467B6D9342EFDB07F12C0000230E22002100F03FFAB04B1B785A1CDB
:20668000D1B2AE4A1170092B40F2BA81AB4B00221A70A94B1B785A1CA94B83FB02135910CE
:2066A000D317C91A0B469B000B44D11ACAB2A24B1A70A5E109230722A249A34800F01CFA3D
:2066C000A1E107230A22A149A14800F015FA9AE108230C229F49A04800F00EFA93E10F23CE
:2066E00008229E499E4800F007FA8CE10F2308229C499B4800F000FA85E10D2308229A4994
:206700009A4800F0F9F97EE10D230D229849994800F0F2F977E10A2308229749934800F000
:20672000EBF970E107F11C0300221A605A609A601A730023FB760023BB7600237B76FCF741
:206740003FF9034687F84B30FCF746F9034687F84A30F5F7C9FD03461C4607F11B0297F849
:206760004A1097F84B0007F11903019307F11A03009313462246FFF7E1FB7B7E002B0BD102
:20678000FB7E1A46BB7E07F11C00009313467B4A0D2103F081FF0AE0FB7E1A46BB7E07F18D
:2067A0001C0000931346764A0D2103F075FF07F11C010A230F22734800F09EF923E10A2396
:2067C00008226D49694800F097F91CE10A230E2269496D4800F090F915E10A2307226B496E
:2067E0006B4800F089F90EE10F230A2269496A4800F082F907E10C230D2268495D4800F0CC
:206800007BF900E107230A225049654800F074F9F9E008230E226349634800F06DF9F2E077
:206820000823082261495F4800F066F9EBE00D230D224F494F4800F05FF9E4E00E230D229E
:206840005B494C4800F058F9DDE008230A225949534800F051F9D6E00C230A2256495048EC
:2068600000F04AF9CFE0554B1B78FA2B25D8534B1B78013B524A82FB03121211DB179B1A7C
:20688000DBB2053387F8533097F85330002B02D1012387F8533097F8533007F10800009356
:2068A000484B494A0F2103F0F7FE07F108010F230A223B4800F020F9A5E00C230A22434943
:2068C000374800F019F99EE00A230A224049344800F012F997E00C230A223C49304800F0A1
:2068E0000BF990E0F8F748FAF864FB6C002B00F08980382003F082FA0346002B0AD0F86C93
:2069000003F019FF0346DBB20E22F96C314800F0F3F877E0372003F071FA0346002B71D0EC
:20692000F86C03F008FF0346DBB20C22F96C2A4800F0E2F866E000BF77E8002076E8002052
:206940006766666620D702002CD7020034D702003CD7020048D7020050D702005CD70200FF
:206960006CD7020074D7020084D7020094D702009CD70200ACD70200BCD70200C8D702008B
:20698000D8D70200E8D70200F8D7020008D8020014D802001CD802002CD8020038D80200D6
:2069A00044D8020050D8020058D8020068D8020070D8020080D8020088D8020059E80020B4
:2069C0001F85EB5194D80200A0D80200A8D80200B4D80200C0D80200D0D802000A230A2242
:2069E0000A490B4800F088F80DE00D230A220949074800F081F806E000BF04E000BF02E004
:206A000000BF00E000BF6437BD4690BDDCD80200E8D80200F4D8020080B588B002AF034680
:206A20003960FB711346BB7100237B613B68002B50D0FBF75DFE0346552B11D1152003F0BF
:206A4000DDF90346002B0BD0FB79012B02D1264B7B611CE0FB79022B3ED1244B7B6116E064
:206A6000FBF746FE0346AA2B38D1142003F0C6F90346002B32D0FB79012B02D11C4B7B61A7
:206A800004E0FB79022B2BD11A4B7B6100BF0023FB741AE0FB7C3A68134493F9003018465F
:206AA000FBF7E2FFF860FB68B3F1FF3F0AD0FB68D8B20E230193FB7C00930E231C2279697F
:206AC000FCF7ECF8FB7C0133FB74FA7CBB799A42E0D306E000BF04E000BF02E000BF00E0C3
:206AE00000BF1837BD4680BD3CD00200C4D102004CD30200D4D4020080B588B000AFF86064
:206B0000B96011461A460B46FB711346BB71FB79002B0AD0FB79013BFA68134493F90030C5
:206B2000002B02D1FB79013BFB71BB79002B0AD0BB79013BBA68134493F90030002B02D15F
:206B4000BB79013BBB71FB68002B6FD0FB790E2B0FD87B4B00221A70794B00225A80784B43
:206B600000221A71FB791A46F9680120FFF754FF65E0734B1B78002B08D1714B01221A70C6
:206B80006F4B00225A806E4B00221A716C4B5B88952B0BD80E22F9680120FFF73DFF684B05
:206BA0005B8801339AB2664B5A8038E0644B5A88644BA3FB0213D9080B469B000B44990027
:206BC0000B44D31A9BB2002B13D15D4B1B7903F10E02FB799A4206DA594B1B790133DAB2B5
:206BE000574B1A7105E0564B00221A71544B00225A80534B1B791A46FB681344FB61504B57
:206C00001B79FA79D31AFB76FB7E0E2B28BF0E23BB76BB7E1A46F9690120FFF7FDFE484B74
:206C20005B8801339AB2464B5A8008E0444B00221A70434B00225A80414B00221A71BB687D
:206C4000002B6FD0BB790E2B0FD83F4B00221A703D4B00225A803C4B00221A71BB791A46F4
:206C6000B9680220FFF7D8FE65E0374B1B78002B08D1354B01221A70334B00225A80324B83
:206C800000221A71304B5B88952B0BD80E22B9680220FFF7C1FE2C4B5B8801339AB22A4BCF
:206CA0005A8038E0284B5A88264BA3FB0213D9080B469B000B4499000B44D31A9BB2002B00
:206CC00013D1214B1B7903F10E02BB799A4206DA1D4B1B790133DAB21B4B1A7105E01A4BE5
:206CE00000221A71184B00225A80174B1B791A46BB6813447B61144B1B79BA79D31AFB745A
:206D0000FB7C0E2B28BF0E23BB74BB7C1A4679690220FFF781FE0C4B5B8801339AB20A4B5D
:206D20005A8008E0084B00221A70074B00225A80054B00221A7100BF2037BD4680BD00BF32
:206D400060E800201F85EB5168E8002080B584B000AF0346FB71242003F050F8034683F073
:206D60000103DBB2002B00F09F81042002F08AF80346002B02D0AD4B01221A70AB4B1B783B
:206D8000002B27D0042002F07DF80346002B21D1A64B00221A70A64B00221A70A54B002294
:206DA0001A80192002F0E0FFA34B1B78002B02D1122002F0D9FF052003F020F80346002B10
:206DC00008D0052002F0F4FF0020F6F78FF90D20FFF79AF9192003F011F80346002B00F0ED
:206DE000B380122003F00AF80346002B00F0AC800220FFF789F90120FFF786F98F4B00227D
:206E00001A70F5F73FFB0346FB73FB7B032B04D0FB7B042B01D0012300E00023BB73BB7B92
:206E200003F00103BB73FB79022B08D0FB79032B05D0FB79042B02D0FB79082B17D1804B6E
:206E40001A78804B1A707E4B1B78012B02D0022B04D007E07A4B02221A7007E0784B0122C9
:206E60001A7003E0764B01221A7000BF4DE0744B1A78744B1A70724B1B78013B032B1BD804
:206E800001A252F823F000BF996E0200A16E0200A96E0200B16E0200694B02221A700FE08E
:206EA000674B03221A700BE0654B04221A7007E0634B01221A7003E0614B01221A7000BFE9
:206EC000604B1B78032B03D05E4B1B78042B02D15C4B02221A705B4B1B78022B15D1584BF1
:206EE0001B78042B11D1BB7B83F00103DBB2002B0BD02D2002F082FF034683F00103DBB2A1
:206F0000002B02D02C2002F02FFF112002F02CFF192002F04DFF4A4B1B78032B03D13D20BC
:206F200002F022FF02E03D2002F042FF444B1B78042B06D1BB7B002B03D03F2002F014FF0C
:206F400002E03F2002F034FF3A4B1B8801339AB2384B1A80374B1B884A2B08D9354B0022E9
:206F60001A80334B01221A70122002F021FF112002F044FF0346002B00F09980032001F011
:206F800081FF0346002B08D02C4B1B780133DAB22A4B1A70274B00221A80284B1B780E2BEF
:206FA0006CD9264B00221A70032002F001FF112002F0FEFE3D2002F0FBFE214B1B78012BC8
:206FC00002D10120F6F7BCF81D4B1B78022B02D10120F6F7CBF81A4B1B78032B0BD1FAF75D
:206FE0009DFD0E20FFF790F8052002F0BDFE0120F6F77CF806E0124B1B78042B02D01D20E3
:20700000FFF782F80E4B1B78042B50D11120FFF77BF81020FFF778F8292002F0EFFE034623
:20702000002B11D0292002F0C3FE19E078E8002048E800204CE8002046E8002079E800205C
:20704000CE080020CF080020292002F0D7FE034683F00103DBB2002B02D0292002F084FE2C
:207060002A2002F081FE2E2002F07EFE3F2002F09FFE114B1A78114B1A7018E0104B1B78F1
:20708000002B0DD0032002F06FFE0C4B1B78032B0DD11D20FFF738F83D2002F065FE06E075
:2070A000032002F085FE02E0242002F081FE00BF1037BD4680BD00BFCF080020CE080020AF
:2070C00079E8002080B582B002AF1020FFF71CF81120FFF719F8292002F090FE0346002B68
:2070E0002BD00B230193152300930B2319222A491120FBF7D3FD0B230193162300930B237D
:20710000192225491120FBF7C9FD0B230193172300930B23192220491020FBF7BFFD0B2370
:207120000193182300930B2319221B491520FBF7B5FD1620FEF7E8FF2AE00B230193152331
:2071400000930B23192214491120FBF7A7FD0B230193162300930B2319220F491120FBF79D
:207160009DFD0B230193172300930B2319220A490D20FBF793FD0B230193182300930B23BD
:20718000192205490A20FBF789FD1520FEF7BCFF00BFBD4680BD00BFE8CD020080B500AF86
:2071A0001520FEF7B1FF1620FEF7AEFF00BF80BD80B483B000AF0346FB71044AFB79137011
:2071C00000BF0C37BD465DF8047B704756E8002080B483B000AF0346FB71044AFB791370B1
:2071E00000BF0C37BD465DF8047B7047CE08002080B500AF112002F0DBFD032002F0D8FD40
:207200002C2002F0D5FD1A4B00221A70194B00221A70194B00221A80184B1B78032B03D026
:20722000164B1B78042B03D1154B1A78134B1A701D20FEF769FF0E20FEF766FF0D20FEF739
:2072400063FF1020FEF760FF1120FEF75DFF1220FEF75AFF1320FEF757FF1420FEF754FF4C
:207260001520FEF751FF1620FEF74EFF00BF80BD46E8002048E800204CE80020CE08002038
:20728000CF08002080B400AF034B1B781846BD465DF8047B704700BF47E8002080B400AF56
:2072A000034B1B781846BD465DF8047B704700BF48E8002080B500AF0B4B00221A700B4BB6
:2072C00000221A700A4B00221A700A4B00221A70242002F06DFD0120FEF716FF0220FEF71E
:2072E00013FF00BF80BD00BF4BE8002047E8002046E800204AE8002080B400AF064B1B78B8
:20730000032B03D1054B1A78034B1A7000BFBD465DF8047B704700BFCE080020CF080020B8
:2073200080B500AF082002F043FD092002F040FD0A2002F03DFD0B2002F03AFD0C2002F0EF
:2073400037FD074B00221A70064B00221A70064B00221A70054B00221A7000BF80BD00BF4A
:2073600052E8002053E8002054E8002055E8002080B500AF06220021044803F0C1F9062251
:207380000021034803F0BCF900BF80BD60E8002068E8002080B500AF022200210C4803F095
:2073A000AFF9022200210B4803F0AAF902220021094803F0A5F902220021084803F0A0F9AF
:2073C00002220021064803F09BF900BF80BD00BF3CE800203EE8002040E8002042E80020BC
:2073E00044E8002080B400AF034B00221A7000BFBD465DF8047B704750E8002080B500AFDB
:20740000A122FF21024803F07BF900BF80BD00BF98E7002080B500AFA1220021024803F079
:207420006FF900BF80BD00BF98E7002080B500AF024801F025FF00BF80BD00BF98E70020ED
:2074400080B400AF034B58221A7000BFBD465DF8047B704798E7002080B500AF002140F2D4
:207460000B4001F0F7FC4FF47A713220ECF728F8012140F20B4001F0EDFC01F0CFFE024BD6
:2074800058221A7000BF80BD98E7002080B582B000AF0023FB71FBF757F90346BB71FBF7FF
:2074A0008FFA03467B717B79052B04D97B79112B01D8012300E000233B713B7903F0010386
:2074C0003B71BB79FF2B06D0FF2B1CDC102B0AD0202B10D017E03B79002B01D0502300E070
:2074E0003223FB7117E03B79002B01D0322300E01423FB710FE03B79002B01D0642300E046
:207500004623FB7107E03B79002B01D0502300E03223FB7100BF154B1B78FA799A420AD10F
:20752000134B1B78FA799A4205D1302002F066FC0346002B0FD0F4F7FDFE0346002B0AD00A
:20754000FB791846FAF70EFC084AFB791370084AFB79137006E0F4F7EDFE0346002B01D1CA
:2075600000F015F800BF0837BD4680BDB5C60020D008002080B500AF0120FAF7B3FB052074
:2075800002F016FC082002F0EFFB00BF80BD80B500AF0020FAF7A6FBF5F7EAF9FFF7FAFE94
:2075A000FFF7E6FEFFF7BCFE00BF80BD80B582B000AF1923BB710023FB713F4B1B780133E7
:2075C000DAB23D4B1A703D4B1B78052B5FD801A252F823F0ED750200097602002576020009
:2075E000417602005D76020079760200FFF706FF314B1B78BA799A4250D82F4B00221A70A5
:207600002E4B01221A7049E0FFF704FF2A4B1B78BA799A4244D8284B00221A70274B02223A
:207620001A703DE0FFF7EAFE234B1B78BA799A4238D8214B00221A70204B03221A7031E062
:20764000FFF7E8FE1C4B1B78BA799A422CD81A4B00221A70194B04221A7025E0FFF7CEFE55
:20766000154B1B78BA799A4220D8134B00221A70124B05221A7019E0FFF7CCFE0123FB71AF
:207680000E4B00221A700C4B00221A700FE00B4B00221A70084B00221A7008E000BF06E065
:2076A00000BF04E000BF02E000BF00E000BFFB7918460837BD4680BD7AE800207BE80020D2
:2076C00080B584B002AF082002F098FB0346002B2CD06B4B1B780133DAB2694B1A70072302
:2076E000032101221846FBF785FA4B23042101221846FBF77FFA0723002101221846FBF737
:2077000079FA4B23062101221846FBF773FA5C4B1B78192B40F21282594B00221A700820C5
:2077200002F046FB092002F01FFB07E2092002F065FB0346002B00F0AD80514B1B78013389
:20774000DAB24F4B1A700723032101221846FBF751FA4B23042101221846FBF74BFA0723F8
:20776000002101221846FBF745FA4B23062101221846FBF73FFA424B1B78252B36D8404BEC
:207780001B781A4613469B0013445B003D4A82FB03121211DB17D31AFB71FB790A2B01D946
:2077A0000A23FB710023BB711CE0BA79FB799A4234BF01230023DBB2BB70BB79324AD35C91
:2077C0001A46324B13F81200BB792F4AD35C2F4A5B0013445B78BA781946FBF70BFABB7919
:2077E0000133BB71BB79092BDFD939E0244B1B78A3F1260213469B0013445B00244A82FBA1
:2078000003121A445211DB17D31A7B717B790A2B01D90A237B7100233B711EE03A797B7937
:20782000C3F10A039A42B4BF01230023DBB2FB703B79154AD35C1A46144B13F812003B7927
:20784000114AD35C114A5B0013445B78FA781946FBF7D0F93B7901333B713B79092BDDD900
:20786000074B1B784A2B40F26981054B00221A70092002F09DFA0A2002F076FA5EE100BF5A
:207880007CE80020F31ACA6B24D9020070C80200A7C867DD0A2002F0B1FA0346002B00F00B
:2078A0004D81A84B1B780133DAB2A64B1A700723032101221846FBF79DF94B23042101222C
:2078C0001846FBF797F90723002101221846FBF791F94B23062101221846FBF78BF91223BF
:2078E0000193002300930523012297490420FBF7D5F911230193002300930A230122934985
:207900000620FBF7CBF910230193002300930C2301228F490520FBF7C1F94A230021012262
:207920001846FBF767F9072301930323009307230C2288490B20FBF7B1F90723019304234B
:20794000009307230C2283490B20FBF7A7F9072301930523009307230C227E490B20FBF7FE
:207960009DF9072301930623009307230C2279490B20FBF793F9072301930723009307238F
:207980000C2274490B20FBF789F90523002101221846FBF72FF94B23052101221846FBF772
:2079A00029F94523042101221846FBF723F94C23002101221846FBF71DF94D2300210122BC
:2079C0001846FBF717F94F23042101221846FBF711F90923002101221846FBF70BF9072345
:2079E00001930823009307230C225A490B20FBF755F9072301930923009307230C2255495C
:207A00000B20FBF74BF90723042101221846FBF7F1F84623072101221846FBF7EBF8072349
:207A200001930A23009307230C224A490B20FBF735F9072301930B23009307230C22454957
:207A40000B20FBF72BF90723022101221846FBF7D1F84123042101221846FBF7CBF800237A
:207A6000032101221846FBF7C5F80523002101221846FBF7BFF807230193002300930723A1
:207A80000C2234490B20FBF709F90123032101221846FBF7AFF8072301930123009307231B
:207AA0000C222C490B20FBF7F9F8072301930223009307230C2227490B20FBF7EFF80323AD
:207AC000072101221846FBF795F84B23032101221846FBF78FF80C23002101221846FBF72F
:207AE00089F8184B1B780B2B07D9164B1B78182B17D9144B1B78242B13D80F2301930023BD
:207B000000930B23022214490A20FBF7C7F80F230193012300930B2302220F490A20FBF705
:207B2000BDF8084B1B78312B08D9064B00221A700A2002F03DF90B2002F016F900BF0837F4
:207B4000BD4680BD7CE800205CD6020068D602007CD6020040CD020010D0020080B58CB037
:207B600000AF082002F04AF90346002B16D0A84B1B780133DAB2A64B1A70FFF73FFCA44BBE
:207B80001B78042B40F27B82A14B00221A70082002F00EF9092002F0E7F870E2092002F0D4
:207BA0002DF90346002B00F0CB80994B1B780133DAB2974B1A708723012101221846FBF70E
:207BC00019F83723012101221846FBF713F83E23012101221846FBF70DF80C23002101222C
:207BE0001846FBF707F81A23012101221846FBF701F8874B1B78013B87F82F3097F82F30FE
:207C00000A2B02D90A2387F82F3097F82F30814A32F813303B82002387F82E3034E000232F
:207C200087F82D3027E097F82E2097F82D1013469B0013445B0013440B445B00764A1344FA
:207C4000BB603A8A97F82D3042FA03F303F00103002B01D0032300E00023FB71BB681878EC
:207C6000BB685B78FA791946FAF7C4FF97F82D30013387F82D3097F82D300A2BD3D997F830
:207C80002E30013387F82E3097F82E30182BC6D91423FB735E4B1B785B0087F82C3097F800
:207CA0002C20FB7B9A4202D9FB7B87F82C30002387F82B3030E097F82B2097F82C309A424C
:207CC00034BF01230023DBB2BB7397F82B304D337B737B7B514A12F813007B7B4F4A5B00BF
:207CE00013445B78BA7B1946FAF784FF97F82B3061333B733B7B494A12F813003B7B474A79
:207D00005B0013445B78BA7B1946FAF773FF97F82B30013387F82B3097F82B20FB7B9A42C3
:207D2000C9D33B4B1B780A2B40F2A981384B00221A70092002F03CF80A2002F015F89EE1D7
:207D40000A2002F05BF80346002B00F0F1808723012101221846FAF74DFF372301210122B6
:207D60001846FAF747FF3E23012101221846FAF741FF0C23002101221846FAF73BFF1A2300
:207D8000012101221846FAF735FF002387F82A3036E0002387F8293029E097F82A2097F89D
:207DA000291013469B0013445B0013440B445B00194A13447B61174B9B8A1A4697F829307E
:207DC00042FA03F303F00103002B01D0032300E00023FB747B6918787B695B78FA7C1946E6
:207DE000FAF708FF97F82930013387F8293097F829300A2BD1D997F82A30013387F82A30DA
:207E000097F82A30182BC4D9002387F8283036E07DE80020F4D90200E8CD020030C7020085
:207E200097F82830132B94BF01230023DBB2BB7697F828304D337B767B7E934A12F813007A
:207E40007B7E914A5B0013445B78BA7E1946FAF7D1FE97F8283061333B763B7E8A4A12F8AF
:207E600013003B7E884A5B0013445B78BA7E1946FAF7C0FE97F82830013387F8283097F818
:207E80002830132BCCD93923032101221846FAF7B1FE3723022101221846FAF7ABFE3C230F
:207EA000002101221846FAF7A5FE4623012101221846FAF79FFE4823022101221846FAF7F2
:207EC00099FE4423002101221846FAF793FE4123032101221846FAF78DFE5C230021012238
:207EE0001846FAF787FE0723022101221846FAF781FE0E23032101221846FAF77BFE1523F8
:207F0000032101221846FAF775FE1823002101221846FAF76FFE1323022101221846FAF752
:207F200069FE0A2001F044FF0B2001F01DFFA6E00B2001F063FF0346002B00F0A080872312
:207F4000012101221846FAF755FE3723012101221846FAF74FFE3E23012101221846FAF70A
:207F600049FE0C23002101221846FAF743FE1A23012101221846FAF73DFE002387F82730B2
:207F800036E0002387F8263029E097F8272097F8261013469B0013445B0013440B445B0088
:207FA0003A4A1344FB613A4B9B8A1A4697F8263042FA03F303F00103002B01D0032300E070
:207FC0000023FB76FB691878FB695B78FA7E1946FAF710FE97F82630013387F8263097F88F
:207FE00026300A2BD1D997F82730013387F8273097F82730182BC4D9002387F8253037E088
:2080000097F82530132B94BF01230023DBB287F8243097F825304D3387F8233097F823302C
:20802000194A12F8130097F82330174A5B0013445B7897F824201946FAF7DCFD97F8253018
:20804000613387F8223097F822300F4A12F8130097F822300C4A5B0013445B7897F82420D5
:208060001946FAF7C7FD97F82530013387F8253097F82530132BC3D90C2001F075FE00BFF3
:208080003037BD4680BD00BF30C70200E8CD0200F4D9020080B586B000AF7860396000234D
:2080A000FB7507F10C0300221A605A601A819F233B7200237B720023BB720023FB720021D8
:2080C0004FF4867000F0C6FE07F10C0107F108030422184601F0D8FB0346FB7501214FF445
:2080E000867000F0B7FE7B7B1A04BB7B1B021343FA7B13431A46464B1A60454B1B689BB292
:2081000048F21702934244D048F21702934271D844F21A0293421FD844F21102934269D33A
:20812000A3F58043113B092B64D801A252F823F0E7810200D9810200CB810200BD810200D4
:20814000AF810200A18102009381020083810200738102006381020047F21802934210D0C9
:2081600048E07B680A221A703B684FF480621A6049E07B6809221A703B684FF400721A6069
:2081800041E07B6808221A703B684FF480721A6039E07B6807221A703B6880221A6032E055
:2081A0007B6806221A703B6840221A602BE07B6805221A703B6820221A6024E07B680422A0
:2081C0001A703B6810221A601DE07B6803221A703B6808221A6016E07B6802221A703B68C6
:2081E00004221A600FE07B6801221A703B6802221A6008E07B6800221A703B6800221A6069
:208200000123FB7500BFFB7D18461837BD4680BD80E8002080B588B000AF786007F1180317
:2082200000221A601A7107F1080300221A605A609A609A814B233B7600214FF4867000F040
:2082400009FE07F1080107F118030D22184601F01BFB0346FB7701214FF4867000F0FAFD72
:20826000FB7F002B07D107F10803053308221946786801F05BF9FB7F18462037BD4680BD29
:2082800080B584B000AF03463960FB710123FB730023BB81FB79012B02D10523FB720DE092
:2082A000FB79022B02D13523FB7207E0FB79032B02D11523FB7201E0FB7B1AE000214FF4CF
:2082C000867000F0C7FD07F10C0107F10B030222184601F0D9FA0346FB7301214FF4867091
:2082E00000F0B8FDFB7B002B02D17A7B3B681A70FB7B18461037BD4680BD80B582B000AFD2
:208300000023FB7106233B7100214FF4867000F0A1FD3B1D0121184601F05AFA0346FB713F
:2083200001214FF4867000F095FDFB7918460837BD4680BD80B582B000AF0023FB71042343
:20834000BB7100214FF4867000F084FDBB1D0121184601F03DFA0346FB7101214FF4867096
:2083600000F078FDFB7918460837BD4680BD80B584B000AF03463960FB711346BB71002339
:20838000FB7307F1080300221A601A710123BB73BB79002B09D03B681A0EBB7B591CB97319
:2083A000D2B210333B4403F8082C3B681A0CBB7B591CB973D2B210333B4403F8082C3B6890
:2083C0001A0ABB7B591CB973D2B210333B4403F8082CBB7B5A1CBA733A68D2B210333B446C
:2083E00003F8082C00214FF4867000F033FDFB79032B1DD0032B27DC012B02D0022B0BD00E
:2084000022E0C7233B7207F108030121184601F0DFF90346FB731BE0D8233B72BA7B07F1F0
:2084200008031146184601F0D3F90346FB730FE020233B72BA7B07F108031146184601F04B
:20844000C7F90346FB7303E0FB7B0133FB7300BF01214FF4867000F0FDFCFB7B184610378C
:20846000BD4680BD80B584B000AF78600123FB730023BB810523FB7223E000214FF48670E9
:2084800000F0E8FC07F10C0107F10B030222184601F0FAF90346BB7301214FF4867000F0D5
:2084A000D9FCBB7B002B02D17B7BFB7301E0BB7B13E04FF47A710120EBF702F87B68013BFB
:2084C0007B60FB7B03F00103002B02D07B68002BD3D1FB7B03F00103DBB218461037BD4603
:2084E00080BD80B584B000AF786039600023FB7300214FF4867000F0ADFC3968786801F0C0
:2085000067F90346FB7301214FF4867000F0A2FCFB7B18461037BD4680BD80B586B000AFE6
:20852000F860B9607A603B600023BB750023FB7500214FF4867000F08DFCB968F86801F02A
:2085400047F90346BB7501213868EAF7B9FFBB7D002B05D13968786801F068F90346FB7542
:2085600001214FF4867000F075FCFB7D18461837BD4680BD80B584B000AF7860396000232E
:20858000FB733868FFF76EFFFFF7B7FE39687868FFF7A7FF0346FB733868FFF763FFFFF7FD
:2085A000C9FEFB7B18461037BD4680BD80B584B000AF396011461A460346FB710B46BB71FF
:2085C0001346BB800023FB73FFF797FE03461A46FB7B1344FB73BB881846FFF743FF0346E5
:2085E0001A46FB7B1344FB73BA79FB7939681846FFF7BDFE03461A46FB7B1344FB73BB8862
:208600001846FFF72FFF03461A46FB7B1344FB73FB7B18461037BD4680BDFFFF80B584B032
:2086200002AF0023FB712E4B019303230093002380222C492C48E9F73FF82C4B019303233E
:208640000093002380222A492A48E9F735F82A4B01930123009300234FF4C0722749284898
:20866000E9F72AF8274B01930223009300234FF4007225492548E9F71FF8254B0193042365
:20868000009300234FF4007222492348E9F714F8134B1B68002B02D1FB790133FB71134B5C
:2086A0001B68002B02D1FB790133FB71124B1B68002B02D1FB790133FB71124B1B68002B28
:2086C00002D1FB790133FB71114B1B68002B02D1FB790133FB71FB7918460837BD4680BD71
:2086E000FCBE002028DA0200F9D2010010C3002038DA02008DED01008CC600204CDA0200B4
:208700003D0F020028BF00205CDA02008DE001009CB9002070DA020091AF010080B582B0F5
:2087200000AF0023FB71002201211420E8F7B2F803462C4A5360002201210A20E8F7AAF899
:208740000346294A536000224FF430711420E8F7A1F80346254A5360002201211420E8F736
:2087600099F80346224A5360002214213220E8F791F803461F4A53600420E8F717F903462E
:208780001C4A9360174B5B68002B02D1FB790133FB71154B5B68002B02D1FB790133FB7114
:2087A000134B5B68002B02D1FB790133FB710F4B5B68002B02D1FB790133FB710D4B5B683C
:2087C000002B02D1FB790133FB710A4B9B68002B02D1FB790133FB71FB7918460837BD4609
:2087E00080BD00BF8CC6002010C3002028BF0020FCBE00209CB9002080B582B002AF0A4B55
:208800000093002301220A210848EAF761F90346074A9360064B9B68002B01D1012300E0E7
:2088200000231846BD4680BD290F020080DA02008CC6002080B582B000AF0023FB71FFF7D4
:208840006DFF0346002B02D0FB790133FB71FFF7D3FF0346002B02D0FB790133FB71FFF73A
:20886000DDFE0346002B02D0FB790133FB71FB7918460837BD4680BD80B588B000AF78607E
:2088800001233B723248EBF7C1F9F861FB69002B01D0FB6957E00023FB7614E007F1080312
:2088A00019462B48EBF7D5F9F861FB69002B04D02748EBF7BDF9FB6945E03B7A002B06D034
:2088C000FB7E0133FB76FB7E052BE7D900E000BF3B7A002B31D107F10C031A460B211C4899
:2088E000EBF7CEF907F10C0302331A460C211848EBF7C6F907F10C0304331A460D211448DD
:20890000EBF7BEF900237B6113E07B695B0020333B4433F8143CB3F5006F8CBF0123002397
:20892000D9B27B697A6813440A461A707B6901337B617B69022BE8DD01E01423FB6104482B
:20894000EBF776F9FB6918462037BD4680BD00BFF0B000202DE9F04385B002AF0023FB7130
:2089600062B600BF01F0A0F9F2F74EFA0346002B04D1012140F2071000F06CFA01F094F9DD
:20898000012000F0E7FFF9F7FAF903461A46FB791344FB71F9F702FFF7F74CFA0120F9F7E7
:2089A000C3FD03461D460220F9F7BEFD03461E460320F9F7B9FD034698460420F9F7B4FD1C
:2089C000034699460520F9F7AFFD03461C460620F9F7AAFD0346019300944B464246314645
:2089E0002846F9F747FFF9F721FEF9F749FE1D48FFF742FF0346002B03D1232001F0B4F9C8
:208A000002E0232001F0D4F9174B002B25D0174B002B22D0F9F76CFE0346AA2B0CD11420E9
:208A200001F0ECF90346002B06D00F4B042219460F4801F073FE10E0F9F75AFE0346552B7D
:208A40000BD1152001F0DAF90346002B05D0074B04221946064801F061FE00BF0C37BD467E
:208A6000BDE8F08390E8002018DA02000CDA020084E8002080B586B000AF43F608033B60E5
:208A800000237B600023BB600023FB6000233B820023BB740023FB740A490B48EBF740F898
:208AA0000346FB75FB7D002B06D13B4619460648EBF794F80346FB75FB7D18461837BD4606
:208AC00080BD00BFECC40200F0B0002080B586B000AF01233B712A48EBF798F838613B691D
:208AE000002B01D0274B43E00023FB750EE03B1D19462348EBF7ADF838613B69002B02D180
:208B00003B79002B06D0FB7D0133FB75FB7D052BEDD900E000BF3B79002B04D01848EBF782
:208B200087F8184B24E0BB1D1A4603211448EBF7A7F81348EBF77CF8FB8807EE903AF8EE3D
:208B4000E77A9FED117A27EE877ADFED106AC7EE267AC7ED037AD7ED037A9FED0D7A37EE42
:208B6000C77AF2EE046AC7EE267AC7ED027ABB6807EE903AB0EE670A1837BD4680BD00BFA2
:208B8000F0B0002000C079C400803B4500F07F450000FA4380B582B000AF16491648ECF771
:208BA00015F80346FB71FB79002B01D0FB791CE0002200211048ECF72DF80346FB71FB7947
:208BC000002B01D0FB7910E00C490D48EBF7BAFB0346FB71FB79002B03D10A4B01221A70CA
:208BE00002E0084B00221A70FB7918460837BD4680BD00BF5CC2020034AF0020C8C40200D3
:208C0000C8B0002094E8002080B584B000AF786039600023FB73074B00229A703A68796805
:208C20000548EBF7D9FC0346FB73FB7B18461037BD4680BD94E80020C8B0002080B483B083
:208C400000AF78607B68002B06D0064B1B78002B02D0044A7B68936000BF0C37BD465DF84A
:208C6000047B704794E8002080B483B000AF0346FB71FB79002B14BF01230023DAB2044BC3
:208C80005A7000BF0C37BD465DF8047B704700BF94E8002080B588B000AF786007F10C0324
:208CA00000221A605A609A60DA601A617B689B88B3F5804F59D0B3F5804F5BDCB3F5005F54
:208CC00053D0B3F5005F55DCB3F5805F4DD0B3F5805F4FDCB3F5006F29D0B3F5006F49DC97
:208CE000B3F5806F27D0B3F5806F43DCB3F5007F3BD0B3F5007F3DDCB3F5807F35D0B3F56A
:208D0000807F37DC202B0FDC022B33DB023B1C4A22FA03F303F00103002B14BF01230023DF
:208D2000DBB2002B21D125E0802B1ED022E0154B01229A701FE0134B01225A707B6803F13B
:208D4000140107F10C031422184601F0E7FC0D4B9B6807F10C02104698477B681433142299
:208D60000021184601F0CCFC05E07B689A88054B9A8000E000BF00BF2037BD4680BD00BFB3
:208D80004540004094E8002080B400AF1EF0040F0CBFEFF30880EFF3098000F005B800BF62
:208DA000BD465DF8047B704780B483B000AF78601C4B1D4A1A607B681B681A4A53617B688E
:208DC0005B68184A93617B689B68164AD3617B68DB68144A13627B681B69124A53627B68AC
:208DE0005B69104A93607B689B690E4A53607B68DB690C4A13616B460A4AD3600B4BDB6AAC
:208E0000084A9362094B9B6A064AD362074B5B6B044A1363054B9B6B024A536300BE00BF7C
:208E2000FDE700BF64090020EFBEADDE00ED00E080B582B000AF05490548EEF7DFFC7860B4
:208E40007B68DBB218460837BD4680BD4CC6020044AF002080B584B000AF03460A46FB8072
:208E600013467B717A79FB8819460548EEF711FDF860FB68DBB218461037BD4680BD00BFAC
:208E800044AF002080B584B000AF0346FB71FA79114913465B0013440B441B781BB21B024E
:208EA00019B2FA790C4813465B001344034401331B781BB20B431BB29BB2FB81FB899BB285
:208EC000064A19460648EEF7D0FC044B1B7818461037BD4680BD00BF18C70200A0E80020D5
:208EE00044AF002080B400AF054B00221A70054B00221A7000231846BD465DF8047B704775
:208F0000A8E80020A9E8002080B584B000AF0346FB710023FB73FB79002B02D0012B07D01E
:208F20000DE009490948EDF7E1FD0346FB7306E005490648EDF7DAFD0346FB7300BFFB7BFF
:208F400018461037BD4680BD70C202004CAF002080B588B000AFB9607A601A460346FB73B7
:208F60001346BB730023FB616423BB61254B00221A70254B01221A70FB7B012B37D8BB7B28
:208F80007A68B9682148EDF727FEF861FB69002B28D1E8F7C3FE786111E0E8F7BFFE02462D
:208FA0007B69D31ABA699A4206D21423FB61FB7B184600F087F80AE00120E8F7CFFC114B22
:208FC0001B78DBB283F00103DBB2002BE5D1FB69142B0FD00C4B1B78DBB2032B0AD0122356
:208FE000FB6107E0FB7B184600F06CF802E00323FB6100E000BFFB69DBB218462037BD465A
:2090000080BD00BFA8E80020D10800204CAF002080B584B000AF0346FB710023FB73FB79BE
:20902000002B02D0012B06D00BE00848EDF7EEFD0346FB7305E00548EDF7E8FD0346FB73BE
:2090400000BFFB7B18461037BD4680BD4CAF002080B483B000AF78607B681A79154B1A708D
:20906000144B1B78DBB2032B03D1134B01221A701AE0104B1B78DBB2022B03D10F4B012271
:209080001A7011E00B4B1B78DBB2012B0CD10C4B93F82930DBB2002B03D0084B01221A7010
:2090A00002E0054B01221A7000BF0C37BD465DF8047B7047D1080020A8E80020A9E80020E7
:2090C0004CAF002080B582B000AF0346FB71FB791846FFF79DFF0520E8F740FCFB79002B67
:2090E00002D0FB79012B04D100F00EF80520E8F735FCFB791846FFF707FF0520E8F72EFC02
:2091000000BF0837BD4680BD80B586B000AF404B1B6801333E4A1360052240F207413D4894
:20912000EEF780FB05224FF481613A48EEF77AFB0120E8F713FC00237B6131E000224FF423
:2091400081613448EEF7A5FB0120E8F707FC01224FF481612F48EEF79CFB0120E8F7FEFBF5
:20916000102240F207412B48EEF75CFBFB1D1A4640F207412748EEF778FB052240F207413A
:209180002448EEF74FFBFB79012B06D1012240F207412048EEF77DFB05E07B6901337B6182
:2091A0007B69082BCADD00233B6126E01A4B5A683B69DB0013449B88FB60174B5A683B69E9
:2091C000DB0013441B68BB60FB68B3F5816F06D1BA684FF481610F48EEF724FB0AE0FB68FE
:2091E00040F20742934205D1BA6840F207410948EEF718FB3B6901333B61074B1B881A469B
:209200003B699342D2D300BF00BF1837BD4680BDA4E8002044AF00204CC6020080B582B0E9
:2092200000AF0023FB710123032212490020FFF78FFE03461A46FB791344FB710023022282
:209240000D490020FFF784FE03461A46FB791344FB710023052209490020FFF779FE0346CE
:209260001A46FB791344FB71FB7918460837BD4680BD00BFD4080020D8080020DC08002047
:2092800080B584B000AF78600023FB730123022216490020FFF75CFE03461A46FB7B1344C0
:2092A000FB730123042212490020FFF751FE03461A46FB7B1344FB730023A122796800206B
:2092C000FFF746FE03461A46FB7B1344FB73FB7B002B14BF01230023DBB21846F3F77CFF65
:2092E000FB7B18461037BD4680BD00BFE4080020E808002080B582B000AF0023FB71084B40
:209300009B681B68064A126805494968104698470346FB71FB7918460837BD4680BD00BF04
:2093200038C4020090B587B000AF786039600023FB7572B600BF154B9B689B68134A1068DE
:209340003A687968984738613B69002B02D0FB7D0133FB750D4B9B68DC680C4B186807F1E7
:209360000F033A687968A04738613B69002B02D1FB7B002B02D0FB7D0133FB7562B600BFD0
:20938000FB7D18461C37BD4690BD00BF38C4020090B589B000AFF860B9607A600023FB61A0
:2093A00000237B837B68DB097A6802F07F02002A01D0012200E0002213447B6000237B760A
:2093C000FB68B3F5002F03D905237B767B7E3DE072B600BF0023FB6131E0FB681D4A934232
:2093E00024D81D4B9B685C681B4B18687B8BBA68134419468023FA68A04778617B69002BAA
:2094000002D07B7E01337B767B7E002B08D1FB688033FB607B8B80337B8300237B760BE038
:2094200005237B7662B600BF7B7E0FE005237B7662B600BF7B7E09E0FB690133FB61FA692B
:209440007B689A42C9D362B600BF7B7E18462437BD4690BD80FF070038C4020080B584B0EB
:2094600000AF786039600123FB730023BB603A687B68D31ADB09BB60B9687868FFF752FF43
:209480000346002B02D10023FB7301E00223FB73FB7B18461037BD4680BDFFFF80B487B0BC
:2094A00000AFF860B9607A6000237B610023FB74FB68403BFB607B68DB097A6802F07F02CC
:2094C000002A01D0012200E0002213447B60FB68B3F5002F03D90523FB74FB7C1DE00023F6
:2094E0007B6115E0FB68104A93420AD8FA687B699B00B9680B4412681A60FB680433FB60ED
:2095000003E00523FB74FB7C07E07B6901337B617A697B689A42E5D3FB7C18461C37BD46FA
:209520005DF8047B704700BF80FF070080B487B000AFF860B9607A6000237B610AE0BA68EB
:209540007B691A44F9687B690B4412781A707B6901337B617A697B689A42F0D300BF00BF4A
:209560001C37BD465DF8047B704780B487B000AFF860B9607A6000237B610EE0FA687B6972
:2095800013441A78B9687B690B441B789A4201D0012307E07B6901337B617A697B689A42AD
:2095A000ECD3002318461C37BD465DF8047B704780B582B000AF0023FB710B490B48ECF75B
:2095C000A7FC0346DAB2FB791344FB710748ECF7D3FC0346DAB2FB791344FB71FB791846FD
:2095E0000837BD4680BD00BFF0C30200ECAF002080B588B000AF0346FB710023FB77002334
:20960000BB6100237B6100233B720023FB6000233B61FB79002B05D12048ECF79BFC034682
:20962000FB7736E007F1080319461C48ECF757FD0346FB773B697B61FB797A6902FB03F320
:20964000174AA2FB03235B09BB611448ECF782FC0346FB771148ECF7A1FC0346FB77114900
:209660000E48ECF755FC0346FB770022B9690B48ECF7A6FC0346FB77084B9B68BA69DA6417
:20968000064B9B68BA695A650448ECF775FC0346FB77FB7F18462037BD4680BDECAF00200F
:2096A0001F85EB51F0C3020080B58AB000AF17491748EEF79BFD78627B6A002B01D00123DC
:2096C00020E03B4624220021184601F019F81B237B601223BB600123FB6001233B617D23FA
:2096E0007B610323BB613B4619460948EEF7AAFD78627B6A002B01D0012303E0054B01225A
:209700001A70002318462837BD4680BDA0C202008CAF0020AAE8002080B584B000AF78603E
:209720000D4B1B7883F00103DBB2002B02D17B68002B01D101230AE079680848EEF782FDB9
:20974000F860FB68002B01D1002300E0022318461037BD4680BD00BFAAE800208CAF002078
:2097600080B584B000AF78600D4B1B7883F00103DBB2002B02D17B68002B01D101230AE01E
:2097800079680848EEF7C8FDF860FB68002B01D1002300E0022318461037BD4680BD00BF6A
:2097A000AAE800208CAF002080B582B000AF0023FB7105490548EFF717FE0346FB71FB7938
:2097C00018460837BD4680BD84C4020098B0002080B584B000AF786039600023BB73114BC4
:2097E00000221A700A23FB7307233A6879680E48EFF74AFE0346BB7307E04FF47A71012044
:20980000E9F75EFEFB7B013BFB73064B1B78DBB2002B02D1FB7B002BEFD1BB7B1846103741
:20982000BD4680BDABE8002098B0002080B584B000AF786039600023BB73114B00221A70EB
:209840003223FB7307233A6879680E48EFF708FE0346BB7307E04FF47A710120E9F730FE9B
:20986000FB7B013BFB73064B1B78DBB2002B02D1FB7B002BEFD1BB7B18461037BD4680BDDD
:20988000ABE8002098B0002080B588B002AFF860B9607A600023BB753223FB75072300936F
:2098A0007B68BA68F9680D48EFF702FE0346BB7507E04FF47A710120E9F702FEFB7D013BC4
:2098C000FB75074B1B78DBB2002B02D1FB7D002BEFD1BB7D18461837BD4680BD98B00020B8
:2098E000ABE8002080B483B000AF78607B681B79012B02D1044B01221A7000BF0C37BD4650
:209900005DF8047B704700BFABE8002080B582B000AF0023FB710B490B48ECF7F9FA0346DF
:20992000DAB2FB791344FB7108490948ECF7F0FA0346DAB2FB791344FB71FB7918460837D8
:20994000BD4680BD94C30200CCAF0020FCC20200A4AF002080B584B000AF0346FB710023B0
:20996000FB73FB79012B0AD10C48ECF705FB0346FB730B48ECF700FB0346FB7309E00748F0
:20998000ECF7E8FA0346FB730548ECF7E3FA0346FB73FB7B18461037BD4680BDCCAF002091
:2099A000A4AF002080B483B000AF786039607B68002B08D03B68002B05D0064A7B6813607E
:2099C000054A3B68136000BF0C37BD465DF8047B704700BFACE80020B0E8002080B582B000
:2099E00000AF7860054B1B689847054B1B680133034A136000BF0837BD4680BDACE8002075
:209A0000B4E8002080B582B000AF7860054B1B689847054B1B680133034A136000BF083725
:209A2000BD4680BDB0E80020B8E8002080B584B000AF0346FB710023FB73FB79002B02D09F
:209A4000012B1DD023E014491448EEF7CDFF0346FB73134B0122A3F8C022114BB3F8C032D2
:209A60001A461049002000F089F8FB7B002B03D10B4B01221A700AE0094B00221A7006E054
:209A800005490648EEF7B0FF0346FB7300BFFB7B18461037BD4680BD58C4020068B000206F
:209AA000BCE80020BFE8002080B586B000AF0346B9607A60FB730023FB750023BB82FB7BEE
:209AC000002B02D0012B19D033E000237B8210E07B8ABA681344012219461A48EFF789F888
:209AE0000346FB7501210F20E9F7EAFC7B8A01337B827B8A7A689A42EAD81AE07A68B968DE
:209B00001048EFF776F80346FB7507E0BB8A0533BB824FF47A710F20E9F7D2FC0A4B9B78CC
:209B200083F00103DBB2002B02D0BB8A182BEDD900BF054B00229A70FB7D18461837BD4673
:209B400080BD00BF68B00020BCE8002080B483B000AF78607B68002B07D0074B1B78002B2A
:209B600003D0054A7B68C2F8C43200BF0C37BD465DF8047B704700BFBCE8002080B586B0B2
:209B800000AF0346B9607A60FB730023FB75FB7B002B02D0012B0DD019E07A68B968104809
:209BA000EFF710F80346FB757B689AB20D4BA3F8C0220CE07A68B9680948EFF703F8034690
:209BC000FB757B689AB2074BA3F8C02200BF054B00225A70FB7D18461837BD4680BD00BFF8
:209BE00068B00020BCE8002080B400AF044B0122A3F8C02200BFBD465DF8047B704700BF8B
:209C0000BCE8002080B582B000AF78607B681B79042B20D0042B15DC012B02D0022B0DD0D4
:209C200010E00F4B01225A700D4BD3F8C4320C4AB2F8C02211460B4898470DE0084B012206
:209C40009A7009E0064BB3F8C0321A4605490020FFF794FF00E000BF00BF0837BD4680BDEF
:209C6000BCE80020BFE8002080B582B000AF0023FB710A4A136923F00203136108490948B6
:209C8000F0F772F90346002B02D0FB790133FB71FB7918460837BD4680BD00BF00B0014017
:209CA00010C402000CB0002080B582B000AF0023FB710748F0F7A6F90346002B02D0FB79BE
:209CC0000133FB71FB7918460837BD4680BD00BF0CB0002080B582B000AF0423FB71204BE4
:209CE00093F81034C3F30003DBB2002B06D01C4B002283F810240123FB712BE0184BB3F86D
:209D0000C030C3F34003DBB2002B12D0144B0022A3F8C0200023BB71BB1D19461148F0F7FE
:209D200085F9BB7919460F48F0F78CF90323FB7110E00B4BB3F8C030C3F38003DBB2002BEB
:209D400006D0074B0022A3F8C0200223FB7101E00423FB71FB7918460837BD4680BD00BF29
:209D600000E001400CB0002080B485B000AF0346FB71FB793F2B12D8FB795B09FB73FB7997
:209D800003F01F03BB73FB7B084A52F82310BB7B01229A40FB7B0A43044941F8232000BFBD
:209DA0001437BD465DF8047B704700BF84EB002080B485B000AF0346FB71FB793F2B14D8E5
:209DC000FB795B09FB73FB7903F01F03BB73FB7B094A52F82310BB7B012202FA03F3DA43D8
:209DE000FB7B0A40044941F8232000BF1437BD465DF8047B704700BF84EB002080B485B08B
:209E000000AF0346FB71FB793F2B15D8FB795B09FB73FB7903F01F03BB73FB7B0A4A52F802
:209E20002320BB7B22FA03F303F00103002B14BF01230023DBB200E0002318461437BD461F
:209E40005DF8047B704700BF84EB002080B500AFF7F77EFE00BF80BD80B582B000AF034680
:209E6000FB71FB79022B03D103490448EDF7C6FC00BF0837BD4680BD4CC6020044AF00205E
:209E800081F0004102E000BF83F0004330B54FEA41044FEA430594EA050F08BF90EA020FF1
:209EA0001FBF54EA000C55EA020C7FEA645C7FEA655C00F0E2804FEA5454D4EB5555B8BFC7
:209EC0006D420CDD2C4480EA020281EA030382EA000083EA010180EA020281EA0303362D7E
:209EE00088BF30BD11F0004F4FEA01314FF4801C4CEA113102D0404261EB410113F0004FE8
:209F00004FEA03334CEA133302D0524263EB430394EA050F00F0A780A4F10104D5F1200E25
:209F20000DDB02FA0EFC22FA05F2801841F1000103FA0EF2801843FA05F359410EE0A5F16D
:209F400020050EF1200E012A03FA0EFC28BF4CF0020C43FA05F3C01851EBE37101F0004579
:209F600007D54FF0000EDCF1000C7EEB00006EEB0101B1F5801F1BD3B1F5001F0CD34908F3
:209F80005FEA30004FEA3C0C04F101044FEA445212F5800F80F09A80BCF1004F08BF5FEAD2
:209FA000500C50F1000041EB045141EA050130BD5FEA4C0C404141EB0101013C28BFB1F54B
:209FC000801FE9D291F0000F04BF01460020B1FA81F308BF2033A3F10B03B3F120020CDAE6
:209FE0000C3208DD02F1140CC2F10C0201FA0CF021FA02F10CE002F11402D8BFC2F1200CFA
:20A0000001FA02F120FA0CFCDCBF41EA0C019040E41AA2BF01EB0451294330BD6FEA040433
:20A020001F3C1CDA0C340EDC04F11404C4F1200220FA04F001FA02F340EA030021FA04F384
:20A0400045EA030130BDC4F10C04C4F1200220FA02F001FA04F340EA0300294630BD21FAA2
:20A0600004F0294630BD94F0000F83F4801306BF81F480110134013D4EE77FEA645C18BF80
:20A080007FEA655C29D094EA050F08BF90EA020F05D054EA000C04BF1946104630BD91EABA
:20A0A000030F1EBF0021002030BD5FEA545C05D14000494128BF41F0004130BD14F5800417
:20A0C0003CBF01F5801130BD01F0004545F0FE4141F470014FF0000030BD7FEA645C1ABF93
:20A0E000194610467FEA655C1CBF0B46024650EA013406BF52EA033591EA030F41F4002182
:20A1000030BD00BF90F0000F04BF0021704730B54FF4806404F132044FF000054FF00001AE
:20A1200050E700BF90F0000F04BF0021704730B54FF4806404F1320410F0004548BF4042FA
:20A140004FF000013EE700BF42004FEAE2014FEA31014FEA02701FBF12F07F4393F07F4F74
:20A1600081F06051704732F07F4208BF704793F07F4F04BF41F40021704730B54FF4607488
:20A1800001F0004521F000411CE700BF50EA010208BF704730B54FF000050AE050EA01026A
:20A1A00008BF704730B511F0004502D5404261EB41014FF4806404F132045FEA915C3FF454
:20A1C000D8AE4FF003025FEADC0C18BF03325FEADC0C18BF033202EBDC02C2F1200300FAA0
:20A1E00003FC20FA02F001FA03FE40EA0E0021FA02F11444BDE600BF70B54FF0FF0C4CF4A9
:20A20000E06C1CEA11541DBF1CEA135594EA0C0F95EA0C0F00F0DEF82C4481EA030621EA55
:20A220004C5123EA4C5350EA013518BF52EA033541F4801143F4801338D0A0FB02CE4FF0D8
:20A240000005E1FB02E506F00042E0FB03E54FF00006E1FB03569CF0000F18BF4EF0010E02
:20A26000A4F1FF04B6F5007F64F5407404D25FEA4E0E6D4146EB060642EAC62141EA5551C5
:20A280004FEAC52040EA5E504FEACE2EB4F1FD0C88BFBCF5E06F1ED8BEF1004F08BF5FEA9A
:20A2A000500E50F1000041EB045170BD06F0004646EA010140EA020081EA0301B4EB5C0449
:20A2C000C2BFD4EB0C0541EA045170BD41F480114FF0000E013C00F3AB8014F1360FDEBF2B
:20A2E000002001F0004170BDC4F10004203C35DA0C341BDC04F11404C4F1200500FA05F3AB
:20A3000020FA04F001FA05F240EA020001F0004221F0004110EBD37021FA04F642EB060105
:20A320005EEA430E08BF20EAD37070BDC4F10C04C4F1200500FA04F320FA05F001FA04F2B3
:20A3400040EA020001F0004110EBD37041F100015EEA430E08BF20EAD37070BDC4F120057A
:20A3600000FA05F24EEA020E20FA04F301FA05F243EA020321FA04F001F0004121FA04F21D
:20A3800020EA020000EBD3705EEA430E08BF20EAD37070BD94F0000F0FD101F000464000BF
:20A3A00041EB010111F4801F08BF013CF7D041EA060195F0000F18BF704703F00046520021
:20A3C00043EB030313F4801F08BF013DF7D043EA0603704794EA0C0F0CEA135518BF95EA9D
:20A3E0000C0F0CD050EA410618BF52EA4306D1D181EA030101F000414FF0000070BD50EAA0
:20A40000410606BF1046194652EA430619D094EA0C0F02D150EA013613D195EA0C0F05D1DC
:20A4200052EA03361CBF104619460AD181EA030101F0004141F0FE4141F470014FF0000046
:20A4400070BD41F0FE4141F4780170BD70B54FF0FF0C4CF4E06C1CEA11541DBF1CEA1355D4
:20A4600094EA0C0F95EA0C0F00F0A7F8A4EB050481EA030E52EA03354FEA013100F088802F
:20A480004FEA03334FF0805545EA131343EA12634FEA022245EA111545EA10654FEA00268D
:20A4A0000EF000419D4208BF964244F1FD0404F5407402D25B084FEA3202B61A65EB030530
:20A4C0005B084FEA32024FF480104FF4002CB6EB020E75EB030E22BFB61A754640EA0C00A6
:20A4E0005B084FEA3202B6EB020E75EB030E22BFB61A754640EA5C005B084FEA3202B6EB07
:20A50000020E75EB030E22BFB61A754640EA9C005B084FEA3202B6EB020E75EB030E22BFB5
:20A52000B61A754640EADC0055EA060E18D04FEA051545EA16754FEA06164FEAC30343EAC1
:20A5400052734FEAC2025FEA1C1CC0D111F4801F0BD141EA00014FF000004FF0004CB6E714
:20A5600011F4801F04BF01430020B4F1FD0C88BFBCF5E06F3FF6AFAEB5EB030C04BFB6EB76
:20A58000020C5FEA500C50F1000041EB045170BD0EF0004E4EEA113114EB5C04C2BFD4EBB4
:20A5A0000C0541EA045170BD41F480114FF0000E013C90E645EA060E8DE60CEA135594EA85
:20A5C0000C0F08BF95EA0C0F3FF43BAF94EA0C0F0AD150EA01347FF434AF95EA0C0F7FF49C
:20A5E00025AF104619462CE795EA0C0F06D152EA03353FF4FDAE1046194622E750EA4106BD
:20A6000018BF52EA43067FF4C5AE50EA41047FF40DAF52EA43057FF4EBAE12E74A0011D294
:20A6200012F5001211D20DD56FF47873B3EB62520ED44FEAC12343F0004343EA505323FA3A
:20A6400002F070474FF00000704750EA013002D14FF0FF3070474FF000007047D0B500225B
:20A660000B4B06460F46FFF7C7FDFFF7D7FF0446FFF748FD0022074BFFF7BEFD02460B461A
:20A6800030463946FFF700FCFFF7C8FF2146D0BD0000F03D0000F0410CB4184B30B50C1E92
:20A6A0009DB01D6808DA8B234FF0FF302B601DB0BDE8304002B070474FF402730290069014
:20A6C00002A9ADF8143014BF04F1FF332346209A2846049307934FF6FF73ADF8163021ABBC
:20A6E000019300F08BF8431CBCBF8B232B60002CDDD0029B00221A70D9E700BFEC0800208B
:20A7000002440346934200D1704703F8011BF9E7014B1868704700BFEC0800200A44431E51
:20A72000914200D1704710B511F8014B914203F8014FF9D110BD034613F8012B002AFBD179
:20A74000181A013870472DE9F0471F468E6882460C46BE4290460B682DD8B1F90C2012F4EB
:20A76000906F26D06569096905EB4505A3EB01097B1C05EBD5754B446D109D4238BF1D46BC
:20A78000530527D5294600F059FB064660B34A462169FFF7C3FFA38923F4906343F0800395
:20A7A000A38126614E446561A5EB090526603E46A560BE4200D93E4632464146206800F015
:20A7C000A9FAA36800209B1BA360236833442360BDE8F0872A4600F0BDFB06460028E0D114
:20A7E0002169504600F0BEFA0C234FF0FF30CAF80030A38943F04003A381E9E72DE9F04F17
:20A8000098468B899DB007461B060D46144610D50B6973B9402100F011FB2860286130B902
:20A820000C233B604FF0FF301DB0BDE8F08F40236B610023CDF80C804FF00109DFF8A0810B
:20A84000099320238DF8293030238DF82A3023469A4613F8012B0AB1252AF9D1BAEB040B01
:20A860000BD05B46224629463846FFF76CFF013000F0A780099A5A4409929AF80030002B95
:20A8800000F09F8000234FF0FF320AF1010A049307938DF853301A93CDE90523544605228B
:20A8A0004F4814F8011B00F04FFA049AD8B9D00644BF20238DF85330110744BF2B238DF85F
:20A8C00053309AF800302A2B15D0079A544600204FF00A0C214611F8013B303B092B4BD9DA
:20A8E000B0B1079214E0A0EB0803A24609FA03F313430493D2E7039B191D1B68002B039137
:20A90000BBBF5B4242F0020207930793B8BF049223782E2B0AD163782A2B32D1039B0234D3
:20A920001A1D1B6843EAE37303920593DFF8C0A003222178504600F007FA38B1A0EB0A00B3
:20A940004022049B013482401343049314F8011B062224488DF8281000F0F6F9002836D08C
:20A96000214B1BBB039B073323F0070308330393099B334409936AE70CFB02320C46012019
:20A98000A8E7002301344FF00A0C19460593204610F8012B303A092A03D9002BC6D005911A
:20A9A000C4E70CFB012104460123F0E703AB2A4604A9384600930D4BAFF30080421C06467E
:20A9C000D6D1AB895B063FF52DAF09982CE703AB2A4604A938460093044B00F07DF8EDE713
:20A9E0008DDA020097DA02000000000047A7020093DA02002DE9F047164698468A68074656
:20AA00000B690C46DDF820909342B8BF1346336091F843200AB1013333602368990642BF1A
:20AA2000336802333360256815F0060506D104F1190AE36832689B1AAB422BDC94F843309A
:20AA40002268003B18BF0123920630D404F1430241463846C847013023D023681A3454F803
:20AA60000A2C03F00603042B0ABF54F80E5C002533684FF0000608BFED1A54F8123C08BFC2
:20AA800025EAE5759342C4BF9B1AED18B5421AD1002008E00123524641463846C847013050
:20AAA00003D14FF0FF30BDE8F0870135C1E7E1185A1C30200233224481F8430094F8451063
:20AAC00082F84310C2E70123224641463846C8470130E6D00136D9E72DE9FF470F7E9146C2
:20AAE00080460C46782F9A460C9E01F1430207D8622F0AD8002F00F0D180582F00F0B88065
:20AB000004F1420684F842703AE0A7F16303152BF6D801A151F823F071AB020085AB020056
:20AB200001AB020001AB020001AB020001AB020085AB020001AB020001AB020001AB020021
:20AB400001AB020083AC0200AFAB02003DAC020001AB020001AB0200A5AC020001AB020072
:20AB6000AFAB020001AB020001AB020045AC020033681A1D1B68326004F1420684F8423018
:20AB800001239CE033682068191D3160060601D51D6803E04506FBD5B3F90050002D03DAC0
:20ABA0002D236D4284F8433058480A2311E021683368080653F8045B02D4490648BFADB282
:20ABC0006F2F3360514814BF0A230823002184F843106668002EA66005DB21682E4321F0A3
:20ABE000040121604BD01646B5FBF3F103FB1157C75D06F8017D2F460D46BB42F4D9082BF9
:20AC00000BD12368DF0708D5236961689942DEBF302306F8013C06F1FF36921B22614B46C2
:20AC200003AA21464046CDF800A0FFF7E3FE01304AD14FF0FF3004B0BDE8F087236843F0F6
:20AC40002003236078273248236884F845701F06316851F8045B02D45F0648BFADB23160E1
:20AC6000D90744BF43F0200323601DB11023ADE72648E9E7236823F020032360F6E71646C8
:20AC8000BDE733682568181D616930602E061B6801D5196002E06806FBD51980002316461B
:20ACA0002361BCE7336800211A1D32601E686268304600F049F808B1801B6060636823618E
:20ACC000002384F84330AAE72369324649464046D0470130ADD023689B0713D4E068039BF9
:20ACE0009842B8BF1846A6E70123324649464046D04701309DD00135E36803995B1AAB4233
:20AD0000F2DCEBE7002504F11906F5E79EDA0200AFDA0200884210B501EB020402D9844257
:20AD2000234607D8431EA14208D011F8012B03F8012FF8E7024401468A4200D110BD13F86E
:20AD4000014D02F8014DF7E7C9B20346024410B59342184601D1002003E0047801338C422A
:20AD6000F6D110BD38B50546002941D051F8043C0C1F002BB8BFE41800F0E0F81D4A1368D1
:20AD800033B9636014602846BDE8384000F0DCB8A34208D9206821188B4201BF19685B6829
:20ADA00009182160EDE71A465B680BB1A342FAD911685018A0420BD1206801445018116041
:20ADC0008342E0D118685B68084453601060DAE702D90C232B60D6E7206821188B4202BFE9
:20ADE00019685B680918636008BF21605460CAE738BD00BF90EB002070B50F4E0C46054610
:20AE0000316811B900F0D4F830602146284600F0CFF8431C03D14FF0FF34204670BDC41CDF
:20AE200024F00304A042F8D0211A284600F0C0F80130F2D1EFE700BF8CEB00202DE9F8438B
:20AE4000CD1C064625F0030508350C2D38BF0C25002D01DBA94204D90C2333600020BDE8AA
:20AE6000F883DFF8D48000F069F8D8F800301C4644BB29463046FFF7BFFF431C044658D10F
:20AE8000D8F800402746002F43D1002C4BD023683946304604EB030900F08AF8814542D1E5
:20AEA000216830466D1A2946FFF7A6FF01303AD023682B442360D8F800305A6862BBC8F8AB
:20AEC00000700FE02268521B20D40B2A17D96119A342256018BF5960636808BFC8F800102D
:20AEE00062514B60304600F02FF804F10B00231D20F00700C21A1CBF1B1AA350AFE76268D1
:20AF0000A3420CBFC8F800205A60EBE723466468AEE73C467F68B6E71A465B68A342FBD171
:20AF200000235360DEE70C233046336000F00CF894E70560D6E700BF90EB0020014800F01A
:20AF400047B800BF94EB0020014800F042B800BF94EB00202DE9F041074614460D4621B9E8
:20AF60001146BDE8F041FFF769BF2AB92546FFF7F9FE2846BDE8F08100F02CF884420646A1
:20AF800002D8B4EB500FF4D821463846FFF756FF804608B94546ECE7B4422246294628BF44
:20AFA0003246FFF7BBFB29463846FFF7DBFEF1E738B50023054D044608462B60E8F79AFCDF
:20AFC000431C02D12B6803B1236038BD98EB00207047704751F8043C181F002BBCBF0B58A6
:20AFE000C0187047FFFFFFFF5FF800F0990400205FF800F0790000205FF800F0010000207A
:20B000005FF800F0990600205FF800F0B50100205FF800F0290200205FF800F0FD04002013
:20B020005FF800F02103002000000805352E382E300000004275696C742077697468205231
:20B04000656E6573617320416476616E63656420466C657869626C6520536F6674776172EA
:20B0600065205061636B6167652076657273696F6E20352E382E30002820282075696E7410
:20B08000385F74202A20292028207078426C6F636B2029203E3D202628207563486561700F
:20B0A0005B2030205D20292029202626202820282075696E74385F74202A20292028207084
:20B0C00078426C6F636B2029203C3D202628207563486561705B2028343039363029202D2B
:20B0E0002031205D2029202900000000433A2F55736572732F7361726176616E612F446FD4
:20B1000063756D656E74732F424D532F7278795F30315F6474755F7261345F6E35385F61C1
:20B1200070706C69636174696F6E2E7A69705F657870616E6465642F7278795F30315F649E
:20B1400074755F7261345F6E35385F6170706C69636174696F6E2F72612F6177732F467210
:20B16000656552544F532F4672656552544F532F536F757263652F706F727461626C652F6D
:20B180004D656D4D616E672F686561705F342E63000000002820282075696E74385F7420A1
:20B1A0002A2029202820707652657475726E2029203E3D202628207563486561705B2030DB
:20B1C000205D20292029202626202820282075696E74385F74202A202920282070765265E1
:20B1E0007475726E2029203C3D202628207563486561705B2028343039363029202D203153
:20B20000205D202920290000282028207078426C6F636B2D3E78426C6F636B53697A652033
:20B2200029203C2028207857616E74656453697A6520292029203D3D20300000282028209F
:20B24000282073697A655F7420292070784E6577426C6F636B4C696E6B202920262028202D
:20B2600030783030303720292029203D3D20300028202820282073697A655F7420292070A4
:20B280007652657475726E2029202620282073697A655F74202920282030783030303720F3
:20B2A000292029203D3D2030000000002820282075696E74385F74202A20292028207078F4
:20B2C0004C696E6B2029203E3D202628207563486561705B2030205D2029202920262620D2
:20B2E0002820282075696E74385F74202A202920282070784C696E6B2029203C3D20262832
:20B30000207563486561705B2028343039363029202D2031205D20292029000028202820AB
:20B32000282070784C696E6B2D3E78426C6F636B53697A65202920262028202820282073EC
:20B34000697A655F74202920312029203C3C202820282073697A656F66282073697A655FB5
:20B36000742029202A202820282073697A655F742029203820292029202D20312029202925
:20B38000202920213D2030202920213D2030000070784C696E6B2D3E70784E65787446725F
:20B3A0006565426C6F636B203D3D202828766F6964202A29302900002820282075696E7400
:20B3C000385F74202A202920282070784974657261746F722029203E3D20262820756348A3
:20B3E0006561705B2030205D20292029202626202820282075696E74385F74202A202920C3
:20B40000282070784974657261746F722029203C3D202628207563486561705B20283430E5
:20B4200039363029202D2031205D2029202900FF7076506F72744D616C6C6F6300FFFFFFB8
:20B4400076506F72744672656500FFFF707276496E73657274426C6F636B496E746F467247
:20B4600065654C69737400FF7078517565756500433A2F55736572732F7361726176616EA1
:20B48000612F446F63756D656E74732F424D532F7278795F30315F6474755F7261345F6E28
:20B4A00035385F6170706C69636174696F6E2E7A69705F657870616E6465642F7278795F12
:20B4C00030315F6474755F7261345F6E35385F6170706C69636174696F6E2F72612F6177C3
:20B4E000732F4672656552544F532F4672656552544F532F536F757263652F7175657565F3
:20B500002E6300007852657475726E20213D2028202820282042617365547970655F74201C
:20B52000292030202920290070784E65775175657565000070784D75746578007848616E5F
:20B54000646C6500212820282070764974656D546F5175657565203D3D202828766F69640C
:20B56000202A2930292029202626202820707851756575652D3E75784974656D53697A6573
:20B5800020213D2028205542617365547970655F742029203055202920290000212820286F
:20B5A0002078436F7079506F736974696F6E203D3D202820282042617365547970655F74C9
:20B5C0002029203220292029202626202820707851756575652D3E75784C656E67746820A3
:20B5E000213D203120292029000000002128202820785461736B4765745363686564756C66
:20B60000657253746174652829203D3D202820282042617365547970655F7420292030200E
:20B62000292029202626202820785469636B73546F5761697420213D203020292029000096
:20B6400028206354784C6F636B202920213D2028202820696E74385F7420292031323720FA
:20B6600029000000707851756575652D3E75784974656D53697A65203D3D20300000000048
:20B680002128202820707851756575652D3E706348656164203D3D202828766F6964202A56
:20B6A0002930292029202626202820707851756575652D3E752E7853656D6170686F7265D4
:20B6C0002E784D75746578486F6C64657220213D202828766F6964202A2930292029202955
:20B6E000000000002820707851756575652029002128202820282070764275666665722073
:20B7000029203D3D202828766F6964202A293029202920262620282028207078517565758B
:20B720006520292D3E75784974656D53697A6520213D2028205542617365547970655F74AE
:20B7400020292030552029202900000021282028207076427566666572203D3D20282876F8
:20B760006F6964202A2930292029202626202820707851756575652D3E75784974656D537D
:20B78000697A6520213D2028205542617365547970655F74202920305520292029000000B6
:20B7A00028206352784C6F636B202920213D2028202820696E74385F74202920313237209B
:20B7C00029000000707851756575652D3E75784974656D53697A6520213D20300000000003
:20B7E000785175657565000070785175657565536574436F6E7461696E6572007078517562
:20B80000657565536574436F6E7461696E65722D3E75784D6573736167657357616974698C
:20B820006E67203C2070785175657565536574436F6E7461696E65722D3E75784C656E671D
:20B84000746800FF78517565756547656E65726963526573657400FF7851756575654765A8
:20B860006E6572696343726561746500785175657565476976654D75746578526563757247
:20B880007369766500FFFFFF78517565756554616B654D7574657852656375727369766527
:20B8A00000FFFFFF78517565756547656E6572696353656E6400FFFF7851756575654765A0
:20B8C0006E6572696353656E6446726F6D49535200FFFFFF78517565756552656365697673
:20B8E0006500FFFF78517565756553656D6170686F726554616B650076517565756541641F
:20B9000064546F5265676973747279007072764E6F746966795175657565536574436F6E85
:20B920007461696E657200FF0E00000028202820282075696E7433325F7420292070785402
:20B940006F704F66537461636B202620282075696E7433325F7420292028203078303030CE
:20B960003720292029203D3D2030552029000000433A2F55736572732F7361726176616E9D
:20B98000612F446F63756D656E74732F424D532F7278795F30315F6474755F7261345F6E23
:20B9A00035385F6170706C69636174696F6E2E7A69705F657870616E6465642F7278795F0D
:20B9C00030315F6474755F7261345F6E35385F6170706C69636174696F6E2F72612F6177BE
:20B9E000732F4672656552544F532F4672656552544F532F536F757263652F7461736B73ED
:20BA00002E63000075785072696F72697479203C20283135290000007578536368656475CA
:20BA20006C657253757370656E646564203D3D2030000000707850726576696F7573576131
:20BA40006B6554696D65000028207854696D65496E6372656D656E74203E20305520290047
:20BA600075785363686564756C657253757370656E646564203D3D203155000075784E65AF
:20BA8000775072696F72697479203C202831352900000000785461736B00000078546173EF
:20BAA0006B546F526573756D6500000049444C45000000007852657475726E20213D20280B
:20BAC000202D31202900000075785363686564756C657253757370656E64656420213D20CA
:20BAE00030550000707854434200000075785363686564756C657253757370656E646564C9
:20BB0000203D3D2028205542617365547970655F74202920305500002820282028202820D0
:20BB2000707844656C617965645461736B4C69737420292D3E75784E756D6265724F66492E
:20BB400074656D73203D3D2028205542617365547970655F74202920302029203F2028203C
:20BB6000282042617365547970655F74202920312029203A202820282042617365547970E8
:20BB8000655F74202920302029202920290000007578546F705072696F7269747900000077
:20BBA00070784576656E744C6973740075785363686564756C657253757370656E646564C8
:20BBC00020213D2028205542617365547970655F74202920305500007078556E626C6F6301
:20BBE0006B65645443420000707854696D654F757400000070785469636B73546F576169BF
:20BC000074000000707854434220213D202828766F6964202A293029000000007078544304
:20BC200042203D3D20707843757272656E7454434200000070785443422D3E75784D757415
:20BC40006578657348656C6400000000707854434220213D20707843757272656E745443F1
:20BC6000420000007578496E646578546F576169744F6E203C202831290000007578496EE6
:20BC8000646578546F4E6F74696679203C20283129000000785461736B546F4E6F7469665B
:20BCA00079000000785469636B436F756E74203D3D2028205469636B547970655F742029B4
:20BCC000203000002820282026282070785443422D3E784576656E744C6973744974656D45
:20BCE000202920292D3E7078436F6E7461696E65722029203D3D202828766F6964202A2944
:20BD0000302900007578496E646578546F436C656172203C2028312900FFFFFF707276499F
:20BD20006E697469616C6973654E65775461736B00FFFFFF765461736B44656C617900FF90
:20BD4000765461736B53746172745363686564756C657200785461736B526573756D654170
:20BD60006C6C00FF785461736B496E6372656D656E745469636B00FF765461736B53776976
:20BD8000746368436F6E7465787400FF765461736B506C6163654F6E4576656E744C6973AB
:20BDA0007400FFFF765461736B506C6163654F6E4576656E744C69737452657374726963EC
:20BDC00074656400785461736B52656D6F766546726F6D4576656E744C69737400FFFFFF7E
:20BDE000785461736B436865636B466F7254696D654F757400FFFFFF785461736B50726939
:20BE00006F72697479446973696E686572697400765461736B5072696F726974794469734D
:20BE2000696E6865726974416674657254696D656F757400546D7220537663007852657414
:20BE400075726E00433A2F55736572732F7361726176616E612F446F63756D656E74732F43
:20BE6000424D532F7278795F30315F6474755F7261345F6E35385F6170706C69636174692C
:20BE80006F6E2E7A69705F657870616E6465642F7278795F30315F6474755F7261345F6E6B
:20BEA00035385F6170706C69636174696F6E2F72612F6177732F4672656552544F532F4638
:20BEC00072656552544F532F536F757263652F74696D6572732E630028207854696D657229
:20BEE000506572696F64496E5469636B73203E20302029007854696D6572000078436F6D23
:20BF00006D616E644944203C202820282042617365547970655F7420292036202900000010
:20BF200078436F6D6D616E644944203E3D202820282042617365547970655F742029203663
:20BF40002029000028207854696D65725461736B48616E646C6520213D202828766F696458
:20BF6000202A2930292029002820707854696D65722D3E7854696D6572506572696F6449EB
:20BF80006E5469636B73203E2030202900000000546D725100FFFFFF7854696D657243728F
:20BFA0006561746554696D65725461736B00FFFF707276496E697469616C6973654E6577C3
:20BFC00054696D657200FFFF70727650726F636573735265636569766564436F6D6D616EA9
:20BFE000647300FF010002000800100036E0014038E0014090E4014032E0014080E40140F3
:20C000002AE001404AE0014000000000FFFF0000002000008000000000000100FFFF0700C6
:20C0200000800000800000000200000008C0020000000008FF1F00084000000004000000C2
:20C0400001530100A1530100F753010077540100215601005D560100E95401004D55010072
:20C0600073550100255501009555010003560100B1550100E1550100C1560100F356010097
:20C08000115701002F5701004F570100020403040404FFFFFFFF00FF010203FF7563535673
:20C0A000434E756D626572203C3D203300000000433A2F55736572732F7361726176616E0F
:20C0C000612F446F63756D656E74732F424D532F7278795F30315F6474755F7261345F6EDC
:20C0E00035385F6170706C69636174696F6E2E7A69705F657870616E6465642F7278795FC6
:20C1000030315F6474755F7261345F6E35385F6170706C69636174696F6E2F72612F667375
:20C12000702F7372632F726D5F6672656572746F735F706F72742F706F72742E6300000098
:20C140002828285343425F54797065202A2920282830784530303045303030554C29202B44
:20C1600020307830443030554C2920292D3E49435352202620283078314646554C2029296E
:20C18000203D3D20300000007578437269746963616C4E657374696E67000000756C43752C
:20C1A0007272656E745072696F72697479203E3D2028282828312929203C3C202838202DAF
:20C1C0002034292929203E3E202838202D203429000000005F5F4E5649435F47657450727B
:20C1E000696F7269747947726F7570696E672829203C3D202838202D203429202D20310082
:20C2000076506F727453564348616E646C65725F4300FFFF76506F7274456E7465724372EB
:20C2200069746963616C00FF76506F727445786974437269746963616C00FFFF76506F7204
:20C240007456616C6964617465496E746572727570745072696F7269747900FF0000000012
:20C260000000000000000000000100191800000000000000801A0600500000000101141571
:20C28000161700000000000000000000519002000000000068C20200010100000000000060
:20C2A00000000000FF00000098C20200FFDFFFDF0C1100000000000000000000000000004A
:20C2C00000000000000000000000000000000000000000000000000000000000000000005E
:20C2E0000000FFFFDFDF000000000000000000000000000000000000000000000000000082
:20C3000080F0FA020000000040787D0102021000059A020000000000C0C20200FFFFFFFF46
:20C320000200000000000000140000000000000000000000000000000000000000010000E6
:20C340001000000000000000000000000000000000000000000000000000000000000000CD
:20C360000000000000000000000000000000000000000000000000000000FFFFDFDF000001
:20C3800000000000000000000000000000000000000000000000000020A1070000000000D5
:20C3A00090D0030001020F00DD9902000000000058C3020001000000000000000000000072
:20C3C00000000000000000000000000000000000000000000000FFFFDFDF000000000000A1
:20C3E000000000000000000000000000000000000200000050C30000000000000000000028
:20C4000004FFDF000000000000000000B4C3020006080303010100000000000000000000AB
:20C420000000000000000000000000000000000000000000010D010E1CB0002024C4020009
:20C4400040C0020000010000780700200F00FFFF00000000FFFF0000000200000109020A17
:20C46000020B020C0000000000000000059C02000000000044C402000100000000000001F2
:20C4800000000000000506070802020202000000010000000000000000000000E5980200FA
:20C4A0000000000078C40200000000008C070020AC07002000000000200000000000000098
:20C4C0000000000000000000000000007C070020958C020000000000A8C402000200010223
:20C4E00000013F3F000001DFDFFFFFFF00000000000FDFDF00FFFF00000000000000000036
:20C50000E0C402000000000000000000008000000100000000000000020000000080000072
:20C52000030000000000000004000000008000000D000000008000000E0000000080000059
:20C540000F00000000000104000100000000010401010000000000000201000005000000B7
:20C5600003010000000000000401000000000000050100000400000006010000040000009D
:20C580000701000000000100080100000004010609010000000401060A0100000000010657
:20C5A0000B010000050400000C010000050000000D0100000000010001020000000001033E
:20C5C000050200000400000006020000040000000702000005040000080200000000010027
:20C5E0000C020000000001000D020000000001000003000000000000010300000000000015
:20C600000203000005040000030300000504000004030000040000000004000000000110DD
:20C6200001040000000001100204000000040107070400000004010708040000050C00009E
:20C640000B04000004000000000500002900000004C5020000000000A100A400A500A20042
:20C66000A300C401C501C801C701800181018201830131003000CF00D8005600050003008B
:20C680007300740075007600000000000000000000000000000000000000000000000000C8
:20C6A00000000000000000000000000000000000000000000000000000000000000000007A
:20C6C00000000000000000000000000000000000000000000000000000000000000000005A
:20C6E00000000000000000000000000000000000000000000000000000000000000000003A
:20C70000000000000000000000000000000000000000000000000000040900010500010401
:20C72000000004000002000000000301000302004F044F054F064402440040064005400495
:20C740000501050205034F0744014D004504470447004804480148054701480047054802F9
:20C76000480647024703480724074A00470747064403440744064405440443004301430240
:20C780004303410340073F033F023F013F003F043F053F063F073E033E013E023E063E076B
:20C7A0000B050A03090308034803070306033E043E050504040004040B040B060B07050016
:20C7C0004B004E003E00460043078302330233038303840134013402840285003500350116
:20C7E000850185033503360086008602360236038603200070006F021F021F016F016E0392
:20C800001E031E026E026E001E001D036D036D011D011D006D006C021C02830009033C00DE
:20C820003903370244004103460148022A002702700107025C0063010E031800130290020D
:20C8400040024100910191004101870137013E012C012E02790323002501070157010C0063
:20C860001A01150320033003330020010C02FFFF04034403440203020C01030105074B02CC
:20C880004B010303040507034B0407000C00070107024B0605040400050504010404070440
:20C8A0000A010A020A030A004400010303074B030A040E010E050D030D010D050D070C0723
:20C8C0000B010B030B064104410348074A024A034A010A054B0545044C004D004F044A0093
:20C8E00044010E000E020E030E040E060E070D020D000D040D060C030C020C060C050C04F9
:20C900000B000B020B070B050B040003090046074B00050044070A060A07FFFF6500002036
:20C9200001006600002001006700002001006800002001006900002001006A000020010049
:20C940006B00002001006C00002001006D00002001006E00002001006F00002001007000A1
:20C960000020010071000020010072000020010073000220020074000220020075000023AA
:20C9800001007600002101007700002101007800002001007900002001007A000020010097
:20C9A0007B00002001007C00002001007D00002001007E00002001007F00030000008000FF
:20C9C000032200008100022002008200030000008300002001008400030000008500030055
:20C9E00000008600022002008700002001008800002001008900030000008A000020010005
:20CA00008B00030000008C00002001008D00002001008E00022002008F000020010090003B
:20CA200000200100910000200100920002200200930000200100940000200100950000204F
:20CA40000100960003000000970000230100980000230100990000200100C9000020010021
:20CA6000CA0000200100CB0003000000CC0003000000CD0003000000CE0004000000CF00BD
:20CA800004000000D00003000000D10003000000D20003000000D30003000000D40000224A
:20CAA0000100D50003000000D60003000000D70003000000D80003000000D9000300000033
:20CAC000DA0003000000DB0003000000DC00030000002D01040000002E01000001002F012A
:20CAE00000000100300100000100310103000000320101000100330101000100340100230B
:20CB00000100350104000000360100200100370103000000380100000100390100240100AE
:20CB20003A01002301003B01000001003C01040000003D01030000003E01002001003F0137
:20CB4000002001004001030000004101030000004201030000004301030000004401002039
:20CB60000100450101200100460100240100470100200100480104000000490100230100BC
:20CB80004A01002001004B01002301004C01002001004D01002001004E01012301004F0118
:20CBA0000023010050010000010051010000010052010400000053010400000054010300A5
:20CBC00000005501030000005601030000005701030000005801030000005901030000008E
:20CBE0005A01030000005B01030000005C01030000005D01030000005E01030000009001C4
:20CC00000400000091010400000092010400000093010126010094010400000095010100F7
:20CC20000100FFFF3F0006005B004F0066006D007D0007007F006F0000007F00FF031E0022
:20CC4000F706BF069E07BD07FD071F02FF079F070000FE03C707FE04FF06F007F707CE0738
:20CC6000CF07BD07F103CC043F0906011B060F0426062D063D0601113F06270637068F14CD
:20CC800039008F10390231023D04360689101E0030233800760176203F0033063F20332652
:20CCA0004D0481103E00300936284029401109090800000000090006390037003300FFFF39
:20CCC0000D00D5000E006B007F00FF003D01D703B101AE01EA02FFFFFF011E02EF043F04C2
:20CCE0009E05BB05FB051F00FF05BF05FF07000019000D00170013001F00FFFF49035D03CB
:20CD00003F003D0023017E03FF03FFFFD7063D027F00FF005F02FF0F30313233343536374D
:20CD200038394142434445464748494A4B4C4D4E4F505152535455565758595A5F202F2DC8
:20CD4000010701060105010400000002000102070206020502040100010201010203030684
:20CD60000305030402000202020145034502450145004604460646054C074C064C054C045A
:20CD80004505450745064D074D064D054D044C014C034C024E074E064E054E044D014D0392
:20CDA0004D024F074F064F054E004E014E034E020607060606050604050105030502070796
:20CDC00007060705060006010603060209040905090609070903090109020804080508069A
:20CDE00008070803080108028E018E033E033F008F008F023F028F03900140013F038C00D3
:20CE00008C023C023C038C038D013D018D028E003E003D0289038A013A013A028A028B006D
:20CE20003B008B018B033B033B0187028800380038018801880338038900890239023900CA
:20CE400098029803480349019901990249029A009A014A014A009601960246024700970069
:20CE6000970147019703980048004703940094014401440394039500450095029503450371
:20CE8000450291039200420042029202920342039301930243024301800381013101310215
:20CEA0008102820032008201820332033201700371002100210271027103210372017202B1
:20CEC000220222017E027F002F002F017F017F032F0380008002300230007C017C032C03EA
:20CEE0002D007D007D022D027D037E012E012D037A007A022A022A037A037B012B017B028B
:20CF00007C002C002B027702770327032801780178022802790079012901290075017502A6
:20CF2000250226007600760126017603770027002603730073012301230373037400240011
:20CF4000740274032403240259035A010A010A025A025B000B005B015B030B030B015702DA
:20CF6000580008000801580158030803590059020902090061006101110111036103620012
:20CF8000120062026203120312025E035F000F000F025F025F030F036001600210021001F2
:20CFA0005C025C030C030D015D015D020D025E005E010E010E006A016A031A031B006B0076
:20CFC0006B021B026B036C011C011B03680068021802180368036901190169026A001A00CC
:20CFE00019026503660116011602660267001700670167031703170163026400140014013C
:20D000006401640314036500650215021500FFFF43034307430643054304430044044405FB
:20D020004406430243014203420741024101410042044200420142024206420529002A05D3
:20D040002A07290728022800290429052901280129022803290629032B042B002B032A0309
:20D060002A062A042A002B052B012A012B022A022B062B072D042D012D032C032C062C04C5
:20D080002C002C012D052C052D062C072C022D072E002F042F072E072D022D002E042E0183
:20D0A0002F052E052F062E062E022E0330003105310730072F022F003004300530012F0140
:20D0C00030022F033006300332043200320331033106310431003205320131013202310212
:20D0E0003206320734043401340333033306330433003301340533053406330733023407B9
:20D1000035003604360735073402340035043501360535053606350635023503370038057F
:20D12000380737073602360037043705370136013702360337063703390439003903380348
:20D1400038063804380039053901380139023802390639073B043B013B033A033A063A0404
:20D160003A003A013B053A053B063A073A023B073C003D043D073C073B023B003C043C01C2
:20D180003D053C053D063C063C023C033E003F053F073E073D023D003E043E053E013D017F
:20D1A0003E023D033E063E034004400040033F033F063F043F00400540013F0140023F0251
:20D1C000400640072603250325012604270427062707260226072705260626002601260576
:20D1E0002507240724042400250025022506240224032505240625042401240523072207AA
:20D200002205220023002302230323062203230122022304230522012103200320002104C3
:20D2200022042206210221062107210120022100210520011F031E031E011F0420042006B3
:20D2400020071F021F0720051F061F001F011F051E071D071D041D001E001E021E061D02AB
:20D260001D031E051D061E041D011D051C071B071B051B001C001C021C031C061B031C01B0
:20D280001B021C041C051B011A03190319001A041B041B061A021A061A071A0119021A00B7
:20D2A0001A05190118031703170118041904190619071802180719051806180018011805AD
:20D2C0001707160716041600170017021706160216031705160617041601160515071407A9
:20D2E0001405140015001502150315061403150114021504150514011303120312001304C3
:20D300001404140613021306130713011202130013051201110310031001110412041206B2
:20D320001207110211071205110611001101110510070F070F040F001000100210060F02AA
:20D340000F0310050F0610040F010F052503260626042504240124032507250625022402C2
:20D3600025012400250525002707280328002600260526072603270628022602280126011D
:20D38000270527042A072A022A00290029052907290329022A0629062A05290429012A04BE
:20D3A0002B032C072C042B042A012A032B072B022C062B062C052B052B012B002D032E0677
:20D3C0002E042D042C012C032D072D062D022C022D012C002D052D002F072F032F002E004C
:20D3E0002E052E072E032F062F022E022F012E012F052F0431073102310030003005300700
:20D400003003300231063006310530043001310432033307330432043101310332073202BB
:20D4200033063206330532053201320034033506350434043301330334073406340233027A
:20D44000340133003405340036073603360035003505350735033606360235023601350150
:20D460003605360438073802380037003705370737033702380637063805370437013804FB
:20D4800039033A073A04390438013803390739023A0639063A053905390139003B033C06B6
:20D4A0003C043B043A013A033B073B063B023A023B013A003B053B003D073D033D003C008B
:20D4C0003C053C073C033D063D023C023D013C013D053D04230422042206220323032301E7
:20D4E0002300230522002302220123072306220221002000200321072207220521012105DC
:20D500002104210220012103210620021F001E001E021F072007200520041F011F042006D9
:20D520001F051F031F021F061E041D041D071D031E031E011E051D011D001E061D051E07CF
:20D540001D021D061C041B041B061B031C031C011C001C051B001C021B011C071C061B02DB
:20D560001A00190019031A071B071B051A011A051A041A0219011A031A06190218001700E4
:20D580001702180719071905190418011804190618051803180218061704160416071603C9
:20D5A0001703170117051601160017061605170716021606150414041406140315031501D6
:20D5C0001500150514001502140115071506140213001200120313071407140513011305DB
:20D5E0001304130212011303130612021100100010021107120712051204110111041206D9
:20D60000110511031102110610040F040F070F031003100110050F010F0010060F051007CE
:20D620000F020F060E040D040D060D030E030E010E000E050D000E020D010E070E060D02DA
:20D640000C000B000B030C070D070D050C010C050C040C020B010C030C060B02480248065E
:20D660004A064A074803FFFF48054804480049044A044A0548014901490549004702460339
:20D6800046024601460047004701470347074706470547042122232425262728292A000033
:20D6A00053484152454400004C495645204C4F434154494F4E00000043414E43454C4C45D3
:20D6C000440000004C4F434154494F4E2053484152450000544845524D414C205249534BB4
:20D6E00000000000454D455247454E4359000000414C4552540000004F56455248454154B5
:20D70000494E470038303931323338303338000043414C4C20535550504F525400000000A8
:20D72000434F4D504C45544500000000555044415445000041435449564500004C494D50DF
:20D74000204D4F4445000000454E41424C454400534541542F43484152474500464F525755
:20D76000415244204153534953540000505245535320500052455645525345204153534972
:20D7800053540000544F205348555420444F574E000000004B4559204F46460033532054A5
:20D7A0004F20454E41424C4500000000484F4C442053455420464F5200000000544F204313
:20D7C000484152474500000025303264202530326420414D000000002530326420253032AC
:20D7E0006420504D0000000046554C4C2043484152474520425900005455524E204F4E202A
:20D80000504F574552000000544F20554E504C55470000004B4559204F4E0000544F205321
:20D8200057495443482054524950000050524553532053454C000000335320544F20524579
:20D840005345540048494C4C20484F4C440000005345525649434500424F4F4B2055504328
:20D860004F4D494E470000004F56455244554500335320544F2044495341424C45000000B7
:20D880005354414E44425900554E415641494C41424C450044495341424C4520494E200084
:20D8A000257325645300000044454143544956415445440041435449564154454400000041
:20D8C000494E434F4D494E472043414C4C0000004D49535345442043414C4C00434F4E4E89
:20D8E0004543544544000000424C5545544F4F5448000000444953434F4E4E45435445449A
:20D900000000000053484152494E475F20202020200000005550444154494E472020202020
:20D920002000FFFF2122232425262728292AFFFF393A3B3C3D3E3F4041424344454647484C
:20D94000494A4B4CFF00000000000000000000000000000021FF000000000000000000007E
:20D96000000000002122FF00000000000000000000000000212223FF000000000000000000
:20D980000000000021222324FF00000000000000000000002122232425FF00000000000050
:20D9A00000000000212223242526FF00000000000000000021222324252627FF0000000098
:20D9C000000000002122232425262728FF00000000000000212223242526272829FF0000D8
:20D9E000000000002122232425262728292AFF000000000020006000E000E001E003E103A9
:20DA0000E303E703E707EF07FF07FFFF5259315F445455000CDA02005258315F53445455C4
:20DA20000000000018DA02004454555F43414E5F54785F5461736B004454555F554152542F
:20DA40005F54785F5461736B000000004454555F446973705F5461736B0000004454555F8F
:20DA6000554152545F52785F5461736B000000004454555F43414E5F52785F5461736B0016
:20DA8000537754696D65725F5461736B00232D302B2000686C4C0065666745464700303179
:20DAA0003233343536373839414243444546003031323334353637383961626364656600C3
:20DAC0001000000000000000017A5200027C0E011B0C0D0010000000180000005ACCFFFF5C
:20DAE000100000000000000080B584B000AF0023FB6000237B60194BB3F884309BB23B60D7
:20DB00004FF49643BB60154B4FF42A42A3F8842008E0BB68002B02D14FF4FA73FB60BB6849
:20DB2000013BBB600D4BB3F884309BB2002BF0D13B68012B06D1094B4DF60112A3F844204F
:20DB400000F06EFB7B6840F2F512934201D17B68FB60FB6818461037BD4680BD00E07F4084
:20DB600080B584B000AF78607B685B681B78002B0DD07B685B6893F91130184600F054FB64
:20DB80007B685B6893F91330184600F04DFB124BB3F884309BB2002B02D1786800F050FB58
:20DBA00000F01CF8F86000F049F8B860FB68002B01D1BB68FB60FFF797FFB860FB68002BB0
:20DBC00001D1BB68FB607B68002283F83C20FB6818461037BD4680BD00E07F4080B483B0CB
:20DBE00000AF4FF496437B60124BB3221A7007E07B68002B01D1142315E07B68013B7B60D6
:20DC00000D4BD3F88030C3F3C033DBB2012BEFD1094B1B7CC3F30013DBB2002B02D040F29F
:20DC2000F51300E0002318460C37BD465DF8047B704700BF00007E4000E07F4080B483B027
:20DC400000AF4FF496437B60124B50221A7007E07B68002B01D1142315E07B68013B7B60D8
:20DC60000D4BD3F88030C3F3C033DBB2012BEFD1094B1B7CC3F30013DBB2002B02D040F23F
:20DC8000F51300E0002318460C37BD465DF8047B704700BF00007E4000E07F4080B485B0C5
:20DCA00000AFF860B9607A60174AFB681B6B1363164B20221A70154BD0221A70FB681A6BB9
:20DCC000BB681A44FB681A63FB689B6B5A1EFB689A637B68002B10D007E07B68002B01D1ED
:20DCE00014230BE07B68013B7B60074BD3F88030C3F3C033DBB2012BEFD10023184614374D
:20DD0000BD465DF8047B704700E07F4000007E4080B588B000AFF860B9607A607B68002BA3
:20DD200006D1FB685B6893F91130184600F07CFA334AFB685B6B1363324BE8221A70BB6805
:20DD40005B08BB6102237B612E4BBA69D2B21A700023FB612CE0FB681B6B1A46294B1288B7
:20DD60001A80FB681B693B6106E03B695A1E3A61002B01D114233FE0214BD3F88030C3F3F9
:20DD80008023DBB2012BF0D0FB681A6B7B691A44FB681A63FB685A6B7B691A44FB685A63D3
:20DDA000FB689B6B5A1EFB689A63FB690133FB61FA69BB699A42CED3124BD0221A707B686E
:20DDC000002B11D007E07B68002B01D1142313E07B68013B7B600A4BD3F88030C3F3C033D3
:20DDE000DBB2012BEFD106E0FB685B6893F91130184600F01DFA002318462037BD4680BD54
:20DE000000E07F4000007E4080B586B000AFF860B9607A6000237B61174B1B7CC3F300137F
:20DE2000DBB2012B0FD1144BD3F88030C3F38033DBB2012B04D1104B1B7C0F4B00221A747C
:20DE400040F2F5137B610C4BD3F88020BB681340002B01D07B687B61FB68002B01D0FB68F7
:20DE60007B617B69002B01D0FFF7B8FE7B6918461837BD4680BD00BF00E07F4080B489B09E
:20DE800000AFF860B9607A60FB689B693B610823FB7608237B611A4ABB681363194B40221F
:20DEA0001A70184AFB7E13700023FB6109E0FB695B007A681344134A1B881380FB690133EF
:20DEC000FB61FA697B699A42F1D30E4BD0221A7007E03B69002B01D114230BE03B69013BA0
:20DEE0003B61074BD3F88030C3F3C033DBB2012BEFD1002318462437BD465DF8047B70472D
:20DF000000E07F4000007E4080B485B000AFF860B9607A60194B4FF6FF721A80174B4FF6E6
:20DF2000FF725A807B689AB2FB689BB2DB039BB213439BB243F4F0439AB2104BDA80BB685B
:20DF40009BB26FEA43536FEA53539AB20B4B9A800A4B4FF6FF721A81084B4FF6FF725A8140
:20DF6000064B4FF6FF729A81044B4FF6FF72DA8100BF1437BD465DF8047B70476007002000
:20DF800080B584B000AF78600023FB60786800F07BF8F860FB68002B10D0FB681EE07B68C6
:20DFA0009B681A4680217868FFF7B2FEF86018224FF4A041F868FFF727FFF8607B689B6B64
:20DFC000002B02D0FB68002BE9D0FFF78DFDB860FB68002B01D1BB68FB60FB68184610377F
:20DFE000BD4680BD80B588B000AFF860B9607A600023FB61FB68BA681A63FB687A689A63B7
:20E00000F86800F041F8F861FB69002B01D0FB6933E01C4B0122A3F8E0201EE0FB681B6B3B
:20E02000B3F5803F06D2FB68DB69BB614FF400537B6105E0FB681B6ABB614FF400437B6121
:20E04000BA697969F868FFF729FEF86119224FF4C041F869FFF7D8FEF861FB689B6B002B4C
:20E0600002D0FB69002BD9D0FFF73EFD3861FB69002B01D13B69FB61FB6918462037BD464F
:20E0800080BD00BF00E07F4080B584B000AF78600023FB604FF49643BB607B685B681B7807
:20E0A000002B0DD07B685B6893F91130184600F0BBF87B685B6893F91330184600F0B4F875
:20E0C0000F4B4FF45942A3F844200D4B4AF60122A3F8842008E0BB68002B02D14FF4FA7356
:20E0E00009E0BB68013BBB60054BB3F884309BB2012BF0D1FB6818461037BD4680BD00BFCD
:20E1000000E07F4080B588B000AFF860B9607A60184BD3F8DC30C3F3C073DBB2BB61F868CD
:20E12000FFF7B2FFF861FB69002B01D0FB691CE0BB68590B7B685B0B1A46B869FFF7E4FEF6
:20E140000D4A0E49F868FFF799FEF86118220021F869FFF759FEF861FFF7C6FC7861FB6974
:20E16000002B01D17B69FB61FB6918462037BD4680BD00BF00E07F406007002030A1000152
:20E1800080B584B000AF78600B46FB701346BB707868FFF779FFF860FB68002B01D0FB68E7
:20E1A00033E0BB78002B08D0FB789BB2194A43F4CC439BB2A2F8E8301EE01022FF21164800
:20E1C00000F03AF8FB789BB203F001039BB2002B02D14FF6FF7201E047F6FF720E4BDA8023
:20E1E0000D4A0E497868FFF749FEF86018220021F868FFF709FEF860FFF776FCB860FB6809
:20E20000002B01D1BB68FB60FB6818461037BD4680BD00BF00E07F406007002030A1000184
:20E220005FF800F0ED5001005FF800F0895201005FF800F0295201005FF800F001A7020082
:20E240005FF800F0915C0100FFFF00000000000000000000000000000100000030C0020098
:20E26000400002000500000006000000030000000300000020070000C00700000007000056
:20E28000FF07000040070000FF0F00000000000000070000200000000000000030000000CC
:20E2A00000000000200000000000000030000000000000004001000000000000500100007C
:20E2C000000000005001000000000000400100000000000030020000000000004002000038
:20E2E000000000006002000000000000800200000000000051020000000000008B03000059
:20E30000000000006606000000000000660600000000000040000000000000007000000075
:20E3200000000000400000000000000070000000000000000404000000000000040400001D
:20E340000000000004040000000000000404000000000000000000000000010000000000AC
:20E3600000000100000000000000010000000000000001000007000000000000000700008C
:20E3800000000000000700000000000000070000000000000010000000100000000004004B
:20E3A00044190B00002E165801010000FFFFFFFFFFFF010026020101AA010000511D2800F1
:20E3C000540E0000590010203F0000005203000055009F02F00800200000000000000000B0
:20E3E00068000000D0000000000000000000000000000000000000000000000000000000E5
:20E400000000000000000000000000000000000000000000000000000000000000000000FC
:04E4200000000000F8
:020000040100F9
:10A10000FFFFFFFFFFFFFFFFFFFFFFFFFFFFFFFF5F
:04A13400FFFFFFFF2B
:20A20000FFFCFFFFFFFFFFFFFFFFFFFFFFFFFFFFFFFFFFFFFFFFFFFFFFFFFFFFFFFFFFFF61
:20A22000FFFFFFFFFFFFFFFFFFFFFFFFFFFFFFFFFFFFFFFFFFFFFFFFFFFFFFFFFFFFFFFF3E
:20A24000FFFFFFFFFFFFFFFFFFFFFFFFFFFFFFFFFFFFFFFFFFFFFFFFFFFFFFFFFFFFFFFF1E
:20A26000FFFFFFFFFFFFFFFFFFFFFFFFFFFFFFFFFFFFFFFFFFFFFFFFFFFFFFFFFFFFFFFFFE
:20A28000F8F8FFFFFFFFFFFFFFFFFFFFFFFFFFFFFFFFFFFFFFFFFFFFFFFFFFFFFFFFFFFFEC
:20A2A000FFFFFFFFFFFFFFFFFFFFFFFFFFFFFFFFFFFFFFFFFFFFFFFFFFFFFFFFFFFFFFFFBE
:10A2C000FFFFFFFFFFFFFFFFFFFFFFFFFFFFFFFF9E
:04000005000081591D
:00000001FF
