:020000040000FA
:20000000D84B002059810000C57E00006981000069810000698100006981000069810000EE
:20002000000000000000000000000000698100006981000000000000698100006981000018
:20004000277600001F770000C97700001F770000C9770000494D0000714C0000154E0000A1
:200060006D4E000057430000A343000021440000B944000099670000FD6600009F5C000085
:20008000595300009F5C0000000000000000000000000000000000000000000000000000B9
:2000A000000000000000000000000000000000000000000000000000000000000000000040
:2000C000000000000000000000000000000000000000000000000000000000000000000020
:2000E000000000000000000000000000000000000000000000000000000000000000000000
:200100000000000000000000000000000000000000000000000000000000000000000000DF
:200120000000000000000000000000000000000000000000000000000000000000000000BF
:2001400000000000000000000000000000000000000000000000000000000000000000009F
:2001600000000000000000000000000000000000000000000000000000000000000000007F
:2001800000000000000000000000000000000000000000000000000000000000000000005F
:2001A00000000000000000000000000000000000000000000000000000000000000000003F
:2001C0000348044B834202D0034B03B118477047AC080020AC08002000000000064B07498D
:2001E000C91A891048BF0131491003D0044B0BB101481847704700BFAC080020AC0800204D
:200200000000000010B5064C237843B9FFF7D8FF044B13B10448AFF300800123237010BD5E
:20022000C808002000000000E486000008B5054B1BB105490548AFF30080BDE80840FFF7EB
:20024000CDBF00BF00000000CC080020E486000080B582B000AF0023FB710C490C4806F0B1
:200260006DFB0346FB7100220321094806F08AFB0346FB710749084806F0D6FE0346FB717B
:20028000FB7918460837BD4680BD00BF78830000E844002098840000D445002080B584B049
:2002A00000AF786039600023FB603A680021054807F056F8F860FB68DBB218461037BD465B
:2002C00080BD00BFD445002080B584B000AF786039600023FB733A687968054807F09CF874
:2002E0000346FB73FB7B18461037BD4680BD00BFD445002080B582B000AF0023FB71054802
:2003000006F0DCFF0346FB71FB7918460837BD4680BD00BFD445002080B582B000AF786020
:200320007B689B88B3F5804F65D0B3F5804F67DCB3F5005F5FD0B3F5005F61DCB3F5805F50
:2003400059D0B3F5805F5BDCB3F5006F29D0B3F5006F55DCB3F5806F27D0B3F5806F4FDC0E
:20036000B3F5007F47D0B3F5007F49DCB3F5807F41D0B3F5807F43DC202B0FDC022B3FDBF8
:20038000023B224A22FA03F303F00103002B14BF01230023DBB2002B2DD131E0802B2AD0FA
:2003A0002EE01B4B01221A702BE01A4B01221A707B68143314221946174800F051FA164B45
:2003C0001B6840F2FA7293420BD0134B1B6840F2FB72934205D0104B1B6840F2C17293420A
:2003E00002D10E4B00221A707B68143319460C4801F04EFB05E07B689A880A4B1A8000E055
:2004000000BF00BF0837BD4680BD00BF45400040F8080020F9080020E4080020683A00204C
:20042000C00B0020FA08002080B582B000AF0749074804F0DBFD78600021032000F00AF820
:200440007B68DBB218460837BD4680BD70850000F844002080B584B000AF03460A46FB71E1
:200460001346BB71FA79124913465B0013440B441B781BB21B0219B2FA790D4813465B000B
:200480001344034401331B781BB20B431BB29BB27B817B899BB2BA791946064804F0BAFDEA
:2004A000F860FB68DBB218461037BD4680BD00BF68830000F844002080B582B000AF0023D0
:2004C000FB71084B9B681B68064A126805494968104698470346FB71FB7918460837BD4610
:2004E00080BD00BFF483000090B587B000AF786039600023FB7572B600BF154B9B689B680D
:20050000134A10683A687968984738613B69002B02D0FB7D0133FB750D4B9B68DC680C4B58
:20052000186807F10F033A687968A04738613B69002B02D1FB7B002B02D0FB7D0133FB75FD
:2005400062B600BFFB7D18461C37BD4690BD00BFF483000090B589B000AFF860B9607A609D
:200560000023FB6100237B837B68DB097A6802F07F02002A01D0012200E0002213447B606D
:2005800000237B76FB68B3F5802F03D905237B767B7E3DE072B600BF0023FB6131E0FB68A8
:2005A0001D4A934224D81D4B9B685C681B4B18687B8BBA68134419468023FA68A04778614B
:2005C0007B69002B02D07B7E01337B767B7E002B08D1FB688033FB607B8B80337B830023D4
:2005E0007B760BE005237B7662B600BF7B7E0FE005237B7662B600BF7B7E09E0FB690133DD
:20060000FB61FA697B689A42C9D362B600BF7B7E18462437BD4690BD80FF0300F4830000EE
:2006200080B584B000AF786039600123FB730023BB603A687B68D31ADB0BBB60B9687868ED
:20064000FFF752FF0346002B02D10023FB7301E00223FB73FB7B18461037BD4680BDFFFFAE
:2006600080B487B000AFF860B9607A6000237B610023FB747B68DB097A6802F07F02002A3E
:2006800001D0012200E0002213447B60FB68B3F5802F03D20523FB74FB7C1DE000237B6199
:2006A00015E0FB680F4A93420AD9FA687B699B00B9680B4412681A60FB680433FB6003E0B4
:2006C0000523FB74FB7C07E07B6901337B617A697B689A42E5D3FB7C18461C37BD465DF857
:2006E000047B70477FFF030080B582B000AF0023BB7100F05DF80346BB710623FB71274820
:2007000001F07EF9264801F053FA012000F0C4F900F01EFB03461A46224B1A7000F002FB61
:20072000BB79002B24D101F06FFF0346FB7100F00FFB03461A461B4B1A701A4B1B78032B98
:2007400005D1194BDB7CAA2B01D10623FB71FB79052B02D102F054F81CE0FB79042B04D1A3
:2007600002F0A8F802F0B4F814E002F0B1F811E00E4B1B78DBB2012BFAD100F0D3FA0B4B46
:2007800000221A700423FF220B2140F2FC7001F0FFFEEDE70837BD4680BD00BFC00B0020B0
:2007A000DC3200207D0B0020543C0020800B002080B582B000AF0023FB71FFF735FE0346F1
:2007C000FB71FFF779FE0346FB71FFF741FD03461A46FB791344FB7100F04AF903461A469B
:2007E000FB791344FB7100F07DF803461A46FB791344FB71002000F0A3F903461A46FB79B4
:200800001344FB7113490020FFF75EFD11490120FFF75AFD10490220FFF756FD0F49032041
:20082000FFF752FD00F09BFD03461A46FB791344FB7100F057FA03461A46FB791344FB71EA
:2008400000F070FA02F0F4FDFB7918460837BD4680BD00BFFC0800201009002024090020A1
:2008600080B487B000AFF860B9607A6000237B610AE0BA687B691A44F9687B690B441278A8
:200880001A707B6901337B617A697B689A42F0D300BF00BF1C37BD465DF8047B704780B4E2
:2008A00087B000AFF860B9607A6000237B610EE0FA687B6913441A78B9687B690B441B7804
:2008C0009A4201D0012307E07B6901337B617A697B689A42ECD3002318461C37BD465DF8DF
:2008E000047B704780B582B000AF0023FB710549054803F01FF80346FB71FB7918460837B2
:20090000BD4680BD208400007445002080B584B000AF786039600023BB73114B00221A7038
:200920000A23FB7307233A6879680E4803F052F80346BB7307E04FF47A71012007F0F2F94D
:20094000FB7B013BFB73064B1B78DBB2002B02D1FB7B002BEFD1BB7B18461037BD4680BD8C
:200960007E0B00207445002080B584B000AF786039600023BB73114B00221A703223FB7350
:2009800007233A6879680E4803F010F80346BB7307E04FF47A71012007F0C4F9FB7B013B46
:2009A000FB73064B1B78DBB2002B02D1FB7B002BEFD1BB7B18461037BD4680BD7E0B002035
:2009C0007445002080B588B002AFF860B9607A600023BB753223FB75072300937B68BA68FB
:2009E000F9680D4803F00AF80346BB7507E04FF47A71012007F096F9FB7D013BFB75074BA1
:200A00001B78DBB2002B02D1FB7D002BEFD1BB7D18461837BD4680BD744500207E0B0020AE
:200A200080B582B000AF0023FB71054802F0FAFF0346FB71FB7918460837BD4680BD00BF14
:200A40007445002080B485B000AF78600023FB737B681B79012B02D1044B01221A7000BF0B
:200A60001437BD465DF8047B704700BF7E0B002080B582B000AF0023FB710549054804F001
:200A8000B3FD0346FB71FB7918460837BD4680BDC08300000045002080B584B000AF034697
:200AA000FB710023FB73FB79012B05D1074804F0CFFD0346FB7304E0044804F0B7FD0346DC
:200AC000FB73FB7B18461037BD4680BD0045002080B483B000AF78600D4B01221A700D4B9D
:200AE0001B78DBB20133DAB20A4B1A70094B1B78DBB2092B05D9074B00221A70064B01223F
:200B00001A7000BF0C37BD465DF8047B704700BF7F0B0020810B0020800B002080B582B094
:200B200000AF0023FB71054804F0A4FD0346FB71FB7918460837BD4680BD00BF004500206B
:200B400080B584B000AF0346FB710023FB73FB79002B02D0012B0ED014E00D490D4803F02A
:200B6000FDFD0346FB730C4B1B881A460B49002000F068F806E00649064803F0EFFD0346FB
:200B8000FB7300BFFB7B18461037BD4680BD00BF58840000A4450020480700203C39002025
:200BA00080B586B000AF0346B9607A60FB730023FB750023BB82FB7B002B02D0012B19D0F6
:200BC00034E000237B8210E07B8ABA681344012219461A4803F0B3FE0346FB7501210A20E6
:200BE00007F0A0F87B8A01337B827B8A7A689A42EAD81BE07A68B968104803F0A0FE03467B
:200C0000FB7507E0BB8A0533BB824FF47A71052007F088F80A4B1B78DBB283F00103DBB280
:200C2000002B02D0BB8A182BECD900BF044B00221A70FB7D18461837BD4680BDA445002042
:200C4000820B002080B586B000AF0346B9607A60FB730023FB75FB7B002B02D0012B08D019
:200C60000FE07A68B9680B4803F052FE0346FB7507E07A68B968074803F04AFE0346FB7506
:200C800000BF054B00221A70FB7D18461837BD4680BD00BFA4450020830B002080B582B057
:200CA00000AF78607B681B79042B10D0042B10DC012B02D0022B06D00BE0084B01221A7020
:200CC00001F07AF806E0064B01221A7002E000BF00E000BF00BF0837BD4680BD830B0020A1
:200CE000820B002080B582B000AF0023FB710A4A136923F0020313610849094802F08AFC2C
:200D00000346002B02D0FB790133FB71FB7918460837BD4680BD00BF00B0014000840000F4
:200D20006445002080B582B000AF0023FB71074802F0BEFC0346002B02D0FB790133FB71F0
:200D4000FB7918460837BD4680BD00BF6445002080B582B000AF0423FB71204B93F81034D7
:200D6000C3F30003DBB2002B06D01C4B002283F810240123FB712BE0184BB3F8C030C3F3A5
:200D80004003DBB2002B12D0144B0022A3F8C0200023BB71BB1D1946114802F09DFCBB79DC
:200DA00019460F4802F0A4FC0323FB7110E00B4BB3F8C030C3F38003DBB2002B06D0074B5F
:200DC0000022A3F8C0200223FB7101E00423FB71FB7918460837BD4680BD00BF00E0014040
:200DE0006445002080B588B000AF786039600023FB770023BB6107F10C0300221A605A606C
:200E00001A819F233B7200237B720023BB720023FB7200210020FFF71DFB07F10C0107F18C
:200E2000080304221846FFF7CDFD0346FB7701210020FFF70FFB7B7B1A04BB7B1B021343A9
:200E4000FA7B13431A46424B1A60414B1B689BB244F21A0293421FD844F21102934269D38C
:200E6000A3F58043113B092B64D801A252F823F0270F0000190F00000B0F0000FD0E0000D8
:200E8000EF0E0000E10E0000D30E0000C30E0000B30E0000A30E000047F21802934210D03A
:200EA00048E07B680A221A703B684FF480621A6049E07B6809221A703B684FF400721A609C
:200EC00041E07B6808221A703B684FF480721A6039E07B6807221A703B6880221A6032E088
:200EE0007B6806221A703B6840221A602BE07B6805221A703B6820221A6024E07B680422D3
:200F00001A703B6810221A601DE07B6803221A703B6808221A6016E07B6802221A703B68F8
:200F200004221A600FE07B6801221A703B6802221A6008E07B6800221A703B6800221A609B
:200F40000123FB7700BFFB7F18462037BD4680BD840B002080B588B000AF78600023FB7795
:200F600007F1180300221A601A714B233B7600210020FFF76FFA07F1080107F118030D2235
:200F80001846FFF71FFD01210020FFF763FA07F108030533082219467868FFF761FCFB7FDB
:200FA00018462037BD4680BD80B584B000AF03463960FB710023FB7300210020FFF74AFACA
:200FC000FB79012B0AD10523FB7207F10C0107F10B0302221846FFF7F5FC1AE0FB79022BF2
:200FE0000AD13523FB7207F10C0107F10B0302221846FFF7E7FC0CE0FB79032B09D115234B
:20100000FB7207F10C0107F10B0302221846FFF7D9FC01210020FFF71DFA7A7B3B681A709A
:20102000FB7B18461037BD4680BD80B582B000AF0023FB7106233B7100210020FFF70AFAA0
:201040003B1D01211846FFF761FC0346FB7101210020FFF7FFF9FB7918460837BD4680BD2F
:2010600080B582B000AF0023FB710423BB7100210020FFF7EFF9BB1D01211846FFF746FCC9
:201080000346FB7101210020FFF7E4F9FB7918460837BD4680BD80B584B000AF034639603B
:2010A000FB711346BB710023FB7307F1080300221A601A710123BB73BB79002B09D03B6857
:2010C0001A0EBB7B591CB973D2B210333B4403F8082C3B681A0CBB7B591CB973D2B2103335
:2010E0003B4403F8082C3B681A0ABB7B591CB973D2B210333B4403F8082CBB7B5A1CBA7356
:201100003A68D2B210333B4403F8082C00210020FFF7A0F9FB79032B1DD0032B27DC012BFC
:2011200002D0022B0BD022E0C7233B7207F1080301211846FFF7EAFB0346FB731BE0D82331
:201140003B72BA7B07F1080311461846FFF7DEFB0346FB730FE020233B72BA7B07F1080358
:2011600011461846FFF7D2FB0346FB7303E0FB7B0133FB7300BF01210020FFF76BF9FB7B74
:2011800018461037BD4680BD80B586B000AF78600023FB750123BB750523FB727B684FF4D6
:2011A0007A7202FB03F33B6100210020FFF752F907F10C0107F10B0302221846FFF702FCB1
:2011C0000346FB7501210020FFF744F94FF47A71282006F0A7FD00237B607B7B03F00103E6
:2011E000002B02D07B68002BDED000210020FFF731F907F10C0107F10B0302221846FFF752
:20120000E1FB0346FB7501210020FFF723F97B7B03F00103002B03D0FB7D0133FB7501E0FD
:201220000023FB75FB7D18461837BD4680BD80B584B000AF786039600023FB73002100205B
:20124000FFF708F939687868FFF760FB0346FB7301210020FFF7FEF8FB7B18461037BD46C2
:2012600080BD80B586B000AFF860B9607A603B600023BB750023FB7500210020FFF7EAF832
:20128000B968F868FFF742FB0346BB750121386806F048FDBB7D002B05D139687868FFF774
:2012A00063FB0346FB7501210020FFF7D3F8FB7D18461837BD4680BD80B584B000AF7860BF
:2012C00039600023FB733868FFF75EFFFFF7ADFE39687868FFF7ABFF0346FB733868FFF7E2
:2012E00053FFFFF7BDFEFB7B18461037BD4680BD80B584B000AF396011461A460346FB7173
:201300000B46BB711346BB800023FB73FFF78DFE03461A46FB7B1344FB73BB881846FFF72F
:2013200033FF03461A46FB7B1344FB73BA79FB7939681846FFF7AFFE03461A46FB7B1344D8
:20134000FB73BB881846FFF71FFF03461A46FB7B1344FB73FB7B18461037BD4680BD80B5F6
:2013600082B000AF0023FB7100F010F800F022F80346FB71FB79002B03D000F01BF8034688
:20138000FB71FB7918460837BD4680BD80B500AF00210020FFF75EF801210020FFF75AF895
:2013A00001210220FFF756F801210120FFF752F800BF80BD80B582B000AF0023FB71474BEF
:2013C000012283F82F2000233B603A46BB1D11461846FFF707FD0346002B07D03F4B002264
:2013E00083F82F20FB790133DBB273E03B4BD3F81B30B3F5807F04D9384B012283F82E200C
:2014000003E0364B002283F82E20344B00225A72002242F001029A72304B0022DA730022A1
:2014200042F010021A7400225A7400229A742B4BD3F813301B01294AC2F81330274BD3F86D
:201440001330264AD2F80F2002FB03F3234AB2F8092092B2B3FBF2F3204AC2F80B301F4B0D
:20146000D3F80F301B011D4AC2F81F301B4BD3F813301A4AD2F80F2002FB03F39B0A174A0C
:20148000C2F827301648FFF765FD03461A46FB791344FB7113490120FFF786FD03461A4606
:2014A000FB791344FB7110490220FFF77DFD03461A46FB791344FB710C490320FFF774FD4B
:2014C00003461A46FB791344FB71044B002283F82F20FB7918460837BD4680BD880B0020ED
:2014E000890B0020B30B0020B40B0020B50B002080B584B000AF03463960FB711346BB80A1
:201500000023FB7300BF0F4B93F82F30002BFAD10C4B012283F82F200A4B93F82E20BB888C
:20152000F8793968FFF7E4FE03461A46FB7B1344FB73044B002283F82F20FB7B1846103787
:20154000BD4680BD880B002080B5CAB000AF07F59473A3F58E73186007F59473A3F5907388
:20156000196007F59473A3F592731A600023A7F82631032387F823314E4B93F82E30002B19
:201580001ED0B7F826315A1CA7F826211A46022107F59473A3F58A73995407F59473A3F558
:2015A00090731B68190EB7F826315A1CA7F826211A46C9B207F59473A3F58A7399540BE0D1
:2015C000B7F826315A1CA7F826211A46022107F59473A3F58A73995407F59473A3F5907303
:2015E0001B68190CB7F826315A1CA7F826211A46C9B207F59473A3F58A73995407F594737E
:20160000A3F590731B68190AB7F826315A1CA7F826211A46C9B207F59473A3F58A739954C7
:20162000B7F826315A1CA7F826211A4607F59473A3F590731B68D9B207F59473A3F58A73A4
:2016400099540023A7F8243118E0B7F8243107F59472A2F58E7212681A44B7F82631591C9E
:20166000A7F826111946127807F59473A3F58A735A54B7F824310133A7F82431B7F8243135
:2016800007F59472A2F5927212689A42DDD8B7F8262107F1140311461846FFF70DFE03469E
:2016A00087F8233197F82331184607F59477BD4680BD00BF880B002080B5D0B000AF07F5FD
:2016C000A073A3F59A73186007F5A073A3F59C73196007F5A073A3F59E731A600023A7F8B7
:2016E0003E31032387F83D31454B93F82E30002B1ED0B7F83E315A1CA7F83E211A460B21B8
:2017000007F5A073A3F59873995407F5A073A3F59C731B68190EB7F83E315A1CA7F83E2138
:201720001A46C9B207F5A073A3F5987399540BE0B7F83E315A1CA7F83E211A460B2107F52A
:20174000A073A3F59873995407F5A073A3F59C731B68190CB7F83E315A1CA7F83E211A4696
:20176000C9B207F5A073A3F59873995407F5A073A3F59C731B68190AB7F83E315A1CA7F8C0
:201780003E211A46C9B207F5A073A3F598739954B7F83E315A1CA7F83E211A4607F5A0736F
:2017A000A3F59C731B68D9B207F5A073A3F598739954B7F83E315A1CA7F83E211A4607F5E7
:2017C000A073A3F5987300219954B7F83E1107F5A073A3F59E7307F5A072A2F59A7207F1E6
:2017E00010001B681268FFF73CFD034687F83D3197F83D31184607F5A077BD4680BD00BF0A
:20180000880B002080B584B000AF78600023FB734FF47A7279680320FFF76AFE0346002B8F
:2018200008D0FB7B0133FB73054B1B8801339AB2034B1A80FB7B18461037BD4680BD00BF43
:20184000B80B002080B586B000AFF860B9607A6000237B740023FB8200237B7500237B825B
:201860007B68C3F1FF1303F57F43FA689A4204D97B7C01337B747B7C2CE07B681B0AFB8248
:201880007B68DBB2002B02D0FB8A0133FB8200237B7519E07B8ABA68D0187A8AFB681344CC
:2018A0004FF480721946FFF74FFE0346002B04D07B7C01337B747B7C0CE07B8A03F580731C
:2018C0007B827B7D01337B757B7D9BB2FA8A9A42E0D87B7C18461837BD4680BD80B586B043
:2018E00000AFF860B9607A600023BB7400233B820023FB820023BB820023FB747B68C3F193
:20190000FF1303F57F43FA689A4204D9BB7C0133BB74BB7C3FE07B681B0A3B827B68DBB2BB
:20192000002B01D07B68FB740023FB8219E0BB8ABA68D018BA8AFB6813444FF480721946DF
:20194000FFF7BAFE0346002B04D0BB7C0133BB74BB7C20E0BB8A03F58073BB82FB8A01339A
:20196000FB82FA8A3B8A9A42E1D3FB7C002B11D0BB8ABA68D018BA8AFB681344FA7C19466C
:20198000FFF79AFE0346002B04D0BB7C0133BB74BB7C00E0BB7C18461837BD4680BDFFFF9E
:2019A00080B584B000AF786039600023FB730023BB7317E07868FFF725FF0346002B04D182
:2019C0007B6803F580537B600AE00123BB73FB7B0133FB73094B5B8801339AB2074B5A8047
:2019E000FFF7A0F97A683B689A4202D2BB7B002BE0D0FB7B18461037BD4680BDB80B0020D4
:201A000080B483B000AF78607B6803F500531A460023C2F810377B6803F500531A46002375
:201A2000C2F814377B6803F500531A460023C2F8183700BF0C37BD465DF8047B704780B423
:201A400083B000AF78607B6803F50053D3F81837002B0CBF01230023DBB218460C37BD4616
:201A60005DF8047B704780B483B000AF78607B6803F50053D3F81837B3F5FA7F0CBF012395
:201A80000023DBB218460C37BD465DF8047B7047B0B582B000AF786039607868FFF7E3FFF8
:201AA0000346002B01D0002333E07B6803F50053D3F81027796813469B0013449B00CA18D2
:201AC0003B6814461D460FCD0FC42B6823607B6803F50053D3F810375A1C104B83FB02133D
:201AE0005911D317CB1A4FF4FA7101FB03F3D31A7A6802F50052C2F810377B6803F50053C6
:201B0000D3F8183701337A6802F50052C2F81837012318460837BD46B0BD00BFD34D6210C1
:201B2000B0B582B000AF786039607868FFF787FF0346002B01D0002333E07B6803F50053E9
:201B4000D3F814273868796813469B0013449B000B4404461D460FCD0FC42B6823607B6874
:201B600003F50053D3F814375A1C104B83FB02135911D317CB1A4FF4FA7101FB03F3D31ADA
:201B80007A6802F50052C2F814377B6803F50053D3F81837013B7A6802F50052C2F818375D
:201BA000012318460837BD46B0BD00BFD34D621080B483B000AF78607B680022C3F8902342
:201BC0007B680022C3F894237B680022C3F8982300BF0C37BD465DF8047B704780B483B01C
:201BE00000AF78607B68D3F89833002B0CBF01230023DBB218460C37BD465DF8047B7047EC
:201C000080B483B000AF78607B68D3F89833032B0CBF01230023DBB218460C37BD465DF897
:201C2000047B704780B582B000AF786039607868FFF7E6FF0346002B01D0002328E07B68D9
:201C4000D3F890337A684FF4987101FB03F31A443B68104619464FF498731A4606F022FB5F
:201C60007B68D3F89033591C0B4B83FB0132CB17D21A13465B001344CA1A7B68C3F8902369
:201C80007B68D3F898335A1C7B68C3F89823012318460837BD4680BD5655555580B582B03F
:201CA00000AF786039607868FFF798FF0346002B01D0002327E07B68D3F8943338687A6831
:201CC0004FF4987101FB03F3134419464FF498731A4606F0E7FA7B68D3F89433591C0C4B4A
:201CE00083FB0132CB17D21A13465B001344CA1A7B68C3F894237B68D3F898335A1E7B684D
:201D0000C3F89823012318460837BD4680BD00BF5655555580B582B000AF78607B681B68E4
:201D200040F2C172934206D0B3F5F86F0DD9A3F2FA73012B09D8094B00221A70084B00221A
:201D40001A60786800F022FE03E0064B01221A7000BF00BF0837BD4680BD00BF503C0020D0
:201D6000844400208C36002080B500AF10491148FFF7D6FE0346002B18D00D48FFF7CAFFC9
:201D80000C4B03F50053D3F81837002B0ED1094B03F50053D3F81027064B03F50053D3F875
:201DA00014379A4202D00348FFF72AFE00BF80BD78360020C00B002080B500AF564B1B78F4
:201DC000042B00F2988001A252F823F0E11D0000F31D0000291E0000391E0000911E00006F
:201DE0004E4B1B78652B40F08D804B4B01221A7088E04A4B1B78022B03D1494B02221A70D4
:201E00000EE0464B1B78032B03D1454B03221A7006E0424B1B78042B02D1414B04221A702B
:201E20003D4B02221A706EE03C4B1A783D4B1A70394B03221A7066E0384B1A783A4B1A7056
:201E4000384B1B781AB2384B1B781BB21B021BB213431BB29AB2354B1A80344B1A88304BAE
:201E6000A3F82E21314B1B8803339AB22F4B1A802E4B1B88B3F5967F06D92C4B01221A80D7
:201E8000254B00221A703EE0234B04221A703AE0264B1B88013B214AD35C822B24D1234BD6
:201EA0001B88033B9AB2214B1A80204B1B88B3F5FA7F12D81A4BB3F82E311A4617491C4843
:201EC000FEF7CEFC144B00221A70184B01221A8013491848FFF7A6FE15E00F4B00221A70C7
:201EE000124B01221A800EE00B4B00221A700F4B01221A8007E0084B00221A700B4B012262
:201F00001A8000E000BF094B1B881A4603490020FEF798FE00BF80BDD83600203C3900207B
:201F2000DC360020693A00206A3A002048070020DD360020DC32002080B58AB000AF786022
:201F40000023FB8400237B847B68B3F82E31053B3B84002387F825307B681B78042B73D0F2
:201F6000042B00F33181022B02D0032B11D02BE19A4B01221A709A4B00221A70994B00224A
:201F80001A707B680133482219469748FEF768FC1FE1964B00221A70954B00221A60954BB6
:201FA00001221A707B68B3F82E310D2B00F20E8100233B747B685B781A467B689B781B02D3
:201FC0001A437B68DB781B041A437B681B791B061343FB607B685B79BB7400237B747B68CE
:201FE000991DBB7C1A4607F10C030C331846FEF737FCFB6840F2FA7293420CD0FB6840F281
:20200000FB72934207D0FB6840F2C172934213D13B7E042B10D107F10C03184600F0B6FC56
:20202000FB6840F2C17293420DD107F10C0319460420FEF733F906E007F10C03194604200A
:20204000FEF72CF9C2E0C1E0684B00221A70684B00221A60674B01221A707B685B781A4600
:202060007B689B781B021A437B68DB781B041A437B681B791B061343FB607B685B79BB740F
:202080005D4B05221A803B8CDB08FB843B8C03F007037B84594B1A883B8C13449AB2574B99
:2020A0001A8042E0002387F8253014E0524B1B885A1C91B2504A1180194697F825307A6830
:2020C0000A44527828333B4403F8102C97F82530013387F8253097F82530072BE6D9FB8C8F
:2020E000013BFB84FB6840F2FA7293420CD0FB6840F2FB72934207D0FB6840F2C172934228
:2021000008D13B7E042B05D107F10C03184600F03DFC05E007F10C0319460420FEF7BEF880
:202120004FF47A71052005F0FDFDFB8C002BB9D17B8C002B4CD07B8CDBB2BB74002387F86E
:20214000253014E02C4B1B885A1C91B22A4A1180194697F825307A680A44527828333B4447
:2021600003F8102C97F82530013387F8253097F825309BB27A8C9A42E4D800237B84FB68E8
:2021800040F2FA7293420CD0FB6840F2FB72934207D0FB6840F2C172934209D13B7E042BE3
:2021A00006D107F10C0319461548FFF771FC05E007F10C0319460420FEF770F84FF47A7128
:2021C000052005F0AFFD03E000BF02E000BF00E000BF00BF2837BD4680BD00BF6B3A002075
:2021E0006D3A00206C3A002090360020503C002084440020683A0020703A00206E3A002084
:20220000C00B002080B500AF0D490E48FFF746FD0346002B12D00A48FFF78EFE094BD3F8C1
:202220009833002B0AD1074BD3F89023054BD3F894339A4202D00348FFF7BAFC00BF80BD7A
:202240000C380020DC32002080B584B000AF7860654B00221A807B689B7906339AB2634B66
:202260001A80614B1B885A1C91B25F4A11801A465F4B652199545C4B1B885A1C91B25A4A5E
:2022800011801A465A4B02219954584B1988564B1B885A1C90B2544A10801A46C9B2544BB0
:2022A0009954524B1B881B0A99B24F4B1B885A1C90B24D4A10801A46C9B24D4B99547B6822
:2022C0001968494B1B885A1C90B2474A10801A46C9B2474B99547B681B68190A424B1B885A
:2022E0005A1C90B2404A10801A46C9B2404B99547B681B68190C3C4B1B885A1C90B23A4AC8
:2023000010801A46C9B23A4B99547B681B68190E354B1B885A1C90B2334A10801A46C9B290
:20232000334B9954304B1B885A1C91B22E4A11801A467B6899792E4B99540023FB730FE017
:20234000FA7B294B1B88591C88B22749088019467B6813441A7B264B5A54FB7B0133FB73E5
:202360007B689B79FA7B9A42EAD30023BB730CE01D4B1B885A1C91B21B4A11801A461C4B9A
:2023800000219954BB7B0133BB73BB7B002BEFD0154B1B885A1C91B2134A11801A46144B0E
:2023A00000219954104B1B885A1C91B20E4A11801A460F4B002199540B4B1B885A1C91B2F5
:2023C000094A11801A460A4B82219954064B1B881A4607490020FEF7E3FB034B00221A8033
:2023E00000BF1037BD4680BD363C0020383C0020743A002080B483B000AF0346FB7197F948
:202400000730002B12DBFB7903F01F020A4997F907305B09012000FA02F2203341F8232089
:20242000BFF34F8F00BFBFF36F8F00BF00BF0C37BD465DF8047B704700E100E080B483B026
:2024400000AF0346FB7197F90730002B0CDBFB7903F01F02074997F907305B09012000FA21
:2024600002F2603341F8232000BF0C37BD465DF8047B704700E100E080B400AFBFF34F8F95
:2024800000BF064BDB6803F4E0620449044B1343CB60BFF34F8F00BF00BFFDE700ED00E0D4
:2024A0000400FA0580B485B000AF786039600023FB600023FB72FB68DB43FB601FE07B68C4
:2024C0005A1C7A601B781A46FB685340FB600823FB7209E0FB685A08FB6803F0010359422D
:2024E0000C4B0B405340FB60FB7A013BDBB2FB7297F90B30002BEDDA3B68013B3B603B68C7
:20250000002BDCD1FB68DB4318461437BD465DF8047B70472083B8ED80B485B000AF7860F3
:2025200039600023FB600023FB72FB68DB43FB6021E07B681B78DBB21A46FB685340FB6063
:202540007B6801337B600823FB7209E0FB685A08FB6803F0010359420C4B0B405340FB60BE
:20256000FB7A013BDBB2FB7297F90B30002BEDDA3B68013B3B603B68002BDAD1FB68DB437F
:2025800018461437BD465DF8047B70472083B8ED80B582B000AF7860084611461A46034680
:2025A000FB700B46BB7013467B70144AFB781373124ABB785373124B1A78104B9A730F4A94
:2025C0007B6813600D4B03229A710E4B1B78DBB2012B03D10948FFF737FE0AE0FB78082B98
:2025E00002D10648FFF730FE7B7804491846FDF755FE00BF0837BD4680BD00BF3C3C00201C
:202600007C0B0020683A002080B582B000AF00237B600623FB70142213490020FFF75EF9AA
:202620000346002B1AD1104B9B7CAA2B14D10423AA22042140F2FC70FFF7AAFF00237B60BC
:2026400002E07B6801337B607B6842F20F729342F7D90523FB7001E00423FB70FB78184692
:202660000837BD4680BD00BF543C002080B584B000AF0623FB7300233B600023BB6000239E
:202680007B605C4B9B7CAA2B67D14FF480510020FFF786F90346002B57D1574B1A78554B7B
:2026A0001A70554B5A78534B5A70524BFF229A74504BAA22DA74504BD3F806304D4AC2F848
:2026C00006304D4BD3F802304A4AC2F802304A4BD3F80E30474AC2F80E30474BD3F80A30F1
:2026E000444AC2F80A30142242490020FFF7AAF80346002B21D114223F490020FFF7EEF8BF
:202700000346002B11D114223B493A48FEF7C7F80346002B01D1FFF7AFFE0423FF22082119
:2027200040F2FC70FFF734FF5FE00423FF22082140F2FC70FFF72CFF57E00423FF220821BB
:2027400040F2FC70FFF724FF4FE00423FF22082140F2FC70FFF71CFF47E0264BDB7CAA2BAF
:2027600034D1142224490020FFF7B8F80346002B18D1214B1B78002B08D11F4BD3F8023024
:20278000BB601D4BD3F806307B600BE01A4B5B78002B07D1184BD3F80A30BB60164BD3F805
:2027A0000E307B60B9684FF48030FFF7B5FE38603A687B689A4206D1FEF7B4FA00F0FEFEE4
:2027C00000F078FE11E00223FB730EE04FF480331A680A4B1340B3F1005F04D100F06AFED1
:2027E0000323FB7301E00223FB73FB7B18461037BD4680BD543C0020A04400200000FE2F95
:2028000080B500AFFEF78EFAFFF7AEFAFFF7FAFC224B1B680A2B15D9214B00221A701F4B38
:2028200000221A601F4B00221A601F4B00221A600423FF220A2140F2FC70FFF7A9FE1B4BDC
:2028400001221A70194B1B78012B15D1184B1B78DBB2012BD6D1164B00221A700F4B0022E3
:202860001A600F4B01221A700423FF22092140F2FC70FFF78DFEC5E7094B1B78012BC1D1F5
:202880000B4B1B78DBB2012BBCD1044B1B680133024A1360064B00221A70B3E784440020C5
:2028A00080440020683C00206C3C0020503C0020800B002080B582B000AF0623FB71FFF7B0
:2028C000D5FE0323FB71FB7918460837BD4680BD80B500AF274B01221A70FEF723FA254BBD
:2028E0001B78012B15D1244B1B78DBB2012B21D1214B00221A70214B00221A60204B0122D8
:202900001A700423FF22092140F2FC70FFF740FE10E01B4B1B78012B0CD1174B1B78DBB275
:20292000012B07D1154B1B680133144A1360124B00221A70FFF718FAFFF764FC0F4B1B6867
:20294000322BCAD90E4B00221A700C4B00221A600C4B00221A600C4B00221A600423FF2251
:202960000A2140F2FC70FFF713FE024B01221A70B3E700BF503C0020800B002084440020F5
:2029800080440020683C00206C3C002080B588B000AF78607B681B6840F2FB72934250D0D9
:2029A00040F2FB72934200F2948040F2FA7293420DD040F2FA72934200F28B8040F26662E3
:2029C000934242D040F2C172934257D081E07B681B7B002B02D100F051F97CE07B681B7BC8
:2029E000012B03D1786800F07DF974E07B681B7B032B02D100F044FB6DE07B681B7B042B9F
:202A000002D100F07BFC66E07B681B7B052B02D100F0F2FC5FE07B681B7B062B02D100F030
:202A200067F858E07B681B7B072B03D1786800F00FFC50E07B681B7B082B4CD1FFF716FEA2
:202A400049E0786800F05CFA48E040F22373FB600823BB7407F10C030C330822214918464A
:202A6000FDF7FEFE07F10C0319460420FDF716FC07F10C031846FFF7E7FB2FE07B681B7B11
:202A8000002B03D0184B01221A7002E0164B00221A707B681B7B042B1FD17B685B7BAA2B13
:202AA0001BD1124B40F2C2721A60104B02229A710E4B04221A730D4BAA225A730A4B0122EE
:202AC0001A700A490420FDF7E9FB0848FFF7BCFB03E000BF02E000BF00E000BF00BF203728
:202AE000BD4680BDDC440020513C0020B844002080B584B000AF4FF48053FB604FF480330E
:202B0000BB6000237B60142257490020FEF7E6FE0346002B40F08F80534B1B78002B14D1D9
:202B20004FF48053FB604FF48033BB604F4BD3F802307B604D4BD3F802304D4A13604B4B6C
:202B4000D3F806304B4A136075E0474B5B78002B71D14FF40123FB604FF48033BB60434BE4
:202B6000D3F80A307B60414BD3F80A30404A13603E4BD3F80E303F4A13605CE07B68B3F592
:202B8000806F2ED34FF480623B49F868FEF7A6FE0346002B1DD14FF480623749B868FDF788
:202BA000D9FC0346002B0CD1FB6803F58063FB60BB6803F58063BB607B68A3F580637B6004
:202BC00039E00423FF22062140F2FC70FFF7E0FC34E00423FF22062140F2FC70FFF7D8FC12
:202BE0002CE07A682449F868FEF778FE0346002B1AD17A682049B868FDF7ACFC0346002BD5
:202C00000AD1FA687B681344FB60BA687B681344BB6000237B600EE00423FF22062140F2DE
:202C2000FC70FFF7B5FC06E00423FF22062140F2FC70FFF7ADFC7B68002B9FD17B68002B63
:202C400007D10423AA22062140F2FC70FFF7A0FC06E00423FF22062140F2FC70FFF798FCD5
:202C600000BF1037BD4680BDA0440020543C0020743C0020783C00208040002080B500AFF2
:202C8000134B40F2FC721A60114B05229A71104B00221A730F4BAA221A700E4B79225A80A6
:202CA00004220C490C48FDF7DBFD0C4B1B78DBB2012B03D10648FFF7C7FA03E004490420A9
:202CC000FDF7ECFA064B00221A7000BF80BD00BFB844002088440020C5440020683A00206F
:202CE000503C002080B582B000AF78607B685A7B7C4B9A7414227C490020FEF7EFFD034668
:202D0000002B40F0E380784B1B78002B48D1774B4FF401221A60764B4FF401221A60754B58
:202D20004FF441221A607B689B7B1A467B68DB7B1B021A447B681B7C1B041A447B685B7CB5
:202D40001B0613441A46674BC3F80A20674B1B68684A126811461846FEF722FE0346002B65
:202D600016D1654B00221A60644B00221A605D4B01221A705B4B00225A705A4BAA22DA742F
:202D80000423AA22012140F2FC70FFF701FCA4E00423FF22012140F2FC70FFF7F9FB9CE09B
:202DA000514B5B78002B48D1504B4FF480521A604F4B4FF480521A604E4B4FF480221A6015
:202DC0007B689B7B1A467B68DB7B1B021A447B681B7C1B041A447B685B7C1B0613441A465D
:202DE000404BC3F80220414B1B68424A126811461846FEF7D5FD0346002B16D13E4B0022D4
:202E00001A603E4B00221A60364B00221A70354B01225A70334BAA22DA740423AA220121CC
:202E200040F2FC70FFF7B4FB57E00423FF22012140F2FC70FFF7ACFB4FE02C4B4FF48052B8
:202E40001A602B4B4FF480521A602A4B4FF480221A607B689B7B1A467B68DB7B1B021A4412
:202E60007B681B7C1B041A447B685B7C1B0613441A461C4BC3F802201C4B1B681D4A1268BA
:202E800011461846FEF78CFD0346002B16D11A4B00221A60194B00221A60124B00221A709A
:202EA000104B01225A700F4BAA22DA740423AA22012140F2FC70FFF76BFB0EE00423FF2211
:202EC000012140F2FC70FFF763FB06E00423FF22012140F2FC70FFF75BFB00BF0837BD46A3
:202EE00080BD00BF8C440020A04400204C0700205007002054070020683C00206C3C0020F1
:202F000080B582B000AF7860534B1B68534A98187B6803F10C017B689B791A46FDF7A0FC8A
:202F20007B689B791A464C4B1B6813444A4A13607B689B791A464A4B1B681344484A1360F7
:202F4000454B1B68B3F5806FC0F08280454B1B684FF4806241491846FEF774FC0346002B1C
:202F60006FD1414B1B684FF4806240491846FEF7B5FC0346002B5CD14FF4806237493B4887
:202F8000FDF78DFC0346002B4BD1394B40F2FC721A60374B05229A712F4B00221A60344B3D
:202FA00002221A734FF480613048FFF77BFA0346304A13602F4B1B681B0EDAB22C4B1A746C
:202FC0002C4B1B681B0CDAB2294BDA73294B1B681B0ADAB2264B9A73264B1B68DAB2244B6E
:202FE0005A73254B1B78DBB2012B09D1234B1B8801339AB2214B1A801D48FFF725F903E07B
:203000001B490420FDF74AF9164B1B6803F58063144A1360144B1B6803F58063124A1360D5
:2030200016E00423FF22022140F2FC70FFF7B0FA0EE00423FF22022140F2FC70FFF7A8FA62
:2030400006E00423FF22022140F2FC70FFF7A0FA00BF0837BD4680BD683C0020803C002013
:203060006C3C00204C0700205007002080400020B8440020703C0020683A0020E4440020CC
:2030800080B582B000AF674A674B1A60674B1B68002B20D1664BD3F80220664B1B689A423E
:2030A00006D0634BD3F80A20624B1B689A4207D10423AA22032140F2FC70FFF769FAADE018
:2030C0000423FF22032140F2FC70FFF761FA594B00221A60A2E0584B1B68544A12685149FB
:2030E0001846FEF7AFFB0346002B40F08F80534B1B684E4A126852491846FEF7EFFB0346CC
:20310000002B7BD1494B1B681A4646494C48FDF7C6FB0346002B40F081804A4B40F2FC720F
:203120001A60484B05229A71404B1B6819464448FFF7B8F90346444A1360434B1B681B0E2C
:20314000DAB2404B1A74404B1B681B0CDAB23D4BDA733D4B1B681B0ADAB23A4B9A733A4B61
:203160001B68DAB2374B5A73384B1B78DBB2012B03D13448FFF768F803E032490420FDF706
:203180008DF82D4B1A68294B1B6813442A4A13602A4B1A68254B1B681344284A1360002332
:2031A0007B6002E07B6801337B607B684CF24F329342F7D91E4BD3F802201E4B1B689A42FB
:2031C00006D01B4BD3F80A201A4B1B689A420AD1164B00221A600423AA22032140F2FC706D
:2031E000FFF7D6F91AE00423FF22032140F2FC70FFF7CEF90F4B00221A600FE00423FF221C
:20320000032140F2FC70FFF7C3F907E00423FF22032140F2FC70FFF7BBF9FFE700BF0837BB
:20322000BD4680BD803C0020B4440020683C00208C4400206C3C00204C07002050070020F4
:2032400080400020B8440020703C0020683A002080B584B000AF7860244B40F2FC721A606B
:20326000224B02229A717B685B7B1A467B689B7B1B021A447B68DB7B1B041A447B681B7CF5
:203280001B061344FB601A4B1B78002B04D1184AFB68C2F8063007E0154B5B78002B03D195
:2032A000134AFB68C2F80E30124B1B6819464FF48030FFF731F903460F4A13600E4B1B6813
:2032C000FA689A4207D10423AA22072140F2FC70FFF75EF906E00423FF22072140F2FC70DE
:2032E000FFF756F900BF1037BD4680BDB8440020A0440020743C00207C3C002080B588B00E
:2033000000AF394B1B78012B0CD1384BD3F80230354AC2F80230354BD3F80630324AC2F83C
:2033200006300FE0304B5B78012B0BD12F4BD3F80A302D4AC2F80A302C4BD3F80E302A4A34
:20334000C2F80E304FF480510020FEF729FB0346002B3ED13B46142223491846FDF780FAB6
:20336000142221492248FDF77BFA3B46214A13603B46142219460020FEF764FA0346002B7E
:203380001FD1142219490020FEF7A8FA0346002B0FD1142215491448FDF781FA0346002BC7
:2033A0001ED10423AA22042140F2FC70FFF7F0F816E00423FF22042140F2FC70FFF7E8F8B3
:2033C0000EE00423FF22042140F2FC70FFF7E0F806E00423FF22042140F2FC70FFF7D8F86F
:2033E00000BF2037BD4680BD8C440020A0440020543C0020B444002080B500AF4FF4A021D3
:203400004FF48030FDF70CF90346002B07D10423AA22052140F2FC70FFF7BAF806E0042308
:20342000FF22052140F2FC70FFF7B2F800BF80BD80B500AF0E221D494FF44820FDF710F9E9
:203440000346002B30D1194B1B78012B20D1174B5A79174B1A70154B9A79154B5A70134BC7
:20346000DA79134B9A70114B1A7A114BDA700F4B5A7A0F4B1A710D4B9A7A0D4B5A710B4B03
:20348000DA7A0B4B9A71094B1A7B094BDA710BE0074BFF221A70064B01225A71044B022255
:2034A0009A71034B0022DA7100BF80BDCC440020DC44002080B586B000AF3A4BBB6072B6F8
:2034C00000BF394B00229A8000BF374B9B889BB2002BFAD1344B00229A8200BF324B9B8AA8
:2034E0009BB2002BFAD1314B00221A604FF0FF30FEF780FF4FF0FF30FEF7A0FF00237B618E
:2035000008E02B4A7B69C033002142F823107B6901337B617B695F2BF3D900233B6110E00C
:20352000244A3B6920334FF0FF3142F82310214A3B6960334FF0FF3142F823103B690133F4
:203540003B613B69072BEBD90023FB6007E0184AFB68134400221A70FB680133FB60FB68B3
:203560000F2BF4D900233B603B6883F31488BFF36F8F00BF00BF104B4FF480329A60BFF3A7
:203580004F8F00BF4FF480331B687B607B6883F3088800BFBB681B68984700BF1837BD46FC
:2035A00080BD00BF04000100000D004010E000E00060004000E100E000ED00E080B500AFDB
:2035C000FDF72EFAFDF7AAFAFCF794FE00BF80BD80B500AFFDF788F800BF80BD80B582B0FB
:2035E00000AF0346FB71FB79022B03D10349044801F0FCFC00BF0837BD4680BD708500003E
:20360000F844002080B500AFFFF7E2FF0023184680BDFFFF80B586B000AF786039607B6869
:203620007B613968786900F070F838613B69002B01D03B6932E03B681B791A4ADB01DBB2E1
:2036400093713B681B781A46174B9B5C03F00303FB603B685B781B01DBB2FA681343FB60F1
:203660003B689B781B0303F44053FA681343FB603B68DB781B0203F44073FA681343FB6009
:20368000084BFA6892B25A803B685B79054ADB01DBB213727B69054A1A6000231846183726
:2036A000BD4680BD003408403C8600005444570080B483B000AF7860064B00221A70054B62
:2036C000FF221A70002318460C37BD465DF8047B704700BF0034084080B483B000AF7860C4
:2036E0003960062318460C37BD465DF8047B704780B483B000AF78600B46FB7006231846A8
:203700000C37BD465DF8047B704780B483B000AF78603960002318460C37BD465DF8047BB6
:20372000704780B483B000AFEFF303837B607B683B603B88C3F308039BB2DBB2103BDBB2C5
:203740005BB218460C37BD465DF8047B7047FFFF80B483B000AF03463960FB7197F9073004
:2037600004493A6841F8232000BF0C37BD465DF8047B70474C46002080B483B000AF03463D
:20378000FB7197F90730044A52F8233018460C37BD465DF8047B70474C46002080B483B0C3
:2037A00000AF0346FB710B4997F9073003F1C00251F8223023F4803341F82230054A97F905
:2037C0000730C03352F8233000BF0C37BD465DF8047B70470060004080B584B000AF034691
:2037E000FB7197F907301846FFF7D8FFBFF35F8F00BF97F90730FB60FB6803F01F02074923
:2038000097F907305B09012000FA02F2603341F8232000BF1037BD4680BD00BF00E100E099
:2038200080B584B000AF0346B9607A60FB73BB68DAB2094997F90F301201D2B20B4483F895
:20384000002397F90F3079681846FFF781FF00BF1037BD4680BD00BF00E100E080B485B092
:2038600000AF0346FB7197F90730FB60FB6803F01F020749FB685B09012000FA02F241F8EC
:20388000232000BF1437BD465DF8047B704700BF00E100E080B582B000AF0346FB7197F972
:2038A00007301846FFF798FF97F907301846FFF7D5FF00BF0837BD4680BDFFFF80B485B052
:2038C00000AF0346FB7197F90730FB60FB6803F01F020B4997F907305B09012000FA02F25D
:2038E000203341F82320BFF34F8F00BFBFF36F8F00BF00BF1437BD465DF8047B704700BFE4
:2039000000E100E080B584B000AF0346B9607A60FB7397F90F307A68B9681846FFF780FF7F
:2039200097F90F301846FFF7B5FF00BF1037BD4680BDFFFF80B584B000AF786039600023C0
:20394000FB607B68BB60386800F0CFF8F860FB68002B01D0FB6822E0BB683A685A603B6879
:203960009A69BB685A623B68DA69BB68DA62BB6800229A62BB685B681B7803F5800303F5F3
:203980008D531B021A46BB689A60B86800F00AF9B86800F055FABB68034A1A60FB68184690
:2039A0001037BD4680BD00BF4950535280B586B002AFF860B9607A60FB70FB7800937B68C8
:2039C000BA680021F86800F0DFFA034618461037BD4680BD80B586B002AFF860B9607A60E6
:2039E000FB70FB7800937B680022B968F86800F0CBFA034618461037BD4680BD80B586B082
:203A000002AFF860B9607A603B603B7E00933B687A68B968F86800F0B7FA0346184610372E
:203A2000BD4680BD80B584B000AF78607B68FB60FB6800221A60FB685B685B69002B0AD02A
:203A4000FB685B685B699B681B6AFA6852685269126810469847FB685B681B69002B0AD0BF
:203A6000FB685B681B699B681B6AFA6852681269126810469847FB685B6893F90230002BBF
:203A800006DBFB685B6893F902301846FFF716FFFB685B6893F90130002B06DBFB685B68E3
:203AA00093F901301846FFF709FFFB685B6893F903301846FFF702FFFB685B6893F90430CD
:203AC0001846FFF7FBFEFB689A68137823F040031370FB689B68DB78FB689B680022DA7045
:203AE000002318461037BD4680BD80B586B000AF786000237B617B681B693B617B681B7854
:203B000003F5800303F58D531B020433FB603B69002B19D03B695B681B684FF000621A60E6
:203B20003B695B681B68FA689A603B699B681B683A6910683A6952681146984778617B69AA
:203B4000002B01D07B6928E07B685B69BB60BB68002B21D0BB685B681B684FF400221A6034
:203B6000BB685B681B68FA685A60BB689B681B68BA681068BA6852681146984778617B69AE
:203B8000002B09D03B69002B06D03B699B681B6A3A691268104698477B6918461837BD466A
:203BA00080BDFFFF80B491B000AF78600023FB6300233B620023BB6300237B6300233B638A
:203BC0000023FB620023BB6200237B620023FB61FB6B43F08003FB63FB6B43F02003FB6312
:203BE000FB6B43F01003FB637B685B685B7A002B01D1082300E00023FA6B1343FB637B6819
:203C00005B685B7A002B01D1102300E000237A6B13437B637B685B689B7A1A467B6A13436A
:203C20007B627B685B68DB7A5B007A6A13437B627B685B685B7B1B037A6A13437B627B68A6
:203C40005B681B69002B03D0FB6B43F02003FB637B685B681B6ABB61BB691B78002B14D1F7
:203C60007B685B681B78002B0AD17B685B685B7A002B01D1802300E000237A6A13437B62D0
:203C8000FB6B23F00103FB6303E0FB6B43F00103FB63BB695B78DB01DB431A46FB6B134061
:203CA000FB63BB695B785A00BB695B785B0113431A46FB6B1343FB633B6A23F00F033B62CB
:203CC000BB699B781A46BB69DB7802FA03F33A6A13433B627B6A23F070037B62BB69DB788E
:203CE0001B017A6A13437B62BB691B79002B0BD0BB6B43F02003BB63BB691B79022B03D180
:203D0000BB6B43F01003BB63BB695B79002B0BD07B6B43F001037B63BB695B79012B03D128
:203D20007B6B43F002037B63BB699B791A46FB691343FB61BB691B7AC3F30103DBB29B003E
:203D40007A6A13437B627B685B685B7A002B0CD17B6A43F460437B62BB695B7A3B63BB6972
:203D60009B7AFB62BB69DB7ABB6200237B61EFF310833B613B697B610123FB60FB6883F353
:203D8000108800BF2D4B5A687B685B681B78C3F11303012101FA03F3DB43284913404B60EF
:203DA000264B5B687B69BB60BB6883F3108800BF7B689B68DB787B689B680022DA707B6872
:203DC0009B68FA6BD2B21A707B689B683A6AD2B25A707B689B68BA6BD2B29A707B689B6816
:203DE000BA69D2799A727B689B683A6BD2B21A737B689B68FA6AD2B25A737B689B68BA6A08
:203E0000D2B29A737B689B687A6BD2B2DA737B689B687A6A92B21A827B689B68FA69D2B2FE
:203E200083F820207B689B68102283F8212000BF4437BD465DF8047B704700BF00400840E4
:203E400080B582B000AF78607B685B6893F90230002B0ADB7B685B6893F902007B685B6826
:203E60009B797A681946FFF74DFD7B685B6893F90130002B0ADB7B685B6893F901007B6824
:203E80005B685B797A681946FFF73CFD7B685B6893F904007B685B681B7A7A681946FFF773
:203EA00031FD7B685B6893F903007B685B68DB797A681946FFF7B4FC00BF0837BD4680BD80
:203EC00080B487B000AF78607B689B68DB7ADBB27B617B689B681B8A9BB2FB607B6893F8AB
:203EE00020300F2B08D97B6923F040037B617B6943F020037B610DE07B6893F82030072B4E
:203F000004D87B6943F040037B6103E07B6923F060037B617B6893F820303B613B690F2B3E
:203F200004D93B6901339B08053B3B61FB6823F47063FB603B691B02FA681343FB607B68EE
:203F40009B687A69D2B2DA727B689B68FA6892B21A8200BF1C37BD465DF8047B704780B4AF
:203F600083B000AF78607B689B681B78DAB27B689B6842F06002D2B21A7000BF0C37BD46F5
:203F80005DF8047B7047FFFF80B588B000AFF860B9607A603B60FB68FB61FB699B681B78DD
:203FA000DBB203F04003002B01D0082306E1FB69BA68DA60FB697A681A61FB6900225A616E
:203FC000FB6900229A61FB693A68DA61FB6997F8282083F82020FB695B685B69002B6DD0D6
:203FE000FB693A689A61FB6993F820300F2B0AD9FB695B685B695B681A68D378022161F372
:204000000513D37018E0FB6993F82030072B09D8FB695B685B695B681A68D37823F030033A
:20402000D37009E0FB695B685B695B681A68D378012161F30513D370FB695B685B695B685A
:204040001A689378022161F383039370FB695B685B695B681B683A6892B2DA81FB695B683A
:204060005B695B681B687A689A607B68002B0FD1FB695B685B695B681A68937823F00C030F
:204080009370FB695B685B695B681B684D4A9A60FB695B685B699B685B68FA6952685269D2
:2040A0001068FA69526852695268126811469847B861BB69002B01D0BB697FE0FB695B6863
:2040C0001B69002B73D0FB693A685A61FB6993F820300F2B0AD9FB695B681B695B681A68E1
:2040E000D378022161F30513D37018E0FB6993F82030072B09D8FB695B681B695B681A6869
:20410000D37823F03003D37009E0FB695B681B695B681A68D378012161F30513D370FB6972
:204120005B681B695B681A68D378022161F38303D370FB695B681B695B681B683A6892B291
:20414000DA81FB695B681B695B681B68BA685A60BB68002B0FD1FB695B681B695B681A6819
:20416000D37823F00C03D370FB695B681B695B681B68154A5A60FB699A68137823F020035E
:204180001370FB695B681B699B685B68FA69526812691068FA6952681269526812681146F8
:2041A000984778617B69002B01D07B6906E0F869FFF786FEF869FFF7D2FE002318462037C3
:2041C000BD4680BDFC4500200046002080B485B000AF78607B689B69FB607B68DB69FA681D
:2041E0009A4234D07B681B69002B03D17B689B685B6827E07B6893F820300F2B09D97B680C
:204200009A687B681969FB689B000B4452681A6018E07B6893F82030072B09D87B689A6808
:204220007B681969FB680B441279D2B21A7009E07B689A687B681969FB685B000B44928874
:2042400092B21A80FB685A1C7B689A6100E000BF1437BD465DF8047B704780B485B000AF39
:2042600078607B685B69FB607B68DB69FA689A4233D07B68DB68002B04D17B689B680022CE
:204280005A6025E07B6893F820300F2B09D97B68DA68FB689B001A447B689B6812685A60EA
:2042A00016E07B6893F82030072B08D87B68DA68FB681A447B689B6812781A7108E07B688C
:2042C000DA68FB685B001A447B689B6812889A80FB685A1C7B685A6100E000BF1437BD4682
:2042E0005DF8047B704790B587B000AF78600B46FB707B689B6A7B617B69002B03D107F1D5
:2043000008037B6105E07A6907F1080307CA83E807007B685B681B781A467B691A607B69CD
:20432000FA781A717B68DA6A7B699A607B685B6A786998477B689B6A002B08D07B689B6A40
:204340001C4607F1080393E8070084E8070000BF1C37BD4690BD80B582B000AFFFF7E1F9BB
:204360000346FB7197F907301846FFF717FA97F907301846FFF700FA38603868FFF726FFF4
:204380003B689A693B68DB699A4206D13B685B6893F903301846FFF761FA00BF0837BD4608
:2043A00080BD80B584B000AFFFF7BBF90346FB7397F90F301846FFF7F1F997F90F3018460D
:2043C000FFF7DAF9B860BB685B681B6A7B607B68002B1ED07B685B78012B1AD1BB685A6907
:2043E000BB68DB69013B9A4207D1BB685B6893F903301846FFF74EFA0BE0BB685B681B69D0
:20440000002B06D0BB685B6893F903301846FFF725FAB868FFF721FF00BF1037BD4680BD07
:2044200080B582B000AFFFF77CF90346FB7197F907301846FFF7B2F997F907301846FFF765
:204440009BF938603B689B68DB78C3F34003DBB2002B04D03B685B685B7A012B28D197F9C2
:2044600007301846FFF72AFA3B685B6893F90230002B06DB3B685B6893F902301846FFF7E5
:204480001DFA3B689A68137823F0400313703B685B6893F90230002B06DB3B685B6893F9DA
:2044A00002301846FFF7F6F901213868FFF71BFF00BF0837BD4680BD80B584B000AFFFF769
:2044C00030F90346FB7397F90F301846FFF754F9B860BB685B6893F90230002B06DBBB68A1
:2044E0005B6893F902301846FFF7E8F9BB689A68137823F040031370BB685B6893F90230D9
:20450000002B06DBBB685B6893F902301846FFF7C1F9BB689B68DB78FB71BB689B680022B0
:20452000DA70FB7903F00803DBB2002B03D00521B868FFF7D8FEFB7903F00103DBB2002BFF
:2045400003D00421B868FFF7CEFEFB7903F00403DBB2002B09D0FB7903F01003DBB2002B50
:2045600003D00821B868FFF7BEFE97F90F301846FFF714F900BF1037BD4680BD80B483B090
:2045800000AFEFF303837B607B683B603B88C3F308039BB2DBB2103BDBB25BB218460C37C7
:2045A000BD465DF8047B704780B483B000AF03463960FB7197F9073004493A6841F82320D7
:2045C00000BF0C37BD465DF8047B70474C46002080B483B000AF0346FB7197F90730044AB9
:2045E00052F8233018460C37BD465DF8047B70474C46002080B483B000AF0346FB710B491E
:2046000097F9073003F1C00251F8223023F4803341F82230054A97F90730C03352F8233087
:2046200000BF0C37BD465DF8047B70470060004080B584B000AF0346FB7197F90730184658
:20464000FFF7D8FFBFF35F8F00BF97F90730FB60FB6803F01F02074997F907305B090120F9
:2046600000FA02F2603341F8232000BF1037BD4680BD00BF00E100E080B584B000AF034616
:20468000B9607A60FB73BB68DAB2094997F90F301201D2B20B4483F8002397F90F307968B5
:2046A0001846FFF781FF00BF1037BD4680BD00BF00E100E080B485B000AF0346FB7197F903
:2046C0000730FB60FB6803F01F020749FB685B09012000FA02F241F8232000BF1437BD4622
:2046E0005DF8047B704700BF00E100E080B582B000AF0346FB7197F907301846FFF798FF32
:2047000097F907301846FFF7D5FF00BF0837BD4680BDFFFF80B485B000AF0346FB7197F911
:204720000730FB60FB6803F01F020B4997F907305B09012000FA02F2203341F82320BFF361
:204740004F8F00BFBFF36F8F00BF00BF1437BD465DF8047B704700BF00E100E080B58AB0C6
:2047600000AF786039607B687B623B681B7803F5800303F58C531B021A467B6A1A627B6A0E
:2047800000221A707B6A3A68DA613B685A697B6A5A623B689A697B6ADA627B6A00229A62DA
:2047A0007A6A9378012161F3010393703B685B78002B05D17A6A9378022161F301039370A9
:2047C0003968786A00F0C0F9786A00F006F900233B62EFF31083FB60FB683B6201233B618C
:2047E0003B6983F3108800BF474B5A683B681B7819464FF00043CB40DB43434913404B602A
:20480000414B5B683B6A7B617B6983F3108800BF7B6A1B6A00229A707B6A1B6A00221A716A
:204820007B6A1B6A00225A727B6A1B6A00229A727B6A1B6A0022DA727B6A1B6A00225A8347
:204840003B681B781A4640F21923D34003F00103002B03D07B6A1B6A4022DA747B6A1B6AC8
:2048600006221A773968786A00F0C1F87B6A0022DA607B6A00221A617B6A00225A617B6AE9
:2048800000229A613B68DB69FB61FB691B7803F00303BB61BB6943F01003BB617B6ADB69FD
:2048A00093F905301846FFF721FF7B6ADB6993F90B301846FFF71AFFBB6943F04003BB61B0
:2048C0007B6ADB6993F907301846FFF70FFF7B6ADB6993F909301846FFF708FFBB6943F0EA
:2048E0002003BB617B6A1B6ABA69D2B29A70FB695A897B6A1A817B6A044A5A600023184629
:204900002837BD4680BD00BF004008405549435380B487B000AFF860B9607A60FB687B61D9
:2049200000233B617B69BA685A617B697A689A613B6918461C37BD465DF8047B704780B41F
:2049400087B000AFF860B9607A60FB687B617B691B6A9B78DAB27B691B6A02F07B02D2B283
:204960009A707B699B78C3F30103DBB21A467B689A1A7B691A617B699B78C3F30103DBB25B
:204980001A46BB681A447B69DA607B691B6A9B78DAB27B691B6A62F07F02D2B29A707B6962
:2049A0009B7803F00303DBB2022B0AD1BB681B887A69126A6FEAC3536FEAD3539BB2D381A2
:2049C00004E07B691B6ABA681278DA70002318461C37BD465DF8047B704780B483B000AF1C
:2049E000786000BF0C37BD465DF8047B704780B586B000AF786039603B681B781A4640F2FC
:204A00001923D34003F00103002B04D07B681B6A4FF478429A823B689B781A013B68DB7809
:204A2000DB0013437B61F2233B613B685B78032B04D17B6943F040037B6107E03B685B78AC
:204A4000002B03D13B6923F010033B617B681B6A7A69D2B21A707B681B6A3A69D2B29A71FE
:204A60003B68DB69BB60BB681B7B082B04D17B681B6A0A225A7309E0BB681B7B5B00DAB289
:204A80007B681B6A02F00202D2B25A730023FB60BB685B78DB01DBB2FA681343FB60BB6854
:204AA0009B785B0103F02003FA681343FB607B681B6A00221A72BB681B78022B03D0BB686F
:204AC0001B78032B11D17B681B6AFF225A70BB681B78022B03D1FB6843F01003FB607B6842
:204AE0001B6AFA68D2B2DA710DE07B681B6AFA68D2B2DA717B681A6ABB685B681946104678
:204B000000F04FF800BF00BF1837BD4680BD80B582B000AF78600B46FB701346BB7097F993
:204B200002301846FFF7F6FD97F902301846FFF761FDF97897F902307A681846FFF79CFD86
:204B400000BF0837BD4680BD80B582B000AF786039603B68997A3B6893F90B301A46786830
:204B6000FFF7D5FF3B6819793B6893F905301A467868FFF7CCFF3B6899793B6893F90730B6
:204B80001A467868FFF7C3FF3B68197A3B6893F909301A467868FFF7BAFF00BF0837BD468F
:204BA00080BD80B483B000AF786039603B689A787B685A703B685B78C3F30103D9B27A6832
:204BC000137861F3010313703B68DA787B689A747B68DB79DBB223F05C03DAB23B681B7891
:204BE00003F05C03DBB21343DAB27B68DA7100BF0C37BD465DF8047B704790B58BB000AF07
:204C0000F860B9601346FB71FB689B6A7B627B6A002B03D107F114037B6205E07B6A07F187
:204C200014040FCB84E80F00FB68DB691B781A467B6A1A607B6ABA689A607B6AFA791A712A
:204C4000FB68DA6A7B6ADA60FB685B6A786A9847FB689B6A002B07D0FB689B6A1C4607F179
:204C600014030FCB84E80F0000BF2C37BD4690BD80B584B000AFFFF781FC0346FB7397F984
:204C80000F301846FFF7B6FC97F90F301846FFF79FFCB860BB68DB691B69002B30D1BB68BF
:204CA0001B69002B2CD0BB689B7803F00303DBB2022B0BD1BB68DB681B88BA68126A6FEA84
:204CC000C3536FEAD3539BB2D38105E0BB68DA68BB681B6A1278DA70BB681B69BA68927805
:204CE000C2F30102D2B29A1ABB681A61BB68DB68BA689278C2F30102D2B21A44BB68DA609D
:204D0000BB681B69002B1BD1BB681B6A9B78FB71FB7943F00403FB71FB7903F07F03FB713F
:204D2000BB681B6AFA799A70BB680022DA60BB685B6A002B04D080220021B868FFF75DFFB3
:204D400000BF1037BD4680BD80B584B000AFFFF715FC0346FB7397F90F301846FFF74AFCCE
:204D600097F90F301846FFF733FCB860BB689B7803F00303DBB2022B07D1BB681B6A1B8ABB
:204D80009BB2C3F308037B6004E0BB681B6A5B79DBB27B60BB689B69002B0AD1BB685B6A4D
:204DA000002B33D07B6804221946B868FFF725FF2CE0BB685869BB689B78C3F30103DBB2B6
:204DC0001A463B1D194603F06DFABB685B69BA689278C2F30102D2B21A44BB685A61BB68B4
:204DE0009B69BA689278C2F30102D2B29A1ABB689A61BB689B69002B08D1BB685B6A002B37
:204E000004D001220021B868FFF7F7FE00BF1037BD4680BD80B582B000AFFFF7AFFB03462A
:204E2000FB7197F907301846FFF7D2FB38603B681B6A9B78DAB23B681B6A02F07B02D2B2A4
:204E40009A703868FFF7C9FD3B685B6A002B04D0022200213868FFF7D0FE97F907301846B7
:204E6000FFF7C8FB00BF0837BD4680BD80B584B000AFFFF783FB0346BB7297F90A30184611
:204E8000FFF7A6FB78600023FB607B689B7803F00303DBB2022B07D17B681B6A1B8A9BB24A
:204EA000C3F30803FB6004E07B681B6A5B79DBB2FB607B681B6A1B79DBB203F03803FB72AA
:204EC000FB7A03F01003002B0BD07B681B6A1B7FC3F30003DBB2002B03D1FB7A43F040031F
:204EE000FB727B681B6A1B79DAB27B681B6A22F03802D2B21A717868FFF76FFD7B685B6A10
:204F0000002B05D0FB7A1A46F9687868FFF775FE97F90A301846FFF76DFB00BF1037BD4683
:204F200080BDFFFF80B485B000AF0023FB60EFF310837B607B68FB600123BB60BB6883F33A
:204F4000108800BF0D4B1B68002B05D10C4B0022DA700B4B4022DA70084B1B680133074AFE
:204F60001360FB683B603B6883F3108800BF00BF1437BD465DF8047B704700BF484600204B
:204F8000000D084080B485B000AF0023FB60EFF310837B607B68FB600123BB60BB6883F3C0
:204FA000108800BF0F4B1B68002B04D00D4B1B68013B0C4A13600B4B1B68002B05D10A4BAF
:204FC0000022DA70084B8022DA70FB683B603B6883F3108800BF00BF1437BD465DF8047BD7
:204FE000704700BF48460020000D084080B584B000AF786039607B68FB60FB68044A1A6046
:20500000386800F03EF8002318461037BD4680BD54524F5080B487B000AF78600B467B803F
:2050200013467B700023FB820023BB827B8823F0FF037B827B88DBB23B823B8A012202FAE6
:2050400003F3FB817B78002B02D1FB89BB8201E0FB89FB827B8A1B0A9BB2DBB25B0103F1F6
:20506000804303F50023BB60BB8A1A04FB8A1A43BB689A60002318461C37BD465DF8047B2A
:20508000704780B584B000AF7860786800F060F87B68BB60FFF746FF0023FB8111E0BB6855
:2050A0005A68FB89DB0013449888BB685A68FB89DB0013441B68194600F00EF8FB8901332D
:2050C000FB81BB681B88FA899A42E8D3FFF75AFF00BF1037BD4680BD80B483B000AF034680
:2050E0003960FB803B6803F48033002B1CD01749FB881B0A9BB21A46FB88DBB212011A4402
:2051000051F8223023F4803341F822300F48FB881B0A9BB21946FB88DBB23A6822F480327A
:2051200009010B4440F823200849FB881B0A9BB21A46FB88DBB2120113443A6841F823205D
:2051400000BF0C37BD465DF8047B70470008084080B588B000AF7860594B7B61594B3B61BB
:205160000023FB619FE00023BB6195E07B685A68FB69DB0013449A885349BB6931F81330F4
:205180009A4240F086807B685A68FB69DB0013441B6803F0F853FB60FB68B3F1807F03D0CD
:2051A000FB68B3F1106F39D17B6993F8BB34DAB20121BB6901FA03F3DBB21340DBB2002BA6
:2051C00013D1012002F080FF7B6993F8BB34DAB20121BB6901FA03F3DBB21343DAB27B69E5
:2051E00083F8BB24012002F01FFF3B69BA69203213F81230C3F3C013DBB2002B49D13A69C0
:20520000BB6903F1200112F8113043F0800302F811300121C82002F085FD3AE07B6993F812
:20522000BB34DAB20121BB6901FA03F3DBB21340DBB2002B15D0012002F046FF7B6993F878
:20524000BB34DAB20121BB6901FA03F3DBB2DB43DBB21340DAB27B6983F8BB24012002F034
:20526000E3FE3B69BA69203213F81230C3F3C013DBB2002B0DD03A69BB6903F1200112F8E3
:20528000113023F0800302F811300121C82002F049FDBB690133BB61BB69022B7FF666AF6B
:2052A000FB690133FB617B681B881A46FB699342FFF459AF00BF00BF2037BD4680BD00BF0C
:2052C00000E00140003008404486000080B483B000AFEFF303837B607B683B603B88C3F31B
:2052E00008039BB2DBB2103BDBB25BB218460C37BD465DF8047B704780B483B000AF034656
:20530000FB7197F90730044A52F8233018460C37BD465DF8047B70474C46002080B483B027
:2053200000AF0346FB710B4997F9073003F1C00251F8223023F4803341F82230054A97F969
:205340000730C03352F8233000BF0C37BD465DF8047B70470060004080B584B000AFFFF748
:20536000B5FF0346BB7397F90E301846FFF7C4FFB8600023FB73174ABB685B79D35CC3F337
:205380000103DBB2032B02D10123FB7304E097F90E301846FFF7C2FFBB68002B0ED0BB68D3
:2053A0009B68002B0AD0BB685B797B60BB68DB683B60BB689B683A4610469847FB7B002B96
:2053C00004D097F90E301846FFF7A8FF00BF1037BD4680BD0060004080B483B000AFEFF352
:2053E00003837B607B683B603B88C3F308039BB2DBB2103BDBB25BB218460C37BD465DF892
:20540000047B704780B483B000AF03463960FB7197F9073004493A6841F8232000BF0C37BE
:20542000BD465DF8047B70474C46002080B483B000AF0346FB7197F90730044A52F82330AF
:2054400018460C37BD465DF8047B70474C46002080B483B000AF0346FB710B4997F9073085
:2054600003F1C00251F8223023F4803341F82230054A97F90730C03352F8233000BF0C37DE
:20548000BD465DF8047B70470060004080B584B000AF0346FB7197F907301846FFF7D8FF1F
:2054A000BFF35F8F00BF97F90730FB60FB6803F01F02074997F907305B09012000FA02F26A
:2054C000603341F8232000BF1037BD4680BD00BF00E100E080B584B000AF0346B9607A60A3
:2054E000FB73BB68DAB2094997F90F301201D2B20B4483F8002397F90F3079681846FFF7E6
:2055000081FF00BF1037BD4680BD00BF00E100E080B485B000AF0346FB7197F90730FB6056
:20552000FB6803F01F020749FB685B09012000FA02F241F8232000BF1437BD465DF8047B71
:20554000704700BF00E100E080B582B000AF0346FB7197F907301846FFF798FF97F90730D0
:205560001846FFF7D5FF00BF0837BD4680BDFFFF80B485B000AF0346FB7197F90730FB60D8
:20558000FB6803F01F020B4997F907305B09012000FA02F2203341F82320BFF34F8F00BFE8
:2055A000BFF36F8F00BF00BF1437BD465DF8047B704700BF00E100E080B584B000AF034603
:2055C000B9607A60FB7397F90F307A68B9681846FFF780FF97F90F301846FFF7B5FF00BF2F
:2055E0001037BD4680BDFFFF80B584B000AF786039607B68FB603B681B7C1A46012303FAA4
:2056000002F2FB68DA603968F86800F085F83968F86800F0B3F8FB68034A1A600023184644
:205620001037BD4680BD00BF5450470080B485B000AF78607B68FB60FB689B68FA68D26809
:205640009A60002318461437BD465DF8047B704780B485B000AF78607B68FB60FB689B6862
:20566000FA68D2685A60002318461437BD465DF8047B704780B586B000AF78607B687B61C9
:2056800000233B617B695B68DB69FB607B695B6893F91230184600F0D4F9FB6893F9243032
:2056A000184600F0CEF9FB6893F92530184600F0C8F97B6900221A60786900F021F8B86000
:2056C0007B699B687A69D2689A607B699B6800225A63BB6843F425431946786900F005F817
:2056E0003B6918461837BD4680BD80B483B000AF7860396000BF0C37BD465DF8047B704702
:2057000080B483B000AF7860002318460C37BD465DF8047B7047FFFF80B485B000AF78605B
:2057200039607B683A685A607B6801221A747B68DB6803F00603002B02D07B6800221A744B
:205740003B681B7C1A460C4B13441B02FB60FA687B689A603B685A697B685A613B689A69A0
:205760007B68DA617B6800229A6100BF1437BD465DF8047B704700BF9016400080B594B055
:2057800000AF786039603B68DB693B640023FB63EFF31083BB61BB69FB6301237B617B69EB
:2057A00083F3108800BF954B1A693B681B7C19464FF00043CB40DB43904913400B618F4B03
:2057C0001B69FB6B3B613B6983F3108800BF7B689B684FF425421A607B689B680022DA6284
:2057E0007B689B680022DA637B689B6800229A643B681B7ABB63BB6BDB05FB643B685B683D
:20580000013B7B633B681B78032B03D1FB6C43F48033FB647B689B68FA6CDA62786800F02E
:20582000EFF87B689B683A6C9269DA617B689B683A6CD2691A627B689B687A6B9A667B68CE
:205840009B687A6B5A6600233B633B6C9B6BBB644FF0FF33BB600023FB603B681B78002BA8
:2058600006D13B685B685B08013BFB62FB6ABB603B681B78012B07D93B68D96807F1080247
:205880000023786800F00BF97B689B68BA685A657B689B68BA689A653B681B78032B07D9FF
:2058A0007B689B68BA68DA657B689B68BA681A66FB681B043A6B13433B63FB681B063A6BD5
:2058C00013433B633B6C9B6B002B1ED13B6C1B78002B0AD03B6C5B781946386800F054F918
:2058E000B862BA6CBB6A1343BB643B6C9B78002B0BD03B6CDB781946386800F045F978620D
:205900007B6A1B04BA6C1343BB64786800F067F900233B620023FB617B689B683A6A9A63F2
:205920007B689B68FA69C3F888203B6C9B6B002B0DD13B6C93F820305B03BA6C1343BB648A
:205940003B6C93F821305B07BA6C1343BB644FF4AA037B643B6C93F83030002B02D04FF426
:20596000A0037B647B689B687A6C1A643B681B78012B07D17B689B680022DA647B689B68F5
:2059800000221A657B689B687A68D268DA607B689B68BA6C5A637B689B683A6B42F003029F
:2059A0001A637B689B683A6B42F001021A634AF201517868FFF799FE3B6893F912003B684E
:2059C0005B7C7A68194600F054F83B6C93F924003B6C93F822307A68194600F04AF83B6C7E
:2059E00093F925003B6C93F823307A68194600F040F800BF5037BD4680BD00BF004008403B
:205A000080B483B000AF78607B689B684FF000421A617B689B684FF000425A617B689B68AE
:205A20004FF000429A617B689B6800225A627B689B6800229A6200BF0C37BD465DF8047B49
:205A4000704780B582B000AF0346FB7197F90730002B0ADB97F907301846FFF789FD97F9BC
:205A6000073000211846FFF7CDFC00BF0837BD4680BD80B584B000AF0346B9607A60FB73B1
:205A800097F90F30002B06DB97F90F307A68B9681846FFF791FD00BF1037BD4680BD80B4FD
:205AA0008BB000AFF860B9607A603B60FB689B689B6EFB61FB690133FB61BB68002B0CBF3E
:205AC00001230023FB76BA68FB699A422CBF01230023BB76FB7E002B02D1BB7E002B44D05A
:205AE0003B6803F00103002B07D1FB689B685B6BC3F30403DBB27B6206E0FB689B685B6BA4
:205B0000C3F30443DBB27B62FB685B681B78032B09D97B6A03F01003002B0CBF012300232D
:205B200087F8233008E07B6A03F00C03042B0CBF0123002387F82330FB7E002B06D097F8A8
:205B4000233083F00103DBB2002B06D1BB7E002B07D097F82330002B03D07B6802225A6010
:205B60000CE07B6803225A6008E0BB687B617B69013B7B617B687A691A6000BF00BF2C3773
:205B8000BD465DF8047B704780B485B000AF78600B46FB70FB789A01FB781B01134343F4A1
:205BA0008073BB600923FB607B681B78022B0BD07B681B78032B02D10323FB6004E0FB7883
:205BC000002B01D10623FB60BA68FB681343BB60BB6818461437BD465DF8047B704780B4C0
:205BE00085B000AF78607B685B68DB69FB60FB6893F8303003F00103DBB2002B05D0FB686F
:205C00009A6A7B689B68013ADA64FB6893F8303003F00203DBB2002B05D0FB68DA6A7B68C4
:205C20009B68013A1A6500BF1437BD465DF8047B704790B589B000AFF8600B467A60FB72F2
:205C4000FB689B69FB61FB69002B03D107F11003FB6105E0FA6907F1100307CA83E8070021
:205C6000FB69FA7A1A71FB697A689A60FB68DA69FB691A60FB685B69F8699847FB689B692F
:205C8000002B08D0FB689B691C4607F1100393E8070084E8070000BF2437BD4690BD80B599
:205CA00084B000AFFFF798FB0346FB7397F90F301846FFF7CDFB97F90F301846FFF7B6FB02
:205CC000B860BB685B681B78012B20D1B868FFF717FD7860BB689B68BA68D2689A60BB6875
:205CE0009B6800229A64BB689B680022DA64BB689B6800221A657B6843F425431946B86833
:205D0000FFF7F3FC97F90F301846FFF7BFFBBB685B69002B04D000220021B868FFF789FFFA
:205D200000BF1037BD4680BD80B483B000AFEFF303837B607B683B603B88C3F308039BB275
:205D4000DBB2103BDBB25BB218460C37BD465DF8047B704780B487B000AF0346FB710E4B7A
:205D60001B6A7B61FB797A6922FA03F303F007033B617B691B0E03F00703FB60074B1A6887
:205D8000FB689A403B6922FA03F318461C37BD465DF8047B704700BF00E00140D4470020B6
:205DA00080B400AF094B0122A3F80421074BB3F804319BB2002BF9D1044B0122A3F8002127
:205DC00000BFBD465DF8047B704700BF00C0014080B483B000AF03463960FB7197F907308B
:205DE00004493A6841F8232000BF0C37BD465DF8047B70474C46002080B483B000AF034697
:205E0000FB7197F90730044A52F8233018460C37BD465DF8047B70474C46002080B483B01C
:205E200000AF0346FB710B4997F9073003F1C00251F8223023F4803341F82230054A97F95E
:205E40000730C03352F8233000BF0C37BD465DF8047B70470060004080B584B000AF0346EA
:205E6000FB7197F907301846FFF7D8FFBFF35F8F00BF97F90730FB60FB6803F01F0207497C
:205E800097F907305B09012000FA02F2603341F8232000BF1037BD4680BD00BF00E100E0F3
:205EA00080B584B000AF0346B9607A60FB73BB68DAB2094997F90F301201D2B20B4483F8EF
:205EC000002397F90F3079681846FFF781FF00BF1037BD4680BD00BF00E100E080B485B0EC
:205EE00000AF0346FB7197F90730FB60FB6803F01F020749FB685B09012000FA02F241F846
:205F0000232000BF1437BD465DF8047B704700BF00E100E080B582B000AF0346FB7197F9CB
:205F200007301846FFF798FF97F907301846FFF7D5FF00BF0837BD4680BDFFFF80B485B0AB
:205F400000AF0346FB7197F90730FB60FB6803F01F020B4997F907305B09012000FA02F2B6
:205F6000203341F82320BFF34F8F00BFBFF36F8F00BF00BF1437BD465DF8047B704700BF3D
:205F800000E100E080B584B000AF0346B9607A60FB7397F90F307A68B9681846FFF780FFD9
:205FA00097F90F301846FFF7B5FF00BF1037BD4680BDFFFF80B584B000AF786039607B685A
:205FC000FB600023BB60FB683A685A603B681B78002B23D03B685A68FB689A633B68DA686B
:205FE000FB681A64FB680022DA63184B01221A763B6893F911003B681B7CFA681946FFF7B7
:20600000C1FF124B98221A753B6893F913003B689B7CFA681946FFF7B5FF05E00B4B002256
:206020001A760A4B00221A75F86800F073FAB860BB68002B01D0BB6803E0FB68044A1A60A5
:20604000BB6818461037BD4680BD00BF00E07F404E45504F80B586B000AFF860B9607A6043
:206060003B60FB683B6100237B613B685A083B691A633B69BA689A623B697A68DA623B6939
:20608000002283F834207B68B3F1006F04D2386902F062F9786103E0386900F084F97861B2
:2060A0007B6918461837BD4680BD80B588B000AFF860B9607A60FB687B610023FB617B6906
:2060C000002283F83420BB68B3F1006F19D20023BB61BB68B3F5803F06D2BB6823F4FF5381
:2060E00023F01F03BB6105E0BB6823F4FF4323F07F03BB617A68B969786902F031F9F861E3
:206100000EE0BB6823F03F033B617A683969786900F09EFAF861FB69002B01D0FB6900E093
:20612000FB6918462037BD4680BD80B588B000AFF860B9607A603B60FB687B610023FB6146
:20614000BB68B3F1006F1DD27B69002283F834203B6800221A70BB683B610023BB610CE00C
:206160003A69BB6913441B78FF2B03D03B6801221A700EE0BB690133BB61BA697B689A42DD
:20618000EED306E03B687A68B968786900F052F9F861FB6918462037BD4680BD80B483B07D
:2061A00000AF786039600B4BB3F884309BB203F08103002B03D13B6800221A7002E03B6873
:2061C00001221A70002318460C37BD465DF8047B704700BF00E07F4080B487B000AFF860F0
:2061E000B9601346FB80FB687B6100233B6106233B613B6918461C37BD465DF8047B70470C
:2062000080B487B000AFF860B9607A60FB687B6100233B6106233B613B6918461C37BD46FE
:206220005DF8047B704780B485B000AF78607B68FB600023BB600623BB60BB681846143757
:20624000BD465DF8047B704780B584B000AF78607B68FB60F86802F067F8034618461037E3
:20626000BD4680BD80B584B000AF78600B46FB701346BB707B68FB600023BB60BA78FB788D
:206280001946F86802F054F8B860BB6818461037BD4680BD80B485B000AF78607B68FB60B3
:2062A0000023BB600623BB60BB6818461437BD465DF8047B704780B584B000AF78607B682F
:2062C000FB60F86800F026F9034618461037BD4680BDFFFF80B483B000AF786039603B689E
:2062E000094A92E8030083E803003B68074A083392E8030083E80300002318460C37BD467F
:206300005DF8047B704700BF6C8600009C08002080B584B000AF78607B68FB600023BB6011
:20632000FB6800221A60FB685B6893F91130002B06DBFB685B6893F911301846FFF7FEFD1D
:206340000B4B00221A76FB685B6893F91330002B06DBFB685B6893F913301846FFF7EEFD00
:20636000034B00221A75BB6818461037BD4680BD00E07F4080B487B000AFF860B9607A6012
:206380003B60FB687B617B69BA689A637B697A681A647B693A68DA63002318461C37BD4642
:2063A0005DF8047B704780B586B000AF786000237B61786800F08AFA78617B69002B01D054
:2063C0007B6932E07B685B681B78002B06D07B68012283F8342000233B6102E07B68DB68F1
:2063E0003B613A690421786801F0AEFF78617B685B681B78002B01D07B6916E018224FF456
:206400008051786901F0A4FF78617B681B6B002B02D07B69002BE4D001F08EFFF8607B697A
:20642000002B01D1FB687B617B6918461837BD4680BDFFFF80B588B000AFF860B9607A60EA
:206440003B60F86800F042FAF861FB69002B01D0FB6957E02D4B002283F8D0202B4ABB6824
:206460001363BA687B681344284A013B5363284B71221A70264BD0221A70FB685B681B78B0
:20648000002B08D0FB68032283F834203B6802221A70002336E0FB685B697A689208013242
:2064A00002FB03F3BB6108E0BB69002B02D11423FB610AE0BB69013BBB61144BD3F88030F0
:2064C000C3F3C033DBB2012BEED14FF4FC720021F86901F03DFFF8610C4B93F8D430DBB26F
:2064E000012B03D13B6801221A7002E03B6800221A7001F021FF7861FB69002B01D17B69EC
:20650000FB61FB6918462037BD4680BD00E07F4000007E4080B586B000AF78607B68002272
:2065200083F83420424B012283F816241C20FFF711FC78611820FFF70DFC38617B693D4AD4
:20654000934202D84FF4FB736DE07B6903F5742303F23F23384AA2FB03239B0CFB603B69D9
:2065600003F5742303F23F23334AA2FB03239B0CBB60FB689BB2314A03F5F0539BB2A2F8E6
:20658000E430BB6843F6B85202FB03F32C4AA2FB03239A087B689A60BB6840F6D86202FB46
:2065A00003F3274AA2FB03239A087B68DA60BB685B00234AA2FB03239A087B681A61BB6821
:2065C000542202FB03F31E4AA2FB03239A087B685A61BB681B4A02FB03F3194AA2FB032346
:2065E0009A087B689A61BB6844F2506202FB03F3134AA2FB03239A087B685A62BB68124A3D
:2066000002FB03F30E4AA2FB03239A087B681A62BB680E4A02FB03F3094AA2FB03239A0845
:206620007B68DA61002318461837BD4680BD00BF00E00140FF083D0083DE1B4300E07F40AA
:20664000ABAAAAAA38AF040080DE0F00A0F7030080B588B000AFF860B9607A600023FB61B9
:20666000FB68BA689A62FB687A681A63F86800F02DF9F861FB69002B02D04FF4FA7336E0E1
:20668000FB685B681B78002B06D0FB68022283F834200023BB6102E0FB685B6ABB61164B24
:2066A0000122A3F8E020BA694021F86801F048FEF861FB685B681B78002B01D0FB6916E099
:2066C00019224FF40051F86901F042FEF861FB681B6B002B02D0FB69002BE4D001F02CFEBC
:2066E0007861FB69002B01D17B69FB61FB6918462037BD4680BD00BF00E07F4080B584B000
:2067000000AFFFF711FB0346BB7397F90E301846FFF772FBB8601E4B1B7CDBB27B601C4BDB
:20672000D3F880201B4B13403B607B6803F00803002B02D00423FB7319E07B6803F08003D5
:20674000002B02D00523FB7311E07B6803F01003002B0AD03B6803F44053002B02D0072373
:20676000FB7304E00623FB7301E00723FB73B86801F0DAFD97F90E301846FFF74FFBFB7BED
:206780001946B86800F06EF800BF1037BD4680BD00E07F404070F00080B584B000AF002364
:2067A000FB73FFF7C1FA03467B7397F90D301846FFF722FBB86097F90D301846FFF72EFBE3
:2067C000BB6893F83430012B17D1BB681B6B002B0ED000220421B86801F0B6FD78607B681B
:2067E000002B2BD0B86801F09FFD0723BB7325E00123BB730123FB7320E0BB6893F8343073
:20680000022B0ED1BB681B6B002B05D000224021B86801F095FD11E00023BB730123FB73C9
:206820000CE00123FB730E4B93F8D430DBB2012B02D10323BB7301E00223BB73FB7B002B3D
:206840000AD001F079FDBB68002283F83420BB7B1946B86800F006F800BF1037BD4680BDFA
:2068600000E07F4080B586B000AF78600B46FB707B68DB6B7B617B69002B03D107F10C03DC
:206880007B6106E07A6907F10C0392E8030083E803007B69FA781A707B681A6C7B695A607A
:2068A0007B689B6B786998477B68DB6B002B08D07B68DB6B1A4607F10C0393E8030082E88B
:2068C000030000BF1837BD4680BDFFFF80B584B000AF78600023FB604FF49643BB607B68E1
:2068E0005B681B78002B0DD07B685B6893F911301846FFF70FFB7B685B6893F91330184696
:20690000FFF708FB0C4B4AF68022A3F8842008E0BB68002B02D14FF4FA7309E0BB68013B05
:20692000BB60054BB3F884309BB2802BF0D1FB6818461037BD4680BD00E07F4080B485B084
:2069400000AF786039607B68FB600C4AFB6813603B681A68FB689A603B685A68FB68DA6029
:20696000FB6800225A60FB68054A1A60002318461437BD465DF8047B704700BF0446002029
:206980004347430080B588B000AFF8600B467A60FB72FB68FB610023BB61FB7A052B02D0A9
:2069A000FB7A062B0DD107F1100307F11402F97A786800F0B5F9B861BB69002B01D0BB69EC
:2069C00029E0FB7A184600F0F5F803461A46FB7A1146184600F006F90346002B02D140F2C3
:2069E000931318E0012000F01AF8FB7A052B02D0FB7A062B06D13B6907F11402F97A7868DD
:206A000000F0CCF9FB7A0021184600F019F9012000F01AF8002318462037BD4680BD80B55B
:206A200082B000AF0346FB71012001F04DFBFB79012B05D1002000F0D5FF002001F044FBBC
:206A400000BF0837BD4680BD80B582B000AF0346FB71FB79012B07D1002001F0E5FA064B74
:206A60001B6A184600F07AF8012001F0DDFA00BF0837BD4680BD00BF00E0014080B483B063
:206A800000AF78601A4B1B68B3F5004F01D0002327E0184B93F83630DBB2002B17D0154B42
:206AA00093F83830DBB2002B11D0124B93F83230DBB2002B0BD00F4B93F82A30DBB2002B76
:206AC00005D00C4B93F84A30DBB2002B01D1002307E07B6803F0EE43002B01D0002300E0EB
:206AE000012318460C37BD465DF8047B704700BFD447002000E0014080B485B000AF786038
:206B00000B46FB70FB78002B0BD07B68FB60FB6803F0443323F480030E4A934201D000237A
:206B200011E00D4B93F82A30DBB2002B05D10A4B93F84A30DBB2002B01D0012300E000238F
:206B400003F00103DBB218461437BD465DF8047B704700BF4444044400E0014080B584B061
:206B600000AF7860104B93F84030FB737868FFF785FF0346002B03D0042000F033FF0FE0F4
:206B8000FB7B19467868FFF7B7FF0346002B07D0064B1B68064A934202D8032000F022FF42
:206BA00000BF1037BD4680BD00E00140D447002040420F0080B483B000AF0346FB71FB7963
:206BC000074A52F823301B78DBB2002B0CBF01230023DBB218460C37BD465DF8047B7047AE
:206BE000C086000080B487B000AF03460A46FB711346BB7116237B61FB7901229A407B6941
:206C00001340002B01D0012312E00C4B93F83C30DBB23B61FB793A6922FA03F303F0010378
:206C2000FB60BB79FA689A420CBF01230023DBB218461C37BD465DF8047B704700E0014088
:206C400080B483B000AF03460A46FB711346BB71FB790A4A52F82330BA791A70FB79074AAD
:206C600052F823301B78DBB2BA799A42F6D100BF00BF0C37BD465DF8047B7047C0860000EC
:206C800080B489B000AFF8600B467A60FB72114BFB61FB681B78002B01D10E4BFB61FB6825
:206CA0005B880133FA6902FB03F35B08BB61FB685B7801337B61BA697B69B2FBF3F33B616C
:206CC0007B683A691A60002318462437BD465DF8047B7047002D310180B487B000AF7860F9
:206CE0000023FB827B681B78002B01D10123FB827B685B88BB827B685B787B82BB8A1B02C8
:206D000003F47C52FB8A1B011A437B8A1343FB60FB6818461C37BD465DF8047B7047FFFF5A
:206D200080B588B000AFF8607A603B600B46FB72F868FFF7D1FFB861FB7A052B02D1154B95
:206D4000FB6101E0144BFB61FB691B889BB21A46BB69934209D0FB7A1846FFF72BFF034679
:206D6000002B02D040F291130FE0FB7A7A681946F868FFF785FF78617B69002B01D07B6924
:206D800003E03B68BA691A60002318462037BD4680BD00BF28E0014048E0014080B584B0DE
:206DA00000AFF8607A603B600B46FB72FB7A052B04D1094B3A6892B21A8504E0064B3A686F
:206DC00092B2A3F84820FB7A7968184600F044FE00BF1037BD4680BD00E0014080B483B0B8
:206DE00000AF0346FB7197F90730002B0CDBFB7903F01F02074997F907305B09012000FA38
:206E000002F2403341F8232000BF0C37BD465DF8047B704700E100E080B483B000AFEFF346
:206E200003837B607B683B603B88C3F308039BB2DBB2103BDBB25BB218460C37BD465DF837
:206E4000047B704780B483B000AF03463960FB7197F9073004493A6841F8232000BF0C3764
:206E6000BD465DF8047B70474C46002080B483B000AF0346FB7197F90730044A52F8233055
:206E800018460C37BD465DF8047B70474C46002080B483B000AF0346FB710B4997F907302B
:206EA00003F1C00251F8223023F4803341F82230054A97F90730C03352F8233000BF0C3784
:206EC000BD465DF8047B70470060004080B584B000AF0346FB7197F907301846FFF7D8FFC5
:206EE000BFF35F8F00BF97F90730FB60FB6803F01F02074997F907305B09012000FA02F210
:206F0000603341F8232000BF1037BD4680BD00BF00E100E080B584B000AF0346B9607A6048
:206F2000FB73BB68DAB2094997F90F301201D2B20B4483F8002397F90F3079681846FFF78B
:206F400081FF00BF1037BD4680BD00BF00E100E080B485B000AF0346FB7197F90730FB60FC
:206F6000FB6803F01F020749FB685B09012000FA02F241F8232000BF1437BD465DF8047B17
:206F8000704700BF00E100E080B582B000AF0346FB7197F907301846FFF798FF97F9073076
:206FA0001846FFF7D5FF00BF0837BD4680BDFFFF80B485B000AF0346FB7197F90730FB607E
:206FC000FB6803F01F020B4997F907305B09012000FA02F2203341F82320BFF34F8F00BF8E
:206FE000BFF36F8F00BF00BF1437BD465DF8047B704700BF00E100E080B584B000AF0346A9
:20700000B9607A60FB7397F90F307A68B9681846FFF780FF97F90F301846FFF7B5FF00BFD4
:207020001037BD4680BDFFFF80B590B000AF786039607B68BB6200237B623B681B693B6272
:207040003B681B6803F58023A8331B03FB61BB6AFA695A600023BB61EFF310833B613B69E4
:20706000BB610123FB60FB6883F3108800BF8F4B5A683B681B68C3F10203012101FA03F3B7
:20708000DB438A4913404B60884B5B68BB69BB60BB6883F3108800BFBB6A3A681A603B6858
:2070A0009A68BB6ADA613B68DA68BB6A5A62BB6A00221A623B6A1A78BB6A1A7600220121B5
:2070C000B86A00F0E3FB3B6A1B7B1BB25B001AB23B6A1B7D1BB2DB001BB213431BB243F485
:2070E000E0731BB29AB2FB69A3F840283B685B687B617B691B68013B1A046D4B13407A69CC
:207100005268013A12071A437B699B68013B1B021A437B69DB68013B1B031343BA6A127EDC
:207120001A43FB69C3F8442800220221B86A00F0ADFBFB69802283F85028FB6903F50073A0
:207140004FF400720021184601F0A4F80023FB632CE03B6A9A68FB6BDB0013449B79002B63
:2071600016D13B6A1B69FA6B9A4211D2FB6B20331B01FA69D1183B6A9A68FB6BDB0013447B
:207180001A46386A00F056F9402387F83B3002E0002387F83B30FA69FB6B134403F50263F5
:2071A00097F83B201A70FB6B0133FB63FB6B1F2BCFD900237B6300233B632BE03B6A5A68D7
:2071C0003B6B9B0013441B686FF0604293421ED23B6A5A683B6B9B0013441B68FB623B6A4A
:2071E0001B7B002B04D1FB6A9A04324B1340FB62FB693A6B02F58072F96A43F822103B6B61
:207200009B000F2202FA03F37A6B13437B633B6B01333B633B6A1B699B083A6B9A42CDD332
:207220007B6BDA43FB69C3F8282400220021B86A00F02CFBFA69B2F8403843F02003A2F8EF
:207240004038FB69B3F84038C3F34013DBB2002BF7D13B6893F915003B681B7DBA6A1946A4
:20726000FFF7CAFE3B6893F916003B681B7DBA6A1946FFF7C1FE3B6893F917003B681B7D17
:20728000BA6A1946FFF7B8FEFB693E2283F84C28FB694FF0FF32C3F82C24BB6A064A9A60BE
:2072A0007B6A18464037BD4680BD00BF004008400000FF030000FC1F4E41435280B588B0DF
:2072C00000AF78607B68FB61FB6900229A60FB691B6893F915301846FFF76AFEFB691B680D
:2072E00093F916301846FFF763FEFB691B6893F917301846FFF75CFEFB695B68BB61BB6938
:20730000002283F84C28BB690022C3F82C2400237B61EFF31083BB60BB687B610123FB60FE
:20732000FB6883F3108800BF0C4B5A68FB691B681B68C3F10203012101FA03F30749134328
:207340004B60064B5B687B693B613B6983F3108800BF002318462037BD4680BD00400840DD
:2073600080B58AB000AFF860B9607A60FB68BB61BB691B681B697B61BB695B683B613A69F8
:20738000BB68134403F502631B78C3F3C013DBB2002B02D04EF663233AE0BB6820331B01FA
:2073A0003A6913447A681946786900F043F87B689B7903F00F03D9B23A69BB6820331B01CA
:2073C0001A44938861F3030393807B689B797B62BB6820331B013A69134406333B627B68AE
:2073E0000C33FB6107E0FA69531CFB613B6A591C396212781A707B6A5A1E7A62002BF2D1ED
:207400003A69BB68134403F5026380221A70002318462837BD4680BD80B485B000AFF86036
:20742000B9607A60062318461437BD465DF8047B7047FFFF80B489B000AFF860B9607A6094
:20744000FB681B7BFB750023FB61FB7D002B06D0FB7D022B0AD17B681B79002B06D17B68EF
:207460001B689A04114B1340BB610EE0FB7D022B06D17B681B79012B02D14FF00043FB6162
:207480007B681B6823F06043BB617B685B799B073B61FA693B691A43BB691A43BB681A603D
:2074A00000BF2437BD465DF8047B70470000FC1F80B489B000AFF860B9607A60FB685B687C
:2074C000BB61BA69BB6820331B0113441B687B617B699B0F03F00103DAB27B685A71FB6803
:2074E0001B681B693B613B691B7BB969BA68203212010A441268C2F3C072D2B21343DBB2F0
:2075000003F00103DAB27B681A717B681B79002B06D17B699B0CC3F30A027B681A6004E073
:207520007B6923F060427B681A60BA69BB6820331B0113449B88C3F30303DBB21A467B689A
:207540009A717B689B79082B02D97B6808229A710023FB6112E0BA69BB681B011A44FB696E
:20756000134403F206231B78D9B27A68FB6913440C330A461A70FB690133FB617B689B79D7
:207580001A46FB699342E6D3BA69BB68134403F5026344221A707B6800229A6000BF243796
:2075A000BD465DF8047B7047B0B58EB000AF786039607B681B6A7B637B6B002B02D13B68AD
:2075C0007B6317E07B6B07F10C041D460FCD0FC40FCD0FC495E8030084E803007A6B3B68B0
:2075E00014461D460FCD0FC40FCD0FC495E8030084E803007B68DB69786B98477B681B6A30
:20760000002B0CD07B681B6A1D4607F10C040FCC0FC50FCC0FC594E8030085E8030000BF84
:207620003837BD46B0BD80B590B000AFFFF7F4FB03461846FFF72CFCFFF7EEFB034687F8F6
:207640003B3097F93B301846FFF710FC78633B4628220021184600F01DFE0023FB637B6BCD
:207660005B683B633B6B93F84D38DBB2BB803B6B002283F84D283B6BB3F84238C3F30013DF
:20768000DBB2002B22D0BB8843F020039BB2BB803B6B93F8533887F82F303B6B022283F840
:2076A00053283B6B93F85238C3F30403DBB2FB633B6B97F82F2083F853283A6BFB6B134410
:2076C00003F50262137823F0040313707B6B1B681B683B607B6B5B6A3B61FB6BFB603B4616
:2076E0001946786BFFF760FF7B6B1B681B69BB623B6BB3F84238C3F30013DBB2002B0AD0C3
:20770000BB6A1B7D002B06D07B6B1B6893F915301846FFF763FB00BF4037BD4680BD80B514
:2077200090B000AFFFF778FB03461846FFF7B0FBFFF772FB034687F83F3097F93F301846B2
:20774000FFF794FBB8634FF480633B81BB6B5B687B637B6B93F8533887F833307B6B0022FA
:2077600083F853287B6B93F85238C3F30403DBB2FB627B6B97F8332083F853283B1D143314
:207780001A46F96AB86BFFF793FEFB6A3B61BB6B1B681B687B60BB6B5B6A7B613B1D1946F6
:2077A000B86BFFF701FF7B6BB3F84238C3F30003DBB2002B04D097F93F301846FFF70EFB04
:2077C00000BF4037BD4680BD80B590B000AFFFF723FB03461846FFF75BFBFFF71DFB0346B1
:2077E00087F83F3097F93F301846FFF73FFBB86300233B81BB6B5B687B637B6B93F8533851
:2078000087F833307B6B012283F853287B6B93F85238C3F30403DBB2FB627B6B97F833201D
:2078200083F853287A6BFB6A134403F5026300221A707A6BFB6A134403F5026300221A70FE
:20784000FB6A3B613B8943F400639BB23B81BB6B1B681B687B60BB6B5B6A7B613B1D19463B
:20786000B86BFFF7A1FE7B6BB3F84238C3F34003DBB2002B06D0BB6B1B6893F917301846E4
:20788000FFF7ACFA00BF4037BD4680BD80B584B000AF78600B46FB701346BB707B685B6800
:2078A000FB607B685B7BBA789A420DD00221786800F032F8FB68BA7883F858287B68BA7807
:2078C0005A737B6802221A737B681B7BFA789A421ED0FB78052B13D10221786800F01CF804
:2078E000FA68B2F8403843F48063A2F84038FB68B3F84238C3F38023DBB2012BF7D104E092
:20790000FB781946786800F007F87B68FA781A7300BF1037BD4680BD80B485B000AF7860AE
:207920000B46FB707B685B68FB60FA68B2F8403823F48063A2F84038FB7803F00303D9B203
:20794000FA68B2F8403861F30923A2F84038FB68B3F842389BB203F4E062FB781B029A4297
:20796000F5D100BF00BF1437BD465DF8047B704780B400AF094B0122A3F80421074BB3F8D3
:2079800004319BB2002BF9D1044B0122A3F8002100BFBD465DF8047B704700BF00C0014035
:2079A00080B483B000AF0346FB710D4B93F8A030C3F30013DBB2002BF7D1094AFB7982F8BF
:2079C000A030074B93F8A030C3F30013DBB2002BF7D100BF00BF0C37BD465DF8047B704792
:2079E00000E0014080B582B000AF0346FB71FB79042B14D1174B93F8AA30C3F30013DBB2F6
:207A0000002BF7D1134B012283F8AA20114B93F8AA30C3F30013DBB2002BF7D115E00D4B56
:207A200093F8AA30C3F30013DBB2002BF7D1094B002283F8AA20074B93F8AA30DBB2002B6E
:207A4000F9D1FB791846FFF7ABFF00BF0837BD4680BD00BF00E0014080B483B000AF7860DE
:207A600039607B68052B04D13B681B68064A536103E03B681B68044A936100BF0C37BD460B
:207A80005DF8047B704700BFAC08002080B483B000AF0D4B93F82630DBB27B600A4B1B6A37
:207AA0001B0E03F007033B60084A7B6852F823203B6822FA03F3064A136000BF0C37BD46C6
:207AC0005DF8047B704700BF00E00140AC080020D447002080B500AF0B4B012283F81C2117
:207AE0000A4B0B4A1A62094B052283F82620FFF7CDFF084BF1221A73064B00221A72054B20
:207B0000F0221A7300BF80BD00C0014000E00140111202200020004080B500AF0B4B0C4A73
:207B20001A600A4B0B4A5A60084B4FF400429A60064B074ADA60054B4FF400421A61034B1B
:207B4000054A5A61FFF7A2FF00BF80BDAC080020002D310100127A0000E1F50580B500AF0A
:207B60001B4B4AF20352A3F8FE23FFF701FFFFF7D3FF174B002283F81324154B092283F858
:207B8000A22000F031F8124B002283F83620104B93F83C30C3F30003DBB2012BF7D10C4BD7
:207BA00041F211321A850A4B002283F82A20084B93F83C30C3F34013DBB2012BF7D1FFF7AA
:207BC00089FF034B4FF42542A3F8FE2300BF80BD00E0014080B483B000AF786000BF0C375C
:207BE000BD465DF8047B704780B500AF184B93F88034DBB2002B07D1154B93F88134C3F38B
:207C00000103DBB2002B1CD0114B93F88034DBB2002B0DD10E4B012283F880240121C820E6
:207C200000F080F80A4B93F88034DBB2012BF9D1074B002283F88124054B002283F88024A0
:207C400004E04FF47A70FFF7C5FF00BF00BF80BD00E0014080B582B000AF2B4B002283F854
:207C600028200121C82000F05DF8274B002283F82420254B93F82430DBB2002BF9D1224ADD
:207C800092F8243043F0020382F824301E4B93F82430C3F34003DBB2002BF7D11A4B0022B8
:207CA00083F82220184B93F82230DBB2002BF9D10023FB7116E01449FB7903F1200211F8D0
:207CC000123023F0800301F812300F4AFB79203312F81330C3F3C013DBB2002BF5D1FB79A9
:207CE0000133FB71FB79002BE5D0012000F0ECF9064B002283F8BB24012000F095F900BF6F
:207D00000837BD4680BD00BF0030084000E0014080B483B000AF786000BF0C37BD465DF844
:207D2000047B70472DE9B04F90B000AFF861B9610023FB63FB69BA6902FB03F3BB63504BE2
:207D40001B687B634F4A7B6BB2FBF3F33B63BB6B00223B617A61D7E904234FF000004FF0EE
:207D60000001590141EAD261500102460B463969B2EB0108796963EB01094FF000024FF05E
:207D800000034FEA890343EA98734FEA880290469946D7E904120B4618EB03033B60134647
:207DA00049EB03037B604FF000024FF00003D7E900894946CB00414643EA51734146CA00BF
:207DC000C7E90A23D7E90A23012B08D2BA6A3B6BB2FBF3F37B627B6A9B08FB6344E03B6BE9
:207DE0009B00BA6BB2FBF3F3BB63BB6B0022BB60FA60D7E9028942464B464FF000004FF073
:207E00000001590141EAD261500102460B464146541A494663EB01054FF000024FF0000364
:207E2000AB0043EA9473A20014461D46434614EB030A4B4645EB030B4FF000024FF000031D
:207E40004FEACB0343EA5A734FEACA0292469B46C7E90AABD7E90A23012B02D2BB6AFB638E
:207E600002E04FF0FF33FB63FB6B002B02D0F86B00F00AF800BF4037BD46BDE8B08F00BFBD
:207E8000D447002000CA9A3BA0F101000028FBD1704700BF80B582B000AF0346FB71FB79CD
:207EA000074A52F82330002B06D0FB79044A52F82330FA791046984700BF0837BD4680BD8E
:207EC0000846002080B582B000AF144BB3F82031BB80124BB3F840319AB2BB8813407B8032
:207EE0000023FB710EE07A88FB7922FA03F303F00103002B03D0FB791846FFF7CBFFFB7982
:207F00000133FB71FB790F2BEDD9044A7B88A2F8303100BF0837BD4680BD00BF0060004064
:207F200080B58AB000AF032000F0CEF8394B6FF0FF029A643B1D0C22FF21184600F0AAF9D1
:207F400000237B6221E0344A7B6A32F81330002B18D07B6A5B097B617B6A03F01F033B6182
:207F60007B699B0028333B4453F8242C01213B6901FA03F3DB431A407B699B0028333B4485
:207F800043F8242C7B6A01337B627B6A5F2BDAD9224BBB6100233B6218E03B6A9B00BA699A
:207FA0001A443B6A9B0028333B4453F8243C13601B493B6A9B0028333B4453F8242C3B6A6D
:207FC000A03341F823203B6A01333B623B6A022BE3D9032000F028F80023FB6112E00E4A52
:207FE000FB6932F81330002B09D00B4AFB6932F813300C4A1946FB69C03342F82310FB69A9
:208000000133FB61FB695F2BE9D900BF00BF2837BD4680BD008000407C8500007080004012
:2080200000E100E00060004080B487B000AF0346FB7100237B61EFF31083FB60FB687B6102
:2080400001233B613B6983F3108800BFFB791A4A32F813309BB2002B09D0FB79164A32F85B
:20806000132092B2013A91B2134A22F81310FB79114A32F813309BB2002B11D10F4BB3F8D6
:20808000FE339AB20E4B13439AB2FB790D4931F81330DB439BB2094913409BB2A1F8FE330B
:2080A0007B69BB60BB6883F3108800BF00BF1C37BD465DF8047B7047CC47002000E00140DD
:2080C00000A5FFFFDC86000080B487B000AF0346FB7100237B61EFF31083FB60FB687B61BE
:2080E00001233B613B6983F3108800BFFB79164A32F813309BB2002B0FD1144BB3F8FE337B
:208100009AB2FB79124931F8133013439AB20F49104B13439BB2A1F8FE33FB790A4A32F824
:20812000132092B2013291B2074A22F813107B69BB60BB6883F3108800BF00BF1C37BD46C0
:208140005DF8047B704700BFCC47002000E00140DC86000000A5FFFF80B500AF00F00CF8A4
:20816000FBF750FA00BFFDE780B400AF00BE00BFBD465DF8047B704780B584B000AF3A4B95
:208180004FF47002C3F88820374B384A9A600020FBF724FAFFF7E2FC0120FBF71FFA334B1B
:2081A0001B68A3F580633B603B6883F30A8800BF2F4A304BD31A1A4600212E4800F06AF892
:2081C0002D4A2E4BD31A1A462D492C4800F06AF82C4A2D4BD31A9B107B600023FB6007E060
:2081E000294AFB6852F823309847FB680133FB60FA687B689A42F3DBFFF748FCFFF72AFDF5
:208200000320FFF761FF0023BB6009E01F4ABB6808334FF6FF7122F81310BB680133BB6093
:20822000BB68052BF2D90320FFF7FEFE0320FFF74BFF174B00225A60154B00229A60144B8F
:208240000022DA60124B00221A610320FFF7ECFE0220FBF7C3F9FFF763FE0020FFF758FD33
:2082600000BF1037BD4680BD00ED00E000000000D8470020C8080020AC08002000000020C8
:20828000E8860000A8080020A4080020000D084000000E4002440346934200D1704703F84A
:2082A000011BF9E70A44431E914200D1704710B511F8014B914203F8014FF9D110BDFFFFEB
:2082C00000000305352E332E300000004275696C7420776974682052656E65736173204174
:2082E0006476616E63656420466C657869626C6520536F667477617265205061636B61678C
:20830000652076657273696F6E20352E332E3000F8B500BFF8BC08BC9E467047F8B500BFD3
:20832000F8BC08BC9E4670475FF800F0790000205FF800F0810600205FF800F001000020F4
:208340005FF800F0B50100205FF800F0290200205FF800F0190300205FF800F089040020F7
:208360005FF800F0ED040020010C00030400030300040000010700FF000000000000000080
:208380000000000000000000000000000000000000000000000000000000000000000000DD
:2083A000000000000000FFFFDFDF0000000000000000000000000000000000000000000001
:2083C00000000000404B4C0000000000A025260001021100D10A00000000000084830000E5
:2083E00000000000000000000000000000000000010D010E20450020E0830000848600006E
:20840000060803030101000000000000000000000000000000000000000000010000000045
:2084200000090A0B0C03030303000000010000000000000000000000450A000000000000B6
:208440001484000000010000580700200F00FFFF00000000FFFF00000002000001050106EA
:208460000107010800000000000000009D0C00000000000044840000000000006C070020E7
:208480008C0700200000000020000000000000000000000000000000000000005C07002086
:2084A000190300000000000078840000020001020000010400010000000001040101000092
:2084C000040000000601000004000000070100000000010008010000000401060901000066
:2084E000000401060A010000000001060B010000050000000C010000040000000D0100002F
:20850000000001030502000004000000060200000400000007020000050000000802000028
:20852000000001000C020000000001000D020000000001000003000004000000030300000E
:208540000400000004030000050000000004000000000110010400000000011002040000DA
:208560000400000007040000040000000005000018000000B084000000000000A100A40052
:20858000A500A200A3008001810182018301C401C501C801C70131003000EA000400CF00AD
:2085A0000000000000000000000000000000000000000000000000000000000000000000BB
:2085C00000000000000000000000000000000000000000000000000000000000000000009B
:2085E00000000000000000000000000000000000000000000000000000000000000000007B
:2086000000000000000000000000000000000000000000000000000000000000000000005A
:2086200000000000000000000000000000000000000000000000000000000000FFFF00FF3D
:20864000010203FF020403040404FFFF00000000FFFF000000200000800000000000010063
:20866000FFFF07000080000080000000020000004C86000000000008FF1F000840000000B3
:2086800004000000B55F000055600000AB6000002B610000D5620000116300009D610000CD
:2086A0000162000027620000D961000049620000B76200006562000095620000756300003A
:2086C00036E0014038E0014090E4014032E0014080E401402AE001404AE001400100020084
:2086E000080010000000000080B584B000AF0023FB6000237B60194BB3F884309BB23B6023
:208700004FF49643BB60154B4FF42A42A3F8842008E0BB68002B02D14FF4FA73FB60BB689D
:20872000013BBB600D4BB3F884309BB2002BF0D13B68012B06D1094B4DF60112A3F84420A3
:2087400000F066FB7B6840F2F512934201D17B68FB60FB6818461037BD4680BD00E07F40E0
:2087600080B584B000AF78607B685B681B78002B0DD07B685B6893F91130184600F04CFBC0
:208780007B685B6893F91330184600F045FB124BB3F884309BB2002B02D1786800F040FBC4
:2087A00000F01CF8F86000F049F8B860FB68002B01D1BB68FB60FFF797FFB860FB68002B04
:2087C00001D1BB68FB607B68002283F83420FB6818461037BD4680BD00E07F4080B483B027
:2087E00000AF4FF496437B60124BB3221A7007E07B68002B01D1142315E07B68013B7B602A
:208800000D4BD3F88030C3F3C033DBB2012BEFD1094B1B7CC3F30013DBB2002B02D040F2F3
:20882000F51300E0002318460C37BD465DF8047B704700BF00007E4000E07F4080B483B07B
:2088400000AF4FF496437B60124B50221A7007E07B68002B01D1142315E07B68013B7B602C
:208860000D4BD3F88030C3F3C033DBB2012BEFD1094B1B7CC3F30013DBB2002B02D040F293
:20888000F51300E0002318460C37BD465DF8047B704700BF00007E4000E07F4080B485B019
:2088A00000AFF860B9607A60174AFB689B6A1363164B20221A70154BD0221A70FB689A6A0F
:2088C000BB681A44FB689A62FB681B6B5A1EFB681A637B68002B10D007E07B68002B01D1C2
:2088E00014230BE07B68013B7B60074BD3F88030C3F3C033DBB2012BEFD1002318461437A1
:20890000BD465DF8047B704700E07F4000007E4080B586B000AFF860B9607A607B68002BF9
:2089200006D1FB685B6893F91130184600F074FA314AFB68DB6A1363304BE8221A70BB68E6
:208940005A082E4BD2B21A7000237B612AE0FB681B693B61FB689B6A1A46284B12881A8033
:2089600006E03B695A1E3A61002B01D114233EE0214BD3F88030C3F38023DBB2012BF0D04F
:20898000FB689B6A9A1CFB689A62FB68DB6A9A1CFB68DA62FB681B6B5A1EFB681A637B6938
:2089A00001337B61BB685B087A699A42CFD3134BD0221A707B68002B11D007E07B68002B02
:2089C00001D1142313E07B68013B7B600A4BD3F88030C3F3C033DBB2012BEFD106E0FB6866
:2089E0005B6893F91130184600F01EFA002318461837BD4680BD00BF00E07F4000007E4055
:208A000080B586B000AFF860B9607A6000237B61174B1B7CC3F30013DBB2012B0FD1144B38
:208A2000D3F88030C3F38033DBB2012B04D1104B1B7C0F4B00221A7440F2F5137B610C4B5B
:208A4000D3F88020BB681340002B01D07B687B61FB68002B01D0FB687B617B69002B01D0FC
:208A6000FFF7BCFE7B6918461837BD4680BD00BF00E07F4080B485B000AF786039607B68AB
:208A80009B69BB60194A3B681363194B40221A70174B08221A700023FB6008E0144A1549B3
:208AA000FB6831F813301380FB680133FB60FB68072BF3D90E4BD0221A7007E0BB68002BF7
:208AC00001D114230BE0BB68013BBB60074BD3F88030C3F3C033DBB2012BEFD100231846B8
:208AE0001437BD465DF8047B704700BF00E07F4000007E408C08002080B485B000AFF8605D
:208B0000B9607A60194B4FF6FF721A80174B4FF6FF725A807B689AB2FB689BB2DB039BB2B2
:208B200013439BB243F4F0439AB2104BDA80BB689BB26FEA43536FEA53539AB20B4B9A800D
:208B40000A4B4FF6FF721A81084B4FF6FF725A81064B4FF6FF729A81044B4FF6FF72DA8109
:208B600000BF1437BD465DF8047B70478C08002080B584B000AF78600023FB60786800F06B
:208B80007BF8F860FB68002B10D0FB681EE07B689B681A4680217868FFF7BAFEF860182234
:208BA0004FF4A041F868FFF72BFFF8607B681B6B002B02D0FB68002BE9D0FFF795FDB8606C
:208BC000FB68002B01D1BB68FB60FB6818461037BD4680BD80B588B000AFF860B9607A6008
:208BE0000023FB61FB68BA689A62FB687A681A63F86800F041F8F861FB69002B01D0FB690D
:208C000033E01C4B0122A3F8E0201EE0FB689B6AB3F5803F06D2FB68DB69BB614FF400531E
:208C20007B6105E0FB681B6ABB614FF400437B61BA697969F868FFF731FEF86119224FF4AC
:208C4000C041F869FFF7DCFEF861FB681B6B002B02D0FB69002BD9D0FFF746FD3861FB6935
:208C6000002B01D13B69FB61FB6918462037BD4680BD00BF00E07F4080B584B000AF786050
:208C80000023FB604FF49643BB607B685B681B78002B0DD07B685B6893F91130184600F01D
:208CA000BBF87B685B6893F91330184600F0B4F80F4B4FF45942A3F844200D4B4AF60122A0
:208CC000A3F8842008E0BB68002B02D14FF4FA7309E0BB68013BBB60054BB3F884309BB23D
:208CE000012BF0D1FB6818461037BD4680BD00BF00E07F4080B588B000AFF860B9607A607A
:208D0000174BD3F8DC30C3F3C073DBB2BB61F868FFF7B2FFF861FB69002B01D0FB691BE069
:208D2000BB68590B7B685B0B1A46B869FFF7E4FE0C49F868FFF79EFEF86118220021F869AE
:208D4000FFF75EFEF861FFF7CFFC7861FB69002B01D17B69FB61FB6918462037BD4680BDD4
:208D600000E07F4030A1000180B584B000AF78600B46FB701346BB707868FFF77DFFF860A8
:208D8000FB68002B01D0FB6832E0BB78002B08D0FB789BB2184A43F4CC439BB2A2F8E83062
:208DA0001DE01022FF21154800F02EF8FB789BB203F001039BB2002B02D14FF6FF7201E058
:208DC00047F6FF720D4BDA800D497868FFF752FEF86018220021F868FFF712FEF860FFF750
:208DE00083FCB860FB68002B01D1BB68FB60FB6818461037BD4680BD00E07F408C08002063
:208E000030A10001000000005FF800F0958200005FF800F0A15D00005FF800F03D5F0000FA
:208E20005FF800F0CD6800005FF800F0DD5E0000010000000010000000100000000004000F
:208E40004000020005000000060000000300000003000000FFFFFF1FFFFFFF1F0000000087
:208E600000000000000000000000000000000000000000000000000000000100FA070000F0
:208E800000000000FB07000000000000FC07000000000000000000000000010000000000CC
:208EA0000000010000000000000001000000000000000100000000000000000000000000AF
:208EC000000000000000000000000000000000000000000000000000000000000000000092
:208EE000000000000000000000000000000000000000000000000000000000000000000072
:208F0000000000000000000000000000000000000000000000000000000000000000000051
:208F2000000000000000000000000000000000000000000000000000000000000000000031
:208F4000000000000000000000000000000000000000000000000000000000000000000011
:208F60000000000000000000000000000000000000000000FFFF00000000000000000000F3
:148F80000000000001000000748600002D02000005020000AC
:020000040001F9
:20000000F0F400204930010061360100459B020059300100593001005930010059300100C0
:20002000000000000000000000000000BDA001005930010000000000F9A0010069A1010033
:20004000834801007B490100254A01007B490100254A0100FF8501009F8501007D860100BC
:20006000C5860100579C0100A39C0100219D0100B99D0100138F01003B8E0100DF8F01000E
:2000800037900100F55F0100595F01005D6B01005D6B01000D7D0100756C0100756C0100A9
:2000A000000000000000000000000000000000000000000000000000000000000000000040
:2000C000000000000000000000000000000000000000000000000000000000000000000020
:2000E000000000000000000000000000000000000000000000000000000000000000000000
:200100000000000000000000000000000000000000000000000000000000000000000000DF
:200120000000000000000000000000000000000000000000000000000000000000000000BF
:2001400000000000000000000000000000000000000000000000000000000000000000009F
:2001600000000000000000000000000000000000000000000000000000000000000000007F
:2001800000000000000000000000000000000000000000000000000000000000000000005F
:2001A00000000000000000000000000000000000000000000000000000000000000000003F
:2001C00080B483B000AF78607B6803F108027B685A607B684FF0FF329A607B6803F1080285
:2001E0007B68DA607B6803F108027B681A617B6800221A6000BF0C37BD465DF8047B704794
:2002000080B483B000AF78607B6800221A6100BF0C37BD465DF8047B704780B485B000AFC8
:20022000786039603B681B68BB60BB68B3F1FF3F03D17B681B69FB600CE07B680833FB600C
:2002400002E0FB685B68FB60FB685B681B68BA689A42F6D2FB685A683B685A603B685B68E4
:200260003A689A603B68FA689A60FB683A685A603B687A681A617B681B685A1C7B681A60EB
:2002800000BF1437BD465DF8047B704780B485B000AF78607B681B69FB607B685B687A688C
:2002A00092689A607B689B687A6852685A60FB685B687A689A4203D17B689A68FB685A6054
:2002C0007B6800221A61FB681B685A1EFB681A60FB681B6818461437BD465DF8047B704746
:2002E00080B588B000AF786000237B617B68002B22D00823DB437A689A421BD808227B6804
:2003000013447B607B6803F00703002B14D07B6803F00703C3F108033B613B69DB437A68DD
:200320009A4204D87A683B6913447B6004E000237B6001E000237B6001F0D6FB624B1B689A
:20034000002B01D100F048F97B68002BC0F2A9807B68002B00F0A5805C4B1B687A689A427B
:2003600000F29F805A4BBB61594B1B68FB61FB69584A934203D3FB69574A934218D9574B0A
:20038000574AF521574803F091F8FB69BB61FB691B68FB61FB694F4A934203D3FB694E4A24
:2003A000934205D94D4B4E4AFB214E4803F07EF8FB695B687A689A4203D9FB691B68002B6C
:2003C000E3D1414B1B68FA699A426AD0BB691B68082213447B617B693E4A934203D37B69E2
:2003E0003D4A934206D9404B3D4A40F205113D4803F05CF8FB691A68BB691A60FB695B68F1
:200400007A689A4206D9394B354A40F20D11354803F04CF8FB695A687B68D21A08235B00BD
:200420009A421FD9FA697B681344FB60FB6803F00703002B06D02E4B294A4FF48B712948F3
:2004400003F034F8FB695A687B68D21AFB685A60FB697A685A60BB691A68FB681A60BB69C4
:20046000FA681A60194B1A68FB695B68D31A174A1360164B1A681F4B1B689A4203D2134BF3
:200480001B681C4A1360FB695B6843F00042FB695A60FB6900221A60174B1B680133164ACD
:2004A000136001F02FFB7B6903F00703002B06D0124B0B4A40F257110A4802F0F7FF7B6962
:2004C00018462037BD4680BD30AB002034AB002028AB0020280B002027AB002070BB0200C8
:2004E00028BF0200E4BB02008CBC020000BD020034BD020038AB00203CAB002068BD020045
:2005000080B584B000AF78607B68FB607B68002B4CD008235B42FA681344FB60FB68BB6029
:20052000BB68244A934203D3BB68234A934206D9224B234A4FF4B571224802F0B7FFBB68C3
:200540005B68002B06DB204B1D4A40F26B111D4802F0ACFFBB681B68002B06D01B4B184ADB
:200560004FF4B671174802F0A1FFBB685B68002B1CDABB681B68002B18D1BB685B6823F066
:200580000042BB685A6001F0AFFABB685A68104B1B6813440E4A1360B86800F077F80D4BE6
:2005A0001B6801330B4A136001F0ACFA00BF1037BD4680BD280B002027AB0020A4BD020037
:2005C00038BF0200E4BB020014BE020088BE020034AB002040AB002080B485B000AF4FF400
:2005E0002043BB60244BFB60FB6803F00703002B0CD0FB680733FB60FB6823F00703FB6079
:20060000BA68FB68D31A1C4A1344BB60FB681B4A13601A4B00225A60FA68BB6813447B605D
:2006200008227B689B1A7B607B6823F007037B607B68134A1360124B1B6800225A60104B78
:200640001B6800221A60FB683B603B687A68D21A3B685A600A4B1A683B681A603B685B6855
:20066000084A13603B685B68074A136000BF1437BD465DF8047B7047280B002028AB0020AD
:2006800030AB002038AB002034AB002080B584B000AF7860304BFB6002E0FB681B68FB6074
:2006A000FB681B687A689A42F7D8FB682A4A93420ED0FB68294A934203D3FB68284A934212
:2006C00006D9284B284A4FF4FD71284802F0EEFEFB68BB60FB685B68BA6813447A689A427C
:2006E00008D1FB685A687B685B681A44FB685A60FB687B607B68BB607B685B68BA681A4479
:20070000FB681B689A4218D1FB681A68184B1B689A420DD07B685A68FB681B685B681A44FE
:200720007B685A60FB681B681A687B681A6008E00F4B1A687B681A6003E0FB681A687B688B
:200740001A60FA687B689A4202D0FB687A681A6000BF1037BD4680BD28AB0020280B0020E1
:2007600027AB0020B0BE020044BF0200E4BB020030AB002080B584B000AF786039600123C9
:20078000FB607B68BB60BB68002B06D13C4B3D4A40F237113C4802F089FEBB68002B5ED0DA
:2007A000BB68DB6B002B5AD0BB681A6CBB68DB6B0021A3FB0223002B00D001210B46002BEC
:2007C0004DD109F077FDBB681A68BB68DB6BB968096C01FB03F31A44BB689A60BB68002238
:2007E0009A63BB681A68BB685A60BB681A68BB68DB6B013BB968096C01FB03F31A44BB6827
:20080000DA60BB68FF2283F84420BB68FF2283F845203B68002B15D1BB681B69002B1BD0E6
:20082000BB681033184601F07DFC0346002B13D0164B4FF080525A60BFF34F8F00BFBFF306
:200840006F8F09E0BB6810331846FFF7B9FCBB6824331846FFF7B4FC09F064FD01E0002366
:20086000FB60FB68002B06D1094B064A4FF4B671054802F01BFEFB6818461037BD4680BD0A
:2008800060BF02003CC3020068BF020000ED00E0FCBF020080B58AB002AFF860B960134699
:2008A000FB710023FB61FB68002B2ED00021BA68FB68A3FB0223002B00D001210B46002BBF
:2008C00023D1FB68BA6802FB03F313F14D0F1CD8FB68BA6802FB03F3BB61BB694C331846C3
:2008E000FFF7FEFCF861FB69002B18D0FB697B617B694C337B61FA79FB69009313467A6913
:20090000B968F86800F016F809E0FB69002B06D1054B064A40F22A21054802F0C7FDFB6985
:2009200018462037BD4680BD20C0020050C3020068BF020080B584B000AFF860B9607A603F
:20094000FB70BB68002B03D1BB69BA691A6002E0BB697A681A60BB69FA68DA63BB69BA68DE
:200960001A640121B869FFF705FFBB6900229A6400BF1037BD4680BD80B582B000AF786044
:200980007B68002B0ED07B6800229A607B6800221A607B680022DA60002300220021786868
:2009A00000F08AF800BF0837BD4680BD80B586B000AF0346FB7101237B6100233B61FB7985
:2009C0001A4639697869FFF765FFF860F868FFF7D3FFFB6818461837BD4680BD90B585B090
:2009E00000AF78607B68BB60BB68002B06D1134B134A40F2FB21134802F058FDBB689C687B
:200A000001F0A6FD03469C4211D1BB68DB685A1EBB68DA60BB68DB68002B05D10023002252
:200A20000021B86800F048F80123FB6001E00023FB60FB6818461437BD4690BD2CC002001D
:200A400064C3020068BF020090B585B000AF786039607B68BB60BB68002B06D1134B144ACB
:200A600040F23731134802F021FDBB689C6801F06FFD03469C4207D1BB68DB685A1CBB68EF
:200A8000DA600123FB600CE03968B86800F0B6FAF860FB68002B04D0BB68DB685A1CBB6897
:200AA000DA60FB6818461437BD4690BD2CC0020080C3020068BF020080B58AB000AFF860CE
:200AC000B9607A603B6000237B62FB683B623B6A002B06D1794B7A4A40F2B631794802F08D
:200AE000E5FCBB68002B0AD13B6A1B6C002B06D0754B734A40F2B731724802F0D7FC3B6806
:200B0000022B0AD13B6ADB6B012B06D06F4B6C4A4FF46E716B4802F0C9FC01F029FD034684
:200B2000002B00D009E07B68002B06D0684B644A40F2BB31634802F0B9FC09F0BBFB3B6AC8
:200B40009A6B3B6ADB6B9A4202D33B68022B49D13B6A9B6BFB613A68B968386A00F062FB51
:200B6000B8613B6A9B6C002B15D03B68022B02D1FB69002B32D1386A00F0F4FC0346002B75
:200B80002CD0544B4FF080525A60BFF34F8F00BFBFF36F8F22E03B6A5B6A002B11D03B6AD3
:200BA0002433184601F0BEFA0346002B16D0494B4FF080525A60BFF34F8F00BFBFF36F8F1F
:200BC0000CE0BB69002B09D0424B4FF080525A60BFF34F8F00BFBFF36F8F00BF09F0A2FB55
:200BE000012366E07B68002B03D109F09BFB00235FE07B6A002B06D107F11003184601F077
:200C00006BFB01237B6209F08DFB00F06DFF09F051FB3B6A93F844305BB2B3F1FF3F03D1E4
:200C20003B6A002283F844203B6A93F845305BB2B3F1FF3F03D13B6A002283F8452009F006
:200C400071FB3A1D07F110031146184601F05AFB0346002B25D1386A00F0E9FB0346002B77
:200C600019D03B6A10337A681146184601F0ECF9386A00F067FB00F045FF0346002B7FF427
:200C80005CAF144B4FF080525A60BFF34F8F00BFBFF36F8F0CE0386A00F054FB00F032FF32
:200CA0004BE7386A00F04EFB00F02CFF002300E043E718462837BD4680BD00BF60BF020002
:200CC0009CC3020068BF02003CC0020094C00200E4C0020000ED00E080B58EB000AFF86049
:200CE000B9607A603B60FB683B633B6B002B06D14F4B504A40F291414F4802F0D7FBBB6807
:200D0000002B0AD13B6B1B6C002B06D04B4B494A40F29241484802F0C9FB3B68022B0AD180
:200D20003B6BDB6B012B06D0454B424A40F29341414802F0BBFB09F033FBEFF31183BB61B9
:200D4000BB69FB621023FB61FB6983F3118800BF3B6B9A6B3B6BDB6B9A4202D33B68022B39
:200D600059D13B6B93F8453087F82B303B6B9B6B7B623A68B968386B00F054FA97F92B30B1
:200D8000B3F1FF3F29D13B6B9B6C002B12D03B68022B02D17B6A002B3AD1386B00F0E2FB8F
:200DA0000346002B34D07B68002B31D07B6801221A602DE03B6B5B6A002B29D03B6B243393
:200DC000184601F0AFF90346002B21D07B68002B1ED07B6801221A601AE000F0AFFF386209
:200DE00097F92B303A6A9A4212D997F92B307F2B06D1144B0F4A40F21F510F4802F056FB3D
:200E000097F82B300133DBB25AB23B6B83F8452001237B6301E000237B63FB6A7B617B698C
:200E200083F3118800BF7B6B18463837BD4680BD60BF0200B0C3020068BF02003CC0020034
:200E400094C0020038C1020080B58AB000AFF860B9607A6000237B62FB683B623B6A002B08
:200E600006D1604B604A40F2EA51604802F01EFBBB68002B0AD13B6A1B6C002B06D05C4B29
:200E8000594A40F2EE51594802F010FB01F070FB0346002B00D009E07B68002B06D0554B93
:200EA000514A40F2F351514802F000FB09F002FA3B6A9B6BFB61FB69002B21D0B968386A5C
:200EC00000F01AFAFB695A1E3B6A9A633B6A1B69002B11D03B6A1033184601F023F90346BF
:200EE000002B09D0444B4FF080525A60BFF34F8F00BFBFF36F8F00BF09F014FA01236CE05F
:200F00007B68002B03D109F00DFA002365E07B6A002B06D107F11403184601F0DDF9012348
:200F20007B6209F0FFF900F0DFFD09F0C3F93B6A93F844305BB2B3F1FF3F03D13B6A002234
:200F400083F844203B6A93F845305BB2B3F1FF3F03D13B6A002283F8452009F0E3F93A1D77
:200F600007F114031146184601F0CCF90346002B24D1386A00F045FA0346002B18D03B6ABC
:200F800024337A681146184601F05EF8386A00F0D9F900F0B7FD0346002B87D1164B4FF0A8
:200FA00080525A60BFF34F8F00BFBFF36F8F13E0386A00F0C7F900F0A5FD77E7386A00F0DF
:200FC000C1F900F09FFD386A00F01BFA0346002B3FF46CAF002300E068E718462837BD4650
:200FE00080BD00BFDCC10200CCC3020068BF0200E8C10200E4C0020000ED00E080B58AB00F
:2010000000AF7860396000237B627B68FB6100233B62FB69002B06D1704B714A40F28461BE
:20102000704802F043FAFB691B6C002B06D06E4B6B4A4FF4D1616B4802F038FA01F098FAA0
:201040000346002B00D009E03B68002B06D0674B634A40F28D61634802F028FA09F02AF965
:20106000FB699B6BBB61BB69002B26D0BB695A1EFB699A63FB691B68002B04D101F06CFC68
:201080000246FB699A60FB691B69002B11D0FB691033184601F046F80346002B09D0544B96
:2010A0004FF080525A60BFF34F8F00BFBFF36F8F00BF09F037F901238CE03B68002B03D14C
:2010C00009F030F9002385E07B6A002B06D107F10C03184601F000F901237B6209F022F91B
:2010E00000F002FD09F0E6F8FB6993F844305BB2B3F1FF3F03D1FB69002283F84420FB693B
:2011000093F845305BB2B3F1FF3F03D1FB69002283F8452009F006F93A4607F10C031146D0
:20112000184601F0EFF80346002B33D1F86900F068F90346002B27D0FB691B68002B09D1F8
:2011400009F0B8F8FB699B68184601F02FFA386209F0E8F8FB6924333A681146184600F092
:2011600073FFF86900F0EEF800F0CCFC0346002B7FF474AF1E4B4FF080525A60BFF34F8F40
:2011800000BFBFF36F8F24E0F86900F0DBF800F0B9FC63E7F86900F0D5F800F0B3FCF869AB
:2011A00000F02FF90346002B3FF458AF3B6A002B0DD009F07FF8F86900F01CF87861FB69AA
:2011C0009B687969184601F01BFB09F0ABF8002300E043E718462837BD4680BDDCC1020060
:2011E000DCC3020068BF02005CC10200E4C0020000ED00E080B485B000AF78607B685B6AFB
:20120000002B06D07B681B6B1B68C3F10F03FB6001E00023FB60FB6818461437BD465DF8FD
:20122000047B704780B586B000AFF860B9607A6000237B61FB689B6B3B61FB681B6C002BFA
:201240000DD1FB681B68002B4DD1FB689B68184601F03EFA7861FB6800229A6043E07B6836
:20126000002B19D1FB685868FB681B6C1A46B96819F0D0FFFB685A68FB681B6C1A44FB6823
:201280005A60FB685A68FB689B689A422BD3FB681A68FB685A6026E0FB68D868FB681B6C9A
:2012A0001A46B96819F0B6FFFB68DA68FB681B6C5B421A44FB68DA60FB68DA68FB681B683D
:2012C0009A4207D2FB689A68FB681B6C5B421A44FB68DA607B68022B05D13B69002B02D0EB
:2012E0003B69013B3B613B695A1CFB689A637B6918461837BD4680BD80B582B000AF786039
:2013000039607B681B6C002B18D07B68DA687B681B6C1A447B68DA607B68DA687B689B68A2
:201320009A4203D37B681A687B68DA607B68D9687B681B6C1A46386819F06CFF00BF083779
:20134000BD4680BD80B584B000AF786008F0B2FF7B6893F84530FB731EE07B689B6C002B50
:2013600008D0786800F0FEF80346002B10D001F02FF80DE07B685B6A002B12D07B68243387
:20138000184600F0CFFE0346002B01D001F020F8FB7B013BDBB2FB7397F90F30002BDCDC85
:2013A00000E000BF7B68FF2283F8452008F0BAFF08F080FF7B6893F84430BB7311E07B689E
:2013C0001B69002B12D07B681033184600F0AAFE0346002B01D000F0FBFFBB7B013BDBB232
:2013E000BB7397F90E30002BE9DC00E000BF7B68FF2283F8442008F095FF00BF1037BD46EA
:2014000080BD80B584B000AF786008F053FF7B689B6B002B02D10123FB6001E00023FB6090
:2014200008F080FFFB6818461037BD4680BD80B584B000AF786008F03DFF7B689A6B7B68FE
:20144000DB6B9A4202D10123FB6001E00023FB6008F068FFFB6818461037BD4680BDFFFF14
:2014600080B584B000AF786039600023BB607B68002B06D11D4B1E4A40F6CD311D4802F065
:2014800015F83B68002B24D00023FB601EE01A4AFB68DB0013445B687A689A4205D1FB684E
:2014A000DB00154A1344BB6013E0BB68002B0AD1114AFB6852F83330002B04D1FB68DB00BB
:2014C0000D4A1344BB60FB680133FB60FB68312BDDD9BB68002B05D0BB683A681A60BB6857
:2014E0007A685A6000BF1037BD4680BDD8C20200F0C3020068BF020044AB002080B586B016
:2015000000AFF860B9607A60FB687B6108F0D2FE7B6993F844305BB2B3F1FF3F03D17B6940
:20152000002283F844207B6993F845305BB2B3F1FF3F03D17B69002283F8452008F0F2FE35
:201540007B699B6B002B06D17B6924337A68B968184600F09FFD7869FFF7F4FE00BF1837A0
:20156000BD4680BD80B586B000AF78607B689B6C3B6100237B613B69002B06D12B4B2C4A22
:2015800040F6FC412B4801F091FF3B699A6B3B69DB6B9A4206D3284B254A40F6FD412548D9
:2015A00001F084FF3B699A6B3B69DB6B9A4238D23B6993F84530FB733B1D002219463869B2
:2015C000FFF730FE786197F90F30B3F1FF3F0ED13B695B6A002B24D03B692433184600F0AD
:2015E000A1FD0346002B1CD001237B6119E000F0A5FBB86097F90F30BA689A4211D997F905
:201600000F307F2B06D10D4B094A40F61D51094801F04CFFFB7B0133DBB25AB23B6983F8CC
:2016200045207B6918461837BD4680BDE0C2020004C4020068BF0200F4C2020038C102002A
:2016400080B58AB004AFF860B9607A603B607B689B001846FEF744FE38613B69002B13D024
:201660006C20FEF73DFE78617B69002B08D06C220021786919F0C0FD7B693A691A6305E0AF
:201680003869FEF73DFF01E000237B617B69002B0DD0002303937B6902937B6A01933B6A5C
:2016A00000933B687A68B968F86800F029F87B6918461837BD4680BD80B588B002AFF86039
:2016C000B9607A603B607B6A01933B6A00933B687A68B968F868FFF7B3FF38613B69002BB5
:2016E00005D0386900F0A2F801237B6102E04FF0FF337B617B6918461837BD4680BDFFFFEC
:2017000080B586B000AFF860B9607A603B60BB6A186B7B689B001A46A52119F06DFDBB6AE5
:201720001A6B7B6803F18043013B9B0013443B613B6923F007033B613B6903F00703002B97
:2017400006D0364B364A40F22E71364801F0AEFEBB6A3A695A64BB68002B20D000237B6103
:2017600014E0BA687B69134493F90010BA6A7B69134434330A461A70BA687B69134493F9F3
:201780000030002B06D07B6901337B617B690F2BE7D900E000BFBB6A002283F843203B6ADD
:2017A0000E2B06D9204B1E4A40F264711D4801F07DFE3B6A0E2B01D90E233B62BB6A3A6A17
:2017C000DA62BB6A3A6A9A64BB6A04331846FEF717FDBB6A18331846FEF712FDBB6ABA6A28
:2017E0001A613B6AC3F10F02BB6A9A61BB6ABA6A5A62BB6A196B3B68FA68386908F0FEFC9E
:201800000246BB6A1A607B6A002B02D07B6ABA6A1A6000BF1837BD4680BD00BF24C4020085
:2018200014C8020068C40200FCC4020080B584B000AF786008F03EFD414B1B680133404AEA
:201840001360404B1B68002B09D13E4A7B6813603B4B1B68012B10D100F0E0FD0DE03A4BCF
:201860001B68002B09D1374B1B68DA6A7B68DB6A9A4202D8334A7B681360344B1B680133B0
:20188000324A13607B68DA6A314B1B689A4203D97B68DB6A2E4A13607B68DA6A2D49134672
:2018A0009B0013449B000B4404331B68FB607B68FA689A60FB689A687B68DA60FB689B6810
:2018C0007A6804325A607B681A1DFB689A607B68DA6A13469B0013449B001E4A1A447B6809
:2018E0005A617B68DA6A1B4913469B0013449B000B441B687A68D26A591C164813469B0005
:2019000013449B000344196008F00CFD0E4B1B68002B10D00B4B1B68DA6A7B68DB6A9A420C
:2019200009D20D4B4FF080525A60BFF34F8F00BFBFF36F8F00BF00BF1037BD4680BD00BFE6
:2019400074AE0020D4AC002080AE002090AE00207CAE0020D8AC002000ED00E080B584B0D5
:2019600000AF78600023FB607B68002B13D000F0BBF8114B1B68012B06D0104B104A40F602
:201980008E11104801F092FD0021786800F0FCFF00F0B8F8F860FB68002B09D10A4B4FF0F0
:2019A00080525A60BFF34F8F00BFBFF36F8F00BF00BF1037BD4680BD9CAE002058C502000E
:2019C0002CC8020068C4020000ED00E080B58AB002AF0123FB6100233B6100237B6113E0C5
:2019E0001D4A7B69134493F900103A467B6913440A461A703A467B69134493F90030002B72
:201A000006D07B6901337B617B690F2BE8DD00E000BF0023BB6115E0104B3B61BB699B0090
:201A20000F4A13443946019300230093002380223869FFF741FEF861FB69002B06D0BB69B0
:201A40000133BB61BB69002BE6DD00E000BFFB6918462037BD4680BDA4C50200E9230100B4
:201A600098AE002080B582B000AFFFF7AFFF78607B68012B02D100F0F7FF78607B68012BBF
:201A800012D101233B603B6883F3108800BF0F4B4FF0FF321A600E4B01221A600D4B002280
:201AA0001A6008F0EFFB0AE07B68B3F1FF3F06D1094B0A4A40F6A961094801F0F7FC094BD3
:201AC0001B6800BF0837BD4680BD00BF94AE002080AE002078AE0020ACC5020038C802001B
:201AE00068C4020020C4020080B400AF044B1B680133034A136000BFBD465DF8047B7047DC
:201B00009CAE002080B588B000AF0023FB610023BB6108F0CFFB00233B61744B1B68002B93
:201B200006D1734B734A40F68B71734801F0BEFC6E4B1B68013B6D4A13606C4B1B68002BB4
:201B400040F0CD806D4B1B68002B00F0C8808FE06B4BDB68DB68FB61FB699B6AFB60FB693B
:201B6000DB69FA69126A9A60FB691B6AFA69D2695A60FB685A68FB6918339A4203D1FB691F
:201B80001A6AFB685A60FB6900229A62FB681B685A1EFB681A60FB695B69BB60FB699B683D
:201BA000FA69D2689A60FB69DB68FA6992685A60BB685A68FB6904339A4203D1FB69DA68FA
:201BC000BB685A60FB6900225A61BB681B685A1EBB681A60FB69DA6A4A4B1B689A4203D9B4
:201BE000FB69DB6A474A1360FB69DA6A464913469B0013449B000B4404331B687B60FB69D3
:201C00007A689A607B689A68FB69DA607B689B68FA6904325A60FB691A1D7B689A60FB6950
:201C2000DA6A13469B0013449B00374A1A44FB695A61FB69DA6A344913469B0013449B0071
:201C40000B441B68FA69D26A591C2F4813469B0013449B0003441960FB69DA6A2B4B1B68E0
:201C6000DB6A9A4204D92A4A3B69012142F82310234B1B68002B7FF46BAFFB69002B01D0B6
:201C800000F04AFC234B1B687B617B69002B12D000F060F80346002B04D01D4A3B69012193
:201CA00042F823107B69013B7B617B69002BEFD1184B00221A60164A3B6952F82330002B21
:201CC0000DD00123BB61114B1B68134B4FF080525A60BFF34F8F00BFBFF36F8F00BF08F029
:201CE00021FBBB6918462037BD4680BD9CAE0020C0C502004CC8020068C4020074AE002038
:201D000034AE00207CAE0020D8AC0020D4AC002088AE002084AE002000ED00E080B483B057
:201D200000AF054B1B687B607B6818460C37BD465DF8047B704700BF78AE002080B400AF4C
:201D4000034B1B681846BD465DF8047B704700BF74AE002080B588B000AF0023FB617D4B62
:201D60001B68002B40F0EB807B4B1B680133BB61794ABB691360BB69002B1CD1774B1B68A6
:201D80001B68002B06D0764B764A41F25F21764801F08CFB714B1B687B61744B1B686F4A3F
:201DA0001360724A7B691360714B1B680133704A136000F0B1FB6F4B1B68BA699A42C0F075
:201DC000A980664B1B681B68002B04D1694B4FF0FF321A609EE0614B1B68DB68DB683B61B6
:201DE0003B695B68FB60BA69FB689A4203D2614AFB6813608EE03B695B69BB603B699B68D1
:201E00003A69D2689A603B69DB683A6992685A60BB685A683B6904339A4203D13B69DA6857
:201E2000BB685A603B6900225A61BB681B685A1EBB681A603B699B6A002B1ED03B699B6A1E
:201E40007B603B69DB693A69126A9A603B691B6A3A69D2695A607B685A683B6918339A4275
:201E600003D13B691A6A7B685A603B6900229A627B681B685A1E7B681A603B69DA6A3E4B5B
:201E80001B689A4203D93B69DB6A3B4A13603B69DA6A3A4913469B0013449B000B4404334F
:201EA0001B683B603B693A689A603B689A683B69DA603B689B683A6904325A603B691A1D2D
:201EC0003B689A603B69DA6A13469B0013449B002A4A1A443B695A613B69DA6A27491346B5
:201EE0009B0013449B000B441B683A69D26A591C224813469B0013449B00034419603B697B
:201F0000DA6A1F4B1B68DB6A9A427FF65AAF0123FB6156E71A4B1B68DA6A184913469B00B3
:201F200013449B000B441B68012B01D90123FB61144B1B68002B07D00123FB6104E0124BB2
:201F40001B680133104A1360FB6918462037BD4680BD00BF9CAE002078AE00202CAE00203B
:201F600010C602005CC8020068C4020030AE00208CAE002094AE00207CAE0020D8AC00208D
:201F8000D4AC002088AE002084AE002080B582B000AF254B1B68002B03D0244B01221A60E6
:201FA0003EE0224B00221A60214B1B687B600CE07B68002B06D11F4B1F4A41F2FA311F48C7
:201FC00001F074FA7B68013B7B601D497A6813469B0013449B000B441B68002BE8D07A68E3
:201FE00013469B0013449B00154A13443B603B685B685A683B685A603B685A683B680833E2
:202000009A4203D13B68DA683B685A603B685B68DB680C4A1360064A7B681360094B1B68DF
:2020200000BF0837BD4680BD9CAE002088AE00207CAE002088C6020070C8020068C40200A0
:20204000D8AC0020D4AC002080B582B000AF786039607B68002B06D10A4B0B4A4FF4A451EE
:202060000A4801F023FA0A4B1B68183319467868FEF7D3F80121386800F086FC00BF0837AC
:20208000BD4680BD98C6020084C8020068C40200D4AC002080B586B000AFF860B9607A601F
:2020A000FB68002B06D11B4B1B4A41F2BE411B4801F0FCF9FB685B687B61194B1B687A69A9
:2020C000DA61174B1B687A6992681A62144B1A687B699B6818325A60114B1B6803F11802CE
:2020E0007B699A600E4B1B68FA689A62FB681B685A1CFB681A607B68002B02D04FF0FF333E
:20210000BB607968B86800F03FFC00BF1837BD4680BD00BF98C602009CC8020068C4020077
:20212000D4AC002080B588B000AF78607B68DB68DB68BB61BB69002B06D15E4B5E4A41F2DC
:20214000F5415E4801F0B2F9BB699B6A7B61BB69DB69BA69126A9A60BB691B6ABA69D269FA
:202160005A607B695A68BB6918339A4203D1BB691A6A7B695A60BB6900229A627B691B68F1
:202180005A1E7B691A604E4B1B68002B61D1BB695B69FB60BB699B68BA69D2689A60BB690B
:2021A000DB68BA6992685A60FB685A68BB6904339A4203D1BB69DA68FB685A60BB6900220C
:2021C0005A61FB681B685A1EFB681A60BB69DA6A3C4B1B689A4203D9BB69DB6A394A136080
:2021E000BB69DA6A384913469B0013449B000B4404331B68BB60BB69BA689A60BB689A6887
:20220000BB69DA60BB689B68BA6904325A60BB691A1DBB689A60BB69DA6A13469B001344FC
:202220009B00294A1A44BB695A61BB69DA6A264913469B0013449B000B441B68BA69D26A65
:20224000591C214813469B0013449B00034419601BE01E4B5B683B61BB693A69DA613B6991
:202260009A68BB691A623B699B68BA6918325A60BB6903F118023B699A60BB69134A9A62A1
:20228000124B1B680133114A1360BB69DA6A104B1B68DB6A9A4205D90123FB610D4B01221C
:2022A0001A6001E00023FB61FB6918462037BD4680BD00BFD0C60200BCC8020068C40200E0
:2022C0009CAE00207CAE0020D8AC002034AE0020D4AC002088AE002080B483B000AF7860C0
:2022E000064B1A687B681A60054B1A687B685A6000BF0C37BD465DF8047B70478CAE002055
:2023000078AE002080B586B000AF786039607B68002B06D1284B294A41F2A551284801F097
:20232000C5F83B68002B06D1264B244A41F2A651234801F0BBF807F0BDFF234B1B683B61E3
:202340007B685B683A69D31AFB603B681B68B3F1FF3F02D100237B6126E07B681A681B4B41
:202360001B689A420AD07B685B683A699A4205D301237B613B6800221A6015E03B681B68CD
:20238000FA689A420BD23B681A68FB68D21A3B681A607868FFF7A0FF00237B6104E03B6896
:2023A00000221A6001237B6107F0BCFF7B6918461837BD4680BD00BFE0C60200D8C80200F5
:2023C00068C40200ECC6020078AE00208CAE002080B400AF034B01221A6000BFBD465DF896
:2023E000047B704788AE002080B582B000AF786000F054F8074B1B68012BF9D9064B4FF0C4
:2024000080525A60BFF34F8F00BFBFF36F8F00BFEEE700BFD8AC002000ED00E080B582B006
:2024200000AF00237B600CE07A6813469B0013449B00124A13441846FDF7C2FE7B6801335F
:202440007B607B680E2BEFD90D48FDF7B9FE0D48FDF7B6FE0C48FDF7B3FE0C48FDF7B0FED1
:202460000B48FDF7ADFE0B4B054A1A600A4B054A1A6000BF0837BD4680BD00BFD8AC00208C
:2024800004AE002018AE002034AE002048AE002060AE00202CAE002030AE002080B582B0DF
:2024A00000AF19E007F006FF104BDB68DB687B607B6804331846FDF7E9FE0D4B1B68013B52
:2024C0000B4A13600B4B1B68013B0A4A136007F029FF786800F010F8064B1B68002BE1D1B0
:2024E00000BF00BF0837BD4680BD00BF48AE002074AE00205CAE002080B582B000AF7860B0
:202500007B681B6B1846FDF7FBFF7868FDF7F8FF00BF0837BD4680BD80B400AF0A4B1B6842
:202520001B68002B04D1094B4FF0FF321A6005E0054B1B68DB681B68044A136000BFBD46D9
:202540005DF8047B704700BF2CAE002094AE002080B483B000AF054B1B687B607B681846D0
:202560000C37BD465DF8047B704700BFD4AC002080B483B000AF0B4B1B68002B02D101231A
:202580007B6008E0084B1B68002B02D102237B6001E000237B607B6818460C37BD465DF8E9
:2025A000047B704780AE00209CAE002080B586B000AF78607B683B6100237B617B68002BAF
:2025C0007BD03B69DA6A3F4B1B68DB6A9A426BD23B699B69002B06DB3A4B1B68DB6AC3F1A8
:2025E0000F023B699A613B6959693B69DA6A13469B0013449B00344A134499424CD13B6986
:2026000004331846FDF742FE2E4B1B68DA6A3B69DA623B69DA6A2D4B1B689A4203D93B6992
:20262000DB6A2A4A13603B69DA6A274913469B0013449B000B4404331B68FB603B69FA68C6
:202640009A60FB689A683B69DA60FB689B683A6904325A603B691A1DFB689A603B69DA6A24
:2026600013469B0013449B00174A1A443B695A613B69DA6A144913469B0013449B000B44DC
:202680001B683A69D26A591C0F4813469B0013449B000344196004E00A4B1B68DA6A3B69C2
:2026A000DA6201237B6108E03B699A6C054B1B68DB6A9A4201D201237B617B6918461837F4
:2026C000BD4680BDD4AC0020D8AC00207CAE002080B586B000AF78607B683B6100237B61BC
:2026E0007B68002B78D03F4B1B683A699A4206D03D4B3E4A41F628213D4800F0D7FE3B69A4
:20270000DB6C002B06D13B4B384A41F62921384800F0CCFE3B69DB6C5A1E3B69DA643B69C4
:20272000DA6A3B699B6C9A4256D03B69DB6C002B52D13B6904331846FDF7A8FD3B699A6CF3
:202740003B69DA623B69DB6AC3F10F023B699A613B69DA6A284B1B689A4203D93B69DB6ACD
:20276000254A13603B69DA6A244913469B0013449B000B4404331B68FB603B69FA689A60D8
:20278000FB689A683B69DA60FB689B683A6904325A603B691A1DFB689A603B69DA6A134684
:2027A0009B0013449B00154A1A443B695A613B69DA6A124913469B0013449B000B441B6875
:2027C0003A69D26A591C0D4813469B0013449B000344196001237B617B6918461837BD4616
:2027E00080BD00BFD4AC002014C70200F0C8020068C402002CC702007CAE0020D8AC002095
:2028000080B588B000AF786039607B68BB6101237B617B68002B00F08D80BB69DB6C002B8B
:2028200006D1464B464A41F68621464800F03EFEBB699B6C3A689A4202D93B68FB6102E0A3
:20284000BB699B6CFB61BB69DB6AFA699A4271D0BB69DB6C7A699A426CD13B4B1B68BA6975
:202860009A4206D1394B364A41F6A121354800F01DFEBB69DB6A3B61BB69FA69DA62BB6934
:202880009B69002B04DBFB69C3F10F02BB699A61BB6959693A6913469B0013449B002C4AFD
:2028A0001344994246D1BB6904331846FDF7EEFCBB69DA6A274B1B689A4203D9BB69DB6ABA
:2028C000244A1360BB69DA6A214913469B0013449B000B4404331B68FB60BB69FA689A607B
:2028E000FB689A68BB69DA60FB689B68BA6904325A60BB691A1DFB689A60BB69DA6A134623
:202900009B0013449B00124A1A44BB695A61BB69DA6A0F4913469B0013449B000B441B6819
:20292000BA69D26A591C0A4813469B0013449B000344196000BF2037BD4680BD2CC7020080
:2029400008C9020068C40200D4AC002044C70200D8AC00207CAE002080B483B000AF094B71
:202960001B687B607B68002B04D07B68DB6C5A1C7B68DA647B6818460C37BD465DF8047BFB
:20298000704700BFD4AC002080B588B000AF786039602F4B1B68FB612E4B1B68BB612E4BAA
:2029A0001B687B612D4B1B6804331846FDF76EFC7B68B3F1FF3F24D13B68002B21D0284BDE
:2029C0005B683B61254B1B683A699A60234B1B683A699268DA60214B1A683B699B68043275
:2029E0005A601E4B1B681A1D3B699A601B4B1B681B4A5A611A4B1B680133194A136000BFA2
:202A000022E0FA697B681344FB60144B1B68FA685A60FA68FB699A4207D2104B1B6804332E
:202A200019467869FDF7F9FB0EE00C4B1B6804331946B869FDF7F1FB0A4B1B68FA689A42F9
:202A400002D2084AFB68136000BF2037BD4680BD78AE00202CAE002030AE0020D4AC002046
:202A600060AE002094AE002080B584B002AF00237B6000F0B3FA0F4B1B68002B0AD00E4BD6
:202A8000019303230093002380220C490C48FEF713FE78607B68002B06D10A4B0A4A4FF4CC
:202AA000A3710A4800F002FD7B6818460837BD4680BD00BFD0AE0020D4AE00202CC902000B
:202AC0002D2C010034C9020090CA02003CC9020080B588B002AFF860B9607A603B602820EE
:202AE000FDF7FEFB78617B69002B0DD07B69002283F824207B6901933B6A00933B687A682A
:202B0000B968F86800F006F87B6918461837BD4680BDFFFF80B584B000AFF860B9607A6014
:202B20003B60BB68002B06D1144B154A40F2A911144800F0BBFC00F051FAFB69FA681A60AD
:202B4000FB69BA689A61FB693A68DA61FB69BA691A62FB6904331846FDF752FB7B68002B68
:202B600008D0FB6993F8243043F00403DAB2FB6983F8242000BF1037BD4680BDD0C9020070
:202B8000A8CA02003CC9020080B584B000AFF860B9607A6008E0FB689B69BA681344BB6074
:202BA000FB681B6AF8689847FB689A69BB68D118BB687A68F86800F0E1F80346002BEAD11F
:202BC00000BF00BF1037BD4680BDFFFF80B584B000AF78603960144B1B68DB68DB68FB60A6
:202BE000FB6804331846FDF751FBFB6893F8243003F00403002B05D03A687968F868FFF788
:202C0000C3FF08E0FB6893F8243023F00103DAB2FB6883F82420FB681B6AF868984700BF1D
:202C20001037BD4680BD00BFC8AE002080B584B000AF786007F10803184600F05BF8F860CC
:202C4000BB681946F86800F005F800F0D9F800BFF0E7FFFF80B584B000AF78603960FEF7D2
:202C600043FF07F10803184600F068F8F860BB68002B31D13B68002B0AD17A68FB689A42EF
:202C800006D8FEF73FFFF9687868FFF79FFF26E03B68002B08D0144B1B681B68002B01D140
:202CA000012300E000233B60104B18687A68FB68D31A3A681946FEF721FCFEF723FF0346D2
:202CC000002B0CD10A4B4FF080525A60BFF34F8F00BFBFF36F8F02E0FEF714FFFFE700BF3E
:202CE0001037BD4680BD00BFCCAE0020D0AE002000ED00E080B485B000AF78600E4B1B68BD
:202D00001B68002B01D1012200E000227B681A607B681B68002B05D1074B1B68DB681B68AF
:202D2000FB6001E00023FB60FB6818461437BD465DF8047B704700BFC8AE002080B584B081
:202D400000AF7860FEF7EAFFF8600B4B1B68FA689A4205D200F01CF97B6801221A6002E061
:202D60007B6800221A60044AFB681360FB6818461037BD4680BD00BFD8AE002080B586B098
:202D800000AFF860B9607A603B6000237B61FB68BA685A60FB68FA681A61BA687B689A423F
:202DA00012D87A683B68D21AFB689B699A4202D301237B611BE0104B1A68FB6804331946CF
:202DC0001046FDF72AFA12E07A683B689A4206D2BA683B689A4202D301237B6107E0074BAB
:202DE0001A68FB68043319461046FDF716FA7B6918461837BD4680BDCCAE0020C8AE0020FD
:202E000080B586B000AF3B1D00221A605A609A60A5E07B68002BC0F2A280FB687B617B6966
:202E20005B69002B04D07B6904331846FDF72EFA3B461846FFF782FF38617B68013B082BF9
:202E400000F28A8001A252F823F000BF712E0100712E0100D92E0100ED2E01002F2F0100F4
:202E6000712E0100712E0100D92E0100ED2E01007B6993F8243043F00103DAB27B6983F809
:202E80002420BA687B699B69D118BB683A697869FFF774FF0346002B60D07B6993F8243084
:202EA00003F00403002B09D0BA687B699B6913443A6919467869FFF767FE08E07B6993F81E
:202EC000243023F00103DAB27B6983F824207B691B6A7869984741E07B6993F8243023F038
:202EE0000103DAB27B6983F8242038E07B6993F8243043F00103DAB27B6983F82420BA683C
:202F00007B699A617B699B69002B06D11C4B1D4A4FF482611C4800F0C9FA7B699A693B6952
:202F2000D1183B693A697869FFF728FF17E07B6993F8243003F00203002B03D17869FDF7DD
:202F4000DFFA0CE07B6993F8243023F00103DAB27B6983F8242002E000BF00E000BF0B4B0D
:202F60001B68391D00221846FDF76EFF0346002B7FF44FAF00BF00BF1837BD4680BD00BFE6
:202F800060CA0200C0CA02003CC90200D0AE002080B582B000AF09E00E4B1B68DB681B6833
:202FA0003B604FF0FF313868FFF710FE094B1B681B68002BF0D1074B1B687B60064B1B6899
:202FC000044A1360044A7B68136000BF0837BD4680BD00BFC8AE0020CCAE002080B500AF7B
:202FE00007F068F9124B1B68002B1DD11148FDF7E7F81148FDF7E4F8104B0E4A1A60104BA3
:203000000D4A1A6000220C210A20FDF743FC0346074A1360064B1B68002B05D0044B1B6880
:2030200008491846FEF71CFA07F07CF900BF80BDD0AE0020A0AE0020B4AE0020C8AE00204A
:20304000CCAE002088CA020080B500AF00F00CF807F0DAF900BFFDE780B400AF00BE00BFDD
:20306000BD465DF8047B704780B584B000AF3A4B4FF47002C3F88820374B384A9A600020EF
:2030800017F016FC00F076F9012017F011FC334B1B68A3F500633B603B6883F30A8800BF82
:2030A0002F4A304BD31A1A4600212E4818F0A4F82D4A2E4BD31A1A462D492C4818F0AAF8C3
:2030C0002C4A2D4BD31A9B107B600023FB6007E0294AFB6852F823309847FB680133FB60E6
:2030E000FA687B689A42F3DB00F0DAF800F0BEF9032000F0B7FB0023BB6009E01F4ABB6800
:2031000008334FF6FF7122F81310BB680133BB60BB68052BF2D9032000F054FB032000F07D
:20312000A1FB174B00225A60154B00229A60144B0022DA60124B00221A61032000F042FB34
:20314000022017F0B5FB00F0B9FA002000F0A4F900BF1037BD4680BD00ED00E00000010032
:20316000F0EC0020280B0020C80A00208001002014E60200C80A0020C80A0020000D084038
:2031800000000E4080B400AF094B0122A3F80421074BB3F804319BB2002BF9D1044B0122E1
:2031A000A3F8002100BFBD465DF8047B704700BF00C0014080B483B000AF0346FB710D4B23
:2031C00093F8A030C3F30013DBB2002BF7D1094AFB7982F8A030074B93F8A030C3F30013C4
:2031E000DBB2002BF7D100BF00BF0C37BD465DF8047B704700E0014080B582B000AF034680
:20320000FB71FB79042B14D1174B93F8AA30C3F30013DBB2002BF7D1134B012283F8AA20E4
:20322000114B93F8AA30C3F30013DBB2002BF7D115E00D4B93F8AA30C3F30013DBB2002B51
:20324000F7D1094B002283F8AA20074B93F8AA30DBB2002BF9D1FB791846FFF7ABFF00BF81
:203260000837BD4680BD00BF00E0014080B483B000AF786039607B68052B04D13B681B685A
:20328000064A536103E03B681B68044A936100BF0C37BD465DF8047B704700BFC80A00209E
:2032A00080B483B000AF0D4B93F82630DBB27B600A4B1B6A1B0E03F007033B60084A7B6887
:2032C00052F823203B6822FA03F3064A136000BF0C37BD465DF8047B704700BF00E0014079
:2032E000C80A0020DCAE002080B500AF0B4B012283F81C210A4B0B4A1A62094B052283F801
:203300002620FFF7CDFF084BF1221A73064B00221A72054BF0221A7300BF80BD00C00140C7
:2033200000E00140111202200020004080B500AF0B4B0C4A1A600A4B0B4A5A60084B4FF4C3
:2033400000429A60064B094ADA60054B4FF400421A61034B064A5A61FFF7A2FF00BF80BD17
:20336000C80A0020002D310100127A0000366E0100E1F50580B500AF1B4B4AF20352A3F87A
:20338000FE23FFF7FFFEFFF7D1FF174B002283F81324154B092283F8A22000F031F8124BDF
:2033A000002283F83620104B93F83C30C3F30003DBB2012BF7D10C4B41F211321A850A4BCD
:2033C000002283F82A20084B93F83C30C3F34013DBB2012BF7D1FFF787FF034B4FF42542BE
:2033E000A3F8FE2300BF80BD00E0014080B483B000AF786000BF0C37BD465DF8047B704776
:2034000080B500AF184B93F88034DBB2002B07D1154B93F88134C3F30103DBB2012B1CD097
:20342000114B93F88034DBB2002B0DD10E4B012283F880240121C82000F042F80A4B93F8AC
:203440008034DBB2012BF9D1074B022283F88124054B002283F8802404E04FF47A70FFF707
:20346000C5FF00BF00BF80BD00E0014080B500AF074B002283F82820012000F0F3F9054B44
:20348000002283F8BB24012000F09CF900BF80BD0030084000E0014080B483B000AF786087
:2034A00000BF0C37BD465DF8047B704780B485B000AFF860B9607A603B6000BE00BFFDE71D
:2034C0002DE9B04F90B000AFF861B9610023FB63FB69BA6902FB03F3BB63504B1B687B6360
:2034E0004F4A7B6BB2FBF3F33B63BB6B00223B617A61D7E904234FF000004FF0000159019D
:2035000041EAD261500102460B463969B2EB0108796963EB01094FF000024FF000034FEA25
:20352000890343EA98734FEA880290469946D7E904120B4618EB03033B60134649EB0303F1
:203540007B604FF000024FF00003D7E900894946CB00414643EA51734146CA00C7E90A23C4
:20356000D7E90A23012B08D2BA6A3B6BB2FBF3F37B627B6A9B08FB6344E03B6B9B00BA6BAE
:20358000B2FBF3F3BB63BB6B0022BB60FA60D7E9028942464B464FF000004FF00001590180
:2035A00041EAD261500102460B464146541A494663EB01054FF000024FF00003AB0043EA90
:2035C0009473A20014461D46434614EB030A4B4645EB030B4FF000024FF000034FEACB0397
:2035E00043EA5A734FEACA0292469B46C7E90AABD7E90A23012B02D2BB6AFB6302E04FF01D
:20360000FF33FB63FB6B002B02D0F86B00F00AF800BF4037BD46BDE8B08F00BFDCAE0020DC
:2036200000CA9A3BA0F101000028FBD1704700BF80B582B000AF0346FB71FB79074A52F815
:203640002330002B06D0FB79044A52F82330FA791046984700BF0837BD4680BDE0AE002023
:2036600080B582B000AF144BB3F82031BB80124BB3F840319AB2BB8813407B800023FB71B9
:203680000EE07A88FB7922FA03F303F00103002B03D0FB791846FFF7CBFFFB790133FB7119
:2036A000FB790D2BEDD9044A7B88A2F8303100BF0837BD4680BD00BF0060004080B58AB040
:2036C00000AF032000F0CEF8394B6FF0FF029A643B1D0C22FF21184617F08EFD00237B62EA
:2036E00021E0344A7B6A32F81330002B18D07B6A5B097B617B6A03F01F033B617B699B00AC
:2037000028333B4453F8242C01213B6901FA03F3DB431A407B699B0028333B4443F8242C21
:203720007B6A01337B627B6A5F2BDAD9224BBB6100233B6218E03B6A9B00BA691A443B6ACA
:203740009B0028333B4453F8243C13601B493B6A9B0028333B4453F8242C3B6AA03341F80C
:2037600023203B6A01333B623B6A022BE3D9032000F028F80023FB6112E00E4AFB6932F878
:203780001330002B09D00B4AFB6932F813300C4A1946FB69C03342F82310FB690133FB614F
:2037A000FB695F2BE9D900BF00BF2837BD4680BD00800040B0D102007080004000E100E008
:2037C0000060004080B487B000AF0346FB7100237B61EFF31083FB60FB687B6101233B61AC
:2037E0003B6983F3108800BFFB791A4A32F813309BB2002B09D0FB79164A32F8132092B24D
:20380000013A91B2134A22F81310FB79114A32F813309BB2002B11D10F4BB3F8FE339AB278
:203820000E4B13439AB2FB790D4931F81330DB439BB2094913409BB2A1F8FE337B69BB6031
:20384000BB6883F3108800BF00BF1C37BD465DF8047B70479CB0002000E0014000A5FFFFA8
:20386000DCCA020080B487B000AF0346FB7100237B61EFF31083FB60FB687B6101233B6103
:203880003B6983F3108800BFFB79164A32F813309BB2002B0FD1144BB3F8FE339AB2FB7923
:2038A000124931F8133013439AB20F49104B13439BB2A1F8FE33FB790A4A32F8132092B216
:2038C000013291B2074A22F813107B69BB60BB6883F3108800BF00BF1C37BD465DF8047B0C
:2038E000704700BF9CB0002000E00140DCCA020000A5FFFF80B584B000AF78607B68FB604C
:20390000144B1B68002B02D1124B134A1A60114B1B68BB60FB68033323F00303FB600D4B34
:203920001A68FB6813440D4A934207D917F06CFC03460C221A604FF0FF3306E0054B1A68B6
:20394000FB681344034A1360BB6818461037BD4680BD00BFA4B00020F0EC0020F0EC0020BA
:2039600080B487B000AF0346FB710E4B1B6A7B61FB797A6922FA03F303F007033B617B69D8
:203980001B0E03F00703FB60074B1A68FB689A403B6922FA03F318461C37BD465DF8047B57
:2039A000704700BF00E00140DCAE002080B483B000AF03463960FB7197F9073004493A68AC
:2039C00041F8232000BF0C37BD465DF8047B70471CAF002080B483B000AF0346FB710B49D1
:2039E00097F9073003F1C00251F8223023F4803341F82230054A97F90730C03352F82330B4
:203A000000BF0C37BD465DF8047B70470060004080B584B000AF0346FB7197F90730184684
:203A2000FFF7D8FFBFF35F8F00BF97F90730FB60FB6803F01F02074997F907305B09012025
:203A400000FA02F2603341F8232000BF1037BD4680BD00BF00E100E080B584B000AF034642
:203A6000B9607A60FB73BB68DAB2094997F90F301201D2B20B4483F8002397F90F307968E1
:203A80001846FFF793FF00BF1037BD4680BD00BF00E100E080B485B000AF0346FB7197F91D
:203AA0000730FB60FB6803F01F020749FB685B09012000FA02F241F8232000BF1437BD464E
:203AC0005DF8047B704700BF00E100E080B582B000AF0346FB7197F907301846FFF798FF5E
:203AE00097F907301846FFF7D5FF00BF0837BD4680BD80B584B000AF0346B9607A60FB73D7
:203B000097F90F307A68B9681846FFF7A5FF97F90F301846FFF7DAFF00BF1037BD4680BD99
:203B200080B586B000AF786039607B687B613B685B693B617B693A685A603B68DA687B692F
:203B40009A613B681A697B691A627B690022DA614FF40073FB603B681B881A46FB6802FB8C
:203B600003F303F1804303F5B8131A467B691A603968786900F09EF83B6893F906003B6837
:203B80005B7A7A69194600F0C5FA3B6893F907003B689B7A7A69194600F0BCFA3B6993F959
:203BA00007003B695B7A7A69194600F0B3FA3B6993F908003B699B7A7A69194600F0AAFADF
:203BC0007B6900221A617B69034A9A60002318461837BD4680BD00BF4344415280B586B0E5
:203BE00000AF786039603B687B617B683B610023FB607969386900F09BF97B691A683B6918
:203C00001A61FB6818461837BD4680BD80B485B000AF78607B68FB60FB681B68FA68928A47
:203C20001A80002318461437BD465DF8047B704780B485B000AF78607B68FB60FB681B687C
:203C400000221A80002318461437BD465DF8047B704780B485B000AF786039607B68FB6087
:203C6000FB681B681B88C3F3C033DBB21A463B681A70002318461437BD465DF8047B70479E
:203C800080B487B000AFF8600B467A60FB72FB687B617B691B6897F90B20103233F812300A
:203CA0009AB27B681A80002318461C37BD465DF8047B704780B48DB000AF786039603B68A5
:203CC0005B697B623B689B785B03FB62FB6A43F41073FB627B6A9B78002B02D14FF480732A
:203CE00000E00023FA6A1343FB627B6A9B783F2B02D04FF4007300E00023FA6A1343FB62A6
:203D00007B6A1B79002B04D0FB6A43F08003FB6207E07B6A9B783F2B03D1FB6A43F40043B7
:203D2000FB62FB6A9AB27B689A827B6A9B781B0203F47C527B6ADB7803F03F0313433B623C
:203D40000023FB613B68DB785B00FA691343FB613B681B79DB03FA691343FB617B6A5B789C
:203D60005B01FA691343FB617B6A1B78BB6100237B61EFF310833B613B697B610123FB602F
:203D8000FB6883F3108800BF214BDA683B681B88C3F11003012101FA03F3DB431C4913404F
:203DA000CB601B4BDB687B69BB60BB6883F3108800BFFB6A99B27B681A6847F6FF530B4051
:203DC0009BB213807B681B683A6A92B21A827B681B68FA6992B2DA817B681B68BA69D2B2A4
:203DE0001A73002387F82B307B6A9B79012B02D1012387F82B307B681B6897F82B2083F888
:203E0000D02000BF3437BD465DF8047B704700BF0040084080B586B000AF78603960002305
:203E2000FB6007F10C03184600F05AF83B681A683B685B6813433B6100237B613B6903F06D
:203E40000053002B1ED0FA687B681B68D2B283F8DE203B681B6803F00053002B04D07B69E2
:203E600043F480737B6103E07B6943F480637B613B689B6803F00053002B03D07B6943F07E
:203E800001037B613B6903F08043002B1ED0FA687B681B68D2B283F8DF203B681B6803F0F0
:203EA0008043002B04D07B6943F400737B6103E07B6943F400637B613B689B6803F080433D
:203EC000002B03D07B6943F002037B617B681B687A6992B25A8200BF1837BD4680BDFFFF37
:203EE00080B584B000AF78600420FFF739FDB860BB680D4AA2FB03239B0941F2360202FB21
:203F000003F30A4AA2FB03239B0C0133FB60FB68062B01D80723FB607B68FA681A6000BFEE
:203F20001037BD4680BD00BFD34D621083DE1B4380B58CB000AF786039603B681B6823F020
:203F4000C043BB627B685B685B697B623B685B6823F0C0433B623B689B6823F0C043FB61C9
:203F60007B681B68BA6A92B29A807B681B683A6A92B29A827B681B68FA6992B21A81BB6A22
:203F80001A0C7B681B6892B2DA803B6A1A0C7B681B6892B2DA82FB691A0C7B681B6892B2F2
:203FA0005A8139687868FFF735FF3B68DB68BB610023FB85BB69002B70D0BB691B89FB85FF
:203FC000BB691B8903F40063002B4BD07B681B68BA691289A3F890207B681B68BA695289A6
:203FE000A3F89C207B681B68BA699289A3F89E20BB691B687B617B681B687A6992B2A3F8C2
:2040000094207B691B0C9AB27B681B6822F4C04292B2A3F896207B695B0FDAB27B681B6842
:2040200002F00302D2B283F89220BB695B683B617B681B683A6992B2A3F898203B691B0CEA
:204040009AB27B681B6822F4C04292B2A3F89A203B695B0FDAB27B681B6802F00302D2B282
:2040600083F89320BB691B8903F40073002B15D0BB69997CBB69DA7C7B681B680A43D2B2E6
:2040800083F8A6207B681B68BA69D289A3F8A8207B681B68BA69128AA3F8AA207B681B68A8
:2040A000FA8DA3F890207B681B683A68128AA3F880207B6A1B79002B22D07B681B681B88B0
:2040C0009BB2FB60FB6823F01F03BA6ABA60BA68002A01D1202203E0BA68B2FA82F2D2B259
:2040E0009B1A1F33FB607B681B68FA6892B21A807B689A8AFB689BB213439AB27B689A8260
:204100007B68034ADA6000BF3037BD4680BD00BF4344415280B582B000AF03463A60FB7191
:204120000B46BB7197F90730002B06DBB97997F907303A681846FFF7DCFC00BF0837BD4667
:2041400080BDFFFF80B483B000AF0346FB7197F90730002B0CDBFB7903F01F02074997F918
:2041600007305B09012000FA02F2403341F8232000BF0C37BD465DF8047B704700E100E055
:2041800080B483B000AFEFF303837B607B683B603B88C3F308039BB2DBB2103BDBB25BB205
:2041A00018460C37BD465DF8047B704780B483B000AF03463960FB7197F9073004493A68B6
:2041C00041F8232000BF0C37BD465DF8047B70471CAF002080B483B000AF0346FB7197F98D
:2041E0000730044A52F8233018460C37BD465DF8047B70471CAF002080B483B000AF034624
:20420000FB710B4997F9073003F1C00251F8223023F4803341F82230054A97F90730C03368
:2042200052F8233000BF0C37BD465DF8047B70470060004080B584B000AF0346FB7197F954
:2042400007301846FFF7D8FFBFF35F8F00BF97F90730FB60FB6803F01F02074997F90730ED
:204260005B09012000FA02F2603341F8232000BF1037BD4680BD00BF00E100E080B584B08D
:2042800000AF0346B9607A60FB73BB68DAB2094997F90F301201D2B20B4483F8002397F9E1
:2042A0000F3079681846FFF781FF00BF1037BD4680BD00BF00E100E080B485B000AF0346E3
:2042C000FB7197F90730FB60FB6803F01F020749FB685B09012000FA02F241F8232000BF78
:2042E0001437BD465DF8047B704700BF00E100E080B582B000AF0346FB7197F90730184675
:20430000FFF798FF97F907301846FFF7D5FF00BF0837BD4680BD80B584B000AF0346B96069
:204320007A60FB7397F90F307A68B9681846FFF7A5FF97F90F301846FFF7DAFF00BF103769
:20434000BD4680BD80B590B000AF786039607B68BB6200237B623B681B693B623B681B689E
:2043600003F58023A8331B03FB61BB6AFA695A600023BB61EFF310833B613B69BB610123D7
:20438000FB60FB6883F3108800BF8F4B5A683B681B68C3F10203012101FA03F3DB438A4913
:2043A00013404B60884B5B68BB69BB60BB6883F3108800BFBB6A3A681A603B689A68BB6A2F
:2043C000DA613B68DA68BB6A5A62BB6A00221A623B6A1A78BB6A1A7600220121B86A00F0D7
:2043E00083FB3B6A1B7B1BB25B001AB23B6A1B7D1BB2DB001BB213431BB243F4E0731BB2E4
:204400009AB2FB69A3F840283B685B687B617B691B68013B1A046D4B13407A695268013A03
:2044200012071A437B699B68013B1B021A437B69DB68013B1B031343BA6A127E1A43FB691D
:20444000C3F8442800220221B86A00F04DFBFB69802283F85028FB6903F500734FF4007219
:204460000021184616F0C8FE0023FB632CE03B6A9A68FB6BDB0013449B79002B16D13B6A5A
:204480001B69FA6B9A4211D2FB6B20331B01FA69D1183B6A9A68FB6BDB0013441A46386A12
:2044A00000F0F6F8402387F83B3002E0002387F83B30FA69FB6B134403F5026397F83B207B
:2044C0001A70FB6B0133FB63FB6B1F2BCFD900237B6300233B632BE03B6A5A683B6B9B008D
:2044E00013441B686FF0604293421ED23B6A5A683B6B9B0013441B68FB623B6A1B7B002BD7
:2045000004D1FB6A9A04324B1340FB62FB693A6B02F58072F96A43F822103B6B9B000F2262
:2045200002FA03F37A6B13437B633B6B01333B633B6A1B699B083A6B9A42CDD37B6BDA4308
:20454000FB69C3F8282400220021B86A00F0CCFAFA69B2F8403843F02003A2F84038FB6984
:20456000B3F84038C3F34013DBB2002BF7D13B6893F915003B681B7DBA6A1946FFF7CBFECE
:204580003B6893F916003B681B7DBA6A1946FFF7C2FE3B6893F917003B681B7DBA6A19465E
:2045A000FFF7B9FEFB693E2283F84C28FB694FF0FF32C3F82C24BB6A064A9A607B6A18460A
:2045C0004037BD4680BD00BF004008400000FF030000FC1F4E41435280B58AB000AFF86026
:2045E000B9607A60FB68BB61BB691B681B697B61BB695B683B613A69BB68134403F5026345
:204600001B78C3F3C013DBB2002B02D04EF663233AE0BB6820331B013A6913447A68194643
:20462000786900F035F87B689B7903F00F03D9B23A69BB6820331B011A44938861F30303ED
:2046400093807B689B797B62BB6820331B013A69134406333B627B680C33FB6107E0FA6949
:20466000531CFB613B6A591C396212781A707B6A5A1E7A62002BF2D13A69BB68134403F56A
:20468000026380221A70002318462837BD4680BD80B489B000AFF860B9607A60FB681B7B09
:2046A000FB750023FB61FB7D002B06D0FB7D022B0AD17B681B79002B06D17B681B689A0495
:2046C000114B1340BB610EE0FB7D022B06D17B681B79012B02D14FF00043FB617B681B68EB
:2046E00023F06043BB617B685B799B073B61FA693B691A43BB691A43BB681A6000BF243757
:20470000BD465DF8047B70470000FC1F80B489B000AFF860B9607A60FB685B68BB61BA6924
:20472000BB6820331B0113441B687B617B699B0F03F00103DAB27B685A71FB681B681B6908
:204740003B613B691B7BB969BA68203212010A441268C2F3C072D2B21343DBB203F00103CD
:20476000DAB27B681A717B681B79002B06D17B699B0CC3F30A027B681A6004E07B6923F041
:2047800060427B681A60BA69BB6820331B0113449B88C3F30303DBB21A467B689A717B6871
:2047A0009B79082B02D97B6808229A710023FB6112E0BA69BB681B011A44FB69134403F2DE
:2047C00006231B78D9B27A68FB6913440C330A461A70FB690133FB617B689B791A46FB692D
:2047E0009342E6D3BA69BB68134403F5026344221A707B6800229A6000BF2437BD465DF8D0
:20480000047B7047B0B58EB000AF786039607B681B6A7B637B6B002B02D13B687B6317E0FD
:204820007B6B07F10C041D460FCD0FC40FCD0FC495E8030084E803007A6B3B6814461D4695
:204840000FCD0FC40FCD0FC495E8030084E803007B68DB69786B98477B681B6A002B0CD0B3
:204860007B681B6A1D4607F10C040FCC0FC50FCC0FC594E8030085E8030000BF3837BD46E7
:20488000B0BD80B590B000AFFFF77AFC03461846FFF7B2FCFFF774FC034687F83B3097F9A7
:2048A0003B301846FFF796FC78633B4628220021184616F0A1FC0023FB637B6B5B683B6317
:2048C0003B6B93F84D38DBB2BB803B6B002283F84D283B6BB3F84238C3F30013DBB2002B56
:2048E00022D0BB8843F020039BB2BB803B6B93F8533887F82F303B6B022283F853283B6BA5
:2049000093F85238C3F30403DBB2FB633B6B97F82F2083F853283A6BFB6B134403F50262A2
:20492000137823F0040313707B6B1B681B683B607B6B5B6A3B61FB6BFB603B461946786BFD
:20494000FFF760FF7B6B1B681B69BB623B6BB3F84238C3F30013DBB2002B0AD0BB6A1B7D15
:20496000002B06D07B6B1B6893F915301846FFF7E9FB00BF4037BD4680BD80B590B000AF2A
:20498000FFF7FEFB03461846FFF736FCFFF7F8FB034687F83F3097F93F301846FFF71AFCD0
:2049A000B8634FF480633B81BB6B5B687B637B6B93F8533887F833307B6B002283F8532857
:2049C0007B6B93F85238C3F30403DBB2FB627B6B97F8332083F853283B1D14331A46F96A15
:2049E000B86BFFF793FEFB6A3B61BB6B1B681B687B60BB6B5B6A7B613B1D1946B86BFFF76E
:204A000001FF7B6BB3F84238C3F30003DBB2002B04D097F93F301846FFF794FB00BF40372E
:204A2000BD4680BD80B590B000AFFFF7A9FB03461846FFF7E1FBFFF7A3FB034687F83F3034
:204A400097F93F301846FFF7C5FBB86300233B81BB6B5B687B637B6B93F8533887F83330A4
:204A60007B6B012283F853287B6B93F85238C3F30403DBB2FB627B6B97F8332083F85328D7
:204A80007A6BFB6A134403F5026300221A707A6BFB6A134403F5026300221A70FB6A3B61C1
:204AA0003B8943F400639BB23B81BB6B1B681B687B60BB6B5B6A7B613B1D1946B86BFFF7F1
:204AC000A1FE7B6BB3F84238C3F34003DBB2002B06D0BB6B1B6893F917301846FFF732FBA8
:204AE00000BF4037BD4680BD80B584B000AF78600B46FB701346BB707B685B68FB607B682C
:204B00005B7BBA789A420DD00221786800F032F8FB68BA7883F858287B68BA785A737B6862
:204B200002221A737B681B7BFA789A421ED0FB78052B13D10221786800F01CF8FA68B2F875
:204B4000403843F48063A2F84038FB68B3F84238C3F38023DBB2012BF7D104E0FB78194699
:204B6000786800F007F87B68FA781A7300BF1037BD4680BD80B485B000AF78600B46FB7092
:204B80007B685B68FB60FA68B2F8403823F48063A2F84038FB7803F00303D9B2FA68B2F881
:204BA000403861F30923A2F84038FB68B3F842389BB203F4E062FB781B029A42F5D100BFEC
:204BC00000BF1437BD465DF8047B704780B485B000AF786039607B68FB600C4AFB6813604A
:204BE0003B681A68FB689A603B685A68FB68DA60FB6800225A60FB68054A1A600023184645
:204C00001437BD465DF8047B704700BFA8B000204347430080B588B000AFF8600B467A6018
:204C2000FB72FB68FB610023BB6100233B61FB7A052B02D0FB7A062B0DD107F1100307F14C
:204C40001402F97A786800F0B7F9B861BB69002B01D0BB6929E0FB7A184600F0F5F80346EC
:204C60001A46FB7A1146184600F006F90346002B02D140F2931318E0012000F01AF8FB7A0C
:204C8000052B02D0FB7A062B06D13B6907F11402F97A786800F0CEF9FB7A0021184600F0F5
:204CA00019F9012000F01AF8002318462037BD4680BD80B582B000AF0346FB710120FEF7C6
:204CC000D1FDFB79012B05D10020FEF795FA0020FEF7C8FD00BF0837BD4680BD80B582B06D
:204CE00000AF0346FB71FB79012B07D10020FEF769FD064B1B6A184600F07AF80120FEF7B1
:204D000061FD00BF0837BD4680BD00BF00E0014080B483B000AF78601A4B1B68B3F5004F4A
:204D200001D0002327E0184B93F83630DBB2002B17D0154B93F83830DBB2002B11D0124B3C
:204D400093F83230DBB2002B0BD00F4B93F82A30DBB2002B05D00C4B93F84A30DBB2002BF3
:204D600001D1002307E07B6803F0EE43002B01D0002300E0012318460C37BD465DF8047BB5
:204D8000704700BFDCAE002000E0014080B485B000AF78600B46FB70FB78002B0BD07B68CA
:204DA000FB60FB6803F0443323F480030E4A934201D0002311E00D4B93F82A30DBB2002B2A
:204DC00005D10A4B93F84A30DBB2002B01D0012300E0002303F00103DBB218461437BD46C3
:204DE0005DF8047B704700BF4444044400E0014080B584B000AF7860104B93F84030FB73C4
:204E00007868FFF785FF0346002B03D00420FEF7F3F90FE0FB7B19467868FFF7B7FF034653
:204E2000002B07D0064B1B68064A934202D80320FEF7E2F900BF1037BD4680BD00E0014043
:204E4000DCAE002040420F0080B483B000AF0346FB71FB79074A52F823301B78DBB2002B9F
:204E60000CBF01230023DBB218460C37BD465DF8047B7047E4CA020080B487B000AF034651
:204E80000A46FB711346BB7116237B61FB7901229A407B691340002B01D0012312E00C4BAB
:204EA00093F83C30DBB23B61FB793A6922FA03F303F00103FB60BB79FA689A420CBF0123F6
:204EC0000023DBB218461C37BD465DF8047B704700E0014080B483B000AF03460A46FB71A7
:204EE0001346BB71FB790A4A52F82330BA791A70FB79074A52F823301B78DBB2BA799A427A
:204F0000F6D100BF00BF0C37BD465DF8047B7047E4CA020080B489B000AFF8600B467A602C
:204F2000FB72114BFB61FB681B78002B01D10F4BFB61FB685B880133FA6902FB03F35B0870
:204F4000BB61FB685B7801337B61BA697B69B2FBF3F33B617B683A691A60002318462437DD
:204F6000BD465DF8047B704700366E01002D310180B487B000AF78600023FB827B681B7897
:204F8000002B01D10123FB827B685B88BB827B685B787B82BB8A1B0203F47C52FB8A1B01F5
:204FA0001A437B8A1343FB60FB6818461C37BD465DF8047B7047FFFF80B588B000AFF860CA
:204FC0007A603B600B46FB72F868FFF7D1FFB861FB7A052B02D1154BFB6101E0144BFB618F
:204FE000FB691B889BB21A46BB69934209D0FB7A1846FFF729FF0346002B02D040F291131E
:205000000FE0FB7A7A681946F868FFF783FF78617B69002B01D07B6903E03B68BA691A6053
:20502000002318462037BD4680BD00BF28E0014048E0014080B584B000AFF8607A603B6002
:205040000B46FB72FB7A052B04D1094B3A6892B21A8504E0064B3A6892B2A3F84820FB7AAC
:2050600079681846FEF702F900BF1037BD4680BD00E0014080B586B000AF786039607B682C
:205080007B6100F07DF93B685B683B613B691B78FB7397F90F30002B01DA0B2319E097F99B
:2050A0000F300E4A52F82330002B01D0082310E07B69FA7B1A713B681B68002B05D03B68F8
:2050C0001B681946786900F09BF97B69044A1A60002318461837BD4680BD00BF00000020EE
:2050E0000043544480B584B000AF786039607B68FB60FB6893F90430184600F0EFF9F86855
:2051000000F0D2F93968F86800F07AF9F86800F01DF90346002B01D0132300E0002318462E
:205120001037BD4680BDFFFF80B588B000AFF860B9607A607B80FB68FB61FB691B79FB7660
:2051400097F91B301F4A52F823307B6197F91B30184600F0C3F9F86900F0A6F91A4B08222E
:205160001A74BB68002B02D0BA687B695A607B68002B02D07A687B699A607B69DB7823F0D7
:205180003F03DBB2802B03D17B697A889A8109E07B69DB7823F03F03DBB2002B02D17B69DC
:2051A0007A88DA81084B18221A74F86900F0CEF80346002B01D0132300E00023184620372D
:2051C000BD4680BD000000200054004080B483B000AF78600B46FB70062318460C37BD4664
:2051E0005DF8047B704780B483B000AF7860062318460C37BD465DF8047B704780B584B075
:2052000000AF78607B68FB60F86800F09FF8034618461037BD4680BD80B584B000AF7860C4
:205220007B68FB60FB6893F90430184600F056F9002318461037BD4680BDFFFF80B485B001
:2052400000AF786039607B68FB60FB6893F904301A461F4B53F82230BB603B6800221A600C
:205260003B6800225A60BB68DB7823F03F03DBB2002B1BD03B684FF480729A60BB68DB89E8
:205280009BB2DAB23B68DA60BB68DB7823F03F03DBB2802B14D13B684FF480321A60BB683B
:2052A0009B899BB21A463B685A6009E03B684FF480329A60BB68DB899BB21A463B68DA6034
:2052C000002318461437BD465DF8047B704700BF0000002080B485B000AFF860B9607A6032
:2052E0003B60062318461437BD465DF8047B704780B485B000AFF860B9607A603B6006238C
:2053000018461437BD465DF8047B704780B586B000AF78607B687B6100233B617B691B796E
:20532000FB7397F90F30184600F0D8F897F90F30054A002142F823107B6900221A603B6942
:2053400018461837BD4680BD0000002080B483B000AF786009497B6893F9043003F1C002A7
:2053600051F8223043F0807341F82230002318460C37BD465DF8047B704700BF0060004030
:2053800080B584B000AF1A4B1B7883F00103DBB2002B29D0164B01221A700023FB60EFF367
:2053A00010833B603B68FB6001237B607B6883F3108800BF0F4B1B680E4A23F480031360D0
:2053C0000C4B1B68FB68BB60BB6883F3108800BF4FF4C0720021084815F00EFF074B064AEB
:2053E0005A61064B01221A7300BF1037BD4680BDACB00020004008400000002000540040F3
:2054000080B582B000AF78603960386800F016F8084B08221A747B6893F904301946064A0A
:205420003B6842F82130034B18221A7400BF0837BD4680BD005400400000002080B485B0CD
:2054400000AF78600023FB60FB681B017A681344DB7823F03F03DBB2002B12D0FB681B01CE
:205460007A681344DB899BB2FB72FB7A99B2FB681B017A6813440A46114609020A4492B219
:20548000DA81FB685A1CFA601B017A6813449B7823F03F03DBB2002BD6D100BF00BF143799
:2054A000BD465DF8047B704780B485B000AF78607B6893F9043043F40043FB60064BDB8941
:2054C0009BB21A46FB689342F8D000BF00BF1437BD465DF8047B70470054004080B483B0CD
:2054E00000AF0346FB71084997F9073003F1C00251F8223023F0807341F8223000BF0C374C
:20550000BD465DF8047B70470060004080B483B000AFEFF303837B607B683B603B88C3F30D
:2055200008039BB2DBB2103BDBB25BB218460C37BD465DF8047B704780B487B000AF03460F
:20554000FB710E4B1B6A7B61FB797A6922FA03F303F007033B617B691B0E03F00703FB60BE
:20556000074B1A68FB689A403B6922FA03F318461C37BD465DF8047B704700BF00E0014045
:20558000DCAE002080B400AF094B0122A3F80421074BB3F804319BB2002BF9D1044B012261
:2055A000A3F8002100BFBD465DF8047B704700BF00C0014080B483B000AF03463960FB71BE
:2055C00097F9073004493A6841F8232000BF0C37BD465DF8047B70471CAF002080B483B0B7
:2055E00000AF0346FB7197F90730044A52F8233018460C37BD465DF8047B70471CAF00207B
:2056000080B483B000AF0346FB710B4997F9073003F1C00251F8223023F4803341F82230FE
:20562000054A97F90730C03352F8233000BF0C37BD465DF8047B70470060004080B584B02B
:2056400000AF0346FB7197F907301846FFF7D8FFBFF35F8F00BF97F90730FB60FB6803F01D
:205660001F02074997F907305B09012000FA02F2603341F8232000BF1037BD4680BD00BF6B
:2056800000E100E080B584B000AF0346B9607A60FB73BB68DAB2094997F90F301201D2B220
:2056A0000B4483F8002397F90F3079681846FFF781FF00BF1037BD4680BD00BF00E100E0B3
:2056C00080B485B000AF0346FB7197F90730FB60FB6803F01F020749FB685B09012000FA32
:2056E00002F241F8232000BF1437BD465DF8047B704700BF00E100E080B582B000AF0346C3
:20570000FB7197F907301846FFF798FF97F907301846FFF7D5FF00BF0837BD4680BDFFFF40
:2057200080B485B000AF0346FB7197F90730FB60FB6803F01F020B4997F907305B09012063
:2057400000FA02F2203341F82320BFF34F8F00BFBFF36F8F00BF00BF1437BD465DF8047BED
:20576000704700BF00E100E080B584B000AF0346B9607A60FB7397F90F307A68B968184600
:20578000FFF780FF97F90F301846FFF7B5FF00BF1037BD4680BDFFFF80B584B000AF786089
:2057A00039607B68FB600023BB60FB683A685A603B681B78002B23D03B685A68FB681A647B
:2057C0003B68DA68FB689A64FB6800225A64184B01221A763B6893F911003B681B7CFA684E
:2057E0001946FFF7C1FF124B98221A753B6893F913003B689B7CFA681946FFF7B5FF05E0A2
:205800000B4B00221A760A4B00221A75F86800F0B1FAB860BB68002B01D0BB6803E0FB68DF
:20582000044A1A60BB6818461037BD4680BD00BF00E07F404E45504F80B586B000AFF86096
:20584000B9607A603B60FB683B6100237B613B685A083B699A633B69BA681A633B697A684D
:205860005A633B69002283F83C207B68B3F1006F04D2386916F038F9786103E0386900F0DD
:20588000C2F978617B6918461837BD4680BD80B588B000AFF860B9607A60FB687B610023DA
:2058A000FB617B69002283F83C20BB68B3F1006F19D20023BB61BB68B3F5803F06D2BB68CA
:2058C00023F4FF5323F01F03BB6105E0BB6823F4FF4323F07F03BB617A68B969786916F011
:2058E0000FF9F8610EE0BB6823F03F033B617A683969786900F0DAFAF861FB69002B01D063
:20590000FB6900E0FB6918462037BD4680BD80B588B000AFF860B9607A603B60FB687B61A9
:205920000023FB61BB68B3F1006F1DD27B69002283F83C203B6800221A70BB683B610023B5
:20594000BB610CE03A69BB6913441B78FF2B03D03B6801221A700EE0BB690133BB61BA69BC
:205960007B689A42EED306E03B687A68B968786900F090F9F861FB6918462037BD4680BD0F
:2059800080B483B000AF786039600B4BB3F884309BB203F08103002B03D13B6800221A70B9
:2059A00002E03B6801221A70002318460C37BD465DF8047B704700BF00E07F4080B487B09A
:2059C00000AFF860B9601346FB80FB687B6100233B6106233B613B6918461C37BD465DF863
:2059E000047B704780B487B000AFF860B9607A60FB687B6100233B6106233B613B69184647
:205A00001C37BD465DF8047B704780B485B000AF78607B68FB600023BB600623BB60BB68D2
:205A200018461437BD465DF8047B704780B584B000AF78607B68FB60F86816F065F80346F5
:205A400018461037BD4680BD80B584B000AF78600B46FB701346BB707B68FB600023BB60B5
:205A6000BA78FB781946F86816F046F8B860BB6818461037BD4680BD80B485B000AF78606E
:205A80007B68FB600023BB600623BB60BB6818461437BD465DF8047B704780B584B000AFD4
:205AA00078607B68FB60F86800F064F9034618461037BD4680BDFFFF80B483B000AF786009
:205AC00039603B68094A92E8030083E803003B68074A083392E8030083E8030000231846B1
:205AE0000C37BD465DF8047B704700BF4CCB0200F008002080B584B000AF78607B68FB60B7
:205B00000023BB60FB6800221A60FB685B6893F91130002B06DBFB685B6893F911301846F8
:205B2000FFF7FEFD0B4B00221A76FB685B6893F91330002B06DBFB685B6893F91330184618
:205B4000FFF7EEFD034B00221A75BB6818461037BD4680BD00E07F4080B487B000AFF8604C
:205B6000B9607A603B60FB687B617B69BA681A647B697A689A647B693A685A64002318464B
:205B80001C37BD465DF8047B704780B485B000AF78600B46FB700623FB60FB6818461437E8
:205BA000BD465DF8047B704780B485B000AF78600B46FB700623FB60FB6818461437BD4618
:205BC0005DF8047B704780B487B000AFF8600B467A60FB7206237B617B6918461C37BD4693
:205BE0005DF8047B704780B487B000AFF860B9607A603B6006237B617B6918461C37BD467D
:205C00005DF8047B704780B586B000AF786000237B61786800F088FA78617B69002B01D0FD
:205C20007B6932E07B685B681B78002B06D07B68012283F83C2000233B6102E07B68DB6890
:205C40003B613A690421786815F04AFF78617B685B681B78002B01D07B6916E018224FF44D
:205C60008051786915F058FF78617B689B6B002B02D07B69002BE4D015F04AFFF8607B690A
:205C8000002B01D1FB687B617B6918461837BD4680BDFFFF80B588B000AFF860B9607A6092
:205CA0003B60F86800F040FAF861FB69002B01D0FB6957E02D4B002283F8D0202B4ABB68CE
:205CC0001363BA687B681344284A013B5363284B71221A70264BD0221A70FB685B681B7858
:205CE000002B08D0FB68032283F83C203B6802221A70002336E0FB685B697A6892080132E2
:205D000002FB03F3BB6108E0BB69002B02D11423FB610AE0BB69013BBB61144BD3F8803097
:205D2000C3F3C033DBB2012BEED14FF4FC720021F86915F0F1FEF8610C4B93F8D430DBB24F
:205D4000012B03D13B6801221A7002E03B6800221A7015F0DDFE7861FB69002B01D17B69C4
:205D6000FB61FB6918462037BD4680BD00E07F4000007E4080B586B000AF78607B6800221A
:205D800083F83C201C20FFF7D7FB78611820FFF7D3FB38613E4B012283F816247B693D4AEE
:205DA000934202D84FF4FB736EE07B6903F5742303F23F23384AA2FB03239B0CFB603B6980
:205DC00003F5742303F23F23334AA2FB03239B0CBB60FB689BB2314A03F5F0539BB2A2F88E
:205DE000E430BB6843F6B85202FB03F32C4AA2FB03239A087B689A60BB6840F6D86202FBEE
:205E000003F3274AA2FB03239A087B68DA60BB685B00234AA2FB03239A087B681A61BB68C8
:205E2000542202FB03F31E4AA2FB03239A087B685A61BB684FF4FA2202FB03F3184AA2FB1A
:205E400003239A087B689A61BB6844F2506202FB03F3134AA2FB03239A087B685A62BB681A
:205E6000104A02FB03F30E4AA2FB03239A087B681A62BB680C4A02FB03F3094AA2FB032337
:205E80009A087B68DA61002318461837BD4680BD00E00140FF083D0083DE1B4300E07F406F
:205EA000ABAAAAAA80DE0F00A0F7030080B588B000AFF860B9607A600023FB61FB68BA68C7
:205EC0001A63FB687A689A63F86800F02DF9F861FB69002B02D04FF4FA7336E0FB685B68E7
:205EE0001B78002B06D0FB68022283F83C200023BB6102E0FB685B6ABB61164B0122A3F82C
:205F0000E020BA694021F86815F0F2FDF861FB685B681B78002B01D0FB6916E019224FF4C3
:205F20000051F86915F0F8FDF861FB689B6B002B02D0FB69002BE4D015F0EAFD7861FB698A
:205F4000002B01D17B69FB61FB6918462037BD4680BD00BF00E07F4080B584B000AFFFF73F
:205F6000D5FA0346BB7397F90E301846FFF736FBB8601E4B1B7CDBB27B601C4BD3F8802036
:205F80001B4B13403B607B6803F00803002B02D00423FB7319E07B6803F08003002B02D0EB
:205FA0000523FB7311E07B6803F01003002B0AD03B6803F44053002B02D00723FB7304E0C6
:205FC0000623FB7301E00723FB73B86815F09CFD97F90E301846FFF713FBFB7B1946B868CE
:205FE00000F06EF800BF1037BD4680BD00E07F404070F00080B584B000AF0023FB73FFF727
:2060000085FA03467B7397F90D301846FFF7E6FAB86097F90D301846FFF7F2FABB6893F8F6
:206020003C30012B17D1BB689B6B002B0ED000220421B86815F054FD78607B68002B2BD010
:20604000B86815F061FD0723BB7325E00123BB730123FB7320E0BB6893F83C30022B0ED156
:20606000BB689B6B002B05D000224021B86815F03FFD11E00023BB730123FB730CE001232F
:20608000FB730E4B93F8D430DBB2012B02D10323BB7301E00223BB73FB7B002B0AD015F016
:2060A00037FDBB68002283F83C20BB7B1946B86800F006F800BF1037BD4680BD00E07F4008
:2060C00080B586B000AF78600B46FB707B685B6C7B617B69002B03D107F10C037B6106E0E0
:2060E0007A6907F10C0392E8030083E803007B69FA781A707B689A6C7B695A607B681B6CFA
:20610000786998477B685B6C002B08D07B685B6C1A4607F10C0393E8030082E8030000BF57
:206120001837BD4680BDFFFF80B584B000AF78600023FB604FF49643BB607B685B681B78F4
:20614000002B0DD07B685B6893F911301846FFF7D3FA7B685B6893F913301846FFF7CCFA14
:206160000C4B4AF68022A3F8842008E0BB68002B02D14FF4FA7309E0BB68013BBB60054B3B
:20618000B3F884309BB2802BF0D1FB6818461037BD4680BD00E07F4080B483B000AFEFF308
:2061A00003837B607B683B603B88C3F308039BB2DBB2103BDBB25BB218460C37BD465DF8C4
:2061C000047B704780B487B000AF0346FB710E4B1B6A7B61FB797A6922FA03F303F007039A
:2061E0003B617B691B0E03F00703FB60074B1A68FB689A403B6922FA03F318461C37BD4623
:206200005DF8047B704700BF00E00140DCAE002080B483B000AF03463960FB7197F907303E
:2062200004493A6841F8232000BF0C37BD465DF8047B70471CAF002080B483B000AF034619
:20624000FB7197F90730044A52F8233018460C37BD465DF8047B70471CAF002080B483B09F
:2062600000AF0346FB710B4997F9073003F1C00251F8223023F4803341F82230054A97F91A
:206280000730C03352F8233000BF0C37BD465DF8047B70470060004080B584B000AF0346A6
:2062A000FB7197F907301846FFF7D8FFBFF35F8F00BF97F90730FB60FB6803F01F02074938
:2062C00097F907305B09012000FA02F2603341F8232000BF1037BD4680BD00BF00E100E0AF
:2062E00080B584B000AF0346B9607A60FB73BB68DAB2094997F90F301201D2B20B4483F8AB
:20630000002397F90F3079681846FFF781FF00BF1037BD4680BD00BF00E100E080B485B0A7
:2063200000AF0346FB7197F90730FB60FB6803F01F020749FB685B09012000FA02F241F801
:20634000232000BF1437BD465DF8047B704700BF00E100E080B582B000AF0346FB7197F987
:2063600007301846FFF798FF97F907301846FFF7D5FF00BF0837BD4680BD80B584B000AFB6
:206380000346B9607A60FB7397F90F307A68B9681846FFF7A5FF97F90F301846FFF7DAFF8D
:2063A00000BF1037BD4680BD80B584B000AF786039607B68FB603B681B7C1A46012303FA15
:2063C00002F2FB68DA603968F86800F009F93968F86800F037F9FB68034A1A60002318466D
:2063E0001037BD4680BD00BF5450470080B485B000AF78607B68FB60FB689B68FA68D2683C
:206400009A60002318461437BD465DF8047B704780B485B000AF78607B68FB60FB689B6894
:20642000FA68D2685A60002318461437BD465DF8047B704780B485B000AF78607B68FB607E
:20644000FB689B68FA68D268DA60002318461437BD465DF8047B704780B58CB000AFF8602E
:20646000B9607A607B6803F003037B62FB683B624FF0FF337B610023BB6107F114027B68F3
:20648000B968386A00F053FA386A00F09EF8F8613B6A9B681B6BFB62BB69002B29D1022382
:2064A000BB627B6803F00803002B01D00423BB627B6803F00203002B11D03B6A99687A692E
:2064C000BB6A12339B000B445A603B6A9968BB6A01337A6912339B000B445A6009E03B6A55
:2064E00099687A6ABB6A13447A6912339B000B445A607B6803F04003002B07D03B6A9B68AC
:206500001A6C3B6A9B6842F480021A647B6A012B08D0FB6A23F44033FB62BB691B04FA6A3B
:206520001343FB627B68022B09D1BB69002B06D007F114020123B968386A00F0F8F97B6ADE
:20654000002B08D0FB6A23F04073FB62BB691B06FA6A1343FB623B6A9B68FA6A1A63FB6967
:2065600043F425431946386A00F024F8002318463037BD4680BD80B586B000AF78603960BC
:206580007B687B617B699B685B6E3B613B690133FB603B68FA689A60786900F03DFA02466E
:2065A0003B685A603B6801221A70002318461837BD4680BD80B483B000AF7860396000BFD8
:2065C0000C37BD465DF8047B704780B483B000AF7860002318460C37BD465DF8047B7047AA
:2065E00080B485B000AF786039607B683A685A607B6801221A747B68DB6803F00603002BF2
:2066000002D07B6800221A743B681B7C1A460C4B13441B02FB60FA687B689A603B685A69B0
:206620007B685A613B689A697B68DA617B6800229A6100BF1437BD465DF8047B704700BFA1
:206640009016400080B592B000AF786039603B68DB69BB6300237B63EFF31083BB61BB6902
:206660007B6301237B617B6983F3108800BF934B1A693B681B7C19464FF00043CB40DB43E6
:206680008E4913400B618D4B1B697B6B3B613B6983F3108800BF7B689B684FF425421A600B
:2066A0007B689B680022DA627B689B680022DA637B689B6800229A643B681B7A3B633B6BCF
:2066C000DB057B643B685B68013BFB623B681B78032B03D17B6C43F480337B647B689B682E
:2066E0007A6CDA62786800F0EBF87B689B68BA6B9269DA617B689B68BA6BD2691A627B68DF
:206700009B68FA6A9A667B689B68FA6A5A660023BB62BB6B9B6B3B644FF0FF33BB6000234E
:20672000FB603B681B78002B06D13B685B685B08013B7B627B6ABB603B681B78012B07D9A2
:206740003B68D96807F108020023786800F0EFF87B689B68BA685A657B689B68BA689A65AB
:206760003B681B78032B07D97B689B68BA68DA657B689B68BA681A66FB681B04BA6A13430A
:20678000BB62FB681B06BA6A1343BB62BB6B9B6B002B1ED1BB6B1B78002B0AD0BB6B5B78C4
:2067A0001946386800F04FF938623A6C3B6A13433B64BB6B9B78002B0BD0BB6BDB781946B1
:2067C000386800F040F9F861FB691B043A6C13433B64786800F062F97B689B6800229A6349
:2067E0007B689B680022C3F88820BB6B9B6B002B0DD1BB6B93F820305B033A6C13433B64FF
:20680000BB6B93F821305B073A6C13433B644FF4AA03FB63BB6B93F83030002B02D04FF4DA
:20682000A003FB637B689B68FA6B1A643B681B78012B07D17B689B680022DA647B689B6828
:2068400000221A657B689B683A6C5A637B689B68BA6A42F003021A637B689B68BA6A42F054
:2068600001021A637B689B687A68D268DA604AF201517868FFF79EFE3B6893F912003B6878
:206880005B7C7A68194600F03CF8BB6B93F92400BB6B93F822307A68194600F032F8BB6B62
:2068A00093F92500BB6B93F823307A68194600F028F800BF4837BD4680BD00BF004008400D
:2068C00080B483B000AF78607B689B684FF000421A617B689B684FF000425A617B689B68E0
:2068E0004FF000429A617B689B6800225A627B689B6800229A6200BF0C37BD465DF8047B7B
:20690000704780B584B000AF0346B9607A60FB7397F90F30002B06DB97F90F307A68B96851
:206920001846FFF72AFD00BF1037BD4680BD80B48BB000AFF860B9607A603B60FB689B682C
:206940009B6EFB61FB690133FB61BB68002B0CBF01230023FB76BA68FB699A422CBF01239C
:206960000023BB76FB7E002B02D1BB7E002B44D03B6803F00103002B07D1FB689B685B6B0B
:20698000C3F30403DBB27B6206E0FB689B685B6BC3F30443DBB27B62FB685B681B78032B70
:2069A00009D97B6A03F01003002B0CBF0123002387F8233008E07B6A03F00C03042B0CBF32
:2069C0000123002387F82330FB7E002B06D097F8233083F00103DBB2002B06D1BB7E002BD8
:2069E00007D097F82330002B03D07B6802225A600CE07B6803225A6008E0BB687B617B69A6
:206A0000013B7B617B687A691A6000BF00BF2C37BD465DF8047B704780B584B000AF7860BF
:206A20007B689B68DB6AC3F3C353DBB2FB730020FFF7C8FBB860FB7BBA6822FA03F318466B
:206A40001037BD4680BD80B485B000AF78600B46FB70FB789A01FB781B01134343F48073E6
:206A6000BB600923FB607B681B78022B0BD07B681B78032B02D10323FB6004E0FB78002B7C
:206A800001D10623FB60BA68FB681343BB60BB6818461437BD465DF8047B704780B485B0E7
:206AA00000AF78607B685B68DB69FB60FB6893F8303003F00103DBB2002B05D0FB689A6AD1
:206AC0007B689B68013ADA64FB6893F8303003F00203DBB2002B05D0FB68DA6A7B689B68F7
:206AE000013A1A6500BF1437BD465DF8047B704790B589B000AFF8600B467A60FB72FB68C4
:206B00009B69FB61FB69002B03D107F11003FB6105E0FA6907F1100307CA83E80700FB6951
:206B2000FA7A1A71FB697A689A60FB68DA69FB691A60FB685B69F8699847FB689B69002B99
:206B400008D0FB689B691C4607F1100393E8070084E8070000BF2437BD4690BD80B584B0C1
:206B600000AFFFF719FB0346FB7397F90F301846FFF774FB97F90F301846FFF75DFBB86080
:206B8000BB685B681B78012B20D1B868FFF71DFD7860BB689B68BA68D2689A60BB689B68B5
:206BA00000229A64BB689B680022DA64BB689B6800221A657B6843F425431946B868FFF771
:206BC000F9FC97F90F301846FFF766FBBB685B69002B04D000220021B868FFF789FF00BFB6
:206BE0001037BD4680BD80B483B000AFEFF303837B607B683B603B88C3F308039BB2DBB2D9
:206C0000103BDBB25BB218460C37BD465DF8047B7047FFFF80B483B000AF0346FB7197F907
:206C20000730044A52F8233018460C37BD465DF8047B70471CAF002080B483B000AF0346B9
:206C4000FB710B4997F9073003F1C00251F8223023F4803341F82230054A97F90730C033FE
:206C600052F8233000BF0C37BD465DF8047B70470060004080B586B000AFFFF7B4FF03463B
:206C8000BB7597F916301846FFF7C4FF38610023FB753B695B79FB73174AFB7BD35CC3F309
:206CA0000103DBB2BB73BB7B032B02D10123FB7504E097F916301846FFF7BEFF3B69002BB0
:206CC0000ED03B699B68002B0AD03B695B79BB603B69DB687B603B699B683A1D10469847A2
:206CE000FB7D002B04D097F916301846FFF7A4FF00BF1837BD4680BD0060004080B483B0FB
:206D000000AF0346FB800A49FB881B0A9BB21A46FB88DBB21201134451F82330C3F3400349
:206D2000DBB218460C37BD465DF8047B704700BF0008084080B485B000AF0023FB60EFF310
:206D400010837B607B68FB600123BB60BB6883F3108800BF0D4B1B68002B05D10C4B002203
:206D6000DA700B4B4022DA70084B1B680133074A1360FB683B603B6883F3108800BF00BFCC
:206D80001437BD465DF8047B704700BF18AF0020000D084080B485B000AF0023FB60EFF3A7
:206DA00010837B607B68FB600123BB60BB6883F3108800BF0F4B1B68002B04D00D4B1B6841
:206DC000013B0C4A13600B4B1B68002B05D10A4B0022DA70084B8022DA70FB683B603B6833
:206DE00083F3108800BF00BF1437BD465DF8047B704700BF18AF0020000D084080B584B0CA
:206E000000AF786039607B68FB60FB68044A1A60386800F052F8002318461037BD4680BD07
:206E200054524F5080B584B000AFF8600B467A607B817B891846FFF761FF0346DAB27B6806
:206E40001A70002318461037BD4680BD80B487B000AF78600B467B8013467B700023FB827E
:206E60000023BB827B8823F0FF037B827B88DBB23B823B8A012202FA03F3FB817B78002BDC
:206E800002D1FB89BB8201E0FB89FB827B8A1B0A9BB2DBB25B0103F1804303F50023BB602F
:206EA000BB8A1A04FB8A1A43BB689A60002318461C37BD465DF8047B704780B584B000AFF6
:206EC0007860786800F060F87B68BB60FFF732FF0023FB8111E0BB685A68FB89DB00134462
:206EE0009888BB685A68FB89DB0013441B68194600F00EF8FB890133FB81BB681B88FA8982
:206F00009A42E8D3FFF746FF00BF1037BD4680BD80B483B000AF03463960FB803B6803F44C
:206F20008033002B1CD01749FB881B0A9BB21A46FB88DBB212011A4451F8223023F48033EC
:206F400041F822300F48FB881B0A9BB21946FB88DBB23A6822F4803209010B4440F82320AD
:206F60000849FB881B0A9BB21A46FB88DBB2120113443A6841F8232000BF0C37BD465DF879
:206F8000047B70470008084080B588B000AF7860594B7B61594B3B610023FB619FE0002396
:206FA000BB6195E07B685A68FB69DB0013449A885349BB6931F813309A4240F086807B68C2
:206FC0005A68FB69DB0013441B6803F0F853FB60FB68B3F1807F03D0FB68B3F1106F39D1D4
:206FE0007B6993F8BB34DAB20121BB6901FA03F3DBB21340DBB2002B13D10120FCF732FCB2
:207000007B6993F8BB34DAB20121BB6901FA03F3DBB21343DAB27B6983F8BB240120FCF78E
:20702000D1FB3B69BA69203213F81230C3F3C013DBB2002B49D13A69BB6903F1200112F8DD
:20704000113043F0800302F811300121C820FCF737FA3AE07B6993F8BB34DAB20121BB6986
:2070600001FA03F3DBB21340DBB2002B15D00120FCF7F8FB7B6993F8BB34DAB20121BB696B
:2070800001FA03F3DBB2DB43DBB21340DAB27B6983F8BB240120FCF795FB3B69BA692032ED
:2070A00013F81230C3F3C013DBB2002B0DD03A69BB6903F1200112F8113023F0800302F8AE
:2070C00011300121C820FCF7FBF9BB690133BB61BB69022B7FF666AFFB690133FB617B6858
:2070E0001B881A46FB699342FFF459AF00BF00BF2037BD4680BD00BF00E0014000300840EC
:20710000B0CB020080B584B000AF786039607B68FB60FB683A685A60386800F029F8B860A3
:20712000BB68002B01D0BB6803E0FB68034A1A60002318461037BD4680BD00BF4D504C52FE
:2071400080B584B000AF78607B68FB6000F008FA0120FCF787FBF86800F040F9B8600120B7
:20716000FCF730FBBB6818461037BD4680BDFFFF80B586B000AF786000237B6100233B613B
:207180000023FB600120FCF76DFB00F0E9F97B681B78002B00F0D1807B681B78042B6BD160
:2071A0007B68D3E908237149D3B281F802347B68D3E908014FF000024FF00003020A42EAB4
:2071C00001620B0A6949D3B281F803347B68D3E908014FF000024FF00003020C42EA0142A8
:2071E0000B0C6249D3B281F804347B68D3E908014FF000024FF00003020E42EA01220B0EF4
:207200005A49D3B281F805347B68D3E90A235749D3B281F80A347B68D3E90A014FF0000201
:207220004FF00003020A42EA01620B0A4F49D3B281F80B347B68D3E90A014FF000024FF05D
:207240000003020C42EA01420B0C4849D3B281F80C34FB6843F08003FB607B689B7F03F064
:207260000303FA681343FB607B685B7F9B0103F04003FA681343FB607B681B78032B3AD1A4
:207280007B68D3E90423134301D101237B617B68D3E9042335491346C1F898307B68D3E943
:2072A00004014FF000024FF000030A0000232F491346C1F888307B681B7F5B007A691343C6
:2072C0007B617B685B8B2A4AC3F3080399B2B2F8003261F30803A2F800327B681A8B234B8C
:2072E000D2B283F894207B681B8B1B0A9AB21F4BD2B283F895204FF480433B613B6943F446
:2073000000433B617B681B78002B7B681B78012B7B68D3E9022316491346C1F8A0317B6862
:20732000D3E902014FF000024FF000030A0000230F491346C1F8A43102E04FF480433B611B
:207340000A4B3A6992B29A81084B7A69D2B283F89220064BFA68D2B283F800240120FCF705
:2073600031FA002318461837BD4680BD00E001400060004080B483B000AF78607B68002B15
:2073800001D005231CE0114B1B78DBB2012B01D0052315E00E4B1B78DBB2012B01D00523C4
:2073A0000EE00C4B1B78DBB2012B01D0052307E0094B1B78DBB2012B01D0052300E00023C0
:2073C00018460C37BD465DF8047B704738E0014032E001402AE001404AE0014080B588B0AF
:2073E00000AF78600023FB615A4B3B610023BB6100237B61584BFB60584B9B89C3F3C0339A
:20740000DBB2012B62D1554B93F82630DBB2BB603B691B78DBB203F00303FB614F4B93F819
:20742000AA30C3F30003DBB2BB614C4B93F80034C3F3C013DBB2002B13D1484B93F89230B5
:20744000C3F30003DBB2012B07D1B868FFF792FF0346002B01D0052377E00020FCF702FA68
:2074600025E00020FCF7FEF93C4A92F80E3423F0010382F80E34394B93F80634374B0022EB
:2074800083F80624354B93F80734344B002283F80724324B93F80834304B002283F8082432
:2074A0002E4B93F809342D4B002283F80924FB681B78DBB2DB0903F001037B61FB681B7819
:2074C000DBB203F07F03DAB2FB681A707B685B681B78032B09D1214A92F8923043F0800383
:2074E00082F892301D4B93F89230BFF34F8F00BF30BF1A4A92F8923023F0800382F89230DB
:20750000164B9B89C3F3C033DBB2012B1CD100F027F8FB69DBB203F00303DAB23B691A70E4
:20752000BB69DBB20D4A03F00103DBB282F8AA30FB681B78DAB27B69DBB21343DAB2FB6833
:207540001A700020FCF73EF9002318462037BD4680BD00BFA0E0014040E0014000E001403D
:2075600080B400AF064B93F8AA30C3F30013DBB2002BF7D100BF00BFBD465DF8047B70471D
:2075800000E0014080B483B000AF0346FB7197F90730002B0DDB0A4A97F907305B0952F85C
:2075A0002320FB7903F01F0322FA03F303F0010300E0002318460C37BD465DF8047B7047C4
:2075C00000E100E080B483B000AFEFF303837B607B683B603B88C3F308039BB2DBB2103B6A
:2075E000DBB25BB218460C37BD465DF8047B704780B483B000AF03463960FB7197F9073097
:2076000004493A6841F8232000BF0C37BD465DF8047B70471CAF002080B483B000AF034625
:20762000FB7197F90730044A52F8233018460C37BD465DF8047B70471CAF002080B483B0AB
:2076400000AF0346FB710B4997F9073003F1C00251F8223023F4803341F82230054A97F926
:207660000730C03352F8233000BF0C37BD465DF8047B70470060004080B584B000AF0346B2
:20768000FB7197F907301846FFF7D8FFBFF35F8F00BF97F90730FB60FB6803F01F02074944
:2076A00097F907305B09012000FA02F2603341F8232000BF1037BD4680BD00BF00E100E0BB
:2076C00080B584B000AF0346B9607A60FB73BB68DAB2094997F90F301201D2B20B4483F8B7
:2076E000002397F90F3079681846FFF781FF00BF1037BD4680BD00BF00E100E080B485B0B4
:2077000000AF0346FB7197F90730FB60FB6803F01F020749FB685B09012000FA02F241F80D
:20772000232000BF1437BD465DF8047B704700BF00E100E080B582B000AF0346FB7197F993
:2077400007301846FFF798FF97F907301846FFF7D5FF00BF0837BD4680BDFFFF80B485B073
:2077600000AF0346FB7197F90730FB60FB6803F01F020B4997F907305B09012000FA02F27E
:20778000203341F82320BFF34F8F00BFBFF36F8F00BF00BF1437BD465DF8047B704700BF05
:2077A00000E100E080B584B000AF786039607B68FB600023BB60FB683A685A603B685A69DE
:2077C000FB68DA603B689A69FB685A61FB6800221A61FB6800221A723968F86800F03EF90F
:2077E0003968F86800F0A4F9FB68034A1A60BB6818461037BD4680BD4354520090B585B066
:2078000000AF786039600023FB607B68BB60002000F0E6F83B681B68DBB22C4C184600F065
:207820008FFA0346A3703B685B68DBB2274C184600F086FA034623713B689B68DBB21846C1
:2078400000F07EFA03461A46204B02F03F02D2B29A713B689B69DBB21C4C184600F070FA96
:20786000034623723B68DB68DBB2184C184600F067FA0346A3723B681B69DBB20133DBB2D1
:20788000124C184600F05CFA034623733B685B69DBB2643BDBB2184600F052FA03461A46A4
:2078A0000A4BDA81BB685B681B78002B05D1BB685B689B68184600F0ADF9012000F090F828
:2078C000FB6818461437BD4690BD00BF0030084080B586B000AF786039607B687B610023A8
:2078E0003B617B695B6893F911301846FFF74AFEF860FB68002B0AD10221012000F04CF9A2
:207900007B695B6893F911301846FFF713FF7B6900221A72314B9B78DBB2184600F036FA61
:2079200003461A463B681A602C4B1B79DBB2184600F02CFA03461A463B685A60274B9B79E9
:20794000DBB203F03F03DBB2184600F01FFA03461A463B689A60214B1B7ADBB2184600F04F
:2079600015FA03461A463B689A611C4B9B7ADBB2184600F00BFA03461A463B68DA60174B6D
:207980001B7BDBB2184600F001FA03465A1E3B681A61124BDB899BB2DBB2184600F0F6F9C4
:2079A000034603F164023B685A617B691B7ADBB2002BACD1FB68002B0AD10221002000F07C
:2079C000EBF87B695B6893F911301846FFF7C6FE3B6918461837BD4680BD00BF0030084070
:2079E00080B483B000AF0346FB710E4AFB7903F00103D9B292F8243061F3000382F824306B
:207A0000084B93F82430C3F30003DBB21A46FB799A42F5D100BF00BF0C37BD465DF8047BE0
:207A2000704700BF0030084080B400AF0A4A92F8243043F0020382F82430074B93F824300C
:207A4000C3F34003DBB2002BF7D100BF00BFBD465DF8047B704700BF0030084080B584B001
:207A600000AF786039607B685B68304A1B7882F828300121C820FBF723FD0020FFF7B0FF80
:207A80007B685B681B78012B07D1284B00225A853B685A68254B92B29A85244B002283F8F1
:207AA0002420224B93F82430C3F3C013DBB2002BF7D1FFF7B9FF1D4B002283F822201B4BD2
:207AC00093F82230DBB2002BF9D1184A92F8243043F0400382F82430144B93F82430C3F3CF
:207AE0008013DBB2012BF7D10023FB7316E00F49FB7B03F1200211F8123023F0800301F82D
:207B000012300A4AFB7B203312F81330C3F3C013DBB2002BF5D1FB7B0133FB73FB7B002BF9
:207B2000E5D000BF00BF1037BD4680BD0030084080B582B000AF786039603B6893F90F301E
:207B4000002B08DB3B6893F90F003B689B7B7A681946FFF7B5FD3B6893F90D30002B08DBBD
:207B60003B6893F90D003B681B7B7A681946FFF7A7FD3B6893F91130002B08DB3B6893F908
:207B800011003B681B7C7A681946FFF799FD00BF0837BD4680BDFFFF80B483B000AF034632
:207BA0000A46FB711346BB71FB79002B14D0184B93F82230DAB21649BB791343DBB281F846
:207BC0002230134B93F82230DAB2BB791340DBB2BA799A42F5D114E00D4B93F82230DAB2EE
:207BE000BB79DB43DBB20A491340DBB281F82230074B93F82230DAB2BB791340DBB2002BAE
:207C0000F6D100BF0C37BD465DF8047B704700BF0030084080B485B000AF78600023FB7355
:207C20007B681B78BB737B685B787B737B689B783B737B685B68BB60334B93F82430C3F384
:207C40000013DBB21A46BB7B93421ED02E4B002283F82E202C4B93F82E30DBB2002BF9D1E5
:207C6000294ABB7B03F00103D9B292F8243061F3041382F82430244B93F82430C3F30013AB
:207C8000DBB21A46BB7B9A42F5D1BB7B012B1ED11D4B93F82430C3F34013DBB21A467B7B9B
:207CA000934214D0184A7B7B03F00103D9B292F8243061F3451382F82430134B93F824309C
:207CC000C3F34013DBB21A467B7B9A42F5D13B7B9B01DAB2BB68DBB203F03F03DBB2134370
:207CE000FB73094AFB7B82F82E30074B93F82E30DBB2FA7B9A42F8D100BF00BF1437BD46C7
:207D00005DF8047B704700BF0030084080B582B000AFFFF757FC0346FB7197F90730184668
:207D2000FFF77AFC38603B6801221A7297F907301846FFF783FC00BF0837BD4680BDFFFF17
:207D400080B483B000AF0346FB71FB790E4AA2FB0323DB08DBB25BB21B0158B2FA790A4B5E
:207D6000A3FB0213D9080B469B000B445B00D31ADBB25BB203435BB2DBB218460C37BD46CE
:207D80005DF8047B704700BFCDCCCCCC80B483B000AF0346FB71FB791B09DBB21A46920086
:207DA00013445B00DAB2FB7903F00F03DBB21344DBB218460C37BD465DF8047B704780B438
:207DC00083B000AFEFF303837B607B683B603B88C3F308039BB2DBB2103BDBB25BB218465F
:207DE0000C37BD465DF8047B7047FFFF80B483B000AF03463960FB7197F9073004493A689A
:207E000041F8232000BF0C37BD465DF8047B70471CAF002080B483B000AF0346FB7197F910
:207E20000730044A52F8233018460C37BD465DF8047B70471CAF002080B483B000AF0346A7
:207E4000FB710B4997F9073003F1C00251F8223023F4803341F82230054A97F90730C033EC
:207E600052F8233000BF0C37BD465DF8047B70470060004080B584B000AF0346FB7197F9D8
:207E800007301846FFF7D8FFBFF35F8F00BF97F90730FB60FB6803F01F02074997F9073071
:207EA0005B09012000FA02F2603341F8232000BF1037BD4680BD00BF00E100E080B584B011
:207EC00000AF0346B9607A60FB73BB68DAB2094997F90F301201D2B20B4483F8002397F965
:207EE0000F3079681846FFF781FF00BF1037BD4680BD00BF00E100E080B485B000AF034667
:207F0000FB7197F90730FB60FB6803F01F020749FB685B09012000FA02F241F8232000BFFB
:207F20001437BD465DF8047B704700BF00E100E080B582B000AF0346FB7197F907301846F8
:207F4000FFF798FF97F907301846FFF7D5FF00BF0837BD4680BDFFFF80B485B000AF034608
:207F6000FB7197F90730FB60FB6803F01F020B4997F907305B09012000FA02F2203341F8E2
:207F80002320BFF34F8F00BFBFF36F8F00BF00BF1437BD465DF8047B704700BF00E100E0C8
:207FA00080B584B000AF0346B9607A60FB7397F90F307A68B9681846FFF780FF97F90F308B
:207FC0001846FFF7B5FF00BF1037BD4680BDFFFF80B584B000AF786039607B68FB6000236B
:207FE000BB603B681B7803F5800303F58C531B021A46FB689A60FB683A685A603B689A699F
:20800000FB681A623B68DA69FB689A62FB6800225A62F86800F020F9B860BB68002B01D05B
:20802000BB682AE0F86800F043F83B6893F901003B685B79FA681946FFF7B2FF3B6893F94A
:2080400002003B689B79FA681946FFF7A9FF3B6893F903003B68DB79FA681946FFF7A0FF89
:208060003B6893F904003B681B7AFA681946FFF797FFFB68034A1A60BB6818461037BD4653
:2080800080BD00BF5349435380B586B000AFF860B9607A60FB70FB687B617B680022B9687D
:2080A000786900F03BF9034618461837BD4680BD80B48FB000AF78607B685B683B623B6AA3
:2080C0001B6AFB618023BB6100237B63E2233B630023FB62FF23BB6200237B62FB695B7866
:2080E000C3F30103DBB21A46BB691343BB61FB699B785BB2002B06DA7B6A43F004037B62B8
:20810000FB699B78BB623B6A5B7A012B0BD1FB6A43F00403FB62FB6A43F00103FB627B6B6E
:2081200043F002037B633B6A9B7A012B08D13B6ADB7A002B10D1FB6A43F04003FB620BE041
:20814000FB6A43F08003FB623B6ADB7A012B03D1FB6A43F04003FB623B6A5B7B002B03D1FB
:208160003B6B43F008033B6300237B61EFF31083BB60BB687B610123FB60FB6883F31088FF
:2081800000BF344B5A683B6A1B7819464FF00043CB40DB432F4913404B602E4B5B687B6907
:2081A0003B613B6983F3108800BF7B689B6800229A707B689B681B797B689B6884221A710F
:2081C0007B689B684FF478429A827B689B68BA69D2B21A707B689B687A6BD2B29A707B684D
:2081E0009B683A6BD2B29A717B689B68FA6912785A707B689B68BA6AD2B29A747B689B6829
:208200007A6AD2B2DA717B689B68FA6AD2B25A737B689B6800221A727B689B6800225A72A8
:208220007B689B6800229A727B689B680022DA727B689B6800225A837B689B684022DA745B
:208240007B689B6802221A7700BF3C37BD465DF8047B70470040084080B586B000AF786049
:2082600000237B617B685B683B613B695B69002B1ED03B695B69FB60FB685B681B684FF48D
:2082800000221A607B689A68FB685B681B6805325A60FB689B681B68FA681068FA685268E4
:2082A0001146984778617B69002B01D07B6930E03B691B69002B2BD03B691B69BB60BB6827
:2082C0005B681B684FF000621A607B689A68BB685B681B6803329A60BB689B681B68BA68F5
:2082E0001068BA6852681146984778617B69002B0ED03B695B69002B08D03B695B699B6858
:208300001B6A3A6952691268104698477B6900E07B6918461837BD4680BDFFFF90B589B0BA
:2083200000AFF860B9607A603B60FB689B689B78DBB203F03003002B01D0082370E0FB68A2
:208340003A68DA61FB6800225A61FB6800229A61FB68BA68DA60FB687A681A61FB685B68DB
:208360001B69002B39D0FB683A685A61FB685B681B69FB61FB695B681B683A6892B2DA8194
:20838000BB68002B0CD1FB695B681A68D37823F00C03D370FB695B681B68234A5A600CE09C
:2083A000FB695B681A68D378022161F38303D370FB695B681B68BA685A60FB699B685B68D9
:2083C000FA691068FA695268126811469847B861BB69002B01D0BB6922E0FB685B685B69AC
:2083E000002B19D07B68002B16D0FB683A689A61FB685B685B697B617B699B689C687B69E0
:2084000018683B689BB27A680021A04738613B69002B01D03B6903E0F86800F007F80023D0
:2084200018462437BD4690BDADB0002080B584B000AF78602023FB607B681B69002B09D0BD
:208440007B685B681B69002B04D17B685B685B69002B03D0FB6843F08003FB607B681B69AF
:20846000002B03D0FB6843F05003FB607B689B689B78D9B2FB68DAB27B689B680A43D2B290
:208480009A707B685B681B69002B25D17B685B685B69002B20D17B681B69002B1CD07B68A0
:2084A0005B6893F901301846FFF756FD786800F017F87B685B685B7A012B06D17B68DB6911
:2084C000012B02D9786800F00BF87B685B6893F901301846FFF710FD00BF1037BD4680BDB8
:2084E00080B483B000AF78607B685A697B68DB699A4216D27B68DB68002B09D07B68DA68AE
:208500007B685B691A447B689B681278DA7003E07B689B680022DA707B685B695A1C7B6867
:208520005A6100BF0C37BD465DF8047B704790B587B000AF78600B46FB707B685B6A7B61AD
:208540007B69002B03D107F108037B6105E07A6907F1080307CA83E807007B685B681B7812
:208560001A467B691A607B69FA781A717B689A6A7B699A607B681B6A786998477B685B6AC7
:20858000002B08D07B685B6A1C4607F1080393E8070084E8070000BF1C37BD4690BD80B53F
:2085A00082B000AFFFF70BFC0346FB7197F907301846FFF741FC97F907301846FFF72AFC8F
:2085C00038603868FFF78CFF3B685A693B68DB699A4210D13B681B69002B0CD13B689B6803
:2085E0009B78DBB203F07B03DAB23B689B6842F00402D2B29A7000BF0837BD4680BD90B5EF
:2086000083B000AFFFF7DBFB0346FB7197F907301846FFF711FC97F907301846FFF7FAFBBF
:2086200038603868FFF75CFF3B689A693B68DB699A420CD23B689A683B6819693B689B69F9
:208640005C1C386884610B445279D2B21A703B689A693B68DB699A420CD13B689B689B78F6
:20866000DBB203F03B03DAB23B689B6842F00402D2B29A7000BF0C37BD4690BD80B582B08B
:2086800000AFFFF79CFB0346FB7197F907301846FFF7C0FB38603B689B689B78DAB23B6893
:2086A0009B6802F00302D2B29A7001213868FFF73EFF97F907301846FFF7BEFB00BF08376B
:2086C000BD4680BD80B582B000AFFFF778FB0346FB7197F907301846FFF79CFB38603B6839
:2086E0009B689B78DAB23B689B6802F00302D2B29A703B689B681B793B689B6884221A719C
:2087000004213868FFF713FF97F907301846FFF793FB00BF0837BD4680BD80B483B000AF8F
:20872000EFF303837B607B683B603B88C3F308039BB2DBB2103BDBB25BB218460C37BD4691
:208740005DF8047B7047FFFF80B483B000AF03463960FB7197F9073004493A6841F82320FA
:2087600000BF0C37BD465DF8047B70471CAF002080B483B000AF0346FB7197F90730044A9E
:2087800052F8233018460C37BD465DF8047B70471CAF002080B483B000AF0346FB710B4903
:2087A00097F9073003F1C00251F8223023F4803341F82230054A97F90730C03352F82330A6
:2087C00000BF0C37BD465DF8047B70470060004080B584B000AF0346FB7197F90730184677
:2087E000FFF7D8FFBFF35F8F00BF97F90730FB60FB6803F01F02074997F907305B09012018
:2088000000FA02F2603341F8232000BF1037BD4680BD00BF00E100E080B584B000AF034634
:20882000B9607A60FB73BB68DAB2094997F90F301201D2B20B4483F8002397F90F307968D3
:208840001846FFF781FF00BF1037BD4680BD00BF00E100E080B485B000AF0346FB7197F921
:208860000730FB60FB6803F01F020749FB685B09012000FA02F241F8232000BF1437BD4640
:208880005DF8047B704700BF00E100E080B582B000AF0346FB7197F907301846FFF798FF50
:2088A00097F907301846FFF7D5FF00BF0837BD4680BDFFFF80B485B000AF0346FB7197F930
:2088C0000730FB60FB6803F01F020B4997F907305B09012000FA02F2203341F82320BFF380
:2088E0004F8F00BFBFF36F8F00BF00BF1437BD465DF8047B704700BF00E100E080B58AB0E5
:2089000000AF786039607B687B623B681B781A460123934003F00603002B0AD03B68DB6902
:208920005B681B7803F00803DBB2002B01D00323CAE03B681B7803F5800303F58C531B02E5
:208940001A467B6A1A627B6A00221A707B6A3A68DA613B685A697B6A5A623B689A697B6A71
:20896000DA627B6A00229A627A6A9378012161F3010393703B685B78002B05D17A6A9378E6
:20898000022161F3010393703968786A00F0C1F9786A00F006F900233B62EFF31083FB60CB
:2089A000FB683B6201233B613B6983F3108800BF474B5A683B681B7819464FF00043CB4010
:2089C000DB43434913404B60414B5B683B6A7B617B6983F3108800BF7B6A1B6A00229A70D8
:2089E0007B6A1B6A00221A717B6A1B6A00225A727B6A1B6A00229A727B6A1B6A0022DA7298
:208A00007B6A1B6A00225A833B681B781A46012303FA02F240F219231340002B03D07B6A9E
:208A20001B6A4022DA747B6A1B6A06221A773968786A00F0C0F87B6A0022DA607B6A00226B
:208A40001A617B6A00225A617B6A00229A613B68DB69FB61FB691B7803F00303BB61BB6964
:208A600043F01003BB617B6ADB6993F905301846FFF70CFF7B6ADB6993F90B301846FFF707
:208A800005FFBB6943F04003BB617B6ADB6993F907301846FFF7FAFE7B6ADB6993F90930F6
:208AA0001846FFF7F3FEBB6943F02003BB617B6A1B6ABA69D2B29A70FB695A897B6A1A81F9
:208AC0007B6A044A5A60002318462837BD4680BD004008405549435380B487B000AFF8605B
:208AE000B9607A60FB687B6100233B617B69BA685A617B697A689A613B6918461C37BD46AB
:208B00005DF8047B704780B487B000AFF860B9607A60FB687B617B691B6A9B78DAB27B693A
:208B20001B6A02F07B02D2B29A707B699B78C3F30103DBB21A467B689A1A7B691A617B693B
:208B40009B78C3F30103DBB21A46BB681A447B69DA607B691B6A9B78DAB27B691B6A62F0F9
:208B60007F02D2B29A707B699B7803F00303DBB2022B0AD1BB681B887A69126A6FEAC353CD
:208B80006FEAD3539BB2D38104E07B691B6ABA681278DA70002318461C37BD465DF8047BC7
:208BA000704780B483B000AF786000BF0C37BD465DF8047B704780B586B000AF78603960F5
:208BC0003B681B781A46012303FA02F240F219231340002B04D07B681B6A4FF478429A82A9
:208BE0003B689B781A013B68DB78DB0013437B61F2233B613B685B78032B04D17B6943F060
:208C000040037B6107E03B685B78002B03D13B6923F010033B617B681B6A7A69D2B21A701A
:208C20007B681B6A3A69D2B29A713B68DB69BB60BB681B7B082B04D17B681B6A0A225A7376
:208C400009E0BB681B7B5B00DAB27B681B6A02F00202D2B25A730023FB60BB685B78DB018C
:208C6000DBB2FA681343FB60BB689B785B0103F02003FA681343FB607B681B6A00221A7283
:208C8000BB681B78022B03D0BB681B78032B11D17B681B6AFF225A70BB681B78022B03D14E
:208CA000FB6843F01003FB607B681B6AFA68D2B2DA710DE07B681B6AFA68D2B2DA717B68AE
:208CC0001A6ABB685B681946104600F04FF800BF00BF1837BD4680BD80B582B000AF786043
:208CE0000B46FB701346BB7097F902301846FFF7E1FD97F902301846FFF74CFDF97897F9E0
:208D000002307A681846FFF787FD00BF0837BD4680BD80B582B000AF786039603B68997AEC
:208D20003B6893F90B301A467868FFF7D5FF3B6819793B6893F905301A467868FFF7CCFF25
:208D40003B6899793B6893F907301A467868FFF7C3FF3B68197A3B6893F909301A46786822
:208D6000FFF7BAFF00BF0837BD4680BD80B483B000AF786039603B689A787B685A703B687A
:208D80005B78C3F30103D9B27A68137861F3010313703B68DA787B689A747B68DB79DBB2C9
:208DA00023F05C03DAB23B681B7803F05C03DBB21343DAB27B68DA7100BF0C37BD465DF836
:208DC000047B704790B58BB000AFF860B9601346FB71FB689B6A7B627B6A002B03D107F1D7
:208DE00014037B6205E07B6A07F114040FCB84E80F00FB68DB691B781A467B6A1A607B6A72
:208E0000BA689A607B6AFA791A71FB68DA6A7B6ADA60FB685B6A786A9847FB689B6A002B11
:208E200007D0FB689B6A1C4607F114030FCB84E80F0000BF2C37BD4690BD80B584B000AFA3
:208E4000FFF76BFC0346FB7397F90F301846FFF7A1FC97F90F301846FFF78AFCB860BB685A
:208E6000DB691B69002B30D1BB681B69002B2CD0BB689B7803F00303DBB2022B0BD1BB6848
:208E8000DB681B88BA68126A6FEAC3536FEAD3539BB2D38105E0BB68DA68BB681B6A127843
:208EA000DA70BB681B69BA689278C2F30102D2B29A1ABB681A61BB68DB68BA689278C2F3C0
:208EC0000102D2B21A44BB68DA60BB681B69002B1BD1BB681B6A9B78FB71FB7943F00403BD
:208EE000FB71FB7903F07F03FB71BB681B6AFA799A70BB680022DA60BB685B6A002B04D026
:208F000080220021B868FFF75DFF00BF1037BD4680BD80B584B000AFFFF7FFFB0346FB7317
:208F200097F90F301846FFF735FC97F90F301846FFF71EFCB860BB689B7803F00303DBB2CC
:208F4000022B07D1BB681B6A1B8A9BB2C3F308037B6004E0BB681B6A5B79DBB27B60BB68EB
:208F60009B69002B0AD1BB685B6A002B33D07B6804221946B868FFF725FF2CE0BB6858693F
:208F8000BB689B78C3F30103DBB21A463B1D194612F040F9BB685B69BA689278C2F3010237
:208FA000D2B21A44BB685A61BB689B69BA689278C2F30102D2B29A1ABB689A61BB689B6969
:208FC000002B08D1BB685B6A002B04D001220021B868FFF7F7FE00BF1037BD4680BD80B5DC
:208FE00082B000AFFFF799FB0346FB7197F907301846FFF7BDFB38603B681B6A9B78DAB21F
:209000003B681B6A02F07B02D2B29A703868FFF7C8FD3B685B6A002B04D002220021386884
:20902000FFF7D0FE97F907301846FFF7B3FB00BF0837BD4680BD80B584B000AFFFF76DFBEF
:209040000346BB7297F90A301846FFF791FB78600023FB607B689B7803F00303DBB2022BF1
:2090600007D17B681B6A1B8A9BB2C3F30803FB6004E07B681B6A5B79DBB2FB607B681B6A32
:209080001B79DBB203F03803FB72FB7A03F01003002B0BD07B681B6A1B7FC3F30003DBB24B
:2090A000002B03D1FB7A43F04003FB727B681B6A1B79DAB27B681B6A22F03802D2B21A710E
:2090C0007868FFF76EFD7B685B6A002B05D0FB7A1A46F9687868FFF775FE97F90A30184600
:2090E000FFF758FB00BF1037BD4680BD80B483B000AFEFF303837B607B683B603B88C3F391
:2091000008039BB2DBB2103BDBB25BB218460C37BD465DF8047B704780B483B000AF0346F7
:209120003960FB7197F9073004493A6841F8232000BF0C37BD465DF8047B70471CAF00207D
:2091400080B483B000AF0346FB7197F90730044A52F8233018460C37BD465DF8047B704763
:209160001CAF002080B483B000AF0346FB710B4997F9073003F1C00251F8223023F4803303
:2091800041F82230054A97F90730C03352F8233000BF0C37BD465DF8047B7047006000406E
:2091A00080B584B000AF0346FB7197F907301846FFF7D8FFBFF35F8F00BF97F90730FB606F
:2091C000FB6803F01F02074997F907305B09012000FA02F2603341F8232000BF1037BD4676
:2091E00080BD00BF00E100E080B584B000AF0346B9607A60FB73BB68DAB2094997F90F3020
:209200001201D2B20B4483F8002397F90F3079681846FFF781FF00BF1037BD4680BD00BF41
:2092200000E100E080B485B000AF0346FB7197F90730FB60FB6803F01F020749FB685B09F0
:20924000012000FA02F241F8232000BF1437BD465DF8047B704700BF00E100E080B582B004
:2092600000AF0346FB7197F907301846FFF798FF97F907301846FFF7D5FF00BF0837BD46E8
:2092800080BDFFFF80B485B000AF0346FB7197F90730FB60FB6803F01F020B4997F9073012
:2092A0005B09012000FA02F2203341F82320BFF34F8F00BFBFF36F8F00BF00BF1437BD46A1
:2092C0005DF8047B704700BF00E100E080B584B000AF0346B9607A60FB7397F90F307A6810
:2092E000B9681846FFF780FF97F90F301846FFF7B5FF00BF1037BD4680BDFFFF80B584B0F6
:2093000000AF786039600023FB607B68BB60386800F06CF8F860FB68002B01D0FB6822E0A1
:20932000BB683A685A603B689A69BB685A623B68DA69BB68DA62BB6800229A62BB685B68BD
:209340001B7803F5800303F58D531B021A46BB689A60B86800F0A6F8B86800F0F1F9BB68C2
:20936000034A1A60FB6818461037BD4680BD00BF4950535280B586B002AFF860B9607A607A
:20938000FB70FB7800937B68BA680021F86800F07BFA034618461037BD4680BD80B586B0D8
:2093A00002AFF860B9607A60FB70FB7800937B680022B968F86800F067FA0346184610377B
:2093C000BD4680BD80B586B002AFF860B9607A603B603B7E00933B687A68B968F86800F009
:2093E00053FA034618461037BD4680BD80B586B000AF786000237B617B681B693B617B681B
:209400001B7803F5800303F58D531B020433FB603B69002B19D03B695B681B684FF0006274
:209420001A603B695B681B68FA689A603B699B681B683A6910683A695268114698477861BB
:209440007B69002B01D07B6928E07B685B69BB60BB68002B21D0BB685B681B684FF4002271
:209460001A60BB685B681B68FA685A60BB689B681B68BA681068BA685268114698477861BF
:209480007B69002B09D03B69002B06D03B699B681B6A3A691268104698477B691846183730
:2094A000BD4680BD80B491B000AF78600023FB6300233B620023BB6300237B6300233B632C
:2094C0000023FB620023BB6200237B620023FB61FB6B43F08003FB63FB6B43F02003FB63B9
:2094E000FB6B43F01003FB637B685B685B7A002B01D1082300E00023FA6B1343FB637B68C0
:209500005B685B7A002B01D1102300E000237A6B13437B637B685B689B7A1A467B6A134311
:209520007B627B685B68DB7A5B007A6A13437B627B685B685B7B1B037A6A13437B627B684D
:209540005B681B69002B03D0FB6B43F02003FB637B685B681B6ABB61BB691B78002B14D19E
:209560007B685B681B78002B0AD17B685B685B7A002B01D1802300E000237A6A13437B6277
:20958000FB6B23F00103FB6303E0FB6B43F00103FB63BB695B78DB01DB431A46FB6B134008
:2095A000FB63BB695B785A00BB695B785B0113431A46FB6B1343FB633B6A23F00F033B6272
:2095C000BB699B781A46BB69DB7802FA03F33A6A13433B627B6A23F070037B62BB69DB7835
:2095E0001B017A6A13437B62BB691B79002B0BD0BB6B43F02003BB63BB691B79022B03D127
:20960000BB6B43F01003BB63BB695B79002B0BD07B6B43F001037B63BB695B79012B03D1CF
:209620007B6B43F002037B63BB699B791A46FB691343FB61BB691B7AC3F30103DBB29B00E5
:209640007A6A13437B627B685B685B7A002B0CD17B6A43F460437B62BB695B7A3B63BB6919
:209660009B7AFB62BB69DB7ABB6200237B61EFF310833B613B697B610123FB60FB6883F3FA
:20968000108800BF2D4B5A687B685B681B78C3F11303012101FA03F3DB43284913404B6096
:2096A000264B5B687B69BB60BB6883F3108800BF7B689B68DB787B689B680022DA707B6819
:2096C0009B68FA6BD2B21A707B689B683A6AD2B25A707B689B68BA6BD2B29A707B689B68BD
:2096E000BA69D2799A727B689B683A6BD2B21A737B689B68FA6AD2B25A737B689B68BA6AAF
:20970000D2B29A737B689B687A6BD2B2DA737B689B687A6A92B21A827B689B68FA69D2B2A5
:2097200083F820207B689B68102283F8212000BF4437BD465DF8047B704700BF004008408B
:2097400080B582B000AF78607B685B6893F90230002B0ADB7B685B6893F902007B685B68CD
:209760009B797A681946FFF7B1FD7B685B6893F90130002B0ADB7B685B6893F901007B6867
:209780005B685B797A681946FFF7A0FD7B685B6893F904007B685B681B7A7A681946FFF7B6
:2097A00095FD7B685B6893F903007B685B68DB797A681946FFF718FD00BF0837BD4680BD5E
:2097C00080B487B000AF78607B689B68DB7ADBB27B617B689B681B8A9BB2FB607B6893F852
:2097E00020300F2B08D97B6923F040037B617B6943F020037B610DE07B6893F82030072BF5
:2098000004D87B6943F040037B6103E07B6923F060037B617B6893F820303B613B690F2BE5
:2098200004D93B6901339B08053B3B61FB6823F47063FB603B691B02FA681343FB607B6895
:209840009B687A69D2B2DA727B689B68FA6892B21A8200BF1C37BD465DF8047B704780B456
:2098600083B000AF78607B689B681B78DAB27B689B6842F06002D2B21A7000BF0C37BD469C
:209880005DF8047B7047FFFF80B588B000AFF860B9607A603B60FB68FB61FB699B681B7884
:2098A000DBB203F04003002B01D0082306E1FB69BA68DA60FB697A681A61FB6900225A6115
:2098C000FB6900229A61FB693A68DA61FB6997F8282083F82020FB695B685B69002B6DD07D
:2098E000FB693A689A61FB6993F820300F2B0AD9FB695B685B695B681A68D378022161F319
:209900000513D37018E0FB6993F82030072B09D8FB695B685B695B681A68D37823F03003E1
:20992000D37009E0FB695B685B695B681A68D378012161F30513D370FB695B685B695B6801
:209940001A689378022161F383039370FB695B685B695B681B683A6892B2DA81FB695B68E1
:209960005B695B681B687A689A607B68002B0FD1FB695B685B695B681A68937823F00C03B6
:209980009370FB695B685B695B681B684D4A9A60FB695B685B699B685B68FA695268526979
:2099A0001068FA69526852695268126811469847B861BB69002B01D0BB697FE0FB695B680A
:2099C0001B69002B73D0FB693A685A61FB6993F820300F2B0AD9FB695B681B695B681A6888
:2099E000D378022161F30513D37018E0FB6993F82030072B09D8FB695B681B695B681A6810
:209A0000D37823F03003D37009E0FB695B681B695B681A68D378012161F30513D370FB6919
:209A20005B681B695B681A68D378022161F38303D370FB695B681B695B681B683A6892B238
:209A4000DA81FB695B681B695B681B68BA685A60BB68002B0FD1FB695B681B695B681A68C0
:209A6000D37823F00C03D370FB695B681B695B681B68154A5A60FB699A68137823F0200305
:209A80001370FB695B681B699B685B68FA69526812691068FA69526812695268126811469F
:209AA000984778617B69002B01D07B6906E0F869FFF786FEF869FFF7D2FE0023184620376A
:209AC000BD4680BDB0B00020B4B0002080B485B000AF78607B689B69FB607B68DB69FA6887
:209AE0009A4234D07B681B69002B03D17B689B685B6827E07B6893F820300F2B09D97B68B3
:209B00009A687B681969FB689B000B4452681A6018E07B6893F82030072B09D87B689A68AF
:209B20007B681969FB680B441279D2B21A7009E07B689A687B681969FB685B000B4492881B
:209B400092B21A80FB685A1C7B689A6100E000BF1437BD465DF8047B704780B485B000AFE0
:209B600078607B685B69FB607B68DB69FA689A4233D07B68DB68002B04D17B689B68002275
:209B80005A6025E07B6893F820300F2B09D97B68DA68FB689B001A447B689B6812685A6091
:209BA00016E07B6893F82030072B08D87B68DA68FB681A447B689B6812781A7108E07B6833
:209BC000DA68FB685B001A447B689B6812889A80FB685A1C7B685A6100E000BF1437BD4629
:209BE0005DF8047B704790B587B000AF78600B46FB707B689B6A7B617B69002B03D107F17C
:209C000008037B6105E07A6907F1080307CA83E807007B685B681B781A467B691A607B6974
:209C2000FA781A717B68DA6A7B699A607B685B6A786998477B689B6A002B08D07B689B6AE7
:209C40001C4607F1080393E8070084E8070000BF1C37BD4690BD80B582B000AFFFF746FAFC
:209C60000346FB7197F907301846FFF77BFA97F907301846FFF764FA38603868FFF726FFD3
:209C80003B689A693B68DB699A4206D13B685B6893F903301846FFF7C5FA00BF0837BD464B
:209CA00080BD80B584B000AFFFF720FA0346FB7397F90F301846FFF755FA97F90F301846E9
:209CC000FFF73EFAB860BB685B681B6A7B607B68002B1ED07B685B78012B1AD1BB685A6949
:209CE000BB68DB69013B9A4207D1BB685B6893F903301846FFF7B2FA0BE0BB685B681B6913
:209D0000002B06D0BB685B6893F903301846FFF789FAB868FFF721FF00BF1037BD4680BD4A
:209D200080B582B000AFFFF7E1F90346FB7197F907301846FFF716FA97F907301846FFF742
:209D4000FFF938603B689B68DB78C3F34003DBB2002B04D03B685B685B7A012B28D197F905
:209D600007301846FFF78EFA3B685B6893F90230002B06DB3B685B6893F902301846FFF728
:209D800081FA3B689A68137823F0400313703B685B6893F90230002B06DB3B685B6893F91D
:209DA00002301846FFF75AFA01213868FFF71BFF00BF0837BD4680BD80B584B000AFFFF7AB
:209DC00095F90346FB7397F90F301846FFF7B8F9B860BB685B6893F90230002B06DBBB687F
:209DE0005B6893F902301846FFF74CFABB689A68137823F040031370BB685B6893F902301B
:209E0000002B06DBBB685B6893F902301846FFF725FABB689B68DB78FB71BB689B680022F2
:209E2000DA70FB7903F00803DBB2002B03D00521B868FFF7D8FEFB7903F00103DBB2002BA6
:209E400003D00421B868FFF7CEFEFB7903F00403DBB2002B09D0FB7903F01003DBB2002BF7
:209E600003D00821B868FFF7BEFE97F90F301846FFF778F900BF1037BD4680BD80B586B0CF
:209E800000AF786039607B687B613968786900F070F838613B69002B01D03B6932E03B6877
:209EA0001B791A4ADB01DBB293713B681B781A46174B9B5C03F00303FB603B685B781B0168
:209EC000DBB2FA681343FB603B689B781B0303F44053FA681343FB603B68DB781B0203F467
:209EE0004073FA681343FB60084BFA6892B25A803B685B79054ADB01DBB213727B69054AE2
:209F00001A60002318461837BD4680BD00340840B8CB02005444570080B483B000AF7860D9
:209F2000064B00221A70054BFF221A70002318460C37BD465DF8047B704700BF003408409C
:209F400080B483B000AF78603960062318460C37BD465DF8047B704780B483B000AF786034
:209F60000B46FB70062318460C37BD465DF8047B704780B483B000AF7860396000231846C5
:209F80000C37BD465DF8047B7047FFFF80B400AF044BDB681B0A03F007031846BD465DF8A5
:209FA000047B704700ED00E080B483B000AF03463960FB7197F90730002B0ADB3B68DAB234
:209FC0000C4997F907301201D2B20B4483F800230AE03B68DAB20849FB7903F00F03043BBF
:209FE0001201D2B20B441A7600BF0C37BD465DF8047B704700E100E000ED00E080B483B066
:20A0000000AF0346FB7197F90730002B09DB0D4A97F90730134493F80033DBB21B09DBB295
:20A0200009E0094AFB7903F00F03043B13441B7EDBB21B09DBB218460C37BD465DF8047B86
:20A04000704700BF00E100E000ED00E080B582B000AF78607B68013BB3F1807F01D3012354
:20A060000FE00A4A7B68013B53600F214FF0FF30FFF79AFF054B00229A60044B07221A6040
:20A08000002318460837BD4680BD00BF10E000E080B483B000AFEFF303837B607B683B605A
:20A0A0003B88C3F308039BB2DBB2103BDBB25BB218460C37BD465DF8047B70471EF0040F0D
:20A0C0000CBFEFF30880EFF309800149084700BFB1A1010080B400AF62B600BFBFF36F8FCB
:20A0E00000BFEFF3148C2CF0040C8CF31488BFF36F8F02DF00BEFDE7104B1968EFF309825C
:20A100001EF0100F08BF22ED108A22E9F04FEFF30B8342F8043D0A604FF0100080F31188A8
:20A12000BFF34F8FBFF36F8FF7F730FF4FF0000080F3118800F004B800BF0000D4AC00206C
:20A14000084801680A6802CA81F30B88B2E8F04F1EF0100F08BFB2EC108A82F3098870473F
:20A1600000BF0000D4AC002080B584B000AFEFF311837B607B68FB601023BB60BB6883F3F2
:20A18000118800BFF7F7E6FD0346002B03D0074B4FF080525A60FB683B603B6883F3118882
:20A1A00000BF00BF1037BD4680BD00BF00ED00E080B584B000AF78607B689B69FB60FB6879
:20A1C000023B1B78FB72FB7A022B03D1FFF7B8FF00BF09E0FB7A032B06D9054B054A4FF413
:20A1E0007E710548F9F762F900BF1037BD4680BDC0CB020024CD0200D4CB020080B485B008
:20A2000000AFF860B9607A603B60FB68043BFB60FB684FF080721A60FB68043BFB607B68BE
:20A2200023F00102FB681A60FB68043BFB60114AFB681A60FB68143BFB603A68FB681A606A
:20A24000FB68043BFB60FB686FF002021A60FB68203BFB60FB68043BFB60BB6803F128026A
:20A26000FB681A60FB6818461437BD465DF8047B704700BF79A2010080B400AF00BE00BF2C
:20A28000FDE7FFFF80B500AFFF216FF00100FFF78BFE00F073F8064B5B68054A43F0404385
:20A2A0005360FFF717FFF7F771FE0023184680BD30EF00E080B584B000AFEFF311837B605C
:20A2C0007B68FB601023BB60BB6883F3118800BF0E4B1B6801330D4A13600C4B1B68012B21
:20A2E0000FD10B4AFB6813600A4B5B68C3F30803002B06D0084B094A40F2A4410848F9F77C
:20A30000D5F800BF1037BD4680BD00BFB8B00020BCB0002000ED00E064CC020038CD020051
:20A32000D4CB020080B582B000AF0F4B1B68002B06D10E4B0E4A40F2AD410E48F9F7B6F8C2
:20A34000094B1B68013B084A1360074B1B68002B06D1094B1B687B607B6883F3118800BFEB
:20A3600000BF0837BD4680BDB8B00020ACCC02004CCD0200D4CB0200BCB0002080B500AF71
:20A38000054B1B68054AA2FB03239B091846FFF75DFE00BF80BD00BFDCAE0020D34D62108E
:20A3A00080B582B000AFFFF773FE0346FB7197F90730002B0FDB97F907301846FFF71EFE58
:20A3C00038603B68002B06D10B4B0C4A40F20F610B48F9F76BF8FFF7D9FD0346032B06D92A
:20A3E000084B064A40F221610548F9F75FF800BF0837BD4680BD00BFC0CC020060CD0200B8
:20A40000D4CB0200F8CC020080B500AF10F04AFA0023184680BDFFFF80B400AFBFF34F8F7E
:20A4200000BF064BDB6803F4E0620449044B1343CB60BFF34F8F00BF00BFFDE700ED00E0B4
:20A440000400FA0580B485B000AF786039600023FB600023FB72FB68DB43FB601FE07B68A4
:20A460005A1C7A601B781A46FB685340FB600823FB7209E0FB685A08FB6803F0010359420D
:20A480000C4B0B405340FB60FB7A013BDBB2FB7297F90B30002BEDDA3B68013B3B603B68A7
:20A4A000002BDCD1FB68DB4318461437BD465DF8047B70472083B8ED80B582B000AF7860D6
:20A4C000084611461A460346FB700B46BB7013467B70114AFB7813730F4ABB7853730E4A05
:20A4E0007B6813600C4B02229A710C4B1B78012B03D1094804F004FD0AE0FB78082B02D1ED
:20A50000054804F0FDFC7B78034918460FF05AFA00BF0837BD4680BD9CB20020D4BA0020B7
:20A5200080B582B000AF78607B681B6840F2FB72934232D040F2FB72934200F2818040F2B8
:20A54000FA7293420CD040F2FA72934278D840F26662934225D040F2C172934229D06FE0D5
:20A560007B681B7B002B02D100F076F86AE07B681B7B012B03D1786800F0A6F862E07B68B0
:20A580001B7B032B02D100F063FA5BE07B681B7B042B57D100F042FB54E0786800F0A2F900
:20A5A00053E002F0DFF90A20F7F7D8F902F0FEF94BE07B681B7B002B03D0012000F0F8FB26
:20A5C00017E07B681B7B002B13D1022000F0F0FB204B40F2C2721A601E4B02229A711D4BB4
:20A5E00000221A731B4BAA225A731A4918200FF0E9F97B681B7B042B26D17B685B7BAA2B04
:20A6000022D1144B40F2C2721A60124B02229A71104B04221A730F4BAA225A73012000F06A
:20A62000C7FB0C4918200FF0CDF904F073FD4FF47A713220F8F744FF064804F061FC03E06E
:20A6400000BF02E000BF00E000BF00BF0837BD4680BD00BF08BB002080B500AF144B40F2A6
:20A66000FC721A60124B05229A71114B00221A73104BAA221A700F4B79225A8004220D495C
:20A680000D480FF029FC0D4B1B78012B03D1084804F036FC03E0064918200FF093F9084B98
:20A6A00000221A70074B01221A7000BF80BD00BF08BB0020D8BA002015BB0020D4BA002001
:20A6C000B0B200201EBB002080B582B000AF78607B685A7B7C4B9A7414227C49002008F071
:20A6E000E7FA0346002B40F0E380784B1B78002B48D1774B4FF401221A60764B4FF401220F
:20A700001A60754B4FF441221A607B689B7B1A467B68DB7B1B021A447B681B7C1B041A44DB
:20A720007B685B7C1B0613441A46674BC3F80A20674B1B68684A12681146184608F018FBCF
:20A740000346002B16D1654B00221A60644B00221A605D4B01221A705B4B00225A705A4B7B
:20A76000AA22DA741823AA22012140F2FC70FFF7A3FEA4E01823FF22012140F2FC70FFF7CB
:20A780009BFE9CE0514B5B78002B48D1504B4FF480521A604F4B4FF480521A604E4B4FF4C2
:20A7A00080221A607B689B7B1A467B68DB7B1B021A447B681B7C1B041A447B685B7C1B069E
:20A7C00013441A46404BC3F80220414B1B68424A12681146184608F0CBFA0346002B16D178
:20A7E0003E4B00221A603E4B00221A60364B00221A70354B01225A70334BAA22DA741823A2
:20A80000AA22012140F2FC70FFF756FE57E01823FF22012140F2FC70FFF74EFE4FE02C4B27
:20A820004FF480521A602B4B4FF480521A602A4B4FF480221A607B689B7B1A467B68DB7B1E
:20A840001B021A447B681B7C1B041A447B685B7C1B0613441A461C4BC3F802201C4B1B68C6
:20A860001D4A12681146184608F082FA0346002B16D11A4B00221A60194B00221A60124B15
:20A8800000221A70104B01225A700F4BAA22DA741823AA22012140F2FC70FFF70DFE0EE09A
:20A8A0001823FF22012140F2FC70FFF705FE06E01823FF22012140F2FC70FFF7FDFD00BFD2
:20A8C0000837BD4680BD00BFDCBA0020F0BA00204C0A0020500A0020540A0020C8B20020B2
:20A8E000CCB2002080B582B000AF78604F4B1B684F4A98187B6803F10C017B689B791A462B
:20A900000FF0EAFA7B689B791A46484B1B681344464A13607B689B791A46464B1B681344CB
:20A92000444A1360414B1B68B3F5806F7AD3424B1B684FF480623E49184608F07DF9034652
:20A94000002B68D13D4B1B684FF480623C49184608F0AEF90346002B55D14FF480623449A5
:20A9600037480FF0D8FA0346002B44D1354B40F2FC721A60334B05229A712C4B00221A60A1
:20A98000304B02221A734FF480612D48FFF75AFD03462D4A13602C4B1B681B0EDAB2294B4F
:20A9A0001A74294B1B681B0CDAB2264BDA73264B1B681B0ADAB2234B9A73234B1B68DAB204
:20A9C000204B5A73214B1B78012B03D11D4804F097FA03E01B4918200EF0F4FF164B1B6802
:20A9E00003F58063144A1360144B1B6803F58063124A136016E01823FF22022140F2FC700C
:20AA0000FFF75AFD0EE01823FF22022140F2FC70FFF752FD06E01823FF22022140F2FC7096
:20AA2000FFF74AFD00BF0837BD4680BDC8B20020D4B20020CCB200204C0A0020500A0020CD
:20AA4000D4B6002008BB0020D0B20020D4BA002080B582B000AF664A664B1A60664B1B68F4
:20AA6000002B20D1654BD3F80220654B1B689A4206D0624BD3F80A20614B1B689A4207D1B3
:20AA80001823AA22032140F2FC70FFF715FDABE01823FF22032140F2FC70FFF70DFD584B99
:20AAA00000221A60A0E0574B1B68534A12685049184608F0C1F80346002B40F08D80524B48
:20AAC0001B684D4A12685149184608F0F1F80346002B79D1484B1B681A4645494B480FF0B5
:20AAE0001AFA0346002B7FD1494B40F2FC721A60474B05229A71404B1B6819464348FFF71E
:20AB0000A1FC0346434A1360424B1B681B0EDAB23F4B1A743F4B1B681B0CDAB23C4BDA73DE
:20AB20003C4B1B681B0ADAB2394B9A73394B1B68DAB2374B5A73384B1B78012B03D1344855
:20AB400004F0DEF903E0324918200EF03BFF2D4B1A68294B1B6813442A4A13602A4B1A6836
:20AB6000254B1B681344284A136000237B6002E07B6801337B607B684CF24F329342F7D98D
:20AB80001E4BD3F802201E4B1B689A4206D01B4BD3F80A201A4B1B689A420AD1164B002244
:20ABA0001A601823AA22032140F2FC70FFF784FC1AE01823FF22032140F2FC70FFF77CFC56
:20ABC0000F4B00221A600FE01823FF22032140F2FC70FFF771FC07E01823FF22032140F276
:20ABE000FC70FFF769FCFFE700BF0837BD4680BDD4B2002004BB0020C8B20020DCBA002095
:20AC0000CCB200204C0A0020500A0020D4B6002008BB0020D0B20020D4BA002080B588B05C
:20AC200000AF3A4B1B78012B0CD1394BD3F80230364AC2F80230364BD3F80630334AC2F89E
:20AC400006300FE0314B5B78012B0BD1304BD3F80A302E4AC2F80A302D4BD3F80E302B4A96
:20AC6000C2F80E304FF48051002008F081F80346002B3FD13B461422244918460FF02CF90D
:20AC80001422224923480FF027F93B46224A13603B4614221946002007F0CEFF0346002BBB
:20ACA00020D114221A49002008F002F80346002B10D11422164915480FF02DF90346002B18
:20ACC0001FD11823AA22042140F2FC70FFF7F4FBFFF7A2FB1823FF22042140F2FC70FFF72D
:20ACE000EBFB0EE01823FF22042140F2FC70FFF7E3FB06E01823FF22042140F2FC70FFF792
:20AD0000DBFB00BF2037BD4680BD00BFDCBA0020F0BA0020B4B2002004BB002080B582B0FC
:20AD200000AF0023FB7114221F49002007F0C0FF0346002B32D11C4BDB7CAA2B2ED14FF415
:20AD40007A720021032007F03BFD0346002B25D114220021144807F017FE0346002B1DD109
:20AD6000114BDB7CFF2B19D11823AA22082140F2FC70FFF7A1FB0D4B40F2C1721A600B4B1F
:20AD800002229A71094B00221A73084BAA225A73064918200EF016FE0123FB71FB7918469A
:20ADA0000837BD4680BD00BFF0BA002008BB002080B483B000AF0346FB71044AFB79137098
:20ADC00000BF0C37BD465DF8047B7047B1B2002080B400AF034B1B781846BD465DF8047B67
:20ADE000704700BFB1B2002080B483B000AF0346FB71044AFB79137000BF0C37BD465DF8F0
:20AE0000047B7047D4BA002080B400AF034B1B781846BD465DF8047B704700BFD4BA002031
:20AE200080B584B000AF78600023FB607B68002B30D01A4B5B68002B2CD07B681B6840F2AF
:20AE4000FA7293420BD07B681B6840F2FB72934205D07B681B6840F2C172934202D1002094
:20AE6000FFF7C2FF0D4B586807F10C0200237968F5F732FF00200EF0D5FDFB68002B09D085
:20AE8000074B4FF080525A60BFF34F8F00BFBFF36F8F00BF00BF1037BD4680BD24BB002092
:20AEA00000ED00E090B58BB000AF786007F1140300221A605A609A60DA601A614FF4A9625C
:20AEC00000216F4810F098F96E4B5B6807F114014FF0FF321846F5F7B7FF0346012BF3D1D7
:20AEE00001F026FD7B6940F2FD72934201F2418040F2F372934254D240F2C272934200F073
:20AF0000FE8740F2C272934201F2338040F2C172934200F0198540F2C172934201F229802D
:20AF200040F25672934201F0188040F25672934201F21F8040F24172934200F0328540F2C5
:20AF40004172934201F2158040F22372934201F21080B3F5E06F43D240F26662934200F0F7
:20AF6000F38440F26662934201F2038040F20442934200F0C48740F20442934200F2F987CE
:20AF800040F28B32934200F0BA87B3F5637F80F0F087752B00F2CC83202B80F0158300F027
:20AFA000E8BFA3F2F3730A2B00F2E38701A252F823F000BFFFBE010073BF010073BF01007B
:20AFC000FFBE010073BF010073BF010073BF010049B9010049B9010073BF010067BF0100BA
:20AFE000A3F5E063232B00F2C48701A252F823F05BB9010073B90100EBB9010073BF0100D1
:20B0000073BF0100D3B9010073BF010073BF010073BF010073BF010073BF010073BF01003E
:20B0200073BF010073BF010073BF010073BF010073BF01002FBF010073BF010073BF0100BC
:20B0400073BF010073BF010073BF010073BF010073BF010073BF010073BF010073BF010058
:20B0600073BF010073BF010073BF010073BF010073BF010073BF010073BF01008BB9010026
:20B0800030BB002024BB0020A3F24113B3F5A57F00F26F8701A252F823F000BF25BB010069
:20B0A000EDBE010073BF010087BC010097BC010035BB0100A7BC010045BB010073BF010090
:20B0C000A5BB010073BF0100B7BC0100CDBE010073BF010073BF0100E9B8010073BF0100A1
:20B0E00073BF010073BF010073BF010073BF010073BF010073BF010073BF010073BF0100B8
:20B1000073BF010073BF010073BF010073BF010073BF010073BF010073BF010073BF010097
:20B1200073BF010073BF010073BF010073BF010073BF010073BF010073BF010073BF010077
:20B1400073BF010073BF010073BF010073BF010073BF010073BF010073BF010073BF010057
:20B1600073BF010073BF010073BF010073BF010073BF010073BF010073BF010073BF010037
:20B1800073BF010073BF010073BF010073BF010073BF010073BF010073BF010073BF010017
:20B1A00073BF010073BF010073BF010073BF010073BF010073BF010073BF010073BF0100F7
:20B1C00073BF010073BF010073BF010073BF010073BF010073BF010073BF010073BF0100D7
:20B1E00073BF010073BF010073BF010073BF010073BF010073BF010073BF010073BF0100B7
:20B2000073BF010073BF010073BF010073BF010073BF010073BF010073BF010073BF010096
:20B2200073BF010073BF010073BF010073BF010073BF010073BF010073BF010073BF010076
:20B2400073BF010073BF010073BF010073BF010073BF010073BF010073BF010073BF010056
:20B2600073BF010073BF010073BF010073BF010073BF010073BF010073BF010073BF010036
:20B2800073BF010073BF010073BF010073BF010073BF010073BF010073BF010073BF010016
:20B2A00073BF010073BF010073BF010073BF010073BF010073BF010073BF010073BF0100F6
:20B2C00073BF010073BF010073BF010073BF010073BF010073BF010073BF010073BF0100D6
:20B2E00073BF010073BF010073BF010073BF010073BF010073BF010073BF010073BF0100B6
:20B3000073BF010073BF010073BF010073BF010073BF010073BF010073BF010073BF010095
:20B3200073BF010073BF010073BF010073BF010073BF010073BF010073BF010073BF010075
:20B3400073BF010073BF010073BF010073BF010073BF010073BF010073BF010073BF010055
:20B3600073BF010073BF010073BF010073BF010073BF010073BF010073BF010073BF010035
:20B3800073BF010073BF010073BF010073BF010073BF010073BF010073BF010073BF010015
:20B3A00073BF010073BF010073BF010073BF010073BF010073BF010073BF010073BF0100F5
:20B3C00073BF010073BF010073BF010073BF010073BF010073BF010073BF010073BF0100D5
:20B3E00073BF010073BF010073BF010073BF010073BF010073BF010073BF010073BF0100B5
:20B4000073BF010073BF010073BF010073BF010073BF010073BF010073BF010073BF010094
:20B4200073BF010073BF010073BF010073BF010073BF010073BF010073BF010073BF010074
:20B4400073BF010073BF010073BF010073BF010073BF010073BF010073BF010073BF010054
:20B4600073BF010073BF0100C7BC010073BF0100D7BC010017BD010095BB010027BD010010
:20B4800037BD010047BD010057BD010067BD010073BF010073BF010073BF0100BBB901006A
:20B4A00065BB010075BB010077BD010085BB010087BD010097BD010073BF010073BF0100C4
:20B4C00073BF010073BF0100E7BC0100F7BC010045B7010011B8010073BF0100F1BB010007
:20B4E00073BF010045BF010073BF010073BF010073BF010073BF010073BF010073BF0100E2
:20B5000073BF010073BF010073BF010073BF010073BF010073BF010073BF0100A7BD010061
:20B52000B7BD0100C7BD0100D7BD0100E7BD0100F7BD010073BF010073BF010073BF010089
:20B54000D1BB010023BF010073BF010073BF010001BC010011BC010073BF010073BF010023
:20B5600073BF010073BF010073BF010073BF010073BF010073BF010073BF010073BF010033
:20B5800073BF010073BF010073BF010073BF010073BF010073BF010073BF010073BF010013
:20B5A00073BF010073BF010073BF010073BF010073BF010073BF010073BF010073BF0100F3
:20B5C00073BF0100FFBE0100203B552B00F2D18401A252F823F000BF03BA010073BF0100A8
:20B5E00073BF010073BF010073BF010073BF010073BF010073BF010073BF010073BF0100B3
:20B6000073BF010073BF010073BF010073BF010073BF010073BF010073BF010033BA0100D7
:20B620001BBA01004BBA010063BA010073BF010007BD010073BF010073BF010073BF01007F
:20B6400073BF010073BF010073BF010073BF010073BF010073BF010073BF01007BBA01004F
:20B6600021BC0100E5BA0100F5BA010015BB010067BC010073BF0100E1BB010073BF0100A4
:20B6800073BF010073BF010073BF010073BF010073BF010073BF010073BF010073BF010012
:20B6A00073BF010073BF010073BF010073BF010073BF010073BF010073BF010073BF0100F2
:20B6C00073BF010073BF010073BF010073BF010073BF010073BF010073BF010073BF0100D2
:20B6E00073BF010073BF010073BF010073BF010073BF010073BF010073BF010073BF0100B2
:20B7000073BF010073BF010073BF010073BF010073BF010073BF010073BF010073BF010091
:20B7200073BF010073BF010073BF010077BC0100B3F5237F80F01D84B3F5A07F3FF6A4AC95
:20B7400000F017BCD14B01221A7001F01FFD0346222B09D9CE4B01221A7001F023FD0120E0
:20B7600001F0DCFC01F034FD25200FF04DF804200FF04AF827200FF047F807F114030C331D
:20B7800008221946C3480EF0A7FB07F1140314221946C1480EF0A0FBBE4B5B68C3F3170393
:20B7A000184607F005FCBB4B1B88C3F30D039BB21946012007F048FCB64B5B88C3F30D0312
:20B7C0009BB21946022007F03FFC022001F070FC0346012B09D1AF4B5B88C3F30D039BB2AB
:20B7E000002B02D1002001F04DFC012001F060FC0346012B40F0BF83A64B1B88C3F30D0342
:20B800009BB2002B40F0B783002001F025FCB2E307F10C0300221A605A609C4B01221A708E
:20B8200001F0B4FC0346222B09D9994B01221A7001F0B8FC012001F071FC01F0C9FC25203F
:20B840000EF0E2FF04200EF0DFFF27200EF0DCFF07F114030C330822194690480EF03CFB05
:20B8600007F10C0308228D4918460EF035FBBA898B4B1B889A4202D3BA89894B1A80854B47
:20B8800093F8293003F01E03DBB20E2B1BD17B7C092262F385037B747E4A537B092161F3FC
:20B8A0008503537307F10C0107F114030C33082218460EF011FB07F11403142219467948F0
:20B8C0000EF00AFB58E307F10C0107F114030C33082218460EF000FB07F1140314221946B2
:20B8E00070480EF0F9FA47E307F114030C33082219466D480EF0F0FA694B1A88654BC2F346
:20B900000A014C01598A01F01F010846214601435982D20A92B202F01F001A7D22F01F020C
:20B92000114602460A431A7507F114030C3308225D4918460EF0D0FA07F1140314221946A4
:20B940005A480EF0C9FA17E3002006F09BF907F114031846FEF7E4FD0EE30021002005F076
:20B96000FFFB07F114031422194651480EF0B4FA02E30121002005F0F3FB07F11403142295
:20B9800019464C480EF0A8FAF6E20321002005F0E7FB07F114031422194647480EF09CFA5A
:20B9A000EAE20521002005F0DBFB07F114031422194642480EF090FADEE20621002005F0F8
:20B9C000CFFB07F11403142219463D480EF084FAD2E20721002005F0C3FB07F11403142204
:20B9E000194638480EF078FAC6E20821002005F0B7FB07F114031422194633480EF06CFADD
:20BA0000BAE207F114031422194630480EF064FA0021012005F0A4FBAEE207F11403142267
:20BA200019462B480EF058FA0121012005F098FBA2E207F114031422194626480EF04CFA3F
:20BA40000221012005F08CFB96E207F114031422194621480EF040FA0321012005F080FBB4
:20BA60008AE207F11403142219461C480EF034FA0421012005F074FB7EE207F114031422D7
:20BA8000194617480EF028FA76E200BF1FBB002020BB002030BB0020ACBE002038BB002014
:20BAA0001CBB002068BC002040BB0020D4BE002060BF002074BF00209CBF0020C4BF0020CE
:20BAC000D8BF0020ECBF002000C0002014C0002028C000203CC0002050C0002064C0002078
:20BAE00078BB002007F1140314221946C6480EF0F3F941E207F1140314221946C3480EF087
:20BB0000EBF907F114030C3308221946C0480EF0E3F931E207F1140314221946BD480EF0CE
:20BB2000DBF929E207F1140314221946BA480EF0D3F921E207F1140314221946B7480EF012
:20BB4000CBF919E207F1140314221946B4480EF0C3F907F114030C3308221946B1480EF0FE
:20BB6000BBF909E207F1140314221946AE480EF0B3F901E207F1140314221946AB480EF06A
:20BB8000ABF9F9E107F1140314221946A8480EF0A3F9F1E107F1140314221946A5480EF098
:20BBA0009BF9E9E107F1140314221946A2480EF093F908220021A1480FF01EFBBB7E1A462A
:20BBC00007F114030C3319469C480EF085F9D3E107F114031422194699480EF07DF9CBE1FF
:20BBE00007F114031422194696480EF075F9C3E107F114031422194693480EF06DF9BBE134
:20BC000007F114031422194690480EF065F9B3E107F11403142219468D480EF05DF9ABE15F
:20BC20008C4B01221A7001F0B1FA0346222B09D9894B01221A7001F0B5FA012001F06EFAD1
:20BC400001F0C6FA07F114031422194683480EF043F9BB7E1A4607F114030C33194680487C
:20BC60000EF03AF988E107F11403142219467D480EF032F980E107F11403142219467A48D1
:20BC80000EF02AF978E107F114031422194677480EF022F970E107F11403142219467448FD
:20BCA0000EF01AF968E107F114031422194671480EF012F960E107F11403142219466E4829
:20BCC0000EF00AF958E107F11403142219466B480EF002F950E107F1140314221946684855
:20BCE0000EF0FAF848E107F114031422194665480EF0F2F840E107F1140314221946624883
:20BD00000EF0EAF838E107F11403142219465F480EF0E2F830E107F11403142219465C48AE
:20BD20000EF0DAF828E107F114031422194659480EF0D2F820E107F11403142219465648DA
:20BD40000EF0CAF818E107F114031422194653480EF0C2F810E107F1140314221946504806
:20BD60000EF0BAF808E107F11403142219464D480EF0B2F800E107F11403142219464A4832
:20BD80000EF0AAF8F8E007F114031422194647480EF0A2F8F0E007F1140314221946444860
:20BDA0000EF09AF8E8E007F114031422194641480EF092F8E0E007F11403142219463E488C
:20BDC0000EF08AF8D8E007F11403142219463B480EF082F8D0E007F11403142219463848B8
:20BDE0000EF07AF8C8E007F114031422194635480EF072F8C0E007F11403142219463248E4
:20BE00000EF06AF8B8E000BF8CBB0020A0BB002060BB0020B4BB0020E8BE0020FCBE00201F
:20BE200010BF002058BB002024BF0020C8BB0020DCBB0020F0BB002038BF002068BB00205E
:20BE400004BC002018BC00202CBC002040BC002054BC00201FBB002020BB00207CBC00206D
:20BE600078C0002090BC0020A4BC0020B8BC0020CCBC0020E0BC0020F4BC00201CBD0020BD
:20BE800030BD002044BD002058BD00206CBD002080BD002094BD0020A8BD0020BCBD00200A
:20BEA000D0BD0020E4BD0020F8BD00200CBE002020BE002034BE002048BE00205CBE0020E5
:20BEC00070BE002084BE002098BE002007F114030C33082219462A480DF0FEFF07F11403EA
:20BEE0001422194627480DF0F7FF45E007F114030C330822194624480DF0EEFF3CE0FEF7E8
:20BF000083FF0346012B08D13220F5F727FD07F11403184602F0F4FF2EE0002005F0B2FECA
:20BF20002AE007F11403184603F04EFC24E007F114030C330422194614480DF0CDFF00F061
:20BF400049FC19E007F114030C330122194610480DF0C2FF00F05CFC0EE007F1140318461A
:20BF600000F018F808E097F82030184606F04EFB02E000BF00E000BF00F0E8FCFEF7A4BFF1
:20BF800048BB002008BD002050BB002070BB002074BB002080B582B000AF78607B681B7B6D
:20BFA000052B7ED17B685B7B122B73D17B689B7B1A2B76D17B68DB7B002B13D17B681B7C81
:20BFC0001A047B685B7C1B0213437A68927C13431A46364BC3F81E207B68DA7C334B83F8C4
:20BFE00022205EE07B68DB7B012B12D17B681A7C2E4B83F823207B685B7C1A047B689B7CF7
:20C000001B0213437A68D27C13431A46274B5A6247E07B68DB7B022B0FD17B681A7C234B45
:20C0200083F828207B685A7C204B83F829207B689A7C1E4B83F82A2033E07B68DB7B032BB4
:20C0400012D17B681B7C1A067B685B7C1B041A437B689B7C1B0213437A68D27C13431A46DA
:20C06000124BC3F82B201CE07B68DB7B042B18D17B681B7C1BB21B021AB27B685B7C1BB259
:20C0800013431BB29AB2094BA3F82F2039200EF097FB06E07B685B7B042B02D13A200EF011
:20C0A0008FFB00BF0837BD4680BD00BF98E8002080B500AF2D4B1B78DBB2002B06D02B4B66
:20C0C00000221A702A4B00221A704DE0284B1B780133DAB2264B1A70254B1B78012B43D95A
:20C0E00004200EF0B7FB034683F00103DBB2002B17D0204B5B7B03F03C03DBB2002B10D002
:20C100001C4B5B7B03F03C03DBB2242B09D025200EF056FB04200EF053FB27200EF074FB43
:20C1200015E004200EF096FB034683F00103DBB2002B0CD00F4B5B7B03F03C03DBB2002BE9
:20C1400005D104200EF03CFB27200EF039FB00F0EFFB4FF4A962002106480FF04DF800F06C
:20C16000F5FB034B00221A7000BF80BD1FBB002021BB002030BB002080B400AF054B93F81A
:20C180002930C3F34303DBB21846BD465DF8047B704700BF30BB002080B483B000AF0346A8
:20C1A000FB71FB79002B05D1084B1B88C3F30D039BB204E0054B5B88C3F30D039BB218460D
:20C1C0000C37BD465DF8047B704700BF30BB002080B400AF044B5B68C3F317031846BD469E
:20C1E0005DF8047B704700BF30BB002080B400AF034BDB791846BD465DF8047B704700BFBA
:20C2000030BB002080B400AF034B1B891846BD465DF8047B704700BF30BB002080B400AFA5
:20C22000034B5B891846BD465DF8047B704700BF30BB002080B400AF034B1B7B1846BD46EE
:20C240005DF8047B704700BF30BB002080B400AF044B5B7BC3F30103DBB21846BD465DF884
:20C26000047B704730BB002080B400AF044B5B7BC3F38303DBB21846BD465DF8047B7047C0
:20C2800030BB002080B400AF044B1B7CC3F30003DBB21846BD465DF8047B704730BB00208D
:20C2A00080B400AF044B1B7CC3F34003DBB21846BD465DF8047B704730BB002080B400AF55
:20C2C000044B1B7CC3F38003DBB21846BD465DF8047B704730BB002080B400AF044B1B7CF2
:20C2E000C3F3C003DBB21846BD465DF8047B704730BB002080B400AF044B1B7CC3F30013AF
:20C30000DBB21846BD465DF8047B704730BB002080B400AF044B1B7CC3F34013DBB21846DC
:20C32000BD465DF8047B704730BB002080B400AF044B5B7CC3F30003DBB21846BD465DF85F
:20C34000047B704730BB002080B400AF044B5B7CC3F38003DBB21846BD465DF8047B7047E1
:20C3600030BB002080B400AF044B5B7CC3F3C003DBB21846BD465DF8047B704730BB0020AC
:20C3800080B400AF044B5B7CC3F38013DBB21846BD465DF8047B704730BB002080B400AFE4
:20C3A000044B5B7CC3F3C013DBB21846BD465DF8047B704730BB002080B400AF044B9B7C01
:20C3C000C3F30003DBB21846BD465DF8047B704730BB002080B400AF044B9B7CC3F34203DC
:20C3E000DBB21846BD465DF8047B704730BB002080B400AF054B93F82C30C3F30013DBB249
:20C400001846BD465DF8047B704700BF30BB002080B582B000AF78600B46FB7000F088FA4A
:20C42000FA7813469B0013449B004833064A13441422194678680DF04FFD00F087FA00BF94
:20C440000837BD4680BD00BF30BB002080B582B000AF78600B46FB7000F06AFAFA781346CA
:20C460009B0013449B0003F5A473074A134404331422194678680DF02FFD00F067FA00BF93
:20C480000837BD4680BD00BF30BB002080B582B000AF78600B46FB7000F04AFAFA781346AA
:20C4A0009B0013449B0003F58663064A13441422194678680DF010FD00F048FA00BF0837B8
:20C4C000BD4680BD30BB002080B582B000AF78600B46FB7000F02CFAFA7813469B00134494
:20C4E0009B0003F59C63074A134404331422194678680DF0F1FC00F029FA00BF0837BD4658
:20C5000080BD00BF30BB002080B582B000AF78607B68002B0CD00221002004F021FE00F0F6
:20C5200007FA1422796804480DF0D6FC00F00EFA00BF0837BD4680BD88BF002080B582B0C4
:20C5400000AF78607B68002B0CD00421002004F007FE00F0EDF91422796804480DF0BCFC3E
:20C5600000F0F4F900BF0837BD4680BDB0BF002080B584B000AF78602423FB737B68002B5E
:20C5800015D0FB7B242B12D800F0D2F9FA7B13469B0013449B0003F5A473074A1344043303
:20C5A0001422796818460DF097FC00F0CFF900BF1037BD4680BD00BF30BB002080B400AFCB
:20C5C000034B5B8B1846BD465DF8047B704700BF30BB002080B400AF034BB3F918301846EE
:20C5E000BD465DF8047B704730BB002080B400AF044B5B8C43F30E031BB21846BD465DF8BF
:20C60000047B704730BB002080B400AF074B93F82830C3F3C013DBB2002B14BF0123002366
:20C62000DBB21846BD465DF8047B704730BB002080B483B000AF0D4B7B600123FB70022379
:20C64000BB70FB787A6813441B7B7B707A78BB7842FA03F3DBB203F001033B703B781846EB
:20C660000C37BD465DF8047B704700BF24BF002080B400AF164B1B8EC3F309039BB2CE2B32
:20C680001BD0134B1A6B134B1340B3F54E3F14D00F4B5A8E43F6F07313409BB2B3F54E6F1F
:20C6A0000BD00B4B93F833209209D2B293F834309B0013439BB2CE2B01D1012300E000232D
:20C6C00003F00103DBB21846BD465DF8047B704730BB002000FC0F0080B400AF164B1B8EE7
:20C6E000C3F309039BB2CF2B1BD0134B1A6B134B1340B3F54F3F14D00F4B5A8E43F6F073BA
:20C7000013409BB2B3F54F6F0BD00B4B93F833209209D2B293F834309B0013439BB2CF2BBE
:20C7200001D1012300E0002303F00103DBB21846BD465DF8047B704730BB002000FC0F007A
:20C7400080B485B000AF0346FB710023FB81FB79042B35D801A252F823F000BF71C70100C5
:20C760007FC701008DC701009BC70100B3C70100174B1B8EC3F309039BB2FB8121E0144B49
:20C780001B6BC3F389239BB2FB811AE0104B5B8EC3F309139BB2FB8113E00D4B93F83320E6
:20C7A0009209D2B293F834309B0013439BB2FB8107E0074B5B6BC3F309239BB2FB8100E027
:20C7C00000BFFB8918461437BD465DF8047B704730BB002080B500AF0C4B93F840307B2BF8
:20C7E00011D10A4B93F841307B2B0CD1074B93F842307B2B07D1054B93F84330FF2B02D16B
:20C80000002000F0FFFB00BF80BD00BF30BB002080B500AF0D4B93F84430012B02D0022BE2
:20C820000DD010E0002002F01DFB32200DF0ECFF33200DF0C5FF022002F034FE03E0022068
:20C8400002F030FE00BF00BF80BD00BF30BB002080B483B000AF7860054B93F844207B6823
:20C860001A7000BF0C37BD465DF8047B704700BF30BB002080B500AF00F05AF80822002163
:20C8800003480EF0B9FC00F061F800BF80BD00BF60BB002080B400AF034B93F83D301846D4
:20C8A000BD465DF8047B704730BB002080B400AF034B00221A8000BFBD465DF8047B7047A5
:20C8C0001CBB002080B400AF034B1B78DBB21846BD465DF8047B70471FBB002080B400AF47
:20C8E000034B1B78DBB21846BD465DF8047B704720BB002080B483B000AF0346FB71044ACA
:20C90000FB79137000BF0C37BD465DF8047B704720BB002080B400AF044B1B7CC3F3801383
:20C92000DBB21846BD465DF8047B704730BB002080B500AF044B9B684FF0FF311846F4F785
:20C9400083F800BF80BD00BF24BB002080B500AF034B9B681846F4F741F800BF80BD00BF30
:20C9600024BB002080B586B000AF00233B7240F207737B600823BB7200237B723B1D0C3348
:20C980000822094918460DF0A7FA3B1D1846FFF7BBFD3B1D194619200DF014F8034618461B
:20C9A0001837BD4680BD00BF580A002080B586B000AF00233B7240F229737B6000237B7204
:20C9C0000423BB723B1D0C330822002118460EF013FC0123BB7406F0DFFA0346FB743B1D84
:20C9E0000C330222084918460DF076FA3B1D1846FFF7A4FD3B1D194619200CF0E3FF034654
:20CA000018461837BD4680BD600A002080B586B000AF00233B724FF4E1637B600423BB72FF
:20CA200000237B7202F058F903463B7402F048F903467B742E23BB7402F05AF90346FB74C3
:20CA40003B1D194619200CF0BDFF034618461837BD4680BD80B586B000AF00233B724FF4CB
:20CA6000A6737B6000237B720823BB723B1D0C330822074918460DF02FFA3B1D19461A20D4
:20CA80000CF0A0FF034618461837BD4680BD00BF8EC0002080B588B000AF07F10C03002253
:20CAA0001A605A609A60DA601A613B1D00221A605A6002F0E1F80346022B0CBF0123002392
:20CAC000DAB23B7962F300033B7102F0EDF8034603F00103DAB23B7962F382033B7102F043
:20CAE0001FF9034603F00103DAB23B7962F341033B7102F009F9034603F00703DAB23B79DF
:20CB000062F347133B7102F017F903467B7102F079F90346C7F8063002F080F9034603F03A
:20CB20000103DAB2BB7A62F30003BB7228200DF091FE03461A46BB7A62F34103BB723420DF
:20CB40000DF088FE03461A463B7962F3C3033B7100233B7440F26D23FB6000237B74082302
:20CB6000BB74391D07F10C030C33082218460DF0B3F907F10C031846FFF7FAFC07F10C0361
:20CB8000194618200CF01EFF034618462037BD4680BDFFFF90B587B000AF3B1D00221A608A
:20CBA0005A609A60DA601A6106F0BAFB0346643BDBB203F03F03D9B2334A937C61F3050344
:20CBC000937406F0A1FB034603F00F03D9B22E4A538A61F38913538206F08AFB034603F012
:20CBE0001F03D9B2284AD37C61F38603D37406F05BFB034603F01F03DAB2234B02F001010B
:20CC0000CC01D97C01F07F01084621460143D9745208D2B202F00F0202F00F001A7D22F0B0
:20CC20000F02114602460A431A7506F049FB034603F03F03D9B2144A938A61F30913938225
:20CC400006F04AFB034603F03F03D9B20E4A537D61F38703537500233B7275237B6000235C
:20CC60007B720823BB723B1D0C330422074918460DF032F93B1D194618200CF0A3FE034607
:20CC800018461C37BD4690BD8CC000209EC0002080B586B000AF3B1D00221A605A609A60E7
:20CCA000DA601A6100233B7240F266637B6000237B720823BB723B1D194618200CF082FE46
:20CCC00000BF1837BD4680BD80B586B000AF154B1B68154A934220D100233B7240F22E4371
:20CCE0007B6000237B720823BB723B1D0C3304220E4918460DF0F0F83B1D103304220C4984
:20CD000018460DF0E9F83B1D194619200CF05AFE3822002103480EF06FFA00BF1837BD4655
:20CD200080BD00BFF00A0020EFBEADDEF40A0020F80A002080B586B000AF164B1B68164A07
:20CD4000934222D100233B7240F2FF237B6000237B720823BB723B1D0C3304220F49184631
:20CD60000DF0BAF83B1D103301220D4918460DF0B3F83B1D113301220A4918460DF0ACF8D9
:20CD80003B1D19461A200CF01DFE00BF1837BD4680BD00BFE40A0020AB0DD0BAE80A00201C
:20CDA000EC0A0020ED0A002080B588B000AF0346FB710B46BB7113467B7100233B744FF49E
:20CDC0001B73FB6000237B740823BB7407F10C030C330822002118460EF00EFA7B79002BEA
:20CDE00006D17F233B76FB797B76BB79BB7608E07B79012B05D1FB794033DBB23B76BB7908
:20CE00007B7607F10C03194619200CF0DBFD00BF2037BD4680BDFFFF80B586B000AF00231D
:20CE20003B7240F205437B6000237B720823BB7201F06AFF0346012B0ED1164B1B7843F0B3
:20CE40000403DAB2134B1A70134B1B7843F00403DAB2114B1A700DE00E4B1B7823F00403C7
:20CE6000DAB20C4B1A700C4B1B7823F00403DAB2094B1A70074A07F110031068516803C384
:20CE80003B1D19461B200CF09DFD00BF1837BD4680BD00BFF8C7002000C8002080B588B0C9
:20CEA00000AF00233B7240F205437B6000237B720823BB7201F028FF0346012B0ED1234B5C
:20CEC0001B7843F00403DAB2204B1A70204B1B7843F00403DAB21E4B1A700DE01B4B1B7867
:20CEE00023F00403DAB2194B1A70194B1B7823F00403DAB2164B1A7004F0F8FE87ED070AA7
:20CF0000D7ED077A9FED137A67EE877AFDEEE77A17EE903A7B837B8BDAB20D4B9A70B7F9A0
:20CF20001A301B121BB2DAB2094BDA70084A07F110031068516803C33B1D19461B200CF041
:20CF400041FD00BF2037BD4680BD00BFF8C7002000C800200000C84280B586B000AF01F0A2
:20CF600047FF786100233B714FF41B733B6000237B710823BB713B460C3308220021184688
:20CF80000EF03AF962233B7303237B733B460E330622796918460EF03DF93B4619461820A3
:20CFA0000CF010FD034618461837BD4680BDFFFF80B586B000AF00233B724FF41B737B609E
:20CFC00000237B720823BB723B1D0C330822002118460EF011F96F233B7402237B74084AFA
:20CFE00007F112031168196092889A803B1D194618200CF0E7FC00BF1837BD4680BD00BF23
:20D00000640A002080B483B000AF0346FB71FB7903F00103D9B2054A937861F3000393700D
:20D0200000BF0C37BD465DF8047B70478CC0002080B400AF074B9B78C3F30003DBB2002B3B
:20D0400014BF01230023DBB21846BD465DF8047B704700BF8CC0002080B483B000AF0346B3
:20D06000FB71FB7903F00103D9B2054A937961F38203937100BF0C37BD465DF8047B704786
:20D080008CC0002080B483B000AF0346FB71FB7903F00103D9B2054A937961F3C3039371EA
:20D0A00000BF0C37BD465DF8047B70478CC0002080B483B000AF0346FB71FB79012B05D133
:20D0C0000A4B9B79C3F38003DBB209E0FB79022B05D1064B9B79C3F3C003DBB200E0032350
:20D0E00018460C37BD465DF8047B70478CC0002080B483B000AF0346FB71FB7903F001035F
:20D10000D9B2054A137861F30003137000BF0C37BD465DF8047B70478CC0002080B483B06D
:20D1200000AF0346FB71FB7983F00103D9B2054A137861F34103137000BF0C37BD465DF8C6
:20D14000047B70478CC0002080B400AF074B1B7803F00203DBB2002B0CBF01230023DBB216
:20D160001846BD465DF8047B704700BF8CC0002080B400AF044B1B78C3F30003DBB218462F
:20D18000BD465DF8047B70478CC0002080B400AF034B1B781846BD465DF8047B704700BF26
:20D1A000A2C0002080B400AF074B1B7803F00103DBB2002B02D0054B00221A7000BFBD46E6
:20D1C0005DF8047B704700BF8CC00020A2C0002080B400AF034B00221A7000BFBD465DF823
:20D1E000047B7047A3C0002090B5A9B000AF7860002387F873300DF099FA03461A46BC4BCC
:20D200001A70FFF761FDFFF743FDFFF793FDB94B5B6807F173014FF0FF321846F3F714FE77
:20D220000346012BF3D197F87330013B052B00F26C8601A252F823F051D201005DDB0100D6
:20D24000FBDC01008DDD01000BDF0100FBDE01001C200DF0FFFA0346002B00F04F8107F168
:20D260005C0300221A605A609A60DA601A614FF000024FF00003C7E91E234FF41B73FB65A5
:20D28000622387F86830042387F86930082387F8623006237B67984B1B78022B00F0E98070
:20D2A000022B00F33586002B03D0012B71D000F02FBE06237B6701F063FD51EC100B8AA36A
:20D2C000D3E900230DF0C4FC02460B46104619460DF020FF02460B46C7E91E23102387F80C
:20D2E0006A3097F8783087F86B30D7E91E014FF000024FF00003020A42EA01620B0AD3B2AC
:20D3000087F86C30D7E91E014FF000024FF00003020C42EA01420B0CD3B287F86D30D7E99B
:20D320001E014FF000024FF00003020E42EA01220B0ED3B287F86E30D7E91E014FF0000211
:20D340004FF000030A000023D3B287F86F30002387F89F3012E007F15C03194618200CF06E
:20D3600031FB03467B677B6F002B0BD00120F4F7F5FA97F89F30013387F89F3097F89F302D
:20D38000092BE8D95C4B1B780133DAB25A4B1A70DCE306237B6701F005FD51EC100B52A365
:20D3A000D3E900230DF054FC02460B46104619460DF0B0FE02460B46C7E91E23202387F8FC
:20D3C0006A3097F8783087F86B30D7E91E014FF000024FF00003020A42EA01620B0AD3B2CB
:20D3E00087F86C30D7E91E014FF000024FF00003020C42EA01420B0CD3B287F86D30D7E9BB
:20D400001E014FF000024FF00003020E42EA01220B0ED3B287F86E30D7E91E014FF0000230
:20D420004FF000030A000023D3B287F86F30002387F89E3012E007F15C03194618200CF08E
:20D44000C1FA03467B677B6F002B0BD00120F4F785FA97F89E30013387F89E3097F89E3030
:20D46000092BE8D9244B1B780133DAB2224B1A706CE306237B67302387F86A30FF2387F897
:20D480006B3001F065FC034687F86C3001F06CFC034687F86D30002387F86E30002387F89B
:20D4A0006F30002387F89D3012E007F15C03194618200CF087FA03467B677B6F002B0BD0E6
:20D4C0000120F4F74BFA97F89D30013387F89D3097F89D30092BE8D9074B00221A701C2094
:20D4E0000DF092F932E300BF00000000006AF84088C0002080C00020A4C000201D200DF0A8
:20D50000A9F90346002B00F0B68005F0BBFD07F1480300221A605A609A60DA601A610623B1
:20D52000C7F88030002387F84C304FF41B73BB64002387F84D30082387F84E30632387F822
:20D540005430022387F85530A74B1B78022B47D0022B60DC002B02D0012B1ED05BE0102367
:20D5600087F85630A14B1B8A9BB2DBB287F857309E4B1B8A9BB21B0A9BB2DBB287F8583054
:20D580009A4B9B7C87F85930984BDB7C87F85A30964B1B7D87F85B303DE0202387F856305C
:20D5A000924B5B7D87F85730904BD3F81630DBB287F858308D4BD3F816301B0ADBB287F816
:20D5C00059308A4BD3F816301B0CDBB287F85A30864BD3F816301B0EDBB287F85B301AE083
:20D5E000302387F85630814B5B8B9BB2DBB287F857307E4B5B8B9BB21B0A9BB2DBB287F8C7
:20D600005830002387F85930002387F85A30002387F85B3000BF002387F89C3014E007F1E5
:20D620004803194618200CF0CDF90346C7F88030D7F88030002B0BD00120F4F78FF997F8E6
:20D640009C30013387F89C3097F89C30092BE6D9654B1B780133DAB2634B1A70624B1B78B6
:20D66000022B40F25584604B00221A701D200DF0CBF800F04DBC20200DF0ECF80346002B90
:20D6800000F0B88007F1340300221A605A609A60DA601A6101F098FBC7F888000623C7F87B
:20D6A0008430002387F838304FF41B737B63002387F83930082387F83A30622387F840306A
:20D6C000052387F841304A4B1B78022B40D0022B5BDC002B02D0012B1DD056E0102387F86B
:20D6E0004230D7F888301B7887F84330D7F888305B7887F84430D7F888309B7887F84530D1
:20D70000D7F88830DB7887F84630D7F888301B7987F8473039E0202387F84230D7F8883055
:20D720005B7987F84330D7F888309B7987F84430D7F88830DB7987F84530D7F888301B7AAA
:20D7400087F84630D7F888305B7A87F847301CE0302387F84230D7F888309B7A87F84330B4
:20D76000D7F88830DB7A87F84430D7F888301B7B87F84530D7F888305B7B87F84630D7F8A8
:20D7800088309B7B87F8473000BF002387F89B3014E007F13403194618200CF013F903468E
:20D7A000C7F88430D7F88430002B0BD00120F4F7D5F897F89B30013387F89B3097F89B3062
:20D7C000092BE6D90A4B1B780133DAB2084B1A70074B1B78022B40F29B83054B00221A7073
:20D7E00020200DF011F893E3A5C0002098E80020A6C0002021200DF02DF80346002B00F0FB
:20D80000D48007F1200300221A605A609A60DA601A6101F0E3FAC7F890000623C7F88C30D3
:20D82000002387F824304FF41B733B62002387F82530082387F82630622387F82C30062304
:20D8400087F82D30C24B1B78032B7FD801A252F823F000BF65D801009FD80100D9D80100A0
:20D8600013D90100102387F82E30D7F890301B7887F82F30D7F890305B7887F83030D7F89B
:20D8800090309B7887F83130D7F89030DB7887F83230D7F890301B7987F8333056E0202394
:20D8A00087F82E30D7F890305B7987F82F30D7F890309B7987F83030D7F89030DB7987F866
:20D8C0003130D7F890301B7A87F83230D7F890305B7A87F8333039E0302387F82E30D7F884
:20D8E00090309B7A87F82F30D7F89030DB7A87F83030D7F890301B7B87F83130D7F890301E
:20D900005B7B87F83230D7F890309B7B87F833301CE0402387F82E30D7F89030DB7B87F829
:20D920002F30D7F890301B7C87F83030D7F890305B7C87F83130D7F890309B7C87F83230B6
:20D94000D7F89030DB7C87F8333000BF002387F89A3014E007F12003194618200CF032F808
:20D960000346C7F88C30D7F88C30002B0BD00120F3F7F4FF97F89A30013387F89A3097F8EF
:20D980009A30092BE6D9724B1B780133DAB2704B1A706F4B1B78032B40F2BA826C4B0022B3
:20D9A0001A7021200CF030FFB2E23A200CF052FF0346002B00F0AC8205F064FB07F10C0349
:20D9C00000221A605A609A60DA601A610623C7F8943000233B7440F25773FB6000237B745B
:20D9E0000823BB7405233B7612237B761A23BB76584B1B78042B7AD801A252F823F000BFEA
:20DA000015DA010045DA01006FDA010091DA0100C5DA01000023FB764F4BD3F81E301B0C32
:20DA2000DBB23B774C4BD3F81E301B0ADBB27B77494BD3F81E30DBB2BB77474B93F8223078
:20DA4000FB7754E00123FB76434B93F823303B77414B5B6A1B0CDBB27B773F4B5B6A1B0A02
:20DA6000DBB2BB773C4B5B6ADBB2FB773FE00223FB76394B93F828303B77374B93F8293068
:20DA80007B77354B93F82A30BB770023FB772EE00323FB76304BD3F82B301B0EDBB23B77BA
:20DAA0002D4BD3F82B301B0CDBB27B772A4BD3F82B301B0ADBB2BB77274BD3F82B30DBB27E
:20DAC000FB7714E00423FB76234BB3F82F309BB21B0A9BB2DBB23B771F4BB3F82F309BB211
:20DAE000DBB27B770023BB770023FB7700BF002387F8993014E007F10C03194618200BF006
:20DB000061FF0346C7F89430D7F89430002B0BD00120F3F723FF97F89930013387F899303F
:20DB200097F89930092BE6D90A4B1B780133DAB2084B1A70074B1B78042B40F2E981054B15
:20DB400000221A703A200CF05FFEE1E1E0E100BFA7C00020A8C0002098E80020FDF738F950
:20DB60000346002B40F08580864B1B7803F00203DBB2002B04D0FEF7B1FE0346002B78D0B4
:20DB80001F200CF067FE034683F00103DBB2002B6FD006200CF05EFE034683F00103DBB263
:20DBA000002B66D004200CF04BF8034603F00103D9B2744A937861F34103937003200CF053
:20DBC0003FF8034603F00103D9B26E4A937861F3820393700120FEF7DFFA0346C3F30D03A6
:20DBE0009AB2684BC2F30A014C01598801F01F010846214601435980D20A92B202F007023A
:20DC000002F007001A7922F00702114602460A431A71FEF7DDFA034623F07F42594BD1B2D6
:20DC200000200143D971120A92B200210A431A810020FEF7B1FA0346C3F30D039AB2514B16
:20DC4000C2F30C01CC00998801F007010846214601439980520B92B202F0010202F0010081
:20DC60009A7922F00102114602460A439A71FEF7F1FEFDF7ADF80346002B0ED1414B1B7896
:20DC800003F00203DBB2002B07D017200CF0E2FD0346002B01D0FEF7DDFE1F200CF0DAFDC4
:20DCA0000346002B0FD0FDF793F80346002B0AD106200CF0CFFD034683F00103DBB2002BDD
:20DCC00001D0FFF7A9F806200CF0C4FD0346002B00F021811F200CF0BDFD034683F001033E
:20DCE000DBB2002B00F01781FDF772F80346002B40F01181FFF7D2F80DE1FDF769F8034604
:20DD0000002B12D11F4B1B7803F00203DBB2002B04D0FEF7E3FD0346002B06D0FEF73AFF27
:20DD20000A20F3F71BFEFEF7B5FEFDF751F80346002B0FD13B200CF08DFD0346002B09D04F
:20DD40000A20F3F70BFE104918200BF03BFE3B200CF05AFDFDF73CF80346002B40F0DE8009
:20DD6000084B1B7803F00203DBB2002B00F0D68030200CF06FFD0346002B00F0CF80FEF767
:20DD800089FECBE08CC0002080C40020684B1B7803F00103DBB2002B74D01F200CF05AFDB6
:20DDA000034683F00103DBB2002B76D006200CF051FD034683F00103DBB2002B6DD05D4BD8
:20DDC0001B780133DAB25B4B1A705A4B1B781D2B07D9574A137843F0020313700020FEF764
:20DDE00089FD544B1B78222B02D9524B23221A70514B1B780133DAB24F4B1A704E4B1B7898
:20DE00003B2B20D94C4B3C221A70FEF75BFD034683F00103DBB2002B15D0FEF75FFD0346E0
:20DE200083F00103DBB2002B0DD004200CF012FD0346002B07D0FCF7CBFF0346002B02D158
:20DE400012200CF007FD3B4B1B78072B25D9FEF719FA0346012B04D0FEF776FA0346012B1C
:20DE60001BD1334A137823F001031370304A137823F0020313702F4B00221A7000200AF034
:20DE8000F7F90AE02B4B00221A70294A137823F002031370284B00221A70FCF799FF0346FA
:20DEA000002B3ED1224B1B7803F00203DBB2002B04D0FEF713FD0346002B32D01F200CF0EE
:20DEC000C9FC034683F00103DBB2002B29D006200CF0C0FC034683F00103DBB2002B20D0C6
:20DEE000FEF764FD0A20F3F739FDFEF73BFD0A20F3F734FDFEF78AFD13E0FCF769FF0346FD
:20DF0000002B11D1FEF7D4F80EE000BFFFF77FB900BFFFF77CB900BFFFF779B900BFFFF7D2
:20DF200076B900BFFFF773B900BFFFF770B900BF8CC00020A2C00020A3C0002080B582B05C
:20DF400000AF78600B467B805E4B1B78042B00F2A68001A252F823F06DDF01007FDF0100BF
:20DF6000DDDF0100EDDF010035E001007B681B78652B40F09A80534B01221A7095E07B680E
:20DF80001B78022B03D1504B02229A7122E07B681B78012B03D14C4B01229A711AE07B6809
:20DFA0001B78032B03D1484B03229A7112E07B681B78042B03D1444B04229A710AE07B6811
:20DFC0001B78052B03D1404B05229A7102E03E4B06229A713B4B02221A7069E07B681A785D
:20DFE0003A4B1A70374B03221A7061E07B681A78374B1A70354B1B781AB2354B1B781BB260
:20E000001B021BB213431BB27B802F4A7B88A2F8C4327B8803337B807B88B3F52F7F05D981
:20E0200001237B80274B00221A7041E0254B04221A703DE07B88013B7A6813441B78822B8D
:20E0400027D17B88033B7B807B88B3F52F7F1AD81D4BB3F8C4321A4679681E480DF0DAF8C2
:20E06000184B00221A7001237B801B4B5B68002B1DD0194B5868002300221849F2F72CFE54
:20E080000CF0DEFA13E00F4B00221A7001237B800DE00C4B00221A7001237B8007E0094B4A
:20E0A00000221A7001237B8002E000BF00E000BF7B881A46796800200CF08CFA00BF083771
:20E0C000BD4680BD7AC40020B8C000207BC400207CC40020BFC00020ACC00020BEC0002082
:20E0E000B0B5ADF53C7D02AF07F53A73A3F53973186007F53A73A3F5337318464FF430731F
:20E100001A4600210DF078F80023A7F8E6320023A7F8DE320023A7F8E432002387F8E332D6
:20E12000BF4B5B6807F11C014FF0FF321846F2F78BFE0346012BF3D107F53A73A3F533739D
:20E14000B3F8BE32042B08D907F53A73A3F53373B3F8BE32053BA7F8E43207F53A73A3F55C
:20E1600033731B78013B042B00F20B8401A252F823F000BF89E10100FBE101008DE2010003
:20E180003DE4010071E60100A64B00221A7107F53A73A3F533735B781A4607F53A73A3F50C
:20E1A00033739B781B021A4307F53A73A3F53373DB781B041A4307F53A73A3F533731B79FB
:20E1C0001B0613431A46974B1A6007F53A73A3F533735A79934B9A71924B00225A71914BC3
:20E1E0009B791A4607F11C03063319468E480BF073FE3B200CF0E4FAD0E38C4B01225A700E
:20E200008B4B00221A708B4B00221A7026200CF0FBFA00F0DBFC07F11C03013390221946A0
:20E2200085480BF059FE844800F028FC0346002B00F0AA8319200CF00DFB034683F0010351
:20E24000DBB2002B1FD0794B93F81003774B93F81113764B93F81243744B93F81353734B35
:20E2600093F81433714A92F81523019200932B46224604F073FF04F03DFF19200CF0A0FAEB
:20E280001A200CF09DFA00F05DFC7DE3FDF7FAFF0346002B09D1FEF757F80346002B04D140
:20E2A000FEF7A6F80346002B02D000F0D1FE77E3002003F0E7FC5E4B00221A700120FCF70D
:20E2C00093FD07F53A73A3F53373B3F8BE320D2B00F25D8307F53A73A3F5387300221A7189
:20E2E00007F53A73A3F533735B781A4607F53A73A3F533739B781B021A4307F53A73A3F54F
:20E300003373DB781B041A4307F53A73A3F533731B791B0613431A4607F53A73A3F538734A
:20E320001A6007F53A73A3F533735A7907F53A73A3F538739A7107F53A73A3F538730022A4
:20E340005A7107F53A73A3F538739B791A4607F11C03991D07F108030C3318460BF0BCFD71
:20E3600007F53A73A3F538731B6840F2FA72934218D007F53A73A3F538731B6840F2FB72C5
:20E3800093420FD007F53A73A3F538731B6840F2C17293421BD107F53A73A3F538731B7BB2
:20E3A000042B14D107F108031846FCF7B9F807F53A73A3F538731B6840F2C172934218D1B2
:20E3C00007F10803194618200BF0FCFA11E007F53A73A3F538731B6840F2C172934202D145
:20E3E0000120FCF7E5FC07F10803194618200BF0E9FA07F53A73A3F538731B6840F2C172DC
:20E40000934240F0C48207F53A73A3F538731B7B002B40F0BC820220FCF7CAFCB7E200BF63
:20E42000ACC0002080C400208CC40020B8C0002095C4002094C4002080C30020002003F07D
:20E4400021FC9F4B00221A700120FCF7B1FC0120FCF7CAFC07F53A73A3F533735B781A4654
:20E4600007F53A73A3F533739B781B021A4307F53A73A3F53373DB781B041A4307F53A73C9
:20E48000A3F533731B791B0613431A4607F53A73A3F538731A6007F53A73A3F533735A79B3
:20E4A00007F53A73A3F538739A7107F53A73A3F5387300221A7107F53A73A3F538730022BE
:20E4C0005A71804B05221A80B7F8E432DB08A7F8E632B7F8E43203F00703A7F8DE3258E0DD
:20E4E000002387F8E3321AE0764B1B885A1C91B2744A1180194697F8E33207F53A72A2F5BD
:20E5000033720A44517807F53A72A2F5387213440A461A7397F8E332013387F8E33297F827
:20E52000E332072BE0D907F53A73A3F538731B6840F2FA72934218D007F53A73A3F5387325
:20E540001B6840F2FB7293420FD007F53A73A3F538731B6840F2C17293420CD107F53A73B6
:20E56000A3F538731B7B042B05D107F108031846FBF7D6FF05E007F10803194618200BF01B
:20E5800021FAB7F8E632013BA7F8E6320320F3F7E5F9B7F8E632002BA2D1B7F8DE32002B6C
:20E5A00000F0F881B7F8DE32DAB207F53A73A3F538739A71002387F8E3321AE0414B1B88D0
:20E5C0005A1C91B23F4A1180194697F8E33207F53A72A2F533720A44517807F53A72A2F52B
:20E5E000387213440A461A7397F8E332013387F8E33297F8E3329BB2B7F8DE229A42DDD8A0
:20E600000023A7F8DE3207F53A73A3F538731B6840F2FA72934218D007F53A73A3F5387372
:20E620001B6840F2FB7293420FD007F53A73A3F538731B6840F2C17293420FD107F53A73D2
:20E64000A3F538731B7B042B08D11F4B586807F1080100230022F2F72FFA05E007F108036F
:20E66000194618200BF0AEF90520F3F777F991E107F53A73A3F53373B3F8BE32002B00F0D3
:20E680008C816A22002111480CF0B6FD07F53A73A3F533735B7887F8DD3297F8DD32042BA3
:20E6A00000F2638101A252F823F000BFD1E60100C7E70100F9E7010059E8010009E9010048
:20E6C00095C4002096C4002024BB002010C4002007F53A73A3F53373B3F8BE32012B40F274
:20E6E0004681FDF7CFFD0346002B67D1FDF72CFE0346002B62D1032000F0D4FE31200CF0F0
:20E70000A9F8034683F00103DBB2002B11D007F53A73A3F533739B78012B0AD103F0C2FA4F
:20E7200031200CF04DF832200CF04AF833200CF06BF831200CF08EF80346002B13D007F5DF
:20E740003A73A3F533739B78012B0CD103F0B6FA0346142B07D903F0A5FA32200CF030F89F
:20E7600033200CF051F831200CF074F80346002B11D007F53A73A3F533739B78012B0AD1F2
:20E7800003F09CFA0346142B05D832200CF018F833200CF039F807F53A73A3F533739B78B3
:20E7A000002B0FD103F07EFA31200CF02DF832200CF02AF833200CF003F803E0012000F0C3
:20E7C00071FED4E0D3E007F53A73A3F53373B3F8BE32012B40F2CD8007F53A73A3F533734F
:20E7E0009A78714B5A70704B5B78184604F0F0FB2F200BF0E5FFBCE007F53A73A3F5337305
:20E80000B3F8BE32012B40F2B68007F53A73A3F533739A78644B9A70634B9B78002B02D059
:20E82000012B04D017E00020FEF7ECFB13E0FDF7EBFE034683F00103DBB2002B0AD0FCF7D0
:20E84000C7FA0346002B05D10120FEF7DBFB16200BF0B6FF00BF8EE007F53A73A3F53373C7
:20E86000B3F8BE32012B40F2888007F53A73A3F533739A784C4BDA7007F53A73A3F53373D6
:20E88000B3F8BE32023BA7F8E032B7F8E032002B73D0B7F8E032642B02D96423A7F8E0325D
:20E8A000B7F8E02207F11C03033319463F480CF0B1FC35200BF084FF3B4BDB78032B14D00D
:20E8C000032B19DC012B02D0022B07D014E037200BF076FF36200BF097FF14E037200BF02B
:20E8E00093FF36200BF06CFF0DE036200BF08CFF37200BF089FF06E036200BF085FF372015
:20E900000BF082FF00BF38E007F53A73A3F53373B3F8BE32012B32D907F53A73A3F5337304
:20E920009A78214B83F869201F4B93F86930002B02D0012B0CD017E028200BF065FF2920DB
:20E940000BF03EFF04F0E2FA2D200BF039FF0BE028200BF035FF29200BF032FF04F0D6FA94
:20E960002D200BF02DFF00BF09E000BF15E000BF13E000BF11E000BF0FE000BF0DE000BF4C
:20E980000BE000BFFFF7CCBB00BFFFF7C9BB00BFFFF7C6BB00BFFFF7C3BB00BFFFF7C0BB7E
:20E9A00007F53A77BD46B0BD10C4002014C4002080B500AF26200BF04DFF0346002B4ED14A
:20E9C000284B1B78DBB20133DAB2264B1A70264B1B78DBB2002B0DD1224B1B78DBB2092B8E
:20E9E00008D9214B01221A700122204900200BF0F1FD35E01C4B1B78DBB2012B30D1194B5B
:20EA00001B78DBB2132B2BD9174B02221A7026200BF0D6FE164B1B7823F00203DAB2144B78
:20EA20001A70134B1B7823F01003DAB2104B1A70104B1B7823F00203DAB20E4B1A700D4BF7
:20EA40001B7823F01003DAB20A4B1A700A4B00225A700122054900200BF0BCFD00E000BF6D
:20EA600080BD00BF95C4002094C40020BFC00020F8C7002000C80020B8C0002080B483B044
:20EA800000AF78607B6893F84830002B1AD17B6893F84930002B15D17B6893F84A30002BE8
:20EAA00010D17B6893F84B30002B0BD17B6893F84C30002B06D17B6893F84D30002B01D1B1
:20EAC000002339E07B6893F84930002B04D07B6893F849300C2B01D900232DE07B6893F87E
:20EAE0004830002B04D07B6893F848301F2B01D9002321E07B6893F84B30172B01D9002349
:20EB00001AE07B6893F84C303B2B01D9002313E07B6893F84D303B2B01D900230CE07B689E
:20EB200093F84930022B06D17B6893F848301D2B01D9002300E0012318460C37BD465DF8A5
:20EB4000047B704780B584B000AF04F0ADFB0346FB7304F0B5FB0346BB731B4B93F81333C2
:20EB60007B73194B93F814333B73FB7B9BB21A461201D31A9B009AB2BB7B9BB213447B81E3
:20EB80007B7B9BB21A461201D31A9B009AB23B7B9BB213443B817A893B899A4204D97A8952
:20EBA0003B89D31A9BB203E03A897B89D31A9BB2FB80FB88012B02D919200BF025FE00BF58
:20EBC0001037BD4680BD00BFB8C0002098B500AF254B1B7843F00203DAB2234B1A70234B2E
:20EBE0001B7843F00203DAB2204B1A70204B93F81633002B0ED11C4B1B7843F01003DAB2B4
:20EC0000194B1A70194B1B7843F01003DAB2174B1A7012E0164B93F81633012B0DD1124BC3
:20EC20001B7823F01003DAB20F4B1A700F4B1B7823F01003DAB20D4B1A7000F029F80346D0
:20EC4000002B0ED000F024F80346062B09D800F01FF803465C1E00F06FF803461A46054B2A
:20EC60001A5500BF98BD00BFF8C7002000C80020B8C00020640A002080B400AF034B93F8A9
:20EC8000C8321846BD465DF8047B7047B8C0002080B400AF034B93F817331846BD465DF83A
:20ECA000047B7047B8C0002080B400AF034B93F8CC321846BD465DF8047B7047B8C0002048
:20ECC00080B400AF034B93F84E331846BD465DF8047B7047B8C0002080B400AF034B93F8B7
:20ECE0004F331846BD465DF8047B7047B8C0002080B400AF034B93F850331846BD465DF819
:20ED0000047B7047B8C0002080B400AF034B93F8C9321846BD465DF8047B7047B8C00020EA
:20ED200080B400AF034B93F8CB321846BD465DF8047B7047B8C0002080B400AF034B93F8DA
:20ED4000CA321846BD465DF8047B7047B8C0002080B400AF034B93F8CE321846BD465DF8C1
:20ED6000047B7047B8C0002080B400AF034B93F8CD321846BD465DF8047B7047B8C0002086
:20ED800080B400AF064BD3E9B42343EC172BB0EE470AF0EE670ABD465DF8047B704700BFB0
:20EDA000B8C0002080B400AF064BD3E9B62343EC172BB0EE470AF0EE670ABD465DF8047B6C
:20EDC000704700BFB8C0002080B400AF024B1846BD465DF8047B7047D7C3002080B400AF6C
:20EDE000024B1846BD465DF8047B7047E7C3002080B400AF024B1846BD465DF8047B7047F4
:20EE0000D0C3002080B400AF034BD3F848331846BD465DF8047B7047B8C0002080B400AF61
:20EE2000034B1B781846BD465DF8047B704700BF10C4002080B400AF034B93F84C331846B9
:20EE4000BD465DF8047B7047B8C0002080B400AF034B93F84D331846BD465DF8047B704764
:20EE6000B8C0002080B483B000AF0346FB71044AFB79137000BF0C37BD465DF8047B70475A
:20EE800010C4002080B400AF024B1846BD465DF8047B704714C4002080B584B000AF78607A
:20EEA0000023FB73154B5B6807F10F014FF0FF321846F1F7C9FF0346012BF3D1FB7B012B3D
:20EEC00018D1FEF741F90346002B09D1FDF754F90346072B04D0FDF7F5FC0346002B0BD008
:20EEE000FBF776FF0346002B06D100F069FBFFF75FFD01E000BFD5E700BFD3E798C4002069
:20EF000080B584B000AF78600023FB817B689B7906339AB24C4B1A80FB895A1CFA811A46E0
:20EF20004A4B65219954FB895A1CFA811A46474B02219954444B1988FB895A1CFA811A464D
:20EF4000C9B2424B9954404B1B881B0A99B2FB895A1CFA811A46C9B23C4B99547B681968F6
:20EF6000FB895A1CFA811A46C9B2384B99547B681B68190AFB895A1CFA811A46C9B2334B7A
:20EF800099547B681B68190CFB895A1CFA811A46C9B22E4B99547B681B68190EFB895A1CBC
:20EFA000FA811A46C9B2294B9954FB895A1CFA811A467B689979254B995400237B730CE076
:20EFC0007A7BFB89591CF98119467B6813441A7B1E4B5A547B7B01337B737B689B797A7B80
:20EFE0009A42EDD300233B7309E0FB895A1CFA811A46164B002199543B7B01333B733B7B29
:20F00000002BF2D0FB895A1CFA811A460F4B00219954FB895A1CFA811A460C4B002199548C
:20F02000FB895A1CFA811A46084B82219954FB891A46064900200BF063FA0023FB8100BF0F
:20F040001037BD4680BD00BFF2C70020A0C4002080B582B000AF0023FB802C4B02221A8024
:20F06000FB885A1CFA801A46294B65219954FB885A1CFA801A46264B04219954234B198871
:20F08000FB885A1CFA801A46C9B2214B99541F4B1B881B0A99B2FB885A1CFA801A46C9B2FE
:20F0A0001B4B9954FB885A1CFA801A46184BFF219954FB885A1CFA801A46154BFF2199547A
:20F0C000FB885A1CFA801A46114B00219954FB885A1CFA801A460E4B00219954FB885A1CC0
:20F0E000FA801A460A4B82219954FB881A46084900200BF005FA01216420F4F7E1F9002375
:20F10000FB8000BF0837BD4680BD00BFF2C70020A0C4002080B586B000AF0023FB823B46DF
:20F1200000221A605A609A60DA601A614F4B68221A80FB8A5A1CFA821A464D4B652199542A
:20F14000FB8A5A1CFA821A46494B01219954474B1988FB8A5A1CFA821A46C9B2444B995434
:20F16000424B1B881B0A99B2FB8A5A1CFA821A46C9B23F4B995400237B7553E07A7D3B4668
:20F1800011461846FDF762F93968FB8A5A1CFA821A46C9B2364B99543B68190AFB8A5A1C49
:20F1A000FA821A46C9B2324B99543B68190CFB8A5A1CFA821A46C9B22D4B99543B68190E45
:20F1C000FB8A5A1CFA821A46C9B2294B9954FB8A5A1CFA821A46B979254B995400233B7543
:20F1E0001AE0BB793A7D9A420CD23A7DFB8A591CF982194602F118033B4413F80C2C1C4BAE
:20F200005A5406E0FB8A5A1CFA821A46184B002199543B7D01333B753B7D072BE1D97B7DDA
:20F2200001337B757B7D072BA8D9FB8A5A1CFA821A460F4B00219954FB8A5A1CFA821A46E9
:20F240000B4B00219954FB8A5A1CFA821A46084B82219954FB8A1A46054900200BF050F9F9
:20F260000023FB8200BF1837BD4680BDF2C70020A0C4002080B58CB000AF78607B68002B3D
:20F2800001D1032393E007F108032022002118460BF0B2FF0023FB850D23BB85FB8D5A1C82
:20F2A000FA8530333B44652203F8282CFB8D5A1CFA8530333B44052203F8282CFB8D5A1C44
:20F2C000FA85BA8DD2B230333B4403F8282CBB8D1B0A9AB2FB8D591CF985D2B230333B4419
:20F2E00003F8282C7B681A68FB8D591CF985D2B230333B4403F8282C7B681B681A0AFB8D18
:20F30000591CF985D2B230333B4403F8282C7B681B681A0CFB8D591CF985D2B230333B44D8
:20F3200003F8282C7B681B681A0EFB8D591CF985D2B230333B4403F8282CFB8D5A1CFA8543
:20F3400019467B689A7901F130033B4403F8282CFB8D07F10802D0187B680C330822194648
:20F360000BF058FFFB8D0833FB85FB8D5A1CFA8530333B44002203F8282CFB8D5A1CFA85AB
:20F3800030333B44002203F8282CFB8D5A1CFA8530333B44822203F8282CFA8D07F108033E
:20F3A000194600200BF0ACF80346BB62BB6A18463037BD4680BDFFFF80B582B000AF002368
:20F3C000FB71FB795A1CFA711A46354B65219954FB795A1CFA711A46314B05219954FB7961
:20F3E0005A1CFA711A462E4B07219954FB795A1CFA711A462A4B00219954FB795A1CFA71B1
:20F400001A46274B6B219954FB795A1CFA711A46234B02219954FB795A1CFA711A46204B4E
:20F4200000219954FB795A1CFA711A461C4B00219954FB795A1CFA711A46194B022199546B
:20F44000FB795A1CFA711A46154B7F219954FB795A1CFA711A46124B02219954FB795A1CFE
:20F46000FA711A460E4B00219954FB795A1CFA711A460B4B00219954FB795A1CFA711A468C
:20F48000074B82219954FB791A46054900200BF037F80023FB7100BF0837BD4680BD00BF92
:20F4A000A0C4002080B584B000AF0346FB710023FB73FB7B5A1CFA731A46404B65219954B3
:20F4C000FB7B5A1CFA731A463C4B05219954FB7B5A1CFA731A46394B06219954FB7B5A1C9C
:20F4E000FA731A46354B00219954FB7B5A1CFA731A46324B50219954FB7B5A1CFA731A4664
:20F500002E4B01219954FB7B5A1CFA731A462B4B00219954FB7B5A1CFA731A46274B0021DA
:20F520009954FB7B5A1CFA731A46244B01219954FB79032B18D0032B1EDC012B02D0022BCA
:20F5400008D019E0FB7B5A1CFA731A461B4B0121995412E0FB7B194A13441846FDF778F9C7
:20F56000FB7B0133FB7308E0FB7B5A1CFA731A46124B0321995400E000BFFB7B5A1CFA736C
:20F580001A460E4B00219954FB7B5A1CFA731A460A4B00219954FB7B5A1CFA731A46074B7D
:20F5A00082219954FB7B1A46044900200AF0A8FF0023FB7300BF1037BD4680BDA0C400207C
:20F5C00080B588B000AF0423FB833B1D00221A605A609A60DA601A6140F252320021784876
:20F5E0000BF00AFE00237B7726E07A7F3B1D11461846FCF70DFF7B68002B1AD0FB8B704AB0
:20F6000013447A681A60FB8B0433FB83FB8B5A1CFA831A46B97A6A4B9954FB8B684A1344BF
:20F620001A4607F1100303CB10605160FB8B0833FB837B7F01337B777B7F0C2BD5D900230F
:20F640003B7726E03A7F3B1D11461846FCF7FEFE7B68002B1AD0FB8B594A13447A681A6069
:20F66000FB8B0433FB83FB8B5A1CFA831A46B97A534B9954FB8B524A13441A4607F11003D4
:20F6800003CB10605160FB8B0833FB833B7F01333B773B7F242BD5D90023FB7626E0FA7ED3
:20F6A0003B1D11461846FCF7F1FE7B68002B1AD0FB8B434A13447A681A60FB8B0433FB8362
:20F6C000FB8B5A1CFA831A46B97A3D4B9954FB8B3B4A13441A4607F1100303CB10605160ED
:20F6E000FB8B0833FB83FB7E0133FB76FB7E082BD5D90023BB7626E0BA7E3B1D11461846B4
:20F70000FCF7E2FE7B68002B1AD0FB8B2C4A13447A681A60FB8B0433FB83FB8B5A1CFA83BB
:20F720001A46B97A264B9954FB8B254A13441A4607F1100303CB10605160FB8B0833FB83F3
:20F74000BB7E0133BB76BB7E042BD5D9FB8B043B9AB21C4B1A801B4B1B88002B2CD0184B50
:20F7600065221A70164B01225A70164B1B88DAB2134B9A70134B1B881B0A9BB2DAB2104BD8
:20F78000DA70FB8B5A1CFA831A460D4B00219954FB8B5A1CFA831A46094B00219954FB8B1F
:20F7A0005A1CFA831A46064B82219954FB8B1A46034900200AF0A4FE00BF2037BD4680BDD1
:20F7C000A0C40020F2C70020B0B588B002AF78607B681B6840F26B22934240F028837B68EE
:20F7E0001B7B9F2B7CD09F2B00F32183442B73DC102BC0F21C83103B342B00F2188301A2D8
:20F8000052F823F0B9FD01002FFE01002FFE01002FFE01002FFE01002FFE01002FFE0100C0
:20F820002FFE010077FD01002FFE01002FFE01002FFE01002FFE01002FFE01002FFE010011
:20F840002FFE01002FFE01002FFE0100EBF9010083FB0100EDFC01002FFE01002FFE010074
:20F860002FFE01002FFE01002FFE01002FFE01002FFE01002FFE01002FFE01002FFE010018
:20F8800007F901002FFE01002FFE01002FFE01002FFE01002FFE01002FFE01002FFE010025
:20F8A0002FFE01002FFE01002FFE01002FFE01002FFE01002FFE01002FFE01002FFE0100D8
:20F8C0002FFE01002FFE01002FFE01002FFE01002FFE0100BBFB01007F2B00F08E82A6E259
:20F8E0007B68587B7B68997B7B68DC7B7B681D7C7B685B7C7A68927C019200932B462246FC
:20F9000003F02CFC93E27B685B7B022B56D0022B63DC002B30D0012B5FD100214FF4027082
:20F920000AF076F94FF47A70F2F718F8012140F206200AF06DF94FF47A70F2F70FF8002120
:20F9400040F206200AF064F94FF47A70F2F706F8012140F207100AF05BF940F6B830F1F725
:20F96000FDFF002140F207100AF052F9012201212F20FDF719FA37E001214FF402700AF059
:20F9800047F9012140F206200AF042F94FF47A70F1F7E4FF002140F206200AF039F94FF498
:20F9A0007A70F1F7DBFF012140F207100AF030F9012200212F20FDF7F7F915E01F200AF068
:20F9C00049FF0346002B05D106200AF043FF0346002B08D0FDF7ECFA05E0002212212F2084
:20F9E000FDF7E2F900E000BF21E27B685B7B013B0F2B00F2BE8001A252F823F03DFA0100FF
:20FA000073FB01004FFB010055FB01005DFB010065FB010073FB010073FB010073FB0100D4
:20FA200073FB010073FB010073FB010073FB010073FB010073FB01006DFB01007B689B7BCA
:20FA4000BB757B680F333B61BB7D102B20D13B691B781AB23B6901331B781BB21B021BB22C
:20FA600013431BB29AB2B74B1A823B6902331A78B44B9A743B6903331A78B24BDA743B69A6
:20FA800004331A78AF4B1A75AF4B01221A7034E0BB7D202B1DD13B691A78AA4B5A753B694A
:20FAA00001331B781A463B6902331B781B021A433B6903331B781B041A433B6904331B78E2
:20FAC0001B0613439F4AC2F816309F4B01225A7013E0BB7D302B10D13B691B781AB23B69E1
:20FAE00001331B781BB21B021BB213431BB29AB2944B5A83944B01229A70934B1B78002BB5
:20FB00003DD0914B5B78002B39D08F4B9B78002B35D08D4B00229A708B4B9A788A4B5A704D
:20FB2000894B5A78884B1A7003F0C2FA0346FB73FB7B002B05D1012201212220FDF734F93D
:20FB40001DE0002210212220FDF72EF917E0FDF703FA15E01C200AF033FE11E020200AF089
:20FB60002FFE0DE021200AF02BFE09E0FCF792FF06E0002212212220FDF716F900E000BF7B
:20FB800055E17B685B7B022B10D103F07BFA0346FB75FB7D002B03D11D200AF011FE0BE09F
:20FBA000002210212320FDF7FFF805E0002212212320FDF7F9F800BF39E17B685B7B032BA2
:20FBC00000F28D8001A252F823F000BF2DFC0100DDFB010061FC0100ABFC01001F200AF025
:20FBE00039FE034683F00103DBB2002B18D006200AF030FE034683F00103DBB2002B0FD0C9
:20FC00000822002151480BF0F7FA00F053F97868FFF730FB1F200AF0D3FDFDF7C3FA64E0D9
:20FC2000002210214420FDF7BFF85EE01F200AF0EBFDFDF79DFA0346012B08D1FDF7A6FA96
:20FC400003461D2B03D90020FDF768FA02E00120FDF764FA082200213C480BF0CDFA44E0B7
:20FC600006200AF0F7FD034683F00103DBB2002B15D01F200AF0EEFD034683F00103DBB2A2
:20FC8000002B0CD00822002131480BF0B5FA00F011F906200AF094FDFDF784FA25E00022AB
:20FCA00010214420FDF780F81FE006200AF0ACFDFDF75EFA0346012B08D1FDF767FA034643
:20FCC0001D2B03D90020FDF729FA02E00120FDF725FA082200211E480BF08EFA05E0002278
:20FCE00012214420FDF760F800BFA0E07B685B7B012B02D0022B34D036E07B689B7B552B6B
:20FD000010D0AA2B26D1AA2003F034F913200AF057FD14200AF078FD012201212420FDF7AC
:20FD200043F81DE0552003F025F914200AF048FD13200AF069FD012201212420FDF734F856
:20FD40000EE000BF98E80020F4C70020F8C7002000C80020002210212420FDF725F800BF4D
:20FD600008E0FCF723FE05E0002212212420FDF71BF800BF5BE07B685B7B002B15D11F20FF
:20FD80000AF068FD0346002B05D106200AF062FD0346002B03D01E200AF012FD0BE00022A0
:20FDA00022211820FDF700F805E0002212211820FCF7FAFF00BF3AE07B685B7B002B15D1DB
:20FDC0001F200AF047FD0346002B05D106200AF041FD0346002B03D01E200AF015FD0BE082
:20FDE000002222211020FCF7DFFF05E0002212211020FCF7D9FF00BF19E07B685B7B012BCB
:20FE000014D11F200AF026FD0346002B05D106200AF020FD0346002B02D000F063F804E0A5
:20FE2000002222217F20FCF7BFFF00BF00BF00BF1837BD46B0BD00BF80B582B000AF002319
:20FE4000FB7102F047FE03461A46FB791344FB7102F090FE03461A46FB791344FB71FB794B
:20FE6000002B0FD1114B1B7843F00103DAB20F4B1A700F4B1B7843F00103DAB20C4B1A7050
:20FE800001230EE0094B1B7823F00103DAB2074B1A70074B1B7823F00103DAB2044B1A7089
:20FEA000002318460837BD4680BD00BFF8C7002000C8002080B500AFFFF7BEFF074B1B7840
:20FEC00043F00803DAB2054B1A70054B1B7843F00803DAB2024B1A7000BF80BDF8C700201F
:20FEE00000C8002080B500AF012201217F20FCF75BFF6420F1F732FD08F071FB012140F2B2
:20FF0000074009F085FE012140F2062009F080FE012140F2072009F07BFE012140F20D10CF
:20FF200009F076FE01214FF4806009F071FE0248F7F706F900BF80BD10B1002080B500AFAF
:20FF4000052200210C480BF057F90B4B00225A70094B00221A70084B00221A71064B002205
:20FF60009A70054B0022DA70044B01221A70044B00221A7000BF80BD08C800206A0A002044
:20FF80000DC8002080B584B000AF03460A46FB711346BB710023FB73244B1B78FA799A42E8
:20FFA00002D00123FB7318E0FB79022B02D0032B08D012E01D4B9B78BA799A420AD00123F2
:20FFC000FB7307E0194B9B78BA799A4204D00123FB7301E000BF00E000BFFB7B002B1DD013
:20FFE000134B01221A7008F0D5F9104B1A780F4B5A700E4B9A780D4BDA700C4AFB791370C5
:020000040002F8
:20000000FB79022B02D0032B04D00BE0074ABB79937007E0054ABB79937003E0044B002237
:200020001A7000BF00BF1037BD4680BD08C800200DC8002080B582B000AF78607B681B78E8
:20004000072B5AD801A252F823F000BF6D000200750002009D000200D50002007D000200A2
:20006000850002008D00020095000200786800F013F943E0786800F0E9F93FE0786800F033
:2000800095FC3BE0786800F0AFFC37E0786800F014FD33E0786800F079FD2FE0786800F009
:2000A0005FFA7B689B78022B0ED0022B10DC002B02D0012B04D00BE0786800F075FA08E0BE
:2000C000786800F0F7FA04E0786800F069FB00E000BF13E0786800F0D9FB7B689B78002BF0
:2000E00002D0012B04D007E0786800F0EEFB03E0786800F03AFC00BF00E000BF00BF083749
:20010000BD4680BD80B582B000AF78607B681B78072B54D801A252F823F000BF3D010200DE
:20012000450102006D0102009F0102004D010200550102005D01020065010200786800F025
:20014000DFF83DE0786800F096F939E0786800F037FC35E0786800F059FC31E0786800F015
:20016000BBFC2DE0786800F02DFD29E07B689B78022B0ED0022B10DC002B02D0012B04D0A1
:200180000BE0786800F02AFA08E0786800F09CFA04E0786800F00EFB00E000BF10E07B6803
:2001A0009B78002B02D0012B04D007E0786800F096FB03E0786800F0E4FB00BF00E000BFF7
:2001C00000BF0837BD4680BD80B582B000AF78607B685B78072B5AD801A252F823F000BF1A
:2001E0000102020009020200310202006902020011020200190202002102020029020200C7
:20020000786800F0FFF843E0786800F09FF93FE0786800F0DFFB3BE0786800F043FC37E082
:20022000786800F0A8FC33E0786800F00BFD2FE07B68DB78022B0ED0022B10DC002B02D0F9
:20024000012B04D00BE0786800F02AFA08E0786800F09CFA04E0786800F00EFB00E000BF15
:20026000786800F097F913E07B68DB78002B02D0012B04D007E0786800F06DFB03E0786816
:2002800000F08AFB00BF786800F015FB00E000BF00BF0837BD4680BD80B582B000AF78607F
:2002A0007B6800221A71134B00221A7005200AF0ABFAFCF7FBFA0E200AF0CCFA0346002B96
:2002C00001D008F08CF907F0E3FF0B4B1B78002B05D00A4B1B780133DAB2084B1A70082061
:2002E00006F086FE1B2006F083FE00BF0837BD4680BD00BFABE90020ADE90020AEE90020B4
:20030000B0B582B000AF7860FBF7BCFF0346002B0DD1FCF719F80346002B08D1FCF768F81C
:200320000346002B03D10120FCF7E2FE02E00020FCF7DEFE02F030FE0346552B57D114206B
:200340000AF088FA0346002B51D038200AF082FA0346002B39D00E200AF07CFA034683F0E7
:200360000103DBB2002B0AD008F0B8F8642002F04DF9214B64221A700E200AF021FA1F4B5A
:200380001B78002B07D11D4B01221A701C4B00221A7008F00BF908F087F808F045F808F0FF
:2003A00031F802F049FF03461C4602F089FF03461D4602F0C1FF03461A462946204603F0E6
:2003C000D3FB072006F02EFF11E00C4B00221A700B4B1B78002B0AD1094B01221A700E20F3
:2003E0000AF038FA0346002B01D008F0F8F800BF0837BD46B0BD00BF6F0A00200FC80020E7
:2004000010C8002080B582B000AF78607B6800221A710E200AF01EFA034683F00103DBB2D9
:20042000002B0AD008F05AF8642002F0EFF8064B64221A700E200AF0C3F908F0B7F800BF65
:200440000837BD4680BD00BF6F0A002080B582B000AF786007F0E8FF07F0D4FF05200AF010
:20046000D3F90020FCF7CEFD0020FCF741FE00BF0837BD4680BD80B582B000AF78607B6871
:200480001B79962B2DD802F087FD0346AA2B12D113200AF0DFF90346002B0CD00B230621E1
:2004A0000122184603F01AF87B681B790133DAB27B681A7147E002F06FFD0346552B0ED1E4
:2004C00014200AF0C7F90346002B08D008F058FA7B681B790133DAB27B681A7133E002F0EE
:2004E00023FD02F059FD0346AA2B0CD113200AF0B1F90346002B06D044230121012218466E
:2005000002F0ECFF13E002F047FD0346552B0CD114200AF09FF90346002B06D00C230021CF
:200520000122184602F0DAFF01E002F0FDFC012006F00CF8072006F05BFD092006F058FD9F
:2005400038200AF061F90837BD4680BD80B483B000AF786000BF0C37BD465DF8047B7047F2
:2005600080B582B000AF7860094B1B78032B08D1074B00221A7005200AF046F90020FCF730
:20058000B7FD0020FCF73EFD00BF0837BD4680BDABE9002080B483B000AF786000BF0C3777
:2005A000BD465DF8047B704780B582B000AF7860094B1B78032B08D1074B00221A700520AE
:2005C0000AF022F90020FCF793FD0020FCF71AFD00BF0837BD4680BDABE9002080B582B0E0
:2005E00000AF78607B681B79962B2DD802F0D4FC0346AA2B12D113200AF02CF90346002BAE
:200600000CD00B2306210122184602F067FF7B681B790133DAB27B681A713EE002F0BCFC63
:200620000346552B0ED114200AF014F90346002B08D008F0A5F97B681B790133DAB27B68DB
:200640001A712AE002F070FC02F0A6FC0346552B0CD114200AF0FEF80346002B06D00C23D0
:2006600001210122184602F039FF13E002F094FC0346AA2B0CD113200AF0ECF80346002BB8
:2006800006D0442300210122184602F027FF01E002F04AFC022005F059FF0837BD4680BD5C
:2006A00080B483B000AF786000BF0C37BD465DF8047B704780B483B000AF786000BF0C37CC
:2006C000BD465DF8047B704780B582B000AF78607B681B79962B2DD802F05EFC0346AA2BF7
:2006E00012D113200AF0B6F80346002B0CD00B2306210122184602F0F1FE7B681B7901338A
:20070000DAB27B681A713EE002F046FC0346552B0ED114200AF09EF80346002B08D008F0DD
:200720002FF97B681B790133DAB27B681A712AE002F0FAFB02F030FC0346552B0CD1142003
:200740000AF088F80346002B06D00C2301210122184602F0C3FE13E002F01EFC0346AA2B33
:200760000CD113200AF076F80346002B06D0442300210122184602F0B1FE01E002F0D4FB6B
:20078000032005F0E3FE0837BD4680BD80B483B000AF786000BF0C37BD465DF8047B704763
:2007A00080B483B000AF786000BF0C37BD465DF8047B704780B582B000AF78607B681B7956
:2007C000962B2DD802F0E8FB0346AA2B12D113200AF040F80346002B0CD00B230621012250
:2007E000184602F07BFE7B681B790133DAB27B681A713EE002F0D0FB0346552B0ED11420D4
:200800000AF028F80346002B08D008F0B9F87B681B790133DAB27B681A712AE002F084FBA9
:2008200002F0BAFB0346552B0CD114200AF012F80346002B06D00C2301210122184602F025
:200840004DFE13E002F0A8FB0346AA2B0CD113200AF000F80346002B06D0442300210122B0
:20086000184602F03BFE01E002F05EFB042005F06DFE0837BD4680BD80B483B000AF7860D2
:2008800000BF0C37BD465DF8047B704780B582B000AF786007F0C8FD07F0B4FD052009F058
:2008A000B3FF0020FCF724FC0020FCF7ABFB00BF0837BD4680BD80B483B000AF786000BFAF
:2008C0000C37BD465DF8047B704780B483B000AF786000BF0C37BD465DF8047B704780B594
:2008E00082B000AF78607B681B79962B2DD802F053FB0346AA2B12D1132009F0ABFF0346A2
:20090000002B0CD00B2306210122184602F0E6FD7B681B790133DAB27B681A7118E002F096
:200920003BFB0346552B0ED1142009F093FF0346002B08D008F024F87B681B790133DAB283
:200940007B681A7104E002F0EFFA082006F084FA0837BD4680BD80B483B000AF786000BFA2
:200960000C37BD465DF8047B704780B582B000AF786007F059FD07F045FD00BF0837BD4631
:2009800080BD80B582B000AF7860052006F064FA00BF0837BD4680BD80B483B000AF786087
:2009A00000BF0C37BD465DF8047B704780B483B000AF786000BF0C37BD465DF8047B704729
:2009C00080B582B000AF786007F062FD00BF0837BD4680BD80B483B000AF786000BF0C37A5
:2009E000BD465DF8047B704780B582B000AF786007F008FD07F018FD052009F005FF002031
:200A0000FCF700FB00BF0837BD4680BDB0B582B000AF7860082006F005FC02F0BDFA03467B
:200A2000AA2B1CD1132009F015FF0346002B16D00B2307210122184602F050FD02F0FCFB5B
:200A400003461C4602F03CFC03461D4602F074FC03461A462946204602F0E8FF1EE002F06C
:200A60009BFA0346552B16D1142009F0F3FE0346002B10D002F0E0FB03461C4602F020FC39
:200A800003461D4602F058FC03461A462946204603F06AF802E002F047FA00BF00BF0837BF
:200AA000BD46B0BD80B582B000AF7860082006F09FFA00BF0837BD4680BD80B582B000AFCD
:200AC000786007F09FFC07F0AFFC0020FCF79AFA00BF0837BD4680BDB0B582B000AF786007
:200AE000082006F085FA092006F09CFB02F054FA0346AA2B1CD1132009F0ACFE0346002B0E
:200B000016D00B2307210122184602F0E7FC02F093FB03461C4602F0D3FB03461D4602F0BA
:200B20000BFC03461A462946204602F07FFF1EE002F032FA0346552B16D1142009F08AFE3F
:200B40000346002B10D002F077FB03461C4602F0B7FB03461D4602F0EFFB03461A462946EE
:200B6000204603F001F802E002F0DEF900BF00BF0837BD46B0BD80B582B000AF7860092034
:200B800006F036FA00BF0837BD4680BD80B582B000AF78607B6800221A71084B00221A7074
:200BA00007F01DFD052009F02FFE07F071FB044B00221A7000BF0837BD4680BDABE9002089
:200BC0000EC8002080B582B000AF7860FBF730FD0346012B2AD1042009F032F80346002BE7
:200BE00005D1032009F02CF80346002B0BD0144B1B7883F00103DBB2002B04D007F0D6FCD2
:200C00000F4B01221A700E4B1B78002B08D007F02DFE0346012B0ED1094B00221A700AE07E
:200C2000074B00221A7007F0DAFC04E0044B00221A7007F0D4FC00BF0837BD4680BD00BF46
:200C40000EC8002080B582B000AF786007F0AEFC034B00221A7000BF0837BD4680BD00BF18
:200C60000EC8002080B584B000AF0346FB71564B1B78FB730023BB73FB790A2B43D801A257
:200C800052F823F0B10C0200B70C0200BD0C0200C70C0200D10C0200E50C0200EF0C020004
:200CA000F50C0200DB0C0200010D0200FB0C02000023FB732AE00123FB7327E00223FB7368
:200CC0000023BB7322E00223FB730123BB731DE00223FB730223BB7318E00323FB7300234A
:200CE000BB7313E00323FB730123BB730EE00423FB730BE00523FB7308E00623FB7305E085
:200D00000023FB7302E00023FB7300BFFB7B052B08D0FB7B062B05D0382009F09BFD0346E4
:200D2000002B01D007F0A8FBBA7BFB7B11461846FFF728F907F0B8FB244B1B78002B02D0FD
:200D40002148FFF741FA224B1B78002B03D11F4B1B78002B05D01C48FFF76CF91C4B0022B5
:200D60001A701948FFF7CEF9052008F069FF0346002B03D0002009F023FD02E0002009F0CB
:200D800043FD072008F05CFF0346002B03D0012009F016FD02E0012009F036FD062008F0D8
:200DA0004FFF0346002B03D0022009F009FD02E0022009F029FD02F0EFFA07F081FB00BF4D
:200DC0001037BD4680BD00BF08C800200DC800206A0A002080B582B000AF0023FB7100238C
:200DE000BB710123FB713D4B5B68002B06D03B4B5868F91D00230022EFF76EFF384B1B78E1
:200E00000133DAB2364B1A70354B1B78052B2DD1334B00221A701C2009F01CFD0346002BDA
:200E200017D11D2009F016FD0346002B11D1212009F010FD0346002B0BD1202009F00AFD54
:200E40000346002B05D13A2009F004FD0346002B0CD00123BB71234B5B68002B06D0214BB6
:200E60005868B91D00230022EFF736FF1E4B1B780133DAB21C4B1A701B4B1B78012B0FD9C2
:200E8000194B00221A700223FB71144B5B68002B06D0124B5868F91D00230022EFF71CFF15
:200EA000124B1B780133DAB2104B1A700F4B1B78132B0FD90D4B00221A700223BB71094BE1
:200EC0005B68002B06D0074B5868B91D00230022EFF702FF00BF0837BD4680BD14C8002000
:200EE00037C8002080C0002038C8002039C8002080B582B000AF0023FB710023BB71042317
:200F00007B71484B5B68002B06D0464B5868791D00230022EFF7E0FE0323BB71424B5B68FC
:200F2000002B06D0404B5868B91D00230022EFF7D3FE3E4B1B780133DAB23C4B1A703B4B20
:200F40001B78012B0FD9394B00221A700423BB71354B5B68002B06D0334B5868B91D0023EC
:200F60000022EFF7B9FE324B1B780133DAB2304B1A702F4B1B78042B1CD92D4B00221A7088
:200F80000523BB71284B5B68002B06D0264B5868B91D00230022EFF79FFE0123FB71254BF7
:200FA0005B68002B06D0234B5868F91D00230022EFF792FE204B1B780133DAB21E4B1A70BD
:200FC0001D4B1B780E2B28D91C4B1B78DBB20133DAB21A4B1A70184B00221A7005237B7183
:200FE000104B5B68002B06D00E4B5868791D00230022EFF771FEF9F7EBFE0346002B0CD15F
:201000000623BB71084B5B68002B06D0064B5868B91D00230022EFF75FFE00BF0837BD46F4
:2010200080BD00BF14C8002080C000203AC800203BC8002098C400203CC8002022C8002069
:2010400080B483B000AF786000BF0C37BD465DF8047B704780B584B000AF786000237B7311
:201060000023FB7308F03AFB3A4B5B6807F10D014FF0FF321846EFF7E7FE0346012BF3D192
:20108000F9F7A6FE0346FB737B7B013B042B5DD801A252F823F000BFAD100200BF10020020
:2010A0004D110200391102004311020000F0F0FE0346BB73BB7B184607F0CAF849E009F06A
:2010C0001FFB254B1B78DBB2132B05D9224B00221A700020F9F76CFE00F0B4FC1F4B1B781A
:2010E0001846FFF7BFFD1F2009F0B4FB0346002B0DD0062009F0AEFB034683F00103DBB293
:20110000002B04D00020FCF709F800F05FF8062009F0A0FB0346002B1AD01F2009F09AFB90
:20112000034683F00103DBB2002B11D00020FBF7F5FF00F0BBF80BE0FB7B184600F026F9DF
:2011400007E0FB7B184600F0BBFB02E000BF8BE700BF89E714C8002022C8002027C80020D7
:2011600080B483B000AF03460A46FB711346BB71FB79002B0FD1BB79082B0CD8BB790122AE
:2011800002FA03F39AB2104B1B889BB213439AB20D4B1A8012E0FB79012B0FD1BB79042B5D
:2011A0000CD8BB790933012202FA03F39AB2064B1B889BB213439AB2034B1A8000BF0C37AD
:2011C000BD465DF8047B704720C8002080B500AF052008F035FD0346002B07D0324B1B78EB
:2011E00043F02003DAB2304B1A7006E02E4B1B7823F02003DAB22C4B1A70062008F020FD18
:201200000346002B07D0284B1B7843F04003DAB2254B1A7006E0244B1B7823F04003DAB2B7
:20122000214B1A70072008F00BFD0346002B07D01D4B1B7863F07F03DAB21B4B1A7006E014
:20124000194B1B7803F07F03DAB2174B1A70042008F0F6FC0346002B07D0134B5B7843F0ED
:201260000103DAB2104B5A7006E00F4B5B7823F00103DAB20C4B5A70032008F0E1FC0346A1
:20128000002B07D0084B5B7843F00203DAB2064B5A7006E0044B5B7823F00203DAB2024B4E
:2012A0005A7000BF80BD00BFF8C7002080B500AF052008F0C5FC0346002B07D0324B1B78AD
:2012C00043F02003DAB2304B1A7006E02E4B1B7823F02003DAB22C4B1A70062008F0B0FCA8
:2012E0000346002B07D0284B1B7843F04003DAB2254B1A7006E0244B1B7823F04003DAB2D7
:20130000214B1A70072008F09BFC0346002B07D01D4B1B7863F07F03DAB21B4B1A7006E0A4
:20132000194B1B7803F07F03DAB2174B1A70042008F086FC0346002B07D0134B5B7843F07C
:201340000103DAB2104B5A7006E00F4B5B7823F00103DAB20C4B5A70032008F071FC034630
:20136000002B07D0084B5B7843F00203DAB2064B5A7006E0044B5B7823F00203DAB2024B6D
:201380005A7000BF80BD00BF00C8002080B584B000AF0346FB7101F0ADFEFB79002B40F0A8
:2013A0006582102009F056FA0346002B10D006F0C3FF0346012B0BD1112009F04BFA0346B8
:2013C00083F00103DBB2002B02D006F061FF24E006F0B2FF0346012B0BD1052009F03AFA68
:2013E0000346002B05D006F053FF052009F00CFA13E006F0A1FF0346012B0ED1292009F019
:2014000029FA0346002B08D0292009F0FDF901F07DFD01F04DFE06F03BFFFBF709FE03460C
:20142000002B1DD0FAF72EFF0346012B18D1162009F010FA034683F00103DBB2002B0FD088
:20144000AF4B1B780133DAB2AD4B1A70AC4B1B780E2B05D9AA4B00221A700020FBF7D2FD9A
:20146000292009F0F7F90346002B06D0292009F0CBF901F04BFD01F01BFE152009F0EAF996
:201480000346002B04D0152009F0BEF901F010FE06F046FF0346FB73FB7B012B02D0FB7B44
:2014A000022B17D1974B1B78FA7B9A4202D0964B00221A70944B1B780133DAB2924B1A7059
:2014C000914B1B78042B08D98F4B00221A7006F03FFF02E08C4B00221A708A4AFB7B1370A1
:2014E0002F2009F0B7F90346002B04D02F2009F08BF901F0DDFD392009F0ACF90346002BAA
:2015000004D0392009F080F901F0D2FD3F2009F0A1F90346002B1AD0402009F09BF90346E6
:2015200083F00103DBB2002B11D0A52001F060FD01F0BEFD0346002B09D1402009F040F9FC
:2015400080220021714809F057FE01F09BFD412009F080F90346002B19D0422009F07AF93A
:20156000034683F00103DBB2002B10D001F05EFD01F09EFD0346002B09D1422009F020F979
:2015800080220021614809F037FE01F07BFD312009F060F90346002B00F0CD80FBF7D4FD31
:2015A000034683F00103DBB2002B5DD0584B1B785A1CD1B2564A11703C2B43D8302009F06B
:2015C000FFF8534B1B78002B2ED0514B1B78142B2AD8322009F03EF90346002B0CD0332025
:2015E00009F038F9034683F00103DBB2002B03D00120FDF737FC16E0322009F02BF9034680
:2016000083F00103DBB2002B09D0332009F022F90346002B03D00020FDF724FC03E00120DC
:20162000FDF720FC96E095E0394B1B78142B40F29180374B1B783C2B00F28C800020FDF788
:2016400011FC87E0324B1B783C2B40F28380302009F0DAF8312009F0D7F82D4B3D221A70D5
:201660000020FDF7FFFB75E0FBF76EFD0346002B70D0274B1B785A1CD1B2254A11703C2BA1
:2016800048D8234B1B78002B2ED0214B1B78142B2AD8322009F0DEF80346002B0CD03320FC
:2016A00009F0D8F8034683F00103DBB2002B03D00120FDF7D7FB16E0322009F0CBF80346E2
:2016C00083F00103DBB2002B09D0332009F0C2F80346002B03D00020FDF7C4FB03E00120DE
:2016E000FDF7C0FB36E035E0094B1B78142B31D9074B1B783C2B2DD80020FDF7B3FB29E0C4
:2017000026C8002031C8002030C8002098E8002032C80020664B1B783C2B1BD9302009F0E8
:2017200073F8312009F070F8614B3D221A700020FDF798FB0EE05E4B00221A700020FDF7F9
:2017400091FB302009F060F8322009F05DF8332009F05AF8162009F07DF80346002B15D021
:20176000FBF7F2FC034683F00103DBB2002B0DD0504B1B780133DAB24E4B1A704D4B1B78F8
:201780003C2B03D8172009F01BF827E0162009F061F80346002B12D0464B1B783C2B0ED96D
:2017A000FBF7D2FC034683F00103DBB2002B06D0404B3D221A70172009F026F80EE0162035
:2017C00009F048F8034683F00103DBB2002B05D0384B00221A70172009F016F801F0DCFB4E
:2017E0000346552B60D1142009F034F80346002B5AD0FAF7FDFD0346012B15D1FAF742FD82
:201800000346002B10D12C4B1B780133DAB22A4B1A70294B1B78012B06D9274B02221A7078
:20182000382008F0CDFF3FE0FAF7E2FD0346012B0BD1FAF727FD0346012B06D11E4B002260
:201840001A70382008F0E0FF2EE0FAF7D1FD0346002B29D1FAF716FD0346002B24D1164BC6
:2018600000221A70382008F0CFFF1DE0FB79022B1AD1124B1B780133DAB2104B1A700F4B26
:201880001B781D2B09D8FAF7FDFC0346012B04D0FAF75AFD0346012B06D1084B00221A70C6
:2018A0000020F9F785FAFFE700BF1037BD4680BD32C8002034C8002035C8002030C8002002
:2018C00080B584B000AF0346FB71FB79002B40F09680192008F0BEFF0346002B10D0534B76
:2018E0001B8801339AB2514B1A80504B1B88B3F5B45F05D3192008F087FF4C4B00221A80B4
:20190000342008F0A7FF0346002B10D0484B1B8801339AB2464B1A80454B1B88EF2B09D971
:20192000434B00221A80342008F06EFF02E0404B00221A801A2008F08DFF0346002B15D064
:20194000192008F087FF0346002B0FD01A2008F05BFF01F0CFFB01F0ABFB1B2008F030FF3D
:2019600001F0AEFC03461A46324B1A701A2008F071FF034683F00103DBB2002B26D01B20D1
:2019800008F068FF0346002B20D001F099FC0346FB73284B1B78FA7B9A4205D3254B1B7815
:2019A000FA7BD31ADBB206E0224B1B78FA7BD31ADBB23C33DBB2BB73BB7B0E2B06D91B20B0
:2019C00008F022FF01F096FB01F072FB07F05CFFF0EE407A184BC3ED007A174BD3ED007AFB
:2019E0009FED167AF4EEC77AF1EE10FA03DD242008F0E6FE16E0242008F006FF12E0FB7922
:201A0000022B0FD10E4B1B780133DAB20C4B1A700B4B1B78012B05D9094B00221A70002019
:201A2000F9F7C6F900BF1037BD4680BD2CC800202EC8002023C8002028C80020000061C447
:201A40003DC8002080B500AFF9F7C2F90346002B40F0DE80854B4FF416721A80844B0022AA
:201A60001A701E2008F0F6FE0346002B03D0814B06221A70F8E0FAF77FFB0346072B03D15B
:201A80007C4B09221A70EFE0042008F0E3FE0346002B09D0272008F0DDFE0346002B03D050
:201AA000744B00221A70DFE0252008F0D3FE0346002B00F09D80272008F0CCFE034683F0A8
:201AC0000103DBB2002B00F093806B4B1B7883F00103DBB2002B79D0684B1B780133DAB280
:201AE000664B1A70664B1B78062B73D801A252F823F000BF111B02002D1B0200491B02004E
:201B0000651B0200811B02009D1B0200B91B0200584B00221A70594B1B78312B5CD9574B5C
:201B200000221A70564B01221A7055E0514B06221A70524B1B78182B50D9504B00221A7045
:201B40004F4B02221A7049E04A4B00221A704B4B1B78182B44D9494B00221A70484B032252
:201B60001A703DE0434B06221A70444B1B78182B38D9424B00221A70414B04221A7031E082
:201B80003C4B00221A703D4B1B78182B2CD93B4B00221A703A4B05221A7025E0354B06229A
:201BA0001A70364B1B78182B20D9344B00221A70334B06221A7019E02E4B00221A702E4B59
:201BC00001221A70272008F0FBFD10E0294B00221A7049E000BF47E000BF45E000BF43E03C
:201BE00000BF41E000BF3FE000BF3DE000BF3BE0FAF73AFB03461A461E4B1A701F4B002223
:201C00001A701F4B00221A701B4B00221A702BE0F9F7DEF80346012B1DD1144B1B880133A8
:201C20009AB2124B1A80114B1B88042B1CD90F4B00221A800E4B1B78142B02D90C4B0022A9
:201C40001A700C4B07221A70094B1B780133DAB2074B1A7008E0F9F7BBF80346022B03D198
:201C6000044B0A221A70FFE700BF80BD6C0A002033C8002027C8002036C8002024C8002093
:201C800025C8002080B483B000AF0346FB71044AFB79137000BF0C37BD465DF8047B704797
:201CA00022C8002080B400AF034B00221A7000BFBD465DF8047B704732C8002080B400AFF3
:201CC000034B1B781846BD465DF8047B704700BF32C8002080B400AF034B00221A7000BFC2
:201CE000BD465DF8047B704726C8002080B400AF044B1B6807EE903AB0EE670ABD465DF86D
:201D0000047B704728C8002080B582B000AF0023FB7162B600BF00F037F80346002B02D09C
:201D2000FB790133FB7107F049FC0346002B02D0FB790133FB71FB79002B12D108F0E0FCA3
:201D40000D490E4808F05AFB0D4807F055FE0D4808F028FC002140F20D1007F059FFEFF7D5
:201D600081FE08F0CDFC4FF47A714FF47A70F1F7A7FB00BFF5E700BFF10E0200D50D0200FF
:201D800021AE01003DDF010080B582B000AF0023FB7108F095FC03461A46FB791344FB7148
:201DA00007F024FF03461A46FB791344FB71002140F2062007F02CFF002140F2031007F031
:201DC00027FF002140F2074007F022FF72B600BF08F0C4F803461A46FB791344FB71002090
:201DE00008F0DCF803461A46FB791344FB7107F0AFFD03461A46FB791344FB7108F0B2FA10
:201E000003461A46FB791344FB7108F0F9F903461A46FB791344FB71002008F033FB034689
:201E20001A46FB791344FB7108F06AFC08F092F903461A46FB791344FB7108F00BF9034605
:201E40001A46FB791344FB7107F02AFF03461A46FB791344FB7107F0EBFC03461A46FB79F0
:201E60001344FB7107490848F5F74CF90346DAB2FB791344FB7108F043FCFB79184608377A
:201E8000BD4680BD10CE020010B10020FFFFFFFF80B500AFC24B1B78002B40F0DB82FAF718
:201EA000A5FB034607EE903AF8EEE77ABD4BC3ED007ABC4BD3ED007A9FEDBB7AF4EEC77ADC
:201EC000F1EE10FA40F3C382FAF7CEF90346022B40F0BD82FAF772FB0346184608F04EFEBB
:201EE000A7A3D3E9002308F0B3FE02460B461046194609F0BFF80346AA4A9360FAF76AFB8C
:201F00000346184608F03AFE9FA3D3E9002308F09FFE02460B461046194609F0ABF8034601
:201F2000A04A5360A14B1B78002B07D1A04B4FF000021A609F4B4FF000021A60994B93EDD3
:201F4000017A984BD3ED027A67EE277A17EE900A08F026FE4FF00002974B08F079FE02465C
:201F60000B46104619468AA3D3E9002308F09AFF02460B461046194609F07CF807EE100AF4
:201F80008B4BD3ED007A77EE277A894BC3ED007A844B1B68184608F003FE4FF00002864B72
:201FA00008F056FE02460B46104619467AA3D3E9002308F077FF02460B461046194609F0D6
:201FC00059F807EE100A7B4BD3ED007A77EE277A784BC3ED007A764BD3ED006A754B93ED83
:201FE000007AC6EE877A754BC3ED007A734BD3ED007A9FED737AF4EEC77AF1EE10FA03DD6B
:202000006E4B704A1A600CE06C4BD3ED007A9FED6E7AF4EEC77AF1EE10FA02D5674B6B4A38
:202020001A60624B1B78002B00F0FB8100F0B4FF0346AA2B40F0EB80132008F00BFC034678
:20204000002B00F0E4805D4BD3ED007A9FED607AF4EEC77AF1EE10FA03DB5E4B01221A7079
:20206000BDE1564BD3ED007A9FED597AF4EEC77AF1EE10FA0DD5514BD3ED007A9FED567A68
:20208000F4EEC77AF1EE10FA03DB524B02221A70BCE04A4BD3ED007A9FED4F7AF4EEC77A28
:2020A000F1EE10FA0DD5454BD3ED007A9FED4B7AF4EEC77AF1EE10FA03DB464B03221A7010
:2020C000A4E03E4BD3ED007A9FED447AF4EEC77AF1EE10FA0DD5394BD3ED007A9FED407A7D
:2020E000F4EEC77AF1EE10FA03DB3A4B04221A708CE0324BD3ED007A9FED397AF4EEC77A3C
:20210000F1EE10FA0DD52D4BD3ED007A9FED357AF4EEC77AF1EE10FA03DB2E4B05221A70F3
:2021200074E0264BD3ED007A9FED2E7AF4EEC77AF1EE10FA0DD5214BD3ED007A9FED2A7AA8
:20214000F4EEC77AF1EE10FA03DB224B06221A705CE01A4BD3ED007A9FED237AF4EEC77A4F
:20216000F1EE10FA42D5154BD3ED007AF5EEC07AF1EE10FA3ADB174B07221A7046E000BFB0
:20218000FCA9F1D24D62503F7B14AE47E17A843F000000000020AC40AE47E17A1C5E1341CD
:2021A0004CC8002054C800200000964348C8002040C8002044C800200000D03F50C800200B
:2021C00000008C4200008C4200008CC200008CC200005C426E0A002000004C4200003C4285
:2021E00000002C4200001C4200000C42A24BD3ED007AF5EEC07AF1EE10FA03D59F4B0822AC
:202200001A70ECE09D4B00221A70E8E0E7E000F0C3FE0346552B40F0E280142008F01AFBF8
:202220000346002B00F0DB80934BD3ED007A9FED947AF4EEC77AF1EE10FA03DB8F4B012246
:202240001A70CCE08C4BD3ED007A9FED8D7AF4EEC77AF1EE10FA0DD5874BD3ED007A9FED1E
:20226000897AF4EEC77AF1EE10FA03DB834B02221A70B4E0804BD3ED007A9FED827AF4EEF2
:20228000C77AF1EE10FA0DD57B4BD3ED007A9FED7E7AF4EEC77AF1EE10FA03DB774B0322DD
:2022A0001A709CE0744BD3ED007A9FED777AF4EEC77AF1EE10FA0DD56F4BD3ED007A9FED34
:2022C000737AF4EEC77AF1EE10FA03DB6B4B04221A7084E0684BD3ED007A9FED6C7AF4EE1C
:2022E000C77AF1EE10FA0DD5634BD3ED007A9FED687AF4EEC77AF1EE10FA03DB5F4B0522C1
:202300001A706CE05C4BD3ED007A9FED617AF4EEC77AF1EE10FA0DD5574BD3ED007A9FED49
:202320005D7AF4EEC77AF1EE10FA03DB534B06221A7054E0504BD3ED007A9FED567AF4EE45
:20234000C77AF1EE10FA0DD54B4BD3ED007A9FED527AF4EEC77AF1EE10FA03DB474B0722A4
:202360001A703CE0444BD3ED007A9FED4B7AF4EEC77AF1EE10FA0DD53F4BD3ED007A9FED5F
:20238000477AF4EEC77AF1EE10FA03DB3B4B08221A7024E0384BD3ED007A9FED407AF4EE6F
:2023A000C77AF1EE10FA0BD5334BD3ED007AF5EEC07AF1EE10FA03DB304B09221A700EE059
:2023C0002D4BD3ED007AF5EEC07AF1EE10FA03D52A4B0A221A7002E0284B00221A70F9F751
:2023E0007BFF0346012B1CD100F0D6FD0346552B09D1142008F02EFA0346002B03D01F4B96
:202400000A221A700DE000F0C7FD0346AA2B08D1132008F01FFA0346002B02D0174B082258
:202420001A701F4B1B785A1CD1B21D4A1170002B06D01B4B00221A701A4B00221A7009E027
:20244000184B1B780133DAB2164B1A7002E00B4B00221A70144B1B78002B35D1074B1A78F0
:20246000124B1B789A4223D2104B1B78013BDAB20E4B1A7028E000BF50C800206E0A00206B
:2024800000005C4200005042000044420000384200002C420000204200001442000008429C
:2024A00049C8002048C800204BC800204AC80020124B1A78124B1B789A4205D9104B1B78CF
:2024C0000133DAB20E4B1A700E4B1B785A1CD1B20C4A1170022B02D90A4B00221A700A4B3F
:2024E0001B785A1CD1B2084A1170182B02D9064B00221A70024B1B78184680BD6E0A00204F
:202500004AC800204BC800204CC8002080B582B000AF0346FB71002140F20B4007F078FB4F
:20252000FB1D0121184607F029FE012140F20B4007F06EFB4FF47A710120F0F7C1FF00BF31
:202540000837BD4680BD80B582B000AF78600B467B80002140F20B4007F05AFB7B88194676
:20256000786807F00BFE012140F20B4007F050FB00BF0837BD4680BD80B584B000AFF860EC
:202580007A601A460B467B8113463B81002140F20B4007F03DFB7B891946F86807F0EEFD2D
:2025A0003B891946786807F0E9FD012140F20B4007F02EFB00BF1037BD4680BD80B582B0CF
:2025C00000AF0346FB71FB79002B03D1002007F0E5FC14E0642007F0E1FC0B4B64221A707A
:2025E000002140F20B4007F013FB4FF47A710A20F0F766FF012140F20B4007F009FB00BF3B
:202600000837BD4680BD00BF6F0A002080B582B000AF0346FB71FB79184607F0BFFC00BFD5
:202620000837BD4680BD80B582B000AF0023FB7100F010F800F026F80346FB71FB79002B1C
:2026400003D000F01FF80346FB71FB7918460837BD4680BD80B500AF00214FF4867007F065
:20266000D7FA01214FF4867007F0D2FA012140F2033007F0CDFA01214FF4417007F0C8FA57
:2026800000BF80BD80B582B000AF0023FB71474B012283F82F2000233B603A46BB1D1146AD
:2026A000184606F0BBFB0346002B07D03F4B002283F82F20FB790133DBB273E03B4BD3F876
:2026C0001B30B3F5807F04D9384B012283F82E2003E0364B002283F82E20344B00225A7200
:2026E000002242F001029A72304B0022DA73002242F010021A7400225A7400229A742B4B03
:20270000D3F813301B01294AC2F81330274BD3F81330264AD2F80F2002FB03F3234AB2F82C
:20272000092092B2B3FBF2F3204AC2F80B301F4BD3F80F301B011D4AC2F81F301B4BD3F809
:2027400013301A4AD2F80F2002FB03F39B0A174AC2F82730164806F021FC03461A46FB7941
:202760001344FB711349012006F04EFC03461A46FB791344FB711049022006F045FC0346FE
:202780001A46FB791344FB710C49032006F03CFC03461A46FB791344FB71044B002283F830
:2027A0002F20FB7918460837BD4680BD60C8002061C800208BC800208CC800208DC800208C
:2027C00080B584B000AF03463960FB711346BB800023FB7300BF0F4B93F82F30002BFAD175
:2027E0000C4B012283F82F200A4B93F82E20BB88F879396806F09EFD03461A46FB7B13440B
:20280000FB73044B002283F82F20FB7B18461037BD4680BD60C8002080B5CAB000AF07F512
:202820009473A3F58E73186007F59473A3F59073196007F59473A3F592731A600023A7F88D
:202840002631032387F823314E4B93F82E30002B1ED0B7F826315A1CA7F826211A460221A8
:2028600007F59473A3F58A73995407F59473A3F590731B68190EB7F826315A1CA7F8262129
:202880001A46C9B207F59473A3F58A7399540BE0B7F826315A1CA7F826211A46022107F50C
:2028A0009473A3F58A73995407F59473A3F590731B68190CB7F826315A1CA7F826211A4687
:2028C000C9B207F59473A3F58A73995407F59473A3F590731B68190AB7F826315A1CA7F899
:2028E00026211A46C9B207F59473A3F58A739954B7F826315A1CA7F826211A4607F594736C
:20290000A3F590731B68D9B207F59473A3F58A7399540023A7F8243118E0B7F8243107F57A
:202920009472A2F58E7212681A44B7F82631591CA7F826111946127807F59473A3F58A7350
:202940005A54B7F824310133A7F82431B7F8243107F59472A2F5927212689A42DDD8B7F842
:20296000262107F114031146184606F0C7FC034687F8233197F82331184607F59477BD462C
:2029800080BD00BF60C8002080B5D0B000AF07F5A073A3F59A73186007F5A073A3F59C73AD
:2029A000196007F5A073A3F59E731A600023A7F83E31032387F83D31454B93F82E30002B84
:2029C0001ED0B7F83E315A1CA7F83E211A460B2107F5A073A3F59873995407F5A073A3F5A5
:2029E0009C731B68190EB7F83E315A1CA7F83E211A46C9B207F5A073A3F5987399540BE027
:202A0000B7F83E315A1CA7F83E211A460B2107F5A073A3F59873995407F5A073A3F59C7343
:202A20001B68190CB7F83E315A1CA7F83E211A46C9B207F5A073A3F59873995407F5A073D3
:202A4000A3F59C731B68190AB7F83E315A1CA7F83E211A46C9B207F5A073A3F5987399541D
:202A6000B7F83E315A1CA7F83E211A4607F5A073A3F59C731B68D9B207F5A073A3F59873EE
:202A80009954B7F83E315A1CA7F83E211A4607F5A073A3F5987300219954B7F83E1107F59D
:202AA000A073A3F59E7307F5A072A2F59A7207F110001B68126806F0F4FB034687F83D3189
:202AC00097F83D31184607F5A077BD4680BD00BF60C8002080B582B000AF0023FB714FF459
:202AE0007A7200210220FFF76BFE0346002B08D0FB790133FB711D4B1B8801339AB21B4BF7
:202B00001A800023BB8007E0BB88BA88D1B2184AD154BB880133BB80BB88B3F5805FF3D305
:202B200000237B8018E07B88114A134479884FF480721846FFF770FE0346002B08D0FB7912
:202B40000133FB71094B5B8801339AB2074B5A807B8803F580737B807B88B3F5805FE2D3CA
:202B6000FB7918460837BD4680BD00BF90C8002098C8002080B582B000AF0023FB71002385
:202B8000BB8018E0BB88194A1344B9884FF480721846FFF7F9FE0346002B08D0FB79013350
:202BA000FB71134B9B8801339AB2114B9A80BB8803F58073BB80BB88B3F5805FE2D34FF407
:202BC00080520C49094807F0A6F90346002B08D0FB790133FB71064BDB8801339AB2044B04
:202BE000DA80FB7918460837BD4680BD98D8002090C8002098C8002080B584B000AF7860B2
:202C00000023FB734FF47A7279680320FFF7D8FD0346002B08D0FB7B0133FB73054B1B88CE
:202C200001339AB2034B1A80FB7B18461037BD4680BD00BF90C8002080B588B000AFF86026
:202C4000B9607A600023FB770023BB617B68C3F1FF1303F57F43FA689A4220D9012323E0EC
:202C60007A68BB69D31A7B617B69B3F5807F28BF4FF480733B61BA68BB69D018FA68BB698D
:202C800013443A691946FFF7C7FD0346002B02D00123FB7707E0BA693B691344BB61BA6901
:202CA0007B689A42DCD3FB7F18462037BD4680BD80B588B000AFF860B9607A6000237B76BC
:202CC0000023FB820023FB8300237B777B68C3F1FF1303F57F43FA689A4204D97B7E0133F3
:202CE0007B767B7E3FE07B681B0AFB827B68DBB2002B01D07B687B7700237B8319E0FB8B65
:202D0000BA68D018FA8BFB6813444FF480721946FFF73AFE0346002B04D07B7E01337B7642
:202D20007B7E20E0FB8B03F58073FB837B8B01337B837A8BFB8A9A42E1D37B7F002B11D053
:202D4000FB8BBA68D018FA8BFB6813447A7F1946FFF71AFE0346002B04D07B7E01337B76D8
:202D60007B7E00E07B7E18462037BD4680BDFFFF80B584B000AF786039600023FB73002351
:202D8000BB7317E07868FFF737FF0346002B04D17B6803F580537B600AE00123BB73FB7B7E
:202DA0000133FB73094B5B8801339AB2074B5A8007F0A6FC7A683B689A4202D2BB7B002B5F
:202DC000E0D0FB7B18461037BD4680BD90C8002080B485B000AF0346FB710023FB73FB799E
:202DE000013B052B2AD801A252F823F0052E02000D2E0200152E0200252E02002D2E0200FC
:202E0000352E0200114BDB7AFB7317E00F4B1B7BFB7313E00D4BB3F80D309BB2DBB26C3B25
:202E2000FB730BE0094B1B7AFB7307E0074B5B7AFB7303E0054B9B7AFB7300BFFB7B18461D
:202E40001437BD465DF8047B704700BF98E8002080B483B000AF03460A46FB711346BB719A
:202E6000FB79013B052B2CD801A252F823F000BF892E0200912E0200992E0200AB2E020091
:202E8000B32E0200BB2E0200114ABB79D37218E00F4ABB79137314E0BB799BB203F26C733C
:202EA0009AB20B4BA3F80D200BE0094ABB79137207E0074ABB79537203E0054ABB79937215
:202EC00000BF00BF0C37BD465DF8047B704700BF98E8002080B500AF0B4BDB7B012B03D1B4
:202EE000282007F06DFC0CE0074BDB7B002B03D1282007F089FC04E0282007F061FC00F063
:202F000005F800BF80BD00BF98E8002080B500AF282007F09FFC03461A46024BDA7300BF99
:202F200080BD00BF98E8002080B500AF104B5B7FAA2B06D1132007F043FC142007F064FC3C
:202F400013E00B4B5B7F552B06D1142007F038FC132007F059FC08E0AA2000F00BF8132041
:202F600007F02EFC142007F04FFC00BF80BD00BF98E8002080B582B000AF0346FB71054A45
:202F8000FB795377152007F01BFC00BF0837BD4680BD00BF98E8002080B400AF034B5B7F08
:202FA0001846BD465DF8047B704700BF98E8002080B483B000AF7860044A7B68136000BF75
:202FC0000C37BD465DF8047B704700BF98E8002080B483B000AF0346FB71044AFB791377AA
:202FE00000BF0C37BD465DF8047B704798E8002080B483B000AF0346FB71054AFB7982F899
:20300000313000BF0C37BD465DF8047B704700BF98E8002080B400AF034B93F831301846E5
:20302000BD465DF8047B704798E8002080B400AF044B002283F8312000BFBD465DF8047BAC
:20304000704700BF98E8002080B483B000AF03460A46FB711346BB80FB79012B02D0022B0C
:2030600004D007E0064ABB88938003E0044ABB88D38000BF00BF0C37BD465DF8047B7047D9
:2030800098E8002080B582B000AF0523FB714FF480520549054806F0D7FE0346FB71FB7942
:2030A00018460837BD4680BD98E80020C0FB070080B582B000AF0523FB710B4B3B600B49E2
:2030C000386806F0A1FE0346FB71FB79002B06D180220749386806F031FE0346FB71FB79B0
:2030E00018460837BD4680BDC0FB070040FC070098E8002080B500AF174807F007F8164BB4
:20310000DB68DBB219460120FFF7A2FE124B1B69DBB219460220FFF79BFE0F4B5B69DBB2A0
:2031200019460320FFF794FE0B4B9B68DBB219460420FFF78DFE084B5B68DBB21946052074
:20314000FFF786FE044B1B68DBB219460620FFF77FFE00BF80BD00BF18E9002090B583B04A
:2031600000AF0446084611461A462346FB710346BB710B467B7113463B71FB79FF2B4AD00D
:20318000FB79002B47D0FB791F2B44D8FB79002B41D0BB79FF2B40D0BB79002B3DD0BB79E1
:2031A0000C2B3AD8BB79002B37D07B79FF2B36D07B79002B33D03B79FF2B32D03B79172B44
:2031C0002FD83B7EFF2B2ED03B7E3B2B2BD83B7FFF2B2AD03B7F3B2B27D87B797C2B02D972
:2031E0007B79872B01D97D237B71FB79114AD360BB79104A13617B790E4A53613B790D4AB4
:2032000093603B7E0B4A53603B7F0A4A1360094806F058FF0AE000BF08E000BF06E000BFE6
:2032200004E000BF02E000BF00E000BF0C37BD4690BD00BF18E9002080B483B000AF0023FF
:20324000FB71174B9B680C2B08DD154B9B68DBB20C3BFB71134B01221A7019E0104B9B687C
:20326000002B05D10C23FB710E4B00221A700FE00B4B9B680C2B05D10C23FB71094B012246
:203280001A7005E0064B9B68FB71064B00221A70FB7918460C37BD465DF8047B704700BFA0
:2032A00018E900203CE9002080B400AF034B9B68DBB21846BD465DF8047B704718E90020DA
:2032C00080B400AF034B5B68DBB21846BD465DF8047B704718E9002080B400AF034B1B68AC
:2032E000DBB21846BD465DF8047B704718E9002080B400AF034BDB68DBB21846BD465DF87D
:20330000047B704718E9002080B400AF034B1B69DBB21846BD465DF8047B704718E9002007
:2033200080B400AF034B5B69DBB21846BD465DF8047B704718E9002080B400AF034B1B783A
:203340001846BD465DF8047B704700BF3CE9002080B485B000AF0346FB710023FB600DE045
:203360000C4AFB68134493F9003097F907209A4201D1FB6807E0FB680133FB60FB68272B2B
:20338000EEDD4FF0FF3318461437BD465DF8047B704700BFB8D7020080B400AF0E4B1B789B
:2033A0000133DAB20C4B1A700B4B1B78142B0ED9094B00221A70094B1B7883F00103DBB272
:2033C000002B14BF01230023DAB2044B1A7000BFBD465DF8047B70479DE90020A5E90020A2
:2033E00080B483B000AF0346FB71FB79092B01D9002301E0034B1B7818460C37BD465DF8A2
:20340000047B7047A5E9002080B489B000AFF860B9607A60FB68FB617B6800221A70FB68B0
:20342000002B25D17B681B785A1CD1B27A6811709B00BA68134400221A6048E0F969264BEE
:20344000A3FB0123DA0813469B0013445B00CA1A7B681B78591CC8B2796808709B00B968C4
:203460000B441A60FB691C4AA2FB0323DB08FB61FB69002BE2D10023BB6120E0BB699B0077
:20348000BA6813441B687B617B681B785A1EBB69D31A9B00BA681A44BB699B00B9680B440B
:2034A00012681A607B681B785A1EBB69D31A9B00BA6813447A691A60BB690133BB617B6851
:2034C0001B785B08DBB21A46BB699342D6DB2437BD465DF8047B7047CDCCCCCC80B483B0DE
:2034E00000AF0346FB710B46BB7113467B717B79002B11D1FB79134AD35C5AB2BB79012143
:2035000001FA03F35BB2DB435BB213405AB2FB79D1B20C4AD1540EE0FB790A4AD35C5AB2C0
:20352000BB79012101FA03F35BB213435AB2FB79D1B2044AD15400BF0C37BD465DF8047B92
:20354000704700BF40E90020B0B582B000AFFBF793FB0346FB71FB79022B59D0022B7BDCE3
:20356000002B02D0012B25D076E0FFF715FD0346AA2B0CD1132007F06DF90346002B06D0FA
:203580004F23042100221846FFF7A8FF88E0FFF703FD0346552B40F08380142007F05AF99F
:2035A0000346002B7CD00423032100221846FFF795FF75E0FFF7F0FC0346AA2B11D113208C
:2035C00007F048F90346002B0BD04F2404250920FFF706FF03461A4629462046FFF77EFFB3
:2035E00060E0FFF7D9FC0346552B5BD1142007F031F90346002B55D0042403250920FFF76E
:20360000EFFE03461A4629462046FFF767FF49E0FFF7C2FC0346AA2B0CD1132007F01AF9CE
:203620000346002B06D04F23042101221846FFF755FF39E0FFF7B0FC0346552B34D1142021
:2036400007F008F90346002B2ED00423032101221846FFF743FF27E0FFF79EFC0346AA2B47
:203660000CD1132007F0F6F80346002B06D04F23042100221846FFF731FF17E0FFF78CFC59
:203680000346552B12D1142007F0E4F80346002B0CD00423032100221846FFF71FFF05E063
:2036A00000BF04E000BF02E000BF00E000BF5A4B1B78FA799A4217D0FB79022B07D1574BDF
:2036C0004FF4FA721A80564B28221A7009E0FB79002B06D1514B4FF4FA721A80504B292202
:2036E0001A704D4AFB7913704C4B1B88002B17D04B4B1B78184603F095FD484B1B88013BE8
:203700009AB2464B1A80454B1B88002B11D1444B1B78184603F06CFC414B00221A7008E0F7
:203720003E4B00221A80292003F062FC282003F05FFCFB79022B5CD1FFF72EFC0346552B5D
:2037400011D1142007F086F80346002B0BD0FBF771FB0346184604F0DDFFFBF777FB03460D
:20376000184604F054FF352007F074F80346002B19D0352007F048F8362007F06BF803460A
:20378000002B04D0274B4FF4FA721A800BE0372007F060F80346002B05D0224B00221A806C
:2037A000272003F025FC1F4B1B88002B13D0272003F038FD1B4B1B88013B9AB2194B1A8095
:2037C000184B1B88002B23D1272003F011FC362007F01AF81CE0372007F03CF80346002B2C
:2037E00003D0272003F01EFD12E0272003F000FC0EE0352007F008F8362007F005F837209E
:2038000007F002F8074B00221A80272003F0F0FB00BF0837BD46B0BDC2E90020C4E900207E
:20382000C6E90020C8E9002080B485B000AF396011461A460346FB710B46BB7113467B7109
:203840000023FB813B7F063B0C2B00F2CE8001A252F823F0AD38020089380200B9380200BA
:20386000EB390200C538020095380200EB390200EB390200A1380200D1380200DD3802000B
:20388000E9380200F5380200FB795D4A32F81330FB8135E0FB795B4A32F81330FB812FE0AC
:2038A000FB79594A32F81330FB8129E0FB79574A32F81330FB8123E0FB79554A32F813307E
:2038C000FB811DE0FB79534A32F81330FB8117E0FB79514A32F81330FB8111E0FB794F4A88
:2038E00032F81330FB810BE0FB794D4A32F81330FB8105E0FB794B4A32F81330FB8100BF6A
:203900003A7EBB799A4272D23B68002B71D000237B7365E0FA897B7B42FA03F303F0010394
:20392000002B2CD03B7E7A7903FB02F27B7B13445B003A6813441B781A463B4B9B5C5AB2A5
:203940003B7E797903FB01F17B7B0B445B0039680B445B78194601238B405BB2134359B2AD
:203960003B7E7A7903FB02F27B7B13445B003A6813441B781A46C9B22B4B99542DE03B7E71
:203980007A7903FB02F27B7B13445B003A6813441B781A46244B9B5C5AB23B7E797903FB93
:2039A00001F17B7B0B445B0039680B445B78194601238B405BB2DB435BB2134059B23B7E15
:2039C0007A7903FB02F27B7B13445B003A6813441B781A46C9B2144B99547B7B01337B738F
:2039E0007A7B7B799A4295D304E000BF02E000BF00E000BF1437BD465DF8047B704700BF1F
:203A0000D8D60200F0D6020008D7020058D7020060D7020068D7020078D70200ACD70200CC
:203A20009CD7020090D7020040E9002080B58AB002AF0346FB710B46BB7113467B7107F1D0
:203A4000100300221A605A609A60DA600023FB73FB7907F10F0207F110011846FFF7D4FC8E
:203A6000FB7B012B11D14B23002100221846FFF735FD3B69D8B207230193002300930723BF
:203A80000A223849FFF7D0FE10E04B23002101221846FFF723FD7B69D8B207230193002350
:203AA000009307230A222F49FFF7BEFE4A23002101221846FFF712FD07F110031022002181
:203AC000184607F099FBBB7907F10F0207F110011846FFF799FCFB7B012B16D13B69D8B217
:203AE000072301930223009307230A221D49FFF79BFE7B69D8B207230193012300930723F8
:203B00000A221849FFF790FE15E03B69D8B2072301930123009307230A221249FFF784FED3
:203B20007B69D8B2072301930223009307230A220C49FFF779FE7B79002B06D14723072101
:203B400001221846FFF7CAFC08E07B79012B05D14723062101221846FFF7C0FC00BF203770
:203B6000BD4680BD88D8020080B58AB002AF0346FB710B46BB7113467B7107F110030022DF
:203B80001A605A609A60DA600023FB73FB7907F10F0207F110011846FFF736FCFB7B012B7E
:203BA00011D10023032100221846FFF797FC3B69D8B2072301930023009307230C22384958
:203BC000FFF732FE10E00023032101221846FFF785FC7B69D8B20723019300230093072384
:203BE0000C222F49FFF720FE0123032101221846FFF774FC07F1100310220021184607F029
:203C0000FBFABB7907F10F0207F110011846FFF7FBFBFB7B012B16D13B69D8B207230193AA
:203C20000223009307230C221D49FFF7FDFD7B69D8B2072301930123009307230C22184982
:203C4000FFF7F2FD15E03B69D8B2072301930123009307230C221249FFF7E6FD7B69D8B2ED
:203C6000072301930223009307230C220C49FFF7DBFD7B79002B06D103230721012218468E
:203C8000FFF72CFC08E07B79012B05D14B23032101221846FFF722FC00BF2037BD4680BDAB
:203CA000E0D7020080B584B000AF03460A46FB711346BB71FFF770F90346552B40F09F8032
:203CC000142006F0C7FD0346002B00F09880F8F7CBFA0346052B40F08B80FB79632B02D935
:203CE0001423FB730EE0FB79042B09D9FB79013BB04A82FB03125210DB17D31ADBB200E0C2
:203D00000023FB73AC4B1B8801339AB2AA4B1A80A94B1B88182B21D9A74B00221A80A74BF5
:203D20001B781A46FB7BC3F114039A4206DAA34B1B780133DAB2A14B1A7002E09F4B0022EE
:203D40001A700C2006F086FD0346002B03D00C2006F05AFD02E00C2006F032FD0023BB73F0
:203D600042E000237B73BA7BFB7B9A4202D201237B7316E0FB7B914A12781A44BB7B9A4262
:203D800002DB01237B730CE0BA7BFB7B9A4206D18A4B1B78002B02D101237B7301E000236E
:203DA0007B73FB795F2B0AD9FB79632B07D8BB7B132B04D10C2006F04DFD03467B73BB7B31
:203DC0007F4AD35C1A467F4B13F81200BB7B7C4AD35C7C4A5B0013445B787A7B1946FFF7E4
:203DE0007DFBBB7B0133BB73BB7B132BB9D9DDE0724B00221A70704B00221A80D6E0FFF764
:203E0000CBF80346AA2B40F0D180132006F022FD0346002B00F0CA80FB79002B0FD0FB7958
:203E2000142B0CD84823002101221846FFF756FB47200121BB791A46FFF750FBB6E0FB79A3
:203E4000142B15D9FB792D2B12D84823002101221846FFF743FB4723012101221846FFF73B
:203E60003DFB48200521BB791A46FFF737FB9DE0FB792D2B1BD9FB794B2B18D8482300211D
:203E800001221846FFF72AFB4723012101221846FFF724FB4823052101221846FFF71EFB43
:203EA00048200121BB791A46FFF718FB7EE0FB794B2B21D9FB795F2B1ED8482300210122F6
:203EC0001846FFF70BFB4723012101221846FFF705FB4823052101221846FFF7FFFA482319
:203EE000012101221846FFF7F9FA48200421BB791A46FFF7F3FA59E0FB795F2B27D9FB7987
:203F0000632B24D84823002101221846FFF7E6FA4723012101221846FFF7E0FA48230521C6
:203F200001221846FFF7DAFA4823012101221846FFF7D4FA4823042101221846FFF7CEFA95
:203F400047200021BB791A46FFF7C8FA2EE0FB79632B24D94823042101221846FFF7BEFAC1
:203F60004823012101221846FFF7B8FA4823052101221846FFF7B2FA4723012101221846CA
:203F8000FFF7ACFA4823002101221846FFF7A6FA4723002101221846FFF7A0FA06E04820F8
:203FA0000021BB791A46FFF799FAFFE700BF1037BD4680BD67666666CAE90020CCE9002056
:203FC000CCE3020024D3020080B58CB002AF0346FB710B46BB7113467B7107F10C03002275
:203FE0001A605A609A60DA601A615A610023FB72002387F82730FB7907F10B0207F10C011C
:204000001846FFF701FA7B79002B06D00120FFF7E7F9034687F8273002E0012387F827306A
:2040200097F82720FB7911461846FFF73BFEBB79002B40F0BD8097F82730002B56D1FB7AD9
:20404000012B1AD14E23002100221846FFF746FA072301930423009307230A2256490A206A
:20406000FFF7E2FB072301930323009307230A2251490A20FFF7D8FB94E0FB7A022B1AD112
:204080004E23002100221846FFF728FA072301930323009307230A2247490A20FFF7C4FBBA
:2040A000072301930423009307230A2242490A20FFF7BAFB76E04E23002100221846FFF774
:2040C0000DFA072301930323009307230A223A490A20FFF7A9FB0723019304230093072323
:2040E0000A2235490A20FFF79FFB5BE0FB7A012B1CD14E23002100221846FFF7EFF9FB6840
:20410000D8B2072301930423009307230A222A49FFF78AFB3B69D8B20723019303230093B4
:2041200007230A222449FFF77FFB3BE0FB7A022B1CD14E23002100221846FFF7CFF9FB686F
:20414000D8B2072301930323009307230A221A49FFF76AFB3B69D8B20723019304230093A4
:2041600007230A221449FFF75FFB1BE04E23002101221846FFF7B2F93B69D8B207230193A1
:204180000323009307230A220B49FFF74DFB7B69D8B2072301930423009307230A220649F3
:2041A000FFF742FB4523042101221846FFF796F900BF2837BD4680BD88D8020080B58CB008
:2041C00002AF0346FB710B46BB7113467B7107F10C0300221A605A609A60DA601A615A61F0
:2041E0000023FB72002387F82730FB7907F10B0207F10C011846FFF707F97B79002B06D06F
:204200000120FFF7EDF8034687F8273002E0012387F8273097F82720FB7911461846FFF7B2
:2042200041FDBB79002B40F0BD8097F82730002B56D1FB7A012B1AD10923002100221846E3
:20424000FFF74CF9072301930B23009307230C2262490A20FFF7E8FA072301930A23009321
:2042600007230C225D490A20FFF7DEFA94E0FB7A022B1AD10923002100221846FFF72EF95D
:20428000072301930A23009307230C2253490A20FFF7CAFA072301930B23009307230C22F1
:2042A0004E490A20FFF7C0FA76E00923002100221846FFF713F9072301930A2300930723C0
:2042C0000C2246490A20FFF7AFFA072301930B23009307230C2241490A20FFF7A5FA5BE0FD
:2042E000FB7A012B1CD10923002100221846FFF7F5F8FB68D8B2072301930B2300930723EA
:204300000C223649FFF790FA3B69D8B2072301930A23009307230C223049FFF785FA3BE063
:20432000FB7A022B1CD10923002100221846FFF7D5F8FB68D8B2072301930A2300930723C9
:204340000C222649FFF770FA3B69D8B2072301930B23009307230C222049FFF765FA1BE0A2
:204360000923002101221846FFF7B8F83B69D8B2072301930A23009307230C221749FFF76F
:2043800053FA7B69D8B2072301930B23009307230C221249FFF748FA07230221012218462A
:2043A000FFF79CF80723002101221846FFF796F84B23062101221846FFF790F80723032141
:2043C00001221846FFF78AF84B23042101221846FFF784F800BF2837BD4680BDE0D7020047
:2043E00080B483B000AF0346FB80FB88642B02D9FB88742B08D9FB88772B02D9FB887E2BC7
:2044000002D9FB88992B01D1012300E0002303F00103DBB218460C37BD465DF8047B7047CE
:2044200080B483B000AF0346FB71FB79042B17D801A252F823F000BF4D4402005144020036
:2044400055440200594402005D440200012308E0022306E0032304E0042302E0052300E04D
:20446000052318460C37BD465DF8047B704700BFB0B586B000AF0023FB8200237B75042302
:204480003B750023FB740023BB7400237B7400233B740023FB7378E0FB7B1846F8F750F9AF
:2044A00003467B807B88002B69D07B881846FFF797FF0346002B1DD0B04B1B78012B14D164
:2044C000AF4B1B78012B09D9AD4B02221A7001233B7400237B740123BB740BE001237B7465
:2044E00000233B740023BB7404E0A44B01221A700023BB740023BB603DE0A249BA68134605
:204500005B0013445B000B441B887A889A422FD19C49BA6813465B0013445B000B440233CD
:204520001B783A7D9A422CD3974B01221A709549BA6813465B0013445B000B4402331B784A
:204540003B757B88FB828F49BA6813465B0013445B000B4403331B78FB748A49BA681346F6
:204560005B0013445B000B4404331B787B7508E0BB680133BB60BB68802BBED902E000BFC5
:2045800000E000BFFB7B0133FB73FB7B042B83D9FB7C002B02D17C4B00221A707A4B1B7823
:2045A000002B00F06081754B1B78002B05D0BB7C002B02D02323FB740BE0704B1B78002B5F
:2045C00007D0BB7C83F00103DBB2002B01D02023FB74FEF7E1FC0346AA2B10D1132006F021
:2045E00039F90346002B0AD005240025F7F7E4FE03461A4629462046FEF770FF14E0FEF752
:20460000CBFC0346552B0FD1142006F023F90346002B09D044240125F7F7CEFE03461A46A6
:2046200029462046FEF75AFFFB8A002B00F01681FB7C002B00F012813B7D1846FFF7F0FE01
:2046400003467B717B79013B50497A7901F813207B79013B4D4A5B001344FA7C5A70002361
:20466000FB710023BB710FE0BB79484A12F81330002B06D0BB79454A5B0013445B78FB71C8
:2046800005E0BB790133BB71BB79042BECD9FB79002B53D0FB799AB27B791146184602F05C
:2046A000D3FC0346FB7102F009FDFB79203B062B41D801A252F823F0D5460200E34602001D
:2046C000F1460200FF4602000D4702001B470200294702000F230C222D492E4803F080F976
:2046E0002AE000232E2200212B4803F079F923E00F230E2229492A4803F072F91CE00F236F
:2047000008222849284803F06BF915E00C230E222649274803F064F90EE00D230A222549FD
:20472000254803F05DF907E00A2308222349244803F056F900E000BF03F076FEFB8A184682
:20474000FFF74EFE0346002B0ED00C4B1B78002B0AD07B7C002B02D002237B7504E03B7C32
:20476000002B01D001237B757B7D002B7AD07B7D012B27D0022B49D06FE000BFADE9002097
:20478000AEE90020D0D30200A4E9002090E9002034E0020044E0020050E0020080E00200A7
:2047A00090E00200A0E00200B0E00200B8E00200C4E00200D4E00200E4E00200F0E00200E5
:2047C000FCE00200FEF7E8FB0346552B0CD1142006F040F80346002B06D044230021012226
:2047E0001846FEF77BFE35E0FEF7D6FB0346AA2B30D1132006F02EF80346002B2AD02423EF
:20480000072101221846FEF769FE23E0FEF7C4FB0346552B0CD1142006F01CF80346002B84
:2048200006D04423012101221846FEF757FE13E0FEF7B2FB0346AA2B0ED1132006F00AF891
:204840000346002B08D00523002101221846FEF745FE01E000BF05E000BF03E0044B002272
:204860001A7000E000BF00BF1837BD46B0BD00BFA4E90020B0B582B000AF0D2005F0C4FFFA
:204880000F2005F0C1FF0020FEF7AAFD0346FB71F7F714FD0346012B09D11F2002F0C2FC86
:2048A000FB79002B15D00D2005F08AFF11E0F7F7F7FC0346012B06D11E2002F0B3FC0D209F
:2048C00005F07EFF05E01E2002F092FB1F2002F08FFBFEF761FB0346552B11D1142005F0E4
:2048E000B9FF0346002B0BD0032403250D2005F0B1FF03461A4629462046FEF7EFFD15E03C
:20490000FEF74AFB0346AA2B10D1132005F0A2FF0346002B0AD0052402250D2005F09AFF3C
:2049200003461A4629462046FEF7D8FDFFF7A0FDF7F726FD0346012B26D1042002F072FC9B
:20494000FEF72AFB0346552B0CD1142005F082FF0346002B06D04423022101221846FEF7A3
:20496000BDFD37E0FEF718FB0346AA2B32D1132005F070FF0346002B2CD04F23052101227B
:204980001846FEF7ABFD25E0042002F031FBFEF703FB0346552B0CD1142005F05BFF034670
:2049A000002B06D04423022100221846FEF796FD10E0FEF7F1FA0346AA2B0BD1132005F072
:2049C00049FF0346002B05D04F23052100221846FEF784FDF7F7E2FC0346012B4CD1032037
:2049E00002F020FCFB79002B02D00F2005F0E8FEFEF7D2FA0346552B1CD1142005F02AFF65
:204A00000346002B16D0442403250F2005F022FF03461A4629462046FEF760FD442400250A
:204A20000F2005F017FF03461A4629462046FEF755FD24E0FEF7B0FA0346AA2B1FD1132093
:204A400005F008FF0346002B19D04F2406250F2005F000FF03461A4629462046FEF73EFD8E
:204A6000242407250F2005F0F5FE03461A4629462046FEF733FD02E0032002F0B9FA00BF9F
:204A80000837BD46B0BDFFFF80B58AB000AF03463960FB711346BB7107F10C0300221A60D5
:204AA0005A609A60DA601A615A610023FB72002387F827303B68A44AA2FB0323DB083B6077
:204AC00007F10B0207F10C0319463868FEF79CFCBB79002B0CD00220FEF782FC034687F8A6
:204AE000273097F82730002B05D10A23FB7202E0012387F82730FB79032B00F2E58001A266
:204B000052F823F0154B0200654B0200D14B0200394C0200FEF740FA0346AA2B0DD1132021
:204B200005F098FE0346002B07D00A20032197F827301A46FEF7D2FCC8E0FEF72DFA03463B
:204B4000552B40F0C380142005F084FE0346002B00F0BC804B20052197F827301A46FEF74B
:204B6000BDFCB3E0FEF718FA0346552B14D1142005F070FE0346002B0ED04520042197F832
:204B800027301A46FEF7AAFC4C20002197F827301A46FEF7A3FC9BE0FEF7FEF90346AA2BD7
:204BA00040F09680132005F055FE0346002B00F08F800920032197F827301A46FEF78EFCAF
:204BC0000820032197F827301A46FEF787FC7FE0FEF7E2F90346552B14D1142005F03AFE8D
:204BE0000346002B0ED04520042197F827301A46FEF774FC4D20002197F827301A46FEF765
:204C00006DFC67E0FEF7C8F90346AA2B62D1132005F020FE0346002B5CD00920032197F81B
:204C200027301A46FEF75AFC0720032197F827301A46FEF753FC4DE0FEF7AEF90346552B0B
:204C40001ED1142005F006FE0346002B18D04B23052101221846FEF741FC452304210122E5
:204C60001846FEF73BFC4C23002101221846FEF735FC4D23002101221846FEF72FFC2BE036
:204C8000FEF78AF90346AA2B26D1132005F0E2FD0346002B20D00A23032101221846FEF755
:204CA0001DFC0923032101221846FEF717FC0823032101221846FEF711FC072303210122BF
:204CC0001846FEF70BFC07E000BF06E000BF04E000BF02E000BF00E000BFFEF75DF90346B8
:204CE000552B14D1142005F0B5FD0346002B0ED0FB7A07F10C021146184600F031FA4F2068
:204D0000042197F827301A46FEF7E8FB18E0FEF743F90346AA2B13D1132005F09BFD03461C
:204D2000002B0DD0FB7A07F10C021146184600F00DF80620032197F827301A46FEF7CEFBF8
:204D400000BF2837BD4680BDCDCCCCCC80B584B002AF03463960FB71FB79012B46D13E2344
:204D6000002100221846FEF7B9FB3B681B68D8B2072301930923009307230A228A49FEF79E
:204D800053FD3B6804331B68D8B2072301930823009307230A228449FEF746FD3B68083327
:204DA0001B68D8B2072301930723009307230A227D49FEF739FD3B680C331B68D8B207230B
:204DC00001930623009307230A227749FEF72CFD3B6810331B68D8B20723019305230093E3
:204DE00007230A227049FEF71FFDACE1FB79022B46D13E23002100221846FEF76FFB3B684A
:204E00001B68D8B2072301930823009307230A226549FEF709FD3B6804331B68D8B20723F9
:204E200001930923009307230A225F49FEF7FCFC3B6808331B68D8B20723019307230093CE
:204E400007230A225849FEF7EFFC3B680C331B68D8B2072301930623009307230A22524921
:204E6000FEF7E2FC3B6810331B68D8B2072301930523009307230A224B49FEF7D5FC62E100
:204E8000FB79032B46D13E23002100221846FEF725FB3B681B68D8B2072301930723009317
:204EA00007230A224049FEF7BFFC3B6804331B68D8B2072301930823009307230A223A4927
:204EC000FEF7B2FC3B6808331B68D8B2072301930923009307230A223349FEF7A5FC3B68BC
:204EE0000C331B68D8B2072301930623009307230A222D49FEF798FC3B6810331B68D8B2A4
:204F0000072301930523009307230A222649FEF78BFC18E1FB79042B48D13E23002100227E
:204F20001846FEF7DBFA3B681B68D8B2072301930623009307230A221B49FEF775FC3B685C
:204F400004331B68D8B2072301930723009307230A221549FEF768FC3B6808331B68D8B29A
:204F6000072301930823009307230A220E49FEF75BFC3B680C331B68D8B2072301930923E3
:204F8000009307230A220849FEF74EFC3B6810331B68D8B2072301930523009307230A22D6
:204FA0000149FEF741FCCEE088D80200FB79052B46D13E23002100221846FEF78FFA3B6887
:204FC0001B68D8B2072301930523009307230A226249FEF729FC3B6804331B68D8B207231F
:204FE00001930623009307230A225C49FEF71CFC3B6808331B68D8B20723019307230093F3
:2050000007230A225549FEF70FFC3B680C331B68D8B2072301930823009307230A224F4943
:20502000FEF702FC3B6810331B68D8B2072301930923009307230A224849FEF7F5FB82E0DF
:20504000FB79062B47D13E23002101221846FEF745FA3B6804331B68D8B20723019305238F
:20506000009307230A223D49FEF7DEFB3B6808331B68D8B2072301930623009307230A2238
:205080003649FEF7D1FB3B680C331B68D8B2072301930723009307230A223049FEF7C4FBE3
:2050A0003B6810331B68D8B2072301930823009307230A222949FEF7B7FB3B6814331B68A5
:2050C000D8B2072301930923009307230A222349FEF7AAFB37E03E23002100221846FEF75F
:2050E000FDF9072301930523009307230A221B490A20FEF799FB0723019306230093072330
:205100000A2216490A20FEF78FFB072301930723009307230A2211490A20FEF785FB072367
:2051200001930823009307230A220C490A20FEF77BFB072301930923009307230A220749BA
:205140000A20FEF771FB3E23042101221846FEF7C5F900BF0837BD4680BD00BF88D80200AB
:2051600080B584B002AF03463960FB71FB79012B46D14623072100221846FEF7AFF93B68BF
:205180001B68D8B2072301930723009307230C228A49FEF749FB3B6804331B68D8B2072312
:2051A00001930623009307230C228449FEF73CFB3B6808331B68D8B20723019305230093EA
:2051C00007230C227D49FEF72FFB3B680C331B68D8B2072301930423009307230C22774913
:2051E000FEF722FB3B6810331B68D8B2072301930323009307230C227049FEF715FBACE190
:20520000FB79022B46D14623072100221846FEF765F93B681B68D8B2072301930623009348
:2052200007230C226549FEF7FFFA3B6804331B68D8B2072301930723009307230C225F4918
:20524000FEF7F2FA3B6808331B68D8B2072301930523009307230C225849FEF7E5FA3B6899
:205260000C331B68D8B2072301930423009307230C225249FEF7D8FA3B6810331B68D8B2BD
:20528000072301930323009307230C224B49FEF7CBFA62E1FB79032B46D146230721002242
:2052A0001846FEF71BF93B681B68D8B2072301930523009307230C224049FEF7B5FA3B6836
:2052C00004331B68D8B2072301930623009307230C223A49FEF7A8FA3B6808331B68D8B2B3
:2052E000072301930723009307230C223349FEF79BFA3B680C331B68D8B207230193042301
:20530000009307230C222D49FEF78EFA3B6810331B68D8B2072301930323009307230C22ED
:205320002649FEF781FA18E1FB79042B48D14623072100221846FEF7D1F83B681B68D8B25A
:20534000072301930423009307230C221B49FEF76BFA3B6804331B68D8B2072301930523F2
:20536000009307230C221549FEF75EFA3B6808331B68D8B2072301930623009307230C22DA
:205380000E49FEF751FA3B680C331B68D8B2072301930723009307230C220849FEF744FA30
:2053A0003B6810331B68D8B2072301930323009307230C220149FEF737FACEE0E0D7020054
:2053C000FB79052B46D14623072100221846FEF785F83B681B68D8B2072301930323009368
:2053E00007230C225F49FEF71FFA3B6804331B68D8B2072301930423009307230C22594946
:20540000FEF712FA3B6808331B68D8B2072301930523009307230C225249FEF705FA3B689D
:205420000C331B68D8B2072301930623009307230C224C49FEF7F8F93B6810331B68D8B2E0
:20544000072301930723009307230C224549FEF7EBF982E0FB79062B47D14623072101223F
:205460001846FEF73BF83B6804331B68D8B2072301930323009307230C223A49FEF7D4F9AB
:205480003B6808331B68D8B2072301930423009307230C223349FEF7C7F93B680C331B68BB
:2054A000D8B2072301930523009307230C222D49FEF7BAF93B6810331B68D8B207230193C2
:2054C0000623009307230C222649FEF7ADF93B6814331B68D8B20723019307230093072312
:2054E0000C222049FEF7A0F937E04623072100221846FDF7F3FF07230193032300930723D8
:205500000C2218490A20FEF78FF9072301930423009307230C2213490A20FEF785F9072362
:2055200001930523009307230C220E490A20FEF77BF9072301930623009307230C220949B6
:205540000A20FEF771F9072301930723009307230C2204490A20FEF767F900BF0837BD4622
:2055600080BD00BFE0D70200B0B584B002AF0346FB71FDF711FD0346AA2B40F05A81132019
:2055800005F068F90346002B00F053813E23052101221846FDF7A2FFFB79013B042B00F20F
:2055A000468101A252F823F0BD5502001F56020095560200975702000B5702000B2001F03C
:2055C00017FD0C2001F014FD062301930023009306230122CE490020FEF726F908230193C0
:2055E0000023009308230122CA490020FEF71CF90A230193002300930A230122C649002074
:20560000FEF712F90B23042101221846FDF766FF0523042101221846FDF760FF08E10B2028
:2056200001F0E6FC0C2001F0E3FC062301930023009306230122B6490120FEF7F5F80823AF
:2056400001930023009308230122B2490120FEF7EBF80A230193002300930A230222AE49FF
:205660000120FEF7E1F80A230193012300930A230222A9490420FEF7D7F80423002101222D
:205680001846FDF72BFF0B23042101221846FDF725FFCDE00B2001F0ABFC0C2001F0A8FC71
:2056A00006230193002300930623012298490120FEF7BAF8082301930023009308230122BF
:2056C00094490220FEF7B0F80A230193002300930A23022290490220FEF7A6F80A23019317
:2056E000012300930A2302228B490520FEF79CF80B23042101221846FDF7F0FE042304211E
:2057000001221846FDF7EAFE92E00623019300230093062301227E490220FEF785F8082375
:20572000019300230093082301227A490320FEF77BF80A230193002300930A2302227649FC
:205740000320FEF771F80A230193012300930A23022271490620FEF767F83E240125032020
:20576000FDF73EFE03461A4629462046FDF7B6FE0B23042101221846FDF7B0FE3E230221D9
:2057800001221846FDF7AAFE0B2001F031FC0C2001F048FD4CE00623019300230093062379
:2057A00001225B490220FEF73FF808230193002300930823012257490320FEF735F80A23FF
:2057C0000193002300930A23022253490320FEF72BF80A230193012300930A2302224E49F7
:2057E0000620FEF721F83E2407250320FDF7F8FD03461A4629462046FDF770FE0B230421A8
:2058000001221846FDF76AFE3E23022101221846FDF764FE3E23062101221846FDF75EFEF7
:205820000C2001F0E5FB0B2001F0FCFC00E000BF1EE1FDF7B1FB0346552B40F01981142052
:2058400005F008F80346002B00F012814A23002101221846FDF742FEFB79013B042B00F248
:20586000068101A252F823F07D580200C758020029590200EB590200735902000B2001F0F5
:20588000B7FB0C2001F0B4FB12230193002300930523012221490020FDF7C6FF11230193B5
:2058A000002300930A2301221D490320FDF7BCFF10230193002300930C2301221949022057
:2058C000FDF7B2FFD4E00B2001F092FB0C2001F08FFB1223019300230093052301220F49FD
:2058E0000120FDF7A1FF11230193002300930A2301220B490020FDF797FF1023019300233D
:2059000000930C23012207490320FDF78DFFAFE098D90200A4D90200B4D90200FCDF0200C2
:2059200008E002001CE002000B2001F061FB0C2001F05EFB122301930023009305230122C7
:205940004D490320FDF770FF11230193002300930A23012249490520FDF766FF1023019386
:20596000002300930C23012245490020FDF75CFF7EE01223019300230093052301223E4973
:205980000320FDF751FF11230193002300930A2301223A490420FDF747FF10230193002307
:2059A00000930C23012236490020FDF73DFF4B23002101221846FDF791FD482407250320E6
:2059C000FDF70EFD03461A4629462046FDF786FD4A23022101221846FDF780FD0B2001F035
:2059E00007FB0C2001F01EFC42E012230193002300930523012220490320FDF715FF1123BA
:205A00000193002300930A2301221C490420FDF70BFF10230193002300930C230122184935
:205A20000020FDF701FF4B23002101221846FDF755FD4A2401250320FDF7D2FC03461A46DA
:205A400029462046FDF74AFD4A23022101221846FDF744FD4A23032101221846FDF73EFDAF
:205A60000C2001F0C5FA0B2001F0DCFB00E000BF00BF0837BD46B0BDFCDF020008E0020083
:205A80001CE0020080B58CB002AF786007F1100300221A605A609A60DA601A615A61002320
:205AA000FB7307F10F0207F1100319467868FDF7ABFCFDF771FA0346552B68D1142004F001
:205AC000C9FE0346002B62D0FB7B012B1CD10523002100221846FDF701FD3B69D8B20723B7
:205AE00001930923009307230C226149FDF79CFE7B69D8B2072301930823009307230C2281
:205B00005B49FDF791FE3BE0FB7B022B1CD10523002100221846FDF7E1FC3B69D8B20723C1
:205B200001930823009307230C225149FDF77CFE7B69D8B2072301930923009307230C2270
:205B40004B49FDF771FE1BE00523002101221846FDF7C4FC7B69D8B20723019308230093EB
:205B600007230C224249FDF75FFEBB69D8B2072301930923009307230C223D49FDF754FEA2
:205B80000723042101221846FDF7A8FC6CE0FDF703FA0346AA2B67D1132004F05BFE034641
:205BA000002B61D0FB7B012B1CD14623002100221846FDF793FC3B69D8B20B230193032357
:205BC00000930B2304222B49FDF72EFE7B69D8B20B230193022300930B2304222549FDF7AC
:205BE00023FE3BE0FB7B022B1CD14623002100221846FDF773FC3B69D8B20B230193022357
:205C000000930B2304221B49FDF70EFE7B69D8B20B230193032300930B2304221549FDF7AA
:205C200003FE1BE04623002101221846FDF756FC7B69D8B20B230193022300930B230422DB
:205C40000C49FDF7F1FDBB69D8B20B230193032300930B2304220749FDF7E6FD47230521D9
:205C600001221846FDF73AFC00BF2837BD4680BDE0D7020014D9020080B58CB002AF034608
:205C8000FB800B467B7113463B7107F10C0300221A605A609A60DA601A615A610023FB72F0
:205CA000002387F827307B79002B05D1FB88B44AA2FB03235B09FB80FB8807F10B0207F153
:205CC0000C011846FDF7A0FB3B79012B0CD10220FDF786FB034687F8273097F82730002B46
:205CE00005D10423FB7202E0012387F82730FDF753F90346552B40F09C80142004F0AAFD3A
:205D00000346002B00F09580FB7A013B032B7DD801A252F823F000BF295D0200635D0200CD
:205D20009D5D0200D75D02004423072100221846FDF7D4FBFB68D8B20F23019301230093F5
:205D40000B2302228F49FDF76FFD3B69D8B20F230193002300930B2302228A49FDF764FD95
:205D600055E04423072100221846FDF7B7FBFB68D8B20F230193002300930B2302228149B4
:205D8000FDF752FD3B69D8B20F230193012300930B2302227B49FDF747FD38E04423072120
:205DA00001221846FDF79AFB3B69D8B20F230193002300930B2302227249FDF735FD7B6918
:205DC000D8B20F230193012300930B2302226D49FDF72AFD1BE04423072100221846FDF79B
:205DE0007DFB0F230193002300930B23022265490B20FDF719FD0F230193012300930B23CF
:205E0000022260490B20FDF70FFD00E000BF7B79002B07D14120042197F827301A46FDF734
:205E20005DFBA8E04123032101221846FDF756FBA1E0FDF7B1F80346AA2B40F09C80132079
:205E400004F008FD0346002B00F09580FB7A013B032B7DD801A252F823F000BF6D5E020010
:205E6000A75E0200E15E02001B5F02004323072100221846FDF732FBFB68D8B20B23019380
:205E8000012300930B2304223F49FDF7CDFC3B69D8B20B230193002300930B2304223A4935
:205EA000FDF7C2FC55E04323072100221846FDF715FBFB68D8B20B230193002300930B2356
:205EC00004223149FDF7B0FC3B69D8B20B230193012300930B2304222B49FDF7A5FC38E066
:205EE0004323072101221846FDF7F8FA3B69D8B20B230193002300930B2304222249FDF754
:205F000093FC7B69D8B20B230193012300930B2304221D49FDF788FC1BE04323072100222E
:205F20001846FDF7DBFA0B230193002300930B23042215490A20FDF777FC0B230193012399
:205F400000930B23042210490A20FDF76DFC00E000BF7B79002B07D14120032197F8273079
:205F60001A46FDF7BBFA06E04023072101221846FDF7B4FAFFE700BF2837BD4680BD00BF81
:205F80001F85EB516CD9020014D90200B0B58EB000AF0346FB71FCF7FFFF0346552B7AD1DF
:205FA000142004F057FC0346002B74D08B4A07F11C0307CA03C31A80F6F756F90346022BDF
:205FC00040F003810A23042101221846FDF786FA002387F837301CE097F8373038333B44E1
:205FE00013F81C3C1A467E4B13F8120097F8373038333B4413F81C3C794A5B0013445B786D
:2060000000221946FDF76AFA97F83730013387F8373097F83730092BDED9FB790A2B00F21B
:20602000D680FB791B016F4A13443B63102387F82F30002387F836301CE097F836303A6B1D
:20604000134493F900301A46654B13F8120097F836303A6B134493F90030614A5B001344F6
:206060005B7801221946FDF739FA97F83630013387F8363097F8362097F82F309A4280F077
:20608000A48097F836303A6B134493F90030B3F1FF3FD2D199E0FCF77FFF0346AA2B40F072
:2060A0009980132004F0D6FB0346002B00F092804D4B07F108041D460FCD0FC42B68238075
:2060C000F6F7D2F80346022B40F08480002387F835301CE097F8353038333B4413F8303C07
:2060E0001A46424B13F8120097F8353038333B4413F8303C3D4A5B0013445B7800221946B4
:20610000FDF7ECF997F83530013387F8353097F83530112BDED9FB790A2B0CD144230321A2
:2061200000221846FDF7DAF93E23032100221846FDF7D4F94EE04423032101221846FDF724
:20614000CDF93E23032101221846FDF7C7F9FB79092B3ED8FA7913461B011344244A1344FD
:20616000BB62112387F82730002387F834301CE097F83430BA6A134493F900301A461B4B06
:2061800013F8120097F83430BA6A134493F90030164A5B0013445B7801221946FDF79EF9C6
:2061A00097F83430013387F8343097F8342097F827309A420ED297F83430BA6A134493F956
:2061C0000030B3F1FF3FD3D104E000BF02E000BF00E000BF3837BD46B0BD00BF04E10200A1
:2061E00024D30200E0E3020010E1020088D2020090E40200B0B582B000AF0346FB71FB79AD
:206200009BB2002201211846FFF736FD0D2000F0EFFE1D2000F0ECFE0E2000F0E9FEFCF74D
:20622000BBFE0346AA2B28D1132004F013FB0346002B22D04423012100221846FDF74EF9AF
:206240004823032101221846FDF748F94F23072100221846FDF742F94723042100221846A1
:20626000FDF73CF9072004F0F5FA03461A46FB7901211846FDF7A8FE20E0FCF78DFE0346ED
:20628000552B1BD1142004F0E5FA0346002B15D00C23002100221846FDF720F90A23002107
:2062A00001221846FDF71AF9072004F0D3FA03461A46FB7901211846FDF780FF2E4B1B7852
:2062C0000133DAB22C4B1A702B4B1B781D2B10D9FCF762FE0346AA2B0BD1132004F0BAFA9B
:2062E0000346002B05D04823072101221846FDF7F5F8214B1B78632B39D9FCF74DFE03463A
:20630000AA2B10D1132004F0A5FA0346002B0AD048240625F6F726F803461A462946204693
:20632000FDF7DCF814E0FCF737FE0346552B0FD1142004F08FFA0346002B09D00A2402257D
:20634000F6F710F803461A4629462046FDF7C6F8F5F770FF0346632B03D8172000F062FF83
:2063600002E0172000F044FE034B6E221A7000BF0837BD46B0BD00BFAAE90020B0B582B0F3
:2063800000AF0346FB71F5F73DFF03461C46F6F7C1FA03461A4600212046FFF76DFCFCF79C
:2063A000FBFD0346AA2B10D1132004F053FA0346002B0AD0072004F04DFA03461A46FB79A5
:2063C00000211846FDF700FE14E0FCF7E5FD0346552B0FD1142004F03DFA0346002B09D02E
:2063E000072004F037FA03461A46FB7900211846FDF7E4FE544B1B78042B00F2A18001A2C8
:2064000052F823F0196402002B640200496402006764020019640200F5F7DAFE03460022E5
:2064200019460020FEF730FB8AE00020F5F7B4FE03461C46032004F00DFA03461A462146BC
:206440000120FEF721FB7BE00120F5F7A5FE03461C46032004F0FEF903461A462146022014
:20646000FEF712FB6CE0032004F0F4F90346002B2DD0FCF791FD0346AA2B11D1132004F0B1
:20648000E9F90346002B0BD00B2405250420FCF7A7FF03461A4629462046FDF71FF846E006
:2064A000FCF77AFD0346552B41D1142004F0D2F90346002B3BD00A2405250420FCF790FF27
:2064C00003461A4629462046FDF708F82FE0FCF763FD0346AA2B0CD1132004F0BBF90346C9
:2064E000002B06D00B23052101221846FCF7F6FF10E0FCF751FD0346552B0BD1142004F0E0
:20650000A9F90346002B05D00A23052101221846FCF7E4FF052004F09DF90346002B03D0F0
:206520000D2000F07FFE02E00D2000F061FDF5F74FFE0346002219460020FEF7A5FA00BFEE
:2065400000BF0837BD46B0BDABE90020B0B584B000AF0346FB71C14B00221A80172000F02D
:2065600047FD182000F044FD192000F041FD1A2000F03EFD1B2000F03BFDF5F75BFE0346B1
:206580007B73FCF709FD0346552B2ED1142004F061F90346002B28D007230321012218468F
:2065A000FCF79CFF4B23042101221846FCF796FF0723002101221846FCF790FF4B230621CE
:2065C00001221846FCF78AFFFCF736FE03461C46FCF776FE03461D46FCF7AEFE03461A4691
:2065E00029462046FDF7C0FA2CE0FCF7D5FC0346AA2B27D1132004F02DF90346002B21D080
:206600000B23072101221846FCF768FF4F23072101221846FCF762FF4723042101221846CA
:20662000FCF75CFFFCF708FE03461C46FCF748FE03461D46FCF780FE03461A462946204694
:20664000FDF7F4F9F5F7D2FD03461846FFF71AFAFB79032B02D0FB79042B03D1FB7901335A
:20666000DBB202E0F5F7F2FD03463B733B7B1846FEF77AFF7B7B052B03D8072004F0A0F8A3
:2066800002E0072004F0C0F8F5F75EFE0346012B04D17B7B1846FFF7ADFD06E0704B0022FC
:2066A0001A707B7B1846FFF769FEF5F73FFE0346012B0ED10A2000F0B5FD402404250520A4
:2066C000FCF78EFE03461A4629462046FCF706FF02E00A2000F08CFCF5F71AFE0346012BC8
:2066E00009D10620FCF77CFE0346002B14BF01230023DBB207E0F5F7FDFD0346012B0CBF05
:2067000001230023DBB2FB72F5F764FE0346BB720023FB730023BB73524B1B78022B00F243
:20672000A980BB7A042B00F2A18001A252F823F04567020077670200AD670200E3670200C9
:2067400019680200484B00221A700F2000F050FC122000F04DFC132000F04AFC142000F014
:2067600047FC2A2004F050F82C2004F04DF82B2004F04AF87EE00123FB733B4B00221A7028
:20678000122000F04FFD0F2000F032FC132000F02FFC142000F02CFC2B2004F035F82C20EC
:2067A00004F032F82A2004F00BF863E00123BB732D4B00221A700F2000F034FD122000F04F
:2067C00017FC132000F014FC142000F011FC2A2003F0F6FF2C2004F017F82B2004F014F876
:2067E00048E00123BB73204B00221A702A2003F0E7FF2B2003F0E4FF2C2004F005F8122055
:2068000000F0F6FB0F2000F0F3FB132000F00AFD142000F0EDFB2DE00123FB732B2003F077
:20682000F3FF2A2003F0F0FF2C2003F0C9FF0E4B1B78FF2B05D00C4B1B780133DAB20A4B49
:206840001A70122000F0D4FB0F2000F0D1FB132000F0CEFB142000F0E5FC0BE0A2E900204B
:20686000AAE90020ABE90020AFE900208F4B00221A7000BF8E4B1B78042B0DD10123BB73E9
:206880000023FB73032003F0E5FF0346002B03D00123FB730023BB73FB7B002B2DD0FCF7B2
:2068A0007BFB0346AA2B11D1132003F0D3FF0346002B0BD0052401250820FCF791FD0346DA
:2068C0001A4629462046FCF709FE39E0FCF764FB0346552B34D1142003F0BCFF0346002BFA
:2068E0002ED04B2401250820FCF77AFD03461A4629462046FCF7F2FD22E0FCF74DFB03468D
:20690000AA2B0CD1132003F0A5FF0346002B06D005200121BB7B1A46FCF7E0FD10E0FCF721
:206920003BFB0346552B0BD1142003F093FF0346002B05D04B200121BB7B1A46FCF7CEFD99
:206940002D2003F087FF0346002B12D0594B1B785A1CD1B2574A1170FA2B02D801F050FC8D
:2069600007E001F06AFC2D2003F04EFF514B00221A7001F007FEFCF7E7FD01F0B7FBFDF7A0
:2069800079FF4D4B1B781846FFF700FB382003F061FF034683F00103DBB2002B08D0F5F71E
:2069A000D3FC0346002B03D1FB79184601F042F9FCF7F2FA0346AA2B37D1132003F04AFF4E
:2069C0000346002B31D005200321FB7A1A46FCF785FD4D240025F5F77FFC03461A4629469A
:2069E0002046FCF77BFD40240525002003F032FF03461A4629462046FCF770FD4024062587
:206A0000022003F027FF03461A4629462046FCF765FD44240225012003F01CFF03461A4601
:206A200029462046FCF75AFD3BE0FCF7B5FA0346552B36D1142003F00DFF0346002B30D003
:206A400004200521FB7A1A46FCF748FD07240125F5F742FC03461A4629462046FCF73EFDB8
:206A600005240725002003F0F5FE03461A4629462046FCF733FD03240125022003F0EAFED0
:206A800003461A4629462046FCF728FD03240225012003F0DFFE03461A4629462046FCF7B0
:206AA0001DFD00BF1037BD46B0BD00BFAFE90020ABE90020B0E90020ACE9002080B487B042
:206AC00000AF3B600346FB710B46BB711346BB80FA7913461B019B1A9B001A46BB79134483
:206AE0007B61BB887A6913443B613B69234AA2FB03235909224BA3FB01231A0913465B0065
:206B00001344DB00CA1A1346FB7339691B4BA3FB01235A0913461B019B1A9B00CA1AD2B23E
:206B20003B6A1A70FB7B002B06D13B680C221A707B6A00221A701BE0FB7B0C2B06D13B68A0
:206B40000C221A707B6A01221A7011E0FB7B0C2B08D9FB7B0C3BDAB23B681A707B6A0122EE
:206B60001A7005E03B68FA7B1A707B6A00221A7000BF1C37BD465DF8047B704789888888B2
:206B8000ABAAAAAAB0B584B000AF7860F5F7DCFB0346002B12D17B6800221A700720FCF769
:206BA0001FFC0346002B14BF01230023FB7348200321FB7B1A46FCF791FC4BE04823032122
:206BC00001221846FCF78AFC7B681B78632B2AD9F5F7C8FB0346002B06D048230621012206
:206BE0001846FCF77BFC1AE0F5F742FD0346002B04D1F5F771FD0346002B10D0482307211E
:206C000000221846FCF76AFC482403250720FCF7E7FB03461A4629462046FCF75FFC7B685C
:206C20006E221A7016E07B681B781D2B0CD94823072101221846FCF751FC7B681B780133A3
:206C4000DAB27B681A7005E07B681B780133DAB27B681A7000BF1037BD46B0BDB0B584B0A4
:206C600000AF7860F5F770FB0346002B12D17B6800221A700720FCF7B3FB0346002B14BF41
:206C800001230023FB730A200021FB7B1A46FCF725FC3FE00A23002101221846FCF71EFC0F
:206CA0007B681B78632B24D9F5F75CFB0346002B06D00A23022101221846FCF70FFC14E083
:206CC000F5F7D6FC0346002B04D1F5F705FD0346002B0AD00A2400250720FCF781FB03463F
:206CE0001A4629462046FCF7F9FB7B686E221A7010E07B681B781D2B06D97B681B78013344
:206D0000DAB27B681A7005E07B681B780133DAB27B681A7000BF1037BD46B0BD80B582B015
:206D200000AF03460A46FB711346BB71FB79052B56D1484B00221A80FCF72EF90346AA2BC8
:206D40001FD1132003F086FD0346002B19D04723022101221846FCF7C1FBF5F703FB03464D
:206D6000002B07D04823022101221846FCF7B6FBF5F790FDBB79012201211846FDF724F9FD
:206D800023E0FCF709F90346552B1ED1142003F061FD0346002B18D00A2303210122184690
:206DA000FCF79CFBF5F7DEFA0346002B07D00A23012101221846FCF791FBF5F76BFDBB7963
:206DC000012201211846FDF7F9F9BB79642B03D11B2000F027FA39E0182000F023FA35E0D4
:206DE000FCF7DAF80346AA2B0CD1132003F032FD0346002B06D0BB79002201211846FDF76A
:206E0000E3F810E0FCF7C8F80346552B0BD1142003F020FD0346002B05D0BB79002201214A
:206E20001846FDF7CBF90B4B1B88B3F5FA7F07D3084B4FF4FF721A801A2000F0F3F905E0AC
:206E4000044B1B8801339AB2024B1A8000BF0837BD4680BDA2E90020B0B584B000AF03465F
:206E6000FB71F5F755FA0346012B09D10620FCF7B7FA0346002B14BF01230023DBB207E050
:206E8000F5F738FA0346012B0CBF01230023DBB2FB7305200321FB7B1A46FCF71FFBFCF733
:206EA0007BF80346AA2B09D1132003F0D3FC0346002B03D04D48FFF765FE0DE0FCF76CF8F9
:206EC0000346552B08D1142003F0C4FC0346002B02D04648FFF7C2FEF5F7ACF90346BB7397
:206EE000BA7BFB7911461846FFF718FFBB7B9BB2002201211846FEF7BFFEF5F777F90346AB
:206F00001846FEF7BFFDF5F7A1F903461846FEF72BFB01F037FBFCF717FB01F0E7F8FDF72E
:206F2000A9FCFCF739F80346552B2ED1142003F091FC0346002B28D00723032101221846D1
:206F4000FCF7CCFA0723032101221846FCF7C6FA0723002101221846FCF7C0FA4B230621E8
:206F600001221846FCF7BAFAFCF766F903461C46FCF7A6F903461D46FCF7DEF903461A463B
:206F800029462046FCF7F0FD2CE0FCF705F80346AA2B27D1132003F05DFC0346002B21D046
:206FA0000B23072101221846FCF798FA4F23072100221846FCF792FA4723042100221846CD
:206FC000FCF78CFAFCF738F903461C46FCF778F903461D46FCF7B0F903461A46294620463F
:206FE000FCF724FD00BF1037BD46B0BDCDE9002080B485B000AF0346FB800023FB7316E0CE
:20700000FB7B104A5B0013445B781A46FB8893420AD1FB7B0B4A002102F81310FB7B094AB6
:207020005B00134400225A70FB7B0133FB73FB7B042BE5D900BF00BF1437BD465DF8047B97
:20704000704700BF90E9002080B485B000AF03460A46FB711346BB800023FB81FB79013B21
:207060001549FA7901F81320FB79013BBA88D1B2114A5B0013440A465A7000237B7310E076
:207080007B7B0D4A12F81330002B05D07B7B0A4A5B0013445B7808E00023FB817B7B0133D6
:2070A0007B737B7B042BEBD9FB8918461437BD465DF8047B704700BF90E9002080B58CB075
:2070C00002AFFBF769FF0346AA2B4CD1132003F0C1FB0346002B46D04E4B3B62002387F826
:2070E000273018E02020FCF733F978617B69B3F1FF3F0BD07B69D8B20E23019397F827304F
:2071000000930E231C22396AFCF78EFB97F82730013387F8273097F827300D2BE2D93E4BFC
:20712000FB61002387F8263018E02020FCF710F9B861BB69B3F1FF3F0BD0BB69D8B20E23EE
:20714000019397F8263000930E231C22F969FCF76BFB97F82630013387F8263097F8263026
:207160000D2BE2D951E0FBF717FF0346552B4CD1142003F06FFB0346002B46D0274B3B61D4
:20718000002387F8253018E02020FCF7E1F878607B68B3F1FF3F0BD07B68D8B20E2301934A
:2071A00097F8253000930E231C223969FCF73CFB97F82530013387F8253097F825300D2B15
:2071C000E2D9174BFB60002387F8243018E02020FCF7BEF8B860BB68B3F1FF3F0BD0BB6845
:2071E000D8B20E23019397F8243000930E231C22F968FCF719FB97F82430013387F8243009
:2072000097F824300D2BE2D9FFE700BF2837BD4680BD00BFECDC020074DE0200DCD90200C0
:2072200064DB020090B59BB002AF0346FB80FF2387F85F30AC4B1B7883F00103DBB2002B1F
:2072400000F05583FB88DBB2292B4CDC282B42DA272B38D0272B46DC1F2B44DC1E2B3EDAD2
:207260001D2B40DC0A2B08DA092B3CDC082B26DA052B21DC002B22DC35E01A460123934052
:207280009A4A1A40002A14BF01220022D2B2002A1DD103F07862002A14BF01220022D2B23F
:2072A000002A10D103F41C43002B14BF01230023DBB2002B0FD116E0072B0CD013E0012375
:2072C00087F85F3010E0022387F85F300CE0032387F85F3008E0042387F85F3004E0052334
:2072E00087F85F3000E000BF97F85F30FF2B00F0FE82FA8897F85F3011461846FFF7A4FE3C
:207300000346FB80FFF7DAFEFB88DBB2013B282B00F2E68201A252F823F000BFC1730200ED
:2073200091740200AB740200B9740200C7740200E1780200B9750200D57402009D750200CF
:20734000AB750200C7750200D5750200E3750200F1750200ED76020017770200257702002C
:2073600033770200417702004F770200B1770200BF770200FF7502000D760200A776020063
:20738000B5760200C3760200D1760200DF760200FB76020009770200E1780200E17802003A
:2073A000E1780200E1780200E1780200E1780200E1780200CD770200C5780200D378020034
:2073C000342003F047FA0346002B0FD007230E224749484800F004FB474B01221A70474B98
:2073E00000221A70464B00221A707BE2454B07F13C040FCB07C42380404B1B78062B0CD10B
:2074000007230E223A493B4800F0EAFA3A4B01221A70342003F0D4F969E20023BB6509E07B
:20742000BB6D083360333B445F2203F8242CBB6D0133BB65314B1B781A46BB6D9342EFDB59
:2074400007F13C010E230E222A4800F0C9FA2C4B1B785A1CD1B22A4A1170322B40F2428226
:20746000274B00221A70284B00221A70234B1B785A1C264B83FB021313449910D317C91A87
:207480000B46DB005B1AD11ACAB21C4B1A7029E21A4B00221A701C4B00221A700A230F2266
:2074A0001B491C4800F09CFA21E20D230A221A491A4800F095FA1AE206230C2218491948C6
:2074C00000F08EFA13E20B230B221749174800F087FA0CE2164B07F12C040FCB07C42380F5
:2074E00000237B6530E000BFA4E9002000607F3024E102002CE102009BE900209EE900209D
:20750000CEE900208CE30200CFE90020932449923CE1020048E1020058E1020068E10200E9
:2075200074E102007CE1020088E1020094E102009CE302007B6D083360333B445F2203F881
:20754000342C7B6D01337B65B54B1B781A467B6D9342EFDB07F12C0000230E22002100F0CD
:207560003FFAB04B1B785A1CD1B2AE4A1170092B40F2BA81AB4B00221A70A94B1B785A1C92
:20758000A94B83FB02135910D317C91A0B469B000B44D11ACAB2A24B1A70A5E1092307223A
:2075A000A249A34800F01CFAA1E107230A22A149A14800F015FA9AE10B230C229F49A0489E
:2075C00000F00EFA93E10F2308229E499E4800F007FA8CE10F2308229C499B4800F000FAAA
:2075E00085E10D2308229A499A4800F0F9F97EE10D230D229849994800F0F2F977E10A2344
:2076000008229749934800F0EBF970E107F11C0300221A605A609A601A730023FB760023B5
:20762000BB7600237B76FBF73FFE034687F84B30FBF746FE034687F84A30F4F7EFFD0346FB
:207640001C4607F11B0297F84A1097F84B0007F11903019307F11A03009313462246FFF7E9
:207660002DFA7B7E002B0BD1FB7E1A46BB7E07F11C00009313467B4A0D2103F089FD0AE07B
:20768000FB7E1A46BB7E07F11C0000931346764A0D2103F07DFD07F11C010A230F2273484F
:2076A00000F09EF923E10A2308226D49694800F097F91CE10A230E2269496D4800F090F9C7
:2076C00015E10A2307226B496B4800F089F90EE10F230A2269496A4800F082F907E10C2352
:2076E0000D2268495D4800F07BF900E107230A225049654800F074F9F9E008230E226349E7
:20770000634800F06DF9F2E00823082261495F4800F066F9EBE00D230D224F494F4800F058
:207720005FF9E4E00E230D225B494C4800F058F9DDE008230A225949534800F051F9D6E013
:207740000C230A225649504800F04AF9CFE0554B1B78FA2B25D8534B1B78013B524A82FBDA
:2077600003121211DB179B1ADBB2053387F8533097F85330002B02D1012387F8533097F89E
:20778000533007F108000093484B494A0F2103F0FFFC07F108010F230A223B4800F020F9A4
:2077A000A5E00C230A224349374800F019F99EE00A230A224049344800F012F997E00C235F
:2077C0000A223C49304800F00BF990E0F7F75AFBF864FB6C002B00F08980372003F03AF876
:2077E0000346002B0AD0F86C03F021FD0346DBB20E22F96C314800F0F3F877E0362003F067
:2078000029F80346002B71D0F86C03F010FD0346DBB20C22F96C2A4800F0E2F866E000BF84
:20782000D0E90020CFE9002067666666A4E10200B0E10200B8E10200C0E10200CCE10200F7
:20784000D8E10200E4E10200F4E10200FCE102000CE202001CE2020024E2020034E20200E0
:2078600044E2020050E2020060E2020070E2020080E2020090E202009CE20200A4E2020034
:20788000B4E20200C0E20200CCE20200D8E20200E0E20200F0E20200F8E2020008E30200DF
:2078A00010E30200AFE900201F85EB511CE3020028E3020030E302003CE3020048E30200CA
:2078C00058E302000A230A220A490B4800F088F80DE00D230A220949074800F081F806E0C3
:2078E00000BF04E000BF02E000BF00E000BF6437BD4690BD64E3020070E302007CE30200FC
:2079000080B588B002AF03463960FB711346BB7100237B613B68002B50D0FBF73DFB034616
:20792000552B11D1142002F095FF0346002B0BD0FB79012B02D1264B7B611CE0FB79022B7F
:207940003ED1244B7B6116E0FBF726FB0346AA2B38D1132002F07EFF0346002B32D0FB7911
:20796000012B02D11C4B7B6104E0FB79022B2BD11A4B7B6100BF0023FB741AE0FB7C3A689F
:20798000134493F900301846FBF7E2FCF860FB68B3F1FF3F0AD0FB68D8B20E230193FB7C06
:2079A00000930E231C227969FBF73EFFFB7C0133FB74FA7CBB799A42E0D306E000BF04E0D8
:2079C00000BF02E000BF00E000BF1837BD4680BDDCD9020064DB0200ECDC020074DE020003
:2079E00080B588B000AFF860B96011461A460B46FB711346BB71FB79002B0AD0FB79013BD8
:207A0000FA68134493F90030002B02D1FB79013BFB71BB79002B0AD0BB79013BBA681344B5
:207A200093F90030002B02D1BB79013BBB71FB68002B6FD0FB790E2B0FD87B4B00221A701D
:207A4000794B00225A80784B00221A71FB791A46F9680120FFF754FF65E0734B1B78002B96
:207A600008D1714B01221A706F4B00225A806E4B00221A716C4B5B88952B0BD80E22F968DA
:207A80000120FFF73DFF684B5B8801339AB2664B5A8038E0644B5A88644BA3FB0213D90806
:207AA0000B469B000B4499000B44D31A9BB2002B13D15D4B1B7903F10E02FB799A4206DAEA
:207AC000594B1B790133DAB2574B1A7105E0564B00221A71544B00225A80534B1B791A4621
:207AE000FB681344FB61504B1B79FA79D31AFB76FB7E0E2B28BF0E23BB76BB7E1A46F9697A
:207B00000120FFF7FDFE484B5B8801339AB2464B5A8008E0444B00221A70434B00225A8045
:207B2000414B00221A71BB68002B6FD0BB790E2B0FD83F4B00221A703D4B00225A803C4BEA
:207B400000221A71BB791A46B9680220FFF7D8FE65E0374B1B78002B08D1354B01221A704A
:207B6000334B00225A80324B00221A71304B5B88952B0BD80E22B9680220FFF7C1FE2C4BC1
:207B80005B8801339AB22A4B5A8038E0284B5A88264BA3FB0213D9080B469B000B449900ED
:207BA0000B44D31A9BB2002B13D1214B1B7903F10E02BB799A4206DA1D4B1B790133DAB27D
:207BC0001B4B1A7105E01A4B00221A71184B00225A80174B1B791A46BB6813447B61144B53
:207BE0001B79BA79D31AFB74FB7C0E2B28BF0E23BB74BB7C1A4679690220FFF781FE0C4B04
:207C00005B8801339AB20A4B5A8008E0084B00221A70074B00225A80054B00221A7100BFE1
:207C20002037BD4680BD00BFB4E900201F85EB51BCE9002080B584B000AF0346FB7123207C
:207C400002F008FE034683F00103DBB2002B00F04282042001F0F4FF0346002B02D0AE4BB9
:207C600001221A70AC4B1B78002B27D0042001F0E7FF0346002B21D1A74B00221A70A74BBA
:207C800000221A70A64B00221A80182002F098FDA44B1B78002B02D1112002F091FD052076
:207CA00002F0D8FD0346002B08D0052002F0ACFD0020F5F7A7F90D20FFF79AF9182002F065
:207CC000C9FD0346002B71D0112002F0C3FD0346002B6BD00220FFF78BF90120FFF788F963
:207CE000914B00221A70F4F775FB0346FB73FB7B032B04D0FB7B042B01D0012300E00023D5
:207D0000BB73BB7B03F00103BB73FB79022B1AD1864B1B78022B0ED0022B10DC002B02D0C9
:207D2000012B04D00BE0814B01221A7038E07F4B02221A7034E07D4B00221A7030E07B4BF1
:207D400000221A702CE0794B1B787B73774B1B780133DAB2754B1A707B7B032B16D1734BFE
:207D60001B78042B12D1BB7B83F00103DBB2002B0CD02C2002F06EFD034683F00103DBB227
:207D8000002B0DD02B2002F01BFD09E0674B1B78042B05D9654B00221A702B2002F034FD81
:207DA000102002F00DFD182002F02EFD5C4B1B8801339AB25A4B1A80594B1B8840F2ED22B1
:207DC000934208D9564B00221A80544B01221A70112002F019FD2B2002F03CFD0346002B21
:207DE00003D01320FFF71EFA02E01320FFF700F9102002F02FFD0346002B00F06C814B4B36
:207E00001B78002B1AD1102002F0FEFC1D20FFF7EFF81120FFF7ECF81020FFF7E9F812203F
:207E2000FFF7E6F80F20FFF7E3F81420FFF7E0F81320FFF7DDF80E20FFF7DAF83B4B1B785F
:207E4000012B03D0394B1B78022B17D11D20FFF7E9F91120FFF7CCF81020FFF7C9F81220DE
:207E6000FFF7C6F80F20FFF7C3F81420FFF7C0F81320FFF7BDF80E20FFF7BAF82B4B1B78CF
:207E8000032B20D1052002F0E5FC034683F00103DBB2002B17D00E20FFF7C4F91D20FFF758
:207EA000A7F81120FFF7A4F81020FFF7A1F81220FFF79EF80F20FFF79BF81420FFF798F871
:207EC0001320FFF795F8194B1B78042B51D1F4F781FA0346032B4CD0282002F0BBFC034671
:207EE000002B25D01120FFF79DF90E20FFF780F81020FFF77DF81220FFF77AF80F20FFF7AF
:207F000077F81420FFF774F81320FFF771F81D20FFF76EF82DE000BFD1E900209CE90020E6
:207F2000A0E900209AE90020D2E90020ABE90020282002F08FFC034683F00103DBB2002B29
:207F400017D01020FFF76EF90E20FFF751F81120FFF74EF81220FFF74BF80F20FFF748F803
:207F60001420FFF745F81320FFF742F81D20FFF73FF8032001F064FE0346002B08D0584B68
:207F80001B780133DAB2564B1A70564B00221A80534B1B78952B57D9032002F035FC504B04
:207FA00000221A70102002F02FFC4F4B1B78012B02D10120F5F750F84B4B1B78022B02D11E
:207FC0000120F5F75FF8484B1B78032B0BD1F9F781FE0E20FFF70CF8052002F0F1FB012052
:207FE000F5F710F806E0404B1B78042B02D01D20FEF7FEFF3C4B1B78042B6CD11120FEF7AD
:20800000F7FF1020FEF7F4FF282002F023FC0346002B03D0282002F0F7FB0BE0282002F061
:2080200019FC034683F00103DBB2002B02D0282002F0C6FB292002F0C3FB2D2002F0C0FBF3
:20804000294B00221A7046E0254B1B78002B3FD0032002F0B5FB244B1B78032B06D10E20A3
:20806000FFF7E0F81D20FEF7C3FF34E01E4B1B78042B29D11D20FEF7BBFF282002F0EAFBFA
:208080000346002B08D0F4F7A5F90346032B03D01120FFF7C7F80BE0282002F0DBFB034697
:2080A00083F00103DBB2002B02D01020FFF7BAF8F4F790F90346032B0DD1032002F0A4FB6A
:2080C000074B00221A7006E01D20FFF7ABF802E0032002F099FB00BF1037BD4680BD00BF56
:2080E000D2E90020A0E90020ABE9002080B500AF102002F0AFFB034683F00103DBB2002B20
:2081000067D0052002F0A6FB034683F00103DBB2002B5ED0354B1B78032B5AD0032001F04B
:208120008FFD0346012B02D1314B01221A70304B1B78002B0ED0032001F082FD0346002B24
:2081400008D12B4B00221A702A4B1B780133DAB2284B1A70274B1B78002B05D0264B1B7856
:208160000133DAB2244B1A70224B1B78022B22D9232002F025FB1F4B1B78032B15D91F4B46
:208180001B78002B03D01D4B1B78022B06D10220FFF748F8194B02221A700CE0164B002276
:2081A0001A700120FFF73EF805E0134B00221A700120FFF737F8104B1B78FA2B13D9232071
:2081C00002F022FB0C4B00221A700A4B00221A7009E0084B00221A70232002F015FB064B0E
:2081E00000221A7000BF00BF80BD00BFABE90020D3E900209AE900209FE900209BE90020DA
:2082000080B500AF1020FEF7F3FE1120FEF7F0FE282002F01FFB0346002B06D01520FFF787
:2082200001F81620FEF7E4FE05E01620FEF7FAFF1520FEF7DDFE00BF80BD80B500AF152015
:20824000FEF7D6FE1620FEF7D3FE00BF80BDFFFF80B483B000AF0346FB71044AFB7913704F
:2082600000BF0C37BD465DF8047B7047ACE9002080B483B000AF0346FB71044AFB791370A9
:2082800000BF0C37BD465DF8047B7047ABE9002080B500AF102002F0B7FA032002F0B4FA20
:2082A0002B2002F0B1FA1A4B00221A70194B00221A70194B00221A80184B1B78032B03D09E
:2082C000164B1B78042B02D1144B00221A701D20FEF78EFE0E20FEF78BFE0D20FEF788FE8B
:2082E0001020FEF785FE1120FEF782FE1220FEF77FFE1320FEF77CFE1420FEF779FE152015
:20830000FEF776FE1620FEF773FE00BF80BD00BF9AE900209CE90020A0E90020ABE90020F8
:2083200080B400AF034B1B781846BD465DF8047B704700BF9BE9002080B400AF034B1B7866
:208340001846BD465DF8047B704700BF9CE9002080B500AF0B4B00221A700B4B00221A70E5
:208360000A4B00221A700A4B00221A70232002F04BFA0120FEF73CFE0220FEF739FE00BF24
:2083800080BD00BF9FE900209BE900209AE900209EE9002080B400AF074B1B78032B03D082
:2083A000054B1B78042B02D1034B00221A7000BFBD465DF8047B7047ABE9002080B500AFF9
:2083C000082002F021FA092002F01EFA0A2002F01BFA0B2002F018FA064B00221A70064B87
:2083E00000221A70054B00221A70054B00221A7000BF80BDA6E90020A7E90020A8E90020CD
:20840000A9E9002080B500AF06220021044802F0F3FE06220021034802F0EEFE00BF80BDE0
:20842000B4E90020BCE9002080B500AF022200210C4802F0E1FE022200210B4802F0DCFE08
:2084400002220021094802F0D7FE02220021084802F0D2FE02220021064802F0CDFE00BF59
:2084600080BD00BF90E9002092E9002094E9002096E9002098E9002080B400AF034B00229C
:208480001A7000BFBD465DF8047B7047A4E9002080B500AF5022FF21024802F0ADFE00BF3C
:2084A00080BD00BF40E9002080B500AF50220021024802F0A1FE00BF80BD00BF40E9002021
:2084C00080B500AF5023034A02210348FAF754F800BF80BD40E90020710A0020B0B586B0D2
:2084E00000AF264B3C1D1D460FCD0FC42B681A46228002341B0C23704023FB700120FAF78C
:208500005DF84FF47A710A20EAF7DAFF3B791846F9F7FCFF4FF47A710A20EAF7D1FF3B793A
:208520001846F9F7F3FF3B1D013303211846FAF70AF83B1D04330F211846FAF704F850227E
:2085400000210F4802F058FEF81C50230C4A0121FAF712F84FF47A710A20EAF7B1FFC8238D
:20856000FB70FB781846F9F7D1FF4FF47A710A20EAF7A6FF00BF1837BD46B0BDACE3020012
:2085800040E9002080B500AF6420FAF73FF8064B64221A70F3F768FE0346002B01D100F01B
:2085A0001EF800BF80BD00BF6F0A002080B500AF6420E9F7D3F90120FAF700F80A20E9F729
:2085C000CDF9C820F9F7A2FF0A20E9F7C7F9052002F01AF9082002F0F3F800BF80BD80B532
:2085E00000AF6420E9F7BAF9C020F9F78FFF0A20E9F7B4F90020F9F7E1FFF4F73BF9FFF79B
:2086000013FFFFF7FFFEFFF7D9FE00BF80BD80B582B000AF0346FB71FB790A2B06D8042313
:20862000042101221846FAF759FF6FE0FB790A2B0FD9FB79232B0CD80423042101221846F8
:20864000FAF74CFF0523042101221846FAF746FF5CE0FB79232B15D9FB79412B12D80423FD
:20866000042101221846FAF739FF0523042101221846FAF733FF0423002101221846FAF780
:208680002DFF43E0FB79412B1BD9FB795A2B18D80423042101221846FAF720FF05230421A4
:2086A00001221846FAF71AFF0423002101221846FAF714FF0523052101221846FAF70EFF95
:2086C00024E0FB795A2B21D9FB79642B1ED80423042101221846FAF701FF0523042101227C
:2086E0001846FAF7FBFE0423002101221846FAF7F5FE0523052101221846FAF7EFFE0423B1
:20870000012101221846FAF7E9FEFFE700BF0837BD4680BD80B483B000AF0346FB71FB797B
:20872000002B1CD1504B1B7903F07F03DAB24E4B1A714D4B1B7923F04003DAB24A4B1A719F
:20874000494B1B7923F00403DAB2474B1A71464B5B7923F04003DAB2434B5A717EE0FB79BC
:20876000012B1CD1404B1B7963F07F03DAB23E4B1A713D4B1B7923F04003DAB23A4B1A713E
:20878000394B1B7923F00403DAB2374B1A71364B5B7923F04003DAB2334B5A715EE0FB79DC
:2087A000022B1CD1304B1B7963F07F03DAB22E4B1A712D4B1B7943F04003DAB22A4B1A711D
:2087C000294B1B7923F00403DAB2274B1A71264B5B7923F04003DAB2234B5A713EE0FB79FC
:2087E000032B1CD1204B1B7963F07F03DAB21E4B1A711D4B1B7943F04003DAB21A4B1A711C
:20880000194B1B7943F00403DAB2174B1A71164B5B7923F04003DAB2134B5A711EE0FB79FB
:20882000032B1BD9104B1B7963F07F03DAB20E4B1A710D4B1B7943F04003DAB20A4B1A7114
:20884000094B1B7943F00403DAB2074B1A71064B5B7943F04003DAB2034B5A7100BF0C374B
:20886000BD465DF8047B704740E9002080B582B000AF1923BB710023FB713F4B1B780133C3
:20888000DAB23D4B1A703D4B1B78052B5FD801A252F823F0AD880200C9880200E5880200BF
:2088A000018902001D89020039890200FFF7F0FD314B1B78BA799A4250D82F4B00221A7071
:2088C0002E4B01221A7049E0FFF7EEFD2A4B1B78BA799A4244D8284B00221A70274B022280
:2088E0001A703DE0FFF7D4FD234B1B78BA799A4238D8214B00221A70204B03221A7031E0A7
:20890000FFF7D2FD1C4B1B78BA799A422CD81A4B00221A70194B04221A7025E0FFF7B8FDB0
:20892000154B1B78BA799A4220D8134B00221A70124B05221A7019E0FFF7B6FD0123FB71F3
:208940000E4B00221A700C4B00221A700FE00B4B00221A70084B00221A7008E000BF06E092
:2089600000BF04E000BF02E000BF00E000BFFB7918460837BD4680BDD4E90020D5E9002049
:2089800080B584B002AF082001F064FF0346002B2CD06B4B1B780133DAB2694B1A70072360
:2089A000032101221846FAF799FD4B23042101221846FAF793FD0723002101221846FAF739
:2089C0008DFD4B23062101221846FAF787FD5C4B1B78192B40F21282594B00221A700820C6
:2089E00001F012FF092001F0EBFE07E2092001F031FF0346002B00F0AD80514B1B7801334B
:208A0000DAB24F4B1A700723032101221846FAF765FD4B23042101221846FAF75FFD0723F9
:208A2000002101221846FAF759FD4B23062101221846FAF753FD424B1B78252B36D8404BED
:208A40001B781A4613469B0013445B003D4A82FB03121211DB17D31AFB71FB790A2B01D973
:208A60000A23FB710023BB711CE0BA79FB799A4234BF01230023DBB2BB70BB79324AD35CBE
:208A80001A46324B13F81200BB792F4AD35C2F4A5B0013445B78BA781946FAF71FFDBB7930
:208AA0000133BB71BB79092BDFD939E0244B1B78A3F1260213469B0013445B00244A82FBCE
:208AC00003121A445211DB17D31A7B717B790A2B01D90A237B7100233B711EE03A797B7965
:208AE000C3F10A039A42B4BF01230023DBB2FB703B79154AD35C1A46144B13F812003B7955
:208B0000114AD35C114A5B0013445B78FA781946FAF7E4FC3B7901333B713B79092BDDD917
:208B2000074B1B784A2B40F26981054B00221A70092001F069FE0A2001F042FE5EE100BFE9
:208B4000D6E90020F31ACA6BC0E3020024D30200A7C867DD0A2001F07DFE0346002B00F0A9
:208B60004D81A84B1B780133DAB2A64B1A700723032101221846FAF7B1FC4B230421012243
:208B80001846FAF7ABFC0723002101221846FAF7A5FC4B23062101221846FAF79FFC1223AA
:208BA0000193002300930523012297490420FAF73BFE11230193002300930A230122934948
:208BC0000620FAF731FE10230193002300930C2301228F490520FAF727FE4A2300210122BC
:208BE0001846FAF77BFC072301930323009307230C2288490B20FAF717FE072301930423F9
:208C0000009307230C2283490B20FAF70DFE072301930523009307230C227E490B20FAF7C2
:208C200003FE072301930623009307230C2279490B20FAF7F9FD07230193072300930723E8
:208C40000C2274490B20FAF7EFFD0523002101221846FAF743FC4B23052101221846FAF721
:208C60003DFC4523042101221846FAF737FC4C23002101221846FAF731FC4D2300210122A6
:208C80001846FAF72BFC4F23042101221846FAF725FC0923002101221846FAF71FFC072330
:208CA00001930823009307230C225A490B20FAF7BBFD072301930923009307230C22554920
:208CC0000B20FAF7B1FD0723042101221846FAF705FC4623072101221846FAF7FFFB0723E1
:208CE00001930A23009307230C224A490B20FAF79BFD072301930B23009307230C2245491C
:208D00000B20FAF791FD0723022101221846FAF7E5FB4123042101221846FAF7DFFB002312
:208D2000032101221846FAF7D9FB0523002101221846FAF7D3FB07230193002300930723A2
:208D40000C2234490B20FAF76FFD0123032101221846FAF7C3FB07230193012300930723C9
:208D60000C222C490B20FAF75FFD072301930223009307230C2227490B20FAF755FD032306
:208D8000072101221846FAF7A9FB4B23032101221846FAF7A3FB0C23002101221846FAF731
:208DA0009DFB184B1B780B2B07D9164B1B78182B17D9144B1B78242B13D80F2301930023D3
:208DC00000930B23022214490A20FAF72DFD0F230193012300930B2302220F490A20FAF7CA
:208DE00023FD084B1B78312B08D9064B00221A700A2001F009FD0B2001F0E2FC00BF08371A
:208E0000BD4680BDD6E90020FCDF020008E002001CE00200E0D702006CD9020080B586B003
:208E200000AF786039600023FB7507F10C0300221A605A601A819F233B7200237B720023E5
:208E4000BB720023FB7200214FF4867000F0E0FE07F10C0107F108030422184601F040FA76
:208E60000346FB7501214FF4867000F0D1FE7B7B1A04BB7B1B021343FA7B13431A46464BA6
:208E80001A60454B1B689BB248F21702934244D048F21702934271D844F21A0293421FD82D
:208EA00044F21102934269D3A3F58043113B092B64D801A252F823F06F8F0200618F02004F
:208EC000538F0200458F0200378F0200298F02001B8F02000B8F0200FB8E0200EB8E020008
:208EE00047F21802934210D048E07B680A221A703B684FF480621A6049E07B6809221A70A6
:208F00003B684FF400721A6041E07B6808221A703B684FF480721A6039E07B6807221A70C6
:208F20003B6880221A6032E07B6806221A703B6840221A602BE07B6805221A703B682022C8
:208F40001A6024E07B6804221A703B6810221A601DE07B6803221A703B6808221A6016E0E5
:208F60007B6802221A703B6804221A600FE07B6801221A703B6802221A6008E07B68002270
:208F80001A703B6800221A600123FB7500BFFB7D18461837BD4680BDD8E9002080B588B002
:208FA00000AF786007F1180300221A601A7107F1080300221A605A609A609A814B233B7663
:208FC00000214FF4867000F023FE07F1080107F118030D22184601F083F90346FB7701213B
:208FE0004FF4867000F014FEFB7F002B07D107F10803053308221946786800F06DFFFB7F3F
:2090000018462037BD4680BD80B584B000AF03463960FB710123FB730023BB81FB79012B64
:2090200002D10523FB720DE0FB79022B02D13523FB7207E0FB79032B02D11523FB7201E0C0
:20904000FB7B1AE000214FF4867000F0E1FD07F10C0107F10B030222184601F041F9034677
:20906000FB7301214FF4867000F0D2FDFB7B002B02D17A7B3B681A70FB7B18461037BD46B4
:2090800080BD80B582B000AF0023FB7106233B7100214FF4867000F0BBFD3B1D012118463F
:2090A00001F0C2F80346FB7101214FF4867000F0AFFDFB7918460837BD4680BD80B582B0A1
:2090C00000AF0023FB710423BB7100214FF4867000F09EFDBB1D0121184601F0A5F80346EB
:2090E000FB7101214FF4867000F092FDFB7918460837BD4680BD80B584B000AF03463960DF
:20910000FB711346BB710023FB7307F1080300221A601A710123BB73BB79002B09D03B6876
:209120001A0EBB7B591CB973D2B210333B4403F8082C3B681A0CBB7B591CB973D2B2103354
:209140003B4403F8082C3B681A0ABB7B591CB973D2B210333B4403F8082CBB7B5A1CBA7375
:209160003A68D2B210333B4403F8082C00214FF4867000F04DFDFB79032B1DD0032B27DC84
:20918000012B02D0022B0BD022E0C7233B7207F108030121184601F047F80346FB731BE0CB
:2091A000D8233B72BA7B07F108031146184601F03BF80346FB730FE020233B72BA7B07F133
:2091C00008031146184601F02FF80346FB7303E0FB7B0133FB7300BF01214FF4867000F0FB
:2091E00017FDFB7B18461037BD4680BD80B584B000AF78600123FB730023BB810523FB728A
:2092000023E000214FF4867000F002FD07F10C0107F10B030222184601F062F80346BB73B3
:2092200001214FF4867000F0F3FCBB7B002B02D17B7BFB7301E0BB7B13E04FF47A71012003
:20924000EAF73EF97B68013B7B60FB7B03F00103002B02D07B68002BD3D1FB7B03F0010373
:20926000DBB218461037BD4680BD80B584B000AF786039600023FB7300214FF4867000F018
:20928000C7FC3968786800F0CFFF0346FB7301214FF4867000F0BCFCFB7B18461037BD46F4
:2092A00080BD80B586B000AFF860B9607A603B600023BB750023FB7500214FF4867000F041
:2092C000A7FCB968F86800F0AFFF0346BB7501213868EAF7F5F8BB7D002B05D13968786809
:2092E00000F0D0FF0346FB7501214FF4867000F08FFCFB7D18461837BD4680BD80B584B052
:2093000000AF786039600023FB733868FFF76EFFFFF7B7FE39687868FFF7A7FF0346FB731A
:209320003868FFF763FFFFF7C9FEFB7B18461037BD4680BD80B584B000AF396011461A46B5
:209340000346FB710B46BB711346BB800023FB73FFF797FE03461A46FB7B1344FB73BB8804
:209360001846FFF743FF03461A46FB7B1344FB73BA79FB7939681846FFF7BDFE03461A4673
:20938000FB7B1344FB73BB881846FFF72FFF03461A46FB7B1344FB73FB7B18461037BD46CB
:2093A00080BDFFFF80B584B002AF0023FB712E4B019303230093002380222C492C48E8F776
:2093C0007BF92C4B019303230093002380222A492A48E8F771F92A4B01930123009300237F
:2093E0004FF4C07227492848E8F766F9274B01930223009300234FF4007225492548E8F78A
:209400005BF9254B01930423009300234FF4007222492348E8F750F9134B1B68002B02D185
:20942000FB790133FB71134B1B68002B02D1FB790133FB71124B1B68002B02D1FB7901339F
:20944000FB71124B1B68002B02D1FB790133FB71114B1B68002B02D1FB790133FB71FB7949
:2094600018460837BD4680BD80C0002054E50200E9D1010098C4002064E5020099EE01006A
:2094800014C8002078E5020055100200ACC0002088E50200E1E0010024BB00209CE50200CB
:2094A000A5AE010080B582B000AF0023FB71002201211420E7F7EEF903462C4A53600022E2
:2094C00001210A20E7F7E6F90346294A536000224FF430711420E7F7DDF90346254A5360BB
:2094E000002201211420E7F7D5F90346224A5360002214213220E7F7CDF903461F4A53602E
:209500000420E7F753FA03461C4A9360174B5B68002B02D1FB790133FB71154B5B68002BD5
:2095200002D1FB790133FB71134B5B68002B02D1FB790133FB710F4B5B68002B02D1FB7982
:209540000133FB710D4B5B68002B02D1FB790133FB710A4B9B68002B02D1FB790133FB71D4
:20956000FB7918460837BD4680BD00BF14C8002098C40020ACC0002080C0002024BB002078
:2095800080B582B002AF0A4B0093002301220A210848E9F79DFA0346074A9360064B9B68B2
:2095A000002B01D1012300E000231846BD4680BD41100200ACE5020014C8002080B582B0A0
:2095C00000AF0023FB71FFF76DFF0346002B02D0FB790133FB71FFF7D3FF0346002B02D083
:2095E000FB790133FB71FFF7DDFE0346002B02D0FB790133FB71FB7918460837BD4680BDDB
:2096000080B588B000AF786001233B723248EAF7FDFAF861FB69002B01D0FB6957E00023BC
:20962000FB7614E007F1080319462B48EAF711FBF861FB69002B04D02748EAF7F9FAFB69A0
:2096400045E03B7A002B06D0FB7E0133FB76FB7E052BE7D900E000BF3B7A002B31D107F12F
:209660000C031A460B211C48EAF70AFB07F10C0302331A460C211848EAF702FB07F10C03F7
:2096800004331A460D211448EAF7FAFA00237B6113E07B695B0020333B4433F8143CB3F5AE
:2096A000006F8CBF01230023D9B27B697A6813440A461A707B6901337B617B69022BE8DD5D
:2096C00001E01423FB610448EAF7B2FAFB6918462037BD4680BD00BF78B200202DE9F04392
:2096E00085B002AF0023FB7162B600BF01F008F8F1F714FB0346002B04D1012140F2071082
:2097000000F086FA00F0FCFF012000F04FFEF8F78AFF03461A46FB791344FB718022002175
:209720003E4801F069FDF9F7ADFCF6F707FC0120F9F74EFB03461D460220F9F749FB03461E
:209740001E460320F9F744FB034698460420F9F73FFB034699460520F9F73AFB03461C46C1
:209760000620F9F735FB0346019300944B46424631462846F9F7F2FCF9F7ACFBF9F7D4FB00
:209780002748FFF73DFF0346002B03D1222001F017F802E0222001F037F8224B002B25D0CD
:2097A000214B002B22D0F9F7F7FB0346AA2B0CD1132001F04FF80346002B06D0194B042204
:2097C00019461A4801F026FD10E0F9F7E5FB0346552B0BD1142001F03DF80346002B05D0AC
:2097E000114B04221946114801F014FDF9F712FC0346A52B0DD1F5F7DFFD412000F0E0FF40
:209800003F2001F001F8402000F0FEFF432000F0D7FF00BF0C37BD46BDE8F08398E80020CC
:20982000E8E9002048E502003CE50200DCE9002080B586B000AF43F608033B6000237B6009
:209840000023BB600023FB6000233B820023BB740023FB740A490B48EAF762F90346FB75ED
:20986000FB7D002B06D13B4619460648EAF7B6F90346FB75FB7D18461837BD4680BD00BFD3
:2098800034D0020078B2002080B586B000AF01233B712A48EAF7BAF938613B69002B01D04F
:2098A000274B43E00023FB750EE03B1D19462348EAF7CFF938613B69002B02D13B79002BAD
:2098C00006D0FB7D0133FB75FB7D052BEDD900E000BF3B79002B04D01848EAF7A9F9184B90
:2098E00024E0BB1D1A4603211448EAF7C9F91348EAF79EF9FB8807EE903AF8EEE77A9FED21
:20990000117A27EE877ADFED106AC7EE267AC7ED037AD7ED037A9FED0D7A37EEC77AF2EE40
:20992000046AC7EE267AC7ED027ABB6807EE903AB0EE670A1837BD4680BD00BF78B20020AB
:2099400000C079C400803B4500F07F450000FA4380B582B000AF16491648EBF737F90346EB
:20996000FB71FB79002B01D0FB791CE0002200211048EBF74FF90346FB71FB79002B01D0B1
:20998000FB7910E00C490D48EAF7DCFC0346FB71FB79002B03D10A4B01221A7002E0084BA1
:2099A00000221A70FB7918460837BD4680BD00BF80CD0200C0B0002010D0020050B2002008
:2099C000ECE9002080B584B000AF786039600023FB73074B00229A703A6879680548EAF749
:2099E000FBFD0346FB73FB7B18461037BD4680BDECE9002050B2002080B483B000AF786058
:209A00007B68002B06D0064B1B78002B02D0044A7B68936000BF0C37BD465DF8047B7047CD
:209A2000ECE9002080B483B000AF0346FB71FB79002B14BF01230023DAB2044B5A7000BF49
:209A40000C37BD465DF8047B704700BFECE9002080B588B000AF786007F10C0300221A60EA
:209A60005A609A60DA601A617B689B88B3F5804F59D0B3F5804F5BDCB3F5005F53D0B3F557
:209A8000005F55DCB3F5805F4DD0B3F5805F4FDCB3F5006F29D0B3F5006F49DCB3F5806FFD
:209AA00027D0B3F5806F43DCB3F5007F3BD0B3F5007F3DDCB3F5807F35D0B3F5807F37DC21
:209AC000202B0FDC022B33DB023B1C4A22FA03F303F00103002B14BF01230023DBB2002B6C
:209AE00021D125E0802B1ED022E0154B01229A701FE0134B01225A707B6803F1140107F119
:209B00000C031422184601F085FB0D4B9B6807F10C02104698477B681433142200211846BC
:209B200001F06AFB05E07B689A88054B9A8000E000BF00BF2037BD4680BD00BF4540004002
:209B4000ECE9002080B400AF1EF0040F0CBFEFF30880EFF3098000F005B800BFBD465DF8A8
:209B6000047B704780B483B000AF78601C4B1D4A1A607B681B681A4A53617B685B68184AF3
:209B800093617B689B68164AD3617B68DB68144A13627B681B69124A53627B685B69104AE5
:209BA00093607B689B690E4A53607B68DB690C4A13616B460A4AD3600B4BDB6A084A9362B5
:209BC000094B9B6A064AD362074B5B6B044A1363054B9B6B024A536300BE00BFFDE700BF53
:209BE000F00A0020EFBEADDE00ED00E080B582B000AF05490548EDF701F978607B68DBB26F
:209C000018460837BD4680BDA4D10200D0B0002080B584B000AF03460A46FB8013467B71DF
:209C20007A79FB8819460548EDF710F9F860FB68DBB218461037BD4680BD00BFD0B0002089
:209C400080B584B000AF0346FB71FA79114913465B0013440B441B781BB21B0219B2FA7955
:209C60000C4813465B001344034401331B781BB20B431BB29BB2FB81FB899BB2064A194646
:209C80000648EDF7CFF8044B1B7818461037BD4680BD00BF70D20200F8E90020D0B0002060
:209CA00080B582B000AF0023FB71084B9B681B68064A126805494968104698470346FB7173
:209CC000FB7918460837BD4680BD00BF28CF020090B587B000AF786039600023FB7572B624
:209CE00000BF154B9B689B68134A10683A687968984738613B69002B02D0FB7D0133FB75B2
:209D00000D4B9B68DC680C4B186807F10F033A687968A04738613B69002B02D1FB7B002B7D
:209D200002D0FB7D0133FB7562B600BFFB7D18461C37BD4690BD00BF28CF020090B589B0AF
:209D400000AFF860B9607A600023FB6100237B837B68DB097A6802F07F02002A01D001222F
:209D600000E0002213447B6000237B76FB68B3F5002F03D905237B767B7E3DE072B600BF6F
:209D80000023FB6131E0FB681D4A934224D81D4B9B685C681B4B18687B8BBA6813441946A5
:209DA0008023FA68A04778617B69002B02D07B7E01337B767B7E002B08D1FB688033FB6071
:209DC0007B8B80337B8300237B760BE005237B7662B600BF7B7E0FE005237B7662B600BF05
:209DE0007B7E09E0FB690133FB61FA697B689A42C9D362B600BF7B7E18462437BD4690BDF6
:209E000080FF070028CF020080B584B000AF786039600123FB730023BB603A687B68D31AF8
:209E2000DB09BB60B9687868FFF752FF0346002B02D10023FB7301E00223FB73FB7B1846BB
:209E40001037BD4680BDFFFF80B487B000AFF860B9607A6000237B610023FB74FB68403BA9
:209E6000FB607B68DB097A6802F07F02002A01D0012200E0002213447B60FB68B3F5002FDF
:209E800003D90523FB74FB7C1DE000237B6115E0FB68104A93420AD8FA687B699B00B96871
:209EA0000B4412681A60FB680433FB6003E00523FB74FB7C07E07B6901337B617A697B68D8
:209EC0009A42E5D3FB7C18461C37BD465DF8047B704700BF80FF070080B487B000AFF86081
:209EE000B9607A6000237B610AE0BA687B691A44F9687B690B4412781A707B6901337B6186
:209F00007A697B689A42F0D300BF00BF1C37BD465DF8047B704780B487B000AFF860B960F2
:209F20007A6000237B610EE0FA687B6913441A78B9687B690B441B789A4201D0012307E08C
:209F40007B6901337B617A697B689A42ECD3002318461C37BD465DF8047B704780B582B0E3
:209F600000AF0023FB710B490B48ECF71DFA0346DAB2FB791344FB710748ECF749FA034638
:209F8000DAB2FB791344FB71FB7918460837BD4680BD00BFE0CE020038B1002080B588B0C8
:209FA00000AF0346FB710023FB770023BB6100237B6100233B720023FB6000233B61FB79E9
:209FC000002B05D12048ECF711FA0346FB7736E007F1080319461C48ECF7CDFA0346FB772E
:209FE0003B697B61FB797A6902FB03F3174AA2FB03235B09BB611448ECF7F8F90346FB7708
:20A000001148ECF717FA0346FB7711490E48ECF7CBF90346FB770022B9690B48ECF71CFA96
:20A020000346FB77084B9B68BA69DA64064B9B68BA695A650448ECF7EBF90346FB77FB7F30
:20A0400018462037BD4680BD38B100201F85EB51E0CE020080B58AB000AF17491748EDF7B1
:20A06000A1FB78627B6A002B01D0012320E03B4624220021184601F0BFF81B237B60122329
:20A08000BB600123FB6001233B617D237B610323BB613B4619460948EDF7B0FB78627B6A29
:20A0A000002B01D0012303E0054B01221A70002318462837BD4680BD94CD0200D8B0002075
:20A0C000F9E9002080B584B000AF78600D4B1B7883F00103DBB2002B02D17B68002B01D1C1
:20A0E00001230AE079680848EDF788FBF860FB68002B01D1002300E0022318461037BD4632
:20A1000080BD00BFF9E90020D8B0002080B584B000AF78600D4B1B7883F00103DBB2002B8F
:20A1200002D17B68002B01D101230AE079680848EDF7CEFBF860FB68002B01D1002300E0C5
:20A14000022318461037BD4680BD00BFF9E90020D8B0002080B582B000AF0023FB71054999
:20A160000548EDF735FF0346FB71FB7918460837BD4680BDCCCF020024B2002080B584B078
:20A1800000AF786039600023BB73114B00221A700A23FB7307233A6879680E48EDF774FF51
:20A1A0000346BB7307E04FF47A710120E9F788F9FB7B013BFB73064B1B78DBB2002B02D102
:20A1C000FB7B002BEFD1BB7B18461037BD4680BDFAE9002024B2002080B483B000AF78601C
:20A1E0007B681B79012B02D1044B01221A7000BF0C37BD465DF8047B704700BFFAE900209B
:20A2000080B582B000AF0023FB7105490548EFF775F80346FB71FB7918460837BD4680BDA5
:20A2200074CF0200E4B1002080B584B000AF786039600023BB73114B00221A700A23FB73A7
:20A2400007233A6879680E48EFF7A8F80346BB7307E04FF47A710120E9F732F9FB7B013B0B
:20A26000FB73064B1B78DBB2002B02D1FB7B002BEFD1BB7B18461037BD4680BDFBE9002081
:20A28000E4B1002080B584B000AF786039600023BB73114B00221A703223FB7307233A6898
:20A2A00079680E48EFF766F80346BB7307E04FF47A710120E9F704F9FB7B013BFB73064B28
:20A2C0001B78DBB2002B02D1FB7B002BEFD1BB7B18461037BD4680BDFBE90020E4B100202B
:20A2E00080B588B002AFF860B9607A600023BB753223FB75072300937B68BA68F9680D4865
:20A30000EFF760F80346BB7507E04FF47A710120E9F7D6F8FB7D013BFB75074B1B78DBB20C
:20A32000002B02D1FB7D002BEFD1BB7D18461837BD4680BDE4B10020FBE9002080B483B077
:20A3400000AF78607B681B79012B02D1044B01221A7000BF0C37BD465DF8047B704700BFB5
:20A36000FBE9002080B582B000AF0023FB710B490B48ECF719F80346DAB2FB791344FB718D
:20A3800008490948ECF710F80346DAB2FB791344FB71FB7918460837BD4680BD84CE02007F
:20A3A00018B10020F0CD0200F0B0002080B584B000AF0346FB710023FB73FB79012B0AD15C
:20A3C0000C48ECF725F80346FB730B48ECF720F80346FB7309E00748ECF708F80346FB739B
:20A3E0000548ECF703F80346FB73FB7B18461037BD4680BD18B10020F0B0002080B483B010
:20A4000000AF786039607B68002B08D03B68002B05D0064A7B681360054A3B68136000BFC9
:20A420000C37BD465DF8047B704700BFFCE9002000EA002080B582B000AF7860054B1B68BC
:20A440009847054B1B680133034A136000BF0837BD4680BDFCE9002004EA002080B582B09E
:20A4600000AF7860054B1B689847054B1B680133034A136000BF0837BD4680BD00EA002094
:20A4800008EA002080B584B000AF0346FB710023FB73FB79002B02D0012B1DD023E0144962
:20A4A0001448EEF72BFA0346FB73134B0122A3F8C022114BB3F8C0321A461049002000F0BF
:20A4C00089F8FB7B002B03D10B4B01221A700AE0094B00221A7006E005490648EEF70EFA2A
:20A4E0000346FB7300BFFB7B18461037BD4680BD48CF0200B4B100200CEA00200FEA0020BE
:20A5000080B586B000AF0346B9607A60FB730023FB750023BB82FB7B002B02D0012B19D0FC
:20A5200033E000237B8210E07B8ABA681344012219461A48EEF7E7FA0346FB7501210F20C6
:20A54000E8F7BEFF7B8A01337B827B8A7A689A42EAD81AE07A68B9681048EEF7D4FA034653
:20A56000FB7507E0BB8A0533BB824FF47A710F20E8F7A6FF0A4B9B7883F00103DBB2002B52
:20A5800002D0BB8A182BEDD900BF054B00229A70FB7D18461837BD4680BD00BFB4B10020B7
:20A5A0000CEA002080B483B000AF78607B68002B07D0074B1B78002B03D0054A7B68C2F8E3
:20A5C000C43200BF0C37BD465DF8047B704700BF0CEA002080B586B000AF0346B9607A60CA
:20A5E000FB730023FB75FB7B002B02D0012B0DD019E07A68B9681048EEF76EFA0346FB7584
:20A600007B689AB20D4BA3F8C0220CE07A68B9680948EEF761FA0346FB757B689AB2074B7C
:20A62000A3F8C02200BF054B00225A70FB7D18461837BD4680BD00BFB4B100200CEA0020E3
:20A6400080B400AF044B0122A3F8C02200BFBD465DF8047B704700BF0CEA002080B582B09F
:20A6600000AF78607B681B79042B20D0042B15DC012B02D0022B0DD010E00F4B01225A705E
:20A680000D4BD3F8C4320C4AB2F8C02211460B4898470DE0084B01229A7009E0064BB3F8E4
:20A6A000C0321A4605490020FFF794FF00E000BF00BF0837BD4680BD0CEA00200FEA002045
:20A6C00080B582B000AF0023FB710A4A136923F00203136108490948EFF7D0FB0346002BB2
:20A6E00002D0FB790133FB71FB7918460837BD4680BD00BF00B0014000CF020058B1002079
:20A7000080B582B000AF0023FB710748EFF704FC0346002B02D0FB790133FB71FB79184633
:20A720000837BD4680BD00BF58B1002080B582B000AF0423FB71204B93F81034C3F3000316
:20A74000DBB2002B06D01C4B002283F810240123FB712BE0184BB3F8C030C3F34003DBB214
:20A76000002B12D0144B0022A3F8C0200023BB71BB1D19461148EFF7E3FBBB7919460F4843
:20A78000EFF7EAFB0323FB7110E00B4BB3F8C030C3F38003DBB2002B06D0074B0022A3F8A5
:20A7A000C0200223FB7101E00423FB71FB7918460837BD4680BD00BF00E0014058B100205A
:20A7C00080B485B000AF0346FB71FB79432B12D8FB795B09FB73FB7903F01F03BB73FB7B6D
:20A7E000084A52F82310BB7B01229A40FB7B0A43044941F8232000BF1437BD465DF8047BEA
:20A80000704700BFD4EC002080B485B000AF0346FB71FB79432B14D8FB795B09FB73FB798D
:20A8200003F01F03BB73FB7B094A52F82310BB7B012202FA03F3DA43FB7B0A40044941F8E1
:20A84000232000BF1437BD465DF8047B704700BFD4EC002080B485B000AF0346FB71FB793D
:20A86000432B15D8FB795B09FB73FB7903F01F03BB73FB7B0A4A52F82320BB7B22FA03F3E1
:20A8800003F00103002B14BF01230023DBB200E0002318461437BD465DF8047B704700BFF6
:20A8A000D4EC002080B500AFF7F72EFA00BF80BD80B582B000AF0346FB71FB79022B03D182
:20A8C00003490448ECF79AFA00BF0837BD4680BDA4D10200D0B0002081F0004102E000BFC1
:20A8E00083F0004330B54FEA41044FEA430594EA050F08BF90EA020F1FBF54EA000C55EA73
:20A90000020C7FEA645C7FEA655C00F0E2804FEA5454D4EB5555B8BF6D420CDD2C4480EA51
:20A92000020281EA030382EA000083EA010180EA020281EA0303362D88BF30BD11F0004F01
:20A940004FEA01314FF4801C4CEA113102D0404261EB410113F0004F4FEA03334CEA133316
:20A9600002D0524263EB430394EA050F00F0A780A4F10104D5F1200E0DDB02FA0EFC22FA9C
:20A9800005F2801841F1000103FA0EF2801843FA05F359410EE0A5F120050EF1200E012A90
:20A9A00003FA0EFC28BF4CF0020C43FA05F3C01851EBE37101F0004507D54FF0000EDCF196
:20A9C000000C7EEB00006EEB0101B1F5801F1BD3B1F5001F0CD349085FEA30004FEA3C0C85
:20A9E00004F101044FEA445212F5800F80F09A80BCF1004F08BF5FEA500C50F1000041EB99
:20AA0000045141EA050130BD5FEA4C0C404141EB0101013C28BFB1F5801FE9D291F0000FBF
:20AA200004BF01460020B1FA81F308BF2033A3F10B03B3F120020CDA0C3208DD02F1140C2F
:20AA4000C2F10C0201FA0CF021FA02F10CE002F11402D8BFC2F1200C01FA02F120FA0CFCB5
:20AA6000DCBF41EA0C019040E41AA2BF01EB0451294330BD6FEA04041F3C1CDA0C340EDC5E
:20AA800004F11404C4F1200220FA04F001FA02F340EA030021FA04F345EA030130BDC4F1C0
:20AAA0000C04C4F1200220FA02F001FA04F340EA0300294630BD21FA04F0294630BD94F039
:20AAC000000F83F4801306BF81F480110134013D4EE77FEA645C18BF7FEA655C29D094EA49
:20AAE000050F08BF90EA020F05D054EA000C04BF1946104630BD91EA030F1EBF00210020C1
:20AB000030BD5FEA545C05D14000494128BF41F0004130BD14F580043CBF01F5801130BD6D
:20AB200001F0004545F0FE4141F470014FF0000030BD7FEA645C1ABF194610467FEA655CB8
:20AB40001CBF0B46024650EA013406BF52EA033591EA030F41F4002130BD00BF90F0000FBB
:20AB600004BF0021704730B54FF4806404F132044FF000054FF0000150E700BF90F0000FFA
:20AB800004BF0021704730B54FF4806404F1320410F0004548BF40424FF000013EE700BFF1
:20ABA00042004FEAE2014FEA31014FEA02701FBF12F07F4393F07F4F81F06051704732F033
:20ABC0007F4208BF704793F07F4F04BF41F40021704730B54FF4607401F0004521F0004191
:20ABE0001CE700BF50EA010208BF704730B54FF000050AE050EA010208BF704730B511F024
:20AC0000004502D5404261EB41014FF4806404F132045FEA915C3FF4D8AE4FF003025FEA3A
:20AC2000DC0C18BF03325FEADC0C18BF033202EBDC02C2F1200300FA03FC20FA02F001FA42
:20AC400003FE40EA0E0021FA02F11444BDE600BF70B54FF0FF0C4CF4E06C1CEA11541DBFB1
:20AC60001CEA135594EA0C0F95EA0C0F00F0DEF82C4481EA030621EA4C5123EA4C5350EAFB
:20AC8000013518BF52EA033541F4801143F4801338D0A0FB02CE4FF00005E1FB02E506F033
:20ACA0000042E0FB03E54FF00006E1FB03569CF0000F18BF4EF0010EA4F1FF04B6F5007F94
:20ACC00064F5407404D25FEA4E0E6D4146EB060642EAC62141EA55514FEAC52040EA5E5027
:20ACE0004FEACE2EB4F1FD0C88BFBCF5E06F1ED8BEF1004F08BF5FEA500E50F1000041EB5B
:20AD0000045170BD06F0004646EA010140EA020081EA0301B4EB5C04C2BFD4EB0C0541EA2D
:20AD2000045170BD41F480114FF0000E013C00F3AB8014F1360FDEBF002001F0004170BDBD
:20AD4000C4F10004203C35DA0C341BDC04F11404C4F1200500FA05F320FA04F001FA05F2BF
:20AD600040EA020001F0004221F0004110EBD37021FA04F642EB06015EEA430E08BF20EA31
:20AD8000D37070BDC4F10C04C4F1200500FA04F320FA05F001FA04F240EA020001F0004155
:20ADA00010EBD37041F100015EEA430E08BF20EAD37070BDC4F1200500FA05F24EEA020E35
:20ADC00020FA04F301FA05F243EA020321FA04F001F0004121FA04F220EA020000EBD370B2
:20ADE0005EEA430E08BF20EAD37070BD94F0000F0FD101F00046400041EB010111F4801FBD
:20AE000008BF013CF7D041EA060195F0000F18BF704703F00046520043EB030313F4801FAE
:20AE200008BF013DF7D043EA0603704794EA0C0F0CEA135518BF95EA0C0F0CD050EA410694
:20AE400018BF52EA4306D1D181EA030101F000414FF0000070BD50EA410606BF10461946EC
:20AE600052EA430619D094EA0C0F02D150EA013613D195EA0C0F05D152EA03361CBF10468D
:20AE800019460AD181EA030101F0004141F0FE4141F470014FF0000070BD41F0FE4141F4B0
:20AEA000780170BD70B54FF0FF0C4CF4E06C1CEA11541DBF1CEA135594EA0C0F95EA0C0F09
:20AEC00000F0A7F8A4EB050481EA030E52EA03354FEA013100F088804FEA03334FF0805575
:20AEE00045EA131343EA12634FEA022245EA111545EA10654FEA00260EF000419D4208BFC1
:20AF0000964244F1FD0404F5407402D25B084FEA3202B61A65EB03055B084FEA32024FF497
:20AF200080104FF4002CB6EB020E75EB030E22BFB61A754640EA0C005B084FEA3202B6EBDD
:20AF4000020E75EB030E22BFB61A754640EA5C005B084FEA3202B6EB020E75EB030E22BFAB
:20AF6000B61A754640EA9C005B084FEA3202B6EB020E75EB030E22BFB61A754640EADC001C
:20AF800055EA060E18D04FEA051545EA16754FEA06164FEAC30343EA52734FEAC2025FEADD
:20AFA0001C1CC0D111F4801F0BD141EA00014FF000004FF0004CB6E711F4801F04BF01430A
:20AFC0000020B4F1FD0C88BFBCF5E06F3FF6AFAEB5EB030C04BFB6EB020C5FEA500C50F1C3
:20AFE000000041EB045170BD0EF0004E4EEA113114EB5C04C2BFD4EB0C0541EA045170BD80
:20B0000041F480114FF0000E013C90E645EA060E8DE60CEA135594EA0C0F08BF95EA0C0F5C
:20B020003FF43BAF94EA0C0F0AD150EA01347FF434AF95EA0C0F7FF425AF104619462CE711
:20B0400095EA0C0F06D152EA03353FF4FDAE1046194622E750EA410618BF52EA43067FF41F
:20B06000C5AE50EA41047FF40DAF52EA43057FF4EBAE12E74FEA4102B2F1E04324BFB3F559
:20B08000001CDCF1FE5C0DD901F0004C4FEAC0024CEA5070B2F1004F40EB830008BF20F0E2
:20B0A0000100704711F0804F21D113F13872BCBF01F00040704741F480114FEA5252C2F1AF
:20B0C0001802C2F1200C10FA0CF320FA02F018BF40F001004FEAC1234FEAD32303FA0CFC09
:20B0E00040EA0C0023FA02F34FEA4303CCE77FEA625307D150EA01331EBF4FF0FE4040F4E4
:20B100004000704701F0004040F0FE4040F40000704700BFD0B500220B4B06460F46FFF75B
:20B1200097FD00F015F80446FFF718FD0022074BFFF78EFD02460B4630463946FFF7D0FBE5
:20B1400000F006F82146D0BD0000F03D0000F0414A0011D212F5001211D20DD56FF4787356
:20B16000B3EB62520ED44FEAC12343F0004343EA505323FA02F070474FF00000704750EA42
:20B18000013002D14FF0FF3070474FF0000070470CB4184B30B50C1E9DB01D6808DA8B23FC
:20B1A0004FF0FF302B601DB0BDE8304002B070474FF402730290069002A9ADF8143014BF04
:20B1C00004F1FF332346209A2846049307934FF6FF73ADF8163021AB019300F08BF8431CB2
:20B1E000BCBF8B232B60002CDDD0029B00221A70D9E700BF780A002002440346934200D123
:20B20000704703F8011BF9E7014B1868704700BF780A00200A44431E914200D1704710B5CD
:20B2200011F8014B914203F8014FF9D110BD034613F8012B002AFBD1181A013870472DE956
:20B24000F0471F468E6882460C46BE4290460B682DD8B1F90C2012F4906F26D065690969E3
:20B2600005EB4505A3EB01097B1C05EBD5754B446D109D4238BF1D46530527D5294600F033
:20B2800059FB064660B34A462169FFF7C3FFA38923F4906343F08003A38126614E4465613A
:20B2A000A5EB090526603E46A560BE4200D93E4632464146206800F0A9FAA36800209B1B89
:20B2C000A360236833442360BDE8F0872A4600F0BDFB06460028E0D12169504600F0BEFAC5
:20B2E0000C234FF0FF30CAF80030A38943F04003A381E9E72DE9F04F98468B899DB0074648
:20B300001B060D46144610D50B6973B9402100F011FB2860286130B90C233B604FF0FF304B
:20B320001DB0BDE8F08F40236B610023CDF80C804FF00109DFF8A081099320238DF829307B
:20B3400030238DF82A3023469A4613F8012B0AB1252AF9D1BAEB040B0BD05B462246294660
:20B360003846FFF76CFF013000F0A780099A5A4409929AF80030002B00F09F8000234FF06C
:20B38000FF320AF1010A049307938DF853301A93CDE90523544605224F4814F8011B00F042
:20B3A0004FFA049AD8B9D00644BF20238DF85330110744BF2B238DF853309AF800302A2B69
:20B3C00015D0079A544600204FF00A0C214611F8013B303B092B4BD9B0B1079214E0A0EBF0
:20B3E0000803A24609FA03F313430493D2E7039B191D1B68002B0391BBBF5B4242F0020258
:20B4000007930793B8BF049223782E2B0AD163782A2B32D1039B02341A1D1B6843EAE373D8
:20B4200003920593DFF8C0A003222178504600F007FA38B1A0EB0A004022049B01348240ED
:20B440001343049314F8011B062224488DF8281000F0F6F9002836D0214B1BBB039B07335F
:20B4600023F0070308330393099B334409936AE70CFB02320C460120A8E7002301344FF002
:20B480000A0C19460593204610F8012B303A092A03D9002BC6D00591C4E70CFB0121044617
:20B4A0000123F0E703AB2A4604A9384600930D4BAFF30080421C0646D6D1AB895B063FF521
:20B4C0002DAF09982CE703AB2A4604A938460093044B00F07DF8EDE7B9E50200C3E502002E
:20B4E000000000003FB20200BFE502002DE9F047164698468A6807460B690C46DDF82090A2
:20B500009342B8BF1346336091F843200AB1013333602368990642BF33680233336025686A
:20B5200015F0060506D104F1190AE36832689B1AAB422BDC94F843302268003B18BF0123BF
:20B54000920630D404F1430241463846C847013023D023681A3454F80A2C03F00603042B57
:20B560000ABF54F80E5C002533684FF0000608BFED1A54F8123C08BF25EAE5759342C4BF57
:20B580009B1AED18B5421AD1002008E00123524641463846C847013003D14FF0FF30BDE81F
:20B5A000F0870135C1E7E1185A1C30200233224481F8430094F8451082F84310C2E70123A5
:20B5C000224641463846C8470130E6D00136D9E72DE9FF470F7E914680460C46782F9A46B2
:20B5E0000C9E01F1430207D8622F0AD8002F00F0D180582F00F0B88004F1420684F842708E
:20B600003AE0A7F16303152BF6D801A151F823F069B602007DB60200F9B50200F9B5020050
:20B62000F9B50200F9B502007DB60200F9B50200F9B50200F9B50200F9B502007BB7020081
:20B64000A7B6020035B70200F9B50200F9B502009DB70200F9B50200A7B60200F9B5020028
:20B66000F9B502003DB7020033681A1D1B68326004F1420684F8423001239CE0336820684F
:20B68000191D3160060601D51D6803E04506FBD5B3F90050002D03DA2D236D4284F843308A
:20B6A00058480A2311E021683368080653F8045B02D4490648BFADB26F2F3360514814BFC8
:20B6C0000A230823002184F843106668002EA66005DB21682E4321F0040121604BD0164638
:20B6E000B5FBF3F103FB1157C75D06F8017D2F460D46BB42F4D9082B0BD12368DF0708D5C1
:20B70000236961689942DEBF302306F8013C06F1FF36921B22614B4603AA21464046CDF882
:20B7200000A0FFF7E3FE01304AD14FF0FF3004B0BDE8F087236843F020032360782732488B
:20B74000236884F845701F06316851F8045B02D45F0648BFADB23160D90744BF43F020035C
:20B7600023601DB11023ADE72648E9E7236823F020032360F6E71646BDE733682568181DF5
:20B78000616930602E061B6801D5196002E06806FBD51980002316462361BCE7336800212E
:20B7A0001A1D32601E686268304600F049F808B1801B606063682361002384F84330AAE7C3
:20B7C0002369324649464046D0470130ADD023689B0713D4E068039B9842B8BF1846A6E755
:20B7E0000123324649464046D04701309DD00135E36803995B1AAB42F2DCEBE7002504F1AA
:20B800001906F5E7CAE50200DBE50200884210B501EB020402D98442234607D8431EA1420C
:20B8200008D011F8012B03F8012FF8E7024401468A4200D110BD13F8014D02F8014DF7E77B
:20B84000C9B20346024410B59342184601D1002003E0047801338C42F6D110BD38B50546C7
:20B86000002941D051F8043C0C1F002BB8BFE41800F0E0F81D4A136833B963601460284601
:20B88000BDE8384000F0DCB8A34208D9206821188B4201BF19685B6809182160EDE71A46D9
:20B8A0005B680BB1A342FAD911685018A0420BD120680144501811608342E0D118685B6853
:20B8C000084453601060DAE702D90C232B60D6E7206821188B4202BF19685B68091863606F
:20B8E00008BF21605460CAE738BD00BFE4EC002070B50F4E0C460546316811B900F0D4F8B9
:20B9000030602146284600F0CFF8431C03D14FF0FF34204670BDC41C24F00304A042F8D02E
:20B92000211A284600F0C0F80130F2D1EFE700BFE0EC00202DE9F843CD1C064625F003059E
:20B9400008350C2D38BF0C25002D01DBA94204D90C2333600020BDE8F883DFF8D48000F05B
:20B9600069F8D8F800301C4644BB29463046FFF7BFFF431C044658D1D8F800402746002FEE
:20B9800043D1002C4BD023683946304604EB030900F08AF8814542D1216830466D1A294691
:20B9A000FFF7A6FF01303AD023682B442360D8F800305A6862BBC8F800700FE02268521B3F
:20B9C00020D40B2A17D96119A342256018BF5960636808BFC8F8001062514B60304600F0B4
:20B9E0002FF804F10B00231D20F00700C21A1CBF1B1AA350AFE76268A3420CBFC8F80020FA
:20BA00005A60EBE723466468AEE73C467F68B6E71A465B68A342FBD100235360DEE70C232C
:20BA20003046336000F00CF894E70560D6E700BFE4EC0020014800F047B800BFE8EC0020D2
:20BA4000014800F042B800BFE8EC00202DE9F041074614460D4621B91146BDE8F041FFF7C2
:20BA600069BF2AB92546FFF7F9FE2846BDE8F08100F02CF88442064602D8B4EB500FF4D815
:20BA800021463846FFF756FF804608B94546ECE7B4422246294628BF3246FFF7BBFB29464A
:20BAA0003846FFF7DBFEF1E738B50023054D044608462B60E7F71EFF431C02D12B6803B168
:20BAC000236038BDECEC00207047704751F8043C181F002BBCBF0B58C0187047FFFFFFFF34
:20BAE0005FF800F0A90300205FF800F0190600205FF800F0350300205FF800F01908002086
:20BB00005FF800F07D0600205FF800F0F90100205FF800F0810100205FF800F0A1040020E5
:20BB200000000805352E382E300000004275696C7420776974682052656E657361732041D1
:20BB40006476616E63656420466C657869626C6520536F667477617265205061636B6167F3
:20BB6000652076657273696F6E20352E382E30002820282075696E74385F74202A20292013
:20BB800028207078426C6F636B2029203E3D202628207563486561705B2030205D20292031
:20BBA00029202626202820282075696E74385F74202A20292028207078426C6F636B20295E
:20BBC000203C3D202628207563486561705B2028343039363029202D2031205D202920296C
:20BBE00000000000433A2F55736572732F7361726176616E612F446F63756D656E74732FFB
:20BC0000424D532F7278795F30315F6474755F7261345F6E35385F6170706C69636174698E
:20BC20006F6E2E7A69705F657870616E6465642F7278795F30315F6474755F7261345F6ECD
:20BC400035385F6170706C69636174696F6E2F72612F6177732F4672656552544F532F469A
:20BC600072656552544F532F536F757263652F706F727461626C652F4D656D4D616E672F18
:20BC8000686561705F342E63000000002820282075696E74385F74202A20292028207076A6
:20BCA00052657475726E2029203E3D202628207563486561705B2030205D2029202920263C
:20BCC00026202820282075696E74385F74202A2029202820707652657475726E2029203CBD
:20BCE0003D202628207563486561705B2028343039363029202D2031205D202920290000A7
:20BD0000282028207078426C6F636B2D3E78426C6F636B53697A652029203C20282078577B
:20BD2000616E74656453697A6520292029203D3D2030000028202820282073697A655F747A
:20BD400020292070784E6577426C6F636B4C696E6B20292026202820307830303037202940
:20BD60002029203D3D20300028202820282073697A655F74202920707652657475726E203B
:20BD800029202620282073697A655F74202920282030783030303720292029203D3D2030A2
:20BDA000000000002820282075696E74385F74202A202920282070784C696E6B2029203E10
:20BDC0003D202628207563486561705B2030205D20292029202626202820282075696E74AC
:20BDE000385F74202A202920282070784C696E6B2029203C3D202628207563486561705BA6
:20BE00002028343039363029202D2031205D20292029000028202820282070784C696E6BB3
:20BE20002D3E78426C6F636B53697A65202920262028202820282073697A655F742029201B
:20BE4000312029203C3C202820282073697A656F66282073697A655F742029202A202820BF
:20BE6000282073697A655F742029203820292029202D203120292029202920213D20302052
:20BE80002920213D2030000070784C696E6B2D3E70784E65787446726565426C6F636B20B6
:20BEA0003D3D202828766F6964202A29302900002820282075696E74385F74202A2029200C
:20BEC000282070784974657261746F722029203E3D202628207563486561705B2030205DF8
:20BEE00020292029202626202820282075696E74385F74202A202920282070784974657252
:20BF000061746F722029203C3D202628207563486561705B2028343039363029202D203138
:20BF2000205D2029202900FF7076506F72744D616C6C6F6300FFFFFF76506F7274467265DB
:20BF40006500FFFF707276496E73657274426C6F636B496E746F467265654C69737400FF0F
:20BF60007078517565756500433A2F55736572732F7361726176616E612F446F63756D650E
:20BF80006E74732F424D532F7278795F30315F6474755F7261345F6E35385F6170706C6928
:20BFA000636174696F6E2E7A69705F657870616E6465642F7278795F30315F6474755F720B
:20BFC00061345F6E35385F6170706C69636174696F6E2F72612F6177732F467265655254CC
:20BFE0004F532F4672656552544F532F536F757263652F71756575652E630000785265747E
:20C0000075726E20213D2028202820282042617365547970655F742029203020292029003A
:20C0200070784E65775175657565000070784D75746578007848616E646C65002128202899
:20C040002070764974656D546F5175657565203D3D202828766F6964202A29302920292092
:20C060002626202820707851756575652D3E75784974656D53697A6520213D202820554220
:20C08000617365547970655F742029203055202920290000212820282078436F7079506FEF
:20C0A000736974696F6E203D3D202820282042617365547970655F74202920322029202983
:20C0C000202626202820707851756575652D3E75784C656E67746820213D20312029202984
:20C0E000000000002128202820785461736B4765745363686564756C65725374617465289C
:20C1000029203D3D202820282042617365547970655F7420292030202920292026262028DD
:20C1200020785469636B73546F5761697420213D203020292029000028206354784C6F631C
:20C140006B202920213D2028202820696E74385F74202920313237202900000070785175AD
:20C160006575652D3E75784974656D53697A65203D3D20300000000021282028207078512A
:20C18000756575652D3E706348656164203D3D202828766F6964202A2930292029202626FE
:20C1A000202820707851756575652D3E752E7853656D6170686F72652E784D7574657848FF
:20C1C0006F6C64657220213D202828766F6964202A2930292029202900000000282070781B
:20C1E00051756575652029002128202820282070764275666665722029203D3D20282876EF
:20C200006F6964202A293029202920262620282028207078517565756520292D3E757849DA
:20C2200074656D53697A6520213D2028205542617365547970655F7420292030552029209B
:20C240002900000021282028207076427566666572203D3D202828766F6964202A2930293C
:20C260002029202626202820707851756575652D3E75784974656D53697A6520213D20286C
:20C28000205542617365547970655F7420292030552029202900000028206352784C6F6326
:20C2A0006B202920213D2028202820696E74385F742029203132372029000000707851754C
:20C2C0006575652D3E75784974656D53697A6520213D203000000000785175657565000052
:20C2E00070785175657565536574436F6E7461696E65720070785175657565536574436FB7
:20C300006E7461696E65722D3E75784D6573736167657357616974696E67203C2070785114
:20C3200075657565536574436F6E7461696E65722D3E75784C656E67746800FF785175651E
:20C34000756547656E65726963526573657400FF78517565756547656E65726963437265F0
:20C3600061746500785175657565476976654D7574657852656375727369766500FFFFFFB3
:20C3800078517565756554616B654D7574657852656375727369766500FFFFFF7851756530
:20C3A000756547656E6572696353656E6400FFFF78517565756547656E6572696353656EFE
:20C3C0006446726F6D49535200FFFFFF7851756575655265636569766500FFFF7851756599
:20C3E000756553656D6170686F726554616B6500765175657565416464546F5265676973F9
:20C40000747279007072764E6F746966795175657565536574436F6E7461696E657200FF19
:20C420000E00000028202820282075696E7433325F742029207078546F704F66537461635A
:20C440006B202620282075696E7433325F74202920282030783030303720292029203D3D7F
:20C460002030552029000000433A2F55736572732F7361726176616E612F446F63756D6508
:20C480006E74732F424D532F7278795F30315F6474755F7261345F6E35385F6170706C6923
:20C4A000636174696F6E2E7A69705F657870616E6465642F7278795F30315F6474755F7206
:20C4C00061345F6E35385F6170706C69636174696F6E2F72612F6177732F467265655254C7
:20C4E0004F532F4672656552544F532F536F757263652F7461736B732E630000757850726C
:20C50000696F72697479203C202831352900000075785363686564756C65725375737065AC
:20C520006E646564203D3D2030000000707850726576696F757357616B6554696D6500001A
:20C5400028207854696D65496E6372656D656E74203E203055202900757853636865647552
:20C560006C657253757370656E646564203D3D203155000075784E65775072696F7269748D
:20C5800079203C202831352900000000785461736B000000785461736B546F526573756D0A
:20C5A0006500000049444C45000000007852657475726E20213D2028202D31202900000073
:20C5C00075785363686564756C657253757370656E64656420213D20305500007078544382
:20C5E0004200000075785363686564756C657253757370656E646564203D3D202820554229
:20C60000617365547970655F74202920305500002820282028202820707844656C61796522
:20C62000645461736B4C69737420292D3E75784E756D6265724F664974656D73203D3D20EC
:20C6400028205542617365547970655F74202920302029203F202820282042617365547914
:20C6600070655F74202920312029203A202820282042617365547970655F7420292030207C
:20C6800029202920290000007578546F705072696F7269747900000070784576656E744C27
:20C6A0006973740075785363686564756C657253757370656E64656420213D202820554276
:20C6C000617365547970655F74202920305500007078556E626C6F636B6564544342000066
:20C6E000707854696D654F757400000070785469636B73546F5761697400000070785443CE
:20C700004220213D202828766F6964202A293029000000007078544342203D3D20707843C5
:20C72000757272656E7454434200000070785443422D3E75784D75746578657348656C64FF
:20C7400000000000707854434220213D20707843757272656E745443420000007578496E32
:20C76000646578546F576169744F6E203C202831290000007578496E646578546F4E6F748C
:20C78000696679203C20283129000000785461736B546F4E6F746966790000007854696374
:20C7A0006B436F756E74203D3D2028205469636B547970655F7420292030000028202820DA
:20C7C00026282070785443422D3E784576656E744C6973744974656D202920292D3E707835
:20C7E000436F6E7461696E65722029203D3D202828766F6964202A29302900007578496E21
:20C80000646578546F436C656172203C2028312900FFFFFF707276496E697469616C697334
:20C82000654E65775461736B00FFFFFF765461736B44656C617900FF765461736B537461B1
:20C8400072745363686564756C657200785461736B526573756D65416C6C00FF785461731F
:20C860006B496E6372656D656E745469636B00FF765461736B537769746368436F6E7465AA
:20C88000787400FF765461736B506C6163654F6E4576656E744C69737400FFFF76546173C8
:20C8A0006B506C6163654F6E4576656E744C69737452657374726963746564007854617314
:20C8C0006B52656D6F766546726F6D4576656E744C69737400FFFFFF785461736B43686535
:20C8E000636B466F7254696D654F757400FFFFFF785461736B5072696F72697479446973F2
:20C90000696E686572697400765461736B5072696F72697479446973696E68657269744165
:20C920006674657254696D656F757400546D7220537663007852657475726E00433A2F55E7
:20C94000736572732F7361726176616E612F446F63756D656E74732F424D532F7278795FBB
:20C9600030315F6474755F7261345F6E35385F6170706C69636174696F6E2E7A69705F65D2
:20C980007870616E6465642F7278795F30315F6474755F7261345F6E35385F6170706C69A0
:20C9A000636174696F6E2F72612F6177732F4672656552544F532F4672656552544F532F5C
:20C9C000536F757263652F74696D6572732E630028207854696D6572506572696F64496EB7
:20C9E0005469636B73203E20302029007854696D6572000078436F6D6D616E644944203CA9
:20CA0000202820282042617365547970655F7420292036202900000078436F6D6D616E6457
:20CA20004944203E3D202820282042617365547970655F7420292036202900002820785432
:20CA4000696D65725461736B48616E646C6520213D202828766F6964202A29302920290095
:20CA60002820707854696D65722D3E7854696D6572506572696F64496E5469636B73203E2B
:20CA80002030202900000000546D725100FFFFFF7854696D657243726561746554696D6520
:20CAA000725461736B00FFFF707276496E697469616C6973654E657754696D657200FFFFE7
:20CAC00070727650726F636573735265636569766564436F6D6D616E647300FF01000200C4
:20CAE0000800100036E0014038E0014090E4014032E0014080E401402AE001404AE001400B
:20CB000075500100E550010029510100FD51010019520100CD510100E75101003D520100FB
:20CB20000D530100D5520100F152010000000000FFFF000000200000800000000000010089
:20CB4000FFFF07000080000080000000020000002CCB020000000008FF1F00084000000067
:20CB60000400000099570100395801008F5801000F590100B95A0100F55A0100815901009E
:20CB8000E55901000B5A0100BD5901002D5A01009B5A0100495A0100795A0100595B01002E
:20CBA0008B5B0100A95B0100C75B0100E75B0100020403040404FFFFFFFF00FF010203FF0E
:20CBC00075635356434E756D626572203C3D203300000000433A2F55736572732F73617209
:20CBE0006176616E612F446F63756D656E74732F424D532F7278795F30315F6474755F726D
:20CC000061345F6E35385F6170706C69636174696F6E2E7A69705F657870616E6465642FFA
:20CC20007278795F30315F6474755F7261345F6E35385F6170706C69636174696F6E2F72F1
:20CC4000612F6673702F7372632F726D5F6672656572746F735F706F72742F706F72742E67
:20CC6000630000002828285343425F54797065202A29202828307845303030453030305576
:20CC80004C29202B20307830443030554C2920292D3E494353522026202830783146465541
:20CCA0004C202929203D3D20300000007578437269746963616C4E657374696E67000000DC
:20CCC000756C43757272656E745072696F72697479203E3D2028282828312929203C3C2098
:20CCE0002838202D2034292929203E3E202838202D203429000000005F5F4E5649435F473E
:20CD000065745072696F7269747947726F7570696E672829203C3D202838202D2034292039
:20CD20002D20310076506F727453564348616E646C65725F4300FFFF76506F7274456E74CE
:20CD40006572437269746963616C00FF76506F727445786974437269746963616C00FFFFF4
:20CD600076506F727456616C6964617465496E746572727570745072696F7269747900FF40
:20CD8000000000000000000000000000010100000000000000000000FF0000008CCD020037
:20CDA000FFDFFFDF0C15000000000000000000000000000000000000000000000000000096
:20CDC00000000000000000000000000000000000000000000000FFFFDFDF00000000000097
:20CDE000000000000000000000000000000000000000000080F0FA020000000040787D0191
:20CE0000020214005DA4020000000000B4CD0200020000000000000014000000000000005E
:20CE20000000000000000000000000000001000010000000000000000000000000000000E1
:20CE40000000000000000000000000000000000000000000000000000000000000000000D2
:20CE600000000000000000000000FFFFDFDF000000000000000000000000000000000000F6
:20CE8000000000000000000020A107000000000090D003000102130035A402000000000076
:20CEA00048CE02000100000000000000000000000000000000000000000000000000000059
:20CEC000000000000000FFFFDFDF0000000000000000000000000000000000000000000096
:20CEE0000200000050C30000000000000000000004FFDF000000000000000000A4CE0200C7
:20CF00000608030301010000000000000000000000000000000000000000000000000000FB
:20CF2000000000000111011268B1002014CF020064CB020000010000F80800200F00FFFF4F
:20CF400000000000FFFF000000020000010D020E020F021000000000000000005DA602008B
:20CF60000000000034CF020001000000000000010000000000090A0B0C0202020200000078
:20CF80000100000000000000000000003DA302000000000068CF020005FFFFFFFC0800204F
:20CFA00098CF020014B200209CCF020000CB020006FFFFFF0C090020B0CF02001CB2002041
:20CFC000B4CF020000CB0200010000FF03050607080202020200000001000000BCCF02004C
:20CFE000A4CF0200D9A1020000000000C8CF0200000000002C0900204C09002000000000DD
:20D0000020000000000000000000000000000000000000001C090020519A020000000000BE
:20D02000F0CF02000200010200013F3F000001DFDFFFFFFF00000000000FDFDF00FFFF0024
:20D04000000000000000000028D00200000000000000000000800000010000000000000055
:20D060000200000000800000030000000000000004000000008000000D000000008000001A
:20D080000E000000008000000F0000000000010400010000000001040101000000000000E6
:20D0A000020100000500000003010000000000000401000000000000050100000400000055
:20D0C000060100000400000007010000000001000801000000040106090100000004010613
:20D0E0000A010000000001060B010000050400000C010000050000000D01000000000100E8
:20D100000102000000000103050200000400000006020000040000000702000005040000DF
:20D1200008020000000001000C020000000001000D020000000001000003000000000000C2
:20D140000103000000000000020300000504000003030000050400000403000004000000A3
:20D1600000040000000001100104000000000110020400000400000007040000000C01055D
:20D1800008040000000C010509040000000C01050A040000050C00000B0400000400000020
:20D1A000000500002B0000004CD0020000000000A100A400A500A200A30092019301940136
:20D1C0009501C401C501C801C701800181018201830131003000CF00D8005600050003002D
:20D1E00000000000000000000000000000000000000000000000000000000000000000002F
:20D2000000000000000000000000000000000000000000000000000000000000000000000E
:20D220000000000000000000000000000000000000000000000000000000000000000000EE
:20D240000000000000000000000000000000000000000000000000000000000000000000CE
:20D26000000000000000000000000000000000000409000105000104000004000002000090
:20D2800000000301000302004F044F054F06440244004006400540040501050205034F07C5
:20D2A00044014D0045044704470048044801480547014800470548024806470247034807C9
:20D2C00024074A0047074706440344074406440544044300430143024303410340073F03F2
:20D2E0003F023F013F003F043F053F063F073E033E013E023E063E070B050A0309030803DF
:20D300004803070306033E043E050504040004040B040B060B0705004B004E003E004600C1
:20D320004307FFFF04034403440203020C01030105074B024B010303040507034B040700E7
:20D340000C00070107024B060504040005050401040407040A010A020A030A0044000103BA
:20D3600003074B030A040E010E050D030D010D050D070C070B010B030B06410441034807CB
:20D380004A024A034A010A054B0545044C004D004F044A0044010E000E020E030E040E0631
:20D3A0000E070D020D000D040D060C030C020C060C050C040B000B020B070B050B0400037C
:20D3C000090046074B00050044070A060A07FFFF65000020010066000020010067000020A9
:20D3E00001006800002001006900002001006A00002001006B00002001006C000020010075
:20D400006D00002001006E00002001006F00002001007000002001007100002001007200CA
:20D420000020010073000220020074000220020075000023010076000021010077000021D3
:20D4400001007800002001007900002001007A00002001007B00002001007C0000200100C4
:20D460007D00002001007E00002001007F0003000000800003220000810002200200820021
:20D48000030000008300002001008400030000008500030000008600022002008700002085
:20D4A00001008800002001008900030000008A00002001008B00030000008C000020010050
:20D4C0008D00002001008E00022002008F0000200100900000200100910000200100920047
:20D4E000022002009300002001009400002001009500002001009600030000009700002396
:20D500000100980000230100990000200100C90000200100CA0000200100CB0003000000F1
:20D52000CC0003000000CD0003000000CE0004000000CF0004000000D00003000000D10003
:20D5400003000000D20003000000D30003000000D40000220100D50003000000D600030075
:20D560000000D70003000000D80003000000D90003000000DA0003000000DB00030000005F
:20D58000DC00030000002D01040000002E01000001002F01000001003001000001003101B5
:20D5A000030000003201010001003301010001003401002301003501040000003601002013
:20D5C00001003701030000003801000001003901002401003A01002301003B0100000100DA
:20D5E0003C01040000003D01030000003E01002001003F0100200100400103000000410162
:20D60000030000004201030000004301030000004401002001004501012001004601002441
:20D6200001004701002001004801040000004901002301004A01002001004B0100230100E9
:20D640004C01002001004D01002001004E01012301004F0100230100500100000100510161
:20D660000000010052010400000053010400000054010300000055010300000056010300EF
:20D6800000005701030000005801030000005901030000005A01030000005B0103000000B9
:20D6A0005C01030000005D01030000005E0103000000900104000000910104000000920189
:20D6C00004000000930101260100940104000000950101000100FFFF3F0006005B004F006C
:20D6E00066006D007D0007007F006F0000007F00FF031E00F706BF069E07BD07FD071F02F6
:20D70000FF079F070000FFFF3F0906011B060F0426062D063D0601113F06270637068F14D6
:20D7200039008F10390231023D04360689101E0030233800760176203F0033063F203326A7
:20D740004D0481103E00300936284029401109090800000000090006390037003300FFFF8E
:20D760000D00D5000E006B007F00FF003D01D703B101AE01EA02FFFFFF011E02EF043F0417
:20D780009E05BB05FB051F00FF05BF05FF07000019000D00170013001F00FFFF49035D0320
:20D7A0003F003D0023017E03FF03FFFFD7063D027F00FF005F02FF0F3031323334353637A3
:20D7C00038394142434445464748494A4B4C4D4E4F505152535455565758595A5F202F2D1E
:20D7E0000107010601050104000000020001020702060205020401000102010102030306DA
:20D800000305030402000202020145034502450145004604460646054C074C064C054C04AF
:20D820004505450745064D074D064D054D044C014C034C024E074E064E054E044D014D03E7
:20D840004D024F074F064F054E004E014E034E0206070606060506040501050305020707EB
:20D860000706070506000601060306020904090509060907090309010902080408050806EF
:20D8800008070803080108024B044B054B064B074B034B014B024A044A054A064A074A03A7
:20D8A0004A014A0249044905490649074903490149024E074E064E054E044E014E034E0278
:20D8C0004D074D064D054D044D014D034D020A040A050A060A070A020A000A010904090597
:20D8E000090609070902090009010804080508060807080208000801070407050706070768
:20D90000070207000701060406050606060706020600060142044205420642074203420205
:20D920004306430543044200420140004001400240034107410641024101410041044105A4
:20D94000450045014502450346074606460346024601460446054C004C014C024C034C071E
:20D960004C064507450645054C044C05430343074306430543044300440444054406430208
:20D9800043014203420741024101410042044200420142024206420505070403040105052F
:20D9A000050604020407030303070405040603010302030602060100020400000201020200
:20D9C0000203020702050200010101030107000300010104010201050106000229002A05AF
:20D9E0002A07290728022800290429052901280129022803290629032B042B002B032A0360
:20DA00002A062A042A002B052B012A012B022A022B062B072D042D012D032C032C062C041B
:20DA20002C002C012D052C052D062C072C022D072E002F042F072E072D022D002E042E01D9
:20DA40002F052E052F062E062E022E0330003105310730072F022F003004300530012F0196
:20DA600030022F033006300332043200320331033106310431003205320131013202310268
:20DA800032063207340434013403330333063304330033013405330534063307330234070F
:20DAA0003500360436073507340234003504350136053505360635063502350337003805D6
:20DAC00038073707360236003704370537013601370236033706370339043900390338039F
:20DAE00038063804380039053901380139023802390639073B043B013B033A033A063A045B
:20DB00003A003A013B053A053B063A073A023B073C003D043D073C073B023B003C043C0118
:20DB20003D053C053D063C063C023C033E003F053F073E073D023D003E043E053E013D01D5
:20DB40003E023D033E063E034004400040033F033F063F043F00400540013F0140023F02A7
:20DB60004006400726032503250126042704270627072602260727052606260026012605CC
:20DB8000250724072404240025002502250624022403250524062504240124052307220700
:20DBA00022052200230023022303230622032301220223042305220121032003200021041A
:20DBC00022042206210221062107210120022100210520011F031E031E011F04200420060A
:20DBE00020071F021F0720051F061F001F011F051E071D071D041D001E001E021E061D0202
:20DC00001D031E051D061E041D011D051C071B071B051B001C001C021C031C061B031C0106
:20DC20001B021C041C051B011A03190319001A041B041B061A021A061A071A0119021A000D
:20DC40001A0519011803170317011804190419061907180218071905180618001801180503
:20DC60001707160716041600170017021706160216031705160617041601160515071407FF
:20DC8000140514001500150215031506140315011402150415051401130312031200130419
:20DCA000140414061302130613071301120213001305120111031003100111041204120609
:20DCC0001207110211071205110611001101110510070F070F040F001000100210060F0201
:20DCE0000F0310050F0610040F010F05250326062604250424012403250725062502240219
:20DD0000250124002505250027072803280026002605260726032706280226022801260173
:20DD2000270527042A072A022A00290029052907290329022A0629062A05290429012A0414
:20DD40002B032C072C042B042A012A032B072B022C062B062C052B052B012B002D032E06CD
:20DD60002E042D042C012C032D072D062D022C022D012C002D052D002F072F032F002E00A2
:20DD80002E052E072E032F062F022E022F012E012F052F0431073102310030003005300756
:20DDA000300330023106300631053004300131043203330733043204310131033207320212
:20DDC0003306320633053205320132003403350635043404330133033407340634023302D1
:20DDE0003401330034053400360736033600350035053507350336063602350236013501A7
:20DE0000360536043807380238003700370537073703370238063706380537043701380451
:20DE200039033A073A04390438013803390739023A0639063A053905390139003B033C060C
:20DE40003C043B043A013A033B073B063B023A023B013A003B053B003D073D033D003C00E1
:20DE60003C053C073C033D063D023C023D013C013D053D042304220422062203230323013D
:20DE8000230023052200230222012307230622022100200020032107220722052101210532
:20DEA0002104210220012103210620021F001E001E021F072007200520041F011F04200630
:20DEC0001F051F031F021F061E041D041D071D031E031E011E051D011D001E061D051E0726
:20DEE0001D021D061C041B041B061B031C031C011C001C051B001C021B011C071C061B0232
:20DF00001A00190019031A071B071B051A011A051A041A0219011A031A061902180017003A
:20DF200017021807190719051904180118041906180518031802180617041604160716031F
:20DF400017031701170516011600170616051707160216061504140414061403150315012C
:20DF6000150015051400150214011507150614021300120012031307140714051301130531
:20DF800013041302120113031306120211001000100211071207120512041101110412062F
:20DFA000110511031102110610040F040F070F031003100110050F010F0010060F05100725
:20DFC0000F020F060E040D040D060D030E030E010E000E050D000E020D010E070E060D0231
:20DFE0000C000B000B030C070D070D050C010C050C040C020B010C030C060B0248024806B5
:20E000004A064A074803FFFF48054804480049044A044A054801490149054900470246038F
:20E020004602460146004700470147034707470647054704574149542035205345434F4EDE
:20E04000445300004B4559204F464620414E4400484947482054454D5045524154555245C4
:20E06000202D2056454849434C45204E4545445320544F20434F4F4C20444F574E0000003C
:20E08000414E4420574149542033204D494E00005455524E204F4E20534C45455000000062
:20E0A000534552564943452043454E5445520000434F4E5441435400544845205645484935
:20E0C000434C4500504C454153452043484152474500000046524F4D2056454849434C4594
:20E0E00000000000535441592041574159000000484947482054454D5000000043484152F9
:20E10000474552002122232425262728292A00002021222324252627282B2C2D2E2F303124
:20E120003233000053484152454400004C495645204C4F434154494F4E00000043414E4305
:20E14000454C4C45440000004C4F434154494F4E2053484152450000544845524D414C2040
:20E160005249534B00000000454D455247454E4359000000414C4552540000004F56455213
:20E1800048454154494E470038303931323338303338000043414C4C20535550504F5254FC
:20E1A00000000000434F4D504C455445000000005550444154450000414354495645000087
:20E1C0004C494D50204D4F4445000000434841524745204C494400004F50454E20534541FA
:20E1E00054202F00464F525741524420415353495354000050524553532050005245564541
:20E20000525345204153534953540000544F205348555420444F574E000000004B455920B5
:20E220004F464600335320544F20454E41424C4500000000484F4C442053455420464F52B9
:20E2400000000000544F2043484152474500000025303264202530326420414D00000000AD
:20E2600025303264202530326420504D0000000046554C4C20434841524745204259000033
:20E280005455524E204F4E20504F574552000000544F20554E504C55470000004B45592024
:20E2A0004F4E0000544F205357495443482054524950000050524553532053454C0000003C
:20E2C000335320544F2052455345540048494C4C20484F4C440000005345525649434500D1
:20E2E000424F4F4B205550434F4D494E470000004F56455244554500335320544F20444961
:20E300005341424C450000005354414E44425900554E415641494C41424C4500444953413C
:20E32000424C4520494E200025732564530000004445414354495641544544004143544980
:20E340005641544544000000494E434F4D494E472043414C4C0000004D4953534544204391
:20E36000414C4C00434F4E4E4543544544000000424C5545544F4F54480000004449534358
:20E380004F4E4E45435445440000000053484152494E475F202020202000000055504441F8
:20E3A00054494E472020202020000000FF00FD8100C0FD90A5B0C8E7FCE9F0F8E00040FFD1
:20E3C0002122232425262728292AFFFF393A3B3C3D3E3F404142434445464748494A4B4C96
:20E3E000FF00000000000000000000000000000021FF0000000000000000000000000000FE
:20E400002122FF00000000000000000000000000212223FF00000000000000000000000055
:20E4200021222324FF00000000000000000000002122232425FF00000000000000000000A5
:20E44000212223242526FF00000000000000000021222324252627FF0000000000000000ED
:20E460002122232425262728FF00000000000000212223242526272829FF0000000000002D
:20E480002122232425262728292AFF00000000002033FF00000000000000000000000000B4
:20E4A000002627282B2C2DFF0000000000000000000026272C2DFF000000000000000000BF
:20E4C000000000262DFF0000000000000000000000000000252EFF00000000000000000098
:20E4E000000000000024252E2FFF0000000000000000000000002324252E2F30FF0000007F
:20E5000000000000000000222324252E2F3031FF000000000000000021222324252E2F3074
:20E520003132FF00000000000021222324252627283231302F2E2D2C2BFFFFFF5259315FA9
:20E54000445455003CE502005258315F4454550048E502004454555F43414E5F54785F5459
:20E5600061736B004454555F554152545F54785F5461736B000000004454555F44697370DB
:20E580005F5461736B0000004454555F554152545F52785F5461736B000000004454555F9A
:20E5A00043414E5F52785F5461736B00537754696D65725F5461736B00232D302B2000687E
:20E5C0006C4C006566674546470030313233343536373839414243444546003031323334E3
:20E5E0003536373839616263646566001000000000000000017A5200027C0E011B0C0D0015
:20E60000100000001800000026CCFFFF100000000000000080B584B000AF0023FB60002319
:20E620007B60194BB3F884309BB23B604FF49643BB60154B4FF42A42A3F8842008E0BB68C4
:20E64000002B02D14FF4FA73FB60BB68013BBB600D4BB3F884309BB2002BF0D13B68012B78
:20E6600006D1094B4DF60112A3F8442000F07EFB7B6840F2F512934201D17B68FB60FB684D
:20E6800018461037BD4680BD00E07F4080B584B000AF78607B685B681B78002B0DD07B68E2
:20E6A0005B6893F91130184600F058FB7B685B6893F91330184600F051FB124BB3F884305E
:20E6C0009BB2002B02D1786800F040FB00F01CF8F86000F049F8B860FB68002B01D1BB68BC
:20E6E000FB60FFF797FFB860FB68002B01D1BB68FB607B68002283F83C20FB681846103759
:20E70000BD4680BD00E07F4080B483B000AF4FF496437B60124BB3221A7007E07B68002B5C
:20E7200001D1142315E07B68013B7B600D4BD3F88030C3F3C033DBB2012BEFD1094B1B7C01
:20E74000C3F30013DBB2002B02D040F2F51300E0002318460C37BD465DF8047B704700BF3B
:20E7600000007E4000E07F4080B483B000AF4FF496437B60124B50221A7007E07B68002BE1
:20E7800001D1142315E07B68013B7B600D4BD3F88030C3F3C033DBB2012BEFD1094B1B7CA1
:20E7A000C3F30013DBB2002B02D040F2F51300E0002318460C37BD465DF8047B704700BFDB
:20E7C00000007E4000E07F4080B485B000AFF860B9607A60174AFB681B6B1363164B202216
:20E7E0001A70154BD0221A70FB681A6BBB681A44FB681A63FB689B6B5A1EFB689A637B6846
:20E80000002B10D007E07B68002B01D114230BE07B68013B7B60074BD3F88030C3F3C03394
:20E82000DBB2012BEFD1002318461437BD465DF8047B704700E07F4000007E4080B588B03B
:20E8400000AFF860B9607A607B68002B06D1FB685B6893F91130184600F080FA334AFB683E
:20E860005B6B1363324BE8221A70BB685B08BB6102237B612E4BBA69D2B21A700023FB617F
:20E880002CE0FB681B6B1A46294B12881A80FB681B693B6106E03B695A1E3A61002B01D15E
:20E8A00014233FE0214BD3F88030C3F38023DBB2012BF0D0FB681A6B7B691A44FB681A633F
:20E8C000FB685A6B7B691A44FB685A63FB689B6B5A1EFB689A63FB690133FB61FA69BB69F2
:20E8E0009A42CED3124BD0221A707B68002B11D007E07B68002B01D1142313E07B68013BC3
:20E900007B600A4BD3F88030C3F3C033DBB2012BEFD106E0FB685B6893F91130184600F003
:20E9200021FA002318462037BD4680BD00E07F4000007E4080B586B000AFF860B9607A60E2
:20E9400000237B61174B1B7CC3F30013DBB2012B0FD1144BD3F88030C3F38033DBB2012B61
:20E9600004D1104B1B7C0F4B00221A7440F2F5137B610C4BD3F88020BB681340002B01D07C
:20E980007B687B61FB68002B01D0FB687B617B69002B01D0FFF7B8FE7B6918461837BD46FA
:20E9A00080BD00BF00E07F4080B489B000AFF860B9607A60FB689B693B610823FB7608238B
:20E9C0007B611A4ABB681363194B40221A70184AFB7E13700023FB6109E0FB695B007A68A7
:20E9E0001344134A1B881380FB690133FB61FA697B699A42F1D30E4BD0221A7007E03B69F2
:20EA0000002B01D114230BE03B69013B3B61074BD3F88030C3F3C033DBB2012BEFD1002349
:20EA200018462437BD465DF8047B704700E07F4000007E4080B485B000AFF860B9607A60CF
:20EA4000194B4FF6FF721A80174B4FF6FF725A807B689AB2FB689BB2DB039BB213439BB263
:20EA600043F4F0439AB2104BDA80BB689BB26FEA43536FEA53539AB20B4B9A800A4B4FF677
:20EA8000FF721A81084B4FF6FF725A81064B4FF6FF729A81044B4FF6FF72DA8100BF1437FA
:20EAA000BD465DF8047B7047E008002080B584B000AF78600023FB60786800F07BF8F860B7
:20EAC000FB68002B10D0FB681EE07B689B681A4680217868FFF7B2FEF86018224FF4A04144
:20EAE000F868FFF727FFF8607B689B6B002B02D0FB68002BE9D0FFF78DFDB860FB68002BEF
:20EB000001D1BB68FB60FB6818461037BD4680BD80B588B000AFF860B9607A600023FB6177
:20EB2000FB68BA681A63FB687A689A63F86800F041F8F861FB69002B01D0FB6933E01C4B71
:20EB40000122A3F8E0201EE0FB681B6BB3F5803F06D2FB68DB69BB614FF400537B6105E0B7
:20EB6000FB681B6ABB614FF400437B61BA697969F868FFF729FEF86119224FF4C041F86974
:20EB8000FFF7D8FEF861FB689B6B002B02D0FB69002BD9D0FFF73EFD3861FB69002B01D187
:20EBA0003B69FB61FB6918462037BD4680BD00BF00E07F4080B584B000AF78600023FB6030
:20EBC0004FF49643BB607B685B681B78002B0DD07B685B6893F91130184600F0BFF87B6862
:20EBE0005B6893F91330184600F0B8F80F4B4FF45942A3F844200D4B4AF60122A3F8842054
:20EC000008E0BB68002B02D14FF4FA7309E0BB68013BBB60054BB3F884309BB2012BF0D1EF
:20EC2000FB6818461037BD4680BD00BF00E07F4080B588B000AFF860B9607A60184BD3F899
:20EC4000DC30C3F3C073DBB2BB61F868FFF7B2FFF861FB69002B01D0FB691CE0BB68590B6F
:20EC60007B685B0B1A46B869FFF7E4FE0D4A0E49F868FFF799FEF86118220021F869FFF74C
:20EC800059FEF861FFF7C6FC7861FB69002B01D17B69FB61FB6918462037BD4680BD00BF7A
:20ECA00000E07F40E008002030A1000180B584B000AF78600B46FB701346BB707868FFF7D5
:20ECC00079FFF860FB68002B01D0FB6833E0BB78002B08D0FB789BB2194A43F4CC439BB2A3
:20ECE000A2F8E8301EE01022FF21164800F032F8FB789BB203F001039BB2002B02D14FF653
:20ED0000FF7201E047F6FF720E4BDA800D4A0E497868FFF749FEF86018220021F868FFF76C
:20ED200009FEF860FFF776FCB860FB68002B01D1BB68FB60FB6818461037BD4680BD00BF0F
:20ED400000E07F40E008002030A100015FF800F0296101005FF800F0F9B102005FF800F02E
:20ED6000215701005FF800F0C15601005FF800F085550100FFFF000000000000000000009B
:20ED8000000000000100000054CB0200400002000000080000000000000000000000000007
:20EDA00000001008000000000000000000000000050000000600000003000000030000002A
:20EDC00020070000C007000000070000FF07000040070000FF0F00000000000000070000DC
:20EDE000200000000000000030000000000000002000000000000000300000000000000073
:20EE00004001000000000000500100000000000050010000000000004001000000000000CE
:20EE200030020000000000004002000000000000600200000000000080020000000000007A
:20EE400051020000000000008B0300000000000066060000000000006606000000000000F9
:20EE6000400000000000000070000000000000004000000000000000700000000000000032
:20EE8000040400000000000004040000000000000404000000000000040400000000000052
:20EEA00000000000000001000000000000000100000000000000010000000000000001004E
:20EEC000000700000000000000070000000000000007000000000000000700000000000016
:20EEE00000100000001000000000040044190C00002E4A5803000000FFFFFFFFFFFF0100B7
:20EF000026020364E0004000000000007C0A0020000000000000000068000000D000000064
:20EF20000000000000000000000000000000000000000000000000000000000000000000D1
:1CEF400000000000000000000000000000000000000000000000000000000000B5
:020000040100F9
:10A10000FFFFFFFFFFFFFFFFFFFFFFFFFFFFFFFF5F
:04A13400FFFFFFFF2B
:20A20000FFFCFFFFFFFFFFFFFFFFFFFFFFFFFFFFFFFFFFFFFFFFFFFFFFFFFFFFFFFFFFFF61
:20A22000FFFFFFFFFFFFFFFFFFFFFFFFFFFFFFFFFFFFFFFFFFFFFFFFFFFFFFFFFFFFFFFF3E
:20A24000FFFFFFFFFFFFFFFFFFFFFFFFFFFFFFFFFFFFFFFFFFFFFFFFFFFFFFFFFFFFFFFF1E
:20A26000FFFFFFFFFFFFFFFFFFFFFFFFFFFFFFFFFFFFFFFFFFFFFFFFFFFFFFFFFFFFFFFFFE
:20A28000F8F8FFFFFFFFFFFFFFFFFFFFFFFFFFFFFFFFFFFFFFFFFFFFFFFFFFFFFFFFFFFFEC
:20A2A000FFFFFFFFFFFFFFFFFFFFFFFFFFFFFFFFFFFFFFFFFFFFFFFFFFFFFFFFFFFFFFFFBE
:10A2C000FFFFFFFFFFFFFFFFFFFFFFFFFFFFFFFF9E
:04000005000081591D
:00000001FF
