:020000040000FA
:20000000D84B002059810000C57E00006981000069810000698100006981000069810000EE
:20002000000000000000000000000000698100006981000000000000698100006981000018
:20004000277600001F770000C97700001F770000C9770000494D0000714C0000154E0000A1
:200060006D4E000057430000A343000021440000B944000099670000FD6600009F5C000085
:20008000595300009F5C0000000000000000000000000000000000000000000000000000B9
:2000A000000000000000000000000000000000000000000000000000000000000000000040
:2000C000000000000000000000000000000000000000000000000000000000000000000020
:2000E000000000000000000000000000000000000000000000000000000000000000000000
:200100000000000000000000000000000000000000000000000000000000000000000000DF
:200120000000000000000000000000000000000000000000000000000000000000000000BF
:2001400000000000000000000000000000000000000000000000000000000000000000009F
:2001600000000000000000000000000000000000000000000000000000000000000000007F
:2001800000000000000000000000000000000000000000000000000000000000000000005F
:2001A00000000000000000000000000000000000000000000000000000000000000000003F
:2001C0000348044B834202D0034B03B118477047AC080020AC08002000000000064B07498D
:2001E000C91A891048BF0131491003D0044B0BB101481847704700BFAC080020AC0800204D
:200200000000000010B5064C237843B9FFF7D8FF044B13B10448AFF300800123237010BD5E
:20022000C808002000000000E486000008B5054B1BB105490548AFF30080BDE80840FFF7EB
:20024000CDBF00BF00000000CC080020E486000080B582B000AF0023FB710C490C4806F0B1
:200260006DFB0346FB7100220321094806F08AFB0346FB710749084806F0D6FE0346FB717B
:20028000FB7918460837BD4680BD00BF78830000E844002098840000D445002080B584B049
:2002A00000AF786039600023FB603A680021054807F056F8F860FB68DBB218461037BD465B
:2002C00080BD00BFD445002080B584B000AF786039600023FB733A687968054807F09CF874
:2002E0000346FB73FB7B18461037BD4680BD00BFD445002080B582B000AF0023FB71054802
:2003000006F0DCFF0346FB71FB7918460837BD4680BD00BFD445002080B582B000AF786020
:200320007B689B88B3F5804F65D0B3F5804F67DCB3F5005F5FD0B3F5005F61DCB3F5805F50
:2003400059D0B3F5805F5BDCB3F5006F29D0B3F5006F55DCB3F5806F27D0B3F5806F4FDC0E
:20036000B3F5007F47D0B3F5007F49DCB3F5807F41D0B3F5807F43DC202B0FDC022B3FDBF8
:20038000023B224A22FA03F303F00103002B14BF01230023DBB2002B2DD131E0802B2AD0FA
:2003A0002EE01B4B01221A702BE01A4B01221A707B68143314221946174800F051FA164B45
:2003C0001B6840F2FA7293420BD0134B1B6840F2FB72934205D0104B1B6840F2C17293420A
:2003E00002D10E4B00221A707B68143319460C4801F04EFB05E07B689A880A4B1A8000E055
:2004000000BF00BF0837BD4680BD00BF45400040F8080020F9080020E4080020683A00204C
:20042000C00B0020FA08002080B582B000AF0749074804F0DBFD78600021032000F00AF820
:200440007B68DBB218460837BD4680BD70850000F844002080B584B000AF03460A46FB71E1
:200460001346BB71FA79124913465B0013440B441B781BB21B0219B2FA790D4813465B000B
:200480001344034401331B781BB20B431BB29BB27B817B899BB2BA791946064804F0BAFDEA
:2004A000F860FB68DBB218461037BD4680BD00BF68830000F844002080B582B000AF0023D0
:2004C000FB71084B9B681B68064A126805494968104698470346FB71FB7918460837BD4610
:2004E00080BD00BFF483000090B587B000AF786039600023FB7572B600BF154B9B689B680D
:20050000134A10683A687968984738613B69002B02D0FB7D0133FB750D4B9B68DC680C4B58
:20052000186807F10F033A687968A04738613B69002B02D1FB7B002B02D0FB7D0133FB75FD
:2005400062B600BFFB7D18461C37BD4690BD00BFF483000090B589B000AFF860B9607A609D
:200560000023FB6100237B837B68DB097A6802F07F02002A01D0012200E0002213447B606D
:2005800000237B76FB68B3F5802F03D905237B767B7E3DE072B600BF0023FB6131E0FB68A8
:2005A0001D4A934224D81D4B9B685C681B4B18687B8BBA68134419468023FA68A04778614B
:2005C0007B69002B02D07B7E01337B767B7E002B08D1FB688033FB607B8B80337B830023D4
:2005E0007B760BE005237B7662B600BF7B7E0FE005237B7662B600BF7B7E09E0FB690133DD
:20060000FB61FA697B689A42C9D362B600BF7B7E18462437BD4690BD80FF0300F4830000EE
:2006200080B584B000AF786039600123FB730023BB603A687B68D31ADB0BBB60B9687868ED
:20064000FFF752FF0346002B02D10023FB7301E00223FB73FB7B18461037BD4680BDFFFFAE
:2006600080B487B000AFF860B9607A6000237B610023FB747B68DB097A6802F07F02002A3E
:2006800001D0012200E0002213447B60FB68B3F5802F03D20523FB74FB7C1DE000237B6199
:2006A00015E0FB680F4A93420AD9FA687B699B00B9680B4412681A60FB680433FB6003E0B4
:2006C0000523FB74FB7C07E07B6901337B617A697B689A42E5D3FB7C18461C37BD465DF857
:2006E000047B70477FFF030080B582B000AF0023BB7100F05DF80346BB710623FB71274820
:2007000001F07EF9264801F053FA012000F0C4F900F01EFB03461A46224B1A7000F002FB61
:20072000BB79002B24D101F06FFF0346FB7100F00FFB03461A461B4B1A701A4B1B78032B98
:2007400005D1194BDB7CAA2B01D10623FB71FB79052B02D102F054F81CE0FB79042B04D1A3
:2007600002F0A8F802F0B4F814E002F0B1F811E00E4B1B78DBB2012BFAD100F0D3FA0B4B46
:2007800000221A700423FF220B2140F2FC7001F0FFFEEDE70837BD4680BD00BFC00B0020B0
:2007A000DC3200207D0B0020543C0020800B002080B582B000AF0023FB71FFF735FE0346F1
:2007C000FB71FFF779FE0346FB71FFF741FD03461A46FB791344FB7100F04AF903461A469B
:2007E000FB791344FB7100F07DF803461A46FB791344FB71002000F0A3F903461A46FB79B4
:200800001344FB7113490020FFF75EFD11490120FFF75AFD10490220FFF756FD0F49032041
:20082000FFF752FD00F09BFD03461A46FB791344FB7100F057FA03461A46FB791344FB71EA
:2008400000F070FA02F0F4FDFB7918460837BD4680BD00BFFC0800201009002024090020A1
:2008600080B487B000AFF860B9607A6000237B610AE0BA687B691A44F9687B690B441278A8
:200880001A707B6901337B617A697B689A42F0D300BF00BF1C37BD465DF8047B704780B4E2
:2008A00087B000AFF860B9607A6000237B610EE0FA687B6913441A78B9687B690B441B7804
:2008C0009A4201D0012307E07B6901337B617A697B689A42ECD3002318461C37BD465DF8DF
:2008E000047B704780B582B000AF0023FB710549054803F01FF80346FB71FB7918460837B2
:20090000BD4680BD208400007445002080B584B000AF786039600023BB73114B00221A7038
:200920000A23FB7307233A6879680E4803F052F80346BB7307E04FF47A71012007F0F2F94D
:20094000FB7B013BFB73064B1B78DBB2002B02D1FB7B002BEFD1BB7B18461037BD4680BD8C
:200960007E0B00207445002080B584B000AF786039600023BB73114B00221A703223FB7350
:2009800007233A6879680E4803F010F80346BB7307E04FF47A71012007F0C4F9FB7B013B46
:2009A000FB73064B1B78DBB2002B02D1FB7B002BEFD1BB7B18461037BD4680BD7E0B002035
:2009C0007445002080B588B002AFF860B9607A600023BB753223FB75072300937B68BA68FB
:2009E000F9680D4803F00AF80346BB7507E04FF47A71012007F096F9FB7D013BFB75074BA1
:200A00001B78DBB2002B02D1FB7D002BEFD1BB7D18461837BD4680BD744500207E0B0020AE
:200A200080B582B000AF0023FB71054802F0FAFF0346FB71FB7918460837BD4680BD00BF14
:200A40007445002080B485B000AF78600023FB737B681B79012B02D1044B01221A7000BF0B
:200A60001437BD465DF8047B704700BF7E0B002080B582B000AF0023FB710549054804F001
:200A8000B3FD0346FB71FB7918460837BD4680BDC08300000045002080B584B000AF034697
:200AA000FB710023FB73FB79012B05D1074804F0CFFD0346FB7304E0044804F0B7FD0346DC
:200AC000FB73FB7B18461037BD4680BD0045002080B483B000AF78600D4B01221A700D4B9D
:200AE0001B78DBB20133DAB20A4B1A70094B1B78DBB2092B05D9074B00221A70064B01223F
:200B00001A7000BF0C37BD465DF8047B704700BF7F0B0020810B0020800B002080B582B094
:200B200000AF0023FB71054804F0A4FD0346FB71FB7918460837BD4680BD00BF004500206B
:200B400080B584B000AF0346FB710023FB73FB79002B02D0012B0ED014E00D490D4803F02A
:200B6000FDFD0346FB730C4B1B881A460B49002000F068F806E00649064803F0EFFD0346FB
:200B8000FB7300BFFB7B18461037BD4680BD00BF58840000A4450020480700203C39002025
:200BA00080B586B000AF0346B9607A60FB730023FB750023BB82FB7B002B02D0012B19D0F6
:200BC00034E000237B8210E07B8ABA681344012219461A4803F0B3FE0346FB7501210A20E6
:200BE00007F0A0F87B8A01337B827B8A7A689A42EAD81BE07A68B968104803F0A0FE03467B
:200C0000FB7507E0BB8A0533BB824FF47A71052007F088F80A4B1B78DBB283F00103DBB280
:200C2000002B02D0BB8A182BECD900BF044B00221A70FB7D18461837BD4680BDA445002042
:200C4000820B002080B586B000AF0346B9607A60FB730023FB75FB7B002B02D0012B08D019
:200C60000FE07A68B9680B4803F052FE0346FB7507E07A68B968074803F04AFE0346FB7506
:200C800000BF054B00221A70FB7D18461837BD4680BD00BFA4450020830B002080B582B057
:200CA00000AF78607B681B79042B10D0042B10DC012B02D0022B06D00BE0084B01221A7020
:200CC00001F07AF806E0064B01221A7002E000BF00E000BF00BF0837BD4680BD830B0020A1
:200CE000820B002080B582B000AF0023FB710A4A136923F0020313610849094802F08AFC2C
:200D00000346002B02D0FB790133FB71FB7918460837BD4680BD00BF00B0014000840000F4
:200D20006445002080B582B000AF0023FB71074802F0BEFC0346002B02D0FB790133FB71F0
:200D4000FB7918460837BD4680BD00BF6445002080B582B000AF0423FB71204B93F81034D7
:200D6000C3F30003DBB2002B06D01C4B002283F810240123FB712BE0184BB3F8C030C3F3A5
:200D80004003DBB2002B12D0144B0022A3F8C0200023BB71BB1D1946114802F09DFCBB79DC
:200DA00019460F4802F0A4FC0323FB7110E00B4BB3F8C030C3F38003DBB2002B06D0074B5F
:200DC0000022A3F8C0200223FB7101E00423FB71FB7918460837BD4680BD00BF00E0014040
:200DE0006445002080B588B000AF786039600023FB770023BB6107F10C0300221A605A606C
:200E00001A819F233B7200237B720023BB720023FB7200210020FFF71DFB07F10C0107F18C
:200E2000080304221846FFF7CDFD0346FB7701210020FFF70FFB7B7B1A04BB7B1B021343A9
:200E4000FA7B13431A46424B1A60414B1B689BB244F21A0293421FD844F21102934269D38C
:200E6000A3F58043113B092B64D801A252F823F0270F0000190F00000B0F0000FD0E0000D8
:200E8000EF0E0000E10E0000D30E0000C30E0000B30E0000A30E000047F21802934210D03A
:200EA00048E07B680A221A703B684FF480621A6049E07B6809221A703B684FF400721A609C
:200EC00041E07B6808221A703B684FF480721A6039E07B6807221A703B6880221A6032E088
:200EE0007B6806221A703B6840221A602BE07B6805221A703B6820221A6024E07B680422D3
:200F00001A703B6810221A601DE07B6803221A703B6808221A6016E07B6802221A703B68F8
:200F200004221A600FE07B6801221A703B6802221A6008E07B6800221A703B6800221A609B
:200F40000123FB7700BFFB7F18462037BD4680BD840B002080B588B000AF78600023FB7795
:200F600007F1180300221A601A714B233B7600210020FFF76FFA07F1080107F118030D2235
:200F80001846FFF71FFD01210020FFF763FA07F108030533082219467868FFF761FCFB7FDB
:200FA00018462037BD4680BD80B584B000AF03463960FB710023FB7300210020FFF74AFACA
:200FC000FB79012B0AD10523FB7207F10C0107F10B0302221846FFF7F5FC1AE0FB79022BF2
:200FE0000AD13523FB7207F10C0107F10B0302221846FFF7E7FC0CE0FB79032B09D115234B
:20100000FB7207F10C0107F10B0302221846FFF7D9FC01210020FFF71DFA7A7B3B681A709A
:20102000FB7B18461037BD4680BD80B582B000AF0023FB7106233B7100210020FFF70AFAA0
:201040003B1D01211846FFF761FC0346FB7101210020FFF7FFF9FB7918460837BD4680BD2F
:2010600080B582B000AF0023FB710423BB7100210020FFF7EFF9BB1D01211846FFF746FCC9
:201080000346FB7101210020FFF7E4F9FB7918460837BD4680BD80B584B000AF034639603B
:2010A000FB711346BB710023FB7307F1080300221A601A710123BB73BB79002B09D03B6857
:2010C0001A0EBB7B591CB973D2B210333B4403F8082C3B681A0CBB7B591CB973D2B2103335
:2010E0003B4403F8082C3B681A0ABB7B591CB973D2B210333B4403F8082CBB7B5A1CBA7356
:201100003A68D2B210333B4403F8082C00210020FFF7A0F9FB79032B1DD0032B27DC012BFC
:2011200002D0022B0BD022E0C7233B7207F1080301211846FFF7EAFB0346FB731BE0D82331
:201140003B72BA7B07F1080311461846FFF7DEFB0346FB730FE020233B72BA7B07F1080358
:2011600011461846FFF7D2FB0346FB7303E0FB7B0133FB7300BF01210020FFF76BF9FB7B74
:2011800018461037BD4680BD80B586B000AF78600023FB750123BB750523FB727B684FF4D6
:2011A0007A7202FB03F33B6100210020FFF752F907F10C0107F10B0302221846FFF702FCB1
:2011C0000346FB7501210020FFF744F94FF47A71282006F0A7FD00237B607B7B03F00103E6
:2011E000002B02D07B68002BDED000210020FFF731F907F10C0107F10B0302221846FFF752
:20120000E1FB0346FB7501210020FFF723F97B7B03F00103002B03D0FB7D0133FB7501E0FD
:201220000023FB75FB7D18461837BD4680BD80B584B000AF786039600023FB73002100205B
:20124000FFF708F939687868FFF760FB0346FB7301210020FFF7FEF8FB7B18461037BD46C2
:2012600080BD80B586B000AFF860B9607A603B600023BB750023FB7500210020FFF7EAF832
:20128000B968F868FFF742FB0346BB750121386806F048FDBB7D002B05D139687868FFF774
:2012A00063FB0346FB7501210020FFF7D3F8FB7D18461837BD4680BD80B584B000AF7860BF
:2012C00039600023FB733868FFF75EFFFFF7ADFE39687868FFF7ABFF0346FB733868FFF7E2
:2012E00053FFFFF7BDFEFB7B18461037BD4680BD80B584B000AF396011461A460346FB7173
:201300000B46BB711346BB800023FB73FFF78DFE03461A46FB7B1344FB73BB881846FFF72F
:2013200033FF03461A46FB7B1344FB73BA79FB7939681846FFF7AFFE03461A46FB7B1344D8
:20134000FB73BB881846FFF71FFF03461A46FB7B1344FB73FB7B18461037BD4680BD80B5F6
:2013600082B000AF0023FB7100F010F800F022F80346FB71FB79002B03D000F01BF8034688
:20138000FB71FB7918460837BD4680BD80B500AF00210020FFF75EF801210020FFF75AF895
:2013A00001210220FFF756F801210120FFF752F800BF80BD80B582B000AF0023FB71474BEF
:2013C000012283F82F2000233B603A46BB1D11461846FFF707FD0346002B07D03F4B002264
:2013E00083F82F20FB790133DBB273E03B4BD3F81B30B3F5807F04D9384B012283F82E200C
:2014000003E0364B002283F82E20344B00225A72002242F001029A72304B0022DA730022A1
:2014200042F010021A7400225A7400229A742B4BD3F813301B01294AC2F81330274BD3F86D
:201440001330264AD2F80F2002FB03F3234AB2F8092092B2B3FBF2F3204AC2F80B301F4B0D
:20146000D3F80F301B011D4AC2F81F301B4BD3F813301A4AD2F80F2002FB03F39B0A174A0C
:20148000C2F827301648FFF765FD03461A46FB791344FB7113490120FFF786FD03461A4606
:2014A000FB791344FB7110490220FFF77DFD03461A46FB791344FB710C490320FFF774FD4B
:2014C00003461A46FB791344FB71044B002283F82F20FB7918460837BD4680BD880B0020ED
:2014E000890B0020B30B0020B40B0020B50B002080B584B000AF03463960FB711346BB80A1
:201500000023FB7300BF0F4B93F82F30002BFAD10C4B012283F82F200A4B93F82E20BB888C
:20152000F8793968FFF7E4FE03461A46FB7B1344FB73044B002283F82F20FB7B1846103787
:20154000BD4680BD880B002080B5CAB000AF07F59473A3F58E73186007F59473A3F5907388
:20156000196007F59473A3F592731A600023A7F82631032387F823314E4B93F82E30002B19
:201580001ED0B7F826315A1CA7F826211A46022107F59473A3F58A73995407F59473A3F558
:2015A00090731B68190EB7F826315A1CA7F826211A46C9B207F59473A3F58A7399540BE0D1
:2015C000B7F826315A1CA7F826211A46022107F59473A3F58A73995407F59473A3F5907303
:2015E0001B68190CB7F826315A1CA7F826211A46C9B207F59473A3F58A73995407F594737E
:20160000A3F590731B68190AB7F826315A1CA7F826211A46C9B207F59473A3F58A739954C7
:20162000B7F826315A1CA7F826211A4607F59473A3F590731B68D9B207F59473A3F58A73A4
:2016400099540023A7F8243118E0B7F8243107F59472A2F58E7212681A44B7F82631591C9E
:20166000A7F826111946127807F59473A3F58A735A54B7F824310133A7F82431B7F8243135
:2016800007F59472A2F5927212689A42DDD8B7F8262107F1140311461846FFF70DFE03469E
:2016A00087F8233197F82331184607F59477BD4680BD00BF880B002080B5D0B000AF07F5FD
:2016C000A073A3F59A73186007F5A073A3F59C73196007F5A073A3F59E731A600023A7F8B7
:2016E0003E31032387F83D31454B93F82E30002B1ED0B7F83E315A1CA7F83E211A460B21B8
:2017000007F5A073A3F59873995407F5A073A3F59C731B68190EB7F83E315A1CA7F83E2138
:201720001A46C9B207F5A073A3F5987399540BE0B7F83E315A1CA7F83E211A460B2107F52A
:20174000A073A3F59873995407F5A073A3F59C731B68190CB7F83E315A1CA7F83E211A4696
:20176000C9B207F5A073A3F59873995407F5A073A3F59C731B68190AB7F83E315A1CA7F8C0
:201780003E211A46C9B207F5A073A3F598739954B7F83E315A1CA7F83E211A4607F5A0736F
:2017A000A3F59C731B68D9B207F5A073A3F598739954B7F83E315A1CA7F83E211A4607F5E7
:2017C000A073A3F5987300219954B7F83E1107F5A073A3F59E7307F5A072A2F59A7207F1E6
:2017E00010001B681268FFF73CFD034687F83D3197F83D31184607F5A077BD4680BD00BF0A
:20180000880B002080B584B000AF78600023FB734FF47A7279680320FFF76AFE0346002B8F
:2018200008D0FB7B0133FB73054B1B8801339AB2034B1A80FB7B18461037BD4680BD00BF43
:20184000B80B002080B586B000AFF860B9607A6000237B740023FB8200237B7500237B825B
:201860007B68C3F1FF1303F57F43FA689A4204D97B7C01337B747B7C2CE07B681B0AFB8248
:201880007B68DBB2002B02D0FB8A0133FB8200237B7519E07B8ABA68D0187A8AFB681344CC
:2018A0004FF480721946FFF74FFE0346002B04D07B7C01337B747B7C0CE07B8A03F580731C
:2018C0007B827B7D01337B757B7D9BB2FA8A9A42E0D87B7C18461837BD4680BD80B586B043
:2018E00000AFF860B9607A600023BB7400233B820023FB820023BB820023FB747B68C3F193
:20190000FF1303F57F43FA689A4204D9BB7C0133BB74BB7C3FE07B681B0A3B827B68DBB2BB
:20192000002B01D07B68FB740023FB8219E0BB8ABA68D018BA8AFB6813444FF480721946DF
:20194000FFF7BAFE0346002B04D0BB7C0133BB74BB7C20E0BB8A03F58073BB82FB8A01339A
:20196000FB82FA8A3B8A9A42E1D3FB7C002B11D0BB8ABA68D018BA8AFB681344FA7C19466C
:20198000FFF79AFE0346002B04D0BB7C0133BB74BB7C00E0BB7C18461837BD4680BDFFFF9E
:2019A00080B584B000AF786039600023FB730023BB7317E07868FFF725FF0346002B04D182
:2019C0007B6803F580537B600AE00123BB73FB7B0133FB73094B5B8801339AB2074B5A8047
:2019E000FFF7A0F97A683B689A4202D2BB7B002BE0D0FB7B18461037BD4680BDB80B0020D4
:201A000080B483B000AF78607B6803F500531A460023C2F810377B6803F500531A46002375
:201A2000C2F814377B6803F500531A460023C2F8183700BF0C37BD465DF8047B704780B423
:201A400083B000AF78607B6803F50053D3F81837002B0CBF01230023DBB218460C37BD4616
:201A60005DF8047B704780B483B000AF78607B6803F50053D3F81837B3F5FA7F0CBF012395
:201A80000023DBB218460C37BD465DF8047B7047B0B582B000AF786039607868FFF7E3FFF8
:201AA0000346002B01D0002333E07B6803F50053D3F81027796813469B0013449B00CA18D2
:201AC0003B6814461D460FCD0FC42B6823607B6803F50053D3F810375A1C104B83FB02133D
:201AE0005911D317CB1A4FF4FA7101FB03F3D31A7A6802F50052C2F810377B6803F50053C6
:201B0000D3F8183701337A6802F50052C2F81837012318460837BD46B0BD00BFD34D6210C1
:201B2000B0B582B000AF786039607868FFF787FF0346002B01D0002333E07B6803F50053E9
:201B4000D3F814273868796813469B0013449B000B4404461D460FCD0FC42B6823607B6874
:201B600003F50053D3F814375A1C104B83FB02135911D317CB1A4FF4FA7101FB03F3D31ADA
:201B80007A6802F50052C2F814377B6803F50053D3F81837013B7A6802F50052C2F818375D
:201BA000012318460837BD46B0BD00BFD34D621080B483B000AF78607B680022C3F8902342
:201BC0007B680022C3F894237B680022C3F8982300BF0C37BD465DF8047B704780B483B01C
:201BE00000AF78607B68D3F89833002B0CBF01230023DBB218460C37BD465DF8047B7047EC
:201C000080B483B000AF78607B68D3F89833032B0CBF01230023DBB218460C37BD465DF897
:201C2000047B704780B582B000AF786039607868FFF7E6FF0346002B01D0002328E07B68D9
:201C4000D3F890337A684FF4987101FB03F31A443B68104619464FF498731A4606F022FB5F
:201C60007B68D3F89033591C0B4B83FB0132CB17D21A13465B001344CA1A7B68C3F8902369
:201C80007B68D3F898335A1C7B68C3F89823012318460837BD4680BD5655555580B582B03F
:201CA00000AF786039607868FFF798FF0346002B01D0002327E07B68D3F8943338687A6831
:201CC0004FF4987101FB03F3134419464FF498731A4606F0E7FA7B68D3F89433591C0C4B4A
:201CE00083FB0132CB17D21A13465B001344CA1A7B68C3F894237B68D3F898335A1E7B684D
:201D0000C3F89823012318460837BD4680BD00BF5655555580B582B000AF78607B681B68E4
:201D200040F2C172934206D0B3F5F86F0DD9A3F2FA73012B09D8094B00221A70084B00221A
:201D40001A60786800F022FE03E0064B01221A7000BF00BF0837BD4680BD00BF503C0020D0
:201D6000844400208C36002080B500AF10491148FFF7D6FE0346002B18D00D48FFF7CAFFC9
:201D80000C4B03F50053D3F81837002B0ED1094B03F50053D3F81027064B03F50053D3F875
:201DA00014379A4202D00348FFF72AFE00BF80BD78360020C00B002080B500AF564B1B78F4
:201DC000042B00F2988001A252F823F0E11D0000F31D0000291E0000391E0000911E00006F
:201DE0004E4B1B78652B40F08D804B4B01221A7088E04A4B1B78022B03D1494B02221A70D4
:201E00000EE0464B1B78032B03D1454B03221A7006E0424B1B78042B02D1414B04221A702B
:201E20003D4B02221A706EE03C4B1A783D4B1A70394B03221A7066E0384B1A783A4B1A7056
:201E4000384B1B781AB2384B1B781BB21B021BB213431BB29AB2354B1A80344B1A88304BAE
:201E6000A3F82E21314B1B8803339AB22F4B1A802E4B1B88B3F5967F06D92C4B01221A80D7
:201E8000254B00221A703EE0234B04221A703AE0264B1B88013B214AD35C822B24D1234BD6
:201EA0001B88033B9AB2214B1A80204B1B88B3F5FA7F12D81A4BB3F82E311A4617491C4843
:201EC000FEF7CEFC144B00221A70184B01221A8013491848FFF7A6FE15E00F4B00221A70C7
:201EE000124B01221A800EE00B4B00221A700F4B01221A8007E0084B00221A700B4B012262
:201F00001A8000E000BF094B1B881A4603490020FEF798FE00BF80BDD83600203C3900207B
:201F2000DC360020693A00206A3A002048070020DD360020DC32002080B58AB000AF786022
:201F40000023FB8400237B847B68B3F82E31053B3B84002387F825307B681B78042B73D0F2
:201F6000042B00F33181022B02D0032B11D02BE19A4B01221A709A4B00221A70994B00224A
:201F80001A707B680133482219469748FEF768FC1FE1964B00221A70954B00221A60954BB6
:201FA00001221A707B68B3F82E310D2B00F20E8100233B747B685B781A467B689B781B02D3
:201FC0001A437B68DB781B041A437B681B791B061343FB607B685B79BB7400237B747B68CE
:201FE000991DBB7C1A4607F10C030C331846FEF737FCFB6840F2FA7293420CD0FB6840F281
:20200000FB72934207D0FB6840F2C172934213D13B7E042B10D107F10C03184600F0B6FC56
:20202000FB6840F2C17293420DD107F10C0319460420FEF733F906E007F10C03194604200A
:20204000FEF72CF9C2E0C1E0684B00221A70684B00221A60674B01221A707B685B781A4600
:202060007B689B781B021A437B68DB781B041A437B681B791B061343FB607B685B79BB740F
:202080005D4B05221A803B8CDB08FB843B8C03F007037B84594B1A883B8C13449AB2574B99
:2020A0001A8042E0002387F8253014E0524B1B885A1C91B2504A1180194697F825307A6830
:2020C0000A44527828333B4403F8102C97F82530013387F8253097F82530072BE6D9FB8C8F
:2020E000013BFB84FB6840F2FA7293420CD0FB6840F2FB72934207D0FB6840F2C172934228
:2021000008D13B7E042B05D107F10C03184600F03DFC05E007F10C0319460420FEF7BEF880
:202120004FF47A71052005F0FDFDFB8C002BB9D17B8C002B4CD07B8CDBB2BB74002387F86E
:20214000253014E02C4B1B885A1C91B22A4A1180194697F825307A680A44527828333B4447
:2021600003F8102C97F82530013387F8253097F825309BB27A8C9A42E4D800237B84FB68E8
:2021800040F2FA7293420CD0FB6840F2FB72934207D0FB6840F2C172934209D13B7E042BE3
:2021A00006D107F10C0319461548FFF771FC05E007F10C0319460420FEF770F84FF47A7128
:2021C000052005F0AFFD03E000BF02E000BF00E000BF00BF2837BD4680BD00BF6B3A002075
:2021E0006D3A00206C3A002090360020503C002084440020683A0020703A00206E3A002084
:20220000C00B002080B500AF0D490E48FFF746FD0346002B12D00A48FFF78EFE094BD3F8C1
:202220009833002B0AD1074BD3F89023054BD3F894339A4202D00348FFF7BAFC00BF80BD7A
:202240000C380020DC32002080B584B000AF7860654B00221A807B689B7906339AB2634B66
:202260001A80614B1B885A1C91B25F4A11801A465F4B652199545C4B1B885A1C91B25A4A5E
:2022800011801A465A4B02219954584B1988564B1B885A1C90B2544A10801A46C9B2544BB0
:2022A0009954524B1B881B0A99B24F4B1B885A1C90B24D4A10801A46C9B24D4B99547B6822
:2022C0001968494B1B885A1C90B2474A10801A46C9B2474B99547B681B68190A424B1B885A
:2022E0005A1C90B2404A10801A46C9B2404B99547B681B68190C3C4B1B885A1C90B23A4AC8
:2023000010801A46C9B23A4B99547B681B68190E354B1B885A1C90B2334A10801A46C9B290
:20232000334B9954304B1B885A1C91B22E4A11801A467B6899792E4B99540023FB730FE017
:20234000FA7B294B1B88591C88B22749088019467B6813441A7B264B5A54FB7B0133FB73E5
:202360007B689B79FA7B9A42EAD30023BB730CE01D4B1B885A1C91B21B4A11801A461C4B9A
:2023800000219954BB7B0133BB73BB7B002BEFD0154B1B885A1C91B2134A11801A46144B0E
:2023A00000219954104B1B885A1C91B20E4A11801A460F4B002199540B4B1B885A1C91B2F5
:2023C000094A11801A460A4B82219954064B1B881A4607490020FEF7E3FB034B00221A8033
:2023E00000BF1037BD4680BD363C0020383C0020743A002080B483B000AF0346FB7197F948
:202400000730002B12DBFB7903F01F020A4997F907305B09012000FA02F2203341F8232089
:20242000BFF34F8F00BFBFF36F8F00BF00BF0C37BD465DF8047B704700E100E080B483B026
:2024400000AF0346FB7197F90730002B0CDBFB7903F01F02074997F907305B09012000FA21
:2024600002F2603341F8232000BF0C37BD465DF8047B704700E100E080B400AFBFF34F8F95
:2024800000BF064BDB6803F4E0620449044B1343CB60BFF34F8F00BF00BFFDE700ED00E0D4
:2024A0000400FA0580B485B000AF786039600023FB600023FB72FB68DB43FB601FE07B68C4
:2024C0005A1C7A601B781A46FB685340FB600823FB7209E0FB685A08FB6803F0010359422D
:2024E0000C4B0B405340FB60FB7A013BDBB2FB7297F90B30002BEDDA3B68013B3B603B68C7
:20250000002BDCD1FB68DB4318461437BD465DF8047B70472083B8ED80B485B000AF7860F3
:2025200039600023FB600023FB72FB68DB43FB6021E07B681B78DBB21A46FB685340FB6063
:202540007B6801337B600823FB7209E0FB685A08FB6803F0010359420C4B0B405340FB60BE
:20256000FB7A013BDBB2FB7297F90B30002BEDDA3B68013B3B603B68002BDAD1FB68DB437F
:2025800018461437BD465DF8047B70472083B8ED80B582B000AF7860084611461A46034680
:2025A000FB700B46BB7013467B70144AFB781373124ABB785373124B1A78104B9A730F4A94
:2025C0007B6813600D4B03229A710E4B1B78DBB2012B03D10948FFF737FE0AE0FB78082B98
:2025E00002D10648FFF730FE7B7804491846FDF755FE00BF0837BD4680BD00BF3C3C00201C
:202600007C0B0020683A002080B582B000AF00237B600623FB70142213490020FFF75EF9AA
:202620000346002B1AD1104B9B7CAA2B14D10423AA22042140F2FC70FFF7AAFF00237B60BC
:2026400002E07B6801337B607B6842F20F729342F7D90523FB7001E00423FB70FB78184692
:202660000837BD4680BD00BF543C002080B584B000AF0623FB7300233B600023BB6000239E
:202680007B605C4B9B7CAA2B67D14FF480510020FFF786F90346002B57D1574B1A78554B7B
:2026A0001A70554B5A78534B5A70524BFF229A74504BAA22DA74504BD3F806304D4AC2F848
:2026C00006304D4BD3F802304A4AC2F802304A4BD3F80E30474AC2F80E30474BD3F80A30F1
:2026E000444AC2F80A30142242490020FFF7AAF80346002B21D114223F490020FFF7EEF8BF
:202700000346002B11D114223B493A48FEF7C7F80346002B01D1FFF7AFFE0423FF22082119
:2027200040F2FC70FFF734FF5FE00423FF22082140F2FC70FFF72CFF57E00423FF220821BB
:2027400040F2FC70FFF724FF4FE00423FF22082140F2FC70FFF71CFF47E0264BDB7CAA2BAF
:2027600034D1142224490020FFF7B8F80346002B18D1214B1B78002B08D11F4BD3F8023024
:20278000BB601D4BD3F806307B600BE01A4B5B78002B07D1184BD3F80A30BB60164BD3F805
:2027A0000E307B60B9684FF48030FFF7B5FE38603A687B689A4206D1FEF7B4FA00F0FEFEE4
:2027C00000F078FE11E00223FB730EE04FF480331A680A4B1340B3F1005F04D100F06AFED1
:2027E0000323FB7301E00223FB73FB7B18461037BD4680BD543C0020A04400200000FE2F95
:2028000080B500AFFEF78EFAFFF7AEFAFFF7FAFC224B1B680A2B15D9214B00221A701F4B38
:2028200000221A601F4B00221A601F4B00221A600423FF220A2140F2FC70FFF7A9FE1B4BDC
:2028400001221A70194B1B78012B15D1184B1B78DBB2012BD6D1164B00221A700F4B0022E3
:202860001A600F4B01221A700423FF22092140F2FC70FFF78DFEC5E7094B1B78012BC1D1F5
:202880000B4B1B78DBB2012BBCD1044B1B680133024A1360064B00221A70B3E784440020C5
:2028A00080440020683C00206C3C0020503C0020800B002080B582B000AF0623FB71FFF7B0
:2028C000D5FE0323FB71FB7918460837BD4680BD80B500AF274B01221A70FEF723FA254BBD
:2028E0001B78012B15D1244B1B78DBB2012B21D1214B00221A70214B00221A60204B0122D8
:202900001A700423FF22092140F2FC70FFF740FE10E01B4B1B78012B0CD1174B1B78DBB275
:20292000012B07D1154B1B680133144A1360124B00221A70FFF718FAFFF764FC0F4B1B6867
:20294000322BCAD90E4B00221A700C4B00221A600C4B00221A600C4B00221A600423FF2251
:202960000A2140F2FC70FFF713FE024B01221A70B3E700BF503C0020800B002084440020F5
:2029800080440020683C00206C3C002080B588B000AF78607B681B6840F2FB72934250D0D9
:2029A00040F2FB72934200F2948040F2FA7293420DD040F2FA72934200F28B8040F26662E3
:2029C000934242D040F2C172934257D081E07B681B7B002B02D100F051F97CE07B681B7BC8
:2029E000012B03D1786800F07DF974E07B681B7B032B02D100F044FB6DE07B681B7B042B9F
:202A000002D100F07BFC66E07B681B7B052B02D100F0F2FC5FE07B681B7B062B02D100F030
:202A200067F858E07B681B7B072B03D1786800F00FFC50E07B681B7B082B4CD1FFF716FEA2
:202A400049E0786800F05CFA48E040F22373FB600823BB7407F10C030C330822214918464A
:202A6000FDF7FEFE07F10C0319460420FDF716FC07F10C031846FFF7E7FB2FE07B681B7B11
:202A8000002B03D0184B01221A7002E0164B00221A707B681B7B042B1FD17B685B7BAA2B13
:202AA0001BD1124B40F2C2721A60104B02229A710E4B04221A730D4BAA225A730A4B0122EE
:202AC0001A700A490420FDF7E9FB0848FFF7BCFB03E000BF02E000BF00E000BF00BF203728
:202AE000BD4680BDDC440020513C0020B844002080B584B000AF4FF48053FB604FF480330E
:202B0000BB6000237B60142257490020FEF7E6FE0346002B40F08F80534B1B78002B14D1D9
:202B20004FF48053FB604FF48033BB604F4BD3F802307B604D4BD3F802304D4A13604B4B6C
:202B4000D3F806304B4A136075E0474B5B78002B71D14FF40123FB604FF48033BB60434BE4
:202B6000D3F80A307B60414BD3F80A30404A13603E4BD3F80E303F4A13605CE07B68B3F592
:202B8000806F2ED34FF480623B49F868FEF7A6FE0346002B1DD14FF480623749B868FDF788
:202BA000D9FC0346002B0CD1FB6803F58063FB60BB6803F58063BB607B68A3F580637B6004
:202BC00039E00423FF22062140F2FC70FFF7E0FC34E00423FF22062140F2FC70FFF7D8FC12
:202BE0002CE07A682449F868FEF778FE0346002B1AD17A682049B868FDF7ACFC0346002BD5
:202C00000AD1FA687B681344FB60BA687B681344BB6000237B600EE00423FF22062140F2DE
:202C2000FC70FFF7B5FC06E00423FF22062140F2FC70FFF7ADFC7B68002B9FD17B68002B63
:202C400007D10423AA22062140F2FC70FFF7A0FC06E00423FF22062140F2FC70FFF798FCD5
:202C600000BF1037BD4680BDA0440020543C0020743C0020783C00208040002080B500AFF2
:202C8000134B40F2FC721A60114B05229A71104B00221A730F4BAA221A700E4B79225A80A6
:202CA00004220C490C48FDF7DBFD0C4B1B78DBB2012B03D10648FFF7C7FA03E004490420A9
:202CC000FDF7ECFA064B00221A7000BF80BD00BFB844002088440020C5440020683A00206F
:202CE000503C002080B582B000AF78607B685A7B7C4B9A7414227C490020FEF7EFFD034668
:202D0000002B40F0E380784B1B78002B48D1774B4FF401221A60764B4FF401221A60754B58
:202D20004FF441221A607B689B7B1A467B68DB7B1B021A447B681B7C1B041A447B685B7CB5
:202D40001B0613441A46674BC3F80A20674B1B68684A126811461846FEF722FE0346002B65
:202D600016D1654B00221A60644B00221A605D4B01221A705B4B00225A705A4BAA22DA742F
:202D80000423AA22012140F2FC70FFF701FCA4E00423FF22012140F2FC70FFF7F9FB9CE09B
:202DA000514B5B78002B48D1504B4FF480521A604F4B4FF480521A604E4B4FF480221A6015
:202DC0007B689B7B1A467B68DB7B1B021A447B681B7C1B041A447B685B7C1B0613441A465D
:202DE000404BC3F80220414B1B68424A126811461846FEF7D5FD0346002B16D13E4B0022D4
:202E00001A603E4B00221A60364B00221A70354B01225A70334BAA22DA740423AA220121CC
:202E200040F2FC70FFF7B4FB57E00423FF22012140F2FC70FFF7ACFB4FE02C4B4FF48052B8
:202E40001A602B4B4FF480521A602A4B4FF480221A607B689B7B1A467B68DB7B1B021A4412
:202E60007B681B7C1B041A447B685B7C1B0613441A461C4BC3F802201C4B1B681D4A1268BA
:202E800011461846FEF78CFD0346002B16D11A4B00221A60194B00221A60124B00221A709A
:202EA000104B01225A700F4BAA22DA740423AA22012140F2FC70FFF76BFB0EE00423FF2211
:202EC000012140F2FC70FFF763FB06E00423FF22012140F2FC70FFF75BFB00BF0837BD46A3
:202EE00080BD00BF8C440020A04400204C0700205007002054070020683C00206C3C0020F1
:202F000080B582B000AF7860534B1B68534A98187B6803F10C017B689B791A46FDF7A0FC8A
:202F20007B689B791A464C4B1B6813444A4A13607B689B791A464A4B1B681344484A1360F7
:202F4000454B1B68B3F5806FC0F08280454B1B684FF4806241491846FEF774FC0346002B1C
:202F60006FD1414B1B684FF4806240491846FEF7B5FC0346002B5CD14FF4806237493B4887
:202F8000FDF78DFC0346002B4BD1394B40F2FC721A60374B05229A712F4B00221A60344B3D
:202FA00002221A734FF480613048FFF77BFA0346304A13602F4B1B681B0EDAB22C4B1A746C
:202FC0002C4B1B681B0CDAB2294BDA73294B1B681B0ADAB2264B9A73264B1B68DAB2244B6E
:202FE0005A73254B1B78DBB2012B09D1234B1B8801339AB2214B1A801D48FFF725F903E07B
:203000001B490420FDF74AF9164B1B6803F58063144A1360144B1B6803F58063124A1360D5
:2030200016E00423FF22022140F2FC70FFF7B0FA0EE00423FF22022140F2FC70FFF7A8FA62
:2030400006E00423FF22022140F2FC70FFF7A0FA00BF0837BD4680BD683C0020803C002013
:203060006C3C00204C0700205007002080400020B8440020703C0020683A0020E4440020CC
:2030800080B582B000AF674A674B1A60674B1B68002B20D1664BD3F80220664B1B689A423E
:2030A00006D0634BD3F80A20624B1B689A4207D10423AA22032140F2FC70FFF769FAADE018
:2030C0000423FF22032140F2FC70FFF761FA594B00221A60A2E0584B1B68544A12685149FB
:2030E0001846FEF7AFFB0346002B40F08F80534B1B684E4A126852491846FEF7EFFB0346CC
:20310000002B7BD1494B1B681A4646494C48FDF7C6FB0346002B40F081804A4B40F2FC720F
:203120001A60484B05229A71404B1B6819464448FFF7B8F90346444A1360434B1B681B0E2C
:20314000DAB2404B1A74404B1B681B0CDAB23D4BDA733D4B1B681B0ADAB23A4B9A733A4B61
:203160001B68DAB2374B5A73384B1B78DBB2012B03D13448FFF768F803E032490420FDF706
:203180008DF82D4B1A68294B1B6813442A4A13602A4B1A68254B1B681344284A1360002332
:2031A0007B6002E07B6801337B607B684CF24F329342F7D91E4BD3F802201E4B1B689A42FB
:2031C00006D01B4BD3F80A201A4B1B689A420AD1164B00221A600423AA22032140F2FC706D
:2031E000FFF7D6F91AE00423FF22032140F2FC70FFF7CEF90F4B00221A600FE00423FF221C
:20320000032140F2FC70FFF7C3F907E00423FF22032140F2FC70FFF7BBF9FFE700BF0837BB
:20322000BD4680BD803C0020B4440020683C00208C4400206C3C00204C07002050070020F4
:2032400080400020B8440020703C0020683A002080B584B000AF7860244B40F2FC721A606B
:20326000224B02229A717B685B7B1A467B689B7B1B021A447B68DB7B1B041A447B681B7CF5
:203280001B061344FB601A4B1B78002B04D1184AFB68C2F8063007E0154B5B78002B03D195
:2032A000134AFB68C2F80E30124B1B6819464FF48030FFF731F903460F4A13600E4B1B6813
:2032C000FA689A4207D10423AA22072140F2FC70FFF75EF906E00423FF22072140F2FC70DE
:2032E000FFF756F900BF1037BD4680BDB8440020A0440020743C00207C3C002080B588B00E
:2033000000AF394B1B78012B0CD1384BD3F80230354AC2F80230354BD3F80630324AC2F83C
:2033200006300FE0304B5B78012B0BD12F4BD3F80A302D4AC2F80A302C4BD3F80E302A4A34
:20334000C2F80E304FF480510020FEF729FB0346002B3ED13B46142223491846FDF780FAB6
:20336000142221492248FDF77BFA3B46214A13603B46142219460020FEF764FA0346002B7E
:203380001FD1142219490020FEF7A8FA0346002B0FD1142215491448FDF781FA0346002BC7
:2033A0001ED10423AA22042140F2FC70FFF7F0F816E00423FF22042140F2FC70FFF7E8F8B3
:2033C0000EE00423FF22042140F2FC70FFF7E0F806E00423FF22042140F2FC70FFF7D8F86F
:2033E00000BF2037BD4680BD8C440020A0440020543C0020B444002080B500AF4FF4A021D3
:203400004FF48030FDF70CF90346002B07D10423AA22052140F2FC70FFF7BAF806E0042308
:20342000FF22052140F2FC70FFF7B2F800BF80BD80B500AF0E221D494FF44820FDF710F9E9
:203440000346002B30D1194B1B78012B20D1174B5A79174B1A70154B9A79154B5A70134BC7
:20346000DA79134B9A70114B1A7A114BDA700F4B5A7A0F4B1A710D4B9A7A0D4B5A710B4B03
:20348000DA7A0B4B9A71094B1A7B094BDA710BE0074BFF221A70064B01225A71044B022255
:2034A0009A71034B0022DA7100BF80BDCC440020DC44002080B586B000AF3A4BBB6072B6F8
:2034C00000BF394B00229A8000BF374B9B889BB2002BFAD1344B00229A8200BF324B9B8AA8
:2034E0009BB2002BFAD1314B00221A604FF0FF30FEF780FF4FF0FF30FEF7A0FF00237B618E
:2035000008E02B4A7B69C033002142F823107B6901337B617B695F2BF3D900233B6110E00C
:20352000244A3B6920334FF0FF3142F82310214A3B6960334FF0FF3142F823103B690133F4
:203540003B613B69072BEBD90023FB6007E0184AFB68134400221A70FB680133FB60FB68B3
:203560000F2BF4D900233B603B6883F31488BFF36F8F00BF00BF104B4FF480329A60BFF3A7
:203580004F8F00BF4FF480331B687B607B6883F3088800BFBB681B68984700BF1837BD46FC
:2035A00080BD00BF04000100000D004010E000E00060004000E100E000ED00E080B500AFDB
:2035C000FDF72EFAFDF7AAFAFCF794FE00BF80BD80B500AFFDF788F800BF80BD80B582B0FB
:2035E00000AF0346FB71FB79022B03D10349044801F0FCFC00BF0837BD4680BD708500003E
:20360000F844002080B500AFFFF7E2FF0023184680BDFFFF80B586B000AF786039607B6869
:203620007B613968786900F070F838613B69002B01D03B6932E03B681B791A4ADB01DBB2E1
:2036400093713B681B781A46174B9B5C03F00303FB603B685B781B01DBB2FA681343FB60F1
:203660003B689B781B0303F44053FA681343FB603B68DB781B0203F44073FA681343FB6009
:20368000084BFA6892B25A803B685B79054ADB01DBB213727B69054A1A6000231846183726
:2036A000BD4680BD003408403C8600005444570080B483B000AF7860064B00221A70054B62
:2036C000FF221A70002318460C37BD465DF8047B704700BF0034084080B483B000AF7860C4
:2036E0003960062318460C37BD465DF8047B704780B483B000AF78600B46FB7006231846A8
:203700000C37BD465DF8047B704780B483B000AF78603960002318460C37BD465DF8047BB6
:20372000704780B483B000AFEFF303837B607B683B603B88C3F308039BB2DBB2103BDBB2C5
:203740005BB218460C37BD465DF8047B7047FFFF80B483B000AF03463960FB7197F9073004
:2037600004493A6841F8232000BF0C37BD465DF8047B70474C46002080B483B000AF03463D
:20378000FB7197F90730044A52F8233018460C37BD465DF8047B70474C46002080B483B0C3
:2037A00000AF0346FB710B4997F9073003F1C00251F8223023F4803341F82230054A97F905
:2037C0000730C03352F8233000BF0C37BD465DF8047B70470060004080B584B000AF034691
:2037E000FB7197F907301846FFF7D8FFBFF35F8F00BF97F90730FB60FB6803F01F02074923
:2038000097F907305B09012000FA02F2603341F8232000BF1037BD4680BD00BF00E100E099
:2038200080B584B000AF0346B9607A60FB73BB68DAB2094997F90F301201D2B20B4483F895
:20384000002397F90F3079681846FFF781FF00BF1037BD4680BD00BF00E100E080B485B092
:2038600000AF0346FB7197F90730FB60FB6803F01F020749FB685B09012000FA02F241F8EC
:20388000232000BF1437BD465DF8047B704700BF00E100E080B582B000AF0346FB7197F972
:2038A00007301846FFF798FF97F907301846FFF7D5FF00BF0837BD4680BDFFFF80B485B052
:2038C00000AF0346FB7197F90730FB60FB6803F01F020B4997F907305B09012000FA02F25D
:2038E000203341F82320BFF34F8F00BFBFF36F8F00BF00BF1437BD465DF8047B704700BFE4
:2039000000E100E080B584B000AF0346B9607A60FB7397F90F307A68B9681846FFF780FF7F
:2039200097F90F301846FFF7B5FF00BF1037BD4680BDFFFF80B584B000AF786039600023C0
:20394000FB607B68BB60386800F0CFF8F860FB68002B01D0FB6822E0BB683A685A603B6879
:203960009A69BB685A623B68DA69BB68DA62BB6800229A62BB685B681B7803F5800303F5F3
:203980008D531B021A46BB689A60B86800F00AF9B86800F055FABB68034A1A60FB68184690
:2039A0001037BD4680BD00BF4950535280B586B002AFF860B9607A60FB70FB7800937B68C8
:2039C000BA680021F86800F0DFFA034618461037BD4680BD80B586B002AFF860B9607A60E6
:2039E000FB70FB7800937B680022B968F86800F0CBFA034618461037BD4680BD80B586B082
:203A000002AFF860B9607A603B603B7E00933B687A68B968F86800F0B7FA0346184610372E
:203A2000BD4680BD80B584B000AF78607B68FB60FB6800221A60FB685B685B69002B0AD02A
:203A4000FB685B685B699B681B6AFA6852685269126810469847FB685B681B69002B0AD0BF
:203A6000FB685B681B699B681B6AFA6852681269126810469847FB685B6893F90230002BBF
:203A800006DBFB685B6893F902301846FFF716FFFB685B6893F90130002B06DBFB685B68E3
:203AA00093F901301846FFF709FFFB685B6893F903301846FFF702FFFB685B6893F90430CD
:203AC0001846FFF7FBFEFB689A68137823F040031370FB689B68DB78FB689B680022DA7045
:203AE000002318461037BD4680BD80B586B000AF786000237B617B681B693B617B681B7854
:203B000003F5800303F58D531B020433FB603B69002B19D03B695B681B684FF000621A60E6
:203B20003B695B681B68FA689A603B699B681B683A6910683A6952681146984778617B69AA
:203B4000002B01D07B6928E07B685B69BB60BB68002B21D0BB685B681B684FF400221A6034
:203B6000BB685B681B68FA685A60BB689B681B68BA681068BA6852681146984778617B69AE
:203B8000002B09D03B69002B06D03B699B681B6A3A691268104698477B6918461837BD466A
:203BA00080BDFFFF80B491B000AF78600023FB6300233B620023BB6300237B6300233B638A
:203BC0000023FB620023BB6200237B620023FB61FB6B43F08003FB63FB6B43F02003FB6312
:203BE000FB6B43F01003FB637B685B685B7A002B01D1082300E00023FA6B1343FB637B6819
:203C00005B685B7A002B01D1102300E000237A6B13437B637B685B689B7A1A467B6A13436A
:203C20007B627B685B68DB7A5B007A6A13437B627B685B685B7B1B037A6A13437B627B68A6
:203C40005B681B69002B03D0FB6B43F02003FB637B685B681B6ABB61BB691B78002B14D1F7
:203C60007B685B681B78002B0AD17B685B685B7A002B01D1802300E000237A6A13437B62D0
:203C8000FB6B23F00103FB6303E0FB6B43F00103FB63BB695B78DB01DB431A46FB6B134061
:203CA000FB63BB695B785A00BB695B785B0113431A46FB6B1343FB633B6A23F00F033B62CB
:203CC000BB699B781A46BB69DB7802FA03F33A6A13433B627B6A23F070037B62BB69DB788E
:203CE0001B017A6A13437B62BB691B79002B0BD0BB6B43F02003BB63BB691B79022B03D180
:203D0000BB6B43F01003BB63BB695B79002B0BD07B6B43F001037B63BB695B79012B03D128
:203D20007B6B43F002037B63BB699B791A46FB691343FB61BB691B7AC3F30103DBB29B003E
:203D40007A6A13437B627B685B685B7A002B0CD17B6A43F460437B62BB695B7A3B63BB6972
:203D60009B7AFB62BB69DB7ABB6200237B61EFF310833B613B697B610123FB60FB6883F353
:203D8000108800BF2D4B5A687B685B681B78C3F11303012101FA03F3DB43284913404B60EF
:203DA000264B5B687B69BB60BB6883F3108800BF7B689B68DB787B689B680022DA707B6872
:203DC0009B68FA6BD2B21A707B689B683A6AD2B25A707B689B68BA6BD2B29A707B689B6816
:203DE000BA69D2799A727B689B683A6BD2B21A737B689B68FA6AD2B25A737B689B68BA6A08
:203E0000D2B29A737B689B687A6BD2B2DA737B689B687A6A92B21A827B689B68FA69D2B2FE
:203E200083F820207B689B68102283F8212000BF4437BD465DF8047B704700BF00400840E4
:203E400080B582B000AF78607B685B6893F90230002B0ADB7B685B6893F902007B685B6826
:203E60009B797A681946FFF74DFD7B685B6893F90130002B0ADB7B685B6893F901007B6824
:203E80005B685B797A681946FFF73CFD7B685B6893F904007B685B681B7A7A681946FFF773
:203EA00031FD7B685B6893F903007B685B68DB797A681946FFF7B4FC00BF0837BD4680BD80
:203EC00080B487B000AF78607B689B68DB7ADBB27B617B689B681B8A9BB2FB607B6893F8AB
:203EE00020300F2B08D97B6923F040037B617B6943F020037B610DE07B6893F82030072B4E
:203F000004D87B6943F040037B6103E07B6923F060037B617B6893F820303B613B690F2B3E
:203F200004D93B6901339B08053B3B61FB6823F47063FB603B691B02FA681343FB607B68EE
:203F40009B687A69D2B2DA727B689B68FA6892B21A8200BF1C37BD465DF8047B704780B4AF
:203F600083B000AF78607B689B681B78DAB27B689B6842F06002D2B21A7000BF0C37BD46F5
:203F80005DF8047B7047FFFF80B588B000AFF860B9607A603B60FB68FB61FB699B681B78DD
:203FA000DBB203F04003002B01D0082306E1FB69BA68DA60FB697A681A61FB6900225A616E
:203FC000FB6900229A61FB693A68DA61FB6997F8282083F82020FB695B685B69002B6DD0D6
:203FE000FB693A689A61FB6993F820300F2B0AD9FB695B685B695B681A68D378022161F372
:204000000513D37018E0FB6993F82030072B09D8FB695B685B695B681A68D37823F030033A
:20402000D37009E0FB695B685B695B681A68D378012161F30513D370FB695B685B695B685A
:204040001A689378022161F383039370FB695B685B695B681B683A6892B2DA81FB695B683A
:204060005B695B681B687A689A607B68002B0FD1FB695B685B695B681A68937823F00C030F
:204080009370FB695B685B695B681B684D4A9A60FB695B685B699B685B68FA6952685269D2
:2040A0001068FA69526852695268126811469847B861BB69002B01D0BB697FE0FB695B6863
:2040C0001B69002B73D0FB693A685A61FB6993F820300F2B0AD9FB695B681B695B681A68E1
:2040E000D378022161F30513D37018E0FB6993F82030072B09D8FB695B681B695B681A6869
:20410000D37823F03003D37009E0FB695B681B695B681A68D378012161F30513D370FB6972
:204120005B681B695B681A68D378022161F38303D370FB695B681B695B681B683A6892B291
:20414000DA81FB695B681B695B681B68BA685A60BB68002B0FD1FB695B681B695B681A6819
:20416000D37823F00C03D370FB695B681B695B681B68154A5A60FB699A68137823F020035E
:204180001370FB695B681B699B685B68FA69526812691068FA6952681269526812681146F8
:2041A000984778617B69002B01D07B6906E0F869FFF786FEF869FFF7D2FE002318462037C3
:2041C000BD4680BDFC4500200046002080B485B000AF78607B689B69FB607B68DB69FA681D
:2041E0009A4234D07B681B69002B03D17B689B685B6827E07B6893F820300F2B09D97B680C
:204200009A687B681969FB689B000B4452681A6018E07B6893F82030072B09D87B689A6808
:204220007B681969FB680B441279D2B21A7009E07B689A687B681969FB685B000B44928874
:2042400092B21A80FB685A1C7B689A6100E000BF1437BD465DF8047B704780B485B000AF39
:2042600078607B685B69FB607B68DB69FA689A4233D07B68DB68002B04D17B689B680022CE
:204280005A6025E07B6893F820300F2B09D97B68DA68FB689B001A447B689B6812685A60EA
:2042A00016E07B6893F82030072B08D87B68DA68FB681A447B689B6812781A7108E07B688C
:2042C000DA68FB685B001A447B689B6812889A80FB685A1C7B685A6100E000BF1437BD4682
:2042E0005DF8047B704790B587B000AF78600B46FB707B689B6A7B617B69002B03D107F1D5
:2043000008037B6105E07A6907F1080307CA83E807007B685B681B781A467B691A607B69CD
:20432000FA781A717B68DA6A7B699A607B685B6A786998477B689B6A002B08D07B689B6A40
:204340001C4607F1080393E8070084E8070000BF1C37BD4690BD80B582B000AFFFF7E1F9BB
:204360000346FB7197F907301846FFF717FA97F907301846FFF700FA38603868FFF726FFF4
:204380003B689A693B68DB699A4206D13B685B6893F903301846FFF761FA00BF0837BD4608
:2043A00080BD80B584B000AFFFF7BBF90346FB7397F90F301846FFF7F1F997F90F3018460D
:2043C000FFF7DAF9B860BB685B681B6A7B607B68002B1ED07B685B78012B1AD1BB685A6907
:2043E000BB68DB69013B9A4207D1BB685B6893F903301846FFF74EFA0BE0BB685B681B69D0
:20440000002B06D0BB685B6893F903301846FFF725FAB868FFF721FF00BF1037BD4680BD07
:2044200080B582B000AFFFF77CF90346FB7197F907301846FFF7B2F997F907301846FFF765
:204440009BF938603B689B68DB78C3F34003DBB2002B04D03B685B685B7A012B28D197F9C2
:2044600007301846FFF72AFA3B685B6893F90230002B06DB3B685B6893F902301846FFF7E5
:204480001DFA3B689A68137823F0400313703B685B6893F90230002B06DB3B685B6893F9DA
:2044A00002301846FFF7F6F901213868FFF71BFF00BF0837BD4680BD80B584B000AFFFF769
:2044C00030F90346FB7397F90F301846FFF754F9B860BB685B6893F90230002B06DBBB68A1
:2044E0005B6893F902301846FFF7E8F9BB689A68137823F040031370BB685B6893F90230D9
:20450000002B06DBBB685B6893F902301846FFF7C1F9BB689B68DB78FB71BB689B680022B0
:20452000DA70FB7903F00803DBB2002B03D00521B868FFF7D8FEFB7903F00103DBB2002BFF
:2045400003D00421B868FFF7CEFEFB7903F00403DBB2002B09D0FB7903F01003DBB2002B50
:2045600003D00821B868FFF7BEFE97F90F301846FFF714F900BF1037BD4680BD80B483B090
:2045800000AFEFF303837B607B683B603B88C3F308039BB2DBB2103BDBB25BB218460C37C7
:2045A000BD465DF8047B704780B483B000AF03463960FB7197F9073004493A6841F82320D7
:2045C00000BF0C37BD465DF8047B70474C46002080B483B000AF0346FB7197F90730044AB9
:2045E00052F8233018460C37BD465DF8047B70474C46002080B483B000AF0346FB710B491E
:2046000097F9073003F1C00251F8223023F4803341F82230054A97F90730C03352F8233087
:2046200000BF0C37BD465DF8047B70470060004080B584B000AF0346FB7197F90730184658
:20464000FFF7D8FFBFF35F8F00BF97F90730FB60FB6803F01F02074997F907305B090120F9
:2046600000FA02F2603341F8232000BF1037BD4680BD00BF00E100E080B584B000AF034616
:20468000B9607A60FB73BB68DAB2094997F90F301201D2B20B4483F8002397F90F307968B5
:2046A0001846FFF781FF00BF1037BD4680BD00BF00E100E080B485B000AF0346FB7197F903
:2046C0000730FB60FB6803F01F020749FB685B09012000FA02F241F8232000BF1437BD4622
:2046E0005DF8047B704700BF00E100E080B582B000AF0346FB7197F907301846FFF798FF32
:2047000097F907301846FFF7D5FF00BF0837BD4680BDFFFF80B485B000AF0346FB7197F911
:204720000730FB60FB6803F01F020B4997F907305B09012000FA02F2203341F82320BFF361
:204740004F8F00BFBFF36F8F00BF00BF1437BD465DF8047B704700BF00E100E080B58AB0C6
:2047600000AF786039607B687B623B681B7803F5800303F58C531B021A467B6A1A627B6A0E
:2047800000221A707B6A3A68DA613B685A697B6A5A623B689A697B6ADA627B6A00229A62DA
:2047A0007A6A9378012161F3010393703B685B78002B05D17A6A9378022161F301039370A9
:2047C0003968786A00F0C0F9786A00F006F900233B62EFF31083FB60FB683B6201233B618C
:2047E0003B6983F3108800BF474B5A683B681B7819464FF00043CB40DB43434913404B602A
:20480000414B5B683B6A7B617B6983F3108800BF7B6A1B6A00229A707B6A1B6A00221A716A
:204820007B6A1B6A00225A727B6A1B6A00229A727B6A1B6A0022DA727B6A1B6A00225A8347
:204840003B681B781A4640F21923D34003F00103002B03D07B6A1B6A4022DA747B6A1B6AC8
:2048600006221A773968786A00F0C1F87B6A0022DA607B6A00221A617B6A00225A617B6AE9
:2048800000229A613B68DB69FB61FB691B7803F00303BB61BB6943F01003BB617B6ADB69FD
:2048A00093F905301846FFF721FF7B6ADB6993F90B301846FFF71AFFBB6943F04003BB61B0
:2048C0007B6ADB6993F907301846FFF70FFF7B6ADB6993F909301846FFF708FFBB6943F0EA
:2048E0002003BB617B6A1B6ABA69D2B29A70FB695A897B6A1A817B6A044A5A600023184629
:204900002837BD4680BD00BF004008405549435380B487B000AFF860B9607A60FB687B61D9
:2049200000233B617B69BA685A617B697A689A613B6918461C37BD465DF8047B704780B41F
:2049400087B000AFF860B9607A60FB687B617B691B6A9B78DAB27B691B6A02F07B02D2B283
:204960009A707B699B78C3F30103DBB21A467B689A1A7B691A617B699B78C3F30103DBB25B
:204980001A46BB681A447B69DA607B691B6A9B78DAB27B691B6A62F07F02D2B29A707B6962
:2049A0009B7803F00303DBB2022B0AD1BB681B887A69126A6FEAC3536FEAD3539BB2D381A2
:2049C00004E07B691B6ABA681278DA70002318461C37BD465DF8047B704780B483B000AF1C
:2049E000786000BF0C37BD465DF8047B704780B586B000AF786039603B681B781A4640F2FC
:204A00001923D34003F00103002B04D07B681B6A4FF478429A823B689B781A013B68DB7809
:204A2000DB0013437B61F2233B613B685B78032B04D17B6943F040037B6107E03B685B78AC
:204A4000002B03D13B6923F010033B617B681B6A7A69D2B21A707B681B6A3A69D2B29A71FE
:204A60003B68DB69BB60BB681B7B082B04D17B681B6A0A225A7309E0BB681B7B5B00DAB289
:204A80007B681B6A02F00202D2B25A730023FB60BB685B78DB01DBB2FA681343FB60BB6854
:204AA0009B785B0103F02003FA681343FB607B681B6A00221A72BB681B78022B03D0BB686F
:204AC0001B78032B11D17B681B6AFF225A70BB681B78022B03D1FB6843F01003FB607B6842
:204AE0001B6AFA68D2B2DA710DE07B681B6AFA68D2B2DA717B681A6ABB685B681946104678
:204B000000F04FF800BF00BF1837BD4680BD80B582B000AF78600B46FB701346BB7097F993
:204B200002301846FFF7F6FD97F902301846FFF761FDF97897F902307A681846FFF79CFD86
:204B400000BF0837BD4680BD80B582B000AF786039603B68997A3B6893F90B301A46786830
:204B6000FFF7D5FF3B6819793B6893F905301A467868FFF7CCFF3B6899793B6893F90730B6
:204B80001A467868FFF7C3FF3B68197A3B6893F909301A467868FFF7BAFF00BF0837BD468F
:204BA00080BD80B483B000AF786039603B689A787B685A703B685B78C3F30103D9B27A6832
:204BC000137861F3010313703B68DA787B689A747B68DB79DBB223F05C03DAB23B681B7891
:204BE00003F05C03DBB21343DAB27B68DA7100BF0C37BD465DF8047B704790B58BB000AF07
:204C0000F860B9601346FB71FB689B6A7B627B6A002B03D107F114037B6205E07B6A07F187
:204C200014040FCB84E80F00FB68DB691B781A467B6A1A607B6ABA689A607B6AFA791A712A
:204C4000FB68DA6A7B6ADA60FB685B6A786A9847FB689B6A002B07D0FB689B6A1C4607F179
:204C600014030FCB84E80F0000BF2C37BD4690BD80B584B000AFFFF781FC0346FB7397F984
:204C80000F301846FFF7B6FC97F90F301846FFF79FFCB860BB68DB691B69002B30D1BB68BF
:204CA0001B69002B2CD0BB689B7803F00303DBB2022B0BD1BB68DB681B88BA68126A6FEA84
:204CC000C3536FEAD3539BB2D38105E0BB68DA68BB681B6A1278DA70BB681B69BA68927805
:204CE000C2F30102D2B29A1ABB681A61BB68DB68BA689278C2F30102D2B21A44BB68DA609D
:204D0000BB681B69002B1BD1BB681B6A9B78FB71FB7943F00403FB71FB7903F07F03FB713F
:204D2000BB681B6AFA799A70BB680022DA60BB685B6A002B04D080220021B868FFF75DFFB3
:204D400000BF1037BD4680BD80B584B000AFFFF715FC0346FB7397F90F301846FFF74AFCCE
:204D600097F90F301846FFF733FCB860BB689B7803F00303DBB2022B07D1BB681B6A1B8ABB
:204D80009BB2C3F308037B6004E0BB681B6A5B79DBB27B60BB689B69002B0AD1BB685B6A4D
:204DA000002B33D07B6804221946B868FFF725FF2CE0BB685869BB689B78C3F30103DBB2B6
:204DC0001A463B1D194603F06DFABB685B69BA689278C2F30102D2B21A44BB685A61BB68B4
:204DE0009B69BA689278C2F30102D2B29A1ABB689A61BB689B69002B08D1BB685B6A002B37
:204E000004D001220021B868FFF7F7FE00BF1037BD4680BD80B582B000AFFFF7AFFB03462A
:204E2000FB7197F907301846FFF7D2FB38603B681B6A9B78DAB23B681B6A02F07B02D2B2A4
:204E40009A703868FFF7C9FD3B685B6A002B04D0022200213868FFF7D0FE97F907301846B7
:204E6000FFF7C8FB00BF0837BD4680BD80B584B000AFFFF783FB0346BB7297F90A30184611
:204E8000FFF7A6FB78600023FB607B689B7803F00303DBB2022B07D17B681B6A1B8A9BB24A
:204EA000C3F30803FB6004E07B681B6A5B79DBB2FB607B681B6A1B79DBB203F03803FB72AA
:204EC000FB7A03F01003002B0BD07B681B6A1B7FC3F30003DBB2002B03D1FB7A43F040031F
:204EE000FB727B681B6A1B79DAB27B681B6A22F03802D2B21A717868FFF76FFD7B685B6A10
:204F0000002B05D0FB7A1A46F9687868FFF775FE97F90A301846FFF76DFB00BF1037BD4683
:204F200080BDFFFF80B485B000AF0023FB60EFF310837B607B68FB600123BB60BB6883F33A
:204F4000108800BF0D4B1B68002B05D10C4B0022DA700B4B4022DA70084B1B680133074AFE
:204F60001360FB683B603B6883F3108800BF00BF1437BD465DF8047B704700BF484600204B
:204F8000000D084080B485B000AF0023FB60EFF310837B607B68FB600123BB60BB6883F3C0
:204FA000108800BF0F4B1B68002B04D00D4B1B68013B0C4A13600B4B1B68002B05D10A4BAF
:204FC0000022DA70084B8022DA70FB683B603B6883F3108800BF00BF1437BD465DF8047BD7
:204FE000704700BF48460020000D084080B584B000AF786039607B68FB60FB68044A1A6046
:20500000386800F03EF8002318461037BD4680BD54524F5080B487B000AF78600B467B803F
:2050200013467B700023FB820023BB827B8823F0FF037B827B88DBB23B823B8A012202FAE6
:2050400003F3FB817B78002B02D1FB89BB8201E0FB89FB827B8A1B0A9BB2DBB25B0103F1F6
:20506000804303F50023BB60BB8A1A04FB8A1A43BB689A60002318461C37BD465DF8047B2A
:20508000704780B584B000AF7860786800F060F87B68BB60FFF746FF0023FB8111E0BB6855
:2050A0005A68FB89DB0013449888BB685A68FB89DB0013441B68194600F00EF8FB8901332D
:2050C000FB81BB681B88FA899A42E8D3FFF75AFF00BF1037BD4680BD80B483B000AF034680
:2050E0003960FB803B6803F48033002B1CD01749FB881B0A9BB21A46FB88DBB212011A4402
:2051000051F8223023F4803341F822300F48FB881B0A9BB21946FB88DBB23A6822F480327A
:2051200009010B4440F823200849FB881B0A9BB21A46FB88DBB2120113443A6841F823205D
:2051400000BF0C37BD465DF8047B70470008084080B588B000AF7860594B7B61594B3B61BB
:205160000023FB619FE00023BB6195E07B685A68FB69DB0013449A885349BB6931F81330F4
:205180009A4240F086807B685A68FB69DB0013441B6803F0F853FB60FB68B3F1807F03D0CD
:2051A000FB68B3F1106F39D17B6993F8BB34DAB20121BB6901FA03F3DBB21340DBB2002BA6
:2051C00013D1012002F080FF7B6993F8BB34DAB20121BB6901FA03F3DBB21343DAB27B69E5
:2051E00083F8BB24012002F01FFF3B69BA69203213F81230C3F3C013DBB2002B49D13A69C0
:20520000BB6903F1200112F8113043F0800302F811300121C82002F085FD3AE07B6993F812
:20522000BB34DAB20121BB6901FA03F3DBB21340DBB2002B15D0012002F046FF7B6993F878
:20524000BB34DAB20121BB6901FA03F3DBB2DB43DBB21340DAB27B6983F8BB24012002F034
:20526000E3FE3B69BA69203213F81230C3F3C013DBB2002B0DD03A69BB6903F1200112F8E3
:20528000113023F0800302F811300121C82002F049FDBB690133BB61BB69022B7FF666AF6B
:2052A000FB690133FB617B681B881A46FB699342FFF459AF00BF00BF2037BD4680BD00BF0C
:2052C00000E00140003008404486000080B483B000AFEFF303837B607B683B603B88C3F31B
:2052E00008039BB2DBB2103BDBB25BB218460C37BD465DF8047B704780B483B000AF034656
:20530000FB7197F90730044A52F8233018460C37BD465DF8047B70474C46002080B483B027
:2053200000AF0346FB710B4997F9073003F1C00251F8223023F4803341F82230054A97F969
:205340000730C03352F8233000BF0C37BD465DF8047B70470060004080B584B000AFFFF748
:20536000B5FF0346BB7397F90E301846FFF7C4FFB8600023FB73174ABB685B79D35CC3F337
:205380000103DBB2032B02D10123FB7304E097F90E301846FFF7C2FFBB68002B0ED0BB68D3
:2053A0009B68002B0AD0BB685B797B60BB68DB683B60BB689B683A4610469847FB7B002B96
:2053C00004D097F90E301846FFF7A8FF00BF1037BD4680BD0060004080B483B000AFEFF352
:2053E00003837B607B683B603B88C3F308039BB2DBB2103BDBB25BB218460C37BD465DF892
:20540000047B704780B483B000AF03463960FB7197F9073004493A6841F8232000BF0C37BE
:20542000BD465DF8047B70474C46002080B483B000AF0346FB7197F90730044A52F82330AF
:2054400018460C37BD465DF8047B70474C46002080B483B000AF0346FB710B4997F9073085
:2054600003F1C00251F8223023F4803341F82230054A97F90730C03352F8233000BF0C37DE
:20548000BD465DF8047B70470060004080B584B000AF0346FB7197F907301846FFF7D8FF1F
:2054A000BFF35F8F00BF97F90730FB60FB6803F01F02074997F907305B09012000FA02F26A
:2054C000603341F8232000BF1037BD4680BD00BF00E100E080B584B000AF0346B9607A60A3
:2054E000FB73BB68DAB2094997F90F301201D2B20B4483F8002397F90F3079681846FFF7E6
:2055000081FF00BF1037BD4680BD00BF00E100E080B485B000AF0346FB7197F90730FB6056
:20552000FB6803F01F020749FB685B09012000FA02F241F8232000BF1437BD465DF8047B71
:20554000704700BF00E100E080B582B000AF0346FB7197F907301846FFF798FF97F90730D0
:205560001846FFF7D5FF00BF0837BD4680BDFFFF80B485B000AF0346FB7197F90730FB60D8
:20558000FB6803F01F020B4997F907305B09012000FA02F2203341F82320BFF34F8F00BFE8
:2055A000BFF36F8F00BF00BF1437BD465DF8047B704700BF00E100E080B584B000AF034603
:2055C000B9607A60FB7397F90F307A68B9681846FFF780FF97F90F301846FFF7B5FF00BF2F
:2055E0001037BD4680BDFFFF80B584B000AF786039607B68FB603B681B7C1A46012303FAA4
:2056000002F2FB68DA603968F86800F085F83968F86800F0B3F8FB68034A1A600023184644
:205620001037BD4680BD00BF5450470080B485B000AF78607B68FB60FB689B68FA68D26809
:205640009A60002318461437BD465DF8047B704780B485B000AF78607B68FB60FB689B6862
:20566000FA68D2685A60002318461437BD465DF8047B704780B586B000AF78607B687B61C9
:2056800000233B617B695B68DB69FB607B695B6893F91230184600F0D4F9FB6893F9243032
:2056A000184600F0CEF9FB6893F92530184600F0C8F97B6900221A60786900F021F8B86000
:2056C0007B699B687A69D2689A607B699B6800225A63BB6843F425431946786900F005F817
:2056E0003B6918461837BD4680BD80B483B000AF7860396000BF0C37BD465DF8047B704702
:2057000080B483B000AF7860002318460C37BD465DF8047B7047FFFF80B485B000AF78605B
:2057200039607B683A685A607B6801221A747B68DB6803F00603002B02D07B6800221A744B
:205740003B681B7C1A460C4B13441B02FB60FA687B689A603B685A697B685A613B689A69A0
:205760007B68DA617B6800229A6100BF1437BD465DF8047B704700BF9016400080B594B055
:2057800000AF786039603B68DB693B640023FB63EFF31083BB61BB69FB6301237B617B69EB
:2057A00083F3108800BF954B1A693B681B7C19464FF00043CB40DB43904913400B618F4B03
:2057C0001B69FB6B3B613B6983F3108800BF7B689B684FF425421A607B689B680022DA6284
:2057E0007B689B680022DA637B689B6800229A643B681B7ABB63BB6BDB05FB643B685B683D
:20580000013B7B633B681B78032B03D1FB6C43F48033FB647B689B68FA6CDA62786800F02E
:20582000EFF87B689B683A6C9269DA617B689B683A6CD2691A627B689B687A6B9A667B68CE
:205840009B687A6B5A6600233B633B6C9B6BBB644FF0FF33BB600023FB603B681B78002BA8
:2058600006D13B685B685B08013BFB62FB6ABB603B681B78012B07D93B68D96807F1080247
:205880000023786800F00BF97B689B68BA685A657B689B68BA689A653B681B78032B07D9FF
:2058A0007B689B68BA68DA657B689B68BA681A66FB681B043A6B13433B63FB681B063A6BD5
:2058C00013433B633B6C9B6B002B1ED13B6C1B78002B0AD03B6C5B781946386800F054F918
:2058E000B862BA6CBB6A1343BB643B6C9B78002B0BD03B6CDB781946386800F045F978620D
:205900007B6A1B04BA6C1343BB64786800F067F900233B620023FB617B689B683A6A9A63F2
:205920007B689B68FA69C3F888203B6C9B6B002B0DD13B6C93F820305B03BA6C1343BB648A
:205940003B6C93F821305B07BA6C1343BB644FF4AA037B643B6C93F83030002B02D04FF426
:20596000A0037B647B689B687A6C1A643B681B78012B07D17B689B680022DA647B689B68F5
:2059800000221A657B689B687A68D268DA607B689B68BA6C5A637B689B683A6B42F003029F
:2059A0001A637B689B683A6B42F001021A634AF201517868FFF799FE3B6893F912003B684E
:2059C0005B7C7A68194600F054F83B6C93F924003B6C93F822307A68194600F04AF83B6C7E
:2059E00093F925003B6C93F823307A68194600F040F800BF5037BD4680BD00BF004008403B
:205A000080B483B000AF78607B689B684FF000421A617B689B684FF000425A617B689B68AE
:205A20004FF000429A617B689B6800225A627B689B6800229A6200BF0C37BD465DF8047B49
:205A4000704780B582B000AF0346FB7197F90730002B0ADB97F907301846FFF789FD97F9BC
:205A6000073000211846FFF7CDFC00BF0837BD4680BD80B584B000AF0346B9607A60FB73B1
:205A800097F90F30002B06DB97F90F307A68B9681846FFF791FD00BF1037BD4680BD80B4FD
:205AA0008BB000AFF860B9607A603B60FB689B689B6EFB61FB690133FB61BB68002B0CBF3E
:205AC00001230023FB76BA68FB699A422CBF01230023BB76FB7E002B02D1BB7E002B44D05A
:205AE0003B6803F00103002B07D1FB689B685B6BC3F30403DBB27B6206E0FB689B685B6BA4
:205B0000C3F30443DBB27B62FB685B681B78032B09D97B6A03F01003002B0CBF012300232D
:205B200087F8233008E07B6A03F00C03042B0CBF0123002387F82330FB7E002B06D097F8A8
:205B4000233083F00103DBB2002B06D1BB7E002B07D097F82330002B03D07B6802225A6010
:205B60000CE07B6803225A6008E0BB687B617B69013B7B617B687A691A6000BF00BF2C3773
:205B8000BD465DF8047B704780B485B000AF78600B46FB70FB789A01FB781B01134343F4A1
:205BA0008073BB600923FB607B681B78022B0BD07B681B78032B02D10323FB6004E0FB7883
:205BC000002B01D10623FB60BA68FB681343BB60BB6818461437BD465DF8047B704780B4C0
:205BE00085B000AF78607B685B68DB69FB60FB6893F8303003F00103DBB2002B05D0FB686F
:205C00009A6A7B689B68013ADA64FB6893F8303003F00203DBB2002B05D0FB68DA6A7B68C4
:205C20009B68013A1A6500BF1437BD465DF8047B704790B589B000AFF8600B467A60FB72F2
:205C4000FB689B69FB61FB69002B03D107F11003FB6105E0FA6907F1100307CA83E8070021
:205C6000FB69FA7A1A71FB697A689A60FB68DA69FB691A60FB685B69F8699847FB689B692F
:205C8000002B08D0FB689B691C4607F1100393E8070084E8070000BF2437BD4690BD80B599
:205CA00084B000AFFFF798FB0346FB7397F90F301846FFF7CDFB97F90F301846FFF7B6FB02
:205CC000B860BB685B681B78012B20D1B868FFF717FD7860BB689B68BA68D2689A60BB6875
:205CE0009B6800229A64BB689B680022DA64BB689B6800221A657B6843F425431946B86833
:205D0000FFF7F3FC97F90F301846FFF7BFFBBB685B69002B04D000220021B868FFF789FFFA
:205D200000BF1037BD4680BD80B483B000AFEFF303837B607B683B603B88C3F308039BB275
:205D4000DBB2103BDBB25BB218460C37BD465DF8047B704780B487B000AF0346FB710E4B7A
:205D60001B6A7B61FB797A6922FA03F303F007033B617B691B0E03F00703FB60074B1A6887
:205D8000FB689A403B6922FA03F318461C37BD465DF8047B704700BF00E00140D4470020B6
:205DA00080B400AF094B0122A3F80421074BB3F804319BB2002BF9D1044B0122A3F8002127
:205DC00000BFBD465DF8047B704700BF00C0014080B483B000AF03463960FB7197F907308B
:205DE00004493A6841F8232000BF0C37BD465DF8047B70474C46002080B483B000AF034697
:205E0000FB7197F90730044A52F8233018460C37BD465DF8047B70474C46002080B483B01C
:205E200000AF0346FB710B4997F9073003F1C00251F8223023F4803341F82230054A97F95E
:205E40000730C03352F8233000BF0C37BD465DF8047B70470060004080B584B000AF0346EA
:205E6000FB7197F907301846FFF7D8FFBFF35F8F00BF97F90730FB60FB6803F01F0207497C
:205E800097F907305B09012000FA02F2603341F8232000BF1037BD4680BD00BF00E100E0F3
:205EA00080B584B000AF0346B9607A60FB73BB68DAB2094997F90F301201D2B20B4483F8EF
:205EC000002397F90F3079681846FFF781FF00BF1037BD4680BD00BF00E100E080B485B0EC
:205EE00000AF0346FB7197F90730FB60FB6803F01F020749FB685B09012000FA02F241F846
:205F0000232000BF1437BD465DF8047B704700BF00E100E080B582B000AF0346FB7197F9CB
:205F200007301846FFF798FF97F907301846FFF7D5FF00BF0837BD4680BDFFFF80B485B0AB
:205F400000AF0346FB7197F90730FB60FB6803F01F020B4997F907305B09012000FA02F2B6
:205F6000203341F82320BFF34F8F00BFBFF36F8F00BF00BF1437BD465DF8047B704700BF3D
:205F800000E100E080B584B000AF0346B9607A60FB7397F90F307A68B9681846FFF780FFD9
:205FA00097F90F301846FFF7B5FF00BF1037BD4680BDFFFF80B584B000AF786039607B685A
:205FC000FB600023BB60FB683A685A603B681B78002B23D03B685A68FB689A633B68DA686B
:205FE000FB681A64FB680022DA63184B01221A763B6893F911003B681B7CFA681946FFF7B7
:20600000C1FF124B98221A753B6893F913003B689B7CFA681946FFF7B5FF05E00B4B002256
:206020001A760A4B00221A75F86800F073FAB860BB68002B01D0BB6803E0FB68044A1A60A5
:20604000BB6818461037BD4680BD00BF00E07F404E45504F80B586B000AFF860B9607A6043
:206060003B60FB683B6100237B613B685A083B691A633B69BA689A623B697A68DA623B6939
:20608000002283F834207B68B3F1006F04D2386902F062F9786103E0386900F084F97861B2
:2060A0007B6918461837BD4680BD80B588B000AFF860B9607A60FB687B610023FB617B6906
:2060C000002283F83420BB68B3F1006F19D20023BB61BB68B3F5803F06D2BB6823F4FF5381
:2060E00023F01F03BB6105E0BB6823F4FF4323F07F03BB617A68B969786902F031F9F861E3
:206100000EE0BB6823F03F033B617A683969786900F09EFAF861FB69002B01D0FB6900E093
:20612000FB6918462037BD4680BD80B588B000AFF860B9607A603B60FB687B610023FB6146
:20614000BB68B3F1006F1DD27B69002283F834203B6800221A70BB683B610023BB610CE00C
:206160003A69BB6913441B78FF2B03D03B6801221A700EE0BB690133BB61BA697B689A42DD
:20618000EED306E03B687A68B968786900F052F9F861FB6918462037BD4680BD80B483B07D
:2061A00000AF786039600B4BB3F884309BB203F08103002B03D13B6800221A7002E03B6873
:2061C00001221A70002318460C37BD465DF8047B704700BF00E07F4080B487B000AFF860F0
:2061E000B9601346FB80FB687B6100233B6106233B613B6918461C37BD465DF8047B70470C
:2062000080B487B000AFF860B9607A60FB687B6100233B6106233B613B6918461C37BD46FE
:206220005DF8047B704780B485B000AF78607B68FB600023BB600623BB60BB681846143757
:20624000BD465DF8047B704780B584B000AF78607B68FB60F86802F067F8034618461037E3
:20626000BD4680BD80B584B000AF78600B46FB701346BB707B68FB600023BB60BA78FB788D
:206280001946F86802F054F8B860BB6818461037BD4680BD80B485B000AF78607B68FB60B3
:2062A0000023BB600623BB60BB6818461437BD465DF8047B704780B584B000AF78607B682F
:2062C000FB60F86800F026F9034618461037BD4680BDFFFF80B483B000AF786039603B689E
:2062E000094A92E8030083E803003B68074A083392E8030083E80300002318460C37BD467F
:206300005DF8047B704700BF6C8600009C08002080B584B000AF78607B68FB600023BB6011
:20632000FB6800221A60FB685B6893F91130002B06DBFB685B6893F911301846FFF7FEFD1D
:206340000B4B00221A76FB685B6893F91330002B06DBFB685B6893F913301846FFF7EEFD00
:20636000034B00221A75BB6818461037BD4680BD00E07F4080B487B000AFF860B9607A6012
:206380003B60FB687B617B69BA689A637B697A681A647B693A68DA63002318461C37BD4642
:2063A0005DF8047B704780B586B000AF786000237B61786800F08AFA78617B69002B01D054
:2063C0007B6932E07B685B681B78002B06D07B68012283F8342000233B6102E07B68DB68F1
:2063E0003B613A690421786801F0AEFF78617B685B681B78002B01D07B6916E018224FF456
:206400008051786901F0A4FF78617B681B6B002B02D07B69002BE4D001F08EFFF8607B697A
:20642000002B01D1FB687B617B6918461837BD4680BDFFFF80B588B000AFF860B9607A60EA
:206440003B60F86800F042FAF861FB69002B01D0FB6957E02D4B002283F8D0202B4ABB6824
:206460001363BA687B681344284A013B5363284B71221A70264BD0221A70FB685B681B78B0
:20648000002B08D0FB68032283F834203B6802221A70002336E0FB685B697A689208013242
:2064A00002FB03F3BB6108E0BB69002B02D11423FB610AE0BB69013BBB61144BD3F88030F0
:2064C000C3F3C033DBB2012BEED14FF4FC720021F86901F03DFFF8610C4B93F8D430DBB26F
:2064E000012B03D13B6801221A7002E03B6800221A7001F021FF7861FB69002B01D17B69EC
:20650000FB61FB6918462037BD4680BD00E07F4000007E4080B586B000AF78607B68002272
:2065200083F83420424B012283F816241C20FFF711FC78611820FFF70DFC38617B693D4AD4
:20654000934202D84FF4FB736DE07B6903F5742303F23F23384AA2FB03239B0CFB603B69D9
:2065600003F5742303F23F23334AA2FB03239B0CBB60FB689BB2314A03F5F0539BB2A2F8E6
:20658000E430BB6843F6B85202FB03F32C4AA2FB03239A087B689A60BB6840F6D86202FB46
:2065A00003F3274AA2FB03239A087B68DA60BB685B00234AA2FB03239A087B681A61BB6821
:2065C000542202FB03F31E4AA2FB03239A087B685A61BB681B4A02FB03F3194AA2FB032346
:2065E0009A087B689A61BB6844F2506202FB03F3134AA2FB03239A087B685A62BB68124A3D
:2066000002FB03F30E4AA2FB03239A087B681A62BB680E4A02FB03F3094AA2FB03239A0845
:206620007B68DA61002318461837BD4680BD00BF00E00140FF083D0083DE1B4300E07F40AA
:20664000ABAAAAAA38AF040080DE0F00A0F7030080B588B000AFF860B9607A600023FB61B9
:20666000FB68BA689A62FB687A681A63F86800F02DF9F861FB69002B02D04FF4FA7336E0E1
:20668000FB685B681B78002B06D0FB68022283F834200023BB6102E0FB685B6ABB61164B24
:2066A0000122A3F8E020BA694021F86801F048FEF861FB685B681B78002B01D0FB6916E099
:2066C00019224FF40051F86901F042FEF861FB681B6B002B02D0FB69002BE4D001F02CFEBC
:2066E0007861FB69002B01D17B69FB61FB6918462037BD4680BD00BF00E07F4080B584B000
:2067000000AFFFF711FB0346BB7397F90E301846FFF772FBB8601E4B1B7CDBB27B601C4BDB
:20672000D3F880201B4B13403B607B6803F00803002B02D00423FB7319E07B6803F08003D5
:20674000002B02D00523FB7311E07B6803F01003002B0AD03B6803F44053002B02D0072373
:20676000FB7304E00623FB7301E00723FB73B86801F0DAFD97F90E301846FFF74FFBFB7BED
:206780001946B86800F06EF800BF1037BD4680BD00E07F404070F00080B584B000AF002364
:2067A000FB73FFF7C1FA03467B7397F90D301846FFF722FBB86097F90D301846FFF72EFBE3
:2067C000BB6893F83430012B17D1BB681B6B002B0ED000220421B86801F0B6FD78607B681B
:2067E000002B2BD0B86801F09FFD0723BB7325E00123BB730123FB7320E0BB6893F8343073
:20680000022B0ED1BB681B6B002B05D000224021B86801F095FD11E00023BB730123FB73C9
:206820000CE00123FB730E4B93F8D430DBB2012B02D10323BB7301E00223BB73FB7B002B3D
:206840000AD001F079FDBB68002283F83420BB7B1946B86800F006F800BF1037BD4680BDFA
:2068600000E07F4080B586B000AF78600B46FB707B68DB6B7B617B69002B03D107F10C03DC
:206880007B6106E07A6907F10C0392E8030083E803007B69FA781A707B681A6C7B695A607A
:2068A0007B689B6B786998477B68DB6B002B08D07B68DB6B1A4607F10C0393E8030082E88B
:2068C000030000BF1837BD4680BDFFFF80B584B000AF78600023FB604FF49643BB607B68E1
:2068E0005B681B78002B0DD07B685B6893F911301846FFF70FFB7B685B6893F91330184696
:20690000FFF708FB0C4B4AF68022A3F8842008E0BB68002B02D14FF4FA7309E0BB68013B05
:20692000BB60054BB3F884309BB2802BF0D1FB6818461037BD4680BD00E07F4080B485B084
:2069400000AF786039607B68FB600C4AFB6813603B681A68FB689A603B685A68FB68DA6029
:20696000FB6800225A60FB68054A1A60002318461437BD465DF8047B704700BF0446002029
:206980004347430080B588B000AFF8600B467A60FB72FB68FB610023BB61FB7A052B02D0A9
:2069A000FB7A062B0DD107F1100307F11402F97A786800F0B5F9B861BB69002B01D0BB69EC
:2069C00029E0FB7A184600F0F5F803461A46FB7A1146184600F006F90346002B02D140F2C3
:2069E000931318E0012000F01AF8FB7A052B02D0FB7A062B06D13B6907F11402F97A7868DD
:206A000000F0CCF9FB7A0021184600F019F9012000F01AF8002318462037BD4680BD80B55B
:206A200082B000AF0346FB71012001F04DFBFB79012B05D1002000F0D5FF002001F044FBBC
:206A400000BF0837BD4680BD80B582B000AF0346FB71FB79012B07D1002001F0E5FA064B74
:206A60001B6A184600F07AF8012001F0DDFA00BF0837BD4680BD00BF00E0014080B483B063
:206A800000AF78601A4B1B68B3F5004F01D0002327E0184B93F83630DBB2002B17D0154B42
:206AA00093F83830DBB2002B11D0124B93F83230DBB2002B0BD00F4B93F82A30DBB2002B76
:206AC00005D00C4B93F84A30DBB2002B01D1002307E07B6803F0EE43002B01D0002300E0EB
:206AE000012318460C37BD465DF8047B704700BFD447002000E0014080B485B000AF786038
:206B00000B46FB70FB78002B0BD07B68FB60FB6803F0443323F480030E4A934201D000237A
:206B200011E00D4B93F82A30DBB2002B05D10A4B93F84A30DBB2002B01D0012300E000238F
:206B400003F00103DBB218461437BD465DF8047B704700BF4444044400E0014080B584B061
:206B600000AF7860104B93F84030FB737868FFF785FF0346002B03D0042000F033FF0FE0F4
:206B8000FB7B19467868FFF7B7FF0346002B07D0064B1B68064A934202D8032000F022FF42
:206BA00000BF1037BD4680BD00E00140D447002040420F0080B483B000AF0346FB71FB7963
:206BC000074A52F823301B78DBB2002B0CBF01230023DBB218460C37BD465DF8047B7047AE
:206BE000C086000080B487B000AF03460A46FB711346BB7116237B61FB7901229A407B6941
:206C00001340002B01D0012312E00C4B93F83C30DBB23B61FB793A6922FA03F303F0010378
:206C2000FB60BB79FA689A420CBF01230023DBB218461C37BD465DF8047B704700E0014088
:206C400080B483B000AF03460A46FB711346BB71FB790A4A52F82330BA791A70FB79074AAD
:206C600052F823301B78DBB2BA799A42F6D100BF00BF0C37BD465DF8047B7047C0860000EC
:206C800080B489B000AFF8600B467A60FB72114BFB61FB681B78002B01D10E4BFB61FB6825
:206CA0005B880133FA6902FB03F35B08BB61FB685B7801337B61BA697B69B2FBF3F33B616C
:206CC0007B683A691A60002318462437BD465DF8047B7047002D310180B487B000AF7860F9
:206CE0000023FB827B681B78002B01D10123FB827B685B88BB827B685B787B82BB8A1B02C8
:206D000003F47C52FB8A1B011A437B8A1343FB60FB6818461C37BD465DF8047B7047FFFF5A
:206D200080B588B000AFF8607A603B600B46FB72F868FFF7D1FFB861FB7A052B02D1154B95
:206D4000FB6101E0144BFB61FB691B889BB21A46BB69934209D0FB7A1846FFF72BFF034679
:206D6000002B02D040F291130FE0FB7A7A681946F868FFF785FF78617B69002B01D07B6924
:206D800003E03B68BA691A60002318462037BD4680BD00BF28E0014048E0014080B584B0DE
:206DA00000AFF8607A603B600B46FB72FB7A052B04D1094B3A6892B21A8504E0064B3A686F
:206DC00092B2A3F84820FB7A7968184600F044FE00BF1037BD4680BD00E0014080B483B0B8
:206DE00000AF0346FB7197F90730002B0CDBFB7903F01F02074997F907305B09012000FA38
:206E000002F2403341F8232000BF0C37BD465DF8047B704700E100E080B483B000AFEFF346
:206E200003837B607B683B603B88C3F308039BB2DBB2103BDBB25BB218460C37BD465DF837
:206E4000047B704780B483B000AF03463960FB7197F9073004493A6841F8232000BF0C3764
:206E6000BD465DF8047B70474C46002080B483B000AF0346FB7197F90730044A52F8233055
:206E800018460C37BD465DF8047B70474C46002080B483B000AF0346FB710B4997F907302B
:206EA00003F1C00251F8223023F4803341F82230054A97F90730C03352F8233000BF0C3784
:206EC000BD465DF8047B70470060004080B584B000AF0346FB7197F907301846FFF7D8FFC5
:206EE000BFF35F8F00BF97F90730FB60FB6803F01F02074997F907305B09012000FA02F210
:206F0000603341F8232000BF1037BD4680BD00BF00E100E080B584B000AF0346B9607A6048
:206F2000FB73BB68DAB2094997F90F301201D2B20B4483F8002397F90F3079681846FFF78B
:206F400081FF00BF1037BD4680BD00BF00E100E080B485B000AF0346FB7197F90730FB60FC
:206F6000FB6803F01F020749FB685B09012000FA02F241F8232000BF1437BD465DF8047B17
:206F8000704700BF00E100E080B582B000AF0346FB7197F907301846FFF798FF97F9073076
:206FA0001846FFF7D5FF00BF0837BD4680BDFFFF80B485B000AF0346FB7197F90730FB607E
:206FC000FB6803F01F020B4997F907305B09012000FA02F2203341F82320BFF34F8F00BF8E
:206FE000BFF36F8F00BF00BF1437BD465DF8047B704700BF00E100E080B584B000AF0346A9
:20700000B9607A60FB7397F90F307A68B9681846FFF780FF97F90F301846FFF7B5FF00BFD4
:207020001037BD4680BDFFFF80B590B000AF786039607B68BB6200237B623B681B693B6272
:207040003B681B6803F58023A8331B03FB61BB6AFA695A600023BB61EFF310833B613B69E4
:20706000BB610123FB60FB6883F3108800BF8F4B5A683B681B68C3F10203012101FA03F3B7
:20708000DB438A4913404B60884B5B68BB69BB60BB6883F3108800BFBB6A3A681A603B6858
:2070A0009A68BB6ADA613B68DA68BB6A5A62BB6A00221A623B6A1A78BB6A1A7600220121B5
:2070C000B86A00F0E3FB3B6A1B7B1BB25B001AB23B6A1B7D1BB2DB001BB213431BB243F485
:2070E000E0731BB29AB2FB69A3F840283B685B687B617B691B68013B1A046D4B13407A69CC
:207100005268013A12071A437B699B68013B1B021A437B69DB68013B1B031343BA6A127EDC
:207120001A43FB69C3F8442800220221B86A00F0ADFBFB69802283F85028FB6903F50073A0
:207140004FF400720021184601F0A4F80023FB632CE03B6A9A68FB6BDB0013449B79002B63
:2071600016D13B6A1B69FA6B9A4211D2FB6B20331B01FA69D1183B6A9A68FB6BDB0013447B
:207180001A46386A00F056F9402387F83B3002E0002387F83B30FA69FB6B134403F50263F5
:2071A00097F83B201A70FB6B0133FB63FB6B1F2BCFD900237B6300233B632BE03B6A5A68D7
:2071C0003B6B9B0013441B686FF0604293421ED23B6A5A683B6B9B0013441B68FB623B6A4A
:2071E0001B7B002B04D1FB6A9A04324B1340FB62FB693A6B02F58072F96A43F822103B6B61
:207200009B000F2202FA03F37A6B13437B633B6B01333B633B6A1B699B083A6B9A42CDD332
:207220007B6BDA43FB69C3F8282400220021B86A00F02CFBFA69B2F8403843F02003A2F8EF
:207240004038FB69B3F84038C3F34013DBB2002BF7D13B6893F915003B681B7DBA6A1946A4
:20726000FFF7CAFE3B6893F916003B681B7DBA6A1946FFF7C1FE3B6893F917003B681B7D17
:20728000BA6A1946FFF7B8FEFB693E2283F84C28FB694FF0FF32C3F82C24BB6A064A9A60BE
:2072A0007B6A18464037BD4680BD00BF004008400000FF030000FC1F4E41435280B588B0DF
:2072C00000AF78607B68FB61FB6900229A60FB691B6893F915301846FFF76AFEFB691B680D
:2072E00093F916301846FFF763FEFB691B6893F917301846FFF75CFEFB695B68BB61BB6938
:20730000002283F84C28BB690022C3F82C2400237B61EFF31083BB60BB687B610123FB60FE
:20732000FB6883F3108800BF0C4B5A68FB691B681B68C3F10203012101FA03F30749134328
:207340004B60064B5B687B693B613B6983F3108800BF002318462037BD4680BD00400840DD
:2073600080B58AB000AFF860B9607A60FB68BB61BB691B681B697B61BB695B683B613A69F8
:20738000BB68134403F502631B78C3F3C013DBB2002B02D04EF663233AE0BB6820331B01FA
:2073A0003A6913447A681946786900F043F87B689B7903F00F03D9B23A69BB6820331B01CA
:2073C0001A44938861F3030393807B689B797B62BB6820331B013A69134406333B627B68AE
:2073E0000C33FB6107E0FA69531CFB613B6A591C396212781A707B6A5A1E7A62002BF2D1ED
:207400003A69BB68134403F5026380221A70002318462837BD4680BD80B485B000AFF86036
:20742000B9607A60062318461437BD465DF8047B7047FFFF80B489B000AFF860B9607A6094
:20744000FB681B7BFB750023FB61FB7D002B06D0FB7D022B0AD17B681B79002B06D17B68EF
:207460001B689A04114B1340BB610EE0FB7D022B06D17B681B79012B02D14FF00043FB6162
:207480007B681B6823F06043BB617B685B799B073B61FA693B691A43BB691A43BB681A603D
:2074A00000BF2437BD465DF8047B70470000FC1F80B489B000AFF860B9607A60FB685B687C
:2074C000BB61BA69BB6820331B0113441B687B617B699B0F03F00103DAB27B685A71FB6803
:2074E0001B681B693B613B691B7BB969BA68203212010A441268C2F3C072D2B21343DBB2F0
:2075000003F00103DAB27B681A717B681B79002B06D17B699B0CC3F30A027B681A6004E073
:207520007B6923F060427B681A60BA69BB6820331B0113449B88C3F30303DBB21A467B689A
:207540009A717B689B79082B02D97B6808229A710023FB6112E0BA69BB681B011A44FB696E
:20756000134403F206231B78D9B27A68FB6913440C330A461A70FB690133FB617B689B79D7
:207580001A46FB699342E6D3BA69BB68134403F5026344221A707B6800229A6000BF243796
:2075A000BD465DF8047B7047B0B58EB000AF786039607B681B6A7B637B6B002B02D13B68AD
:2075C0007B6317E07B6B07F10C041D460FCD0FC40FCD0FC495E8030084E803007A6B3B68B0
:2075E00014461D460FCD0FC40FCD0FC495E8030084E803007B68DB69786B98477B681B6A30
:20760000002B0CD07B681B6A1D4607F10C040FCC0FC50FCC0FC594E8030085E8030000BF84
:207620003837BD46B0BD80B590B000AFFFF7F4FB03461846FFF72CFCFFF7EEFB034687F8F6
:207640003B3097F93B301846FFF710FC78633B4628220021184600F01DFE0023FB637B6BCD
:207660005B683B633B6B93F84D38DBB2BB803B6B002283F84D283B6BB3F84238C3F30013DF
:20768000DBB2002B22D0BB8843F020039BB2BB803B6B93F8533887F82F303B6B022283F840
:2076A00053283B6B93F85238C3F30403DBB2FB633B6B97F82F2083F853283A6BFB6B134410
:2076C00003F50262137823F0040313707B6B1B681B683B607B6B5B6A3B61FB6BFB603B4616
:2076E0001946786BFFF760FF7B6B1B681B69BB623B6BB3F84238C3F30013DBB2002B0AD0C3
:20770000BB6A1B7D002B06D07B6B1B6893F915301846FFF763FB00BF4037BD4680BD80B514
:2077200090B000AFFFF778FB03461846FFF7B0FBFFF772FB034687F83F3097F93F301846B2
:20774000FFF794FBB8634FF480633B81BB6B5B687B637B6B93F8533887F833307B6B0022FA
:2077600083F853287B6B93F85238C3F30403DBB2FB627B6B97F8332083F853283B1D143314
:207780001A46F96AB86BFFF793FEFB6A3B61BB6B1B681B687B60BB6B5B6A7B613B1D1946F6
:2077A000B86BFFF701FF7B6BB3F84238C3F30003DBB2002B04D097F93F301846FFF70EFB04
:2077C00000BF4037BD4680BD80B590B000AFFFF723FB03461846FFF75BFBFFF71DFB0346B1
:2077E00087F83F3097F93F301846FFF73FFBB86300233B81BB6B5B687B637B6B93F8533851
:2078000087F833307B6B012283F853287B6B93F85238C3F30403DBB2FB627B6B97F833201D
:2078200083F853287A6BFB6A134403F5026300221A707A6BFB6A134403F5026300221A70FE
:20784000FB6A3B613B8943F400639BB23B81BB6B1B681B687B60BB6B5B6A7B613B1D19463B
:20786000B86BFFF7A1FE7B6BB3F84238C3F34003DBB2002B06D0BB6B1B6893F917301846E4
:20788000FFF7ACFA00BF4037BD4680BD80B584B000AF78600B46FB701346BB707B685B6800
:2078A000FB607B685B7BBA789A420DD00221786800F032F8FB68BA7883F858287B68BA7807
:2078C0005A737B6802221A737B681B7BFA789A421ED0FB78052B13D10221786800F01CF804
:2078E000FA68B2F8403843F48063A2F84038FB68B3F84238C3F38023DBB2012BF7D104E092
:20790000FB781946786800F007F87B68FA781A7300BF1037BD4680BD80B485B000AF7860AE
:207920000B46FB707B685B68FB60FA68B2F8403823F48063A2F84038FB7803F00303D9B203
:20794000FA68B2F8403861F30923A2F84038FB68B3F842389BB203F4E062FB781B029A4297
:20796000F5D100BF00BF1437BD465DF8047B704780B400AF094B0122A3F80421074BB3F8D3
:2079800004319BB2002BF9D1044B0122A3F8002100BFBD465DF8047B704700BF00C0014035
:2079A00080B483B000AF0346FB710D4B93F8A030C3F30013DBB2002BF7D1094AFB7982F8BF
:2079C000A030074B93F8A030C3F30013DBB2002BF7D100BF00BF0C37BD465DF8047B704792
:2079E00000E0014080B582B000AF0346FB71FB79042B14D1174B93F8AA30C3F30013DBB2F6
:207A0000002BF7D1134B012283F8AA20114B93F8AA30C3F30013DBB2002BF7D115E00D4B56
:207A200093F8AA30C3F30013DBB2002BF7D1094B002283F8AA20074B93F8AA30DBB2002B6E
:207A4000F9D1FB791846FFF7ABFF00BF0837BD4680BD00BF00E0014080B483B000AF7860DE
:207A600039607B68052B04D13B681B68064A536103E03B681B68044A936100BF0C37BD460B
:207A80005DF8047B704700BFAC08002080B483B000AF0D4B93F82630DBB27B600A4B1B6A37
:207AA0001B0E03F007033B60084A7B6852F823203B6822FA03F3064A136000BF0C37BD46C6
:207AC0005DF8047B704700BF00E00140AC080020D447002080B500AF0B4B012283F81C2117
:207AE0000A4B0B4A1A62094B052283F82620FFF7CDFF084BF1221A73064B00221A72054B20
:207B0000F0221A7300BF80BD00C0014000E00140111202200020004080B500AF0B4B0C4A73
:207B20001A600A4B0B4A5A60084B4FF400429A60064B074ADA60054B4FF400421A61034B1B
:207B4000054A5A61FFF7A2FF00BF80BDAC080020002D310100127A0000E1F50580B500AF0A
:207B60001B4B4AF20352A3F8FE23FFF701FFFFF7D3FF174B002283F81324154B092283F858
:207B8000A22000F031F8124B002283F83620104B93F83C30C3F30003DBB2012BF7D10C4BD7
:207BA00041F211321A850A4B002283F82A20084B93F83C30C3F34013DBB2012BF7D1FFF7AA
:207BC00089FF034B4FF42542A3F8FE2300BF80BD00E0014080B483B000AF786000BF0C375C
:207BE000BD465DF8047B704780B500AF184B93F88034DBB2002B07D1154B93F88134C3F38B
:207C00000103DBB2002B1CD0114B93F88034DBB2002B0DD10E4B012283F880240121C820E6
:207C200000F080F80A4B93F88034DBB2012BF9D1074B002283F88124054B002283F88024A0
:207C400004E04FF47A70FFF7C5FF00BF00BF80BD00E0014080B582B000AF2B4B002283F854
:207C600028200121C82000F05DF8274B002283F82420254B93F82430DBB2002BF9D1224ADD
:207C800092F8243043F0020382F824301E4B93F82430C3F34003DBB2002BF7D11A4B0022B8
:207CA00083F82220184B93F82230DBB2002BF9D10023FB7116E01449FB7903F1200211F8D0
:207CC000123023F0800301F812300F4AFB79203312F81330C3F3C013DBB2002BF5D1FB79A9
:207CE0000133FB71FB79002BE5D0012000F0ECF9064B002283F8BB24012000F095F900BF6F
:207D00000837BD4680BD00BF0030084000E0014080B483B000AF786000BF0C37BD465DF844
:207D2000047B70472DE9B04F90B000AFF861B9610023FB63FB69BA6902FB03F3BB63504BE2
:207D40001B687B634F4A7B6BB2FBF3F33B63BB6B00223B617A61D7E904234FF000004FF0EE
:207D60000001590141EAD261500102460B463969B2EB0108796963EB01094FF000024FF05E
:207D800000034FEA890343EA98734FEA880290469946D7E904120B4618EB03033B60134647
:207DA00049EB03037B604FF000024FF00003D7E900894946CB00414643EA51734146CA00BF
:207DC000C7E90A23D7E90A23012B08D2BA6A3B6BB2FBF3F37B627B6A9B08FB6344E03B6BE9
:207DE0009B00BA6BB2FBF3F3BB63BB6B0022BB60FA60D7E9028942464B464FF000004FF073
:207E00000001590141EAD261500102460B464146541A494663EB01054FF000024FF0000364
:207E2000AB0043EA9473A20014461D46434614EB030A4B4645EB030B4FF000024FF000031D
:207E40004FEACB0343EA5A734FEACA0292469B46C7E90AABD7E90A23012B02D2BB6AFB638E
:207E600002E04FF0FF33FB63FB6B002B02D0F86B00F00AF800BF4037BD46BDE8B08F00BFBD
:207E8000D447002000CA9A3BA0F101000028FBD1704700BF80B582B000AF0346FB71FB79CD
:207EA000074A52F82330002B06D0FB79044A52F82330FA791046984700BF0837BD4680BD8E
:207EC0000846002080B582B000AF144BB3F82031BB80124BB3F840319AB2BB8813407B8032
:207EE0000023FB710EE07A88FB7922FA03F303F00103002B03D0FB791846FFF7CBFFFB7982
:207F00000133FB71FB790F2BEDD9044A7B88A2F8303100BF0837BD4680BD00BF0060004064
:207F200080B58AB000AF032000F0CEF8394B6FF0FF029A643B1D0C22FF21184600F0AAF9D1
:207F400000237B6221E0344A7B6A32F81330002B18D07B6A5B097B617B6A03F01F033B6182
:207F60007B699B0028333B4453F8242C01213B6901FA03F3DB431A407B699B0028333B4485
:207F800043F8242C7B6A01337B627B6A5F2BDAD9224BBB6100233B6218E03B6A9B00BA699A
:207FA0001A443B6A9B0028333B4453F8243C13601B493B6A9B0028333B4453F8242C3B6A6D
:207FC000A03341F823203B6A01333B623B6A022BE3D9032000F028F80023FB6112E00E4A52
:207FE000FB6932F81330002B09D00B4AFB6932F813300C4A1946FB69C03342F82310FB69A9
:208000000133FB61FB695F2BE9D900BF00BF2837BD4680BD008000407C8500007080004012
:2080200000E100E00060004080B487B000AF0346FB7100237B61EFF31083FB60FB687B6102
:2080400001233B613B6983F3108800BFFB791A4A32F813309BB2002B09D0FB79164A32F85B
:20806000132092B2013A91B2134A22F81310FB79114A32F813309BB2002B11D10F4BB3F8D6
:20808000FE339AB20E4B13439AB2FB790D4931F81330DB439BB2094913409BB2A1F8FE330B
:2080A0007B69BB60BB6883F3108800BF00BF1C37BD465DF8047B7047CC47002000E00140DD
:2080C00000A5FFFFDC86000080B487B000AF0346FB7100237B61EFF31083FB60FB687B61BE
:2080E00001233B613B6983F3108800BFFB79164A32F813309BB2002B0FD1144BB3F8FE337B
:208100009AB2FB79124931F8133013439AB20F49104B13439BB2A1F8FE33FB790A4A32F824
:20812000132092B2013291B2074A22F813107B69BB60BB6883F3108800BF00BF1C37BD46C0
:208140005DF8047B704700BFCC47002000E00140DC86000000A5FFFF80B500AF00F00CF8A4
:20816000FBF750FA00BFFDE780B400AF00BE00BFBD465DF8047B704780B584B000AF3A4B95
:208180004FF47002C3F88820374B384A9A600020FBF724FAFFF7E2FC0120FBF71FFA334B1B
:2081A0001B68A3F580633B603B6883F30A8800BF2F4A304BD31A1A4600212E4800F06AF892
:2081C0002D4A2E4BD31A1A462D492C4800F06AF82C4A2D4BD31A9B107B600023FB6007E060
:2081E000294AFB6852F823309847FB680133FB60FA687B689A42F3DBFFF748FCFFF72AFDF5
:208200000320FFF761FF0023BB6009E01F4ABB6808334FF6FF7122F81310BB680133BB6093
:20822000BB68052BF2D90320FFF7FEFE0320FFF74BFF174B00225A60154B00229A60144B8F
:208240000022DA60124B00221A610320FFF7ECFE0220FBF7C3F9FFF763FE0020FFF758FD33
:2082600000BF1037BD4680BD00ED00E000000000D8470020C8080020AC08002000000020C8
:20828000E8860000A8080020A4080020000D084000000E4002440346934200D1704703F84A
:2082A000011BF9E70A44431E914200D1704710B511F8014B914203F8014FF9D110BDFFFFEB
:2082C00000000305352E332E300000004275696C7420776974682052656E65736173204174
:2082E0006476616E63656420466C657869626C6520536F667477617265205061636B61678C
:20830000652076657273696F6E20352E332E3000F8B500BFF8BC08BC9E467047F8B500BFD3
:20832000F8BC08BC9E4670475FF800F0790000205FF800F0810600205FF800F001000020F4
:208340005FF800F0B50100205FF800F0290200205FF800F0190300205FF800F089040020F7
:208360005FF800F0ED040020010C00030400030300040000010700FF000000000000000080
:208380000000000000000000000000000000000000000000000000000000000000000000DD
:2083A000000000000000FFFFDFDF0000000000000000000000000000000000000000000001
:2083C00000000000404B4C0000000000A025260001021100D10A00000000000084830000E5
:2083E00000000000000000000000000000000000010D010E20450020E0830000848600006E
:20840000060803030101000000000000000000000000000000000000000000010000000045
:2084200000090A0B0C03030303000000010000000000000000000000450A000000000000B6
:208440001484000000010000580700200F00FFFF00000000FFFF00000002000001050106EA
:208460000107010800000000000000009D0C00000000000044840000000000006C070020E7
:208480008C0700200000000020000000000000000000000000000000000000005C07002086
:2084A000190300000000000078840000020001020000010400010000000001040101000092
:2084C000040000000601000004000000070100000000010008010000000401060901000066
:2084E000000401060A010000000001060B010000050000000C010000040000000D0100002F
:20850000000001030502000004000000060200000400000007020000050000000802000028
:20852000000001000C020000000001000D020000000001000003000004000000030300000E
:208540000400000004030000050000000004000000000110010400000000011002040000DA
:208560000400000007040000040000000005000018000000B084000000000000A100A40052
:20858000A500A200A3008001810182018301C401C501C801C70131003000EA000400CF00AD
:2085A0000000000000000000000000000000000000000000000000000000000000000000BB
:2085C00000000000000000000000000000000000000000000000000000000000000000009B
:2085E00000000000000000000000000000000000000000000000000000000000000000007B
:2086000000000000000000000000000000000000000000000000000000000000000000005A
:2086200000000000000000000000000000000000000000000000000000000000FFFF00FF3D
:20864000010203FF020403040404FFFF00000000FFFF000000200000800000000000010063
:20866000FFFF07000080000080000000020000004C86000000000008FF1F000840000000B3
:2086800004000000B55F000055600000AB6000002B610000D5620000116300009D610000CD
:2086A0000162000027620000D961000049620000B76200006562000095620000756300003A
:2086C00036E0014038E0014090E4014032E0014080E401402AE001404AE001400100020084
:2086E000080010000000000080B584B000AF0023FB6000237B60194BB3F884309BB23B6023
:208700004FF49643BB60154B4FF42A42A3F8842008E0BB68002B02D14FF4FA73FB60BB689D
:20872000013BBB600D4BB3F884309BB2002BF0D13B68012B06D1094B4DF60112A3F84420A3
:2087400000F066FB7B6840F2F512934201D17B68FB60FB6818461037BD4680BD00E07F40E0
:2087600080B584B000AF78607B685B681B78002B0DD07B685B6893F91130184600F04CFBC0
:208780007B685B6893F91330184600F045FB124BB3F884309BB2002B02D1786800F040FBC4
:2087A00000F01CF8F86000F049F8B860FB68002B01D1BB68FB60FFF797FFB860FB68002B04
:2087C00001D1BB68FB607B68002283F83420FB6818461037BD4680BD00E07F4080B483B027
:2087E00000AF4FF496437B60124BB3221A7007E07B68002B01D1142315E07B68013B7B602A
:208800000D4BD3F88030C3F3C033DBB2012BEFD1094B1B7CC3F30013DBB2002B02D040F2F3
:20882000F51300E0002318460C37BD465DF8047B704700BF00007E4000E07F4080B483B07B
:2088400000AF4FF496437B60124B50221A7007E07B68002B01D1142315E07B68013B7B602C
:208860000D4BD3F88030C3F3C033DBB2012BEFD1094B1B7CC3F30013DBB2002B02D040F293
:20888000F51300E0002318460C37BD465DF8047B704700BF00007E4000E07F4080B485B019
:2088A00000AFF860B9607A60174AFB689B6A1363164B20221A70154BD0221A70FB689A6A0F
:2088C000BB681A44FB689A62FB681B6B5A1EFB681A637B68002B10D007E07B68002B01D1C2
:2088E00014230BE07B68013B7B60074BD3F88030C3F3C033DBB2012BEFD1002318461437A1
:20890000BD465DF8047B704700E07F4000007E4080B586B000AFF860B9607A607B68002BF9
:2089200006D1FB685B6893F91130184600F074FA314AFB68DB6A1363304BE8221A70BB68E6
:208940005A082E4BD2B21A7000237B612AE0FB681B693B61FB689B6A1A46284B12881A8033
:2089600006E03B695A1E3A61002B01D114233EE0214BD3F88030C3F38023DBB2012BF0D04F
:20898000FB689B6A9A1CFB689A62FB68DB6A9A1CFB68DA62FB681B6B5A1EFB681A637B6938
:2089A00001337B61BB685B087A699A42CFD3134BD0221A707B68002B11D007E07B68002B02
:2089C00001D1142313E07B68013B7B600A4BD3F88030C3F3C033DBB2012BEFD106E0FB6866
:2089E0005B6893F91130184600F01EFA002318461837BD4680BD00BF00E07F4000007E4055
:208A000080B586B000AFF860B9607A6000237B61174B1B7CC3F30013DBB2012B0FD1144B38
:208A2000D3F88030C3F38033DBB2012B04D1104B1B7C0F4B00221A7440F2F5137B610C4B5B
:208A4000D3F88020BB681340002B01D07B687B61FB68002B01D0FB687B617B69002B01D0FC
:208A6000FFF7BCFE7B6918461837BD4680BD00BF00E07F4080B485B000AF786039607B68AB
:208A80009B69BB60194A3B681363194B40221A70174B08221A700023FB6008E0144A1549B3
:208AA000FB6831F813301380FB680133FB60FB68072BF3D90E4BD0221A7007E0BB68002BF7
:208AC00001D114230BE0BB68013BBB60074BD3F88030C3F3C033DBB2012BEFD100231846B8
:208AE0001437BD465DF8047B704700BF00E07F4000007E408C08002080B485B000AFF8605D
:208B0000B9607A60194B4FF6FF721A80174B4FF6FF725A807B689AB2FB689BB2DB039BB2B2
:208B200013439BB243F4F0439AB2104BDA80BB689BB26FEA43536FEA53539AB20B4B9A800D
:208B40000A4B4FF6FF721A81084B4FF6FF725A81064B4FF6FF729A81044B4FF6FF72DA8109
:208B600000BF1437BD465DF8047B70478C08002080B584B000AF78600023FB60786800F06B
:208B80007BF8F860FB68002B10D0FB681EE07B689B681A4680217868FFF7BAFEF860182234
:208BA0004FF4A041F868FFF72BFFF8607B681B6B002B02D0FB68002BE9D0FFF795FDB8606C
:208BC000FB68002B01D1BB68FB60FB6818461037BD4680BD80B588B000AFF860B9607A6008
:208BE0000023FB61FB68BA689A62FB687A681A63F86800F041F8F861FB69002B01D0FB690D
:208C000033E01C4B0122A3F8E0201EE0FB689B6AB3F5803F06D2FB68DB69BB614FF400531E
:208C20007B6105E0FB681B6ABB614FF400437B61BA697969F868FFF731FEF86119224FF4AC
:208C4000C041F869FFF7DCFEF861FB681B6B002B02D0FB69002BD9D0FFF746FD3861FB6935
:208C6000002B01D13B69FB61FB6918462037BD4680BD00BF00E07F4080B584B000AF786050
:208C80000023FB604FF49643BB607B685B681B78002B0DD07B685B6893F91130184600F01D
:208CA000BBF87B685B6893F91330184600F0B4F80F4B4FF45942A3F844200D4B4AF60122A0
:208CC000A3F8842008E0BB68002B02D14FF4FA7309E0BB68013BBB60054BB3F884309BB23D
:208CE000012BF0D1FB6818461037BD4680BD00BF00E07F4080B588B000AFF860B9607A607A
:208D0000174BD3F8DC30C3F3C073DBB2BB61F868FFF7B2FFF861FB69002B01D0FB691BE069
:208D2000BB68590B7B685B0B1A46B869FFF7E4FE0C49F868FFF79EFEF86118220021F869AE
:208D4000FFF75EFEF861FFF7CFFC7861FB69002B01D17B69FB61FB6918462037BD4680BDD4
:208D600000E07F4030A1000180B584B000AF78600B46FB701346BB707868FFF77DFFF860A8
:208D8000FB68002B01D0FB6832E0BB78002B08D0FB789BB2184A43F4CC439BB2A2F8E83062
:208DA0001DE01022FF21154800F02EF8FB789BB203F001039BB2002B02D14FF6FF7201E058
:208DC00047F6FF720D4BDA800D497868FFF752FEF86018220021F868FFF712FEF860FFF750
:208DE00083FCB860FB68002B01D1BB68FB60FB6818461037BD4680BD00E07F408C08002063
:208E000030A10001000000005FF800F0958200005FF800F0A15D00005FF800F03D5F0000FA
:208E20005FF800F0CD6800005FF800F0DD5E0000010000000010000000100000000004000F
:208E40004000020005000000060000000300000003000000FFFFFF1FFFFFFF1F0000000087
:208E600000000000000000000000000000000000000000000000000000000100FA070000F0
:208E800000000000FB07000000000000FC07000000000000000000000000010000000000CC
:208EA0000000010000000000000001000000000000000100000000000000000000000000AF
:208EC000000000000000000000000000000000000000000000000000000000000000000092
:208EE000000000000000000000000000000000000000000000000000000000000000000072
:208F0000000000000000000000000000000000000000000000000000000000000000000051
:208F2000000000000000000000000000000000000000000000000000000000000000000031
:208F4000000000000000000000000000000000000000000000000000000000000000000011
:208F60000000000000000000000000000000000000000000FFFF00000000000000000000F3
:148F80000000000001000000748600002D02000005020000AC
:020000040001F9
:2000000098F3002049300100613601007D8C020059300100593001005930010059300100F0
:20002000000000000000000000000000B5A001005930010000000000F1A0010061A101004B
:20004000834801007B490100254A01007B490100254A01004F9C01009B9C0100199D01008F
:20006000B19D01000B8F0100338E0100D78F01002F9001005D5B0100C15A0100C5660100AC
:20008000C566010061860100DD670100DD6701007F750100B3750100E77501001B760100B5
:2000A000000000000000000000000000000000000000000000000000000000000000000040
:2000C000000000000000000000000000000000000000000000000000000000000000000020
:2000E000000000000000000000000000000000000000000000000000000000000000000000
:200100000000000000000000000000000000000000000000000000000000000000000000DF
:200120000000000000000000000000000000000000000000000000000000000000000000BF
:2001400000000000000000000000000000000000000000000000000000000000000000009F
:2001600000000000000000000000000000000000000000000000000000000000000000007F
:2001800000000000000000000000000000000000000000000000000000000000000000005F
:2001A00000000000000000000000000000000000000000000000000000000000000000003F
:2001C00080B483B000AF78607B6803F108027B685A607B684FF0FF329A607B6803F1080285
:2001E0007B68DA607B6803F108027B681A617B6800221A6000BF0C37BD465DF8047B704794
:2002000080B483B000AF78607B6800221A6100BF0C37BD465DF8047B704780B485B000AFC8
:20022000786039603B681B68BB60BB68B3F1FF3F03D17B681B69FB600CE07B680833FB600C
:2002400002E0FB685B68FB60FB685B681B68BA689A42F6D2FB685A683B685A603B685B68E4
:200260003A689A603B68FA689A60FB683A685A603B687A681A617B681B685A1C7B681A60EB
:2002800000BF1437BD465DF8047B704780B485B000AF78607B681B69FB607B685B687A688C
:2002A00092689A607B689B687A6852685A60FB685B687A689A4203D17B689A68FB685A6054
:2002C0007B6800221A61FB681B685A1EFB681A60FB681B6818461437BD465DF8047B704746
:2002E00080B588B000AF786000237B617B68002B22D00823DB437A689A421BD808227B6804
:2003000013447B607B6803F00703002B14D07B6803F00703C3F108033B613B69DB437A68DD
:200320009A4204D87A683B6913447B6004E000237B6001E000237B6001F0D6FB624B1B689A
:20034000002B01D100F048F97B68002BC0F2A9807B68002B00F0A5805C4B1B687A689A427B
:2003600000F29F805A4BBB61594B1B68FB61FB69584A934203D3FB69574A934218D9574B0A
:20038000574AF521574803F091F8FB69BB61FB691B68FB61FB694F4A934203D3FB694E4A24
:2003A000934205D94D4B4E4AFB214E4803F07EF8FB695B687A689A4203D9FB691B68002B6C
:2003C000E3D1414B1B68FA699A426AD0BB691B68082213447B617B693E4A934203D37B69E2
:2003E0003D4A934206D9404B3D4A40F205113D4803F05CF8FB691A68BB691A60FB695B68F1
:200400007A689A4206D9394B354A40F20D11354803F04CF8FB695A687B68D21A08235B00BD
:200420009A421FD9FA697B681344FB60FB6803F00703002B06D02E4B294A4FF48B712948F3
:2004400003F034F8FB695A687B68D21AFB685A60FB697A685A60BB691A68FB681A60BB69C4
:20046000FA681A60194B1A68FB695B68D31A174A1360164B1A681F4B1B689A4203D2134BF3
:200480001B681C4A1360FB695B6843F00042FB695A60FB6900221A60174B1B680133164ACD
:2004A000136001F02FFB7B6903F00703002B06D0124B0B4A40F257110A4802F0F7FF7B6962
:2004C00018462037BD4680BDA8A90020ACA90020A0A90020A00900209FA9002088AD020070
:2004E00040B10200FCAD0200A4AE020018AF02004CAF0200B0A90020B4A9002080AF02001D
:2005000080B584B000AF78607B68FB607B68002B4CD008235B42FA681344FB60FB68BB6029
:20052000BB68244A934203D3BB68234A934206D9224B234A4FF4B571224802F0B7FFBB68C3
:200540005B68002B06DB204B1D4A40F26B111D4802F0ACFFBB681B68002B06D01B4B184ADB
:200560004FF4B671174802F0A1FFBB685B68002B1CDABB681B68002B18D1BB685B6823F066
:200580000042BB685A6001F0AFFABB685A68104B1B6813440E4A1360B86800F077F80D4BE6
:2005A0001B6801330B4A136001F0ACFA00BF1037BD4680BDA00900209FA90020BCAF020041
:2005C00050B10200FCAD02002CB00200A0B00200ACA90020B8A9002080B485B000AF4FF4EC
:2005E0002043BB60244BFB60FB6803F00703002B0CD0FB680733FB60FB6823F00703FB6079
:20060000BA68FB68D31A1C4A1344BB60FB681B4A13601A4B00225A60FA68BB6813447B605D
:2006200008227B689B1A7B607B6823F007037B607B68134A1360124B1B6800225A60104B78
:200640001B6800221A60FB683B603B687A68D21A3B685A600A4B1A683B681A603B685B6855
:20066000084A13603B685B68074A136000BF1437BD465DF8047B7047A0090020A0A90020C1
:20068000A8A90020B0A90020ACA9002080B584B000AF7860304BFB6002E0FB681B68FB6012
:2006A000FB681B687A689A42F7D8FB682A4A93420ED0FB68294A934203D3FB68284A934212
:2006C00006D9284B284A4FF4FD71284802F0EEFEFB68BB60FB685B68BA6813447A689A427C
:2006E00008D1FB685A687B685B681A44FB685A60FB687B607B68BB607B685B68BA681A4479
:20070000FB681B689A4218D1FB681A68184B1B689A420DD07B685A68FB681B685B681A44FE
:200720007B685A60FB681B681A687B681A6008E00F4B1A687B681A6003E0FB681A687B688B
:200740001A60FA687B689A4202D0FB687A681A6000BF1037BD4680BDA0A90020A0090020F5
:200760009FA90020C8B002005CB10200FCAD0200A8A9002080B584B000AF786039600123BF
:20078000FB607B68BB60BB68002B06D13C4B3D4A40F237113C4802F089FEBB68002B5ED0DA
:2007A000BB68DB6B002B5AD0BB681A6CBB68DB6B0021A3FB0223002B00D001210B46002BEC
:2007C0004DD109F073FDBB681A68BB68DB6BB968096C01FB03F31A44BB689A60BB6800223C
:2007E0009A63BB681A68BB685A60BB681A68BB68DB6B013BB968096C01FB03F31A44BB6827
:20080000DA60BB68FF2283F84420BB68FF2283F845203B68002B15D1BB681B69002B1BD0E6
:20082000BB681033184601F07DFC0346002B13D0164B4FF080525A60BFF34F8F00BFBFF306
:200840006F8F09E0BB6810331846FFF7B9FCBB6824331846FFF7B4FC09F060FD01E000236A
:20086000FB60FB68002B06D1094B064A4FF4B671054802F01BFEFB6818461037BD4680BD0A
:2008800078B1020054B5020080B1020000ED00E014B2020080B58AB002AFF860B960134670
:2008A000FB710023FB61FB68002B2ED00021BA68FB68A3FB0223002B00D001210B46002BBF
:2008C00023D1FB68BA6802FB03F313F14D0F1CD8FB68BA6802FB03F3BB61BB694C331846C3
:2008E000FFF7FEFCF861FB69002B18D0FB697B617B694C337B61FA79FB69009313467A6913
:20090000B968F86800F016F809E0FB69002B06D1054B064A40F22A21054802F0C7FDFB6985
:2009200018462037BD4680BD38B2020068B5020080B1020080B584B000AFF860B9607A6021
:20094000FB70BB68002B03D1BB69BA691A6002E0BB697A681A60BB69FA68DA63BB69BA68DE
:200960001A640121B869FFF705FFBB6900229A6400BF1037BD4680BD80B582B000AF786044
:200980007B68002B0ED07B6800229A607B6800221A607B680022DA60002300220021786868
:2009A00000F08AF800BF0837BD4680BD80B586B000AF0346FB7101237B6100233B61FB7985
:2009C0001A4639697869FFF765FFF860F868FFF7D3FFFB6818461837BD4680BD90B585B090
:2009E00000AF78607B68BB60BB68002B06D1134B134A40F2FB21134802F058FDBB689C687B
:200A000001F0A6FD03469C4211D1BB68DB685A1EBB68DA60BB68DB68002B05D10023002252
:200A20000021B86800F048F80123FB6001E00023FB60FB6818461437BD4690BD44B2020013
:200A40007CB5020080B1020090B585B000AF786039607B68BB60BB68002B06D1134B144AB7
:200A600040F23731134802F021FDBB689C6801F06FFD03469C4207D1BB68DB685A1CBB68EF
:200A8000DA600123FB600CE03968B86800F0B6FAF860FB68002B04D0BB68DB685A1CBB6897
:200AA000DA60FB6818461437BD4690BD44B2020098B5020080B1020080B58AB000AFF860B0
:200AC000B9607A603B6000237B62FB683B623B6A002B06D1794B7A4A40F2B631794802F08D
:200AE000E5FCBB68002B0AD13B6A1B6C002B06D0754B734A40F2B731724802F0D7FC3B6806
:200B0000022B0AD13B6ADB6B012B06D06F4B6C4A4FF46E716B4802F0C9FC01F029FD034684
:200B2000002B00D009E07B68002B06D0684B644A40F2BB31634802F0B9FC09F0B7FB3B6ACC
:200B40009A6B3B6ADB6B9A4202D33B68022B49D13B6A9B6BFB613A68B968386A00F062FB51
:200B6000B8613B6A9B6C002B15D03B68022B02D1FB69002B32D1386A00F0F4FC0346002B75
:200B80002CD0544B4FF080525A60BFF34F8F00BFBFF36F8F22E03B6A5B6A002B11D03B6AD3
:200BA0002433184601F0BEFA0346002B16D0494B4FF080525A60BFF34F8F00BFBFF36F8F1F
:200BC0000CE0BB69002B09D0424B4FF080525A60BFF34F8F00BFBFF36F8F00BF09F09EFB59
:200BE000012366E07B68002B03D109F097FB00235FE07B6A002B06D107F11003184601F07B
:200C00006BFB01237B6209F089FB00F06DFF09F04DFB3B6A93F844305BB2B3F1FF3F03D1EC
:200C20003B6A002283F844203B6A93F845305BB2B3F1FF3F03D13B6A002283F8452009F006
:200C40006DFB3A1D07F110031146184601F05AFB0346002B25D1386A00F0E9FB0346002B7B
:200C600019D03B6A10337A681146184601F0ECF9386A00F067FB00F045FF0346002B7FF427
:200C80005CAF144B4FF080525A60BFF34F8F00BFBFF36F8F0CE0386A00F054FB00F032FF32
:200CA0004BE7386A00F04EFB00F02CFF002300E043E718462837BD4680BD00BF78B10200F8
:200CC000B4B5020080B1020054B20200ACB20200FCB2020000ED00E080B58EB000AFF86017
:200CE000B9607A603B60FB683B633B6B002B06D14F4B504A40F291414F4802F0D7FBBB6807
:200D0000002B0AD13B6B1B6C002B06D04B4B494A40F29241484802F0C9FB3B68022B0AD180
:200D20003B6BDB6B012B06D0454B424A40F29341414802F0BBFB09F02FFBEFF31183BB61BD
:200D4000BB69FB621023FB61FB6983F3118800BF3B6B9A6B3B6BDB6B9A4202D33B68022B39
:200D600059D13B6B93F8453087F82B303B6B9B6B7B623A68B968386B00F054FA97F92B30B1
:200D8000B3F1FF3F29D13B6B9B6C002B12D03B68022B02D17B6A002B3AD1386B00F0E2FB8F
:200DA0000346002B34D07B68002B31D07B6801221A602DE03B6B5B6A002B29D03B6B243393
:200DC000184601F0AFF90346002B21D07B68002B1ED07B6801221A601AE000F0AFFF386209
:200DE00097F92B303A6A9A4212D997F92B307F2B06D1144B0F4A40F21F510F4802F056FB3D
:200E000097F82B300133DBB25AB23B6B83F8452001237B6301E000237B63FB6A7B617B698C
:200E200083F3118800BF7B6B18463837BD4680BD78B10200C8B5020080B1020054B202000C
:200E4000ACB2020050B3020080B58AB000AFF860B9607A6000237B62FB683B623B6A002BF4
:200E600006D1604B604A40F2EA51604802F01EFBBB68002B0AD13B6A1B6C002B06D05C4B29
:200E8000594A40F2EE51594802F010FB01F070FB0346002B00D009E07B68002B06D0554B93
:200EA000514A40F2F351514802F000FB09F0FEF93B6A9B6BFB61FB69002B21D0B968386A61
:200EC00000F01AFAFB695A1E3B6A9A633B6A1B69002B11D03B6A1033184601F023F90346BF
:200EE000002B09D0444B4FF080525A60BFF34F8F00BFBFF36F8F00BF09F010FA01236CE063
:200F00007B68002B03D109F009FA002365E07B6A002B06D107F11403184601F0DDF901234C
:200F20007B6209F0FBF900F0DFFD09F0BFF93B6A93F844305BB2B3F1FF3F03D13B6A00223C
:200F400083F844203B6A93F845305BB2B3F1FF3F03D13B6A002283F8452009F0DFF93A1D7B
:200F600007F114031146184601F0CCF90346002B24D1386A00F045FA0346002B18D03B6ABC
:200F800024337A681146184601F05EF8386A00F0D9F900F0B7FD0346002B87D1164B4FF0A8
:200FA00080525A60BFF34F8F00BFBFF36F8F13E0386A00F0C7F900F0A5FD77E7386A00F0DF
:200FC000C1F900F09FFD386A00F01BFA0346002B3FF46CAF002300E068E718462837BD4650
:200FE00080BD00BFF4B30200E4B5020080B1020000B40200FCB2020000ED00E080B58AB0DC
:2010000000AF7860396000237B627B68FB6100233B62FB69002B06D1704B714A40F28461BE
:20102000704802F043FAFB691B6C002B06D06E4B6B4A4FF4D1616B4802F038FA01F098FAA0
:201040000346002B00D009E03B68002B06D0674B634A40F28D61634802F028FA09F026F969
:20106000FB699B6BBB61BB69002B26D0BB695A1EFB699A63FB691B68002B04D101F06CFC68
:201080000246FB699A60FB691B69002B11D0FB691033184601F046F80346002B09D0544B96
:2010A0004FF080525A60BFF34F8F00BFBFF36F8F00BF09F033F901238CE03B68002B03D150
:2010C00009F02CF9002385E07B6A002B06D107F10C03184601F000F901237B6209F01EF923
:2010E00000F002FD09F0E2F8FB6993F844305BB2B3F1FF3F03D1FB69002283F84420FB693F
:2011000093F845305BB2B3F1FF3F03D1FB69002283F8452009F002F93A4607F10C031146D4
:20112000184601F0EFF80346002B33D1F86900F068F90346002B27D0FB691B68002B09D1F8
:2011400009F0B4F8FB699B68184601F02FFA386209F0E4F8FB6924333A681146184600F09A
:2011600073FFF86900F0EEF800F0CCFC0346002B7FF474AF1E4B4FF080525A60BFF34F8F40
:2011800000BFBFF36F8F24E0F86900F0DBF800F0B9FC63E7F86900F0D5F800F0B3FCF869AB
:2011A00000F02FF90346002B3FF458AF3B6A002B0DD009F07BF8F86900F01CF87861FB69AE
:2011C0009B687969184601F01BFB09F0A7F8002300E043E718462837BD4680BDF4B302005A
:2011E000F4B5020080B1020074B30200FCB2020000ED00E080B485B000AF78607B685B6AD3
:20120000002B06D07B681B6B1B68C3F10F03FB6001E00023FB60FB6818461437BD465DF8FD
:20122000047B704780B586B000AFF860B9607A6000237B61FB689B6B3B61FB681B6C002BFA
:201240000DD1FB681B68002B4DD1FB689B68184601F03EFA7861FB6800229A6043E07B6836
:20126000002B19D1FB685868FB681B6C1A46B96819F0DEF8FB685A68FB681B6C1A44FB681C
:201280005A60FB685A68FB689B689A422BD3FB681A68FB685A6026E0FB68D868FB681B6C9A
:2012A0001A46B96819F0C4F8FB68DA68FB681B6C5B421A44FB68DA60FB68DA68FB681B6836
:2012C0009A4207D2FB689A68FB681B6C5B421A44FB68DA607B68022B05D13B69002B02D0EB
:2012E0003B69013B3B613B695A1CFB689A637B6918461837BD4680BD80B582B000AF786039
:2013000039607B681B6C002B18D07B68DA687B681B6C1A447B68DA607B68DA687B689B68A2
:201320009A4203D37B681A687B68DA607B68D9687B681B6C1A46386819F07AF800BF083772
:20134000BD4680BD80B584B000AF786008F0AEFF7B6893F84530FB731EE07B689B6C002B54
:2013600008D0786800F0FEF80346002B10D001F02FF80DE07B685B6A002B12D07B68243387
:20138000184600F0CFFE0346002B01D001F020F8FB7B013BDBB2FB7397F90F30002BDCDC85
:2013A00000E000BF7B68FF2283F8452008F0B6FF08F07CFF7B6893F84430BB7311E07B68A6
:2013C0001B69002B12D07B681033184600F0AAFE0346002B01D000F0FBFFBB7B013BDBB232
:2013E000BB7397F90E30002BE9DC00E000BF7B68FF2283F8442008F091FF00BF1037BD46EE
:2014000080BD80B584B000AF786008F04FFF7B689B6B002B02D10123FB6001E00023FB6094
:2014200008F07CFFFB6818461037BD4680BD80B584B000AF786008F039FF7B689A6B7B6806
:20144000DB6B9A4202D10123FB6001E00023FB6008F064FFFB6818461037BD4680BDFFFF18
:2014600080B584B000AF786039600023BB607B68002B06D11D4B1E4A40F6CD311D4802F065
:2014800015F83B68002B24D00023FB601EE01A4AFB68DB0013445B687A689A4205D1FB684E
:2014A000DB00154A1344BB6013E0BB68002B0AD1114AFB6852F83330002B04D1FB68DB00BB
:2014C0000D4A1344BB60FB680133FB60FB68312BDDD9BB68002B05D0BB683A681A60BB6857
:2014E0007A685A6000BF1037BD4680BDF0B4020008B6020080B10200BCA9002080B586B081
:2015000000AFF860B9607A60FB687B6108F0CEFE7B6993F844305BB2B3F1FF3F03D17B6944
:20152000002283F844207B6993F845305BB2B3F1FF3F03D17B69002283F8452008F0EEFE39
:201540007B699B6B002B06D17B6924337A68B968184600F09FFD7869FFF7F4FE00BF1837A0
:20156000BD4680BD80B586B000AF78607B689B6C3B6100237B613B69002B06D12B4B2C4A22
:2015800040F6FC412B4801F091FF3B699A6B3B69DB6B9A4206D3284B254A40F6FD412548D9
:2015A00001F084FF3B699A6B3B69DB6B9A4238D23B6993F84530FB733B1D002219463869B2
:2015C000FFF730FE786197F90F30B3F1FF3F0ED13B695B6A002B24D03B692433184600F0AD
:2015E000A1FD0346002B1CD001237B6119E000F0A5FBB86097F90F30BA689A4211D997F905
:201600000F307F2B06D10D4B094A40F61D51094801F04CFFFB7B0133DBB25AB23B6983F8CC
:2016200045207B6918461837BD4680BDF8B402001CB6020080B102000CB5020050B30200F7
:2016400080B58AB004AFF860B9607A603B607B689B001846FEF744FE38613B69002B13D024
:201660006C20FEF73DFE78617B69002B08D06C220021786918F0CEFE7B693A691A6305E0A1
:201680003869FEF73DFF01E000237B617B69002B0DD0002303937B6902937B6A01933B6A5C
:2016A00000933B687A68B968F86800F029F87B6918461837BD4680BD80B588B002AFF86039
:2016C000B9607A603B607B6A01933B6A00933B687A68B968F868FFF7B3FF38613B69002BB5
:2016E00005D0386900F0A2F801237B6102E04FF0FF337B617B6918461837BD4680BDFFFFEC
:2017000080B586B000AFF860B9607A603B60BB6A186B7B689B001A46A52118F07BFEBB6AD7
:201720001A6B7B6803F18043013B9B0013443B613B6923F007033B613B6903F00703002B97
:2017400006D0364B364A40F22E71364801F0AEFEBB6A3A695A64BB68002B20D000237B6103
:2017600014E0BA687B69134493F90010BA6A7B69134434330A461A70BA687B69134493F9F3
:201780000030002B06D07B6901337B617B690F2BE7D900E000BFBB6A002283F843203B6ADD
:2017A0000E2B06D9204B1E4A40F264711D4801F07DFE3B6A0E2B01D90E233B62BB6A3A6A17
:2017C000DA62BB6A3A6A9A64BB6A04331846FEF717FDBB6A18331846FEF712FDBB6ABA6A28
:2017E0001A613B6AC3F10F02BB6A9A61BB6ABA6A5A62BB6A196B3B68FA68386908F0FAFCA2
:201800000246BB6A1A607B6A002B02D07B6ABA6A1A6000BF1837BD4680BD00BF3CB602007B
:201820002CBA020080B6020014B7020080B584B000AF786008F03AFD414B1B680133404ACF
:201840001360404B1B68002B09D13E4A7B6813603B4B1B68012B10D100F0E0FD0DE03A4BCF
:201860001B68002B09D1374B1B68DA6A7B68DB6A9A4202D8334A7B681360344B1B680133B0
:20188000324A13607B68DA6A314B1B689A4203D97B68DB6A2E4A13607B68DA6A2D49134672
:2018A0009B0013449B000B4404331B68FB607B68FA689A60FB689A687B68DA60FB689B6810
:2018C0007A6804325A607B681A1DFB689A607B68DA6A13469B0013449B001E4A1A447B6809
:2018E0005A617B68DA6A1B4913469B0013449B000B441B687A68D26A591C164813469B0005
:2019000013449B000344196008F008FD0E4B1B68002B10D00B4B1B68DA6A7B68DB6A9A4210
:2019200009D20D4B4FF080525A60BFF34F8F00BFBFF36F8F00BF00BF1037BD4680BD00BFE6
:20194000ECAC00204CAB0020F8AC002008AD0020F4AC002050AB002000ED00E080B584B00E
:2019600000AF78600023FB607B68002B13D000F0BBF8114B1B68012B06D0104B104A40F602
:201980008E11104801F092FD0021786800F0FCFF00F0B8F8F860FB68002B09D10A4B4FF0F0
:2019A00080525A60BFF34F8F00BFBFF36F8F00BF00BF1037BD4680BD14AD002070B702008D
:2019C00044BA020080B6020000ED00E080B58AB002AF0123FB6100233B6100237B6113E0B1
:2019E0001D4A7B69134493F900103A467B6913440A461A703A467B69134493F90030002B72
:201A000006D07B6901337B617B690F2BE8DD00E000BF0023BB6115E0104B3B61BB699B0090
:201A20000F4A13443946019300230093002380223869FFF741FEF861FB69002B06D0BB69B0
:201A40000133BB61BB69002BE6DD00E000BFFB6918462037BD4680BDBCB70200E9230100AA
:201A600010AD002080B582B000AFFFF7AFFF78607B68012B02D100F0F7FF78607B68012B48
:201A800012D101233B603B6883F3108800BF0F4B4FF0FF321A600E4B01221A600D4B002280
:201AA0001A6008F0EBFB0AE07B68B3F1FF3F06D1094B0A4A40F6A961094801F0F7FC094BD7
:201AC0001B6800BF0837BD4680BD00BF0CAD0020F8AC0020F0AC0020C4B7020050BA0200A4
:201AE00080B6020038B6020080B400AF044B1B680133034A136000BFBD465DF8047B7047C8
:201B000014AD002080B588B000AF0023FB610023BB6108F0CBFB00233B61744B1B68002B20
:201B200006D1734B734A40F68B71734801F0BEFC6E4B1B68013B6D4A13606C4B1B68002BB4
:201B400040F0CD806D4B1B68002B00F0C8808FE06B4BDB68DB68FB61FB699B6AFB60FB693B
:201B6000DB69FA69126A9A60FB691B6AFA69D2695A60FB685A68FB6918339A4203D1FB691F
:201B80001A6AFB685A60FB6900229A62FB681B685A1EFB681A60FB695B69BB60FB699B683D
:201BA000FA69D2689A60FB69DB68FA6992685A60BB685A68FB6904339A4203D1FB69DA68FA
:201BC000BB685A60FB6900225A61BB681B685A1EBB681A60FB69DA6A4A4B1B689A4203D9B4
:201BE000FB69DB6A474A1360FB69DA6A464913469B0013449B000B4404331B687B60FB69D3
:201C00007A689A607B689A68FB69DA607B689B68FA6904325A60FB691A1D7B689A60FB6950
:201C2000DA6A13469B0013449B00374A1A44FB695A61FB69DA6A344913469B0013449B0071
:201C40000B441B68FA69D26A591C2F4813469B0013449B0003441960FB69DA6A2B4B1B68E0
:201C6000DB6A9A4204D92A4A3B69012142F82310234B1B68002B7FF46BAFFB69002B01D0B6
:201C800000F04AFC234B1B687B617B69002B12D000F060F80346002B04D01D4A3B69012193
:201CA00042F823107B69013B7B617B69002BEFD1184B00221A60164A3B6952F82330002B21
:201CC0000DD00123BB61114B1B68134B4FF080525A60BFF34F8F00BFBFF36F8F00BF08F029
:201CE0001DFBBB6918462037BD4680BD14AD0020D8B7020064BA020080B60200ECAC002031
:201D0000ACAC0020F4AC002050AB00204CAB002000AD0020FCAC002000ED00E080B483B090
:201D200000AF054B1B687B607B6818460C37BD465DF8047B704700BFF0AC002080B400AFD6
:201D4000034B1B681846BD465DF8047B704700BFECAC002080B588B000AF0023FB617D4BEC
:201D60001B68002B40F0EB807B4B1B680133BB61794ABB691360BB69002B1CD1774B1B68A6
:201D80001B68002B06D0764B764A41F25F21764801F08CFB714B1B687B61744B1B686F4A3F
:201DA0001360724A7B691360714B1B680133704A136000F0B1FB6F4B1B68BA699A42C0F075
:201DC000A980664B1B681B68002B04D1694B4FF0FF321A609EE0614B1B68DB68DB683B61B6
:201DE0003B695B68FB60BA69FB689A4203D2614AFB6813608EE03B695B69BB603B699B68D1
:201E00003A69D2689A603B69DB683A6992685A60BB685A683B6904339A4203D13B69DA6857
:201E2000BB685A603B6900225A61BB681B685A1EBB681A603B699B6A002B1ED03B699B6A1E
:201E40007B603B69DB693A69126A9A603B691B6A3A69D2695A607B685A683B6918339A4275
:201E600003D13B691A6A7B685A603B6900229A627B681B685A1E7B681A603B69DA6A3E4B5B
:201E80001B689A4203D93B69DB6A3B4A13603B69DA6A3A4913469B0013449B000B4404334F
:201EA0001B683B603B693A689A603B689A683B69DA603B689B683A6904325A603B691A1D2D
:201EC0003B689A603B69DA6A13469B0013449B002A4A1A443B695A613B69DA6A27491346B5
:201EE0009B0013449B000B441B683A69D26A591C224813469B0013449B00034419603B697B
:201F0000DA6A1F4B1B68DB6A9A427FF65AAF0123FB6156E71A4B1B68DA6A184913469B00B3
:201F200013449B000B441B68012B01D90123FB61144B1B68002B07D00123FB6104E0124BB2
:201F40001B680133104A1360FB6918462037BD4680BD00BF14AD0020F0AC0020A4AC0020D8
:201F600028B8020074BA020080B60200A8AC002004AD00200CAD0020F4AC002050AB00201E
:201F80004CAB002000AD0020FCAC002080B582B000AF254B1B68002B03D0244B01221A6082
:201FA0003EE0224B00221A60214B1B687B600CE07B68002B06D11F4B1F4A41F2FA311F48C7
:201FC00001F074FA7B68013B7B601D497A6813469B0013449B000B441B68002BE8D07A68E3
:201FE00013469B0013449B00154A13443B603B685B685A683B685A603B685A683B680833E2
:202000009A4203D13B68DA683B685A603B685B68DB680C4A1360064A7B681360094B1B68DF
:2020200000BF0837BD4680BD14AD002000AD0020F4AC0020A0B8020088BA020080B602001E
:2020400050AB00204CAB002080B582B000AF786039607B68002B06D10A4B0B4A4FF4A45100
:202060000A4801F023FA0A4B1B68183319467868FEF7D3F80121386800F086FC00BF0837AC
:20208000BD4680BDB0B802009CBA020080B602004CAB002080B586B000AFF860B9607A608A
:2020A000FB68002B06D11B4B1B4A41F2BE411B4801F0FCF9FB685B687B61194B1B687A69A9
:2020C000DA61174B1B687A6992681A62144B1A687B699B6818325A60114B1B6803F11802CE
:2020E0007B699A600E4B1B68FA689A62FB681B685A1CFB681A607B68002B02D04FF0FF333E
:20210000BB607968B86800F03FFC00BF1837BD4680BD00BFB0B80200B4BA020080B6020059
:202120004CAB002080B588B000AF78607B68DB68DB68BB61BB69002B06D15E4B5E4A41F265
:20214000F5415E4801F0B2F9BB699B6A7B61BB69DB69BA69126A9A60BB691B6ABA69D269FA
:202160005A607B695A68BB6918339A4203D1BB691A6A7B695A60BB6900229A627B691B68F1
:202180005A1E7B691A604E4B1B68002B61D1BB695B69FB60BB699B68BA69D2689A60BB690B
:2021A000DB68BA6992685A60FB685A68BB6904339A4203D1BB69DA68FB685A60BB6900220C
:2021C0005A61FB681B685A1EFB681A60BB69DA6A3C4B1B689A4203D9BB69DB6A394A136080
:2021E000BB69DA6A384913469B0013449B000B4404331B68BB60BB69BA689A60BB689A6887
:20220000BB69DA60BB689B68BA6904325A60BB691A1DBB689A60BB69DA6A13469B001344FC
:202220009B00294A1A44BB695A61BB69DA6A264913469B0013449B000B441B68BA69D26A65
:20224000591C214813469B0013449B00034419601BE01E4B5B683B61BB693A69DA613B6991
:202260009A68BB691A623B699B68BA6918325A60BB6903F118023B699A60BB69134A9A62A1
:20228000124B1B680133114A1360BB69DA6A104B1B68DB6A9A4205D90123FB610D4B01221C
:2022A0001A6001E00023FB61FB6918462037BD4680BD00BFE8B80200D4BA020080B60200C2
:2022C00014AD0020F4AC002050AB0020ACAC00204CAB002000AD002080B483B000AF7860F8
:2022E000064B1A687B681A60054B1A687B685A6000BF0C37BD465DF8047B704704AD0020DE
:20230000F0AC002080B586B000AF786039607B68002B06D1284B294A41F2A551284801F021
:20232000C5F83B68002B06D1264B244A41F2A651234801F0BBF807F0B9FF234B1B683B61E7
:202340007B685B683A69D31AFB603B681B68B3F1FF3F02D100237B6126E07B681A681B4B41
:202360001B689A420AD07B685B683A699A4205D301237B613B6800221A6015E03B681B68CD
:20238000FA689A420BD23B681A68FB68D21A3B681A607868FFF7A0FF00237B6104E03B6896
:2023A00000221A6001237B6107F0B8FF7B6918461837BD4680BD00BFF8B80200F0BA0200E5
:2023C00080B6020004B90200F0AC002004AD002080B400AF034B01221A6000BFBD465DF894
:2023E000047B704700AD002080B582B000AF786000F054F8074B1B68012BF9D9064B4FF04D
:2024000080525A60BFF34F8F00BFBFF36F8F00BFEEE700BF50AB002000ED00E080B582B08F
:2024200000AF00237B600CE07A6813469B0013449B00124A13441846FDF7C2FE7B6801335F
:202440007B607B680E2BEFD90D48FDF7B9FE0D48FDF7B6FE0C48FDF7B3FE0C48FDF7B0FED1
:202460000B48FDF7ADFE0B4B054A1A600A4B054A1A6000BF0837BD4680BD00BF50AB002015
:202480007CAC002090AC0020ACAC0020C0AC0020D8AC0020A4AC0020A8AC002080B582B0A5
:2024A00000AF19E007F002FF104BDB68DB687B607B6804331846FDF7E9FE0D4B1B68013B56
:2024C0000B4A13600B4B1B68013B0A4A136007F025FF786800F010F8064B1B68002BE1D1B4
:2024E00000BF00BF0837BD4680BD00BFC0AC0020ECAC0020D4AC002080B582B000AF78604E
:202500007B681B6B1846FDF7FBFF7868FDF7F8FF00BF0837BD4680BD80B400AF0A4B1B6842
:202520001B68002B04D1094B4FF0FF321A6005E0054B1B68DB681B68044A136000BFBD46D9
:202540005DF8047B704700BFA4AC00200CAD002080B483B000AF054B1B687B607B681846E3
:202560000C37BD465DF8047B704700BF4CAB002080B483B000AF0B4B1B68002B02D10123A3
:202580007B6008E0084B1B68002B02D102237B6001E000237B607B6818460C37BD465DF8E9
:2025A000047B7047F8AC002014AD002080B586B000AF78607B683B6100237B617B68002BC2
:2025C0007BD03B69DA6A3F4B1B68DB6A9A426BD23B699B69002B06DB3A4B1B68DB6AC3F1A8
:2025E0000F023B699A613B6959693B69DA6A13469B0013449B00344A134499424CD13B6986
:2026000004331846FDF742FE2E4B1B68DA6A3B69DA623B69DA6A2D4B1B689A4203D93B6992
:20262000DB6A2A4A13603B69DA6A274913469B0013449B000B4404331B68FB603B69FA68C6
:202640009A60FB689A683B69DA60FB689B683A6904325A603B691A1DFB689A603B69DA6A24
:2026600013469B0013449B00174A1A443B695A613B69DA6A144913469B0013449B000B44DC
:202680001B683A69D26A591C0F4813469B0013449B000344196004E00A4B1B68DA6A3B69C2
:2026A000DA6201237B6108E03B699A6C054B1B68DB6A9A4201D201237B617B6918461837F4
:2026C000BD4680BD4CAB002050AB0020F4AC002080B586B000AF78607B683B6100237B6158
:2026E0007B68002B78D03F4B1B683A699A4206D03D4B3E4A41F628213D4800F0D7FE3B69A4
:20270000DB6C002B06D13B4B384A41F62921384800F0CCFE3B69DB6C5A1E3B69DA643B69C4
:20272000DA6A3B699B6C9A4256D03B69DB6C002B52D13B6904331846FDF7A8FD3B699A6CF3
:202740003B69DA623B69DB6AC3F10F023B699A613B69DA6A284B1B689A4203D93B69DB6ACD
:20276000254A13603B69DA6A244913469B0013449B000B4404331B68FB603B69FA689A60D8
:20278000FB689A683B69DA60FB689B683A6904325A603B691A1DFB689A603B69DA6A134684
:2027A0009B0013449B00154A1A443B695A613B69DA6A124913469B0013449B000B441B6875
:2027C0003A69D26A591C0D4813469B0013449B000344196001237B617B6918461837BD4616
:2027E00080BD00BF4CAB00202CB9020008BB020080B6020044B90200F4AC002050AB002008
:2028000080B588B000AF786039607B68BB6101237B617B68002B00F08D80BB69DB6C002B8B
:2028200006D1464B464A41F68621464800F03EFEBB699B6C3A689A4202D93B68FB6102E0A3
:20284000BB699B6CFB61BB69DB6AFA699A4271D0BB69DB6C7A699A426CD13B4B1B68BA6975
:202860009A4206D1394B364A41F6A121354800F01DFEBB69DB6A3B61BB69FA69DA62BB6934
:202880009B69002B04DBFB69C3F10F02BB699A61BB6959693A6913469B0013449B002C4AFD
:2028A0001344994246D1BB6904331846FDF7EEFCBB69DA6A274B1B689A4203D9BB69DB6ABA
:2028C000244A1360BB69DA6A214913469B0013449B000B4404331B68FB60BB69FA689A607B
:2028E000FB689A68BB69DA60FB689B68BA6904325A60BB691A1DFB689A60BB69DA6A134623
:202900009B0013449B00124A1A44BB695A61BB69DA6A0F4913469B0013449B000B441B6819
:20292000BA69D26A591C0A4813469B0013449B000344196000BF2037BD4680BD44B9020076
:2029400020BB020080B602004CAB00205CB9020050AB0020F4AC002080B483B000AF094BEF
:202960001B687B607B68002B04D07B68DB6C5A1C7B68DA647B6818460C37BD465DF8047BFB
:20298000704700BF4CAB002080B588B000AF786039602F4B1B68FB612E4B1B68BB612E4B33
:2029A0001B687B612D4B1B6804331846FDF76EFC7B68B3F1FF3F24D13B68002B21D0284BDE
:2029C0005B683B61254B1B683A699A60234B1B683A699268DA60214B1A683B699B68043275
:2029E0005A601E4B1B681A1D3B699A601B4B1B681B4A5A611A4B1B680133194A136000BFA2
:202A000022E0FA697B681344FB60144B1B68FA685A60FA68FB699A4207D2104B1B6804332E
:202A200019467869FDF7F9FB0EE00C4B1B6804331946B869FDF7F1FB0A4B1B68FA689A42F9
:202A400002D2084AFB68136000BF2037BD4680BDF0AC0020A4AC0020A8AC00204CAB00206D
:202A6000D8AC00200CAD002080B584B002AF00237B6000F0B3FA0F4B1B68002B0AD00E4BE9
:202A8000019303230093002380220C490C48FEF713FE78607B68002B06D10A4B0A4A4FF4CC
:202AA000A3710A4800F002FD7B6818460837BD4680BD00BF48AD00204CAD002044BB020013
:202AC0002D2C01004CBB0200A8BC020054BB020080B588B002AFF860B9607A603B602820D0
:202AE000FDF7FEFB78617B69002B0DD07B69002283F824207B6901933B6A00933B687A682A
:202B0000B968F86800F006F87B6918461837BD4680BDFFFF80B584B000AFF860B9607A6014
:202B20003B60BB68002B06D1144B154A40F2A911144800F0BBFC00F051FAFB69FA681A60AD
:202B4000FB69BA689A61FB693A68DA61FB69BA691A62FB6904331846FDF752FB7B68002B68
:202B600008D0FB6993F8243043F00403DAB2FB6983F8242000BF1037BD4680BDE8BB020066
:202B8000C0BC020054BB020080B584B000AFF860B9607A6008E0FB689B69BA681344BB6060
:202BA000FB681B6AF8689847FB689A69BB68D118BB687A68F86800F0E1F80346002BEAD11F
:202BC00000BF00BF1037BD4680BDFFFF80B584B000AF78603960144B1B68DB68DB68FB60A6
:202BE000FB6804331846FDF751FBFB6893F8243003F00403002B05D03A687968F868FFF788
:202C0000C3FF08E0FB6893F8243023F00103DAB2FB6883F82420FB681B6AF868984700BF1D
:202C20001037BD4680BD00BF40AD002080B584B000AF786007F10803184600F05BF8F86055
:202C4000BB681946F86800F005F800F0D9F800BFF0E7FFFF80B584B000AF78603960FEF7D2
:202C600043FF07F10803184600F068F8F860BB68002B31D13B68002B0AD17A68FB689A42EF
:202C800006D8FEF73FFFF9687868FFF79FFF26E03B68002B08D0144B1B681B68002B01D140
:202CA000012300E000233B60104B18687A68FB68D31A3A681946FEF721FCFEF723FF0346D2
:202CC000002B0CD10A4B4FF080525A60BFF34F8F00BFBFF36F8F02E0FEF714FFFFE700BF3E
:202CE0001037BD4680BD00BF44AD002048AD002000ED00E080B485B000AF78600E4B1B68CF
:202D00001B68002B01D1012200E000227B681A607B681B68002B05D1074B1B68DB681B68AF
:202D2000FB6001E00023FB60FB6818461437BD465DF8047B704700BF40AD002080B584B00A
:202D400000AF7860FEF7EAFFF8600B4B1B68FA689A4205D200F01CF97B6801221A6002E061
:202D60007B6800221A60044AFB681360FB6818461037BD4680BD00BF50AD002080B586B021
:202D800000AFF860B9607A603B6000237B61FB68BA685A60FB68FA681A61BA687B689A423F
:202DA00012D87A683B68D21AFB689B699A4202D301237B611BE0104B1A68FB6804331946CF
:202DC0001046FDF72AFA12E07A683B689A4206D2BA683B689A4202D301237B6107E0074BAB
:202DE0001A68FB68043319461046FDF716FA7B6918461837BD4680BD44AD002040AD00200F
:202E000080B586B000AF3B1D00221A605A609A60A5E07B68002BC0F2A280FB687B617B6966
:202E20005B69002B04D07B6904331846FDF72EFA3B461846FFF782FF38617B68013B082BF9
:202E400000F28A8001A252F823F000BF712E0100712E0100D92E0100ED2E01002F2F0100F4
:202E6000712E0100712E0100D92E0100ED2E01007B6993F8243043F00103DAB27B6983F809
:202E80002420BA687B699B69D118BB683A697869FFF774FF0346002B60D07B6993F8243084
:202EA00003F00403002B09D0BA687B699B6913443A6919467869FFF767FE08E07B6993F81E
:202EC000243023F00103DAB27B6983F824207B691B6A7869984741E07B6993F8243023F038
:202EE0000103DAB27B6983F8242038E07B6993F8243043F00103DAB27B6983F82420BA683C
:202F00007B699A617B699B69002B06D11C4B1D4A4FF482611C4800F0C9FA7B699A693B6952
:202F2000D1183B693A697869FFF728FF17E07B6993F8243003F00203002B03D17869FDF7DD
:202F4000DFFA0CE07B6993F8243023F00103DAB27B6983F8242002E000BF00E000BF0B4B0D
:202F60001B68391D00221846FDF76EFF0346002B7FF44FAF00BF00BF1837BD4680BD00BFE6
:202F800078BC0200D8BC020054BB020048AD002080B582B000AF09E00E4B1B68DB681B689E
:202FA0003B604FF0FF313868FFF710FE094B1B681B68002BF0D1074B1B687B60064B1B6899
:202FC000044A1360044A7B68136000BF0837BD4680BD00BF40AD002044AD002080B500AF8D
:202FE00007F064F9124B1B68002B1DD11148FDF7E7F81148FDF7E4F8104B0E4A1A60104BA7
:203000000D4A1A6000220C210A20FDF743FC0346074A1360064B1B68002B05D0044B1B6880
:2030200008491846FEF71CFA07F078F900BF80BD48AD002018AD00202CAD002040AD002072
:2030400044AD0020A0BC020080B500AF00F00CF807F0D6F900BFFDE780B400AF00BE00BF60
:20306000BD465DF8047B704780B584B000AF3A4B4FF47002C3F88820374B384A9A600020EF
:2030800016F074FD00F076F9012016F06FFD334B1B68A3F500633B603B6883F30A8800BFC6
:2030A0002F4A304BD31A1A4600212E4817F0B2F92D4A2E4BD31A1A462D492C4817F0B8F9A7
:2030C0002C4A2D4BD31A9B107B600023FB6007E0294AFB6852F823309847FB680133FB60E6
:2030E000FA687B689A42F3DB00F0DAF800F0BEF9032000F0B7FB0023BB6009E01F4ABB6800
:2031000008334FF6FF7122F81310BB680133BB60BB68052BF2D9032000F054FB032000F07D
:20312000A1FB174B00225A60154B00229A60144B0022DA60124B00221A61032000F042FB34
:20314000022016F013FD00F0B9FA002000F0A4F900BF1037BD4680BD00ED00E000000100D3
:2031600098EB0020A00900203C09002000000020F4D702003C0900203C090020000D084072
:2031800000000E4080B400AF094B0122A3F80421074BB3F804319BB2002BF9D1044B0122E1
:2031A000A3F8002100BFBD465DF8047B704700BF00C0014080B483B000AF0346FB710D4B23
:2031C00093F8A030C3F30013DBB2002BF7D1094AFB7982F8A030074B93F8A030C3F30013C4
:2031E000DBB2002BF7D100BF00BF0C37BD465DF8047B704700E0014080B582B000AF034680
:20320000FB71FB79042B14D1174B93F8AA30C3F30013DBB2002BF7D1134B012283F8AA20E4
:20322000114B93F8AA30C3F30013DBB2002BF7D115E00D4B93F8AA30C3F30013DBB2002B51
:20324000F7D1094B002283F8AA20074B93F8AA30DBB2002BF9D1FB791846FFF7ABFF00BF81
:203260000837BD4680BD00BF00E0014080B483B000AF786039607B68052B04D13B681B685A
:20328000064A536103E03B681B68044A936100BF0C37BD465DF8047B704700BF3C0900202B
:2032A00080B483B000AF0D4B93F82630DBB27B600A4B1B6A1B0E03F007033B60084A7B6887
:2032C00052F823203B6822FA03F3064A136000BF0C37BD465DF8047B704700BF00E0014079
:2032E0003C09002054AD002080B500AF0B4B012283F81C210A4B0B4A1A62094B052283F817
:203300002620FFF7CDFF084BF1221A73064B00221A72054BF0221A7300BF80BD00C00140C7
:2033200000E00140111202200020004080B500AF0B4B0C4A1A600A4B0B4A5A60084B4FF4C3
:2033400000429A60064B094ADA60054B4FF400421A61034B064A5A61FFF7A2FF00BF80BD17
:203360003C090020002D310100127A0000366E0100E1F50580B500AF1B4B4AF20352A3F807
:20338000FE23FFF7FFFEFFF7D1FF174B002283F81324154B092283F8A22000F031F8124BDF
:2033A000002283F83620104B93F83C30C3F30003DBB2012BF7D10C4B41F211321A850A4BCD
:2033C000002283F82A20084B93F83C30C3F34013DBB2012BF7D1FFF787FF034B4FF42542BE
:2033E000A3F8FE2300BF80BD00E0014080B483B000AF786000BF0C37BD465DF8047B704776
:2034000080B500AF184B93F88034DBB2002B07D1154B93F88134C3F30103DBB2012B1CD097
:20342000114B93F88034DBB2002B0DD10E4B012283F880240121C82000F042F80A4B93F8AC
:203440008034DBB2012BF9D1074B022283F88124054B002283F8802404E04FF47A70FFF707
:20346000C5FF00BF00BF80BD00E0014080B500AF074B002283F82820012000F0F3F9054B44
:20348000002283F8BB24012000F09CF900BF80BD0030084000E0014080B483B000AF786087
:2034A00000BF0C37BD465DF8047B704780B485B000AFF860B9607A603B6000BE00BFFDE71D
:2034C0002DE9B04F90B000AFF861B9610023FB63FB69BA6902FB03F3BB63504B1B687B6360
:2034E0004F4A7B6BB2FBF3F33B63BB6B00223B617A61D7E904234FF000004FF0000159019D
:2035000041EAD261500102460B463969B2EB0108796963EB01094FF000024FF000034FEA25
:20352000890343EA98734FEA880290469946D7E904120B4618EB03033B60134649EB0303F1
:203540007B604FF000024FF00003D7E900894946CB00414643EA51734146CA00C7E90A23C4
:20356000D7E90A23012B08D2BA6A3B6BB2FBF3F37B627B6A9B08FB6344E03B6B9B00BA6BAE
:20358000B2FBF3F3BB63BB6B0022BB60FA60D7E9028942464B464FF000004FF00001590180
:2035A00041EAD261500102460B464146541A494663EB01054FF000024FF00003AB0043EA90
:2035C0009473A20014461D46434614EB030A4B4645EB030B4FF000024FF000034FEACB0397
:2035E00043EA5A734FEACA0292469B46C7E90AABD7E90A23012B02D2BB6AFB6302E04FF01D
:20360000FF33FB63FB6B002B02D0F86B00F00AF800BF4037BD46BDE8B08F00BF54AD002065
:2036200000CA9A3BA0F101000028FBD1704700BF80B582B000AF0346FB71FB79074A52F815
:203640002330002B06D0FB79044A52F82330FA791046984700BF0837BD4680BD58AD0020AC
:2036600080B582B000AF144BB3F82031BB80124BB3F840319AB2BB8813407B800023FB71B9
:203680000EE07A88FB7922FA03F303F00103002B03D0FB791846FFF7CBFFFB790133FB7119
:2036A000FB790D2BEDD9044A7B88A2F8303100BF0837BD4680BD00BF0060004080B58AB040
:2036C00000AF032000F0CEF8394B6FF0FF029A643B1D0C22FF21184616F09CFE00237B62DC
:2036E00021E0344A7B6A32F81330002B18D07B6A5B097B617B6A03F01F033B617B699B00AC
:2037000028333B4453F8242C01213B6901FA03F3DB431A407B699B0028333B4443F8242C21
:203720007B6A01337B627B6A5F2BDAD9224BBB6100233B6218E03B6A9B00BA691A443B6ACA
:203740009B0028333B4453F8243C13601B493B6A9B0028333B4453F8242C3B6AA03341F80C
:2037600023203B6A01333B623B6A022BE3D9032000F028F80023FB6112E00E4AFB6932F878
:203780001330002B09D00B4AFB6932F813300C4A1946FB69C03342F82310FB690133FB614F
:2037A000FB695F2BE9D900BF00BF2837BD4680BD0080004068C302007080004000E100E05E
:2037C0000060004080B487B000AF0346FB7100237B61EFF31083FB60FB687B6101233B61AC
:2037E0003B6983F3108800BFFB791A4A32F813309BB2002B09D0FB79164A32F8132092B24D
:20380000013A91B2134A22F81310FB79114A32F813309BB2002B11D10F4BB3F8FE339AB278
:203820000E4B13439AB2FB790D4931F81330DB439BB2094913409BB2A1F8FE337B69BB6031
:20384000BB6883F3108800BF00BF1C37BD465DF8047B704714AF002000E0014000A5FFFF31
:20386000F4BC020080B487B000AF0346FB7100237B61EFF31083FB60FB687B6101233B61F9
:203880003B6983F3108800BFFB79164A32F813309BB2002B0FD1144BB3F8FE339AB2FB7923
:2038A000124931F8133013439AB20F49104B13439BB2A1F8FE33FB790A4A32F8132092B216
:2038C000013291B2074A22F813107B69BB60BB6883F3108800BF00BF1C37BD465DF8047B0C
:2038E000704700BF14AF002000E00140F4BC020000A5FFFF80B584B000AF78607B68FB60CB
:20390000144B1B68002B02D1124B134A1A60114B1B68BB60FB68033323F00303FB600D4B34
:203920001A68FB6813440D4A934207D916F07AFD03460C221A604FF0FF3306E0054B1A68A8
:20394000FB681344034A1360BB6818461037BD4680BD00BF1CAF002098EB002098EB0020F5
:2039600080B487B000AF0346FB710E4B1B6A7B61FB797A6922FA03F303F007033B617B69D8
:203980001B0E03F00703FB60074B1A68FB689A403B6922FA03F318461C37BD465DF8047B57
:2039A000704700BF00E0014054AD002080B483B000AF03463960FB7197F9073004493A6835
:2039C00041F8232000BF0C37BD465DF8047B704794AD002080B483B000AF0346FB710B495B
:2039E00097F9073003F1C00251F8223023F4803341F82230054A97F90730C03352F82330B4
:203A000000BF0C37BD465DF8047B70470060004080B584B000AF0346FB7197F90730184684
:203A2000FFF7D8FFBFF35F8F00BF97F90730FB60FB6803F01F02074997F907305B09012025
:203A400000FA02F2603341F8232000BF1037BD4680BD00BF00E100E080B584B000AF034642
:203A6000B9607A60FB73BB68DAB2094997F90F301201D2B20B4483F8002397F90F307968E1
:203A80001846FFF793FF00BF1037BD4680BD00BF00E100E080B485B000AF0346FB7197F91D
:203AA0000730FB60FB6803F01F020749FB685B09012000FA02F241F8232000BF1437BD464E
:203AC0005DF8047B704700BF00E100E080B582B000AF0346FB7197F907301846FFF798FF5E
:203AE00097F907301846FFF7D5FF00BF0837BD4680BD80B584B000AF0346B9607A60FB73D7
:203B000097F90F307A68B9681846FFF7A5FF97F90F301846FFF7DAFF00BF1037BD4680BD99
:203B200080B586B000AF786039607B687B613B685B693B617B693A685A603B68DA687B692F
:203B40009A613B681A697B691A627B690022DA614FF40073FB603B681B881A46FB6802FB8C
:203B600003F303F1804303F5B8131A467B691A603968786900F09EF83B6893F906003B6837
:203B80005B7A7A69194600F0C5FA3B6893F907003B689B7A7A69194600F0BCFA3B6993F959
:203BA00007003B695B7A7A69194600F0B3FA3B6993F908003B699B7A7A69194600F0AAFADF
:203BC0007B6900221A617B69034A9A60002318461837BD4680BD00BF4344415280B586B0E5
:203BE00000AF786039603B687B617B683B610023FB607969386900F09BF97B691A683B6918
:203C00001A61FB6818461837BD4680BD80B485B000AF78607B68FB60FB681B68FA68928A47
:203C20001A80002318461437BD465DF8047B704780B485B000AF78607B68FB60FB681B687C
:203C400000221A80002318461437BD465DF8047B704780B485B000AF786039607B68FB6087
:203C6000FB681B681B88C3F3C033DBB21A463B681A70002318461437BD465DF8047B70479E
:203C800080B487B000AFF8600B467A60FB72FB687B617B691B6897F90B20103233F812300A
:203CA0009AB27B681A80002318461C37BD465DF8047B704780B48DB000AF786039603B68A5
:203CC0005B697B623B689B785B03FB62FB6A43F41073FB627B6A9B78002B02D14FF480732A
:203CE00000E00023FA6A1343FB627B6A9B783F2B02D04FF4007300E00023FA6A1343FB62A6
:203D00007B6A1B79002B04D0FB6A43F08003FB6207E07B6A9B783F2B03D1FB6A43F40043B7
:203D2000FB62FB6A9AB27B689A827B6A9B781B0203F47C527B6ADB7803F03F0313433B623C
:203D40000023FB613B68DB785B00FA691343FB613B681B79DB03FA691343FB617B6A5B789C
:203D60005B01FA691343FB617B6A1B78BB6100237B61EFF310833B613B697B610123FB602F
:203D8000FB6883F3108800BF214BDA683B681B88C3F11003012101FA03F3DB431C4913404F
:203DA000CB601B4BDB687B69BB60BB6883F3108800BFFB6A99B27B681A6847F6FF530B4051
:203DC0009BB213807B681B683A6A92B21A827B681B68FA6992B2DA817B681B68BA69D2B2A4
:203DE0001A73002387F82B307B6A9B79012B02D1012387F82B307B681B6897F82B2083F888
:203E0000D02000BF3437BD465DF8047B704700BF0040084080B586B000AF78603960002305
:203E2000FB6007F10C03184600F05AF83B681A683B685B6813433B6100237B613B6903F06D
:203E40000053002B1ED0FA687B681B68D2B283F8DE203B681B6803F00053002B04D07B69E2
:203E600043F480737B6103E07B6943F480637B613B689B6803F00053002B03D07B6943F07E
:203E800001037B613B6903F08043002B1ED0FA687B681B68D2B283F8DF203B681B6803F0F0
:203EA0008043002B04D07B6943F400737B6103E07B6943F400637B613B689B6803F080433D
:203EC000002B03D07B6943F002037B617B681B687A6992B25A8200BF1837BD4680BDFFFF37
:203EE00080B584B000AF78600420FFF739FDB860BB680D4AA2FB03239B0941F2360202FB21
:203F000003F30A4AA2FB03239B0C0133FB60FB68062B01D80723FB607B68FA681A6000BFEE
:203F20001037BD4680BD00BFD34D621083DE1B4380B58CB000AF786039603B681B6823F020
:203F4000C043BB627B685B685B697B623B685B6823F0C0433B623B689B6823F0C043FB61C9
:203F60007B681B68BA6A92B29A807B681B683A6A92B29A827B681B68FA6992B21A81BB6A22
:203F80001A0C7B681B6892B2DA803B6A1A0C7B681B6892B2DA82FB691A0C7B681B6892B2F2
:203FA0005A8139687868FFF735FF3B68DB68BB610023FB85BB69002B70D0BB691B89FB85FF
:203FC000BB691B8903F40063002B4BD07B681B68BA691289A3F890207B681B68BA695289A6
:203FE000A3F89C207B681B68BA699289A3F89E20BB691B687B617B681B687A6992B2A3F8C2
:2040000094207B691B0C9AB27B681B6822F4C04292B2A3F896207B695B0FDAB27B681B6842
:2040200002F00302D2B283F89220BB695B683B617B681B683A6992B2A3F898203B691B0CEA
:204040009AB27B681B6822F4C04292B2A3F89A203B695B0FDAB27B681B6802F00302D2B282
:2040600083F89320BB691B8903F40073002B15D0BB69997CBB69DA7C7B681B680A43D2B2E6
:2040800083F8A6207B681B68BA69D289A3F8A8207B681B68BA69128AA3F8AA207B681B68A8
:2040A000FA8DA3F890207B681B683A68128AA3F880207B6A1B79002B22D07B681B681B88B0
:2040C0009BB2FB60FB6823F01F03BA6ABA60BA68002A01D1202203E0BA68B2FA82F2D2B259
:2040E0009B1A1F33FB607B681B68FA6892B21A807B689A8AFB689BB213439AB27B689A8260
:204100007B68034ADA6000BF3037BD4680BD00BF4344415280B582B000AF03463A60FB7191
:204120000B46BB7197F90730002B06DBB97997F907303A681846FFF7DCFC00BF0837BD4667
:2041400080BDFFFF80B483B000AF0346FB7197F90730002B0CDBFB7903F01F02074997F918
:2041600007305B09012000FA02F2403341F8232000BF0C37BD465DF8047B704700E100E055
:2041800080B483B000AFEFF303837B607B683B603B88C3F308039BB2DBB2103BDBB25BB205
:2041A00018460C37BD465DF8047B704780B483B000AF03463960FB7197F9073004493A68B6
:2041C00041F8232000BF0C37BD465DF8047B704794AD002080B483B000AF0346FB7197F917
:2041E0000730044A52F8233018460C37BD465DF8047B704794AD002080B483B000AF0346AE
:20420000FB710B4997F9073003F1C00251F8223023F4803341F82230054A97F90730C03368
:2042200052F8233000BF0C37BD465DF8047B70470060004080B584B000AF0346FB7197F954
:2042400007301846FFF7D8FFBFF35F8F00BF97F90730FB60FB6803F01F02074997F90730ED
:204260005B09012000FA02F2603341F8232000BF1037BD4680BD00BF00E100E080B584B08D
:2042800000AF0346B9607A60FB73BB68DAB2094997F90F301201D2B20B4483F8002397F9E1
:2042A0000F3079681846FFF781FF00BF1037BD4680BD00BF00E100E080B485B000AF0346E3
:2042C000FB7197F90730FB60FB6803F01F020749FB685B09012000FA02F241F8232000BF78
:2042E0001437BD465DF8047B704700BF00E100E080B582B000AF0346FB7197F90730184675
:20430000FFF798FF97F907301846FFF7D5FF00BF0837BD4680BD80B584B000AF0346B96069
:204320007A60FB7397F90F307A68B9681846FFF7A5FF97F90F301846FFF7DAFF00BF103769
:20434000BD4680BD80B590B000AF786039607B68BB6200237B623B681B693B623B681B689E
:2043600003F58023A8331B03FB61BB6AFA695A600023BB61EFF310833B613B69BB610123D7
:20438000FB60FB6883F3108800BF8F4B5A683B681B68C3F10203012101FA03F3DB438A4913
:2043A00013404B60884B5B68BB69BB60BB6883F3108800BFBB6A3A681A603B689A68BB6A2F
:2043C000DA613B68DA68BB6A5A62BB6A00221A623B6A1A78BB6A1A7600220121B86A00F0D7
:2043E00083FB3B6A1B7B1BB25B001AB23B6A1B7D1BB2DB001BB213431BB243F4E0731BB2E4
:204400009AB2FB69A3F840283B685B687B617B691B68013B1A046D4B13407A695268013A03
:2044200012071A437B699B68013B1B021A437B69DB68013B1B031343BA6A127E1A43FB691D
:20444000C3F8442800220221B86A00F04DFBFB69802283F85028FB6903F500734FF4007219
:204460000021184615F0D6FF0023FB632CE03B6A9A68FB6BDB0013449B79002B16D13B6A4C
:204480001B69FA6B9A4211D2FB6B20331B01FA69D1183B6A9A68FB6BDB0013441A46386A12
:2044A00000F0F6F8402387F83B3002E0002387F83B30FA69FB6B134403F5026397F83B207B
:2044C0001A70FB6B0133FB63FB6B1F2BCFD900237B6300233B632BE03B6A5A683B6B9B008D
:2044E00013441B686FF0604293421ED23B6A5A683B6B9B0013441B68FB623B6A1B7B002BD7
:2045000004D1FB6A9A04324B1340FB62FB693A6B02F58072F96A43F822103B6B9B000F2262
:2045200002FA03F37A6B13437B633B6B01333B633B6A1B699B083A6B9A42CDD37B6BDA4308
:20454000FB69C3F8282400220021B86A00F0CCFAFA69B2F8403843F02003A2F84038FB6984
:20456000B3F84038C3F34013DBB2002BF7D13B6893F915003B681B7DBA6A1946FFF7CBFECE
:204580003B6893F916003B681B7DBA6A1946FFF7C2FE3B6893F917003B681B7DBA6A19465E
:2045A000FFF7B9FEFB693E2283F84C28FB694FF0FF32C3F82C24BB6A064A9A607B6A18460A
:2045C0004037BD4680BD00BF004008400000FF030000FC1F4E41435280B58AB000AFF86026
:2045E000B9607A60FB68BB61BB691B681B697B61BB695B683B613A69BB68134403F5026345
:204600001B78C3F3C013DBB2002B02D04EF663233AE0BB6820331B013A6913447A68194643
:20462000786900F035F87B689B7903F00F03D9B23A69BB6820331B011A44938861F30303ED
:2046400093807B689B797B62BB6820331B013A69134406333B627B680C33FB6107E0FA6949
:20466000531CFB613B6A591C396212781A707B6A5A1E7A62002BF2D13A69BB68134403F56A
:20468000026380221A70002318462837BD4680BD80B489B000AFF860B9607A60FB681B7B09
:2046A000FB750023FB61FB7D002B06D0FB7D022B0AD17B681B79002B06D17B681B689A0495
:2046C000114B1340BB610EE0FB7D022B06D17B681B79012B02D14FF00043FB617B681B68EB
:2046E00023F06043BB617B685B799B073B61FA693B691A43BB691A43BB681A6000BF243757
:20470000BD465DF8047B70470000FC1F80B489B000AFF860B9607A60FB685B68BB61BA6924
:20472000BB6820331B0113441B687B617B699B0F03F00103DAB27B685A71FB681B681B6908
:204740003B613B691B7BB969BA68203212010A441268C2F3C072D2B21343DBB203F00103CD
:20476000DAB27B681A717B681B79002B06D17B699B0CC3F30A027B681A6004E07B6923F041
:2047800060427B681A60BA69BB6820331B0113449B88C3F30303DBB21A467B689A717B6871
:2047A0009B79082B02D97B6808229A710023FB6112E0BA69BB681B011A44FB69134403F2DE
:2047C00006231B78D9B27A68FB6913440C330A461A70FB690133FB617B689B791A46FB692D
:2047E0009342E6D3BA69BB68134403F5026344221A707B6800229A6000BF2437BD465DF8D0
:20480000047B7047B0B58EB000AF786039607B681B6A7B637B6B002B02D13B687B6317E0FD
:204820007B6B07F10C041D460FCD0FC40FCD0FC495E8030084E803007A6B3B6814461D4695
:204840000FCD0FC40FCD0FC495E8030084E803007B68DB69786B98477B681B6A002B0CD0B3
:204860007B681B6A1D4607F10C040FCC0FC50FCC0FC594E8030085E8030000BF3837BD46E7
:20488000B0BD80B590B000AFFFF77AFC03461846FFF7B2FCFFF774FC034687F83B3097F9A7
:2048A0003B301846FFF796FC78633B4628220021184615F0AFFD0023FB637B6B5B683B6309
:2048C0003B6B93F84D38DBB2BB803B6B002283F84D283B6BB3F84238C3F30013DBB2002B56
:2048E00022D0BB8843F020039BB2BB803B6B93F8533887F82F303B6B022283F853283B6BA5
:2049000093F85238C3F30403DBB2FB633B6B97F82F2083F853283A6BFB6B134403F50262A2
:20492000137823F0040313707B6B1B681B683B607B6B5B6A3B61FB6BFB603B461946786BFD
:20494000FFF760FF7B6B1B681B69BB623B6BB3F84238C3F30013DBB2002B0AD0BB6A1B7D15
:20496000002B06D07B6B1B6893F915301846FFF7E9FB00BF4037BD4680BD80B590B000AF2A
:20498000FFF7FEFB03461846FFF736FCFFF7F8FB034687F83F3097F93F301846FFF71AFCD0
:2049A000B8634FF480633B81BB6B5B687B637B6B93F8533887F833307B6B002283F8532857
:2049C0007B6B93F85238C3F30403DBB2FB627B6B97F8332083F853283B1D14331A46F96A15
:2049E000B86BFFF793FEFB6A3B61BB6B1B681B687B60BB6B5B6A7B613B1D1946B86BFFF76E
:204A000001FF7B6BB3F84238C3F30003DBB2002B04D097F93F301846FFF794FB00BF40372E
:204A2000BD4680BD80B590B000AFFFF7A9FB03461846FFF7E1FBFFF7A3FB034687F83F3034
:204A400097F93F301846FFF7C5FBB86300233B81BB6B5B687B637B6B93F8533887F83330A4
:204A60007B6B012283F853287B6B93F85238C3F30403DBB2FB627B6B97F8332083F85328D7
:204A80007A6BFB6A134403F5026300221A707A6BFB6A134403F5026300221A70FB6A3B61C1
:204AA0003B8943F400639BB23B81BB6B1B681B687B60BB6B5B6A7B613B1D1946B86BFFF7F1
:204AC000A1FE7B6BB3F84238C3F34003DBB2002B06D0BB6B1B6893F917301846FFF732FBA8
:204AE00000BF4037BD4680BD80B584B000AF78600B46FB701346BB707B685B68FB607B682C
:204B00005B7BBA789A420DD00221786800F032F8FB68BA7883F858287B68BA785A737B6862
:204B200002221A737B681B7BFA789A421ED0FB78052B13D10221786800F01CF8FA68B2F875
:204B4000403843F48063A2F84038FB68B3F84238C3F38023DBB2012BF7D104E0FB78194699
:204B6000786800F007F87B68FA781A7300BF1037BD4680BD80B485B000AF78600B46FB7092
:204B80007B685B68FB60FA68B2F8403823F48063A2F84038FB7803F00303D9B2FA68B2F881
:204BA000403861F30923A2F84038FB68B3F842389BB203F4E062FB781B029A42F5D100BFEC
:204BC00000BF1437BD465DF8047B704780B485B000AF786039607B68FB600C4AFB6813604A
:204BE0003B681A68FB689A603B685A68FB68DA60FB6800225A60FB68054A1A600023184645
:204C00001437BD465DF8047B704700BF20AF00204347430080B588B000AFF8600B467A60A1
:204C2000FB72FB68FB610023BB6100233B61FB7A052B02D0FB7A062B0DD107F1100307F14C
:204C40001402F97A786800F0B7F9B861BB69002B01D0BB6929E0FB7A184600F0F5F80346EC
:204C60001A46FB7A1146184600F006F90346002B02D140F2931318E0012000F01AF8FB7A0C
:204C8000052B02D0FB7A062B06D13B6907F11402F97A786800F0CEF9FB7A0021184600F0F5
:204CA00019F9012000F01AF8002318462037BD4680BD80B582B000AF0346FB710120FEF7C6
:204CC000D1FDFB79012B05D10020FEF795FA0020FEF7C8FD00BF0837BD4680BD80B582B06D
:204CE00000AF0346FB71FB79012B07D10020FEF769FD064B1B6A184600F07AF80120FEF7B1
:204D000061FD00BF0837BD4680BD00BF00E0014080B483B000AF78601A4B1B68B3F5004F4A
:204D200001D0002327E0184B93F83630DBB2002B17D0154B93F83830DBB2002B11D0124B3C
:204D400093F83230DBB2002B0BD00F4B93F82A30DBB2002B05D00C4B93F84A30DBB2002BF3
:204D600001D1002307E07B6803F0EE43002B01D0002300E0012318460C37BD465DF8047BB5
:204D8000704700BF54AD002000E0014080B485B000AF78600B46FB70FB78002B0BD07B6853
:204DA000FB60FB6803F0443323F480030E4A934201D0002311E00D4B93F82A30DBB2002B2A
:204DC00005D10A4B93F84A30DBB2002B01D0012300E0002303F00103DBB218461437BD46C3
:204DE0005DF8047B704700BF4444044400E0014080B584B000AF7860104B93F84030FB73C4
:204E00007868FFF785FF0346002B03D00420FEF7F3F90FE0FB7B19467868FFF7B7FF034653
:204E2000002B07D0064B1B68064A934202D80320FEF7E2F900BF1037BD4680BD00E0014043
:204E400054AD002040420F0080B483B000AF0346FB71FB79074A52F823301B78DBB2002B28
:204E60000CBF01230023DBB218460C37BD465DF8047B7047FCBC020080B487B000AF034647
:204E80000A46FB711346BB7116237B61FB7901229A407B691340002B01D0012312E00C4BAB
:204EA00093F83C30DBB23B61FB793A6922FA03F303F00103FB60BB79FA689A420CBF0123F6
:204EC0000023DBB218461C37BD465DF8047B704700E0014080B483B000AF03460A46FB71A7
:204EE0001346BB71FB790A4A52F82330BA791A70FB79074A52F823301B78DBB2BA799A427A
:204F0000F6D100BF00BF0C37BD465DF8047B7047FCBC020080B489B000AFF8600B467A6022
:204F2000FB72114BFB61FB681B78002B01D10F4BFB61FB685B880133FA6902FB03F35B0870
:204F4000BB61FB685B7801337B61BA697B69B2FBF3F33B617B683A691A60002318462437DD
:204F6000BD465DF8047B704700366E01002D310180B487B000AF78600023FB827B681B7897
:204F8000002B01D10123FB827B685B88BB827B685B787B82BB8A1B0203F47C52FB8A1B01F5
:204FA0001A437B8A1343FB60FB6818461C37BD465DF8047B7047FFFF80B588B000AFF860CA
:204FC0007A603B600B46FB72F868FFF7D1FFB861FB7A052B02D1154BFB6101E0144BFB618F
:204FE000FB691B889BB21A46BB69934209D0FB7A1846FFF729FF0346002B02D040F291131E
:205000000FE0FB7A7A681946F868FFF783FF78617B69002B01D07B6903E03B68BA691A6053
:20502000002318462037BD4680BD00BF28E0014048E0014080B584B000AFF8607A603B6002
:205040000B46FB72FB7A052B04D1094B3A6892B21A8504E0064B3A6892B2A3F84820FB7AAC
:2050600079681846FEF702F900BF1037BD4680BD00E0014080B483B000AFEFF303837B6041
:205080007B683B603B88C3F308039BB2DBB2103BDBB25BB218460C37BD465DF8047B704720
:2050A00080B487B000AF0346FB710E4B1B6A7B61FB797A6922FA03F303F007033B617B6981
:2050C0001B0E03F00703FB60074B1A68FB689A403B6922FA03F318461C37BD465DF8047B00
:2050E000704700BF00E0014054AD002080B400AF094B0122A3F80421074BB3F804319BB25F
:20510000002BF9D1044B0122A3F8002100BFBD465DF8047B704700BF00C0014080B483B0F8
:2051200000AF03463960FB7197F9073004493A6841F8232000BF0C37BD465DF8047B7047B0
:2051400094AD002080B483B000AF0346FB7197F90730044A52F8233018460C37BD465DF878
:20516000047B704794AD002080B483B000AF0346FB710B4997F9073003F1C00251F8223061
:2051800023F4803341F82230054A97F90730C03352F8233000BF0C37BD465DF8047B704784
:2051A0000060004080B584B000AF0346FB7197F907301846FFF7D8FFBFF35F8F00BF97F9A1
:2051C0000730FB60FB6803F01F02074997F907305B09012000FA02F2603341F8232000BF6E
:2051E0001037BD4680BD00BF00E100E080B584B000AF0346B9607A60FB73BB68DAB20949E5
:2052000097F90F301201D2B20B4483F8002397F90F3079681846FFF781FF00BF1037BD46AE
:2052200080BD00BF00E100E080B485B000AF0346FB7197F90730FB60FB6803F01F020749FB
:20524000FB685B09012000FA02F241F8232000BF1437BD465DF8047B704700BF00E100E0E4
:2052600080B582B000AF0346FB7197F907301846FFF798FF97F907301846FFF7D5FF00BF03
:205280000837BD4680BDFFFF80B485B000AF0346FB7197F90730FB60FB6803F01F020B49D7
:2052A00097F907305B09012000FA02F2203341F82320BFF34F8F00BFBFF36F8F00BF00BF68
:2052C0001437BD465DF8047B704700BF00E100E080B584B000AF0346B9607A60FB7397F923
:2052E0000F307A68B9681846FFF780FF97F90F301846FFF7B5FF00BF1037BD4680BDFFFF7E
:2053000080B584B000AF786039607B68FB600023BB60FB683A685A603B681B78002B23D075
:205320003B685A68FB681A643B68DA68FB689A64FB6800225A64184B01221A763B6893F959
:2053400011003B681B7CFA681946FFF7C1FF124B98221A753B6893F913003B689B7CFA6887
:205360001946FFF7B5FF05E00B4B00221A760A4B00221A75F86800F0B1FAB860BB68002BD0
:2053800001D0BB6803E0FB68044A1A60BB6818461037BD4680BD00BF00E07F404E45504F73
:2053A00080B586B000AFF860B9607A603B60FB683B6100237B613B685A083B699A633B69A5
:2053C000BA681A633B697A685A633B69002283F83C207B68B3F1006F04D2386915F08CFC54
:2053E000786103E0386900F0C2F978617B6918461837BD4680BD80B588B000AFF860B9606E
:205400007A60FB687B610023FB617B69002283F83C20BB68B3F1006F19D20023BB61BB6894
:20542000B3F5803F06D2BB6823F4FF5323F01F03BB6105E0BB6823F4FF4323F07F03BB613E
:205440007A68B969786915F063FCF8610EE0BB6823F03F033B617A683969786900F0DAFA7F
:20546000F861FB69002B01D0FB6900E0FB6918462037BD4680BD80B588B000AFF860B96049
:205480007A603B60FB687B610023FB61BB68B3F1006F1DD27B69002283F83C203B68002212
:2054A0001A70BB683B610023BB610CE03A69BB6913441B78FF2B03D03B6801221A700EE08C
:2054C000BB690133BB61BA697B689A42EED306E03B687A68B968786900F090F9F861FB6912
:2054E00018462037BD4680BD80B483B000AF786039600B4BB3F884309BB203F08103002B8C
:2055000003D13B6800221A7002E03B6801221A70002318460C37BD465DF8047B704700BF25
:2055200000E07F4080B487B000AFF860B9601346FB80FB687B6100233B6106233B613B6906
:2055400018461C37BD465DF8047B704780B487B000AFF860B9607A60FB687B6100233B61A9
:2055600006233B613B6918461C37BD465DF8047B704780B485B000AF78607B68FB60002332
:20558000BB600623BB60BB6818461437BD465DF8047B704780B584B000AF78607B68FB6024
:2055A000F86815F0B9FB034618461037BD4680BD80B584B000AF78600B46FB701346BB7074
:2055C0007B68FB600023BB60BA78FB781946F86815F09AFBB860BB6818461037BD4680BD31
:2055E00080B485B000AF78607B68FB600023BB600623BB60BB6818461437BD465DF8047B58
:20560000704780B584B000AF78607B68FB60F86800F064F9034618461037BD4680BDFFFFCC
:2056200080B483B000AF786039603B68094A92E8030083E803003B68074A083392E8030056
:2056400083E80300002318460C37BD465DF8047B704700BF38BD02007007002080B584B0D4
:2056600000AF78607B68FB600023BB60FB6800221A60FB685B6893F91130002B06DBFB68C6
:205680005B6893F911301846FFF7FEFD0B4B00221A76FB685B6893F91330002B06DBFB68BF
:2056A0005B6893F913301846FFF7EEFD034B00221A75BB6818461037BD4680BD00E07F4073
:2056C00080B487B000AFF860B9607A603B60FB687B617B69BA681A647B697A689A647B695F
:2056E0003A685A64002318461C37BD465DF8047B704780B485B000AF78600B46FB70062313
:20570000FB60FB6818461437BD465DF8047B704780B485B000AF78600B46FB700623FB6064
:20572000FB6818461437BD465DF8047B704780B487B000AFF8600B467A60FB7206237B61C0
:205740007B6918461C37BD465DF8047B704780B487B000AFF860B9607A603B6006237B6121
:205760007B6918461C37BD465DF8047B704780B586B000AF786000237B61786800F088FAC3
:2057800078617B69002B01D07B6932E07B685B681B78002B06D07B68012283F83C20002320
:2057A0003B6102E07B68DB683B613A690421786815F0BAFA78617B685B681B78002B01D03A
:2057C0007B6916E018224FF48051786915F098FA78617B689B6B002B02D07B69002BE4D0A7
:2057E00015F0A6FAF8607B69002B01D1FB687B617B6918461837BD4680BDFFFF80B588B050
:2058000000AFF860B9607A603B60F86800F040FAF861FB69002B01D0FB6957E02D4B00227B
:2058200083F8D0202B4ABB681363BA687B681344284A013B5363284B71221A70264BD0223C
:205840001A70FB685B681B78002B08D0FB68032283F83C203B6802221A70002336E0FB68B6
:205860005B697A689208013202FB03F3BB6108E0BB69002B02D11423FB610AE0BB69013BBF
:20588000BB61144BD3F88030C3F3C033DBB2012BEED14FF4FC720021F86915F031FAF86135
:2058A0000C4B93F8D430DBB2012B03D13B6801221A7002E03B6800221A7015F039FA7861E3
:2058C000FB69002B01D17B69FB61FB6918462037BD4680BD00E07F4000007E4080B586B006
:2058E00000AF78607B68002283F83C201C20FFF7D7FB78611820FFF7D3FB38613E4B012227
:2059000083F816247B693D4A934202D84FF4FB736EE07B6903F5742303F23F23384AA2FBD0
:2059200003239B0CFB603B6903F5742303F23F23334AA2FB03239B0CBB60FB689BB2314A88
:2059400003F5F0539BB2A2F8E430BB6843F6B85202FB03F32C4AA2FB03239A087B689A6000
:20596000BB6840F6D86202FB03F3274AA2FB03239A087B68DA60BB685B00234AA2FB032300
:205980009A087B681A61BB68542202FB03F31E4AA2FB03239A087B685A61BB684FF4FA228E
:2059A00002FB03F3184AA2FB03239A087B689A61BB6844F2506202FB03F3134AA2FB032331
:2059C0009A087B685A62BB68104A02FB03F30E4AA2FB03239A087B681A62BB680C4A02FB84
:2059E00003F3094AA2FB03239A087B68DA61002318461837BD4680BD00E00140FF083D0066
:205A000083DE1B4300E07F40ABAAAAAA80DE0F00A0F7030080B588B000AFF860B9607A6011
:205A20000023FB61FB68BA681A63FB687A689A63F86800F02DF9F861FB69002B02D04FF430
:205A4000FA7336E0FB685B681B78002B06D0FB68022283F83C200023BB6102E0FB685B6A62
:205A6000BB61164B0122A3F8E020BA694021F86815F056F9F861FB685B681B78002B01D0A5
:205A8000FB6916E019224FF40051F86915F038F9F861FB689B6B002B02D0FB69002BE4D044
:205AA00015F046F97861FB69002B01D17B69FB61FB6918462037BD4680BD00BF00E07F4071
:205AC00080B584B000AFFFF7D5FA0346BB7397F90E301846FFF736FBB8601E4B1B7CDBB27A
:205AE0007B601C4BD3F880201B4B13403B607B6803F00803002B02D00423FB7319E07B6856
:205B000003F08003002B02D00523FB7311E07B6803F01003002B0AD03B6803F44053002B45
:205B200002D00723FB7304E00623FB7301E00723FB73B86815F0F0F897F90E301846FFF7D8
:205B400013FBFB7B1946B86800F06EF800BF1037BD4680BD00E07F404070F00080B584B0FE
:205B600000AF0023FB73FFF785FA03467B7397F90D301846FFF7E6FAB86097F90D301846F5
:205B8000FFF7F2FABB6893F83C30012B17D1BB689B6B002B0ED000220421B86815F0C4F89B
:205BA00078607B68002B2BD0B86815F0B5F80723BB7325E00123BB730123FB7320E0BB68CE
:205BC00093F83C30022B0ED1BB689B6B002B05D000224021B86815F0A3F811E00023BB7314
:205BE0000123FB730CE00123FB730E4B93F8D430DBB2012B02D10323BB7301E00223BB7399
:205C0000FB7B002B0AD015F093F8BB68002283F83C20BB7B1946B86800F006F800BF1037B4
:205C2000BD4680BD00E07F4080B586B000AF78600B46FB707B685B6C7B617B69002B03D16E
:205C400007F10C037B6106E07A6907F10C0392E8030083E803007B69FA781A707B689A6CDD
:205C60007B695A607B681B6C786998477B685B6C002B08D07B685B6C1A4607F10C0393E823
:205C8000030082E8030000BF1837BD4680BDFFFF80B584B000AF78600023FB604FF49643BE
:205CA000BB607B685B681B78002B0DD07B685B6893F911301846FFF7D3FA7B685B6893F9C2
:205CC00013301846FFF7CCFA0C4B4AF68022A3F8842008E0BB68002B02D14FF4FA7309E04D
:205CE000BB68013BBB60054BB3F884309BB2802BF0D1FB6818461037BD4680BD00E07F40DB
:205D000080B483B000AFEFF303837B607B683B603B88C3F308039BB2DBB2103BDBB25BB269
:205D200018460C37BD465DF8047B704780B487B000AF0346FB710E4B1B6A7B61FB797A6954
:205D400022FA03F303F007033B617B691B0E03F00703FB60074B1A68FB689A403B6922FA62
:205D600003F318461C37BD465DF8047B704700BF00E0014054AD002080B483B000AF03468E
:205D80003960FB7197F9073004493A6841F8232000BF0C37BD465DF8047B704794AD0020DB
:205DA00080B483B000AF0346FB7197F90730044A52F8233018460C37BD465DF8047B704737
:205DC00094AD002080B483B000AF0346FB710B4997F9073003F1C00251F8223023F4803361
:205DE00041F82230054A97F90730C03352F8233000BF0C37BD465DF8047B70470060004042
:205E000080B584B000AF0346FB7197F907301846FFF7D8FFBFF35F8F00BF97F90730FB6042
:205E2000FB6803F01F02074997F907305B09012000FA02F2603341F8232000BF1037BD4649
:205E400080BD00BF00E100E080B584B000AF0346B9607A60FB73BB68DAB2094997F90F30F3
:205E60001201D2B20B4483F8002397F90F3079681846FFF781FF00BF1037BD4680BD00BF15
:205E800000E100E080B485B000AF0346FB7197F90730FB60FB6803F01F020749FB685B09C4
:205EA000012000FA02F241F8232000BF1437BD465DF8047B704700BF00E100E080B582B0D8
:205EC00000AF0346FB7197F907301846FFF798FF97F907301846FFF7D5FF00BF0837BD46BC
:205EE00080BD80B584B000AF0346B9607A60FB7397F90F307A68B9681846FFF7A5FF97F949
:205F00000F301846FFF7DAFF00BF1037BD4680BD80B584B000AF786039607B68FB603B6865
:205F20001B7C1A46012303FA02F2FB68DA603968F86800F009F93968F86800F037F9FB6841
:205F4000034A1A60002318461037BD4680BD00BF5450470080B485B000AF78607B68FB609A
:205F6000FB689B68FA68D2689A60002318461437BD465DF8047B704780B485B000AF7860DB
:205F80007B68FB60FB689B68FA68D2685A60002318461437BD465DF8047B704780B485B044
:205FA00000AF78607B68FB60FB689B68FA68D268DA60002318461437BD465DF8047B704786
:205FC00080B58CB000AFF860B9607A607B6803F003037B62FB683B624FF0FF337B6100232D
:205FE000BB6107F114027B68B968386A00F053FA386A00F09EF8F8613B6A9B681B6BFB6288
:20600000BB69002B29D10223BB627B6803F00803002B01D00423BB627B6803F00203002BCE
:2060200011D03B6A99687A69BB6A12339B000B445A603B6A9968BB6A01337A6912339B0026
:206040000B445A6009E03B6A99687A6ABB6A13447A6912339B000B445A607B6803F0400363
:20606000002B07D03B6A9B681A6C3B6A9B6842F480021A647B6A012B08D0FB6A23F440333A
:20608000FB62BB691B04FA6A1343FB627B68022B09D1BB69002B06D007F114020123B968E7
:2060A000386A00F0F8F97B6A002B08D0FB6A23F04073FB62BB691B06FA6A1343FB623B6AEC
:2060C0009B68FA6A1A63FB6943F425431946386A00F024F8002318463037BD4680BD80B56F
:2060E00086B000AF786039607B687B617B699B685B6E3B613B690133FB603B68FA689A600D
:20610000786900F03DFA02463B685A603B6801221A70002318461837BD4680BD80B483B00B
:2061200000AF7860396000BF0C37BD465DF8047B704780B483B000AF7860002318460C37FD
:20614000BD465DF8047B704780B485B000AF786039607B683A685A607B6801221A747B6872
:20616000DB6803F00603002B02D07B6800221A743B681B7C1A460C4B13441B02FB60FA682E
:206180007B689A603B685A697B685A613B689A697B68DA617B6800229A6100BF1437BD464D
:2061A0005DF8047B704700BF9016400080B592B000AF786039603B68DB69BB6300237B6312
:2061C000EFF31083BB61BB697B6301237B617B6983F3108800BF934B1A693B681B7C194681
:2061E0004FF00043CB40DB438E4913400B618D4B1B697B6B3B613B6983F3108800BF7B682C
:206200009B684FF425421A607B689B680022DA627B689B680022DA637B689B6800229A64C8
:206220003B681B7A3B633B6BDB057B643B685B68013BFB623B681B78032B03D17B6C43F4CE
:2062400080337B647B689B687A6CDA62786800F0EBF87B689B68BA6B9269DA617B689B68CA
:20626000BA6BD2691A627B689B68FA6A9A667B689B68FA6A5A660023BB62BB6B9B6B3B64E3
:206280004FF0FF33BB600023FB603B681B78002B06D13B685B685B08013B7B627B6ABB60DA
:2062A0003B681B78012B07D93B68D96807F108020023786800F0EFF87B689B68BA685A6515
:2062C0007B689B68BA689A653B681B78032B07D97B689B68BA68DA657B689B68BA681A66A4
:2062E000FB681B04BA6A1343BB62FB681B06BA6A1343BB62BB6B9B6B002B1ED1BB6B1B786B
:20630000002B0AD0BB6B5B781946386800F04FF938623A6C3B6A13433B64BB6B9B78002B0A
:206320000BD0BB6BDB781946386800F040F9F861FB691B043A6C13433B64786800F062F93F
:206340007B689B6800229A637B689B680022C3F88820BB6B9B6B002B0DD1BB6B93F8203097
:206360005B033A6C13433B64BB6B93F821305B073A6C13433B644FF4AA03FB63BB6B93F826
:206380003030002B02D04FF4A003FB637B689B68FA6B1A643B681B78012B07D17B689B6873
:2063A0000022DA647B689B6800221A657B689B683A6C5A637B689B68BA6A42F003021A63EF
:2063C0007B689B68BA6A42F001021A637B689B687A68D268DA604AF201517868FFF79EFEC5
:2063E0003B6893F912003B685B7C7A68194600F03CF8BB6B93F92400BB6B93F822307A68C2
:20640000194600F032F8BB6B93F92500BB6B93F823307A68194600F028F800BF4837BD4696
:2064200080BD00BF0040084080B483B000AF78607B689B684FF000421A617B689B684FF0E3
:2064400000425A617B689B684FF000429A617B689B6800225A627B689B6800229A6200BF56
:206460000C37BD465DF8047B704780B584B000AF0346B9607A60FB7397F90F30002B06DBAE
:2064800097F90F307A68B9681846FFF72AFD00BF1037BD4680BD80B48BB000AFF860B960DA
:2064A0007A603B60FB689B689B6EFB61FB690133FB61BB68002B0CBF01230023FB76BA68B5
:2064C000FB699A422CBF01230023BB76FB7E002B02D1BB7E002B44D03B6803F00103002B65
:2064E00007D1FB689B685B6BC3F30403DBB27B6206E0FB689B685B6BC3F30443DBB27B62F8
:20650000FB685B681B78032B09D97B6A03F01003002B0CBF0123002387F8233008E07B6AEB
:2065200003F00C03042B0CBF0123002387F82330FB7E002B06D097F8233083F00103DBB2E6
:20654000002B06D1BB7E002B07D097F82330002B03D07B6802225A600CE07B6803225A60AF
:2065600008E0BB687B617B69013B7B617B687A691A6000BF00BF2C37BD465DF8047B704789
:2065800080B584B000AF78607B689B68DB6AC3F3C353DBB2FB730020FFF7C8FBB860FB7BB2
:2065A000BA6822FA03F318461037BD4680BD80B485B000AF78600B46FB70FB789A01FB7895
:2065C0001B01134343F48073BB600923FB607B681B78022B0BD07B681B78032B02D1032362
:2065E000FB6004E0FB78002B01D10623FB60BA68FB681343BB60BB6818461437BD465DF84E
:20660000047B704780B485B000AF78607B685B68DB69FB60FB6893F8303003F00103DBB23D
:20662000002B05D0FB689A6A7B689B68013ADA64FB6893F8303003F00203DBB2002B05D0C1
:20664000FB68DA6A7B689B68013A1A6500BF1437BD465DF8047B704790B589B000AFF860D6
:206660000B467A60FB72FB689B69FB61FB69002B03D107F11003FB6105E0FA6907F11003A2
:2066800007CA83E80700FB69FA7A1A71FB697A689A60FB68DA69FB691A60FB685B69F86908
:2066A0009847FB689B69002B08D0FB689B691C4607F1100393E8070084E8070000BF2437AE
:2066C000BD4690BD80B584B000AFFFF719FB0346FB7397F90F301846FFF774FB97F90F3030
:2066E0001846FFF75DFBB860BB685B681B78012B20D1B868FFF71DFD7860BB689B68BA68F0
:20670000D2689A60BB689B6800229A64BB689B680022DA64BB689B6800221A657B6843F498
:2067200025431946B868FFF7F9FC97F90F301846FFF766FBBB685B69002B04D000220021DA
:20674000B868FFF789FF00BF1037BD4680BD80B483B000AFEFF303837B607B683B603B88BB
:20676000C3F308039BB2DBB2103BDBB25BB218460C37BD465DF8047B7047FFFF80B483B005
:2067800000AF0346FB7197F90730044A52F8233018460C37BD465DF8047B704794AD002053
:2067A00080B483B000AF0346FB710B4997F9073003F1C00251F8223023F4803341F822304D
:2067C000054A97F90730C03352F8233000BF0C37BD465DF8047B70470060004080B586B078
:2067E00000AFFFF7B4FF0346BB7597F916301846FFF7C4FF38610023FB753B695B79FB73C9
:20680000174AFB7BD35CC3F30103DBB2BB73BB7B032B02D10123FB7504E097F9163018461A
:20682000FFF7BEFF3B69002B0ED03B699B68002B0AD03B695B79BB603B69DB687B603B6953
:206840009B683A1D10469847FB7D002B04D097F916301846FFF7A4FF00BF1837BD4680BD17
:206860000060004080B483B000AF0346FB7197F90730002B0BDBFB7903F01F02074997F96D
:2068800007305B09012000FA02F241F8232000BF0C37BD465DF8047B704700BF00E100E0C2
:2068A00080B483B000AF0346FB7197F90730002B0CDBFB7903F01F02074997F907305B0931
:2068C000012000FA02F2603341F8232000BF0C37BD465DF8047B704700E100E080B483B0E2
:2068E00000AFEFF303837B607B683B603B88C3F308039BB2DBB2103BDBB25BB218460C3744
:20690000BD465DF8047B704780B483B000AF03463960FB7197F9073004493A6841F8232053
:2069200000BF0C37BD465DF8047B704794AD002080B483B000AF0346FB7197F90730044A86
:2069400052F8233018460C37BD465DF8047B704794AD002080B483B000AF0346FB710B49EB
:2069600097F9073003F1C00251F8223023F4803341F82230054A97F90730C03352F8233004
:2069800000BF0C37BD465DF8047B70470060004080B584B000AF0346FB7197F907301846D5
:2069A000FFF7D8FFBFF35F8F00BF97F90730FB60FB6803F01F02074997F907305B09012076
:2069C00000FA02F2603341F8232000BF1037BD4680BD00BF00E100E080B584B000AF034693
:2069E000B9607A60FB73BB68DAB2094997F90F301201D2B20B4483F8002397F90F30796832
:206A00001846FFF781FF00BF1037BD4680BD00BF00E100E080B485B000AF0346FB7197F97F
:206A20000730FB60FB6803F01F020749FB685B09012000FA02F241F8232000BF1437BD469E
:206A40005DF8047B704700BF00E100E080B582B000AF0346FB7197F907301846FFF798FFAE
:206A600097F907301846FFF7D5FF00BF0837BD4680BDFFFF80B485B000AF0346FB7197F98E
:206A80000730FB60FB6803F01F020B4997F907305B09012000FA02F2203341F82320BFF3DE
:206AA0004F8F00BFBFF36F8F00BF00BF1437BD465DF8047B704700BF00E100E080B584B049
:206AC00000AF0346B9607A60FB7397F90F307A68B9681846FFF780FF97F90F301846FFF795
:206AE000B5FF00BF1037BD4680BDFFFF80B588B000AF786039607B68FB613B681B7803F5A4
:206B0000800303F51F631B021A46FB691A61FB693A681A603B689A68FB695A603B681A7BA1
:206B2000FB691A723B68DA69FB695A633B681A6AFB69DA63FB6900229A630023BB61EFF3F2
:206B40001083FB60FB68BB6101233B613B6983F3108800BF1E4B5A683B681B78C3F1090376
:206B6000012101FA03F3DB43194913404B60184B5B68BB697B617B6983F3108800BF39680C
:206B8000F86900F0E9F8FB6900225A61FB6900229A61FB690022DA61FB6900221A62FB69DA
:206BA000002283F82920FB69002283F82A20FB69002283F82B20FB69002283F82C20FB69A7
:206BC000044ADA60002318462037BD4680BD00BF004008404349495280B586B000AFF86035
:206BE000B9607A60FB7000237B61FB68FA7883F82A2000237A68B968F86800F006F8786151
:206C00007B6918461837BD4680BD80B586B000AFF860B9607A60FB70FB687B6100233B61D5
:206C20007B69BA685A617B697A689A617B691B7A012B12D17B69002283F825207B695B68DD
:206C4000DBB25B00DAB2FB781343DAB27B6983F824207B69012283F82620FB78002B14BF8F
:206C600001230023DAB27B6983F82920786900F0FDF838613B69002B01D03B6900E00023F3
:206C800018461837BD4680BD80B586B000AF78600B46FB707B689B6B7B617B69002B03D1B1
:206CA00007F10C037B6106E07A6907F10C0392E8030083E803007B68DA6B7B691A607B69CC
:206CC000FA781A717B685B6B786998477B689B6B002B08D07B689B6B1A4607F10C0393E897
:206CE000030082E803007B68002283F82B2000BF1837BD4680BD80B582B000AF78600B46CC
:206D0000FB70FB78002B09D07B681B690022DA717B681B681946786800F01EF87B6800220D
:206D2000DA617B6893F826207B6883F828207B689A697B681A627B68002283F82C207B68CA
:206D4000002283F82A207B681B69B322DA7100BF0837BD4680BDFFFF80B582B000AF78609B
:206D600039607B681B691F221A707B681B695F221A707B681B69DF221A707B681B685B6AB9
:206D80001A797B681B6962F01F02D2B21A747B681B685B6ADA787B681B6962F01F02D2B299
:206DA0005A747B681B685B6A9B781B01DBB203F07003DAB27B681B6942F00802D2B29A70FB
:206DC0007B681B685B6A1B78012B01D1052100E004217B681B685B6A5B785B00DAB27B6804
:206DE0001B690A43D2B2DA707B681B685B681E4A934201D1F72200E077227B681B695A71F8
:206E00007B681B6900229A717B681B69B322DA713B6893F911003B685B7B7A681946FFF767
:206E20004DFE3B6893F90F003B685B7B7A681946FFF744FE3B6893F910003B685B7B7A683D
:206E40001946FFF73BFE3B6893F90E003B685B7B7A681946FFF732FE7B681B699F221A70D5
:206E600000BF0837BD4680BD40420F0080B588B000AF7860614B1B6AFB60FB6803F00F233B
:206E8000FB60FB681B0A03F00F03BB61FB681B0E7B617B681B691B7CDBB21946BA697B6995
:206EA000D31A01FA03F39B08FB617B6893F82C30DBB283F00103DBB2002B17D00AE07B68BB
:206EC0001B695B78C3F3C013DBB2002B05D0FB69013BFB61FB69002BF1D1FB69002B01D197
:206EE000082386E07B681B69B322DA717B68002283F828207B6800221A627B689A697B6868
:206F0000DA617B6893F826207B6883F827207B68002283F82B207B68002283F82D207B6862
:206F2000002283F82E207B68002283F82F207B68002283F830207B681B685B6A3B613B695C
:206F40001B78012B01D1052200E004223B695B785B00DBB21343DAB23B695B791B01DBB211
:206F60001343D9B23B699B79DB01DAB27B681B690A43D2B2DA707B681A69137943F0100356
:206F800013717B681A69137923F0080313717B681A69137923F0100313717B681A693B6933
:206FA000D979137961F3C71313717B681A69537943F0010353717B681B6893F90F30184685
:206FC000FFF750FC7B681B69BF22DA717B6893F82C30DBB283F00103DBB2002B04D07B689F
:206FE0001B6902225A7003E07B68002283F82C20002318462037BD4680BD00BF00E0014078
:2070000080B584B000AF78607B6893F82D30DBB283F00103DBB2002B34D07B689B69022BE1
:2070200005D87B681A69137943F0400313717B68DB69012B11D17B681A69137943F010031A
:2070400013717B681A69137943F0080313717B681A69137923F0100313717B681B685B6A31
:20706000DB79002B03D005217868FFF70DFE7B681B69DB7CDBB2FB73FB7B7B68012283F807
:207080002D2010E07B68DB69002B0CD07B681B685B6ADB79002B03D005217868FFF7F4FD1B
:2070A000786800F0A8F900BF1037BD4680BD80B584B000AF7860C023FB607B6893F8273026
:2070C000002B03D0786800F024FA63E07B6893F82930DBB283F00103DBB2002B5AD07B68F1
:2070E0001B685B6ADB79002B10D07B6893F82B30DBB283F00103DBB2002B07D07B681B6A25
:20710000002B03D005217868FFF7BEFD7B68DB69002B12D07B685A697B681B6A1A447B6837
:207120001B6912789A747B681B6A5A1C7B681A627B68DB695A1E7B68DA617B68DB69002BE7
:2071400028D17B681A69D37923F08003D3710AE07B681B69DB79C3F3C013DBB2002B05D0EF
:20716000FB68013BFB60FB68002BF1D17B681B6893F910301846FFF7EDFB7B681B6893F965
:2071800010301846FFF78CFB7B681A69D37943F04003D37100BF1037BD4680BD80B584B0B9
:2071A00000AF7860C023FB607B681B685B6ADB79002B03D005217868FFF766FD7B6893F8C0
:2071C0002930DBB2002B0DD07B6893F82730012B08D17B6893F83030DBB283F00103DBB298
:2071E000002B33D17B68DB69002B2FD17B6893F82A30DBB2002B1BD07B681B6893F90F3072
:207200001846FFF737FC7B681A69D37943F08003D3717B681B6904225A707B681A695379B2
:2072200023F0010353717B68012283F82C200DE07B681B695B7ADAB27B681B6922F008026E
:20724000D2B25A727B681B6908225A707B681A69D37923F04003D3710AE07B681B69DB7992
:20726000C3F38013DBB2002B06D0FB68013BFB60FB68002BF1D100BF00BF1037BD4680BDE8
:2072800080B584B000AF78607B681B695B7ADBB203F01F03BB737B681B695B7ADAB27B6847
:2072A0001B6922F01F02D2B25A72BB7B03F00303BA7B02F01002002A09D07A681269527835
:2072C000C2F38012D2B2012A01D0012200E000221343002B0CD07B68012283F82B20012177
:2072E0007868FFF708FD01217868FFF7CDFC7EE0BB7B03F01003002B30D07B681B695B78F3
:20730000C3F38013DBB2012B28D17B68012283F82B207B681B6908225A707B681B685B6A20
:207320001A787B681B685B6A5B791B01DBB21343DAB27B681B685B6A9B79DB01DBB2134333
:20734000DAB27B681B6942F00202D2B2DA707B681A69537943F00103537148E0BB7B03F0B8
:207360000803002B0AD17B6893F82C30DBB2002B2DD0BB7B03F00403002B28D00123FB7398
:207380007B6893F82B30DBB283F00103DBB2002B0ED07B6893F82930DBB2002B01D0022315
:2073A00000E00323FB737B681B69B322DA7108E0BB7B03F00803002B03D000217868FFF7C1
:2073C0009AFCFB7B19467868FFF75EFC0FE0BB7B03F00403002B0AD07B681B685B6ADB796F
:2073E000002B04D004217868FFF74EFCFFE700BF1037BD4680BD80B582B000AF78607B684C
:20740000DB69032B06D17B681A69137943F0400313715CE07B68DB69022B12D17B681A695E
:20742000137943F0100313717B681A69137943F0080313717B681A69137923F010031371A6
:2074400045E07B68DB69012B41D17B6893F82A30DBB2002B2DD07B681B6893F90F30184696
:20746000FFF708FB7B681A69D37943F08003D3717B681A69137943F0100313717B681A6945
:20748000137923F0080313717B681A69137923F0100313717B681B6904225A707B681A6965
:2074A000537923F0010353717B68012283F82C200DE07B681B695B7ADAB27B681B6922F02A
:2074C0000802D2B25A727B681B6908225A707B681A697B6859697B681B6A0B44D27CD2B263
:2074E0001A707B681B6A5A1C7B681A627B68DB695A1E7B68DA617B68DB69002B05D17B68FD
:207500001A69137923F04003137100BF0837BD4680BD80B485B000AF78607B6893F8263090
:20752000032B0DD17B6893F82830022B08D17B6893F83030DBB283F00103DBB2002B18D100
:207540007B6893F82430FB737B681B69FA7B9A747B6893F828300133DAB27B6883F82820E5
:207560007B6893F82730013BDAB27B6883F8272000BF00BF1437BD465DF8047B704780B54D
:2075800082B000AFFFF7AAF903461846FFF7E2F9FFF7A4F90346FB7197F907301846FFF796
:2075A000C7F938603868FFF72BFD00BF0837BD4680BD80B582B000AFFFF790F9034618463B
:2075C000FFF7C8F9FFF78AF90346FB7197F907301846FFF7ADF938603868FFF768FD00BFB3
:2075E0000837BD4680BD80B582B000AFFFF776F90346FB7197F907301846FFF799F9386097
:207600003868FFF7CBFDFFF769F903461846FFF7A1F900BF0837BD4680BD80B582B000AF29
:20762000FFF75CF90346FB7197F907301846FFF77FF938603868FFF723FEFFF74FF90346E1
:207640001846FFF787F900BF0837BD4680BDFFFF80B483B000AF0346FB800A49FB881B0A45
:207660009BB21A46FB88DBB21201134451F82330C3F34003DBB218460C37BD465DF8047B49
:20768000704700BF0008084080B485B000AF0023FB60EFF310837B607B68FB600123BB60C1
:2076A000BB6883F3108800BF0D4B1B68002B05D10C4B0022DA700B4B4022DA70084B1B6863
:2076C0000133074A1360FB683B603B6883F3108800BF00BF1437BD465DF8047B704700BFED
:2076E00090AD0020000D084080B485B000AF0023FB60EFF310837B607B68FB600123BB6075
:20770000BB6883F3108800BF0F4B1B68002B04D00D4B1B68013B0C4A13600B4B1B68002BB9
:2077200005D10A4B0022DA70084B8022DA70FB683B603B6883F3108800BF00BF1437BD46F8
:207740005DF8047B704700BF90AD0020000D084080B584B000AF786039607B68FB60FB6803
:20776000044A1A60386800F052F8002318461037BD4680BD54524F5080B584B000AFF860AA
:207780000B467A607B817B891846FFF761FF0346DAB27B681A70002318461037BD4680BDC0
:2077A00080B487B000AF78600B467B8013467B700023FB820023BB827B8823F0FF037B8232
:2077C0007B88DBB23B823B8A012202FA03F3FB817B78002B02D1FB89BB8201E0FB89FB8272
:2077E0007B8A1B0A9BB2DBB25B0103F1804303F50023BB60BB8A1A04FB8A1A43BB689A60DA
:20780000002318461C37BD465DF8047B704780B584B000AF7860786800F060F87B68BB60F0
:20782000FFF732FF0023FB8111E0BB685A68FB89DB0013449888BB685A68FB89DB0013443B
:207840001B68194600F00EF8FB890133FB81BB681B88FA899A42E8D3FFF746FF00BF1037FB
:20786000BD4680BD80B483B000AF03463960FB803B6803F48033002B1CD01749FB881B0AE9
:207880009BB21A46FB88DBB212011A4451F8223023F4803341F822300F48FB881B0A9BB27E
:2078A0001946FB88DBB23A6822F4803209010B4440F823200849FB881B0A9BB21A46FB88F2
:2078C000DBB2120113443A6841F8232000BF0C37BD465DF8047B70470008084080B588B046
:2078E00000AF7860594B7B61594B3B610023FB619FE00023BB6195E07B685A68FB69DB00AB
:2079000013449A885349BB6931F813309A4240F086807B685A68FB69DB0013441B6803F0FF
:20792000F853FB60FB68B3F1807F03D0FB68B3F1106F39D17B6993F8BB34DAB20121BB6908
:2079400001FA03F3DBB21340DBB2002B13D10120FBF788FF7B6993F8BB34DAB20121BB69F0
:2079600001FA03F3DBB21343DAB27B6983F8BB240120FBF727FF3B69BA69203213F81230CA
:20798000C3F3C013DBB2002B49D13A69BB6903F1200112F8113043F0800302F81130012152
:2079A000C820FBF78DFD3AE07B6993F8BB34DAB20121BB6901FA03F3DBB21340DBB2002B90
:2079C00015D00120FBF74EFF7B6993F8BB34DAB20121BB6901FA03F3DBB2DB43DBB21340B6
:2079E000DAB27B6983F8BB240120FBF7EBFE3B69BA69203213F81230C3F3C013DBB2002B1A
:207A00000DD03A69BB6903F1200112F8113023F0800302F811300121C820FBF751FDBB6923
:207A20000133BB61BB69022B7FF666AFFB690133FB617B681B881A46FB699342FFF459AF0D
:207A400000BF00BF2037BD4680BD00BF00E00140003008409CBD020080B584B000AF78606E
:207A600039607B68FB60FB683A685A60386800F029F8B860BB68002B01D0BB6803E0FB681F
:207A8000034A1A60002318461037BD4680BD00BF4D504C5280B584B000AF78607B68FB60EF
:207AA00000F008FA0120FBF7DDFEF86800F040F9B8600120FBF786FEBB6818461037BD46E3
:207AC00080BDFFFF80B586B000AF786000237B6100233B610023FB600120FBF7C3FE00F079
:207AE000E9F97B681B78002B00F0D1807B681B78042B6BD17B68D3E908237149D3B281F85F
:207B000002347B68D3E908014FF000024FF00003020A42EA01620B0A6949D3B281F803346D
:207B20007B68D3E908014FF000024FF00003020C42EA01420B0C6249D3B281F804347B68C2
:207B4000D3E908014FF000024FF00003020E42EA01220B0E5A49D3B281F805347B68D3E9EC
:207B60000A235749D3B281F80A347B68D3E90A014FF000024FF00003020A42EA01620B0A1F
:207B80004F49D3B281F80B347B68D3E90A014FF000024FF00003020C42EA01420B0C4849BE
:207BA000D3B281F80C34FB6843F08003FB607B689B7F03F00303FA681343FB607B685B7F4D
:207BC0009B0103F04003FA681343FB607B681B78032B3AD17B68D3E90423134301D10123FF
:207BE0007B617B68D3E9042335491346C1F898307B68D3E904014FF000024FF000030A005A
:207C000000232F491346C1F888307B681B7F5B007A6913437B617B685B8B2A4AC3F3080314
:207C200099B2B2F8003261F30803A2F800327B681A8B234BD2B283F894207B681B8B1B0A9B
:207C40009AB21F4BD2B283F895204FF480433B613B6943F400433B617B681B78002B7B68DA
:207C60001B78012B7B68D3E9022316491346C1F8A0317B68D3E902014FF000024FF000031A
:207C80000A0000230F491346C1F8A43102E04FF480433B610A4B3A6992B29A81084B7A6967
:207CA000D2B283F89220064BFA68D2B283F800240120FBF787FD002318461837BD4680BD96
:207CC00000E001400060004080B483B000AF78607B68002B01D005231CE0114B1B78DBB276
:207CE000012B01D0052315E00E4B1B78DBB2012B01D005230EE00C4B1B78DBB2012B01D06A
:207D0000052307E0094B1B78DBB2012B01D0052300E0002318460C37BD465DF8047B704789
:207D200038E0014032E001402AE001404AE0014080B588B000AF78600023FB615A4B3B612D
:207D40000023BB6100237B61584BFB60584B9B89C3F3C033DBB2012B62D1554B93F826300A
:207D6000DBB2BB603B691B78DBB203F00303FB614F4B93F8AA30C3F30003DBB2BB614C4B4A
:207D800093F80034C3F3C013DBB2002B13D1484B93F89230C3F30003DBB2012B07D1B868B5
:207DA000FFF792FF0346002B01D0052377E00020FBF758FD25E00020FBF754FD3C4A92F899
:207DC0000E3423F0010382F80E34394B93F80634374B002283F80624354B93F80734344B37
:207DE000002283F80724324B93F80834304B002283F808242E4B93F809342D4B002283F8DD
:207E00000924FB681B78DBB2DB0903F001037B61FB681B78DBB203F07F03DAB2FB681A708A
:207E20007B685B681B78032B09D1214A92F8923043F0800382F892301D4B93F89230BFF3F1
:207E40004F8F00BF30BF1A4A92F8923023F0800382F89230164B9B89C3F3C033DBB2012B2D
:207E60001CD100F027F8FB69DBB203F00303DAB23B691A70BB69DBB20D4A03F00103DBB2D6
:207E800082F8AA30FB681B78DAB27B69DBB21343DAB2FB681A700020FBF794FC00231846A9
:207EA0002037BD4680BD00BFA0E0014040E0014000E0014080B400AF064B93F8AA30C3F3DA
:207EC0000013DBB2002BF7D100BF00BFBD465DF8047B704700E0014080B483B000AF034683
:207EE000FB7197F90730002B0DDB0A4A97F907305B0952F82320FB7903F01F0322FA03F395
:207F000003F0010300E0002318460C37BD465DF8047B704700E100E080B483B000AFEFF37F
:207F200003837B607B683B603B88C3F308039BB2DBB2103BDBB25BB218460C37BD465DF826
:207F4000047B704780B483B000AF03463960FB7197F9073004493A6841F8232000BF0C3753
:207F6000BD465DF8047B704794AD002080B483B000AF0346FB7197F90730044A52F8233095
:207F800018460C37BD465DF8047B704794AD002080B483B000AF0346FB710B4997F907306B
:207FA00003F1C00251F8223023F4803341F82230054A97F90730C03352F8233000BF0C3773
:207FC000BD465DF8047B70470060004080B584B000AF0346FB7197F907301846FFF7D8FFB4
:207FE000BFF35F8F00BF97F90730FB60FB6803F01F02074997F907305B09012000FA02F2FF
:20800000603341F8232000BF1037BD4680BD00BF00E100E080B584B000AF0346B9607A6037
:20802000FB73BB68DAB2094997F90F301201D2B20B4483F8002397F90F3079681846FFF77A
:2080400081FF00BF1037BD4680BD00BF00E100E080B485B000AF0346FB7197F90730FB60EB
:20806000FB6803F01F020749FB685B09012000FA02F241F8232000BF1437BD465DF8047B06
:20808000704700BF00E100E080B582B000AF0346FB7197F907301846FFF798FF97F9073065
:2080A0001846FFF7D5FF00BF0837BD4680BDFFFF80B485B000AF0346FB7197F90730FB606D
:2080C000FB6803F01F020B4997F907305B09012000FA02F2203341F82320BFF34F8F00BF7D
:2080E000BFF36F8F00BF00BF1437BD465DF8047B704700BF00E100E080B584B000AF786009
:2081000039607B68FB600023BB60FB683A685A603B685A69FB68DA603B689A69FB685A61C4
:20812000FB6800221A61FB6800221A723968F86800F03EF93968F86800F0A4F9FB68034AC8
:208140001A60BB6818461037BD4680BD4354520090B585B000AF786039600023FB607B68B9
:20816000BB60002000F0E6F83B681B68DBB22C4C184600F08FFA0346A3703B685B68DBB2A5
:20818000274C184600F086FA034623713B689B68DBB2184600F07EFA03461A46204B02F0C2
:2081A0003F02D2B29A713B689B69DBB21C4C184600F070FA034623723B68DB68DBB2184CE6
:2081C000184600F067FA0346A3723B681B69DBB20133DBB2124C184600F05CFA034623733C
:2081E0003B685B69DBB2643BDBB2184600F052FA03461A460A4BDA81BB685B681B78002BC8
:2082000005D1BB685B689B68184600F0ADF9012000F090F8FB6818461437BD4690BD00BFF7
:208220000030084080B586B000AF786039607B687B6100233B617B695B6893F911301846EB
:20824000FFF74AFEF860FB68002B0AD10221012000F04CF97B695B6893F911301846FFF7DE
:2082600013FF7B6900221A72314B9B78DBB2184600F036FA03461A463B681A602C4B1B79EF
:20828000DBB2184600F02CFA03461A463B685A60274B9B79DBB203F03F03DBB2184600F0B4
:2082A0001FFA03461A463B689A60214B1B7ADBB2184600F015FA03461A463B689A611C4BC6
:2082C0009B7ADBB2184600F00BFA03461A463B68DA60174B1B7BDBB2184600F001FA03460C
:2082E0005A1E3B681A61124BDB899BB2DBB2184600F0F6F9034603F164023B685A617B692B
:208300001B7ADBB2002BACD1FB68002B0AD10221002000F0EBF87B695B6893F91130184642
:20832000FFF7C6FE3B6918461837BD4680BD00BF0030084080B483B000AF0346FB710E4A98
:20834000FB7903F00103D9B292F8243061F3000382F82430084B93F82430C3F30003DBB2AC
:208360001A46FB799A42F5D100BF00BF0C37BD465DF8047B704700BF0030084080B400AF1E
:208380000A4A92F8243043F0020382F82430074B93F82430C3F34003DBB2002BF7D100BF3C
:2083A00000BFBD465DF8047B704700BF0030084080B584B000AF786039607B685B68304A90
:2083C0001B7882F828300121C820FBF779F80020FFF7B0FF7B685B681B78012B07D1284B56
:2083E00000225A853B685A68254B92B29A85244B002283F82420224B93F82430C3F3C0131F
:20840000DBB2002BF7D1FFF7B9FF1D4B002283F822201B4B93F82230DBB2002BF9D1184AC0
:2084200092F8243043F0400382F82430144B93F82430C3F38013DBB2012BF7D10023FB7381
:2084400016E00F49FB7B03F1200211F8123023F0800301F812300A4AFB7B203312F81330BC
:20846000C3F3C013DBB2002BF5D1FB7B0133FB73FB7B002BE5D000BF00BF1037BD4680BD82
:208480000030084080B582B000AF786039603B6893F90F30002B08DB3B6893F90F003B6880
:2084A0009B7B7A681946FFF7B5FD3B6893F90D30002B08DB3B6893F90D003B681B7B7A68EC
:2084C0001946FFF7A7FD3B6893F91130002B08DB3B6893F911003B681B7C7A681946FFF774
:2084E00099FD00BF0837BD4680BDFFFF80B483B000AF03460A46FB711346BB71FB79002B6B
:2085000014D0184B93F82230DAB21649BB791343DBB281F82230134B93F82230DAB2BB796F
:208520001340DBB2BA799A42F5D114E00D4B93F82230DAB2BB79DB43DBB20A491340DBB2BF
:2085400081F82230074B93F82230DAB2BB791340DBB2002BF6D100BF0C37BD465DF8047BB6
:20856000704700BF0030084080B485B000AF78600023FB737B681B78BB737B685B787B7344
:208580007B689B783B737B685B68BB60334B93F82430C3F30013DBB21A46BB7B93421ED06A
:2085A0002E4B002283F82E202C4B93F82E30DBB2002BF9D1294ABB7B03F00103D9B292F8C0
:2085C000243061F3041382F82430244B93F82430C3F30013DBB21A46BB7B9A42F5D1BB7BFC
:2085E000012B1ED11D4B93F82430C3F34013DBB21A467B7B934214D0184A7B7B03F0010325
:20860000D9B292F8243061F3451382F82430134B93F82430C3F34013DBB21A467B7B9A4272
:20862000F5D13B7B9B01DAB2BB68DBB203F03F03DBB21343FB73094AFB7B82F82E30074B6D
:2086400093F82E30DBB2FA7B9A42F8D100BF00BF1437BD465DF8047B704700BF00300840FC
:2086600080B582B000AFFFF757FC0346FB7197F907301846FFF77AFC38603B6801221A726B
:2086800097F907301846FFF783FC00BF0837BD4680BDFFFF80B483B000AF0346FB71FB79C5
:2086A0000E4AA2FB0323DB08DBB25BB21B0158B2FA790A4BA3FB0213D9080B469B000B4465
:2086C0005B00D31ADBB25BB203435BB2DBB218460C37BD465DF8047B704700BFCDCCCCCCB9
:2086E00080B483B000AF0346FB71FB791B09DBB21A46920013445B00DAB2FB7903F00F03E1
:20870000DBB21344DBB218460C37BD465DF8047B704780B483B000AFEFF303837B607B687D
:208720003B603B88C3F308039BB2DBB2103BDBB25BB218460C37BD465DF8047B7047FFFF2E
:2087400080B483B000AF03463960FB7197F9073004493A6841F8232000BF0C37BD465DF829
:20876000047B704794AD002080B483B000AF0346FB7197F90730044A52F8233018460C3744
:20878000BD465DF8047B704794AD002080B483B000AF0346FB710B4997F9073003F1C0024E
:2087A00051F8223023F4803341F82230054A97F90730C03352F8233000BF0C37BD465DF8C9
:2087C000047B70470060004080B584B000AF0346FB7197F907301846FFF7D8FFBFF35F8F64
:2087E00000BF97F90730FB60FB6803F01F02074997F907305B09012000FA02F2603341F8CB
:20880000232000BF1037BD4680BD00BF00E100E080B584B000AF0346B9607A60FB73BB686A
:20882000DAB2094997F90F301201D2B20B4483F8002397F90F3079681846FFF781FF00BFC4
:208840001037BD4680BD00BF00E100E080B485B000AF0346FB7197F90730FB60FB6803F0CC
:208860001F020749FB685B09012000FA02F241F8232000BF1437BD465DF8047B704700BFDE
:2088800000E100E080B582B000AF0346FB7197F907301846FFF798FF97F907301846FFF77F
:2088A000D5FF00BF0837BD4680BDFFFF80B485B000AF0346FB7197F90730FB60FB6803F063
:2088C0001F020B4997F907305B09012000FA02F2203341F82320BFF34F8F00BFBFF36F8F1B
:2088E00000BF00BF1437BD465DF8047B704700BF00E100E080B58AB000AF786039607B682F
:208900007B623B681B781A460123934003F00603002B0AD03B68DB695B681B7803F00803B1
:20892000DBB2002B01D00323CAE03B681B7803F5800303F58C531B021A467B6A1A627B6A93
:2089400000221A707B6A3A68DA613B685A697B6A5A623B689A697B6ADA627B6A00229A62D8
:208960007A6A9378012161F3010393703B685B78002B05D17A6A9378022161F301039370A7
:208980003968786A00F0C1F9786A00F006F900233B62EFF31083FB60FB683B6201233B6189
:2089A0003B6983F3108800BF474B5A683B681B7819464FF00043CB40DB43434913404B6028
:2089C000414B5B683B6A7B617B6983F3108800BF7B6A1B6A00229A707B6A1B6A00221A7169
:2089E0007B6A1B6A00225A727B6A1B6A00229A727B6A1B6A0022DA727B6A1B6A00225A8346
:208A00003B681B781A46012303FA02F240F219231340002B03D07B6A1B6A4022DA747B6AED
:208A20001B6A06221A773968786A00F0C0F87B6A0022DA607B6A00221A617B6A00225A6148
:208A40007B6A00229A613B68DB69FB61FB691B7803F00303BB61BB6943F01003BB617B6A5A
:208A6000DB6993F905301846FFF70CFF7B6ADB6993F90B301846FFF705FFBB6943F04003B0
:208A8000BB617B6ADB6993F907301846FFF7FAFE7B6ADB6993F909301846FFF7F3FEBB692B
:208AA00043F02003BB617B6A1B6ABA69D2B29A70FB695A897B6A1A817B6A044A5A60002352
:208AC00018462837BD4680BD004008405549435380B487B000AFF860B9607A60FB687B6139
:208AE00000233B617B69BA685A617B697A689A613B6918461C37BD465DF8047B704780B41E
:208B000087B000AFF860B9607A60FB687B617B691B6A9B78DAB27B691B6A02F07B02D2B281
:208B20009A707B699B78C3F30103DBB21A467B689A1A7B691A617B699B78C3F30103DBB259
:208B40001A46BB681A447B69DA607B691B6A9B78DAB27B691B6A62F07F02D2B29A707B6960
:208B60009B7803F00303DBB2022B0AD1BB681B887A69126A6FEAC3536FEAD3539BB2D381A0
:208B800004E07B691B6ABA681278DA70002318461C37BD465DF8047B704780B483B000AF1A
:208BA000786000BF0C37BD465DF8047B704780B586B000AF786039603B681B781A46012308
:208BC00003FA02F240F219231340002B04D07B681B6A4FF478429A823B689B781A013B68EF
:208BE000DB78DB0013437B61F2233B613B685B78032B04D17B6943F040037B6107E03B682B
:208C00005B78002B03D13B6923F010033B617B681B6A7A69D2B21A707B681B6A3A69D2B234
:208C20009A713B68DB69BB60BB681B7B082B04D17B681B6A0A225A7309E0BB681B7B5B0008
:208C4000DAB27B681B6A02F00202D2B25A730023FB60BB685B78DB01DBB2FA681343FB60E9
:208C6000BB689B785B0103F02003FA681343FB607B681B6A00221A72BB681B78022B03D06D
:208C8000BB681B78032B11D17B681B6AFF225A70BB681B78022B03D1FB6843F01003FB6000
:208CA0007B681B6AFA68D2B2DA710DE07B681B6AFA68D2B2DA717B681A6ABB685B681946E9
:208CC000104600F04FF800BF00BF1837BD4680BD80B582B000AF78600B46FB701346BB70CC
:208CE00097F902301846FFF7E1FD97F902301846FFF74CFDF97897F902307A681846FFF7B8
:208D000087FD00BF0837BD4680BD80B582B000AF786039603B68997A3B6893F90B301A468A
:208D20007868FFF7D5FF3B6819793B6893F905301A467868FFF7CCFF3B6899793B6893F90B
:208D400007301A467868FFF7C3FF3B68197A3B6893F909301A467868FFF7BAFF00BF083759
:208D6000BD4680BD80B483B000AF786039603B689A787B685A703B685B78C3F30103D9B20F
:208D80007A68137861F3010313703B68DA787B689A747B68DB79DBB223F05C03DAB23B6840
:208DA0001B7803F05C03DBB21343DAB27B68DA7100BF0C37BD465DF8047B704790B58BB021
:208DC00000AFF860B9601346FB71FB689B6A7B627B6A002B03D107F114037B6205E07B6ACF
:208DE00007F114040FCB84E80F00FB68DB691B781A467B6A1A607B6ABA689A607B6AFA79BC
:208E00001A71FB68DA6A7B6ADA60FB685B6A786A9847FB689B6A002B07D0FB689B6A1C46E4
:208E200007F114030FCB84E80F0000BF2C37BD4690BD80B584B000AFFFF76BFC0346FB7330
:208E400097F90F301846FFF7A1FC97F90F301846FFF78AFCB860BB68DB691B69002B30D17A
:208E6000BB681B69002B2CD0BB689B7803F00303DBB2022B0BD1BB68DB681B88BA68126AB8
:208E80006FEAC3536FEAD3539BB2D38105E0BB68DA68BB681B6A1278DA70BB681B69BA68B4
:208EA0009278C2F30102D2B29A1ABB681A61BB68DB68BA689278C2F30102D2B21A44BB68CB
:208EC000DA60BB681B69002B1BD1BB681B6A9B78FB71FB7943F00403FB71FB7903F07F0370
:208EE000FB71BB681B6AFA799A70BB680022DA60BB685B6A002B04D080220021B868FFF7A2
:208F00005DFF00BF1037BD4680BD80B584B000AFFFF7FFFB0346FB7397F90F301846FFF7CD
:208F200035FC97F90F301846FFF71EFCB860BB689B7803F00303DBB2022B07D1BB681B6A42
:208F40001B8A9BB2C3F308037B6004E0BB681B6A5B79DBB27B60BB689B69002B0AD1BB686B
:208F60005B6A002B33D07B6804221946B868FFF725FF2CE0BB685869BB689B78C3F301037C
:208F8000DBB21A463B1D194611F052FABB685B69BA689278C2F30102D2B21A44BB685A6155
:208FA000BB689B69BA689278C2F30102D2B29A1ABB689A61BB689B69002B08D1BB685B6A3D
:208FC000002B04D001220021B868FFF7F7FE00BF1037BD4680BD80B582B000AFFFF799FB5D
:208FE0000346FB7197F907301846FFF7BDFB38603B681B6A9B78DAB23B681B6A02F07B02F3
:20900000D2B29A703868FFF7C8FD3B685B6A002B04D0022200213868FFF7D0FE97F9073090
:209020001846FFF7B3FB00BF0837BD4680BD80B584B000AFFFF76DFB0346BB7297F90A303A
:209040001846FFF791FB78600023FB607B689B7803F00303DBB2022B07D17B681B6A1B8A4C
:209060009BB2C3F30803FB6004E07B681B6A5B79DBB2FB607B681B6A1B79DBB203F03803C8
:20908000FB72FB7A03F01003002B0BD07B681B6A1B7FC3F30003DBB2002B03D1FB7A43F0F3
:2090A0004003FB727B681B6A1B79DAB27B681B6A22F03802D2B21A717868FFF76EFD7B6891
:2090C0005B6A002B05D0FB7A1A46F9687868FFF775FE97F90A301846FFF758FB00BF1037D5
:2090E000BD4680BD80B483B000AFEFF303837B607B683B603B88C3F308039BB2DBB2103BB0
:20910000DBB25BB218460C37BD465DF8047B704780B483B000AF03463960FB7197F907305B
:2091200004493A6841F8232000BF0C37BD465DF8047B704794AD002080B483B000AF034674
:20914000FB7197F90730044A52F8233018460C37BD465DF8047B704794AD002080B483B0FA
:2091600000AF0346FB710B4997F9073003F1C00251F8223023F4803341F82230054A97F9EB
:209180000730C03352F8233000BF0C37BD465DF8047B70470060004080B584B000AF034677
:2091A000FB7197F907301846FFF7D8FFBFF35F8F00BF97F90730FB60FB6803F01F02074909
:2091C00097F907305B09012000FA02F2603341F8232000BF1037BD4680BD00BF00E100E080
:2091E00080B584B000AF0346B9607A60FB73BB68DAB2094997F90F301201D2B20B4483F87C
:20920000002397F90F3079681846FFF781FF00BF1037BD4680BD00BF00E100E080B485B078
:2092200000AF0346FB7197F90730FB60FB6803F01F020749FB685B09012000FA02F241F8D2
:20924000232000BF1437BD465DF8047B704700BF00E100E080B582B000AF0346FB7197F958
:2092600007301846FFF798FF97F907301846FFF7D5FF00BF0837BD4680BDFFFF80B485B038
:2092800000AF0346FB7197F90730FB60FB6803F01F020B4997F907305B09012000FA02F243
:2092A000203341F82320BFF34F8F00BFBFF36F8F00BF00BF1437BD465DF8047B704700BFCA
:2092C00000E100E080B584B000AF0346B9607A60FB7397F90F307A68B9681846FFF780FF66
:2092E00097F90F301846FFF7B5FF00BF1037BD4680BDFFFF80B584B000AF786039600023A7
:20930000FB607B68BB60386800F06CF8F860FB68002B01D0FB6822E0BB683A685A603B68C2
:209320009A69BB685A623B68DA69BB68DA62BB6800229A62BB685B681B7803F5800303F5D9
:209340008D531B021A46BB689A60B86800F0A6F8B86800F0F1F9BB68034A1A60FB68184640
:209360001037BD4680BD00BF4950535280B586B002AFF860B9607A60FB70FB7800937B68AE
:20938000BA680021F86800F07BFA034618461037BD4680BD80B586B002AFF860B9607A6030
:2093A000FB70FB7800937B680022B968F86800F067FA034618461037BD4680BD80B586B0CC
:2093C00002AFF860B9607A603B603B7E00933B687A68B968F86800F053FA03461846103779
:2093E000BD4680BD80B586B000AF786000237B617B681B693B617B681B7803F5800303F550
:209400008D531B020433FB603B69002B19D03B695B681B684FF000621A603B695B681B6816
:20942000FA689A603B699B681B683A6910683A6952681146984778617B69002B01D07B695B
:2094400028E07B685B69BB60BB68002B21D0BB685B681B684FF400221A60BB685B681B6852
:20946000FA685A60BB689B681B68BA681068BA6852681146984778617B69002B09D03B6916
:20948000002B06D03B699B681B6A3A691268104698477B6918461837BD4680BD80B491B007
:2094A00000AF78600023FB6300233B620023BB6300237B6300233B630023FB620023BB6221
:2094C00000237B620023FB61FB6B43F08003FB63FB6B43F02003FB63FB6B43F01003FB636F
:2094E0007B685B685B7A002B01D1082300E00023FA6B1343FB637B685B685B7A002B01D135
:20950000102300E000237A6B13437B637B685B689B7A1A467B6A13437B627B685B68DB7ACE
:209520005B007A6A13437B627B685B685B7B1B037A6A13437B627B685B681B69002B03D0E0
:20954000FB6B43F02003FB637B685B681B6ABB61BB691B78002B14D17B685B681B78002B7F
:209560000AD17B685B685B7A002B01D1802300E000237A6A13437B62FB6B23F00103FB6300
:2095800003E0FB6B43F00103FB63BB695B78DB01DB431A46FB6B1340FB63BB695B785A0034
:2095A000BB695B785B0113431A46FB6B1343FB633B6A23F00F033B62BB699B781A46BB6966
:2095C000DB7802FA03F33A6A13433B627B6A23F070037B62BB69DB781B017A6A13437B62BD
:2095E000BB691B79002B0BD0BB6B43F02003BB63BB691B79022B03D1BB6B43F01003BB63D0
:20960000BB695B79002B0BD07B6B43F001037B63BB695B79012B03D17B6B43F002037B635D
:20962000BB699B791A46FB691343FB61BB691B7AC3F30103DBB29B007A6A13437B627B68E7
:209640005B685B7A002B0CD17B6A43F460437B62BB695B7A3B63BB699B7AFB62BB69DB7A28
:20966000BB6200237B61EFF310833B613B697B610123FB60FB6883F3108800BF2D4B5A6854
:209680007B685B681B78C3F11303012101FA03F3DB43284913404B60264B5B687B69BB60F4
:2096A000BB6883F3108800BF7B689B68DB787B689B680022DA707B689B68FA6BD2B21A70D6
:2096C0007B689B683A6AD2B25A707B689B68BA6BD2B29A707B689B68BA69D2799A727B68D6
:2096E0009B683A6BD2B21A737B689B68FA6AD2B25A737B689B68BA6AD2B29A737B689B6895
:209700007A6BD2B2DA737B689B687A6A92B21A827B689B68FA69D2B283F820207B689B687B
:20972000102283F8212000BF4437BD465DF8047B704700BF0040084080B582B000AF78603E
:209740007B685B6893F90230002B0ADB7B685B6893F902007B685B689B797A681946FFF770
:20976000B1FD7B685B6893F90130002B0ADB7B685B6893F901007B685B685B797A681946DA
:20978000FFF7A0FD7B685B6893F904007B685B681B7A7A681946FFF795FD7B685B6893F9CA
:2097A00003007B685B68DB797A681946FFF718FD00BF0837BD4680BD80B487B000AF786030
:2097C0007B689B68DB7ADBB27B617B689B681B8A9BB2FB607B6893F820300F2B08D97B69F5
:2097E00023F040037B617B6943F020037B610DE07B6893F82030072B04D87B6943F040030E
:209800007B6103E07B6923F060037B617B6893F820303B613B690F2B04D93B6901339B08C3
:20982000053B3B61FB6823F47063FB603B691B02FA681343FB607B689B687A69D2B2DA7237
:209840007B689B68FA6892B21A8200BF1C37BD465DF8047B704780B483B000AF78607B686F
:209860009B681B78DAB27B689B6842F06002D2B21A7000BF0C37BD465DF8047B7047FFFFB0
:2098800080B588B000AFF860B9607A603B60FB68FB61FB699B681B78DBB203F04003002B1F
:2098A00001D0082306E1FB69BA68DA60FB697A681A61FB6900225A61FB6900229A61FB691E
:2098C0003A68DA61FB6997F8282083F82020FB695B685B69002B6DD0FB693A689A61FB69FD
:2098E00093F820300F2B0AD9FB695B685B695B681A68D378022161F30513D37018E0FB69C7
:2099000093F82030072B09D8FB695B685B695B681A68D37823F03003D37009E0FB695B6845
:209920005B695B681A68D378012161F30513D370FB695B685B695B681A689378022161F350
:2099400083039370FB695B685B695B681B683A6892B2DA81FB695B685B695B681B687A68F9
:209960009A607B68002B0FD1FB695B685B695B681A68937823F00C039370FB695B685B69B4
:209980005B681B684D4A9A60FB695B685B699B685B68FA69526852691068FA695268526917
:2099A0005268126811469847B861BB69002B01D0BB697FE0FB695B681B69002B73D0FB6904
:2099C0003A685A61FB6993F820300F2B0AD9FB695B681B695B681A68D378022161F3051304
:2099E000D37018E0FB6993F82030072B09D8FB695B681B695B681A68D37823F03003D37016
:209A000009E0FB695B681B695B681A68D378012161F30513D370FB695B681B695B681A6861
:209A2000D378022161F38303D370FB695B681B695B681B683A6892B2DA81FB695B681B69BE
:209A40005B681B68BA685A60BB68002B0FD1FB695B681B695B681A68D37823F00C03D37016
:209A6000FB695B681B695B681B68154A5A60FB699A68137823F020031370FB695B681B6987
:209A80009B685B68FA69526812691068FA6952681269526812681146984778617B69002B06
:209AA00001D07B6906E0F869FFF786FEF869FFF7D2FE002318462037BD4680BD24AF0020FE
:209AC00028AF002080B485B000AF78607B689B69FB607B68DB69FA689A4234D07B681B698D
:209AE000002B03D17B689B685B6827E07B6893F820300F2B09D97B689A687B681969FB6830
:209B00009B000B4452681A6018E07B6893F82030072B09D87B689A687B681969FB680B4462
:209B20001279D2B21A7009E07B689A687B681969FB685B000B44928892B21A80FB685A1C7B
:209B40007B689A6100E000BF1437BD465DF8047B704780B485B000AF78607B685B69FB60BD
:209B60007B68DB69FA689A4233D07B68DB68002B04D17B689B6800225A6025E07B6893F822
:209B800020300F2B09D97B68DA68FB689B001A447B689B6812685A6016E07B6893F820300A
:209BA000072B08D87B68DA68FB681A447B689B6812781A7108E07B68DA68FB685B001A4489
:209BC0007B689B6812889A80FB685A1C7B685A6100E000BF1437BD465DF8047B704790B5B7
:209BE00087B000AF78600B46FB707B689B6A7B617B69002B03D107F108037B6105E07A699D
:209C000007F1080307CA83E807007B685B681B781A467B691A607B69FA781A717B68DA6AFF
:209C20007B699A607B685B6A786998477B689B6A002B08D07B689B6A1C4607F1080393E82B
:209C4000070084E8070000BF1C37BD4690BD80B582B000AFFFF746FA0346FB7197F9073060
:209C60001846FFF77BFA97F907301846FFF764FA38603868FFF726FF3B689A693B68DB69C2
:209C80009A4206D13B685B6893F903301846FFF7C5FA00BF0837BD4680BD80B584B000AF83
:209CA000FFF720FA0346FB7397F90F301846FFF755FA97F90F301846FFF73EFAB860BB68D5
:209CC0005B681B6A7B607B68002B1ED07B685B78012B1AD1BB685A69BB68DB69013B9A4233
:209CE00007D1BB685B6893F903301846FFF7B2FA0BE0BB685B681B69002B06D0BB685B68AB
:209D000093F903301846FFF789FAB868FFF721FF00BF1037BD4680BD80B582B000AFFFF725
:209D2000E1F90346FB7197F907301846FFF716FA97F907301846FFF7FFF938603B689B6818
:209D4000DB78C3F34003DBB2002B04D03B685B685B7A012B28D197F907301846FFF78EFA28
:209D60003B685B6893F90230002B06DB3B685B6893F902301846FFF781FA3B689A68137890
:209D800023F0400313703B685B6893F90230002B06DB3B685B6893F902301846FFF75AFAEE
:209DA00001213868FFF71BFF00BF0837BD4680BD80B584B000AFFFF795F90346FB7397F9B0
:209DC0000F301846FFF7B8F9B860BB685B6893F90230002B06DBBB685B6893F90230184675
:209DE000FFF74CFABB689A68137823F040031370BB685B6893F90230002B06DBBB685B6808
:209E000093F902301846FFF725FABB689B68DB78FB71BB689B680022DA70FB7903F0080328
:209E2000DBB2002B03D00521B868FFF7D8FEFB7903F00103DBB2002B03D00421B868FFF754
:209E4000CEFEFB7903F00403DBB2002B09D0FB7903F01003DBB2002B03D00821B868FFF7F3
:209E6000BEFE97F90F301846FFF778F900BF1037BD4680BD80B586B000AF786039607B68DE
:209E80007B613968786900F070F838613B69002B01D03B6932E03B681B791A4ADB01DBB219
:209EA00093713B681B781A46174B9B5C03F00303FB603B685B781B01DBB2FA681343FB6029
:209EC0003B689B781B0303F44053FA681343FB603B68DB781B0203F44073FA681343FB6041
:209EE000084BFA6892B25A803B685B79054ADB01DBB213727B69054A1A600023184618375E
:209F0000BD4680BD00340840A4BD02005444570080B483B000AF7860064B00221A70054BF8
:209F2000FF221A70002318460C37BD465DF8047B704700BF0034084080B483B000AF7860FB
:209F40003960062318460C37BD465DF8047B704780B483B000AF78600B46FB7006231846DF
:209F60000C37BD465DF8047B704780B483B000AF78603960002318460C37BD465DF8047BEE
:209F80007047FFFF80B400AF044BDB681B0A03F007031846BD465DF8047B704700ED00E0BC
:209FA00080B483B000AF03463960FB7197F90730002B0ADB3B68DAB20C4997F90730120108
:209FC000D2B20B4483F800230AE03B68DAB20849FB7903F00F03043B1201D2B20B441A7678
:209FE00000BF0C37BD465DF8047B704700E100E000ED00E080B483B000AF0346FB7197F9E8
:20A000000730002B09DB0D4A97F90730134493F80033DBB21B09DBB209E0094AFB7903F0E6
:20A020000F03043B13441B7EDBB21B09DBB218460C37BD465DF8047B704700BF00E100E0F2
:20A0400000ED00E080B582B000AF78607B68013BB3F1807F01D301230FE00A4A7B68013B29
:20A0600053600F214FF0FF30FFF79AFF054B00229A60044B07221A60002318460837BD46DF
:20A0800080BD00BF10E000E080B483B000AFEFF303837B607B683B603B88C3F308039BB24C
:20A0A000DBB2103BDBB25BB218460C37BD465DF8047B70471EF0040F0CBFEFF30880EFF3C7
:20A0C00009800149084700BFA9A1010080B400AF62B600BFBFF36F8F00BFEFF3148C2CF08D
:20A0E000040C8CF31488BFF36F8F02DF00BEFDE7104B1968EFF309821EF0100F08BF22EDB6
:20A10000108A22E9F04FEFF30B8342F8043D0A604FF0100080F31188BFF34F8FBFF36F8F6B
:20A12000F7F734FF4FF0000080F3118800F004B800BF00004CAB0020084801680A6802CA3A
:20A1400081F30B88B2E8F04F1EF0100F08BFB2EC108A82F30988704700BF00004CAB002060
:20A1600080B584B000AFEFF311837B607B68FB601023BB60BB6883F3118800BFF7F7EAFD24
:20A180000346002B03D0074B4FF080525A60FB683B603B6883F3118800BF00BF1037BD46E3
:20A1A00080BD00BF00ED00E080B584B000AF78607B689B69FB60FB68023B1B78FB72FB7A8F
:20A1C000022B03D1FFF7B8FF00BF09E0FB7A032B06D9054B054A4FF47E710548F9F766F93A
:20A1E00000BF1037BD4680BDACBD020010BF0200C0BD020080B485B000AFF860B9607A60FB
:20A200003B60FB68043BFB60FB684FF080721A60FB68043BFB607B6823F00102FB681A60C5
:20A22000FB68043BFB60114AFB681A60FB68143BFB603A68FB681A60FB68043BFB60FB68FD
:20A240006FF002021A60FB68203BFB60FB68043BFB60BB6803F12802FB681A60FB6818462C
:20A260001437BD465DF8047B704700BF71A2010080B400AF00BE00BFFDE7FFFF80B500AF0C
:20A28000FF216FF00100FFF78BFE00F073F8064B5B68054A43F040435360FFF717FFF7F79E
:20A2A00075FE0023184680BD30EF00E080B584B000AFEFF311837B607B68FB601023BB6079
:20A2C000BB6883F3118800BF0E4B1B6801330D4A13600C4B1B68012B0FD10B4AFB681360A2
:20A2E0000A4B5B68C3F30803002B06D0084B094A40F2A4410848F9F7D9F800BF1037BD46AD
:20A3000080BD00BF2CAF002030AF002000ED00E050BE020024BF0200C0BD020080B582B09F
:20A3200000AF0F4B1B68002B06D10E4B0E4A40F2AD410E48F9F7BAF8094B1B68013B084A61
:20A340001360074B1B68002B06D1094B1B687B607B6883F3118800BF00BF0837BD4680BD12
:20A360002CAF002098BE020038BF0200C0BD020030AF002080B500AF054B1B68054AA2FB70
:20A3800003239B091846FFF75DFE00BF80BD00BF54AD0020D34D621080B582B000AFFFF7CA
:20A3A00073FE0346FB7197F90730002B0FDB97F907301846FFF71EFE38603B68002B06D127
:20A3C0000B4B0C4A40F20F610B48F9F76FF8FFF7D9FD0346032B06D9084B064A40F221610C
:20A3E0000548F9F763F800BF0837BD4680BD00BFACBE02004CBF0200C0BD0200E4BE02002C
:20A4000080B500AF0FF0ACFB0023184680BDFFFF80B400AFBFF34F8F00BF064BDB6803F439
:20A42000E0620449044B1343CB60BFF34F8F00BF00BFFDE700ED00E00400FA0580B485B092
:20A4400000AF786039600023FB600023FB72FB68DB43FB601FE07B685A1C7A601B781A46CD
:20A46000FB685340FB600823FB7209E0FB685A08FB6803F0010359420C4B0B405340FB60C0
:20A48000FB7A013BDBB2FB7297F90B30002BEDDA3B68013B3B603B68002BDCD1FB68DB43DE
:20A4A00018461437BD465DF8047B70472083B8ED80B582B000AF7860084611461A460346E1
:20A4C000FB700B46BB7013467B70114AFB7813730F4ABB7853730E4A7B6813600C4B022282
:20A4E0009A710C4B1B78012B03D1094804F008FC0AE0FB78082B02D1054804F001FC7B788A
:20A50000034918460EF0FAFA00BF0837BD4680BD14B100204CB9002080B582B000AF786069
:20A520007B681B6840F2FB72934232D040F2FB72934200F2818040F2FA7293420CD040F257
:20A54000FA72934278D840F26662934225D040F2C172934229D06FE07B681B7B002B02D1AD
:20A5600000F076F86AE07B681B7B012B03D1786800F0A6F862E07B681B7B032B02D100F0A0
:20A5800063FA5BE07B681B7B042B57D100F042FB54E0786800F0A2F953E002F0D9F90A2066
:20A5A000F7F7DCF902F0F8F94BE07B681B7B002B03D0012000F0F8FB17E07B681B7B002BB4
:20A5C00013D1022000F0F0FB204B40F2C2721A601E4B02229A711D4B00221A731B4BAA226E
:20A5E0005A731A4918200EF089FA7B681B7B042B26D17B685B7BAA2B22D1144B40F2C2728D
:20A600001A60124B02229A71104B04221A730F4BAA225A73012000F0C7FB0C4918200EF0D5
:20A620006DFA04F077FC4FF47A713220F8F748FF064804F065FB03E000BF02E000BF00E0D1
:20A6400000BF00BF0837BD4680BD00BF80B9002080B500AF144B40F2FC721A60124B052204
:20A660009A71114B00221A73104BAA221A700F4B79225A8004220D490D480EF0E1FD0D4B3F
:20A680001B78012B03D1084804F03AFB03E0064918200EF033FA084B00221A70074B0122A5
:20A6A0001A7000BF80BD00BF80B9002050B900208DB900204CB9002028B1002096B90020E0
:20A6C00080B582B000AF78607B685A7B7C4B9A7414227C49002007F011FE0346002B40F03A
:20A6E000E380784B1B78002B48D1774B4FF401221A60764B4FF401221A60754B4FF44122B4
:20A700001A607B689B7B1A467B68DB7B1B021A447B681B7C1B041A447B685B7C1B06134489
:20A720001A46674BC3F80A20674B1B68684A12681146184607F042FE0346002B16D1654BCA
:20A7400000221A60644B00221A605D4B01221A705B4B00225A705A4BAA22DA741823AA2265
:20A76000012140F2FC70FFF7A3FEA4E01823FF22012140F2FC70FFF79BFE9CE0514B5B7868
:20A78000002B48D1504B4FF480521A604F4B4FF480521A604E4B4FF480221A607B689B7B31
:20A7A0001A467B68DB7B1B021A447B681B7C1B041A447B685B7C1B0613441A46404BC3F8B6
:20A7C0000220414B1B68424A12681146184607F0F5FD0346002B16D13E4B00221A603E4B9B
:20A7E00000221A60364B00221A70354B01225A70334BAA22DA741823AA22012140F2FC70C4
:20A80000FFF756FE57E01823FF22012140F2FC70FFF74EFE4FE02C4B4FF480521A602B4BAE
:20A820004FF480521A602A4B4FF480221A607B689B7B1A467B68DB7B1B021A447B681B7C2E
:20A840001B041A447B685B7C1B0613441A461C4BC3F802201C4B1B681D4A12681146184625
:20A8600007F0ACFD0346002B16D11A4B00221A60194B00221A60124B00221A70104B012255
:20A880005A700F4BAA22DA741823AA22012140F2FC70FFF70DFE0EE01823FF22012140F214
:20A8A000FC70FFF705FE06E01823FF22012140F2FC70FFF7FDFD00BF0837BD4680BD00BF44
:20A8C00054B9002068B90020AC080020B0080020B408002040B1002044B1002080B582B0F5
:20A8E00000AF78604F4B1B684F4A98187B6803F10C017B689B791A460EF0A2FC7B689B799D
:20A900001A46484B1B681344464A13607B689B791A46464B1B681344444A1360414B1B6895
:20A92000B3F5806F7AD3424B1B684FF480623E49184607F0A7FC0346002B68D13D4B1B68C7
:20A940004FF480623C49184607F0D8FC0346002B55D14FF48062344937480EF090FC034696
:20A96000002B44D1354B40F2FC721A60334B05229A712C4B00221A60304B02221A734FF4CB
:20A9800080612D48FFF75AFD03462D4A13602C4B1B681B0EDAB2294B1A74294B1B681B0C12
:20A9A000DAB2264BDA73264B1B681B0ADAB2234B9A73234B1B68DAB2204B5A73214B1B7879
:20A9C000012B03D11D4804F09BF903E01B4918200EF094F8164B1B6803F58063144A1360F1
:20A9E000144B1B6803F58063124A136016E01823FF22022140F2FC70FFF75AFD0EE0182342
:20AA0000FF22022140F2FC70FFF752FD06E01823FF22022140F2FC70FFF74AFD00BF0837D1
:20AA2000BD4680BD40B100204CB1002044B10020AC080020B00800204CB5002080B900206D
:20AA400048B100204CB9002080B582B000AF664A664B1A60664B1B68002B20D1654BD3F8FC
:20AA60000220654B1B689A4206D0624BD3F80A20614B1B689A4207D11823AA22032140F2ED
:20AA8000FC70FFF715FDABE01823FF22032140F2FC70FFF70DFD584B00221A60A0E0574B38
:20AAA0001B68534A12685049184607F0EBFB0346002B40F08D80524B1B684D4A12685149AC
:20AAC000184607F01BFC0346002B79D1484B1B681A4645494B480EF0D2FB0346002B7FD126
:20AAE000494B40F2FC721A60474B05229A71404B1B6819464348FFF7A1FC0346434A136010
:20AB0000424B1B681B0EDAB23F4B1A743F4B1B681B0CDAB23C4BDA733C4B1B681B0ADAB209
:20AB2000394B9A73394B1B68DAB2374B5A73384B1B78012B03D1344804F0E2F803E03249E4
:20AB400018200DF0DBFF2D4B1A68294B1B6813442A4A13602A4B1A68254B1B681344284A04
:20AB6000136000237B6002E07B6801337B607B684CF24F329342F7D91E4BD3F802201E4B8A
:20AB80001B689A4206D01B4BD3F80A201A4B1B689A420AD1164B00221A601823AA2203215E
:20ABA00040F2FC70FFF784FC1AE01823FF22032140F2FC70FFF77CFC0F4B00221A600FE016
:20ABC0001823FF22032140F2FC70FFF771FC07E01823FF22032140F2FC70FFF769FCFFE7AE
:20ABE00000BF0837BD4680BD4CB100207CB9002040B1002054B9002044B10020AC0800207E
:20AC0000B00800204CB5002080B9002048B100204CB9002080B588B000AF3A4B1B78012B44
:20AC20000CD1394BD3F80230364AC2F80230364BD3F80630334AC2F806300FE0314B5B781D
:20AC4000012B0BD1304BD3F80A302E4AC2F80A302D4BD3F80E302B4AC2F80E304FF48051FE
:20AC6000002007F0ABFB0346002B3FD13B461422244918460EF0E4FA1422224923480EF02B
:20AC8000DFFA3B46224A13603B4614221946002007F0F8FA0346002B20D114221A4900203E
:20ACA00007F02CFB0346002B10D11422164915480EF0E5FA0346002B1FD11823AA220421C2
:20ACC00040F2FC70FFF7F4FBFFF7A2FB1823FF22042140F2FC70FFF7EBFB0EE01823FF2219
:20ACE000042140F2FC70FFF7E3FB06E01823FF22042140F2FC70FFF7DBFB00BF2037BD46D3
:20AD000080BD00BF54B9002068B900202CB100207CB9002080B582B000AF0023FB7114229C
:20AD20001F49002007F0EAFA0346002B32D11C4BDB7CAA2B2ED14FF47A720021032007F03D
:20AD400065F80346002B25D114220021144807F041F90346002B1DD1114BDB7CFF2B19D11F
:20AD60001823AA22082140F2FC70FFF7A1FB0D4B40F2C1721A600B4B02229A71094B002241
:20AD80001A73084BAA225A73064918200DF0B6FE0123FB71FB7918460837BD4680BD00BF62
:20ADA00068B9002080B9002080B483B000AF0346FB71044AFB79137000BF0C37BD465DF88F
:20ADC000047B704729B1002080B400AF034B1B781846BD465DF8047B704700BF29B10020DA
:20ADE00080B483B000AF0346FB71044AFB79137000BF0C37BD465DF8047B70474CB900208E
:20AE000080B400AF034B1B781846BD465DF8047B704700BF4CB9002080B584B000AF7860AE
:20AE20000023FB607B68002B30D01A4B5B68002B2CD07B681B6840F2FA7293420BD07B68A0
:20AE40001B6840F2FB72934205D07B681B6840F2C172934202D10020FFF7C2FF0D4B5868C4
:20AE600007F10C0200237968F5F736FF00200DF075FEFB68002B09D0074B4FF080525A6093
:20AE8000BFF34F8F00BFBFF36F8F00BF00BF1037BD4680BD9CB9002000ED00E080B58AB0FD
:20AEA00000AF786007F1140300221A605A609A60DA601A6140F24C5200216F480FF0AAFAAC
:20AEC0006E4B5B6807F114014FF0FF321846F5F7BBFF0346012BF3D101F020FD7B6940F218
:20AEE000FD72934201F2358040F2F372934254D240F2C272934200F0F28740F2C2729342F5
:20AF000001F2278040F2C172934200F0FC8440F2C172934201F21D8040F25672934201F063
:20AF20000C8040F25672934201F2138040F24172934200F01E8540F24172934201F20980AD
:20AF400040F22372934201F20480B3F5E06F43D240F26662934200F0D68440F266629342EA
:20AF600000F2F78740F20442934200F0B88740F20442934200F2ED8740F28B32934200F07E
:20AF8000AE87B3F5637F80F0E487752B00F2CC83202B80F0158300F0DCBFA3F2F3730A2B28
:20AFA00000F2D78701A252F823F000BFDFBE010053BF010053BF0100DFBE010053BF01000D
:20AFC00053BF010053BF010007B9010007B9010053BF010047BF0100A3F5E063232B00F294
:20AFE000B88701A252F823F02BB9010043B90100BBB9010053BF010053BF0100A3B9010038
:20B0000053BF010053BF010053BF010053BF010053BF010053BF010053BF010053BF010098
:20B0200053BF010053BF010053BF01000FBF010053BF010053BF010053BF010053BF0100BC
:20B0400053BF010053BF010053BF010053BF010053BF010053BF010053BF010053BF010058
:20B0600053BF010053BF010053BF010053BF010053BF01005BB90100A8B900209CB9002066
:20B08000A3F24113B3F5A57F00F2638701A252F823F000BF01BB0100CDBE010019B9010044
:20B0A00063BC010073BC010011BB010083BC010021BB010053BF010081BB010053BF0100F3
:20B0C00093BC0100E3BD010053BF010053BF0100E7B8010053BF010053BF010053BF010080
:20B0E00053BF010053BF010053BF010053BF010053BF010053BF010053BF010053BF0100B8
:20B1000053BF010053BF010053BF010053BF010053BF010053BF010053BF010053BF010097
:20B1200053BF010053BF010053BF010053BF010053BF010053BF010053BF010053BF010077
:20B1400053BF010053BF010053BF010053BF010053BF010053BF010053BF010053BF010057
:20B1600053BF010053BF010053BF010053BF010053BF010053BF010053BF010053BF010037
:20B1800053BF010053BF010053BF010053BF010053BF010053BF010053BF010053BF010017
:20B1A00053BF010053BF010053BF010053BF010053BF010053BF010053BF010053BF0100F7
:20B1C00053BF010053BF010053BF010053BF010053BF010053BF010053BF010053BF0100D7
:20B1E00053BF010053BF010053BF010053BF010053BF010053BF010053BF010053BF0100B7
:20B2000053BF010053BF010053BF010053BF010053BF010053BF010053BF010053BF010096
:20B2200053BF010053BF010053BF010053BF010053BF010053BF010053BF010053BF010076
:20B2400053BF010053BF010053BF010053BF010053BF010053BF010053BF010053BF010056
:20B2600053BF010053BF010053BF010053BF010053BF010053BF010053BF010053BF010036
:20B2800053BF010053BF010053BF010053BF010053BF010053BF010053BF010053BF010016
:20B2A00053BF010053BF010053BF010053BF010053BF010053BF010053BF010053BF0100F6
:20B2C00053BF010053BF010053BF010053BF010053BF010053BF010053BF010053BF0100D6
:20B2E00053BF010053BF010053BF010053BF010053BF010053BF010053BF010053BF0100B6
:20B3000053BF010053BF010053BF010053BF010053BF010053BF010053BF010053BF010095
:20B3200053BF010053BF010053BF010053BF010053BF010053BF010053BF010053BF010075
:20B3400053BF010053BF010053BF010053BF010053BF010053BF010053BF010053BF010055
:20B3600053BF010053BF010053BF010053BF010053BF010053BF010053BF010053BF010035
:20B3800053BF010053BF010053BF010053BF010053BF010053BF010053BF010053BF010015
:20B3A00053BF010053BF010053BF010053BF010053BF010053BF010053BF010053BF0100F5
:20B3C00053BF010053BF010053BF010053BF010053BF010053BF010053BF010053BF0100D5
:20B3E00053BF010053BF010053BF010053BF010053BF010053BF010053BF010053BF0100B5
:20B4000053BF010053BF010053BF010053BF010053BF010053BF010053BF010053BF010094
:20B4200053BF010053BF010053BF010053BF010053BF010053BF010053BF010053BF010074
:20B4400053BF010053BF010053BF010053BF010053BF010053BF010053BF010053BF010054
:20B46000A3BC010053BF0100B3BC0100F3BC010071BB010003BD010013BD010023BD010099
:20B4800033BD010043BD010053BF010053BF010053BF01008BB9010041BB010051BB010032
:20B4A00053BD010061BB010063BD010073BD010053BF010053BF010053BF010053BF0100C0
:20B4C000C3BC0100D3BC01003DB7010009B8010053BF0100CDBB010053BF010025BF010011
:20B4E00053BF010053BF010053BF010053BF010053BF010053BF010053BF010053BF0100B4
:20B5000053BF010053BF010053BF010053BF010053BF010083BD010093BD0100A3BD0100D9
:20B52000B3BD0100C3BD0100D3BD010053BF010053BF010053BF0100ADBB010003BF010023
:20B5400053BF010053BF0100DDBB0100EDBB010053BF010053BF010053BF010053BF010037
:20B5600053BF010053BF010053BF010053BF010053BF010053BF010053BF010053BF010033
:20B5800053BF010053BF010053BF010053BF010053BF010053BF010053BF010053BF010013
:20B5A00053BF010053BF010053BF010053BF010053BF010053BF010053BF0100DFBE010068
:20B5C000203B552B00F2C58401A252F823F000BFD3B9010053BF010053BF010053BF0100D0
:20B5E00053BF010053BF010053BF010053BF010053BF010053BF010053BF010053BF0100B3
:20B6000053BF010053BF010053BF010053BF010053BF010003BA0100EBB901001BBA010092
:20B6200033BA010053BF0100E3BC010053BF010053BF010053BF010053BF010053BF01000A
:20B6400053BF010053BF010053BF010053BF010053BF01004BBA0100FDBB01005BBA0100B6
:20B66000D1BA0100F1BA010043BC010053BF0100BDBB010053BF010053BF010053BF0100CD
:20B6800053BF010053BF010053BF010053BF010053BF010053BF010053BF010053BF010012
:20B6A00053BF010053BF010053BF010053BF010053BF010053BF010053BF010053BF0100F2
:20B6C00053BF010053BF010053BF010053BF010053BF010053BF010053BF010053BF0100D2
:20B6E00053BF010053BF010053BF010053BF010053BF010053BF010053BF010053BF0100B2
:20B7000053BF010053BF010053BF010053BF010053BF010053BF010053BF010053BF010091
:20B7200053BF010053BC0100B3F5237F80F01184B3F5A07F3FF6A4AC00F00BBCCB4B01225B
:20B740001A7001F02DFD0346222B09D9C84B01221A7001F031FD012001F0EAFC01F042FDC5
:20B7600026200EF0AFF904200EF0ACF928200EF0A9F907F114030C3308221946BD480DF055
:20B780005FFD07F1140314221946BB480DF058FDB84B5B68C3F31703184606F02FFFB54B3C
:20B7A0001B88C3F30D039BB21946012006F052FFB04B5B88C3F30D039BB21946022006F0A4
:20B7C00049FF022001F06AFC0346012B09D1A94B5B88C3F30D039BB2002B02D1002001F060
:20B7E00047FC012001F05AFC0346012B40F0B383A04B1B88C3F30D039BB2002B40F0AB8399
:20B80000002001F01FFCA6E307F10C0300221A605A60964B01221A7001F0C2FC0346222B43
:20B8200009D9934B01221A7001F0C6FC012001F07FFC01F0D7FC26200EF044F904200EF0F4
:20B8400041F928200EF03EF907F114030C33082219468A480DF0F4FC07F10C03082287499A
:20B8600018460DF0EDFCBA89854B1B889A4202D3BA89834B1A80824B1B88BB817D4B93F873
:20B88000293003F01E03DBB20E2B1BD17B7C092262F385037B74774A537B092161F3850306
:20B8A000537307F10C0107F114030C33082218460DF0C6FC07F114031422194671480DF0CE
:20B8C000BFFC49E307F10C0107F114030C33082218460DF0B5FC07F11403142219466A48A2
:20B8E0000DF0AEFC38E307F114030C330822194666480DF0A5FC07F1140314221946644813
:20B900000DF09EFC28E3002006F072F807F114031846FEF701FE1FE307F114030C3305222D
:20B9200019465C480DF08CFC16E30021002005F011FB07F114031422194657480DF080FC88
:20B940000AE30121002005F005FB07F114031422194652480DF074FCFEE20321002005F0FF
:20B96000F9FA07F11403142219464D480DF068FCF2E20521002005F0EDFA07F114031422FF
:20B98000194648480DF05CFCE6E20621002005F0E1FA07F114031422194643480DF050FC0C
:20B9A000DAE20721002005F0D5FA07F11403142219463E480DF044FCCEE20821002005F06A
:20B9C000C9FA07F114031422194639480DF038FCC2E207F114031422194636480DF030FC5F
:20B9E0000021012005F0B6FAB6E207F114031422194631480DF024FC0121012005F0AAFAB2
:20BA0000AAE207F11403142219462C480DF018FC0221012005F09EFA9EE207F114031422DB
:20BA2000194627480DF00CFC0321012005F092FA92E207F114031422194622480DF000FCF2
:20BA40000421012005F086FA86E207F11403142219461D480DF0F4FB7EE207F11403142229
:20BA600019461A480DF0ECFB76E200BF97B9002098B90020A8B9002028BD0020B0B900201A
:20BA800094B90020E4BA00203CBD0020B8B9002050BD0020EDB90020DCBD0020F0BD002058
:20BAA00018BE002040BE002054BE002068BE00207CBE002090BE0020A4BE0020B8BE00201A
:20BAC000CCBE0020E0BE0020F4B9002008BA002007F1140314221946CA480DF0B1FB07F1F8
:20BAE00014030C3308221946C7480DF0A9FB33E207F1140314221946C4480DF0A1FB2BE24C
:20BB000007F1140314221946C1480DF099FB23E207F1140314221946BE480DF091FB1BE2B2
:20BB200007F1140314221946BB480DF089FB07F114030C3308221946B8480DF081FB0BE2A0
:20BB400007F1140314221946B5480DF079FB03E207F1140314221946B2480DF071FBFBE10B
:20BB600007F1140314221946AF480DF069FBF3E107F1140314221946AC480DF061FBEBE138
:20BB800007F1140314221946A9480DF059FB08220021A8480EF03EFCBB7E1A4607F11403A4
:20BBA0000C331946A3480DF04BFBD5E107F1140314221946A0480DF043FBCDE107F114037F
:20BBC000142219469D480DF03BFBC5E107F11403142219469A480DF033FBBDE107F11403B4
:20BBE0001422194697480DF02BFBB5E107F114031422194694480DF023FBADE1934B0122EE
:20BC00001A7001F0CDFA0346222B09D9904B01221A7001F0D1FA012001F08AFA01F0E2FAC3
:20BC200007F11403142219468A480DF009FBBB7E1A4607F114030C33194687480DF000FB80
:20BC40008AE107F114031422194684480DF0F8FA82E107F114031422194681480DF0F0FA63
:20BC60007AE107F11403142219467E480DF0E8FA72E107F11403142219467B480DF0E0FA8F
:20BC80006AE107F114031422194678480DF0D8FA62E107F114031422194675480DF0D0FABB
:20BCA0005AE107F114031422194672480DF0C8FA52E107F11403142219466F480DF0C0FAE7
:20BCC0004AE107F11403142219466C480DF0B8FA42E107F114031422194669480DF0B0FA13
:20BCE0003AE107F114031422194666480DF0A8FA32E107F114031422194663480DF0A0FA3F
:20BD00002AE107F114031422194660480DF098FA22E107F11403142219465D480DF090FA6A
:20BD20001AE107F11403142219465A480DF088FA12E107F114031422194657480DF080FA96
:20BD40000AE107F114031422194654480DF078FA02E107F114031422194651480DF070FAC2
:20BD6000FAE007F11403142219464E480DF068FAF2E007F11403142219464B480DF060FAF0
:20BD8000EAE007F114031422194648480DF058FAE2E007F114031422194645480DF050FA1C
:20BDA000DAE007F114031422194642480DF048FAD2E007F11403142219463F480DF040FA48
:20BDC000CAE007F11403142219463C480DF038FAC2E007F114031422194639480DF030FA74
:20BDE000BAE007F114030C330822194635480DF027FA07F114031422194633480DF020FA01
:20BE0000AAE000BF1CBA0020D8B9002030BA002064BD002078BD00208CBD0020D0B9002080
:20BE2000A0BD002044BA002058BA00206CBA0020B4BD0020E0B9002080BA002094BA0020DD
:20BE4000A8BA0020BCBA0020D0BA002097B9002098B90020F8BA0020F4BE00200CBB0020B4
:20BE600020BB002034BB002048BB00205CBB002070BB002098BB0020ACBB0020C0BB00207E
:20BE8000D4BB0020E8BB0020FCBB002010BC002024BC002038BC00204CBC002060BC0020F5
:20BEA00074BC002088BC00209CBC0020B0BC0020C4BC0020D8BC0020ECBC002000BD0020D1
:20BEC00014BD0020C0B9002084BB002007F114030C330822194622480DF0B2F93CE0FEF77F
:20BEE0008FFF0346012B08D13220F5F737FD07F11403184602F004FF2EE0002005F078FDFA
:20BF00002AE007F11403184603F05EFB24E007F114030C330422194612480DF091F900F0B6
:20BF2000B9FB19E007F114030C33012219460E480DF086F900F0CCFB0EE007F114031846A0
:20BF400000F014F808E097F82030184605F084FE02E000BF00E000BF00F0EEFCFEF7B0BFCB
:20BF6000C8B90020E8B90020ECB9002080B582B000AF78607B681B7B052B7ED17B685B7BFB
:20BF8000122B73D17B689B7B1A2B76D17B68DB7B002B13D17B681B7C1A047B685B7C1B02E4
:20BFA00013437A68927C13431A46364BC3F81E207B68DA7C334B83F822205EE07B68DB7B20
:20BFC000012B12D17B681A7C2E4B83F823207B685B7C1A047B689B7C1B0213437A68D27C2D
:20BFE00013431A46274B5A6247E07B68DB7B022B0FD17B681A7C234B83F828207B685A7C8D
:20C00000204B83F829207B689A7C1E4B83F82A2033E07B68DB7B032B12D17B681B7C1A06D3
:20C020007B685B7C1B041A437B689B7C1B0213437A68D27C13431A46124BC3F82B201CE018
:20C040007B68DB7B042B18D17B681B7C1BB21B021AB27B685B7C1BB213431BB29AB2094B15
:20C06000A3F82F203A200DF009FD06E07B685B7B042B02D13B200DF001FD00BF0837BD4681
:20C0800080BD00BFF0E6002080B500AF2D4B1B78DBB2002B06D02B4B00221A702A4B002278
:20C0A0001A704DE0284B1B780133DAB2264B1A70254B1B78012B43D904200DF029FD03462D
:20C0C00083F00103DBB2002B17D0204B5B7B03F03C03DBB2002B10D01C4B5B7B03F03C03D0
:20C0E000DBB2242B09D026200DF0C8FC04200DF0C5FC28200DF0E6FC15E004200DF008FD60
:20C10000034683F00103DBB2002B0CD00F4B5B7B03F03C03DBB2002B05D104200DF0AEFC10
:20C1200028200DF0ABFC00F0F9FB40F24C52002106480EF06FF900F0FFFB034B00221A70A6
:20C1400000BF80BD97B9002099B90020A8B9002080B400AF054B93F82930C3F34303DBB2E0
:20C160001846BD465DF8047B704700BFA8B9002080B483B000AF0346FB71FB79002B05D153
:20C18000084B1B88C3F30D039BB204E0054B5B88C3F30D039BB218460C37BD465DF8047BF4
:20C1A000704700BFA8B9002080B400AF044B5B68C3F317031846BD465DF8047B704700BF18
:20C1C000A8B9002080B400AF034BDB791846BD465DF8047B704700BFA8B9002080B400AF4A
:20C1E000034B1B891846BD465DF8047B704700BFA8B9002080B400AF034B5B891846BD46AB
:20C200005DF8047B704700BFA8B9002080B400AF034B1B7B1846BD465DF8047B704700BFE1
:20C22000A8B9002080B400AF044B5B7BC3F30103DBB21846BD465DF8047B7047A8B90020C1
:20C2400080B400AF044B5B7BC3F38303DBB21846BD465DF8047B7047A8B9002080B400AFBD
:20C26000044B1B7CC3F30003DBB21846BD465DF8047B7047A8B9002080B400AF044B1B7C5C
:20C28000C3F34003DBB21846BD465DF8047B7047A8B9002080B400AF044B1B7CC3F38003A9
:20C2A000DBB21846BD465DF8047B7047A8B9002080B400AF044B1B7CC3F3C003DBB2184657
:20C2C000BD465DF8047B7047A8B9002080B400AF044B1B7CC3F30013DBB21846BD465DF87A
:20C2E000047B7047A8B9002080B400AF044B1B7CC3F34013DBB21846BD465DF8047B70473C
:20C30000A8B9002080B400AF044B5B7CC3F30003DBB21846BD465DF8047B7047A8B90020E0
:20C3200080B400AF044B5B7CC3F38003DBB21846BD465DF8047B7047A8B9002080B400AFDE
:20C34000044B5B7CC3F38013DBB21846BD465DF8047B7047A8B9002080B400AF044B5B7C6B
:20C36000C3F3C013DBB21846BD465DF8047B7047A8B9002080B400AF044B9B7CC3F3000338
:20C38000DBB21846BD465DF8047B7047A8B9002080B400AF044B9B7CC3F34203DBB2184674
:20C3A000BD465DF8047B7047A8B9002080B400AF054B93F82C30C3F30013DBB21846BD469D
:20C3C0005DF8047B704700BFA8B9002080B582B000AF78600B46FB7000F0A0FAFA78134693
:20C3E0009B0013449B004833064A134404331422194678680CF024FF00F09EFA00BF08373D
:20C40000BD4680BDA8B9002080B582B000AF78600B46FB7000F082FAFA7813469B00134488
:20C420009B0003F5A873064A13441422194678680CF006FF00F080FA00BF0837BD4680BD89
:20C44000A8B9002080B582B000AF78600B46FB7000F064FAFA7813469B0013449B0003F513
:20C460008663074A134404331422194678680CF0E7FE00F061FA00BF0837BD4680BD00BF56
:20C48000A8B9002080B582B000AF78600B46FB7000F044FAFA7813469B0013449B0003F5F3
:20C4A0009D63064A13441422194678680CF0C8FE00F042FA00BF0837BD4680BDA8B90020B3
:20C4C00080B582B000AF78607B68002B0CD00221002004F03FFD00F021FA142279680448A3
:20C4E0000CF0AEFE00F028FA00BF0837BD4680BD04BE002080B582B000AF78607B68002B66
:20C500000CD00421002004F025FD00F007FA1422796804480CF094FE00F00EFA00BF08370C
:20C52000BD4680BD2CBE002080B584B000AF78602423FB737B68002B14D0FB7B242B11D86C
:20C5400000F0ECF9FA7B13469B0013449B0003F5A873064A13441422796818460CF070FE12
:20C5600000F0EAF900BF1037BD4680BDA8B9002080B400AF074B93F82830C3F3C013DBB2F3
:20C58000002B14BF01230023DBB21846BD465DF8047B7047A8B9002080B400AF074B93F89C
:20C5A0002830C3F34003DBB2002B14BF01230023DBB21846BD465DF8047B7047A8B900205E
:20C5C00080B483B000AF0D4B7B600123FB700223BB70FB787A6813441B7B7B707A78BB78E1
:20C5E00042FA03F3DBB203F001033B703B7818460C37BD465DF8047B704700BFA0BD0020BC
:20C6000080B485B000AF0346FB710023FB81FB79042B35D801A252F823F000BF31C6010047
:20C620003FC601004DC601005BC6010073C60100174B1B8EC3F309039BB2FB8121E0144B8E
:20C640001B6BC3F389239BB2FB811AE0104B5B8EC3F309139BB2FB8113E00D4B93F8332027
:20C660009209D2B293F834309B0013439BB2FB8107E0074B5B6BC3F309239BB2FB8100E068
:20C6800000BFFB8918461437BD465DF8047B7047A8B9002080B500AF0C4B93F840307B2BC3
:20C6A00011D10A4B93F841307B2B0CD1074B93F842307B2B07D1054B93F84330FF2B02D1AC
:20C6C000002000F095FC00BF80BD00BFA8B9002080B500AF0D4B93F84430012B02D0022B17
:20C6E0000DD010E0002002F0BBFA33200DF0EAF934200DF0C3F9022002F0D4FD03E002207C
:20C7000002F0D0FD00BF00BF80BD00BFA8B900202DE9B04382B000AF0023FB714C4B5B6C88
:20C7200043F30B231BB2002B43DA494B5B6C43F30B231BB218460DF07FFB41A3D3E900235C
:20C740000DF0E4FB02460B4690469946404BB3F84630C3F309139BB218460DF06DFB0246D9
:20C760000B46404649460DF0D1FB02460B46144683F0004534A3D3E90023204629460DF057
:20C78000EFFC02460B46104619460DF0D1FD03467B710023FB717B79012202FA03F3DBB23B
:20C7A000013BDBB25AB297F9073053405BB2FB713FE0274B5B6C43F30B231BB218460DF0ED
:20C7C0003BFB1FA3D3E900230DF0A0FB02460B4614461D461E4BB3F84630C3F309139BB2EB
:20C7E00018460DF029FB02460B46204629460DF08DFB02460B461046194613A3D3E90023E4
:20C800000DF0AEFC02460B46104619460DF090FD0346BB710023FB71BB79012202FA03F34C
:20C82000DBB2013BDBB25AB297F9073053405BB2FB71FB7918460837BD46BDE8B08300BF18
:20C840009A9999999999B93F0000000000F07440A8B9002080B483B000AF7860054B93F85B
:20C8600044207B681A7000BF0C37BD465DF8047B704700BFA8B9002080B500AF00F04EF8FD
:20C880000822002103480DF0C5FD00F055F800BF80BD00BFD8B9002080B400AF034B002247
:20C8A0001A8000BFBD465DF8047B704794B9002080B400AF034B1B78DBB21846BD465DF81D
:20C8C000047B704797B9002080B400AF034B1B78DBB21846BD465DF8047B704798B9002004
:20C8E00080B483B000AF0346FB71044AFB79137000BF0C37BD465DF8047B704798B9002027
:20C9000080B400AF044B1B7CC3F38013DBB21846BD465DF8047B7047A8B9002080B500AF27
:20C92000044B9B684FF0FF311846F4F78DF800BF80BD00BF9CB9002080B500AF034B9B6803
:20C940001846F4F74BF800BF80BD00BF9CB9002080B586B000AF00233B7240F207737B60AA
:20C960000823BB7200237B723B1D0C330822094918460CF065FC3B1D1846FFF7A1FD3B1DDF
:20C98000194619200CF0BAF8034618461837BD4680BD00BFB808002080B586B000AF00233F
:20C9A0003B7240F229737B6000237B720423BB723B1D0C330822002118460DF02BFD002335
:20C9C000BB7405F00FFE0346FB743B1D0C330222084918460CF034FC3B1D1846FFF78AFDA5
:20C9E0003B1D194619200CF089F8034618461837BD4680BDC008002080B586B000AF00236F
:20CA00003B724FF4E1637B600423BB7200237B7202F078F803463B7402F068F803467B74BF
:20CA20002E23BB7402F07AF80346FB743B1D194619200CF063F8034618461837BD4680BDDD
:20CA400080B586B000AF00233B724FF4A6737B6000237B720823BB723B1D0C33082207493C
:20CA600018460CF0EDFB3B1D19461A200CF046F8034618461837BD4680BD00BF0ABF00206B
:20CA800080B588B000AF07F10C0300221A605A609A60DA601A613B1D00221A605A6002F0CE
:20CAA00001F80346022B0CBF01230023DAB23B7962F300033B7102F00DF8034603F001037A
:20CAC000DAB23B7962F382033B7102F03FF8034603F00103DAB23B7962F341033B7102F0B0
:20CAE00029F8034603F00703DAB23B7962F347133B7102F037F803467B7102F099F8034612
:20CB0000C7F8063002F0A0F8034603F00103DAB2BB7A62F30003BB7229200CF0F9FF03468A
:20CB20001A46BB7A62F34103BB7235200CF0F0FF03461A463B7962F3C3033B7100233B7464
:20CB400040F26D23FB6000237B740823BB74391D07F10C030C33082218460CF071FB07F1C8
:20CB60000C031846FFF7E0FC07F10C03194618200BF0C4FF034618462037BD4680BDFFFFDE
:20CB800090B587B000AF3B1D00221A605A609A60DA601A6105F0CAFE0346643BDBB203F0E8
:20CBA0003F03D9B2334A937C61F30503937405F0B1FE034603F00F03D9B22E4A538A61F393
:20CBC0008913538205F09AFE034603F01F03D9B2284AD37C61F38603D37405F06BFE0346E2
:20CBE00003F01F03DAB2234B02F00101CC01D97C01F07F01084621460143D9745208D2B27B
:20CC000002F00F0202F00F001A7D22F00F02114602460A431A7505F059FE034603F03F0311
:20CC2000D9B2144A938A61F30913938205F05AFE034603F03F03D9B20E4A537D61F387030D
:20CC4000537500233B7275237B6000237B720823BB723B1D0C330422074918460CF0F0FA10
:20CC60003B1D194618200BF049FF034618461C37BD4690BD08BF00201ABF002080B586B0ED
:20CC800000AF3B1D00221A605A609A60DA601A6100233B7240F266637B6000237B720823A7
:20CCA000BB723B1D194618200BF028FF00BF1837BD4680BD80B586B000AF154B1B68154A8C
:20CCC000934220D100233B7240F22E437B6000237B720823BB723B1D0C3304220E49184666
:20CCE0000CF0AEFA3B1D103304220C4918460CF0A7FA3B1D194619200BF000FF382200211A
:20CD000003480DF087FB00BF1837BD4680BD00BF64090020EFBEADDE680900206C09002051
:20CD200080B586B000AF164B1B68164A934222D100233B7240F2FF237B6000237B72082393
:20CD4000BB723B1D0C3304220F4918460CF078FA3B1D103301220D4918460CF071FA3B1D94
:20CD6000113301220A4918460CF06AFA3B1D19461A200BF0C3FE00BF1837BD4680BD00BF81
:20CD800058090020AB0DD0BA5C090020600900206109002080B588B000AF0346FB710B4616
:20CDA000BB7113467B7100233B744FF41B73FB6000237B740823BB7407F10C030C33082228
:20CDC000002118460DF026FB7B79002B06D17F233B76FB797B76BB79BB7608E07B79012B9B
:20CDE00005D1FB794033DBB23B76BB797B7607F10C03194619200BF081FE00BF2037BD46E1
:20CE000080BDFFFF80B586B000AF00233B7240F205437B6000237B720823BB7201F08AFEB7
:20CE20000346012B0ED1164B1B7843F00403DAB2134B1A70134B1B7843F00403DAB2114BE9
:20CE40001A700DE00E4B1B7823F00403DAB20C4B1A700C4B1B7823F00403DAB2094B1A707A
:20CE6000074A07F110031068516803C33B1D19461B200BF043FE00BF1837BD4680BD00BF24
:20CE800070C6002078C6002080B588B000AF00233B7240F205437B6000237B720823BB7235
:20CEA00001F048FE0346012B0ED1234B1B7843F00403DAB2204B1A70204B1B7843F00403F3
:20CEC000DAB21E4B1A700DE01B4B1B7823F00403DAB2194B1A70194B1B7823F00403DAB2BC
:20CEE000164B1A7004F0ACFD87ED070AD7ED077A9FED137A67EE877AFDEEE77A17EE903A56
:20CF00007B837B8BDAB20D4B9A70B7F91A301B121BB2DAB2094BDA70084A07F1100310682C
:20CF2000516803C33B1D19461B200BF0E7FD00BF2037BD4680BD00BF70C6002078C60020D8
:20CF40000000C84280B586B000AF01F067FE786100233B714FF41B733B6000237B71082309
:20CF6000BB713B460C330822002118460DF052FA62233B7303237B733B460E3306227969C0
:20CF800018460DF055FA3B46194618200BF0B6FD034618461837BD4680BDFFFF80B586B082
:20CFA00000AF00233B724FF41B737B6000237B720823BB723B1D0C330822002118460DF0A1
:20CFC00029FA6F233B7402237B74084A07F112031168196092889A803B1D194618200BF06A
:20CFE0008DFD00BF1837BD4680BD00BFC408002080B483B000AF0346FB71FB7903F0010378
:20D00000D9B2054A937861F30003937000BF0C37BD465DF8047B704708BF002080B400AF77
:20D02000074B9B78C3F30003DBB2002B14BF01230023DBB21846BD465DF8047B704700BFC8
:20D0400008BF002080B483B000AF0346FB71FB7903F00103D9B2054A937961F382039371F0
:20D0600000BF0C37BD465DF8047B704708BF002080B483B000AF0346FB71FB7903F0010303
:20D08000D9B2054A937961F3C303937100BF0C37BD465DF8047B704708BF002080B483B0AE
:20D0A00000AF0346FB71FB79012B05D10A4B9B79C3F38003DBB209E0FB79022B05D1064BB6
:20D0C0009B79C3F3C003DBB200E0032318460C37BD465DF8047B704708BF002080B483B0B3
:20D0E00000AF0346FB71064A9379F97961F34103937100BF0C37BD465DF8047B704700BF13
:20D1000008BF002080B483B000AF0346FB71FB7903F00103D9B2054A137861F300031370B3
:20D1200000BF0C37BD465DF8047B704708BF002080B483B000AF0346FB71FB7983F00103C2
:20D14000D9B2054A137861F34103137000BF0C37BD465DF8047B704708BF002080B400AFF5
:20D16000074B1B7803F00203DBB2002B0CBF01230023DBB21846BD465DF8047B704700BFD0
:20D1800008BF002080B400AF044B1B78C3F30003DBB21846BD465DF8047B704708BF0020CA
:20D1A00080B400AF034B1B781846BD465DF8047B704700BF1EBF002080B400AF074B1B783B
:20D1C00003F00103DBB2002B02D0054B00221A7000BFBD465DF8047B704700BF08BF0020DF
:20D1E0001EBF002080B400AF034B00221A7000BFBD465DF8047B70471FBF0020FFFFFFFF0E
:20D2000090B5A1B000AF7860002387F86F300CF0EBFB03461A46D04B1A70FFF74BFDFFF74C
:20D220002DFDFFF77DFDCD4B5B6807F16F014FF0FF321846F3F708FE0346012BF3D197F88B
:20D240006F30013B052B00F2B78501A252F823F069D20100C9D9010075DB0100FFDB01008A
:20D26000B9DD0100A9DD01001D200CF051FC0346002B00F0FD8007F1580300221A605A6080
:20D280009A60DA601A614FF000024FF00003C7E91C234FF41B73BB65622387F864300423BD
:20D2A00087F86530082387F85E30AD4B1B78022B00F0BB80022B00F38285002B03D0012BEE
:20D2C0005AD000F07CBD01F071FC51EC100BA0A3D3E900230CF01AFE02460B4610461946C1
:20D2E0000DF046F802460B46C7E91C23102387F8663097F8703087F86730D7E91C014FF0C2
:20D3000000024FF00003020A42EA01620B0AD3B287F86830D7E91C014FF000024FF000031D
:20D32000020C42EA01420B0CD3B287F86930D7E91C014FF000024FF00003020E42EA0122FD
:20D340000B0ED3B287F86A30D7E91C014FF000024FF000030A000023D3B287F86B3007F1F2
:20D360005803194618200BF0C9FB7D4B1B780133DAB27B4B1A7026E301F02AFC51EC100B19
:20D3800073A3D3E900230CF0C1FD02460B46104619460CF0EDFF02460B46C7E91C232023DD
:20D3A00087F8663097F8703087F86730D7E91C014FF000024FF00003020A42EA01620B0A03
:20D3C000D3B287F86830D7E91C014FF000024FF00003020C42EA01420B0CD3B287F8693020
:20D3E000D7E91C014FF000024FF00003020E42EA01220B0ED3B287F86A30D7E91C014FF09B
:20D4000000024FF000030A000023D3B287F86B3007F15803194618200BF070FB504B1B787E
:20D420000133DAB24E4B1A70CDE2302387F86630FF2387F8673001F0A1FB034687F86830CD
:20D4400001F0A8FB034687F86930002387F86A30002387F86B3007F15803194618200BF079
:20D460004DFB3F4B00221A701D200CF02BFBAAE21E200CF04DFB0346002B00F0AA8005F03E
:20D4800007F907F1440300221A605A609A60DA601A61002387F848304FF41B737B6400235B
:20D4A00087F84930082387F84A30632387F85030022387F851302B4B1B78022B56D0022B1D
:20D4C0006FDC002B02D0012B1ED06AE0102387F85230254B1B8A9BB2DBB287F85330224B0E
:20D4E0001B8A9BB21B0A9BB2DBB287F854301E4B9B7C87F855301C4BDB7C87F856301A4B8C
:20D500001B7D87F857304CE0202387F85230164B5B7D87F85330144BD3F81630DBB287F846
:20D520005430114BD3F816301B0ADBB287F855300D4BD3F816301B0CDBB287F856300A4BCD
:20D54000D3F816301B0EDBB287F8573029E000BF00000000006AF84004BF0020FCBE0020D7
:20D5600020BF002021BF0020F0E60020302387F85230B54B5B8B9BB2DBB287F85330B24BA3
:20D580005B8B9BB21B0A9BB2DBB287F85430002387F85530002387F85630002387F85730DE
:20D5A00000BF07F14403194618200BF0A7FAA74B1B780133DAB2A54B1A70A44B1B78022BCC
:20D5C00040F2FD83A14B00221A701E200CF07AFAF5E321200CF09CFA0346002B00F088803C
:20D5E00007F1300300221A605A609A60DA601A6101F000FBB867002387F834304FF41B7319
:20D600003B63002387F83530082387F83630622387F83C30052387F83D308D4B1B78022B39
:20D6200036D0022B4CDC002B02D0012B18D047E0102387F83E30BB6F1B7887F83F30BB6F62
:20D640005B7887F84030BB6F9B7887F84130BB6FDB7887F84230BB6F1B7987F843302FE0AE
:20D66000202387F83E30BB6F5B7987F83F30BB6F9B7987F84030BB6FDB7987F84130BB6FC9
:20D680001B7A87F84230BB6F5B7A87F8433017E0302387F83E30BB6F9B7A87F83F30BB6F85
:20D6A000DB7A87F84030BB6F1B7B87F84130BB6F5B7B87F84230BB6F9B7B87F8433000BF94
:20D6C00007F13003194618200BF018FA604B1B780133DAB25E4B1A705D4B1B78022B40F2B0
:20D6E0006E835B4B00221A7021200CF0EBF966E322200CF00DFA0346002B00F0AD8007F1AF
:20D700001C0300221A605A609A60DA601A6101F07BFAF867002387F820304FF41B73FB6101
:20D72000002387F82130082387F82230622387F82830062387F82930464B1B78032B6BD808
:20D7400001A252F823F000BF59D7010089D70100B9D70100E9D70100102387F82A30FB6FB0
:20D760001B7887F82B30FB6F5B7887F82C30FB6F9B7887F82D30FB6FDB7887F82E30FB6FC7
:20D780001B7987F82F3047E0202387F82A30FB6F5B7987F82B30FB6F9B7987F82C30FB6FF9
:20D7A000DB7987F82D30FB6F1B7A87F82E30FB6F5B7A87F82F302FE0302387F82A30FB6F9B
:20D7C0009B7A87F82B30FB6FDB7A87F82C30FB6F1B7B87F82D30FB6F5B7B87F82E30FB6F5D
:20D7E0009B7B87F82F3017E0402387F82A30FB6FDB7B87F82B30FB6F1B7C87F82C30FB6F22
:20D800005B7C87F82D30FB6F9B7C87F82E30FB6FDB7C87F82F3000BF07F11C0319461820EB
:20D820000BF06CF90B4B1B780133DAB2094B1A70084B1B78032B40F2C282064B00221A707A
:20D8400022200CF03FF9BAE2F0E6002021BF002022BF002023BF00203B200CF059F90346CB
:20D86000002B00F0AC8204F013FF07F1080300221A605A609A60DA601A6100233B7340F24E
:20D880005773BB6000237B730823BB7305233B7512237B751A23BB75B34B1B78042B7AD8BD
:20D8A00001A252F823F000BFBDD80100EDD8010017D9010039D901006DD901000023FB756F
:20D8C000AA4BD3F81E301B0CDBB23B76A74BD3F81E301B0ADBB27B76A44BD3F81E30DBB292
:20D8E000BB76A24B93F82230FB7654E00123FB759E4B93F823303B769C4B5B6A1B0CDBB21C
:20D900007B769A4B5B6A1B0ADBB2BB76974B5B6ADBB2FB763FE00223FB75944B93F828306E
:20D920003B76924B93F829307B76904B93F82A30BB760023FB762EE00323FB758B4BD3F8BA
:20D940002B301B0EDBB23B76884BD3F82B301B0CDBB27B76854BD3F82B301B0ADBB2BB768E
:20D96000824BD3F82B30DBB2FB7614E00423FB757E4BB3F82F309BB21B0A9BB2DBB23B765B
:20D980007A4BB3F82F309BB2DBB27B760023BB760023FB7600BF07F10803194618200BF0B1
:20D9A000ADF8714B1B780133DAB26F4B1A706E4B1B78042B40F203826B4B00221A703B2080
:20D9C0000CF080F8FBE1FAE1FDF7FEF90346002B40F08580664B1B7803F00203DBB2002B94
:20D9E00004D0FEF771FF0346002B78D020200CF08FF8034683F00103DBB2002B6FD0062092
:20DA00000CF086F8034683F00103DBB2002B66D004200BF0B1F9034603F00103D9B2544AAC
:20DA2000937861F34103937003200BF0A5F9034603F00103D9B24E4A937861F3820393703A
:20DA40000120FEF795FB0346C3F30D039AB2484BC2F30A014C01598801F01F01084621467E
:20DA600001435980D20A92B202F0070202F007001A7922F00702114602460A431A71FEF75B
:20DA800093FB034623F07F42394BD1B200200143D971120A92B200210A431A810020FEF7A8
:20DAA00067FB0346C3F30D039AB2314BC2F30C01CC00998801F00701084621460143998073
:20DAC000520B92B202F0010202F001009A7922F00102114602460A439A71FEF7B1FFFDF705
:20DAE00073F90346002B0ED1214B1B7803F00203DBB2002B07D018200CF00AF80346002B37
:20DB000001D0FEF79DFF20200CF002F80346002B0FD0FDF759F90346002B0AD106200BF064
:20DB2000F7FF034683F00103DBB2002B01D0FFF769F906200BF0ECFF0346002B00F042811B
:20DB400020200BF0E5FF034683F00103DBB2002B00F03881FDF738F90346002B40F0328109
:20DB6000FFF792F92EE100BF24BF0020F0E6002008BF0020FDF728F90346002B12D1974B28
:20DB80001B7803F00203DBB2002B04D0FEF79CFE0346002B06D0FEF7F3FF0A20F3F7DEFEBE
:20DBA000FEF76EFFFDF710F90346002B0FD13C200BF0AEFF0346002B09D00A20F3F7CEFE81
:20DBC000874918200AF09AFF3C200BF07BFFFDF7FBF80346002B40F0F880804B1B7803F085
:20DBE0000203DBB2002B00F0F08031200BF090FF0346002B00F0E980FEF742FFE5E0774BA3
:20DC00001B7803F00103DBB2002B00F0928020200BF07EFF034683F00103DBB2002B00F0A0
:20DC2000938006200BF074FF034683F00103DBB2002B00F089806B4B1B780133DAB2694B0F
:20DC40001A70684B1B781D2B07D9644A137843F0020313700020FEF743FE624B1B78222BF5
:20DC600002D9604B23221A705F4B1B780133DAB25D4B1A705C4B1B783B2B39D95A4B3C226B
:20DC80001A70FEF715FE034683F00103DBB2002B2ED0FEF719FE034683F00103DBB2002BF8
:20DCA00026D004200BF034FF0346002B20D0FDF78BF80346002B1BD1484B1B7803F00203C3
:20DCC000DBB2002B14D013200BF022FF034683F00103DBB2002B0BD006200BF019FF034684
:20DCE00083F00103DBB2002B02D020200BF010FF3C4B1B78072B27D9FEF7B0FA0346012B79
:20DD000004D0FEF70DFB0346012B1DD1334A137823F001031370314A137823F0020313708C
:20DD2000304B00221A70314B1B78184609F0CAF90AE02C4B00221A70284A137823F0020371
:20DD40001370294B00221A70FDF73EF80346002B3ED1224B1B7803F00203DBB2002B04D0EF
:20DD6000FEF7B2FD0346002B32D020200BF0D0FE034683F00103DBB2002B29D006200BF0EE
:20DD8000C7FE034683F00103DBB2002B20D0FEF703FE0A20F3F7E2FDFEF7DAFD0A20F3F78D
:20DDA000DDFDFEF729FE13E0FDF70EF80346002B11D1FEF769F90EE000BFFFF734BA00BF83
:20DDC000FFF731BA00BFFFF72EBA00BFFFF72BBA00BFFFF728BA00BFFFF725BA08BF002019
:20DDE000F8C200201EBF00201FBF0020CF08002080B582B000AF78600B467B805E4B1B78E1
:20DE0000042B00F2A68001A252F823F021DE010033DE010091DE0100A1DE0100E9DE0100F1
:20DE20007B681B78652B40F09A80534B01221A7095E07B681B78022B03D1504B02229A7191
:20DE400022E07B681B78012B03D14C4B01229A711AE07B681B78032B03D1484B03229A7150
:20DE600012E07B681B78042B03D1444B04229A710AE07B681B78052B03D1404B05229A7156
:20DE800002E03E4B06229A713B4B02221A7069E07B681A783A4B1A70374B03221A7061E071
:20DEA0007B681A78374B1A70354B1B781AB2354B1B781BB21B021BB213431BB27B802F4AA1
:20DEC0007B88A2F8C4327B8803337B807B88B3F52F7F05D901237B80274B00221A7041E0E6
:20DEE000254B04221A703DE07B88013B7A6813441B78822B27D17B88033B7B807B88B3F54E
:20DF00002F7F1AD81D4BB3F8C4321A4679681E480CF08EFA184B00221A7001237B801B4B99
:20DF20005B68002B1DD0194B5868002300221849F2F7D2FE0BF0E2FC13E00F4B00221A70B1
:20DF400001237B800DE00C4B00221A7001237B8007E0094B00221A7001237B8002E000BFEC
:20DF600000E000BF7B881A46796800200BF090FC00BF0837BD4680BDF2C2002030BF0020F6
:20DF8000F3C20020F4C2002037BF002028BF002036BF0020B0B5ADF53C7D02AF07F53A738A
:20DFA000A3F53973186007F53A73A3F5337318464FF430731A4600210CF02CFA0023A7F815
:20DFC000E6320023A7F8DE320023A7F8E432002387F8E332BA4B5B6807F11C014FF0FF327B
:20DFE0001846F2F731FF0346012BF3D107F53A73A3F53373B3F8BE32042B08D907F53A7336
:20E00000A3F53373B3F8BE32053BA7F8E43207F53A73A3F533731B78013B042B00F2CB830D
:20E0200001A252F823F000BF3DE00100AFE0010041E10100DDE2010011E50100A14B00228B
:20E040001A7107F53A73A3F533735B781A4607F53A73A3F533739B781B021A4307F53A73FE
:20E06000A3F53373DB781B041A4307F53A73A3F533731B791B0613431A46924B1A6007F5EE
:20E080003A73A3F533735A798E4B9A718D4B00225A718C4B9B791A4607F11C03063319461F
:20E0A00089480BF0CDF83C200BF0E8FC8CE3874B01225A70864B00221A70864B00221A706C
:20E0C00027200BF0FFFC00F097FC07F11C0301339022194680480BF0B3F87F4800F0E4FB20
:20E0E0000346002B00F069831A200BF011FD034683F00103DBB2002B1FD0744B93F81003C9
:20E10000724B93F81113714B93F812436F4B93F813536E4B93F814336C4A92F815230192B6
:20E1200000932B46224604F01FFB04F0E9FA1A200BF0A4FC1B200BF0A1FC00F019FC3CE3C2
:20E14000FEF78CF80346012B02D100F081FE3CE3002003F04DFC5E4B00221A700120FCF7AB
:20E160003FFE07F53A73A3F53373B3F8BE320D2B00F2258307F53A73A3F5387300221A7175
:20E1800007F53A73A3F533735B781A4607F53A73A3F533739B781B021A4307F53A73A3F5B0
:20E1A0003373DB781B041A4307F53A73A3F533731B791B0613431A4607F53A73A3F53873AC
:20E1C0001A6007F53A73A3F533735A7907F53A73A3F538739A7107F53A73A3F53873002206
:20E1E0005A7107F53A73A3F538739B791A4607F11C03991D07F108030C3318460BF020F874
:20E2000007F53A73A3F538731B6840F2FA72934218D007F53A73A3F538731B6840F2FB7226
:20E2200093420FD007F53A73A3F538731B6840F2C17293421BD107F53A73A3F538731B7B13
:20E24000042B14D107F108031846FCF765F907F53A73A3F538731B6840F2C172934218D166
:20E2600007F10803194618200AF048FC11E007F53A73A3F538731B6840F2C172934202D159
:20E280000120FCF791FD07F10803194618200AF035FC07F53A73A3F538731B6840F2C17243
:20E2A000934240F08C8207F53A73A3F538731B7B002B40F084820220FCF776FD7FE200BFC0
:20E2C00028BF0020F8C2002004C3002030BF00200DC300200CC30020F8C10020002003F09C
:20E2E00087FBCE4B00221A700120FCF75DFD0120FCF776FD07F53A73A3F533735B781A46C8
:20E3000007F53A73A3F533739B781B021A4307F53A73A3F53373DB781B041A4307F53A732A
:20E32000A3F533731B791B0613431A4607F53A73A3F538731A6007F53A73A3F533735A7914
:20E3400007F53A73A3F538739A7107F53A73A3F5387300221A7107F53A73A3F5387300221F
:20E360005A71AF4B05221A80B7F8E432DB08A7F8E632B7F8E43203F00703A7F8DE3258E00F
:20E38000002387F8E3321AE0A54B1B885A1C91B2A34A1180194697F8E33207F53A72A2F5C0
:20E3A00033720A44517807F53A72A2F5387213440A461A7397F8E332013387F8E33297F889
:20E3C000E332072BE0D907F53A73A3F538731B6840F2FA72934218D007F53A73A3F5387387
:20E3E0001B6840F2FB7293420FD007F53A73A3F538731B6840F2C17293420CD107F53A7318
:20E40000A3F538731B7B042B05D107F108031846FCF782F805E007F10803194618200AF0D7
:20E420006DFBB7F8E632013BA7F8E6320320F3F795FAB7F8E632002BA2D1B7F8DE32002BCF
:20E4400000F0BF81B7F8DE32DAB207F53A73A3F538739A71002387F8E3321AE0704B1B883B
:20E460005A1C91B26E4A1180194697F8E33207F53A72A2F533720A44517807F53A72A2F55D
:20E48000387213440A461A7397F8E332013387F8E33297F8E3329BB2B7F8DE229A42DDD801
:20E4A0000023A7F8DE3207F53A73A3F538731B6840F2FA72934218D007F53A73A3F53873D4
:20E4C0001B6840F2FB7293420FD007F53A73A3F538731B6840F2C17293420FD107F53A7334
:20E4E000A3F538731B7B042B08D14E4B586807F1080100230022F2F7DFFA05E007F10803F2
:20E50000194618200AF0FAFA0520F3F727FA58E107F53A73A3F53373B3F8BE32002B00F070
:20E5200052816A22002140480BF074FF07F53A73A3F533735B7887F8DD3297F8DD32042B50
:20E5400000F22D8101A252F823F000BF61E50100E9E501002DE601008DE601003DE7010099
:20E5600007F53A73A3F53373B3F8BE32012B40F21881FDF773FE0346002B30D1FDF7D0FE86
:20E580000346002B2BD103F043FA032000F08AFE32200BF0BDFA034683F00103DBB2002BC4
:20E5A0000FD007F53A73A3F533739B78012B08D132200BF063FA33200BF060FA34200BF0DC
:20E5C00081FA07F53A73A3F533739B78002B0AD133200BF077FA34200BF050FA03E0012064
:20E5E00000F060FEDDE0DCE007F53A73A3F53373B3F8BE32012B40F2D68007F53A73A3F5DD
:20E6000033739A78084B5A70074B5B78184604F005F830200BF032FAC5E000BF0DC30020E6
:20E620000EC300209CB9002088C2002007F53A73A3F53373B3F8BE32012B40F2B68007F5F8
:20E640003A73A3F533739A78624B9A70614B9B78002B02D0012B04D017E00020FEF7C8FC7A
:20E6600013E0FDF785FF034683F00103DBB2002B0AD0FCF7A9FB0346002B05D10120FEF7E6
:20E68000B7FC17200BF0FAF900BF8EE007F53A73A3F53373B3F8BE32012B40F2888007F591
:20E6A0003A73A3F533739A784A4BDA7007F53A73A3F53373B3F8BE32023BA7F8E032B7F85F
:20E6C000E032002B73D0B7F8E032642B02D96423A7F8E032B7F8E02207F11C0303331946FA
:20E6E0003D480BF0A5FE36200BF0C8F9394BDB78032B14D0032B19DC012B02D0022B07D0D7
:20E7000014E038200BF0BAF937200BF0DBF914E038200BF0D7F937200BF0B0F90DE0372083
:20E720000BF0D0F938200BF0CDF906E037200BF0C9F938200BF0C6F900BF38E007F53A7370
:20E74000A3F53373B3F8BE32012B32D907F53A73A3F533739A781F4B83F869201D4B93F84F
:20E760006930002B02D0012B0CD017E029200BF0A9F92A200BF082F903F0EEFE2E200BF036
:20E780007DF90BE029200BF079F92A200BF076F903F0E2FE2E200BF071F900BF09E000BFC1
:20E7A00011E000BF0FE000BF0DE000BF0BE000BF09E000BF07E000BF0CE400BF0AE400BFFB
:20E7C00008E400BF06E400BF04E407F53A77BD46B0BD00BF88C200208CC2002080B500AF65
:20E7E00027200BF095F90346002B4ED1284B1B78DBB20133DAB2264B1A70264B1B78DBB2D7
:20E80000002B0DD1224B1B78DBB2092B08D9214B01221A700122204900200BF039F835E047
:20E820001C4B1B78DBB2012B30D1194B1B78DBB2132B2BD9174B02221A7027200BF01EF9F5
:20E84000164B1B7823F00203DAB2144B1A70134B1B7823F01003DAB2104B1A70104B1B78C1
:20E8600023F00203DAB20E4B1A700D4B1B7823F01003DAB20A4B1A700A4B00225A70012231
:20E88000054900200BF004F800E000BF80BD00BF0DC300200CC3002037BF002070C600202D
:20E8A00078C6002030BF002080B483B000AF78607B6893F84830002B1AD17B6893F849301A
:20E8C000002B15D17B6893F84A30002B10D17B6893F84B30002B0BD17B6893F84C30002B2E
:20E8E00006D17B6893F84D30002B01D1002339E07B6893F84930002B04D07B6893F8493050
:20E900000C2B01D900232DE07B6893F84830002B04D07B6893F848301F2B01D9002321E0A3
:20E920007B6893F84B30172B01D900231AE07B6893F84C303B2B01D9002313E07B6893F807
:20E940004D303B2B01D900230CE07B6893F84930022B06D17B6893F848301D2B01D90023D5
:20E9600000E0012318460C37BD465DF8047B704780B584B000AF03F09DFF0346FB7303F013
:20E98000A5FF0346BB731B4B93F813337B73194B93F814333B73FB7B9BB21A461201D31A30
:20E9A0009B009AB2BB7B9BB213447B817B7B9BB21A461201D31A9B009AB23B7B9BB21344B6
:20E9C0003B817A893B899A4204D97A893B89D31A9BB203E03A897B89D31A9BB2FB80FB8818
:20E9E000012B02D91A200BF06DF800BF1037BD4680BD00BF30BF002098B500AF254B1B7863
:20EA000043F00203DAB2234B1A70234B1B7843F00203DAB2204B1A70204B93F81633002B16
:20EA20000ED11C4B1B7843F01003DAB2194B1A70194B1B7843F01003DAB2174B1A7012E096
:20EA4000164B93F81633012B0DD1124B1B7823F01003DAB20F4B1A700F4B1B7823F01003DE
:20EA6000DAB20D4B1A7000F029F80346002B0ED000F024F80346062B09D800F01FF803460E
:20EA80005C1E00F06FF803461A46054B1A5500BF98BD00BF70C6002078C6002030BF0020A7
:20EAA000C408002080B400AF034B93F8C8321846BD465DF8047B704730BF002080B400AFD6
:20EAC000034B93F817331846BD465DF8047B704730BF002080B400AF034B93F8CC32184600
:20EAE000BD465DF8047B704730BF002080B400AF034B93F84E331846BD465DF8047B704750
:20EB000030BF002080B400AF034B93F84F331846BD465DF8047B704730BF002080B400AFCA
:20EB2000034B93F850331846BD465DF8047B704730BF002080B400AF034B93F8C932184669
:20EB4000BD465DF8047B704730BF002080B400AF034B93F8CB321846BD465DF8047B704773
:20EB600030BF002080B400AF034B93F8CA321846BD465DF8047B704730BF002080B400AFF0
:20EB8000034B93F8CE321846BD465DF8047B704730BF002080B400AF034B93F8CD32184688
:20EBA000BD465DF8047B704730BF002080B400AF064BD3E9B42343EC172BB0EE470AF0EEB3
:20EBC000670ABD465DF8047B704700BF30BF002080B400AF064BD3E9B62343EC172BB0EE90
:20EBE000470AF0EE670ABD465DF8047B704700BF30BF002080B400AF024B1846BD465DF833
:20EC0000047B70474FC2002080B400AF024B1846BD465DF8047B70475FC2002080B400AF4D
:20EC2000024B1846BD465DF8047B704748C2002080B400AF034BD3F848331846BD465DF844
:20EC4000047B704730BF002080B400AF034B1B781846BD465DF8047B704700BF88C2002096
:20EC600080B483B000AF0346FB71044AFB79137000BF0C37BD465DF8047B704788C200208A
:20EC800080B400AF024B1846BD465DF8047B70478CC2002080B584B000AF78600023FB7369
:20ECA00000F08AFA154B5B6807F10F014FF0FF321846F2F7C9F80346012BF3D1FB7B012B62
:20ECC00018D1FEF74BFA0346002B09D1FDF740FA0346072B04D0FDF7EBFD0346002B0BD01B
:20ECE000FCF772F80346002B06D100F069FBFFF775FD01E000BFD5E700BFD3E710C30020E8
:20ED000080B584B000AF78600023FB817B689B7906339AB24C4B1A80FB895A1CFA811A46E2
:20ED20004A4B65219954FB895A1CFA811A46474B02219954444B1988FB895A1CFA811A464F
:20ED4000C9B2424B9954404B1B881B0A99B2FB895A1CFA811A46C9B23C4B99547B681968F8
:20ED6000FB895A1CFA811A46C9B2384B99547B681B68190AFB895A1CFA811A46C9B2334B7C
:20ED800099547B681B68190CFB895A1CFA811A46C9B22E4B99547B681B68190EFB895A1CBE
:20EDA000FA811A46C9B2294B9954FB895A1CFA811A467B689979254B995400237B730CE078
:20EDC0007A7BFB89591CF98119467B6813441A7B1E4B5A547B7B01337B737B689B797A7B82
:20EDE0009A42EDD300233B7309E0FB895A1CFA811A46164B002199543B7B01333B733B7B2B
:20EE0000002BF2D0FB895A1CFA811A460F4B00219954FB895A1CFA811A460C4B002199548E
:20EE2000FB895A1CFA811A46084B82219954FB891A46064900200AF0C1FC0023FB8100BFB2
:20EE40001037BD4680BD00BF6AC6002018C3002080B582B000AF0023FB802C4B02221A8038
:20EE6000FB885A1CFA801A46294B65219954FB885A1CFA801A46264B04219954234B198873
:20EE8000FB885A1CFA801A46C9B2214B99541F4B1B881B0A99B2FB885A1CFA801A46C9B200
:20EEA0001B4B9954FB885A1CFA801A46184BFF219954FB885A1CFA801A46154BFF2199547C
:20EEC000FB885A1CFA801A46114B00219954FB885A1CFA801A460E4B00219954FB885A1CC2
:20EEE000FA801A460A4B82219954FB881A46084900200AF063FC01216420F4F7E1FA002317
:20EF0000FB8000BF0837BD4680BD00BF6AC6002018C3002080B586B000AF0023FB823B46F3
:20EF200000221A605A609A60DA601A614F4B68221A80FB8A5A1CFA821A464D4B652199542C
:20EF4000FB8A5A1CFA821A46494B01219954474B1988FB8A5A1CFA821A46C9B2444B995436
:20EF6000424B1B881B0A99B2FB8A5A1CFA821A46C9B23F4B995400237B7553E07A7D3B466A
:20EF800011461846FDF740FA3968FB8A5A1CFA821A46C9B2364B99543B68190AFB8A5A1C6C
:20EFA000FA821A46C9B2324B99543B68190CFB8A5A1CFA821A46C9B22D4B99543B68190E47
:20EFC000FB8A5A1CFA821A46C9B2294B9954FB8A5A1CFA821A46B979254B995400233B7545
:20EFE0001AE0BB793A7D9A420CD23A7DFB8A591CF982194602F118033B4413F80C2C1C4BB0
:20F000005A5406E0FB8A5A1CFA821A46184B002199543B7D01333B753B7D072BE1D97B7DDC
:20F0200001337B757B7D072BA8D9FB8A5A1CFA821A460F4B00219954FB8A5A1CFA821A46EB
:20F040000B4B00219954FB8A5A1CFA821A46084B82219954FB8A1A46054900200AF0AEFB9C
:20F060000023FB8200BF1837BD4680BD6AC6002018C3002080B58CB000AF78607B68002B51
:20F0800001D1032393E007F108032022002118460BF0C0F90023FB850D23BB85FB8D5A1C7C
:20F0A000FA8530333B44652203F8282CFB8D5A1CFA8530333B44052203F8282CFB8D5A1C46
:20F0C000FA85BA8DD2B230333B4403F8282CBB8D1B0A9AB2FB8D591CF985D2B230333B441B
:20F0E00003F8282C7B681A68FB8D591CF985D2B230333B4403F8282C7B681B681A0AFB8D1A
:20F10000591CF985D2B230333B4403F8282C7B681B681A0CFB8D591CF985D2B230333B44DA
:20F1200003F8282C7B681B681A0EFB8D591CF985D2B230333B4403F8282CFB8D5A1CFA8545
:20F1400019467B689A7901F130033B4403F8282CFB8D07F10802D0187B680C33082219464A
:20F160000BF066F9FB8D0833FB85FB8D5A1CFA8530333B44002203F8282CFB8D5A1CFA85A5
:20F1800030333B44002203F8282CFB8D5A1CFA8530333B44822203F8282CFA8D07F1080340
:20F1A000194600200AF00AFB0346BB62BB6A18463037BD4680BDFFFF80B582B000AF00230A
:20F1C000FB71FB795A1CFA711A46354B65219954FB795A1CFA711A46314B05219954FB7963
:20F1E0005A1CFA711A462E4B07219954FB795A1CFA711A462A4B00219954FB795A1CFA71B3
:20F200001A46274B6B219954FB795A1CFA711A46234B02219954FB795A1CFA711A46204B50
:20F2200000219954FB795A1CFA711A461C4B00219954FB795A1CFA711A46194B022199546D
:20F24000FB795A1CFA711A46154B7F219954FB795A1CFA711A46124B02219954FB795A1C00
:20F26000FA711A460E4B00219954FB795A1CFA711A460B4B00219954FB795A1CFA711A468E
:20F28000074B82219954FB791A46054900200AF095FA0023FB7100BF0837BD4680BD00BF35
:20F2A00018C3002080B584B000AF0346FB710023FB73FB7B5A1CFA731A46404B652199543E
:20F2C000FB7B5A1CFA731A463C4B05219954FB7B5A1CFA731A46394B06219954FB7B5A1C9E
:20F2E000FA731A46354B00219954FB7B5A1CFA731A46324B50219954FB7B5A1CFA731A4666
:20F300002E4B01219954FB7B5A1CFA731A462B4B00219954FB7B5A1CFA731A46274B0021DC
:20F320009954FB7B5A1CFA731A46244B01219954FB79032B18D0032B1EDC012B02D0022BCC
:20F3400008D019E0FB7B5A1CFA731A461B4B0121995412E0FB7B194A13441846FDF77AFAC6
:20F36000FB7B0133FB7308E0FB7B5A1CFA731A46124B0321995400E000BFFB7B5A1CFA736E
:20F380001A460E4B00219954FB7B5A1CFA731A460A4B00219954FB7B5A1CFA731A46074B7F
:20F3A00082219954FB7B1A46044900200AF006FA0023FB7300BF1037BD4680BD18C30020AE
:20F3C00080B588B000AF0423FB833B1D00221A605A609A60DA601A6140F252320021784878
:20F3E0000BF018F800237B7726E07A7F3B1D11461846FCF7EBFF7B68002B1AD0FB8B704ACC
:20F4000013447A681A60FB8B0433FB83FB8B5A1CFA831A46B97A6A4B9954FB8B684A1344C1
:20F420001A4607F1100303CB10605160FB8B0833FB837B7F01337B777B7F0C2BD5D9002311
:20F440003B7726E03A7F3B1D11461846FCF7DCFF7B68002B1AD0FB8B594A13447A681A608C
:20F46000FB8B0433FB83FB8B5A1CFA831A46B97A534B9954FB8B524A13441A4607F11003D6
:20F4800003CB10605160FB8B0833FB833B7F01333B773B7F242BD5D90023FB7626E0FA7ED5
:20F4A0003B1D11461846FCF7CDFF7B68002B1AD0FB8B434A13447A681A60FB8B0433FB8387
:20F4C000FB8B5A1CFA831A46B97A3D4B9954FB8B3B4A13441A4607F1100303CB10605160EF
:20F4E000FB8B0833FB83FB7E0133FB76FB7E082BD5D90023BB7626E0BA7E3B1D11461846B6
:20F50000FCF7C0FF7B68002B1AD0FB8B2C4A13447A681A60FB8B0433FB83FB8B5A1CFA83DE
:20F520001A46B97A264B9954FB8B254A13441A4607F1100303CB10605160FB8B0833FB83F5
:20F54000BB7E0133BB76BB7E042BD5D9FB8B043B9AB21C4B1A801B4B1B88002B2CD0184B52
:20F5600065221A70164B01225A70164B1B88DAB2134B9A70134B1B881B0A9BB2DAB2104BDA
:20F58000DA70FB8B5A1CFA831A460D4B00219954FB8B5A1CFA831A46094B00219954FB8B21
:20F5A0005A1CFA831A46064B82219954FB8B1A46034900200AF002F900BF2037BD4680BD7A
:20F5C00018C300206AC60020B0B588B002AF78607B681B6840F26B22934240F029837B6801
:20F5E0001B7B9F2B7CD09F2B00F32283442B73DC102BC0F21D83103B342B00F2198301A2D7
:20F6000052F823F0BBFB010031FC010031FC010031FC010031FC010031FC010031FC0100C2
:20F6200031FC010079FB010031FC010031FC010031FC010031FC010031FC010031FC010013
:20F6400031FC010031FC010031FC0100DFF7010077F90100EBFA010031FC010031FC010096
:20F6600031FC010031FC010031FC010031FC010031FC010031FC010031FC010031FC01001A
:20F6800007F7010031FC010031FC010031FC010031FC010031FC010031FC010031FC010029
:20F6A00031FC010031FC010031FC010031FC010031FC010031FC010031FC010031FC0100DA
:20F6C00031FC010031FC010031FC010031FC010031FC0100AFF901007F2B00F08F82A7E267
:20F6E0007B68587B7B68997B7B68DC7B7B681D7C7B685B7C7A68927C019200932B462246FE
:20F7000003F032F894E27B685B7B022B56D0022B5DDC002B30D0012B59D100214FF402708D
:20F7200009F012FB4FF47A70F2F718F9012140F2062009F009FB4FF47A70F2F70FF90021E6
:20F7400040F2062009F000FB4FF47A70F2F706F9012140F2071009F0F7FA40F6B830F2F7EC
:20F76000FDF8002140F2071009F0EEFA012201212F20FDF70FFB31E001214FF4027009F0D6
:20F78000E3FA012140F2062009F0DEFA4FF47A70F2F7E4F8002140F2062009F0D5FA4FF4CB
:20F7A0007A70F2F7DBF8012140F2071009F0CCFA012200212F20FDF7EDFA0FE020200AF0E2
:20F7C000A7F90346002B08D0FDF7E8FB05E0002212212F20FDF7DEFA00E000BF28E27B6885
:20F7E0005B7B013B0F2B00F2BE8001A252F823F031F8010067F9010043F9010049F9010082
:20F8000051F9010059F9010067F9010067F9010067F9010067F9010067F9010067F9010004
:20F8200067F9010067F9010067F9010061F901007B689B7BBB757B680F333B61BB7D102BED
:20F8400020D13B691B781AB23B6901331B781BB21B021BB213431BB29AB2B24B1A823B69E6
:20F8600002331A78AF4B9A743B6903331A78AD4BDA743B6904331A78AA4B1A75AA4B0122FE
:20F880001A7034E0BB7D202B1DD13B691A78A54B5A753B6901331B781A463B6902331B782D
:20F8A0001B021A433B6903331B781B041A433B6904331B781B0613439A4AC2F816309A4B37
:20F8C00001225A7013E0BB7D302B10D13B691B781AB23B6901331B781BB21B021BB2134359
:20F8E0001BB29AB28F4B5A838F4B01229A708E4B1B78002B3DD08C4B5B78002B39D08A4BDA
:20F900009B78002B35D0884B00229A70864B9A78854B5A70844B5A78834B1A7002F0CEFE71
:20F920000346FB73FB7B002B05D1012201212220FDF730FA1DE0002210212220FDF72AFA4A
:20F9400017E0FDF7FFFA15E01D200AF097F811E021200AF093F80DE022200AF08FF809E0B8
:20F96000FDF78EF806E0002212212220FDF712FA00E000BF5CE17B685B7B022B10D102F0FB
:20F9800087FE0346FB75FB7D002B03D11E200AF075F80BE0002210212320FDF7FBF905E0BF
:20F9A000002212212320FDF7F5F900BF40E17B685B7B032B00F2928001A252F823F000BF43
:20F9C0002BFA0100D1F901005FFA0100A9FA010020200AF09DF8034683F00103DBB2002BF1
:20F9E0001DD006200AF094F8034683F00103DBB2002B14D0082200214C480AF00BFD062209
:20FA000000214B480AF006FD00F054F97868FFF731FB20200AF032F8FDF7CEFB64E000226F
:20FA200010214420FDF7B6F95EE020200AF04AF8FDF7A8FB0346012B08D1FDF7B1FB034606
:20FA40001D2B03D90020FDF773FB02E00120FDF76FFB0822002135480AF0DCFC44E00620BB
:20FA60000AF056F8034683F00103DBB2002B15D020200AF04DF8034683F00103DBB2002BEA
:20FA80000CD0082200212B480AF0C4FC00F012F9062009F0F3FFFDF78FFB25E00022102130
:20FAA0004420FDF777F91FE006200AF00BF8FDF769FB0346012B08D1FDF772FB03461D2BC4
:20FAC00003D90020FDF734FB02E00120FDF730FB0822002117480AF09DFC05E0002212216E
:20FAE0004420FDF757F900BFA2E07B685B7B012B02D0022B36D038E07B689B7B552B1BD0B7
:20FB0000AA2B28D1AA2002F05BFD142009F0B6FF152009F0D7FF012201212420FDF73AF96D
:20FB20001FE000BFF0E600206CC6002070C60020C408002078C60020552002F041FD152045
:20FB400009F09CFF142009F0BDFF012201212420FDF720F905E0002210212420FDF71AF90F
:20FB600000BF08E0FCF718FF05E0002212212420FDF710F900BF5BE07B685B7B002B15D195
:20FB8000202009F0C5FF0346002B05D1062009F0BFFF0346002B03D01F2009F06FFF0BE069
:20FBA000002222211820FDF7F5F805E0002212211820FDF7EFF800BF3AE07B685B7B002BBD
:20FBC00015D1202009F0A4FF0346002B05D1062009F09EFF0346002B03D01F2009F072FF6D
:20FBE0000BE0002222211020FDF7D4F805E0002212211020FDF7CEF800BF19E07B685B7B30
:20FC0000012B14D1202009F083FF0346002B05D1062009F07DFF0346002B02D000F062F8A3
:20FC200004E0002222217F20FDF7B4F800BF00BF00BF1837BD46B0BD80B582B000AF002307
:20FC4000FB7102F06DFA03461A46FB791344FB7102F0B6FA03461A46FB791344FB71FB7909
:20FC6000002B0FD1114B1B7843F00103DAB20F4B1A700F4B1B7843F00103DAB20C4B1A7052
:20FC800001230EE0094B1B7823F00103DAB2074B1A70074B1B7823F00103DAB2044B1A708B
:20FCA000002318460837BD4680BD00BF70C6002078C6002080B500AFFFF7BEFF074B1B7855
:20FCC00043F00803DAB2054B1A70054B1B7843F00803DAB2024B1A7000BF80BD70C60020AA
:20FCE00078C6002080B500AF012201217F20FDF751F86420F1F732FE07F0C3FB012140F2FC
:20FD0000094009F021F8012140F2062009F01CF8012140F2072009F017F8012140F20D100D
:20FD200009F012F801214FF4806009F00DF80248F7F7B0FE00BF80BDC4AF002080B500AF24
:20FD4000052200210C480AF065FB0B4B00225A70094B00221A70084B00221A71064B0022F8
:20FD60009A70054B0022DA70044B01221A70044B00221A7000BF80BD80C60020CA08002072
:20FD800085C6002080B584B000AF03460A46FB711346BB710023FB73244B1B78FA799A4274
:20FDA00002D00123FB7318E0FB79022B02D0032B08D012E01D4B9B78BA799A420AD00123F4
:20FDC000FB7307E0194B9B78BA799A4204D00123FB7301E000BF00E000BFFB7B002B1DD015
:20FDE000134B01221A7007F001FA104B1A780F4B5A700E4B9A780D4BDA700C4AFB7913709B
:20FE0000FB79022B02D0032B04D00BE0074ABB79937007E0054ABB79937003E0044B002239
:20FE20001A7000BF00BF1037BD4680BD80C6002085C6002080B582B000AF78607B681B78FE
:20FE4000072B5AD801A252F823F000BF6DFE010075FE01009DFE0100D5FE01007DFE0100B3
:20FE600085FE01008DFE010095FE0100786800F013F943E0786800F0EBF93FE0786800F03C
:20FE8000C7FC3BE0786800F0E1FC37E0786800F030FD33E0786800F07FFD2FE0786800F085
:20FEA0005FFA7B689B78022B0ED0022B10DC002B02D0012B04D00BE0786800F07BFA08E0BA
:20FEC000786800F008FB04E0786800F07FFB00E000BF13E0786800F0F5FB7B689B78002BAE
:20FEE00002D0012B04D007E0786800F01BFC03E0786800F06CFC00BF00E000BF00BF0837EB
:20FF0000BD4680BD80B582B000AF78607B681B78072B54D801A252F823F000BF3DFF0100E3
:20FF200045FF01006DFF01009FFF01004DFF010055FF01005DFF010065FF0100786800F03C
:20FF4000E1F83DE0786800F098F939E0786800F069FC35E0786800F08BFC31E0786800F0AF
:20FF6000D7FC2DE0786800F033FD29E07B689B78022B0ED0022B10DC002B02D0012B04D081
:20FF80000BE0786800F036FA08E0786800F0ADFA04E0786800F024FB00E000BF10E07B68D2
:20FFA0009B78002B02D0012B04D007E0786800F0C3FB03E0786800F016FC00BF00E000BF99
:20FFC00000BF0837BD4680BD80B582B000AF78607B685B78072B5AD801A252F823F000BF1C
:20FFE0000100020009000200310002006900020011000200190002002100020029000200D9
:020000040002F8
:20000000786800F001F943E0786800F09FF93FE0786800F011FC3BE0786800F05FFC37E032
:20002000786800F0AEFC33E0786800F011FD2FE07B68DB78022B0ED0022B10DC002B02D0EF
:20004000012B04D00BE0786800F03BFA08E0786800F0B2FA04E0786800F029FB00E000BFD5
:20006000786800F09DF913E07B68DB78002B02D0012B04D007E0786800F09FFB03E07868E0
:2000800000F0BCFB00BF786800F042FB00E000BF00BF0837BD4680BD80B582B000AF786022
:2000A0007B6800221A71134B1A78134B1A70052009F008FDFCF7F0FB0F2009F029FD034640
:2000C000002B01D007F0DDF907F00CF80B4B1B78002B05D00A4B1B780133DAB2084B1A70EE
:2000E000082005F08BFF1B2005F088FF00BF0837BD4680BDCF080020CE08002057E8002018
:2001000058E80020B0B582B000AF7860FCF7A6F80346002B0DD1FCF703F90346002B08D142
:20012000FCF744F90346002B03D10120FCF7EAFF02E00020FCF7E6FF02F054FA0346552B67
:2001400057D1152009F0E4FC0346002B51D0392009F0DEFC0346002B39D00F2009F0D8FC2F
:20016000034683F00103DBB2002B0AD007F0EEF85A2001F071FD214B5A221A700F2009F0DD
:200180007DFC1F4B1B78002B07D11D4B01221A701C4B00221A7007F067F907F0B5F807F0CC
:2001A00073F807F05FF802F04DFB03461C4602F08DFB03461D4602F0C5FB03461A462946B1
:2001C000204602F03FFE072006F032F811E00C4B00221A700B4B1B78002B0AD1094B0122E9
:2001E0001A700F2009F094FC0346002B01D007F048F900BF0837BD46B0BD00BFB5C6002078
:2002000087C6002088C6002080B582B000AF78607B6800221A710F2009F07AFC034683F02B
:200220000103DBB2002B04D007F090F80F2009F025FC07F019F9044B1A78044B1A7000BFE4
:200240000837BD4680BD00BFCF080020CE08002080B582B000AF786007F016F807F002F88F
:20026000052009F02FFC0020FCF7C2FE0020FCF749FF00BF0837BD4680BD80B582B000AFB3
:2002800078607B681B79112B32D80C2009F040FC034683F00103DBB2002B29D002F0A2F96A
:2002A0000346AA2B0ED1142009F032FC0346002B08D007F0CDFB7B681B790133DAB27B68C1
:2002C0001A7140E002F08EF90346552B0ED1152009F01EFC0346002B08D007F06BF97B6880
:2002E0001B790133DAB27B681A712CE002F042F902F078F90346AA2B05D1142009F008FC7B
:200300000346002B13D102F06DF90346552B0CD1152009F0FDFB0346002B06D00C230021C7
:200320000122184602F0E0FB01E002F023F9012005F0E0F8072005F061FE092005F05EFE9D
:20034000392009F0BFFB0837BD4680BD80B483B000AF786000BF0C37BD465DF8047B704794
:2003600080B582B000AF78600B4B1B78032B0BD1094B02221A70094B01221A70052009F07B
:20038000A1FB0020FCF7BEFE0020FCF731FE00BF0837BD4680BD00BFCE080020CF080020C6
:2003A00080B483B000AF786000BF0C37BD465DF8047B704780B582B000AF78600B4B1B78E8
:2003C000032B0BD1094B02221A70094B01221A70052009F077FB0020FCF794FE0020FCF7C8
:2003E00007FE00BF0837BD4680BD00BFCE080020CF08002080B582B000AF78607B681B79A9
:20040000112B32D80C2009F083FB034683F00103DBB2002B29D002F0E5F80346AA2B0ED1B6
:20042000142009F075FB0346002B08D007F010FB7B681B790133DAB27B681A713EE002F01C
:20044000D1F80346552B0ED1152009F061FB0346002B08D007F0AEF87B681B790133DAB281
:200460007B681A712AE002F085F802F0BBF80346552B0CD1152009F04BFB0346002B06D08C
:200480000C2301210122184602F02EFB13E002F0A9F80346AA2B0CD1142009F039FB034644
:2004A000002B06D0302303210122184602F01CFB01E002F05FF8022005F01CF80837BD46A3
:2004C00080BD80B483B000AF786000BF0C37BD465DF8047B704780B483B000AF786000BFB4
:2004E0000C37BD465DF8047B704780B582B000AF78607B681B79112B32D80C2009F008FB58
:20050000034683F00103DBB2002B29D002F06AF80346AA2B0ED1142009F0FAFA0346002B84
:2005200008D007F095FA7B681B790133DAB27B681A713EE002F056F80346552B0ED115207D
:2005400009F0E6FA0346002B08D007F033F87B681B790133DAB27B681A712AE002F00AF8B1
:2005600002F040F80346552B0CD1152009F0D0FA0346002B06D00C2301210122184602F0A5
:20058000B3FA13E002F02EF80346AA2B0CD1142009F0BEFA0346002B06D0302303210122DF
:2005A000184602F0A1FA01E001F0E4FF032004F0A1FF0837BD4680BD80B483B000AF786077
:2005C00000BF0C37BD465DF8047B704780B483B000AF786000BF0C37BD465DF8047B70470D
:2005E00080B582B000AF78607B681B79112B32D80C2009F08DFA034683F00103DBB2002B2C
:2006000029D001F0EFFF0346AA2B0ED1142009F07FFA0346002B08D007F01AFA7B681B7991
:200620000133DAB27B681A713EE001F0DBFF0346552B0ED1152009F06BFA0346002B08D01C
:2006400006F0B8FF7B681B790133DAB27B681A712AE001F08FFF01F0C5FF0346552B0CD164
:20066000152009F055FA0346002B06D00C2301210122184602F038FA13E001F0B3FF0346DE
:20068000AA2B0CD1142009F043FA0346002B06D0302303210122184602F026FA01E001F018
:2006A00069FF042004F026FF0837BD4680BD80B483B000AF786000BF0C37BD465DF8047B4F
:2006C0007047FFFF80B582B000AF786006F0DCFD06F0C8FD052009F0F5F90020FCF712FDBF
:2006E0000020FCF785FC084B1B78032B08D1064B02221A70054B01221A70052009F0E2F984
:2007000000BF0837BD4680BDCE080020CF08002080B483B000AF786000BF0C37BD465DF866
:20072000047B704780B483B000AF786000BF0C37BD465DF8047B704780B582B000AF786017
:200740007B681B79112B32D80C2009F0E1F9034683F00103DBB2002B29D001F043FF0346F0
:20076000AA2B0ED1142009F0D3F90346002B08D007F06EF97B681B790133DAB27B681A717D
:2007800018E001F02FFF0346552B0ED1152009F0BFF90346002B08D006F00CFF7B681B79F0
:2007A0000133DAB27B681A7104E001F0E3FE082004F0A0FE0837BD4680BD80B483B000AF06
:2007C000786000BF0C37BD465DF8047B704780B582B000AF786006F057FD06F043FD00BF84
:2007E0000837BD4680BD80B582B000AF7860052005F082FB00BF0837BD4680BD80B483B050
:2008000000AF786000BF0C37BD465DF8047B704780B483B000AF786000BF0C37BD465DF879
:20082000047B704780B582B000AF786006F060FD00BF0837BD4680BD80B483B000AF786015
:2008400000BF0C37BD465DF8047B704780B582B000AF786006F006FD06F016FD052009F0FA
:2008600031F90020FCF7C4FB00BF0837BD4680BDB0B582B000AF786001F0B4FE0346AA2B5F
:2008800009D1142009F044F90346002B03D0072005F0D2F91EE001F0A5FE0346552B16D1A4
:2008A000152009F035F90346002B10D001F0CAFF03461C4602F00AF803461D4602F042F857
:2008C00003461A462946204602F0BCFA02E001F051FE00BF00BF0837BD46B0BD80B582B03C
:2008E00000AF7860082005F089FB00BF0837BD4680BD80B582B000AF786006F0B3FC06F009
:20090000C3FC0020FCF774FB00BF0837BD4680BDB0B582B000AF7860082005F06FFB01F0C2
:2009200061FE0346AA2B09D1142009F0F1F80346002B03D00A2005F07FF91EE001F052FE2D
:200940000346552B16D1152009F0E2F80346002B10D001F077FF03461C4601F0B7FF034689
:200960001D4601F0EFFF03461A462946204602F069FA02E001F0FEFD00BF00BF0837BD46D4
:20098000B0BD80B582B000AF7860092005F036FB00BF0837BD4680BD80B582B000AF786081
:2009A0007B6800221A71084B00221A7006F069FD052009F087F806F095FB044B00221A702E
:2009C00000BF0837BD4680BDCE08002086C6002080B582B000AF7860FBF7F2FD0346012B33
:2009E0002AD1042008F0C8F90346002B05D1032008F0C2F90346002B0BD0144B1B7883F04B
:200A00000103DBB2002B04D006F02EFD0F4B01221A700E4B1B78002B08D006F041FD0346B2
:200A2000012B0ED1094B00221A700AE0074B00221A7006F026FD04E0044B00221A7006F0D5
:200A400020FD00BF0837BD4680BD00BF86C6002080B582B000AF786006F006FD034B0022B9
:200A60001A7000BF0837BD4680BD00BF86C6002080B584B000AF0346FB71574B1B78FB7313
:200A80000023BB73FB790A2B43D801A252F823F0BD0A0200C30A0200C90A0200D30A0200F5
:200AA000DD0A0200F10A0200FB0A0200010B0200E70A02000D0B0200070B02000023FB7389
:200AC0002AE00123FB7327E00223FB730023BB7322E00223FB730123BB731DE00223FB7318
:200AE0000223BB7318E00323FB730023BB7313E00323FB730123BB730EE00423FB730BE07F
:200B00000523FB7308E00623FB7305E00023FB7302E00023FB7300BFFB7B052B08D0FB7B24
:200B2000062B05D0392008F0F3FF0346002B01D006F0D2FBBA7BFB7B11461846FFF722F9F3
:200B400006F0E2FB254B1B78002B02D02248FFF73BFA234B1B78002B03D1204B1B78002B04
:200B600005D01D48FFF766F91D4B00221A701A48FFF7C8F9052008F0FFF80346002B03D05E
:200B8000002008F07BFF02E0002008F09BFF072008F0F2F80346002B03D0012008F06EFF59
:200BA00002E0012008F08EFF062008F0E5F80346002B03D0022008F061FF02E0022008F0F5
:200BC00081FF01F0EFFE06F0B5FB06F0A9FB00BF1037BD4680BD00BF80C6002085C60020A1
:200BE000CA08002080B582B000AF0023FB710023BB710123FB71374B5B68002B06D0354BB9
:200C00005868F91D00230022F0F766F8324B1B780133DAB2304B1A702F4B1B78052B2DD164
:200C20002D4B00221A701D2008F072FF0346002B17D11E2008F06CFF0346002B11D1222055
:200C400008F066FF0346002B0BD1212008F060FF0346002B05D13B2008F05AFF0346002BE5
:200C60000CD00123BB711D4B5B68002B06D01B4B5868B91D00230022F0F72EF8184B1B78D8
:200C80000133DAB2164B1A70154B1B78132B1CD9134B00221A700223BB71104B5B68002BDF
:200CA00006D00E4B5868B91D00230022F0F714F80223FB71074B5B68002B06D0054B586880
:200CC000F91D00230022F0F707F800BF0837BD4680BD00BF8CC60020AFC60020FCBE0020F5
:200CE000B0C6002080B582B000AF0023FB710023BB7104237B71484B5B68002B06D0464B6F
:200D00005868791D00230022EFF7E6FF0323BB71424B5B68002B06D0404B5868B91D002386
:200D20000022EFF7D9FF3E4B1B780133DAB23C4B1A703B4B1B78012B0FD9394B00221A7089
:200D40000423BB71354B5B68002B06D0334B5868B91D00230022EFF7BFFF324B1B780133BB
:200D6000DAB2304B1A702F4B1B78042B1CD92D4B00221A700523BB71284B5B68002B06D002
:200D8000264B5868B91D00230022EFF7A5FF0123FB71254B5B68002B06D0234B5868F91D75
:200DA00000230022EFF798FF204B1B780133DAB21E4B1A701D4B1B780E2B28D91C4B1B7891
:200DC000DBB20133DAB21A4B1A70184B00221A7005237B71104B5B68002B06D00E4B58687C
:200DE000791D00230022EFF777FFF9F7EDFF0346002B0CD10623BB71084B5B68002B06D023
:200E0000064B5868B91D00230022EFF765FF00BF0837BD4680BD00BF8CC60020FCBE002013
:200E2000B1C60020B2C6002010C30020B3C600209AC6002080B483B000AF786000BF0C3787
:200E4000BD465DF8047B704780B584B000AF786000237B730023FB7307F0F6FC3A4B5B6841
:200E600007F10D014FF0FF321846EFF7EDFF0346012BF3D1F9F7A8FF0346FB737B7B013B13
:200E8000042B5DD801A252F823F000BFA10E0200B30E0200410F02002D0F0200370F0200E3
:200EA000FBF736FC0346BB73BB7B184606F0FAF849E008F083FD254B1B78DBB2012B05D9E0
:200EC000224B00221A700020F9F76EFF00F070FC1F4B1B781846FFF7CBFD202008F018FEB9
:200EE0000346002B0DD0062008F012FE034683F00103DBB2002B04D00020FCF719F900F012
:200F00005FF8062008F004FE0346002B1AD0202008F0FEFD034683F00103DBB2002B11D070
:200F20000020FCF705F900F0BBF80BE0FB7B184600F026F907E0FB7B184600F077FB02E030
:200F400000BF8BE700BF89E78CC600209AC600209FC6002080B483B000AF03460A46FB719F
:200F60001346BB71FB79002B0FD1BB79082B0CD8BB79012202FA03F39AB2104B1B889BB242
:200F800013439AB20D4B1A8012E0FB79012B0FD1BB79042B0CD8BB790933012202FA03F37F
:200FA0009AB2064B1B889BB213439AB2034B1A8000BF0C37BD465DF8047B704798C600200C
:200FC00080B500AF052007F0D7FE0346002B07D0324B1B7843F02003DAB2304B1A7006E014
:200FE0002E4B1B7823F02003DAB22C4B1A70062007F0C2FE0346002B07D0284B1B7843F0C1
:201000004003DAB2254B1A7006E0244B1B7823F04003DAB2214B1A70072007F0ADFE034635
:20102000002B07D01D4B1B7863F07F03DAB21B4B1A7006E0194B1B7803F07F03DAB2174B22
:201040001A70042007F098FE0346002B07D0134B5B7843F00103DAB2104B5A7006E00F4BB1
:201060005B7823F00103DAB20C4B5A70032007F083FE0346002B07D0084B5B7843F0020395
:20108000DAB2064B5A7006E0044B5B7823F00203DAB2024B5A7000BF80BD00BF70C60020D5
:2010A00080B500AF052007F067FE0346002B07D0324B1B7843F02003DAB2304B1A7006E0A3
:2010C0002E4B1B7823F02003DAB22C4B1A70062007F052FE0346002B07D0284B1B7843F050
:2010E0004003DAB2254B1A7006E0244B1B7823F04003DAB2214B1A70072007F03DFE0346C5
:20110000002B07D01D4B1B7863F07F03DAB21B4B1A7006E0194B1B7803F07F03DAB2174B41
:201120001A70042007F028FE0346002B07D0134B5B7843F00103DAB2104B5A7006E00F4B40
:201140005B7823F00103DAB20C4B5A70032007F013FE0346002B07D0084B5B7843F0020324
:20116000DAB2064B5A7006E0044B5B7823F00203DAB2024B5A7000BF80BD00BF78C60020EC
:2011800080B584B000AF0346FB7101F0B9FAFB79002B40F02382112008F0BAFC0346002B17
:2011A00010D005F0F5FF0346012B0BD1122008F0AFFC034683F00103DBB2002B02D005F001
:2011C00091FF24E005F0E4FF0346012B0BD1052008F09EFC0346002B05D005F083FF0520B6
:2011E00008F070FC13E005F0D3FF0346012B0ED12A2008F08DFC0346002B08D02A2008F024
:2012000061FC01F0A9F901F059FA05F06BFFFBF705FF0346002B1DD0FBF720F80346012B65
:2012200018D1172008F074FC034683F00103DBB2002B0FD0AC4B1B780133DAB2AA4B1A7006
:20124000A94B1B780E2B05D9A74B00221A700020FBF7CEFE2A2008F05BFC0346002B06D091
:201260002A2008F02FFC01F077F901F027FA162008F04EFC0346002B04D0162008F022FC82
:2012800001F01CFA05F078FF0346FB73FB7B012B02D0FB7B022B17D1944B1B78FA7B9A4262
:2012A00002D0934B00221A70914B1B780133DAB28F4B1A708E4B1B78042B08D98C4B0022CA
:2012C0001A7005F071FF02E0894B00221A70874AFB7B1370302008F01BFC0346002B04D04C
:2012E000302008F0EFFB01F0E9F93A2008F010FC0346002B04D03A2008F0E4FB01F0DEF94A
:20130000322008F005FC0346002B00F0C280FBF725FF034683F00103DBB2002B5CD0754B62
:201320001B785A1CD1B2734A11703C2B43D8312008F0A4FB6F4B1B78002B2ED06D4B1B78B8
:20134000142B2AD8332008F0E3FB0346002B0CD0342008F0DDFB034683F00103DBB2002B37
:2013600003D00120FDF77CFC16E0332008F0D0FB034683F00103DBB2002B09D0342008F064
:20138000C7FB0346002B03D00020FDF769FC03E00020FDF765FC8BE08AE0564B1B78142B2B
:2013A00040F28680534B1B783C2B00F281800020FDF756FC7CE04F4B1B783C2B78D9312072
:2013C00008F080FB322008F07DFB4A4B3D221A700020FDF745FC6BE0FBF7C0FE0346002B96
:2013E00066D0444B1B785A1CD1B2424A11703C2B3ED8404B1B78002B2ED03E4B1B78142B70
:201400002AD8332008F084FB0346002B0CD0342008F07EFB034683F00103DBB2002B03D0A0
:201420000120FDF71DFC16E0332008F071FB034683F00103DBB2002B09D0342008F068FBD1
:201440000346002B03D00020FDF70AFC03E00020FDF706FC2CE02BE0264B1B78142B27D9D8
:20146000244B1B783C2B23D80020FDF7F9FB1FE0204B1B783C2B1BD9312008F023FB3220EF
:2014800008F020FB1B4B3D221A700020FDF7E8FB0EE0184B00221A700020FDF7E1FB3120B5
:2014A00008F010FB332008F00DFB342008F00AFB172008F02DFB0346002B1FD0FBF74EFE8D
:2014C000034683F00103DBB2002B17D00A4B1B780133DAB2084B1A70074B1B783C2B0DD8F7
:2014E000182008F0CBFA31E09EC60020A9C60020A8C60020AAC60020ACC60020172008F0F4
:2015000007FB0346002B12D0454B1B783C2B0ED9FBF724FE034683F00103DBB2002B06D0A0
:201520003F4B3D221A70182008F0CCFA0EE0172008F0EEFA034683F00103DBB2002B05D0F0
:20154000374B00221A70182008F0BCFA01F04AF80346552B60D1152008F0DAFA0346002BD5
:201560005AD0FAF723FF0346012B15D1FAF776FE0346002B10D12B4B1B780133DAB2294BDC
:201580001A70284B1B78012B06D9264B02221A70392008F073FA3FE0FAF708FF0346012B47
:2015A0000BD1FAF75BFE0346012B06D11D4B00221A70392008F086FA2EE0FAF7F7FE034697
:2015C000002B29D1FAF74AFE0346002B24D1154B00221A70392008F075FA1DE0FB79022BDA
:2015E0001AD1114B1B780133DAB20F4B1A700E4B1B781D2B09D8FAF731FE0346012B04D0EF
:20160000FAF78EFE0346012B06D1074B00221A700020F9F7C9FBFFE700BF1037BD4680BD03
:20162000ACC60020ADC60020A8C6002080B584B000AF0346FB71FB79002B40F096801A200B
:2016400008F066FA0346002B10D0534B1B8801339AB2514B1A80504B1B88B3F5B45F05D316
:201660001A2008F02FFA4C4B00221A80352008F04FFA0346002B10D0484B1B8801339AB21C
:20168000464B1A80454B1B88EF2B09D9434B00221A80352008F016FA02E0404B00221A8020
:2016A0001B2008F035FA0346002B15D01A2008F02FFA0346002B0FD01B2008F003FA01F0A0
:2016C0001FF800F0FBFF1C2008F0D8F901F0FEF803461A46324B1A701B2008F019FA0346DE
:2016E00083F00103DBB2002B26D01C2008F010FA0346002B20D001F0E9F80346FB73284B27
:201700001B78FA7B9A4205D3254B1B78FA7BD31ADBB206E0224B1B78FA7BD31ADBB23C33D7
:20172000DBB2BB73BB7B0E2B06D91C2008F0CAF900F0E6FF00F0C2FF07F042F9F0EE407A59
:20174000184BC3ED007A174BD3ED007A9FED167AF4EEC77AF1EE10FA03DD252008F08EF994
:2017600016E0252008F0AEF912E0FB79022B0FD10E4B1B780133DAB20C4B1A700B4B1B78A6
:20178000012B05D9094B00221A700020F9F70CFB00BF1037BD4680BDA4C60020A6C60020CC
:2017A0009BC60020A0C60020000061C4B4C6002080B500AFF9F708FB0346002B40F0DE808A
:2017C000854B4FF416721A80844B00221A701F2008F09EF90346002B03D0814B06221A70C6
:2017E000F8E0FAF7B5FC0346072B03D17C4B09221A70EFE0042008F08BF90346002B09D0E8
:20180000282008F085F90346002B03D0744B00221A70DFE0262008F07BF90346002B00F083
:201820009D80282008F074F9034683F00103DBB2002B00F093806B4B1B7883F00103DBB216
:20184000002B79D0684B1B780133DAB2664B1A70664B1B78062B73D801A252F823F000BF54
:201860007D18020099180200B5180200D1180200ED1802000919020025190200584B002234
:201880001A70594B1B78312B5CD9574B00221A70564B01221A7055E0514B06221A70524B3A
:2018A0001B78182B50D9504B00221A704F4B02221A7049E04A4B00221A704B4B1B78182BC4
:2018C00044D9494B00221A70484B03221A703DE0434B06221A70444B1B78182B38D9424B09
:2018E00000221A70414B04221A7031E03C4B00221A703D4B1B78182B2CD93B4B00221A7027
:201900003A4B05221A7025E0354B06221A70364B1B78182B20D9344B00221A70334B062239
:201920001A7019E02E4B00221A702E4B01221A70282008F0A3F810E0294B00221A7049E0C5
:2019400000BF47E000BF45E000BF43E000BF41E000BF3FE000BF3DE000BF3BE0FAF770FC0A
:2019600003461A461E4B1A701F4B00221A701F4B00221A701B4B00221A702BE0F9F724FA74
:201980000346012B1DD1144B1B8801339AB2124B1A80114B1B88042B1CD90F4B00221A8032
:2019A0000E4B1B78142B02D90C4B00221A700C4B07221A70094B1B780133DAB2074B1A7091
:2019C00008E0F9F701FA0346022B03D1044B0A221A70FFE700BF80BDCC080020ABC600207E
:2019E0009FC60020AEC600209CC600209DC6002080B483B000AF0346FB71044AFB791370B9
:201A000000BF0C37BD465DF8047B70479AC6002080B400AF034B00221A7000BFBD465DF8C2
:201A2000047B7047AAC6002080B400AF034B00221A7000BFBD465DF8047B70479EC6002032
:201A400080B400AF044B1B6807EE903AB0EE670ABD465DF8047B7047A0C6002080B582B088
:201A600000AF0023FB7162B600BF00F037F80346002B02D0FB790133FB7106F055FE034646
:201A8000002B02D0FB790133FB71FB79002B12D107F094FF0D490E4807F00EFE0D4807F02E
:201AA00047F80D4807F0DCFE002140F20D1007F04BF9EFF7D7FF07F081FF4FF47A714FF472
:201AC0007A70F1F7FDFC00BFF5E700BFE50C0200E50B020019AE0100F1DD010080B582B0FE
:201AE00000AF0023FB7107F049FF03461A46FB791344FB7107F016F903461A46FB7913440F
:201B0000FB71002007F068F903461A46FB791344FB7172B600BF07F0D5FB03461A46FB7936
:201B20001344FB71002007F0EDFB03461A46FB791344FB7106F0A8FF03461A46FB791344F2
:201B4000FB7107F06DFD03461A46FB791344FB7107F0B4FC03461A46FB791344FB71002031
:201B600007F0EEFD03461A46FB791344FB7107F025FF07F023FC03461A46FB791344FB7192
:201B800007F042FA03461A46FB791344FB7106F0EBFE03461A46FB791344FB710F491048C3
:201BA000F5F75AFF0346DAB2FB791344FB7107F005FF002140F2062007F0C6F8002140F258
:201BC000094007F0C1F8012140F2031007F0BCF8FB7918460837BD4680BD00BF30C00200F8
:201BE000C4AF002080B582B000AF0346FB71FB79002B10D1002140F20B4007F0A5F80021B4
:201C000040F2031007F0A0F8002000F025F8114B00221A7019E0012140F2031007F094F8D8
:201C2000002140F20B4007F08FF83220EFF796FE012140F20B4007F087F807F079F95A20C4
:201C400000F00AF8034B5A221A7000BF0837BD4680BD00BFB5C6002080B582B000AF034647
:201C6000FB71FB79184607F04DFB00BF0837BD4680BD80B582B000AF0023FB7100F010F80C
:201C800000F026F80346FB71FB79002B03D000F01FF80346FB71FB7918460837BD4680BD02
:201CA00080B500AF00214FF4867007F04DF801214FF4867007F048F8012140F2033007F09A
:201CC00043F801214FF4417007F03EF800BF80BD80B582B000AF0023FB71474B012283F8B5
:201CE0002F2000233B603A46BB1D1146184606F04BF90346002B07D03F4B002283F82F20CF
:201D0000FB790133DBB273E03B4BD3F81B30B3F5807F04D9384B012283F82E2003E0364B48
:201D2000002283F82E20344B00225A72002242F001029A72304B0022DA73002242F0100298
:201D40001A7400225A7400229A742B4BD3F813301B01294AC2F81330274BD3F81330264AD5
:201D6000D2F80F2002FB03F3234AB2F8092092B2B3FBF2F3204AC2F80B301F4BD3F80F308D
:201D80001B011D4AC2F81F301B4BD3F813301A4AD2F80F2002FB03F39B0A174AC2F82730DC
:201DA000164806F0B1F903461A46FB791344FB711349012006F0DEF903461A46FB79134487
:201DC000FB711049022006F0D5F903461A46FB791344FB710C49032006F0CCF903461A469C
:201DE000FB791344FB71044B002283F82F20FB7918460837BD4680BDB8C60020B9C60020E3
:201E0000E3C60020E4C60020E5C6002080B584B000AF03463960FB711346BB800023FB73D9
:201E200000BF0F4B93F82F30002BFAD10C4B012283F82F200A4B93F82E20BB88F8793968E2
:201E400006F02EFB03461A46FB7B1344FB73044B002283F82F20FB7B18461037BD4680BDE9
:201E6000B8C6002080B5CAB000AF07F59473A3F58E73186007F59473A3F59073196007F53F
:201E80009473A3F592731A600023A7F82631032387F823314E4B93F82E30002B1ED0B7F8C8
:201EA00026315A1CA7F826211A46022107F59473A3F58A73995407F59473A3F590731B6846
:201EC000190EB7F826315A1CA7F826211A46C9B207F59473A3F58A7399540BE0B7F8263128
:201EE0005A1CA7F826211A46022107F59473A3F58A73995407F59473A3F590731B68190C38
:201F0000B7F826315A1CA7F826211A46C9B207F59473A3F58A73995407F59473A3F5907361
:201F20001B68190AB7F826315A1CA7F826211A46C9B207F59473A3F58A739954B7F8263133
:201F40005A1CA7F826211A4607F59473A3F590731B68D9B207F59473A3F58A739954002371
:201F6000A7F8243118E0B7F8243107F59472A2F58E7212681A44B7F82631591CA7F82611AF
:201F80001946127807F59473A3F58A735A54B7F824310133A7F82431B7F8243107F59472E0
:201FA000A2F5927212689A42DDD8B7F8262107F114031146184606F057FA034687F823315E
:201FC00097F82331184607F59477BD4680BD00BFB8C6002080B5D0B000AF07F5A073A3F511
:201FE0009A73186007F5A073A3F59C73196007F5A073A3F59E731A600023A7F83E310323A4
:2020000087F83D31454B93F82E30002B1ED0B7F83E315A1CA7F83E211A460B2107F5A07314
:20202000A3F59873995407F5A073A3F59C731B68190EB7F83E315A1CA7F83E211A46C9B243
:2020400007F5A073A3F5987399540BE0B7F83E315A1CA7F83E211A460B2107F5A073A3F531
:202060009873995407F5A073A3F59C731B68190CB7F83E315A1CA7F83E211A46C9B207F5A1
:20208000A073A3F59873995407F5A073A3F59C731B68190AB7F83E315A1CA7F83E211A464F
:2020A000C9B207F5A073A3F598739954B7F83E315A1CA7F83E211A4607F5A073A3F59C735E
:2020C0001B68D9B207F5A073A3F598739954B7F83E315A1CA7F83E211A4607F5A073A3F5BA
:2020E000987300219954B7F83E1107F5A073A3F59E7307F5A072A2F59A7207F110001B68D5
:20210000126806F084F9034687F83D3197F83D31184607F5A077BD4680BD00BFB8C6002091
:2021200080B582B000AF0023FB714FF47A7200210220FFF76BFE0346002B08D0FB79013335
:20214000FB711D4B1B8801339AB21B4B1A800023BB8007E0BB88BA88D1B2184AD154BB8871
:202160000133BB80BB88B3F5805FF3D300237B8018E07B88114A134479884FF48072184601
:20218000FFF770FE0346002B08D0FB790133FB71094B5B8801339AB2074B5A807B8803F59D
:2021A00080737B807B88B3F5805FE2D3FB7918460837BD4680BD00BFE8C60020F0C600203E
:2021C00080B582B000AF0023FB710023BB8018E0BB88194A1344B9884FF480721846FFF73D
:2021E000F9FE0346002B08D0FB790133FB71134B9B8801339AB2114B9A80BB8803F58073E3
:20220000BB80BB88B3F5805FE2D34FF480520C49094807F034F80346002B08D0FB79013332
:20222000FB71064BDB8801339AB2044BDA80FB7918460837BD4680BDF0D60020E8C6002050
:20224000F0C6002080B584B000AF78600023FB734FF47A7279680320FFF7D8FD0346002BB5
:2022600008D0FB7B0133FB73054B1B8801339AB2034B1A80FB7B18461037BD4680BD00BFF9
:20228000E8C6002080B588B000AFF860B9607A600023FB770023BB617B68C3F1FF1303F594
:2022A0007F43FA689A4220D9012323E07A68BB69D31A7B617B69B3F5807F28BF4FF4807387
:2022C0003B61BA68BB69D018FA68BB6913443A691946FFF7C7FD0346002B02D00123FB77BF
:2022E00007E0BA693B691344BB61BA697B689A42DCD3FB7F18462037BD4680BD80B588B050
:2023000000AFF860B9607A6000237B760023FB820023FB8300237B777B68C3F1FF1303F5B8
:202320007F43FA689A4204D97B7E01337B767B7E3FE07B681B0AFB827B68DBB2002B01D099
:202340007B687B7700237B8319E0FB8BBA68D018FA8BFB6813444FF480721946FFF73AFEFD
:202360000346002B04D07B7E01337B767B7E20E0FB8B03F58073FB837B8B01337B837A8BD2
:20238000FB8A9A42E1D37B7F002B11D0FB8BBA68D018FA8BFB6813447A7F1946FFF71AFEED
:2023A0000346002B04D07B7E01337B767B7E00E07B7E18462037BD4680BDFFFF80B584B089
:2023C00000AF786039600023FB730023BB7317E07868FFF737FF0346002B04D17B6803F5D4
:2023E00080537B600AE00123BB73FB7B0133FB73094B5B8801339AB2074B5A8007F0DEFA29
:202400007A683B689A4202D2BB7B002BE0D0FB7B18461037BD4680BDE8C6002080B485B0E4
:2024200000AF0346FB710023FB73FB79013B052B2AD801A252F823F05124020059240200CF
:2024400061240200712402007924020081240200114BDB7AFB7317E00F4B1B7BFB7313E0B1
:202460000D4BB3F80D309BB2DBB26C3BFB730BE0094B1B7AFB7307E0074B5B7AFB7303E08C
:20248000054B9B7AFB7300BFFB7B18461437BD465DF8047B704700BFF0E6002080B483B0E1
:2024A00000AF03460A46FB711346BB71FB79013B052B2CD801A252F823F000BFD524020045
:2024C000DD240200E5240200F7240200FF24020007250200114ABB79D37218E00F4ABB7925
:2024E000137314E0BB799BB203F26C739AB20B4BA3F80D200BE0094ABB79137207E0074A74
:20250000BB79537203E0054ABB79937200BF00BF0C37BD465DF8047B704700BFF0E6002053
:2025200080B500AF0B4BDB7B012B03D1292007F0A5FA0CE0074BDB7B002B03D1292007F059
:20254000C1FA04E0292007F099FA00F005F800BF80BD00BFF0E6002080B500AF292007F047
:20256000D7FA03461A46024BDA7300BF80BD00BFF0E6002080B500AF104B5B7FAA2B06D1D1
:20258000142007F07BFA152007F09CFA13E00B4B5B7F552B06D1152007F070FA142007F09E
:2025A00091FA08E0AA2000F00BF8142007F066FA152007F087FA00BF80BD00BFF0E6002002
:2025C00080B582B000AF0346FB71054AFB795377162007F053FA00BF0837BD4680BD00BF2C
:2025E000F0E6002080B400AF034B5B7F1846BD465DF8047B704700BFF0E6002080B483B0D2
:2026000000AF7860044A7B68136000BF0C37BD465DF8047B704700BFF0E6002080B483B0E3
:2026200000AF0346FB71044AFB79137700BF0C37BD465DF8047B7047F0E6002080B400AF81
:20264000034B1B7F1846BD465DF8047B704700BFF0E6002080B483B000AF03460A46FB71D6
:202660001346BB80FB79012B02D0022B04D007E0064ABB88938003E0044ABB88D38000BF40
:2026800000BF0C37BD465DF8047B7047F0E6002080B582B000AF0523FB714FF48062054997
:2026A000054806F085FD0346FB71FB7918460837BD4680BDF0E60020C0FB070080B582B030
:2026C00000AF0523FB710B4B3B600B49386806F04FFD0346FB71FB79002B06D18022074973
:2026E000386806F0DFFC0346FB71FB7918460837BD4680BDC0FB070040FC0700F0E6002068
:2027000080B500AF174806F0B5FE164BDB68DBB219460120FFF7C2FE124B1B69DBB2194699
:202720000220FFF7BBFE0F4B5B69DBB219460320FFF7B4FE0B4B9B68DBB219460420FFF794
:20274000ADFE084B5B68DBB219460520FFF7A6FE044B1B68DBB219460620FFF79FFE00BFD7
:2027600080BD00BF70E7002090B583B000AF0446084611461A462346FB710346BB710B46D5
:202780007B7113463B71FB79FF2B4AD0FB79002B47D0FB791F2B44D8FB79002B41D0BB791C
:2027A000FF2B40D0BB79002B3DD0BB790C2B3AD8BB79002B37D07B79FF2B36D07B79002B4D
:2027C00033D03B79FF2B32D03B79172B2FD83B7EFF2B2ED03B7E3B2B2BD83B7FFF2B2AD038
:2027E0003B7F3B2B27D87B797C2B02D97B79872B01D97D237B71FB79114AD360BB79104AA8
:2028000013617B790E4A53613B790D4A93603B7E0B4A53603B7F0A4A1360094806F006FEB9
:202820000AE000BF08E000BF06E000BF04E000BF02E000BF00E000BF0C37BD4690BD00BF6E
:2028400070E7002080B483B000AF0023FB71174B9B680C2B08DD154B9B68DBB20C3BFB7138
:20286000134B01221A7019E0104B9B68002B05D10C23FB710E4B00221A700FE00B4B9B680D
:202880000C2B05D10C23FB71094B01221A7005E0064B9B68FB71064B00221A70FB7918461B
:2028A0000C37BD465DF8047B704700BF70E7002094E7002080B400AF034B9B68DBB2184657
:2028C000BD465DF8047B704770E7002080B400AF034B5B68DBB21846BD465DF8047B704786
:2028E00070E7002080B400AF034B1B68DBB21846BD465DF8047B704770E7002080B400AFDA
:20290000034BDB68DBB21846BD465DF8047B704770E7002080B400AF034B1B69DBB2184696
:20292000BD465DF8047B704770E7002080B400AF034B5B69DBB21846BD465DF8047B704724
:2029400070E7002080B400AF034B1B781846BD465DF8047B704700BF94E7002080B485B08D
:2029600000AF0346FB710023FB600DE00C4AFB68134493F9003097F907209A4201D1FB68F4
:2029800007E0FB680133FB60FB68272BEEDD4FF0FF3318461437BD465DF8047B704700BF77
:2029A00028CA020080B400AF0E4B1B780133DAB20C4B1A700B4B1B78022B0ED9094B002240
:2029C0001A70094B1B7883F00103DBB2002B14BF01230023DAB2044B1A7000BFBD465DF8C1
:2029E000047B704749E8002051E8002080B483B000AF0346FB71FB79092B01D9002301E0A6
:202A0000034B1B7818460C37BD465DF8047B704751E8002080B489B000AFF860B9607A60E6
:202A2000FB68FB617B6800221A70FB68002B25D17B681B785A1CD1B27A6811709B00BA6835
:202A4000134400221A6048E0F969264BA3FB0123DA0813469B0013445B00CA1A7B681B78E4
:202A6000591CC8B2796808709B00B9680B441A60FB691C4AA2FB0323DB08FB61FB69002B2E
:202A8000E2D10023BB6120E0BB699B00BA6813441B687B617B681B785A1EBB69D31A9B0013
:202AA000BA681A44BB699B00B9680B4412681A607B681B785A1EBB69D31A9B00BA68134460
:202AC0007A691A60BB690133BB617B681B785B08DBB21A46BB699342D6DB2437BD465DF802
:202AE000047B7047CDCCCCCC80B487B000AF0346FB710B46BB7113467B717B79002B16D1D8
:202B0000BB795B00FB600322FB6802FA03F3FB72FB791E4AD35C5AB297F90B30DB435BB2D7
:202B200013405AB2FB79D1B2184AD15428E003237B71BB795B007B6103227B6902FA03F338
:202B4000FB74FB79114AD35C5AB297F91330DB435BB213405AB2FB79D1B20C4AD154FB79B9
:202B60000A4AD35C5AB27B7903F003017B6901FA03F35BB213435AB2FB79D1B2034AD1542E
:202B800000BF1C37BD465DF8047B704798E7002080B586B000AF396011461A460346FB71D7
:202BA0000B46BB7113467B710023FB8297F82430063B0C2B00F28C8001A252F823F000BF9B
:202BC000192C0200F52B0200252C0200D12C0200312C0200012C0200D12C0200D12C0200AE
:202BE0000D2C02003D2C0200492C0200552C0200612C0200FB793A4A32F81330FB8235E0AF
:202C0000FB79384A32F81330FB822FE0FB79364A32F81330FB8229E0FB79344A32F813307F
:202C2000FB8223E0FB79324A32F81330FB821DE0FB79304A32F81330FB8217E0FB792E4A82
:202C400032F81330FB8211E0FB792C4A32F81330FB820BE0FB792A4A32F81330FB8205E023
:202C6000FB79284A32F81330FB8200BF97F82020BB799A422ED23B68002B2DD000237B7508
:202C800021E097F820307A7903FB02F27B7D13445B003A6813443B61FA8A7B7D42FA03F382
:202CA00003F00103002B01D0032300E00023FB733B6918783B695B78FA7B1946FFF714FF02
:202CC0007B7D01337B757A7D7B799A42D9D304E000BF02E000BF00E000BF1837BD4680BDF3
:202CE00034C902004CC9020078C90200C8C90200D0C90200D8C90200E8C902001CCA02000F
:202D00000CCA020000CA020080B58AB002AF0346FB710B46BB7113467B7107F1100300224B
:202D20001A605A609A60DA600023FB73FB7907F10F0207F110011846FFF76CFEFB7B012BB4
:202D40000BD13B69D8B20B230193012300930B2319223B49FFF71CFF15E03B69D8B20B23A1
:202D60000193002300930B2319223549FFF710FF7B69D8B20B230193012300930B231922CD
:202D80002F49FFF705FF3C23002103221846FFF7ABFE07F1100310220021184607F03AFB37
:202DA000BB7907F10F0207F110011846FFF732FEFB7B012B16D13B69D8B20B2301930323AA
:202DC00000930B2319221E49FFF7E2FE7B69D8B20B230193022300930B2319221849FFF712
:202DE000D7FE15E03B69D8B20B230193022300930B2319221249FFF7CBFE7B69D8B20B2342
:202E00000193032300930B2319220D49FFF7C0FE7B79002B06D13923032103221846FFF703
:202E200063FE08E07B79012B05D13723022103221846FFF759FE00BF2037BD4680BD00BFF1
:202E4000F8CA020080B58AB002AF0346FB710B46BB7113467B7107F1100300221A605A60B6
:202E60009A60DA600023FB73FB7907F10F0207F110011846FFF7CEFDFB7B012B11D1002341
:202E8000032100221846FFF72FFE3B69D8B2072301930023009307230C223849FFF778FE84
:202EA00010E00023032101221846FFF71DFE7B69D8B2072301930023009307230C222F4997
:202EC000FFF766FE0123032101221846FFF70CFE07F1100310220021184607F09BFABB7953
:202EE00007F10F0207F110011846FFF793FDFB7B012B16D13B69D8B20723019302230093AF
:202F000007230C221D49FFF743FE7B69D8B2072301930123009307230C221849FFF738FEF4
:202F200015E03B69D8B2072301930123009307230C221249FFF72CFE7B69D8B207230193FA
:202F40000223009307230C220C49FFF721FE7B79002B06D10323072101221846FFF7C4FD7B
:202F600008E07B79012B05D14B23032101221846FFF7BAFD00BF2037BD4680BD50CA020041
:202F800080B586B000AF03460A46FB711346BB71FFF728FB0346552B40F09F80152006F031
:202FA000B7FD0346002B00F09880F9F749F90346052B40F08B80FB79632B02D91423FB7577
:202FC0000EE0FB79042B09D9FB79013BA04A82FB03125210DB17D31ADBB200E00023FB7511
:202FE0009C4B1B8801339AB29A4B1A80994B1B88182B21D9974B00221A80974B1B781A4611
:20300000FB7DC3F114039A4206DA934B1B780133DAB2914B1A7002E08F4B00221A700D2085
:2030200006F076FD0346002B03D00D2006F04AFD02E00D2006F022FD0023BB7542E00023BA
:203040007B75BA7DFB7D9A4202D201237B7516E0FB7D814A12781A44BB7D9A4202DB0123D7
:203060007B750CE0BA7DFB7D9A4206D17A4B1B78002B02D101237B7501E000237B75FB7940
:203080005F2B0AD9FB79632B07D8BB7D132B04D10D2006F03DFD03467B75BB7D6F4AD35CE1
:2030A0001A466F4B13F81200BB7D6C4AD35C6C4A5B0013445B787A7D1946FFF715FDBB7DEB
:2030C0000133BB75BB7D132BB9D920E1624B00221A70604B00221A8019E1FFF783FA03460D
:2030E000AA2B40F01481142006F012FD0346002B00F00D81F9F7A4F80346052B40F09480C2
:20310000FB79632B02D914233B750EE0FB79042B09D9FB79013B4E4A82FB03125210DB174A
:20312000D31ADBB200E000233B754E4B1B780133DAB24C4B1A704B4B1B78012B21D9494B72
:2031400000221A70484B1B781A463B7DC3F114039A4206DA444B1B780133DAB2424B1A7005
:2031600002E0414B00221A700D2006F0D1FC0346002B03D00D2006F0A5FC02E00D2006F035
:203180007DFC0023FB7445E00023BB74FA7C3B7D9A4202D20323BB7416E03B7D324A1278C6
:2031A0001A44FB7C9A4202DB0323BB740CE0FA7C3B7D9A4206D12C4B1B78002B02D1032331
:2031C000BB7401E00023BB74FB795F2B0FD9FB79632B0CD8FB7C132B09D10D2006F098FC7B
:2031E0000346002B01D0032300E00023BB74FB7C6133FB72FB7A1D4A12F81300FB7A1B4AE7
:203200005B0013445B78BA7C1946FFF76DFCFB7C0133FB74FB7C132BB6D9F8F7EBFF0346B5
:20322000184600F03BFA72E00F4B00221A700D4B00221A7000237B74FB79002B02D1002308
:203240007B7420E0FB795F2B12D914237B741AE0676666666EE8002070E8002040D60200D7
:2032600080C5020071E8002072E8002040C40200FB79013B284A82FB03125210DB17D31A19
:20328000DBB201337B74FB79002B04D0FB79052B01D8012300E000237B7300233B747B7BB1
:2032A000002B09D00020FFF7A1FB0346012B01D1032300E000233B740023FB7323E0002382
:2032C000BB737B7B002B05D0FB7B002B08D13B7CBB7305E0FA7B7B7C9A4201D20323BB7317
:2032E000FB7B61333B733B7B0C4A12F813003B7B0A4A5B0013445B78BA7B1946FFF7F4FBE5
:20330000FB7B0133FB73FB7B132BD8D9FFE700BF1837BD4680BD00BF6766666640C402009E
:2033200080B58CB002AF0346FB710B46BB7113467B7107F10C0300221A605A609A60DA6063
:203340001A615A610023FB72002387F82730FB7907F10B0207F10C011846FFF75BFB7B7992
:20336000002B06D00120FFF741FB034687F8273002E0012387F8273097F82720FB7911465D
:203380001846FFF7FDFDBB79002B6ED197F82730002B02D1FB7A012B5BE0FB7A012B1CD1F3
:2033A0000923032100221846FFF79EFBFB68D8B20B230193112300930B2319222D49FFF763
:2033C000E7FB3B69D8B20B230193102300930B2319222849FFF7DCFB3BE0FB7A022B1CD104
:2033E0000923032100221846FFF77EFBFB68D8B20B230193102300930B2319221D49FFF754
:20340000C7FB3B69D8B20B230193112300930B2319221849FFF7BCFB1BE00923032103224C
:203420001846FFF761FB3B69D8B20B230193102300930B2319220F49FFF7AAFB7B69D8B25C
:203440000B230193112300930B2319220949FFF79FFB5C23002101221846FFF745FB072317
:20346000022101221846FFF73FFB00BF2837BD4680BD00BFF8CA020080B58CB002AF03462C
:20348000FB710B46BB7113467B7107F10C0300221A605A609A60DA601A615A610023FB72A7
:2034A000002387F82730FB7907F10B0207F10C011846FFF7AFFA7B79002B06D00120FFF78C
:2034C00095FA034687F8273002E0012387F8273097F82720FB7911461846FFF751FDBB79EB
:2034E000002B40F0BD8097F82730002B56D1FB7A012B1AD10923002100221846FFF7F4FABF
:20350000072301930B23009307230C2262490A20FFF73EFB072301930A23009307230C22FA
:203520005D490A20FFF734FB94E0FB7A022B1AD10923002100221846FFF7D6FA0723019344
:203540000A23009307230C2253490A20FFF720FB072301930B23009307230C224E490A20E4
:20356000FFF716FB76E00923002100221846FFF7BBFA072301930A23009307230C22464911
:203580000A20FFF705FB072301930B23009307230C2241490A20FFF7FBFA5BE0FB7A012BB9
:2035A0001CD10923002100221846FFF79DFAFB68D8B2072301930B23009307230C22364981
:2035C000FFF7E6FA3B69D8B2072301930A23009307230C223049FFF7DBFA3BE0FB7A022B10
:2035E0001CD10923002100221846FFF77DFAFB68D8B2072301930A23009307230C22264972
:20360000FFF7C6FA3B69D8B2072301930B23009307230C222049FFF7BBFA1BE00923002193
:2036200001221846FFF760FA3B69D8B2072301930A23009307230C221749FFF7A9FA7B69D8
:20364000D8B2072301930B23009307230C221249FFF79EFA0723022101221846FFF744FA1E
:203660000723002101221846FFF73EFA4B23062101221846FFF738FA072303210122184643
:20368000FFF732FA4B23042101221846FFF72CFA00BF2837BD4680BD50CA020080B586B0F3
:2036A00002AF0346FB800023FB730023BB7300237B7300233B730023FB720023BB72FB886E
:2036C0003D4AA2FB03235B099BB2FB73FA883A4BA3FB021359090B461B015B1A9B00D31AFB
:2036E0009BB2BB73FB7B354AA2FB0323DB087B73FA7B324BA3FB0213D9080B469B000B4405
:203700005B00D31A3B73BB7B2C4AA2FB0323DB08FB72BA7B294BA3FB0213D9080B469B00CB
:203720000B445B00D31ABB721523032101221846FFF7DAF9FB7B002B1CD018230021012213
:203740001846FFF7D1F9387B0B230193162300930B2319221A49FFF71BFA7B7B002B09D039
:20376000787B0B230193152300930B2319221449FFF70EFA1323022101221846FFF7B4F988
:20378000B87A0B230193182300930B2319220C49FFF7FEF9FB7A002B09D0F87A0B2301930F
:2037A000172300930B2319220549FFF7F1F900BF1037BD4680BD00BF89888888CDCCCCCC4E
:2037C000F8CA020080B483B000AF0346FB80FB88642B02D9FB88742B08D9FB88772B02D95B
:2037E000FB887E2B02D9FB88992B01D1012300E0002303F00103DBB218460C37BD465DF805
:20380000047B704780B483B000AF0346FB71FB79042B17D801A252F823F000BF31380200EB
:2038200035380200393802003D38020041380200012308E0022306E0032304E0042302E08A
:20384000052300E0052318460C37BD465DF8047B704700BFB0B586B000AF0023FB8200233D
:203860007B7504233B750023FB740023BB7400237B7400233B740023FB7378E0FB7B1846FC
:20388000F8F7BEFE0346BB80BB88002B69D0BB881846FFF797FF0346002B1DD08B4B1B785B
:2038A000012B14D18A4B1B78012B09D9884B02221A7001233B7400237B740123BB740BE0DD
:2038C00001237B7400233B740023BB7404E07F4B01221A700023BB740023BB603DE07D49E3
:2038E000BA6813465B0013445B000B441B88BA889A422FD17749BA6813465B0013445B00E8
:203900000B4402331B783A7D9A422CD3724B01221A707049BA6813465B0013445B000B4404
:2039200002331B783B75BB88FB826A49BA6813465B0013445B000B4403331B78FB746549DF
:20394000BA6813465B0013445B000B4404331B787B7508E0BB680133BB60BB68802BBED917
:2039600002E000BF00E000BFFB7B0133FB73FB7B042B83D9FB7C002B02D1574B00221A702B
:20398000554B1B78002B00F09D80504B1B78002B05D0BB7C002B02D02323FB740BE04B4B24
:2039A0001B78002B07D0BB7C83F00103DBB2002B01D02023FB74FEF715FE0346AA2B05D18D
:2039C000142006F0A5F80346002B14D1FEF70AFE0346552B0FD1152006F09AF80346002BF0
:2039E00009D044240125F8F7C5FC03461A4629462046FFF779F8FB8A002B5ED0FB7C002B4B
:203A00005BD03B7D1846FFF7FDFE0346FB71FB79013B3249FA7901F81320FB79013B2F4ACC
:203A20005B001344FA7C5A70FB8A1846FFF7CAFE0346002B0ED0254B1B78002B0AD07B7CA2
:203A4000002B02D002237B7504E03B7C002B01D001237B757B7D002B33D07B7D012B02D08D
:203A6000022B24D028E0FEF7BDFD0346552B0CD1152006F04DF80346002B06D04423002186
:203A800001221846FFF730F815E0FEF7ABFD0346AA2B10D1142006F03BF80346002B0AD04B
:203AA0002023032103221846FFF71EF803E03E2005F0E4FF00E000BF03E0074B00221A7077
:203AC00000E000BF00BF1837BD46B0BD57E8002058E800202CC6020050E800203CE800207A
:203AE000B0B582B000AF0E2005F0ECFF102005F0E9FF3E2005F0E6FF0020FEF777FF034659
:203B0000FB71F8F7C7FB0346012B06D1FB79002B12D00E2005F0B2FF0EE0F8F7ADFB034619
:203B2000012B03D10E2005F0A9FF05E01E2002F065FA1F2002F062FAFEF754FD0346552BAA
:203B400011D1152005F0E4FF0346002B0BD0032403250E2005F0DCFF03461A46294620465C
:203B6000FEF7C2FF15E0FEF73DFD0346AA2B10D1142005F0CDFF0346002B0AD02C240125B3
:203B80000E2005F0C5FF03461A4629462046FEF7ABFFFFF75FFEF8F7D1FB0346012B02D0CC
:203BA000042002F02BFAF8F7D7FB0346012B11D1FB79002B11D0102005F060FF2024032542
:203BC000102005F0A5FF03461A4629462046FEF78BFF02E0032002F011FAFEF703FD0346DF
:203BE000552B1CD1152005F093FF0346002B16D044240325102005F08BFF03461A462946EB
:203C00002046FEF771FF44240025102005F080FF03461A4629462046FEF766FF07E0FEF7F4
:203C2000E1FC0346AA2B02D1142005F071FF00BF0837BD46B0BDFFFF80B58AB000AF03464A
:203C40003960FB711346BB7107F10C0300221A605A609A60DA601A615A610023FB72002360
:203C600087F82730FB79002B0ED13B68AA4AA2FB0323DB083B6007F10B0207F10C031946AD
:203C80003868FEF7C7FE07E007F10B0207F10C0319463868FEF7BEFEBB79002B0CD00220CA
:203CA000FEF7A4FE034687F8273097F82730002B05D10A23FB7202E0012387F82730FB797D
:203CC000032B00F2D18001A252F823F0DD3C02002B3D0200873D0200E13D0200FEF782FC95
:203CE0000346AA2B0CD1142005F012FF0346002B06D02A23002101221846FEF7F5FEB5E0D9
:203D0000FEF770FC0346552B40F0B080152005F0FFFE0346002B00F0A9804B20052197F845
:203D200027301A46FEF7E0FEA0E0FEF75BFC0346552B14D1152005F0EBFE0346002B0ED01A
:203D40004520042197F827301A46FEF7CDFE4C20002197F827301A46FEF7C6FE88E0FEF7EA
:203D600041FC0346AA2B40F08380142005F0D0FE0346002B7CD04620012197F827301A4630
:203D8000FEF7B2FE74E0FEF72DFC0346552B14D1152005F0BDFE0346002B0ED0452004219D
:203DA00097F827301A46FEF79FFE4D20002197F827301A46FEF798FE5CE0FEF713FC034643
:203DC000AA2B57D1142005F0A3FE0346002B51D04820022197F827301A46FEF785FE49E015
:203DE000FEF700FC0346552B1ED1152005F090FE0346002B18D04B23052101221846FEF7FC
:203E000073FE4523042101221846FEF76DFE4C23002101221846FEF767FE4D2300210122A4
:203E20001846FEF761FE27E0FEF7DCFB0346AA2B22D1142005F06CFE0346002B1CD02A23AC
:203E4000002101221846FEF74FFE4620012197F827301A46FEF748FE4820022197F8273004
:203E60001A46FEF741FE07E000BF06E000BF04E000BF02E000BF00E000BFFEF7B3FB034694
:203E8000552B14D1152005F043FE0346002B0ED0FB7A07F10C021146184600F09DFA4F20DA
:203EA000042197F827301A46FEF71EFE30E0FEF799FB0346AA2B2BD1142005F029FE03463A
:203EC000002B25D0FB79002B07D1FB7A07F10C021146184600F022F80CE0FB79012B02D0B3
:203EE000FB79022B06D1FB7A07F10C021146184600F0CCF94120032197F827301A46FEF7A5
:203F0000F3FD4420002197F827301A46FEF7ECFD00BF2837BD4680BDCDCCCCCC80B584B010
:203F200002AF03463960FB71FB79012B40D13B681B68D8B20B2301930F2300930B23192231
:203F4000A349FEF725FE3B6804331B68D8B20B2301930E2300930B2319229D49FEF718FE96
:203F60003B6808331B68D8B20B2301930D2300930B2319229649FEF70BFE3B680C331B6826
:203F8000D8B20B2301930C2300930B2319229049FEF7FEFD3B6810331B68D8B20B2301932C
:203FA0000B2300930B2319228949FEF7F1FD61E1FB79022B40D13B681B68D8B20B230193BC
:203FC0000E2300930B2319228149FEF7E1FD3B6804331B68D8B20B2301930F2300930B237B
:203FE00019227B49FEF7D4FD3B6808331B68D8B20B2301930D2300930B2319227449FEF771
:20400000C7FD3B680C331B68D8B20B2301930C2300930B2319226E49FEF7BAFD3B681033B7
:204020001B68D8B20B2301930B2300930B2319226749FEF7ADFD1DE1FB79032B40D13B68E4
:204040001B68D8B20B2301930D2300930B2319225F49FEF79DFD3B6804331B68D8B20B2319
:2040600001930E2300930B2319225949FEF790FD3B6808331B68D8B20B2301930F230093E9
:204080000B2319225249FEF783FD3B680C331B68D8B20B2301930C2300930B2319224C4936
:2040A000FEF776FD3B6810331B68D8B20B2301930B2300930B2319224549FEF769FDD9E017
:2040C000FB79042B40D13B681B68D8B20B2301930C2300930B2319223D49FEF759FD3B681B
:2040E00004331B68D8B20B2301930D2300930B2319223749FEF74CFD3B6808331B68D8B2E5
:204100000B2301930E2300930B2319223049FEF73FFD3B680C331B68D8B20B2301930F2323
:2041200000930B2319222A49FEF732FD3B6810331B68D8B20B2301930B2300930B2319220D
:204140002349FEF725FD95E0FB79052B42D13B681B68D8B20B2301930B2300930B23192214
:204160001B49FEF715FD3B6804331B68D8B20B2301930C2300930B2319221549FEF708FDA8
:204180003B6808331B68D8B20B2301930D2300930B2319220E49FEF7FBFC3B680C331B689E
:2041A000D8B20B2301930E2300930B2319220849FEF7EEFC3B6810331B68D8B20B230193A1
:2041C0000F2300930B2319220149FEF7E1FC51E0F8CA0200FB79062B4CD13B681B68D8B22E
:2041E0000B2301930A2300930B2319222649FEF7CFFC3B6804331B68D8B20B2301930B23CE
:2042000000930B2319222049FEF7C2FC3B6808331B68D8B20B2301930C2300930B231922AE
:204220001949FEF7B5FC3B680C331B68D8B20B2301930D2300930B2319221349FEF7A8FCA4
:204240003B6810331B68D8B20B2301930E2300930B2319220C49FEF79BFC3B6814331B682E
:20426000D8B20B2301930F2300930B2319220649FEF78EFC2723022101221846FEF734FCE3
:2042800000BF0837BD4680BDF8CA020080B584B002AF03463960FB71FB79012B19D13B6887
:2042A00004331B68D8B20B230193062300930B2319224849FEF76CFC3B681B68D8B20B2307
:2042C0000193072300930B2319224249FEF760FC7CE0FB79022B19D13B681B68D8B20B2383
:2042E0000193062300930B2319223A49FEF750FC3B6804331B68D8B20B23019307230093DB
:204300000B2319223349FEF743FC5FE0FB79032B26D13B681B68D8B20B230193052300937F
:204320000B2319222B49FEF733FC3B6804331B68D8B20B230193062300930B231922254940
:20434000FEF726FC3B6808331B68D8B20B230193072300930B2319221E49FEF719FC35E0ED
:20436000FB79042B32D13B681B68D8B20B230193042300930B2319221649FEF709FC3B6806
:2043800004331B68D8B20B230193052300930B2319221049FEF7FCFB3B6808331B68D8B2C3
:2043A0000B230193062300930B2319220949FEF7EFFB3B680C331B68D8B20B23019307230A
:2043C00000930B2319220349FEF7E2FB00BF0837BD4680BDF8CA020080B584B002AF03465E
:2043E0003960FB71FB79012B46D14623072100221846FEF779FB3B681B68D8B20723019319
:204400000723009307230C228A49FEF7C1FB3B6804331B68D8B20723019306230093072378
:204420000C228449FEF7B4FB3B6808331B68D8B2072301930523009307230C227D49FEF766
:20444000A7FB3B680C331B68D8B2072301930423009307230C227749FEF79AFB3B681033CB
:204460001B68D8B2072301930323009307230C227049FEF78DFBACE1FB79022B46D146237C
:20448000072100221846FEF72FFB3B681B68D8B2072301930623009307230C226549FEF730
:2044A00077FB3B6804331B68D8B2072301930723009307230C225F49FEF76AFB3B680833F0
:2044C0001B68D8B2072301930523009307230C225849FEF75DFB3B680C331B68D8B20723F7
:2044E00001930423009307230C225249FEF750FB3B6810331B68D8B20723019303230093D1
:2045000007230C224B49FEF743FB62E1FB79032B46D14623072100221846FEF7E5FA3B68F8
:204520001B68D8B2072301930523009307230C224049FEF72DFB3B6804331B68D8B20723E6
:2045400001930623009307230C223A49FEF720FB3B6808331B68D8B20723019307230093BA
:2045600007230C223349FEF713FB3B680C331B68D8B2072301930423009307230C222D492F
:20458000FEF706FB3B6810331B68D8B2072301930323009307230C222649FEF7F9FA18E113
:2045A000FB79042B48D14623072100221846FEF79BFA3B681B68D8B207230193042300937C
:2045C00007230C221B49FEF7E3FA3B6804331B68D8B2072301930523009307230C22154937
:2045E000FEF7D6FA3B6808331B68D8B2072301930623009307230C220E49FEF7C9FA3B6887
:204600000C331B68D8B2072301930723009307230C220849FEF7BCFA3B6810331B68D8B28C
:20462000072301930323009307230C220149FEF7AFFACEE050CA0200FB79052B46D14623D5
:20464000072100221846FEF74FFA3B681B68D8B2072301930323009307230C225F49FEF758
:2046600097FA3B6804331B68D8B2072301930423009307230C225949FEF78AFA3B680833F9
:204680001B68D8B2072301930523009307230C225249FEF77DFA3B680C331B68D8B207231C
:2046A00001930623009307230C224C49FEF770FA3B6810331B68D8B20723019307230093F0
:2046C00007230C224549FEF763FA82E0FB79062B47D14623072101221846FEF705FA3B68DA
:2046E00004331B68D8B2072301930323009307230C223A49FEF74CFA3B6808331B68D8B2FE
:20470000072301930423009307230C223349FEF73FFA3B680C331B68D8B20723019305234A
:20472000009307230C222D49FEF732FA3B6810331B68D8B2072301930623009307230C2232
:204740002649FEF725FA3B6814331B68D8B2072301930723009307230C222049FEF718FA9C
:2047600037E04623072100221846FEF7BDF9072301930323009307230C2218490A20FEF717
:2047800007FA072301930423009307230C2213490A20FEF7FDF90723019305230093072334
:2047A0000C220E490A20FEF7F3F9072301930623009307230C2209490A20FEF7E9F907231A
:2047C00001930723009307230C2204490A20FEF7DFF900BF0837BD4680BD00BF50CA0200D3
:2047E000B0B584B002AF0346FB71FDF7FBFE0346AA2B58D1142005F08BF90346002B52D043
:204800003E23052101221846FEF76EF9FB79013B042B46D801A252F823F000BF31480200FD
:204820003F4802004D4802007F4802005B4802009023022101221846FEF756F932E04023DA
:20484000022101221846FEF74FF92BE04123002101221846FEF748F924E091230121012233
:204860001846FEF741F9912400250320FEF7BEF803461A4629462046FEF736F912E09123BB
:20488000012101221846FEF72FF9412401250320FEF7ACF803461A4629462046FEF724F981
:2048A00000E000BF12E1FDF79DFE0346552B40F00D81152005F02CF90346002B00F0068116
:2048C0004A23002101221846FEF70EF9FB79013B042B00F2FA8001A252F823F0F148020047
:2048E0003B49020085490200474A0200CF4902000B2001F083FB0C2001F080FB12230193BA
:20490000002300930523012272490020FEF740F911230193002300930A2301226E490320E5
:20492000FEF736F910230193002300930C2301226A490220FEF72CF9C8E00B2001F05EFB78
:204940000C2001F05BFB12230193002300930523012260490120FEF71BF91123019300235C
:2049600000930A2301225C490020FEF711F910230193002300930C23012258490320FEF708
:2049800007F9A3E00B2001F039FB0C2001F036FB1223019300230093052301224D49032073
:2049A000FEF7F6F811230193002300930A23012249490520FEF7ECF8102301930023009339
:2049C0000C23012245490020FEF7E2F87EE01223019300230093052301223E490320FEF741
:2049E000D7F811230193002300930A2301223A490420FEF7CDF810230193002300930C230D
:204A0000012236490020FEF7C3F84B23002101221846FEF769F8482407250320FDF7E6FF2A
:204A200003461A4629462046FEF75EF84A23022101221846FEF758F80B2001F0DFFA0C2036
:204A400001F0F6FB42E012230193002300930523012220490320FEF79BF811230193002389
:204A600000930A2301221C490420FEF791F810230193002300930C23012218490020FEF707
:204A800087F84B23002101221846FEF72DF84A2401250320FDF7AAFF03461A46294620469B
:204AA000FEF722F84A23022101221846FEF71CF84A23032101221846FEF716F80C2001F09B
:204AC0009DFA0B2001F0B4FB00E000BF00BF0837BD46B0BD6CD3020078D302008CD3020078
:204AE00080B58CB002AF786007F1100300221A605A609A60DA601A615A610023FB7307F168
:204B00000F0207F1100319467868FDF783FFFDF769FD0346552B68D1152004F0F9FF0346FE
:204B2000002B62D0FB7B012B1CD10523002100221846FDF7D9FF3B69D8B2072301930923DC
:204B4000009307230C226149FEF722F87B69D8B2072301930823009307230C225B49FEF7D6
:204B600017F83BE0FB7B022B1CD10523002100221846FDF7B9FF3B69D8B2072301930823EF
:204B8000009307230C225149FEF702F87B69D8B2072301930923009307230C224B49FDF7D6
:204BA000F7FF1BE00523002101221846FDF79CFF7B69D8B2072301930823009307230C2269
:204BC0004249FDF7E5FFBB69D8B2072301930923009307230C223D49FDF7DAFF072304214D
:204BE00001221846FDF780FF6BE0FDF7FBFC0346AA2B66D1142004F08BFF0346002B60D0E0
:204C0000FB7B012B16D13B69D8B20B230193142300930B2319222E49FDF7BAFF7B69D8B256
:204C20000B230193132300930B2319222849FDF7AFFF3AE0FB7B022B16D13B69D8B20B236D
:204C40000193132300930B2319222149FDF7A0FF7B69D8B20B230193142300930B2319222E
:204C60001B49FDF795FF20E03B69D8B20B230193122300930B2319221549FDF789FF7B6969
:204C8000D8B20B230193132300930B2319221049FDF77EFFBB69D8B20B2301931423009392
:204CA0000B2319220A49FDF773FF6323012101221846FDF719FF0E23032101221846FDF7D3
:204CC00013FF00BF2837BD4680BD00BF50CA0200F8CA020080B58CB002AF0346FB800B468E
:204CE0007B7113463B7107F10C0300221A605A609A60DA601A615A610023FB72002387F8CA
:204D000027307B79002B05D1FB88A24AA2FB03235B09FB80FB8807F10B0207F10C0118464B
:204D2000FDF778FE3B79012B0CD10220FDF75EFE034687F8273097F82730002B05D10423AD
:204D4000FB7202E0012387F82730FDF74BFC0346552B40F09C80152004F0DAFE0346002B45
:204D600000F09580FB7A013B032B7DD801A252F823F000BF854D0200BF4D0200F94D020011
:204D8000334E02004423072100221846FDF7ACFEFB68D8B20F230193012300930B23022227
:204DA0007D49FDF7F5FE3B69D8B20F230193002300930B2302227849FDF7EAFE55E0442311
:204DC000072100221846FDF78FFEFB68D8B20F230193002300930B2302226F49FDF7D8FE6D
:204DE0003B69D8B20F230193012300930B2302226949FDF7CDFE38E044230721012218461D
:204E0000FDF772FE3B69D8B20F230193002300930B2302226049FDF7BBFE7B69D8B20F233C
:204E20000193012300930B2302225B49FDF7B0FE1BE04423072100221846FDF755FE0F230C
:204E40000193002300930B23022253490B20FDF79FFE0F230193012300930B2302224E49F8
:204E60000B20FDF795FE00E000BF7B79002B07D14120042197F827301A46FDF735FE84E093
:204E80004123032101221846FDF72EFE7DE0FDF7A9FB0346AA2B78D1142004F039FE0346E5
:204EA000002B72D0FB7A013B032B62D801A252F823F000BFC54E0200FF4E0200394F0200BF
:204EC000734F02008323002100221846FDF70CFEFB68D8B20B230193092300930B231922F2
:204EE0002E49FDF755FE3B69D8B20B230193082300930B2319222949FDF74AFE3AE083236F
:204F0000002100221846FDF7EFFDFB68D8B20B230193082300930B2319222049FDF738FEA7
:204F20003B69D8B20B230193092300930B2319221A49FDF72DFE1DE0832300210122184692
:204F4000FDF7D2FD3B69D8B20B230193082300930B2319221149FDF71BFE7B69D8B20B2374
:204F60000193092300930B2319220C49FDF710FE00E000BF7B79002B07D17020012197F847
:204F800027301A46FDF7B0FDFFE700BF2837BD4680BD00BF1F85EB5120CD0200F8CA020023
:204FA00080B588B000AF0346FB71FDF71BFB0346552B69D1152004F0ABFD0346002B63D09B
:204FC0004E4A07F1080307CA03C31A80F7F738F90346022B40F08C800A2304210122184661
:204FE000FDF782FD0023FB7718E0FB7F20333B4413F8183C1A46424B13F81200FB7F20332F
:205000003B4413F8183C3E4A5B0013445B7800221946FDF769FDFB7F0133FB77FB7F092BFC
:20502000E3D9FB790A2B65D8FB791B01354A1344BB611023FB750023BB7718E0BB7FBA69FF
:20504000134493F900301A462D4B13F81200BB7FBA69134493F90030294A5B0013445B78E0
:2050600001221946FDF740FDBB7F0133BB77BA7FFB7D9A423CD2BB7FBA69134493F90030D2
:20508000B3F1FF3FDAD133E0FDF7ACFA0346AA2B31D1142004F03CFD0346002B2BD0F7F7F8
:2050A000CFF80346022B26D10023BB7500237B771AE07B7F4D337B757A7FFB799A4234BFB4
:2050C00001230023DBB2BB757B7D0F4A12F813007B7D0D4A5B0013445B78BA7D1946FDF700
:2050E00003FD7B7F01337B777B7F132BE1D902E000BF00E000BF2037BD4680BDA4D302004E
:2051000080C5020054D6020040C40200B0B584B002AF0346FB71F7F761F803461C46F7F737
:20512000EFFB03461A4600212046FFF7D3FDFDF759FA0346AA2B10D1142004F0E9FC0346F3
:20514000002B0AD0072004F0E3FC03461A46FB7900211846FEF7E4F814E0FDF743FA034675
:20516000552B0FD1152004F0D3FC0346002B09D0072004F0CDFC03461A46FB79002118460A
:20518000FEF77AF9F7F710F80346002219460020FEF752FDB44B1B78013B032B00F2A08174
:2051A00001A252F823F000BFB9510200D7510200F5510200035302000020F6F7D9FF03462C
:2051C0001C46032004F0A4FC03461A4621460120FEF732FD87E10120F6F7CAFF03461C4677
:2051E000032004F095FC03461A4621460220FEF723FD78E13D2004F08BFC0346002B43D008
:205200000120F6F7B5FF0346002219460220FEF713FDFDF7E7F90346AA2B1CD1142004F0D4
:2052200077FC0346002B16D0232400250420FDF7DDFB03461A4629462046FDF755FC252439
:2052400001250420FDF7D2FB03461A4629462046FDF74AFC46E1FDF7C5F90346552B40F0B9
:205260004181152004F054FC0346002B00F03A810A2405250420FDF7B9FB03461A46294698
:205280002046FDF731FC2DE10120F6F771FF0346002219460220FEF7CFFCFDF7A3F9034676
:2052A000AA2B12D1142004F033FC0346002B0CD02323002101221846FDF716FC2523012137
:2052C00001221846FDF710FC10E0FDF78BF90346552B0BD1152004F01BFC0346002B05D0B7
:2052E0000A23052101221846FDF7FEFB052004F00FFC0346002B40F0F5800D2000F07EFE17
:20530000F0E00120F6F734FF0346002219460220FEF792FC3F2004F0FBFB0346002B6ED012
:20532000292004F0F5FB0346002B2ED00020FDF75DFB0346002B28D00B2301931523009369
:205340000B23192249491120FDF722FC0B230193162300930B23192244491120FDF718FC52
:205360000B230193172300930B2319223F490D20FDF70EFC0B230193182300930B23192289
:205380003A490A20FDF704FCAAE0292004F0C0FB034683F00103DBB2002B00F0A180002041
:2053A000FDF724FB0346002B00F09A800B230193152300930B2319222C491120FDF7E8FBE9
:2053C0000B230193162300930B23192227491120FDF7DEFB0B230193172300930B23192270
:2053E00022491020FDF7D4FB0B230193182300930B2319221D491520FDF7CAFB70E0292069
:2054000004F086FB0346002B32D00020FDF7EEFA0346002B2CD00B230193152300930B237A
:20542000192212491120FDF7B3FB0B230193162300930B2319220D491120FDF7A9FB0B23BF
:205440000193172300930B23192208491020FDF79FFB0B230193182300930B23192203492E
:205460001520FDF795FB3BE0CE080020F8CA0200292004F04DFB034683F00103DBB2002BA1
:205480002ED00020FDF7B2FA0346002B28D00B230193152300930B23192215491120FDF769
:2054A00077FB0B230193162300930B23192210491120FDF76DFB0B230193172300930B23E0
:2054C00019220B490D20FDF763FB0B230193182300930B23192206490A20FDF759FBFFE71E
:2054E00000BF00E000BF00BF0837BD46B0BD00BFF8CA0200B0B588B002AF0346FB71CA4B45
:2055000000221A80172000F079FD182000F076FD192000F073FD1A2000F070FD1B2000F03C
:205520006DFDF6F773FE0346FB75FDF75BF80346552B2ED1152004F0EBFA0346002B28D061
:205540000723032101221846FDF7CEFA4B23042101221846FDF7C8FA07230021012218462A
:20556000FDF7C2FA4B23062101221846FDF7BCFAFDF768F903461C46FDF7A8F903461D467A
:20558000FDF7E0F903461A4629462046FDF75AFC38E0FDF727F80346AA2B33D1142004F001
:2055A000B7FA0346002B2DD08723012101221846FDF79AFA3723012101221846FDF794FA75
:2055C0003E23012101221846FDF78EFA0C23002101221846FDF788FA1A2301210122184624
:2055E000FDF782FAFDF72EF903461C46FDF76EF903461D46FDF7A6F903461A46294620465D
:20560000FDF782FBF6F7DEFD03461846FFF768FAFB79032B02D0FB79042B03D1FB790133BF
:20562000DBB202E0F6F7FEFD0346BB75BB7D1846FFF7D6F8FB7D052B03D8072004F01EFA8A
:2056400002E0072004F03EFAF6F76AFE0346012B15D1FCF7C7FF0346AA2B10D1142004F085
:2056600057FA0346002B0AD00C2402250020FDF7BDF903461A4629462046FDF735FAFB7D51
:205680001846FFF743FDF6F73DFE0346012B02D00A2000F0B3FCF6F727FE0346012B09D1DD
:2056A0000620FDF7A3F90346002B14BF01230023DBB207E0F6F70AFE0346012B0CBF0123D9
:2056C0000023DBB27B75F6F763FE03463B75574B1B78022B00F29D813B7D042B00F2958182
:2056E00001A252F823F000BFFD5602002F570200AB57020039580200B55802004C4B0022AF
:205700001A700F2000F07AFC122000F077FC132000F074FC142000F071FC2B2004F0D2F9A7
:205720002D2004F0CFF92C2004F0CCF971E1404B00221A700F2000F061FC132000F05EFCD9
:20574000142000F05BFC0B230193152300930B23192238491120FDF71BFA0B230193162322
:2057600000930B23192233491120FDF711FA0B230193172300930B2319222E491320FDF7EB
:2057800007FA0B230193182300930B23192229490A20FDF7FDF92C2004F094F92D2004F07B
:2057A00091F92B2004F06AF933E1214B00221A70122000F023FC132000F020FC142000F0ED
:2057C0001DFC0B230193152300930B23192219491120FDF7DDF90B230193162300930B23A1
:2057E000192214491120FDF7D3F90B230193172300930B2319220F491220FDF7C9F90B23BA
:205800000193182300930B2319220A490A20FDF7BFF92B2004F032F92D2004F053F92C2051
:2058200004F050F9F5E000BF4EE80020CE08002059E80020F8CA0200A74B00221A702B203D
:2058400004F01CF92C2004F019F92D2004F03AF90B230193152300930B2319229F4911206A
:20586000FDF796F90B230193162300930B2319229A491120FDF78CF90B2301931723009392
:205880000B23192295490B20FDF782F90B230193182300930B23192290491520FDF778F9BB
:2058A000122000F0ABFB0F2000F0A8FB142000F0A5FBAEE02C2004F005F92B2004F002F994
:2058C0002D2004F0DBF81123FB741423BB740B237B740A233B740323FB730623BB73BB7B91
:2058E0001A46920013447B737B4B1B787A7B9A4228D8F87C0B230193152300930B231922DD
:205900007649FDF745F9F87C0B230193162300930B2319227149FDF73BF9787C0B23019393
:20592000172300930B2319226C49FDF731F90B230193182300930B23192268491520FDF78B
:2059400027F958E0644B1A78BB7BB2FBF3F3DBB2C3F105033B73604B1B78BA7BB3FBF2F1EA
:2059600001FB02F29B1AFB72F87C0B230193152300930B2319225949FDF70AF9F87C0B2370
:205980000193162300930B2319225449FDF700F9FA7AFB7B9A4214D2B87C0B2301931723D8
:2059A00000930B2319224D49FDF7F2F8387B0B230193182300930B2319224849FDF7E8F866
:2059C00013E0387C0B230193172300930B2319224249FDF7DDF8387C0B2301931823009390
:2059E0000B2319223D49FDF7D3F83B4B1B780133DAB2394B1A70122000F000FB0F2000F0D6
:205A0000FDFA132000F0FAFA03E0334B00221A7000BF2E2004F07CF80346002B16D0304B21
:205A20001B78042B12D02F4B1B785A1CD1B22D4A1170192B02D801F0BFFA07E001F028FB01
:205A40002E2004F03FF8274B00221A7001F098FCFEF746F8244B1B781846FFF7A1FAFB7992
:205A6000184601F0EDF8F6F797FD0346002B41D0F6F7E6FB0346042B3CD0F6F7E1FB034688
:205A8000032B37D0194B1B7883F00103DBB2002B05D0164B01221A70154B00221A70144B5D
:205AA0001B78232B11D8124B1B780133DAB2104B1A70912401250020FCF798FF03461A4659
:205AC00029462046FDF710F81AE09123012100221846FDF709F813E059E80020F8CA020098
:205AE000CE0800205BE8002056E800205CE800205AE800204E4B00221A704E4B00221A709F
:205B00003E2004F005F80346002B0AD0902402250020FCF76BFF03461A4629462046FCF71F
:205B2000E3FFFCF75FFD0346AA2B41D1142003F0EFFF0346002B3BD02E2002217B7D1A46A7
:205B4000FCF7D2FF07240125F6F7B2FB03461A4629462046FCF7C8FF57240125F6F7A8FB2D
:205B600003461A4629462046FCF7BEFF79240325002003F0CDFF03461A4629462046FCF7E2
:205B8000B3FF20240125022003F0C2FF03461A4629462046FCF7A8FF33240025012003F06B
:205BA000B7FF03461A4629462046FCF79DFF3BE0FCF718FD0346552B36D1152003F0A8FF60
:205BC0000346002B30D0042005217B7D1A46FCF78BFF07240125F6F76BFB03461A46294676
:205BE0002046FCF781FF05240725002003F090FF03461A4629462046FCF776FF03240125A2
:205C0000022003F085FF03461A4629462046FCF76BFF03240225012003F07AFF03461A468C
:205C200029462046FCF760FF00BF1837BD46B0BD5CE800205AE80020B0B586B002AF034664
:205C4000FB7114237B73FB79072B40F086802C2401250020FCF7CAFE03461A462946204608
:205C6000FCF742FF6E4B1B780133DAB26C4B1A706B4B1B78012B10D9694B00221A70694B31
:205C80001B780133DAB2674B1A70664B1B787A7B9A4202D8634B00221A700023FB731BE0A0
:205CA000604B1B78FA7B9A4294BF01230023DBB2FB72FB7B4D33BB72BB7A5B4A12F81300A7
:205CC000BB7A594A5B0013445B78FA7A1946FCF70BFFFB7B0133FB73FA7B7B7B9A42DFD386
:205CE0000B2301930A2300930B2319224F490B20FCF74EFF0B2301930B2300930B231922CA
:205D00004A490C20FCF744FF0B2301930C2300930B23192245490D20FCF73AFF0B230193F8
:205D20000D2300930B23192240490E20FCF730FF0B2301930E2300930B2319223B490F20BC
:205D4000FCF726FF0B2301930F2300930B23192236491020FCF71CFF5EE0FB790A2B5BD16B
:205D60002C23012101221846FCF7BEFE0023BB7312E0BB7B4D333B733B7B2B4A12F8130093
:205D80003B7B294A5B0013445B7803221946FCF7ABFEBB7B0133BB73BA7B7B7B9A42E8D3DB
:205DA0000B2301930A2300930B2319221F490B20FCF7EEFE0B2301930B2300930B2319229A
:205DC0001A490C20FCF7E4FE0B2301930C2300930B23192215490D20FCF7DAFE0B2301935A
:205DE0000D2300930B23192210490E20FCF7D0FE0B2301930E2300930B2319220B490F20BD
:205E0000FCF7C6FE0B2301930F2300930B23192206491020FCF7BCFE00BF1037BD46B0BD39
:205E200073E8002074E8002040C40200F8CA020080B487B000AF3B600346FB710B46BB71BA
:205E40001346BB80FA7913461B019B1A9B001A46BB7913447B61BB887A6913443B613B69F2
:205E6000234AA2FB03235909224BA3FB01231A0913465B001344DB00CA1A1346FB7339690B
:205E80001B4BA3FB01235A0913461B019B1A9B00CA1AD2B23B6A1A70FB7B002B06D13B6800
:205EA0000C221A707B6A00221A701BE0FB7B0C2B06D13B680C221A707B6A01221A7011E03C
:205EC000FB7B0C2B08D9FB7B0C3BDAB23B681A707B6A01221A7005E03B68FA7B1A707B6AC0
:205EE00000221A7000BF1C37BD465DF8047B704789888888ABAAAAAAB0B582B000AF0346FD
:205F0000FB71F6F75FF903461846FEF7E9FDF6F789F903461846FEF763FCF6F777F903463E
:205F2000002200211846FDF7FBF901F029FAFDF7D7FDFCF757FB0346552B2ED1152003F0C7
:205F4000E7FD0346002B28D00723032101221846FCF7CAFD0723032101221846FCF7C4FDE5
:205F60000723002101221846FCF7BEFD4B23062101221846FCF7B8FDFCF764FC03461C46EB
:205F8000FCF7A4FC03461D46FCF7DCFC03461A4629462046FCF756FF2CE0FCF723FB0346CB
:205FA000AA2B27D1142003F0B3FD0346002B21D00C23002101221846FCF796FD1A23012122
:205FC00001221846FCF790FD0C23022101221846FCF78AFDFCF736FC03461C46FCF776FC3E
:205FE00003461D46FCF7AEFC03461A4629462046FCF78AFE00BF0837BD46B0BD80B485B088
:2060000000AF0346FB800023FB7316E0FB7B104A5B0013445B781A46FB8893420AD1FB7B28
:206020000B4A002102F81310FB7B094A5B00134400225A70FB7B0133FB73FB7B042BE5D9EB
:2060400000BF00BF1437BD465DF8047B704700BF3CE8002080B485B000AF03460A46FB71C9
:206060001346BB800023FB81FB79013B1549FA7901F81320FB79013BBA88D1B2114A5B0015
:2060800013440A465A7000237B7310E07B7B0D4A12F81330002B05D07B7B0A4A5B001344F8
:2060A0005B7808E00023FB817B7B01337B737B7B042BEBD9FB8918461437BD465DF8047B81
:2060C000704700BF3CE8002080B58CB002AFFCF789FA0346AA2B4CD1142003F019FD0346AD
:2060E000002B46D04E4B3B62002387F8273018E02020FCF733FC78617B69B3F1FF3F0BD05C
:206100007B69D8B20E23019397F8273000930E231C22396AFCF73CFD97F82730013387F8FC
:20612000273097F827300D2BE2D93E4BFB61002387F8263018E02020FCF710FCB861BB69DE
:20614000B3F1FF3F0BD0BB69D8B20E23019397F8263000930E231C22F969FCF719FD97F82E
:206160002630013387F8263097F826300D2BE2D951E0FCF737FA0346552B4CD1152003F085
:20618000C7FC0346002B46D0274B3B61002387F8253018E02020FCF7E1FB78607B68B3F147
:2061A000FF3F0BD07B68D8B20E23019397F8253000930E231C223969FCF7EAFC97F825304F
:2061C000013387F8253097F825300D2BE2D9174BFB60002387F8243018E02020FCF7BEFB49
:2061E000B860BB68B3F1FF3F0BD0BB68D8B20E23019397F8243000930E231C22F968FCF7FC
:20620000C7FC97F82430013387F8243097F824300D2BE2D9FFE700BF2837BD4680BD00BFF8
:206220005CD00200E4D102004CCD0200D4CE020090B59BB002AF0346FB80FF2387F85F3085
:20624000AC4B1B7883F00103DBB2002B00F05583FB88DBB2292B4CDC282B42DA272B38D068
:20626000272B46DC1F2B44DC1E2B3EDA1D2B40DC0A2B08DA092B3CDC082B26DA052B21DCB8
:20628000002B22DC35E01A46012393409A4A1A40002A14BF01220022D2B2002A1DD103F05A
:2062A0007862002A14BF01220022D2B2002A10D103F41C43002B14BF01230023DBB2002BE0
:2062C0000FD116E0072B0CD013E0012387F85F3010E0022387F85F300CE0032387F85F3072
:2062E00008E0042387F85F3004E0052387F85F3000E000BF97F85F30FF2B00F0FE82FA888E
:2063000097F85F3011461846FFF7A4FE0346FB80FFF7DAFEFB88DBB2013B282B00F2E68287
:2063200001A252F823F000BFCD6302009D640200B7640200C5640200D3640200ED68020091
:20634000C5650200E1640200A9650200B7650200D3650200E1650200EF650200FD65020060
:20636000F966020023670200316702003F6702004D6702005B670200BD670200CB6702001A
:206380000B66020019660200B3660200C1660200CF660200DD660200EB6602000767020086
:2063A00015670200ED680200ED680200ED680200ED680200ED680200ED680200ED680200FE
:2063C000D9670200D1680200DF680200352003F09FFB0346002B0FD007230E224749484848
:2063E00000F004FB474B01221A70474B00221A70464B00221A707BE2454B07F13C040FCBF5
:2064000007C42380404B1B78062B0CD107230E223A493B4800F0EAFA3A4B01221A70352027
:2064200003F02CFB69E20023BB6509E0BB6D083360333B445F2203F8242CBB6D0133BB650E
:20644000314B1B781A46BB6D9342EFDB07F13C010E230E222A4800F0C9FA2C4B1B785A1CCB
:20646000D1B22A4A1170322B40F24282274B00221A70284B00221A70234B1B785A1C264B2C
:2064800083FB021313449910D317C91A0B46DB005B1AD11ACAB21C4B1A7029E21A4B002211
:2064A0001A701C4B00221A700A230F221B491C4800F09CFA21E20D230A221A491A4800F07F
:2064C00095FA1AE206230C221849194800F08EFA13E20B230B221749174800F087FA0CE232
:2064E000164B07F12C040FCB07C4238000237B6530E000BF50E8002000607F30B0D302000D
:20650000B8D3020047E800204AE8002075E8002014D6020076E8002093244992C8D3020037
:20652000D4D30200E4D30200F4D3020000D4020008D4020014D4020020D4020024D60200A0
:206540007B6D083360333B445F2203F8342C7B6D01337B65B54B1B781A467B6D9342EFDBB4
:2065600007F12C0000230E22002100F03FFAB04B1B785A1CD1B2AE4A1170092B40F2BA81B9
:20658000AB4B00221A70A94B1B785A1CA94B83FB02135910D317C91A0B469B000B44D11A79
:2065A000CAB2A24B1A70A5E109230722A249A34800F01CFAA1E107230A22A149A14800F096
:2065C00015FA9AE108230C229F49A04800F00EFA93E10F2308229E499E4800F007FA8CE115
:2065E0000F2308229C499B4800F000FA85E10D2308229A499A4800F0F9F97EE10D230D2268
:206600009849994800F0F2F977E10A2308229749934800F0EBF970E107F11C0300221A609B
:206620005A609A601A730023FB760023BB7600237B76FCF73FF9034687F84B30FCF746F97D
:20664000034687F84A30F5F7D5FD03461C4607F11B0297F84A1097F84B0007F1190301930F
:2066600007F11A03009313462246FFF7E1FB7B7E002B0BD1FB7E1A46BB7E07F11C00009326
:2066800013467B4A0D2103F091FE0AE0FB7E1A46BB7E07F11C0000931346764A0D2103F04F
:2066A00085FE07F11C010A230F22734800F09EF923E10A2308226D49694800F097F91CE163
:2066C0000A230E2269496D4800F090F915E10A2307226B496B4800F089F90EE10F230A220B
:2066E00069496A4800F082F907E10C230D2268495D4800F07BF900E107230A22504965484E
:2067000000F074F9F9E008230E226349634800F06DF9F2E00823082261495F4800F066F974
:20672000EBE00D230D224F494F4800F05FF9E4E00E230D225B494C4800F058F9DDE0082333
:206740000A225949534800F051F9D6E00C230A225649504800F04AF9CFE0554B1B78FA2B14
:2067600025D8534B1B78013B524A82FB03121211DB179B1ADBB2053387F8533097F85330DE
:20678000002B02D1012387F8533097F8533007F108000093484B494A0F2103F007FE07F1EA
:2067A00008010F230A223B4800F020F9A5E00C230A224349374800F019F99EE00A230A2222
:2067C0004049344800F012F997E00C230A223C49304800F00BF990E0F8F752FAF864FB6C88
:2067E000002B00F08980382003F092F90346002B0AD0F86C03F029FE0346DBB20E22F96C68
:20680000314800F0F3F877E0372003F081F90346002B71D0F86C03F018FE0346DBB20C22E3
:20682000F96C2A4800F0E2F866E000BF77E8002076E800206766666630D402003CD4020004
:2068400044D402004CD4020058D4020060D402006CD402007CD4020084D4020094D4020040
:20686000A4D40200ACD40200BCD40200CCD40200D8D40200E8D40200F8D4020008D50200CF
:2068800018D5020024D502002CD502003CD5020048D5020054D5020060D5020068D5020038
:2068A00078D5020080D5020090D5020098D5020059E800201F85EB51A4D50200B0D5020019
:2068C000B8D50200C4D50200D0D50200E0D502000A230A220A490B4800F088F80DE00D23A4
:2068E0000A220949074800F081F806E000BF04E000BF02E000BF00E000BF6437BD4690BDEF
:20690000ECD50200F8D5020004D6020080B588B002AF03463960FB711346BB7100237B6119
:206920003B68002B50D0FBF75DFE0346552B11D1152003F0EDF80346002B0BD0FB79012B75
:2069400002D1264B7B611CE0FB79022B3ED1244B7B6116E0FBF746FE0346AA2B38D1142099
:2069600003F0D6F80346002B32D0FB79012B02D11C4B7B6104E0FB79022B2BD11A4B7B6168
:2069800000BF0023FB741AE0FB7C3A68134493F900301846FBF7E2FFF860FB68B3F1FF3FB2
:2069A0000AD0FB68D8B20E230193FB7C00930E231C227969FCF7ECF8FB7C0133FB74FA7C89
:2069C000BB799A42E0D306E000BF04E000BF02E000BF00E000BF1837BD4680BD4CCD0200C2
:2069E000D4CE02005CD00200E4D1020080B588B000AFF860B96011461A460B46FB711346B4
:206A0000BB71FB79002B0AD0FB79013BFA68134493F90030002B02D1FB79013BFB71BB795E
:206A2000002B0AD0BB79013BBA68134493F90030002B02D1BB79013BBB71FB68002B6FD045
:206A4000FB790E2B0FD87B4B00221A70794B00225A80784B00221A71FB791A46F9680120AA
:206A6000FFF754FF65E0734B1B78002B08D1714B01221A706F4B00225A806E4B00221A71AE
:206A80006C4B5B88952B0BD80E22F9680120FFF73DFF684B5B8801339AB2664B5A8038E01C
:206AA000644B5A88644BA3FB0213D9080B469B000B4499000B44D31A9BB2002B13D15D4BEE
:206AC0001B7903F10E02FB799A4206DA594B1B790133DAB2574B1A7105E0564B00221A7196
:206AE000544B00225A80534B1B791A46FB681344FB61504B1B79FA79D31AFB76FB7E0E2BA1
:206B000028BF0E23BB76BB7E1A46F9690120FFF7FDFE484B5B8801339AB2464B5A8008E0D6
:206B2000444B00221A70434B00225A80414B00221A71BB68002B6FD0BB790E2B0FD83F4BEC
:206B400000221A703D4B00225A803C4B00221A71BB791A46B9680220FFF7D8FE65E0374B67
:206B60001B78002B08D1354B01221A70334B00225A80324B00221A71304B5B88952B0BD8AC
:206B80000E22B9680220FFF7C1FE2C4B5B8801339AB22A4B5A8038E0284B5A88264BA3FB28
:206BA0000213D9080B469B000B4499000B44D31A9BB2002B13D1214B1B7903F10E02BB793B
:206BC0009A4206DA1D4B1B790133DAB21B4B1A7105E01A4B00221A71184B00225A80174B94
:206BE0001B791A46BB6813447B61144B1B79BA79D31AFB74FB7C0E2B28BF0E23BB74BB7C9B
:206C00001A4679690220FFF781FE0C4B5B8801339AB20A4B5A8008E0084B00221A70074B79
:206C200000225A80054B00221A7100BF2037BD4680BD00BF60E800201F85EB5168E800208E
:206C400080B584B000AF0346FB71242002F060FF034683F00103DBB2002B00F09F81042026
:206C600002F08AF80346002B02D0AD4B01221A70AB4B1B78002B27D0042002F07DF8034636
:206C8000002B21D1A64B00221A70A64B00221A70A54B00221A80192002F0F0FEA34B1B7857
:206CA000002B02D1122002F0E9FE052002F030FF0346002B08D0052002F004FF0020F6F712
:206CC00097F90D20FFF79AF9192002F021FF0346002B00F0B380122002F01AFF0346002BDB
:206CE00000F0AC800220FFF789F90120FFF786F98F4B00221A70F5F74BFB0346FB73FB7B63
:206D0000032B04D0FB7B042B01D0012300E00023BB73BB7B03F00103BB73FB79022B08D0D2
:206D2000FB79032B05D0FB79042B02D0FB79082B17D1804B1A78804B1A707E4B1B78012B9E
:206D400002D0022B04D007E07A4B02221A7007E0784B01221A7003E0764B01221A7000BF9F
:206D60004DE0744B1A78744B1A70724B1B78013B032B1BD801A252F823F000BF8D6D0200E4
:206D8000956D02009D6D0200A56D0200694B02221A700FE0674B03221A700BE0654B04225C
:206DA0001A7007E0634B01221A7003E0614B01221A7000BF604B1B78032B03D05E4B1B7891
:206DC000042B02D15C4B02221A705B4B1B78022B15D1584B1B78042B11D1BB7B83F001031C
:206DE000DBB2002B0BD02D2002F092FE034683F00103DBB2002B02D02C2002F03FFE11203B
:206E000002F03CFE192002F05DFE4A4B1B78032B03D13D2002F032FE02E03D2002F052FE96
:206E2000444B1B78042B06D1BB7B002B03D03F2002F024FE02E03F2002F044FE3A4B1B88E6
:206E400001339AB2384B1A80374B1B884A2B08D9354B00221A80334B01221A70122002F08F
:206E600031FE112002F054FE0346002B00F09980032001F081FF0346002B08D02C4B1B7807
:206E80000133DAB22A4B1A70274B00221A80284B1B780E2B6CD9264B00221A70032002F04F
:206EA00011FE112002F00EFE3D2002F00BFE214B1B78012B02D10120F6F7C4F81D4B1B7879
:206EC000022B02D10120F6F7D3F81A4B1B78032B0BD1FAF7A9FD0E20FFF790F8052002F07D
:206EE000CDFD0120F6F784F806E0124B1B78042B02D01D20FFF782F80E4B1B78042B50D17E
:206F00001120FFF77BF81020FFF778F8292002F0FFFD0346002B11D0292002F0D3FD19E0B1
:206F200078E8002048E800204CE8002046E8002079E80020CE080020CF080020292002F036
:206F4000E7FD034683F00103DBB2002B02D0292002F094FD2A2002F091FD2E2002F08EFDA2
:206F60003F2002F0AFFD114B1A78114B1A7018E0104B1B78002B0DD0032002F07FFD0C4B6A
:206F80001B78032B0DD11D20FFF738F83D2002F075FD06E0032002F095FD02E0242002F089
:206FA00091FD00BF1037BD4680BD00BFCF080020CE08002079E8002080B582B002AF102088
:206FC000FFF71CF81120FFF719F8292002F0A0FD0346002B2BD00B230193152300930B236D
:206FE00019222A491120FBF7D3FD0B230193162300930B23192225491120FBF7C9FD0B2374
:207000000193172300930B23192220491020FBF7BFFD0B230193182300930B2319221B4902
:207020001520FBF7B5FD1620FEF7E8FF2AE00B230193152300930B23192214491120FBF7E5
:20704000A7FD0B230193162300930B2319220F491120FBF79DFD0B230193172300930B23C3
:2070600019220A490D20FBF793FD0B230193182300930B23192205490A20FBF789FD1520B5
:20708000FEF7BCFF00BFBD4680BD00BFF8CA020080B500AF1520FEF7B1FF1620FEF7AEFF28
:2070A00000BF80BD80B483B000AF0346FB71044AFB79137000BF0C37BD465DF8047B704734
:2070C00056E8002080B483B000AF0346FB71044AFB79137000BF0C37BD465DF8047B7047B2
:2070E000CE08002080B500AF112002F0EBFC032002F0E8FC2C2002F0E5FC1A4B00221A7083
:20710000194B00221A70194B00221A80184B1B78032B03D0164B1B78042B03D1154B1A785F
:20712000134B1A701D20FEF769FF0E20FEF766FF0D20FEF763FF1020FEF760FF1120FEF717
:207140005DFF1220FEF75AFF1320FEF757FF1420FEF754FF1520FEF751FF1620FEF74EFF67
:2071600000BF80BD46E8002048E800204CE80020CE080020CF08002080B400AF034B1B7870
:207180001846BD465DF8047B704700BF47E8002080B400AF034B1B781846BD465DF8047BFC
:2071A000704700BF48E8002080B500AF0B4B00221A700B4B00221A700A4B00221A700A4BCB
:2071C00000221A70242002F07DFC0120FEF716FF0220FEF713FF00BF80BD00BF4BE80020F2
:2071E00047E8002046E800204AE8002080B400AF064B1B78032B03D1054B1A78034B1A701D
:2072000000BFBD465DF8047B704700BFCE080020CF08002080B500AF082002F053FC0920FF
:2072200002F050FC0A2002F04DFC0B2002F04AFC0C2002F047FC074B00221A70064B002276
:207240001A70064B00221A70054B00221A7000BF80BD00BF52E8002053E8002054E80020DF
:2072600055E8002080B500AF06220021044803F0D1F806220021034803F0CCF800BF80BD35
:2072800060E8002068E8002080B500AF022200210C4803F0BFF8022200210B4803F0BAF8B2
:2072A00002220021094803F0B5F802220021084803F0B0F802220021064803F0ABF800BF80
:2072C00080BD00BF3CE800203EE8002040E8002042E8002044E8002080B400AF034B0022F7
:2072E0001A7000BFBD465DF8047B704750E8002080B500AFA122FF21024803F08BF800BF19
:2073000080BD00BF98E7002080B500AFA1220021024803F07FF800BF80BD00BF98E70020FC
:2073200080B500AF024801F035FE00BF80BD00BF98E7002080B400AF034B58221A7000BFAD
:20734000BD465DF8047B704798E7002080B500AF002140F20B4001F0F7FC4FF47A7132201A
:20736000ECF7AEF8012140F20B4001F0EDFC01F0DFFD024B58221A7000BF80BD98E7002052
:2073800080B582B000AF0023FB71FBF757F90346BB71FBF78FFA03467B717B79052B04D9E0
:2073A0007B79112B01D8012300E000233B713B7903F001033B71BB79FF2B06D0FF2B1CDC44
:2073C000102B0AD0202B10D017E03B79002B01D0502300E03223FB7117E03B79002B01D00B
:2073E000322300E01423FB710FE03B79002B01D0642300E04623FB7107E03B79002B01D043
:20740000502300E03223FB7100BF154B1B78FA799A420AD1134B1B78FA799A4205D1302016
:2074200002F076FB0346002B0FD0F4F709FF0346002B0AD0FB791846FAF70EFC084AFB79C2
:207440001370084AFB79137006E0F4F7F9FE0346002B01D100F015F800BF0837BD4680BD17
:20746000B5C60020D008002080B500AF0120FAF7B9FB052002F026FB082002F0FFFA00BFC5
:2074800080BD80B500AF0020FAF7ACFBF5F7F4F9FFF7FAFEFFF7E6FEFFF7BCFE00BF80BDC6
:2074A00080B582B000AF1923BB710023FB713F4B1B780133DAB23D4B1A703D4B1B78052B85
:2074C0005FD801A252F823F0E1740200FD7402001975020035750200517502006D750200C3
:2074E000FFF706FF314B1B78BA799A4250D82F4B00221A702E4B01221A7049E0FFF704FFDD
:207500002A4B1B78BA799A4244D8284B00221A70274B02221A703DE0FFF7EAFE234B1B78FD
:20752000BA799A4238D8214B00221A70204B03221A7031E0FFF7E8FE1C4B1B78BA799A4204
:207540002CD81A4B00221A70194B04221A7025E0FFF7CEFE154B1B78BA799A4220D8134BE3
:2075600000221A70124B05221A7019E0FFF7CCFE0123FB710E4B00221A700C4B00221A7000
:207580000FE00B4B00221A70084B00221A7008E000BF06E000BF04E000BF02E000BF00E08B
:2075A00000BFFB7918460837BD4680BD7AE800207BE8002080B584B002AF082002F0A8FAE0
:2075C0000346002B2CD06B4B1B780133DAB2694B1A700723032101221846FBF785FA4B2346
:2075E000042101221846FBF77FFA0723002101221846FBF779FA4B23062101221846FBF741
:2076000073FA5C4B1B78192B40F21282594B00221A70082002F056FA092002F02FFA07E2D2
:20762000092002F075FA0346002B00F0AD80514B1B780133DAB24F4B1A70072303210122AB
:207640001846FBF751FA4B23042101221846FBF74BFA0723002101221846FBF745FA4B23D9
:20766000062101221846FBF73FFA424B1B78252B36D8404B1B781A4613469B0013445B0095
:207680003D4A82FB03121211DB17D31AFB71FB790A2B01D90A23FB710023BB711CE0BA79C9
:2076A000FB799A4234BF01230023DBB2BB70BB79324AD35C1A46324B13F81200BB792F4A02
:2076C000D35C2F4A5B0013445B78BA781946FBF70BFABB790133BB71BB79092BDFD939E028
:2076E000244B1B78A3F1260213469B0013445B00244A82FB03121A445211DB17D31A7B719A
:207700007B790A2B01D90A237B7100233B711EE03A797B79C3F10A039A42B4BF0123002382
:20772000DBB2FB703B79154AD35C1A46144B13F812003B79114AD35C114A5B0013445B7815
:20774000FA781946FBF7D0F93B7901333B713B79092BDDD9074B1B784A2B40F26981054BA5
:2077600000221A70092002F0ADF90A2002F086F95EE100BF7CE80020F31ACA6B34D6020031
:2077800080C50200A7C867DD0A2002F0C1F90346002B00F04D81A84B1B780133DAB2A64BB0
:2077A0001A700723032101221846FBF79DF94B23042101221846FBF797F9072300210122E4
:2077C0001846FBF791F94B23062101221846FBF78BF9122301930023009305230122974999
:2077E0000420FBF7D5F911230193002300930A23012293490620FBF7CBF910230193002335
:2078000000930C2301228F490520FBF7C1F94A23002101221846FBF767F907230193032395
:20782000009307230C2288490B20FBF7B1F9072301930423009307230C2283490B20FBF70C
:20784000A7F9072301930523009307230C227E490B20FBF79DF90723019306230093072399
:207860000C2279490B20FBF793F9072301930723009307230C2274490B20FBF789F9052318
:20788000002101221846FBF72FF94B23052101221846FBF729F94523042101221846FBF703
:2078A00023F94C23002101221846FBF71DF94D23002101221846FBF717F94F2304210122C5
:2078C0001846FBF711F90923002101221846FBF70BF9072301930823009307230C225A4913
:2078E0000B20FBF755F9072301930923009307230C2255490B20FBF74BF9072304210122D7
:207900001846FBF7F1F84623072101221846FBF7EBF8072301930A23009307230C224A49DE
:207920000B20FBF735F9072301930B23009307230C2245490B20FBF72BF9072302210122E6
:207940001846FBF7D1F84123042101221846FBF7CBF80023032101221846FBF7C5F80523B0
:20796000002101221846FBF7BFF8072301930023009307230C2234490B20FBF709F9012330
:20798000032101221846FBF7AFF8072301930123009307230C222C490B20FBF7F9F807232F
:2079A00001930223009307230C2227490B20FBF7EFF80323072101221846FBF795F84B23F3
:2079C000032101221846FBF78FF80C23002101221846FBF789F8184B1B780B2B07D9164BD8
:2079E0001B78182B17D9144B1B78242B13D80F230193002300930B23022214490A20FBF74E
:207A0000C7F80F230193012300930B2302220F490A20FBF7BDF8084B1B78312B08D9064B3B
:207A200000221A700A2002F04DF80B2002F026F800BF0837BD4680BD7CE800206CD30200FB
:207A400078D302008CD3020050CA020020CD020080B58CB000AF082002F05AF80346002B6D
:207A600016D0A84B1B780133DAB2A64B1A70FFF73FFCA44B1B78042B40F27B82A14B002240
:207A80001A70082002F01EF8092001F0F7FF70E2092002F03DF80346002B00F0CB80994BE7
:207AA0001B780133DAB2974B1A708723012101221846FBF719F83723012101221846FBF7C8
:207AC00013F83E23012101221846FBF70DF80C23002101221846FBF707F81A23012101225C
:207AE0001846FBF701F8874B1B78013B87F82F3097F82F300A2B02D90A2387F82F3097F826
:207B00002F30814A32F813303B82002387F82E3034E0002387F82D3027E097F82E2097F88B
:207B20002D1013469B0013445B0013440B445B00764A1344BB603A8A97F82D3042FA03F34D
:207B400003F00103002B01D0032300E00023FB71BB681878BB685B78FA791946FAF7C4FF6E
:207B600097F82D30013387F82D3097F82D300A2BD3D997F82E30013387F82E3097F82E3051
:207B8000182BC6D91423FB735E4B1B785B0087F82C3097F82C20FB7B9A4202D9FB7B87F8EF
:207BA0002C30002387F82B3030E097F82B2097F82C309A4234BF01230023DBB2BB7397F837
:207BC0002B304D337B737B7B514A12F813007B7B4F4A5B0013445B78BA7B1946FAF784FF12
:207BE00097F82B3061333B733B7B494A12F813003B7B474A5B0013445B78BA7B1946FAF7A2
:207C000073FF97F82B30013387F82B3097F82B20FB7B9A42C9D33B4B1B780A2B40F2A98188
:207C2000384B00221A70092001F04CFF0A2001F025FF9EE10A2001F06BFF0346002B00F009
:207C4000F1808723012101221846FAF74DFF3723012101221846FAF747FF3E23012101224F
:207C60001846FAF741FF0C23002101221846FAF73BFF1A23012101221846FAF735FF002351
:207C800087F82A3036E0002387F8293029E097F82A2097F8291013469B0013445B00134453
:207CA0000B445B00194A13447B61174B9B8A1A4697F8293042FA03F303F00103002B01D090
:207CC000032300E00023FB747B6918787B695B78FA7C1946FAF708FF97F82930013387F879
:207CE000293097F829300A2BD1D997F82A30013387F82A3097F82A30182BC4D9002387F803
:207D0000283036E07DE8002004D70200F8CA020040C4020097F82830132B94BF012300230A
:207D2000DBB2BB7697F828304D337B767B7E934A12F813007B7E914A5B0013445B78BA7EA9
:207D40001946FAF7D1FE97F8283061333B763B7E8A4A12F813003B7E884A5B0013445B781E
:207D6000BA7E1946FAF7C0FE97F82830013387F8283097F82830132BCCD93923032101225E
:207D80001846FAF7B1FE3723022101221846FAF7ABFE3C23002101221846FAF7A5FE46234F
:207DA000012101221846FAF79FFE4823022101221846FAF799FE4423002101221846FAF701
:207DC00093FE4123032101221846FAF78DFE5C23002101221846FAF787FE07230221012286
:207DE0001846FAF781FE0E23032101221846FAF77BFE1523032101221846FAF775FE1823F9
:207E0000002101221846FAF76FFE1323022101221846FAF769FE0A2001F054FE0B2001F0A7
:207E20002DFEA6E00B2001F073FE0346002B00F0A0808723012101221846FAF755FE372395
:207E4000012101221846FAF74FFE3E23012101221846FAF749FE0C23002101221846FAF743
:207E600043FE1A23012101221846FAF73DFE002387F8273036E0002387F8263029E097F816
:207E8000272097F8261013469B0013445B0013440B445B003A4A1344FB613A4B9B8A1A46EE
:207EA00097F8263042FA03F303F00103002B01D0032300E00023FB76FB691878FB695B78F3
:207EC000FA7E1946FAF710FE97F82630013387F8263097F826300A2BD1D997F82730013300
:207EE00087F8273097F82730182BC4D9002387F8253037E097F82530132B94BF012300231C
:207F0000DBB287F8243097F825304D3387F8233097F82330194A12F8130097F82330174A26
:207F20005B0013445B7897F824201946FAF7DCFD97F82530613387F8223097F822300F4A3D
:207F400012F8130097F822300C4A5B0013445B7897F824201946FAF7C7FD97F82530013349
:207F600087F8253097F82530132BC3D90C2001F085FD00BF3037BD4680BD00BF40C40200A5
:207F8000F8CA020004D7020080B586B000AF786039600023FB7507F10C0300221A605A60C5
:207FA0001A819F233B7200237B720023BB720023FB7200214FF4867000F0C6FE07F10C01B4
:207FC00007F108030422184601F0E8FA0346FB7501214FF4867000F0B7FE7B7B1A04BB7B44
:207FE0001B021343FA7B13431A46464B1A60454B1B689BB248F21702934244D048F21702E9
:20800000934271D844F21A0293421FD844F21102934269D3A3F58043113B092B64D801A210
:2080200052F823F0DB800200CD800200BF800200B1800200A380020095800200878002007E
:2080400077800200678002005780020047F21802934210D048E07B680A221A703B684FF4B6
:2080600080621A6049E07B6809221A703B684FF400721A6041E07B6808221A703B684FF473
:2080800080721A6039E07B6807221A703B6880221A6032E07B6806221A703B6840221A60E0
:2080A0002BE07B6805221A703B6820221A6024E07B6804221A703B6810221A601DE07B68FC
:2080C00003221A703B6808221A6016E07B6802221A703B6804221A600FE07B6801221A7061
:2080E0003B6802221A6008E07B6800221A703B6800221A600123FB7500BFFB7D1846183711
:20810000BD4680BD80E8002080B588B000AF786007F1180300221A601A7107F10803002244
:208120001A605A609A609A814B233B7600214FF4867000F009FE07F1080107F118030D2243
:20814000184601F02BFA0346FB7701214FF4867000F0FAFDFB7F002B07D107F108030533F6
:2081600008221946786801F06BF8FB7F18462037BD4680BD80B584B000AF03463960FB716D
:208180000123FB730023BB81FB79012B02D10523FB720DE0FB79022B02D13523FB7207E0D9
:2081A000FB79032B02D11523FB7201E0FB7B1AE000214FF4867000F0C7FD07F10C0107F149
:2081C0000B030222184601F0E9F90346FB7301214FF4867000F0B8FDFB7B002B02D17A7B1C
:2081E0003B681A70FB7B18461037BD4680BD80B582B000AF0023FB7106233B7100214FF419
:20820000867000F0A1FD3B1D0121184601F06AF90346FB7101214FF4867000F095FDFB79A8
:2082200018460837BD4680BD80B582B000AF0023FB710423BB7100214FF4867000F084FD9E
:20824000BB1D0121184601F04DF90346FB7101214FF4867000F078FDFB7918460837BD4606
:2082600080BD80B584B000AF03463960FB711346BB710023FB7307F1080300221A601A711B
:208280000123BB73BB79002B09D03B681A0EBB7B591CB973D2B210333B4403F8082C3B689A
:2082A0001A0CBB7B591CB973D2B210333B4403F8082C3B681A0ABB7B591CB973D2B21033E7
:2082C0003B4403F8082CBB7B5A1CBA733A68D2B210333B4403F8082C00214FF4867000F0B6
:2082E00033FDFB79032B1DD0032B27DC012B02D0022B0BD022E0C7233B7207F108030121CA
:20830000184601F0EFF80346FB731BE0D8233B72BA7B07F108031146184601F0E3F80346CB
:20832000FB730FE020233B72BA7B07F108031146184601F0D7F80346FB7303E0FB7B0133FF
:20834000FB7300BF01214FF4867000F0FDFCFB7B18461037BD4680BD80B584B000AF786061
:208360000123FB730023BB810523FB7223E000214FF4867000F0E8FC07F10C0107F10B033B
:208380000222184601F00AF90346BB7301214FF4867000F0D9FCBB7B002B02D17B7BFB7338
:2083A00001E0BB7B13E04FF47A710120EBF788F87B68013B7B60FB7B03F00103002B02D09E
:2083C0007B68002BD3D1FB7B03F00103DBB218461037BD4680BD80B584B000AF7860396083
:2083E0000023FB7300214FF4867000F0ADFC3968786801F077F80346FB7301214FF4867006
:2084000000F0A2FCFB7B18461037BD4680BD80B586B000AFF860B9607A603B600023BB7520
:208420000023FB7500214FF4867000F08DFCB968F86801F057F80346BB7501213868EBF7F8
:208440003FF8BB7D002B05D13968786801F078F80346FB7501214FF4867000F075FCFB7DDD
:2084600018461837BD4680BD80B584B000AF786039600023FB733868FFF76EFFFFF7B7FE47
:2084800039687868FFF7A7FF0346FB733868FFF763FFFFF7C9FEFB7B18461037BD4680BDF8
:2084A00080B584B000AF396011461A460346FB710B46BB711346BB800023FB73FFF797FE72
:2084C00003461A46FB7B1344FB73BB881846FFF743FF03461A46FB7B1344FB73BA79FB7954
:2084E00039681846FFF7BDFE03461A46FB7B1344FB73BB881846FFF72FFF03461A46FB7B04
:208500001344FB73FB7B18461037BD4680BDFFFF80B584B002AF0023FB712E4B0193032361
:208520000093002380222C492C48E9F7C5F82C4B019303230093002380222A492A48E9F70F
:20854000BBF82A4B01930123009300234FF4C07227492848E9F7B0F8274B019302230093EA
:2085600000234FF4007225492548E9F7A5F8254B01930423009300234FF40072224923485F
:20858000E9F79AF8134B1B68002B02D1FB790133FB71134B1B68002B02D1FB790133FB7183
:2085A000124B1B68002B02D1FB790133FB71124B1B68002B02D1FB790133FB71114B1B68F8
:2085C000002B02D1FB790133FB71FB7918460837BD4680BDFCBE002034D7020001D201007D
:2085E00010C3002044D7020095EC01008CC6002058D70200490E020028BF002068D70200A5
:2086000095DF01009CB900207CD702009DAE010080B582B000AF0023FB71002201211420B2
:20862000E8F738F903462C4A5360002201210A20E8F730F90346294A536000224FF43071CD
:208640001420E8F727F90346254A5360002201211420E8F71FF90346224A5360002214214E
:208660003220E8F717F903461F4A53600420E8F79DF903461C4A9360174B5B68002B02D1F6
:20868000FB790133FB71154B5B68002B02D1FB790133FB71134B5B68002B02D1FB790133CA
:2086A000FB710F4B5B68002B02D1FB790133FB710D4B5B68002B02D1FB790133FB710A4B9D
:2086C0009B68002B02D1FB790133FB71FB7918460837BD4680BD00BF8CC6002010C3002010
:2086E00028BF0020FCBE00209CB9002080B582B002AF0A4B0093002301220A210848EAF782
:20870000E7F90346074A9360064B9B68002B01D1012300E000231846BD4680BD350E020091
:208720008CD702008CC6002080B582B000AF0023FB71FFF76DFF0346002B02D0FB7901336D
:20874000FB71FFF7D3FF0346002B02D0FB790133FB71FFF7DDFE0346002B02D0FB790133CC
:20876000FB71FB7918460837BD4680BD80B588B000AF786001233B723248EBF747FAF86181
:20878000FB69002B01D0FB6957E00023FB7614E007F1080319462B48EBF75BFAF861FB698D
:2087A000002B04D02748EBF743FAFB6945E03B7A002B06D0FB7E0133FB76FB7E052BE7D966
:2087C00000E000BF3B7A002B31D107F10C031A460B211C48EBF754FA07F10C0302331A4655
:2087E0000C211848EBF74CFA07F10C0304331A460D211448EBF744FA00237B6113E07B69A6
:208800005B0020333B4433F8143CB3F5006F8CBF01230023D9B27B697A6813440A461A7085
:208820007B6901337B617B69022BE8DD01E01423FB610448EBF7FCF9FB6918462037BD46BB
:2088400080BD00BFF0B000202DE9F04385B002AF0023FB7162B600BF01F0B0F8F2F75AFAF1
:208860000346002B04D1012140F2071000F06CFA01F0A4F8012000F0F7FEF9F7FAF903462F
:208880001A46FB791344FB71F9F702FFF7F756FA0120F9F7C3FD03461D460220F9F7BEFDC8
:2088A00003461E460320F9F7B9FD034698460420F9F7B4FD034699460520F9F7AFFD034624
:2088C0001C460620F9F7AAFD0346019300944B46424631462846F9F747FFF9F721FEF9F7D5
:2088E00049FE1D48FFF742FF0346002B03D1232001F0C4F802E0232001F0E4F8174B002BDE
:2089000025D0174B002B22D0F9F76CFE0346AA2B0CD1142001F0FCF80346002B06D00F4BD1
:20892000042219460F4801F083FD10E0F9F75AFE0346552B0BD1152001F0EAF80346002B91
:2089400005D0074B04221946064801F071FD00BF0C37BD46BDE8F08390E8002028D7020008
:208960001CD7020084E8002080B586B000AF43F608033B6000237B600023BB600023FB60C3
:2089800000233B820023BB740023FB740A490B48EBF7C6F80346FB75FB7D002B06D13B4619
:2089A00019460648EBF71AF90346FB75FB7D18461837BD4680BD00BFFCC10200F0B00020B9
:2089C00080B586B000AF01233B712A48EBF71EF938613B69002B01D0274B43E00023FB75E1
:2089E0000EE03B1D19462348EBF733F938613B69002B02D13B79002B06D0FB7D0133FB754D
:208A0000FB7D052BEDD900E000BF3B79002B04D01848EBF70DF9184B24E0BB1D1A4603218B
:208A20001448EBF72DF91348EBF702F9FB8807EE903AF8EEE77A9FED117A27EE877ADFED18
:208A4000106AC7EE267AC7ED037AD7ED037A9FED0D7A37EEC77AF2EE046AC7EE267AC7ED05
:208A6000027ABB6807EE903AB0EE670A1837BD4680BD00BFF0B0002000C079C400803B457E
:208A800000F07F450000FA4380B582B000AF16491648ECF79BF80346FB71FB79002B01D077
:208AA000FB791CE0002200211048ECF7B3F80346FB71FB79002B01D0FB7910E00C490D48EA
:208AC000EBF740FC0346FB71FB79002B03D10A4B01221A7002E0084B00221A70FB7918469B
:208AE0000837BD4680BD00BF6CBF020034AF0020D8C10200C8B0002094E8002080B584B0D0
:208B000000AF786039600023FB73074B00229A703A6879680548EBF75FFD0346FB73FB7BEB
:208B200018461037BD4680BD94E80020C8B0002080B483B000AF78607B68002B06D0064BF9
:208B40001B78002B02D0044A7B68936000BF0C37BD465DF8047B704794E8002080B483B0CE
:208B600000AF0346FB71FB79002B14BF01230023DAB2044B5A7000BF0C37BD465DF8047B5A
:208B8000704700BF94E8002080B588B000AF786007F10C0300221A605A609A60DA601A61C3
:208BA0007B689B88B3F5804F59D0B3F5804F5BDCB3F5005F53D0B3F5005F55DCB3F5805F78
:208BC0004DD0B3F5805F4FDCB3F5006F29D0B3F5006F49DCB3F5806F27D0B3F5806F43DC36
:208BE000B3F5007F3BD0B3F5007F3DDCB3F5807F35D0B3F5807F37DC202B0FDC022B33DB2C
:208C0000023B1C4A22FA03F303F00103002B14BF01230023DBB2002B21D125E0802B1ED01B
:208C200022E0154B01229A701FE0134B01225A707B6803F1140107F10C031422184601F0E3
:208C4000F7FB0D4B9B6807F10C02104698477B68143314220021184601F0DCFB05E07B681D
:208C60009A88054B9A8000E000BF00BF2037BD4680BD00BF4540004094E8002080B400AF70
:208C80001EF0040F0CBFEFF30880EFF3098000F005B800BFBD465DF8047B704780B483B0B2
:208CA00000AF78601C4B1D4A1A607B681B681A4A53617B685B68184A93617B689B68164A25
:208CC000D3617B68DB68144A13627B681B69124A53627B685B69104A93607B689B690E4ABC
:208CE00053607B68DB690C4A13616B460A4AD3600B4BDB6A084A9362094B9B6A064AD362D8
:208D0000074B5B6B044A1363054B9B6B024A536300BE00BFFDE700BF64090020EFBEADDE3A
:208D200000ED00E080B582B000AF05490548EEF70FFD78607B68DBB218460837BD4680BD9F
:208D40005CC3020044AF002080B584B000AF03460A46FB8013467B717A79FB88194605484C
:208D6000EEF71EFDF860FB68DBB218461037BD4680BD00BF44AF002080B584B000AF034693
:208D8000FB71FA79114913465B0013440B441B781BB21B0219B2FA790C4813465B00134426
:208DA000034401331B781BB20B431BB29BB2FB81FB899BB2064A19460648EEF7DDFC044B19
:208DC0001B7818461037BD4680BD00BF28C40200A0E8002044AF002080B584B000AF034652
:208DE000FB710023FB73FB79002B02D0012B07D00DE009490948EDF779FE0346FB7306E07A
:208E000005490648EDF772FE0346FB7300BFFB7B18461037BD4680BD80BF02004CAF002035
:208E200080B586B000AFB9607A601A460346FB731346BB730023FB750023BB82FB7B002BF3
:208E400002D0012B1CD03AE0BB7B7A68B9682048EDF7C2FE0346FB7507E0BB8A0533BB826F
:208E60004FF47A710520EAF72BFB1A4B1B7883F00103DBB2002B1FD0BB8A182BEDD91BE039
:208E8000BB7B7A68B9681248EDF7A6FE0346FB7507E0BB8A0133BB824FF47A710120EAF731
:208EA0000FFB0C4B1B7883F00103DBB2002B05D0BB8A632BEDD901E000BF00E000BF054B92
:208EC00000221A70FB7D18461837BD4680BD00BF4CAF0020A1E8002080B483B000AF786010
:208EE0007B681A790F4B1A700E4B1B78032B03D10D4B01221A700EE00A4B1B78022B03D14E
:208F00000A4B01221A7006E0064B1B78012B02D1064B01221A7000BF0C37BD465DF8047BAF
:208F2000704700BFD1080020A1E80020A2E8002080B582B000AF0023FB7101230322124926
:208F40000020FFF76DFF03461A46FB791344FB71002302220D490020FFF762FF03461A46F2
:208F6000FB791344FB710023052209490020FFF757FF03461A46FB791344FB71FB79184600
:208F80000837BD4680BD00BFD4080020D8080020DC08002080B584B000AF78600023FB7312
:208FA0000123022216490020FFF73AFF03461A46FB7B1344FB730123042212490020FFF71C
:208FC0002FFF03461A46FB7B1344FB730023A12279680020FFF724FF03461A46FB7B134409
:208FE000FB73FB7B002B14BF01230023DBB21846F4F774F8FB7B18461037BD4680BD00BFEC
:20900000E4080020E808002080B582B000AF0023FB71084B9B681B68064A126805494968ED
:20902000104698470346FB71FB7918460837BD4680BD00BF48C1020090B587B000AF786028
:2090400039600023FB7572B600BF154B9B689B68134A10683A687968984738613B69002BF8
:2090600002D0FB7D0133FB750D4B9B68DC680C4B186807F10F033A687968A04738613B69DB
:20908000002B02D1FB7B002B02D0FB7D0133FB7562B600BFFB7D18461C37BD4690BD00BF34
:2090A00048C1020090B589B000AFF860B9607A600023FB6100237B837B68DB097A6802F0F2
:2090C0007F02002A01D0012200E0002213447B6000237B76FB68B3F5002F03D905237B767A
:2090E0007B7E3DE072B600BF0023FB6131E0FB681D4A934224D81D4B9B685C681B4B186833
:209100007B8BBA68134419468023FA68A04778617B69002B02D07B7E01337B767B7E002B89
:2091200008D1FB688033FB607B8B80337B8300237B760BE005237B7662B600BF7B7E0FE057
:2091400005237B7662B600BF7B7E09E0FB690133FB61FA697B689A42C9D362B600BF7B7EBB
:2091600018462437BD4690BD80FF070048C1020080B584B000AF786039600123FB73002317
:20918000BB603A687B68D31ADB09BB60B9687868FFF752FF0346002B02D10023FB7301E042
:2091A0000223FB73FB7B18461037BD4680BDFFFF80B487B000AFF860B9607A6000237B615F
:2091C0000023FB74FB68403BFB607B68DB097A6802F07F02002A01D0012200E00022134431
:2091E0007B60FB68B3F5002F03D90523FB74FB7C1DE000237B6115E0FB68104A93420AD80B
:20920000FA687B699B00B9680B4412681A60FB680433FB6003E00523FB74FB7C07E07B6958
:2092200001337B617A697B689A42E5D3FB7C18461C37BD465DF8047B704700BF80FF0700C9
:2092400080B487B000AFF860B9607A6000237B610AE0BA687B691A44F9687B690B4412783E
:209260001A707B6901337B617A697B689A42F0D300BF00BF1C37BD465DF8047B704780B478
:2092800087B000AFF860B9607A6000237B610EE0FA687B6913441A78B9687B690B441B789A
:2092A0009A4201D0012307E07B6901337B617A697B689A42ECD3002318461C37BD465DF875
:2092C000047B704780B582B000AF0023FB710B490B48ECF71DFE0346DAB2FB791344FB7102
:2092E0000748ECF749FE0346DAB2FB791344FB71FB7918460837BD4680BD00BF00C1020016
:20930000ECAF002080B588B000AF0346FB710023FB770023BB6100237B6100233B720023FB
:20932000FB6000233B61FB79002B05D12048ECF711FE0346FB7736E007F1080319461C48AD
:20934000ECF7CDFE0346FB773B697B61FB797A6902FB03F3174AA2FB03235B09BB611448DA
:20936000ECF7F8FD0346FB771148ECF717FE0346FB7711490E48ECF7CBFD0346FB77002216
:20938000B9690B48ECF71CFE0346FB77084B9B68BA69DA64064B9B68BA695A650448ECF784
:2093A000EBFD0346FB77FB7F18462037BD4680BDECAF00201F85EB5100C1020080B58AB0CE
:2093C00000AF17491748EEF797FE78627B6A002B01D0012320E03B4624220021184601F08F
:2093E00019F81B237B601223BB600123FB6001233B617D237B610323BB613B4619460948C5
:20940000EEF7A6FE78627B6A002B01D0012303E0054B01221A70002318462837BD4680BDE4
:20942000B0BF02008CAF0020A3E8002080B584B000AF78600D4B1B7883F00103DBB2002BAB
:2094400002D17B68002B01D101230AE079680848EEF77EFEF860FB68002B01D1002300E0FE
:20946000022318461037BD4680BD00BFA3E800208CAF002080B584B000AF78600D4B1B7842
:2094800083F00103DBB2002B02D17B68002B01D101230AE079680848EEF7C4FEF860FB6849
:2094A000002B01D1002300E0022318461037BD4680BD00BFA3E800208CAF002080B582B076
:2094C00000AF0023FB7105490548EFF713FF0346FB71FB7918460837BD4680BD94C102005E
:2094E00098B0002080B584B000AF786039600023BB73114B00221A700A23FB7307233A68BB
:2095000079680E48EFF746FF0346BB7307E04FF47A710120E9F7D4FFFB7B013BFB73064B18
:209520001B78DBB2002B02D1FB7B002BEFD1BB7B18461037BD4680BDA4E8002098B000207D
:2095400080B584B000AF786039600023BB73114B00221A703223FB7307233A6879680E4863
:20956000EFF704FF0346BB7307E04FF47A710120E9F7A6FFFB7B013BFB73064B1B78DBB23F
:20958000002B02D1FB7B002BEFD1BB7B18461037BD4680BDA4E8002098B0002080B588B0D0
:2095A00002AFF860B9607A600023BB753223FB75072300937B68BA68F9680D48EFF7FEFE3D
:2095C0000346BB7507E04FF47A710120E9F778FFFB7D013BFB75074B1B78DBB2002B02D1F1
:2095E000FB7D002BEFD1BB7D18461837BD4680BD98B00020A4E8002080B483B000AF7860E1
:209600007B681B79012B02D1044B01221A7000BF0C37BD465DF8047B704700BFA4E80020DD
:2096200080B582B000AF0023FB710B490B48ECF76FFC0346DAB2FB791344FB7108490948E2
:20964000ECF766FC0346DAB2FB791344FB71FB7918460837BD4680BDA4C00200CCAF002067
:209660000CC00200A4AF002080B584B000AF0346FB710023FB73FB79012B0AD10C48ECF799
:209680007BFC0346FB730B48ECF776FC0346FB7309E00748ECF75EFC0346FB730548ECF7E1
:2096A00059FC0346FB73FB7B18461037BD4680BDCCAF0020A4AF002080B483B000AF786047
:2096C00039607B68002B08D03B68002B05D0064A7B681360054A3B68136000BF0C37BD4658
:2096E0005DF8047B704700BFA8E80020ACE8002080B582B000AF7860054B1B689847054BCC
:209700001B680133034A136000BF0837BD4680BDA8E80020B0E8002080B582B000AF78603E
:20972000054B1B689847054B1B680133034A136000BF0837BD4680BDACE80020B4E8002002
:2097400080B584B000AF0346FB710023FB73FB79002B02D0012B1DD023E014491448EFF77F
:20976000C9F80346FB73134B0122A3F8C022114BB3F8C0321A461049002000F089F8FB7BBA
:20978000002B03D10B4B01221A700AE0094B00221A7006E005490648EFF7ACF80346FB731A
:2097A00000BFFB7B18461037BD4680BD68C1020068B00020B8E80020BBE8002080B586B03E
:2097C00000AF0346B9607A60FB730023FB750023BB82FB7B002B02D0012B19D033E000237F
:2097E0007B8210E07B8ABA681344012219461A48EFF785F90346FB7501210F20E9F760FE6E
:209800007B8A01337B827B8A7A689A42EAD81AE07A68B9681048EFF772F90346FB7507E047
:20982000BB8A0533BB824FF47A710F20E9F748FE0A4B9B7883F00103DBB2002B02D0BB8A3D
:20984000182BEDD900BF054B00229A70FB7D18461837BD4680BD00BF68B00020B8E80020A8
:2098600080B483B000AF78607B68002B07D0074B1B78002B03D0054A7B68C2F8C43200BF91
:209880000C37BD465DF8047B704700BFB8E8002080B586B000AF0346B9607A60FB73002391
:2098A000FB75FB7B002B02D0012B0DD019E07A68B9681048EFF70CF90346FB757B689AB295
:2098C0000D4BA3F8C0220CE07A68B9680948EFF7FFF80346FB757B689AB2074BA3F8C022DF
:2098E00000BF054B00225A70FB7D18461837BD4680BD00BF68B00020B8E8002080B400AF6E
:20990000044B0122A3F8C02200BFBD465DF8047B704700BFB8E8002080B582B000AF78609E
:209920007B681B79042B20D0042B15DC012B02D0022B0DD010E00F4B01225A700D4BD3F80F
:20994000C4320C4AB2F8C02211460B4898470DE0084B01229A7009E0064BB3F8C0321A4602
:2099600005490020FFF794FF00E000BF00BF0837BD4680BDB8E80020BBE8002080B582B029
:2099800000AF0023FB710A4A136923F00203136108490948F0F76EFA0346002B02D0FB7982
:2099A0000133FB71FB7918460837BD4680BD00BF00B0014020C102000CB0002080B582B0E0
:2099C00000AF0023FB710748F0F7A2FA0346002B02D0FB790133FB71FB7918460837BD4609
:2099E00080BD00BF0CB0002080B582B000AF0423FB71204B93F81034C3F30003DBB2002B3B
:209A000006D01C4B002283F810240123FB712BE0184BB3F8C030C3F34003DBB2002B12D00C
:209A2000144B0022A3F8C0200023BB71BB1D19461148F0F781FABB7919460F48F0F788FA96
:209A40000323FB7110E00B4BB3F8C030C3F38003DBB2002B06D0074B0022A3F8C0200223B8
:209A6000FB7101E00423FB71FB7918460837BD4680BD00BF00E001400CB0002080B485B090
:209A800000AF0346FB71FB793F2B12D8FB795B09FB73FB7903F01F03BB73FB7B084A52F88B
:209AA0002310BB7B01229A40FB7B0A43044941F8232000BF1437BD465DF8047B704700BF5D
:209AC00080EB002080B485B000AF0346FB71FB793F2B14D8FB795B09FB73FB7903F01F0395
:209AE000BB73FB7B094A52F82310BB7B012202FA03F3DA43FB7B0A40044941F8232000BF42
:209B00001437BD465DF8047B704700BF80EB002080B485B000AF0346FB71FB793F2B15D88A
:209B2000FB795B09FB73FB7903F01F03BB73FB7B0A4A52F82320BB7B22FA03F303F0010392
:209B4000002B14BF01230023DBB200E0002318461437BD465DF8047B704700BF80EB0020AF
:209B600080B500AFF7F77AFF00BF80BD80B582B000AF0346FB71FB79022B03D103490448C6
:209B8000EDF7E6FD00BF0837BD4680BD5CC3020044AF002081F0004102E000BF83F0004383
:209BA00030B54FEA41044FEA430594EA050F08BF90EA020F1FBF54EA000C55EA020C7FEAFF
:209BC000645C7FEA655C00F0E2804FEA5454D4EB5555B8BF6D420CDD2C4480EA020281EAA7
:209BE000030382EA000083EA010180EA020281EA0303362D88BF30BD11F0004F4FEA013153
:209C00004FF4801C4CEA113102D0404261EB410113F0004F4FEA03334CEA133302D0524268
:209C200063EB430394EA050F00F0A780A4F10104D5F1200E0DDB02FA0EFC22FA05F28018C0
:209C400041F1000103FA0EF2801843FA05F359410EE0A5F120050EF1200E012A03FA0EFC65
:209C600028BF4CF0020C43FA05F3C01851EBE37101F0004507D54FF0000EDCF1000C7EEB75
:209C800000006EEB0101B1F5801F1BD3B1F5001F0CD349085FEA30004FEA3C0C04F101044D
:209CA0004FEA445212F5800F80F09A80BCF1004F08BF5FEA500C50F1000041EB045141EA60
:209CC000050130BD5FEA4C0C404141EB0101013C28BFB1F5801FE9D291F0000F04BF014683
:209CE0000020B1FA81F308BF2033A3F10B03B3F120020CDA0C3208DD02F1140CC2F10C02C6
:209D000001FA0CF021FA02F10CE002F11402D8BFC2F1200C01FA02F120FA0CFCDCBF41EAFD
:209D20000C019040E41AA2BF01EB0451294330BD6FEA04041F3C1CDA0C340EDC04F1140464
:209D4000C4F1200220FA04F001FA02F340EA030021FA04F345EA030130BDC4F10C04C4F155
:209D6000200220FA02F001FA04F340EA0300294630BD21FA04F0294630BD94F0000F83F4C5
:209D8000801306BF81F480110134013D4EE77FEA645C18BF7FEA655C29D094EA050F08BF41
:209DA00090EA020F05D054EA000C04BF1946104630BD91EA030F1EBF0021002030BD5FEAB3
:209DC000545C05D14000494128BF41F0004130BD14F580043CBF01F5801130BD01F00045BB
:209DE00045F0FE4141F470014FF0000030BD7FEA645C1ABF194610467FEA655C1CBF0B4610
:209E0000024650EA013406BF52EA033591EA030F41F4002130BD00BF90F0000F04BF002150
:209E2000704730B54FF4806404F132044FF000054FF0000150E700BF90F0000F04BF002147
:209E4000704730B54FF4806404F1320410F0004548BF40424FF000013EE700BF42004FEAA7
:209E6000E2014FEA31014FEA02701FBF12F07F4393F07F4F81F06051704732F07F4208BF73
:209E8000704793F07F4F04BF41F40021704730B54FF4607401F0004521F000411CE700BFA4
:209EA00050EA010208BF704730B54FF000050AE050EA010208BF704730B511F0004502D517
:209EC000404261EB41014FF4806404F132045FEA915C3FF4D8AE4FF003025FEADC0C18BFE5
:209EE00003325FEADC0C18BF033202EBDC02C2F1200300FA03FC20FA02F001FA03FE40EA24
:209F00000E0021FA02F11444BDE600BF70B54FF0FF0C4CF4E06C1CEA11541DBF1CEA1355BB
:209F200094EA0C0F95EA0C0F00F0DEF82C4481EA030621EA4C5123EA4C5350EA013518BFA9
:209F400052EA033541F4801143F4801338D0A0FB02CE4FF00005E1FB02E506F00042E0FB70
:209F600003E54FF00006E1FB03569CF0000F18BF4EF0010EA4F1FF04B6F5007F64F54074F1
:209F800004D25FEA4E0E6D4146EB060642EAC62141EA55514FEAC52040EA5E504FEACE2E4C
:209FA000B4F1FD0C88BFBCF5E06F1ED8BEF1004F08BF5FEA500E50F1000041EB045170BD5B
:209FC00006F0004646EA010140EA020081EA0301B4EB5C04C2BFD4EB0C0541EA045170BD7B
:209FE00041F480114FF0000E013C00F3AB8014F1360FDEBF002001F0004170BDC4F10004D4
:20A00000203C35DA0C341BDC04F11404C4F1200500FA05F320FA04F001FA05F240EA020099
:20A0200001F0004221F0004110EBD37021FA04F642EB06015EEA430E08BF20EAD37070BD3A
:20A04000C4F10C04C4F1200500FA04F320FA05F001FA04F240EA020001F0004110EBD370D4
:20A0600041F100015EEA430E08BF20EAD37070BDC4F1200500FA05F24EEA020E20FA04F3AF
:20A0800001FA05F243EA020321FA04F001F0004121FA04F220EA020000EBD3705EEA430E77
:20A0A00008BF20EAD37070BD94F0000F0FD101F00046400041EB010111F4801F08BF013C9F
:20A0C000F7D041EA060195F0000F18BF704703F00046520043EB030313F4801F08BF013DFB
:20A0E000F7D043EA0603704794EA0C0F0CEA135518BF95EA0C0F0CD050EA410618BF52EAD4
:20A100004306D1D181EA030101F000414FF0000070BD50EA410606BF1046194652EA4306C7
:20A1200019D094EA0C0F02D150EA013613D195EA0C0F05D152EA03361CBF104619460AD125
:20A1400081EA030101F0004141F0FE4141F470014FF0000070BD41F0FE4141F4780170BD91
:20A1600070B54FF0FF0C4CF4E06C1CEA11541DBF1CEA135594EA0C0F95EA0C0F00F0A7F86D
:20A18000A4EB050481EA030E52EA03354FEA013100F088804FEA03334FF0805545EA1313FC
:20A1A00043EA12634FEA022245EA111545EA10654FEA00260EF000419D4208BF964244F156
:20A1C000FD0404F5407402D25B084FEA3202B61A65EB03055B084FEA32024FF480104FF41F
:20A1E000002CB6EB020E75EB030E22BFB61A754640EA0C005B084FEA3202B6EB020E75EB8E
:20A20000030E22BFB61A754640EA5C005B084FEA3202B6EB020E75EB030E22BFB61A7546DD
:20A2200040EA9C005B084FEA3202B6EB020E75EB030E22BFB61A754640EADC0055EA060EA1
:20A2400018D04FEA051545EA16754FEA06164FEAC30343EA52734FEAC2025FEA1C1CC0D1B4
:20A2600011F4801F0BD141EA00014FF000004FF0004CB6E711F4801F04BF01430020B4F15B
:20A28000FD0C88BFBCF5E06F3FF6AFAEB5EB030C04BFB6EB020C5FEA500C50F1000041EBA9
:20A2A000045170BD0EF0004E4EEA113114EB5C04C2BFD4EB0C0541EA045170BD41F4801133
:20A2C0004FF0000E013C90E645EA060E8DE60CEA135594EA0C0F08BF95EA0C0F3FF43BAF53
:20A2E00094EA0C0F0AD150EA01347FF434AF95EA0C0F7FF425AF104619462CE795EA0C0FE2
:20A3000006D152EA03353FF4FDAE1046194622E750EA410618BF52EA43067FF4C5AE50EA59
:20A3200041047FF40DAF52EA43057FF4EBAE12E74A0011D212F5001211D20DD56FF47873C7
:20A34000B3EB62520ED44FEAC12343F0004343EA505323FA02F070474FF00000704750EA70
:20A36000013002D14FF0FF3070474FF000007047D0B500220B4B06460F46FFF7C7FDFFF770
:20A38000D7FF0446FFF748FD0022074BFFF7BEFD02460B4630463946FFF700FCFFF7C8FF00
:20A3A0002146D0BD0000F03D0000F0410CB4184B30B50C1E9DB01D6808DA8B234FF0FF3049
:20A3C0002B601DB0BDE8304002B070474FF402730290069002A9ADF8143014BF04F1FF3339
:20A3E0002346209A2846049307934FF6FF73ADF8163021AB019300F08BF8431CBCBF8B239E
:20A400002B60002CDDD0029B00221A70D9E700BFEC08002002440346934200D1704703F815
:20A42000011BF9E7014B1868704700BFEC0800200A44431E914200D1704710B511F8014BA6
:20A44000914203F8014FF9D110BD034613F8012B002AFBD1181A013870472DE9F0471F46FD
:20A460008E6882460C46BE4290460B682DD8B1F90C2012F4906F26D06569096905EB450533
:20A48000A3EB01097B1C05EBD5754B446D109D4238BF1D46530527D5294600F059FB0646BB
:20A4A00060B34A462169FFF7C3FFA38923F4906343F08003A38126614E446561A5EB09052A
:20A4C00026603E46A560BE4200D93E4632464146206800F0A9FAA36800209B1BA360236887
:20A4E00033442360BDE8F0872A4600F0BDFB06460028E0D12169504600F0BEFA0C234FF0D3
:20A50000FF30CAF80030A38943F04003A381E9E72DE9F04F98468B899DB007461B060D462F
:20A52000144610D50B6973B9402100F011FB2860286130B90C233B604FF0FF301DB0BDE83B
:20A54000F08F40236B610023CDF80C804FF00109DFF8A081099320238DF8293030238DF803
:20A560002A3023469A4613F8012B0AB1252AF9D1BAEB040B0BD05B46224629463846FFF7B2
:20A580006CFF013000F0A780099A5A4409929AF80030002B00F09F8000234FF0FF320AF1A2
:20A5A000010A049307938DF853301A93CDE90523544605224F4814F8011B00F04FFA049A75
:20A5C000D8B9D00644BF20238DF85330110744BF2B238DF853309AF800302A2B15D0079AB8
:20A5E000544600204FF00A0C214611F8013B303B092B4BD9B0B1079214E0A0EB0803A24671
:20A6000009FA03F313430493D2E7039B191D1B68002B0391BBBF5B4242F002020793079304
:20A62000B8BF049223782E2B0AD163782A2B32D1039B02341A1D1B6843EAE37303920593CD
:20A64000DFF8C0A003222178504600F007FA38B1A0EB0A004022049B01348240134304931B
:20A6600014F8011B062224488DF8281000F0F6F9002836D0214B1BBB039B073323F007031D
:20A6800008330393099B334409936AE70CFB02320C460120A8E7002301344FF00A0C194698
:20A6A0000593204610F8012B303A092A03D9002BC6D00591C4E70CFB012104460123F0E77F
:20A6C00003AB2A4604A9384600930D4BAFF30080421C0646D6D1AB895B063FF52DAF09988D
:20A6E0002CE703AB2A4604A938460093044B00F07DF8EDE799D70200A3D7020000000000F5
:20A700005BA402009FD702002DE9F047164698468A6807460B690C46DDF820909342B8BF63
:20A720001346336091F843200AB1013333602368990642BF336802333360256815F0060594
:20A7400006D104F1190AE36832689B1AAB422BDC94F843302268003B18BF0123920630D421
:20A7600004F1430241463846C847013023D023681A3454F80A2C03F00603042B0ABF54F8CC
:20A780000E5C002533684FF0000608BFED1A54F8123C08BF25EAE5759342C4BF9B1AED18A0
:20A7A000B5421AD1002008E00123524641463846C847013003D14FF0FF30BDE8F08701351A
:20A7C000C1E7E1185A1C30200233224481F8430094F8451082F84310C2E701232246414651
:20A7E0003846C8470130E6D00136D9E72DE9FF470F7E914680460C46782F9A460C9E01F1F3
:20A80000430207D8622F0AD8002F00F0D180582F00F0B88004F1420684F842703AE0A7F165
:20A820006303152BF6D801A151F823F085A8020099A8020015A8020015A8020015A80200F7
:20A8400015A8020099A8020015A8020015A8020015A8020015A8020097A90200C3A802004B
:20A8600051A9020015A8020015A80200B9A9020015A80200C3A8020015A8020015A8020050
:20A8800059A9020033681A1D1B68326004F1420684F8423001239CE033682068191D316018
:20A8A000060601D51D6803E04506FBD5B3F90050002D03DA2D236D4284F8433058480A2372
:20A8C00011E021683368080653F8045B02D4490648BFADB26F2F3360514814BF0A2308232B
:20A8E000002184F843106668002EA66005DB21682E4321F0040121604BD01646B5FBF3F1EA
:20A9000003FB1157C75D06F8017D2F460D46BB42F4D9082B0BD12368DF0708D523696168ED
:20A920009942DEBF302306F8013C06F1FF36921B22614B4603AA21464046CDF800A0FFF72F
:20A94000E3FE01304AD14FF0FF3004B0BDE8F087236843F02003236078273248236884F808
:20A9600045701F06316851F8045B02D45F0648BFADB23160D90744BF43F0200323601DB100
:20A980001023ADE72648E9E7236823F020032360F6E71646BDE733682568181D61693060DA
:20A9A0002E061B6801D5196002E06806FBD51980002316462361BCE7336800211A1D3260AD
:20A9C0001E686268304600F049F808B1801B606063682361002384F84330AAE72369324676
:20A9E00049464046D0470130ADD023689B0713D4E068039B9842B8BF1846A6E701233246AB
:20AA000049464046D04701309DD00135E36803995B1AAB42F2DCEBE7002504F11906F5E738
:20AA2000AAD70200BBD70200884210B501EB020402D98442234607D8431EA14208D011F870
:20AA4000012B03F8012FF8E7024401468A4200D110BD13F8014D02F8014DF7E7C9B2034686
:20AA6000024410B59342184601D1002003E0047801338C42F6D110BD38B50546002941D03F
:20AA800051F8043C0C1F002BB8BFE41800F0E0F81D4A136833B9636014602846BDE838400C
:20AAA00000F0DCB8A34208D9206821188B4201BF19685B6809182160EDE71A465B680BB165
:20AAC000A342FAD911685018A0420BD120680144501811608342E0D118685B6808445360C1
:20AAE0001060DAE702D90C232B60D6E7206821188B4202BF19685B680918636008BF216014
:20AB00005460CAE738BD00BF8CEB002070B50F4E0C460546316811B900F0D4F83060214650
:20AB2000284600F0CFF8431C03D14FF0FF34204670BDC41C24F00304A042F8D0211A28466A
:20AB400000F0C0F80130F2D1EFE700BF88EB00202DE9F843CD1C064625F0030508350C2D18
:20AB600038BF0C25002D01DBA94204D90C2333600020BDE8F883DFF8D48000F069F8D8F88E
:20AB800000301C4644BB29463046FFF7BFFF431C044658D1D8F800402746002F43D1002CCD
:20ABA0004BD023683946304604EB030900F08AF8814542D1216830466D1A2946FFF7A6FF24
:20ABC00001303AD023682B442360D8F800305A6862BBC8F800700FE02268521B20D40B2A9F
:20ABE00017D96119A342256018BF5960636808BFC8F8001062514B60304600F02FF804F1AF
:20AC00000B00231D20F00700C21A1CBF1B1AA350AFE76268A3420CBFC8F800205A60EBE777
:20AC200023466468AEE73C467F68B6E71A465B68A342FBD100235360DEE70C23304633609D
:20AC400000F00CF894E70560D6E700BF8CEB0020014800F047B800BF90EB0020014800F042
:20AC600042B800BF90EB00202DE9F041074614460D4621B91146BDE8F041FFF769BF2AB937
:20AC80002546FFF7F9FE2846BDE8F08100F02CF88442064602D8B4EB500FF4D82146384629
:20ACA000FFF756FF804608B94546ECE7B4422246294628BF3246FFF7BBFB29463846FFF7A9
:20ACC000DBFEF1E738B50023054D044608462B60E8F710FE431C02D12B6803B1236038BD60
:20ACE00094EB00207047704751F8043C181F002BBCBF0B58C01870475FF800F099040020EB
:20AD00005FF800F0210300205FF800F0990600205FF800F0FD0400205FF800F0790000205A
:20AD20005FF800F0B50100205FF800F0290200205FF800F00100002000000805352E382E26
:20AD4000300000004275696C7420776974682052656E6573617320416476616E63656420A0
:20AD6000466C657869626C6520536F667477617265205061636B6167652076657273696FB9
:20AD80006E20352E382E30002820282075696E74385F74202A20292028207078426C6F636E
:20ADA0006B2029203E3D202628207563486561705B2030205D2029202920262620282028AA
:20ADC0002075696E74385F74202A20292028207078426C6F636B2029203C3D2026282075D5
:20ADE00063486561705B2028343039363029202D2031205D2029202900000000433A2F55F5
:20AE0000736572732F7361726176616E612F446F63756D656E74732F424D532F7278795F16
:20AE200030315F6474755F7261345F6E35385F6170706C69636174696F6E2E7A69705F652D
:20AE40007870616E6465642F7278795F30315F6474755F7261345F6E35385F6170706C69FB
:20AE6000636174696F6E2F72612F6177732F4672656552544F532F4672656552544F532FB7
:20AE8000536F757263652F706F727461626C652F4D656D4D616E672F686561705F342E63F7
:20AEA000000000002820282075696E74385F74202A2029202820707652657475726E20298D
:20AEC000203E3D202628207563486561705B2030205D20292029202626202820282075693F
:20AEE0006E74385F74202A2029202820707652657475726E2029203C3D2026282075634874
:20AF00006561705B2028343039363029202D2031205D202920290000282028207078426C59
:20AF20006F636B2D3E78426C6F636B53697A652029203C2028207857616E74656453697A4D
:20AF40006520292029203D3D2030000028202820282073697A655F7420292070784E65772F
:20AF6000426C6F636B4C696E6B2029202620282030783030303720292029203D3D20300076
:20AF800028202820282073697A655F74202920707652657475726E202920262028207369A9
:20AFA0007A655F74202920282030783030303720292029203D3D20300000000028202820B3
:20AFC00075696E74385F74202A202920282070784C696E6B2029203E3D20262820756348A3
:20AFE0006561705B2030205D20292029202626202820282075696E74385F74202A202920C7
:20B00000282070784C696E6B2029203C3D202628207563486561705B2028343039363029DD
:20B02000202D2031205D20292029000028202820282070784C696E6B2D3E78426C6F636B47
:20B0400053697A65202920262028202820282073697A655F74202920312029203C3C20287D
:20B0600020282073697A656F66282073697A655F742029202A202820282073697A655F7431
:20B080002029203820292029202D203120292029202920213D2030202920213D203000001F
:20B0A00070784C696E6B2D3E70784E65787446726565426C6F636B203D3D202828766F6963
:20B0C00064202A29302900002820282075696E74385F74202A20292028207078497465726E
:20B0E00061746F722029203E3D202628207563486561705B2030205D20292029202626208C
:20B100002820282075696E74385F74202A202920282070784974657261746F722029203C02
:20B120003D202628207563486561705B2028343039363029202D2031205D2029202900FF73
:20B140007076506F72744D616C6C6F6300FFFFFF76506F72744672656500FFFF70727649D3
:20B160006E73657274426C6F636B496E746F467265654C69737400FF707851756575650014
:20B18000433A2F55736572732F7361726176616E612F446F63756D656E74732F424D532F54
:20B1A0007278795F30315F6474755F7261345F6E35385F6170706C69636174696F6E2E7A85
:20B1C00069705F657870616E6465642F7278795F30315F6474755F7261345F6E35385F6190
:20B1E00070706C69636174696F6E2F72612F6177732F4672656552544F532F4672656552A4
:20B20000544F532F536F757263652F71756575652E6300007852657475726E20213D2028F5
:20B22000202820282042617365547970655F7420292030202920290070784E657751756506
:20B240007565000070784D75746578007848616E646C6500212820282070764974656D54DB
:20B260006F5175657565203D3D202828766F6964202A29302920292026262028207078517C
:20B28000756575652D3E75784974656D53697A6520213D2028205542617365547970655FC1
:20B2A000742029203055202920290000212820282078436F7079506F736974696F6E203D24
:20B2C0003D202820282042617365547970655F7420292032202920292026262028207078A8
:20B2E00051756575652D3E75784C656E67746820213D20312029202900000000212820289D
:20B3000020785461736B4765745363686564756C657253746174652829203D3D20282028C7
:20B320002042617365547970655F742029203020292029202626202820785469636B735434
:20B340006F5761697420213D203020292029000028206354784C6F636B202920213D20287A
:20B36000202820696E74385F742029203132372029000000707851756575652D3E75784935
:20B3800074656D53697A65203D3D2030000000002128202820707851756575652D3E706306
:20B3A00048656164203D3D202828766F6964202A2930292029202626202820707851756563
:20B3C00075652D3E752E7853656D6170686F72652E784D75746578486F6C64657220213DD4
:20B3E000202828766F6964202A29302920292029000000002820707851756575652029004F
:20B400002128202820282070764275666665722029203D3D202828766F6964202A29302922
:20B42000202920262620282028207078517565756520292D3E75784974656D53697A6520CF
:20B44000213D2028205542617365547970655F7420292030552029202900000021282028D0
:20B46000207076427566666572203D3D202828766F6964202A2930292029202626202820C7
:20B48000707851756575652D3E75784974656D53697A6520213D20282055426173655479BA
:20B4A00070655F7420292030552029202900000028206352784C6F636B202920213D202857
:20B4C000202820696E74385F742029203132372029000000707851756575652D3E757849D4
:20B4E00074656D53697A6520213D20300000000078517565756500007078517565756553E0
:20B500006574436F6E7461696E65720070785175657565536574436F6E7461696E65722DC6
:20B520003E75784D6573736167657357616974696E67203C207078517565756553657443FD
:20B540006F6E7461696E65722D3E75784C656E67746800FF78517565756547656E657269FB
:20B5600063526573657400FF78517565756547656E65726963437265617465007851756535
:20B580007565476976654D7574657852656375727369766500FFFFFF78517565756554614C
:20B5A0006B654D7574657852656375727369766500FFFFFF78517565756547656E6572691C
:20B5C0006353656E6400FFFF78517565756547656E6572696353656E6446726F6D4953523A
:20B5E00000FFFFFF7851756575655265636569766500FFFF78517565756553656D61706835
:20B600006F726554616B6500765175657565416464546F5265676973747279007072764E19
:20B620006F746966795175657565536574436F6E7461696E657200FF0E000000282028206E
:20B64000282075696E7433325F742029207078546F704F66537461636B20262028207569EF
:20B660006E7433325F74202920282030783030303720292029203D3D203055202900000076
:20B68000433A2F55736572732F7361726176616E612F446F63756D656E74732F424D532F4F
:20B6A0007278795F30315F6474755F7261345F6E35385F6170706C69636174696F6E2E7A80
:20B6C00069705F657870616E6465642F7278795F30315F6474755F7261345F6E35385F618B
:20B6E00070706C69636174696F6E2F72612F6177732F4672656552544F532F46726565529F
:20B70000544F532F536F757263652F7461736B732E63000075785072696F72697479203C02
:20B72000202831352900000075785363686564756C657253757370656E646564203D3D2041
:20B7400030000000707850726576696F757357616B6554696D65000028207854696D6549C5
:20B760006E6372656D656E74203E20305520290075785363686564756C6572537573706585
:20B780006E646564203D3D203155000075784E65775072696F72697479203C202831352922
:20B7A00000000000785461736B000000785461736B546F526573756D6500000049444C4521
:20B7C000000000007852657475726E20213D2028202D31202900000075785363686564759B
:20B7E0006C657253757370656E64656420213D2030550000707854434200000075785363D4
:20B80000686564756C657253757370656E646564203D3D2028205542617365547970655FC1
:20B8200074202920305500002820282028202820707844656C617965645461736B4C69732B
:20B840007420292D3E75784E756D6265724F664974656D73203D3D2028205542617365548D
:20B860007970655F74202920302029203F202820282042617365547970655F74202920312C
:20B880002029203A202820282042617365547970655F7420292030202920292029000000F1
:20B8A0007578546F705072696F7269747900000070784576656E744C6973740075785363DD
:20B8C000686564756C657253757370656E64656420213D2028205542617365547970655F1D
:20B8E00074202920305500007078556E626C6F636B65645443420000707854696D654F7553
:20B900007400000070785469636B73546F57616974000000707854434220213D2028287650
:20B920006F6964202A293029000000007078544342203D3D20707843757272656E74544322
:20B940004200000070785443422D3E75784D75746578657348656C640000000070785443A5
:20B960004220213D20707843757272656E745443420000007578496E646578546F5761697A
:20B98000744F6E203C202831290000007578496E646578546F4E6F74696679203C20283182
:20B9A00029000000785461736B546F4E6F74696679000000785469636B436F756E74203DAE
:20B9C0003D2028205469636B547970655F742029203000002820282026282070785443426A
:20B9E0002D3E784576656E744C6973744974656D202920292D3E7078436F6E7461696E6521
:20BA0000722029203D3D202828766F6964202A29302900007578496E646578546F436C6527
:20BA20006172203C2028312900FFFFFF707276496E697469616C6973654E65775461736B18
:20BA400000FFFFFF765461736B44656C617900FF765461736B53746172745363686564757F
:20BA60006C657200785461736B526573756D65416C6C00FF785461736B496E6372656D6521
:20BA80006E745469636B00FF765461736B537769746368436F6E7465787400FF765461733D
:20BAA0006B506C6163654F6E4576656E744C69737400FFFF765461736B506C6163654F6E32
:20BAC0004576656E744C6973745265737472696374656400785461736B52656D6F766546F0
:20BAE000726F6D4576656E744C69737400FFFFFF785461736B436865636B466F7254696D23
:20BB0000654F757400FFFFFF785461736B5072696F72697479446973696E6865726974000B
:20BB2000765461736B5072696F72697479446973696E6865726974416674657254696D6506
:20BB40006F757400546D7220537663007852657475726E00433A2F55736572732F736172E3
:20BB60006176616E612F446F63756D656E74732F424D532F7278795F30315F6474755F72FD
:20BB800061345F6E35385F6170706C69636174696F6E2E7A69705F657870616E6465642F8B
:20BBA0007278795F30315F6474755F7261345F6E35385F6170706C69636174696F6E2F7282
:20BBC000612F6177732F4672656552544F532F4672656552544F532F536F757263652F7455
:20BBE000696D6572732E630028207854696D6572506572696F64496E5469636B73203E203D
:20BC0000302029007854696D6572000078436F6D6D616E644944203C20282028204261734C
:20BC200065547970655F7420292036202900000078436F6D6D616E644944203E3D2028207B
:20BC4000282042617365547970655F74202920362029000028207854696D65725461736B70
:20BC600048616E646C6520213D202828766F6964202A2930292029002820707854696D6504
:20BC8000722D3E7854696D6572506572696F64496E5469636B73203E20302029000000003F
:20BCA000546D725100FFFFFF7854696D657243726561746554696D65725461736B00FFFFA4
:20BCC000707276496E697469616C6973654E657754696D657200FFFF70727650726F636587
:20BCE00073735265636569766564436F6D6D616E647300FF010002000800100036E0014094
:20BD000038E0014090E4014032E0014080E401402AE001404AE0014000000000FFFF000069
:20BD2000002000008000000000000100FFFF070000800000800000000200000018BD020084
:20BD400000000008FF1F0008400000000400000001530100A1530100F75301007754010010
:20BD6000215601005D560100E95401004D550100735501002555010095550100035601002D
:20BD8000B1550100E1550100C1560100F3560100115701002F5701004F570100020403045F
:20BDA0000404FFFFFFFF00FF010203FF75635356434E756D626572203C3D20330000000062
:20BDC000433A2F55736572732F7361726176616E612F446F63756D656E74732F424D532F08
:20BDE0007278795F30315F6474755F7261345F6E35385F6170706C69636174696F6E2E7A39
:20BE000069705F657870616E6465642F7278795F30315F6474755F7261345F6E35385F6143
:20BE200070706C69636174696F6E2F72612F6673702F7372632F726D5F6672656572746F7A
:20BE4000735F706F72742F706F72742E630000002828285343425F54797065202A292028BA
:20BE60002830784530303045303030554C29202B20307830443030554C2920292D3E49438D
:20BE80005352202620283078314646554C202929203D3D20300000007578437269746963C2
:20BEA000616C4E657374696E67000000756C43757272656E745072696F72697479203E3D1C
:20BEC0002028282828312929203C3C202838202D2034292929203E3E202838202D20342905
:20BEE000000000005F5F4E5649435F4765745072696F7269747947726F7570696E672829D7
:20BF0000203C3D202838202D203429202D20310076506F727453564348616E646C65725F7C
:20BF20004300FFFF76506F7274456E746572437269746963616C00FF76506F72744578693C
:20BF400074437269746963616C00FFFF76506F727456616C6964617465496E746572727516
:20BF600070745072696F7269747900FF00000000000000000000000000010019180000004A
:20BF800000000000801A06005000000001011415161700000000000000000000D98E0200F0
:20BFA0000000000078BF0200010100000000000000000000FF000000A8BF0200FFDFFFDF22
:20BFC0000C1100000000000000000000000000000000000000000000000000000000000044
:20BFE000000000000000000000000000000000000000FFFFDFDF0000000000000000000085
:20C000000000000000000000000000000000000080F0FA020000000040787D01020210006A
:20C020001997020000000000D0BF0200FFFFFFFF02000000000000001400000000000000AB
:20C040000000000000000000000000000001000010000000000000000000000000000000CF
:20C060000000000000000000000000000000000000000000000000000000000000000000C0
:20C0800000000000000000000000FFFFDFDF000000000000000000000000000000000000E4
:20C0A000000000000000000020A107000000000090D0030001020F00F196020000000000BA
:20C0C00068C002000100000000000000000000000000000000000000000000000000000035
:20C0E000000000000000FFFFDFDF0000000000000000000000000000000000000000000084
:20C100000200000050C30000000000000000000004FFDF000000000000000000C4C00200A2
:20C120000608030301010000000000000000000000000000000000000000000000000000E9
:20C1400000000000010D010E1CB0002034C1020050BD020000010000780700200F00FFFF23
:20C1600000000000FFFF0000000200000109020A020B020C000000000000000019990200DA
:20C180000000000054C1020001000000000000010000000000050607080202020200000064
:20C1A000010000000000000000000000F99502000000000088C10200000000008C070020F0
:20C1C000AC0700200000000020000000000000000000000000000000000000007C070020C9
:20C1E000898B020000000000B8C102000200010200013F3F000001DFDFFFFFFF000000006E
:20C20000000FDFDF00FFFF000000000000000000F0C1020000000000000000000080000020
:20C220000100000000000000020000000080000003000000000000000400000000800000F4
:20C240000D000000008000000E000000008000000F000000000001040001000000000104A9
:20C260000101000000000000020100000500000003010000000000000401000000000000AB
:20C2800005010000040000000601000004000000070100000000010008010000000401066C
:20C2A00009010000000401060A010000000001060B010000050400000C0100000500000030
:20C2C0000D0100000000010001020000000001030502000004000000060200000400000031
:20C2E000070200000504000008020000000001000C020000000001000D0200000000010002
:20C300000003000000000000010300000000000002030000050400000303000005040000F9
:20C320000403000004000000000400000000011001040000000001100204000000040107B5
:20C34000070400000004010708040000050C00000B04000004000000000500002900000068
:20C3600014C2020000000000A100A400A500A200A300C401C501C801C70180018101820114
:20C38000830131003000CF00D80056000500030073007400750076000000000000000000E1
:20C3A00000000000000000000000000000000000000000000000000000000000000000007D
:20C3C00000000000000000000000000000000000000000000000000000000000000000005D
:20C3E00000000000000000000000000000000000000000000000000000000000000000003D
:20C4000000000000000000000000000000000000000000000000000000000000000000001C
:20C420000000000000000000040900010500010400000400000200000000030100030200D5
:20C440004F044F054F06440244004006400540040501050205034F0744014D0045044704F6
:20C4600047004804480148054701480047054802480647024703480724074A00470747062D
:20C48000440344074406440544044300430143024303410340073F033F023F013F003F044D
:20C4A0003F053F063F073E033E013E023E063E070B050A03090308034803070306033E0490
:20C4C0003E050504040004040B040B060B0705004B004E003E004600430783023302330376
:20C4E000830384013401340284028500350035018501850335033600860086023602360355
:20C500008603200070006F021F021F016F016E031E031E026E026E001E001D036D036D0134
:20C520001D011D006D006C021C02830009033C003903370244004103460148022A0027021B
:20C54000700107025C0063010E0318001302900240024100910191004101870137013E01EA
:20C560002C012E02790323002501070157010C001A01150320033003330020010C02FFFF44
:20C5800004034403440203020C01030105074B024B010303040507034B0407000C000701C9
:20C5A00007024B060504040005050401040407040A010A020A030A004400010303074B0324
:20C5C0000A040E010E050D030D010D050D070C070B010B030B064104410348074A024A0338
:20C5E0004A010A054B0545044C004D004F044A0044010E000E020E030E040E060E070D0254
:20C600000D000D040D060C030C020C060C050C040B000B020B070B050B04000309004607F7
:20C620004B00050044070A060A07FFFF650000200100660000200100670000200100680043
:20C64000002001006900002001006A00002001006B00002001006C00002001006D000020FE
:20C6600001006E00002001006F0000200100700000200100710000200100720000200100E4
:20C68000730002200200740002200200750000230100760000210100770000210100780029
:20C6A000002001007900002001007A00002001007B00002001007C00002001007D0000204E
:20C6C00001007E00002001007F000300000080000322000081000220020082000300000069
:20C6E0008300002001008400030000008500030000008600022002008700002001008800AD
:20C70000002001008900030000008A00002001008B00030000008C00002001008D000020D9
:20C7200001008E00022002008F00002001009000002001009100002001009200022002007D
:20C740009300002001009400002001009500002001009600030000009700002301009800CE
:20C7600000230100990000200100C90000200100CA0000200100CB0003000000CC00030069
:20C780000000CD0003000000CE0004000000CF0004000000D00003000000D100030000007D
:20C7A000D20003000000D30003000000D40000220100D50003000000D60003000000D7004F
:20C7C00003000000D80003000000D90003000000DA0003000000DB0003000000DC00030005
:20C7E00000002D01040000002E01000001002F01000001003001000001003101030000003F
:20C8000032010100010033010100010034010023010035010400000036010020010037018A
:20C82000030000003801000001003901002401003A01002301003B01000001003C0104007F
:20C8400000003D01030000003E01002001003F01002001004001030000004101030000004D
:20C860004201030000004301030000004401002001004501012001004601002401004701A9
:20C88000002001004801040000004901002301004A01002001004B01002301004C01002073
:20C8A00001004D01002001004E01012301004F01002301005001000001005101000001007B
:20C8C000520104000000530104000000540103000000550103000000560103000000570146
:20C8E000030000005801030000005901030000005A01030000005B01030000005C0103005F
:20C9000000005D01030000005E010300000090010400000091010400000092010400000092
:20C92000930101260100940104000000950101000100FFFF3F0006005B004F0066006D004A
:20C940007D0007007F006F0000007F00FF031E00F706BF069E07BD07FD071F02FF079F07CA
:20C960000000FE03C707FE04FF06F007F707CE07CF07BD07F103CC043F0906011B060F0436
:20C9800026062D063D0601113F06270637068F1439008F10390231023D04360689101E0017
:20C9A00030233800760176203F0033063F2033264D0481103E00300936284029401109092C
:20C9C0000800000000090006390037003300FFFF0D00D5000E006B007F00FF003D01D703AE
:20C9E000B101AE01EA02FFFFFF011E02EF043F049E05BB05FB051F00FF05BF05FF07000046
:20CA000019000D00170013001F00FFFF49035D033F003D0023017E03FF03FFFFD7063D02C0
:20CA20007F00FF005F02FF0F303132333435363738394142434445464748494A4B4C4D4E13
:20CA40004F505152535455565758595A5F202F2D01070106010501040000000200010207DF
:20CA60000206020502040100010201010203030603050304020002020201450345024501A0
:20CA800045004604460646054C074C064C054C044505450745064D074D064D054D044C01B2
:20CAA0004C034C024E074E064E054E044D014D034D024F074F064F054E004E014E034E0261
:20CAC0000607060606050604050105030502070707060705060006010603060209040905B3
:20CAE0000906090709030901090208040805080608070803080108028E018E033E033F0002
:20CB00008F008F023F028F03900140013F038C008C023C023C038C038D013D018D028E00FF
:20CB20003E003D0289038A013A013A028A028B003B008B018B033B033B01870288003800BB
:20CB40003801880188033803890089023902390098029803480349019901990249029A00E1
:20CB60009A014A014A00960196024602470097009701470197039800480047039400940163
:20CB80004401440394039500450095029503450345029103920042004202920292034203C0
:20CBA00093019302430243018003810131013102810282003200820182033203320170033F
:20CBC00071002100210271027103210372017202220222017E027F002F002F017F017F0307
:20CBE0002F0380008002300230007C017C032C032D007D007D022D027D037E012E012D03BE
:20CC00007A007A022A022A037A037B012B017B027C002C002B02770277032703280178018F
:20CC20007802280279007901290129007501750225022600760076012601760377002700A5
:20CC400026037300730123012303730374002400740274032403240259035A010A010A0264
:20CC60005A025B000B005B015B030B030B01570258000800080158015803080359005902E9
:20CC800009020900610061011101110361036200120062026203120312025E035F000F00FE
:20CCA0000F025F025F030F0360016002100210015C025C030C030D015D015D020D025E00A4
:20CCC0005E010E010E006A016A031A031B006B006B021B026B036C011C011B0368006802EB
:20CCE0001802180368036901190169026A001A001902650366011601160266026700170022
:20CD0000670167031703170163026400140014016401640314036500650215021500FFFF44
:20CD2000430343074306430543044300440444054406430243014203420741024101410090
:20CD400042044200420142024206420529002A052A0729072802280029042905290128017C
:20CD600029022803290629032B042B002B032A032A062A042A002B052B012A012B022A02E5
:20CD80002B062B072D042D012D032C032C062C042C002C012D052C052D062C072C022D078C
:20CDA0002E002F042F072E072D022D002E042E012F052E052F062E062E022E033000310553
:20CDC000310730072F022F003004300530012F0130022F033006300332043200320331031C
:20CDE0003106310431003205320131013202310232063207340434013403330333063304D8
:20CE0000330033013405330534063307330234073500360436073507340234003504350195
:20CE2000360535053606350635023503370038053807370736023600370437053701360152
:20CE4000370236033706370339043900390338033806380438003905390138013902380224
:20CE6000390639073B043B013B033A033A063A043A003A013B053A053B063A073A023B07CB
:20CE80003C003D043D073C073B023B003C043C013D053C053D063C063C023C033E003F0592
:20CEA0003F073E073D023D003E043E053E013D013E023D033E063E034004400040033F035B
:20CEC0003F063F043F00400540013F0140023F0240064007260325032501260427042706BC
:20CEE00027072602260727052606260026012605250724072404240025002502250624029F
:20CF00002403250524062504240124052307220722052200230023022303230622032301A3
:20CF20002202230423052201210320032000210422042206210221062107210120022100AA
:20CF4000210520011F031E031E011F042004200620071F021F0720051F061F001F011F05A0
:20CF60001E071D071D041D001E001E021E061D021D031E051D061E041D011D051C071B079C
:20CF80001B051B001C001C021C031C061B031C011B021C041C051B011A03190319001A04B6
:20CFA0001B041B061A021A061A071A0119021A001A051901180317031701180419041906A6
:20CFC00019071802180719051806180018011805170716071604160017001702170616029E
:20CFE0001603170516061704160116051507140714051400150015021503150614031501A3
:20D000001402150415051401130312031200130414041406130213061307130112021300A9
:20D0200013051201110310031001110412041206120711021107120511061100110111059F
:20D0400010070F070F040F001000100210060F020F0310050F0610040F010F052503260670
:20D0600026042504240124032507250625022402250124002505250027072803280026002D
:20D0800026052607260327062802260228012601270527042A072A022A00290029052907DB
:20D0A000290329022A0629062A05290429012A042B032C072C042B042A012A032B072B028F
:20D0C0002C062B062C052B052B012B002D032E062E042D042C012C032D072D062D022C024E
:20D0E0002D012C002D052D002F072F032F002E002E052E072E032F062F022E022F012E0124
:20D100002F052F0431073102310030003005300730033002310630063105300430013104CE
:20D12000320333073304320431013103320732023306320633053205320132003403350689
:20D1400035043404330133033407340634023302340133003405340036073603360035005E
:20D16000350535073503360636023502360135013605360438073802380037003705370712
:20D180003703370238063706380537043701380439033A073A0439043801380339073902CE
:20D1A0003A0639063A053905390139003B033C063C043B043A013A033B073B063B023A028D
:20D1C0003B013A003B053B003D073D033D003C003C053C073C033D063D023C023D013C0163
:20D1E0003D053D04230422042206220323032301230023052200230222012307230622029C
:20D20000210020002003210722072205210121052104210220012103210620021F001E00D7
:20D220001E021F072007200520041F011F0420061F051F031F021F061E041D041D071D03BC
:20D240001E031E011E051D011D001E061D051E071D021D061C041B041B061B031C031C01C9
:20D260001C001C051B001C021B011C071C061B021A00190019031A071B071B051A011A05CE
:20D280001A041A0219011A031A0619021800170017021807190719051904180118041906CC
:20D2A0001805180318021806170416041607160317031701170516011600170616051707C2
:20D2C0001602160615041404140614031503150115001505140015021401150715061402CE
:20D2E0001300120012031307140714051301130513041302120113031306120211001000D7
:20D3000010021107120712051204110111041206110511031102110610040F040F070F03BB
:20D320001003100110050F010F0010060F0510070F020F060E040D040D060D030E030E01C8
:20D340000E000E050D000E020D010E070E060D020C000B000B030C070D070D050C010C05CD
:20D360000C040C020B010C030C060B02480248064A064A074803FFFF4805480448004904A5
:20D380004A044A0548014901490549004702460346024601460047004701470347074706EB
:20D3A000470547042122232425262728292A000053484152454400004C495645204C4F437A
:20D3C0004154494F4E00000043414E43454C4C45440000004C4F434154494F4E2053484102
:20D3E00052450000544845524D414C205249534B00000000454D455247454E435900000091
:20D40000414C4552540000004F56455248454154494E47003830393132333830333800004E
:20D4200043414C4C20535550504F525400000000434F4D504C4554450000000055504441F0
:20D440005445000041435449564500004C494D50204D4F4445000000454E41424C45440015
:20D46000534541542F43484152474500464F52574152442041535349535400005052455360
:20D480005320500052455645525345204153534953540000544F205348555420444F574E57
:20D4A000000000004B4559204F464600335320544F20454E41424C4500000000484F4C4451
:20D4C0002053455420464F5200000000544F2043484152474500000025303264202530323A
:20D4E0006420414D0000000025303264202530326420504D0000000046554C4C2043484148
:20D5000052474520425900005455524E204F4E20504F574552000000544F20554E504C5568
:20D52000470000004B4559204F4E0000544F205357495443482054524950000050524553D0
:20D54000532053454C000000335320544F2052455345540048494C4C20484F4C4400000018
:20D560005345525649434500424F4F4B205550434F4D494E470000004F56455244554500D3
:20D58000335320544F2044495341424C450000005354414E44425900554E415641494C41C8
:20D5A000424C450044495341424C4520494E20002573256453000000444541435449564118
:20D5C00054454400414354495641544544000000494E434F4D494E472043414C4C00000049
:20D5E0004D49535345442043414C4C00434F4E4E4543544544000000424C5545544F4F5429
:20D6000048000000444953434F4E4E45435445440000000053484152494E475F2020202064
:20D62000200000005550444154494E47202020202000FFFF2122232425262728292AFFFF5B
:20D64000393A3B3C3D3E3F404142434445464748494A4B4CFF000000000000000000000099
:20D660000000000021FF00000000000000000000000000002122FF00000000000000000048
:20D6800000000000212223FF00000000000000000000000021222324FF000000000000009C
:20D6A000000000002122232425FF00000000000000000000212223242526FF0000000000E8
:20D6C0000000000021222324252627FF00000000000000002122232425262728FF0000002C
:20D6E00000000000212223242526272829FF0000000000002122232425262728292AFF0068
:20D700000000000020006000E000E001E003E103E303E703E707EF07FF07FFFF5259315F0E
:20D72000445455001CD702005258315F4454550028D702004454555F43414E5F54785F54E3
:20D7400061736B004454555F554152545F54785F5461736B000000004454555F4469737009
:20D760005F5461736B0000004454555F554152545F52785F5461736B000000004454555FC8
:20D7800043414E5F52785F5461736B00537754696D65725F5461736B00232D302B200068AC
:20D7A0006C4C00656667454647003031323334353637383941424344454600303132333411
:20D7C0003536373839616263646566001000000000000000017A5200027C0E011B0C0D0043
:20D7E000100000001800000062CCFFFF100000000000000080B584B000AF0023FB6000230C
:20D800007B60194BB3F884309BB23B604FF49643BB60154B4FF42A42A3F8842008E0BB68F2
:20D82000002B02D14FF4FA73FB60BB68013BBB600D4BB3F884309BB2002BF0D13B68012BA6
:20D8400006D1094B4DF60112A3F8442000F06EFB7B6840F2F512934201D17B68FB60FB688B
:20D8600018461037BD4680BD00E07F4080B584B000AF78607B685B681B78002B0DD07B6810
:20D880005B6893F91130184600F054FB7B685B6893F91330184600F04DFB124BB3F8843094
:20D8A0009BB2002B02D1786800F050FB00F01CF8F86000F049F8B860FB68002B01D1BB68DA
:20D8C000FB60FFF797FFB860FB68002B01D1BB68FB607B68002283F83C20FB681846103787
:20D8E000BD4680BD00E07F4080B483B000AF4FF496437B60124BB3221A7007E07B68002B8B
:20D9000001D1142315E07B68013B7B600D4BD3F88030C3F3C033DBB2012BEFD1094B1B7C2F
:20D92000C3F30013DBB2002B02D040F2F51300E0002318460C37BD465DF8047B704700BF69
:20D9400000007E4000E07F4080B483B000AF4FF496437B60124B50221A7007E07B68002B0F
:20D9600001D1142315E07B68013B7B600D4BD3F88030C3F3C033DBB2012BEFD1094B1B7CCF
:20D98000C3F30013DBB2002B02D040F2F51300E0002318460C37BD465DF8047B704700BF09
:20D9A00000007E4000E07F4080B485B000AFF860B9607A60174AFB681B6B1363164B202244
:20D9C0001A70154BD0221A70FB681A6BBB681A44FB681A63FB689B6B5A1EFB689A637B6874
:20D9E000002B10D007E07B68002B01D114230BE07B68013B7B60074BD3F88030C3F3C033C3
:20DA0000DBB2012BEFD1002318461437BD465DF8047B704700E07F4000007E4080B588B069
:20DA200000AFF860B9607A607B68002B06D1FB685B6893F91130184600F07CFA334AFB6870
:20DA40005B6B1363324BE8221A70BB685B08BB6102237B612E4BBA69D2B21A700023FB61AD
:20DA60002CE0FB681B6B1A46294B12881A80FB681B693B6106E03B695A1E3A61002B01D18C
:20DA800014233FE0214BD3F88030C3F38023DBB2012BF0D0FB681A6B7B691A44FB681A636D
:20DAA000FB685A6B7B691A44FB685A63FB689B6B5A1EFB689A63FB690133FB61FA69BB6920
:20DAC0009A42CED3124BD0221A707B68002B11D007E07B68002B01D1142313E07B68013BF1
:20DAE0007B600A4BD3F88030C3F3C033DBB2012BEFD106E0FB685B6893F91130184600F032
:20DB00001DFA002318462037BD4680BD00E07F4000007E4080B586B000AFF860B9607A6014
:20DB200000237B61174B1B7CC3F30013DBB2012B0FD1144BD3F88030C3F38033DBB2012B8F
:20DB400004D1104B1B7C0F4B00221A7440F2F5137B610C4BD3F88020BB681340002B01D0AA
:20DB60007B687B61FB68002B01D0FB687B617B69002B01D0FFF7B8FE7B6918461837BD4628
:20DB800080BD00BF00E07F4080B489B000AFF860B9607A60FB689B693B610823FB760823B9
:20DBA0007B611A4ABB681363194B40221A70184AFB7E13700023FB6109E0FB695B007A68D5
:20DBC0001344134A1B881380FB690133FB61FA697B699A42F1D30E4BD0221A7007E03B6920
:20DBE000002B01D114230BE03B69013B3B61074BD3F88030C3F3C033DBB2012BEFD1002378
:20DC000018462437BD465DF8047B704700E07F4000007E4080B485B000AFF860B9607A60FD
:20DC2000194B4FF6FF721A80174B4FF6FF725A807B689AB2FB689BB2DB039BB213439BB291
:20DC400043F4F0439AB2104BDA80BB689BB26FEA43536FEA53539AB20B4B9A800A4B4FF6A5
:20DC6000FF721A81084B4FF6FF725A81064B4FF6FF729A81044B4FF6FF72DA8100BF143728
:20DC8000BD465DF8047B70476007002080B584B000AF78600023FB60786800F07BF8F86066
:20DCA000FB68002B10D0FB681EE07B689B681A4680217868FFF7B2FEF86018224FF4A04172
:20DCC000F868FFF727FFF8607B689B6B002B02D0FB68002BE9D0FFF78DFDB860FB68002B1D
:20DCE00001D1BB68FB60FB6818461037BD4680BD80B588B000AFF860B9607A600023FB61A6
:20DD0000FB68BA681A63FB687A689A63F86800F041F8F861FB69002B01D0FB6933E01C4B9F
:20DD20000122A3F8E0201EE0FB681B6BB3F5803F06D2FB68DB69BB614FF400537B6105E0E5
:20DD4000FB681B6ABB614FF400437B61BA697969F868FFF729FEF86119224FF4C041F869A2
:20DD6000FFF7D8FEF861FB689B6B002B02D0FB69002BD9D0FFF73EFD3861FB69002B01D1B5
:20DD80003B69FB61FB6918462037BD4680BD00BF00E07F4080B584B000AF78600023FB605E
:20DDA0004FF49643BB607B685B681B78002B0DD07B685B6893F91130184600F0BBF87B6894
:20DDC0005B6893F91330184600F0B4F80F4B4FF45942A3F844200D4B4AF60122A3F8842086
:20DDE00008E0BB68002B02D14FF4FA7309E0BB68013BBB60054BB3F884309BB2012BF0D11E
:20DE0000FB6818461037BD4680BD00BF00E07F4080B588B000AFF860B9607A60184BD3F8C7
:20DE2000DC30C3F3C073DBB2BB61F868FFF7B2FFF861FB69002B01D0FB691CE0BB68590B9D
:20DE40007B685B0B1A46B869FFF7E4FE0D4A0E49F868FFF799FEF86118220021F869FFF77A
:20DE600059FEF861FFF7C6FC7861FB69002B01D17B69FB61FB6918462037BD4680BD00BFA8
:20DE800000E07F406007002030A1000180B584B000AF78600B46FB701346BB707868FFF784
:20DEA00079FFF860FB68002B01D0FB6833E0BB78002B08D0FB789BB2194A43F4CC439BB2D1
:20DEC000A2F8E8301EE01022FF21164800F03AF8FB789BB203F001039BB2002B02D14FF679
:20DEE000FF7201E047F6FF720E4BDA800D4A0E497868FFF749FEF86018220021F868FFF79B
:20DF000009FEF860FFF776FCB860FB68002B01D1BB68FB60FB6818461037BD4680BD00BF3D
:20DF200000E07F406007002030A100015FF800F0ED5001005FF800F0895201005FF800F0FA
:20DF4000295201005FF800F015A402005FF800F0915C0100FFFF0000000000000000000010
:20DF6000000000000100000040BD020040000200050000000600000003000000030000004E
:20DF800020070000C007000000070000FF07000040070000FF0F000000000000000700002A
:20DFA0002000000000000000300000000000000020000000000000003000000000000000C1
:20DFC00040010000000000005001000000000000500100000000000040010000000000001D
:20DFE0003002000000000000400200000000000060020000000000008002000000000000C9
:20E0000051020000000000008B030000000000006606000000000000660600000000000047
:20E02000400000000000000070000000000000004000000000000000700000000000000080
:20E040000404000000000000040400000000000004040000000000000404000000000000A0
:20E0600000000000000001000000000000000100000000000000010000000000000001009C
:20E08000000700000000000000070000000000000007000000000000000700000000000064
:20E0A00000100000001000000000040044190B00002E155801010000FFFFFFFFFFFF01003C
:20E0C00026020101AA010000511D2800540E0000590010203F0000005203000055009F0260
:20E0E000F0080020000000000000000068000000D0000000000000000000000000000000D0
:20E100000000000000000000000000000000000000000000000000000000000000000000FF
:10E1200000000000000000000000000000000000EF
:020000040100F9
:10A10000FFFFFFFFFFFFFFFFFFFFFFFFFFFFFFFF5F
:04A13400FFFFFFFF2B
:20A20000FFFCFFFFFFFFFFFFFFFFFFFFFFFFFFFFFFFFFFFFFFFFFFFFFFFFFFFFFFFFFFFF61
:20A22000FFFFFFFFFFFFFFFFFFFFFFFFFFFFFFFFFFFFFFFFFFFFFFFFFFFFFFFFFFFFFFFF3E
:20A24000FFFFFFFFFFFFFFFFFFFFFFFFFFFFFFFFFFFFFFFFFFFFFFFFFFFFFFFFFFFFFFFF1E
:20A26000FFFFFFFFFFFFFFFFFFFFFFFFFFFFFFFFFFFFFFFFFFFFFFFFFFFFFFFFFFFFFFFFFE
:20A28000F8F8FFFFFFFFFFFFFFFFFFFFFFFFFFFFFFFFFFFFFFFFFFFFFFFFFFFFFFFFFFFFEC
:20A2A000FFFFFFFFFFFFFFFFFFFFFFFFFFFFFFFFFFFFFFFFFFFFFFFFFFFFFFFFFFFFFFFFBE
:10A2C000FFFFFFFFFFFFFFFFFFFFFFFFFFFFFFFF9E
:04000005000081591D
:00000001FF
