[2026-08-01 02:33:02:813][DLFramework ][3 - Information] DLFramework.dll, FileVersion:27. 23. 42. 03, Vendor: UNISOC TECHNOLOGIES INC.
[2026-08-01 02:33:02:813][DLFramework ][3 - Information] ResearchDownload Starting ...
[2026-08-01 02:33:02:813][DLFramework ][3 - Information] Callback : 0x7AF8B8
[2026-08-01 02:33:02:813][DLFramework ][3 - Information] Create Callback Object
[2026-08-01 02:33:02:813][DLFramework ][3 - Information] Creat Config object
[2026-08-01 02:33:02:813][Config      ][3 - Information] D:\River\DTU_FCT\EXEs\RESEARCHDOWNLOAD_R22.19.1701_DUT1\Bin\App\BMFileType.ini
[2026-08-01 02:33:02:813][Config      ][3 - Information] D:\River\DTU_FCT\EXEs\RESEARCHDOWNLOAD_R22.19.1701_DUT1\Bin\App\BMTimeOut.ini
[2026-08-01 02:33:02:813][Config      ][3 - Information] D:\River\DTU_FCT\EXEs\RESEARCHDOWNLOAD_R22.19.1701_DUT1\Bin\Setting\ResearchDownload.ini
[2026-08-01 02:33:02:813][Config      ][3 - Information] D:\River\DTU_FCT\EXEs\RESEARCHDOWNLOAD_R22.19.1701_DUT1\Bin\App\BMError.ini
[2026-08-01 02:33:02:813][Config      ][3 - Information] D:\River\DTU_FCT\EXEs\RESEARCHDOWNLOAD_R22.19.1701_DUT1\Bin\App\BinPack.ini
[2026-08-01 02:33:02:813][Config      ][3 - Information] D:\River\DTU_FCT\EXEs\RESEARCHDOWNLOAD_R22.19.1701_DUT1\Bin\App\MCPType.ini
[2026-08-01 02:33:02:813][Config      ][3 - Information] D:\River\DTU_FCT\EXEs\RESEARCHDOWNLOAD_R22.19.1701_DUT1\Bin\App\CmdDloader.ini
[2026-08-01 02:33:02:813][Config      ][3 - Information] D:\River\DTU_FCT\EXEs\RESEARCHDOWNLOAD_R22.19.1701_DUT1\Bin\App\DLFramework.ini
[2026-08-01 02:33:02:813][DLFramework ][3 - Information] Creat Stop Event
[2026-08-01 02:33:02:813][DLFramework ][3 - Information] Creat CDevMoniterHelper Point
[2026-08-01 02:33:02:813][DLFramework ][3 - Information] Creat SecBinPack object
[2026-08-01 02:33:02:813][Config      ][3 - Information] Get String: BinPack.ini -> Setting -> MaxDataLength -> 50
[2026-08-01 02:33:02:813][Config      ][3 - Information] Get String: BinPack.ini -> Setting -> LoadPolicy -> 0
[2026-08-01 02:33:02:813][DLFramework ][3 - Information] Creat XmlConfigParse object
[2026-08-01 02:33:02:813][DLFramework ][3 - Information] Creat CConfigHelper Point
[2026-08-01 02:33:02:813][DLFramework ][3 - Information] Creat CPacketHelper Point
[2026-08-01 02:33:02:813][DLFramework ][3 - Information] Creat CFrameworkImplHelper Point
[2026-08-01 02:33:02:813][DLFramework ][3 - Information] Creat CReportHelper Point
[2026-08-01 02:33:02:813][DLFramework ][3 - Information] Creat Channel object
[2026-08-01 02:33:02:813][DLFramework ][3 - Information] Creat DevHound object
[2026-08-01 02:33:02:813][DLFramework ][3 - Information] [ ENTER ] -> LoadSetting( )
[2026-08-01 02:33:02:813][Config      ][3 - Information] Get Section: ResearchDownload.ini -> GUI -> BaudRates -> 57600,115200,230400,460800,921600,1000000,2000000,3250000,4000000
[2026-08-01 02:33:02:813][Config      ][3 - Information] Get Section: ResearchDownload.ini -> GUI -> CanEdit -> 1
[2026-08-01 02:33:02:813][Config      ][3 - Information] Get Section: ResearchDownload.ini -> GUI -> CanSelect -> 1
[2026-08-01 02:33:02:813][Config      ][3 - Information] Get Section: ResearchDownload.ini -> GUI -> ClosePortFlag -> 0
[2026-08-01 02:33:02:813][Config      ][3 - Information] Get Section: ResearchDownload.ini -> GUI -> CmdPackage -> 0
[2026-08-01 02:33:02:813][Config      ][3 - Information] Get Section: ResearchDownload.ini -> GUI -> FileFilter -> All file(*.*)|*.*|Image file (*.bin;*.img)|*.bin;*.img||
[2026-08-01 02:33:02:813][Config      ][3 - Information] Get Section: ResearchDownload.ini -> GUI -> FileMode -> 0
[2026-08-01 02:33:02:813][Config      ][3 - Information] Get Section: ResearchDownload.ini -> GUI -> InDLProcess -> 1
[2026-08-01 02:33:02:813][Config      ][3 - Information] Get Section: ResearchDownload.ini -> GUI -> MarkLastState -> 0
[2026-08-01 02:33:02:813][Config      ][3 - Information] Get Section: ResearchDownload.ini -> GUI -> PacketMode -> 1
[2026-08-01 02:33:02:813][Config      ][3 - Information] Get Section: ResearchDownload.ini -> GUI -> PowerManageFlag -> 0
[2026-08-01 02:33:02:813][Config      ][3 - Information] Get Section: ResearchDownload.ini -> GUI -> PowerManageInterval -> 10
[2026-08-01 02:33:02:813][Config      ][3 - Information] Get Section: ResearchDownload.ini -> GUI -> SafetyTipsMsg -> 1
[2026-08-01 02:33:02:813][Config      ][3 - Information] Get Section: ResearchDownload.ini -> GUI -> ScriptControl -> 0
[2026-08-01 02:33:02:813][Config      ][3 - Information] Get Section: ResearchDownload.ini -> GUI -> ScriptControlStop -> 1
[2026-08-01 02:33:02:813][Config      ][3 - Information] Get Section: ResearchDownload.ini -> GUI -> ShowFailedMsgBox -> 0
[2026-08-01 02:33:02:813][Config      ][3 - Information] Get Section: ResearchDownload.ini -> GUI -> ShowPacPath -> 0
[2026-08-01 02:33:02:813][Config      ][3 - Information] Get Section: ResearchDownload.ini -> GUI -> ShowRate -> 1
[2026-08-01 02:33:02:813][Config      ][3 - Information] Get Section: ResearchDownload.ini -> GUI -> ShowSecurityTips -> 0
[2026-08-01 02:33:02:813][Config      ][3 - Information] Get Section: ResearchDownload.ini -> GUI -> SkipBackupNV -> 0
[2026-08-01 02:33:02:813][Config      ][3 - Information] Get Section: ResearchDownload.ini -> GUI -> UserGuide -> UNISOC Download User Guide V4.1.pdf
[2026-08-01 02:33:02:813][Config      ][3 - Information] Get Section: ResearchDownload.ini -> Options -> CheckMatch -> 0
[2026-08-01 02:33:02:813][Config      ][3 - Information] Get Section: ResearchDownload.ini -> Options -> DDRCheck -> 0
[2026-08-01 02:33:02:813][Config      ][3 - Information] Get Section: ResearchDownload.ini -> Options -> EraseAll -> 0
[2026-08-01 02:33:02:813][Config      ][3 - Information] Get Section: ResearchDownload.ini -> Options -> FlashPageType -> 0
[2026-08-01 02:33:02:813][Config      ][3 - Information] Get Section: ResearchDownload.ini -> Options -> KeepCharge -> 0
[2026-08-01 02:33:02:813][Config      ][3 - Information] Get Section: ResearchDownload.ini -> Options -> PowerOff -> 1
[2026-08-01 02:33:02:813][Config      ][3 - Information] Get Section: ResearchDownload.ini -> Options -> ReadChipUID -> 0
[2026-08-01 02:33:02:813][Config      ][3 - Information] Get Section: ResearchDownload.ini -> Options -> Repartition -> 0
[2026-08-01 02:33:02:813][Config      ][3 - Information] Get Section: ResearchDownload.ini -> Options -> Reset -> 0
[2026-08-01 02:33:02:813][Config      ][3 - Information] Get Section: ResearchDownload.ini -> Options -> SelfRefresh -> 0
[2026-08-01 02:33:02:813][Config      ][3 - Information] Get Section: ResearchDownload.ini -> Options -> UartDownload -> 0
[2026-08-01 02:33:02:813][Config      ][3 - Information] Get Section: ResearchDownload.ini -> Options -> WriteEfuse -> 0
[2026-08-01 02:33:02:813][Config      ][3 - Information] Get Section: ResearchDownload.ini -> Options -> ReadMCPType -> 0
[2026-08-01 02:33:02:813][Config      ][3 - Information] Get Section: ResearchDownload.ini -> Options -> EnableLog -> 0
[2026-08-01 02:33:02:813][Config      ][3 - Information] Get Section: ResearchDownload.ini -> Options -> EnableSecureBoot -> 0
[2026-08-01 02:33:02:813][Config      ][3 - Information] Get Section: ResearchDownload.ini -> Options -> EnableEndProcess -> 0
[2026-08-01 02:33:02:813][Config      ][3 - Information] Get Section: ResearchDownload.ini -> Options -> ReadPartition -> 0
[2026-08-01 02:33:02:813][Config      ][3 - Information] Get Section: ResearchDownload.ini -> Options -> DumpUbootLog -> 0
[2026-08-01 02:33:02:813][Config      ][3 - Information] Get Section: ResearchDownload.ini -> Options -> VpacCheck -> 0
[2026-08-01 02:33:02:813][Config      ][3 - Information] Get Section: ResearchDownload.ini -> Options -> CheckNvItemReadCrc -> 0
[2026-08-01 02:33:02:813][Config      ][3 - Information] Get Section: ResearchDownload.ini -> Options -> Enable7e2DumpLog -> 0
[2026-08-01 02:33:02:814][Config      ][3 - Information] Get Section: ResearchDownload.ini -> Options -> ComparePartitionInfo -> 1
[2026-08-01 02:33:02:814][Config      ][3 - Information] Get Section: ResearchDownload.ini -> ChipDspMap -> enable -> 0
[2026-08-01 02:33:02:814][Config      ][3 - Information] Get Section: ResearchDownload.ini -> Download_Packet -> ShowConfirmDialog -> 1
[2026-08-01 02:33:02:814][Config      ][3 - Information] Get Section: ResearchDownload.ini -> Download_Packet -> UnpacketDir -> .\
[2026-08-01 02:33:02:814][Config      ][3 - Information] Get Section: ResearchDownload.ini -> Download_Packet -> packet -> D:\River\DTU_FCT\Info\Configuration\PAC_File_path\RX01_N58_App_v1.0.0.pac
[2026-08-01 02:33:02:814][Config      ][3 - Information] Get Section: ResearchDownload.ini -> FirstMode -> Enable -> 0
[2026-08-01 02:33:02:814][Config      ][3 - Information] Get Section: ResearchDownload.ini -> FirstMode -> FirstMode -> 0x0
[2026-08-01 02:33:02:814][Config      ][3 - Information] Get Section: ResearchDownload.ini -> FirstMode -> SupportFeaturePhone -> 0
[2026-08-01 02:33:02:814][Config      ][3 - Information] Get Section: ResearchDownload.ini -> Mes -> Enable -> 0
[2026-08-01 02:33:02:814][Config      ][3 - Information] Get Section: ResearchDownload.ini -> PartitionValue -> ReadEnable -> 0
[2026-08-01 02:33:02:814][Config      ][3 - Information] Get Section: ResearchDownload.ini -> PartitionValue -> ReadOffset -> 0x0
[2026-08-01 02:33:02:814][Config      ][3 - Information] Get Section: ResearchDownload.ini -> PartitionValue -> ReadPartitionID -> miscdata
[2026-08-01 02:33:02:814][Config      ][3 - Information] Get Section: ResearchDownload.ini -> PartitionValue -> ReadSize -> 0x0
[2026-08-01 02:33:02:814][Config      ][3 - Information] Get Section: ResearchDownload.ini -> PartitionValue -> WriteEnable -> 0
[2026-08-01 02:33:02:814][Config      ][3 - Information] Get Section: ResearchDownload.ini -> PartitionValue -> WriteOffset -> 0x0
[2026-08-01 02:33:02:814][Config      ][3 - Information] Get Section: ResearchDownload.ini -> PartitionValue -> WritePartitionID -> miscdata
[2026-08-01 02:33:02:814][Config      ][3 - Information] Get Section: ResearchDownload.ini -> PartitionValue -> WriteSize -> 0x4
[2026-08-01 02:33:02:814][Config      ][3 - Information] Get Section: ResearchDownload.ini -> PartitionValue -> WriteValue -> TEST
[2026-08-01 02:33:02:814][Config      ][3 - Information] Get Section: ResearchDownload.ini -> PortSetting -> EnableFilter -> 1
[2026-08-01 02:33:02:814][Config      ][3 - Information] Get Section: ResearchDownload.ini -> PortSetting -> EnableFixedPort -> 0
[2026-08-01 02:33:02:814][Config      ][3 - Information] Get Section: ResearchDownload.ini -> PortSetting -> FilterPort -> 1,2
[2026-08-01 02:33:02:814][Config      ][3 - Information] Get Section: ResearchDownload.ini -> Report -> DUTID -> 0
[2026-08-01 02:33:02:814][Config      ][3 - Information] Get Section: ResearchDownload.ini -> Report -> Type -> 0
[2026-08-01 02:33:02:814][Config      ][3 - Information] Get Section: ResearchDownload.ini -> Report -> enable -> 0
[2026-08-01 02:33:02:814][Config      ][3 - Information] Get Section: ResearchDownload.ini -> SN -> AutoGenerateSN -> 1
[2026-08-01 02:33:02:814][Config      ][3 - Information] Get Section: ResearchDownload.ini -> SN -> AutoStartAfterInputSN -> 1
[2026-08-01 02:33:02:814][Config      ][3 - Information] Get Section: ResearchDownload.ini -> SN -> NeedPhaseCheck -> 0
[2026-08-01 02:33:02:814][Config      ][3 - Information] Get Section: ResearchDownload.ini -> SN -> SN_LENGTH -> 14
[2026-08-01 02:33:02:814][Config      ][3 - Information] Get Section: ResearchDownload.ini -> SN -> WithDataTime -> 0
[2026-08-01 02:33:02:814][Config      ][3 - Information] Get Section: ResearchDownload.ini -> Selection -> SelectProduct -> PAC_UIX8910_MODEM
[2026-08-01 02:33:02:814][Config      ][3 - Information] Get Section: ResearchDownload.ini -> Serial port -> Baud rate -> 115200
[2026-08-01 02:33:02:814][Config      ][3 - Information] Get Section: ResearchDownload.ini -> Serial port -> Port -> 23
[2026-08-01 02:33:02:814][Config      ][3 - Information] Get Section: ResearchDownload.ini -> Settings -> CheckDriverVer -> 1
[2026-08-01 02:33:02:814][Config      ][3 - Information] Get Section: ResearchDownload.ini -> Settings -> WaitTimeForNextChip -> 0
[2026-08-01 02:33:02:814][Config      ][2 - Warning    ] Section ( ResearchDownload.ini -> default ) is an empty.
[2026-08-01 02:33:02:814][Config      ][2 - Warning    ] Section ( ResearchDownload.ini -> EraseFlash ) is an empty.
[2026-08-01 02:33:02:814][Config      ][3 - Information] Get Section: ResearchDownload.ini -> NV -> FileNameWithSN -> 1
[2026-08-01 02:33:02:814][Config      ][3 - Information] Get Section: ResearchDownload.ini -> NV -> SaveToLocalFlag -> 0
[2026-08-01 02:33:02:814][Config      ][3 - Information] Get Section: ResearchDownload.ini -> NV -> PrintOffset -> 0
[2026-08-01 02:33:02:814][Config      ][3 - Information] Get Section: ResearchDownload.ini -> NV -> EnableReadNV -> 0
[2026-08-01 02:33:02:814][Config      ][3 - Information] Get Section: ResearchDownload.ini -> ReadFlash -> flash00 -> 0:0x8000C0:0xFF40:D:\River\DTU_FCT\EXEs\RESEARCHDOWNLOAD_R22.19.1701_DUT1\Bin\ReadFlash\fdl1.sign.img
[2026-08-01 02:33:02:814][Config      ][3 - Information] Get Section: ResearchDownload.ini -> ReadFlash -> flash01 -> 0:0x60000000:0x10000:D:\River\DTU_FCT\EXEs\RESEARCHDOWNLOAD_R22.19.1701_DUT1\Bin\ReadFlash\boot.sign.img
[2026-08-01 02:33:02:814][Config      ][3 - Information] Get Section: ResearchDownload.ini -> ReadFlash -> flash02 -> 0:0x60010000:0x260000:D:\River\DTU_FCT\EXEs\RESEARCHDOWNLOAD_R22.19.1701_DUT1\Bin\ReadFlash\Customer_cat1bis_novolte.sign.img
[2026-08-01 02:33:02:814][Config      ][3 - Information] Get Section: ResearchDownload.ini -> ReadFlash -> flash03 -> 0:0x60270000:0x1C0000:D:\River\DTU_FCT\EXEs\RESEARCHDOWNLOAD_R22.19.1701_DUT1\Bin\ReadFlash\hello_flash.img
[2026-08-01 02:33:02:814][Config      ][3 - Information] Get Section: ResearchDownload.ini -> ReadFlash -> flash04 -> 0:0x60560000:0x280000:D:\River\DTU_FCT\EXEs\RESEARCHDOWNLOAD_R22.19.1701_DUT1\Bin\ReadFlash\cat1_UIS8915DM_BB_RF_SS_NoVolte_cus.img
[2026-08-01 02:33:02:814][Config      ][3 - Information] Get Section: ResearchDownload.ini -> ReadFlash -> flash05 -> 0:0xFE000006:0x53595346:D:\River\DTU_FCT\EXEs\RESEARCHDOWNLOAD_R22.19.1701_DUT1\Bin\ReadFlash\_only.bin
[2026-08-01 02:33:02:814][Config      ][3 - Information] Get Section: ResearchDownload.ini -> ReadFlash -> flash06 -> 0:0xFE000001:0x0:D:\River\DTU_FCT\EXEs\RESEARCHDOWNLOAD_R22.19.1701_DUT1\Bin\ReadFlash\_only.bin
[2026-08-01 02:33:02:814][Config      ][3 - Information] Get Section: ResearchDownload.ini -> ReadFlash -> flash07 -> 0:0xFE000003:0x20000:D:\River\DTU_FCT\EXEs\RESEARCHDOWNLOAD_R22.19.1701_DUT1\Bin\ReadFlash\cat1_UIS8915DM_BB_RF_SS_NoVolte_cus_nvitem.bin
[2026-08-01 02:33:02:814][Config      ][3 - Information] Get Section: ResearchDownload.ini -> ReadFlash -> flash08 -> 0:0xFE000004:0x0:D:\River\DTU_FCT\EXEs\RESEARCHDOWNLOAD_R22.19.1701_DUT1\Bin\ReadFlash\cat1_UIS8915DM_BB_RF_SS_NoVolte_cus_prepack.cpio
[2026-08-01 02:33:02:814][Config      ][3 - Information] Get Section: ResearchDownload.ini -> ReadFlash -> flash09 -> 0:0xFE000002:0x100:D:\River\DTU_FCT\EXEs\RESEARCHDOWNLOAD_R22.19.1701_DUT1\Bin\ReadFlash\miscdata.bin
[2026-08-01 02:33:02:814][Config      ][2 - Warning    ] Section ( ResearchDownload.ini -> STINGRAY ) is an empty.
[2026-08-01 02:33:02:814][Config      ][3 - Information] Get Section: ResearchDownload.ini -> Selinux -> Data -> Selinux:-
[2026-08-01 02:33:02:814][Config      ][3 - Information] Get Section: ResearchDownload.ini -> UsageStatistics -> Exsrv -> \\10.0.3.44\phone
[2026-08-01 02:33:02:814][Config      ][2 - Warning    ] Section ( ResearchDownload.ini -> WriteFlash ) is an empty.
[2026-08-01 02:33:02:814][Config      ][2 - Warning    ] Section ( ResearchDownload.ini -> Customization ) is an empty.
[2026-08-01 02:33:02:814][Config      ][3 - Information] Get Section: ResearchDownload.ini -> PreloadDLImage -> Enable -> 0
[2026-08-01 02:33:02:814][Config      ][3 - Information] Get Section: ResearchDownload.ini -> PreloadDLImage -> FileID -> My_preload
[2026-08-01 02:33:02:814][Config      ][3 - Information] Get Section: ResearchDownload.ini -> PreloadDLImage -> ImageNameBase -> my_preload
[2026-08-01 02:33:02:814][Config      ][3 - Information] Get Section: ResearchDownload.ini -> IQDynamicData -> Enable -> 0
[2026-08-01 02:33:02:814][Config      ][3 - Information] Default String: ResearchDownload.ini -> GUI -> EraseAllFlashMsg -> You have selected [Erase All Flash], this will clear all data stored in the flash including calibration.IMEI will be erased too and need to be rewritten,If continue?
[2026-08-01 02:33:02:814][Config      ][3 - Information] Default String: ResearchDownload.ini -> GUI -> EraseIMEIMsg -> You have not selected to backup IMEI item,IMEI will be erased and need to be rewritten,If continue?
[2026-08-01 02:33:02:816][Config      ][3 - Information] Default String: ResearchDownload.ini -> GUI -> ShowChinese -> 1
[2026-08-01 02:33:02:816][Config      ][3 - Information] Default String: ResearchDownload.ini -> GUI -> DeleteTmpDir -> 1
[2026-08-01 02:33:02:816][Config      ][3 - Information] Default String: ResearchDownload.ini -> GUI -> KeepPacNVState -> 0
[2026-08-01 02:33:02:816][Config      ][3 - Information] Default String: ResearchDownload.ini -> GUI -> Manual -> 0
[2026-08-01 02:33:02:816][Config      ][3 - Information] Default String: ResearchDownload.ini -> GUI -> ShowMcpTypePage -> 0
[2026-08-01 02:33:02:816][Config      ][3 - Information] Default String: ResearchDownload.ini -> SN -> FixedSN -> 
[2026-08-01 02:33:02:816][Config      ][3 - Information] Default String: ResearchDownload.ini -> SN -> FixedSN2 -> 
[2026-08-01 02:33:02:816][Config      ][3 - Information] Default String: ResearchDownload.ini -> SN -> WriteSN2Enable -> 0
[2026-08-01 02:33:02:816][Config      ][3 - Information] Default String: ResearchDownload.ini -> Options -> SendFlag -> 0
[2026-08-01 02:33:02:816][Config      ][3 - Information] Default String: ResearchDownload.ini -> Options -> WriteTimestamp -> 0
[2026-08-01 02:33:02:816][Config      ][3 - Information] Default String: ResearchDownload.ini -> Options -> SupportCU -> 0
[2026-08-01 02:33:02:816][Config      ][3 - Information] Default String: ResearchDownload.ini -> Options -> SupportCheckRoot -> 0
[2026-08-01 02:33:02:816][Config      ][3 - Information] Default String: ResearchDownload.ini -> Options -> SupportInproduction -> 0
[2026-08-01 02:33:02:816][Config      ][3 - Information] Default String: ResearchDownload.ini -> Options -> BackupProdnvMiscData -> 0
[2026-08-01 02:33:02:816][Config      ][3 - Information] Default String: ResearchDownload.ini -> Options -> SharkNandOption -> 0
[2026-08-01 02:33:02:816][Config      ][3 - Information] Default String: ResearchDownload.ini -> Download_Packet -> Floader -> 
[2026-08-01 02:33:02:816][Config      ][3 - Information] Get String: ResearchDownload.ini -> Download_Packet -> Packet -> D:\River\DTU_FCT\Info\Configuration\PAC_File_path\RX01_N58_App_v1.0.0.pac
[2026-08-01 02:33:02:816][Config      ][3 - Information] Default String: ResearchDownload.ini -> Settings -> SkipFileID -> 
[2026-08-01 02:33:02:816][Config      ][3 - Information] Default String: ResearchDownload.ini -> Settings -> MustFileID -> 
[2026-08-01 02:33:02:816][Config      ][3 - Information] Default String: ResearchDownload.ini -> Settings -> RemoveImgStoreInterval -> 7
[2026-08-01 02:33:02:816][Config      ][3 - Information] Default String: ResearchDownload.ini -> Settings -> CheckCali -> 0
[2026-08-01 02:33:02:816][Config      ][3 - Information] Default String: ResearchDownload.ini -> Settings -> CheckStation -> 
[2026-08-01 02:33:02:817][Config      ][3 - Information] Default String: ResearchDownload.ini -> NV -> LangNVItemID -> 405
[2026-08-01 02:33:02:817][Config      ][3 - Information] Default String: ResearchDownload.ini -> NV -> PrintNVItem -> 
[2026-08-01 02:33:02:817][Config      ][3 - Information] Default String: ResearchDownload.ini -> UsageStatistics -> Insrv -> 
[2026-08-01 02:33:02:817][Config      ][3 - Information] Get String: ResearchDownload.ini -> Debug -> Data -> enable:level=-
[2026-08-01 02:33:02:817][Config      ][3 - Information] Get String: ResearchDownload.ini -> Comparison -> Enable -> 0
[2026-08-01 02:33:02:817][Config      ][3 - Information] Get String: ResearchDownload.ini -> Comparison -> Policy -> 1
[2026-08-01 02:33:02:817][Config      ][3 - Information] Get String: ResearchDownload.ini -> Comparison -> Program -> C:\Program Files (x86)\Beyond Compare 3\BCompare.exe
[2026-08-01 02:33:02:817][Config      ][3 - Information] Default String: ResearchDownload.ini -> Customization -> CU -> 
[2026-08-01 02:33:02:817][Config      ][3 - Information] Default String: ResearchDownload.ini -> Customization -> ChangeCU -> 0
[2026-08-01 02:33:02:817][Config      ][3 - Information] Default String: ResearchDownload.ini -> Customization -> CheckRoot -> 0
[2026-08-01 02:33:02:817][Config      ][3 - Information] Default String: ResearchDownload.ini -> Customization -> BadFlashRate -> 0
[2026-08-01 02:33:02:817][Config      ][3 - Information] Default String: ResearchDownload.ini -> Customization -> CheckBadFlashRate -> 0
[2026-08-01 02:33:02:817][Config      ][3 - Information] Default String: ResearchDownload.ini -> Customization -> Inproduction -> 0
[2026-08-01 02:33:02:817][Config      ][3 - Information] Default String: ResearchDownload.ini -> IQDynamicData -> Offset -> -1
[2026-08-01 02:33:02:817][Config      ][3 - Information] Default String: ResearchDownload.ini -> IQDynamicData -> Value -> 
[2026-08-01 02:33:02:817][Config      ][3 - Information] Get Section: BMTimeOut.ini -> Timeout -> CheckBaudRom -> 20
[2026-08-01 02:33:02:817][Config      ][3 - Information] Get Section: BMTimeOut.ini -> Timeout -> Check Baud -> 1000
[2026-08-01 02:33:02:817][Config      ][3 - Information] Get Section: BMTimeOut.ini -> Timeout -> HostConnect -> 1000
[2026-08-01 02:33:02:817][Config      ][3 - Information] Get Section: BMTimeOut.ini -> Timeout -> HostDownload -> 10000
[2026-08-01 02:33:02:817][Config      ][3 - Information] Get Section: BMTimeOut.ini -> Timeout -> HostExcute -> 2000
[2026-08-01 02:33:02:817][Config      ][3 - Information] Get Section: BMTimeOut.ini -> Timeout -> Connect -> 3000
[2026-08-01 02:33:02:817][Config      ][3 - Information] Get Section: BMTimeOut.ini -> Timeout -> Erase Flash -> 3600000
[2026-08-01 02:33:02:817][Config      ][3 - Information] Get Section: BMTimeOut.ini -> Timeout -> Read Flash -> 10000
[2026-08-01 02:33:02:817][Config      ][3 - Information] Get Section: BMTimeOut.ini -> Timeout -> StartData -> 30000
[2026-08-01 02:33:02:817][Config      ][3 - Information] Get Section: BMTimeOut.ini -> Timeout -> Download -> 120000
[2026-08-01 02:33:02:817][Config      ][3 - Information] Get Section: BMTimeOut.ini -> Timeout -> Excute -> 1000
[2026-08-01 02:33:02:817][Config      ][3 - Information] Get Section: BMTimeOut.ini -> Timeout -> ExecNandInit -> 60000
[2026-08-01 02:33:02:817][Config      ][3 - Information] Get Section: BMTimeOut.ini -> Timeout -> Repartition -> 60000
[2026-08-01 02:33:02:817][Config      ][3 - Information] Get Section: BMTimeOut.ini -> Timeout -> EndData -> 60000
[2026-08-01 02:33:02:817][Config      ][3 - Information] Get Section: BMTimeOut.ini -> Timeout -> ReadFlashType -> 1000
[2026-08-01 02:33:02:817][Config      ][3 - Information] Get Section: BMTimeOut.ini -> Timeout -> ReadSectorSize -> 1000
[2026-08-01 02:33:02:817][Config      ][3 - Information] Get Section: BMTimeOut.ini -> Timeout -> KeepCharge -> 3000
[2026-08-01 02:33:02:817][Config      ][3 - Information] Get Section: BMTimeOut.ini -> Timeout -> SendExtTable -> 1000
[2026-08-01 02:33:02:817][Config      ][3 - Information] Get Section: BMTimeOut.ini -> Timeout -> ReadFlashUID -> 1000
[2026-08-01 02:33:02:817][Config      ][3 - Information] Get Section: BMTimeOut.ini -> Timeout -> ReadSoftSimEID -> 2000
[2026-08-01 02:33:02:817][Config      ][3 - Information] Get Section: BMTimeOut.ini -> Timeout -> ChangeBaud -> 2000
[2026-08-01 02:33:02:817][Config      ][3 - Information] Get Section: BMTimeOut.ini -> Timeout -> StartRead -> 20000
[2026-08-01 02:33:02:817][Config      ][3 - Information] Get Section: BMTimeOut.ini -> Timeout -> MidstRead -> 20000
[2026-08-01 02:33:02:817][Config      ][3 - Information] Get Section: BMTimeOut.ini -> Timeout -> EndRead -> 20000
[2026-08-01 02:33:02:817][Config      ][3 - Information] Get Section: BMTimeOut.ini -> Timeout -> DDRCheck -> 30000
[2026-08-01 02:33:02:817][Config      ][3 - Information] Get Section: BMTimeOut.ini -> Timeout -> SelfRefresh -> 40000
[2026-08-01 02:33:02:817][Config      ][3 - Information] Get Section: BMTimeOut.ini -> Timeout -> ReadNandBlockInfo -> 3000
[2026-08-01 02:33:02:817][Config      ][3 - Information] Get Section: BMTimeOut.ini -> Timeout -> SetFirstMode -> 1000
[2026-08-01 02:33:02:817][Config      ][3 - Information] Get Section: BMTimeOut.ini -> Timeout -> CheckDUT -> 500
[2026-08-01 02:33:02:817][Config      ][3 - Information] Get Section: BMTimeOut.ini -> Timeout -> EnableRawData -> 20000
[2026-08-01 02:33:02:817][Config      ][3 - Information] Get Section: BMTimeOut.ini -> Timeout -> FlushData -> 20000
[2026-08-01 02:33:02:817][Config      ][3 - Information] Get Section: BMTimeOut.ini -> Timeout -> MidstRawStart -> 20000
[2026-08-01 02:33:02:817][Config      ][3 - Information] Get Section: BMTimeOut.ini -> Timeout -> SetRandomData -> 20000
[2026-08-01 02:33:02:817][Config      ][3 - Information] Get Section: BMTimeOut.ini -> Timeout -> ReadPartitionInfo -> 1000
[2026-08-01 02:33:02:817][Config      ][3 - Information] Get Section: BMTimeOut.ini -> Timeout -> DumpUbootLog -> 5000
[2026-08-01 02:33:02:817][Config      ][3 - Information] Get Section: BMTimeOut.ini -> Timeout -> ReadVpac -> 1000
[2026-08-01 02:33:02:817][Config      ][3 - Information] Get Section: BMTimeOut.ini -> Timeout -> Watchdog -> 1000
[2026-08-01 02:33:02:817][Config      ][3 - Information] Get Section: BMTimeOut.ini -> OperationInterval -> Connect -> 0
[2026-08-01 02:33:02:817][Config      ][3 - Information] Get Section: BMTimeOut.ini -> Check Baud Times -> CheckBaud -> 100
[2026-08-01 02:33:02:817][Config      ][3 - Information] Get Section: BMTimeOut.ini -> Check Baud Times -> FDL -> 20
[2026-08-01 02:33:02:817][Config      ][3 - Information] Get Section: BMTimeOut.ini -> Check Baud Times -> ReadSN -> 10
[2026-08-01 02:33:02:817][Config      ][3 - Information] Get Section: BMTimeOut.ini -> Check Baud Times -> HostConnect -> 2000
[2026-08-01 02:33:02:817][Config      ][3 - Information] Get Section: BMTimeOut.ini -> CheckDUT -> CheckTimes -> 0
[2026-08-01 02:33:02:817][Config      ][3 - Information] Get Section: BMTimeOut.ini -> CheckDUT -> WaitTimeForNextChip -> 2000
[2026-08-01 02:33:02:817][Config      ][3 - Information] Get Section: BMTimeOut.ini -> CheckBaudSetting -> 7ENumPerTime -> 1
[2026-08-01 02:33:02:817][Config      ][3 - Information] Get Section: BMTimeOut.ini -> NVItem -> ItemID -> 0x8
[2026-08-01 02:33:02:817][Config      ][3 - Information] Get Section: BMTimeOut.ini -> Log -> SerialDDRLogEnable -> 0
[2026-08-01 02:33:02:817][Config      ][3 - Information] Get Section: BMTimeOut.ini -> SecondEnumPort -> EnumPortTimeOut -> 60000
[2026-08-01 02:33:02:817][Config      ][3 - Information] Get Section: BMTimeOut.ini -> SecondEnumPort -> EnumPortErrorMsg -> The second enumemration port timeout
[2026-08-01 02:33:02:817][Config      ][3 - Information] Get Section: BMFileType.ini -> CheckBaud -> 1 -> CheckBaudRom
[2026-08-01 02:33:02:817][Config      ][3 - Information] Get Section: BMFileType.ini -> CheckBaud -> 2 -> GetCheckBaudCrcType
[2026-08-01 02:33:02:817][Config      ][3 - Information] Get Section: BMFileType.ini -> FDL1 -> 1 -> Connect2
[2026-08-01 02:33:02:817][Config      ][3 - Information] Get Section: BMFileType.ini -> FDL1 -> 2 -> Download
[2026-08-01 02:33:02:817][Config      ][3 - Information] Get Section: BMFileType.ini -> FDL1 -> 3 -> Excute
[2026-08-01 02:33:02:819][Config      ][3 - Information] Get Section: BMFileType.ini -> FDL2 -> 1 -> Connect2
[2026-08-01 02:33:02:819][Config      ][3 - Information] Get Section: BMFileType.ini -> FDL2 -> 2 -> ChangeBaud
[2026-08-01 02:33:02:819][Config      ][3 - Information] Get Section: BMFileType.ini -> FDL2 -> 3 -> Download
[2026-08-01 02:33:02:819][Config      ][3 - Information] Get Section: BMFileType.ini -> FDL2 -> 4 -> ExecNandInit
[2026-08-01 02:33:02:819][Config      ][3 - Information] Get Section: BMFileType.ini -> HOST_FDL -> 1 -> HostConnect
[2026-08-01 02:33:02:819][Config      ][3 - Information] Get Section: BMFileType.ini -> HOST_FDL -> 2 -> HostDownload
[2026-08-01 02:33:02:819][Config      ][3 - Information] Get Section: BMFileType.ini -> HOST_FDL -> 3 -> HostExcute
[2026-08-01 02:33:02:819][Config      ][3 - Information] Get Section: BMFileType.ini -> HOST_FDL -> 4 -> ResetCRC
[2026-08-01 02:33:02:819][Config      ][3 - Information] Get Section: BMFileType.ini -> HOST_FDL -> 5 -> Connect
[2026-08-01 02:33:02:819][Config      ][3 - Information] Get Section: BMFileType.ini -> HOST_FDL -> 6 -> ChangeBaud
[2026-08-01 02:33:02:819][Config      ][3 - Information] Get Section: BMFileType.ini -> FDL -> 1 -> SetCRC
[2026-08-01 02:33:02:819][Config      ][3 - Information] Get Section: BMFileType.ini -> FDL -> 2 -> ConnectRom
[2026-08-01 02:33:02:819][Config      ][3 - Information] Get Section: BMFileType.ini -> FDL -> 3 -> Download
[2026-08-01 02:33:02:819][Config      ][3 - Information] Get Section: BMFileType.ini -> FDL -> 4 -> Excute
[2026-08-01 02:33:02:819][Config      ][3 - Information] Get Section: BMFileType.ini -> FDL -> 5 -> ResetCRC
[2026-08-01 02:33:02:819][Config      ][3 - Information] Get Section: BMFileType.ini -> FDL -> 6 -> Connect
[2026-08-01 02:33:02:819][Config      ][3 - Information] Get Section: BMFileType.ini -> FDL -> 7 -> ChangeBaud
[2026-08-01 02:33:02:819][Config      ][3 - Information] Get Section: BMFileType.ini -> Init -> 1 -> ResetCRC
[2026-08-01 02:33:02:819][Config      ][3 - Information] Get Section: BMFileType.ini -> Init -> 2 -> Connect
[2026-08-01 02:33:02:819][Config      ][3 - Information] Get Section: BMFileType.ini -> NAND_FDL -> 1 -> Download
[2026-08-01 02:33:02:819][Config      ][3 - Information] Get Section: BMFileType.ini -> NAND_FDL -> 2 -> ExecNandInit
[2026-08-01 02:33:02:819][Config      ][3 - Information] Get Section: BMFileType.ini -> NV -> 1 -> ReadFlash
[2026-08-01 02:33:02:819][Config      ][3 - Information] Get Section: BMFileType.ini -> NV -> 2 -> Download
[2026-08-01 02:33:02:819][Config      ][3 - Information] Get Section: BMFileType.ini -> NV_NAND -> 1 -> ReadFlash
[2026-08-01 02:33:02:819][Config      ][3 - Information] Get Section: BMFileType.ini -> NV_NAND -> 2 -> Download
[2026-08-01 02:33:02:819][Config      ][3 - Information] Get Section: BMFileType.ini -> NV_COMM -> 1 -> ReadFlashByID
[2026-08-01 02:33:02:819][Config      ][3 - Information] Get Section: BMFileType.ini -> NV_COMM -> 2 -> DownloadByID
[2026-08-01 02:33:02:819][Config      ][3 - Information] Get Section: BMFileType.ini -> ReadFlash -> 1 -> ReadFlash
[2026-08-01 02:33:02:819][Config      ][3 - Information] Get Section: BMFileType.ini -> ReadFlash2 -> 1 -> ReadFlashByID
[2026-08-01 02:33:02:819][Config      ][3 - Information] Get Section: BMFileType.ini -> EraseFlash -> 1 -> EraseFlash2
[2026-08-01 02:33:02:819][Config      ][3 - Information] Get Section: BMFileType.ini -> EraseFlash2 -> 1 -> EraseFlashByID
[2026-08-01 02:33:02:819][Config      ][3 - Information] Get Section: BMFileType.ini -> CheckDUT -> 1 -> CheckDUT
[2026-08-01 02:33:02:819][Config      ][3 - Information] Get Section: BMFileType.ini -> CODE -> 1 -> Download
[2026-08-01 02:33:02:819][Config      ][3 - Information] Get Section: BMFileType.ini -> CODE2 -> 1 -> DownloadByID
[2026-08-01 02:33:02:819][Config      ][3 - Information] Get Section: BMFileType.ini -> MiscDataCode2 -> 1 -> DownloadByID
[2026-08-01 02:33:02:819][Config      ][3 - Information] Get Section: BMFileType.ini -> MiscDataCode2 -> 2 -> SetTimeStamp
[2026-08-01 02:33:02:819][Config      ][3 - Information] Get Section: BMFileType.ini -> MiscDataCode -> 1 -> Download
[2026-08-01 02:33:02:819][Config      ][3 - Information] Get Section: BMFileType.ini -> MiscDataCode -> 2 -> SetTimeStamp
[2026-08-01 02:33:02:819][Config      ][3 - Information] Get Section: BMFileType.ini -> Reset -> 1 -> Reset
[2026-08-01 02:33:02:819][Config      ][3 - Information] Get Section: BMFileType.ini -> SetFirstMode -> 1 -> SetFirstMode
[2026-08-01 02:33:02:819][Config      ][3 - Information] Get Section: BMFileType.ini -> DumpUbootLog -> 1 -> DumpUbootLog
[2026-08-01 02:33:02:819][Config      ][3 - Information] Get Section: BMFileType.ini -> PowerOff -> 1 -> PowerOff
[2026-08-01 02:33:02:819][Config      ][3 - Information] Get Section: BMFileType.ini -> BOOT_LOADER -> 1 -> Download
[2026-08-01 02:33:02:819][Config      ][3 - Information] Get Section: BMFileType.ini -> BOOT_LOADER2 -> 1 -> DownloadByID
[2026-08-01 02:33:02:819][Config      ][3 - Information] Get Section: BMFileType.ini -> READFLASHTYPE -> 1 -> ReadFlashType
[2026-08-01 02:33:02:819][Config      ][3 - Information] Get Section: BMFileType.ini -> CHECK_MCPTYPE -> 1 -> ReadFlashType
[2026-08-01 02:33:02:820][Config      ][3 - Information] Get Section: BMFileType.ini -> ReadSN -> 1 -> ReadFlash
[2026-08-01 02:33:02:820][Config      ][3 - Information] Get Section: BMFileType.ini -> ReadSN2 -> 1 -> ReadFlashByID
[2026-08-01 02:33:02:820][Config      ][3 - Information] Get Section: BMFileType.ini -> UDISK_IMG -> 1 -> ReadSectorSize
[2026-08-01 02:33:02:820][Config      ][3 - Information] Get Section: BMFileType.ini -> UDISK_IMG -> 2 -> Download
[2026-08-01 02:33:02:820][Config      ][3 - Information] Get Section: BMFileType.ini -> UDISK_IMG2 -> 1 -> ReadSectorSize
[2026-08-01 02:33:02:820][Config      ][3 - Information] Get Section: BMFileType.ini -> UDISK_IMG2 -> 2 -> DownloadByID
[2026-08-01 02:33:02:820][Config      ][3 - Information] Get Section: BMFileType.ini -> ReadFlashAndSave -> 1 -> ReadFlashAndSave
[2026-08-01 02:33:02:820][Config      ][3 - Information] Get Section: BMFileType.ini -> ReadFlashAndSave2 -> 1 -> ReadFlashAndSaveByID
[2026-08-01 02:33:02:820][Config      ][3 - Information] Get Section: BMFileType.ini -> ReadFlashAndDirectSave -> 1 -> ReadFlashAndDirectSave
[2026-08-01 02:33:02:820][Config      ][3 - Information] Get Section: BMFileType.ini -> ReadFlashAndDirectSave2 -> 1 -> ReadFlashAndDirectSaveByID
[2026-08-01 02:33:02:820][Config      ][3 - Information] Get Section: BMFileType.ini -> ReadFlashAndDirectSave2_64 -> 1 -> ReadFlashAndDirectSaveByIDEx
[2026-08-01 02:33:02:820][Config      ][3 - Information] Get Section: BMFileType.ini -> CHIP_DSP -> 1 -> ReadChipType
[2026-08-01 02:33:02:820][Config      ][3 - Information] Get Section: BMFileType.ini -> CHIP_DSP -> 2 -> Download
[2026-08-01 02:33:02:820][Config      ][3 - Information] Get Section: BMFileType.ini -> CHIP_DSP2 -> 1 -> ReadChipType
[2026-08-01 02:33:02:820][Config      ][3 - Information] Get Section: BMFileType.ini -> CHIP_DSP2 -> 2 -> DownloadByID
[2026-08-01 02:33:02:820][Config      ][3 - Information] Get Section: BMFileType.ini -> READ_CHIPID -> 1 -> ReadChipType
[2026-08-01 02:33:02:820][Config      ][3 - Information] Get Section: BMFileType.ini -> UBOOT_LOADER -> 1 -> Download
[2026-08-01 02:33:02:820][Config      ][3 - Information] Get Section: BMFileType.ini -> UBOOT_LOADER2 -> 1 -> DownloadByID
[2026-08-01 02:33:02:820][Config      ][3 - Information] Get Section: BMFileType.ini -> YAFFS_IMG -> 1 -> Download
[2026-08-01 02:33:02:820][Config      ][3 - Information] Get Section: BMFileType.ini -> YAFFS_IMG2 -> 1 -> DownloadByID
[2026-08-01 02:33:02:820][Config      ][3 - Information] Get Section: BMFileType.ini -> CHECK_NV -> 1 -> ReadFlash
[2026-08-01 02:33:02:820][Config      ][3 - Information] Get Section: BMFileType.ini -> CHECK_NV -> 2 -> Download
[2026-08-01 02:33:02:820][Config      ][3 - Information] Get Section: BMFileType.ini -> CHECK_NV2 -> 1 -> ReadFlashByID
[2026-08-01 02:33:02:820][Config      ][3 - Information] Get Section: BMFileType.ini -> CHECK_NV2 -> 2 -> DownloadByID
[2026-08-01 02:33:02:820][Config      ][3 - Information] Get Section: BMFileType.ini -> REPARTITION -> 1 -> Repartition
[2026-08-01 02:33:02:820][Config      ][3 - Information] Get Section: BMFileType.ini -> REPARTITION2 -> 1 -> RepartitionByID
[2026-08-01 02:33:02:820][Config      ][3 - Information] Get Section: BMFileType.ini -> FORCE_REPARTITION -> 1 -> ForceRepartition
[2026-08-01 02:33:02:820][Config      ][3 - Information] Get Section: BMFileType.ini -> FORCE_REPARTITION2 -> 1 -> ForceRepartitionByID
[2026-08-01 02:33:02:820][Config      ][3 - Information] Get Section: BMFileType.ini -> DONOTHING -> 1 -> DoNothing
[2026-08-01 02:33:02:820][Config      ][3 - Information] Get Section: BMFileType.ini -> KeepCharge -> 1 -> KeepCharge
[2026-08-01 02:33:02:821][Config      ][3 - Information] Get Section: BMFileType.ini -> READ_FLASHINFO -> 1 -> ReadFlashInfo
[2026-08-01 02:33:02:821][Config      ][3 - Information] Get Section: BMFileType.ini -> EXTTABLE -> 1 -> SendExtTable
[2026-08-01 02:33:02:821][Config      ][3 - Information] Get Section: BMFileType.ini -> Soft_SIM -> 1 -> ReadFlashUID
[2026-08-01 02:33:02:821][Config      ][3 - Information] Get Section: BMFileType.ini -> Soft_SIM -> 2 -> Download
[2026-08-01 02:33:02:821][Config      ][3 - Information] Get Section: BMFileType.ini -> Soft_SIM -> 3 -> ReadSoftSimEID
[2026-08-01 02:33:02:821][Config      ][3 - Information] Get Section: BMFileType.ini -> READ_CHIPUID -> 1 -> ReadChipUID
[2026-08-01 02:33:02:821][Config      ][3 - Information] Get Section: BMFileType.ini -> Enable_Flash -> 1 -> EnableFlash
[2026-08-01 02:33:02:821][Config      ][3 - Information] Get Section: BMFileType.ini -> EnableSecureBoot -> 1 -> EnableSecureBoot
[2026-08-01 02:33:02:821][Config      ][3 - Information] Get Section: BMFileType.ini -> FDL2_64 -> 1 -> Connect2
[2026-08-01 02:33:02:821][Config      ][3 - Information] Get Section: BMFileType.ini -> FDL2_64 -> 2 -> ChangeBaud
[2026-08-01 02:33:02:821][Config      ][3 - Information] Get Section: BMFileType.ini -> FDL2_64 -> 3 -> DownloadEx
[2026-08-01 02:33:02:821][Config      ][3 - Information] Get Section: BMFileType.ini -> FDL2_64 -> 4 -> ExecNandInit
[2026-08-01 02:33:02:821][Config      ][3 - Information] Get Section: BMFileType.ini -> NAND_FDL_64 -> 1 -> DownloadEx
[2026-08-01 02:33:02:821][Config      ][3 - Information] Get Section: BMFileType.ini -> NAND_FDL_64 -> 2 -> ExecNandInit
[2026-08-01 02:33:02:821][Config      ][3 - Information] Get Section: BMFileType.ini -> CODE2_64 -> 1 -> DownloadByIDEx
[2026-08-01 02:33:02:821][Config      ][3 - Information] Get Section: BMFileType.ini -> YAFFS_IMG2_64 -> 1 -> DownloadByIDEx
[2026-08-01 02:33:02:821][Config      ][3 - Information] Get Section: BMFileType.ini -> ReadFlashAndSave2_64 -> 1 -> ReadFlashAndSaveByIDEx
[2026-08-01 02:33:02:821][Config      ][3 - Information] Get Section: BMFileType.ini -> REF_INFO -> 1 -> ReadRefInfo
[2026-08-01 02:33:02:821][Config      ][3 - Information] Get Section: BMFileType.ini -> APR -> 1 -> WriteAPRInfo
[2026-08-01 02:33:02:821][Config      ][3 - Information] Get Section: BMFileType.ini -> READ_RF_CHIP_TYPE -> 1 -> ReadTransceiverType
[2026-08-01 02:33:02:821][Config      ][3 - Information] Get Section: BMFileType.ini -> DEBUG_MODE -> 1 -> EnableDebugMode
[2026-08-01 02:33:02:821][Config      ][3 - Information] Get Section: BMFileType.ini -> ReadNandBlockInfo -> 1 -> ReadNandBlockInfo
[2026-08-01 02:33:02:821][Config      ][3 - Information] Get Section: BMFileType.ini -> DDRCheck -> 1 -> DDRCheck
[2026-08-01 02:33:02:821][Config      ][3 - Information] Get Section: BMFileType.ini -> SelfRefresh -> 1 -> SelfRefresh
[2026-08-01 02:33:02:822][Config      ][3 - Information] Get Section: BMFileType.ini -> EndProcess -> 1 -> EndProcess
[2026-08-01 02:33:02:822][Config      ][3 - Information] Get Section: BMFileType.ini -> ReadPartitionInfo -> 1 -> ReadPartitionInfo
[2026-08-01 02:33:02:822][Config      ][3 - Information] Get Section: BMFileType.ini -> CHANGE_SELINUX -> 1 -> ChangeSelinux
[2026-08-01 02:33:02:822][Config      ][3 - Information] Get Section: BMFileType.ini -> ReadVpac -> 1 -> ReadVpac
[2026-08-01 02:33:02:822][Config      ][3 - Information] Get Section: BMFileType.ini -> WriteVpac -> 1 -> WriteVpac
[2026-08-01 02:33:02:822][Config      ][3 - Information] Get Section: BMFileType.ini -> WritePartitionValue -> 1 -> WritePartitionValue
[2026-08-01 02:33:02:822][Config      ][3 - Information] Get Section: BMFileType.ini -> EndWatchdog -> 1 -> EndWatchdog
[2026-08-01 02:33:02:822][Config      ][3 - Information] Get Section: BMFileType.ini -> WriteEfuse -> 1 -> WriteEfuse
[2026-08-01 02:33:02:822][Config      ][3 - Information] Get Section: BMFileType.ini -> SendFlag -> 1 -> SendFlag
[2026-08-01 02:33:02:822][Config      ][3 - Information] Get Section: BMFileType.ini -> WriteTimestamp -> 1 -> WriteTimestamp
[2026-08-01 02:33:02:822][Config      ][3 - Information] Get Section: BMFileType.ini -> Max Length -> HOST_FDL -> 0x800
[2026-08-01 02:33:02:822][Config      ][3 - Information] Get Section: BMFileType.ini -> Max Length -> FDL1 -> 0x210
[2026-08-01 02:33:02:822][Config      ][3 - Information] Get Section: BMFileType.ini -> Max Length -> FDL -> 0x210
[2026-08-01 02:33:02:822][Config      ][3 - Information] Get Section: BMFileType.ini -> Max Length -> CODE -> 0x800
[2026-08-01 02:33:02:822][Config      ][3 - Information] Get Section: BMFileType.ini -> Max Length -> CODE2 -> 0x5000
[2026-08-01 02:33:02:822][Config      ][3 - Information] Get Section: BMFileType.ini -> Max Length -> MiscDataCode -> 0x800
[2026-08-01 02:33:02:822][Config      ][3 - Information] Get Section: BMFileType.ini -> Max Length -> MiscDataCode2 -> 0x5000
[2026-08-01 02:33:02:822][Config      ][3 - Information] Get Section: BMFileType.ini -> Max Length -> NV -> 0x800
[2026-08-01 02:33:02:822][Config      ][3 - Information] Get Section: BMFileType.ini -> Max Length -> NAND_FDL -> 0x210
[2026-08-01 02:33:02:822][Config      ][3 - Information] Get Section: BMFileType.ini -> Max Length -> FDL2 -> 0x210
[2026-08-01 02:33:02:822][Config      ][3 - Information] Get Section: BMFileType.ini -> Max Length -> BOOT_LOADER -> 2112
[2026-08-01 02:33:02:822][Config      ][3 - Information] Get Section: BMFileType.ini -> Max Length -> BOOT_LOADER2 -> 2112
[2026-08-01 02:33:02:822][Config      ][3 - Information] Get Section: BMFileType.ini -> Max Length -> ReadFlash -> 0x3000
[2026-08-01 02:33:02:822][Config      ][3 - Information] Get Section: BMFileType.ini -> Max Length -> ReadFlash2 -> 0x3000
[2026-08-01 02:33:02:822][Config      ][3 - Information] Get Section: BMFileType.ini -> Max Length -> ReadFlashAndSave -> 0x3000
[2026-08-01 02:33:02:822][Config      ][3 - Information] Get Section: BMFileType.ini -> Max Length -> ReadFlashAndSave2 -> 0x3000
[2026-08-01 02:33:02:822][Config      ][3 - Information] Get Section: BMFileType.ini -> Max Length -> NV_NAND -> 0x800
[2026-08-01 02:33:02:822][Config      ][3 - Information] Get Section: BMFileType.ini -> Max Length -> NAND_FDL_OPT -> 0x840
[2026-08-01 02:33:02:822][Config      ][3 - Information] Get Section: BMFileType.ini -> Max Length -> ReadSN -> 0x1000
[2026-08-01 02:33:02:822][Config      ][3 - Information] Get Section: BMFileType.ini -> Max Length -> UDISK_IMG -> 0x800
[2026-08-01 02:33:02:822][Config      ][3 - Information] Get Section: BMFileType.ini -> Max Length -> CHIP_DSP -> 0x800
[2026-08-01 02:33:02:822][Config      ][3 - Information] Get Section: BMFileType.ini -> Max Length -> UBOOT_LOADER -> 0x800
[2026-08-01 02:33:02:822][Config      ][3 - Information] Get Section: BMFileType.ini -> Max Length -> UBOOT_LOADER2 -> 0x800
[2026-08-01 02:33:02:822][Config      ][3 - Information] Get Section: BMFileType.ini -> Max Length -> YAFFS_IMG -> 0x3180
[2026-08-01 02:33:02:822][Config      ][3 - Information] Get Section: BMFileType.ini -> Max Length -> YAFFS_IMG2 -> 0xA000
[2026-08-01 02:33:02:822][Config      ][3 - Information] Get Section: BMFileType.ini -> Max Length -> ReadPartitionInfo -> 0x3000
[2026-08-01 02:33:02:822][Config      ][3 - Information] Get Section: BMFileType.ini -> Max Length -> FDL2_64 -> 0x840
[2026-08-01 02:33:02:822][Config      ][3 - Information] Get Section: BMFileType.ini -> Max Length -> NAND_FDL_64 -> 0x840
[2026-08-01 02:33:02:822][Config      ][3 - Information] Get Section: BMFileType.ini -> Max Length -> CODE2_64 -> 0xE000
[2026-08-01 02:33:02:822][Config      ][3 - Information] Get Section: BMFileType.ini -> Max Length -> YAFFS_IMG2_64 -> 0xE000
[2026-08-01 02:33:02:822][Config      ][3 - Information] Get Section: BMFileType.ini -> Max Length -> ReadFlashAndSave2_64 -> 0xE000
[2026-08-01 02:33:02:822][Config      ][3 - Information] Get Section: BMFileType.ini -> Max Length -> Download -> 0xFC00
[2026-08-01 02:33:02:822][Config      ][3 - Information] Get Section: BMFileType.ini -> Repartition -> 1 -> Repartition
[2026-08-01 02:33:02:822][Config      ][3 - Information] Get Section: BMFileType.ini -> ReadFlashBeforeRepartition -> strategy -> 0
[2026-08-01 02:33:02:822][Config      ][3 - Information] Get Section: BMFileType.ini -> ReadDUTInfo -> PartitionName -> uboot
[2026-08-01 02:33:02:822][Config      ][3 - Information] Get Section: BMFileType.ini -> ReadDUTInfo -> MaxReadLength -> 0x100000
[2026-08-01 02:33:02:822][Config      ][3 - Information] Get Section: BMFileType.ini -> ReadDUTInfo -> CheckMatchPolicy -> 0
[2026-08-01 02:33:02:822][Config      ][3 - Information] Get Section: BMFileType.ini -> ReadDUTInfo -> EnableWriteFlash -> 0
[2026-08-01 02:33:02:822][Config      ][3 - Information] Get Section: BMFileType.ini -> DownloadNV -> CheckNVTimes -> 3
[2026-08-01 02:33:02:822][Config      ][3 - Information] Get Section: BMFileType.ini -> DownloadNV -> MaxReadLength -> 0x100000
[2026-08-01 02:33:02:822][Config      ][3 - Information] Get Section: BMFileType.ini -> DownloadNV -> GSMCaliVaPolicy -> 2
[2026-08-01 02:33:02:822][Config      ][3 - Information] Get Section: BMFileType.ini -> ChipDSPMap -> 0x8850A002 -> 8800S2A_3200B0_DM_DSP.bin
[2026-08-01 02:33:02:822][Config      ][3 - Information] Get Section: BMFileType.ini -> ChipDSPMap -> 0x8850A007 -> 8800S3B_3200B0_DM_DSP.bin
[2026-08-01 02:33:02:822][Config      ][3 - Information] Get Section: BMFileType.ini -> IMEI_ID -> IMEI2 -> 0x179
[2026-08-01 02:33:02:822][Config      ][3 - Information] Get Section: BMFileType.ini -> IMEI_ID -> IMEI3 -> 0x186
[2026-08-01 02:33:02:822][Config      ][3 - Information] Get Section: BMFileType.ini -> IMEI_ID -> IMEI4 -> 0x1E4
[2026-08-01 02:33:02:822][Config      ][3 - Information] Get Section: BMFileType.ini -> MultiLangs -> 1 -> English
[2026-08-01 02:33:02:822][Config      ][3 - Information] Get Section: BMFileType.ini -> MultiLangs -> 2 -> SimpleChinese
[2026-08-01 02:33:02:822][Config      ][3 - Information] Get Section: BMFileType.ini -> MultiLangs -> 3 -> TraditionalChinese
[2026-08-01 02:33:02:822][Config      ][3 - Information] Get Section: BMFileType.ini -> MultiLangs -> 4 -> Arabic
[2026-08-01 02:33:02:822][Config      ][3 - Information] Get Section: BMFileType.ini -> MultiLangs -> 5 -> french
[2026-08-01 02:33:02:822][Config      ][3 - Information] Get Section: BMFileType.ini -> MultiLangs -> 6 -> Hindi
[2026-08-01 02:33:02:822][Config      ][3 - Information] Get Section: BMFileType.ini -> MultiLangs -> 7 -> Hungarian
[2026-08-01 02:33:02:822][Config      ][3 - Information] Get Section: BMFileType.ini -> MultiLangs -> 8 -> Indonesian
[2026-08-01 02:33:02:822][Config      ][3 - Information] Get Section: BMFileType.ini -> MultiLangs -> 9 -> Malay
[2026-08-01 02:33:02:822][Config      ][3 - Information] Get Section: BMFileType.ini -> MultiLangs -> 10 -> Portuguese
[2026-08-01 02:33:02:822][Config      ][3 - Information] Get Section: BMFileType.ini -> MultiLangs -> 11 -> Russian
[2026-08-01 02:33:02:822][Config      ][3 - Information] Get Section: BMFileType.ini -> MultiLangs -> 12 -> Spanish
[2026-08-01 02:33:02:822][Config      ][3 - Information] Get Section: BMFileType.ini -> MultiLangs -> 13 -> Tagalog
[2026-08-01 02:33:02:822][Config      ][3 - Information] Get Section: BMFileType.ini -> MultiLangs -> 14 -> Thai
[2026-08-01 02:33:02:822][Config      ][3 - Information] Get Section: BMFileType.ini -> MultiLangs -> 15 -> Vietnamese
[2026-08-01 02:33:02:822][Config      ][3 - Information] Get Section: BMFileType.ini -> MultiLangs -> 16 -> Urdu
[2026-08-01 02:33:02:822][Config      ][3 - Information] Get Section: BMFileType.ini -> MultiLangs -> 17 -> Italian
[2026-08-01 02:33:02:822][Config      ][3 - Information] Get Section: BMFileType.ini -> MultiLangs -> 18 -> Persian
[2026-08-01 02:33:02:822][Config      ][3 - Information] Get Section: BMFileType.ini -> MultiLangs -> 19 -> Turkish
[2026-08-01 02:33:02:822][Config      ][3 - Information] Get Section: BMFileType.ini -> MultiLangs -> 20 -> German
[2026-08-01 02:33:02:822][Config      ][3 - Information] Get Section: BMFileType.ini -> MultiLangs -> 21 -> Greek
[2026-08-01 02:33:02:822][Config      ][3 - Information] Get Section: BMFileType.ini -> MultiLangs -> 22 -> Hebrew
[2026-08-01 02:33:02:822][Config      ][3 - Information] Get Section: BMFileType.ini -> MultiLangs -> 23 -> Bengali
[2026-08-01 02:33:02:822][Config      ][3 - Information] Get Section: BMFileType.ini -> MultiLangs -> 24 -> Czech
[2026-08-01 02:33:02:822][Config      ][3 - Information] Get Section: BMFileType.ini -> MultiLangs -> 25 -> Slovenian
[2026-08-01 02:33:02:822][Config      ][3 - Information] Get Section: BMFileType.ini -> MultiLangs -> 26 -> Romanian
[2026-08-01 02:33:02:822][Config      ][3 - Information] Get Section: BMFileType.ini -> MultiLangs -> 27 -> Telugu
[2026-08-01 02:33:02:822][Config      ][3 - Information] Get Section: BMFileType.ini -> MultiLangs -> 28 -> Marathi
[2026-08-01 02:33:02:822][Config      ][3 - Information] Get Section: BMFileType.ini -> MultiLangs -> 29 -> Tamil
[2026-08-01 02:33:02:822][Config      ][3 - Information] Get Section: BMFileType.ini -> MultiLangs -> 30 -> Gujarati
[2026-08-01 02:33:02:822][Config      ][3 - Information] Get Section: BMFileType.ini -> MultiLangs -> 31 -> Kannada
[2026-08-01 02:33:02:822][Config      ][3 - Information] Get Section: BMFileType.ini -> MultiLangs -> 32 -> Malayalam
[2026-08-01 02:33:02:822][Config      ][3 - Information] Get Section: BMFileType.ini -> MultiLangs -> 33 -> Oriya
[2026-08-01 02:33:02:822][Config      ][3 - Information] Get Section: BMFileType.ini -> MultiLangs -> 34 -> Punjabi
[2026-08-01 02:33:02:822][Config      ][3 - Information] Get Section: BMFileType.ini -> MultiLangs -> 35 -> Afrikanns
[2026-08-01 02:33:02:822][Config      ][3 - Information] Get Section: BMFileType.ini -> MultiLangs -> 36 -> Albanian
[2026-08-01 02:33:02:823][Config      ][3 - Information] Get Section: BMFileType.ini -> MultiLangs -> 37 -> Armenian
[2026-08-01 02:33:02:823][Config      ][3 - Information] Get Section: BMFileType.ini -> MultiLangs -> 38 -> Azerbaijani
[2026-08-01 02:33:02:823][Config      ][3 - Information] Get Section: BMFileType.ini -> MultiLangs -> 39 -> Basque
[2026-08-01 02:33:02:823][Config      ][3 - Information] Get Section: BMFileType.ini -> MultiLangs -> 40 -> Bulgarian
[2026-08-01 02:33:02:823][Config      ][3 - Information] Get Section: BMFileType.ini -> MultiLangs -> 41 -> Catalan
[2026-08-01 02:33:02:823][Config      ][3 - Information] Get Section: BMFileType.ini -> MultiLangs -> 42 -> Croatian
[2026-08-01 02:33:02:823][Config      ][3 - Information] Get Section: BMFileType.ini -> MultiLangs -> 43 -> Danish
[2026-08-01 02:33:02:823][Config      ][3 - Information] Get Section: BMFileType.ini -> MultiLangs -> 44 -> Dutch
[2026-08-01 02:33:02:823][Config      ][3 - Information] Get Section: BMFileType.ini -> MultiLangs -> 45 -> Estonian
[2026-08-01 02:33:02:823][Config      ][3 - Information] Get Section: BMFileType.ini -> MultiLangs -> 46 -> Filipino
[2026-08-01 02:33:02:823][Config      ][3 - Information] Get Section: BMFileType.ini -> MultiLangs -> 47 -> Finnish
[2026-08-01 02:33:02:823][Config      ][3 - Information] Get Section: BMFileType.ini -> MultiLangs -> 48 -> Galician
[2026-08-01 02:33:02:823][Config      ][3 - Information] Get Section: BMFileType.ini -> MultiLangs -> 49 -> Georgian
[2026-08-01 02:33:02:823][Config      ][3 - Information] Get Section: BMFileType.ini -> MultiLangs -> 50 -> Hausa
[2026-08-01 02:33:02:823][Config      ][3 - Information] Get Section: BMFileType.ini -> MultiLangs -> 51 -> Icelandic
[2026-08-01 02:33:02:823][Config      ][3 - Information] Get Section: BMFileType.ini -> MultiLangs -> 52 -> Igbo
[2026-08-01 02:33:02:823][Config      ][3 - Information] Get Section: BMFileType.ini -> MultiLangs -> 53 -> Irish
[2026-08-01 02:33:02:823][Config      ][3 - Information] Get Section: BMFileType.ini -> MultiLangs -> 54 -> Kazakh
[2026-08-01 02:33:02:823][Config      ][3 - Information] Get Section: BMFileType.ini -> MultiLangs -> 55 -> Latvian
[2026-08-01 02:33:02:823][Config      ][3 - Information] Get Section: BMFileType.ini -> MultiLangs -> 56 -> Lithuanian
[2026-08-01 02:33:02:823][Config      ][3 - Information] Get Section: BMFileType.ini -> MultiLangs -> 57 -> Macedonian
[2026-08-01 02:33:02:823][Config      ][3 - Information] Get Section: BMFileType.ini -> MultiLangs -> 58 -> Moldovan
[2026-08-01 02:33:02:823][Config      ][3 - Information] Get Section: BMFileType.ini -> MultiLangs -> 59 -> Norwegian
[2026-08-01 02:33:02:823][Config      ][3 - Information] Get Section: BMFileType.ini -> MultiLangs -> 60 -> Polish
[2026-08-01 02:33:02:823][Config      ][3 - Information] Get Section: BMFileType.ini -> MultiLangs -> 61 -> Serbian
[2026-08-01 02:33:02:823][Config      ][3 - Information] Get Section: BMFileType.ini -> MultiLangs -> 62 -> Sesotho
[2026-08-01 02:33:02:823][Config      ][3 - Information] Get Section: BMFileType.ini -> MultiLangs -> 63 -> Slovak
[2026-08-01 02:33:02:823][Config      ][3 - Information] Get Section: BMFileType.ini -> MultiLangs -> 64 -> Swedish
[2026-08-01 02:33:02:823][Config      ][3 - Information] Get Section: BMFileType.ini -> MultiLangs -> 65 -> Ukrainian
[2026-08-01 02:33:02:823][Config      ][3 - Information] Get Section: BMFileType.ini -> MultiLangs -> 66 -> Yoruba
[2026-08-01 02:33:02:823][Config      ][3 - Information] Get Section: BMFileType.ini -> AT_REBOOT_SETTING -> ATPort -> Spreadtrum Control Port,SPRD AT,SPRD LTE AT,UNISOC AT PORT
[2026-08-01 02:33:02:823][Config      ][3 - Information] Get Section: BMFileType.ini -> AT_REBOOT_SETTING -> DLPort -> SPRD U2S Diag,SCI USB2Serial,SCI Anroid USB2Serial,SCI Android USB2Serial,USB Serial Port,Prolific USB-to-Serial Comm Port,UNISOC DIAG PORT
[2026-08-01 02:33:02:823][Config      ][3 - Information] Get Section: BMFileType.ini -> AT_REBOOT_SETTING -> AT_BaudRate -> 115200
[2026-08-01 02:33:02:823][Config      ][3 - Information] Get Section: BMFileType.ini -> Misc -> DoCheckSum -> 0
[2026-08-01 02:33:02:823][Config      ][3 - Information] Get Section: BMFileType.ini -> Misc -> SupportZroPkg -> 1
[2026-08-01 02:33:02:823][Config      ][3 - Information] Get Section: BMFileType.ini -> Misc -> SupportUnTransCode -> 1
[2026-08-01 02:33:02:823][Config      ][3 - Information] Get Section: BMFileType.ini -> Misc -> NeedCheckOldMemory -> 0
[2026-08-01 02:33:02:823][Config      ][3 - Information] Get Section: BMFileType.ini -> Misc -> CheckRegModify -> 1
[2026-08-01 02:33:02:823][Config      ][3 - Information] Get Section: BMFileType.ini -> Misc -> CheckEmmcPartition -> 1
[2026-08-01 02:33:02:823][Config      ][3 - Information] Get Section: BMFileType.ini -> Misc -> CheckRpmbWritten -> 1
[2026-08-01 02:33:02:823][Config      ][3 - Information] Get Section: BMFileType.ini -> Misc -> StopDownloadIfOldMemory -> 0
[2026-08-01 02:33:02:823][Config      ][3 - Information] Get Section: BMFileType.ini -> Misc -> GenCrcCfgFile -> 0
[2026-08-01 02:33:02:823][Config      ][3 - Information] Get Section: BMFileType.ini -> Misc -> EnableCrcCfgCheck -> 0
[2026-08-01 02:33:02:823][Config      ][3 - Information] Get Section: BMFileType.ini -> CheckSecondHandMemory -> Time -> 24
[2026-08-01 02:33:02:823][Config      ][3 - Information] Get Section: BMFileType.ini -> DownloadBySparse2Raw -> CheckSparse2Raw -> 0
[2026-08-01 02:33:02:823][Config      ][3 - Information] Get Section: BMFileType.ini -> DownloadByPoweroff -> DownloadByPoweroff -> 0
[2026-08-01 02:33:02:823][Config      ][3 - Information] Get Section: BMFileType.ini -> WatchDog -> WatchDog -> 0
[2026-08-01 02:33:02:823][Config      ][3 - Information] Get Section: BMFileType.ini -> WatchDog -> WatchDogTime -> 150000
[2026-08-01 02:33:02:823][Config      ][3 - Information] Get Section: BMFileType.ini -> PacketPool -> MaxEscapePacketNum -> 25
[2026-08-01 02:33:02:823][Config      ][3 - Information] Get Section: BMFileType.ini -> PacketPool -> MaxEscapePacketLen -> 3145744
[2026-08-01 02:33:02:823][Config      ][3 - Information] Default String: BMFileType.ini -> Misc -> CrcFile -> 
[2026-08-01 02:33:02:823][Config      ][3 - Information] Get Section: BinPack.ini -> Setting -> MaxDataLength -> 50
[2026-08-01 02:33:02:823][Config      ][3 - Information] Get Section: BinPack.ini -> Setting -> LoadPolicy -> 0
[2026-08-01 02:33:02:823][Config      ][3 - Information] Get Section: MCPType.ini -> MCPSetting -> CheckMCPType -> 0
[2026-08-01 02:33:02:823][Config      ][3 - Information] Get Section: MCPType.ini -> MCPSetting -> MCPTypeRange -> 2CB39066-64000000
[2026-08-01 02:33:02:823][Config      ][3 - Information] Get Section: MCPType.ini -> MCPTypeList -> 2CB39066-64000000 -> -4kpage-224oob
[2026-08-01 02:33:02:823][Config      ][3 - Information] Get String: DLFramework.ini -> PortHound -> StartIntervalTime -> 500
[2026-08-01 02:33:02:824][Config      ][3 - Information] Get Section: MCPType.ini -> MCPTypeList -> 2CB39066-64000000 -> -4kpage-224oob
[2026-08-01 02:33:02:824][Config      ][3 - Information] Get Section: BMFileType.ini -> MultiLangs -> 1 -> English
[2026-08-01 02:33:02:824][Config      ][3 - Information] Get Section: BMFileType.ini -> MultiLangs -> 2 -> SimpleChinese
[2026-08-01 02:33:02:824][Config      ][3 - Information] Get Section: BMFileType.ini -> MultiLangs -> 3 -> TraditionalChinese
[2026-08-01 02:33:02:824][Config      ][3 - Information] Get Section: BMFileType.ini -> MultiLangs -> 4 -> Arabic
[2026-08-01 02:33:02:824][Config      ][3 - Information] Get Section: BMFileType.ini -> MultiLangs -> 5 -> french
[2026-08-01 02:33:02:824][Config      ][3 - Information] Get Section: BMFileType.ini -> MultiLangs -> 6 -> Hindi
[2026-08-01 02:33:02:824][Config      ][3 - Information] Get Section: BMFileType.ini -> MultiLangs -> 7 -> Hungarian
[2026-08-01 02:33:02:824][Config      ][3 - Information] Get Section: BMFileType.ini -> MultiLangs -> 8 -> Indonesian
[2026-08-01 02:33:02:824][Config      ][3 - Information] Get Section: BMFileType.ini -> MultiLangs -> 9 -> Malay
[2026-08-01 02:33:02:824][Config      ][3 - Information] Get Section: BMFileType.ini -> MultiLangs -> 10 -> Portuguese
[2026-08-01 02:33:02:824][Config      ][3 - Information] Get Section: BMFileType.ini -> MultiLangs -> 11 -> Russian
[2026-08-01 02:33:02:824][Config      ][3 - Information] Get Section: BMFileType.ini -> MultiLangs -> 12 -> Spanish
[2026-08-01 02:33:02:824][Config      ][3 - Information] Get Section: BMFileType.ini -> MultiLangs -> 13 -> Tagalog
[2026-08-01 02:33:02:824][Config      ][3 - Information] Get Section: BMFileType.ini -> MultiLangs -> 14 -> Thai
[2026-08-01 02:33:02:824][Config      ][3 - Information] Get Section: BMFileType.ini -> MultiLangs -> 15 -> Vietnamese
[2026-08-01 02:33:02:824][Config      ][3 - Information] Get Section: BMFileType.ini -> MultiLangs -> 16 -> Urdu
[2026-08-01 02:33:02:824][Config      ][3 - Information] Get Section: BMFileType.ini -> MultiLangs -> 17 -> Italian
[2026-08-01 02:33:02:824][Config      ][3 - Information] Get Section: BMFileType.ini -> MultiLangs -> 18 -> Persian
[2026-08-01 02:33:02:824][Config      ][3 - Information] Get Section: BMFileType.ini -> MultiLangs -> 19 -> Turkish
[2026-08-01 02:33:02:824][Config      ][3 - Information] Get Section: BMFileType.ini -> MultiLangs -> 20 -> German
[2026-08-01 02:33:02:824][Config      ][3 - Information] Get Section: BMFileType.ini -> MultiLangs -> 21 -> Greek
[2026-08-01 02:33:02:824][Config      ][3 - Information] Get Section: BMFileType.ini -> MultiLangs -> 22 -> Hebrew
[2026-08-01 02:33:02:824][Config      ][3 - Information] Get Section: BMFileType.ini -> MultiLangs -> 23 -> Bengali
[2026-08-01 02:33:02:824][Config      ][3 - Information] Get Section: BMFileType.ini -> MultiLangs -> 24 -> Czech
[2026-08-01 02:33:02:824][Config      ][3 - Information] Get Section: BMFileType.ini -> MultiLangs -> 25 -> Slovenian
[2026-08-01 02:33:02:824][Config      ][3 - Information] Get Section: BMFileType.ini -> MultiLangs -> 26 -> Romanian
[2026-08-01 02:33:02:824][Config      ][3 - Information] Get Section: BMFileType.ini -> MultiLangs -> 27 -> Telugu
[2026-08-01 02:33:02:824][Config      ][3 - Information] Get Section: BMFileType.ini -> MultiLangs -> 28 -> Marathi
[2026-08-01 02:33:02:824][Config      ][3 - Information] Get Section: BMFileType.ini -> MultiLangs -> 29 -> Tamil
[2026-08-01 02:33:02:824][Config      ][3 - Information] Get Section: BMFileType.ini -> MultiLangs -> 30 -> Gujarati
[2026-08-01 02:33:02:824][Config      ][3 - Information] Get Section: BMFileType.ini -> MultiLangs -> 31 -> Kannada
[2026-08-01 02:33:02:824][Config      ][3 - Information] Get Section: BMFileType.ini -> MultiLangs -> 32 -> Malayalam
[2026-08-01 02:33:02:824][Config      ][3 - Information] Get Section: BMFileType.ini -> MultiLangs -> 33 -> Oriya
[2026-08-01 02:33:02:824][Config      ][3 - Information] Get Section: BMFileType.ini -> MultiLangs -> 34 -> Punjabi
[2026-08-01 02:33:02:824][Config      ][3 - Information] Get Section: BMFileType.ini -> MultiLangs -> 35 -> Afrikanns
[2026-08-01 02:33:02:824][Config      ][3 - Information] Get Section: BMFileType.ini -> MultiLangs -> 36 -> Albanian
[2026-08-01 02:33:02:824][Config      ][3 - Information] Get Section: BMFileType.ini -> MultiLangs -> 37 -> Armenian
[2026-08-01 02:33:02:824][Config      ][3 - Information] Get Section: BMFileType.ini -> MultiLangs -> 38 -> Azerbaijani
[2026-08-01 02:33:02:824][Config      ][3 - Information] Get Section: BMFileType.ini -> MultiLangs -> 39 -> Basque
[2026-08-01 02:33:02:824][Config      ][3 - Information] Get Section: BMFileType.ini -> MultiLangs -> 40 -> Bulgarian
[2026-08-01 02:33:02:824][Config      ][3 - Information] Get Section: BMFileType.ini -> MultiLangs -> 41 -> Catalan
[2026-08-01 02:33:02:824][Config      ][3 - Information] Get Section: BMFileType.ini -> MultiLangs -> 42 -> Croatian
[2026-08-01 02:33:02:824][Config      ][3 - Information] Get Section: BMFileType.ini -> MultiLangs -> 43 -> Danish
[2026-08-01 02:33:02:824][Config      ][3 - Information] Get Section: BMFileType.ini -> MultiLangs -> 44 -> Dutch
[2026-08-01 02:33:02:824][Config      ][3 - Information] Get Section: BMFileType.ini -> MultiLangs -> 45 -> Estonian
[2026-08-01 02:33:02:824][Config      ][3 - Information] Get Section: BMFileType.ini -> MultiLangs -> 46 -> Filipino
[2026-08-01 02:33:02:824][Config      ][3 - Information] Get Section: BMFileType.ini -> MultiLangs -> 47 -> Finnish
[2026-08-01 02:33:02:824][Config      ][3 - Information] Get Section: BMFileType.ini -> MultiLangs -> 48 -> Galician
[2026-08-01 02:33:02:824][Config      ][3 - Information] Get Section: BMFileType.ini -> MultiLangs -> 49 -> Georgian
[2026-08-01 02:33:02:824][Config      ][3 - Information] Get Section: BMFileType.ini -> MultiLangs -> 50 -> Hausa
[2026-08-01 02:33:02:824][Config      ][3 - Information] Get Section: BMFileType.ini -> MultiLangs -> 51 -> Icelandic
[2026-08-01 02:33:02:824][Config      ][3 - Information] Get Section: BMFileType.ini -> MultiLangs -> 52 -> Igbo
[2026-08-01 02:33:02:824][Config      ][3 - Information] Get Section: BMFileType.ini -> MultiLangs -> 53 -> Irish
[2026-08-01 02:33:02:824][Config      ][3 - Information] Get Section: BMFileType.ini -> MultiLangs -> 54 -> Kazakh
[2026-08-01 02:33:02:824][Config      ][3 - Information] Get Section: BMFileType.ini -> MultiLangs -> 55 -> Latvian
[2026-08-01 02:33:02:824][Config      ][3 - Information] Get Section: BMFileType.ini -> MultiLangs -> 56 -> Lithuanian
[2026-08-01 02:33:02:824][Config      ][3 - Information] Get Section: BMFileType.ini -> MultiLangs -> 57 -> Macedonian
[2026-08-01 02:33:02:824][Config      ][3 - Information] Get Section: BMFileType.ini -> MultiLangs -> 58 -> Moldovan
[2026-08-01 02:33:02:824][Config      ][3 - Information] Get Section: BMFileType.ini -> MultiLangs -> 59 -> Norwegian
[2026-08-01 02:33:02:824][Config      ][3 - Information] Get Section: BMFileType.ini -> MultiLangs -> 60 -> Polish
[2026-08-01 02:33:02:824][Config      ][3 - Information] Get Section: BMFileType.ini -> MultiLangs -> 61 -> Serbian
[2026-08-01 02:33:02:824][Config      ][3 - Information] Get Section: BMFileType.ini -> MultiLangs -> 62 -> Sesotho
[2026-08-01 02:33:02:824][Config      ][3 - Information] Get Section: BMFileType.ini -> MultiLangs -> 63 -> Slovak
[2026-08-01 02:33:02:824][Config      ][3 - Information] Get Section: BMFileType.ini -> MultiLangs -> 64 -> Swedish
[2026-08-01 02:33:02:824][Config      ][3 - Information] Get Section: BMFileType.ini -> MultiLangs -> 65 -> Ukrainian
[2026-08-01 02:33:02:824][Config      ][3 - Information] Get Section: BMFileType.ini -> MultiLangs -> 66 -> Yoruba
[2026-08-01 02:33:02:824][DLFramework ][3 - Information] [ LEAVE ] <- LoadSetting( )
[2026-08-01 02:33:02:825][DLFramework ][3 - Information] SetProperty( DLFW_ATTR_START_PATH, 14754608 )
[2026-08-01 02:33:02:825][DLFramework ][3 - Information] GetProperty( DLFW_ATTR_CONFIG_OBJECT )
[2026-08-01 02:33:02:825][Config      ][3 - Information] Set String: ResearchDownload.ini -> Settings -> SkipFileID -> 
[2026-08-01 02:33:02:825][Config      ][3 - Information] Set String: ResearchDownload.ini -> Serial port -> Port -> 31
[2026-08-01 02:33:02:833][Config      ][3 - Information] Set String: ResearchDownload.ini -> Serial port -> Baud rate -> 115200
[2026-08-01 02:33:02:833][Config      ][3 - Information] Set String: ResearchDownload.ini -> NV -> EnableReadNV -> 0
[2026-08-01 02:33:02:833][DLFramework ][3 - Information] [ ENTER ] -> LoadSetting( )
[2026-08-01 02:33:02:834][Config      ][3 - Information] Get Section: ResearchDownload.ini -> GUI -> BaudRates -> 57600,115200,230400,460800,921600,1000000,2000000,3250000,4000000
[2026-08-01 02:33:02:834][Config      ][3 - Information] Get Section: ResearchDownload.ini -> GUI -> CanEdit -> 1
[2026-08-01 02:33:02:834][Config      ][3 - Information] Get Section: ResearchDownload.ini -> GUI -> CanSelect -> 1
[2026-08-01 02:33:02:834][Config      ][3 - Information] Get Section: ResearchDownload.ini -> GUI -> ClosePortFlag -> 0
[2026-08-01 02:33:02:834][Config      ][3 - Information] Get Section: ResearchDownload.ini -> GUI -> CmdPackage -> 0
[2026-08-01 02:33:02:834][Config      ][3 - Information] Get Section: ResearchDownload.ini -> GUI -> FileFilter -> All file(*.*)|*.*|Image file (*.bin;*.img)|*.bin;*.img||
[2026-08-01 02:33:02:834][Config      ][3 - Information] Get Section: ResearchDownload.ini -> GUI -> FileMode -> 0
[2026-08-01 02:33:02:834][Config      ][3 - Information] Get Section: ResearchDownload.ini -> GUI -> InDLProcess -> 1
[2026-08-01 02:33:02:834][Config      ][3 - Information] Get Section: ResearchDownload.ini -> GUI -> MarkLastState -> 0
[2026-08-01 02:33:02:834][Config      ][3 - Information] Get Section: ResearchDownload.ini -> GUI -> PacketMode -> 1
[2026-08-01 02:33:02:834][Config      ][3 - Information] Get Section: ResearchDownload.ini -> GUI -> PowerManageFlag -> 0
[2026-08-01 02:33:02:834][Config      ][3 - Information] Get Section: ResearchDownload.ini -> GUI -> PowerManageInterval -> 10
[2026-08-01 02:33:02:834][Config      ][3 - Information] Get Section: ResearchDownload.ini -> GUI -> SafetyTipsMsg -> 1
[2026-08-01 02:33:02:834][Config      ][3 - Information] Get Section: ResearchDownload.ini -> GUI -> ScriptControl -> 0
[2026-08-01 02:33:02:834][Config      ][3 - Information] Get Section: ResearchDownload.ini -> GUI -> ScriptControlStop -> 1
[2026-08-01 02:33:02:834][Config      ][3 - Information] Get Section: ResearchDownload.ini -> GUI -> ShowFailedMsgBox -> 0
[2026-08-01 02:33:02:834][Config      ][3 - Information] Get Section: ResearchDownload.ini -> GUI -> ShowPacPath -> 0
[2026-08-01 02:33:02:834][Config      ][3 - Information] Get Section: ResearchDownload.ini -> GUI -> ShowRate -> 1
[2026-08-01 02:33:02:834][Config      ][3 - Information] Get Section: ResearchDownload.ini -> GUI -> ShowSecurityTips -> 0
[2026-08-01 02:33:02:834][Config      ][3 - Information] Get Section: ResearchDownload.ini -> GUI -> SkipBackupNV -> 0
[2026-08-01 02:33:02:834][Config      ][3 - Information] Get Section: ResearchDownload.ini -> GUI -> UserGuide -> UNISOC Download User Guide V4.1.pdf
[2026-08-01 02:33:02:834][Config      ][3 - Information] Get Section: ResearchDownload.ini -> Options -> CheckMatch -> 0
[2026-08-01 02:33:02:834][Config      ][3 - Information] Get Section: ResearchDownload.ini -> Options -> DDRCheck -> 0
[2026-08-01 02:33:02:834][Config      ][3 - Information] Get Section: ResearchDownload.ini -> Options -> EraseAll -> 0
[2026-08-01 02:33:02:834][Config      ][3 - Information] Get Section: ResearchDownload.ini -> Options -> FlashPageType -> 0
[2026-08-01 02:33:02:834][Config      ][3 - Information] Get Section: ResearchDownload.ini -> Options -> KeepCharge -> 0
[2026-08-01 02:33:02:834][Config      ][3 - Information] Get Section: ResearchDownload.ini -> Options -> PowerOff -> 1
[2026-08-01 02:33:02:834][Config      ][3 - Information] Get Section: ResearchDownload.ini -> Options -> ReadChipUID -> 0
[2026-08-01 02:33:02:834][Config      ][3 - Information] Get Section: ResearchDownload.ini -> Options -> Repartition -> 0
[2026-08-01 02:33:02:834][Config      ][3 - Information] Get Section: ResearchDownload.ini -> Options -> Reset -> 0
[2026-08-01 02:33:02:834][Config      ][3 - Information] Get Section: ResearchDownload.ini -> Options -> SelfRefresh -> 0
[2026-08-01 02:33:02:834][Config      ][3 - Information] Get Section: ResearchDownload.ini -> Options -> UartDownload -> 0
[2026-08-01 02:33:02:834][Config      ][3 - Information] Get Section: ResearchDownload.ini -> Options -> WriteEfuse -> 0
[2026-08-01 02:33:02:834][Config      ][3 - Information] Get Section: ResearchDownload.ini -> Options -> ReadMCPType -> 0
[2026-08-01 02:33:02:834][Config      ][3 - Information] Get Section: ResearchDownload.ini -> Options -> EnableLog -> 0
[2026-08-01 02:33:02:834][Config      ][3 - Information] Get Section: ResearchDownload.ini -> Options -> EnableSecureBoot -> 0
[2026-08-01 02:33:02:834][Config      ][3 - Information] Get Section: ResearchDownload.ini -> Options -> EnableEndProcess -> 0
[2026-08-01 02:33:02:834][Config      ][3 - Information] Get Section: ResearchDownload.ini -> Options -> ReadPartition -> 0
[2026-08-01 02:33:02:834][Config      ][3 - Information] Get Section: ResearchDownload.ini -> Options -> DumpUbootLog -> 0
[2026-08-01 02:33:02:834][Config      ][3 - Information] Get Section: ResearchDownload.ini -> Options -> VpacCheck -> 0
[2026-08-01 02:33:02:834][Config      ][3 - Information] Get Section: ResearchDownload.ini -> Options -> CheckNvItemReadCrc -> 0
[2026-08-01 02:33:02:834][Config      ][3 - Information] Get Section: ResearchDownload.ini -> Options -> Enable7e2DumpLog -> 0
[2026-08-01 02:33:02:834][Config      ][3 - Information] Get Section: ResearchDownload.ini -> Options -> ComparePartitionInfo -> 1
[2026-08-01 02:33:02:834][Config      ][3 - Information] Get Section: ResearchDownload.ini -> ChipDspMap -> enable -> 0
[2026-08-01 02:33:02:834][Config      ][3 - Information] Get Section: ResearchDownload.ini -> Download_Packet -> ShowConfirmDialog -> 1
[2026-08-01 02:33:02:834][Config      ][3 - Information] Get Section: ResearchDownload.ini -> Download_Packet -> UnpacketDir -> .\
[2026-08-01 02:33:02:834][Config      ][3 - Information] Get Section: ResearchDownload.ini -> Download_Packet -> packet -> D:\River\DTU_FCT\Info\Configuration\PAC_File_path\RX01_N58_App_v1.0.0.pac
[2026-08-01 02:33:02:834][Config      ][3 - Information] Get Section: ResearchDownload.ini -> FirstMode -> Enable -> 0
[2026-08-01 02:33:02:834][Config      ][3 - Information] Get Section: ResearchDownload.ini -> FirstMode -> FirstMode -> 0x0
[2026-08-01 02:33:02:834][Config      ][3 - Information] Get Section: ResearchDownload.ini -> FirstMode -> SupportFeaturePhone -> 0
[2026-08-01 02:33:02:834][Config      ][3 - Information] Get Section: ResearchDownload.ini -> Mes -> Enable -> 0
[2026-08-01 02:33:02:834][Config      ][3 - Information] Get Section: ResearchDownload.ini -> PartitionValue -> ReadEnable -> 0
[2026-08-01 02:33:02:834][Config      ][3 - Information] Get Section: ResearchDownload.ini -> PartitionValue -> ReadOffset -> 0x0
[2026-08-01 02:33:02:834][Config      ][3 - Information] Get Section: ResearchDownload.ini -> PartitionValue -> ReadPartitionID -> miscdata
[2026-08-01 02:33:02:834][Config      ][3 - Information] Get Section: ResearchDownload.ini -> PartitionValue -> ReadSize -> 0x0
[2026-08-01 02:33:02:834][Config      ][3 - Information] Get Section: ResearchDownload.ini -> PartitionValue -> WriteEnable -> 0
[2026-08-01 02:33:02:834][Config      ][3 - Information] Get Section: ResearchDownload.ini -> PartitionValue -> WriteOffset -> 0x0
[2026-08-01 02:33:02:834][Config      ][3 - Information] Get Section: ResearchDownload.ini -> PartitionValue -> WritePartitionID -> miscdata
[2026-08-01 02:33:02:834][Config      ][3 - Information] Get Section: ResearchDownload.ini -> PartitionValue -> WriteSize -> 0x4
[2026-08-01 02:33:02:834][Config      ][3 - Information] Get Section: ResearchDownload.ini -> PartitionValue -> WriteValue -> TEST
[2026-08-01 02:33:02:835][Config      ][3 - Information] Get Section: ResearchDownload.ini -> PortSetting -> EnableFilter -> 1
[2026-08-01 02:33:02:835][Config      ][3 - Information] Get Section: ResearchDownload.ini -> PortSetting -> EnableFixedPort -> 0
[2026-08-01 02:33:02:835][Config      ][3 - Information] Get Section: ResearchDownload.ini -> PortSetting -> FilterPort -> 1,2
[2026-08-01 02:33:02:835][Config      ][3 - Information] Get Section: ResearchDownload.ini -> Report -> DUTID -> 0
[2026-08-01 02:33:02:835][Config      ][3 - Information] Get Section: ResearchDownload.ini -> Report -> Type -> 0
[2026-08-01 02:33:02:835][Config      ][3 - Information] Get Section: ResearchDownload.ini -> Report -> enable -> 0
[2026-08-01 02:33:02:835][Config      ][3 - Information] Get Section: ResearchDownload.ini -> SN -> AutoGenerateSN -> 1
[2026-08-01 02:33:02:835][Config      ][3 - Information] Get Section: ResearchDownload.ini -> SN -> AutoStartAfterInputSN -> 1
[2026-08-01 02:33:02:835][Config      ][3 - Information] Get Section: ResearchDownload.ini -> SN -> NeedPhaseCheck -> 0
[2026-08-01 02:33:02:835][Config      ][3 - Information] Get Section: ResearchDownload.ini -> SN -> SN_LENGTH -> 14
[2026-08-01 02:33:02:835][Config      ][3 - Information] Get Section: ResearchDownload.ini -> SN -> WithDataTime -> 0
[2026-08-01 02:33:02:835][Config      ][3 - Information] Get Section: ResearchDownload.ini -> Selection -> SelectProduct -> PAC_UIX8910_MODEM
[2026-08-01 02:33:02:835][Config      ][3 - Information] Get Section: ResearchDownload.ini -> Serial port -> Baud rate -> 115200
[2026-08-01 02:33:02:835][Config      ][3 - Information] Get Section: ResearchDownload.ini -> Serial port -> Port -> 31
[2026-08-01 02:33:02:835][Config      ][3 - Information] Get Section: ResearchDownload.ini -> Settings -> CheckDriverVer -> 1
[2026-08-01 02:33:02:835][Config      ][3 - Information] Get Section: ResearchDownload.ini -> Settings -> WaitTimeForNextChip -> 0
[2026-08-01 02:33:02:835][Config      ][2 - Warning    ] Section ( ResearchDownload.ini -> default ) is an empty.
[2026-08-01 02:33:02:835][Config      ][2 - Warning    ] Section ( ResearchDownload.ini -> EraseFlash ) is an empty.
[2026-08-01 02:33:02:835][Config      ][3 - Information] Get Section: ResearchDownload.ini -> NV -> FileNameWithSN -> 1
[2026-08-01 02:33:02:835][Config      ][3 - Information] Get Section: ResearchDownload.ini -> NV -> SaveToLocalFlag -> 0
[2026-08-01 02:33:02:835][Config      ][3 - Information] Get Section: ResearchDownload.ini -> NV -> PrintOffset -> 0
[2026-08-01 02:33:02:835][Config      ][3 - Information] Get Section: ResearchDownload.ini -> NV -> EnableReadNV -> 0
[2026-08-01 02:33:02:835][Config      ][3 - Information] Get Section: ResearchDownload.ini -> ReadFlash -> flash00 -> 0:0x8000C0:0xFF40:D:\River\DTU_FCT\EXEs\RESEARCHDOWNLOAD_R22.19.1701_DUT1\Bin\ReadFlash\fdl1.sign.img
[2026-08-01 02:33:02:835][Config      ][3 - Information] Get Section: ResearchDownload.ini -> ReadFlash -> flash01 -> 0:0x60000000:0x10000:D:\River\DTU_FCT\EXEs\RESEARCHDOWNLOAD_R22.19.1701_DUT1\Bin\ReadFlash\boot.sign.img
[2026-08-01 02:33:02:835][Config      ][3 - Information] Get Section: ResearchDownload.ini -> ReadFlash -> flash02 -> 0:0x60010000:0x260000:D:\River\DTU_FCT\EXEs\RESEARCHDOWNLOAD_R22.19.1701_DUT1\Bin\ReadFlash\Customer_cat1bis_novolte.sign.img
[2026-08-01 02:33:02:835][Config      ][3 - Information] Get Section: ResearchDownload.ini -> ReadFlash -> flash03 -> 0:0x60270000:0x1C0000:D:\River\DTU_FCT\EXEs\RESEARCHDOWNLOAD_R22.19.1701_DUT1\Bin\ReadFlash\hello_flash.img
[2026-08-01 02:33:02:835][Config      ][3 - Information] Get Section: ResearchDownload.ini -> ReadFlash -> flash04 -> 0:0x60560000:0x280000:D:\River\DTU_FCT\EXEs\RESEARCHDOWNLOAD_R22.19.1701_DUT1\Bin\ReadFlash\cat1_UIS8915DM_BB_RF_SS_NoVolte_cus.img
[2026-08-01 02:33:02:835][Config      ][3 - Information] Get Section: ResearchDownload.ini -> ReadFlash -> flash05 -> 0:0xFE000006:0x53595346:D:\River\DTU_FCT\EXEs\RESEARCHDOWNLOAD_R22.19.1701_DUT1\Bin\ReadFlash\_only.bin
[2026-08-01 02:33:02:835][Config      ][3 - Information] Get Section: ResearchDownload.ini -> ReadFlash -> flash06 -> 0:0xFE000001:0x0:D:\River\DTU_FCT\EXEs\RESEARCHDOWNLOAD_R22.19.1701_DUT1\Bin\ReadFlash\_only.bin
[2026-08-01 02:33:02:835][Config      ][3 - Information] Get Section: ResearchDownload.ini -> ReadFlash -> flash07 -> 0:0xFE000003:0x20000:D:\River\DTU_FCT\EXEs\RESEARCHDOWNLOAD_R22.19.1701_DUT1\Bin\ReadFlash\cat1_UIS8915DM_BB_RF_SS_NoVolte_cus_nvitem.bin
[2026-08-01 02:33:02:835][Config      ][3 - Information] Get Section: ResearchDownload.ini -> ReadFlash -> flash08 -> 0:0xFE000004:0x0:D:\River\DTU_FCT\EXEs\RESEARCHDOWNLOAD_R22.19.1701_DUT1\Bin\ReadFlash\cat1_UIS8915DM_BB_RF_SS_NoVolte_cus_prepack.cpio
[2026-08-01 02:33:02:835][Config      ][3 - Information] Get Section: ResearchDownload.ini -> ReadFlash -> flash09 -> 0:0xFE000002:0x100:D:\River\DTU_FCT\EXEs\RESEARCHDOWNLOAD_R22.19.1701_DUT1\Bin\ReadFlash\miscdata.bin
[2026-08-01 02:33:02:835][Config      ][2 - Warning    ] Section ( ResearchDownload.ini -> STINGRAY ) is an empty.
[2026-08-01 02:33:02:835][Config      ][3 - Information] Get Section: ResearchDownload.ini -> Selinux -> Data -> Selinux:-
[2026-08-01 02:33:02:835][Config      ][3 - Information] Get Section: ResearchDownload.ini -> UsageStatistics -> Exsrv -> \\10.0.3.44\phone
[2026-08-01 02:33:02:835][Config      ][2 - Warning    ] Section ( ResearchDownload.ini -> WriteFlash ) is an empty.
[2026-08-01 02:33:02:835][Config      ][2 - Warning    ] Section ( ResearchDownload.ini -> Customization ) is an empty.
[2026-08-01 02:33:02:835][Config      ][3 - Information] Get Section: ResearchDownload.ini -> PreloadDLImage -> Enable -> 0
[2026-08-01 02:33:02:835][Config      ][3 - Information] Get Section: ResearchDownload.ini -> PreloadDLImage -> FileID -> My_preload
[2026-08-01 02:33:02:835][Config      ][3 - Information] Get Section: ResearchDownload.ini -> PreloadDLImage -> ImageNameBase -> my_preload
[2026-08-01 02:33:02:835][Config      ][3 - Information] Get Section: ResearchDownload.ini -> IQDynamicData -> Enable -> 0
[2026-08-01 02:33:02:835][Config      ][3 - Information] Default String: ResearchDownload.ini -> GUI -> EraseAllFlashMsg -> You have selected [Erase All Flash], this will clear all data stored in the flash including calibration.IMEI will be erased too and need to be rewritten,If continue?
[2026-08-01 02:33:02:836][Config      ][3 - Information] Default String: ResearchDownload.ini -> GUI -> EraseIMEIMsg -> You have not selected to backup IMEI item,IMEI will be erased and need to be rewritten,If continue?
[2026-08-01 02:33:02:836][Config      ][3 - Information] Default String: ResearchDownload.ini -> GUI -> ShowChinese -> 1
[2026-08-01 02:33:02:836][Config      ][3 - Information] Default String: ResearchDownload.ini -> GUI -> DeleteTmpDir -> 1
[2026-08-01 02:33:02:836][Config      ][3 - Information] Default String: ResearchDownload.ini -> GUI -> KeepPacNVState -> 0
[2026-08-01 02:33:02:836][Config      ][3 - Information] Default String: ResearchDownload.ini -> GUI -> Manual -> 0
[2026-08-01 02:33:02:836][Config      ][3 - Information] Default String: ResearchDownload.ini -> GUI -> ShowMcpTypePage -> 0
[2026-08-01 02:33:02:836][Config      ][3 - Information] Default String: ResearchDownload.ini -> SN -> FixedSN -> 
[2026-08-01 02:33:02:836][Config      ][3 - Information] Default String: ResearchDownload.ini -> SN -> FixedSN2 -> 
[2026-08-01 02:33:02:836][Config      ][3 - Information] Default String: ResearchDownload.ini -> SN -> WriteSN2Enable -> 0
[2026-08-01 02:33:02:836][Config      ][3 - Information] Default String: ResearchDownload.ini -> Options -> SendFlag -> 0
[2026-08-01 02:33:02:836][Config      ][3 - Information] Default String: ResearchDownload.ini -> Options -> WriteTimestamp -> 0
[2026-08-01 02:33:02:836][Config      ][3 - Information] Default String: ResearchDownload.ini -> Options -> SupportCU -> 0
[2026-08-01 02:33:02:836][Config      ][3 - Information] Default String: ResearchDownload.ini -> Options -> SupportCheckRoot -> 0
[2026-08-01 02:33:02:836][Config      ][3 - Information] Default String: ResearchDownload.ini -> Options -> SupportInproduction -> 0
[2026-08-01 02:33:02:836][Config      ][3 - Information] Default String: ResearchDownload.ini -> Options -> BackupProdnvMiscData -> 0
[2026-08-01 02:33:02:836][Config      ][3 - Information] Default String: ResearchDownload.ini -> Options -> SharkNandOption -> 0
[2026-08-01 02:33:02:836][Config      ][3 - Information] Default String: ResearchDownload.ini -> Download_Packet -> Floader -> 
[2026-08-01 02:33:02:836][Config      ][3 - Information] Get String: ResearchDownload.ini -> Download_Packet -> Packet -> D:\River\DTU_FCT\Info\Configuration\PAC_File_path\RX01_N58_App_v1.0.0.pac
[2026-08-01 02:33:02:836][Config      ][3 - Information] Default String: ResearchDownload.ini -> Settings -> SkipFileID -> 
[2026-08-01 02:33:02:836][Config      ][3 - Information] Default String: ResearchDownload.ini -> Settings -> MustFileID -> 
[2026-08-01 02:33:02:836][Config      ][3 - Information] Default String: ResearchDownload.ini -> Settings -> RemoveImgStoreInterval -> 7
[2026-08-01 02:33:02:836][Config      ][3 - Information] Default String: ResearchDownload.ini -> Settings -> CheckCali -> 0
[2026-08-01 02:33:02:836][Config      ][3 - Information] Default String: ResearchDownload.ini -> Settings -> CheckStation -> 
[2026-08-01 02:33:02:836][Config      ][3 - Information] Default String: ResearchDownload.ini -> NV -> LangNVItemID -> 405
[2026-08-01 02:33:02:836][Config      ][3 - Information] Default String: ResearchDownload.ini -> NV -> PrintNVItem -> 
[2026-08-01 02:33:02:836][Config      ][3 - Information] Default String: ResearchDownload.ini -> UsageStatistics -> Insrv -> 
[2026-08-01 02:33:02:836][Config      ][3 - Information] Get String: ResearchDownload.ini -> Debug -> Data -> enable:level=-
[2026-08-01 02:33:02:838][Config      ][3 - Information] Get String: ResearchDownload.ini -> Comparison -> Enable -> 0
[2026-08-01 02:33:02:838][Config      ][3 - Information] Get String: ResearchDownload.ini -> Comparison -> Policy -> 1
[2026-08-01 02:33:02:838][Config      ][3 - Information] Get String: ResearchDownload.ini -> Comparison -> Program -> C:\Program Files (x86)\Beyond Compare 3\BCompare.exe
[2026-08-01 02:33:02:838][Config      ][3 - Information] Default String: ResearchDownload.ini -> Customization -> CU -> 
[2026-08-01 02:33:02:838][Config      ][3 - Information] Default String: ResearchDownload.ini -> Customization -> ChangeCU -> 0
[2026-08-01 02:33:02:838][Config      ][3 - Information] Default String: ResearchDownload.ini -> Customization -> CheckRoot -> 0
[2026-08-01 02:33:02:838][Config      ][3 - Information] Default String: ResearchDownload.ini -> Customization -> BadFlashRate -> 0
[2026-08-01 02:33:02:838][Config      ][3 - Information] Default String: ResearchDownload.ini -> Customization -> CheckBadFlashRate -> 0
[2026-08-01 02:33:02:838][Config      ][3 - Information] Default String: ResearchDownload.ini -> Customization -> Inproduction -> 0
[2026-08-01 02:33:02:838][Config      ][3 - Information] Default String: ResearchDownload.ini -> IQDynamicData -> Offset -> -1
[2026-08-01 02:33:02:838][Config      ][3 - Information] Default String: ResearchDownload.ini -> IQDynamicData -> Value -> 
[2026-08-01 02:33:02:838][Config      ][3 - Information] Get Section: BMTimeOut.ini -> Timeout -> CheckBaudRom -> 20
[2026-08-01 02:33:02:838][Config      ][3 - Information] Get Section: BMTimeOut.ini -> Timeout -> Check Baud -> 1000
[2026-08-01 02:33:02:838][Config      ][3 - Information] Get Section: BMTimeOut.ini -> Timeout -> HostConnect -> 1000
[2026-08-01 02:33:02:838][Config      ][3 - Information] Get Section: BMTimeOut.ini -> Timeout -> HostDownload -> 10000
[2026-08-01 02:33:02:838][Config      ][3 - Information] Get Section: BMTimeOut.ini -> Timeout -> HostExcute -> 2000
[2026-08-01 02:33:02:838][Config      ][3 - Information] Get Section: BMTimeOut.ini -> Timeout -> Connect -> 3000
[2026-08-01 02:33:02:838][Config      ][3 - Information] Get Section: BMTimeOut.ini -> Timeout -> Erase Flash -> 3600000
[2026-08-01 02:33:02:838][Config      ][3 - Information] Get Section: BMTimeOut.ini -> Timeout -> Read Flash -> 10000
[2026-08-01 02:33:02:838][Config      ][3 - Information] Get Section: BMTimeOut.ini -> Timeout -> StartData -> 30000
[2026-08-01 02:33:02:838][Config      ][3 - Information] Get Section: BMTimeOut.ini -> Timeout -> Download -> 120000
[2026-08-01 02:33:02:838][Config      ][3 - Information] Get Section: BMTimeOut.ini -> Timeout -> Excute -> 1000
[2026-08-01 02:33:02:838][Config      ][3 - Information] Get Section: BMTimeOut.ini -> Timeout -> ExecNandInit -> 60000
[2026-08-01 02:33:02:838][Config      ][3 - Information] Get Section: BMTimeOut.ini -> Timeout -> Repartition -> 60000
[2026-08-01 02:33:02:838][Config      ][3 - Information] Get Section: BMTimeOut.ini -> Timeout -> EndData -> 60000
[2026-08-01 02:33:02:838][Config      ][3 - Information] Get Section: BMTimeOut.ini -> Timeout -> ReadFlashType -> 1000
[2026-08-01 02:33:02:838][Config      ][3 - Information] Get Section: BMTimeOut.ini -> Timeout -> ReadSectorSize -> 1000
[2026-08-01 02:33:02:838][Config      ][3 - Information] Get Section: BMTimeOut.ini -> Timeout -> KeepCharge -> 3000
[2026-08-01 02:33:02:838][Config      ][3 - Information] Get Section: BMTimeOut.ini -> Timeout -> SendExtTable -> 1000
[2026-08-01 02:33:02:838][Config      ][3 - Information] Get Section: BMTimeOut.ini -> Timeout -> ReadFlashUID -> 1000
[2026-08-01 02:33:02:838][Config      ][3 - Information] Get Section: BMTimeOut.ini -> Timeout -> ReadSoftSimEID -> 2000
[2026-08-01 02:33:02:838][Config      ][3 - Information] Get Section: BMTimeOut.ini -> Timeout -> ChangeBaud -> 2000
[2026-08-01 02:33:02:838][Config      ][3 - Information] Get Section: BMTimeOut.ini -> Timeout -> StartRead -> 20000
[2026-08-01 02:33:02:838][Config      ][3 - Information] Get Section: BMTimeOut.ini -> Timeout -> MidstRead -> 20000
[2026-08-01 02:33:02:838][Config      ][3 - Information] Get Section: BMTimeOut.ini -> Timeout -> EndRead -> 20000
[2026-08-01 02:33:02:838][Config      ][3 - Information] Get Section: BMTimeOut.ini -> Timeout -> DDRCheck -> 30000
[2026-08-01 02:33:02:838][Config      ][3 - Information] Get Section: BMTimeOut.ini -> Timeout -> SelfRefresh -> 40000
[2026-08-01 02:33:02:838][Config      ][3 - Information] Get Section: BMTimeOut.ini -> Timeout -> ReadNandBlockInfo -> 3000
[2026-08-01 02:33:02:838][Config      ][3 - Information] Get Section: BMTimeOut.ini -> Timeout -> SetFirstMode -> 1000
[2026-08-01 02:33:02:838][Config      ][3 - Information] Get Section: BMTimeOut.ini -> Timeout -> CheckDUT -> 500
[2026-08-01 02:33:02:838][Config      ][3 - Information] Get Section: BMTimeOut.ini -> Timeout -> EnableRawData -> 20000
[2026-08-01 02:33:02:838][Config      ][3 - Information] Get Section: BMTimeOut.ini -> Timeout -> FlushData -> 20000
[2026-08-01 02:33:02:838][Config      ][3 - Information] Get Section: BMTimeOut.ini -> Timeout -> MidstRawStart -> 20000
[2026-08-01 02:33:02:838][Config      ][3 - Information] Get Section: BMTimeOut.ini -> Timeout -> SetRandomData -> 20000
[2026-08-01 02:33:02:838][Config      ][3 - Information] Get Section: BMTimeOut.ini -> Timeout -> ReadPartitionInfo -> 1000
[2026-08-01 02:33:02:838][Config      ][3 - Information] Get Section: BMTimeOut.ini -> Timeout -> DumpUbootLog -> 5000
[2026-08-01 02:33:02:838][Config      ][3 - Information] Get Section: BMTimeOut.ini -> Timeout -> ReadVpac -> 1000
[2026-08-01 02:33:02:838][Config      ][3 - Information] Get Section: BMTimeOut.ini -> Timeout -> Watchdog -> 1000
[2026-08-01 02:33:02:838][Config      ][3 - Information] Get Section: BMTimeOut.ini -> OperationInterval -> Connect -> 0
[2026-08-01 02:33:02:838][Config      ][3 - Information] Get Section: BMTimeOut.ini -> Check Baud Times -> CheckBaud -> 100
[2026-08-01 02:33:02:838][Config      ][3 - Information] Get Section: BMTimeOut.ini -> Check Baud Times -> FDL -> 20
[2026-08-01 02:33:02:838][Config      ][3 - Information] Get Section: BMTimeOut.ini -> Check Baud Times -> ReadSN -> 10
[2026-08-01 02:33:02:838][Config      ][3 - Information] Get Section: BMTimeOut.ini -> Check Baud Times -> HostConnect -> 2000
[2026-08-01 02:33:02:838][Config      ][3 - Information] Get Section: BMTimeOut.ini -> CheckDUT -> CheckTimes -> 0
[2026-08-01 02:33:02:838][Config      ][3 - Information] Get Section: BMTimeOut.ini -> CheckDUT -> WaitTimeForNextChip -> 2000
[2026-08-01 02:33:02:838][Config      ][3 - Information] Get Section: BMTimeOut.ini -> CheckBaudSetting -> 7ENumPerTime -> 1
[2026-08-01 02:33:02:838][Config      ][3 - Information] Get Section: BMTimeOut.ini -> NVItem -> ItemID -> 0x8
[2026-08-01 02:33:02:838][Config      ][3 - Information] Get Section: BMTimeOut.ini -> Log -> SerialDDRLogEnable -> 0
[2026-08-01 02:33:02:838][Config      ][3 - Information] Get Section: BMTimeOut.ini -> SecondEnumPort -> EnumPortTimeOut -> 60000
[2026-08-01 02:33:02:838][Config      ][3 - Information] Get Section: BMTimeOut.ini -> SecondEnumPort -> EnumPortErrorMsg -> The second enumemration port timeout
[2026-08-01 02:33:02:838][Config      ][3 - Information] Get Section: BMFileType.ini -> CheckBaud -> 1 -> CheckBaudRom
[2026-08-01 02:33:02:839][Config      ][3 - Information] Get Section: BMFileType.ini -> CheckBaud -> 2 -> GetCheckBaudCrcType
[2026-08-01 02:33:02:839][Config      ][3 - Information] Get Section: BMFileType.ini -> FDL1 -> 1 -> Connect2
[2026-08-01 02:33:02:839][Config      ][3 - Information] Get Section: BMFileType.ini -> FDL1 -> 2 -> Download
[2026-08-01 02:33:02:839][Config      ][3 - Information] Get Section: BMFileType.ini -> FDL1 -> 3 -> Excute
[2026-08-01 02:33:02:839][Config      ][3 - Information] Get Section: BMFileType.ini -> FDL2 -> 1 -> Connect2
[2026-08-01 02:33:02:839][Config      ][3 - Information] Get Section: BMFileType.ini -> FDL2 -> 2 -> ChangeBaud
[2026-08-01 02:33:02:839][Config      ][3 - Information] Get Section: BMFileType.ini -> FDL2 -> 3 -> Download
[2026-08-01 02:33:02:839][Config      ][3 - Information] Get Section: BMFileType.ini -> FDL2 -> 4 -> ExecNandInit
[2026-08-01 02:33:02:839][Config      ][3 - Information] Get Section: BMFileType.ini -> HOST_FDL -> 1 -> HostConnect
[2026-08-01 02:33:02:839][Config      ][3 - Information] Get Section: BMFileType.ini -> HOST_FDL -> 2 -> HostDownload
[2026-08-01 02:33:02:839][Config      ][3 - Information] Get Section: BMFileType.ini -> HOST_FDL -> 3 -> HostExcute
[2026-08-01 02:33:02:839][Config      ][3 - Information] Get Section: BMFileType.ini -> HOST_FDL -> 4 -> ResetCRC
[2026-08-01 02:33:02:839][Config      ][3 - Information] Get Section: BMFileType.ini -> HOST_FDL -> 5 -> Connect
[2026-08-01 02:33:02:839][Config      ][3 - Information] Get Section: BMFileType.ini -> HOST_FDL -> 6 -> ChangeBaud
[2026-08-01 02:33:02:839][Config      ][3 - Information] Get Section: BMFileType.ini -> FDL -> 1 -> SetCRC
[2026-08-01 02:33:02:839][Config      ][3 - Information] Get Section: BMFileType.ini -> FDL -> 2 -> ConnectRom
[2026-08-01 02:33:02:839][Config      ][3 - Information] Get Section: BMFileType.ini -> FDL -> 3 -> Download
[2026-08-01 02:33:02:839][Config      ][3 - Information] Get Section: BMFileType.ini -> FDL -> 4 -> Excute
[2026-08-01 02:33:02:839][Config      ][3 - Information] Get Section: BMFileType.ini -> FDL -> 5 -> ResetCRC
[2026-08-01 02:33:02:839][Config      ][3 - Information] Get Section: BMFileType.ini -> FDL -> 6 -> Connect
[2026-08-01 02:33:02:839][Config      ][3 - Information] Get Section: BMFileType.ini -> FDL -> 7 -> ChangeBaud
[2026-08-01 02:33:02:839][Config      ][3 - Information] Get Section: BMFileType.ini -> Init -> 1 -> ResetCRC
[2026-08-01 02:33:02:839][Config      ][3 - Information] Get Section: BMFileType.ini -> Init -> 2 -> Connect
[2026-08-01 02:33:02:839][Config      ][3 - Information] Get Section: BMFileType.ini -> NAND_FDL -> 1 -> Download
[2026-08-01 02:33:02:839][Config      ][3 - Information] Get Section: BMFileType.ini -> NAND_FDL -> 2 -> ExecNandInit
[2026-08-01 02:33:02:839][Config      ][3 - Information] Get Section: BMFileType.ini -> NV -> 1 -> ReadFlash
[2026-08-01 02:33:02:839][Config      ][3 - Information] Get Section: BMFileType.ini -> NV -> 2 -> Download
[2026-08-01 02:33:02:839][Config      ][3 - Information] Get Section: BMFileType.ini -> NV_NAND -> 1 -> ReadFlash
[2026-08-01 02:33:02:839][Config      ][3 - Information] Get Section: BMFileType.ini -> NV_NAND -> 2 -> Download
[2026-08-01 02:33:02:839][Config      ][3 - Information] Get Section: BMFileType.ini -> NV_COMM -> 1 -> ReadFlashByID
[2026-08-01 02:33:02:839][Config      ][3 - Information] Get Section: BMFileType.ini -> NV_COMM -> 2 -> DownloadByID
[2026-08-01 02:33:02:839][Config      ][3 - Information] Get Section: BMFileType.ini -> ReadFlash -> 1 -> ReadFlash
[2026-08-01 02:33:02:839][Config      ][3 - Information] Get Section: BMFileType.ini -> ReadFlash2 -> 1 -> ReadFlashByID
[2026-08-01 02:33:02:839][Config      ][3 - Information] Get Section: BMFileType.ini -> EraseFlash -> 1 -> EraseFlash2
[2026-08-01 02:33:02:839][Config      ][3 - Information] Get Section: BMFileType.ini -> EraseFlash2 -> 1 -> EraseFlashByID
[2026-08-01 02:33:02:839][Config      ][3 - Information] Get Section: BMFileType.ini -> CheckDUT -> 1 -> CheckDUT
[2026-08-01 02:33:02:839][Config      ][3 - Information] Get Section: BMFileType.ini -> CODE -> 1 -> Download
[2026-08-01 02:33:02:839][Config      ][3 - Information] Get Section: BMFileType.ini -> CODE2 -> 1 -> DownloadByID
[2026-08-01 02:33:02:839][Config      ][3 - Information] Get Section: BMFileType.ini -> MiscDataCode2 -> 1 -> DownloadByID
[2026-08-01 02:33:02:839][Config      ][3 - Information] Get Section: BMFileType.ini -> MiscDataCode2 -> 2 -> SetTimeStamp
[2026-08-01 02:33:02:839][Config      ][3 - Information] Get Section: BMFileType.ini -> MiscDataCode -> 1 -> Download
[2026-08-01 02:33:02:839][Config      ][3 - Information] Get Section: BMFileType.ini -> MiscDataCode -> 2 -> SetTimeStamp
[2026-08-01 02:33:02:839][Config      ][3 - Information] Get Section: BMFileType.ini -> Reset -> 1 -> Reset
[2026-08-01 02:33:02:839][Config      ][3 - Information] Get Section: BMFileType.ini -> SetFirstMode -> 1 -> SetFirstMode
[2026-08-01 02:33:02:840][Config      ][3 - Information] Get Section: BMFileType.ini -> DumpUbootLog -> 1 -> DumpUbootLog
[2026-08-01 02:33:02:840][Config      ][3 - Information] Get Section: BMFileType.ini -> PowerOff -> 1 -> PowerOff
[2026-08-01 02:33:02:840][Config      ][3 - Information] Get Section: BMFileType.ini -> BOOT_LOADER -> 1 -> Download
[2026-08-01 02:33:02:840][Config      ][3 - Information] Get Section: BMFileType.ini -> BOOT_LOADER2 -> 1 -> DownloadByID
[2026-08-01 02:33:02:840][Config      ][3 - Information] Get Section: BMFileType.ini -> READFLASHTYPE -> 1 -> ReadFlashType
[2026-08-01 02:33:02:840][Config      ][3 - Information] Get Section: BMFileType.ini -> CHECK_MCPTYPE -> 1 -> ReadFlashType
[2026-08-01 02:33:02:840][Config      ][3 - Information] Get Section: BMFileType.ini -> ReadSN -> 1 -> ReadFlash
[2026-08-01 02:33:02:840][Config      ][3 - Information] Get Section: BMFileType.ini -> ReadSN2 -> 1 -> ReadFlashByID
[2026-08-01 02:33:02:840][Config      ][3 - Information] Get Section: BMFileType.ini -> UDISK_IMG -> 1 -> ReadSectorSize
[2026-08-01 02:33:02:840][Config      ][3 - Information] Get Section: BMFileType.ini -> UDISK_IMG -> 2 -> Download
[2026-08-01 02:33:02:840][Config      ][3 - Information] Get Section: BMFileType.ini -> UDISK_IMG2 -> 1 -> ReadSectorSize
[2026-08-01 02:33:02:840][Config      ][3 - Information] Get Section: BMFileType.ini -> UDISK_IMG2 -> 2 -> DownloadByID
[2026-08-01 02:33:02:840][Config      ][3 - Information] Get Section: BMFileType.ini -> ReadFlashAndSave -> 1 -> ReadFlashAndSave
[2026-08-01 02:33:02:840][Config      ][3 - Information] Get Section: BMFileType.ini -> ReadFlashAndSave2 -> 1 -> ReadFlashAndSaveByID
[2026-08-01 02:33:02:840][Config      ][3 - Information] Get Section: BMFileType.ini -> ReadFlashAndDirectSave -> 1 -> ReadFlashAndDirectSave
[2026-08-01 02:33:02:840][Config      ][3 - Information] Get Section: BMFileType.ini -> ReadFlashAndDirectSave2 -> 1 -> ReadFlashAndDirectSaveByID
[2026-08-01 02:33:02:840][Config      ][3 - Information] Get Section: BMFileType.ini -> ReadFlashAndDirectSave2_64 -> 1 -> ReadFlashAndDirectSaveByIDEx
[2026-08-01 02:33:02:840][Config      ][3 - Information] Get Section: BMFileType.ini -> CHIP_DSP -> 1 -> ReadChipType
[2026-08-01 02:33:02:840][Config      ][3 - Information] Get Section: BMFileType.ini -> CHIP_DSP -> 2 -> Download
[2026-08-01 02:33:02:840][Config      ][3 - Information] Get Section: BMFileType.ini -> CHIP_DSP2 -> 1 -> ReadChipType
[2026-08-01 02:33:02:840][Config      ][3 - Information] Get Section: BMFileType.ini -> CHIP_DSP2 -> 2 -> DownloadByID
[2026-08-01 02:33:02:840][Config      ][3 - Information] Get Section: BMFileType.ini -> READ_CHIPID -> 1 -> ReadChipType
[2026-08-01 02:33:02:840][Config      ][3 - Information] Get Section: BMFileType.ini -> UBOOT_LOADER -> 1 -> Download
[2026-08-01 02:33:02:840][Config      ][3 - Information] Get Section: BMFileType.ini -> UBOOT_LOADER2 -> 1 -> DownloadByID
[2026-08-01 02:33:02:840][Config      ][3 - Information] Get Section: BMFileType.ini -> YAFFS_IMG -> 1 -> Download
[2026-08-01 02:33:02:840][Config      ][3 - Information] Get Section: BMFileType.ini -> YAFFS_IMG2 -> 1 -> DownloadByID
[2026-08-01 02:33:02:840][Config      ][3 - Information] Get Section: BMFileType.ini -> CHECK_NV -> 1 -> ReadFlash
[2026-08-01 02:33:02:840][Config      ][3 - Information] Get Section: BMFileType.ini -> CHECK_NV -> 2 -> Download
[2026-08-01 02:33:02:840][Config      ][3 - Information] Get Section: BMFileType.ini -> CHECK_NV2 -> 1 -> ReadFlashByID
[2026-08-01 02:33:02:840][Config      ][3 - Information] Get Section: BMFileType.ini -> CHECK_NV2 -> 2 -> DownloadByID
[2026-08-01 02:33:02:841][Config      ][3 - Information] Get Section: BMFileType.ini -> REPARTITION -> 1 -> Repartition
[2026-08-01 02:33:02:841][Config      ][3 - Information] Get Section: BMFileType.ini -> REPARTITION2 -> 1 -> RepartitionByID
[2026-08-01 02:33:02:841][Config      ][3 - Information] Get Section: BMFileType.ini -> FORCE_REPARTITION -> 1 -> ForceRepartition
[2026-08-01 02:33:02:841][Config      ][3 - Information] Get Section: BMFileType.ini -> FORCE_REPARTITION2 -> 1 -> ForceRepartitionByID
[2026-08-01 02:33:02:841][Config      ][3 - Information] Get Section: BMFileType.ini -> DONOTHING -> 1 -> DoNothing
[2026-08-01 02:33:02:841][Config      ][3 - Information] Get Section: BMFileType.ini -> KeepCharge -> 1 -> KeepCharge
[2026-08-01 02:33:02:841][Config      ][3 - Information] Get Section: BMFileType.ini -> READ_FLASHINFO -> 1 -> ReadFlashInfo
[2026-08-01 02:33:02:841][Config      ][3 - Information] Get Section: BMFileType.ini -> EXTTABLE -> 1 -> SendExtTable
[2026-08-01 02:33:02:841][Config      ][3 - Information] Get Section: BMFileType.ini -> Soft_SIM -> 1 -> ReadFlashUID
[2026-08-01 02:33:02:841][Config      ][3 - Information] Get Section: BMFileType.ini -> Soft_SIM -> 2 -> Download
[2026-08-01 02:33:02:841][Config      ][3 - Information] Get Section: BMFileType.ini -> Soft_SIM -> 3 -> ReadSoftSimEID
[2026-08-01 02:33:02:841][Config      ][3 - Information] Get Section: BMFileType.ini -> READ_CHIPUID -> 1 -> ReadChipUID
[2026-08-01 02:33:02:841][Config      ][3 - Information] Get Section: BMFileType.ini -> Enable_Flash -> 1 -> EnableFlash
[2026-08-01 02:33:02:841][Config      ][3 - Information] Get Section: BMFileType.ini -> EnableSecureBoot -> 1 -> EnableSecureBoot
[2026-08-01 02:33:02:841][Config      ][3 - Information] Get Section: BMFileType.ini -> FDL2_64 -> 1 -> Connect2
[2026-08-01 02:33:02:841][Config      ][3 - Information] Get Section: BMFileType.ini -> FDL2_64 -> 2 -> ChangeBaud
[2026-08-01 02:33:02:841][Config      ][3 - Information] Get Section: BMFileType.ini -> FDL2_64 -> 3 -> DownloadEx
[2026-08-01 02:33:02:841][Config      ][3 - Information] Get Section: BMFileType.ini -> FDL2_64 -> 4 -> ExecNandInit
[2026-08-01 02:33:02:841][Config      ][3 - Information] Get Section: BMFileType.ini -> NAND_FDL_64 -> 1 -> DownloadEx
[2026-08-01 02:33:02:841][Config      ][3 - Information] Get Section: BMFileType.ini -> NAND_FDL_64 -> 2 -> ExecNandInit
[2026-08-01 02:33:02:841][Config      ][3 - Information] Get Section: BMFileType.ini -> CODE2_64 -> 1 -> DownloadByIDEx
[2026-08-01 02:33:02:841][Config      ][3 - Information] Get Section: BMFileType.ini -> YAFFS_IMG2_64 -> 1 -> DownloadByIDEx
[2026-08-01 02:33:02:841][Config      ][3 - Information] Get Section: BMFileType.ini -> ReadFlashAndSave2_64 -> 1 -> ReadFlashAndSaveByIDEx
[2026-08-01 02:33:02:841][Config      ][3 - Information] Get Section: BMFileType.ini -> REF_INFO -> 1 -> ReadRefInfo
[2026-08-01 02:33:02:841][Config      ][3 - Information] Get Section: BMFileType.ini -> APR -> 1 -> WriteAPRInfo
[2026-08-01 02:33:02:841][Config      ][3 - Information] Get Section: BMFileType.ini -> READ_RF_CHIP_TYPE -> 1 -> ReadTransceiverType
[2026-08-01 02:33:02:842][Config      ][3 - Information] Get Section: BMFileType.ini -> DEBUG_MODE -> 1 -> EnableDebugMode
[2026-08-01 02:33:02:842][Config      ][3 - Information] Get Section: BMFileType.ini -> ReadNandBlockInfo -> 1 -> ReadNandBlockInfo
[2026-08-01 02:33:02:842][Config      ][3 - Information] Get Section: BMFileType.ini -> DDRCheck -> 1 -> DDRCheck
[2026-08-01 02:33:02:842][Config      ][3 - Information] Get Section: BMFileType.ini -> SelfRefresh -> 1 -> SelfRefresh
[2026-08-01 02:33:02:842][Config      ][3 - Information] Get Section: BMFileType.ini -> EndProcess -> 1 -> EndProcess
[2026-08-01 02:33:02:842][Config      ][3 - Information] Get Section: BMFileType.ini -> ReadPartitionInfo -> 1 -> ReadPartitionInfo
[2026-08-01 02:33:02:842][Config      ][3 - Information] Get Section: BMFileType.ini -> CHANGE_SELINUX -> 1 -> ChangeSelinux
[2026-08-01 02:33:02:842][Config      ][3 - Information] Get Section: BMFileType.ini -> ReadVpac -> 1 -> ReadVpac
[2026-08-01 02:33:02:842][Config      ][3 - Information] Get Section: BMFileType.ini -> WriteVpac -> 1 -> WriteVpac
[2026-08-01 02:33:02:842][Config      ][3 - Information] Get Section: BMFileType.ini -> WritePartitionValue -> 1 -> WritePartitionValue
[2026-08-01 02:33:02:842][Config      ][3 - Information] Get Section: BMFileType.ini -> EndWatchdog -> 1 -> EndWatchdog
[2026-08-01 02:33:02:842][Config      ][3 - Information] Get Section: BMFileType.ini -> WriteEfuse -> 1 -> WriteEfuse
[2026-08-01 02:33:02:842][Config      ][3 - Information] Get Section: BMFileType.ini -> SendFlag -> 1 -> SendFlag
[2026-08-01 02:33:02:842][Config      ][3 - Information] Get Section: BMFileType.ini -> WriteTimestamp -> 1 -> WriteTimestamp
[2026-08-01 02:33:02:842][Config      ][3 - Information] Get Section: BMFileType.ini -> Max Length -> HOST_FDL -> 0x800
[2026-08-01 02:33:02:842][Config      ][3 - Information] Get Section: BMFileType.ini -> Max Length -> FDL1 -> 0x210
[2026-08-01 02:33:02:842][Config      ][3 - Information] Get Section: BMFileType.ini -> Max Length -> FDL -> 0x210
[2026-08-01 02:33:02:842][Config      ][3 - Information] Get Section: BMFileType.ini -> Max Length -> CODE -> 0x800
[2026-08-01 02:33:02:842][Config      ][3 - Information] Get Section: BMFileType.ini -> Max Length -> CODE2 -> 0x5000
[2026-08-01 02:33:02:842][Config      ][3 - Information] Get Section: BMFileType.ini -> Max Length -> MiscDataCode -> 0x800
[2026-08-01 02:33:02:842][Config      ][3 - Information] Get Section: BMFileType.ini -> Max Length -> MiscDataCode2 -> 0x5000
[2026-08-01 02:33:02:842][Config      ][3 - Information] Get Section: BMFileType.ini -> Max Length -> NV -> 0x800
[2026-08-01 02:33:02:842][Config      ][3 - Information] Get Section: BMFileType.ini -> Max Length -> NAND_FDL -> 0x210
[2026-08-01 02:33:02:842][Config      ][3 - Information] Get Section: BMFileType.ini -> Max Length -> FDL2 -> 0x210
[2026-08-01 02:33:02:842][Config      ][3 - Information] Get Section: BMFileType.ini -> Max Length -> BOOT_LOADER -> 2112
[2026-08-01 02:33:02:842][Config      ][3 - Information] Get Section: BMFileType.ini -> Max Length -> BOOT_LOADER2 -> 2112
[2026-08-01 02:33:02:842][Config      ][3 - Information] Get Section: BMFileType.ini -> Max Length -> ReadFlash -> 0x3000
[2026-08-01 02:33:02:842][Config      ][3 - Information] Get Section: BMFileType.ini -> Max Length -> ReadFlash2 -> 0x3000
[2026-08-01 02:33:02:842][Config      ][3 - Information] Get Section: BMFileType.ini -> Max Length -> ReadFlashAndSave -> 0x3000
[2026-08-01 02:33:02:842][Config      ][3 - Information] Get Section: BMFileType.ini -> Max Length -> ReadFlashAndSave2 -> 0x3000
[2026-08-01 02:33:02:842][Config      ][3 - Information] Get Section: BMFileType.ini -> Max Length -> NV_NAND -> 0x800
[2026-08-01 02:33:02:842][Config      ][3 - Information] Get Section: BMFileType.ini -> Max Length -> NAND_FDL_OPT -> 0x840
[2026-08-01 02:33:02:842][Config      ][3 - Information] Get Section: BMFileType.ini -> Max Length -> ReadSN -> 0x1000
[2026-08-01 02:33:02:842][Config      ][3 - Information] Get Section: BMFileType.ini -> Max Length -> UDISK_IMG -> 0x800
[2026-08-01 02:33:02:842][Config      ][3 - Information] Get Section: BMFileType.ini -> Max Length -> CHIP_DSP -> 0x800
[2026-08-01 02:33:02:842][Config      ][3 - Information] Get Section: BMFileType.ini -> Max Length -> UBOOT_LOADER -> 0x800
[2026-08-01 02:33:02:842][Config      ][3 - Information] Get Section: BMFileType.ini -> Max Length -> UBOOT_LOADER2 -> 0x800
[2026-08-01 02:33:02:842][Config      ][3 - Information] Get Section: BMFileType.ini -> Max Length -> YAFFS_IMG -> 0x3180
[2026-08-01 02:33:02:842][Config      ][3 - Information] Get Section: BMFileType.ini -> Max Length -> YAFFS_IMG2 -> 0xA000
[2026-08-01 02:33:02:842][Config      ][3 - Information] Get Section: BMFileType.ini -> Max Length -> ReadPartitionInfo -> 0x3000
[2026-08-01 02:33:02:842][Config      ][3 - Information] Get Section: BMFileType.ini -> Max Length -> FDL2_64 -> 0x840
[2026-08-01 02:33:02:842][Config      ][3 - Information] Get Section: BMFileType.ini -> Max Length -> NAND_FDL_64 -> 0x840
[2026-08-01 02:33:02:842][Config      ][3 - Information] Get Section: BMFileType.ini -> Max Length -> CODE2_64 -> 0xE000
[2026-08-01 02:33:02:842][Config      ][3 - Information] Get Section: BMFileType.ini -> Max Length -> YAFFS_IMG2_64 -> 0xE000
[2026-08-01 02:33:02:842][Config      ][3 - Information] Get Section: BMFileType.ini -> Max Length -> ReadFlashAndSave2_64 -> 0xE000
[2026-08-01 02:33:02:842][Config      ][3 - Information] Get Section: BMFileType.ini -> Max Length -> Download -> 0xFC00
[2026-08-01 02:33:02:842][Config      ][3 - Information] Get Section: BMFileType.ini -> Repartition -> 1 -> Repartition
[2026-08-01 02:33:02:842][Config      ][3 - Information] Get Section: BMFileType.ini -> ReadFlashBeforeRepartition -> strategy -> 0
[2026-08-01 02:33:02:842][Config      ][3 - Information] Get Section: BMFileType.ini -> ReadDUTInfo -> PartitionName -> uboot
[2026-08-01 02:33:02:842][Config      ][3 - Information] Get Section: BMFileType.ini -> ReadDUTInfo -> MaxReadLength -> 0x100000
[2026-08-01 02:33:02:842][Config      ][3 - Information] Get Section: BMFileType.ini -> ReadDUTInfo -> CheckMatchPolicy -> 0
[2026-08-01 02:33:02:842][Config      ][3 - Information] Get Section: BMFileType.ini -> ReadDUTInfo -> EnableWriteFlash -> 0
[2026-08-01 02:33:02:842][Config      ][3 - Information] Get Section: BMFileType.ini -> DownloadNV -> CheckNVTimes -> 3
[2026-08-01 02:33:02:842][Config      ][3 - Information] Get Section: BMFileType.ini -> DownloadNV -> MaxReadLength -> 0x100000
[2026-08-01 02:33:02:842][Config      ][3 - Information] Get Section: BMFileType.ini -> DownloadNV -> GSMCaliVaPolicy -> 2
[2026-08-01 02:33:02:843][Config      ][3 - Information] Get Section: BMFileType.ini -> ChipDSPMap -> 0x8850A002 -> 8800S2A_3200B0_DM_DSP.bin
[2026-08-01 02:33:02:843][Config      ][3 - Information] Get Section: BMFileType.ini -> ChipDSPMap -> 0x8850A007 -> 8800S3B_3200B0_DM_DSP.bin
[2026-08-01 02:33:02:843][Config      ][3 - Information] Get Section: BMFileType.ini -> IMEI_ID -> IMEI2 -> 0x179
[2026-08-01 02:33:02:843][Config      ][3 - Information] Get Section: BMFileType.ini -> IMEI_ID -> IMEI3 -> 0x186
[2026-08-01 02:33:02:843][Config      ][3 - Information] Get Section: BMFileType.ini -> IMEI_ID -> IMEI4 -> 0x1E4
[2026-08-01 02:33:02:843][Config      ][3 - Information] Get Section: BMFileType.ini -> MultiLangs -> 1 -> English
[2026-08-01 02:33:02:843][Config      ][3 - Information] Get Section: BMFileType.ini -> MultiLangs -> 2 -> SimpleChinese
[2026-08-01 02:33:02:843][Config      ][3 - Information] Get Section: BMFileType.ini -> MultiLangs -> 3 -> TraditionalChinese
[2026-08-01 02:33:02:843][Config      ][3 - Information] Get Section: BMFileType.ini -> MultiLangs -> 4 -> Arabic
[2026-08-01 02:33:02:843][Config      ][3 - Information] Get Section: BMFileType.ini -> MultiLangs -> 5 -> french
[2026-08-01 02:33:02:843][Config      ][3 - Information] Get Section: BMFileType.ini -> MultiLangs -> 6 -> Hindi
[2026-08-01 02:33:02:843][Config      ][3 - Information] Get Section: BMFileType.ini -> MultiLangs -> 7 -> Hungarian
[2026-08-01 02:33:02:843][Config      ][3 - Information] Get Section: BMFileType.ini -> MultiLangs -> 8 -> Indonesian
[2026-08-01 02:33:02:843][Config      ][3 - Information] Get Section: BMFileType.ini -> MultiLangs -> 9 -> Malay
[2026-08-01 02:33:02:843][Config      ][3 - Information] Get Section: BMFileType.ini -> MultiLangs -> 10 -> Portuguese
[2026-08-01 02:33:02:843][Config      ][3 - Information] Get Section: BMFileType.ini -> MultiLangs -> 11 -> Russian
[2026-08-01 02:33:02:843][Config      ][3 - Information] Get Section: BMFileType.ini -> MultiLangs -> 12 -> Spanish
[2026-08-01 02:33:02:843][Config      ][3 - Information] Get Section: BMFileType.ini -> MultiLangs -> 13 -> Tagalog
[2026-08-01 02:33:02:843][Config      ][3 - Information] Get Section: BMFileType.ini -> MultiLangs -> 14 -> Thai
[2026-08-01 02:33:02:843][Config      ][3 - Information] Get Section: BMFileType.ini -> MultiLangs -> 15 -> Vietnamese
[2026-08-01 02:33:02:843][Config      ][3 - Information] Get Section: BMFileType.ini -> MultiLangs -> 16 -> Urdu
[2026-08-01 02:33:02:843][Config      ][3 - Information] Get Section: BMFileType.ini -> MultiLangs -> 17 -> Italian
[2026-08-01 02:33:02:843][Config      ][3 - Information] Get Section: BMFileType.ini -> MultiLangs -> 18 -> Persian
[2026-08-01 02:33:02:843][Config      ][3 - Information] Get Section: BMFileType.ini -> MultiLangs -> 19 -> Turkish
[2026-08-01 02:33:02:843][Config      ][3 - Information] Get Section: BMFileType.ini -> MultiLangs -> 20 -> German
[2026-08-01 02:33:02:843][Config      ][3 - Information] Get Section: BMFileType.ini -> MultiLangs -> 21 -> Greek
[2026-08-01 02:33:02:843][Config      ][3 - Information] Get Section: BMFileType.ini -> MultiLangs -> 22 -> Hebrew
[2026-08-01 02:33:02:843][Config      ][3 - Information] Get Section: BMFileType.ini -> MultiLangs -> 23 -> Bengali
[2026-08-01 02:33:02:843][Config      ][3 - Information] Get Section: BMFileType.ini -> MultiLangs -> 24 -> Czech
[2026-08-01 02:33:02:843][Config      ][3 - Information] Get Section: BMFileType.ini -> MultiLangs -> 25 -> Slovenian
[2026-08-01 02:33:02:843][Config      ][3 - Information] Get Section: BMFileType.ini -> MultiLangs -> 26 -> Romanian
[2026-08-01 02:33:02:843][Config      ][3 - Information] Get Section: BMFileType.ini -> MultiLangs -> 27 -> Telugu
[2026-08-01 02:33:02:843][Config      ][3 - Information] Get Section: BMFileType.ini -> MultiLangs -> 28 -> Marathi
[2026-08-01 02:33:02:843][Config      ][3 - Information] Get Section: BMFileType.ini -> MultiLangs -> 29 -> Tamil
[2026-08-01 02:33:02:843][Config      ][3 - Information] Get Section: BMFileType.ini -> MultiLangs -> 30 -> Gujarati
[2026-08-01 02:33:02:843][Config      ][3 - Information] Get Section: BMFileType.ini -> MultiLangs -> 31 -> Kannada
[2026-08-01 02:33:02:843][Config      ][3 - Information] Get Section: BMFileType.ini -> MultiLangs -> 32 -> Malayalam
[2026-08-01 02:33:02:843][Config      ][3 - Information] Get Section: BMFileType.ini -> MultiLangs -> 33 -> Oriya
[2026-08-01 02:33:02:843][Config      ][3 - Information] Get Section: BMFileType.ini -> MultiLangs -> 34 -> Punjabi
[2026-08-01 02:33:02:843][Config      ][3 - Information] Get Section: BMFileType.ini -> MultiLangs -> 35 -> Afrikanns
[2026-08-01 02:33:02:843][Config      ][3 - Information] Get Section: BMFileType.ini -> MultiLangs -> 36 -> Albanian
[2026-08-01 02:33:02:843][Config      ][3 - Information] Get Section: BMFileType.ini -> MultiLangs -> 37 -> Armenian
[2026-08-01 02:33:02:843][Config      ][3 - Information] Get Section: BMFileType.ini -> MultiLangs -> 38 -> Azerbaijani
[2026-08-01 02:33:02:843][Config      ][3 - Information] Get Section: BMFileType.ini -> MultiLangs -> 39 -> Basque
[2026-08-01 02:33:02:843][Config      ][3 - Information] Get Section: BMFileType.ini -> MultiLangs -> 40 -> Bulgarian
[2026-08-01 02:33:02:843][Config      ][3 - Information] Get Section: BMFileType.ini -> MultiLangs -> 41 -> Catalan
[2026-08-01 02:33:02:843][Config      ][3 - Information] Get Section: BMFileType.ini -> MultiLangs -> 42 -> Croatian
[2026-08-01 02:33:02:843][Config      ][3 - Information] Get Section: BMFileType.ini -> MultiLangs -> 43 -> Danish
[2026-08-01 02:33:02:843][Config      ][3 - Information] Get Section: BMFileType.ini -> MultiLangs -> 44 -> Dutch
[2026-08-01 02:33:02:843][Config      ][3 - Information] Get Section: BMFileType.ini -> MultiLangs -> 45 -> Estonian
[2026-08-01 02:33:02:843][Config      ][3 - Information] Get Section: BMFileType.ini -> MultiLangs -> 46 -> Filipino
[2026-08-01 02:33:02:843][Config      ][3 - Information] Get Section: BMFileType.ini -> MultiLangs -> 47 -> Finnish
[2026-08-01 02:33:02:843][Config      ][3 - Information] Get Section: BMFileType.ini -> MultiLangs -> 48 -> Galician
[2026-08-01 02:33:02:843][Config      ][3 - Information] Get Section: BMFileType.ini -> MultiLangs -> 49 -> Georgian
[2026-08-01 02:33:02:843][Config      ][3 - Information] Get Section: BMFileType.ini -> MultiLangs -> 50 -> Hausa
[2026-08-01 02:33:02:843][Config      ][3 - Information] Get Section: BMFileType.ini -> MultiLangs -> 51 -> Icelandic
[2026-08-01 02:33:02:843][Config      ][3 - Information] Get Section: BMFileType.ini -> MultiLangs -> 52 -> Igbo
[2026-08-01 02:33:02:843][Config      ][3 - Information] Get Section: BMFileType.ini -> MultiLangs -> 53 -> Irish
[2026-08-01 02:33:02:843][Config      ][3 - Information] Get Section: BMFileType.ini -> MultiLangs -> 54 -> Kazakh
[2026-08-01 02:33:02:843][Config      ][3 - Information] Get Section: BMFileType.ini -> MultiLangs -> 55 -> Latvian
[2026-08-01 02:33:02:843][Config      ][3 - Information] Get Section: BMFileType.ini -> MultiLangs -> 56 -> Lithuanian
[2026-08-01 02:33:02:843][Config      ][3 - Information] Get Section: BMFileType.ini -> MultiLangs -> 57 -> Macedonian
[2026-08-01 02:33:02:843][Config      ][3 - Information] Get Section: BMFileType.ini -> MultiLangs -> 58 -> Moldovan
[2026-08-01 02:33:02:843][Config      ][3 - Information] Get Section: BMFileType.ini -> MultiLangs -> 59 -> Norwegian
[2026-08-01 02:33:02:843][Config      ][3 - Information] Get Section: BMFileType.ini -> MultiLangs -> 60 -> Polish
[2026-08-01 02:33:02:843][Config      ][3 - Information] Get Section: BMFileType.ini -> MultiLangs -> 61 -> Serbian
[2026-08-01 02:33:02:843][Config      ][3 - Information] Get Section: BMFileType.ini -> MultiLangs -> 62 -> Sesotho
[2026-08-01 02:33:02:843][Config      ][3 - Information] Get Section: BMFileType.ini -> MultiLangs -> 63 -> Slovak
[2026-08-01 02:33:02:843][Config      ][3 - Information] Get Section: BMFileType.ini -> MultiLangs -> 64 -> Swedish
[2026-08-01 02:33:02:843][Config      ][3 - Information] Get Section: BMFileType.ini -> MultiLangs -> 65 -> Ukrainian
[2026-08-01 02:33:02:843][Config      ][3 - Information] Get Section: BMFileType.ini -> MultiLangs -> 66 -> Yoruba
[2026-08-01 02:33:02:843][Config      ][3 - Information] Get Section: BMFileType.ini -> AT_REBOOT_SETTING -> ATPort -> Spreadtrum Control Port,SPRD AT,SPRD LTE AT,UNISOC AT PORT
[2026-08-01 02:33:02:843][Config      ][3 - Information] Get Section: BMFileType.ini -> AT_REBOOT_SETTING -> DLPort -> SPRD U2S Diag,SCI USB2Serial,SCI Anroid USB2Serial,SCI Android USB2Serial,USB Serial Port,Prolific USB-to-Serial Comm Port,UNISOC DIAG PORT
[2026-08-01 02:33:02:843][Config      ][3 - Information] Get Section: BMFileType.ini -> AT_REBOOT_SETTING -> AT_BaudRate -> 115200
[2026-08-01 02:33:02:843][Config      ][3 - Information] Get Section: BMFileType.ini -> Misc -> DoCheckSum -> 0
[2026-08-01 02:33:02:843][Config      ][3 - Information] Get Section: BMFileType.ini -> Misc -> SupportZroPkg -> 1
[2026-08-01 02:33:02:843][Config      ][3 - Information] Get Section: BMFileType.ini -> Misc -> SupportUnTransCode -> 1
[2026-08-01 02:33:02:843][Config      ][3 - Information] Get Section: BMFileType.ini -> Misc -> NeedCheckOldMemory -> 0
[2026-08-01 02:33:02:843][Config      ][3 - Information] Get Section: BMFileType.ini -> Misc -> CheckRegModify -> 1
[2026-08-01 02:33:02:843][Config      ][3 - Information] Get Section: BMFileType.ini -> Misc -> CheckEmmcPartition -> 1
[2026-08-01 02:33:02:843][Config      ][3 - Information] Get Section: BMFileType.ini -> Misc -> CheckRpmbWritten -> 1
[2026-08-01 02:33:02:843][Config      ][3 - Information] Get Section: BMFileType.ini -> Misc -> StopDownloadIfOldMemory -> 0
[2026-08-01 02:33:02:843][Config      ][3 - Information] Get Section: BMFileType.ini -> Misc -> GenCrcCfgFile -> 0
[2026-08-01 02:33:02:843][Config      ][3 - Information] Get Section: BMFileType.ini -> Misc -> EnableCrcCfgCheck -> 0
[2026-08-01 02:33:02:843][Config      ][3 - Information] Get Section: BMFileType.ini -> CheckSecondHandMemory -> Time -> 24
[2026-08-01 02:33:02:843][Config      ][3 - Information] Get Section: BMFileType.ini -> DownloadBySparse2Raw -> CheckSparse2Raw -> 0
[2026-08-01 02:33:02:843][Config      ][3 - Information] Get Section: BMFileType.ini -> DownloadByPoweroff -> DownloadByPoweroff -> 0
[2026-08-01 02:33:02:843][Config      ][3 - Information] Get Section: BMFileType.ini -> WatchDog -> WatchDog -> 0
[2026-08-01 02:33:02:843][Config      ][3 - Information] Get Section: BMFileType.ini -> WatchDog -> WatchDogTime -> 150000
[2026-08-01 02:33:02:843][Config      ][3 - Information] Get Section: BMFileType.ini -> PacketPool -> MaxEscapePacketNum -> 25
[2026-08-01 02:33:02:843][Config      ][3 - Information] Get Section: BMFileType.ini -> PacketPool -> MaxEscapePacketLen -> 3145744
[2026-08-01 02:33:02:843][Config      ][3 - Information] Default String: BMFileType.ini -> Misc -> CrcFile -> 
[2026-08-01 02:33:02:843][Config      ][3 - Information] Get Section: BinPack.ini -> Setting -> MaxDataLength -> 50
[2026-08-01 02:33:02:843][Config      ][3 - Information] Get Section: BinPack.ini -> Setting -> LoadPolicy -> 0
[2026-08-01 02:33:02:843][Config      ][3 - Information] Get Section: MCPType.ini -> MCPSetting -> CheckMCPType -> 0
[2026-08-01 02:33:02:843][Config      ][3 - Information] Get Section: MCPType.ini -> MCPSetting -> MCPTypeRange -> 2CB39066-64000000
[2026-08-01 02:33:02:844][Config      ][3 - Information] Get Section: MCPType.ini -> MCPTypeList -> 2CB39066-64000000 -> -4kpage-224oob
[2026-08-01 02:33:02:844][Config      ][3 - Information] Get String: DLFramework.ini -> PortHound -> StartIntervalTime -> 500
[2026-08-01 02:33:02:844][Config      ][3 - Information] Get Section: MCPType.ini -> MCPTypeList -> 2CB39066-64000000 -> -4kpage-224oob
[2026-08-01 02:33:02:844][Config      ][3 - Information] Get Section: BMFileType.ini -> MultiLangs -> 1 -> English
[2026-08-01 02:33:02:844][Config      ][3 - Information] Get Section: BMFileType.ini -> MultiLangs -> 2 -> SimpleChinese
[2026-08-01 02:33:02:844][Config      ][3 - Information] Get Section: BMFileType.ini -> MultiLangs -> 3 -> TraditionalChinese
[2026-08-01 02:33:02:844][Config      ][3 - Information] Get Section: BMFileType.ini -> MultiLangs -> 4 -> Arabic
[2026-08-01 02:33:02:844][Config      ][3 - Information] Get Section: BMFileType.ini -> MultiLangs -> 5 -> french
[2026-08-01 02:33:02:844][Config      ][3 - Information] Get Section: BMFileType.ini -> MultiLangs -> 6 -> Hindi
[2026-08-01 02:33:02:844][Config      ][3 - Information] Get Section: BMFileType.ini -> MultiLangs -> 7 -> Hungarian
[2026-08-01 02:33:02:844][Config      ][3 - Information] Get Section: BMFileType.ini -> MultiLangs -> 8 -> Indonesian
[2026-08-01 02:33:02:844][Config      ][3 - Information] Get Section: BMFileType.ini -> MultiLangs -> 9 -> Malay
[2026-08-01 02:33:02:844][Config      ][3 - Information] Get Section: BMFileType.ini -> MultiLangs -> 10 -> Portuguese
[2026-08-01 02:33:02:844][Config      ][3 - Information] Get Section: BMFileType.ini -> MultiLangs -> 11 -> Russian
[2026-08-01 02:33:02:844][Config      ][3 - Information] Get Section: BMFileType.ini -> MultiLangs -> 12 -> Spanish
[2026-08-01 02:33:02:844][Config      ][3 - Information] Get Section: BMFileType.ini -> MultiLangs -> 13 -> Tagalog
[2026-08-01 02:33:02:844][Config      ][3 - Information] Get Section: BMFileType.ini -> MultiLangs -> 14 -> Thai
[2026-08-01 02:33:02:844][Config      ][3 - Information] Get Section: BMFileType.ini -> MultiLangs -> 15 -> Vietnamese
[2026-08-01 02:33:02:844][Config      ][3 - Information] Get Section: BMFileType.ini -> MultiLangs -> 16 -> Urdu
[2026-08-01 02:33:02:844][Config      ][3 - Information] Get Section: BMFileType.ini -> MultiLangs -> 17 -> Italian
[2026-08-01 02:33:02:844][Config      ][3 - Information] Get Section: BMFileType.ini -> MultiLangs -> 18 -> Persian
[2026-08-01 02:33:02:844][Config      ][3 - Information] Get Section: BMFileType.ini -> MultiLangs -> 19 -> Turkish
[2026-08-01 02:33:02:844][Config      ][3 - Information] Get Section: BMFileType.ini -> MultiLangs -> 20 -> German
[2026-08-01 02:33:02:844][Config      ][3 - Information] Get Section: BMFileType.ini -> MultiLangs -> 21 -> Greek
[2026-08-01 02:33:02:844][Config      ][3 - Information] Get Section: BMFileType.ini -> MultiLangs -> 22 -> Hebrew
[2026-08-01 02:33:02:844][Config      ][3 - Information] Get Section: BMFileType.ini -> MultiLangs -> 23 -> Bengali
[2026-08-01 02:33:02:844][Config      ][3 - Information] Get Section: BMFileType.ini -> MultiLangs -> 24 -> Czech
[2026-08-01 02:33:02:844][Config      ][3 - Information] Get Section: BMFileType.ini -> MultiLangs -> 25 -> Slovenian
[2026-08-01 02:33:02:844][Config      ][3 - Information] Get Section: BMFileType.ini -> MultiLangs -> 26 -> Romanian
[2026-08-01 02:33:02:844][Config      ][3 - Information] Get Section: BMFileType.ini -> MultiLangs -> 27 -> Telugu
[2026-08-01 02:33:02:844][Config      ][3 - Information] Get Section: BMFileType.ini -> MultiLangs -> 28 -> Marathi
[2026-08-01 02:33:02:844][Config      ][3 - Information] Get Section: BMFileType.ini -> MultiLangs -> 29 -> Tamil
[2026-08-01 02:33:02:844][Config      ][3 - Information] Get Section: BMFileType.ini -> MultiLangs -> 30 -> Gujarati
[2026-08-01 02:33:02:844][Config      ][3 - Information] Get Section: BMFileType.ini -> MultiLangs -> 31 -> Kannada
[2026-08-01 02:33:02:844][Config      ][3 - Information] Get Section: BMFileType.ini -> MultiLangs -> 32 -> Malayalam
[2026-08-01 02:33:02:844][Config      ][3 - Information] Get Section: BMFileType.ini -> MultiLangs -> 33 -> Oriya
[2026-08-01 02:33:02:844][Config      ][3 - Information] Get Section: BMFileType.ini -> MultiLangs -> 34 -> Punjabi
[2026-08-01 02:33:02:844][Config      ][3 - Information] Get Section: BMFileType.ini -> MultiLangs -> 35 -> Afrikanns
[2026-08-01 02:33:02:844][Config      ][3 - Information] Get Section: BMFileType.ini -> MultiLangs -> 36 -> Albanian
[2026-08-01 02:33:02:844][Config      ][3 - Information] Get Section: BMFileType.ini -> MultiLangs -> 37 -> Armenian
[2026-08-01 02:33:02:844][Config      ][3 - Information] Get Section: BMFileType.ini -> MultiLangs -> 38 -> Azerbaijani
[2026-08-01 02:33:02:844][Config      ][3 - Information] Get Section: BMFileType.ini -> MultiLangs -> 39 -> Basque
[2026-08-01 02:33:02:844][Config      ][3 - Information] Get Section: BMFileType.ini -> MultiLangs -> 40 -> Bulgarian
[2026-08-01 02:33:02:844][Config      ][3 - Information] Get Section: BMFileType.ini -> MultiLangs -> 41 -> Catalan
[2026-08-01 02:33:02:844][Config      ][3 - Information] Get Section: BMFileType.ini -> MultiLangs -> 42 -> Croatian
[2026-08-01 02:33:02:844][Config      ][3 - Information] Get Section: BMFileType.ini -> MultiLangs -> 43 -> Danish
[2026-08-01 02:33:02:844][Config      ][3 - Information] Get Section: BMFileType.ini -> MultiLangs -> 44 -> Dutch
[2026-08-01 02:33:02:844][Config      ][3 - Information] Get Section: BMFileType.ini -> MultiLangs -> 45 -> Estonian
[2026-08-01 02:33:02:844][Config      ][3 - Information] Get Section: BMFileType.ini -> MultiLangs -> 46 -> Filipino
[2026-08-01 02:33:02:844][Config      ][3 - Information] Get Section: BMFileType.ini -> MultiLangs -> 47 -> Finnish
[2026-08-01 02:33:02:844][Config      ][3 - Information] Get Section: BMFileType.ini -> MultiLangs -> 48 -> Galician
[2026-08-01 02:33:02:844][Config      ][3 - Information] Get Section: BMFileType.ini -> MultiLangs -> 49 -> Georgian
[2026-08-01 02:33:02:844][Config      ][3 - Information] Get Section: BMFileType.ini -> MultiLangs -> 50 -> Hausa
[2026-08-01 02:33:02:844][Config      ][3 - Information] Get Section: BMFileType.ini -> MultiLangs -> 51 -> Icelandic
[2026-08-01 02:33:02:844][Config      ][3 - Information] Get Section: BMFileType.ini -> MultiLangs -> 52 -> Igbo
[2026-08-01 02:33:02:844][Config      ][3 - Information] Get Section: BMFileType.ini -> MultiLangs -> 53 -> Irish
[2026-08-01 02:33:02:844][Config      ][3 - Information] Get Section: BMFileType.ini -> MultiLangs -> 54 -> Kazakh
[2026-08-01 02:33:02:844][Config      ][3 - Information] Get Section: BMFileType.ini -> MultiLangs -> 55 -> Latvian
[2026-08-01 02:33:02:844][Config      ][3 - Information] Get Section: BMFileType.ini -> MultiLangs -> 56 -> Lithuanian
[2026-08-01 02:33:02:844][Config      ][3 - Information] Get Section: BMFileType.ini -> MultiLangs -> 57 -> Macedonian
[2026-08-01 02:33:02:844][Config      ][3 - Information] Get Section: BMFileType.ini -> MultiLangs -> 58 -> Moldovan
[2026-08-01 02:33:02:844][Config      ][3 - Information] Get Section: BMFileType.ini -> MultiLangs -> 59 -> Norwegian
[2026-08-01 02:33:02:844][Config      ][3 - Information] Get Section: BMFileType.ini -> MultiLangs -> 60 -> Polish
[2026-08-01 02:33:02:844][Config      ][3 - Information] Get Section: BMFileType.ini -> MultiLangs -> 61 -> Serbian
[2026-08-01 02:33:02:844][Config      ][3 - Information] Get Section: BMFileType.ini -> MultiLangs -> 62 -> Sesotho
[2026-08-01 02:33:02:844][Config      ][3 - Information] Get Section: BMFileType.ini -> MultiLangs -> 63 -> Slovak
[2026-08-01 02:33:02:844][Config      ][3 - Information] Get Section: BMFileType.ini -> MultiLangs -> 64 -> Swedish
[2026-08-01 02:33:02:844][Config      ][3 - Information] Get Section: BMFileType.ini -> MultiLangs -> 65 -> Ukrainian
[2026-08-01 02:33:02:844][Config      ][3 - Information] Get Section: BMFileType.ini -> MultiLangs -> 66 -> Yoruba
[2026-08-01 02:33:02:844][DLFramework ][3 - Information] [ LEAVE ] <- LoadSetting( )
[2026-08-01 02:33:02:844][DevMoniter  ][3 - Information] Device Moniter Start
[2026-08-01 02:33:02:851][DevMoniter  ][3 - Information] Insert Device( Port:1, Name:Communications Port, Path:ACPI(_SB_)#ACPI(PC00)#ACPI(LPCB)#ACPI(UAR1) )
[2026-08-01 02:33:02:851][DevMoniter  ][1 - Error      ] The identified for PC Port is 1, and the configured Port is 31
[2026-08-01 02:33:02:851][DevMoniter  ][3 - Information] Insert Device( Port:2, Name:Communications Port, Path:ACPI(_SB_)#ACPI(PC00)#ACPI(LPCB)#ACPI(UAR2) )
[2026-08-01 02:33:02:851][DevMoniter  ][1 - Error      ] The identified for PC Port is 2, and the configured Port is 31
[2026-08-01 02:33:02:851][DevMoniter  ][3 - Information] Insert Device( Port:3, Name:Communications Port, Path:ACPI(_SB_)#ACPI(PC00)#ACPI(LPCB)#ACPI(UAR3) )
[2026-08-01 02:33:02:851][DevMoniter  ][1 - Error      ] The identified for PC Port is 3, and the configured Port is 31
[2026-08-01 02:33:02:851][DevMoniter  ][3 - Information] Insert Device( Port:4, Name:Communications Port, Path:ACPI(_SB_)#ACPI(PC00)#ACPI(LPCB)#ACPI(UAR4) )
[2026-08-01 02:33:02:851][DevMoniter  ][1 - Error      ] The identified for PC Port is 4, and the configured Port is 31
[2026-08-01 02:33:02:851][DevMoniter  ][3 - Information] Insert Device( Port:5, Name:Communications Port, Path:ACPI(_SB_)#ACPI(PC00)#ACPI(LPCB)#ACPI(UAR5) )
[2026-08-01 02:33:02:851][DevMoniter  ][1 - Error      ] The identified for PC Port is 5, and the configured Port is 31
[2026-08-01 02:33:02:851][DevMoniter  ][3 - Information] Insert Device( Port:6, Name:Communications Port, Path:ACPI(_SB_)#ACPI(PC00)#ACPI(LPCB)#ACPI(UAR6) )
[2026-08-01 02:33:02:851][DevMoniter  ][1 - Error      ] The identified for PC Port is 6, and the configured Port is 31
[2026-08-01 02:33:02:851][DevMoniter  ][3 - Information] Insert Device( Port:7, Name:Intel(R) Active Management Technology - SOL, Path:PCIROOT(0)#PCI(1603) )
[2026-08-01 02:33:02:851][DevMoniter  ][1 - Error      ] The identified for PC Port is 7, and the configured Port is 31
[2026-08-01 02:33:02:851][DevMoniter  ][3 - Information] Insert Device( Port:8, Name:USB-SERIAL CH340, Path:PCIROOT(0)#PCI(1400)#USBROOT(0)#USB(6)#USB(1)#USB(1) )
[2026-08-01 02:33:02:851][DevMoniter  ][1 - Error      ] The identified for PC Port is 8, and the configured Port is 31
[2026-08-01 02:33:02:851][DevMoniter  ][3 - Information] Insert Device( Port:9, Name:USB-SERIAL CH340, Path:PCIROOT(0)#PCI(1400)#USBROOT(0)#USB(6)#USB(1)#USB(2) )
[2026-08-01 02:33:02:851][DevMoniter  ][1 - Error      ] The identified for PC Port is 9, and the configured Port is 31
[2026-08-01 02:33:02:851][DevMoniter  ][3 - Information] Insert Device( Port:12, Name:USB Serial Device, Path:PCIROOT(0)#PCI(1400)#USBROOT(0)#USB(12)#USB(1)#USB(2) )
[2026-08-01 02:33:02:851][DevMoniter  ][1 - Error      ] The identified for PC Port is 12, and the configured Port is 31
[2026-08-01 02:33:02:851][DevMoniter  ][3 - Information] Insert Device( Port:13, Name:USB Serial Device, Path:PCIROOT(0)#PCI(1400)#USBROOT(0)#USB(12)#USB(1)#USB(1) )
[2026-08-01 02:33:02:851][DevMoniter  ][1 - Error      ] The identified for PC Port is 13, and the configured Port is 31
[2026-08-01 02:33:02:851][DevMoniter  ][3 - Information] Insert Device( Port:14, Name:USB-SERIAL CH340, Path:PCIROOT(0)#PCI(1400)#USBROOT(0)#USB(12)#USB(1)#USB(4) )
[2026-08-01 02:33:02:851][DevMoniter  ][1 - Error      ] The identified for PC Port is 14, and the configured Port is 31
[2026-08-01 02:33:02:851][DevMoniter  ][3 - Information] Insert Device( Port:15, Name:USB-SERIAL CH340, Path:PCIROOT(0)#PCI(1400)#USBROOT(0)#USB(6)#USB(4) )
[2026-08-01 02:33:02:851][DevMoniter  ][1 - Error      ] The identified for PC Port is 15, and the configured Port is 31
[2026-08-01 02:33:02:851][DevMoniter  ][3 - Information] Insert Device( Port:16, Name:Neoway USB NMEA, Path:PCIROOT(0)#PCI(1400)#USBROOT(0)#USB(3)#USBMI(3) )
[2026-08-01 02:33:02:851][DevMoniter  ][1 - Error      ] The identified for PC Port is 16, and the configured Port is 31
[2026-08-01 02:33:02:851][DevMoniter  ][3 - Information] Insert Device( Port:17, Name:Neoway USB CP_TRACE, Path:PCIROOT(0)#PCI(1400)#USBROOT(0)#USB(3)#USBMI(7) )
[2026-08-01 02:33:02:851][DevMoniter  ][1 - Error      ] The identified for PC Port is 17, and the configured Port is 31
[2026-08-01 02:33:02:851][DevMoniter  ][3 - Information] Insert Device( Port:18, Name:Neoway USB Modem, Path:PCIROOT(0)#PCI(1400)#USBROOT(0)#USB(3)#USBMI(2) )
[2026-08-01 02:33:02:851][DevMoniter  ][1 - Error      ] The identified for PC Port is 18, and the configured Port is 31
[2026-08-01 02:33:02:851][DevMoniter  ][3 - Information] Insert Device( Port:19, Name:Neoway USB OPEN_CON, Path:PCIROOT(0)#PCI(1400)#USBROOT(0)#USB(3)#USBMI(8) )
[2026-08-01 02:33:02:851][DevMoniter  ][1 - Error      ] The identified for PC Port is 19, and the configured Port is 31
[2026-08-01 02:33:02:851][DevMoniter  ][3 - Information] Insert Device( Port:20, Name:Neoway USB DIAG, Path:PCIROOT(0)#PCI(1400)#USBROOT(0)#USB(3)#USBMI(5) )
[2026-08-01 02:33:02:851][DevMoniter  ][1 - Error      ] The identified for PC Port is 20, and the configured Port is 31
[2026-08-01 02:33:02:851][DevMoniter  ][3 - Information] Insert Device( Port:21, Name:Neoway USB AP_TRACE, Path:PCIROOT(0)#PCI(1400)#USBROOT(0)#USB(3)#USBMI(6) )
[2026-08-01 02:33:02:851][DevMoniter  ][1 - Error      ] The identified for PC Port is 21, and the configured Port is 31
[2026-08-01 02:33:02:851][DevMoniter  ][3 - Information] Insert Device( Port:22, Name:Neoway USB AT, Path:PCIROOT(0)#PCI(1400)#USBROOT(0)#USB(3)#USBMI(4) )
[2026-08-01 02:33:02:851][DevMoniter  ][1 - Error      ] The identified for PC Port is 22, and the configured Port is 31
[2026-08-01 02:33:02:851][DevMoniter  ][3 - Information] Insert Device( Port:31, Name:SPRD U2S Diag, Path:PCIROOT(0)#PCI(1400)#USBROOT(0)#USB(11) )
[2026-08-01 02:33:02:851][DevMoniter  ][3 - Information] Port31 is download port.
[2026-08-01 02:33:03:352][DLFramework ][3 - Information] Packet Path : D:\River\DTU_FCT\Info\Configuration\PAC_File_path\RX01_N58_App_v1.0.0.pac
[2026-08-01 02:33:03:352][DLFramework ][3 - Information] Unpack Dir : D:\River\DTU_FCT\EXEs\RESEARCHDOWNLOAD_R22.19.1701_DUT1\Bin\ImageFiles
[2026-08-01 02:33:03:353][DLFramework ][3 - Information] Open( D:\River\DTU_FCT\Info\Configuration\PAC_File_path\RX01_N58_App_v1.0.0.pac )
[2026-08-01 02:33:03:353][DLFramework ][3 - Information] Unpacket( D:\River\DTU_FCT\Info\Configuration\PAC_File_path\RX01_N58_App_v1.0.0.pac )
